index,time_ms,time_realtime_ms,time_monotonic_ms,ros_timestamp,left_hand_q_0,left_hand_q_1,left_hand_q_2,left_hand_q_3,left_hand_q_4,left_hand_q_5,left_hand_q_6
0,0.000,1786880254452.642,15042270.577,0.000000000,-0.007182345,0.146618620,0.074269108,-0.033735029,-0.039645195,-0.034291927,-0.039538089
1,19.994,1786880254472.636,15042290.571,0.000000000,-0.007182534,0.144705966,0.076088853,-0.035665147,-0.041495059,-0.035944868,-0.041347213
2,39.993,1786880254492.635,15042310.571,0.000000000,-0.007894278,0.146430060,0.089457922,-0.046269085,-0.051881600,-0.046140201,-0.051673371
3,59.994,1786880254512.636,15042330.571,0.000000000,-0.008037142,0.146231547,0.110204481,-0.063325100,-0.068938129,-0.062962189,-0.068695210
4,79.998,1786880254532.640,15042350.575,0.000000000,-0.008020741,0.142914712,0.134969935,-0.085072726,-0.090845034,-0.084942639,-0.090636551
5,100.008,1786880254552.650,15042370.585,0.000000000,-0.007993732,0.137185931,0.162613332,-0.110391662,-0.116300292,-0.110752985,-0.116164975
6,120.028,1786880254572.670,15042390.605,0.000000000,-0.007967656,0.129544109,0.192295507,-0.138081029,-0.144295841,-0.138866633,-0.144224569
7,140.010,1786880254592.652,15042410.587,0.000000000,-0.007944973,0.120216899,0.223369256,-0.167562112,-0.174151212,-0.168157548,-0.174053609
8,160.027,1786880254612.670,15042430.605,0.000000000,-0.007923239,0.109389327,0.255338460,-0.198714316,-0.205427423,-0.198553219,-0.205219120
9,180.054,1786880254632.696,15042450.631,0.000000000,-0.007900797,0.097279400,0.287823081,-0.231799766,-0.237864405,-0.230839789,-0.237536326
10,200.004,1786880254652.646,15042470.581,0.000000000,-0.007883890,0.087714620,0.312382966,-0.258119076,-0.262851983,-0.256694943,-0.262451380
11,220.073,1786880254672.715,15042490.650,0.000000000,-0.007861163,0.075577728,0.345383018,-0.294971138,-0.296850890,-0.293199331,-0.296394855
12,240.016,1786880254692.658,15042510.593,0.000000000,-0.007836790,0.066719629,0.378917754,-0.332249254,-0.331202000,-0.330548733,-0.330768287
13,260.018,1786880254712.661,15042530.596,0.000000000,-0.007809144,0.062518381,0.413109392,-0.368702829,-0.365576684,-0.367358685,-0.365217268
14,280.015,1786880254732.657,15042550.592,0.000000000,-0.007777747,0.061947051,0.447950304,-0.403745174,-0.399793744,-0.403081745,-0.399562776
15,299.998,1786880254752.640,15042570.575,0.000000000,-0.007741040,0.061922386,0.483280689,-0.438047737,-0.433915138,-0.437845737,-0.433768272
16,319.997,1786880254772.639,15042590.574,0.000000000,-0.007705532,0.061877698,0.518810749,-0.472204924,-0.468069851,-0.472016454,-0.467924982
17,340.000,1786880254792.642,15042610.577,0.000000000,-0.007681832,0.061798576,0.545470655,-0.497633815,-0.493729919,-0.497281909,-0.493556947
18,360.030,1786880254812.673,15042630.608,0.000000000,-0.007655155,0.061646760,0.580963731,-0.531103015,-0.528007090,-0.530485153,-0.527795017
19,380.013,1786880254832.655,15042650.590,0.000000000,-0.007632705,0.061470095,0.616395712,-0.564055681,-0.562358201,-0.562992990,-0.562096119
20,400.006,1786880254852.648,15042670.583,0.000000000,-0.007610512,0.061291579,0.651783645,-0.596585572,-0.596769154,-0.594965041,-0.596450448
21,420.031,1786880254872.673,15042690.608,0.000000000,-0.007585280,0.061118398,0.687115729,-0.628964901,-0.631226838,-0.627056181,-0.630876541
22,440.037,1786880254892.679,15042710.614,0.000000000,-0.007556622,0.060953785,0.722339272,-0.661761940,-0.665733993,-0.660135806,-0.665406108
23,460.028,1786880254912.670,15042730.605,0.000000000,-0.007526033,0.060791317,0.757409513,-0.695444703,-0.700284243,-0.694672823,-0.700037837
24,480.029,1786880254932.671,15042750.606,0.000000000,-0.007494289,0.060620856,0.792345941,-0.730071247,-0.734915972,-0.730093300,-0.734731793
25,500.007,1786880254952.649,15042770.584,0.000000000,-0.007463403,0.060451087,0.827221334,-0.765113592,-0.769599617,-0.765732050,-0.769440532
26,520.041,1786880254972.684,15042790.619,0.000000000,-0.007435215,0.060288027,0.862107456,-0.800125062,-0.804300070,-0.801038682,-0.804131329
27,540.041,1786880254992.684,15042810.619,0.000000000,-0.007408250,0.060141269,0.897038162,-0.834803998,-0.838955998,-0.835814118,-0.838774323
28,560.030,1786880255012.673,15042830.608,0.000000000,-0.007379561,0.060010783,0.932004035,-0.869096398,-0.873514712,-0.870025456,-0.873327374
29,580.029,1786880255032.672,15042850.607,0.000000000,-0.007356113,0.059918873,0.958233953,-0.894613743,-0.899365842,-0.895365238,-0.899169624
30,600.007,1786880255052.649,15042870.584,0.000000000,-0.007324837,0.059800182,0.993216634,-0.928306520,-0.933753908,-0.928744376,-0.933537245
31,620.159,1786880255072.802,15042890.736,0.000000000,-0.007297479,0.059677783,1.028213143,-0.961626887,-0.968080997,-0.961784959,-0.967857301
32,640.011,1786880255092.654,15042910.589,0.000000000,-0.007272366,0.059545860,1.063222528,-0.994683564,-1.002393842,-0.994674683,-1.002191782
33,660.029,1786880255112.671,15042930.606,0.000000000,-0.007245682,0.059403952,1.098233581,-1.027637959,-1.036737680,-1.027585745,-1.036566257
34,680.028,1786880255132.670,15042950.605,0.000000000,-0.007216159,0.059250653,1.133219123,-1.060702801,-1.071136832,-1.060660720,-1.070977211
35,700.005,1786880255152.647,15042970.582,0.000000000,-0.007184677,0.059088934,1.168128252,-1.093979120,-1.105567217,-1.094095349,-1.105395317
36,720.041,1786880255172.684,15042990.619,0.000000000,-0.007153294,0.058919720,1.202933311,-1.127611041,-1.140013456,-1.127906203,-1.139804006
37,740.009,1786880255192.651,15043010.586,0.000000000,-0.007125407,0.058750477,1.237693071,-1.161529064,-1.174496889,-1.161855102,-1.174237132
38,760.078,1786880255212.721,15043030.656,0.000000000,-0.007100723,0.058583699,1.272453547,-1.195558548,-1.209025025,-1.195858955,-1.208720803
39,780.030,1786880255232.672,15043050.607,0.000000000,-0.007077673,0.058420070,1.307240009,-1.229586005,-1.243594766,-1.229868889,-1.243267775
40,799.998,1786880255252.641,15043070.576,0.000000000,-0.007053761,0.058261711,1.342067122,-1.263492823,-1.278195620,-1.263841867,-1.277881980
41,820.126,1786880255272.768,15043090.703,0.000000000,-0.007033388,0.058145698,1.368207097,-1.288827300,-1.304159403,-1.289258480,-1.303869843
42,840.032,1786880255292.674,15043110.609,0.000000000,-0.007003329,0.057993863,1.403075695,-1.322484136,-1.338790774,-1.323001623,-1.338533759
43,860.029,1786880255312.672,15043130.607,0.000000000,-0.006971910,0.057842240,1.437952042,-1.355870485,-1.373439550,-1.356418014,-1.373203158
44,880.029,1786880255332.671,15043150.606,0.000000000,-0.006941652,0.057688609,1.472829700,-1.387804389,-1.408108950,-1.388318539,-1.407885194
45,900.007,1786880255352.649,15043170.584,0.000000000,-0.006913456,0.057530899,1.507692218,-1.417073369,-1.442790270,-1.417518497,-1.442577720
46,920.038,1786880255372.680,15043190.615,0.000000000,-0.006886068,0.057369959,1.542237878,-1.442866206,-1.477468252,-1.443270802,-1.477270365
47,940.027,1786880255392.669,15043210.604,0.000000000,-0.006857327,0.057207767,1.575005174,-1.464719892,-1.512113571,-1.465087891,-1.511928439
48,960.035,1786880255412.677,15043230.612,0.000000000,-0.006827841,0.057043597,1.604732990,-1.482541442,-1.546304464,-1.482848763,-1.546131968
49,980.084,1786880255432.726,15043250.661,0.000000000,-0.006798523,0.056877840,1.630668759,-1.496489525,-1.578583002,-1.496711731,-1.578424692
50,1000.005,1786880255452.647,15043270.582,0.000000000,-0.006769538,0.056710288,1.652471304,-1.506918550,-1.607789755,-1.507037282,-1.607643843
51,1020.027,1786880255472.670,15043290.605,0.000000000,-0.006741220,0.056543682,1.670105934,-1.514231801,-1.633226156,-1.514256597,-1.633092523
52,1040.029,1786880255492.672,15043310.607,0.000000000,-0.006713286,0.056379404,1.683756828,-1.518839717,-1.654565096,-1.518803120,-1.654445648
53,1060.151,1786880255512.793,15043330.728,0.000000000,-0.006685348,0.056217492,1.693763494,-1.521185756,-1.671774626,-1.521129012,-1.671671867
54,1080.028,1786880255532.670,15043350.605,0.000000000,-0.006664274,0.056097269,1.699139595,-1.521764159,-1.682080865,-1.521714807,-1.681991696
55,1100.005,1786880255552.648,15043370.583,0.000000000,-0.006636088,0.055937231,1.703856468,-1.521977305,-1.692615509,-1.521931171,-1.692544460
56,1120.055,1786880255572.697,15043390.632,0.000000000,-0.006608029,0.055776417,1.706226945,-1.522116184,-1.699870706,-1.522071004,-1.699817657
57,1140.029,1786880255592.671,15043410.606,0.000000000,-0.006580159,0.055613879,1.706866264,-1.522250175,-1.704320788,-1.522205591,-1.704285622
58,1160.027,1786880255612.669,15043430.604,0.000000000,-0.006552636,0.055449679,1.707038760,-1.522384405,-1.706461787,-1.522340536,-1.706443071
59,1180.011,1786880255632.653,15043450.588,0.000000000,-0.006525485,0.055284500,1.707172155,-1.522518873,-1.706983805,-1.522475958,-1.706972718
60,1200.005,1786880255652.647,15043470.582,0.000000000,-0.006498776,0.055118162,1.707301974,-1.522654176,-1.707144976,-1.522612333,-1.707134724
61,1220.028,1786880255672.671,15043490.606,0.000000000,-0.006472479,0.054951016,1.707431197,-1.522790074,-1.707277179,-1.522749901,-1.707267284
62,1240.069,1786880255692.711,15043510.646,0.000000000,-0.006446317,0.054783817,1.707560182,-1.522926450,-1.707406878,-1.522888064,-1.707397223
63,1260.027,1786880255712.670,15043530.605,0.000000000,-0.006419984,0.054616727,1.707689047,-1.523063183,-1.707536221,-1.523026466,-1.707526803
64,1280.028,1786880255732.671,15043550.606,0.000000000,-0.006393279,0.054450061,1.707817554,-1.523200035,-1.707665324,-1.523164511,-1.707656026
65,1300.005,1786880255752.647,15043570.582,0.000000000,-0.006366212,0.054284070,1.707945824,-1.523336768,-1.707794189,-1.523301959,-1.707784891
66,1320.027,1786880255772.670,15043590.605,0.000000000,-0.006345756,0.054160509,1.708041906,-1.523438811,-1.707890749,-1.523404241,-1.707881451
67,1340.029,1786880255792.671,15043610.606,0.000000000,-0.006318501,0.053996731,1.708169937,-1.523574591,-1.708019257,-1.523540020,-1.708009958
68,1360.028,1786880255812.670,15043630.605,0.000000000,-0.006291318,0.053833332,1.708297372,-1.523709893,-1.708147407,-1.523675561,-1.708138108
69,1380.112,1786880255832.754,15043650.689,0.000000000,-0.006264213,0.053670458,1.708424568,-1.523844719,-1.708275199,-1.523810744,-1.708265781
70,1400.004,1786880255852.646,15043670.581,0.000000000,-0.006237098,0.053507600,1.708551168,-1.523979545,-1.708402514,-1.523945808,-1.708393097
71,1420.087,1786880255872.729,15043690.664,0.000000000,-0.006210029,0.053345028,1.708677411,-1.524114251,-1.708529234,-1.524080396,-1.708519816
72,1440.086,1786880255892.729,15043710.663,0.000000000,-0.006183110,0.053183027,1.708803296,-1.524248719,-1.708655715,-1.524214745,-1.708646297
73,1460.054,1786880255912.696,15043730.631,0.000000000,-0.006156326,0.053021286,1.708928823,-1.524383187,-1.708781838,-1.524348974,-1.708772540
74,1480.032,1786880255932.674,15043750.609,0.000000000,-0.006129720,0.052859738,1.709054112,-1.524517655,-1.708907604,-1.524483204,-1.708898187
75,1500.003,1786880255952.645,15043770.580,0.000000000,-0.006103331,0.052698366,1.709178805,-1.524651766,-1.709032774,-1.524617195,-1.709023476
76,1520.008,1786880255972.650,15043790.585,0.000000000,-0.006077111,0.052537195,1.709303021,-1.524785399,-1.709157586,-1.524750948,-1.709148288
77,1539.996,1786880255992.638,15043810.573,0.000000000,-0.006051042,0.052376367,1.709426880,-1.524918675,-1.709281921,-1.524884343,-1.709272742
78,1559.995,1786880256012.637,15043830.572,0.000000000,-0.006031593,0.052256100,1.709519506,-1.525018334,-1.709374905,-1.524984002,-1.709365726
79,1579.992,1786880256032.635,15043850.570,0.000000000,-0.006005730,0.052096106,1.709642649,-1.525150895,-1.709498525,-1.525116801,-1.709489465
80,1599.998,1786880256052.640,15043870.575,0.000000000,-0.005979927,0.051936336,1.709765315,-1.525283098,-1.709621787,-1.525249243,-1.709612727
81,1620.002,1786880256072.644,15043890.579,0.000000000,-0.005954228,0.051776960,1.709887624,-1.525414944,-1.709744573,-1.525381327,-1.709735632
82,1639.998,1786880256092.640,15043910.575,0.000000000,-0.005928640,0.051618185,1.710009575,-1.525546432,-1.709867001,-1.525513053,-1.709858060
83,1659.997,1786880256112.639,15043930.574,0.000000000,-0.005903159,0.051459819,1.710131168,-1.525677562,-1.709989190,-1.525644660,-1.709980130
84,1680.002,1786880256132.645,15043950.580,0.000000000,-0.005877763,0.051301684,1.710252285,-1.525808573,-1.710110784,-1.525775909,-1.710101843
85,1699.995,1786880256152.637,15043970.572,0.000000000,-0.005852425,0.051143721,1.710373044,-1.525939345,-1.710232019,-1.525906920,-1.710223079
86,1720.001,1786880256172.644,15043990.579,0.000000000,-0.005827133,0.050985973,1.710493326,-1.526069760,-1.710352778,-1.526037574,-1.710343838
87,1740.005,1786880256192.648,15044010.583,0.000000000,-0.005801856,0.050828557,1.710613132,-1.526199937,-1.710473061,-1.526167870,-1.710464239
88,1759.997,1786880256212.640,15044030.575,0.000000000,-0.005776631,0.050671466,1.710732579,-1.526329756,-1.710592985,-1.526297808,-1.710584164
89,1780.003,1786880256232.645,15044050.580,0.000000000,-0.005751449,0.050514918,1.710851789,-1.526459336,-1.710712671,-1.526427627,-1.710703850
90,1800.000,1786880256252.643,15044070.578,0.000000000,-0.005726344,0.050358877,1.710970640,-1.526588559,-1.710832000,-1.526557088,-1.710823178
91,1820.000,1786880256272.642,15044090.577,0.000000000,-0.005707541,0.050242092,1.711059451,-1.526685238,-1.710921168,-1.526653886,-1.710912347
92,1840.002,1786880256292.645,15044110.579,0.000000000,-0.005682491,0.050086964,1.711177588,-1.526813626,-1.711039782,-1.526782513,-1.711030960
93,1860.002,1786880256312.645,15044130.580,0.000000000,-0.005657494,0.049932647,1.711295485,-1.526941538,-1.711158276,-1.526910663,-1.711149335
94,1880.003,1786880256332.646,15044150.580,0.000000000,-0.005632520,0.049778141,1.711413145,-1.527069807,-1.711276412,-1.527038932,-1.711267352
95,1899.993,1786880256352.635,15044170.570,0.000000000,-0.005607750,0.049623106,1.711530566,-1.527199149,-1.711394310,-1.527168036,-1.711385131
96,1920.002,1786880256372.645,15044190.580,0.000000000,-0.005583116,0.049468312,1.711647391,-1.527328253,-1.711511731,-1.527296901,-1.711502433
97,1940.000,1786880256392.643,15044210.578,0.000000000,-0.005558740,0.049313881,1.711763978,-1.527456880,-1.711628675,-1.527425289,-1.711619377
98,1960.000,1786880256412.643,15044230.577,0.000000000,-0.005534731,0.049160246,1.711880326,-1.527585030,-1.711745381,-1.527553678,-1.711736202
99,1980.002,1786880256432.644,15044250.579,0.000000000,-0.005510987,0.049007211,1.711996198,-1.527712345,-1.711861730,-1.527681589,-1.711852431
100,1999.996,1786880256452.638,15044270.573,0.000000000,-0.005487306,0.048854120,1.712111592,-1.527839541,-1.711977363,-1.527809262,-1.711968303
101,2020.003,1786880256472.646,15044290.580,0.000000000,-0.005463539,0.048700616,1.712226391,-1.527966619,-1.712092519,-1.527936935,-1.712083578
102,2040.004,1786880256492.646,15044310.581,0.000000000,-0.005439619,0.048547197,1.712341070,-1.528094292,-1.712207675,-1.528064728,-1.712198734
103,2060.000,1786880256512.642,15044330.577,0.000000000,-0.005415712,0.048395071,1.712455750,-1.528221488,-1.712322712,-1.528191805,-1.712313652
104,2080.003,1786880256532.646,15044350.581,0.000000000,-0.005391877,0.048244771,1.712569952,-1.528346896,-1.712437272,-1.528317332,-1.712428451
105,2099.992,1786880256552.635,15044370.570,0.000000000,-0.005374030,0.048132777,1.712655306,-1.528440118,-1.712522984,-1.528410673,-1.712514162
106,2120.001,1786880256572.643,15044390.578,0.000000000,-0.005350255,0.047983307,1.712768674,-1.528564215,-1.712636709,-1.528535008,-1.712628007
107,2140.001,1786880256592.643,15044410.578,0.000000000,-0.005326483,0.047833346,1.712881565,-1.528688550,-1.712749958,-1.528659582,-1.712741375
108,2160.001,1786880256612.644,15044430.579,0.000000000,-0.005302752,0.047683857,1.712994099,-1.528812647,-1.712862849,-1.528783679,-1.712854266
109,2179.996,1786880256632.639,15044450.574,0.000000000,-0.005279002,0.047534306,1.713106275,-1.528936863,-1.712975383,-1.528907776,-1.712966919
110,2199.994,1786880256652.636,15044470.571,0.000000000,-0.005255150,0.047385156,1.713217974,-1.529060245,-1.713087559,-1.529031396,-1.713079095
111,2220.001,1786880256672.644,15044490.579,0.000000000,-0.005231419,0.047237042,1.713329554,-1.529183030,-1.713199615,-1.529154420,-1.713191152
112,2240.001,1786880256692.643,15044510.578,0.000000000,-0.005207795,0.047089886,1.713441133,-1.529305816,-1.713311553,-1.529277205,-1.713303089
113,2260.002,1786880256712.644,15044530.579,0.000000000,-0.005184190,0.046944171,1.713552833,-1.529428601,-1.713423610,-1.529399514,-1.713415146
114,2280.004,1786880256732.646,15044550.582,0.000000000,-0.005161367,0.046800029,1.713665247,-1.529552102,-1.713536501,-1.529522657,-1.713528037
115,2299.993,1786880256752.635,15044570.571,0.000000000,-0.005140413,0.046659093,1.713780522,-1.529677629,-1.713652015,-1.529651642,-1.713643432
116,2320.000,1786880256772.642,15044590.577,0.000000000,-0.005121011,0.046519004,1.713895202,-1.529803038,-1.713766336,-1.529780865,-1.713758588
117,2339.994,1786880256792.636,15044610.571,0.000000000,-0.005101554,0.046372250,1.714005709,-1.529928446,-1.713876367,-1.529905319,-1.713869691
118,2359.998,1786880256812.640,15044630.575,0.000000000,-0.005086497,0.046255104,1.714085579,-1.530023813,-1.713956237,-1.529998302,-1.713950276
119,2379.996,1786880256832.638,15044650.573,0.000000000,-0.005065464,0.046094172,1.714188099,-1.530144572,-1.714059114,-1.530119181,-1.714053750
120,2399.999,1786880256852.641,15044670.577,0.000000000,-0.005043450,0.045937218,1.714287877,-1.530254364,-1.714159846,-1.530232430,-1.714154363
121,2420.000,1786880256872.642,15044690.577,0.000000000,-0.005021169,0.045789160,1.714387178,-1.530356169,-1.714260697,-1.530337691,-1.714254618
122,2440.002,1786880256892.645,15044710.580,0.000000000,-0.004998544,0.045654882,1.714488506,-1.530451417,-1.714363694,-1.530434132,-1.714356661
123,2459.996,1786880256912.638,15044730.573,0.000000000,-0.004975537,0.045532849,1.714592099,-1.530541897,-1.714468956,-1.530524015,-1.714460969
124,2479.999,1786880256932.641,15044750.577,0.000000000,-0.004952450,0.045413770,1.714697003,-1.530634522,-1.714575410,-1.530613422,-1.714566708
125,2499.997,1786880256952.639,15044770.574,0.000000000,-0.004931286,0.045292784,1.714805961,-1.530739069,-1.714685202,-1.530713320,-1.714676261
126,2519.997,1786880256972.639,15044790.574,0.000000000,-0.004911788,0.045166127,1.714920402,-1.530860066,-1.714799523,-1.530834079,-1.714791298
127,2540.006,1786880256992.648,15044810.583,0.000000000,-0.004890097,0.045034859,1.715034604,-1.530984163,-1.714912891,-1.530962586,-1.714906096
128,2560.139,1786880257012.782,15044830.717,0.000000000,-0.004864723,0.044904582,1.715145469,-1.531103492,-1.715023279,-1.531080484,-1.715017557
129,2580.031,1786880257032.673,15044850.608,0.000000000,-0.004838027,0.044771288,1.715252757,-1.531220317,-1.715130687,-1.531190991,-1.715125680
130,2600.003,1786880257052.645,15044870.580,0.000000000,-0.004811532,0.044627700,1.715357065,-1.531340361,-1.715235591,-1.531303644,-1.715230346
131,2620.043,1786880257072.686,15044890.620,0.000000000,-0.004792361,0.044517439,1.715434432,-1.531430483,-1.715313554,-1.531389475,-1.715307951
132,2640.027,1786880257092.669,15044910.604,0.000000000,-0.004767596,0.044374138,1.715537071,-1.531545520,-1.715417027,-1.531502366,-1.715410829
133,2660.011,1786880257112.654,15044930.588,0.000000000,-0.004741932,0.044235278,1.715638757,-1.531656623,-1.715519547,-1.531610847,-1.715512991
134,2680.027,1786880257132.669,15044950.604,0.000000000,-0.004716092,0.044098426,1.715740561,-1.531769156,-1.715621829,-1.531717658,-1.715615034
135,2699.999,1786880257152.641,15044970.576,0.000000000,-0.004692519,0.043961853,1.715842485,-1.531882048,-1.715724230,-1.531825423,-1.715717077
136,2720.011,1786880257172.653,15044990.588,0.000000000,-0.004672125,0.043828424,1.715944648,-1.531992078,-1.715826750,-1.531932831,-1.715819716
137,2740.029,1786880257192.671,15045010.606,0.000000000,-0.004653347,0.043695617,1.716047049,-1.532102227,-1.715929270,-1.532041430,-1.715922713
138,2760.027,1786880257212.669,15045030.604,0.000000000,-0.004634757,0.043558888,1.716148734,-1.532214165,-1.716030836,-1.532153010,-1.716024995
139,2780.009,1786880257232.651,15045050.586,0.000000000,-0.004615006,0.043417070,1.716249585,-1.532329321,-1.716131687,-1.532267451,-1.716126323
140,2800.060,1786880257252.702,15045070.637,0.000000000,-0.004595604,0.043276813,1.716350079,-1.532441854,-1.716232538,-1.532381296,-1.716227055
141,2820.027,1786880257272.669,15045090.604,0.000000000,-0.004576451,0.043135799,1.716450214,-1.532555461,-1.716332912,-1.532496691,-1.716327429
142,2840.028,1786880257292.670,15045110.605,0.000000000,-0.004558180,0.042994425,1.716548562,-1.532667160,-1.716431022,-1.532609344,-1.716426373
143,2860.027,1786880257312.670,15045130.604,0.000000000,-0.004540669,0.042851303,1.716645122,-1.532776594,-1.716527581,-1.532721162,-1.716523528
144,2880.013,1786880257332.655,15045150.590,0.000000000,-0.004523495,0.042707667,1.716740608,-1.532884836,-1.716622949,-1.532832146,-1.716619730
145,2900.023,1786880257352.666,15045170.600,0.000000000,-0.004510990,0.042599827,1.716811657,-1.532965302,-1.716693997,-1.532915235,-1.716691375
146,2920.083,1786880257372.725,15045190.660,0.000000000,-0.004494379,0.042456888,1.716906548,-1.533072352,-1.716789007,-1.533026218,-1.716787100
147,2940.039,1786880257392.681,15045210.616,0.000000000,-0.004476959,0.042315122,1.717001677,-1.533179760,-1.716884494,-1.533137441,-1.716882706
148,2960.028,1786880257412.671,15045230.606,0.000000000,-0.004458543,0.042172667,1.717096448,-1.533288598,-1.716979861,-1.533249259,-1.716977835
149,2980.039,1786880257432.681,15045250.616,0.000000000,-0.004440222,0.042034954,1.717192888,-1.533397317,-1.717076659,-1.533360720,-1.717074513
150,3000.037,1786880257452.679,15045270.614,0.000000000,-0.004421811,0.041899163,1.717290759,-1.533508301,-1.717175007,-1.533474207,-1.717172503
151,3020.030,1786880257472.672,15045290.607,0.000000000,-0.004403058,0.041759077,1.717388511,-1.533624053,-1.717273355,-1.533591509,-1.717270017
152,3040.033,1786880257492.676,15045310.610,0.000000000,-0.004383906,0.041612595,1.717485428,-1.533745050,-1.717370629,-1.533712626,-1.717366576
153,3060.004,1786880257512.646,15045330.581,0.000000000,-0.004364334,0.041462954,1.717581391,-1.533867955,-1.717466831,-1.533834457,-1.717462301
154,3079.997,1786880257532.639,15045350.574,0.000000000,-0.004345263,0.041320611,1.717675924,-1.533980608,-1.717562318,-1.533946991,-1.717556715
155,3099.995,1786880257552.637,15045370.572,0.000000000,-0.004326689,0.041193493,1.717767954,-1.534072518,-1.717655897,-1.534042358,-1.717648983
156,3119.995,1786880257572.637,15045390.572,0.000000000,-0.004308017,0.041075889,1.717858076,-1.534153223,-1.717747688,-1.534125090,-1.717739820
157,3139.995,1786880257592.637,15045410.572,0.000000000,-0.004289387,0.040962100,1.717947721,-1.534231424,-1.717839003,-1.534203172,-1.717830181
158,3159.993,1786880257612.635,15045430.570,0.000000000,-0.004270847,0.040846568,1.718036771,-1.534312487,-1.717929125,-1.534281850,-1.717920303
159,3180.170,1786880257632.812,15045450.748,0.000000000,-0.004252462,0.040726535,1.718125105,-1.534397840,-1.718018413,-1.534363747,-1.718009591
160,3200.033,1786880257652.675,15045470.610,0.000000000,-0.004239441,0.040633436,1.718191504,-1.534464836,-1.718085408,-1.534429312,-1.718076468
161,3220.101,1786880257672.744,15045490.679,0.000000000,-0.004223096,0.040506657,1.718280554,-1.534557700,-1.718175292,-1.534521937,-1.718165994
162,3240.032,1786880257692.675,15045510.610,0.000000000,-0.004207167,0.040378600,1.718369365,-1.534651756,-1.718264699,-1.534616470,-1.718255520
163,3260.110,1786880257712.753,15045530.688,0.000000000,-0.004192339,0.040252645,1.718458772,-1.534744740,-1.718354702,-1.534711719,-1.718345404
164,3280.039,1786880257732.681,15045550.616,0.000000000,-0.004178163,0.040128831,1.718549013,-1.534837365,-1.718445301,-1.534807920,-1.718436360
165,3299.997,1786880257752.639,15045570.574,0.000000000,-0.004164052,0.040004909,1.718638897,-1.534930110,-1.718535662,-1.534904361,-1.718526840
166,3320.036,1786880257772.678,15045590.613,0.000000000,-0.004149333,0.039878570,1.718726993,-1.535022497,-1.718624353,-1.534999371,-1.718615532
167,3340.033,1786880257792.676,15045610.611,0.000000000,-0.004133239,0.039753553,1.718814015,-1.535113454,-1.718711853,-1.535090327,-1.718703270
168,3360.034,1786880257812.676,15045630.611,0.000000000,-0.004117813,0.039630275,1.718900561,-1.535202146,-1.718799114,-1.535179257,-1.718790412
169,3380.013,1786880257832.655,15045650.590,0.000000000,-0.004104031,0.039509460,1.718986988,-1.535286784,-1.718886495,-1.535267591,-1.718877316
170,3399.999,1786880257852.641,15045670.576,0.000000000,-0.004090359,0.039392576,1.719073534,-1.535368085,-1.718974113,-1.535353661,-1.718964458
171,3420.069,1786880257872.712,15045690.647,0.000000000,-0.004076566,0.039282542,1.719160676,-1.535445094,-1.719062448,-1.535434365,-1.719052553
172,3440.031,1786880257892.673,15045710.608,0.000000000,-0.004062840,0.039178900,1.719248295,-1.535517335,-1.719151139,-1.535509944,-1.719141126
173,3460.034,1786880257912.676,15045730.611,0.000000000,-0.004052304,0.039103452,1.719314218,-1.535570621,-1.719217777,-1.535565138,-1.719208002
174,3480.032,1786880257932.675,15045750.610,0.000000000,-0.004037898,0.039003026,1.719402313,-1.535643101,-1.719306827,-1.535638928,-1.719297290
175,3500.033,1786880257952.676,15045770.610,0.000000000,-0.004023803,0.038900588,1.719490290,-1.535717368,-1.719395757,-1.535714746,-1.719386101
176,3520.030,1786880257972.672,15045790.607,0.000000000,-0.004010986,0.038798872,1.719578862,-1.535791516,-1.719485521,-1.535792470,-1.719475627
177,3540.007,1786880257992.649,15045810.584,0.000000000,-0.003999090,0.038701862,1.719667912,-1.535861015,-1.719575763,-1.535867691,-1.719565630
178,3560.000,1786880258012.642,15045830.577,0.000000000,-0.003987998,0.038613468,1.719756842,-1.535920501,-1.719666362,-1.535936117,-1.719655633
179,3580.029,1786880258032.671,15045850.606,0.000000000,-0.003977302,0.038530786,1.719845533,-1.535973668,-1.719757080,-1.535997987,-1.719745398
180,3600.030,1786880258052.673,15045870.608,0.000000000,-0.003967852,0.038447194,1.719933271,-1.536024809,-1.719846964,-1.536058187,-1.719834208
181,3620.030,1786880258072.672,15045890.607,0.000000000,-0.003959022,0.038365889,1.720020175,-1.536070943,-1.719935656,-1.536113262,-1.719922543
182,3639.998,1786880258092.640,15045910.575,0.000000000,-0.003949654,0.038293198,1.720106721,-1.536110282,-1.720023394,-1.536158442,-1.720011592
183,3660.030,1786880258112.672,15045930.607,0.000000000,-0.003939263,0.038226932,1.720192432,-1.536143541,-1.720110416,-1.536195397,-1.720100045
184,3680.032,1786880258132.675,15045950.610,0.000000000,-0.003926302,0.038160004,1.720276833,-1.536176205,-1.720196843,-1.536228418,-1.720186710
185,3700.032,1786880258152.675,15045970.610,0.000000000,-0.003911129,0.038085081,1.720361948,-1.536220670,-1.720284104,-1.536266804,-1.720273852
186,3720.031,1786880258172.673,15045990.608,0.000000000,-0.003895208,0.038002115,1.720449686,-1.536280751,-1.720373511,-1.536317110,-1.720363498
187,3740.029,1786880258192.671,15046010.606,0.000000000,-0.003883527,0.037938815,1.720517159,-1.536331296,-1.720442057,-1.536360741,-1.720432281
188,3760.088,1786880258212.730,15046030.666,0.000000000,-0.003868576,0.037857406,1.720607996,-1.536396980,-1.720534205,-1.536421895,-1.720524549
189,3780.031,1786880258232.673,15046050.608,0.000000000,-0.003852886,0.037761331,1.720698595,-1.536476374,-1.720626235,-1.536498547,-1.720615864
190,3800.001,1786880258252.643,15046070.578,0.000000000,-0.003835314,0.037663780,1.720789433,-1.536556840,-1.720719457,-1.536577106,-1.720706582
191,3820.009,1786880258272.651,15046090.586,0.000000000,-0.003819378,0.037589483,1.720881701,-1.536616445,-1.720814228,-1.536638141,-1.720799446
192,3840.105,1786880258292.748,15046110.683,0.000000000,-0.003805942,0.037536472,1.720975399,-1.536658645,-1.720909715,-1.536684990,-1.720895171
193,3860.031,1786880258312.673,15046130.609,0.000000000,-0.003791896,0.037496444,1.721068501,-1.536689281,-1.721004605,-1.536720037,-1.720990777
194,3880.030,1786880258332.672,15046150.607,0.000000000,-0.003776034,0.037455894,1.721159935,-1.536719322,-1.721097589,-1.536752224,-1.721084595
195,3900.030,1786880258352.672,15046170.607,0.000000000,-0.003757156,0.037392899,1.721250415,-1.536770463,-1.721189618,-1.536803007,-1.721176028
196,3920.014,1786880258372.656,15046190.591,0.000000000,-0.009675404,-0.108021252,1.781112552,-1.614544272,-1.721279740,-1.583663464,-1.721199751
197,3940.031,1786880258392.673,15046210.608,0.000000000,-0.012935666,-0.348351926,1.772778988,-1.602501631,-1.721339703,-1.582146764,-1.721243262
198,3960.030,1786880258412.672,15046230.607,0.000000000,-0.005318692,-0.586093009,1.763257146,-1.588313341,-1.721425891,-1.577328801,-1.721328378
199,3980.032,1786880258432.674,15046250.609,0.000000000,0.022411672,-0.764787138,1.759977579,-1.581691027,-1.721495152,-1.574951053,-1.721396089
200,4000.042,1786880258452.685,15046270.620,0.000000000,0.072168641,-0.798678815,1.757490635,-1.575538039,-1.721579432,-1.572482228,-1.721477628
201,4020.000,1786880258472.642,15046290.577,0.000000000,0.118694954,-0.768742561,1.754510403,-1.572962761,-1.721662283,-1.571632266,-1.721560836
202,4040.122,1786880258492.764,15046310.699,0.000000000,0.147957012,-0.732486188,1.751475811,-1.572548866,-1.735255003,-1.571312308,-1.721644282
203,4060.039,1786880258512.681,15046330.616,0.000000000,0.157996461,-0.695297956,1.748788238,-1.572324276,-1.754958630,-1.571154833,-1.721724391
204,4080.032,1786880258532.674,15046350.609,0.000000000,0.157536224,-0.658198416,1.747236013,-1.559383750,-1.752144814,-1.571056724,-1.721807718
205,4100.031,1786880258552.673,15046370.608,0.000000000,0.152096584,-0.621003866,1.746415257,-1.522607446,-1.747151494,-1.570983291,-1.721890926
206,4120.065,1786880258572.707,15046390.642,0.000000000,0.143320099,-0.583624363,1.745992899,-1.459810972,-1.741302967,-1.570924878,-1.721972704
207,4140.030,1786880258592.672,15046410.607,0.000000000,0.132474691,-0.546201050,1.745785475,-1.376602530,-1.735404491,-1.570879936,-1.722051144
208,4160.031,1786880258612.673,15046430.608,0.000000000,0.120654568,-0.508656979,1.745664239,-1.282968879,-1.731411457,-1.570832610,-1.722126722
209,4180.030,1786880258632.672,15046450.607,0.000000000,0.108775049,-0.471730977,1.745583534,-1.186813354,-1.730842113,-1.570817471,-1.722206712
210,4200.001,1786880258652.644,15046470.579,0.000000000,0.097309776,-0.436425090,1.745526910,-1.109536886,-1.730874419,-1.570829034,-1.722290277
211,4220.031,1786880258672.673,15046490.608,0.000000000,0.086699031,-0.401965678,1.745484471,-1.073952436,-1.730995536,-1.570831656,-1.722370863
212,4240.031,1786880258692.673,15046510.608,0.000000000,0.079579845,-0.376413316,1.745459914,-1.075407743,-1.731106758,-1.570831418,-1.722430468
213,4260.030,1786880258712.672,15046530.607,0.000000000,0.071396276,-0.342756778,1.745433927,-1.118253946,-1.731325507,-1.570834756,-1.722509265
214,4280.020,1786880258732.662,15046550.597,0.000000000,0.064848781,-0.309383750,1.745413184,-1.220078111,-1.731860518,-1.570837021,-1.722587466
215,4300.073,1786880258752.716,15046570.651,0.000000000,0.059944283,-0.276001483,1.745396495,-1.383035064,-1.732138634,-1.570834517,-1.722664475
216,4320.011,1786880258772.653,15046590.588,0.000000000,0.056590457,-0.242243096,1.745383620,-1.595100880,-1.732215166,-1.570827961,-1.722741485
217,4340.011,1786880258792.653,15046610.588,0.000000000,0.054624993,-0.205499887,1.745377064,-1.636132956,-1.732278466,-1.570468545,-1.722824335
218,4360.031,1786880258812.673,15046630.608,0.000000000,0.053739276,-0.169436932,1.745370150,-1.614412069,-1.732329607,-1.570368648,-1.722903371
219,4380.031,1786880258832.673,15046650.608,0.000000000,0.053470649,-0.137173533,1.745365381,-1.596389174,-1.732379556,-1.570336580,-1.722983718
220,4399.998,1786880258852.640,15046670.575,0.000000000,0.053293206,-0.109930180,1.745363355,-1.586123824,-1.732433438,-1.570324540,-1.723066330
221,4420.028,1786880258872.670,15046690.605,0.000000000,0.053126123,-0.087547399,1.745362639,-1.580624938,-1.732489228,-1.570290685,-1.723150611
222,4440.029,1786880258892.672,15046710.607,0.000000000,0.052962270,-0.069340333,1.745361447,-1.577217340,-1.732543826,-1.570234060,-1.723234177
223,4460.032,1786880258912.674,15046730.609,0.000000000,0.052800853,-0.054803763,1.745362043,-1.566378593,-1.732602477,-1.570153117,-1.723321080
224,4480.028,1786880258932.670,15046750.605,0.000000000,0.052680098,-0.046386596,1.745361328,-1.544307470,-1.732645392,-1.570106626,-1.723383665
225,4500.029,1786880258952.671,15046770.607,0.000000000,0.052517898,-0.038405199,1.745358944,-1.519489408,-1.732697010,-1.570056200,-1.723463774
226,4520.039,1786880258972.681,15046790.616,0.000000000,0.052357726,-0.034400471,1.745355844,-1.499556780,-1.731188416,-1.570039153,-1.723539948
227,4540.018,1786880258992.661,15046810.596,0.000000000,0.052190263,-0.034007560,1.745350361,-1.474599361,-1.727559209,-1.570538282,-1.723603249
228,4559.999,1786880259012.642,15046830.577,0.000000000,0.052018244,-0.033989545,1.745344520,-1.465633392,-1.726986051,-1.570668936,-1.723670244
229,4580.035,1786880259032.677,15046850.612,0.000000000,0.051857866,-0.033446532,1.745342851,-1.464948177,-1.716920257,-1.570637941,-1.723745704
230,4600.083,1786880259052.725,15046870.660,0.000000000,0.051702697,-0.032928053,1.745346546,-1.471115589,-1.688959837,-1.570606351,-1.723828197
231,4620.031,1786880259072.674,15046890.609,0.000000000,0.051546495,-0.032698248,1.745349288,-1.475430965,-1.660188675,-1.570592880,-1.723908544
232,4640.012,1786880259092.654,15046910.589,0.000000000,0.051381201,-0.032562964,1.745347142,-1.478063703,-1.634167910,-1.570619106,-1.723979831
233,4660.029,1786880259112.672,15046930.607,0.000000000,0.051225513,-0.032400362,1.745347977,-1.479445696,-1.604658723,-1.570608854,-1.724056244
234,4680.031,1786880259132.673,15046950.608,0.000000000,0.051066183,-0.032308381,1.745347142,-1.479756474,-1.579179287,-1.570605874,-1.724131227
235,4700.033,1786880259152.675,15046970.610,0.000000000,0.050951835,-0.032213606,1.745347500,-1.478864074,-1.560983539,-1.570582509,-1.724189401
236,4720.032,1786880259172.675,15046990.609,0.000000000,0.050794553,-0.032100957,1.745345354,-1.476560950,-1.542730451,-1.570563436,-1.724261999
237,4740.019,1786880259192.661,15047010.596,0.000000000,0.050633464,-0.032005906,1.745340824,-1.473071933,-1.528740287,-1.570546746,-1.724329472
238,4760.042,1786880259212.685,15047030.619,0.000000000,0.050483625,-0.031785518,1.745337963,-1.464264393,-1.515535951,-1.570470691,-1.724396348
239,4780.032,1786880259232.675,15047050.610,0.000000000,0.050317544,-0.031677134,1.745331049,-1.456386924,-1.509699106,-1.570446134,-1.724458337
240,4800.001,1786880259252.643,15047070.578,0.000000000,0.050169274,-0.031053798,1.745335817,-1.449945927,-1.502274752,-1.570331693,-1.724534035
241,4820.006,1786880259272.649,15047090.584,0.000000000,0.050021164,-0.030547692,1.745342016,-1.448903680,-1.500858665,-1.570236802,-1.724613667
242,4840.032,1786880259292.674,15047110.609,0.000000000,0.049871109,-0.030151313,1.745344758,-1.450938702,-1.508833766,-1.570178628,-1.724687457
243,4860.012,1786880259312.654,15047130.589,0.000000000,0.049726415,-0.029809980,1.745344162,-1.454700947,-1.523724198,-1.570104480,-1.724755645
244,4880.029,1786880259332.672,15047150.607,0.000000000,0.049586426,-0.029348064,1.745347023,-1.459402800,-1.543016434,-1.570067167,-1.724829793
245,4899.996,1786880259352.639,15047170.574,0.000000000,0.049443744,-0.029233562,1.745356917,-1.466313481,-1.564866066,-1.570104957,-1.724918962
246,4920.003,1786880259372.646,15047190.581,0.000000000,0.049294446,-0.029143032,1.745352507,-1.473752379,-1.587130666,-1.570099831,-1.724988818
247,4940.031,1786880259392.673,15047210.608,0.000000000,0.049145784,-0.029078428,1.745337367,-1.480280399,-1.608043432,-1.570132971,-1.725042343
248,4960.012,1786880259412.654,15047230.589,0.000000000,0.048995744,-0.029112516,1.745327711,-1.488262415,-1.627046347,-1.570224524,-1.725096345
249,4980.131,1786880259432.773,15047250.708,0.000000000,0.048885453,-0.029030388,1.745317698,-1.493469477,-1.639638066,-1.570182920,-1.725136280
250,5000.038,1786880259452.680,15047270.615,0.000000000,0.048736174,-0.028997805,1.745307326,-1.499876261,-1.654138327,-1.570183396,-1.725190759
251,5020.002,1786880259472.644,15047290.579,0.000000000,0.048586883,-0.028851073,1.745295644,-1.504132271,-1.665925026,-1.570096850,-1.725246072
252,5040.031,1786880259492.673,15047310.608,0.000000000,0.048431601,-0.028716849,1.745287657,-1.506301522,-1.675165653,-1.570031643,-1.725303650
253,5060.030,1786880259512.672,15047330.607,0.000000000,0.048274253,-0.028597236,1.745281100,-1.506794930,-1.682093740,-1.569953680,-1.725363374
254,5080.030,1786880259532.672,15047350.607,0.000000000,0.048115585,-0.028165238,1.745295644,-1.506999493,-1.687092781,-1.569886804,-1.725453615
255,5100.143,1786880259552.786,15047370.721,0.000000000,0.047959134,-0.027546767,1.745320320,-1.507228494,-1.690735817,-1.569839478,-1.725545168
256,5120.006,1786880259572.648,15047390.583,0.000000000,0.047802523,-0.026957773,1.745343566,-1.507318854,-1.693354487,-1.569779515,-1.725637317
257,5140.029,1786880259592.672,15047410.607,0.000000000,0.047654197,-0.024968635,1.745366931,-1.507158041,-1.695407391,-1.569211006,-1.725753069
258,5160.141,1786880259612.783,15047430.718,0.000000000,0.000005061,-0.000012447,0.001436093,-0.001925762,-0.001533777,-0.001509470,-0.001472171
259,5180.067,1786880259632.709,15047450.644,0.000000000,0.000025273,-0.000035876,0.012313712,-0.017486021,-0.013248167,-0.014410896,-0.012789956
260,5200.031,1786880259652.673,15047470.608,0.000000000,0.000030904,-0.000015011,0.029794192,-0.042283930,-0.031922784,-0.037543382,-0.031209746
261,5220.005,1786880259672.647,15047490.582,0.000000000,0.000029754,0.000046283,0.046242770,-0.064420894,-0.049190171,-0.059396792,-0.048429038
262,5240.029,1786880259692.671,15047510.606,0.000000000,0.000025606,0.000167105,0.071612664,-0.096170187,-0.075252846,-0.091560863,-0.074547790
263,5260.042,1786880259712.684,15047530.619,0.000000000,0.000018925,0.000380875,0.100000829,-0.128898442,-0.103749663,-0.124987550,-0.103144161
264,5280.051,1786880259732.694,15047550.629,0.000000000,0.000006905,0.000582666,0.130653709,-0.161596850,-0.133879527,-0.158727169,-0.133422807
265,5300.041,1786880259752.683,15047570.618,0.000000000,-0.000010032,0.000653789,0.162756577,-0.193727106,-0.165106237,-0.191849947,-0.164786413
266,5320.000,1786880259772.643,15047590.578,0.000000000,-0.000029456,0.000700559,0.195698038,-0.226217777,-0.197264493,-0.224812314,-0.196999475
267,5340.031,1786880259792.673,15047610.608,0.000000000,-0.000049621,0.000679605,0.229236826,-0.258627564,-0.230060250,-0.257441968,-0.229808673
268,5360.028,1786880259812.671,15047630.606,0.000000000,-0.000064554,0.000681125,0.263089269,-0.291450024,-0.263405561,-0.290559083,-0.263170034
269,5380.029,1786880259832.671,15047650.606,0.000000000,-0.000072844,0.000723440,0.297403902,-0.322983950,-0.296896070,-0.322595567,-0.296692759
270,5399.998,1786880259852.640,15047670.575,0.000000000,-0.000077605,0.000776165,0.332071960,-0.353266329,-0.330439210,-0.353177577,-0.330225527
271,5420.003,1786880259872.645,15047690.580,0.000000000,-0.000080525,0.000863585,0.367105514,-0.382009953,-0.363895565,-0.382351130,-0.363677561
272,5440.028,1786880259892.670,15047710.605,0.000000000,-0.000083861,0.000978820,0.402482182,-0.409564942,-0.397228986,-0.410873502,-0.397088170
273,5460.030,1786880259912.672,15047730.607,0.000000000,-0.000085171,0.001136986,0.438185662,-0.436400443,-0.430446535,-0.439110279,-0.430455357
274,5480.010,1786880259932.652,15047750.587,0.000000000,-0.000085176,0.001408319,0.465195209,-0.456024706,-0.455243647,-0.459646702,-0.455360532
275,5500.037,1786880259952.679,15047770.614,0.000000000,-0.000086269,0.001574380,0.501245677,-0.482580632,-0.488326460,-0.487362266,-0.488600075
276,5520.076,1786880259972.719,15047790.654,0.000000000,-0.000088170,0.001664163,0.537198782,-0.509985805,-0.521530807,-0.515705407,-0.521952152
277,5540.006,1786880259992.648,15047810.583,0.000000000,-0.000090081,0.001735289,0.573060811,-0.537796319,-0.554827213,-0.544042349,-0.555351973
278,5560.003,1786880260012.645,15047830.580,0.000000000,-0.000092598,0.001793133,0.608806908,-0.566055000,-0.588211358,-0.572631717,-0.588816583
279,5580.030,1786880260032.673,15047850.608,0.000000000,-0.000095612,0.001821650,0.644307911,-0.595773399,-0.621799350,-0.602814853,-0.622501433
280,5599.999,1786880260052.641,15047870.576,0.000000000,-0.000098110,0.001837909,0.679540873,-0.627320707,-0.655630231,-0.635159492,-0.656470954
281,5620.031,1786880260072.673,15047890.608,0.000000000,-0.000098136,0.001859130,0.714576483,-0.660433531,-0.689674973,-0.669269502,-0.690668643
282,5640.038,1786880260092.681,15047910.616,0.000000000,-0.000095600,0.001898544,0.749516785,-0.694615126,-0.723860204,-0.704194784,-0.724958003
283,5660.032,1786880260112.674,15047930.609,0.000000000,-0.000092249,0.001932798,0.784380555,-0.729522765,-0.758145034,-0.739650667,-0.759301007
284,5680.015,1786880260132.657,15047950.592,0.000000000,-0.000090612,0.001950273,0.819164515,-0.764889121,-0.792517364,-0.775638938,-0.793728054
285,5700.033,1786880260152.676,15047970.611,0.000000000,-0.000091557,0.001956290,0.853885114,-0.800536275,-0.826966822,-0.812015235,-0.828254879
286,5720.031,1786880260172.673,15047990.609,0.000000000,-0.000093355,0.001959198,0.888552606,-0.836404860,-0.861472309,-0.848618925,-0.862857163
287,5740.051,1786880260192.693,15048010.628,0.000000000,-0.000094229,0.001959687,0.914516211,-0.863467216,-0.887377143,-0.876175761,-0.888837039
288,5760.028,1786880260212.670,15048030.605,0.000000000,-0.000094217,0.001957218,0.949088752,-0.899711430,-0.921943486,-0.913020670,-0.923496842
289,5780.030,1786880260232.672,15048050.607,0.000000000,-0.000093053,0.001950189,0.983593047,-0.936199605,-0.956528068,-0.950006843,-0.958156645
290,5799.998,1786880260252.641,15048070.576,0.000000000,-0.000090231,0.001937849,1.017987251,-0.973129928,-0.991108119,-0.987180054,-0.992776752
291,5820.015,1786880260272.657,15048090.593,0.000000000,-0.000086779,0.001919828,1.052262545,-1.010469198,-1.025670171,-1.024560809,-1.027341366
292,5840.002,1786880260292.644,15048110.579,0.000000000,-0.000084327,0.001899190,1.086455822,-1.048020363,-1.060212493,-1.062024832,-1.061867476
293,5860.011,1786880260312.653,15048130.588,0.000000000,-0.000083550,0.001877986,1.120624781,-1.085524082,-1.094745874,-1.099423766,-1.096387506
294,5880.023,1786880260332.666,15048150.601,0.000000000,-0.000084106,0.001854761,1.154808044,-1.122839212,-1.129286647,-1.136723638,-1.130930543
295,5899.998,1786880260352.640,15048170.575,0.000000000,-0.000084712,0.001826020,1.188997626,-1.160039425,-1.163837910,-1.174002647,-1.165498137
296,5920.040,1786880260372.683,15048190.618,0.000000000,-0.000084846,0.001795330,1.223190665,-1.197141886,-1.198392391,-1.211237431,-1.200075150
297,5940.008,1786880260392.650,15048210.585,0.000000000,-0.000084361,0.001763724,1.257388115,-1.234174967,-1.232947946,-1.248393536,-1.234650970
298,5960.090,1786880260412.732,15048230.667,0.000000000,-0.000084590,0.001732041,1.291599631,-1.271097064,-1.267503977,-1.285458326,-1.269225001
299,5980.032,1786880260432.674,15048250.609,0.000000000,-0.000085418,0.001709888,1.317273498,-1.298680425,-1.293419480,-1.313181400,-1.295155048
300,6000.036,1786880260452.678,15048270.613,0.000000000,-0.000087255,0.001682870,1.351539135,-1.335278273,-1.327974796,-1.349949121,-1.329733729
301,6020.033,1786880260472.676,15048290.610,0.000000000,-0.000089622,0.001656763,1.385854006,-1.371161103,-1.362543821,-1.385460377,-1.364331245
302,6040.007,1786880260492.649,15048310.584,0.000000000,-0.000091499,0.001628324,1.420216918,-1.404850125,-1.397134900,-1.418236852,-1.398952603
303,6060.033,1786880260512.675,15048330.610,0.000000000,-0.000092577,0.001589959,1.454609990,-1.435341120,-1.431747079,-1.447410583,-1.433597565
304,6080.050,1786880260532.692,15048350.627,0.000000000,-0.000092732,0.001538495,1.489041328,-1.462138653,-1.466405749,-1.472603321,-1.468285203
305,6100.037,1786880260552.679,15048370.614,0.000000000,-0.000092106,0.001472962,1.523528695,-1.485180616,-1.501160264,-1.493831515,-1.503062129
306,6120.031,1786880260572.673,15048390.608,0.000000000,-0.000090016,0.001404161,1.557193756,-1.504268169,-1.535801530,-1.511060953,-1.537683964
307,6140.005,1786880260592.647,15048410.582,0.000000000,-0.000085401,0.001341925,1.588483691,-1.519228458,-1.568981051,-1.524224043,-1.570737720
308,6160.030,1786880260612.672,15048430.607,0.000000000,-0.000079796,0.001293520,1.616342902,-1.530047297,-1.599296927,-1.533361673,-1.600832820
309,6180.021,1786880260632.664,15048450.599,0.000000000,-0.000076844,0.001255231,1.640195131,-1.537017107,-1.625873923,-1.538808227,-1.627149701
310,6200.032,1786880260652.674,15048470.609,0.000000000,-0.000078244,0.001226228,1.659867048,-1.540580869,-1.648311615,-1.541197300,-1.649327159
311,6220.060,1786880260672.703,15048490.638,0.000000000,-0.000081253,0.001204543,1.675455570,-1.541491628,-1.666544199,-1.541625977,-1.667317510
312,6240.003,1786880260692.646,15048510.580,0.000000000,-0.000083653,0.001187353,1.684626698,-1.541622758,-1.677549601,-1.541723847,-1.678158402
313,6260.030,1786880260712.672,15048530.607,0.000000000,-0.000086297,0.001158591,1.693792462,-1.541729212,-1.688905001,-1.541829944,-1.689321995
314,6280.030,1786880260732.672,15048550.607,0.000000000,-0.000087186,0.001119036,1.699861169,-1.541836500,-1.696833014,-1.541938663,-1.697095275
315,6300.031,1786880260752.673,15048570.608,0.000000000,-0.000085521,0.001064108,1.703299999,-1.541957736,-1.701785445,-1.542055726,-1.701930404
316,6320.027,1786880260772.669,15048590.604,0.000000000,-0.000083385,0.001004944,1.704620123,-1.542083263,-1.704288602,-1.542176127,-1.704340219
317,6340.001,1786880260792.644,15048610.579,0.000000000,-0.000082359,0.000950852,1.704885006,-1.542204976,-1.704991221,-1.542295933,-1.704987645
318,6360.028,1786880260812.671,15048630.606,0.000000000,-0.000081763,0.000902420,1.705028653,-1.542322755,-1.705171227,-1.542413592,-1.705161810
319,6380.029,1786880260832.671,15048650.606,0.000000000,-0.000080877,0.000854106,1.705162406,-1.542441249,-1.705306888,-1.542531252,-1.705296874
320,6399.999,1786880260852.641,15048670.576,0.000000000,-0.000079740,0.000806355,1.705294967,-1.542559385,-1.705438495,-1.542647958,-1.705428243
321,6420.040,1786880260872.682,15048690.617,0.000000000,-0.000078988,0.000757962,1.705427289,-1.542678118,-1.705569625,-1.542765856,-1.705559373
322,6440.001,1786880260892.643,15048710.578,0.000000000,-0.000077689,0.000703113,1.705558658,-1.542802811,-1.705699682,-1.542888403,-1.705689311
323,6460.120,1786880260912.762,15048730.697,0.000000000,-0.000075581,0.000640564,1.705688953,-1.542934060,-1.705828428,-1.543015480,-1.705818057
324,6480.030,1786880260932.672,15048750.607,0.000000000,-0.000073749,0.000579089,1.705818892,-1.543064356,-1.705957055,-1.543141603,-1.705946684
325,6500.027,1786880260952.670,15048770.605,0.000000000,-0.000073082,0.000535658,1.705916762,-1.543159604,-1.706053734,-1.543235302,-1.706043363
326,6520.032,1786880260972.674,15048790.609,0.000000000,-0.000073157,0.000481298,1.706047416,-1.543282986,-1.706183076,-1.543359160,-1.706172824
327,6540.031,1786880260992.673,15048810.608,0.000000000,-0.000073776,0.000430922,1.706178308,-1.543402672,-1.706312537,-1.543480635,-1.706302524
328,6560.004,1786880261012.646,15048830.581,0.000000000,-0.000074418,0.000383000,1.706308961,-1.543520093,-1.706441879,-1.543599963,-1.706431866
329,6579.997,1786880261032.639,15048850.574,0.000000000,-0.000074652,0.000333450,1.706438661,-1.543638587,-1.706570268,-1.543719172,-1.706560373
330,6600.029,1786880261052.671,15048870.606,0.000000000,-0.000074509,0.000282286,1.706567883,-1.543758273,-1.706698179,-1.543838739,-1.706688166
331,6620.079,1786880261072.722,15048890.656,0.000000000,-0.000074440,0.000231438,1.706697345,-1.543878555,-1.706826448,-1.543958783,-1.706816316
332,6640.035,1786880261092.677,15048910.612,0.000000000,-0.000074540,0.000181488,1.706827044,-1.543998957,-1.706954956,-1.544079185,-1.706944704
333,6660.020,1786880261112.662,15048930.597,0.000000000,-0.000074531,0.000131775,1.706956506,-1.544119477,-1.707082987,-1.544199467,-1.707072735
334,6680.037,1786880261132.679,15048950.614,0.000000000,-0.000074281,0.000082983,1.707085371,-1.544238687,-1.707210422,-1.544318080,-1.707200170
335,6700.009,1786880261152.651,15048970.586,0.000000000,-0.000073957,0.000035099,1.707213521,-1.544356465,-1.707337499,-1.544435143,-1.707327008
336,6720.032,1786880261172.674,15048990.609,0.000000000,-0.000073694,-0.000011956,1.707341194,-1.544472694,-1.707463980,-1.544551015,-1.707453370
337,6740.069,1786880261192.711,15049010.646,0.000000000,-0.000073581,-0.000047379,1.707436681,-1.544559717,-1.707558393,-1.544637918,-1.707547784
338,6760.037,1786880261212.680,15049030.615,0.000000000,-0.000073575,-0.000096424,1.707563281,-1.544676781,-1.707683682,-1.544754863,-1.707673073
339,6780.032,1786880261232.674,15049050.609,0.000000000,-0.000073731,-0.000147786,1.707689285,-1.544795156,-1.707808375,-1.544873476,-1.707797766
340,6800.001,1786880261252.644,15049070.579,0.000000000,-0.000073894,-0.000200320,1.707814574,-1.544913769,-1.707932353,-1.544992447,-1.707921624
341,6820.011,1786880261272.653,15049090.588,0.000000000,-0.000074023,-0.000253398,1.707939148,-1.545032263,-1.708055615,-1.545111060,-1.708044887
342,6840.041,1786880261292.684,15049110.619,0.000000000,-0.000074101,-0.000305397,1.708063602,-1.545149922,-1.708178759,-1.545228720,-1.708168030
343,6860.002,1786880261312.644,15049130.579,0.000000000,-0.000074150,-0.000354471,1.708188176,-1.545265317,-1.708302021,-1.545344353,-1.708291173
344,6880.010,1786880261332.652,15049150.587,0.000000000,-0.000074165,-0.000400128,1.708312750,-1.545378208,-1.708425283,-1.545457363,-1.708414555
345,6900.039,1786880261352.681,15049170.616,0.000000000,-0.000074109,-0.000446028,1.708436966,-1.545491338,-1.708548307,-1.545570493,-1.708537579
346,6920.032,1786880261372.674,15049190.609,0.000000000,-0.000073968,-0.000493931,1.708560705,-1.545606017,-1.708670616,-1.545684814,-1.708660007
347,6940.031,1786880261392.673,15049210.608,0.000000000,-0.000073850,-0.000541163,1.708684206,-1.545720220,-1.708792686,-1.545798659,-1.708782315
348,6960.003,1786880261412.645,15049230.580,0.000000000,-0.000073809,-0.000587020,1.708807707,-1.545833230,-1.708914876,-1.545911670,-1.708904624
349,6980.033,1786880261432.676,15049250.611,0.000000000,-0.000073709,-0.000634531,1.708930373,-1.545947075,-1.709036231,-1.546025515,-1.709026098
350,6999.998,1786880261452.640,15049270.575,0.000000000,-0.000073554,-0.000671387,1.709021807,-1.546032786,-1.709126711,-1.546111107,-1.709116459
351,7020.030,1786880261472.672,15049290.607,0.000000000,-0.000073379,-0.000720856,1.709143519,-1.546147466,-1.709247112,-1.546225548,-1.709236860
352,7040.029,1786880261492.671,15049310.606,0.000000000,-0.000073155,-0.000773550,1.709264278,-1.546263933,-1.709366441,-1.546341658,-1.709356308
353,7060.002,1786880261512.644,15049330.579,0.000000000,-0.000072825,-0.000827196,1.709384441,-1.546381116,-1.709485173,-1.546458006,-1.709475160
354,7080.030,1786880261532.672,15049350.607,0.000000000,-0.000072486,-0.000881197,1.709504247,-1.546498299,-1.709603548,-1.546574473,-1.709593534
355,7100.030,1786880261552.673,15049370.608,0.000000000,-0.000072131,-0.000934149,1.709623694,-1.546614289,-1.709721684,-1.546689987,-1.709711671
356,7120.035,1786880261572.677,15049390.612,0.000000000,-0.000071860,-0.000985663,1.709742904,-1.546728849,-1.709839463,-1.546804190,-1.709829450
357,7140.030,1786880261592.672,15049410.607,0.000000000,-0.000071612,-0.001036187,1.709861636,-1.546842098,-1.709956884,-1.546916962,-1.709946871
358,7160.004,1786880261612.647,15049430.582,0.000000000,-0.000071454,-0.001085959,1.709980130,-1.546954393,-1.710074186,-1.547029376,-1.710064054
359,7180.031,1786880261632.673,15049450.608,0.000000000,-0.000071493,-0.001133374,1.710098743,-1.547064781,-1.710191369,-1.547140002,-1.710181355
360,7200.151,1786880261652.793,15049470.728,0.000000000,-0.000071698,-0.001179460,1.710217357,-1.547174454,-1.710308671,-1.547250271,-1.710298777
361,7220.030,1786880261672.672,15049490.607,0.000000000,-0.000071813,-0.001227802,1.710335851,-1.547286630,-1.710425854,-1.547363043,-1.710416079
362,7240.030,1786880261692.672,15049510.607,0.000000000,-0.000071755,-0.001265265,1.710424423,-1.547371507,-1.710513353,-1.547448158,-1.710503459
363,7260.004,1786880261712.646,15049530.582,0.000000000,-0.000071476,-0.001315256,1.710541844,-1.547484279,-1.710629582,-1.547560930,-1.710619569
364,7280.031,1786880261732.673,15049550.608,0.000000000,-0.000071106,-0.001364484,1.710659146,-1.547596574,-1.710745692,-1.547672629,-1.710735559
365,7300.030,1786880261752.672,15049570.607,0.000000000,-0.000071248,-0.001411531,1.710776806,-1.547707200,-1.710862041,-1.547783732,-1.710851908
366,7320.105,1786880261772.748,15049590.682,0.000000000,-0.000071671,-0.001455659,1.710894704,-1.547815681,-1.710978627,-1.547893643,-1.710968614
367,7340.029,1786880261792.671,15049610.606,0.000000000,-0.000071922,-0.001497589,1.711012602,-1.547922730,-1.711095214,-1.548001766,-1.711085200
368,7360.002,1786880261812.645,15049630.579,0.000000000,-0.000072310,-0.001536616,1.711130500,-1.548027277,-1.711211920,-1.548107862,-1.711201906
369,7380.030,1786880261832.672,15049650.607,0.000000000,-0.000072565,-0.001575431,1.711248040,-1.548131108,-1.711328149,-1.548213601,-1.711318135
370,7399.999,1786880261852.641,15049670.576,0.000000000,-0.000071976,-0.001615503,1.711364865,-1.548236251,-1.711443782,-1.548319101,-1.711433649
371,7420.029,1786880261872.672,15049690.607,0.000000000,-0.000070215,-0.001657697,1.711480618,-1.548342943,-1.711558461,-1.548423886,-1.711548090
372,7440.031,1786880261892.673,15049710.608,0.000000000,-0.000068155,-0.001700564,1.711595774,-1.548449993,-1.711672544,-1.548527837,-1.711661935
373,7460.003,1786880261912.645,15049730.580,0.000000000,-0.000066610,-0.001743165,1.711710572,-1.548556209,-1.711786151,-1.548632026,-1.711775422
374,7479.997,1786880261932.639,15049750.574,0.000000000,-0.000065055,-0.001788763,1.711824775,-1.548664212,-1.711899042,-1.548738599,-1.711888194
375,7499.996,1786880261952.638,15049770.573,0.000000000,-0.000063799,-0.001825012,1.711909890,-1.548747063,-1.711983323,-1.548820019,-1.711972475
376,7520.031,1786880261972.673,15049790.608,0.000000000,-0.000062574,-0.001872474,1.712023616,-1.548856735,-1.712095499,-1.548928499,-1.712084770
377,7540.029,1786880261992.672,15049810.607,0.000000000,-0.000062055,-0.001915086,1.712137580,-1.548962116,-1.712208271,-1.549034715,-1.712197542
378,7560.000,1786880262012.642,15049830.577,0.000000000,-0.000062215,-0.001949702,1.712252021,-1.549060106,-1.712321520,-1.549135327,-1.712310910
379,7579.998,1786880262032.640,15049850.575,0.000000000,-0.000062156,-0.001983320,1.712365985,-1.549156666,-1.712434173,-1.549234152,-1.712423801
380,7599.996,1786880262052.639,15049870.574,0.000000000,-0.000061380,-0.002018849,1.712478876,-1.549254656,-1.712545872,-1.549332619,-1.712535620
381,7619.995,1786880262072.637,15049890.572,0.000000000,-0.000060233,-0.002055708,1.712591171,-1.549353600,-1.712656856,-1.549431086,-1.712646842
382,7639.996,1786880262092.638,15049910.573,0.000000000,-0.000059416,-0.002089852,1.712702990,-1.549449325,-1.712767482,-1.549526691,-1.712757707
383,7659.999,1786880262112.641,15049930.576,0.000000000,-0.000058235,-0.002124036,1.712813735,-1.549543381,-1.712877154,-1.549620628,-1.712867618
384,7679.999,1786880262132.642,15049950.577,0.000000000,-0.000056327,-0.002161246,1.712923765,-1.549639821,-1.712986112,-1.549715757,-1.712976456
385,7699.998,1786880262152.641,15049970.576,0.000000000,-0.000054651,-0.002198972,1.713034034,-1.549737096,-1.713095427,-1.549812794,-1.713085532
386,7719.997,1786880262172.639,15049990.574,0.000000000,-0.000053652,-0.002223065,1.713117242,-1.549806833,-1.713177919,-1.549883246,-1.713167787
387,7739.999,1786880262192.641,15050010.576,0.000000000,-0.000052149,-0.002251409,1.713227749,-1.549895644,-1.713287711,-1.549973249,-1.713277221
388,7760.035,1786880262212.677,15050030.612,0.000000000,-0.000049596,-0.002282468,1.713337064,-1.549986482,-1.713396072,-1.550063252,-1.713385463
389,7780.030,1786880262232.672,15050050.607,0.000000000,-0.000046466,-0.002317813,1.713445306,-1.550080895,-1.713503361,-1.550155044,-1.713492632
390,7800.030,1786880262252.672,15050070.607,0.000000000,-0.000043892,-0.002352999,1.713553309,-1.550174594,-1.713610291,-1.550246954,-1.713599682
391,7820.030,1786880262272.672,15050090.607,0.000000000,-0.000041642,-0.002386850,1.713660955,-1.550266504,-1.713716745,-1.550337672,-1.713706255
392,7840.013,1786880262292.656,15050110.591,0.000000000,-0.000039474,-0.002421760,1.713767648,-1.550358176,-1.713822484,-1.550428391,-1.713812113
393,7860.029,1786880262312.671,15050130.606,0.000000000,-0.000037384,-0.002458818,1.713873744,-1.550450563,-1.713927507,-1.550520658,-1.713917136
394,7880.029,1786880262332.671,15050150.606,0.000000000,-0.000035575,-0.002489709,1.713979959,-1.550537109,-1.714032888,-1.550608158,-1.714022517
395,7900.024,1786880262352.666,15050170.601,0.000000000,-0.000033622,-0.002512963,1.714086294,-1.550617576,-1.714138269,-1.550688744,-1.714128137
396,7920.030,1786880262372.672,15050190.607,0.000000000,-0.000031458,-0.002533583,1.714191914,-1.550694823,-1.714243054,-1.550765514,-1.714233041
397,7940.004,1786880262392.646,15050210.581,0.000000000,-0.000029302,-0.002556420,1.714296341,-1.550772429,-1.714346766,-1.550842762,-1.714336872
398,7959.996,1786880262412.638,15050230.573,0.000000000,-0.000027117,-0.002581230,1.714400172,-1.550850868,-1.714449883,-1.550921082,-1.714439988
399,7979.995,1786880262432.637,15050250.572,0.000000000,-0.000025096,-0.002603105,1.714504123,-1.550926924,-1.714553118,-1.550997138,-1.714543223
400,8000.139,1786880262452.781,15050270.716,0.000000000,-0.000023892,-0.002618299,1.714581847,-1.550982475,-1.714630485,-1.551053524,-1.714620471
401,8020.029,1786880262472.671,15050290.606,0.000000000,-0.000022356,-0.002636594,1.714685321,-1.551054358,-1.714733243,-1.551127195,-1.714723349
402,8040.037,1786880262492.679,15050310.614,0.000000000,-0.000020408,-0.002649237,1.714788675,-1.551121473,-1.714836001,-1.551195621,-1.714826107
403,8060.030,1786880262512.672,15050330.607,0.000000000,-0.000018422,-0.002662116,1.714891434,-1.551188111,-1.714938283,-1.551263690,-1.714928389
404,8080.002,1786880262532.644,15050350.579,0.000000000,-0.000016434,-0.002677168,1.714993477,-1.551255822,-1.715039611,-1.551332951,-1.715029955
405,8100.032,1786880262552.674,15050370.609,0.000000000,-0.000014178,-0.002694962,1.715094686,-1.551324844,-1.715140104,-1.551403046,-1.715130687
406,8120.143,1786880262572.785,15050390.720,0.000000000,-0.000011383,-0.002713350,1.715195537,-1.551394343,-1.715240359,-1.551472664,-1.715231180
407,8140.142,1786880262592.784,15050410.719,0.000000000,-0.000007687,-0.002733613,1.715295911,-1.551465511,-1.715340376,-1.551541686,-1.715331078
408,8160.030,1786880262612.672,15050430.607,0.000000000,-0.000004513,-0.002743169,1.715396643,-1.551526070,-1.715440869,-1.551602960,-1.715431452
409,8180.006,1786880262632.649,15050450.584,0.000000000,-0.000001756,-0.002743421,1.715497613,-1.551579237,-1.715541482,-1.551656961,-1.715532303
410,8200.014,1786880262652.656,15050470.591,0.000000000,0.000001781,-0.002749449,1.715598702,-1.551641822,-1.715642214,-1.551715136,-1.715633035
411,8220.030,1786880262672.672,15050490.607,0.000000000,0.000004997,-0.002760094,1.715700269,-1.551712036,-1.715743184,-1.551777601,-1.715734124
412,8240.074,1786880262692.717,15050510.652,0.000000000,0.000005835,-0.002763712,1.715775490,-1.551757097,-1.715817690,-1.551822066,-1.715809345
413,8260.029,1786880262712.671,15050530.606,0.000000000,0.000005944,-0.002773217,1.715873241,-1.551814198,-1.715914726,-1.551883698,-1.715906978
414,8280.004,1786880262732.646,15050550.581,0.000000000,0.000006238,-0.002789391,1.715968490,-1.551871657,-1.716009617,-1.551948547,-1.716001630
415,8299.999,1786880262752.642,15050570.577,0.000000000,0.000007154,-0.002810753,1.716062784,-1.551932573,-1.716103911,-1.552015901,-1.716094971
416,8320.029,1786880262772.672,15050590.607,0.000000000,0.000008475,-0.002830544,1.716157794,-1.551992893,-1.716198921,-1.552082062,-1.716189146
417,8340.030,1786880262792.672,15050610.607,0.000000000,0.000010769,-0.002844210,1.716254354,-1.552050591,-1.716295362,-1.552144527,-1.716285467
418,8360.019,1786880262812.661,15050630.596,0.000000000,0.000015830,-0.002856166,1.716351867,-1.552111864,-1.716392517,-1.552204847,-1.716382504
419,8380.002,1786880262832.644,15050650.579,0.000000000,0.000023539,-0.002870440,1.716449499,-1.552178979,-1.716490030,-1.552265406,-1.716479659
420,8399.996,1786880262852.639,15050670.574,0.000000000,0.000032812,-0.002884264,1.716547847,-1.552249908,-1.716588020,-1.552325368,-1.716577291
421,8420.028,1786880262872.671,15050690.606,0.000000000,0.000041326,-0.002891717,1.716647029,-1.552317262,-1.716686964,-1.552380919,-1.716675997
422,8440.029,1786880262892.671,15050710.606,0.000000000,0.000047171,-0.002890117,1.716746926,-1.552375913,-1.716786623,-1.552432299,-1.716775775
423,8460.029,1786880262912.671,15050730.606,0.000000000,0.000050633,-0.002882309,1.716847062,-1.552427053,-1.716886282,-1.552481174,-1.716875911
424,8480.002,1786880262932.645,15050750.580,0.000000000,0.000052832,-0.002867693,1.716946840,-1.552470803,-1.716985822,-1.552525997,-1.716976047
425,8500.029,1786880262952.671,15050770.606,0.000000000,0.000054960,-0.002849887,1.717046499,-1.552511454,-1.717085123,-1.552568197,-1.717075944
426,8520.029,1786880262972.671,15050790.606,0.000000000,0.000056666,-0.002839024,1.717120528,-1.552543163,-1.717159033,-1.552601099,-1.717150211
427,8540.029,1786880262992.672,15050810.607,0.000000000,0.000058957,-0.002827556,1.717218280,-1.552585840,-1.717256665,-1.552646399,-1.717247963
428,8560.019,1786880263012.661,15050830.596,0.000000000,0.000061184,-0.002816514,1.717314959,-1.552626967,-1.717353225,-1.552690744,-1.717344761
429,8580.001,1786880263032.643,15050850.578,0.000000000,0.000063634,-0.002805511,1.717410922,-1.552667260,-1.717448950,-1.552733541,-1.717440963
430,8599.998,1786880263052.640,15050870.575,0.000000000,0.000066173,-0.002796340,1.717505693,-1.552707314,-1.717543721,-1.552776098,-1.717535973
431,8620.028,1786880263072.670,15050890.605,0.000000000,0.000068873,-0.002790354,1.717599392,-1.552748203,-1.717637300,-1.552819490,-1.717629790
432,8640.030,1786880263092.672,15050910.607,0.000000000,0.000071933,-0.002786657,1.717692494,-1.552790999,-1.717730403,-1.552863598,-1.717723250
433,8660.029,1786880263112.672,15050930.607,0.000000000,0.000075514,-0.002784371,1.717786074,-1.552836537,-1.717823982,-1.552909136,-1.717816949
434,8680.028,1786880263132.671,15050950.605,0.000000000,0.000079873,-0.002782770,1.717880368,-1.552885175,-1.717918396,-1.552956104,-1.717911124
435,8699.997,1786880263152.639,15050970.574,0.000000000,0.000084314,-0.002781031,1.717975020,-1.552935600,-1.718013167,-1.553003669,-1.718005776
436,8720.029,1786880263172.671,15050990.606,0.000000000,0.000088371,-0.002777155,1.718069911,-1.552984715,-1.718108058,-1.553050756,-1.718100667
437,8740.007,1786880263192.649,15051010.584,0.000000000,0.000092351,-0.002769117,1.718165517,-1.553031325,-1.718203545,-1.553096294,-1.718196273
438,8760.050,1786880263212.692,15051030.627,0.000000000,0.000095357,-0.002760158,1.718237519,-1.553064466,-1.718275428,-1.553129077,-1.718268156
439,8780.029,1786880263232.671,15051050.606,0.000000000,0.000099309,-0.002746560,1.718333244,-1.553107262,-1.718371153,-1.553171277,-1.718363881
440,8799.996,1786880263252.638,15051070.573,0.000000000,0.000103150,-0.002733198,1.718428016,-1.553149223,-1.718466043,-1.553212523,-1.718458772
441,8820.032,1786880263272.674,15051090.609,0.000000000,0.000106888,-0.002721410,1.718521833,-1.553190351,-1.718559742,-1.553253293,-1.718552589
442,8840.036,1786880263292.678,15051110.613,0.000000000,0.000110550,-0.002711063,1.718614697,-1.553231478,-1.718652725,-1.553294182,-1.718645573
443,8860.075,1786880263312.718,15051130.653,0.000000000,0.000114354,-0.002702116,1.718706846,-1.553272843,-1.718744874,-1.553335309,-1.718737841
444,8880.043,1786880263332.685,15051150.620,0.000000000,0.000118506,-0.002694768,1.718798518,-1.553315520,-1.718836665,-1.553376913,-1.718829632
445,8900.002,1786880263352.644,15051170.579,0.000000000,0.000122910,-0.002686891,1.718890309,-1.553358316,-1.718928576,-1.553417563,-1.718921423
446,8920.042,1786880263372.684,15051190.619,0.000000000,0.000127195,-0.002676630,1.718982816,-1.553400517,-1.719021440,-1.553457022,-1.719014049
447,8940.031,1786880263392.673,15051210.608,0.000000000,0.000130852,-0.002663583,1.719076037,-1.553441763,-1.719114900,-1.553495646,-1.719107389
448,8960.031,1786880263412.673,15051230.608,0.000000000,0.000133845,-0.002649633,1.719169259,-1.553481698,-1.719208241,-1.553534508,-1.719200969
449,8980.029,1786880263432.671,15051250.606,0.000000000,0.000136410,-0.002632292,1.719261885,-1.553516984,-1.719300985,-1.553570509,-1.719293833
450,9000.005,1786880263452.648,15051270.583,0.000000000,0.000138591,-0.002611419,1.719353437,-1.553546667,-1.719392538,-1.553603292,-1.719385862
451,9020.034,1786880263472.676,15051290.611,0.000000000,0.000140536,-0.002594286,1.719421148,-1.553566813,-1.719460249,-1.553625464,-1.719454050
452,9040.031,1786880263492.673,15051310.608,0.000000000,0.000143705,-0.002573532,1.719510198,-1.553594351,-1.719549417,-1.553654790,-1.719543576
453,9060.030,1786880263512.673,15051330.608,0.000000000,0.000147163,-0.002555855,1.719598532,-1.553623796,-1.719637990,-1.553685427,-1.719632268
454,9080.030,1786880263532.672,15051350.608,0.000000000,0.000150724,-0.002541381,1.719686270,-1.553655744,-1.719725966,-1.553717613,-1.719720244
455,9100.001,1786880263552.643,15051370.578,0.000000000,0.000154282,-0.002529571,1.719773769,-1.553689837,-1.719813704,-1.553751945,-1.719807863
456,9120.030,1786880263572.672,15051390.608,0.000000000,0.000158069,-0.002518756,1.719861746,-1.553726196,-1.719901919,-1.553788066,-1.719895959
457,9140.030,1786880263592.672,15051410.607,0.000000000,0.000162802,-0.002507287,1.719949961,-1.553763509,-1.719990373,-1.553823352,-1.719984293
458,9160.045,1786880263612.688,15051430.622,0.000000000,0.000168683,-0.002495061,1.720038891,-1.553802848,-1.720079660,-1.553858280,-1.720073223
459,9180.031,1786880263632.673,15051450.608,0.000000000,0.000174838,-0.002481543,1.720128536,-1.553843021,-1.720169783,-1.553893209,-1.720162868
460,9200.003,1786880263652.645,15051470.580,0.000000000,0.000180478,-0.002465453,1.720218658,-1.553881049,-1.720260501,-1.553926826,-1.720252752
461,9220.030,1786880263672.672,15051490.607,0.000000000,0.000185009,-0.002447881,1.720308900,-1.553917766,-1.720351219,-1.553960919,-1.720343113
462,9240.029,1786880263692.671,15051510.606,0.000000000,0.000188238,-0.002427515,1.720399261,-1.553951979,-1.720441699,-1.553994417,-1.720433712
463,9260.028,1786880263712.670,15051530.605,0.000000000,0.000189878,-0.002411922,1.720467091,-1.553977132,-1.720509529,-1.554020405,-1.720501781
464,9280.028,1786880263732.670,15051550.605,0.000000000,0.000191535,-0.002391823,1.720557213,-1.554010987,-1.720599532,-1.554056406,-1.720592260
465,9300.002,1786880263752.645,15051570.579,0.000000000,0.000193301,-0.002373708,1.720646262,-1.554044724,-1.720688581,-1.554092884,-1.720681667
466,9320.029,1786880263772.672,15051590.607,0.000000000,0.000195299,-0.002357687,1.720734239,-1.554078579,-1.720776558,-1.554129243,-1.720770001
467,9340.031,1786880263792.674,15051610.609,0.000000000,0.000197365,-0.002343645,1.720821261,-1.554112911,-1.720863581,-1.554165959,-1.720857143
468,9360.084,1786880263812.726,15051630.661,0.000000000,0.000199605,-0.002331651,1.720907450,-1.554148197,-1.720949769,-1.554203272,-1.720943570
469,9380.012,1786880263832.655,15051650.590,0.000000000,0.000202377,-0.002320886,1.720993042,-1.554184198,-1.721035361,-1.554240465,-1.721029401
470,9399.995,1786880263852.638,15051670.573,0.000000000,0.000205866,-0.002310350,1.721078157,-1.554219961,-1.721120715,-1.554276466,-1.721114755
471,9420.009,1786880263872.651,15051690.586,0.000000000,0.000209832,-0.002298126,1.721163750,-1.554255605,-1.721206546,-1.554311752,-1.721200466
472,9440.088,1786880263892.730,15051710.665,0.000000000,0.000213880,-0.002285480,1.721249580,-1.554291844,-1.721292496,-1.554347277,-1.721286416
473,9460.023,1786880263912.666,15051730.600,0.000000000,0.000218053,-0.002272518,1.721335530,-1.554328561,-1.721378684,-1.554382682,-1.721372366
474,9480.035,1786880263932.677,15051750.613,0.000000000,0.000222051,-0.002258769,1.721421480,-1.554365039,-1.721464753,-1.554417610,-1.721458554
475,9500.002,1786880263952.644,15051770.579,0.000000000,0.000225456,-0.002245037,1.721507907,-1.554402590,-1.721551299,-1.554454327,-1.721545100
476,9520.019,1786880263972.661,15051790.596,0.000000000,0.000227869,-0.002234532,1.721572876,-1.554431081,-1.721616149,-1.554482698,-1.721610188
477,9540.040,1786880263992.682,15051810.617,0.000000000,0.000231117,-0.002220189,1.721659064,-1.554468393,-1.721702456,-1.554520011,-1.721696496
478,9560.021,1786880264012.663,15051830.598,0.000000000,0.000234300,-0.002205482,1.721744657,-1.554504395,-1.721788049,-1.554556251,-1.721782207
479,9580.004,1786880264032.646,15051850.581,0.000000000,0.000237347,-0.002191113,1.721829534,-1.554539800,-1.721872926,-1.554591894,-1.721867204
480,9599.996,1786880264052.639,15051870.574,0.000000000,0.000240276,-0.002177886,1.721913576,-1.554574847,-1.721956968,-1.554627299,-1.721951365
481,9620.032,1786880264072.675,15051890.610,0.000000000,0.000243217,-0.002166367,1.721996903,-1.554610252,-1.722040415,-1.554663062,-1.722034931
482,9640.032,1786880264092.674,15051910.609,0.000000000,0.000246321,-0.002154377,1.722079992,-1.554644704,-1.722123623,-1.554698110,-1.722118139
483,9660.034,1786880264112.677,15051930.612,0.000000000,0.000249665,-0.002141522,1.722162962,-1.554678798,-1.722206831,-1.554732203,-1.722201347
484,9680.033,1786880264132.676,15051950.611,0.000000000,0.000253183,-0.002128443,1.722245932,-1.554712892,-1.722290039,-1.554765821,-1.722284436
485,9700.010,1786880264152.652,15051970.587,0.000000000,0.000256779,-0.002114928,1.722328663,-1.554746866,-1.722372890,-1.554798961,-1.722367406
486,9720.039,1786880264172.681,15051990.616,0.000000000,0.000260408,-0.002101386,1.722411275,-1.554781079,-1.722455740,-1.554832339,-1.722450137
487,9740.038,1786880264192.680,15052010.615,0.000000000,0.000264048,-0.002087949,1.722493768,-1.554815531,-1.722538471,-1.554865837,-1.722532868
488,9760.202,1786880264212.844,15052030.779,0.000000000,0.000267634,-0.002074376,1.722576141,-1.554849982,-1.722621083,-1.554899335,-1.722615480
489,9780.032,1786880264232.674,15052050.609,0.000000000,0.000270258,-0.002063845,1.722637892,-1.554875374,-1.722682834,-1.554924250,-1.722677231
490,9800.010,1786880264252.652,15052070.587,0.000000000,0.000273628,-0.002049276,1.722719789,-1.554908514,-1.722764969,-1.554957032,-1.722759366
491,9819.999,1786880264272.641,15052090.576,0.000000000,0.000276811,-0.002034533,1.722801447,-1.554941058,-1.722846746,-1.554989696,-1.722841144
492,9840.029,1786880264292.671,15052110.606,0.000000000,0.000279842,-0.002020492,1.722882509,-1.554973722,-1.722928047,-1.555022597,-1.722922444
493,9860.043,1786880264312.685,15052130.620,0.000000000,0.000282753,-0.002007085,1.722963095,-1.555005670,-1.723008752,-1.555055261,-1.723003149
494,9880.032,1786880264332.674,15052150.609,0.000000000,0.000285700,-0.001993175,1.723043323,-1.555037141,-1.723089099,-1.555087447,-1.723083615
495,9899.996,1786880264352.638,15052170.573,0.000000000,0.000288793,-0.001979424,1.723123431,-1.555069089,-1.723169446,-1.555119634,-1.723163962
496,9919.999,1786880264372.641,15052190.576,0.000000000,0.000292015,-0.001966080,1.723203540,-1.555101752,-1.723249674,-1.555152297,-1.723244190
497,9940.009,1786880264392.651,15052210.586,0.000000000,0.000295404,-0.001953050,1.723283648,-1.555135131,-1.723329902,-1.555185318,-1.723324418
498,9960.028,1786880264412.670,15052230.605,0.000000000,0.000298903,-0.001940354,1.723363519,-1.555168867,-1.723409891,-1.555218339,-1.723404408
499,9980.042,1786880264432.685,15052250.620,0.000000000,0.000302336,-0.001928136,1.723443031,-1.555202842,-1.723489642,-1.555251598,-1.723484039
500,10000.018,1786880264452.660,15052270.595,0.000000000,0.000305588,-0.001916115,1.723522305,-1.555236697,-1.723568916,-1.555284858,-1.723563433
501,10020.005,1786880264472.647,15052290.582,0.000000000,0.000308675,-0.001903525,1.723601341,-1.555269957,-1.723648190,-1.555317760,-1.723642707
502,10040.001,1786880264492.643,15052310.578,0.000000000,0.000310957,-0.001893812,1.723660588,-1.555294514,-1.723707438,-1.555342197,-1.723702073
503,10060.031,1786880264512.674,15052330.609,0.000000000,0.000313994,-0.001880837,1.723739386,-1.555327654,-1.723786354,-1.555375099,-1.723781109
504,10080.032,1786880264532.674,15052350.609,0.000000000,0.000317022,-0.001868616,1.723818183,-1.555361748,-1.723865271,-1.555409074,-1.723860025
505,10100.021,1786880264552.663,15052370.598,0.000000000,0.000320001,-0.001856782,1.723896623,-1.555395603,-1.723943710,-1.555443048,-1.723938465
506,10120.008,1786880264572.651,15052390.586,0.000000000,0.000322996,-0.001844339,1.723974466,-1.555428147,-1.724021792,-1.555475712,-1.724016547
507,10140.035,1786880264592.677,15052410.612,0.000000000,0.000325991,-0.001831267,1.724051833,-1.555459142,-1.724099278,-1.555507064,-1.724093914
508,10160.032,1786880264612.675,15052430.610,0.000000000,0.000329063,-0.001818470,1.724128842,-1.555490255,-1.724176526,-1.555538416,-1.724171162
509,10180.041,1786880264632.683,15052450.619,0.000000000,0.000332287,-0.001805968,1.724205732,-1.555521727,-1.724253535,-1.555569887,-1.724248171
510,10200.021,1786880264652.663,15052470.598,0.000000000,0.000335632,-0.001794371,1.724282503,-1.555554390,-1.724330544,-1.555602074,-1.724325180
511,10220.007,1786880264672.649,15052490.584,0.000000000,0.000339068,-0.001783440,1.724359274,-1.555588007,-1.724407315,-1.555634975,-1.724401951
512,10240.033,1786880264692.675,15052510.610,0.000000000,0.000342478,-0.001772470,1.724435925,-1.555621862,-1.724484086,-1.555667758,-1.724478722
513,10260.032,1786880264712.674,15052530.609,0.000000000,0.000345706,-0.001760886,1.724512339,-1.555654883,-1.724560618,-1.555700183,-1.724555373
514,10280.035,1786880264732.677,15052550.612,0.000000000,0.000347837,-0.001751973,1.724569440,-1.555679083,-1.724617839,-1.555724263,-1.724612594
515,10300.020,1786880264752.662,15052570.597,0.000000000,0.000350420,-0.001740419,1.724645376,-1.555711389,-1.724693775,-1.555756807,-1.724688649
516,10320.005,1786880264772.647,15052590.582,0.000000000,0.000353066,-0.001728717,1.724721193,-1.555744052,-1.724769592,-1.555789590,-1.724764705
517,10340.021,1786880264792.663,15052610.598,0.000000000,0.000355784,-0.001716833,1.724796891,-1.555776596,-1.724845409,-1.555822611,-1.724840522
518,10360.039,1786880264812.681,15052630.616,0.000000000,0.000358582,-0.001704513,1.724872231,-1.555808187,-1.724920750,-1.555854559,-1.724915862
519,10380.020,1786880264832.662,15052650.597,0.000000000,0.000361507,-0.001692223,1.724946499,-1.555838108,-1.724995255,-1.555884957,-1.724990368
520,10400.001,1786880264852.643,15052670.578,0.000000000,0.000364518,-0.001680369,1.725020409,-1.555867910,-1.725069284,-1.555915117,-1.725064397
521,10420.002,1786880264872.644,15052690.579,0.000000000,0.000367614,-0.001668430,1.725094199,-1.555897713,-1.725143313,-1.555945039,-1.725138307
522,10440.035,1786880264892.677,15052710.612,0.000000000,0.000371040,-0.001658530,1.725167871,-1.555929661,-1.725217104,-1.555976391,-1.725212097
523,10460.012,1786880264912.655,15052730.590,0.000000000,0.000374625,-0.001649092,1.725241780,-1.555963159,-1.725291252,-1.556008577,-1.725286126
524,10480.031,1786880264932.673,15052750.608,0.000000000,0.000378120,-0.001639677,1.725316167,-1.555997610,-1.725365758,-1.556041598,-1.725360513
525,10500.020,1786880264952.663,15052770.598,0.000000000,0.000381311,-0.001629892,1.725390434,-1.556032300,-1.725440145,-1.556074739,-1.725434899
526,10520.003,1786880264972.646,15052790.581,0.000000000,0.000383417,-0.001622282,1.725445986,-1.556057692,-1.725495696,-1.556099415,-1.725490570
527,10540.038,1786880264992.681,15052810.615,0.000000000,0.000385893,-0.001611888,1.725519776,-1.556090593,-1.725569487,-1.556132078,-1.725564599
528,10560.019,1786880265012.661,15052830.596,0.000000000,0.000388192,-0.001600067,1.725593090,-1.556121349,-1.725642681,-1.556163430,-1.725638032
529,10580.003,1786880265032.645,15052850.580,0.000000000,0.000390046,-0.001586710,1.725665808,-1.556149840,-1.725715518,-1.556193948,-1.725710988
530,10599.998,1786880265052.640,15052870.575,0.000000000,0.000391860,-0.001573977,1.725737929,-1.556178451,-1.725787640,-1.556224823,-1.725783348
531,10620.028,1786880265072.670,15052890.605,0.000000000,0.000394102,-0.001562685,1.725809455,-1.556207657,-1.725859165,-1.556255579,-1.725854993
532,10640.029,1786880265092.671,15052910.606,0.000000000,0.000396988,-0.001551793,1.725880265,-1.556236625,-1.725929976,-1.556284785,-1.725925803
533,10660.010,1786880265112.652,15052930.587,0.000000000,0.000400301,-0.001542206,1.725950122,-1.556265354,-1.725999951,-1.556313157,-1.725995779
534,10680.032,1786880265132.674,15052950.609,0.000000000,0.000403705,-0.001533806,1.726019859,-1.556295037,-1.726070046,-1.556342483,-1.726065755
535,10700.022,1786880265152.664,15052970.599,0.000000000,0.000407409,-0.001525264,1.726090074,-1.556325555,-1.726140618,-1.556372046,-1.726135969
536,10720.015,1786880265172.658,15052990.593,0.000000000,0.000411421,-0.001517436,1.726161003,-1.556358576,-1.726211667,-1.556403160,-1.726206779
537,10740.030,1786880265192.672,15053010.607,0.000000000,0.000415526,-0.001510144,1.726232529,-1.556393981,-1.726283550,-1.556435943,-1.726278305
538,10760.032,1786880265212.675,15053030.609,0.000000000,0.000418347,-0.001504246,1.726286769,-1.556421280,-1.726337910,-1.556461215,-1.726332426
539,10780.032,1786880265232.674,15053050.609,0.000000000,0.000421438,-0.001494284,1.726359129,-1.556456208,-1.726410389,-1.556494236,-1.726404786
540,10800.009,1786880265252.651,15053070.586,0.000000000,0.000423635,-0.001481249,1.726431727,-1.556488633,-1.726482987,-1.556526065,-1.726477623
541,10820.039,1786880265272.682,15053090.617,0.000000000,0.000425198,-0.001466103,1.726503968,-1.556518555,-1.726555109,-1.556556225,-1.726550102
542,10840.039,1786880265292.681,15053110.616,0.000000000,0.000426093,-0.001451174,1.726574898,-1.556546330,-1.726625919,-1.556585431,-1.726621389
543,10860.089,1786880265312.731,15053130.666,0.000000000,0.000426534,-0.001439320,1.726643085,-1.556570530,-1.726693869,-1.556613803,-1.726689935
544,10880.030,1786880265332.672,15053150.607,0.000000000,0.000427336,-0.001430665,1.726708651,-1.556592822,-1.726759434,-1.556641102,-1.726755977
545,10900.019,1786880265352.661,15053170.596,0.000000000,0.000429175,-0.001422135,1.726773381,-1.556614399,-1.726824403,-1.556666136,-1.726821065
546,10920.135,1786880265372.778,15053190.713,0.000000000,0.000432164,-0.001413419,1.726838470,-1.556637764,-1.726889729,-1.556690693,-1.726886392
547,10939.998,1786880265392.640,15053210.575,0.000000000,0.000436156,-0.001406279,1.726904392,-1.556665421,-1.726955891,-1.556717277,-1.726952314
548,10960.029,1786880265412.671,15053230.606,0.000000000,0.000440490,-0.001400243,1.726971507,-1.556697130,-1.727023244,-1.556747079,-1.727019429
549,10980.030,1786880265432.673,15053250.608,0.000000000,0.000445366,-0.001394494,1.727039695,-1.556731820,-1.727091670,-1.556778789,-1.727087379
550,11000.017,1786880265452.660,15053270.595,0.000000000,0.000450711,-0.001388377,1.727108359,-1.556768179,-1.727160692,-1.556810856,-1.727155805
551,11020.028,1786880265472.671,15053290.606,0.000000000,0.000454668,-0.001382355,1.727160215,-1.556794405,-1.727212667,-1.556833863,-1.727207422
552,11040.002,1786880265492.644,15053310.579,0.000000000,0.000459343,-0.001372806,1.727229238,-1.556827903,-1.727282166,-1.556863546,-1.727276206
553,11060.076,1786880265512.719,15053330.653,0.000000000,0.000462836,-0.001363158,1.727297783,-1.556860209,-1.727350950,-1.556893468,-1.727344632
554,11080.029,1786880265532.671,15053350.606,0.000000000,0.000464899,-0.001351287,1.727366328,-1.556890011,-1.727419496,-1.556923032,-1.727413297
555,11100.016,1786880265552.659,15053370.594,0.000000000,0.000465888,-0.001338557,1.727434516,-1.556917787,-1.727487683,-1.556952834,-1.727481723
556,11120.081,1786880265572.723,15053390.658,0.000000000,0.000466558,-0.001328128,1.727502227,-1.556946754,-1.727555275,-1.556984425,-1.727549672
557,11140.002,1786880265592.644,15053410.579,0.000000000,0.000467039,-0.001319071,1.727569222,-1.556975842,-1.727622032,-1.557016730,-1.727616906
558,11160.029,1786880265612.672,15053430.607,0.000000000,0.000467686,-0.001311112,1.727635503,-1.557004929,-1.727688074,-1.557049036,-1.727683306
559,11180.037,1786880265632.679,15053450.614,0.000000000,0.000468975,-0.001303578,1.727701187,-1.557034135,-1.727753639,-1.557080388,-1.727749228
560,11199.998,1786880265652.640,15053470.575,0.000000000,0.000471022,-0.001297217,1.727766514,-1.557064533,-1.727818847,-1.557111502,-1.727814674
561,11220.030,1786880265672.673,15053490.608,0.000000000,0.000473583,-0.001292010,1.727831841,-1.557096004,-1.727884054,-1.557143450,-1.727880001
562,11240.002,1786880265692.645,15053510.579,0.000000000,0.000476612,-0.001287134,1.727897167,-1.557128429,-1.727949500,-1.557175398,-1.727945328
563,11260.033,1786880265712.676,15053530.610,0.000000000,0.000480002,-0.001281908,1.727962375,-1.557160974,-1.728014708,-1.557206631,-1.728010535
564,11280.031,1786880265732.673,15053550.608,0.000000000,0.000482609,-0.001277037,1.728011250,-1.557184696,-1.728063583,-1.557229161,-1.728059292
565,11300.018,1786880265752.660,15053570.595,0.000000000,0.000485906,-0.001269272,1.728076220,-1.557214975,-1.728128672,-1.557258010,-1.728124380
566,11320.028,1786880265772.670,15053590.605,0.000000000,0.000489015,-0.001260987,1.728141069,-1.557244658,-1.728193641,-1.557286620,-1.728189230
567,11340.003,1786880265792.646,15053610.581,0.000000000,0.000491981,-0.001252253,1.728205681,-1.557273746,-1.728258371,-1.557314873,-1.728254080
568,11360.009,1786880265812.651,15053630.586,0.000000000,0.000494832,-0.001243211,1.728270173,-1.557302356,-1.728322864,-1.557342649,-1.728318572
569,11380.028,1786880265832.670,15053650.605,0.000000000,0.000497591,-0.001234068,1.728334308,-1.557330489,-1.728387117,-1.557370424,-1.728382826
570,11399.997,1786880265852.639,15053670.574,0.000000000,0.000500231,-0.001224726,1.728398323,-1.557358265,-1.728451133,-1.557397962,-1.728446960
571,11420.042,1786880265872.685,15053690.620,0.000000000,0.000502773,-0.001215369,1.728461981,-1.557385683,-1.728515029,-1.557425380,-1.728510737
572,11440.000,1786880265892.643,15053710.578,0.000000000,0.000505285,-0.001205945,1.728525519,-1.557412744,-1.728578687,-1.557452440,-1.728574395
573,11460.030,1786880265912.672,15053730.607,0.000000000,0.000507794,-0.001196362,1.728588820,-1.557439566,-1.728642106,-1.557479262,-1.728637815
574,11480.038,1786880265932.680,15053750.615,0.000000000,0.000510313,-0.001186590,1.728652000,-1.557466030,-1.728705406,-1.557505727,-1.728701115
575,11500.016,1786880265952.658,15053770.593,0.000000000,0.000512849,-0.001176681,1.728714943,-1.557492375,-1.728768587,-1.557531953,-1.728764296
576,11520.046,1786880265972.688,15053790.623,0.000000000,0.000514764,-0.001169109,1.728762150,-1.557512164,-1.728815794,-1.557551503,-1.728811502
577,11540.003,1786880265992.645,15053810.580,0.000000000,0.000517321,-0.001158913,1.728824973,-1.557538390,-1.728878736,-1.557577610,-1.728874445
578,11560.016,1786880266012.658,15053830.593,0.000000000,0.000519869,-0.001148767,1.728887558,-1.557564735,-1.728941560,-1.557603717,-1.728937268
579,11580.032,1786880266032.675,15053850.609,0.000000000,0.000522408,-0.001138709,1.728950143,-1.557591200,-1.729004145,-1.557629943,-1.728999853
580,11599.998,1786880266052.640,15053870.575,0.000000000,0.000524938,-0.001128704,1.729012370,-1.557617426,-1.729066610,-1.557656050,-1.729062319
581,11620.029,1786880266072.672,15053890.607,0.000000000,0.000527448,-0.001118706,1.729074359,-1.557643533,-1.729128718,-1.557682037,-1.729124427
582,11640.026,1786880266092.669,15053910.604,0.000000000,0.000529948,-0.001108829,1.729136109,-1.557669520,-1.729190588,-1.557708025,-1.729186296
583,11660.027,1786880266112.669,15053930.604,0.000000000,0.000532453,-0.001099061,1.729197621,-1.557695389,-1.729252219,-1.557733893,-1.729247928
584,11680.036,1786880266132.678,15053950.613,0.000000000,0.000534971,-0.001089303,1.729259014,-1.557721257,-1.729313612,-1.557759643,-1.729309440
585,11700.018,1786880266152.660,15053970.595,0.000000000,0.000537494,-0.001079501,1.729320168,-1.557747006,-1.729374886,-1.557785273,-1.729370713
586,11720.029,1786880266172.672,15053990.607,0.000000000,0.000540047,-0.001069715,1.729381204,-1.557772756,-1.729436040,-1.557810664,-1.729431868
587,11740.030,1786880266192.673,15054010.608,0.000000000,0.000542652,-0.001060006,1.729442000,-1.557798386,-1.729497075,-1.557836056,-1.729492903
588,11760.029,1786880266212.671,15054030.606,0.000000000,0.000545288,-0.001050388,1.729502559,-1.557824135,-1.729557753,-1.557861328,-1.729553580
589,11780.029,1786880266232.671,15054050.606,0.000000000,0.000547265,-0.001043170,1.729547977,-1.557843328,-1.729603171,-1.557880163,-1.729599118
590,11800.006,1786880266252.649,15054070.583,0.000000000,0.000549875,-0.001033425,1.729608297,-1.557868719,-1.729663730,-1.557905197,-1.729659557
591,11820.036,1786880266272.678,15054090.614,0.000000000,0.000552454,-0.001023835,1.729668617,-1.557894468,-1.729724050,-1.557930589,-1.729719996
592,11840.035,1786880266292.678,15054110.613,0.000000000,0.000555017,-0.001015145,1.729728699,-1.557921171,-1.729784250,-1.557956815,-1.729780197
593,11860.034,1786880266312.676,15054130.611,0.000000000,0.000557524,-0.001006665,1.729788661,-1.557947755,-1.729844213,-1.557983041,-1.729840159
594,11880.001,1786880266332.643,15054150.578,0.000000000,0.000559970,-0.000997796,1.729848266,-1.557973742,-1.729903936,-1.558008909,-1.729900002
595,11899.996,1786880266352.638,15054170.573,0.000000000,0.000562371,-0.000988471,1.729907751,-1.557999134,-1.729963541,-1.558034182,-1.729959607
596,11920.082,1786880266372.724,15054190.659,0.000000000,0.000564748,-0.000978404,1.729966998,-1.558023572,-1.730022907,-1.558058619,-1.730018973
597,11940.028,1786880266392.671,15054210.606,0.000000000,0.000567093,-0.000967102,1.730026126,-1.558046579,-1.730082273,-1.558081865,-1.730078340
598,11959.999,1786880266412.642,15054230.577,0.000000000,0.000569441,-0.000955834,1.730085135,-1.558069587,-1.730141401,-1.558104992,-1.730137467
599,11980.027,1786880266432.669,15054250.604,0.000000000,0.000571826,-0.000945221,1.730143905,-1.558093309,-1.730200410,-1.558128834,-1.730196357
600,12000.019,1786880266452.661,15054270.596,0.000000000,0.000574241,-0.000935630,1.730202556,-1.558117986,-1.730259180,-1.558153391,-1.730255127
601,12020.029,1786880266472.672,15054290.607,0.000000000,0.000576066,-0.000928736,1.730246425,-1.558136702,-1.730303168,-1.558171988,-1.730299115
602,12040.028,1786880266492.671,15054310.606,0.000000000,0.000578495,-0.000919700,1.730304837,-1.558161855,-1.730361581,-1.558197021,-1.730357647
603,12060.004,1786880266512.646,15054330.581,0.000000000,0.000580890,-0.000910743,1.730363011,-1.558187008,-1.730419874,-1.558221936,-1.730415940
604,12079.997,1786880266532.639,15054350.574,0.000000000,0.000583234,-0.000901815,1.730421066,-1.558212161,-1.730478048,-1.558246970,-1.730474114
605,12100.020,1786880266552.663,15054370.598,0.000000000,0.000585529,-0.000893145,1.730479002,-1.558237553,-1.730536103,-1.558272362,-1.730532050
606,12120.031,1786880266572.673,15054390.608,0.000000000,0.000587834,-0.000884972,1.730536699,-1.558263421,-1.730593920,-1.558298111,-1.730589986
607,12140.035,1786880266592.677,15054410.612,0.000000000,0.000590130,-0.000876607,1.730594277,-1.558288813,-1.730651498,-1.558323383,-1.730647564
608,12160.004,1786880266612.646,15054430.581,0.000000000,0.000592376,-0.000867238,1.730651498,-1.558312774,-1.730708838,-1.558347464,-1.730704904
609,12180.032,1786880266632.675,15054450.609,0.000000000,0.000594631,-0.000858077,1.730708599,-1.558336735,-1.730766058,-1.558371663,-1.730762124
610,12200.032,1786880266652.675,15054470.610,0.000000000,0.000596939,-0.000849303,1.730765581,-1.558361292,-1.730823159,-1.558396220,-1.730819225
611,12220.042,1786880266672.685,15054490.620,0.000000000,0.000599305,-0.000840799,1.730822444,-1.558386207,-1.730880141,-1.558421016,-1.730876207
612,12240.141,1786880266692.783,15054510.718,0.000000000,0.000601710,-0.000832467,1.730879068,-1.558411360,-1.730936885,-1.558445811,-1.730933070
613,12260.006,1786880266712.648,15054530.583,0.000000000,0.000603517,-0.000826292,1.730921507,-1.558430195,-1.730979323,-1.558464408,-1.730975509
614,12280.028,1786880266732.671,15054550.606,0.000000000,0.000605907,-0.000818088,1.730977893,-1.558455110,-1.731035829,-1.558489203,-1.731032014
615,12300.017,1786880266752.660,15054570.595,0.000000000,0.000608259,-0.000809892,1.731034040,-1.558480024,-1.731092095,-1.558513761,-1.731088281
616,12320.136,1786880266772.779,15054590.714,0.000000000,0.000610574,-0.000801783,1.731090188,-1.558505058,-1.731148243,-1.558538675,-1.731144428
617,12340.030,1786880266792.673,15054610.608,0.000000000,0.000612898,-0.000794089,1.731146097,-1.558530569,-1.731204152,-1.558563828,-1.731200457
618,12360.003,1786880266812.646,15054630.581,0.000000000,0.000615171,-0.000786552,1.731201768,-1.558555722,-1.731259942,-1.558588862,-1.731256247
619,12380.031,1786880266832.673,15054650.608,0.000000000,0.000617347,-0.000778300,1.731257200,-1.558579683,-1.731315494,-1.558613181,-1.731311679
620,12399.997,1786880266852.640,15054670.575,0.000000000,0.000619518,-0.000770056,1.731312513,-1.558603764,-1.731370807,-1.558637381,-1.731367111
621,12420.030,1786880266872.672,15054690.607,0.000000000,0.000621751,-0.000762060,1.731367588,-1.558628082,-1.731426120,-1.558661819,-1.731422424
622,12440.128,1786880266892.770,15054710.705,0.000000000,0.000624054,-0.000754263,1.731422663,-1.558652759,-1.731481194,-1.558686256,-1.731477499
623,12460.002,1786880266912.644,15054730.579,0.000000000,0.000626384,-0.000746632,1.731477618,-1.558677554,-1.731536269,-1.558710814,-1.731532574
624,12480.030,1786880266932.672,15054750.607,0.000000000,0.000628707,-0.000739112,1.731532454,-1.558702350,-1.731591105,-1.558735371,-1.731587410
625,12500.016,1786880266952.658,15054770.593,0.000000000,0.000630437,-0.000733463,1.731573343,-1.558720946,-1.731632113,-1.558753848,-1.731628418
626,12520.031,1786880266972.673,15054790.608,0.000000000,0.000632717,-0.000725919,1.731627822,-1.558745503,-1.731686592,-1.558778167,-1.731682897
627,12540.030,1786880266992.672,15054810.607,0.000000000,0.000634954,-0.000718381,1.731682062,-1.558770061,-1.731740952,-1.558802605,-1.731737256
628,12560.001,1786880267012.644,15054830.579,0.000000000,0.000637151,-0.000710902,1.731736183,-1.558794498,-1.731795073,-1.558826923,-1.731791496
629,12580.004,1786880267032.646,15054850.581,0.000000000,0.000639317,-0.000703484,1.731790185,-1.558818936,-1.731849194,-1.558851361,-1.731845498
630,12599.998,1786880267052.640,15054870.575,0.000000000,0.000641466,-0.000696137,1.731843948,-1.558843255,-1.731903076,-1.558875799,-1.731899381
631,12620.001,1786880267072.644,15054890.579,0.000000000,0.000643615,-0.000688920,1.731897593,-1.558867693,-1.731956720,-1.558900237,-1.731953144
632,12639.997,1786880267092.639,15054910.574,0.000000000,0.000645778,-0.000681819,1.731951118,-1.558892131,-1.732010245,-1.558924675,-1.732006669
633,12660.003,1786880267112.646,15054930.580,0.000000000,0.000647967,-0.000674804,1.732004404,-1.558916569,-1.732063651,-1.558948994,-1.732060075
634,12679.996,1786880267132.638,15054950.573,0.000000000,0.000650190,-0.000667859,1.732057571,-1.558941126,-1.732116938,-1.558973432,-1.732113361
635,12699.999,1786880267152.641,15054970.576,0.000000000,0.000652414,-0.000660931,1.732110620,-1.558965683,-1.732169986,-1.558997750,-1.732166409
636,12720.004,1786880267172.646,15054990.581,0.000000000,0.000654615,-0.000653988,1.732163548,-1.558990002,-1.732222915,-1.559021950,-1.732219458
637,12740.002,1786880267192.644,15055010.579,0.000000000,0.000656784,-0.000647031,1.732216239,-1.559014320,-1.732275724,-1.559046149,-1.732272148
638,12759.998,1786880267212.640,15055030.575,0.000000000,0.000658393,-0.000641834,1.732255697,-1.559032440,-1.732315183,-1.559064150,-1.732311606
639,12779.993,1786880267232.635,15055050.570,0.000000000,0.000660521,-0.000634956,1.732308030,-1.559056520,-1.732367635,-1.559088230,-1.732364178
640,12800.000,1786880267252.643,15055070.578,0.000000000,0.000662639,-0.000628159,1.732360363,-1.559080601,-1.732419968,-1.559112310,-1.732416511
641,12819.998,1786880267272.641,15055090.576,0.000000000,0.000664755,-0.000621461,1.732412457,-1.559104681,-1.732472062,-1.559136391,-1.732468605
642,12839.998,1786880267292.640,15055110.575,0.000000000,0.000666874,-0.000614870,1.732464433,-1.559128881,-1.732524037,-1.559160590,-1.732520700
643,12860.002,1786880267312.644,15055130.579,0.000000000,0.000669002,-0.000608380,1.732516170,-1.559153080,-1.732575893,-1.559184670,-1.732572436
644,12880.000,1786880267332.642,15055150.577,0.000000000,0.000671143,-0.000601975,1.732567787,-1.559177279,-1.732627630,-1.559208751,-1.732624173
645,12899.999,1786880267352.641,15055170.576,0.000000000,0.000673293,-0.000595651,1.732619286,-1.559201479,-1.732679129,-1.559232712,-1.732675672
646,12920.002,1786880267372.644,15055190.579,0.000000000,0.000675447,-0.000589390,1.732670665,-1.559225678,-1.732730508,-1.559256792,-1.732727051
647,12940.005,1786880267392.647,15055210.582,0.000000000,0.000677588,-0.000583143,1.732721806,-1.559249759,-1.732781649,-1.559280753,-1.732778311
648,12960.004,1786880267412.647,15055230.582,0.000000000,0.000679706,-0.000576897,1.732772827,-1.559273839,-1.732832789,-1.559304595,-1.732829452
649,12979.997,1786880267432.639,15055250.574,0.000000000,0.000681278,-0.000572213,1.732811093,-1.559291840,-1.732870936,-1.559322596,-1.732867599
650,13000.002,1786880267452.644,15055270.579,0.000000000,0.000683352,-0.000565981,1.732861757,-1.559315681,-1.732921720,-1.559346318,-1.732918501
651,13020.003,1786880267472.645,15055290.580,0.000000000,0.000685408,-0.000559789,1.732912421,-1.559339523,-1.732972383,-1.559370160,-1.732969046
652,13040.002,1786880267492.644,15055310.579,0.000000000,0.000687457,-0.000553672,1.732962847,-1.559363246,-1.733022928,-1.559393883,-1.733019590
653,13060.001,1786880267512.644,15055330.579,0.000000000,0.000689514,-0.000547667,1.733013153,-1.559387088,-1.733073235,-1.559417725,-1.733069897
654,13080.001,1786880267532.644,15055350.579,0.000000000,0.000691573,-0.000541758,1.733063340,-1.559410930,-1.733123422,-1.559441447,-1.733120084
655,13100.002,1786880267552.644,15055370.579,0.000000000,0.000693632,-0.000535930,1.733113289,-1.559434772,-1.733173370,-1.559465170,-1.733170152
656,13119.996,1786880267572.639,15055390.574,0.000000000,0.000695690,-0.000530175,1.733163118,-1.559458613,-1.733223319,-1.559488893,-1.733219981
657,13140.002,1786880267592.645,15055410.580,0.000000000,0.000697748,-0.000524495,1.733212829,-1.559482336,-1.733273029,-1.559512615,-1.733269691
658,13160.002,1786880267612.644,15055430.579,0.000000000,0.000699801,-0.000518875,1.733262300,-1.559506178,-1.733322501,-1.559536219,-1.733319283
659,13179.999,1786880267632.641,15055450.576,0.000000000,0.000701848,-0.000513301,1.733311772,-1.559530020,-1.733371973,-1.559559941,-1.733368754
660,13199.995,1786880267652.637,15055470.572,0.000000000,0.000703886,-0.000507768,1.733361006,-1.559553742,-1.733421206,-1.559583545,-1.733417988
661,13220.001,1786880267672.643,15055490.578,0.000000000,0.000705406,-0.000503644,1.733397841,-1.559571505,-1.733458042,-1.559601188,-1.733454823
662,13240.005,1786880267692.647,15055510.582,0.000000000,0.000707422,-0.000498186,1.733446836,-1.559595108,-1.733507037,-1.559624791,-1.733503819
663,13260.005,1786880267712.647,15055530.582,0.000000000,0.000709425,-0.000492779,1.733495593,-1.559618711,-1.733555913,-1.559648275,-1.733552694
664,13280.003,1786880267732.645,15055550.580,0.000000000,0.000711417,-0.000487431,1.733544230,-1.559642196,-1.733604550,-1.559671760,-1.733601451
665,13300.004,1786880267752.646,15055570.581,0.000000000,0.000713404,-0.000482152,1.733592749,-1.559665799,-1.733653069,-1.559695244,-1.733649969
666,13320.005,1786880267772.647,15055590.582,0.000000000,0.000715389,-0.000476956,1.733641148,-1.559689283,-1.733701468,-1.559718728,-1.733698368
667,13340.005,1786880267792.647,15055610.582,0.000000000,0.000717371,-0.000471841,1.733689308,-1.559712768,-1.733749747,-1.559742212,-1.733746529
668,13360.005,1786880267812.647,15055630.582,0.000000000,0.000719350,-0.000466800,1.733737469,-1.559736371,-1.733797789,-1.559765577,-1.733794689
669,13380.005,1786880267832.648,15055650.583,0.000000000,0.000721323,-0.000461818,1.733785391,-1.559759855,-1.733845711,-1.559789062,-1.733842611
670,13399.997,1786880267852.639,15055670.574,0.000000000,0.000723291,-0.000456886,1.733833194,-1.559783340,-1.733893514,-1.559812427,-1.733890414
671,13419.992,1786880267872.635,15055690.570,0.000000000,0.000725252,-0.000452003,1.733880758,-1.559806824,-1.733941197,-1.559835792,-1.733938098
672,13440.001,1786880267892.644,15055710.579,0.000000000,0.000727205,-0.000447171,1.733928323,-1.559830189,-1.733988762,-1.559859157,-1.733985662
673,13460.004,1786880267912.646,15055730.581,0.000000000,0.000728665,-0.000443583,1.733963847,-1.559847832,-1.734024286,-1.559876561,-1.734021187
674,13479.999,1786880267932.641,15055750.576,0.000000000,0.000730605,-0.000438844,1.734011054,-1.559871197,-1.734071493,-1.559899926,-1.734068394
675,13500.001,1786880267952.643,15055770.578,0.000000000,0.000732538,-0.000434163,1.734058261,-1.559894562,-1.734118581,-1.559923172,-1.734115601
676,13520.002,1786880267972.644,15055790.579,0.000000000,0.000734465,-0.000429548,1.734105110,-1.559917808,-1.734165549,-1.559946418,-1.734162450
677,13540.000,1786880267992.642,15055810.577,0.000000000,0.000736387,-0.000425004,1.734151959,-1.559941053,-1.734212399,-1.559969544,-1.734209299
678,13560.001,1786880268012.643,15055830.578,0.000000000,0.000738303,-0.000420531,1.734198570,-1.559964299,-1.734259009,-1.559992790,-1.734255910
679,13580.001,1786880268032.643,15055850.578,0.000000000,0.000740213,-0.000416130,1.734245062,-1.559987545,-1.734305501,-1.560015917,-1.734302521
680,13599.996,1786880268052.638,15055870.573,0.000000000,0.000742118,-0.000411801,1.734291434,-1.560010791,-1.734351873,-1.560039163,-1.734348893
681,13619.994,1786880268072.636,15055890.571,0.000000000,0.000744015,-0.000407535,1.734337687,-1.560034037,-1.734398127,-1.560062289,-1.734395027
682,13639.994,1786880268092.636,15055910.572,0.000000000,0.000745434,-0.000404367,1.734372258,-1.560051441,-1.734432697,-1.560079694,-1.734429717
683,13659.994,1786880268112.636,15055930.572,0.000000000,0.000747320,-0.000400178,1.734418273,-1.560074687,-1.734478593,-1.560102701,-1.734475613
684,13679.994,1786880268132.636,15055950.571,0.000000000,0.000749198,-0.000396025,1.734464169,-1.560097814,-1.734524488,-1.560125828,-1.734521508
685,13699.993,1786880268152.636,15055970.571,0.000000000,0.000751069,-0.000391910,1.734509826,-1.560120821,-1.734570146,-1.560148716,-1.734567165
686,13719.993,1786880268172.635,15055990.571,0.000000000,0.000752933,-0.000387841,1.734555364,-1.560143948,-1.734615684,-1.560171723,-1.734612823
687,13740.001,1786880268192.643,15056010.578,0.000000000,0.000754789,-0.000383825,1.734600782,-1.560166955,-1.734661102,-1.560194731,-1.734658241
688,13759.996,1786880268212.638,15056030.573,0.000000000,0.000756641,-0.000379879,1.734646082,-1.560189962,-1.734706402,-1.560217619,-1.734703422
689,13779.995,1786880268232.637,15056050.572,0.000000000,0.000758027,-0.000376950,1.734680057,-1.560207248,-1.734740257,-1.560234785,-1.734737396
690,13799.995,1786880268252.637,15056070.572,0.000000000,0.000759867,-0.000373043,1.734724998,-1.560230136,-1.734785318,-1.560257673,-1.734782338
691,13819.994,1786880268272.636,15056090.571,0.000000000,0.000761697,-0.000369134,1.734769940,-1.560252905,-1.734830141,-1.560280442,-1.734827280
