index,time_ms,time_realtime_ms,time_monotonic_ms,ros_timestamp,tau_0,tau_1,tau_2,tau_3,tau_4,tau_5,tau_6,tau_7,tau_8,tau_9,tau_10,tau_11,tau_12,tau_13,tau_14,tau_15,tau_16,tau_17,tau_18,tau_19,tau_20,tau_21,tau_22,tau_23,tau_24,tau_25,tau_26,tau_27,tau_28
0,0.000,1786880254452.642,15042270.577,0.000000000,-3.610412121,-0.118159018,0.066238768,1.466281652,-0.155247822,-0.000582999,-3.609981298,-0.108939655,0.016613193,1.463238716,-0.155533731,-0.000653806,0.491305202,6.167745590,-13.563024521,2.568967819,-0.232300803,-0.501354277,-0.534411013,0.173047751,-0.135911629,-0.265464634,2.005035639,-2.139002085,-0.753260493,-0.675005138,-0.060315777,-0.268766284,-0.201882124
1,19.994,1786880254472.636,15042290.571,0.000000000,-12.491393089,30.091224670,-19.118671417,-8.501982689,1.352310896,0.303366899,43.356884003,-7.782518387,-0.032027360,22.157348633,3.234305382,0.262103319,16.478324890,-0.759056985,-14.393459320,4.352571964,-0.223728612,-0.975377560,-1.179097772,1.729021788,-0.092211075,-0.040314790,-7.198844433,-0.286097527,0.556555569,-3.239537477,-0.629168868,-0.519948602,-0.375849575
2,39.993,1786880254492.635,15042310.571,0.000000000,-23.093561172,22.249742508,-12.310151100,-2.689950466,-1.504496217,0.182510167,43.287445068,-27.582399368,16.601413727,8.461064339,0.090029955,-0.673383594,19.923753738,-3.179225922,-20.133905411,5.536701202,0.221662149,-1.344583273,-1.160374999,0.922563016,-0.209738910,-0.241283953,-12.563085556,-0.240310907,-0.332037657,-7.447229385,-0.467780143,-2.036487818,-0.075258277
3,59.994,1786880254512.636,15042330.571,0.000000000,-30.245225906,5.724234581,0.206960008,-7.966055870,-1.839047074,-0.414043546,47.871772766,-25.742391586,18.880729675,6.919285774,-0.330333382,-0.779090464,12.622640610,4.641919136,-23.567081451,5.626195908,-1.287112236,-0.710274458,-1.010119557,-0.259187669,-0.329109907,0.020602791,-16.455701828,-2.636690617,-1.948603988,-12.517620087,-0.371960044,-3.885363817,-0.147140607
4,79.998,1786880254532.640,15042350.575,0.000000000,-1.928913593,-10.174427032,16.045942307,-5.207956791,-0.423451364,-0.109882236,18.948850632,0.300868928,-5.290645599,6.051939487,0.758742213,0.618893445,1.223763466,13.883612633,-19.049430847,3.171249628,-1.068848491,0.279631793,-1.283395410,-0.500914037,-0.210452750,-0.034925967,-18.382736206,-4.117315292,-3.641579628,-16.072906494,-0.607486844,-5.000000000,-0.609432220
5,100.008,1786880254552.650,15042370.585,0.000000000,35.662212372,-18.371578217,9.068408966,3.274262190,0.592596531,0.187798068,-30.446659088,19.961820602,-14.674304008,-4.148469448,-1.983917236,0.739006937,-2.163657427,17.542875290,-9.322008133,-2.208271503,-1.011519313,-0.105968706,-2.009512186,-0.931838870,-0.400995761,-0.120192610,-15.574756622,-2.744890451,-2.193664551,-12.308267593,-0.215880707,-5.000000000,-0.879712403
6,120.028,1786880254572.670,15042390.605,0.000000000,36.791805267,-12.132357597,4.969611645,9.686492920,1.162680745,0.030052509,-44.845420837,14.882658958,-11.832144737,-11.968130112,-1.228781462,0.302139431,-9.563185692,9.045892715,3.493569374,-6.473902702,-0.159671649,-0.494761676,-2.254396439,-0.339580595,-0.692165792,-0.214402407,-5.377701759,0.234611005,1.648234844,-4.515734196,0.193357527,-5.000000000,-0.120643541
7,140.010,1786880254592.652,15042410.587,0.000000000,15.595923424,-6.554352760,4.978877544,8.271902084,0.576005757,-0.180987388,-32.544487000,7.995940208,-5.045433044,-11.815536499,-0.525378048,0.165017843,-12.217838287,-5.165513992,12.530314445,-8.794374466,0.755042851,-0.302688032,-1.910369158,0.133501053,-0.831042886,-0.079556033,6.750984192,2.679116488,4.401395321,2.360341311,0.187451795,-0.309079200,0.937716484
8,160.027,1786880254612.670,15042430.605,0.000000000,9.462929726,4.989345074,-2.743408203,6.550463676,-0.257868737,0.293766677,-28.260944366,3.303115845,-1.757727504,-11.382064819,-0.646648765,0.107393183,-11.235559464,-14.732639313,15.134651184,-8.641700745,1.698618531,0.663875759,-0.800426424,0.549389422,-0.495040506,0.239568457,14.507333755,3.363016844,4.079321384,7.165453911,-0.150760427,2.650858402,1.331462264
9,180.054,1786880254632.696,15042450.631,0.000000000,-16.946100235,8.459713936,-2.908845901,2.685738087,-0.870137691,-0.069355972,-17.977901459,-8.569382668,6.761919498,-11.062363625,-0.525952935,-0.396259367,-0.143611461,-26.040102005,29.787626266,-7.571584225,3.492914915,3.374734402,1.306134105,0.334557176,0.238270298,0.902039587,14.679072380,3.493914604,2.584660530,9.215987206,-0.149871290,3.971353054,1.013246298
10,200.004,1786880254652.646,15042470.581,0.000000000,-48.493309021,3.516268969,-5.122859478,-3.012224436,-3.750930786,0.758623183,18.502891541,-12.888031960,9.161069870,4.108526707,3.881806135,-0.551337063,14.411548615,-24.653152466,35.721694946,-3.660472393,3.373903036,4.926528931,3.000634670,0.696917176,0.700002134,1.298100948,9.707799911,1.536076784,3.282549143,7.593512535,-0.317043841,3.570636988,1.053136468
11,220.073,1786880254672.715,15042490.650,0.000000000,-31.567077637,9.936197281,-8.652557373,-44.142089844,1.734151959,-0.153090328,23.021327972,7.298296928,-6.309416294,-25.289140701,50.000000000,-12.426721573,14.059933662,-15.051990509,7.304610252,2.521156073,2.311223507,2.625026464,1.534865141,0.582847297,0.880140662,1.396920085,4.764112949,-1.993526816,4.354896545,2.939024925,-0.633259296,2.787796021,1.580479145
12,240.016,1786880254692.658,15042510.593,0.000000000,-5.007088661,-2.434104681,-4.534049034,-23.030025482,2.340883017,-0.215095669,22.805452347,-9.331175804,3.384474277,-12.889831543,50.000000000,-13.922838211,14.625257492,-3.833703041,-16.911239624,6.581540108,2.335643291,0.943520248,-3.776162148,0.729762197,-0.452493280,0.738071620,0.999333620,-0.370583236,1.960565805,-0.890235424,-0.585189521,0.816065013,1.351243258
13,260.018,1786880254712.661,15042530.596,0.000000000,64.442474365,-1.210461855,23.711801529,-64.453773499,50.000000000,6.984884739,13.501403809,23.549648285,1.305694461,-28.062156677,50.000000000,-23.947212219,-2.777100563,16.884531021,-50.000000000,3.269173384,1.503806829,0.396975577,-9.560066223,-0.141432360,-1.815151334,0.160248458,0.090667032,-0.955911219,-1.063557982,-5.928455830,-0.294821650,-1.020050049,0.369332969
14,280.015,1786880254732.657,15042550.592,0.000000000,88.000000000,-2.371091127,34.578990936,-106.277313232,48.453674316,1.551031232,-19.847686768,31.714542389,-11.095045090,-33.916080475,50.000000000,-17.841012955,-11.628963470,31.356906891,-50.000000000,1.328843951,1.780705690,-0.447926015,-15.838219643,-0.013940817,-3.962655306,0.341780066,1.009090900,-3.207923412,-3.463582039,-10.166336060,0.079626933,-2.284865141,-0.471995234
15,299.998,1786880254752.640,15042570.575,0.000000000,88.000000000,-10.453000069,47.140377045,-72.212867737,44.858013153,4.185113907,-39.136356354,32.437828064,-24.298126221,-35.826335907,50.000000000,-10.932826042,-16.331249237,33.679138184,-50.000000000,-1.148243308,1.980193734,-0.241836756,-14.017546654,0.177475452,-5.000000000,0.636989594,-1.310862303,-4.839523315,-4.638822556,-10.575633049,0.185527682,-3.215546846,-1.467646122
16,319.997,1786880254772.639,15042590.574,0.000000000,88.000000000,-3.910060167,43.479583740,-41.440528870,50.000000000,6.259906292,-42.030120850,25.922048569,-21.353340149,-29.154998779,25.627283096,-5.680387974,-28.767784119,35.198760986,-50.000000000,-2.342308521,0.950441182,-0.703801095,-9.451297760,0.283305675,-4.102381706,0.359623760,-2.135938406,-6.739031792,-6.726837158,-9.277104378,0.592295289,-3.092820168,-2.221768856
17,340.000,1786880254792.642,15042610.577,0.000000000,88.000000000,5.882844925,30.999559402,-21.888298035,50.000000000,6.428830147,-38.777214050,15.804255486,-14.395727158,-14.327394485,-2.081693411,0.373651266,-34.506435394,30.395048141,-50.000000000,-2.097405672,-0.423007965,-1.495244503,-4.404129028,-0.052874673,-2.254215479,-0.090113275,-0.716404319,-7.521475792,-7.677978516,-6.721503735,0.910702407,-2.362894297,-2.505608797
18,360.030,1786880254812.673,15042630.608,0.000000000,88.000000000,19.547574997,16.638048172,0.979932010,50.000000000,6.627877235,-28.175670624,3.136415482,-4.939900875,-7.256780624,-2.329481125,0.281947881,-35.607135773,19.609298706,-45.966587067,-2.010982752,-0.818360507,-1.732832909,-0.658062577,0.173835695,-1.334980845,-0.487787515,0.564723313,-7.471255302,-7.634186268,-4.797983170,1.213263750,-1.837625027,-2.442072868
19,380.013,1786880254832.655,15042650.590,0.000000000,88.000000000,35.406368256,-2.957523584,27.612270355,50.000000000,7.928815365,-22.499538422,-15.383333206,6.132863045,-10.242437363,-0.292563677,0.339377433,-28.645957947,8.161954880,-41.524471283,-1.951080799,0.024654610,-1.774443865,1.266320467,0.622754812,-0.463408172,-0.703267753,1.508886456,-6.033590317,-7.331099033,-2.429200172,0.558974266,-0.968810737,-2.206374645
20,400.006,1786880254852.648,15042670.583,0.000000000,59.395473480,35.758312225,-15.136707306,22.291753769,46.805480957,7.713315010,-4.100663662,-20.153364182,11.976693153,-11.917089462,0.815846920,-0.325733483,-13.509939194,-0.570246756,-36.780639648,-0.615817606,-0.046287119,-1.674378514,1.119523287,-0.066894636,-0.282151669,-0.508925676,1.587689996,-2.922702312,-4.605309486,-0.273724943,-0.495978862,-0.042224061,-1.522012234
21,420.031,1786880254872.673,15042690.608,0.000000000,6.468768120,24.896175385,-20.909088135,-14.973706245,24.499286652,9.565464973,33.547576904,-15.537006378,17.398027420,-0.363606393,2.369087696,-0.628707647,1.422045231,-6.766944885,-32.684921265,1.340248227,-1.446828842,-1.122978210,-0.132605970,-0.611984134,-0.556627989,0.188469037,-0.590411484,-1.093618870,-2.522520304,-2.607794523,-0.859455287,0.220467791,-1.191459537
22,440.037,1786880254892.679,15042710.614,0.000000000,-36.246723175,6.639081478,-12.430270195,-40.927188873,-7.893256187,0.988929868,52.371639252,-11.525812149,10.611498833,-39.503734589,40.494884491,-10.780537605,21.252880096,-13.012099266,-28.952640533,3.401503563,-1.671870947,0.637171805,-1.509840250,-0.891049027,-0.568933904,0.812842011,-3.369247675,0.313239902,0.166557133,-4.547346115,0.271608174,-0.528056622,-0.837133288
23,460.028,1786880254912.670,15042730.605,0.000000000,-27.338499069,-5.194498539,-3.169413567,-40.419845581,-1.853870153,2.087302208,43.662044525,-7.874078274,8.845368385,-12.382897377,48.832904816,-13.452903748,21.755983353,-18.032854080,-18.868955612,1.193389773,-0.256205857,1.087167621,-3.111589193,-0.118141197,-0.880642474,1.047042608,-6.736963749,1.384328842,2.237844706,-4.799841404,0.258119851,-1.214307785,-0.539030015
24,480.029,1786880254932.671,15042750.606,0.000000000,-23.626747131,-7.558961868,3.545946836,-9.202672958,-1.342365384,-0.248222977,30.675405502,-1.852431417,3.268506527,-9.648030281,49.648216248,-13.091318130,16.080965042,-16.080089569,-7.921602249,-0.433632702,0.788101435,0.892082930,-3.011372328,-0.334113628,-1.241511703,0.753502667,-7.744458675,2.094795942,2.459209919,-4.907165527,0.501448572,-1.692540407,-0.555725753
25,500.007,1786880254952.649,15042770.584,0.000000000,-14.095228195,-9.796520233,10.265901566,2.606125593,0.142317295,-0.305786729,8.620542526,1.526189089,-3.060499668,-18.682361603,38.602863312,-11.032110214,9.387147903,-12.926275253,0.919156313,-1.201536179,2.114602804,0.521917582,-2.477286339,-0.190073594,-1.174585938,0.474106491,-6.519634247,2.288847685,1.902153134,-4.409959316,0.400752902,-1.743948817,-0.366944849
26,520.041,1786880254972.684,15042790.619,0.000000000,-3.849521399,-12.516961098,10.079576492,5.495582581,0.198473960,-0.070620365,-6.009313583,8.260372162,-6.900106430,-21.841415405,21.866441727,-6.391320229,4.791081905,-7.674467087,3.231055975,-0.929997325,2.679365396,0.275498569,-1.835013747,-0.236392990,-0.889871120,0.192773283,-4.451856136,1.969656825,1.223352194,-3.935704947,0.278739125,-1.556193352,-0.235500425
27,540.041,1786880254992.684,15042810.619,0.000000000,11.846833229,4.858611584,1.245572925,-55.743206024,16.612075806,7.262257099,-17.966022491,12.072474480,-13.650399208,-24.778934479,6.355215073,-1.748331785,-3.374416113,2.683676481,-4.948123455,-0.965559542,2.027374983,0.019942392,-3.566533804,-0.082774930,-1.245057821,0.223911107,-2.256755352,0.784922004,0.018540328,-4.962649345,0.136390299,-1.464061022,-0.467605144
28,560.030,1786880255012.673,15042830.608,0.000000000,23.896207809,11.153742790,-2.808398962,-60.885860443,42.524360657,5.909839153,-18.241477966,9.205614090,-9.935433388,-10.783589363,-1.500865698,0.269611001,-5.397459030,16.834365845,-9.109336853,0.069434389,1.300423265,0.509706736,-4.905099869,0.126732439,-1.599061370,0.407321483,-1.390577912,-1.184177995,-0.922108054,-4.613310814,0.109144621,-1.479589820,-0.728218436
29,580.029,1786880255032.672,15042850.607,0.000000000,34.644374847,13.378035545,-4.832342148,-35.570671082,48.733386993,4.828201771,-11.917414665,3.183104992,-3.945945263,3.164641619,-0.285666049,0.136936277,-3.748253584,25.357343674,-13.633293152,1.546685576,0.611034811,0.114105545,-4.596870899,0.008478750,-1.718855262,0.455345660,-0.458653152,-1.781925917,-0.644563198,-3.100472927,-0.020801155,-1.174872756,-0.566054106
30,600.007,1786880255052.649,15042870.584,0.000000000,46.230545044,12.811156273,-10.886847496,-29.290500641,47.907478333,5.019660473,-17.083751678,-1.241285563,-0.956726193,1.424130440,-0.448018998,0.047575429,-6.052806377,28.364246368,-17.910123825,2.637965202,0.412837952,0.026783155,-2.768686533,0.335762352,-1.438484550,0.426871836,1.045585275,-2.145429850,-0.966288626,-1.463557839,-0.114816546,-0.981685638,-0.401439279
31,620.159,1786880255072.802,15042890.736,0.000000000,54.597118378,12.545934677,-10.993077278,-18.162317276,44.890834808,5.661065578,-24.025341034,-4.571753979,0.884105802,-6.023585320,-0.594796240,-0.099459663,-9.296874046,26.720371246,-19.835918427,2.723806620,-0.075521201,-0.059396069,-1.546387672,0.548930585,-0.846190393,0.346309334,2.656319857,-2.502971649,-1.110839128,-0.243943885,-0.028628977,-0.510155201,-0.327933311
32,640.011,1786880255092.654,15042910.589,0.000000000,48.535343170,12.330783844,-5.176888466,-4.706097126,38.431270599,5.419396400,-17.299175262,-9.957896233,4.627323627,-6.798105240,0.094468966,-0.197037131,-10.752655029,21.829593658,-20.454656601,2.394900560,-0.223810732,-0.148437455,-1.718080521,0.177659810,-0.794003665,0.377259254,3.435749531,-2.519011974,-1.335596085,-0.235383183,-0.056938637,-0.327419579,-0.332104743
33,660.029,1786880255112.671,15042930.606,0.000000000,28.785135269,11.461767197,0.516107798,2.873699903,26.559848785,5.389364243,1.982722759,-12.889819145,9.927622795,-3.094475985,1.337942243,-0.355899930,-8.166504860,12.923421860,-21.235288620,1.940626979,-0.446124583,-0.213639602,-2.202706337,-0.081779480,-1.027914047,0.338862836,3.434418917,-1.992237806,-1.144813657,-0.371393532,-0.115159690,-0.149107888,-0.339554578
34,680.028,1786880255132.670,15042950.605,0.000000000,4.584533215,6.518469810,2.579346418,-6.501664162,10.732704163,3.694048405,19.201034546,-10.677524567,6.334685326,-17.961931229,14.547635078,-3.801808834,0.680263162,2.985089064,-20.471311569,1.547195554,-0.561981559,-0.272630095,-1.989463210,-0.579133630,-1.268431067,0.419708818,1.695205331,-1.538707972,-0.561215460,-0.828527272,-0.006101815,-0.067643307,-0.383817822
35,700.005,1786880255152.647,15042970.582,0.000000000,-12.948245049,-2.782351494,4.041511536,-18.556730270,-1.030507684,1.214852095,29.047330856,-7.639820099,4.149724960,-13.523385048,33.463115692,-8.441551208,11.824060440,-7.434701443,-17.367132187,1.590963960,-0.192283750,0.469360411,-2.256457090,-0.541557848,-1.248906016,0.643394291,-2.148226261,-0.862113595,-0.314277112,-2.481939793,0.026390648,-0.288708210,-0.362676650
36,720.041,1786880255172.684,15042990.619,0.000000000,-21.969905853,-9.201095581,3.362626553,-13.517970085,-2.632168531,-0.116063870,34.078033447,1.183865905,4.037228584,-4.215231419,38.261478424,-9.735672951,11.287471771,-12.063889503,-12.360140800,0.869396329,0.682491601,0.768235385,-1.550523281,-0.049465664,-1.003533483,0.493820876,-4.448655128,-0.310326815,-0.198953122,-3.292180300,0.093384467,-0.547492921,-0.401994169
37,740.009,1786880255192.651,15043010.586,0.000000000,-18.563512802,-10.238430977,4.362956524,-1.967833281,-0.358583152,-0.049958110,26.632585526,1.674326539,3.092124224,-7.637786865,33.704811096,-8.042190552,9.327493668,-13.293268204,-8.457615852,0.669902861,1.390991926,0.674598694,-0.438728869,-0.156425044,-0.454829514,0.306710154,-4.681435585,0.172045127,-0.024283893,-3.317526817,0.136441067,-0.820973814,-0.403873861
38,760.078,1786880255212.721,15043030.656,0.000000000,-7.966501713,-8.923669815,4.780164242,3.993437529,0.311098903,0.017208278,12.861165047,0.284001261,1.357855439,-16.740488052,26.305891037,-6.713070869,7.162125587,-12.059683800,-6.747197151,0.540473759,1.896261096,0.472645074,-0.206790805,-0.215528727,-0.233979911,0.195212573,-3.836106539,0.799228430,0.177368522,-3.441421747,0.201161712,-0.863411844,-0.312651813
39,780.030,1786880255232.672,15043050.607,0.000000000,6.021955967,0.145481586,4.024311066,-17.943927765,12.728698730,3.236122847,-1.665052295,-0.982591629,-1.843505144,-23.595720291,17.757715225,-5.758691311,0.917524517,-6.409597874,-8.269371986,-0.053240161,1.717654228,0.036547303,-0.667775869,-0.103285953,-0.294127285,0.100389764,-2.444124222,0.926133692,-0.027226567,-3.521572590,0.254021317,-0.936931074,-0.296868742
40,799.998,1786880255252.641,15043070.576,0.000000000,20.663658142,4.104368687,2.052623034,-16.320928574,23.808605194,2.256397724,-9.973201752,5.432078838,-6.289384365,-22.123615265,14.010844231,-4.255168438,-3.199093342,1.367865443,-11.894479752,-0.493154705,0.823430955,-0.327741027,-2.209322214,0.298891455,-0.755518556,0.066386715,-0.802221537,0.465915561,-0.320800066,-3.378825665,0.069765672,-0.920192301,-0.445967972
41,820.126,1786880255272.768,15043090.703,0.000000000,35.724994659,3.849330902,1.734245658,-8.248494148,30.922870636,1.075497389,-18.069242477,6.783430576,-8.253056526,-17.623229980,7.909239292,-2.206492186,-5.101668835,8.715115547,-14.634105682,-0.305186659,0.283785075,-0.541746497,-3.341771841,0.477504015,-1.207446575,0.081140563,-0.129365861,-0.234755814,-0.566017330,-3.362149239,0.031194013,-0.933533132,-0.443752110
42,840.032,1786880255292.674,15043110.609,0.000000000,45.255195618,3.283992767,2.267040253,-1.712337494,33.225013733,0.861963749,-25.515375137,7.219724655,-8.849856377,-17.973567963,0.871798396,-0.630213559,-6.257059097,13.081994057,-15.258813858,-0.198405609,-0.153030172,-0.699254692,-3.776283979,0.409798115,-1.480028749,0.061673839,0.403888553,-0.957488060,-0.760254562,-3.007990122,-0.001661285,-0.961589634,-0.376730710
43,860.029,1786880255312.672,15043130.607,0.000000000,50.302757263,2.526992798,1.128229141,1.693284273,32.444358826,1.026297450,-30.939304352,5.010823250,-7.865261078,-19.168508530,-0.820055842,-0.381636530,-7.324168682,15.254851341,-14.804203987,-0.030071329,-0.434945017,-0.689002454,-3.274380207,0.426272392,-1.502843976,0.094025910,1.222921729,-1.769085169,-0.885693550,-1.988222718,0.040039901,-0.863710940,-0.366389543
44,880.029,1786880255332.671,15043150.606,0.000000000,46.744251251,-1.914385438,2.889307261,2.614241123,29.471067429,1.004219770,-25.590324402,5.717739105,-5.874802589,-8.011158943,-0.493042856,0.062296830,-7.010032654,14.827934265,-14.412721634,0.334839165,-0.060334507,-0.247462243,-2.567889214,0.347308397,-1.261856675,0.170912370,1.816796303,-2.557023287,-0.923783898,-1.176629663,-0.012872374,-0.525479078,-0.264297187
45,900.007,1786880255352.649,15043170.584,0.000000000,34.799560547,-3.723928213,5.039450169,-3.577785254,24.939729691,0.797834873,-16.306739807,6.318243027,-4.862526894,-8.076296806,1.956094980,-0.192124888,-6.162456036,12.100820541,-14.765762329,0.493640900,0.195336819,-0.163994372,-2.035804033,0.083237894,-1.055983543,0.253896743,1.951457381,-2.658949375,-0.893800557,-0.814567208,-0.009220677,-0.293406039,-0.198451430
46,920.038,1786880255372.680,15043190.615,0.000000000,27.311614990,-7.894257545,8.059136391,-6.139527798,22.003751755,0.547032654,-6.231544495,9.710344315,-6.663450241,-10.466710091,15.057767868,-2.460606337,-1.301863432,7.813971519,-16.418996811,0.885776281,0.536904693,0.252883822,-2.215172768,-0.155901417,-1.095165491,0.408680439,0.919451535,-2.376243114,-0.867086411,-1.293484330,0.000318818,-0.237077683,-0.218629405
47,940.027,1786880255392.669,15043210.604,0.000000000,23.506120682,-11.271705627,10.193363190,-5.775098324,20.050304413,0.376516849,-0.638676703,11.219362259,-6.871477127,-10.291067123,20.857069016,-4.084311962,2.094968319,3.927727938,-18.447528839,0.985971510,0.688503921,0.452722698,-2.524461269,-0.248129964,-1.203610659,0.511957228,-0.306583792,-1.742299795,-0.892341733,-2.157001495,0.029331032,-0.417330503,-0.306827515
48,960.035,1786880255412.677,15043230.612,0.000000000,21.055500031,-13.085667610,11.440905571,-6.391020298,18.587594986,0.369223326,1.624660254,13.122961044,-7.324672699,-11.371631622,22.308547974,-4.540704250,2.657809019,1.608501911,-18.859630585,0.937022865,0.736168504,0.573310196,-2.425614357,-0.192965731,-1.235665917,0.503081679,-1.076975107,-1.084032655,-0.718501091,-2.839152813,0.140034959,-0.607735813,-0.350591630
49,980.084,1786880255432.726,15043250.661,0.000000000,18.790992737,-13.350359917,12.166044235,-6.545017242,17.385246277,0.310646772,1.644114614,13.846705437,-7.569050789,-13.572376251,21.678915024,-4.481669426,2.359805822,-0.356751382,-18.064794540,0.596035719,0.839465201,0.511097372,-2.278153181,-0.179776266,-1.191261649,0.456573427,-1.413011909,-0.483575672,-0.353309929,-3.112984896,0.100545086,-0.732213259,-0.365655720
50,1000.005,1786880255452.647,15043270.582,0.000000000,18.660017014,-12.877914429,12.203348160,-4.494420052,17.477727890,0.180848569,0.114716150,13.320293427,-7.871025562,-14.778410912,21.575424194,-4.463665962,1.887458205,-0.973007381,-16.916419983,0.198234901,0.833949089,0.317641973,-2.259682655,-0.169769585,-1.083052635,0.363540411,-1.548746109,-0.145901605,-0.244164824,-3.365669727,0.149381980,-0.826038420,-0.372723997
51,1020.027,1786880255472.670,15043290.605,0.000000000,21.222215652,-12.555717468,12.088895798,-2.291916132,18.593046188,0.054837804,-2.552846193,12.368597984,-8.072194099,-16.438043594,21.302297592,-4.497716427,1.428627133,-0.509039879,-16.254673004,0.180626765,0.769567192,0.117519006,-2.344814062,-0.049662825,-1.032945871,0.291234910,-1.629090071,-0.014096209,-0.339128047,-3.625342846,0.136027783,-0.865367830,-0.352259070
52,1040.029,1786880255492.672,15043310.607,0.000000000,23.807687759,-12.361579895,12.068310738,-1.373926401,19.655941010,-0.042979382,-5.504397869,12.131615639,-8.554961205,-17.989624023,20.811811447,-4.568917274,1.195761204,0.616726339,-15.959847450,0.220932245,0.721492767,-0.023450574,-2.484055042,0.006614689,-1.040866733,0.258924335,-1.640326977,0.152255699,-0.336142808,-3.716616869,0.102403417,-0.899858057,-0.359139293
53,1060.151,1786880255512.793,15043330.728,0.000000000,27.751226425,-10.997484207,13.092719078,-1.244515777,20.245872498,0.140066400,-8.792066574,12.173385620,-9.394029617,-20.401489258,20.718292236,-4.721122265,-0.097506933,1.900940180,-16.109161377,0.168684140,0.721016943,-0.163049176,-2.777964830,0.092797026,-1.106625676,0.228542149,-1.400728345,0.155993149,-0.486064136,-3.760482073,0.095015280,-0.908839226,-0.400859237
54,1080.028,1786880255532.670,15043350.605,0.000000000,29.038690567,-11.705116272,13.162728310,-0.965482473,20.150604248,0.026115628,-10.618051529,12.661147118,-9.958146095,-20.285150528,19.980972290,-4.649804592,-0.864573836,2.840971231,-15.781461716,0.153039217,0.695163906,-0.195062250,-2.881410599,0.277827442,-1.152661681,0.204618663,-0.954216242,-0.057149373,-0.637466133,-3.483265638,0.085647538,-0.825225711,-0.430103034
55,1100.005,1786880255552.648,15043370.583,0.000000000,29.496784210,-12.767349243,13.442648888,-0.067663811,20.051948547,-0.010370727,-11.341256142,12.967639923,-10.131375313,-19.919366837,19.025171280,-4.460104465,-1.229041934,3.504865170,-15.432652473,0.151449382,0.749017119,-0.173601151,-2.839853287,0.312549233,-1.183394551,0.228168324,-0.605095208,-0.298508406,-0.719230950,-3.189526796,0.046471342,-0.718947530,-0.392111421
56,1120.055,1786880255572.697,15043390.632,0.000000000,29.319370270,-13.961643219,13.926560402,1.110600591,19.709079742,-0.095201567,-12.097797394,13.062527657,-10.016380310,-20.180713654,18.409757614,-4.297602177,-0.923464715,3.590884686,-14.995087624,0.093659244,0.805002332,-0.069546871,-2.823500872,0.322899044,-1.176030040,0.256777376,-0.563974917,-0.443398267,-0.700926542,-3.032480478,0.064331830,-0.636941254,-0.393656641
57,1140.029,1786880255592.671,15043410.606,0.000000000,29.371536255,-14.645871162,14.157452583,1.806207180,19.614631653,-0.058409158,-12.426291466,13.182091713,-9.884050369,-19.938945770,18.197999954,-4.219471455,-0.728547931,3.547695160,-14.686714172,0.069365323,0.842375457,0.058950309,-2.717356443,0.269701034,-1.155564547,0.287780553,-0.534801126,-0.533116341,-0.662327886,-2.836848259,0.088917486,-0.591070294,-0.373166502
58,1160.027,1786880255612.669,15043430.604,0.000000000,29.247072220,-14.958807945,14.088165283,2.143815756,19.879585266,-0.001107573,-12.515168190,13.453516006,-9.859891891,-19.502492905,18.174676895,-4.141188145,-0.472238034,3.510084629,-14.497061729,0.206509039,1.068735480,0.174995273,-2.671774626,0.223294035,-1.126583695,0.322671950,-0.475326002,-0.625789583,-0.624520481,-2.705314398,0.153625175,-0.561512947,-0.362671345
59,1180.011,1786880255632.653,15043450.588,0.000000000,29.104230881,-14.772339821,13.869010925,1.923014045,20.010797501,0.082205273,-12.452931404,13.343196869,-10.098514557,-19.461772919,18.109075546,-4.068508148,-0.388767540,3.400210857,-14.382882118,0.248948067,1.078863382,0.268259168,-2.590392351,0.199056312,-1.087259293,0.330084175,-0.407015324,-0.667365313,-0.586634576,-2.687976360,0.088441461,-0.565400898,-0.342710197
60,1200.005,1786880255652.647,15043470.582,0.000000000,29.053853989,-14.053885460,13.407032967,2.085661411,19.943796158,0.219769478,-12.518825531,13.443695068,-10.104675293,-19.186437607,17.920261383,-3.971682787,-0.430455059,3.251824856,-14.355941772,0.140146554,1.089321494,0.352752447,-2.505023718,0.118986227,-1.043016434,0.329800755,-0.410643160,-0.774249077,-0.553186357,-2.746191263,0.082828790,-0.597329974,-0.359354496
61,1220.028,1786880255672.671,15043490.606,0.000000000,29.214401245,-13.470553398,12.834575653,1.783631921,20.280212402,0.350445956,-12.939661026,13.330582619,-9.795681000,-18.856342316,17.715053558,-3.896701336,-0.590947568,3.232672691,-14.246893883,0.077540271,0.984449744,0.314100981,-2.476194620,0.120303877,-1.007118344,0.311167121,-0.491435945,-0.805879831,-0.584350884,-2.805502176,0.074429385,-0.633640409,-0.369312942
62,1240.069,1786880255692.711,15043510.646,0.000000000,29.320196152,-13.223531723,12.616290092,1.058503747,20.462875366,0.446128488,-12.943509102,13.027561188,-9.611626625,-19.497537613,17.671846390,-3.902672291,-0.539269507,3.216822863,-14.377724648,0.059118986,0.866926670,0.256308019,-2.550384045,0.125347972,-1.011583090,0.285972118,-0.513039708,-0.770339429,-0.549194098,-2.871262074,0.089467376,-0.663347304,-0.366795570
63,1260.027,1786880255712.670,15043530.605,0.000000000,29.342777252,-13.082797050,12.449169159,0.613383055,20.561794281,0.533178389,-12.912362099,12.837738037,-9.473839760,-19.917163849,17.901149750,-3.970396519,-0.473334908,3.156431198,-14.585223198,0.050049309,0.751230121,0.185708791,-2.668932199,0.140208393,-1.061203718,0.278272778,-0.543442965,-0.740792871,-0.498331636,-2.941813231,0.093662016,-0.686749101,-0.396349311
64,1280.028,1786880255732.671,15043550.606,0.000000000,29.475681305,-13.013207436,12.323286057,0.526674330,20.673749924,0.607672453,-12.747453690,12.743339539,-9.433840752,-20.110118866,18.313512802,-4.053508282,-0.417224884,3.067750931,-14.793690681,0.038892601,0.672360778,0.122579001,-2.779308319,0.156999543,-1.120145082,0.272826731,-0.565327883,-0.732645810,-0.465091169,-2.993405342,0.101733081,-0.697110057,-0.422048062
65,1300.005,1786880255752.647,15043570.582,0.000000000,29.623102188,-13.005709648,12.272078514,0.647269130,20.770584106,0.679343164,-12.601905823,12.678153992,-9.415495872,-20.323627472,18.768514633,-4.081577778,-0.352911323,2.971367121,-15.016616821,0.035174236,0.635517776,0.075772800,-2.859092236,0.173941806,-1.168311834,0.267866671,-0.585137427,-0.734531045,-0.444745928,-3.025656462,0.115650415,-0.696828663,-0.443907470
66,1320.027,1786880255772.670,15043590.605,0.000000000,29.954406738,-12.988800049,12.182967186,0.857648849,20.891298294,0.758666933,-12.726964951,12.567884445,-9.308369637,-20.565721512,19.044187546,-4.086294651,-0.475539505,2.621899843,-15.148435593,0.103957079,0.640042186,0.108297117,-2.849649429,0.263419420,-1.188420653,0.252721727,-0.545175433,-0.702879131,-0.495463431,-3.072322845,0.117194891,-0.696861506,-0.459699869
67,1340.029,1786880255792.671,15043610.606,0.000000000,29.964056015,-12.920626640,12.087632179,1.072556973,20.918428421,0.839384913,-12.679036140,12.462290764,-9.321691513,-20.844388962,19.304769516,-4.056222916,-0.354646176,2.540237904,-15.257773399,0.136490002,0.654683948,0.122647844,-2.869357586,0.288354158,-1.202449083,0.255945563,-0.561440945,-0.710507751,-0.493968844,-3.090540648,0.107286371,-0.688730896,-0.473964065
68,1360.028,1786880255812.670,15043630.605,0.000000000,30.280790329,-12.895745277,11.962292671,1.122243404,21.236665726,0.918388247,-12.701326370,12.424102783,-9.219738007,-21.029117584,19.484445572,-4.011850357,-0.185682610,2.783281326,-15.360350609,0.246437103,0.562536478,0.156028062,-2.861354828,0.275700212,-1.196935892,0.259418011,-0.524672866,-0.558969378,-0.430452526,-3.174383163,0.158268854,-0.688267469,-0.460450768
69,1380.112,1786880255832.754,15043650.689,0.000000000,30.337642670,-12.884876251,11.963660240,1.160348058,21.210504532,0.985845208,-12.744026184,12.064073563,-9.188777924,-21.307786942,19.515609741,-3.978653669,-0.165007010,2.861441374,-15.521219254,0.285879999,0.591456354,0.155820087,-2.900852680,0.286222994,-1.207391500,0.258943528,-0.555532753,-0.537520289,-0.406201571,-3.186039925,0.150157496,-0.693153679,-0.453500509
70,1400.004,1786880255852.646,15043670.581,0.000000000,30.353319168,-12.892609596,11.948785782,1.238270283,20.942619324,1.052162409,-12.757913589,11.859219551,-9.067835808,-21.338380814,19.547199249,-3.968374252,-0.231266052,2.899850607,-15.592203140,0.297206908,0.643741488,0.157651767,-2.914923191,0.286570936,-1.222732186,0.264262438,-0.605480313,-0.545561492,-0.417180002,-3.169084311,0.135807112,-0.684344888,-0.451591790
71,1420.087,1786880255872.729,15043690.664,0.000000000,30.222700119,-12.927597046,11.955788612,1.288587689,20.531282425,1.121039510,-12.691134453,11.683784485,-8.902234077,-21.222536087,19.582675934,-3.988007307,-0.317263365,2.883491993,-15.539160728,0.298805535,0.678715169,0.163495302,-2.886779308,0.280432045,-1.222127318,0.265105635,-0.635181546,-0.566465318,-0.441441774,-3.132875204,0.128012165,-0.664725244,-0.454001933
72,1440.086,1786880255892.729,15043710.663,0.000000000,30.451986313,-12.880358696,12.156032562,1.489496469,20.029933929,1.193914890,-12.614359856,11.631064415,-8.937356949,-21.611652374,19.643411636,-4.040584564,-0.491774201,2.752432823,-15.620064735,0.255133122,0.658736885,0.174251005,-2.912717104,0.299134821,-1.208185315,0.248614237,-0.567849994,-0.614679396,-0.518374562,-3.085698366,0.086292297,-0.625909269,-0.439573735
73,1460.054,1786880255912.696,15043730.631,0.000000000,30.138505936,-13.186268806,12.262441635,1.724015951,19.713256836,1.267686725,-12.505161285,11.460287094,-8.920969009,-21.518337250,19.757139206,-4.097563267,-0.465445101,2.699221373,-15.411898613,0.221880928,0.650658309,0.179699272,-2.880610228,0.290350586,-1.200885296,0.246259660,-0.550199807,-0.625126541,-0.525953054,-3.050665140,0.088079438,-0.608944714,-0.433738530
74,1480.032,1786880255932.674,15043750.609,0.000000000,29.753623962,-13.428293228,12.328226089,1.894618630,19.459873199,1.342096806,-12.297531128,11.330862999,-8.867445946,-21.510437012,19.844907761,-4.156019688,-0.361949444,2.672288418,-15.139889717,0.228132978,0.648737490,0.190820634,-2.839198112,0.283370584,-1.176747084,0.248591632,-0.551719308,-0.620587111,-0.507293224,-3.010226488,0.090326577,-0.616331339,-0.437509775
75,1500.003,1786880255952.645,15043770.580,0.000000000,29.370870590,-13.581495285,12.348862648,2.047298908,19.219465256,1.424301386,-12.116638184,11.210107803,-8.784530640,-21.564300537,19.927465439,-4.207412243,-0.263302714,2.631816626,-14.877078056,0.246896371,0.651647091,0.205516174,-2.792910576,0.277549863,-1.163513184,0.254907668,-0.560348868,-0.618783176,-0.483223259,-2.982151508,0.086359330,-0.621032059,-0.449957013
76,1520.008,1786880255972.650,15043790.585,0.000000000,29.012750626,-13.705980301,12.346520424,2.147840023,19.006395340,1.506763935,-12.022742271,11.080155373,-8.698999405,-21.646066666,20.019660950,-4.267811298,-0.184748814,2.590487957,-14.675475121,0.268617332,0.655869722,0.221248016,-2.753279686,0.270290583,-1.155382991,0.262437373,-0.575377703,-0.613247037,-0.463279694,-2.968887329,0.080249973,-0.626199603,-0.465366304
77,1539.996,1786880255992.638,15043810.573,0.000000000,28.735774994,-13.804794312,12.343107224,2.237659216,18.819967270,1.581499338,-12.023362160,10.938097000,-8.611359596,-21.792655945,20.128368378,-4.337706566,-0.119694747,2.551347017,-14.519584656,0.295610368,0.663572133,0.231762245,-2.720534325,0.265789300,-1.148679852,0.267384171,-0.588423908,-0.603731215,-0.447468519,-2.969837666,0.079571463,-0.630641937,-0.482008934
78,1559.995,1786880256012.637,15043830.572,0.000000000,28.712093353,-13.895576477,12.272870064,2.201490879,18.665428162,1.690267920,-12.614987373,10.928650856,-8.626935959,-22.417980194,20.154651642,-4.425684929,-0.332790792,2.583580494,-14.333119392,0.301315367,0.597362697,0.248328909,-2.787503958,0.285403758,-1.146260500,0.268665940,-0.448762029,-0.586670935,-0.457036525,-2.941256762,0.053955235,-0.628001392,-0.492849618
79,1579.992,1786880256032.635,15043850.570,0.000000000,28.702436447,-14.022500038,12.342619896,2.505890608,18.569011688,1.758138180,-12.865718842,10.791939735,-8.635414124,-22.547842026,20.208755493,-4.477847576,-0.320358843,2.605196953,-14.261936188,0.305412650,0.585836411,0.241862401,-2.801537037,0.276407063,-1.155809522,0.277620673,-0.451248139,-0.568650544,-0.437767565,-2.956090689,0.048323750,-0.626959383,-0.499999046
80,1599.998,1786880256052.640,15043870.575,0.000000000,28.724617004,-14.154689789,12.395484924,2.853991270,18.488767624,1.827953577,-12.941849709,10.675043106,-8.619997025,-22.637508392,20.262107849,-4.524371624,-0.282950968,2.620766640,-14.277853012,0.310878009,0.590033054,0.240009516,-2.794240236,0.262541115,-1.158139706,0.280697674,-0.509137988,-0.555919468,-0.431315631,-2.980386257,0.062709942,-0.633750200,-0.504645884
81,1620.002,1786880256072.644,15043890.579,0.000000000,28.736965179,-14.274044991,12.430299759,3.213083506,18.420463562,1.897728086,-12.995483398,10.755428314,-8.502205849,-22.848457336,20.380477905,-4.438453197,-0.267052412,2.633828640,-14.335181236,0.311547399,0.596463025,0.240912497,-2.787347078,0.259022921,-1.157148480,0.281334549,-0.564736009,-0.549326539,-0.440063030,-3.008763552,0.071355924,-0.638913989,-0.508232057
82,1639.998,1786880256092.640,15043910.575,0.000000000,28.740539551,-14.523823738,12.451636314,3.481552601,18.357931137,1.967617869,-12.955331802,10.868436813,-8.348966599,-23.057426453,20.594535828,-4.299748421,-0.256147742,2.627771616,-14.425622940,0.302578628,0.603948593,0.246899486,-2.782199621,0.261418641,-1.155737042,0.273353904,-0.596402049,-0.551745594,-0.456614912,-3.047266722,0.075795643,-0.638165176,-0.509643495
83,1659.997,1786880256112.639,15043930.574,0.000000000,28.704170227,-14.711336136,12.484365463,3.591103554,18.287281036,2.044426680,-12.796057701,10.839017868,-8.282185555,-23.203798294,20.836469650,-4.209435463,-0.223328769,2.600307703,-14.511810303,0.295634061,0.613139331,0.259702235,-2.784182310,0.261853993,-1.155119658,0.272243112,-0.614841223,-0.562123418,-0.466771185,-3.068372250,0.078313507,-0.642580092,-0.509201229
84,1680.002,1786880256132.645,15043950.580,0.000000000,28.626161575,-14.822406769,12.495160103,3.636833906,18.206647873,2.121682405,-12.615640640,10.761547089,-8.211496353,-23.381675720,21.108623505,-4.118597031,-0.169136405,2.556214333,-14.602873802,0.295249790,0.618807256,0.275706142,-2.795873404,0.258674443,-1.158561945,0.275782168,-0.623581707,-0.568812370,-0.473185033,-3.079075336,0.079279050,-0.646804214,-0.508110940
85,1699.995,1786880256152.637,15043970.572,0.000000000,28.535081863,-14.882262230,12.470615387,3.665189981,18.120374680,2.195852757,-12.434674263,10.657096863,-8.118505478,-23.569007874,21.383481979,-4.025690079,-0.120472945,2.486412525,-14.693613052,0.300706327,0.627398431,0.294704080,-2.806663275,0.253066629,-1.163864732,0.282001585,-0.622262955,-0.570809901,-0.476928234,-3.086114168,0.079210371,-0.648491204,-0.508071244
86,1720.001,1786880256172.644,15043990.579,0.000000000,28.413768768,-14.900255203,12.427972794,3.690383673,18.022939682,2.267813444,-12.268714905,10.523959160,-8.002216339,-23.775833130,21.651807785,-3.929965258,-0.082588248,2.417133570,-14.775672913,0.306459665,0.637060881,0.312034965,-2.819738150,0.250371993,-1.169839025,0.287685305,-0.620811045,-0.569613695,-0.480133951,-3.094176531,0.079454035,-0.649271727,-0.507852197
87,1740.005,1786880256192.648,15044010.583,0.000000000,28.283973694,-14.899277687,12.369735718,3.743083000,17.907037735,2.334408522,-12.088719368,10.345286369,-7.873805523,-24.009717941,21.884674072,-3.837763071,-0.046105202,2.352905750,-14.820919037,0.308929145,0.646246254,0.326550692,-2.829008102,0.246707052,-1.169600129,0.287843645,-0.623950660,-0.561705530,-0.479113072,-3.102322817,0.083756857,-0.651395917,-0.509235322
88,1759.997,1786880256212.640,15044030.575,0.000000000,28.127033234,-14.881294250,12.305779457,3.794803143,17.783206940,2.401088476,-11.983079910,10.168028831,-7.727873325,-24.178422928,22.085794449,-3.740553141,-0.008818957,2.299926996,-14.823969841,0.312379807,0.657707691,0.340219826,-2.826874018,0.244858369,-1.173624635,0.289781481,-0.630302846,-0.547498703,-0.476496518,-3.111632586,0.083979651,-0.653584659,-0.512133539
89,1780.003,1786880256232.645,15044050.580,0.000000000,29.276384354,-14.246036530,12.156105995,4.388706207,17.937191010,2.463470221,-12.269586563,9.422333717,-7.583226204,-24.353633881,22.494825363,-3.670094013,-0.701838613,2.583335161,-14.924912453,0.249414548,0.562160373,0.300188512,-2.854231358,0.109676577,-1.181738973,0.253634661,-0.379245758,-0.526964366,-0.642628372,-3.085339308,0.075489447,-0.646223247,-0.476904899
90,1800.000,1786880256252.643,15044070.578,0.000000000,29.585828781,-14.131189346,11.824416161,4.432696342,18.117296219,2.557006836,-12.672729492,9.129298210,-7.345098019,-25.026487350,22.871349335,-3.611983776,-0.638273478,2.356728792,-14.962042809,0.295338005,0.572145224,0.313674659,-2.814998627,0.109570272,-1.186134815,0.199095741,-0.275475383,-0.540249765,-0.661764383,-3.030667305,0.086026274,-0.623269439,-0.419574529
91,1820.000,1786880256272.642,15044090.577,0.000000000,29.333395004,-14.075202942,11.614396095,4.300471783,18.034044266,2.603933096,-12.649122238,8.963172913,-7.326856613,-25.489196777,23.027528763,-3.526513577,-0.445198536,2.211145639,-14.941710472,0.305402517,0.574428260,0.343692571,-2.815977097,0.115979806,-1.195847034,0.163793787,-0.338083953,-0.521665752,-0.642942488,-3.054547071,0.073432684,-0.625068128,-0.384398133
92,1840.002,1786880256292.645,15044110.579,0.000000000,28.882278442,-13.977125168,11.662345886,4.608597279,17.273727417,2.628335476,-12.547410011,8.690897942,-7.412303448,-26.008714676,22.815340042,-3.463639975,-0.215277076,1.779576778,-14.602434158,0.365628481,0.468281060,0.282682329,-2.869032860,-0.028646704,-1.207180858,0.153943896,-0.503494859,-0.452415019,-0.583512545,-3.040345907,0.060710091,-0.638616800,-0.358436197
93,1860.002,1786880256312.645,15044130.580,0.000000000,28.353841782,-14.694390297,11.814030647,4.243566990,17.080617905,2.631417513,-12.404491425,8.502321243,-7.494513512,-25.960359573,22.953184128,-3.413792610,-0.111127451,1.707175136,-14.429313660,0.399052262,0.412514538,0.229107797,-2.941902876,0.010874151,-1.212271571,0.151556090,-0.553340375,-0.334043056,-0.578491271,-3.052721739,0.063894384,-0.639490306,-0.314608514
94,1880.003,1786880256332.646,15044150.580,0.000000000,27.813728333,-14.985369682,11.642077446,4.624744892,16.333425522,2.565658092,-12.263071060,8.516286850,-7.642237663,-26.393146515,23.048625946,-3.370538950,-0.229152396,1.700438142,-14.220957756,0.220871106,0.243695140,0.284843802,-2.835135221,0.102496997,-1.211187482,0.105158366,-0.628638208,-0.134306490,-0.586563051,-3.169928312,-0.010630634,-0.639367819,-0.294903547
95,1899.993,1786880256352.635,15044170.570,0.000000000,27.503187180,-15.335175514,11.767154694,5.378548622,15.972843170,2.494133472,-11.939191818,8.324827194,-7.308703423,-26.013679504,23.221601486,-3.347468138,-0.152383581,1.709948301,-14.034457207,0.178308666,0.360439301,0.277375609,-2.711363316,0.101749405,-1.200600028,0.038328163,-0.520039201,-0.101405494,-0.539383173,-2.970456123,0.118049502,-0.645347059,-0.302965522
96,1920.002,1786880256372.645,15044190.580,0.000000000,27.179363251,-15.249338150,11.753396034,5.494503498,15.827128410,2.491204977,-11.721534729,8.174548149,-7.061038494,-25.781820297,23.265560150,-3.342216730,0.044333916,1.606585860,-13.842323303,0.202084824,0.469595730,0.340088636,-2.619495392,0.091803923,-1.184320331,0.038186107,-0.571621954,-0.097155213,-0.532585740,-2.948529482,0.085534431,-0.637502432,-0.311422288
97,1940.000,1786880256392.643,15044210.578,0.000000000,26.662525177,-15.208505630,11.531483650,5.385708332,15.483127594,2.495880365,-12.293415070,7.803974628,-6.804829121,-26.170948029,22.994165421,-3.367000580,-0.207849130,1.327389717,-13.223929405,0.168627664,0.411428392,0.325548679,-2.660376787,0.118864387,-1.143423319,0.050108422,-0.572784483,0.039569277,-0.527473271,-2.831259251,0.053720959,-0.644398093,-0.333406419
98,1960.000,1786880256412.643,15044230.577,0.000000000,26.439367294,-14.723896027,11.219138145,5.611879349,15.522104263,2.763210535,-11.733521461,7.455611229,-6.656340122,-25.845088959,23.419368744,-3.326862812,-0.206898764,1.019850850,-13.234667778,0.212858662,0.538528144,0.309863776,-2.644598722,0.112720311,-1.101341844,0.029613433,-0.511534631,0.039398745,-0.545752525,-2.827893257,0.078427009,-0.650032759,-0.362517834
99,1980.002,1786880256432.644,15044250.579,0.000000000,27.032842636,-14.207956314,11.086920738,5.863852501,15.629299164,2.529631376,-12.161573410,7.117057323,-6.254468918,-26.309003830,23.384649277,-3.333014488,-0.321907133,1.069010139,-13.413598061,0.164117381,0.600233495,0.296141118,-2.659496546,0.139620766,-1.103004694,0.060482528,-0.442839116,0.031664349,-0.544791400,-2.825176239,0.095326975,-0.680570424,-0.356913954
100,1999.996,1786880256452.638,15044270.573,0.000000000,27.023778915,-14.235454559,10.798476219,5.744790077,15.723193169,2.855083466,-12.211827278,6.956151962,-6.199192047,-26.556835175,23.322635651,-3.315417290,-0.244868577,1.167156696,-13.557447433,0.188027874,0.639637649,0.324901998,-2.664223433,0.136895984,-1.115500093,0.091106787,-0.493087262,-0.000483725,-0.511953533,-2.847160816,0.083192058,-0.718431175,-0.349711955
101,2020.003,1786880256472.646,15044290.580,0.000000000,26.529449463,-13.886261940,10.750416756,5.340959072,16.038677216,2.629681826,-11.962594032,6.806687355,-5.999661922,-26.917490005,23.716970444,-3.278705359,-0.012604525,1.104550958,-13.756081581,0.200142786,0.557488084,0.458168298,-2.756519318,0.207926899,-1.153022766,0.111074753,-0.652865052,-0.007375002,-0.562213004,-3.093557596,0.084125958,-0.761597931,-0.365546882
102,2040.004,1786880256492.646,15044310.581,0.000000000,26.284076691,-13.486126900,10.635891914,5.159293175,16.165512085,2.640179396,-11.263467789,6.540030956,-6.045805931,-26.036256790,23.136114120,-3.272422314,-0.300558537,1.067120910,-13.718170166,0.055480395,0.384807199,0.422883898,-2.747391462,0.206644237,-1.168235898,0.077441297,-0.651259840,-0.046203405,-0.516503870,-3.027893782,0.082846314,-0.813700080,-0.386488169
103,2060.000,1786880256512.642,15044330.577,0.000000000,26.280748367,-13.133902550,10.334258080,4.916981220,16.371616364,2.685200930,-11.002183914,6.458846092,-5.955259800,-25.738140106,22.828283310,-3.237915516,-0.214496762,1.254867315,-13.829447746,0.069419354,0.383518130,0.429705024,-2.722588539,0.206647515,-1.171106577,0.058660563,-0.634544611,-0.084916912,-0.544379652,-2.977869511,0.102758847,-0.857266665,-0.418219060
104,2080.003,1786880256532.646,15044350.581,0.000000000,26.318727493,-12.812128067,9.999076843,4.329165936,16.954462051,2.743553162,-10.481429100,6.468746185,-5.820161343,-25.094699860,22.571050644,-3.187098265,-0.050943602,1.976498008,-14.140566826,-0.013694668,0.405971617,0.456573009,-2.736193895,0.265441120,-1.185779214,0.056348372,-0.624681056,-0.096423075,-0.535179436,-2.928984165,0.149837226,-0.885018229,-0.503315270
105,2099.992,1786880256552.635,15044370.570,0.000000000,26.454618454,-12.288101196,9.754112244,4.001104832,17.324342728,2.825681448,-10.429589272,6.144215584,-5.651248455,-25.066015244,22.333448410,-3.119931698,0.014571871,2.184580088,-14.282179832,0.040473714,0.432604164,0.492965788,-2.700185537,0.255427152,-1.190627098,0.045976657,-0.622036695,-0.128511399,-0.538114071,-2.871456385,0.188245118,-0.905306935,-0.569363177
106,2120.001,1786880256572.643,15044390.578,0.000000000,26.235408783,-11.814074516,9.443842888,3.418918848,17.447364807,2.902245998,-10.171544075,6.081609249,-5.449249744,-25.195224762,22.307378769,-3.056828022,-0.215612218,2.235002041,-14.459678650,0.018791979,0.414399952,0.469344348,-2.610561609,0.192818940,-1.204918146,0.069605924,-0.654269218,-0.153072000,-0.503814936,-2.875802279,0.277866572,-0.908028841,-0.607054234
107,2140.001,1786880256592.643,15044410.578,0.000000000,25.796735764,-11.438995361,9.337308884,3.314471960,17.458501816,2.985364437,-9.910951614,5.584738255,-5.326721668,-25.977647781,22.831438065,-2.901389122,-0.107419416,1.725256681,-14.511801720,-0.029212119,0.534986556,0.515602052,-2.695964336,0.203389421,-1.217368960,0.081566758,-0.633816302,-0.377561927,-0.563029945,-2.742307186,0.281134188,-0.865687668,-0.616756737
108,2160.001,1786880256612.644,15044430.579,0.000000000,25.908790588,-10.968770027,8.989778519,3.577867985,17.412307739,3.012711763,-9.823703766,5.331623077,-4.802991390,-26.102565765,23.055887222,-2.820626974,-0.076854616,1.757353902,-14.564446449,-0.192292109,0.493543804,0.491073400,-2.727020502,0.253971994,-1.213008165,0.070346616,-0.581127107,-0.386182666,-0.544227660,-2.659171104,0.343080610,-0.831744492,-0.607175052
109,2179.996,1786880256632.639,15044450.574,0.000000000,25.561250687,-10.667116165,9.115942955,2.242207527,18.040317535,3.133918762,-9.161472321,5.019865990,-4.512986183,-25.981061935,23.550216675,-2.633558035,0.315187454,1.745168805,-14.884222984,-0.056859110,0.556662083,0.499922395,-2.718303680,0.182164565,-1.202744126,0.102002211,-0.570435166,-0.429142386,-0.466855347,-2.720000744,0.393175900,-0.809046984,-0.622330248
110,2199.994,1786880256652.636,15044470.571,0.000000000,25.015913010,-10.223627090,8.765947342,1.627026558,18.273567200,3.273942709,-8.608570099,4.737716198,-4.310066700,-25.891605377,23.246017456,-2.456218004,0.361088902,1.692986965,-14.979639053,0.029639715,0.595319927,0.489458352,-2.689982891,0.195990011,-1.186167717,0.092758246,-0.605257332,-0.414694548,-0.442210704,-2.790320873,0.432952404,-0.835533857,-0.614424348
111,2220.001,1786880256672.644,15044490.579,0.000000000,24.245050430,-9.273262024,8.019435883,0.621467650,18.459089279,3.528160334,-8.142350197,4.727721691,-4.120625019,-24.559972763,22.413969040,-2.195689440,0.146053582,1.524534106,-14.723357201,0.075963534,0.708976150,0.458929449,-2.556715965,0.038599737,-1.130076408,0.054974921,-0.676816523,-0.486293674,-0.445203722,-2.766481161,0.562287927,-0.834207714,-0.627023816
112,2240.001,1786880256692.643,15044510.578,0.000000000,22.976840973,-8.102105141,7.143828869,-1.494260073,18.738386154,3.824351072,-6.490808010,4.822000980,-4.620652199,-22.992355347,22.571493149,-1.811352968,-0.164643288,1.485984206,-14.962766647,-0.124310404,0.631483078,0.261831045,-2.689686537,0.038818572,-1.087725043,0.019669970,-0.470333159,-0.342948943,-0.318651497,-2.473093987,0.629216731,-0.801793694,-0.631630957
113,2260.002,1786880256712.644,15044530.579,0.000000000,23.135669708,-6.039072990,5.353911877,-2.736891270,19.512454987,4.250268459,-5.883113384,4.420733929,-4.684071064,-20.653783798,21.026060104,-1.397542715,-0.468660682,1.844481468,-15.030273438,-0.087136716,0.480558276,0.173717439,-2.633055210,0.157096773,-1.026266098,0.011176822,-0.239767432,-0.401881635,-0.279916197,-2.418130636,0.492509514,-0.771015584,-0.535512745
114,2280.004,1786880256732.646,15044550.582,0.000000000,27.257434845,1.311270475,-0.946757197,-6.670993328,22.995296478,5.408203602,-7.478667736,4.333716393,-5.488428116,-11.283399582,14.540390015,-0.643635869,-3.422655344,4.233369827,-15.100385666,-0.229877397,0.060698595,-0.115319796,-2.391984224,0.371631652,-0.899285793,-0.100020558,0.211132258,-0.575855672,-0.330234706,-2.494492292,0.522967041,-0.844958365,-0.568418384
115,2299.993,1786880256752.635,15044570.571,0.000000000,43.409751892,19.594017029,-14.998156548,-9.417333603,28.565700531,7.706549644,-34.320785522,-7.895773411,0.517672598,-17.063732147,-2.425053596,-0.165796667,-13.287172318,11.892084122,-8.520312309,-1.192808867,-0.701784253,-0.703817785,-2.215827465,0.392457306,-0.835527480,-0.261329591,1.841373324,-1.464266419,-1.027946234,-2.293750525,0.618736088,-0.810518920,-0.731973052
116,2320.000,1786880256772.642,15044590.577,0.000000000,29.276767731,13.600955963,-8.227500916,2.497765779,24.147024155,5.746476650,-16.702369690,-17.630300522,10.826458931,-10.364874840,-0.336312383,-0.284264296,-8.493868828,12.602459908,-9.353734016,-0.684470713,0.218520507,0.622297585,-1.918202877,0.306970567,-0.752244115,-0.174952522,1.864124894,-1.664080501,-0.624259174,-1.576722026,0.324179649,-0.531517744,-0.611466885
117,2339.994,1786880256792.636,15044610.571,0.000000000,12.984161377,7.906697273,-3.173816919,4.949024200,14.874549866,4.293116093,1.310581565,-12.214535713,9.820065498,-0.196057469,0.307320297,-0.265763551,-2.135012388,8.092410088,-9.736974716,-0.521981061,0.702939451,1.215161920,-1.376486063,-0.214484945,-0.731201708,0.091512911,0.797700167,-0.858796179,0.019833595,-0.727005661,0.181512073,-0.248774916,-0.278212190
118,2359.998,1786880256812.640,15044630.575,0.000000000,-0.186898589,-5.923924446,3.971247196,-2.993136644,10.076338768,2.786038876,19.524717331,-3.780003071,2.453234911,-12.093644142,19.774208069,-3.604008436,7.749540806,-0.924851358,-14.865783691,0.320829809,0.458425671,1.659422398,-1.553579807,-0.572032034,-0.659485400,0.453526855,-0.673360467,-0.636940837,0.519936204,-1.021401644,0.234365597,-0.276439250,0.016667679
119,2379.996,1786880256832.638,15044650.573,0.000000000,-13.431060791,-13.377588272,8.003487587,-3.463335991,2.444256067,0.687705457,32.566310883,-5.319439888,6.770580292,-23.699575424,46.184650421,-5.771930218,14.112482071,-9.568155289,-17.611188889,1.292966962,1.403054953,2.067916870,-2.011094093,-0.524363399,-0.663543046,0.777391911,-2.485491514,-0.330125839,0.465323001,-2.138247490,0.554997563,-0.287159026,-0.059878290
120,2399.999,1786880256852.641,15044670.577,0.000000000,-31.016582489,-14.825255394,10.517057419,-21.194662094,-2.629960060,0.338793904,42.113418579,-6.556682110,12.151706696,-24.079355240,50.000000000,-5.985711575,13.140015602,-12.368363380,-15.777855873,1.723004103,1.960288048,2.342393637,-1.936982274,-0.266386420,-0.692808032,0.833364844,-3.812677383,-0.107808545,0.371666878,-3.367059708,0.657901525,-0.620670140,-0.246783495
121,2420.000,1786880256872.642,15044690.577,0.000000000,-30.576065063,-12.534319878,9.276352882,-7.685508728,-0.692330182,-0.133380488,44.526664734,-9.209440231,16.869400024,-22.752447128,50.000000000,-6.435345650,11.134829521,-12.790434837,-15.281775475,1.592103601,2.385452509,1.936312556,-1.779602528,-0.387858063,-0.720316589,0.650802433,-4.056548595,0.540064156,0.339779943,-3.978560925,0.404553235,-1.059588432,-0.438235730
122,2440.002,1786880256892.645,15044710.580,0.000000000,-21.416893005,-9.692276955,6.583796024,-2.291767359,0.449875265,-0.014813260,34.534404755,-11.897734642,15.090972900,-24.562433243,50.000000000,-5.579592228,9.847118378,-11.701185226,-13.540278435,1.602548361,2.673102140,1.058119059,-1.708506465,-0.446169257,-0.861850023,0.494013190,-3.768019915,1.352393150,0.495203108,-4.294107914,0.438808173,-1.268735051,-0.453708202
123,2459.996,1786880256912.638,15044730.573,0.000000000,-14.878422737,-7.319132328,3.307363033,-0.159629062,0.338874668,0.125894830,26.890483856,-13.220278740,13.096181870,-25.472444534,45.226806641,-4.622990131,8.423702240,-10.290472984,-13.295900345,1.431110024,2.737082481,0.673168182,-2.017390251,-0.257699072,-0.989471912,0.409167349,-3.861227274,1.683960438,0.085262001,-4.473928452,0.380800426,-1.393151522,-0.317701519
124,2479.999,1786880256932.641,15044750.577,0.000000000,-0.987084448,3.311603069,-4.174440861,1.078613758,0.921891451,0.267981917,14.992699623,-14.078236580,9.919555664,-15.849630356,31.355649948,-3.209988356,2.697442770,-5.902648449,-12.690340996,0.880376339,2.055315256,-0.002198563,-1.349100828,-0.280951411,-0.911581457,0.353902459,-3.393387079,1.608175874,-0.200067863,-4.296519279,0.289092988,-1.323428631,-0.357513785
125,2499.997,1786880256952.639,15044770.574,0.000000000,20.359333038,16.195552826,-8.681866646,-5.057063103,-3.113351345,-0.764798820,-1.288714647,-13.924165726,6.539386272,-7.343299866,13.524096489,-1.387879968,-8.847180367,1.122461319,-14.185265541,-1.167739034,0.918290913,-0.952976108,-1.923697710,0.247249767,-0.734878182,0.060197070,-1.207318783,0.843679130,-0.641999602,-3.880505800,0.487687498,-1.243441224,-0.542078137
126,2519.997,1786880256972.639,15044790.574,0.000000000,39.119827271,34.888248444,-17.716371536,-29.843000412,31.859104156,-0.040041078,-20.844850540,-17.957223892,7.926894188,-22.334878922,-5.914194107,-0.865687668,-17.952161789,12.415555000,-17.166118622,-2.679900885,-0.757977068,-1.735128045,-3.135949373,0.404988229,-0.812773108,-0.248644710,2.477634430,-1.214509010,-1.396661043,-3.387847662,0.387397110,-1.219000220,-0.691253543
127,2540.006,1786880256992.648,15044810.583,0.000000000,48.702148438,28.563207626,-15.892897606,-17.816053391,39.669681549,0.534118295,-18.925579071,-11.400846481,7.388963223,-5.333224773,-0.413236916,-0.178254157,-14.699112892,19.020082474,-21.337409973,-1.698690891,-1.009591818,-0.823655367,-4.762740135,0.699088514,-1.375522256,-0.267622918,4.778471470,-2.280166864,-0.883772910,-1.402628422,0.129831821,-0.786967218,-0.488243759
128,2560.139,1786880257012.782,15044830.717,0.000000000,50.493576050,24.089565277,-15.148414612,-13.750151634,39.767230988,0.469735324,-16.316509247,-6.823407173,4.206630707,-1.279688835,-0.077235974,-0.141005784,-11.672743797,19.264108658,-22.895502090,-0.977015972,-0.825888157,-0.609345555,-4.773389339,0.591507316,-1.689044595,-0.102442905,5.513270855,-2.536243677,-0.368641794,-0.154202625,0.008486801,-0.440039963,-0.089599326
129,2580.031,1786880257032.673,15044850.608,0.000000000,46.630920410,19.024869919,-12.564886093,-12.283838272,36.898517609,0.388253808,-11.469852448,-2.735267401,1.744927883,0.716527343,-0.180184469,-0.165762022,-8.221249580,15.957515717,-23.702503204,-0.336720824,-0.587462485,-0.294835567,-4.247903824,0.438350856,-1.664853215,0.144659445,5.015005589,-2.501341105,-0.102720715,0.118100278,-0.152504176,-0.371942520,0.045323465
130,2600.003,1786880257052.645,15044870.580,0.000000000,39.475574493,14.422016144,-8.898670197,-8.975722313,33.506259918,-0.201519281,-5.902488708,-1.136628509,1.407461166,1.694235206,0.043155555,-0.133197710,-5.322204590,12.142796516,-23.097415924,-0.511360168,-0.759171307,-0.008001600,-3.934267759,0.136034489,-1.506932139,0.417430729,4.029052258,-2.132095575,-0.269977152,-0.126776859,-0.244522393,-0.310449630,0.109089486
131,2620.043,1786880257072.686,15044890.620,0.000000000,34.219360352,7.183448792,-3.481715679,-10.288637161,29.542295456,-0.418330908,-6.943261147,1.861405015,-2.111106873,-8.080698967,2.492094755,-0.600264728,-3.433613300,7.800693035,-21.681844711,-0.523103058,-0.497647434,-0.078398168,-3.606116772,-0.035578836,-1.328776240,0.436463594,3.040266991,-1.900126696,-0.605116427,-0.401686490,-0.139598608,-0.231020540,0.056468487
132,2640.027,1786880257092.669,15044910.604,0.000000000,29.519695282,-4.655878067,5.002139091,-6.416953087,24.596754074,-1.287973404,-7.898199081,-0.244147420,-4.494812012,-35.252292633,22.968667984,-8.010523796,0.023592938,2.980778456,-19.858566284,-1.010790825,0.260877281,0.108628474,-3.756798983,0.166962519,-1.393269897,0.496330351,1.898197412,-2.115047932,-0.751253009,-0.800173581,-0.157228857,-0.289109826,0.007008230
133,2660.011,1786880257112.654,15044930.588,0.000000000,26.424690247,-10.930480003,9.636283875,-2.696713924,19.992307663,-1.612140059,-5.958844662,3.036033869,-3.178090811,-33.267894745,29.559410095,-8.040307999,0.137361035,0.469805628,-19.038784027,-1.849314809,1.271819711,0.264448702,-4.325644970,-0.062970415,-1.584503293,0.373198718,0.402727932,-2.094254494,-0.992623031,-2.267999411,0.119353876,-0.472315192,-0.143649310
134,2680.027,1786880257132.669,15044950.604,0.000000000,21.874546051,-12.937500954,10.799466133,-2.403709412,17.182567596,-1.659851551,-2.441513538,7.764772892,-5.798711777,-26.133195877,29.433576584,-7.242961407,-2.385687590,-0.703385830,-17.529590607,-2.284546375,1.552561641,0.687066615,-3.744486809,0.274527848,-1.472170830,0.219007283,0.299976766,-1.808730125,-1.613679171,-2.240619659,0.533952117,-0.456663162,-0.318786055
135,2699.999,1786880257152.641,15044970.576,0.000000000,15.451673508,-13.550601006,11.752685547,-3.114828587,11.493491173,-1.631677508,-0.220198214,9.882706642,-7.339260101,-20.536897659,24.748043060,-5.779076099,-2.231395245,-1.473935246,-14.599824905,-1.485016942,1.806328535,0.683646560,-1.891377926,0.065531500,-1.200688481,0.091828771,0.697143853,-2.177095890,-1.238219261,-2.137920141,0.768039823,-0.444597065,-0.401636839
136,2720.011,1786880257172.653,15044990.588,0.000000000,11.449051857,-14.684704781,13.678737640,-1.020804286,8.758958817,-2.037672043,-0.697458684,9.130833626,-6.285691261,-19.115697861,21.105257034,-4.991743088,-2.250806570,-2.585181952,-11.052150726,-1.738567829,2.087108850,0.586457014,-1.449671984,-0.106587410,-0.956063092,0.013625127,1.130590200,-2.372554064,-0.995001256,-1.370654821,0.395593166,-0.421349138,-0.352311581
137,2740.029,1786880257192.671,15045010.606,0.000000000,10.078843117,-15.143455505,14.120001793,0.647781134,8.444578171,-2.268229723,0.653874397,9.547986031,-7.345970154,-16.344532013,19.481351852,-4.614964485,-1.402999163,-1.661265612,-10.120151520,-1.599330187,1.951461077,0.624713302,-1.526070237,0.019766042,-0.781264603,0.009428977,1.581816554,-2.742362499,-0.874982059,-0.540080249,0.516992807,-0.261839926,-0.323319197
138,2760.027,1786880257212.669,15045030.604,0.000000000,12.301513672,-16.085683823,15.981024742,-2.395859241,6.655379295,-2.884016037,-1.163139939,11.351950645,-8.730182648,-16.518587112,18.538665771,-4.366724968,-1.355006456,0.536086857,-10.189670563,-2.598776102,1.213765383,0.751914620,-2.705994844,0.358571470,-0.883146286,0.023740567,1.830053210,-1.533300757,-0.572402477,-0.534151614,0.601160228,-0.156629056,-0.294594467
139,2780.009,1786880257232.651,15045050.586,0.000000000,13.974422455,-16.458976746,16.349798203,-12.839429855,2.583723783,-2.972896099,-3.379045486,14.345115662,-11.251317024,-14.955539703,17.571075439,-3.936449766,-2.485207319,2.019659281,-10.343552589,-1.949671507,1.265088916,0.716029525,-2.323877811,0.136891767,-1.018667102,0.099183746,2.131487370,-1.706163406,-0.439853400,-0.472831845,0.377286941,-0.223744407,-0.254931241
140,2800.060,1786880257252.702,15045070.637,0.000000000,14.260182381,-17.666131973,16.512372971,-18.695289612,0.410939157,-3.141543627,-5.940391064,16.903949738,-12.523157120,-15.221505165,16.202018738,-3.696634293,-3.381126404,4.273430824,-9.585733414,-2.623315096,1.076379299,0.557538748,-2.494734049,0.099403583,-0.983719468,0.091553003,1.871536613,-2.017509937,-0.553255618,-0.685051739,0.228294462,-0.273105800,-0.222845420
141,2820.027,1786880257272.669,15045090.604,0.000000000,14.654116631,-17.794124603,16.619361877,-20.449752808,-0.961334288,-2.936687231,-6.543206692,18.102331161,-12.918317795,-14.256786346,15.565469742,-3.369418859,-3.483610153,4.414238930,-9.823971748,-2.644155741,1.656190515,1.056940317,-2.536459446,0.062644079,-0.998499274,0.215615451,2.242704630,-2.694366693,-0.942359984,-0.532517850,0.314034671,-0.229741886,-0.241429836
142,2840.028,1786880257292.670,15045110.605,0.000000000,16.517337799,-17.620124817,15.399715424,-21.242486954,-0.230574489,-3.015447378,-5.970191479,19.481399536,-13.451952934,-11.662808418,16.912595749,-3.406112432,-2.999738216,4.734802246,-10.819203377,-2.914346457,2.463014841,1.750308514,-2.154316902,0.089408726,-0.871998727,0.336020023,1.880413532,-2.995031595,-1.311429739,-0.356114864,0.255407155,-0.108734474,-0.298185676
143,2860.027,1786880257312.670,15045130.604,0.000000000,16.928796768,-16.876020432,14.418906212,-20.920335770,2.330430508,-2.857429504,-4.437139511,18.492698669,-12.789811134,-11.083427429,17.915052414,-3.543290138,-2.566125393,4.132459164,-11.923227310,-2.578963280,2.411007643,1.775013447,-2.184171438,-0.090525791,-0.816110432,0.436567992,2.233737946,-3.504926443,-1.309247375,-0.004807358,0.326724440,-0.026640324,-0.295198411
144,2880.013,1786880257332.655,15045150.590,0.000000000,15.656668663,-17.654512405,13.866116524,-18.117879868,4.356848717,-2.869487286,1.021893382,17.511476517,-12.387704849,-12.725014687,19.981901169,-3.816147566,-1.510990858,3.125190020,-13.530501366,-2.844764948,2.671180010,2.103816509,-2.036207199,-0.080423772,-0.778247893,0.465739846,2.453529835,-3.759055853,-0.720258176,0.459798157,-0.743791699,0.378199339,0.194648519
145,2900.023,1786880257352.666,15045170.600,0.000000000,14.144583702,-16.110074997,13.887472153,-19.358846664,5.769314289,-2.899334192,1.237890363,16.952999115,-10.707777977,-12.448609352,21.297685623,-4.296403885,-0.978371322,0.841903090,-14.760384560,-2.433308601,2.330941200,1.893291831,-1.934584379,-0.046150871,-0.718074739,0.462299824,2.949852943,-3.410527945,-0.688305438,0.441705018,0.016705226,0.019721203,-0.018664280
146,2920.083,1786880257372.725,15045190.660,0.000000000,18.240089417,-11.812796593,10.201835632,-19.283796310,9.726408958,-2.768933058,0.059482221,16.638498306,-11.381240845,-7.993583202,20.780134201,-3.927950144,-2.045388460,1.627921224,-15.417702675,-2.586319447,1.934943676,1.727416396,-1.933301449,0.077426828,-0.656181753,0.390196413,3.505064011,-2.792599201,-0.418206543,0.360071838,0.283739716,-0.053421527,-0.104640231
147,2940.039,1786880257392.681,15045210.616,0.000000000,22.340818405,-9.178224564,5.947542191,-21.524335861,14.482243538,-2.804177523,-1.554601908,16.418952942,-11.485107422,-6.393752098,19.396667480,-3.584218025,-2.201442480,2.649216175,-17.068487167,-2.990188837,1.619539022,1.503149152,-2.670219421,-0.097658940,-0.662321150,0.289404184,3.243470669,-2.079705238,-0.132201254,-0.143436685,0.344034374,-0.260732442,-0.103506871
148,2960.028,1786880257412.671,15045230.606,0.000000000,30.344141006,-3.444214582,-2.087963820,-26.059272766,18.295547485,-2.364780903,-6.827842712,14.467833519,-11.485116005,-1.339883804,15.642478943,-2.708516359,-4.145953178,4.118424892,-17.636533737,-2.738323689,1.467948794,1.293766975,-2.423511267,-0.131301060,-0.680214643,0.323108196,2.546014309,-1.649232864,-0.052890297,-0.929202676,0.177409336,-0.575672865,-0.129609406
149,2980.039,1786880257432.681,15045250.616,0.000000000,37.379646301,1.600072145,-10.173950195,-30.513717651,21.706933975,-1.844929218,-20.359699249,8.118137360,-9.370456696,-13.637044907,3.584937096,-1.017437935,-7.222619534,5.243277550,-16.619174957,-2.977474928,1.240468621,0.834711134,-2.615774870,0.225217119,-0.706405044,0.157262042,2.386790991,-1.742387533,-0.121024132,-0.971674383,0.055155635,-0.782743812,-0.206398547
150,3000.037,1786880257452.679,15045270.614,0.000000000,44.727817535,9.424818039,-16.833745956,-30.685829163,24.343732834,-1.644758582,-32.468776703,-2.009114027,-7.737350941,-25.788951874,-2.827647209,-0.326093256,-7.590745926,6.513858318,-15.223999023,-3.084692240,0.615299940,0.840793729,-2.725201368,0.005738506,-0.708153546,0.172972098,2.206286430,-1.950352550,-0.171078056,-1.415535688,0.166801766,-0.869356632,-0.228389055
151,3020.030,1786880257472.672,15045290.607,0.000000000,42.969566345,10.843649864,-21.345037460,-28.118970871,26.030799866,-1.767541170,-24.767011642,-1.218405247,-4.489179134,-6.144854546,-0.956260026,-0.015013918,-8.132265091,7.397288322,-16.185977936,-3.273187876,-0.139335722,0.904513180,-2.859125137,-0.100066721,-0.716466606,0.151281610,1.807628870,-1.930431128,-0.284945667,-1.565088749,0.176357731,-0.888863862,-0.228265449
152,3040.033,1786880257492.676,15045310.610,0.000000000,34.864101410,13.234737396,-23.721300125,-29.976140976,29.494134903,-1.900124669,-15.720127106,-0.884156466,-0.946120501,-0.943582714,0.269660801,-0.180955514,-7.113145351,7.619916916,-17.371513367,-3.512345552,-0.691294968,1.004944801,-3.053893566,-0.094523758,-0.850227416,0.175685063,0.755742013,-1.554450512,-0.451412231,-1.305494070,0.096942917,-0.817408562,-0.194469273
153,3060.004,1786880257512.646,15045330.581,0.000000000,26.601779938,15.263644218,-22.509054184,-31.545814514,32.881641388,-1.731619358,-8.953336716,-2.091234207,1.416226864,1.320828319,0.669374585,-0.163378194,-4.143434525,5.701075554,-16.228666306,-2.948968649,-0.595232427,0.909499705,-2.638784170,-0.150656417,-0.886398613,0.253593922,-0.660476446,-1.787905931,-0.667178750,-1.185041308,-0.167317450,-0.807227492,-0.181415752
154,3079.997,1786880257532.639,15045350.574,0.000000000,13.217885017,15.821715355,-13.280458450,-28.526317596,32.992935181,-1.671055198,0.553691030,-6.608058453,-2.092396975,-15.784930229,-6.171234131,-1.209193349,3.023262262,1.157542467,-15.637649536,-1.845806837,0.335539609,1.226998329,-2.088916779,-0.494913131,-0.720399678,0.389436603,-1.436277509,-2.518896580,-1.054996371,-1.407172799,-0.220192179,-0.765146434,-0.209342480
155,3099.995,1786880257552.637,15045370.572,0.000000000,5.173964500,8.932934761,-5.416002750,-26.252241135,27.078891754,-2.257639647,7.289051533,-6.327198029,-2.473063707,-23.626504898,7.439365864,-3.732809544,9.981760025,-4.421429157,-17.034496307,-1.240952730,1.685793757,1.628566623,-2.043856859,-0.472767621,-0.652292728,0.507402539,-1.814957619,-3.592756748,-1.372985482,-1.700615525,-0.094246507,-0.630971313,-0.359994650
156,3119.995,1786880257572.637,15045390.572,0.000000000,0.128177702,4.303676605,-2.905545712,-22.460372925,20.144828796,-2.475384474,15.946892738,-3.132164478,-3.147728682,-18.401468277,14.494151115,-6.154769421,10.157070160,-7.003274441,-17.712421417,-1.154900670,2.650448561,2.013510942,-1.725250244,-0.519260287,-0.616758585,0.532632172,-1.430561543,-4.263946533,-1.911219001,-1.588030577,0.070256703,-0.515573680,-0.606728196
157,3139.995,1786880257592.637,15045410.572,0.000000000,-2.711578131,2.236938238,-1.103981853,-22.055881500,16.385398865,-2.482432127,18.798078537,-0.574179769,-3.968991756,-15.791720390,17.434324265,-6.519941807,8.365177155,-9.158055305,-17.942152023,-1.526295424,3.178064108,2.224385023,-1.682136297,-0.564142287,-0.610462785,0.503566682,-0.504880369,-4.592576981,-2.105219841,-1.181347609,0.200477764,-0.387908936,-0.742832124
158,3159.993,1786880257612.635,15045430.570,0.000000000,-2.779697657,0.917740464,0.322717756,-21.251375198,15.008214951,-2.378932953,19.227624893,1.632600904,-4.864454746,-14.091166496,18.549264908,-5.454741955,6.599907398,-10.250317574,-18.286869049,-2.513306618,3.513635874,2.162369728,-1.974821091,-0.475024581,-0.665711105,0.548904896,0.449918300,-4.555818081,-1.803598881,-0.659510493,0.477215379,-0.274779141,-0.653102160
159,3180.170,1786880257632.812,15045450.748,0.000000000,-1.664212346,-0.034439478,1.661169529,-19.925558090,14.704275131,-2.319715261,17.934783936,3.104587555,-5.554066181,-14.646891594,18.604757309,-4.189461231,5.383527279,-10.842060089,-18.452587128,-2.951393843,3.576004505,2.350569487,-1.771408677,-0.573816657,-0.597669423,0.596475899,1.178619266,-4.430862904,-1.674122334,-0.212031767,0.456233084,-0.132436067,-0.555817842
160,3200.033,1786880257652.675,15045470.610,0.000000000,1.440504909,-0.209403068,2.830994606,-18.085527420,14.917804718,-2.426235676,13.199646950,4.257977486,-6.787662029,-17.200895309,16.292055130,-3.814426422,2.713456154,-9.979806900,-17.126956940,-3.093612671,3.124820232,2.180471659,-1.288220763,-0.603033543,-0.447108656,0.581139982,1.778743386,-4.239903927,-1.509814978,0.018986901,0.337678134,-0.030087037,-0.509942591
161,3220.101,1786880257672.744,15045490.679,0.000000000,4.710484505,-1.162989140,3.072150707,-16.137207031,15.935048103,-2.555800676,9.783416748,4.812950134,-7.234693527,-17.108474731,14.390535355,-3.645835876,1.766188502,-8.610001564,-16.546802521,-3.566784620,3.076430082,2.210711956,-1.589110732,-0.624707937,-0.345795572,0.548978388,2.090251446,-4.138335705,-1.380013824,0.488515258,0.398069322,0.050915238,-0.428912699
162,3240.032,1786880257692.675,15045510.610,0.000000000,6.334805965,-1.114877820,2.793608189,-15.734228134,17.095613480,-2.506185055,7.843667030,5.514418125,-7.504259586,-16.474300385,12.261919022,-3.402488470,1.273779988,-7.470207691,-15.656986237,-3.147515774,2.950980186,2.288329840,-1.090271950,-0.579812229,-0.252660215,0.594725072,2.154481888,-4.187472820,-1.333392024,0.687843919,0.231267378,0.158925071,-0.405680686
163,3260.110,1786880257712.753,15045530.688,0.000000000,9.298629761,-1.272346139,2.292771101,-15.260153770,18.161634445,-2.508226156,4.152737617,6.239067554,-8.175035477,-17.952375412,11.263547897,-3.268596172,-0.281210870,-6.009784222,-14.883357048,-3.160214901,2.816043139,2.080069304,-0.941578984,-0.472365677,-0.125854418,0.625228167,2.855602741,-4.163919449,-1.177184224,1.020269036,0.263708740,0.257349223,-0.342217505
164,3280.039,1786880257732.681,15045550.616,0.000000000,10.725946426,-1.016772270,2.534490824,-15.274994850,18.288969040,-2.368247509,1.417713523,6.008770466,-8.153845787,-19.507534027,9.743782997,-2.946074724,-0.819673240,-5.980399132,-14.432251930,-2.973948479,2.675694227,2.160221577,-0.877135158,-0.426686704,-0.079463892,0.612052381,2.982662201,-3.864305973,-1.000087380,0.964366078,0.234869942,0.305743098,-0.252899170
165,3299.997,1786880257752.639,15045570.574,0.000000000,11.926246643,-0.838274360,1.957022429,-12.851300240,17.733135223,-2.350374460,-0.238036618,5.827925205,-8.821727753,-21.394323349,8.621088982,-2.756069422,-0.253245026,-6.296741486,-14.426369667,-3.212375402,3.300079823,2.762457848,-1.042164087,-0.515106261,-0.105149984,0.684781551,3.158481121,-3.700720310,-1.051250935,0.794340253,0.075488694,0.189671665,-0.180048853
166,3320.036,1786880257772.678,15045590.613,0.000000000,11.709104538,-1.391144395,2.261673689,-12.341296196,17.474098206,-2.305525780,0.471053660,4.369392395,-8.793162346,-24.558176041,8.123641014,-2.633997679,0.788651526,-6.384539604,-15.297209740,-3.913530827,3.825134754,2.770004511,-1.741875648,-0.566539109,-0.276441365,0.793767095,3.127172947,-3.608855486,-0.876226664,0.675715923,0.241926029,0.107290052,-0.165572867
167,3340.033,1786880257792.676,15045610.611,0.000000000,12.102974892,-1.654828548,2.486410618,-11.429203987,17.472423553,-2.241956711,0.724024296,3.131422043,-8.516263962,-25.608385086,8.204294205,-2.783980370,0.272650331,-5.405468464,-15.764055252,-3.830335617,3.829429150,2.712060690,-1.806827068,-0.506260514,-0.469459414,0.794689119,3.053951979,-3.551908731,-0.925715208,0.735926151,0.210795552,0.084407263,-0.115497790
168,3360.034,1786880257812.676,15045630.611,0.000000000,12.644518852,-1.660368323,2.379398823,-9.949906349,16.987188339,-2.232586622,0.462534100,2.240849257,-8.439295769,-27.549997330,9.251665115,-2.795507908,0.896132648,-5.567481518,-15.666574478,-2.861055136,4.076059341,3.017462969,-0.752724409,-0.546391666,-0.204705268,0.748360753,3.217032194,-3.993966818,-1.115795732,0.795231640,-0.024125405,0.082983129,-0.125538483
169,3380.013,1786880257832.655,15045650.590,0.000000000,12.343080521,-1.573431730,2.269576311,-11.105333328,16.665206909,-2.156925678,0.425429791,1.272875547,-8.281175613,-28.824203491,8.499957085,-2.898290873,1.190758824,-5.782320976,-15.729770660,-2.434654713,4.262120247,2.850370169,-0.618375242,-0.577593088,-0.029885121,0.712987840,3.196914434,-3.866065502,-0.989037931,0.811778307,-0.018402735,0.013368723,-0.096663982
170,3399.999,1786880257852.641,15045670.576,0.000000000,13.077599525,-1.952894330,2.412108660,-10.119096756,17.082628250,-2.066888571,0.479856193,1.467632413,-7.650916100,-29.539548874,8.150130272,-2.954989433,1.431119084,-5.435249329,-16.185621262,-2.184438705,4.089070797,2.597975492,-0.860720992,-0.548490047,-0.103428766,0.656480074,2.729597092,-3.799468994,-1.071825147,0.344685495,-0.084749982,-0.065213814,-0.110541582
171,3420.069,1786880257872.712,15045690.647,0.000000000,12.043955803,-1.460999727,1.965315819,-11.323086739,17.457946777,-1.811753750,1.439178944,0.387021273,-7.514710426,-28.786615372,7.520052433,-3.023296356,2.049610615,-4.633464813,-16.026258469,-1.407058239,4.209548950,2.220330238,-0.484093130,-0.430030584,-0.091127075,0.564126670,2.402638912,-3.782654047,-1.097615123,0.094994009,-0.072134517,-0.136920005,-0.177320704
172,3440.031,1786880257892.673,15045710.608,0.000000000,12.126639366,-1.780514479,2.020480394,-9.760953903,17.654048920,-1.466229439,1.998499274,-0.555403531,-6.258918762,-26.721157074,8.439286232,-3.242091417,3.255704403,-4.304002285,-15.387813568,-0.727015615,4.076763153,2.070015907,-0.467395365,-0.393459111,-0.103256620,0.524639785,1.553294539,-3.837914944,-1.285249233,-0.093148902,-0.012375974,-0.181690022,-0.215382978
173,3460.034,1786880257912.676,15045730.611,0.000000000,12.213841438,-2.009467602,1.531146288,-10.056762695,17.574712753,-1.077648282,1.324936986,-0.087017089,-6.544054031,-26.782255173,9.248319626,-3.468769550,2.559817553,-4.122980118,-15.066996574,-0.956314385,3.822372437,1.819232106,-0.715054333,-0.315031976,-0.206111521,0.444091678,1.329672456,-3.716269255,-1.327443123,-0.381228745,-0.106762052,-0.275336444,-0.271967173
174,3480.032,1786880257932.675,15045750.610,0.000000000,11.756235123,-2.386708736,1.722051740,-8.899670601,17.916194916,-0.716092706,0.971765935,-0.435900241,-6.472208500,-26.261726379,9.913726807,-3.792255878,3.743704081,-4.018032074,-14.387361526,-0.992833197,4.037304401,2.024846792,-0.582350254,-0.395239919,-0.149053812,0.443357497,0.722558916,-3.803251028,-1.351818204,-0.481711268,-0.102615945,-0.344699383,-0.221097320
175,3500.033,1786880257952.676,15045770.610,0.000000000,11.561522484,-2.326513052,0.992005408,-7.972659111,21.627899170,-0.241400748,1.899484754,1.782503724,-4.460765839,-26.154407501,8.955339432,-3.967439175,4.078790665,-5.431285858,-14.219419479,-0.381464303,3.958432436,1.840690613,0.070469327,-0.538344502,0.013382142,0.474001974,-0.294415772,-4.280893803,-1.535817266,-0.882639647,-0.157604173,-0.445199400,-0.271757901
176,3520.030,1786880257972.672,15045790.607,0.000000000,11.188145638,-1.264242411,-1.067560077,-7.840844631,21.473274231,0.964115441,3.545259714,-0.448527873,-2.216220617,-29.083997726,8.284628868,-4.059839249,4.577608585,-5.154175758,-15.459725380,0.104832686,3.670594454,1.631522894,0.354535013,-0.498544395,0.173125371,0.443943053,-0.443860650,-4.788986206,-1.874393106,-1.006792307,-0.022133283,-0.506864905,-0.424104095
177,3540.007,1786880257992.649,15045810.584,0.000000000,7.748012066,-0.611036003,-3.002098083,-5.770572186,20.875541687,1.642036676,5.782357693,-3.994479179,4.088169575,-36.089862823,5.791779041,-4.512302399,6.390577793,-5.383241177,-14.585111618,1.078944445,3.378382683,1.185858011,1.006685257,-0.518285275,0.310887367,0.445612729,-1.031018853,-4.646987438,-1.786228418,-1.191004753,-0.062863566,-0.549875319,-0.565200090
178,3560.000,1786880258012.642,15045830.577,0.000000000,-0.142353952,-0.450484812,-6.311163425,-11.362447739,6.487698078,3.478458166,8.164744377,-0.043967780,7.974321842,-48.169544220,-2.628965616,-4.536825657,8.899220467,-6.845129490,-14.102416039,1.868132830,3.506817102,1.256336331,1.053209782,-0.586799800,0.433114707,0.468746483,-1.404253483,-4.578247547,-1.411495805,-1.928026676,0.028616471,-0.740614712,-0.679904342
179,3580.029,1786880258032.671,15045850.606,0.000000000,-26.304607391,-5.034674168,-3.655332804,-28.366968155,-8.516345024,0.635796010,22.750513077,5.406311989,15.434546471,-56.933414459,-10.044313431,-5.455752373,13.735745430,-9.875934601,-8.454768181,2.295480967,4.139515400,1.274494886,1.892849922,-0.748351097,0.588578582,0.426523268,-3.422703743,-4.139106750,-0.980450928,-2.348915577,0.091879688,-0.908737838,-0.697679758
180,3600.030,1786880258052.673,15045870.608,0.000000000,-29.444366455,-7.412992001,5.210859776,-14.160526276,-2.728887081,-0.022031117,23.294265747,5.803702354,18.921691895,-69.284904480,-15.894083977,-5.334879398,15.138661385,-10.866768837,-5.949375153,2.604557753,4.520610332,1.545684338,2.038413048,-0.805751681,0.761398375,0.506087244,-4.762899399,-4.353519440,-0.936103344,-2.994989395,-0.013189601,-1.146648169,-0.768758357
181,3620.030,1786880258072.672,15045890.607,0.000000000,-23.448522568,-7.540080547,7.500581741,-0.140289471,-0.434388340,-0.150143176,16.988569260,0.994113624,16.136590958,-76.992538452,-18.376991272,-4.148713589,16.320083618,-8.750883102,-5.400895119,2.380664110,4.672391415,1.246362448,1.474557400,-0.323519230,0.561155081,0.369281590,-6.358177185,-4.112064362,-1.568710566,-3.866086721,0.072175227,-1.364997983,-0.778124332
182,3639.998,1786880258092.640,15045910.575,0.000000000,-17.386959076,-7.067430019,6.578418732,4.417333603,-0.218374565,-0.082938060,10.055423737,-3.101106882,14.248847961,-75.061088562,-17.460439682,-3.768983364,16.523225784,-6.736792088,-4.638912201,2.488331556,4.175649166,0.951442599,1.628076434,-0.218175843,0.459199756,0.303531855,-7.673008919,-3.551477194,-1.968309760,-4.191823483,0.293720752,-1.456981540,-0.879334271
183,3660.030,1786880258112.672,15045930.607,0.000000000,-12.300352097,-5.820366859,6.428495407,3.691765547,-0.396639943,-0.060172495,4.250697613,-6.526672840,8.587339401,-67.169174194,-15.456712723,-2.385474920,17.218139648,-3.388995409,-3.647277594,2.645035982,3.669901371,0.816338599,1.316210866,-0.216490194,0.293417752,0.330545604,-9.062834740,-2.974876404,-2.087141275,-4.451414585,0.378483802,-1.480489731,-0.934340775
184,3680.032,1786880258132.675,15045950.610,0.000000000,-4.921067715,-3.031590462,6.554069519,5.069853783,-0.342952877,-0.052742187,-1.608344793,-12.320452690,0.049792916,-50.518772125,-11.355966568,-0.504492939,17.226627350,0.307617366,-2.902608871,2.390376329,2.952636719,0.431849241,0.671528637,-0.299793959,0.013964114,0.446478933,-9.647489548,-2.204161167,-1.906865478,-4.380927086,0.567394495,-1.434069991,-0.866715670
185,3700.032,1786880258152.675,15045970.610,0.000000000,-2.250789881,-0.673840463,4.894971848,3.783743143,-0.603704154,0.030676916,-4.013769150,-14.526072502,-7.954564095,-18.393030167,-4.293708801,1.246864200,18.185544968,3.625010252,1.007516265,2.391514301,1.137011886,-0.282266974,0.415032506,-0.238412037,-0.184506208,0.376443326,-10.597660065,-0.584291041,-1.382986665,-4.532218933,0.601155460,-1.446167111,-0.710132837
186,3720.031,1786880258172.673,15045990.608,0.000000000,-6.323866367,-2.301436186,6.959029675,4.952455521,-0.272929817,-0.385913223,4.202516079,-5.458168030,-6.922506332,1.644390821,-0.146688730,0.665914953,13.489075661,4.243064404,0.278758526,1.946994305,-0.805197418,-0.581016064,-0.132505432,-0.125189364,-0.443562180,0.216733515,-8.550141335,0.963693559,-0.850387037,-4.054145336,0.478085905,-1.433368325,-0.634476542
187,3740.029,1786880258192.671,15046010.606,0.000000000,-21.060413361,-8.895051956,6.126832962,-3.354757786,-0.234449565,-0.382131577,16.319564819,6.039282322,10.109688759,7.751169205,0.422209710,-0.568367064,5.844295025,3.524338007,1.898084641,1.057430863,-2.155950546,-1.020465732,-0.106637493,-0.377849877,-0.617854834,0.186291113,-6.289938450,1.871740580,-0.154019505,-3.104143143,0.447783083,-1.456975222,-0.742802858
188,3760.088,1786880258212.730,15046030.666,0.000000000,-22.899972916,-9.494210243,5.517107964,-3.037045717,-0.375647247,-0.286763579,18.779378891,11.521476746,9.724706650,-1.954779506,-0.771153629,-0.539604843,1.031961083,-1.128349185,0.585413098,-0.358463854,-1.723354220,-0.536716938,-0.540557563,-0.471122116,-0.632687688,0.137147740,-3.935576200,1.811431646,-0.063834526,-2.984578609,0.459147125,-1.360818624,-0.596532881
189,3780.031,1786880258232.673,15046050.608,0.000000000,-10.200097084,-5.942083836,7.504782200,1.333744526,-0.409644008,-0.368751854,13.119844437,14.418377876,-9.816588402,-22.605878830,-5.249125957,0.860113978,2.485792875,-9.584158897,-3.187841892,-2.761846304,-1.379205108,-0.346854836,-1.629373193,-0.342801571,-0.773545802,0.167207494,-1.550186515,0.532167196,0.239066839,-2.289723396,0.333827823,-1.289316893,-0.521674573
190,3800.001,1786880258252.643,15046070.578,0.000000000,-1.938956261,-9.493936539,7.503964901,6.736997604,0.365177214,0.012602471,4.981466293,16.731952667,-2.797878027,-96.999023438,-19.990360260,1.010522962,6.515349865,-22.894220352,-9.893255234,-1.759541035,-2.550998211,-0.381859899,-1.150307775,-0.322438419,-0.748923123,0.254040241,-1.404667020,-0.499696285,-0.160538882,-3.123913765,-0.292197436,-1.249560595,-0.409656674
191,3820.009,1786880258272.651,15046090.586,0.000000000,4.729240417,-3.484506607,1.883931518,13.544586182,0.783564866,0.205474392,2.102421522,9.376216888,9.174945831,-129.310531616,-26.310874939,0.157516554,7.152764797,-32.066032410,-12.899965286,-1.105516076,-3.566640854,-0.451480776,-0.847359598,0.052459635,-0.323992491,0.008891233,-4.155624390,-3.193698645,-1.159015059,-3.972175360,-0.039658409,-1.380868196,-0.420232862
192,3840.105,1786880258292.748,15046110.683,0.000000000,3.304263353,4.600229740,-2.324881315,13.163684845,0.980891824,0.268775016,5.178160191,0.210137069,15.334970474,-138.597030640,-28.886579514,-1.169036627,8.283708572,-33.208225250,-14.608279228,-1.457671642,-3.553620815,-0.538287342,-1.019648314,0.334773093,-0.106494963,-0.255946100,-8.198464394,-5.792816162,-3.315502167,-3.950778246,0.272428811,-1.375969529,-0.781650364
193,3860.031,1786880258312.673,15046130.609,0.000000000,-4.159027100,13.046407700,-5.501234055,7.199440002,0.649657726,0.281477422,9.660735130,-5.295307159,17.994724274,-136.264114380,-28.470159531,-2.640219688,10.677402496,-30.944353104,-14.233051300,-2.111749649,-2.393462658,-0.195530862,-1.368324280,0.421968192,-0.022234801,-0.286423564,-12.308790207,-7.472212315,-5.668052673,-3.841591120,0.401252925,-1.192454219,-1.235580325
194,3880.030,1786880258332.672,15046150.607,0.000000000,-12.378404617,18.178808212,-7.882524967,3.096631765,0.541959822,0.297542483,16.294862747,-5.684541702,18.919748306,-124.550086975,-26.511388779,-3.993520498,12.178201675,-30.347574234,-13.216701508,-3.011089563,-0.130977735,0.170194998,-1.973495483,0.660888791,-0.288901538,-0.205928206,-15.419678688,-8.350735664,-7.504169941,-3.443089724,0.352075934,-1.072970629,-1.615735531
195,3900.030,1786880258352.672,15046170.607,0.000000000,-20.552446365,20.292661667,-9.183257103,-5.279564857,-0.046700902,0.285966158,22.558580399,-3.655592442,15.717640877,-109.312393188,-23.387529373,-4.065178394,12.619426727,-33.825630188,-13.097542763,-4.922039032,1.490553141,0.388258636,-2.817031145,0.832915246,-0.917058110,-0.222564086,-18.109889984,-9.270151138,-8.306054115,-3.333812237,0.587045074,-0.800395429,-1.882080317
196,3920.014,1786880258372.656,15046190.591,0.000000000,-23.776224136,19.459676743,-8.308862686,-6.512474060,-0.576248109,0.274697393,34.881847382,-0.753774881,9.889509201,-87.837028503,-19.859176636,-3.609170675,26.143320084,-41.969310760,-9.859802246,-6.768496990,8.457737923,0.796243310,-9.292756081,0.807894468,5.000000000,-5.000000000,-14.602633476,-12.478366852,-10.214138031,-1.087417841,1.407147646,-0.607297182,-2.945572138
197,3940.031,1786880258392.673,15046210.608,0.000000000,-30.030023575,13.779905319,-7.963716984,-10.816312790,-0.882512033,0.392022491,38.084259033,2.138475418,1.362604141,-72.993415833,-14.949931145,-2.027679920,22.272195816,-43.183620453,-6.570550442,-5.367949009,8.688337326,0.438505530,-7.602506638,0.305799127,5.000000000,-5.000000000,-14.799174309,-13.853060722,-7.712532520,1.803361177,0.532750726,0.792450070,-1.582931876
198,3960.030,1786880258412.672,15046230.607,0.000000000,-33.749980927,11.144471169,-2.590953112,-11.204326630,-0.835061073,-0.079770878,38.158401489,12.082699776,2.035465956,-63.438285828,-14.089290619,-1.087467194,16.665700912,-38.543952942,-2.093729734,-3.509454012,5.230064869,0.549997091,-6.810236454,1.692456841,5.000000000,-5.000000000,-12.308556557,-13.349388123,-7.025402069,2.476080656,0.810497940,1.268159986,-1.159924030
199,3980.032,1786880258432.674,15046250.609,0.000000000,-34.693027496,5.363396645,1.119639277,-9.701881409,-0.446887970,-0.143381625,35.343055725,17.346086502,11.540962219,-75.705078125,-16.766151428,-1.977224231,19.294923782,-32.980136871,1.526504397,1.738328218,-0.616869092,-1.270127535,-7.820746899,3.279709339,5.000000000,-5.000000000,-8.921419144,-11.855257034,-6.599037170,2.402037382,1.241683483,1.352260828,-1.135779977
200,4000.042,1786880258452.685,15046270.620,0.000000000,-28.374608994,4.177107811,2.742702484,-8.195113182,-0.455555588,-0.235955447,27.229724884,17.799726486,9.247826576,-88.724769592,-18.280813217,-1.873252869,18.009347916,-31.563745499,1.775774479,2.189943075,-2.123793840,-0.443607807,-4.588554859,2.532423019,5.000000000,-5.000000000,-8.395220757,-9.798015594,-5.671989441,1.698925018,1.383053780,1.034516931,-0.941516876
201,4020.000,1786880258472.642,15046290.577,0.000000000,-13.478123665,3.145661831,0.708080769,-4.696758270,0.235599980,-0.199468151,9.723935127,11.600009918,12.074642181,-114.983367920,-22.895605087,-2.224898815,17.232275009,-32.123950958,1.977145433,0.693897009,-4.066911697,-0.507638156,-1.408556938,2.294959545,5.000000000,-5.000000000,-7.689465523,-6.577024460,-4.314260960,1.234267831,0.581870437,0.797442675,-0.371896297
202,4040.122,1786880258492.764,15046310.699,0.000000000,-4.394622803,3.380631685,-1.799601674,-2.590824127,0.754570961,0.081818789,-4.008695126,9.322355270,16.725996017,-133.742248535,-27.223152161,-2.424478531,17.435659409,-32.726646423,5.567470074,-0.966556489,-5.496821404,-0.240506425,0.089780025,2.048111439,5.000000000,-5.000000000,-7.884694099,-4.056909561,-2.870703459,0.288627714,0.626970232,0.362856835,0.253426969
203,4060.039,1786880258512.681,15046330.616,0.000000000,-1.164681196,-3.981721878,-0.179987893,2.651747465,0.978606284,-0.205650613,-10.698297501,0.485911667,22.043838501,-136.086090088,-26.952976227,-1.923983693,18.701255798,-28.570873260,6.386071682,-0.782124519,-7.434900284,-0.375379771,-0.386598140,1.873764277,5.000000000,-5.000000000,-7.393350124,-2.345012426,-1.705720067,-0.533573270,0.217754066,-0.012746437,0.319609225
204,4080.032,1786880258532.674,15046350.609,0.000000000,-3.842849255,-12.237812042,6.647881031,11.121190071,0.978458166,-0.305327773,-6.640256882,-2.353419065,27.064468384,-131.228820801,-23.862342834,-2.976660967,21.730463028,-18.339578629,4.045821190,1.350256085,-8.978293419,-1.464144468,-0.114429615,3.040802479,5.000000000,-5.000000000,-6.068439007,-0.140673727,-0.534977138,-0.921610832,-0.211745888,-0.067075126,0.572697461
205,4100.031,1786880258552.673,15046370.608,0.000000000,-13.507427216,-16.481569290,15.334792137,8.716425896,-0.452547491,-0.552941561,2.925122261,-4.998806477,27.100873947,-112.312690735,-21.426837921,-5.259349346,24.826921463,-10.822994232,1.423863292,4.646892548,-10.166329384,-2.088876247,1.802270532,3.596310854,5.000000000,-3.321065903,-5.804933548,1.611285090,0.267159492,-1.853001833,0.095780328,-0.128959492,0.520267069
206,4120.065,1786880258572.707,15046390.642,0.000000000,-18.225303650,-20.056240082,17.411706924,1.652487874,-1.221132278,-0.547462344,11.616970062,-1.191676259,23.806797028,-88.394348145,-16.012296677,-5.950016022,29.185873032,-4.461313248,-1.420497775,6.722927094,-10.960884094,-1.733867884,3.758962154,3.078527212,5.000000000,-2.045149088,-4.241732597,3.528036118,0.505369127,-2.988202810,0.187959924,-0.368510932,0.248406842
207,4140.030,1786880258592.672,15046410.607,0.000000000,-17.298704147,-20.799844742,15.620414734,-2.848146677,-0.924241662,-0.427607596,21.665508270,2.330020905,20.593877792,-65.678855896,-11.093933105,-6.032947063,25.927846909,-2.460024834,-7.567111969,7.986777782,-11.316284180,-0.828449667,5.623900890,2.149208546,5.000000000,-1.169561982,-0.706919611,5.190512180,1.181048751,-3.009938717,0.320116699,-0.820333242,-0.018816201
208,4160.031,1786880258612.673,15046430.608,0.000000000,-16.785634995,-17.877477646,16.724643707,-4.149627209,-0.324739456,-0.342527479,23.589422226,5.657166481,21.268360138,-52.063396454,-10.007736206,-5.141803265,19.498960495,-0.933911204,-10.323781967,8.097809792,-11.845103264,-0.193148434,6.548331738,1.654417992,5.000000000,-0.760899425,2.895775080,4.313745499,2.681735516,-2.393248081,-0.433047831,-1.139489651,0.166549116
209,4180.030,1786880258632.672,15046450.607,0.000000000,-15.986624718,-21.170658112,26.084405899,17.067451477,-0.348333031,-0.091551930,23.926057816,4.287310123,24.219179153,-45.407985687,-7.901542187,-3.301597357,12.698955536,-1.412813783,-11.593191147,5.588402748,-12.242349625,0.663177311,7.083794594,1.533602715,5.000000000,-1.259175181,3.341206789,2.108469009,2.961633444,-1.961047530,-0.942010760,-1.145343661,0.609561980
210,4200.001,1786880258652.644,15046470.579,0.000000000,-23.705997467,-20.812112808,33.296268463,17.646070480,-0.251023054,-0.368776470,35.757751465,4.519315720,23.039646149,-30.440059662,-5.227600574,-0.416334003,7.452174664,-0.947831392,-17.031349182,2.126286030,-11.766155243,1.775052428,8.073103905,2.085567474,5.000000000,-2.000658512,2.363063812,-0.813229203,1.950014710,-0.017351108,-0.749954522,-0.560209036,0.582111418
211,4220.031,1786880258672.673,15046490.608,0.000000000,-30.173730850,-20.769804001,27.070249557,10.131451607,-0.029947443,-0.432509363,42.043369293,10.314288139,23.325769424,11.935749054,0.789261878,-0.412748963,5.747719288,2.157132387,-16.316392899,0.497120559,-10.436058044,2.211626768,7.514531612,2.504161596,5.000000000,-2.115963221,1.752056956,-3.076547384,0.551700652,3.294754267,0.020582929,0.434399009,0.058259964
212,4240.031,1786880258692.673,15046510.608,0.000000000,-35.734001160,-7.930087090,7.739383698,-9.900424004,-1.017466664,0.032050364,51.557849884,38.508991241,23.318088531,46.324794769,3.429110289,-0.481080264,-10.195509911,12.908490181,-7.598876953,-0.164913699,-7.656126976,1.498315692,6.086632729,3.313334703,5.000000000,-2.658720970,3.591951132,-5.292959690,0.125811994,7.375702381,1.120095611,0.982979417,-0.835494280
213,4260.030,1786880258712.672,15046530.607,0.000000000,-30.809392929,19.699632645,-14.096207619,-11.894936562,-1.412094951,0.429280281,34.376873016,18.025447845,26.170974731,47.565113068,-0.482865989,-0.430924505,-31.716156006,20.829599380,10.952116966,-1.755888104,-0.789746106,-0.877354860,3.186587572,4.682963371,5.000000000,-3.448715925,6.619552612,-7.366702080,1.972954512,12.172379494,1.176191688,1.715510249,-0.883519828
214,4280.020,1786880258732.662,15046550.597,0.000000000,-10.558649063,29.069330215,-24.616847992,-7.063481808,-0.710945249,0.667887986,-0.094054863,-13.584829330,21.746450424,18.044729233,-2.586727381,2.881366730,-38.149196625,20.450153351,20.523311615,-3.187524319,6.545757771,-2.728266001,-1.048794389,5.996626377,5.000000000,-5.000000000,9.052856445,-6.737276554,3.666211605,13.532893181,-0.193049476,2.771598339,-0.370752573
215,4300.073,1786880258752.716,15046570.651,0.000000000,0.859054089,27.749897003,-24.888545990,1.912973404,0.414294183,0.607070208,-18.668191910,-35.642093658,13.492450714,4.240805626,-2.167440414,3.246999264,-31.909788132,25.654743195,22.364725113,-1.570878029,10.337017059,-3.406965256,-3.569157124,6.534931183,5.000000000,-5.000000000,9.213027954,-3.414058685,4.958614826,12.183109283,-1.046143532,3.032174349,0.264005661
216,4320.011,1786880258772.653,15046590.588,0.000000000,12.716353416,23.591419220,-18.918901443,8.802349091,0.512435734,-0.027939079,-34.472152710,-48.564304352,3.462645769,-8.468452454,-3.266957045,2.025672674,-20.749290466,25.118261337,21.003175735,0.205395371,10.276238441,-3.409143686,-3.257398605,5.603661060,5.000000000,-5.000000000,6.505413055,2.058347225,4.400972366,7.524878502,-1.783908010,2.168838263,0.653870225
217,4340.011,1786880258792.653,15046610.588,0.000000000,17.133764267,17.323745728,-14.738009453,12.912417412,0.587143660,-0.017932530,-37.036483765,-42.188934326,-0.381847739,-3.875670433,-2.414904833,0.876225352,-16.582822800,24.238130569,19.062517166,-0.438401014,8.380738258,-1.560582042,-1.056796432,2.849921703,5.000000000,-5.000000000,3.887233257,6.237914562,2.756879568,2.665273666,-1.590794325,0.772667468,0.488603890
218,4360.031,1786880258812.673,15046630.608,0.000000000,17.419233322,11.679535866,-5.356288433,14.660851479,0.577014983,-0.066252090,-34.212436676,-20.455574036,-6.165922642,3.852952242,-1.313674927,0.617942870,-17.663808823,18.452310562,16.348817825,-2.432168961,5.860253334,0.005057238,1.436773777,0.784669161,5.000000000,-4.276969910,2.808329105,7.318061829,1.694926977,-0.704267979,-1.507254481,-0.296103746,0.230346620
219,4380.031,1786880258832.673,15046650.608,0.000000000,15.591757774,1.801151395,3.774172783,18.031200409,0.923624396,-0.170422852,-29.322366714,-0.781667292,-6.127068520,12.442559242,-0.370141089,0.786263347,-18.105955124,11.324490547,14.096685410,-3.792788029,3.021666288,1.343355656,2.650654316,-1.114461541,5.000000000,-1.610161662,3.046329021,6.450981140,1.386154771,-1.835135579,-1.674617767,-1.008651376,0.149454802
220,4399.998,1786880258852.640,15046670.575,0.000000000,13.703497887,-3.648825407,7.045066833,14.734127998,0.916729867,0.049464334,-25.748491287,10.185336113,-3.854892254,14.242241859,-0.500960588,1.040627480,-15.375039101,5.122251034,11.879549026,-4.687968254,2.513488531,1.881674528,2.384737015,-2.460790396,5.000000000,-0.018673973,2.854195118,5.728281498,1.265662909,-2.133790970,-1.700584888,-1.386389375,0.484600544
221,4420.028,1786880258872.670,15046690.605,0.000000000,13.846254349,-4.325459957,2.512991905,9.905969620,0.284947187,0.146610156,-25.601921082,14.833493233,-8.286770821,11.306071281,-0.793524325,1.253866076,-7.324546337,-6.721238613,7.436713219,-5.380218506,5.384909153,2.791919947,2.677363157,-3.445084572,5.000000000,0.434038371,1.828668714,5.300065994,0.889672101,-3.023342371,-1.536263108,-1.355924368,0.557156265
222,4440.029,1786880258892.672,15046710.607,0.000000000,12.802854538,-2.726875544,-22.005172729,4.215162754,-2.177560091,6.549663544,-24.095575333,16.260702133,-12.099643707,6.686394691,-1.133329511,1.305246472,-5.206557751,-19.693267822,1.279582858,-5.742496967,9.233314514,3.914102554,3.990081549,-4.444361687,5.000000000,1.005748272,1.703340530,5.572396755,0.828737557,-3.376587152,-1.352292538,-1.455853701,0.436338693
223,4460.032,1786880258912.674,15046730.609,0.000000000,6.518127441,3.499276161,-29.036130905,0.259346992,-0.122573264,0.909621954,-18.000856400,13.276895523,-12.738872528,1.233408451,-0.931412816,1.529402137,-7.406286716,-33.655746460,-9.797611237,-7.250282288,12.873095512,5.711970329,6.230697155,-5.507230282,5.000000000,0.843701005,0.939573109,4.101511002,1.055761576,-3.531955719,-0.862484872,-1.390474558,0.213017657
224,4480.028,1786880258932.670,15046750.605,0.000000000,-7.164022923,4.949000359,-29.277088165,-1.633952975,-1.735824823,1.758584023,-11.454050064,15.107297897,-11.980348587,1.423038960,-0.584698737,1.854917407,-17.255847931,-39.443859100,-17.701112747,-8.913297653,17.654685974,7.277665138,7.996322155,-5.993529797,5.000000000,1.673202991,1.778456807,1.316956878,0.556364894,-1.683766723,-0.476822972,-1.481140494,-0.397677720
225,4500.029,1786880258952.671,15046770.607,0.000000000,-17.056497574,-0.034171022,-34.968093872,-3.919679165,-4.755268097,7.157344341,-14.838850021,15.234115601,-13.471990585,-6.887453556,-1.125827193,1.494392157,-22.414058685,-48.425239563,-20.795753479,-9.433350563,21.493644714,9.798544884,7.934158802,-6.765305996,5.000000000,2.798440456,2.531825781,-0.130898684,0.336420119,-0.986303687,-0.174797639,-1.199658155,-1.047546506
226,4520.039,1786880258972.681,15046790.616,0.000000000,-18.280956268,6.536701679,-30.902965546,-5.030824184,-2.065568686,1.546974421,-12.901768684,16.443210602,-13.229322433,-7.493566990,-1.064746618,1.240355015,-23.094339371,-50.000000000,-20.462553024,-10.693228722,21.944349289,12.692779541,9.369491577,-7.442866325,5.000000000,3.990909815,1.206667662,-4.388710976,-0.411574036,0.273911685,0.115456305,-1.286321163,-1.858044147
227,4540.018,1786880258992.661,15046810.596,0.000000000,-22.840480804,-1.001916766,-31.786685944,-10.410503387,-7.613564014,5.179080963,-7.395954609,23.015855789,-13.974176407,-10.643926620,-1.303178668,0.957902431,-17.821535110,-47.846920013,-20.814432144,-9.316626549,25.000000000,12.387021065,6.638849735,-3.103513002,5.000000000,2.449879885,3.025467396,-8.566679001,-1.825700760,2.688162804,0.751521468,0.071531788,-2.022566557
228,4559.999,1786880259012.642,15046830.577,0.000000000,-29.680986404,-3.180568695,-31.740104675,-18.656993866,-9.088346481,5.830392361,-5.109893799,17.725021362,-14.854150772,-7.459600449,-1.539526582,0.821468711,-7.005742073,-44.893032074,-20.468963623,-4.654766560,25.000000000,11.754224777,2.356053829,-3.212300062,5.000000000,1.065039039,0.731620193,-10.269636154,-2.711744308,3.442799807,0.076661877,0.259595156,-2.071704388
229,4580.035,1786880259032.677,15046850.612,0.000000000,-36.620380402,-8.448579788,-26.067657471,-23.337896347,-4.355168819,1.372031927,-3.802809238,5.833358765,-4.655422688,-5.641189098,-1.474378824,0.034873940,-1.667231083,-36.297031403,-17.163194656,-2.458810091,25.000000000,11.262969971,0.640602052,-1.807826638,5.000000000,1.810287952,-1.199894905,-11.023564339,-3.559310675,3.254819393,0.700148106,0.667943954,-2.087059021
230,4600.083,1786880259052.725,15046870.660,0.000000000,-39.118267059,-19.203128815,-21.730686188,-24.659919739,-11.742902756,3.564857721,-3.381322622,1.847942233,0.603292286,-0.787710369,-1.115530849,-0.183937564,-5.973092556,-29.018257141,-14.564331055,-3.212784052,25.000000000,11.317486763,1.575099468,-1.067452550,5.000000000,1.706705928,-3.694040537,-11.385202408,-3.466961622,2.995312214,1.132986307,0.996120155,-1.845778823
231,4620.031,1786880259072.674,15046890.609,0.000000000,-39.841697693,-22.214017868,-14.849290848,-15.729575157,-3.610435009,0.694867730,-5.449295998,3.155028582,-0.179884076,4.482141018,-0.692907453,-0.158292502,-10.108396530,-21.834726334,-8.880866051,-3.572573185,25.000000000,11.842793465,3.525107384,-1.373498440,5.000000000,1.797952771,-5.061596870,-9.939326286,-4.223919868,2.718080282,1.594611287,1.350536704,-1.678580642
232,4640.012,1786880259092.654,15046910.589,0.000000000,-32.174293518,-19.735754013,-16.477203369,-11.915349960,-7.226511955,2.486984968,-0.719379783,-2.663325310,5.739988804,8.637135506,-0.577479422,-0.163417995,-7.987530231,-14.534897804,-4.097698689,-4.374697208,25.000000000,11.599500656,4.793241501,-0.890366852,5.000000000,1.614686847,-7.558921337,-8.230842590,-4.389208317,2.374313354,1.629202366,1.573206186,-1.133207202
233,4660.029,1786880259112.672,15046930.607,0.000000000,-39.868682861,-10.225525856,-21.148946762,-20.577274323,-6.820646763,0.619021595,8.092991829,-8.731678009,4.203771591,12.846829414,-0.506170750,-0.119668335,9.114787102,-16.086286545,-2.019339323,-4.099800110,23.950244904,12.095852852,6.587285995,-0.928631604,5.000000000,1.874894738,-7.138163567,-5.084533215,4.328052998,0.648937702,-3.998013258,-2.948466301,2.226088762
234,4680.031,1786880259132.673,15046950.608,0.000000000,-47.837909698,-6.285774231,-18.594758987,-42.753849030,-8.945473671,0.187728256,12.774586678,-7.218927860,0.157145754,14.420907021,-0.500703335,0.265622407,27.783594131,-19.949974060,-6.457729340,-3.801344395,20.696786880,10.839063644,9.963025093,-0.532724679,5.000000000,1.876263022,-5.920319557,-1.443763971,4.096763134,0.795198560,-2.395361900,-0.756076574,2.601278782
235,4700.033,1786880259152.675,15046970.610,0.000000000,-43.980747223,-4.761181355,-12.975457191,-61.176727295,-8.671265602,0.078606345,19.582052231,-7.397872925,2.489170551,14.196629524,-0.337620765,0.263677835,38.365585327,-18.696048737,-8.327729225,-2.960612297,13.525798798,9.029541016,13.238737106,-0.436978042,5.000000000,1.779895067,-8.683509827,-1.628471732,2.440747738,-0.679501653,-1.433477044,-0.694842458,1.705070257
236,4720.032,1786880259172.675,15046990.609,0.000000000,-41.065433502,-1.103045940,-12.225832939,-80.872344971,-8.310597420,0.293063194,17.855075836,-8.791324615,4.117704868,14.724405289,-0.476046503,-0.180493608,43.599334717,-19.236366272,-4.713624954,-0.955335855,5.166405678,6.918136120,16.219099045,-1.020758271,5.000000000,1.716667295,-11.629322052,-1.974462748,0.657139480,-2.109738827,-0.731689394,-0.583729982,0.739926100
237,4740.019,1786880259192.661,15047010.596,0.000000000,-33.782886505,-0.110815980,-13.910711288,-96.244697571,-9.452095032,0.229753599,16.897817612,-9.238601685,6.778288364,14.398861885,-0.527608633,-0.316711009,46.543682098,-18.167280197,-0.411278039,1.804787278,-5.638912201,4.821182251,17.533678055,-1.661395550,5.000000000,1.549384952,-15.620513916,-5.269491196,-2.073651791,-3.872121096,-0.047273420,-0.776751876,-1.236875296
238,4760.042,1786880259212.685,15047030.619,0.000000000,-24.445178986,0.539810896,-14.336865425,-96.997634888,-11.825330734,0.713875771,11.689717293,-14.369930267,10.078038216,11.775364876,-0.796146810,-0.350599349,49.277881622,-15.428248405,5.230240822,5.262794018,-14.378156662,2.608207226,15.653199196,-0.828550041,5.000000000,1.109035969,-20.195592880,-8.612970352,-5.281415462,-5.010242462,0.139018074,-0.456120491,-2.883199692
239,4780.032,1786880259232.675,15047050.610,0.000000000,-11.713732719,-1.415391803,-13.763931274,-81.767631531,-12.826336861,1.499393225,5.759333134,-18.116317749,12.819246292,9.139181137,-0.508785903,-0.369288623,51.740859985,-9.501932144,4.153960705,7.318738461,-20.416675568,-0.920253456,15.424820900,-2.409447670,5.000000000,1.005128860,-23.582441330,-12.019470215,-7.519768715,-4.801645756,1.174777508,0.454860538,-3.574513435
240,4800.001,1786880259252.643,15047070.578,0.000000000,-8.125375748,-3.937491417,-11.705385208,-71.659004211,-12.074437141,1.477530599,12.377620697,-18.322826385,10.925495148,9.223550797,-0.207125366,-0.309968948,53.595180511,-0.554114044,-4.739739418,7.098372459,-23.897380829,-3.949858665,13.642877579,-1.255027652,4.646671295,0.511915147,-24.997652054,-13.216979980,-8.386104584,-5.270714760,1.534710169,1.051813364,-3.624687910
241,4820.006,1786880259272.649,15047090.584,0.000000000,-5.626852989,-8.816379547,-10.780244827,-60.313510895,-10.907787323,1.556929588,23.174663544,-13.097925186,5.026086807,11.884527206,0.941669166,-0.194673374,51.678665161,10.829243660,-16.859832764,5.681677818,-24.079908371,-5.737888336,11.814959526,-0.799463391,1.045290470,0.000867248,-24.258762360,-9.400751114,-7.928959370,-4.382436275,1.595760226,1.158724785,-3.329631567
242,4840.032,1786880259292.674,15047110.609,0.000000000,3.973025560,13.398705482,-5.544440269,-42.384696960,-12.846802711,2.129163027,29.281066895,-9.474488258,-0.499823302,6.088324547,1.839530945,-0.158004075,49.845783234,15.701042175,-32.214332581,5.176501751,-21.475372314,-6.199340343,8.176721573,-0.101977557,-1.886610031,-0.031640511,-19.368286133,-4.024213791,-6.859814644,-5.142799377,1.310042620,0.903513789,-2.809228897
243,4860.012,1786880259312.654,15047130.589,0.000000000,8.174576759,6.420153141,-6.493651390,-16.715421677,-13.502985954,2.711923599,36.651077271,-8.105195999,-6.868137360,13.819384575,1.411126375,0.162815556,38.453830719,25.062343597,-36.016815186,4.174528599,-18.352313995,-5.884643078,3.533131123,0.291167319,-2.670961857,0.373390883,-15.490531921,0.072613686,-5.172891140,-6.207746029,0.666485429,0.082524784,-2.804736614
244,4880.029,1786880259332.672,15047150.607,0.000000000,21.381486893,3.710245609,-4.583465576,-3.888973951,-2.729333878,0.436322898,54.295623779,-11.826779366,1.213947892,17.605424881,0.581425726,0.232704654,30.990310669,27.282411575,-33.040733337,2.439034700,-10.773030281,-2.371178389,4.023694038,1.370207429,-5.000000000,-0.117185734,-11.692475319,4.531801224,-1.774927139,-7.096704006,-0.161787331,-1.722239852,-2.113406897
245,4899.996,1786880259352.639,15047170.574,0.000000000,11.400914192,-2.135853052,-4.009056568,2.753890991,-1.286439419,0.913991988,44.707088470,-19.176733017,7.190321922,16.386371613,0.754826546,0.055390999,32.853565216,22.180721283,-30.310371399,0.388486832,0.309927523,3.094708681,1.569841623,0.475688279,-5.000000000,-1.107784629,-4.938993454,8.661752701,1.694361329,-6.237424374,-0.631443143,-2.868601084,-0.817451298
246,4920.003,1786880259372.646,15047190.581,0.000000000,-2.115333080,-5.089818954,-1.273732066,6.284209728,1.014333248,0.232890815,24.696571350,-20.413288116,8.700922966,7.327147007,0.072152145,0.020023754,36.218261719,13.186669350,-21.414817810,0.138843507,9.612745285,6.733698845,-3.968810558,0.370749086,-1.257199645,0.698360443,1.040811777,9.762015343,3.634278297,-4.138571262,-0.798879802,-2.605774641,-0.198184699
247,4940.031,1786880259392.673,15047210.608,0.000000000,-11.465758324,-1.522518754,-0.027424214,9.939899445,0.079239495,-0.271642059,18.496091843,-11.623946190,8.240282059,7.191091061,0.047436573,-0.011302782,33.364761353,5.573183060,-13.372954369,0.243034303,11.984305382,8.868022919,-5.688426495,0.345149785,-1.075517058,1.810504198,4.831604481,8.394412041,4.299933434,-1.453050733,-0.472113103,-1.868210077,0.467523217
248,4960.012,1786880259412.654,15047230.589,0.000000000,-11.582563400,-9.246081352,0.351244599,6.409868240,0.699691713,-0.165838271,11.164127350,-4.354967117,0.806051612,8.949284554,-0.178965136,0.206071854,34.623741150,3.236319065,-10.389987946,3.363990068,14.532487869,8.694779396,-6.137435436,0.713151574,-1.259419322,1.766355634,6.841156006,5.798644066,4.181180000,0.771020412,0.081248619,-0.955976784,0.708669364
249,4980.131,1786880259432.773,15047250.708,0.000000000,-12.938136101,-15.022921562,3.423309803,2.017064810,0.263453424,-0.149729490,10.812347412,-0.844524801,-2.242659569,7.067575932,-0.095463090,0.278776079,31.112415314,3.888817549,-10.031861305,4.559700966,14.979482651,7.579781532,-5.317399502,0.693368316,-0.970716357,1.675692916,8.135651588,2.821896076,3.431605101,2.356378794,0.242422462,-0.241798118,0.645221353
250,5000.038,1786880259452.680,15047270.615,0.000000000,-15.458561897,-15.660244942,3.826835632,-1.253192663,0.069888055,0.257734776,13.447847366,1.485726833,-2.867766142,8.063529015,0.070577562,0.270818800,28.840200424,6.851181030,-7.892829895,5.273962498,15.311162949,7.127038002,-4.034961700,0.701386809,-0.615171790,1.449048638,6.647607803,2.323046923,-0.001663643,4.439142704,0.499989450,1.027112007,-0.024168005
251,5020.002,1786880259472.644,15047290.579,0.000000000,-13.797469139,-14.605690002,5.886793137,-2.432610989,0.250362605,0.156582132,12.414429665,1.528002262,-1.731604934,7.725502968,-0.148285806,0.169924513,24.450981140,7.926777363,-4.600934505,5.316633701,14.980027199,6.288046837,-1.526091933,0.225404128,-0.075192213,1.313176632,5.826163292,0.695366025,-1.003684163,4.539413452,0.810399354,1.931643486,0.026688514
252,5040.031,1786880259492.673,15047310.608,0.000000000,-9.646106720,-12.084261894,5.683435917,-3.013369560,0.246114820,0.088733785,9.281633377,0.207244620,-0.872574687,7.065284252,0.139550492,-0.102951244,22.692121506,8.745971680,-1.384036183,6.473629951,15.231519699,5.543689251,1.608020544,-0.399780333,1.461403847,1.073982596,4.354753494,-1.869158745,-1.690925002,4.760267735,0.960008621,1.951698303,0.237768948
253,5060.030,1786880259512.672,15047330.607,0.000000000,-4.414441586,-12.675740242,3.759027958,-2.868112087,0.219404891,0.194486856,7.803200722,-1.204864621,0.567929745,4.862644672,0.408090502,-0.222055972,21.121294022,10.953395844,2.707348585,7.866715908,16.178539276,4.594475269,3.739775896,-0.346346557,1.694049597,0.794278026,3.886067629,-3.750739098,-2.427484035,3.215413332,2.000556469,3.977156878,0.486975133
254,5080.030,1786880259532.672,15047350.607,0.000000000,-5.742652893,-7.541521549,-0.039623391,-16.783895493,-0.762573421,0.060375236,11.783155441,-0.858078122,-3.365523815,-12.811609268,-0.286508143,-0.169502467,15.223890305,13.779211044,-0.213555306,10.782983780,14.104990005,1.317677855,6.593163013,0.170646518,1.457143784,-0.449399173,1.239782453,-5.533177853,-0.758362591,8.024951935,3.907756567,5.000000000,1.479256511
255,5100.143,1786880259552.786,15047370.721,0.000000000,-1.825855732,-7.125329494,1.262385607,-2.314368486,-0.019560741,0.072965793,16.305486679,-3.342298985,-0.840239882,-2.612498999,-0.735815763,-0.111985467,12.858765602,15.503420830,-6.958401203,12.939563751,10.425719261,-1.677738667,7.158619404,-0.047615293,1.135891795,-1.383771896,2.108852148,-5.801285744,-2.208655119,8.068199158,1.553417206,3.512316942,0.844969749
256,5120.006,1786880259572.648,15047390.583,0.000000000,5.272203445,0.383699596,5.452775478,6.093922138,0.763497770,-0.018711284,15.091573715,0.363235921,0.914174139,-0.929366767,0.421636134,-0.252463281,10.025401115,17.548887253,-6.181463242,14.565715790,8.761576653,-5.943022251,8.421542168,-0.297318399,1.056370139,-1.240020037,1.105273247,-5.957452774,-2.434830189,5.917980671,1.241492510,2.577320099,0.394409209
257,5140.029,1786880259592.672,15047410.607,0.000000000,5.328284264,-6.025657177,-0.427645177,-6.009343624,-0.492518306,0.780837595,9.086708069,-1.295211673,0.195675761,2.472533226,0.329348534,0.051450059,9.453375816,16.956035614,-1.777107954,15.525918961,7.328933716,-7.709843159,7.859575748,-0.062138014,0.967929661,-1.947800756,1.461599946,-4.561456203,-2.166997671,4.295753479,0.615904927,1.857170463,0.261083633
258,5160.141,1786880259612.783,15047430.718,0.000000000,-81.122512817,-4.168344975,-11.246605873,133.953643799,-3.307948351,-3.260139704,-88.000000000,-3.366263866,9.698758125,139.000000000,-10.780627251,5.247074604,-15.471298218,10.496351242,1.025302768,10.189106941,13.267281532,6.938187599,6.339363575,8.238512993,-2.009513855,5.000000000,4.338716030,-11.000108719,7.613652706,9.227128029,-2.557211876,1.125034332,-5.000000000
259,5180.067,1786880259632.709,15047450.644,0.000000000,29.334911346,-21.858469009,2.569132090,19.612245560,6.931436062,-0.398565173,-34.866153717,7.628541946,-10.327873230,-25.584236145,11.526191711,-1.745405674,42.725765228,6.134831905,16.172399521,8.297283173,8.885172844,11.681798935,8.867744446,0.495226800,3.609154701,2.392254114,-1.304181814,-7.886720181,-3.165522337,13.087123871,-0.503075778,4.243907452,0.512361109
260,5200.031,1786880259652.673,15047470.608,0.000000000,3.793051958,-26.835487366,4.869607925,-2.731111050,-0.005185527,0.065436713,-17.994867325,8.348791122,-9.488896370,-35.202018738,19.513067245,-2.980207682,13.190297127,-10.823802948,12.265264511,8.999352455,4.995815754,9.375083923,3.969931841,-0.623695135,3.262530565,2.019091368,-1.848143458,0.284958810,-2.808688641,8.046098709,-0.280395895,4.318490505,0.571518064
261,5220.005,1786880259672.647,15047490.582,0.000000000,-9.348928452,-15.702382088,0.411114365,-10.718210220,-0.862836540,0.152411520,4.758960724,4.887652874,-0.904064834,-27.103590012,9.178580284,-3.876719952,-2.721954346,-14.752643585,4.350181580,6.634862900,0.792019606,4.260611057,-3.158007145,-0.093227476,1.380331159,0.926719189,-2.623234987,3.344374180,-3.309332848,1.423943162,-0.083251961,2.203254700,0.348735511
262,5240.029,1786880259692.671,15047510.606,0.000000000,-3.681571960,13.596865654,-13.233951569,-14.612334251,-0.892939389,0.173783466,9.107914925,3.794570923,-3.673609018,0.810582757,2.753589153,-0.309098512,-6.597533703,-8.039232254,-2.261489868,2.989202499,-2.388151169,-1.199012876,-7.260350227,0.087324336,-1.421874166,0.452994376,-1.828236222,3.586256742,-2.527695417,-3.950987816,-0.147602126,-0.451490641,-0.992090106
263,5260.042,1786880259712.684,15047530.619,0.000000000,-4.846230984,35.679267883,-15.448227882,-21.829675674,-2.281509638,0.100408196,9.334450722,-10.675228119,-7.250045300,18.040180206,0.042172819,0.119004518,2.010373592,3.497285128,-13.664858818,-1.123912930,-6.003265858,-4.955432415,-10.373850822,-0.123574317,-3.023704767,-0.574979901,-3.527693748,2.076097727,0.298391700,-6.623911858,1.172602892,-2.181200266,-0.750320137
264,5280.051,1786880259732.694,15047550.629,0.000000000,-4.619871616,28.823896408,-2.219052792,-51.928718567,27.363265991,-5.160252094,-6.718590260,-15.276283264,8.432616234,-0.264140368,-1.381103992,-0.432640672,-18.488687515,16.902503967,-25.561935425,-8.193307877,-6.168025017,-8.737951279,-11.727214813,-1.677602172,-4.826916218,-0.884287059,-1.040174723,0.664857149,1.934807062,-7.924721241,0.186560243,-3.589201212,-0.455599159
265,5300.041,1786880259752.683,15047570.618,0.000000000,18.559259415,-17.097570419,4.960885525,-7.399442673,45.298530579,-9.237138748,-27.654777527,-24.100996017,27.184951782,-24.040542603,0.595931232,-0.555052221,-15.699751854,18.315612793,-32.616752625,-11.205279350,-7.701687813,-12.291275024,-13.804653168,-0.745050132,-5.000000000,-0.541079342,-0.279111117,-0.094682790,1.585519195,-4.487851620,1.204955578,-3.306961536,0.038189743
266,5320.000,1786880259772.643,15047590.578,0.000000000,41.478675842,-29.348503113,5.537485123,15.051950455,50.000000000,-9.746728897,-47.501979828,-1.442223191,18.108137131,-23.512863159,1.535898447,-2.145267010,-21.352388382,17.116838455,-36.205970764,-13.645831108,-5.847140312,-12.850191116,-13.259724617,0.221238852,-5.000000000,-0.473982275,1.876185060,-1.622506618,-0.403410554,-0.474618465,0.673590779,-2.063857079,0.364203840
267,5340.031,1786880259792.673,15047610.608,0.000000000,31.995672226,-36.718265533,12.678689003,14.778010368,50.000000000,-9.655016899,-21.557386398,-0.166577265,18.935434341,-66.097991943,8.036960602,-6.288130760,-31.764972687,9.806932449,-42.573246002,-11.149402618,-3.512664080,-9.401231766,-11.351677895,-0.583512127,-5.000000000,0.423374087,4.052167416,-3.330162048,-1.250830412,-0.176874071,-0.463106543,-0.692618430,0.014258306
268,5360.028,1786880259812.671,15047630.606,0.000000000,50.896202087,-28.622844696,19.082000732,14.607400894,50.000000000,-9.059967041,-41.259235382,-11.630361557,27.104070663,-72.051132202,16.798555374,-1.128467679,-29.208383560,0.450240344,-44.025577545,-8.311086655,-4.562247753,-8.762833595,-6.302027702,-1.702385783,-5.000000000,0.122254975,3.478852749,-6.824459076,-1.610363722,-0.576081872,-0.894475579,-0.278981268,-0.270632416
269,5380.029,1786880259832.671,15047650.606,0.000000000,58.028388977,-35.369789124,14.043188095,12.709757805,45.083805084,-9.631982803,-36.270713806,-5.063895702,28.427421570,-60.150588989,20.635337830,-1.453143358,-30.300270081,-17.023399353,-47.043117523,-7.695256233,-2.736224413,-7.360029221,-4.863627911,-1.108087540,-5.000000000,-0.916644454,1.258730531,-8.532025337,-3.317858219,-2.470240355,-0.359360784,-0.747849166,-1.185704589
270,5399.998,1786880259852.640,15047670.575,0.000000000,45.853881836,-28.918132782,14.061084747,6.006874084,36.411960602,-8.230192184,-18.632663727,-7.995559692,28.243835449,-42.337825775,12.553591728,-2.182782650,-30.425971985,-20.589738846,-44.018070221,-6.250732899,-2.214514494,-6.920045376,-3.509786129,-1.195509911,-5.000000000,-1.221153855,-0.262241393,-10.753677368,-3.473608017,-4.244850636,0.221587777,-1.394865036,-1.656348348
271,5420.003,1786880259872.645,15047690.580,0.000000000,28.166543961,-17.400419235,11.121384621,-5.157205582,28.036579132,-6.378390312,-3.494742870,-9.785936356,25.313129425,-23.887098312,3.114154100,-3.019768238,-24.686782837,-16.792205811,-39.091102600,-5.628836632,-2.955307007,-6.601932526,-3.291401386,-1.236657739,-3.169483662,-1.272315621,-1.589115977,-11.997006416,-3.250752926,-5.252650261,0.510673344,-1.721136689,-1.866964459
272,5440.028,1786880259892.670,15047710.605,0.000000000,13.926195145,22.976196289,-12.912321091,-12.048646927,-1.859066129,0.320514381,2.387776852,-22.209342957,14.458183289,12.993288994,3.177076578,-2.326948166,-16.175960541,-11.550868034,-25.838212967,-4.953945637,-4.764850616,-6.396560669,-3.364308357,-0.625207603,-1.952395558,-0.900614381,-2.926504612,-11.625782013,-3.436510324,-5.355480194,0.634286880,-1.620660663,-2.048197508
273,5460.030,1786880259912.672,15047730.607,0.000000000,4.128466129,41.601612091,-16.811016083,-3.584393263,-0.828183830,0.367884666,11.548893929,-31.451835632,3.457515240,17.509838104,1.893119335,0.183676571,1.794854641,-8.041903496,-11.815297127,-2.777566910,-4.570815563,-4.972865105,-1.511873364,-0.407883912,-1.168645740,-0.789894164,-5.836167812,-8.467705727,-2.360744953,-4.323945045,0.425989032,-1.066556811,-1.675463080
274,5480.010,1786880259932.652,15047750.587,0.000000000,5.193476677,16.579475403,-4.487200737,5.680405617,0.275864571,-0.053802069,-1.009627938,-17.227603912,7.024436951,-2.720102549,-0.468047321,0.155751109,4.929599762,-7.900164604,-0.557817459,-2.352217913,-3.645351410,-2.283221483,0.249474734,-0.124446861,-0.326991826,-0.798576534,-6.081320763,-2.844990730,-1.015727043,-3.030905008,0.585298419,-0.848868787,-1.193360209
275,5500.037,1786880259952.679,15047770.614,0.000000000,22.742008209,1.933491945,2.589288473,10.717699051,2.561448812,0.070272230,-27.593959808,-1.630006075,1.190426230,-17.436756134,-1.739465714,0.348863304,-1.123120308,-9.477104187,3.841216564,-3.446404696,-2.169577360,-1.249584198,0.027518691,-0.028232431,-0.018645486,-0.451117426,-2.584505558,2.510983944,0.454089671,-1.201592207,1.098555446,-1.133077264,-0.613259077
276,5520.076,1786880259972.719,15047790.654,0.000000000,26.653759003,4.069098473,-1.002375960,10.789470673,6.219932079,0.235577092,-36.288379669,8.143108368,-3.080567360,-15.929862976,-1.605356336,0.134354219,-12.011540413,-5.598101616,6.186921120,-3.520600557,-0.627086878,-2.001394033,0.405297756,0.063280076,-0.030493248,-0.272559047,3.164261341,5.292281628,1.680114865,0.530445218,0.256147802,-1.089227915,0.293033838
277,5540.006,1786880259992.648,15047810.583,0.000000000,30.639883041,12.780013084,-5.760957718,10.490631104,32.986133575,-3.774809837,-27.095581055,19.416616440,-9.663408279,-10.165339470,4.608975887,-2.645939827,-18.529527664,-5.520679951,4.235959053,-3.314218998,0.090466797,-1.680958748,-0.040844426,-0.029077595,-0.181154802,-0.282161295,9.097329140,4.924139977,2.139966249,1.301950097,-0.346322834,-0.737771332,0.615673304
278,5560.003,1786880260012.645,15047830.580,0.000000000,39.205108643,18.989221573,-13.150210381,-16.367753983,41.419998169,-11.906421661,-27.031385422,28.092672348,-18.128137589,3.148157835,-0.025582483,0.077425681,-14.424591064,-7.771394253,-6.575754166,-2.471092224,-0.302606225,0.376917601,-2.161985874,-0.355775476,-0.242556453,0.175420210,11.847149849,3.176642656,2.483352423,2.311251163,-0.672115684,-0.212758660,1.068505287
279,5580.030,1786880260032.673,15047850.608,0.000000000,29.561317444,18.045532227,-25.121465683,-34.617664337,42.462451935,-10.421916008,-13.798817635,26.004005432,-13.895894051,2.992776871,0.766804039,-0.042336617,-4.961809635,-6.526628494,-16.331905365,-1.166898727,-2.046604633,1.306850910,-3.861479282,-0.233619243,-0.498836100,0.743512571,9.243971825,2.761662245,2.877437592,1.433636665,-0.603477061,0.119984277,1.165701509
280,5599.999,1786880260052.641,15047870.576,0.000000000,21.811420441,14.357379913,-29.367692947,-27.231861115,41.810146332,-8.055899620,-5.829155922,14.435117722,-3.565091610,-1.564113498,0.181906670,-0.218967199,3.505340338,-5.124187946,-18.512182236,-0.841309607,-2.569712400,1.453055978,-5.099400043,-0.023250364,-1.054995537,1.003931403,4.630696297,2.689954996,2.681944609,0.371825904,-0.656960249,-0.015262301,1.020892024
281,5620.031,1786880260072.673,15047890.608,0.000000000,18.644453049,25.234073639,-20.819145203,1.916212797,36.353084564,-4.380749702,2.468595028,-11.403652191,9.641163826,-7.024711609,9.367654800,-1.059556246,14.886554718,-2.810901642,-11.773047447,-0.332949668,-1.013065577,1.198091865,-4.996757030,0.381735593,-1.689812899,1.050138950,-0.771770656,2.521717310,2.370895863,-1.831610441,-0.803018808,-0.486589789,0.732299864
282,5640.038,1786880260092.681,15047910.616,0.000000000,-4.758935928,41.653705597,-19.595249176,-0.081344776,10.216001511,1.235405684,24.003496170,-49.163848877,25.322933197,-13.199645042,23.601745605,-4.853237629,22.206872940,-7.073563576,-9.764457703,0.462009758,1.207855940,2.071445942,-4.420756340,0.430473715,-1.613751292,1.061828971,-5.188717842,4.130275249,2.061736107,-3.430744648,-0.585889399,-1.063066483,0.338910609
283,5660.032,1786880260112.674,15047930.609,0.000000000,-24.195516586,34.437648773,-21.702741623,-4.491252422,-1.419743776,0.266567498,40.863922119,-61.731697083,34.371040344,-20.852113724,37.858955383,-7.100184917,25.414716721,-11.115857124,-8.188787460,-0.198777929,3.310047150,3.106791973,-2.389605522,0.053637262,-0.810747921,1.086179376,-8.366486549,4.808634758,2.721732616,-5.667758942,-0.323814422,-1.978447676,0.297479987
284,5680.015,1786880260132.657,15047950.592,0.000000000,-34.567634583,19.984737396,-13.468382835,-8.227663994,-1.079479218,0.165777415,52.484096527,-49.873825073,31.241703033,-20.529941559,42.823326111,-7.883511543,23.735357285,-13.430821419,-11.109901428,-0.775352657,4.038504601,3.591594934,-0.684946537,-0.114253037,0.125166401,1.005833149,-10.696503639,4.355426788,2.282172680,-7.886673450,-0.251632571,-2.945196152,0.047873534
285,5700.033,1786880260152.676,15047970.611,0.000000000,-34.485569000,5.723609447,-5.928868294,-7.524322987,-0.600699723,0.140251189,58.003334045,-33.401931763,23.593324661,-14.163330078,44.023948669,-5.821402073,21.961271286,-12.136759758,-16.515935898,-2.199768782,5.356402397,3.781054258,-0.472915530,-0.040950794,0.503196895,0.834003448,-11.742004395,2.593274117,1.368462920,-9.421886444,-0.094518095,-3.587343693,-0.384831786
286,5720.031,1786880260172.673,15047990.609,0.000000000,-31.567840576,-7.560548782,2.924978018,-5.156989574,-0.679229498,0.064703852,59.088382721,-19.107528687,15.683570862,-7.023437500,40.375328064,-2.436764479,19.106456757,-7.772555351,-20.094711304,-3.282392263,6.065497875,3.366727591,-1.417750597,-0.424832135,0.226181224,0.845058143,-9.394647598,1.740274906,1.123394728,-7.875813961,0.132421270,-3.276473284,-0.543061256
287,5740.051,1786880260192.693,15048010.628,0.000000000,-34.433372498,-7.707981110,8.381139755,-44.383243561,19.293140411,9.783729553,56.427181244,-1.004872799,6.042058468,-1.334004641,32.939468384,0.568288922,13.819886208,-5.197269440,-23.526851654,-4.353005409,5.532964230,2.771523476,-2.463526487,-0.510621488,-0.306800157,0.943464100,-6.757291317,0.179174915,1.149528980,-5.908326149,0.023354637,-2.515932083,-0.444538236
288,5760.028,1786880260212.670,15048030.605,0.000000000,-37.727111816,-9.127492905,8.983778954,-47.895637512,11.519903183,6.790371895,56.328285217,4.094521999,2.567733288,1.966413736,29.529153824,1.970721602,12.252241135,-4.427514553,-22.276199341,-5.022995472,5.033514023,2.719802856,-2.688383818,-0.651908517,-0.577148199,1.059837461,-5.662312031,-0.921705127,0.575000405,-3.716575384,-0.039780371,-1.762055635,-0.515529990
289,5780.030,1786880260232.672,15048050.607,0.000000000,-40.859462738,-6.754084110,5.734713554,-36.468078613,3.846962690,3.249525309,61.838409424,2.036114693,6.002889633,8.209033012,33.775390625,1.340039849,15.414829254,-5.938457489,-19.573392868,-6.276723385,6.025523663,3.775312901,-3.824685574,-0.378009140,-0.901840866,1.138485670,-6.967443943,-2.343757629,-0.456769496,-3.643772840,-0.183873504,-1.103443027,-0.520994127
290,5799.998,1786880260252.641,15048070.576,0.000000000,-42.927326202,-6.385289669,6.195715904,-36.777599335,4.109629154,3.116957664,59.483592987,1.616063952,8.179182053,8.073412895,34.904415131,0.685459137,18.989004135,-6.440379143,-17.449865341,-6.252562046,6.645950317,4.365349293,-3.824662209,-0.661029339,-1.133996367,1.426800609,-8.848836899,-2.700156450,-0.800397217,-4.359880447,-0.217030555,-0.916742742,-0.545995653
291,5820.015,1786880260272.657,15048090.593,0.000000000,-40.678146362,-7.770396233,7.323843956,-30.939987183,4.005560875,2.165610790,55.768299103,2.751526833,9.061740875,3.015608311,32.420974731,0.284253925,18.835653305,-6.075994015,-16.477966309,-5.722538471,6.582278252,4.416217327,-3.451903820,-0.641305864,-0.918672144,1.503961086,-9.959630013,-2.875144482,-1.114299536,-5.386967659,-0.199622840,-1.119535804,-0.627177954
292,5840.002,1786880260292.644,15048110.579,0.000000000,-36.552276611,-8.835996628,7.914334297,-27.771768570,4.802944183,1.969484448,49.873580933,2.933961391,8.617012024,-3.974319458,29.575965881,0.200147063,17.300119400,-6.192201614,-16.276035309,-4.924143314,5.979035378,3.985981703,-2.288198948,-0.468336493,-0.558273673,1.393829107,-10.385031700,-3.320102930,-1.584877372,-6.346177101,-0.259689420,-1.488839030,-0.757421672
293,5860.011,1786880260312.653,15048130.588,0.000000000,-31.047407150,-8.778437614,8.253444672,-25.147169113,5.933234215,1.908426762,43.870002747,3.092476606,7.792575359,-8.250721931,28.728012085,0.143205911,13.236659050,-6.930773735,-15.711442947,-4.492127895,5.211055756,3.314773560,-1.360869288,-0.524192810,-0.137184456,1.155142069,-8.665937424,-3.671343565,-1.667426109,-5.153704166,-0.132284224,-1.482486844,-0.792190313
294,5880.023,1786880260332.666,15048150.601,0.000000000,-24.253786087,-8.818569183,9.418684959,-21.598243713,6.649234295,1.801363707,39.407970428,2.026000738,6.409290314,-13.196827888,29.167694092,0.267541707,8.595336914,-8.397770882,-18.113113403,-5.028896809,4.841994286,3.242407084,-1.728333831,-0.420485348,0.018611019,1.025343180,-6.818090916,-4.193199635,-2.161140203,-4.372038364,-0.117550120,-1.157727838,-0.774747431
295,5899.998,1786880260352.640,15048170.575,0.000000000,-18.978345871,-9.526359558,9.554731369,-18.555093765,6.754795074,1.941289306,35.509746552,2.150516272,6.549520493,-18.753286362,29.795255661,0.245263904,6.103481770,-9.179983139,-19.790735245,-5.268691063,4.864059925,3.207296848,-1.792049885,-0.554269552,-0.064364091,0.843641996,-5.061112404,-4.069621563,-2.189003229,-3.120984793,0.036626641,-0.805563331,-0.736684501
296,5920.040,1786880260372.683,15048190.618,0.000000000,-13.420297623,-10.270042419,9.965349197,-15.543597221,7.375714302,1.930135131,32.894565582,2.809739828,5.553724289,-19.869470596,29.392086029,0.169727325,3.637815475,-9.431344986,-22.227416992,-5.800922871,4.820094109,3.269123793,-2.416541338,-0.425628096,-0.285910875,0.831328928,-3.803999186,-4.091394424,-2.389174938,-2.360255241,0.175853997,-0.510862291,-0.706401825
297,5940.008,1786880260392.650,15048210.585,0.000000000,-9.538528442,-10.481256485,9.967535973,-13.749188423,9.132473946,1.943161130,31.487722397,4.571179390,3.952511072,-18.402507782,29.438467026,0.150658831,2.807512045,-9.593402863,-23.665544510,-5.405867577,4.525528908,3.385567427,-2.052484035,-0.339224279,-0.261648744,0.762940347,-3.756985664,-4.264644146,-2.604348898,-2.437829494,0.174280316,-0.409231633,-0.576427460
298,5960.090,1786880260412.732,15048230.667,0.000000000,-6.241386414,-10.234806061,9.695006371,-12.911094666,11.177883148,2.508447170,29.137729645,5.377795696,2.227645636,-17.460329056,28.395080566,0.139615372,2.751284361,-9.447238922,-23.618391037,-4.845375538,4.443378925,3.362031460,-1.382647038,-0.221841604,-0.078950718,0.738375366,-2.827863932,-3.862746716,-2.090113878,-1.422769547,-0.027621988,-0.197683945,-0.470458806
299,5980.032,1786880260432.674,15048250.609,0.000000000,-3.970499039,-9.835875511,9.201404572,-13.533008575,12.045910835,2.896309376,25.516866684,6.362549305,0.912403226,-17.224298477,26.958448410,0.313701868,1.347867608,-8.385992050,-22.371334076,-4.267324448,4.262066841,3.079875946,-0.861248672,-0.187129557,0.083228461,0.651836276,-1.843156695,-3.369707346,-1.822852969,-0.829665542,-0.048194490,0.010623001,-0.351465076
300,6000.036,1786880260452.678,15048270.613,0.000000000,-0.744740009,-9.037953377,8.312087059,-13.523513794,13.025761604,3.223826170,20.325983047,6.519334316,-0.488730341,-17.293724060,24.954933167,0.420965105,0.105142400,-7.974141598,-20.417402267,-3.749324322,3.836532831,2.824804783,-0.524053991,-0.201127067,0.185504675,0.653120637,-1.116389155,-2.763515234,-1.604115844,-0.363886893,-0.064844251,0.028001439,-0.262708068
301,6020.033,1786880260472.676,15048290.610,0.000000000,1.777822971,-7.704488277,6.903981686,-13.823544502,13.151407242,3.506158590,16.336809158,6.874590397,-1.677659392,-16.142009735,23.035787582,0.535521090,-0.867964923,-7.331530094,-19.217926025,-3.720286369,3.725800037,2.562767744,-0.299011767,-0.395661741,0.274310887,0.560916603,-1.032969475,-3.022680521,-1.503299832,-0.356165797,0.046833131,-0.018992504,-0.215609193
302,6040.007,1786880260492.649,15048310.584,0.000000000,6.312573910,-5.431685448,4.768809319,-13.733592033,14.462212563,4.046460152,12.872840881,7.868631363,-3.290668488,-10.780745506,21.668554306,0.672789156,-2.574376345,-6.647666931,-19.727697372,-4.698011398,3.444659948,2.617253542,-1.036213040,-0.385329187,0.260866970,0.526514113,-1.790053844,-3.781924963,-1.981574535,-1.618699670,0.115859732,-0.162941277,-0.324569643
303,6060.033,1786880260512.675,15048330.610,0.000000000,19.949361801,0.689424574,-1.419086456,-15.795798302,19.679037094,5.989387512,-0.807454526,10.263129234,-8.378782272,1.561559677,13.589927673,1.040664673,-8.738745689,-3.179198503,-18.908744812,-5.482334614,2.638638735,2.560213327,-1.593574524,-0.316393256,0.135100156,0.504875779,-2.331752062,-4.481817722,-2.708239794,-2.688263893,0.464914232,-0.410136998,-0.604466558
304,6080.050,1786880260532.692,15048350.627,0.000000000,41.589088440,6.713912487,-8.194295883,-16.043348312,24.117624283,6.904460907,-45.949623108,9.323228836,-14.930801392,-43.141784668,-5.269432545,1.918563485,-18.053466797,-0.130040854,-9.753042221,-6.752303600,2.081896305,2.132455349,-2.108129978,-0.196458668,-0.053923793,0.429542840,-2.143083572,-5.107548237,-3.689288378,-2.816718102,0.550379813,-0.551692903,-0.962118030
305,6100.037,1786880260552.679,15048370.614,0.000000000,38.996604919,2.866933346,-5.492224693,-14.236514091,23.782976151,7.494287014,-29.018779755,6.705427170,-10.550809860,-11.801912308,-0.313326836,-0.202282384,-18.759399414,0.289446115,-16.566394806,-7.476089478,1.158054709,1.846404910,-2.826794863,0.084920801,-0.195338860,0.270238757,-1.268368244,-5.717768669,-4.041254520,-2.492858410,0.504723549,-0.399048656,-0.994884372
306,6120.031,1786880260572.673,15048390.608,0.000000000,22.796676636,6.285938740,-4.727530956,-15.186688423,19.599143982,6.592654705,-2.458725691,1.413621068,-0.509379447,-1.633591294,1.947367430,-0.222919106,-12.489444733,-0.503352106,-23.857278824,-7.350502491,1.188934684,1.749848008,-3.926909685,0.211472794,-0.651737928,0.433522493,-1.965602636,-4.859497070,-3.855826616,-1.857669353,0.154764161,-0.175044477,-0.824815094
307,6140.005,1786880260592.647,15048410.582,0.000000000,3.466132641,2.359763861,0.719903827,-16.679546356,12.509060860,4.391005516,27.555519104,2.552926779,3.888320208,-14.445742607,19.531499863,7.663684845,-0.568466544,-3.100195169,-32.262401581,-6.961278915,2.294180632,2.300018072,-4.501329899,-0.057505623,-1.105374455,0.669911265,-3.983445168,-4.453896046,-3.292628288,-2.432585478,0.099688932,-0.245707840,-0.601399124
308,6160.030,1786880260612.672,15048430.607,0.000000000,-10.946657181,-9.592498779,8.737323761,-17.553676605,4.371777058,1.509047627,46.336673737,-3.704971075,5.855384350,-16.810583115,30.821998596,2.182241201,10.749617577,-8.103015900,-36.338920593,-5.998469830,4.724035263,3.305329323,-3.927966595,0.030049318,-1.013225794,0.867178440,-6.185042858,-4.260591984,-2.672872543,-2.643729925,-0.102360874,-0.253201991,-0.438762993
309,6180.021,1786880260632.664,15048450.599,0.000000000,-19.011611938,-10.979942322,11.151143074,-15.338812828,2.094651699,0.431048185,52.896034241,-5.999639034,9.268047333,-14.689023018,35.930648804,1.472887397,12.563195229,-8.474190712,-33.586479187,-4.110232353,5.374504566,3.748283386,-1.478647113,0.015806088,-0.223353595,0.869028986,-6.872510910,-4.108232021,-2.590632200,-2.228080988,-0.213219434,-0.172571793,-0.430699676
310,6200.032,1786880260652.674,15048470.609,0.000000000,-22.540805817,-9.168378830,10.398646355,-14.505984306,1.263965368,0.163693532,54.032230377,-8.635254860,13.172373772,-13.655313492,38.534240723,0.515150666,10.567708969,-7.525243282,-29.403621674,-2.803443909,5.422879696,3.434026480,-0.028656965,-0.164289713,0.239984721,0.759166718,-5.793778419,-3.795216560,-2.401042700,-2.021908283,-0.132688612,-0.233633280,-0.553808510
311,6220.060,1786880260672.703,15048490.638,0.000000000,-24.621767044,-7.488213062,9.277386665,-14.926946640,1.375887275,0.299893051,52.689853668,-9.098299026,14.744431496,-14.907700539,37.683155060,0.246828988,8.801712990,-7.115536213,-25.110609055,-2.501417637,5.176457405,3.227594614,0.236746788,-0.507182896,0.343378991,0.641821504,-4.299809933,-2.951657534,-1.876155853,-2.212203026,-0.106870532,-0.377298594,-0.542566299
312,6240.003,1786880260692.646,15048510.580,0.000000000,-24.878482819,-7.920819283,9.266354561,-15.443772316,2.196434736,0.493208200,50.411800385,-8.527950287,16.821956635,-18.607666016,36.492507935,0.014992181,7.131097794,-9.310922623,-24.002639771,-3.120033979,4.991269112,3.149852276,0.040766872,-0.541507840,0.292272389,0.597345233,-3.726951122,-3.195230484,-2.031269789,-2.558673143,-0.106416993,-0.445613772,-0.441136718
313,6260.030,1786880260712.672,15048530.607,0.000000000,-24.309595108,-8.764462471,9.176427841,-14.856522560,2.702933788,0.536856890,47.780261993,-5.641061306,16.678470612,-21.970220566,33.075027466,0.550241888,6.434668541,-9.391497612,-23.555826187,-3.827622175,4.688147068,3.104320526,-0.615664542,-0.473868936,0.119596541,0.677252412,-4.193665504,-3.208013535,-2.072146893,-2.863330841,-0.097987235,-0.552597523,-0.385303289
314,6280.030,1786880260732.672,15048550.607,0.000000000,-22.703275681,-11.722885132,11.154641151,-14.735450745,4.144131660,0.711926997,45.501705170,-0.102072865,14.061052322,-22.316135406,28.141159058,0.763761342,5.704771519,-8.348742485,-24.466464996,-6.257874012,5.090323925,3.462769747,-2.527558565,-0.240666956,-0.205260843,0.763094366,-5.565083504,-3.989367723,-2.718873501,-4.108362675,-0.050478030,-0.789878607,-0.553888738
315,6300.031,1786880260752.673,15048570.608,0.000000000,-20.398508072,-13.378632545,12.352479935,-12.981709480,5.068578243,0.661645830,44.671123505,2.685624123,12.928615570,-20.654472351,23.816585541,0.919604480,3.871697903,-7.704886436,-25.476032257,-7.314827442,4.993202209,3.445230484,-3.111596346,-0.186691999,-0.453293890,0.849433184,-6.022716522,-4.610081673,-3.095073223,-4.256270409,-0.046463855,-0.899608552,-0.709226906
316,6320.027,1786880260772.669,15048590.604,0.000000000,-20.054882050,-14.343911171,12.678296089,-13.424108505,4.968363285,0.594089746,44.589588165,5.637537479,13.854371071,-20.349082947,20.195983887,1.110446215,2.758598804,-7.122020721,-25.816539764,-6.480043411,4.329084396,3.056296825,-2.367785692,-0.144466877,-0.369439363,0.884099722,-5.984589100,-4.525180340,-2.992268324,-3.722181797,-0.078281224,-0.761803806,-0.712684095
317,6340.001,1786880260792.644,15048610.579,0.000000000,-19.946794510,-14.912135124,12.869967461,-14.921401024,5.610471725,0.571244478,43.534778595,8.541451454,13.775628090,-19.190467834,17.055248260,1.316431522,1.588679552,-6.273889065,-25.704313278,-5.449491978,3.731012583,2.500302553,-1.665203333,-0.030846909,-0.300123513,0.784891427,-5.361700058,-4.419590473,-2.943233728,-3.075840950,-0.098338008,-0.624178231,-0.666584313
318,6360.028,1786880260812.671,15048630.606,0.000000000,-19.444320679,-15.380805016,13.296621323,-15.456152916,6.350792408,0.701099694,42.961200714,10.143749237,13.230304718,-18.255754471,14.750041962,1.528675318,0.846553683,-5.001326561,-25.457845688,-5.496408939,3.691014051,2.349593401,-1.733763814,0.012251853,-0.314823180,0.677212477,-4.883310795,-4.342454433,-2.869057417,-2.740039110,-0.074233875,-0.565676868,-0.651286721
319,6380.029,1786880260832.671,15048650.606,0.000000000,-18.557529449,-15.923613548,13.826111794,-16.695793152,7.449035645,1.007745743,40.821010590,11.299923897,12.114132881,-17.649635315,13.296253204,1.540217876,0.729147434,-4.081977844,-24.628097534,-5.577141285,3.791354418,2.399633646,-1.977179408,-0.012408702,-0.327911675,0.669878960,-4.361324310,-4.221712589,-2.597218275,-2.252294302,-0.134686813,-0.518711090,-0.622615516
320,6399.999,1786880260852.641,15048670.576,0.000000000,-17.107734680,-16.408325195,13.921789169,-17.451543808,8.319288254,1.342644095,37.230369568,12.601261139,10.426346779,-17.983615875,12.330021858,1.544423223,0.289689153,-3.256379843,-22.937253952,-5.463078499,3.789887190,2.402697563,-1.911407471,-0.127444685,-0.328847706,0.600635409,-3.716812611,-3.833228588,-2.253074646,-1.788570046,-0.022671100,-0.383892715,-0.543803096
321,6420.040,1786880260872.682,15048690.617,0.000000000,-15.547745705,-16.834224701,14.087477684,-17.772127151,9.177388191,1.593314052,34.271579742,13.785220146,8.914878845,-17.012605667,11.747229576,1.542935610,-0.580186844,-2.109483480,-21.701877594,-5.520519733,3.673144102,2.458886147,-2.041372538,-0.128998443,-0.323508948,0.588247120,-3.192774057,-3.514574051,-1.947451591,-1.596491337,-0.004962791,-0.335056901,-0.510293484
322,6440.001,1786880260892.643,15048710.578,0.000000000,-13.366353035,-17.806976318,15.028257370,-17.050567627,9.695895195,1.653362989,32.419033051,14.920219421,7.505727768,-16.630044937,11.546648026,1.419596672,-1.558694124,-1.393452644,-22.452985764,-6.871666431,3.865700722,2.752297640,-3.077409506,-0.083521962,-0.444302052,0.659540594,-3.182608843,-3.713606358,-2.154298306,-1.726178885,0.022212077,-0.361624897,-0.484238714
323,6460.120,1786880260912.762,15048730.697,0.000000000,-11.958823204,-18.518730164,16.053054810,-16.982917786,10.282903671,1.736196756,31.245004654,15.415042877,6.183259964,-16.557968140,11.372735023,1.379078507,-1.978087068,-0.847792864,-22.865011215,-7.381250858,3.935551167,2.918101788,-3.087823391,-0.026970569,-0.474153787,0.735529721,-3.310480118,-3.737697601,-2.367868662,-1.840147257,0.048212767,-0.399878412,-0.447595507
324,6480.030,1786880260932.672,15048750.607,0.000000000,-10.943538666,-19.291803360,16.558244705,-16.586093903,10.550409317,1.753703713,30.638727188,15.959900856,5.549168587,-15.712403297,11.574563026,1.271086454,-1.873217821,-0.566540420,-23.016500473,-6.980246544,4.029842377,3.111559153,-2.573774099,-0.172381401,-0.351070106,0.690344691,-3.550248861,-3.926707506,-2.577835321,-1.930644393,0.039129414,-0.387102693,-0.462458134
325,6500.027,1786880260952.670,15048770.605,0.000000000,-10.929453850,-19.543405533,16.687831879,-17.073722839,10.544491768,1.781057358,30.201536179,16.091567993,4.984469891,-15.315763474,11.458276749,1.287022114,-1.833054781,-0.468907386,-22.577463150,-6.424561977,3.804726839,3.040953398,-2.041633129,-0.217952177,-0.207815707,0.645584047,-3.589969873,-3.977862597,-2.638568401,-1.813345075,0.040470872,-0.355942011,-0.455023974
326,6520.032,1786880260972.674,15048790.609,0.000000000,-11.116587639,-19.445823669,16.654975891,-17.526779175,10.484275818,1.803866386,29.602653503,16.142089844,4.601565361,-15.457615852,11.170943260,1.299767017,-1.716743350,-0.596599281,-22.021036148,-5.915132999,3.577834129,2.898399115,-1.673170209,-0.248765230,-0.110210992,0.592344284,-3.540766001,-3.981433868,-2.615761757,-1.640202880,0.022695096,-0.314162403,-0.459089458
327,6540.031,1786880260992.673,15048810.608,0.000000000,-10.840030670,-19.205263138,16.670688629,-17.759811401,10.636546135,1.920895219,28.880685806,16.027070999,4.345013142,-15.757600784,10.605322838,1.265723109,-1.650611043,-0.975043237,-21.518659592,-5.462996006,3.383158207,2.744675636,-1.541591048,-0.227234617,-0.026104352,0.553451777,-3.591434717,-4.131702423,-2.701766729,-1.607717991,0.052204072,-0.284573793,-0.463169783
328,6560.004,1786880261012.646,15048830.581,0.000000000,-10.746382713,-19.131921768,16.671270370,-17.746706009,10.544878006,2.036030769,28.099952698,16.462751389,3.857528210,-17.514362335,10.323609352,1.296032310,-0.663591981,-1.731643200,-21.298751831,-5.644136429,3.744473457,2.998245955,-1.844204545,-0.110121645,0.006502760,0.531407058,-3.621841669,-4.335455418,-2.959387064,-1.511486173,0.014571092,-0.224704847,-0.489922792
329,6579.997,1786880261032.639,15048850.574,0.000000000,-9.839182854,-18.971536636,16.600605011,-17.267293930,10.367282867,2.036520004,27.778217316,16.182283401,3.973366976,-18.561695099,10.014684677,1.275131106,-0.345193207,-2.301807404,-21.137048721,-5.781036854,3.746600151,3.014725685,-2.034134388,-0.164066419,-0.077642977,0.595502317,-3.697052956,-4.395981312,-2.971003532,-1.419023156,-0.049885109,-0.179162681,-0.523674130
330,6600.029,1786880261052.671,15048870.606,0.000000000,-9.392173767,-18.711902618,16.354330063,-16.556737900,10.328024864,2.058509588,26.997217178,16.508775711,4.303081036,-19.863822937,9.803619385,1.158523440,-1.055361509,-3.414587021,-21.035255432,-5.476822376,3.398660421,2.840754032,-1.834388733,-0.167386845,-0.108597413,0.606747687,-4.016138554,-4.469358921,-3.133096218,-1.826083899,0.021894859,-0.220665574,-0.554051340
331,6620.079,1786880261072.722,15048890.656,0.000000000,-9.125064850,-18.597694397,16.109804153,-16.069683075,10.872913361,2.196452141,27.407476425,16.540956497,4.738510609,-19.835260391,9.650105476,0.917271852,-1.509158611,-3.710730791,-21.242059708,-5.550528049,3.396441936,2.677370071,-1.687761545,-0.152018487,-0.068214104,0.536544442,-4.280926228,-4.510795593,-3.157785416,-2.092021465,0.033429008,-0.321114928,-0.605098784
332,6640.035,1786880261092.677,15048910.612,0.000000000,-9.601303101,-18.140293121,15.782917976,-16.198240280,10.754769325,2.232382536,27.484054565,16.175529480,4.472207069,-19.886367798,9.336414337,0.911562800,-1.235801816,-3.566496611,-21.536741257,-5.515735626,3.413289070,2.632933378,-1.728772879,-0.154905677,-0.054027297,0.496965349,-4.438701153,-4.539913177,-3.181079149,-2.148864746,0.039585829,-0.376757592,-0.633343160
333,6660.020,1786880261112.662,15048930.597,0.000000000,-9.920094490,-18.227127075,15.738262177,-16.454004288,10.352719307,2.240656137,27.441484451,15.931206703,4.411372185,-20.579021454,8.669427872,0.921392679,-0.916885078,-3.331428289,-21.536691666,-5.470674515,3.565793514,2.637415648,-1.693258882,-0.237719640,-0.104843639,0.499655008,-4.524414062,-4.499423027,-3.174863100,-2.208606243,-0.006025333,-0.401386917,-0.652017057
334,6680.037,1786880261132.679,15048950.614,0.000000000,-10.307888985,-17.993921280,15.757158279,-16.602840424,10.079730988,2.244381189,27.529195786,15.384237289,4.439254284,-21.020717621,7.955883503,0.981212139,-0.363128513,-3.144722462,-21.414838791,-5.326533794,3.557675123,2.645715714,-1.626611829,-0.290021628,-0.135036364,0.517199874,-4.573797226,-4.453036308,-3.062865257,-2.122584343,-0.004014507,-0.378709406,-0.620974600
335,6700.009,1786880261152.651,15048970.586,0.000000000,-10.608688354,-17.767980576,15.649794579,-16.604825974,9.968804359,2.217666388,27.520879745,14.924518585,4.585113049,-21.510126114,7.282900810,1.032385468,0.125363573,-3.001000643,-21.252035141,-5.165132046,3.541442394,2.653630972,-1.551474214,-0.303149283,-0.133075222,0.530333757,-4.574918747,-4.382619381,-2.935827255,-2.016660452,0.008483570,-0.367354542,-0.581884086
336,6720.032,1786880261172.674,15048990.609,0.000000000,-10.775336266,-17.611093521,15.505275726,-16.436017990,9.930981636,2.202558279,27.405002594,14.574460983,4.772914410,-22.132631302,6.585227966,1.073046923,0.496437132,-2.874567032,-21.128376007,-5.085321426,3.575796366,2.685613394,-1.516672730,-0.304358780,-0.116845608,0.539805293,-4.590138912,-4.310333252,-2.841987610,-1.967329860,0.020049043,-0.362327933,-0.559788108
337,6740.069,1786880261192.711,15049010.646,0.000000000,-10.284280777,-17.653461456,15.458739281,-16.124525070,10.042555809,2.213916063,27.003641129,14.486264229,4.705335140,-23.333358765,5.663029194,1.175406456,0.617342055,-2.928886652,-21.355007172,-5.207607269,3.670145988,2.779273272,-1.597809196,-0.289943099,-0.101424478,0.549701095,-4.607980251,-4.348401546,-2.880763769,-1.959643841,-0.022324674,-0.345609844,-0.551426589
338,6760.037,1786880261212.680,15049030.615,0.000000000,-9.525585175,-17.533210754,15.455984116,-16.007589340,10.647791862,2.327503443,26.101829529,14.469338417,4.350656033,-24.190410614,4.601611614,1.231346607,0.479950607,-2.941198587,-21.543910980,-5.450448990,3.807467699,2.919571638,-1.647158027,-0.327524811,-0.048115890,0.577983558,-4.799152374,-4.481599331,-3.068260908,-2.248941183,0.001980475,-0.379817456,-0.576766074
339,6780.032,1786880261232.674,15049050.609,0.000000000,-8.718423843,-17.415327072,15.219656944,-15.710289001,10.960908890,2.396000147,25.306467056,14.385506630,4.114422798,-24.824066162,3.764205694,1.271689415,0.544486642,-2.773239136,-21.597499847,-5.530590057,3.867155790,2.963953733,-1.689715385,-0.330101192,-0.041461773,0.602317691,-4.928843498,-4.527418137,-3.104389906,-2.323494673,0.010857530,-0.408894807,-0.608068407
340,6800.001,1786880261252.644,15049070.579,0.000000000,-7.704294682,-17.129440308,14.815732002,-14.968721390,11.116138458,2.444316149,24.331357956,14.346632957,3.811930895,-25.616342545,2.600021362,1.339008212,1.123946190,-2.805168390,-21.642946243,-5.607106209,3.994807482,3.062515020,-1.786195397,-0.393444926,-0.049437076,0.632637441,-4.930346012,-4.536346436,-3.005759954,-2.372424126,0.051278390,-0.389660180,-0.584559202
341,6820.011,1786880261272.653,15049090.588,0.000000000,-7.073594093,-16.947900772,14.520833015,-14.732191086,11.233948708,2.447029591,23.577077866,13.751154900,3.593813658,-26.272869110,1.903213859,1.345631242,1.013822079,-2.466790199,-21.574113846,-5.566008568,4.001718521,3.042429924,-1.800736070,-0.343075514,-0.065465398,0.642370284,-4.871836185,-4.487696171,-2.932606220,-2.288674593,0.059724264,-0.374851882,-0.563074291
342,6840.041,1786880261292.684,15049110.619,0.000000000,-6.669373989,-16.465143204,14.285171509,-14.527063370,11.272421837,2.450583458,22.448768616,13.335665703,3.638710499,-26.741836548,1.518504620,1.297775865,0.746228695,-2.021669149,-21.032840729,-5.405473232,3.892543077,2.909667969,-1.712733865,-0.359589368,-0.071537949,0.610877752,-4.794671059,-4.452888966,-2.866801739,-2.229952574,0.101960197,-0.373320878,-0.549058616
343,6860.002,1786880261312.644,15049130.579,0.000000000,-6.217878342,-16.142761230,14.128065109,-14.101542473,11.320148468,2.443941116,21.762517929,12.971514702,3.890937328,-26.943355560,1.254887938,1.233145118,0.557065248,-1.621063590,-20.540708542,-4.994048595,3.702301502,2.753953934,-1.526684284,-0.329330027,-0.084606878,0.577167749,-4.646147728,-4.417325020,-2.825427055,-2.120509148,0.064824149,-0.358132511,-0.547065437
344,6880.010,1786880261332.652,15049150.587,0.000000000,-5.947766304,-16.038644791,13.953239441,-14.031794548,11.318407059,2.441359520,21.296499252,12.447649956,3.846969843,-27.207406998,0.937011003,1.222961426,0.493786037,-1.408777833,-20.372232437,-5.010496140,3.652239561,2.701184988,-1.524403811,-0.287599921,-0.097864494,0.534317970,-4.532530308,-4.349686146,-2.780472040,-2.021551132,0.070010193,-0.340183824,-0.536622584
345,6900.039,1786880261352.681,15049170.616,0.000000000,-5.721220493,-15.918860435,13.852638245,-13.905979156,11.242619514,2.445544481,20.957929611,12.132202148,3.727961540,-27.678625107,0.551035762,1.229168415,0.562368810,-1.359188437,-20.369075775,-5.201133251,3.706732035,2.748935461,-1.633280516,-0.270281553,-0.117160492,0.532732606,-4.524207592,-4.318985939,-2.765937090,-2.000900507,0.077078268,-0.335289478,-0.533425868
346,6920.032,1786880261372.674,15049190.609,0.000000000,-5.465226173,-15.848852158,13.785814285,-13.729776382,11.168477058,2.451819420,20.621530533,11.916379929,3.603210211,-28.282821655,0.119901344,1.231182575,0.646889091,-1.396364212,-20.420442581,-5.422512531,3.794000149,2.830189228,-1.758097649,-0.271677017,-0.134117678,0.555666029,-4.565269947,-4.321216106,-2.788001537,-2.038306713,0.081450768,-0.347613126,-0.528915405
347,6940.031,1786880261392.673,15049210.608,0.000000000,-4.580889702,-15.522537231,13.422860146,-13.326175690,11.613037109,2.534255266,19.368640900,12.176633835,3.848224878,-28.663665771,-0.297954947,1.121594071,0.085174888,-1.557376266,-19.987512589,-5.091518879,3.640613794,2.677867174,-1.412352324,-0.256433427,-0.105926663,0.518859982,-4.713129044,-4.534236908,-2.846130371,-2.204867125,0.086253799,-0.334160298,-0.535481989
348,6960.003,1786880261412.645,15049230.580,0.000000000,-4.053562641,-15.110383987,13.135080338,-13.292819977,11.743956566,2.589980602,18.795341492,11.540494919,3.490017414,-29.195312500,-0.992145658,1.266364932,0.045644000,-1.655452847,-20.011013031,-5.181895256,3.597117901,2.696608543,-1.422290564,-0.260334074,-0.110158227,0.506770790,-4.723559856,-4.553172588,-2.890906334,-2.276522636,0.104570180,-0.316825002,-0.547334492
349,6980.033,1786880261432.676,15049250.611,0.000000000,-3.551882982,-14.906955719,12.956644058,-13.097286224,11.706650734,2.615807295,18.434223175,11.359204292,3.130805254,-30.147937775,-1.391548514,1.165712237,0.194006175,-1.721674562,-20.227630615,-5.413043499,3.701161385,2.814897776,-1.575259328,-0.267661601,-0.134348214,0.541881144,-4.766488075,-4.504059315,-2.911147356,-2.306065559,0.117933080,-0.316417903,-0.539487302
350,6999.998,1786880261452.640,15049270.575,0.000000000,-3.675655842,-13.984746933,12.419025421,-13.554229736,11.361974716,2.708970785,18.040205002,10.914339066,2.994472265,-30.820775986,-3.866520166,1.249098182,0.326840967,-1.546486855,-19.930322647,-5.366334438,3.802268982,2.848066330,-1.526047349,-0.325868726,-0.133412272,0.569044530,-4.926223278,-4.517571926,-2.926640272,-2.335494518,0.113225348,-0.317753851,-0.528923631
351,7020.030,1786880261472.672,15049290.607,0.000000000,-2.856696844,-14.774844170,12.484325409,-12.884803772,11.448932648,2.646004677,16.947998047,10.614463806,3.083355665,-33.707733154,-2.917915344,1.327844024,0.765411913,-1.929692030,-20.081495285,-5.663934708,3.720468044,2.908069849,-1.721462369,-0.229959637,-0.127663299,0.584502518,-4.939653873,-4.279251575,-2.850782156,-2.342222452,0.107598461,-0.334928602,-0.523256600
352,7040.029,1786880261492.671,15049310.606,0.000000000,-2.145912886,-15.007855415,12.698790550,-11.896153450,11.905290604,2.577455759,16.973609924,9.103323936,2.925680637,-31.454332352,-6.684442043,1.014163256,0.886542320,-1.977046847,-20.573602676,-5.920604229,3.849421024,2.989529610,-1.908782244,-0.229685009,-0.153651923,0.595477104,-5.056939602,-4.260388851,-2.831263304,-2.367353201,0.069339924,-0.336495250,-0.515625060
353,7060.002,1786880261512.644,15049330.579,0.000000000,-1.945336819,-14.496118546,12.597411156,-11.699198723,11.831445694,2.598544121,17.024675369,10.261604309,2.930159807,-34.927059174,-3.550131798,1.142033458,1.008359671,-1.712918639,-20.858989716,-5.913430691,3.919652700,2.997841120,-1.929897070,-0.183453500,-0.167792961,0.601894438,-5.083838463,-4.257799149,-2.818969488,-2.433410406,0.066226751,-0.335362762,-0.532570004
354,7080.030,1786880261532.672,15049350.607,0.000000000,-0.937045515,-14.924292564,12.991387367,-10.797659874,11.621214867,2.499428988,16.338432312,10.332368851,2.951304436,-36.023544312,-4.134001732,1.212164402,0.678987324,-2.028469086,-21.163372040,-6.046610355,3.811120749,2.987437248,-1.983832955,-0.227986217,-0.168940991,0.604414046,-5.111320496,-4.312031269,-2.914376259,-2.536649942,0.071136124,-0.344296694,-0.528712034
355,7100.030,1786880261552.673,15049370.608,0.000000000,-0.934909761,-14.407296181,12.588112831,-11.001842499,11.495320320,2.246271133,16.108997345,9.787299156,2.995397568,-36.500602722,-5.153440952,1.122945428,0.432921797,-1.750435591,-21.050573349,-5.911961555,3.833023310,2.877040386,-1.849772573,-0.276129186,-0.160784185,0.607884645,-5.176017761,-4.388907433,-3.050367594,-2.465461493,0.055150464,-0.308108538,-0.556681931
356,7120.035,1786880261572.677,15049390.612,0.000000000,-0.252166301,-14.892407417,12.675120354,-9.871034622,11.263308525,2.013847589,15.632184982,7.940775394,3.071579218,-35.494426727,-8.065399170,1.055692673,0.674756885,-1.748322606,-21.215559006,-5.966934204,3.723063469,2.902739286,-1.912318945,-0.224655688,-0.144675285,0.642739892,-5.142443180,-4.332590103,-3.055135489,-2.445064068,0.073057666,-0.323698312,-0.559602141
357,7140.030,1786880261592.672,15049410.607,0.000000000,0.271648347,-14.370315552,12.431281090,-9.357902527,11.536511421,1.956527233,15.294310570,9.171361923,3.164187670,-37.723529816,-5.813632965,1.170947909,0.793316245,-1.723250389,-20.896322250,-5.898000717,3.778935432,2.820430994,-1.705825210,-0.297682613,-0.146865711,0.623459756,-5.135017395,-4.260222435,-2.968414307,-2.463316917,0.041354563,-0.330631912,-0.584180593
358,7160.004,1786880261612.647,15049430.582,0.000000000,0.328893155,-13.572239876,12.071513176,-9.066960335,11.459613800,1.855079651,14.526309013,8.127206802,3.074360847,-38.382141113,-6.455029488,1.132691741,0.663338900,-1.764670968,-20.612894058,-5.717923641,3.657479286,2.647244930,-1.471820593,-0.293364942,-0.130010948,0.605580866,-5.080960274,-4.272260189,-2.916308403,-2.482023001,0.107361570,-0.354745716,-0.583304524
359,7180.031,1786880261632.673,15049450.608,0.000000000,0.568135321,-13.082088470,11.552705765,-8.586784363,11.205914497,1.753418446,13.892694473,7.210972309,3.176129580,-39.176689148,-7.231185436,1.241325617,1.073078752,-2.041520834,-20.177703857,-5.487504959,3.532860041,2.497672558,-1.296488047,-0.264156491,-0.083342150,0.568030953,-5.113637447,-4.081501007,-2.739741802,-2.569630146,0.134664357,-0.370703340,-0.557853758
360,7200.151,1786880261652.793,15049470.728,0.000000000,2.178705931,-11.290994644,11.204400063,-11.025753975,9.293833733,1.937525630,11.637126923,5.684955597,2.212795973,-38.129142761,-9.318408012,1.002340078,0.540934861,-1.745227218,-19.844045639,-5.481077194,3.416234732,2.403680563,-1.329286098,-0.247560531,-0.086366966,0.543238163,-4.995738983,-3.998333693,-2.668666601,-2.420473814,0.070171788,-0.343920082,-0.554764330
361,7220.030,1786880261672.672,15049490.607,0.000000000,2.328566074,-10.543368340,10.713823318,-11.770891190,7.705326557,1.800730586,11.021573067,5.196846008,1.639216661,-39.637958527,-8.669574738,1.097821832,0.250871509,-1.670589209,-19.699754715,-5.673340797,3.369844198,2.454679012,-1.479433656,-0.249755308,-0.127375260,0.535686255,-4.914200783,-4.052519321,-2.707259178,-2.331749916,0.052069828,-0.330748886,-0.545856357
362,7240.030,1786880261692.672,15049510.607,0.000000000,2.706110001,-10.756865501,10.411784172,-13.290328026,6.188943863,1.647871614,9.430159569,4.810987473,0.754015625,-39.025325775,-10.017076492,1.097192883,-0.015171657,-1.367450714,-18.882329941,-5.767602444,3.331811428,2.518013239,-1.568009734,-0.274423927,-0.156283826,0.565974176,-4.409425259,-4.094311237,-2.697627544,-2.040513754,-0.045853011,-0.271833986,-0.514794171
363,7260.004,1786880261712.646,15049530.582,0.000000000,3.339320660,-10.500585556,10.258204460,-14.311876297,5.010614872,1.500957131,8.329910278,4.958565712,0.187725052,-38.821567535,-9.901284218,0.993090153,-0.202480748,-1.347789884,-18.635459900,-5.918744564,3.418383360,2.508226871,-1.635228276,-0.247525081,-0.180414334,0.584214687,-4.347840786,-4.185781002,-2.830687761,-2.024917603,-0.035552129,-0.251541257,-0.487610340
364,7280.031,1786880261732.673,15049550.608,0.000000000,3.911293507,-9.901914597,9.921533585,-16.037782669,3.959445000,1.393642664,7.339703560,5.376273155,-0.246941924,-37.851932526,-9.435480118,0.945012689,-0.747622013,-1.897943139,-18.079925537,-5.363753796,3.044539452,2.345665216,-1.228679538,-0.243895099,-0.151161417,0.573451877,-4.663373947,-4.206471443,-2.999251604,-2.301428556,0.031088728,-0.262363195,-0.529327512
365,7300.030,1786880261752.672,15049570.607,0.000000000,4.428402424,-8.994176865,9.624938011,-17.160755157,2.923241138,1.253869057,6.176576138,5.029868603,-1.286398172,-37.209228516,-9.973453522,0.850115716,-0.985781670,-2.059606314,-17.628471375,-5.059288979,2.830133677,2.159377813,-1.036032438,-0.241804779,-0.059067924,0.494760484,-4.791993141,-4.348897934,-3.154498100,-2.552534580,0.081731252,-0.269298643,-0.571674228
366,7320.105,1786880261772.748,15049590.682,0.000000000,4.726340294,-8.588708878,9.334817886,-17.922922134,2.133110762,1.123184919,5.692040920,4.505974293,-2.319778919,-36.880077362,-9.988151550,0.821509004,-0.933131933,-1.617027521,-17.587224960,-5.210449696,2.874136448,2.093166351,-1.268532753,-0.223318815,-0.057607435,0.445456713,-4.874100685,-4.390706539,-3.220786333,-2.484948397,0.087450624,-0.274372250,-0.594378114
367,7340.029,1786880261792.671,15049610.606,0.000000000,5.370624065,-8.065587044,9.289512634,-19.104551315,1.738139749,0.974212408,4.717839718,4.149672508,-3.065224171,-35.238407135,-9.542315483,0.715766370,-1.077795744,-1.119092464,-16.989063263,-4.852756500,2.839846611,1.890276074,-1.005836129,-0.233772367,-0.077045105,0.412072420,-4.614892006,-4.255982876,-3.059625149,-2.128469706,0.132940337,-0.256512702,-0.565636039
368,7360.002,1786880261812.645,15049630.579,0.000000000,6.192402840,-7.875230312,9.249039650,-19.353422165,1.589218736,0.823408186,3.894300699,4.144127846,-3.731122494,-34.491062164,-9.251180649,0.567779779,-0.670450151,-0.972612858,-16.761888504,-4.808633327,2.557148933,1.869183779,-1.048454523,-0.238999516,-0.057721358,0.375517815,-4.735310078,-4.033645630,-2.964030743,-2.059263706,0.030725041,-0.218835235,-0.553830862
369,7380.030,1786880261832.672,15049650.607,0.000000000,6.503147125,-7.921754360,9.128342628,-20.172733307,1.376080513,0.660686135,3.395090580,4.354424477,-4.406530857,-33.854736328,-9.014843941,0.440244675,-0.849085808,-0.557599902,-16.875875473,-5.149976254,2.640322924,1.843514085,-1.480983019,-0.174898967,-0.143358797,0.383525014,-4.768224239,-3.974861145,-2.913280249,-2.045822144,-0.008407362,-0.209210098,-0.532639086
370,7399.999,1786880261852.641,15049670.576,0.000000000,6.827842236,-8.302477837,9.124646187,-19.430219650,1.224569917,0.433265239,3.483402729,4.747647762,-4.582227707,-32.960342407,-8.232483864,0.298661977,-0.969754934,0.216961041,-17.356903076,-5.649831295,2.731849670,2.027017593,-2.107833147,-0.101144001,-0.335146457,0.425316870,-4.977132320,-3.876908064,-2.959351778,-2.325932026,0.068059355,-0.262160450,-0.534646749
371,7420.029,1786880261872.672,15049690.607,0.000000000,7.240938663,-8.776171684,9.341141701,-19.992275238,1.084311604,0.200391054,3.561277628,4.877289295,-4.932127953,-31.527568817,-7.749410629,0.253057688,-1.040702701,0.993222117,-17.110496521,-5.768570900,2.749937296,1.980385542,-2.240940809,-0.133878857,-0.498789489,0.480592161,-4.595309258,-3.703798771,-2.696126223,-1.863162637,0.087413885,-0.240121871,-0.516898334
372,7440.031,1786880261892.673,15049710.608,0.000000000,7.223117352,-9.354963303,9.561832428,-20.170032501,0.879632235,-0.022544265,3.693251848,4.743036747,-5.103865147,-30.366039276,-8.203038216,0.176583588,-1.344881773,1.288438201,-17.388090134,-5.769584179,2.854834080,1.977887750,-2.091297626,-0.127409756,-0.478714079,0.450763226,-4.780910492,-3.792750359,-2.750324249,-2.056296587,0.151488885,-0.264834881,-0.505504549
373,7460.003,1786880261912.645,15049730.580,0.000000000,6.831851482,-9.412266731,9.906335831,-21.403429031,0.534723163,-0.179166421,3.860012531,4.927244186,-4.951542854,-31.467107773,-7.722109318,0.158765927,-1.054353237,1.559445381,-17.288621902,-5.639692307,2.965193987,2.027608871,-1.867620707,-0.161178291,-0.439873815,0.405868202,-4.834130287,-3.859432936,-2.755376816,-2.092030048,0.207868353,-0.297732264,-0.517690659
374,7479.997,1786880261932.639,15049750.574,0.000000000,6.689728737,-9.569032669,10.271309853,-21.800941467,0.077781081,-0.381530851,3.978459835,5.503808498,-5.053964138,-32.650924683,-8.122447968,0.095143020,-1.821650386,1.564891696,-17.922315598,-6.455378532,3.017265558,2.356611490,-2.435796022,-0.103446357,-0.497736961,0.387426019,-4.744568348,-4.040346146,-3.070556402,-2.059180737,0.134425849,-0.247707486,-0.570977032
375,7499.996,1786880261952.638,15049770.573,0.000000000,6.779139519,-9.276958466,10.697271347,-23.188989639,-0.463686824,-0.551574588,3.641970396,5.433892250,-4.680319786,-32.244140625,-8.243156433,-0.007322616,-2.055612087,2.411513329,-18.154773712,-6.363848686,3.119915485,2.189913750,-2.263098717,0.026816163,-0.425322980,0.369055569,-4.888532162,-4.064669132,-3.057093859,-2.306796312,0.006586191,-0.245337769,-0.548792422
376,7520.031,1786880261972.673,15049790.608,0.000000000,6.831232071,-8.798514366,10.965916634,-25.352231979,-1.086323500,-0.694545925,3.143192768,5.245844841,-4.655167580,-32.589225769,-8.421815872,-0.031262819,-2.574829102,2.150889158,-18.065341949,-6.142248631,2.947371483,2.098913193,-1.948060036,0.074817710,-0.333552718,0.332007289,-4.855460167,-4.055052757,-3.032670259,-2.347526550,-0.032247636,-0.266181111,-0.534046352
377,7540.029,1786880261992.672,15049810.607,0.000000000,5.719693661,-8.974345207,10.610013008,-25.782945633,-1.654969096,-0.808526456,3.190448999,3.914335728,-4.117898464,-32.363174438,-8.475667953,0.016746426,-2.497524023,2.332697392,-16.580865860,-4.948321819,2.588587999,1.681794405,-1.272540212,0.000090480,-0.353620559,0.331661195,-3.957406521,-3.795161963,-2.548476934,-1.652727962,-0.057661857,-0.234500274,-0.466842860
378,7560.000,1786880262012.642,15049830.577,0.000000000,5.017095089,-8.562740326,10.169545174,-25.873123169,-2.277121782,-0.826509893,3.333655834,3.625185013,-4.002554417,-32.537319183,-8.614224434,0.019490831,-2.358335257,2.387425661,-16.134874344,-4.886130810,2.476546288,1.652989984,-1.318169713,0.003618108,-0.358859479,0.328687280,-3.793268919,-3.734947920,-2.505303383,-1.469194889,-0.117049858,-0.208158851,-0.407128930
379,7579.998,1786880262032.640,15049850.575,0.000000000,4.666145325,-8.134575844,10.020567894,-25.614801407,-2.514223576,-0.818869472,3.909116983,3.420034170,-3.623129368,-32.116466522,-8.909160614,-0.002826035,-2.019410610,2.218594551,-16.444034576,-5.199505806,2.735972404,1.761712670,-1.652491093,-0.040899437,-0.418755740,0.310010433,-4.290302753,-3.926274538,-2.687522411,-1.811192513,0.001802731,-0.228006020,-0.435847461
380,7599.996,1786880262052.639,15049870.574,0.000000000,4.198686123,-7.989058971,9.646103859,-25.611558914,-2.655794144,-0.856896877,4.549943924,3.857824326,-3.176490068,-32.245513916,-9.010279655,-0.001402111,-2.086184978,2.044471502,-16.800384521,-5.777474403,2.913192034,1.866672516,-2.056654692,-0.044931769,-0.474756271,0.313445568,-4.426396847,-4.032075882,-2.799429655,-1.990930080,0.162999421,-0.228063077,-0.527606845
381,7619.995,1786880262072.637,15049890.572,0.000000000,4.359638691,-6.783174038,9.227850914,-26.076103210,-2.236512184,-0.881486297,4.852477551,4.260349274,-2.856006384,-30.161811829,-8.702633858,-0.190918207,-2.169976473,1.864452958,-16.378356934,-5.301105499,2.979726553,1.805628538,-1.649811387,-0.114002638,-0.506198645,0.309018821,-4.376986980,-3.908736706,-2.672793865,-1.861918211,0.036401495,-0.254814625,-0.579074740
382,7639.996,1786880262092.638,15049910.573,0.000000000,4.211971283,-6.421968460,8.818144798,-26.107547760,-2.074673176,-0.962007761,4.999433517,3.451023102,-3.377475977,-28.402664185,-8.394712448,-0.243307501,-2.161288977,0.500586987,-16.475488663,-4.825815678,2.871556759,1.917008400,-1.623548985,-0.086310096,-0.516658187,0.324288279,-4.335327148,-4.142149448,-2.716017962,-2.055360079,0.014616788,-0.271774858,-0.587782145
383,7659.999,1786880262112.641,15049930.576,0.000000000,4.595256329,-6.345443726,8.846652985,-25.885089874,-2.213906050,-1.004545093,5.599483967,3.749582052,-3.985089302,-29.543329239,-8.756997108,-0.254852563,-1.844776273,0.340242058,-17.485391617,-5.491805077,2.892924547,1.957345605,-2.195282459,0.024704782,-0.570493102,0.333274186,-4.655834198,-4.222178936,-2.721485853,-2.462413311,0.055274263,-0.279341012,-0.601278603
384,7679.999,1786880262132.642,15049950.577,0.000000000,5.418543339,-6.700691223,9.534848213,-25.286382675,-2.263005257,-1.088723540,5.400498867,4.314087868,-3.791992664,-31.743289948,-9.006128311,-0.394627303,-2.258987665,0.298465520,-18.358446121,-6.000094414,2.838842630,2.009640932,-2.492805958,0.024288300,-0.614666879,0.359251946,-4.997255325,-4.421350479,-3.021547556,-2.662540674,0.138437778,-0.330245227,-0.636419475
385,7699.998,1786880262152.641,15049970.576,0.000000000,5.670074940,-6.499980450,9.467176437,-24.688983917,-2.308379889,-1.075277567,4.382232666,3.909784555,-3.243585110,-32.482593536,-8.925917625,-0.504341006,-2.910356760,0.523802996,-17.457269669,-5.705763340,2.256267786,1.791193604,-2.072060347,-0.020910364,-0.583521903,0.299917072,-5.010435581,-4.130523682,-2.979408026,-2.598031998,0.198385149,-0.326652914,-0.636143506
386,7719.997,1786880262172.639,15049990.574,0.000000000,4.661024094,-6.395605087,8.685893059,-26.410810471,-2.702271938,-1.080471039,5.270453930,3.211239100,-2.660761833,-31.055860519,-8.730641365,-0.396366507,-2.370448828,1.533519149,-16.858078003,-4.978910446,2.125156879,1.469274282,-1.918682456,-0.167374879,-0.602535605,0.255297840,-4.686137676,-3.645144224,-2.369260550,-2.482308149,0.118474238,-0.337627649,-0.586612940
387,7739.999,1786880262192.641,15050010.576,0.000000000,3.822214365,-6.691630840,8.790086746,-27.479913712,-3.063095093,-1.108249784,6.409081936,3.277810812,-2.433737993,-30.253568649,-8.746135712,-0.361221880,-2.327643394,1.873866200,-17.136966705,-5.435521126,2.194018602,1.511201143,-2.501336336,-0.123222761,-0.684739172,0.252573252,-4.406287670,-3.501698256,-2.066787720,-2.247017622,-0.031912241,-0.319298983,-0.486317039
388,7760.035,1786880262212.677,15050030.612,0.000000000,3.808981419,-6.210469246,9.136011124,-28.255784988,-3.626777887,-1.152457952,6.718294144,2.864744902,-3.244117022,-29.001108170,-8.889437675,-0.320975065,-2.675697327,2.597788811,-17.668577194,-6.445897102,2.500580549,1.688724756,-3.204658747,-0.006859281,-0.786297560,0.295423269,-3.902576447,-3.290020466,-1.933027625,-2.045131683,-0.033494398,-0.263301849,-0.403238893
389,7780.030,1786880262232.672,15050050.607,0.000000000,4.504237175,-5.435396671,9.964054108,-26.585760117,-3.871078253,-1.146910071,5.757850170,2.895963907,-3.497599602,-29.347600937,-8.787827492,-0.270333558,-2.904026747,2.678011417,-17.159255981,-6.218091965,2.637428045,1.755468369,-2.695278645,-0.043795917,-0.778539538,0.325400293,-3.553120375,-3.263249397,-1.994717002,-1.776210308,0.008338978,-0.215939149,-0.403717756
390,7800.030,1786880262252.672,15050070.607,0.000000000,3.715868235,-5.300138474,10.370093346,-27.851421356,-4.306620598,-1.083922386,5.749351501,3.070584536,-3.282021523,-30.822353363,-9.189637184,-0.168984190,-3.594918728,3.139081240,-16.963058472,-6.087814808,2.797456980,1.766227484,-2.527640820,-0.070758246,-0.755160809,0.355426192,-3.806312561,-3.564949036,-2.189559698,-1.966322064,0.067020498,-0.252321631,-0.438157499
391,7820.030,1786880262272.672,15050090.607,0.000000000,3.118388414,-4.511239529,10.468469620,-28.906234741,-4.661567688,-0.994193256,5.644729614,1.892055511,-3.393037319,-29.757455826,-9.251150131,-0.160442144,-2.739756346,3.207437754,-16.902210236,-5.856424332,2.844458342,1.905485034,-2.580538273,0.082909435,-0.741800487,0.380909234,-4.489694595,-3.714777708,-2.365609646,-2.635573387,-0.008788273,-0.301752031,-0.530304253
392,7840.013,1786880262292.656,15050110.591,0.000000000,2.758886576,-3.840486765,10.377716064,-31.096029282,-5.093070030,-0.917608678,6.996855259,2.245074034,-3.991333723,-28.492406845,-9.225976944,-0.096959859,-3.100146294,2.978981495,-18.100669861,-6.557929039,2.721822977,2.153751135,-3.059357166,0.220997378,-0.697183549,0.401191741,-5.240704536,-3.794843435,-2.700688362,-3.179448605,-0.058012497,-0.330309093,-0.612187505
393,7860.029,1786880262312.671,15050130.606,0.000000000,2.054622412,-3.790670633,10.646716118,-33.619514465,-5.741591930,-0.939349592,7.474167347,2.471742630,-4.320969105,-28.681249619,-9.224926949,0.013700041,-3.095258474,2.398728609,-17.992959976,-5.703814030,2.481250286,1.927192092,-2.879440069,0.123268642,-0.663166106,0.414012760,-5.175526619,-3.978480339,-2.734284639,-3.195275784,0.087506510,-0.327969939,-0.644246936
394,7880.029,1786880262332.671,15050150.606,0.000000000,0.496582299,-4.526609421,10.488397598,-33.239372253,-5.786387444,-0.878264606,8.821257591,2.563677788,-3.934972525,-27.572162628,-8.976910591,0.067352898,-2.840739727,2.726994038,-17.228025436,-5.275718689,2.356342316,1.732315779,-2.553350449,-0.031656347,-0.677546144,0.447896719,-5.110767365,-3.895068169,-2.585086346,-2.953917503,0.175326198,-0.342353553,-0.663562596
395,7900.024,1786880262352.666,15050170.601,0.000000000,-0.571227491,-3.713305950,10.171979904,-33.421203613,-5.700154305,-0.822470248,11.603394508,2.441998959,-3.483433485,-23.868535995,-8.067236900,0.114002742,-2.247748137,2.766094923,-17.282785416,-4.832369804,2.468462467,1.545419097,-2.670642138,0.076958895,-0.770022213,0.479281723,-4.695216179,-3.895273447,-2.392570972,-2.616127968,0.066792421,-0.382732183,-0.608219326
396,7920.030,1786880262372.672,15050190.607,0.000000000,-1.506570697,-3.825939894,10.043750763,-32.558147430,-5.674378872,-0.822616518,12.206842422,2.613523483,-3.574575186,-22.270959854,-7.500465393,0.147098750,-1.919299126,2.794934750,-16.892011642,-4.681849957,2.536827803,1.723895788,-2.447940826,0.210741505,-0.774098039,0.498270065,-4.445176601,-3.673952579,-2.448928356,-2.386077642,0.041407768,-0.307272255,-0.579545677
397,7940.004,1786880262392.646,15050210.581,0.000000000,-3.202212095,-3.400437832,10.238709450,-33.493850708,-5.229814529,-0.752789497,13.462570190,3.000833273,-3.967845678,-21.086589813,-7.192614079,0.248705804,-1.095542073,2.687309742,-16.303869247,-5.022352219,2.639718294,1.911983371,-2.465122700,0.308591276,-0.785868108,0.512404382,-4.200057030,-3.104480267,-2.064444304,-2.093052626,0.016965652,-0.232995555,-0.506519437
398,7959.996,1786880262412.638,15050230.573,0.000000000,-3.528368950,-3.492860556,10.173751831,-32.293899536,-5.233640671,-0.689781904,13.274338722,2.439190149,-3.954208612,-21.045242310,-7.077652931,0.245600432,-1.042401314,2.717895985,-15.374793053,-4.976420403,2.424400806,1.842118144,-2.398677349,0.237919554,-0.782040656,0.487646431,-3.563328028,-2.756405115,-1.553504586,-1.491277099,-0.043735500,-0.230416164,-0.380893826
399,7979.995,1786880262432.637,15050250.572,0.000000000,-4.294784069,-5.343816280,10.663285255,-29.456987381,-4.687329769,-0.708826542,12.892008781,2.876967669,-1.882479548,-25.912450790,-8.206975937,0.200976655,-0.941968262,2.271743059,-14.329754829,-4.312290192,2.419779301,1.699037790,-2.053664207,0.028021725,-0.713026047,0.502402008,-3.536766529,-2.604134083,-1.443064094,-1.712530136,0.047752403,-0.334337384,-0.367918044
400,8000.139,1786880262452.781,15050270.716,0.000000000,-4.931549549,-7.770566940,11.147761345,-25.918365479,-3.992651701,-0.687968612,11.191565514,3.168668985,0.909520388,-34.434467316,-9.889635086,-0.003999687,-0.902207732,1.489653587,-13.880138397,-4.528715134,2.586354494,1.880509734,-2.123382807,-0.108139612,-0.648427427,0.492143393,-3.807815790,-2.654591799,-1.615830421,-2.170506954,0.051461622,-0.437240273,-0.419983417
401,8020.029,1786880262472.671,15050290.606,0.000000000,-5.727373600,-8.690689087,11.333229065,-24.447082520,-4.006864071,-0.430961609,11.351521492,2.752565145,3.683977842,-42.329856873,-11.611958504,-0.019495387,-0.518316686,1.271994114,-13.878209114,-4.017947197,2.479900599,1.520928264,-2.390820503,-0.080222949,-0.736148834,0.561346591,-4.051465988,-2.420685053,-1.528936386,-2.603687286,0.050213631,-0.484644383,-0.448975176
402,8040.037,1786880262492.679,15050310.614,0.000000000,-6.568836212,-8.281357765,11.184453964,-24.827417374,-3.759373188,-0.248762533,13.334770203,1.251049876,5.422981739,-44.600948334,-12.407634735,-0.121892139,-0.116169237,0.285905868,-14.933379173,-4.085511684,2.587245464,1.635817409,-2.538208485,-0.114743747,-0.798497021,0.561683178,-4.684208870,-2.522912502,-1.844148874,-3.160167217,0.009594657,-0.522145212,-0.476024568
403,8060.030,1786880262512.672,15050330.607,0.000000000,-7.040752411,-6.784596920,10.495622635,-25.126882553,-3.972275972,0.157805547,15.096857071,0.458794504,5.436608315,-42.232391357,-11.927450180,0.030105062,0.092858717,0.174146786,-15.883294106,-4.294247627,2.656642437,1.644655466,-2.382511139,-0.158732265,-0.788941085,0.594911158,-5.468791008,-2.742964268,-2.039325476,-3.497521162,0.120030642,-0.578893363,-0.575702786
404,8080.002,1786880262532.644,15050350.579,0.000000000,-7.020269871,-5.449387074,10.161029816,-26.438341141,-4.464688301,0.507340014,16.462072372,0.360597163,3.982109785,-37.042026520,-10.781326294,0.214403182,0.223479852,0.391202450,-17.017179489,-4.638644695,2.729790211,1.860069036,-2.629014492,-0.134556726,-0.810618162,0.628877461,-5.880081654,-3.032840729,-2.360595465,-3.673200846,0.131158158,-0.612353683,-0.644217312
405,8100.032,1786880262552.674,15050370.609,0.000000000,-7.817901611,-1.658024907,9.391008377,-30.463512421,-4.918937206,0.805336356,19.346612930,1.043623805,1.131250858,-23.857723236,-8.228674889,0.634469032,-0.113254361,2.050190926,-17.663034439,-4.501520634,2.207259655,1.656890154,-2.694268465,-0.077289261,-0.829209566,0.631323993,-6.129465103,-2.990841866,-2.437809944,-3.729176283,0.095309705,-0.628599644,-0.677753270
406,8120.143,1786880262572.785,15050390.720,0.000000000,-8.735308647,3.773765802,8.383401871,-36.691387177,-5.742460251,1.079214692,23.336856842,0.839809656,-2.105783939,-1.562225819,-3.350381374,0.882312536,-0.923549414,4.081417084,-18.522415161,-4.355058193,1.480105996,1.493341327,-3.091850519,-0.142286912,-0.879677296,0.603398502,-5.571784019,-2.651324987,-2.244658947,-3.592501163,0.128103688,-0.580906689,-0.678682446
407,8140.142,1786880262592.784,15050410.719,0.000000000,-11.397416115,16.207254410,2.287888288,-48.566684723,-7.100591660,1.662316918,31.997014999,-3.178222656,-1.806758881,24.066751480,1.197716475,1.097405434,-2.038189888,8.252976418,-19.070344925,-4.084157944,0.710978329,1.309693813,-3.216077566,-0.137284860,-0.853910029,0.452069074,-4.731972694,-2.615254402,-2.248302937,-3.187342644,0.235119954,-0.520262182,-0.717667580
408,8160.030,1786880262612.672,15050430.607,0.000000000,-11.882505417,20.052995682,-5.318526268,-54.133106232,-6.049681664,1.833488226,23.767610550,-8.062039375,8.191380501,8.301054955,0.525189459,0.006422276,-2.646491289,9.354091644,-16.991077423,-2.668281317,0.766294658,0.823837936,-2.384443760,-0.083990797,-0.894950032,0.303232640,-2.680771351,-2.826462984,-1.806139827,-1.982342124,0.202203646,-0.346262962,-0.579059184
409,8180.006,1786880262632.649,15050450.584,0.000000000,-0.258555800,13.964043617,-7.062266827,-43.443283081,-3.423175573,1.294611931,5.394803524,-8.333312988,8.061725616,-5.368469715,-0.481111109,-0.038379028,-2.337969780,6.996669292,-12.487454414,-2.861877918,1.702879429,1.099030972,-2.392711163,-0.012191828,-0.929856956,0.310148805,-2.156295300,-2.607782602,-1.483462691,-1.752717257,0.303065509,-0.217353284,-0.526386857
410,8200.014,1786880262652.656,15050470.591,0.000000000,11.074450493,3.173810959,-4.024479866,-9.948287010,-0.804151773,-0.065180704,-9.797204018,-4.612115383,3.875979185,-11.494727135,-0.715946913,0.114660673,-2.225826025,3.181682825,-6.830417156,-3.781829596,2.591954947,1.413818121,-2.240119457,-0.182127580,-0.925065696,0.284291416,-2.113921165,-2.695678949,-1.434903622,-1.158536553,0.457813650,-0.088949069,-0.525419891
411,8220.030,1786880262672.672,15050490.607,0.000000000,10.620498657,0.421768308,-2.483867168,2.679152489,9.933388710,0.821307480,-3.829927206,0.534550965,8.830844879,-52.759803772,-13.162573814,-1.193219900,-2.767626047,0.478113711,-5.273899078,-3.247711658,3.141858101,1.590306520,-1.267865539,-0.266880453,-0.618578970,0.268960029,-0.957072675,-2.625826359,-1.438584924,-0.623343706,0.341777444,0.049048897,-0.469644904
412,8240.074,1786880262692.717,15050510.652,0.000000000,-8.252017975,-4.759407043,0.240467519,-8.166577339,10.075498581,1.242399096,8.546895981,-2.828941345,26.211782455,-80.933784485,-12.239735603,-3.887033224,-0.499854445,-5.923517704,-8.175313950,-3.084876299,4.165271282,2.362169266,-1.497172117,-0.118843414,-0.447831035,0.412131041,-1.116828084,-1.973027349,-0.922550797,-1.436352015,0.235329598,-0.181626365,-0.380999953
413,8260.029,1786880262712.671,15050530.606,0.000000000,-21.393997192,-2.997113705,0.876977026,-15.763754845,4.142514706,1.441246390,18.844182968,-7.421205044,36.224510193,-96.687301636,-15.573018074,-5.768317699,3.127636194,-10.217900276,-11.336245537,-3.666633844,4.919619560,3.281321049,-2.172699213,-0.259957403,-0.518190384,0.666032791,-3.168738604,-1.960372210,-1.047283649,-3.280900240,0.041808054,-0.514836490,-0.385274202
414,8280.004,1786880262732.646,15050550.581,0.000000000,-29.193933487,-0.212685853,0.063517198,-10.869106293,-1.090196133,0.352147996,29.464920044,-10.963344574,42.822227478,-96.615486145,-17.577697754,-6.387965202,4.134106636,-9.015274048,-13.915188789,-4.063754559,4.780061722,3.588496923,-2.389674664,-0.561219037,-0.617331564,0.770126343,-5.515079498,-2.032144308,-1.692540169,-4.355391979,-0.064634189,-0.683228314,-0.518830180
415,8299.999,1786880262752.642,15050570.577,0.000000000,-28.418201447,2.090297222,-1.105403066,-5.009613514,-1.125589967,0.092366003,31.943723679,-14.586955070,46.383491516,-84.986671448,-17.173032761,-5.682802200,4.440421581,-5.471965313,-14.428465843,-3.923901796,4.050858498,3.206326008,-2.062018156,-0.669346869,-0.700102866,0.913899302,-7.252270699,-1.997242332,-2.124154329,-4.535042763,0.028249966,-0.797517657,-0.725053906
416,8320.029,1786880262772.672,15050590.607,0.000000000,-21.446403503,4.076888561,0.426578045,-16.894090652,-4.451500893,1.668364763,25.977128983,-15.571786880,40.207420349,-71.600212097,-14.862057686,-4.641193390,3.658285856,-2.769556761,-15.193813324,-3.480939627,3.013638258,2.413600922,-2.391197681,-0.582234561,-0.792060554,0.882408261,-7.982873440,-1.770272970,-2.290804625,-4.768344402,0.271953076,-0.812267900,-0.877039909
417,8340.030,1786880262792.672,15050610.607,0.000000000,-12.965748787,-0.215674579,2.195233583,-11.705089569,-2.268452644,0.131262347,17.785364151,-9.363541603,26.873624802,-65.139015198,-14.471459389,-3.514431238,0.673253655,-0.220762938,-16.996835709,-4.658017159,1.826774716,1.610043526,-3.604805470,-0.043152038,-1.126132011,0.774156272,-7.753044605,-2.270442486,-2.922580004,-4.913834572,0.301686198,-0.624487817,-0.897239625
418,8360.019,1786880262812.661,15050630.596,0.000000000,-3.009503365,-3.582525253,6.161370754,-19.687974930,-5.608010292,1.660785317,10.060609818,-3.683246613,16.175010681,-58.061565399,-12.981914520,-2.881274700,-1.047214866,1.361274004,-18.039134979,-5.828462124,1.286561728,1.194652557,-4.962334156,-0.058486536,-1.520907044,0.713340878,-7.562053680,-1.956618190,-3.055351257,-4.858852386,0.351035357,-0.450201660,-0.902021885
419,8380.002,1786880262832.644,15050650.579,0.000000000,7.175539970,-3.560962439,8.833335876,-30.502094269,-8.816198349,3.859732866,1.958135605,1.156257510,2.905450344,-46.724342346,-10.330514908,-2.074428320,-2.635385513,3.945979834,-18.594133377,-6.767242432,1.039765716,0.966512144,-6.013885021,0.167124197,-1.829736590,0.633532047,-6.610433102,-1.488571525,-2.689041853,-4.711750031,0.267258555,-0.384538531,-0.868217409
420,8399.996,1786880262852.639,15050670.574,0.000000000,15.412531853,-3.477672577,11.356872559,-31.225807190,-10.060798645,5.327146530,-3.367038965,3.525511026,-7.634013176,-32.713401794,-7.343570709,-1.843957305,-3.822457075,5.990579128,-18.421089172,-6.341728210,0.660568357,0.812732160,-5.796660423,0.293776035,-1.981115341,0.512362540,-5.760694504,-1.331482053,-2.454757690,-4.416975975,0.287422329,-0.490249723,-0.774643779
421,8420.028,1786880262872.671,15050690.606,0.000000000,19.684278488,-4.343418598,12.303069115,-27.355789185,-9.740447044,5.336320877,-7.414355755,4.834743023,-13.829164505,-22.542772293,-4.290433884,-1.620020390,-2.901516438,6.484018326,-16.529640198,-4.214995384,0.262425900,0.574697375,-4.084021091,0.231888160,-1.665664911,0.346222818,-4.554182053,-1.403918505,-1.947469950,-3.643068790,0.110430874,-0.554912090,-0.703179002
422,8440.029,1786880262892.671,15050710.606,0.000000000,21.864807129,-5.897080421,12.163181305,-24.780525208,-9.104495049,5.237092018,-9.907939911,7.292658806,-16.997606277,-18.695569992,-1.759274721,-1.340337753,-2.423933983,6.342602253,-14.687038422,-2.641866207,0.234267652,0.400198221,-2.882698059,0.169290721,-1.186919212,0.238586128,-3.236166716,-1.593144894,-1.867315054,-2.766920328,0.120134272,-0.413753301,-0.578592598
423,8460.029,1786880262912.671,15050730.606,0.000000000,22.168920517,-7.332557678,12.331540108,-21.895858765,-8.611913681,4.928987026,-11.854125023,7.423334599,-17.841850281,-18.610473633,-0.974588037,-1.218277812,-2.603699923,5.519085884,-12.493026733,-1.545557857,0.657889903,0.462063313,-1.716213942,0.110706516,-0.804115236,0.217245340,-1.863596678,-1.978302479,-1.910762429,-1.976348519,0.079059027,-0.274522364,-0.491430104
424,8480.002,1786880262932.645,15050750.580,0.000000000,22.307378769,-8.343963623,12.340694427,-20.746530533,-7.922194004,4.379686832,-15.001420975,7.876987457,-17.421661377,-24.700399399,-0.707966745,-1.714138985,-2.804610491,4.766271591,-10.194000244,-1.052112460,1.232661963,0.337688833,-1.749420524,0.051010568,-0.728527963,0.182487801,-1.043178916,-2.023847580,-1.652763128,-1.675158381,0.086017765,-0.255386621,-0.377858371
425,8500.029,1786880262952.671,15050770.606,0.000000000,20.912580490,-9.043988228,12.776244164,-19.229436874,-7.545238495,4.009366989,-15.739409447,7.376603603,-14.297980309,-33.532188416,-1.501197219,-2.777561665,-3.517088413,3.808963776,-9.198903084,-1.379910111,1.486647487,0.493939757,-1.862930775,-0.021851784,-0.784997404,0.211459413,-0.733061731,-1.975838661,-1.487623692,-1.796147227,0.067054383,-0.245552525,-0.323031634
426,8520.029,1786880262972.671,15050790.606,0.000000000,16.590124130,-9.745130539,12.286770821,-19.364612579,-5.906974316,3.756293535,-13.231024742,7.081912994,-8.552612305,-40.157047272,-2.200221539,-3.664665461,-3.336908579,3.286467075,-8.421212196,-1.635822415,1.430130005,0.720007360,-2.064204454,-0.084009670,-0.875198603,0.203964248,-1.087707400,-1.654570818,-1.335717320,-2.257034540,0.190474451,-0.344908386,-0.343864739
427,8540.029,1786880262992.672,15050810.607,0.000000000,11.548932076,-9.656247139,11.837945938,-19.738651276,-5.541861057,3.494275808,-8.917170525,6.148558617,-3.191746712,-44.394485474,-4.098075390,-4.633622646,-2.651184559,3.727902412,-8.794840813,-1.478743672,1.633870840,0.932256758,-2.013956547,-0.175935209,-0.903633416,0.164741039,-1.430008411,-1.726397276,-1.277871847,-2.624828100,0.106509201,-0.464125663,-0.372907758
428,8560.019,1786880263012.661,15050830.596,0.000000000,7.046049595,-8.848573685,11.670190811,-20.510980606,-5.823726177,3.302359343,-3.921057940,4.542284012,0.630602717,-45.035747528,-6.050816059,-5.306693077,-2.103667498,4.248147964,-9.935000420,-1.425993323,1.689976335,0.980374694,-2.385587931,-0.094428979,-0.929873168,0.167259723,-2.098362923,-1.459242821,-1.196505070,-3.027342081,-0.010663593,-0.577726543,-0.385299653
429,8580.001,1786880263032.643,15050850.578,0.000000000,2.728816032,-7.695808411,11.833845139,-21.588836670,-6.369453907,3.221412182,1.263442993,2.090335608,2.329730272,-43.285266876,-7.605726242,-5.620678425,-1.596187115,3.779757023,-10.706624031,-1.177348971,1.775828838,1.124437571,-2.446039677,-0.106894746,-0.943210900,0.203776911,-2.553921938,-1.568376780,-1.352827430,-3.160384655,0.032075938,-0.625031769,-0.435812056
430,8599.998,1786880263052.640,15050870.575,0.000000000,-0.593356013,-6.914365292,11.798049927,-22.619260788,-7.099063873,3.187215328,5.053452492,2.607329130,2.792381287,-42.702125549,-8.407791138,-4.940974236,-0.485030979,3.816001177,-11.146085739,-1.152137995,1.807939410,1.357271910,-2.254199982,-0.176709220,-0.944443941,0.274559766,-3.250288963,-1.505299926,-1.547796726,-3.329576731,0.055860687,-0.599083662,-0.498816699
431,8620.028,1786880263072.670,15050890.605,0.000000000,-1.710546613,-6.209363937,12.177348137,-25.644777298,-7.946429253,3.448324203,7.181775570,2.558065176,1.644487977,-39.219902039,-8.387358665,-3.976670027,0.436776072,3.585798025,-11.827075005,-1.148507237,1.807096839,1.444473982,-2.399334669,-0.180077508,-0.971012473,0.356351733,-3.852175951,-1.450443625,-1.621658087,-3.463978529,0.210030183,-0.572055459,-0.548263669
432,8640.030,1786880263092.672,15050910.607,0.000000000,-1.001504064,-5.536387444,12.108536720,-28.221529007,-8.631103516,3.713086128,7.961649895,2.908975840,-1.357867599,-32.151138306,-7.678249359,-3.368851900,0.798436999,3.677156210,-12.541252136,-1.354819536,1.561322093,1.353423357,-2.657720566,-0.117152192,-1.006519437,0.351689488,-4.232954502,-1.325237513,-1.624532819,-3.456398487,0.219124690,-0.546149373,-0.567981720
433,8660.029,1786880263112.672,15050930.607,0.000000000,-0.001619283,-4.570174217,12.061293602,-30.916507721,-9.324049950,3.971997738,9.245934486,3.754233360,-4.539496899,-25.128692627,-6.152659893,-2.949213505,0.566669941,4.014348030,-13.638714790,-1.623456001,1.146373987,1.213609934,-2.998894453,-0.103939489,-1.101996541,0.286301911,-4.275369167,-1.138813853,-1.564628839,-3.452386379,0.232331440,-0.525604904,-0.567955911
434,8680.028,1786880263132.671,15050950.605,0.000000000,1.109233618,-3.868051052,11.448803902,-31.407814026,-9.663085938,3.888768673,9.094729424,5.019649029,-6.679316521,-19.343420029,-4.930256367,-2.748692036,0.184762806,4.518202782,-13.824230194,-1.715477586,0.622370720,0.945825934,-3.105169058,-0.094187111,-1.185808897,0.265066057,-3.937197447,-1.079761386,-1.432676435,-3.213057995,0.355998665,-0.529708028,-0.586024106
435,8699.997,1786880263152.639,15050970.574,0.000000000,3.953085423,-4.607511997,10.932952881,-29.259677887,-9.356209755,3.625875711,5.206250668,6.055791378,-7.458587646,-19.640956879,-4.532616138,-2.863924503,-0.268324524,4.385505199,-12.797940254,-1.756146073,0.388059199,0.723938107,-2.802798033,-0.065037221,-1.115839124,0.216366529,-3.769773960,-1.153727055,-1.458362103,-3.093321085,0.478950739,-0.506441176,-0.563470364
436,8720.029,1786880263172.671,15050990.606,0.000000000,6.602393627,-7.327699661,11.714636803,-24.509105682,-8.406494141,3.257350922,-0.243268356,6.850346565,-6.326206684,-29.730350494,-5.260063171,-3.668385983,-0.723399043,3.675330162,-11.252347946,-1.825771451,0.526676953,0.617773950,-2.490771055,-0.056514505,-1.105776906,0.188755944,-3.373119116,-1.200602889,-1.402316570,-2.882163048,0.552568734,-0.463695437,-0.534906447
437,8740.007,1786880263192.649,15051010.584,0.000000000,9.488850594,-8.768836021,12.483986855,-19.140140533,-7.220651627,2.803826571,-5.654088974,6.611937523,-2.843148708,-41.620967865,-6.396067619,-4.500119686,-2.301713705,3.021820545,-9.804372787,-2.086920500,0.399427950,0.335583091,-2.780769587,0.187712222,-1.165401578,0.102798827,-2.758932590,-0.851482689,-1.318565965,-3.021462917,0.580330729,-0.520023584,-0.530772269
438,8760.050,1786880263212.692,15051030.627,0.000000000,9.194835663,-9.176289558,11.688120842,-16.234992981,-6.325454235,2.605453014,-6.467537880,5.417764664,1.375564456,-46.709613800,-5.750977039,-5.254486561,-3.197526455,2.989419222,-9.074513435,-2.092187166,0.590125084,0.344936401,-2.929897070,0.191363096,-1.193779945,0.084976695,-2.207138062,-0.628431678,-1.171971798,-3.307049036,0.602326095,-0.604740202,-0.545590758
439,8780.029,1786880263232.671,15051050.606,0.000000000,7.091112614,-7.814034462,10.837406158,-14.936463356,-5.617454052,2.594694853,-4.600959301,3.212463617,4.180465698,-47.495258331,-5.093584538,-5.710147858,-3.149153709,2.590127230,-8.972175598,-1.982452154,0.936227024,0.477814704,-2.978444815,0.134825677,-1.202684164,0.092366301,-1.922529221,-0.683862507,-1.070404053,-3.369470358,0.551270843,-0.663712323,-0.522808731
440,8799.996,1786880263252.638,15051070.573,0.000000000,5.227821350,-6.880211830,10.536643982,-15.386389732,-5.701396942,2.622512341,-1.642270684,1.327832460,5.294232368,-47.412372589,-5.590308666,-5.889247417,-2.624868393,1.953676820,-9.526984215,-1.682044506,1.110797167,0.687849760,-2.895119667,-0.007380808,-1.170753360,0.160503417,-1.762069821,-0.915797889,-1.119619250,-3.352615833,0.432188332,-0.658162177,-0.484969705
441,8820.032,1786880263272.674,15051090.609,0.000000000,3.361396790,-6.780147076,10.774046898,-16.564830780,-5.687172890,2.763527632,0.687604785,1.295503378,5.471668720,-46.822776794,-5.918664932,-6.032498837,-1.774322629,1.635500789,-10.071114540,-1.517566204,1.165151238,0.802641094,-2.757089376,-0.128355280,-1.147086501,0.222277790,-2.127474546,-1.001517177,-1.206765294,-3.431864977,0.405869156,-0.635262251,-0.491599143
442,8840.036,1786880263292.678,15051110.613,0.000000000,1.598339677,-7.157287598,11.589588165,-18.461984634,-6.116657734,2.943310499,2.880055428,1.717735052,4.569043159,-45.795570374,-6.369026661,-5.907074451,-1.067509770,1.561697483,-10.414054871,-1.495951056,1.212333202,0.877292633,-2.730657339,-0.100497447,-1.124822855,0.232441649,-2.503708839,-1.123790145,-1.236059785,-3.355202436,0.347166181,-0.614342988,-0.476356179
443,8860.075,1786880263312.718,15051130.653,0.000000000,0.382381648,-7.150389194,12.352709770,-21.812215805,-6.877511501,3.187841892,4.950355530,2.342722178,2.052364588,-43.447475433,-6.465262890,-5.522454739,-0.942597866,2.141092300,-10.977188110,-1.686089277,1.153365850,0.974327326,-2.972540379,-0.102536753,-1.178058743,0.238440275,-2.526370049,-1.006143570,-1.094089508,-3.194711208,0.329079270,-0.575877428,-0.439883351
444,8880.043,1786880263332.685,15051150.620,0.000000000,0.121025614,-6.923792839,12.838119507,-24.709110260,-7.558721542,3.535443068,6.465008259,3.173382521,-1.155134082,-36.058963776,-5.589023590,-4.974619865,-0.473882049,2.839336395,-11.272061348,-1.485093951,0.902860522,0.974224687,-3.069726229,-0.088165164,-1.211513638,0.224063173,-2.815555811,-0.953051090,-1.076369524,-3.265101910,0.328841627,-0.555920184,-0.430089921
445,8900.002,1786880263352.644,15051170.579,0.000000000,0.072270490,-4.838665009,12.603535652,-27.336233139,-8.319820404,3.941688776,8.405276299,3.661587715,-4.395339012,-23.444299698,-4.168766499,-3.878469467,-0.116232939,3.910878897,-11.604619980,-0.871202111,0.470113873,0.794882476,-2.845458984,-0.093325146,-1.179307699,0.170107320,-3.150664806,-0.890876174,-1.181874633,-3.410558224,0.378031760,-0.566316724,-0.500221670
446,8920.042,1786880263372.684,15051190.619,0.000000000,-0.389638126,-1.610531569,10.517604828,-30.830837250,-9.162746429,4.458922863,10.744256973,2.552155256,-6.876891136,-8.052522659,-1.828129530,-2.231252193,-0.066109858,5.814055920,-11.806114197,-0.467776924,-0.064196780,0.537521899,-2.510944366,-0.057689238,-1.065943122,0.060153741,-3.245858431,-0.833240688,-1.210800171,-3.328575134,0.541063368,-0.554626763,-0.568977654
447,8940.031,1786880263392.673,15051210.608,0.000000000,-0.868153512,1.728616595,6.419352055,-33.761108398,-9.799064636,4.084404469,12.274411201,3.158830166,-5.685395241,1.089429379,-0.528245330,-0.857288659,-0.165942580,8.027441978,-11.708593369,-0.119127855,-0.474171668,0.338251501,-2.119424820,0.004149717,-0.909393132,0.032725338,-3.122605562,-0.801930726,-1.179169893,-3.024608374,0.641088009,-0.547252297,-0.596577108
448,8960.031,1786880263412.673,15051230.608,0.000000000,0.197109953,0.248755857,3.802351952,-32.717792511,-9.868352890,4.617493629,9.230984688,3.038826942,-2.824147463,-0.724933386,0.407852650,-1.105044961,-0.625612020,8.521961212,-10.434801102,-0.150326267,-0.378448814,0.256769717,-1.822710752,0.088219985,-0.865385234,0.042058669,-2.770067930,-0.827038527,-1.103925347,-2.613474131,0.626180232,-0.542258620,-0.577559888
449,8980.029,1786880263432.671,15051250.606,0.000000000,6.512603283,-6.915961266,6.346009254,-21.748106003,-6.318688869,3.287613869,-1.857915044,3.642321825,-1.318335056,-28.219314575,-1.179819345,-3.978857279,0.189648390,5.178912163,-7.997046947,-0.291743249,0.432501048,0.328372180,-1.592275739,0.161382139,-0.842850864,0.091205321,-2.681455374,-1.048643351,-1.315869212,-2.409556389,0.531377077,-0.481134653,-0.611024857
450,9000.005,1786880263452.648,15051270.583,0.000000000,6.234662533,-12.029713631,8.288816452,-10.869485855,-3.139399767,2.893922329,-6.296212673,4.480146408,9.018356323,-56.597011566,-0.393897474,-7.516228676,-0.898878098,1.593708277,-6.452495575,-0.842435777,1.648144245,0.564362288,-1.982551932,0.292803407,-0.926621437,0.194550857,-2.230985880,-1.078889012,-1.225560665,-2.383451462,0.482990831,-0.462894589,-0.615398467
451,9020.034,1786880263472.676,15051290.611,0.000000000,0.212033764,-12.164796829,7.993877411,-7.964150429,0.127673417,2.156879187,-0.512650251,0.755261838,17.972490311,-65.922843933,1.116388559,-9.491711617,-1.755734801,-0.530548096,-7.075809479,-0.960466683,2.554698229,1.032802105,-2.364990711,0.281445891,-1.040369153,0.288230836,-1.607468963,-0.897424340,-1.010097027,-2.725097895,0.460425973,-0.548577487,-0.623323977
452,9040.031,1786880263492.673,15051310.608,0.000000000,-4.995829582,-10.506394386,6.803864956,-5.892138958,2.456536531,1.633748293,6.527757168,-3.162871122,24.075151443,-66.997406006,2.247952223,-8.886655807,-1.312403560,-1.618002176,-8.240363121,-0.939622581,2.871687412,1.365417480,-2.604954243,0.180773959,-1.147163510,0.517819226,-1.428246021,-0.783761382,-0.840090573,-2.937374353,0.313936323,-0.657635331,-0.667025626
453,9060.030,1786880263512.673,15051330.608,0.000000000,-8.507206917,-9.203423500,5.648866653,-5.124727726,3.419819117,1.253251433,10.929997444,-5.445780754,27.584074020,-63.871604919,2.238393545,-7.816344738,-0.713709474,-1.683655620,-8.880315781,-0.935787916,2.749481440,1.589215994,-2.695165157,0.120540701,-1.200987935,0.634005725,-1.791297317,-0.690343201,-0.890260696,-3.066703320,0.171665162,-0.734281838,-0.658252895
454,9080.030,1786880263532.672,15051350.608,0.000000000,-9.830446243,-8.023481369,5.192890644,-6.380580425,3.124790430,1.097128749,12.479221344,-6.160517216,27.474798203,-58.784927368,2.087973118,-7.073998928,-0.097383961,-0.572566748,-8.730097771,-0.928126276,2.424342871,1.686347485,-2.600979090,-0.033030599,-1.191733122,0.620968044,-2.327776194,-0.685165048,-1.016643405,-3.233074665,0.173862964,-0.739765823,-0.707408190
455,9100.001,1786880263552.643,15051370.578,0.000000000,-10.133580208,-7.376183510,5.941852570,-6.237395287,3.818525076,0.868022263,12.834553719,-6.018068314,25.521392822,-53.518238068,2.237184048,-6.603722572,-0.130441248,0.117368266,-8.435195923,-1.069932342,1.963766456,1.522209287,-2.689338923,-0.022853950,-1.173122168,0.548722506,-2.761532307,-0.588220596,-1.029762387,-3.094410181,0.199353799,-0.715909958,-0.743642688
456,9120.030,1786880263572.672,15051390.608,0.000000000,-9.408029556,-8.773315430,7.435197353,-10.141891479,5.013886452,1.456693053,12.948979378,-5.057408333,20.984905243,-51.079330444,1.914655805,-6.313511848,0.332998455,0.680679321,-9.403310776,-1.134641409,1.675904155,1.242191076,-3.204632998,0.005294395,-1.250549793,0.507310212,-2.853343725,-0.520972550,-0.604221046,-3.014484644,0.222337663,-0.696238577,-0.670291841
457,9140.030,1786880263592.672,15051410.607,0.000000000,-3.404351234,-10.041075706,8.362508774,-10.584516525,7.610053539,1.911265492,9.320726395,-1.510865092,15.655203819,-46.944850922,1.378994942,-6.094076157,0.124805138,1.505806088,-10.937020302,-1.295045614,1.146608353,0.932479024,-3.616541862,0.087702774,-1.423443437,0.458967060,-2.886226892,-0.434576273,-0.512985170,-3.111060858,0.130799040,-0.674408913,-0.572695553
458,9160.045,1786880263612.688,15051430.622,0.000000000,4.939858437,-10.297012329,9.094864845,-9.708914757,9.891910553,2.616540909,3.635070086,2.136788130,8.898812294,-41.997974396,0.805991352,-5.834140778,-0.201988876,2.750907660,-12.550231934,-1.328326941,0.519950271,0.596043468,-3.737680674,0.134666771,-1.540812373,0.323394239,-2.856355190,-0.347664565,-0.561592162,-3.256150723,0.187335879,-0.663181961,-0.588941693
459,9180.031,1786880263632.673,15051450.608,0.000000000,12.633653641,-10.565409660,9.795800209,-7.662515640,10.817205429,3.062109232,-1.752915978,3.617451668,2.787810087,-37.517440796,0.667029500,-5.605301857,-0.554445088,3.927296400,-13.626343727,-1.099830985,0.031416580,0.274702519,-3.564064980,0.155503243,-1.498722553,0.248371050,-2.723889828,-0.256658345,-0.666471958,-3.342392206,0.232736528,-0.684909463,-0.628115952
460,9200.003,1786880263652.645,15051470.580,0.000000000,17.998998642,-10.885620117,10.356727600,-4.855832577,10.499874115,3.128513575,-5.601511002,3.771382093,-1.330378413,-35.051334381,0.957725465,-5.005008221,-0.778836250,4.618522644,-13.926851273,-0.830041647,-0.159838632,-0.044099335,-3.125691891,0.173369899,-1.340829611,0.214358002,-2.474142551,-0.261390299,-0.766103208,-3.236502647,0.248067170,-0.671467066,-0.609516501
461,9220.030,1786880263672.672,15051490.607,0.000000000,21.390020370,-11.160718918,10.273064613,-1.880369067,9.865551949,2.951880693,-8.832987785,3.739264727,-3.285352945,-33.338321686,1.593384504,-4.466723442,-1.174854755,4.951784611,-13.311948776,-0.556981206,-0.082172081,-0.260724843,-2.615047693,0.266125619,-1.120581150,0.166985482,-2.211158276,-0.321275920,-0.850244284,-2.987698793,0.236461580,-0.661293447,-0.596516967
462,9240.029,1786880263692.671,15051510.606,0.000000000,23.857275009,-11.301290512,9.757040977,1.019357920,9.233909607,2.637072325,-10.672472000,3.100521803,-3.829316139,-32.190502167,2.038914680,-4.078391075,-1.232080579,4.944736481,-12.545828819,-0.123140134,0.004750723,-0.199531317,-2.035534859,0.344113618,-0.881731868,0.125888661,-2.004533052,-0.468736410,-1.119286537,-2.830148458,0.196660221,-0.650962055,-0.617083788
463,9260.028,1786880263712.670,15051530.605,0.000000000,24.668901443,-11.830546379,9.389986038,2.743260384,8.219537735,2.372674704,-12.521688461,2.692829847,-2.927362919,-34.035350800,2.059890509,-4.225287914,-1.841285706,4.562020779,-11.675745010,-0.265298277,0.188008755,-0.189071625,-1.812904835,0.414815575,-0.771751821,0.071543880,-1.544784188,-0.504416764,-1.166445136,-2.488069296,0.187549427,-0.667259693,-0.629382133
464,9280.028,1786880263732.670,15051550.605,0.000000000,23.015033722,-12.090086937,9.178666115,2.173936129,7.205612183,2.293405533,-12.506274223,2.420368671,-1.553403616,-37.311992645,1.635728240,-4.634958267,-1.748056769,3.941445351,-10.776842117,-0.219525844,0.519267619,-0.012424874,-1.759855986,0.348198920,-0.730585754,0.102820843,-1.244659424,-0.512165844,-1.071074605,-2.365772486,0.168548927,-0.661074042,-0.617739439
465,9300.002,1786880263752.645,15051570.579,0.000000000,20.034194946,-12.101140976,9.052314758,0.546606064,6.014678955,2.304078817,-11.427069664,2.325800180,0.199979708,-40.694885254,0.917102396,-5.113069534,-1.394069076,3.321691275,-10.099891663,-0.220901340,0.800491452,0.223314628,-1.699895263,0.291589558,-0.810584843,0.103406496,-1.144350648,-0.546991706,-0.941709161,-2.387597799,0.153518662,-0.653347731,-0.604259610
466,9320.029,1786880263772.672,15051590.607,0.000000000,16.712072372,-11.938850403,9.045023918,-1.720334291,4.677267075,2.304553509,-9.837453842,2.113235950,1.827561498,-43.120594025,0.035685532,-5.493010521,-0.969970167,2.866264820,-9.726035118,-0.258873343,1.051526308,0.447465867,-1.690536618,0.252959698,-0.852696836,0.101244882,-1.204138637,-0.593669176,-0.832511067,-2.517602921,0.146559209,-0.653032422,-0.608482659
467,9340.031,1786880263792.674,15051610.609,0.000000000,13.910908699,-11.599622726,9.171410561,-4.338593483,3.386144876,2.396612406,-8.243813515,1.931387901,2.849343777,-44.394149780,-0.753102660,-5.651463509,-0.687716484,2.664976358,-9.674190521,-0.345412880,1.202619076,0.617197514,-1.769375801,0.223630428,-0.876139522,0.141109347,-1.431293249,-0.630748272,-0.784465671,-2.697564363,0.156003803,-0.676932096,-0.608953536
468,9360.084,1786880263812.726,15051630.661,0.000000000,12.202589035,-11.211549759,9.384638786,-6.841003895,2.213656187,2.558245659,-6.792964458,1.925030112,2.957918406,-44.466579437,-1.231776476,-5.637560844,-0.547042608,2.725171566,-9.856643677,-0.455723405,1.236026168,0.702976882,-1.932469368,0.205653936,-0.911187649,0.181364357,-1.733508110,-0.663172126,-0.785136819,-2.877670288,0.174962565,-0.694281399,-0.611267686
469,9380.012,1786880263832.655,15051650.590,0.000000000,9.847404480,-10.806975365,9.852820396,-11.030921936,1.154789567,2.928608894,-4.574943542,1.979929447,1.590877056,-44.930431366,-1.309513330,-5.544134140,0.411403805,2.838396788,-10.287241936,-0.344203472,1.273250699,0.747911453,-2.268513680,0.146141872,-0.952100813,0.213606820,-2.150108576,-0.633999884,-0.621623516,-3.092897177,0.182224303,-0.709710777,-0.591336966
470,9399.995,1786880263852.638,15051670.573,0.000000000,10.096282959,-10.310317993,10.690442085,-14.641329765,-0.419162184,3.312215567,-3.939048529,2.819095850,-0.347055554,-42.814731598,-1.474873185,-5.284543991,0.171390519,3.549240828,-11.075126648,-0.449482650,1.157992005,0.592580438,-2.599300623,0.173358768,-1.000402331,0.251356363,-2.262337685,-0.594519675,-0.631626368,-3.351295948,0.270007253,-0.748530209,-0.545746326
471,9420.009,1786880263872.651,15051690.586,0.000000000,11.347057343,-9.839941978,11.184293747,-17.024219513,-1.639155269,3.763553619,-3.825694084,3.583790302,-2.890077829,-38.732818604,-1.002985239,-4.883201122,-0.284976333,4.278517723,-11.895067215,-0.540752947,0.915967166,0.421884835,-2.836625099,0.222059906,-1.030048251,0.263476372,-2.371119022,-0.552661061,-0.804884017,-3.577087402,0.298101425,-0.768636107,-0.477894336
472,9440.088,1786880263892.730,15051710.665,0.000000000,12.892282486,-8.994021416,11.533526421,-18.937604904,-2.595425129,4.164911270,-3.711913824,3.978473902,-5.754797935,-33.462654114,-0.078416482,-4.314843655,-0.642700553,4.970942497,-12.561077118,-0.599193275,0.643171787,0.230453253,-2.995778799,0.270979553,-1.035376906,0.260866433,-2.405640125,-0.570076108,-0.965847790,-3.657151461,0.337035537,-0.764068425,-0.493808329
473,9460.023,1786880263912.666,15051730.600,0.000000000,14.177260399,-7.781509876,11.708971024,-20.471115112,-3.361742258,4.477994919,-3.416616678,4.165688992,-8.182178497,-28.225044250,1.046816111,-3.609254837,-0.853373110,5.462944031,-12.926332474,-0.618024766,0.358101666,0.082049236,-3.000782490,0.319000363,-1.041335344,0.215994358,-2.352474451,-0.634591281,-1.065143108,-3.579280376,0.393521219,-0.729532540,-0.526154578
474,9480.035,1786880263932.677,15051750.613,0.000000000,16.194988251,-6.555951118,11.136927605,-19.600223541,-3.257341385,4.337040901,-4.285304546,3.792799234,-9.793303490,-23.219007492,2.362299919,-2.984044552,-1.080037236,5.793877125,-12.935448647,-0.426795214,0.028478950,0.025645729,-2.688767433,0.335719705,-0.947972715,0.098616146,-2.340963840,-0.740307689,-1.436724305,-3.490370750,0.414373308,-0.683917403,-0.556989193
475,9500.002,1786880263952.644,15051770.579,0.000000000,18.184011459,-6.331632614,10.736691475,-17.378557205,-3.110998392,4.003105640,-6.788242340,3.429998159,-10.125825882,-23.754377365,3.254334450,-2.875037432,-1.920740247,5.602089882,-12.410209656,-0.753080010,-0.090413854,-0.087332360,-2.554049730,0.398134351,-0.864152968,-0.016911689,-1.955274343,-0.789590895,-1.558643699,-3.123218536,0.457407355,-0.611346662,-0.540991306
476,9520.019,1786880263972.661,15051790.596,0.000000000,19.207084656,-7.646269798,10.621090889,-14.875876427,-2.535919666,3.671818495,-9.463096619,3.491213799,-9.317186356,-29.053630829,3.813222647,-3.350036383,-1.985019565,4.867972374,-11.470571518,-0.876072943,0.073472120,-0.043965414,-2.430048227,0.399948418,-0.880420208,-0.027566029,-1.562875390,-0.865814805,-1.478417754,-2.897340775,0.494564265,-0.543728352,-0.491684943
477,9540.040,1786880263992.682,15051810.617,0.000000000,19.381256104,-9.337113380,10.470554352,-12.214242935,-1.602470040,3.281096458,-11.408876419,3.846239567,-7.132036686,-35.006439209,4.169266701,-4.040645599,-1.917872071,4.072704792,-10.584313393,-0.892963350,0.394367933,0.081334800,-2.328454733,0.364516884,-0.880173564,-0.028145758,-1.260826230,-0.898475587,-1.318052530,-2.792222023,0.486676276,-0.533714950,-0.445721388
478,9560.021,1786880264012.663,15051830.598,0.000000000,18.617301941,-10.075278282,9.985105515,-10.428677559,-0.685575008,2.998970509,-11.515508652,3.553828239,-4.547780514,-37.800750732,3.970286846,-4.420255184,-2.021036386,3.400164366,-9.887956619,-0.893249393,0.660140097,0.209038764,-2.309669018,0.339278668,-0.873595357,0.015060927,-1.086889744,-0.903366864,-1.180629134,-2.710713863,0.461896241,-0.569481075,-0.402771533
479,9580.004,1786880264032.646,15051850.581,0.000000000,17.260007858,-9.961365700,9.417273521,-9.775253296,0.140163451,2.853682756,-10.519234657,2.919216633,-2.396749020,-39.121898651,3.620859146,-4.610729218,-1.736837506,3.140572786,-9.696736336,-0.807149053,0.849290073,0.366687149,-2.265681267,0.276358068,-0.854535997,0.067020766,-1.064883828,-0.851426780,-1.117214441,-2.792892456,0.427740276,-0.626656711,-0.398987621
480,9599.996,1786880264052.639,15051870.574,0.000000000,15.984232903,-9.586301804,8.892360687,-9.761925697,0.746377826,2.815819025,-9.198764801,2.125901699,-1.129704595,-39.169601440,3.152573109,-4.703381062,-1.431060910,3.096128225,-9.790590286,-0.708497643,0.913306415,0.475560635,-2.236637831,0.212869301,-0.843492270,0.117515855,-1.190830588,-0.801123023,-1.105156898,-2.898334026,0.402560085,-0.675070107,-0.413198650
481,9620.032,1786880264072.675,15051890.610,0.000000000,15.008559227,-9.327287674,8.691383362,-10.352926254,1.195707440,2.839089394,-8.352797508,1.741695285,-0.591019034,-39.271774292,2.899288654,-4.736333370,-0.936906874,3.296757698,-10.262996674,-0.589288473,0.951671183,0.551205277,-2.205566883,0.159642905,-0.865314126,0.168129295,-1.421674967,-0.709200323,-1.118737817,-3.144771099,0.365072310,-0.683281600,-0.424767226
482,9640.032,1786880264092.674,15051910.609,0.000000000,14.731130600,-9.207524300,8.642480850,-11.089654922,1.286090493,2.913009405,-7.684207916,1.553977370,-0.888107777,-38.387283325,2.570904493,-4.617028236,-0.763275623,3.408903360,-10.711048126,-0.538440526,0.886445284,0.550841033,-2.303802729,0.189394727,-0.902052224,0.156269640,-1.686460018,-0.631757379,-1.131837845,-3.293278694,0.341599762,-0.705559731,-0.435535491
483,9660.034,1786880264112.677,15051930.612,0.000000000,15.061920166,-8.968583107,8.678486824,-12.012148857,1.154430032,3.026405096,-7.263497353,1.672141314,-1.850101352,-36.971294403,2.422353506,-4.378690720,-0.695499361,3.504050016,-11.169545174,-0.528362751,0.767022192,0.499259830,-2.436720610,0.250889033,-0.935335100,0.142459527,-1.889216661,-0.566779494,-1.147009969,-3.383813381,0.334784001,-0.728606582,-0.443065464
484,9680.033,1786880264132.676,15051950.611,0.000000000,15.888340950,-8.580236435,8.719008446,-13.187852859,0.860645890,3.061062813,-7.334907055,2.096498251,-3.323158979,-35.174007416,2.529019117,-4.099374771,-0.645589769,3.639451742,-11.647120476,-0.545725465,0.600654304,0.413771003,-2.592622995,0.306608319,-0.954456747,0.124409042,-1.999053717,-0.518472910,-1.171683550,-3.429799318,0.340708733,-0.733550310,-0.466341138
485,9700.010,1786880264152.652,15051970.587,0.000000000,16.936986923,-8.310209274,8.860569954,-14.481708527,0.316909730,3.167492867,-7.844438076,2.289493084,-5.115728855,-33.210552216,2.731153488,-3.799020767,-0.658893645,3.723074675,-12.074843407,-0.583787322,0.419244826,0.306147605,-2.720132589,0.340964824,-0.963530540,0.133078098,-2.028336525,-0.474047571,-1.174675941,-3.424944639,0.368763149,-0.726112664,-0.475093514
486,9720.039,1786880264172.681,15051990.616,0.000000000,17.874851227,-8.031464577,9.014661789,-15.674432755,-0.418356329,3.215705872,-8.226741791,2.496054888,-6.780082703,-31.614748001,2.950140953,-3.550462484,-0.745545089,3.814094305,-12.280264854,-0.632395923,0.252675682,0.207982555,-2.797846794,0.354972839,-0.964608490,0.164717302,-1.989794135,-0.453557730,-1.167405963,-3.381354332,0.405038595,-0.716784835,-0.474018693
487,9740.038,1786880264192.680,15052010.615,0.000000000,18.521982193,-7.865021706,9.134664536,-16.194738388,-1.084289074,3.195475817,-8.590840340,2.698885441,-7.908112526,-30.755916595,3.211434126,-3.430222034,-0.877323389,3.957012653,-12.223108292,-0.655035377,0.147203386,0.127683908,-2.802583933,0.358017266,-0.964163363,0.193597808,-1.893340826,-0.465872288,-1.171926737,-3.304595232,0.431780577,-0.708545029,-0.468858242
488,9760.202,1786880264212.844,15052030.779,0.000000000,18.896003723,-7.997256279,9.246921539,-16.005741119,-1.514541149,3.083235025,-9.086368561,2.740618944,-8.279268265,-30.850828171,3.424407005,-3.463483572,-1.032700062,4.022020340,-11.928943634,-0.652860582,0.146137148,0.080194265,-2.750399351,0.355624586,-0.954207718,0.211022690,-1.766108632,-0.501454294,-1.181399941,-3.210839987,0.445141941,-0.691212475,-0.459865123
489,9780.032,1786880264232.674,15052050.609,0.000000000,18.992160797,-8.410594940,9.318568230,-15.218991280,-1.658200264,2.918141842,-9.589118958,2.672917843,-7.884954929,-31.867948532,3.564727545,-3.606598854,-1.166750669,3.998040915,-11.481817245,-0.639160514,0.224279359,0.077912159,-2.660723448,0.358754456,-0.940675437,0.217817456,-1.637997270,-0.539846957,-1.190416813,-3.125254154,0.445063025,-0.677159309,-0.437081426
490,9800.010,1786880264252.652,15052070.587,0.000000000,18.721651077,-8.826473236,9.306054115,-14.142230988,-1.547942996,2.752185106,-10.068736076,2.594662189,-6.931604862,-33.433231354,3.590092897,-3.787220716,-1.225875854,3.894283772,-11.050554276,-0.618716776,0.354204565,0.114582166,-2.567646742,0.343163550,-0.920113802,0.216428503,-1.534451604,-0.577459514,-1.181903958,-3.073283434,0.437219530,-0.661886096,-0.432405144
491,9819.999,1786880264272.641,15052090.576,0.000000000,18.271287918,-9.103628159,9.145823479,-13.277373314,-1.244824409,2.614592314,-10.178212166,2.417788982,-5.709455490,-34.909782410,3.506125212,-3.981059790,-1.240915298,3.812518358,-10.679679871,-0.606046498,0.490104258,0.176625520,-2.494091749,0.323435664,-0.898564041,0.207881093,-1.475892663,-0.599488080,-1.171879292,-3.053862810,0.426186115,-0.654726803,-0.429274589
492,9840.029,1786880264292.671,15052110.606,0.000000000,16.556051254,-9.245608330,8.837468147,-13.153213501,-0.689868867,2.551649570,-9.008460999,2.246313334,-4.698276520,-35.454452515,3.323033333,-4.115455627,-0.785797179,3.679867506,-10.379079819,-0.424961179,0.617853343,0.299816221,-2.399275780,0.274174184,-0.868710041,0.177388743,-1.624633908,-0.639159679,-1.142835736,-3.084679842,0.385644257,-0.660552740,-0.438024968
493,9860.043,1786880264312.685,15052130.620,0.000000000,15.821935654,-8.483722687,8.596713066,-14.102431297,-0.534553647,2.560590267,-8.119527817,1.925966024,-4.391913891,-35.569488525,3.071177483,-4.109759808,-0.393637538,3.912334204,-10.534473419,-0.165527269,0.728686750,0.327897042,-2.409586430,0.248439625,-0.858648360,0.187667221,-1.675468445,-0.613998592,-1.114799976,-3.220468283,0.453364640,-0.682792962,-0.437990874
494,9880.032,1786880264332.674,15052150.609,0.000000000,14.708322525,-8.006381989,8.246808052,-14.651430130,-0.412985444,2.572889566,-7.244672298,1.940678239,-4.019217968,-35.266819000,2.891555309,-4.044125557,-0.432495564,4.084342957,-10.708177567,-0.202392876,0.774921536,0.326824516,-2.465242863,0.207485363,-0.890469313,0.178921118,-1.764789462,-0.558321595,-1.032058358,-3.179545879,0.448705643,-0.699039638,-0.443623006
495,9899.996,1786880264352.638,15052170.573,0.000000000,14.496033669,-7.651446342,8.264324188,-15.331464767,-0.478378117,2.569745302,-6.674040794,1.679192305,-3.757600069,-34.050075531,2.628565550,-3.937227488,-0.569988370,4.120527267,-10.908744812,-0.246059552,0.729564726,0.314936459,-2.525794506,0.198120415,-0.913048685,0.170582801,-1.819984436,-0.538949668,-1.033047915,-3.197314501,0.451558352,-0.701750457,-0.445046395
496,9919.999,1786880264372.641,15052190.576,0.000000000,14.090649605,-7.416966915,8.468190193,-16.821580887,-0.839533508,2.622812271,-6.249247551,1.584587336,-3.812545776,-34.063800812,2.491015911,-3.841647863,-0.610311568,3.972680330,-11.173188210,-0.338957250,0.670407653,0.267804116,-2.716476917,0.233575031,-0.942373276,0.155386865,-1.806051493,-0.514131427,-0.957090259,-3.172052860,0.437535912,-0.697506011,-0.437764376
497,9940.009,1786880264392.651,15052210.586,0.000000000,14.030242920,-7.164981365,8.464889526,-17.474954605,-1.206910968,2.623051405,-5.818259716,1.790028334,-4.065931797,-33.224803925,2.375600576,-3.753726721,-0.808709621,3.996533632,-11.336940765,-0.412772804,0.600231349,0.233992308,-2.830009699,0.250771284,-0.971611559,0.148279503,-1.803115487,-0.509001255,-0.977462053,-3.194115877,0.426843911,-0.696228445,-0.454812765
498,9960.028,1786880264412.670,15052230.605,0.000000000,14.148464203,-6.962827682,8.466897964,-17.959196091,-1.478978276,2.613834381,-5.499814987,1.870716929,-4.421570301,-31.968704224,2.390567780,-3.630173683,-0.962737978,4.046957970,-11.392300606,-0.458163470,0.538101256,0.212126046,-2.887039900,0.270720363,-0.983888865,0.147779137,-1.779162765,-0.513339639,-1.009753585,-3.198352337,0.425692976,-0.690416276,-0.455368966
499,9980.042,1786880264432.685,15052250.620,0.000000000,14.560461044,-6.589223385,8.237200737,-17.647089005,-1.485196114,2.540547371,-5.309157372,1.912657499,-4.955046177,-29.466190338,2.462275982,-3.444882393,-1.170177341,4.328872204,-11.298838615,-0.416769654,0.450236470,0.217273325,-2.774413347,0.260697305,-0.978035152,0.154646456,-1.796444178,-0.539951265,-1.131855011,-3.213805676,0.451023906,-0.683046699,-0.458286256
500,10000.018,1786880264452.660,15052270.595,0.000000000,14.610519409,-6.274683952,8.196694374,-17.983253479,-1.589312911,2.495119095,-5.355657578,1.693093538,-5.429549694,-28.134721756,2.609922647,-3.285756111,-1.161054134,4.418118000,-11.134570122,-0.375020385,0.383866340,0.201248184,-2.697189569,0.277458012,-0.976531088,0.149027392,-1.768682361,-0.550217330,-1.144918799,-3.152059078,0.475883216,-0.670443237,-0.452437848
501,10020.005,1786880264472.647,15052290.582,0.000000000,15.246910095,-6.118798733,8.322936058,-17.906173706,-1.824501157,2.395256519,-6.129262447,1.411609054,-5.770361423,-27.757570267,2.644577503,-3.256706953,-1.174703717,4.414759636,-10.912567139,-0.268074632,0.311649054,0.170087978,-2.616772175,0.329402179,-0.954996228,0.147286773,-1.714750409,-0.590877295,-1.218657374,-3.159056902,0.515236855,-0.663915217,-0.451097459
502,10040.001,1786880264492.643,15052310.578,0.000000000,15.368380547,-6.382537365,8.269229889,-17.334239960,-1.869967580,2.279443741,-6.919632912,1.396118045,-5.739545822,-28.955869675,2.705814123,-3.368190289,-1.176351428,4.301317692,-10.574767113,-0.251793265,0.327945143,0.151940510,-2.560760260,0.348374963,-0.941643536,0.143971667,-1.670775294,-0.590658724,-1.218408346,-3.104488611,0.529074311,-0.656531155,-0.444959164
503,10060.031,1786880264512.674,15052330.609,0.000000000,16.528743744,-7.143171310,8.302798271,-14.928052902,-1.745848775,2.004379988,-8.813968658,1.640228271,-4.497774601,-31.555047989,2.759653330,-3.737750292,-1.901288033,4.008089542,-10.121673584,-0.626935720,0.323747158,0.110361718,-2.543217659,0.368965030,-0.936842442,0.125492468,-1.504712820,-0.562433541,-1.244078159,-2.907739162,0.488666534,-0.625403941,-0.430885226
504,10080.032,1786880264532.674,15052350.609,0.000000000,16.561502457,-7.956380367,8.129630089,-13.768863678,-1.325868487,1.818097949,-9.555958748,1.671719909,-3.365080357,-34.229690552,2.728461981,-4.082694054,-1.879764318,3.689792633,-9.843506813,-0.724344373,0.405780315,0.159631401,-2.530350924,0.337949932,-0.937598348,0.120623387,-1.423377633,-0.568057358,-1.185252905,-2.868311167,0.457523584,-0.618829131,-0.427461714
505,10100.021,1786880264552.663,15052370.598,0.000000000,16.161550522,-8.224246025,7.885411739,-13.287440300,-0.900160134,1.707011342,-9.527009964,1.693394423,-2.458577633,-35.795715332,2.627407074,-4.282817841,-1.637730956,3.522884607,-9.847350121,-0.714329064,0.502561867,0.217787817,-2.525981426,0.316379786,-0.938990057,0.128964469,-1.419217706,-0.569412231,-1.138991237,-2.890333176,0.432510376,-0.646401167,-0.433419734
506,10120.008,1786880264572.651,15052390.586,0.000000000,14.529695511,-7.885754585,7.550279617,-14.689958572,-0.598049045,1.758286715,-8.226643562,1.350162983,-2.624623537,-35.737052917,2.416593552,-4.200066090,-0.627223551,3.579131126,-10.163813591,-0.313619584,0.649617612,0.318836778,-2.508085251,0.251117378,-0.939741731,0.163860589,-1.626802444,-0.573149323,-1.057136655,-3.104359150,0.453909874,-0.675340533,-0.451662421
507,10140.035,1786880264592.677,15052410.612,0.000000000,13.369387627,-7.425503254,7.232017040,-15.628172874,-0.568917453,1.784331799,-6.884962559,1.421139359,-2.677086115,-35.020423889,2.237486839,-4.028531075,-0.453050107,3.776494741,-10.410849571,-0.270518273,0.726261258,0.354813099,-2.529448748,0.188548967,-0.956276894,0.190084547,-1.843471289,-0.506418049,-0.969491303,-3.125262737,0.445713937,-0.700248897,-0.479166895
508,10160.032,1786880264612.675,15052430.610,0.000000000,12.893901825,-6.965426922,7.737741947,-18.602233887,-1.585024953,1.871589065,-6.188488960,1.385348082,-3.194837570,-34.549819946,1.671997905,-3.848546505,-0.539002597,4.004223824,-10.823202133,-0.375883192,0.766617119,0.270789713,-2.755817175,0.213687524,-0.980123699,0.247616991,-1.772941232,-0.476933777,-0.777555287,-3.142722845,0.514317691,-0.711935282,-0.453507125
509,10180.041,1786880264632.683,15052450.619,0.000000000,12.918605804,-6.290968418,7.907601833,-20.318292618,-2.392720699,1.918662190,-5.521336079,1.702230930,-3.838246822,-32.321582794,1.412220597,-3.634011745,-0.819000959,4.365887642,-11.135579109,-0.443509102,0.662279010,0.214241818,-2.871237516,0.226136163,-1.000305533,0.291139781,-1.806739450,-0.458304763,-0.799460173,-3.197672129,0.507486939,-0.715660870,-0.427615970
510,10200.021,1786880264652.663,15052470.598,0.000000000,12.932924271,-5.419640541,7.924211025,-21.874727249,-3.030380487,1.964120388,-4.724154949,1.754425287,-4.725633621,-29.169797897,1.389344692,-3.274945974,-1.079112768,4.727167606,-11.302648544,-0.478735209,0.542047381,0.156142175,-2.922169209,0.254340440,-1.018142223,0.298848867,-1.843180299,-0.478357702,-0.859209836,-3.226278543,0.505842388,-0.704950929,-0.445338964
511,10220.007,1786880264672.649,15052490.584,0.000000000,12.763539314,-4.454905987,7.762057304,-23.257982254,-3.465343237,1.980991483,-3.816349506,1.632154107,-5.663658619,-25.835632324,1.630934834,-2.916136742,-1.286166430,5.037888050,-11.365963936,-0.483757645,0.409428567,0.104212597,-2.924399376,0.287386447,-1.028630614,0.280608714,-1.831363201,-0.532258034,-0.927728295,-3.222986937,0.521586359,-0.684869587,-0.456212789
512,10240.033,1786880264692.675,15052510.610,0.000000000,12.354176521,-3.527810574,7.535804749,-24.318292618,-3.825833559,1.944526792,-3.106631994,1.496389031,-6.380968571,-23.283203125,1.900534987,-2.674834490,-1.401004672,5.270952225,-11.296175003,-0.463040948,0.309089869,0.070296511,-2.863759995,0.312328458,-1.031745434,0.268666893,-1.782165527,-0.595770240,-0.975766361,-3.174991369,0.541583478,-0.663007975,-0.457723916
513,10260.032,1786880264712.674,15052530.609,0.000000000,12.076299667,-3.140555143,7.470337868,-24.458606720,-4.013470650,1.831765771,-3.096227646,1.351243734,-6.514491081,-22.652526855,2.081084728,-2.665443659,-1.433644056,5.242929935,-11.022064209,-0.429896623,0.272947341,0.070704110,-2.750592232,0.325895846,-1.027395129,0.249248713,-1.714550614,-0.639844894,-0.997141838,-3.094766378,0.566741467,-0.641381681,-0.455877364
514,10280.035,1786880264732.677,15052550.612,0.000000000,12.654330254,-3.851809025,7.168348312,-21.142259598,-3.134991169,1.546806097,-4.143479347,1.100999355,-5.652885914,-24.024841309,2.447552919,-3.020496845,-1.334181547,4.871467590,-10.364377975,-0.311052322,0.281510979,0.160781071,-2.466925859,0.288780659,-1.009114504,0.183567733,-1.839594126,-0.667373717,-1.211212754,-3.025471210,0.517174304,-0.622574925,-0.481704861
515,10300.020,1786880264752.662,15052570.597,0.000000000,13.822720528,-5.965775013,7.495587349,-16.578336716,-2.037824631,1.147731900,-6.397384167,0.900445104,-3.722820997,-28.782718658,2.641743183,-3.770929098,-1.537248015,4.034455776,-9.630634308,-0.409555018,0.363431066,0.188314393,-2.308001995,0.323426992,-0.974187791,0.095662370,-1.829774261,-0.740634382,-1.318999887,-2.889780283,0.493283272,-0.611995161,-0.490859509
516,10320.005,1786880264772.647,15052590.582,0.000000000,15.085297585,-7.368094921,7.446862221,-12.976022720,-0.967621803,0.874856532,-8.595798492,1.198991418,-1.270347118,-34.974433899,2.897139549,-4.497088909,-1.835211158,3.538140774,-9.228847504,-0.612756252,0.543029964,0.209580094,-2.300038815,0.344964892,-0.969990671,0.060932789,-1.596878409,-0.717650473,-1.260707259,-2.773395300,0.503917515,-0.599538505,-0.512710035
517,10340.021,1786880264792.663,15052610.598,0.000000000,14.856671333,-8.362077713,6.960212231,-11.226593971,0.241181210,0.741439104,-9.075130463,1.004451156,0.871347368,-38.660343170,2.926831245,-4.981072426,-1.689335704,3.200310469,-9.179443359,-0.657582939,0.741554022,0.299266934,-2.337123156,0.314398199,-0.975832522,0.063502893,-1.497718096,-0.686672330,-1.153001070,-2.769155979,0.465433925,-0.618784308,-0.565119743
518,10360.039,1786880264812.681,15052630.616,0.000000000,13.004038811,-8.405874252,6.382226467,-12.164181709,1.169229507,0.764731526,-7.686889648,0.108174555,1.498233080,-39.513713837,2.631666660,-5.047103882,-0.623146653,3.056433678,-9.540574074,-0.286252379,0.953618288,0.443782210,-2.372663975,0.219917551,-0.984040499,0.107643142,-1.669519663,-0.668564439,-1.003873825,-2.983313084,0.460011303,-0.668210924,-0.616399705
519,10380.020,1786880264832.662,15052650.597,0.000000000,11.587037086,-8.027978897,6.377121449,-15.089690208,0.705655158,0.900543571,-6.384328842,0.009224297,1.260468841,-40.473278046,1.892605543,-4.851425171,-0.298722953,3.137482643,-9.964356422,-0.364187837,1.078017116,0.432314247,-2.632757187,0.169623673,-1.024555922,0.192250460,-1.719518423,-0.567155421,-0.678090632,-2.994550943,0.482397914,-0.706787169,-0.617762744
520,10400.001,1786880264852.643,15052670.578,0.000000000,11.636382103,-7.378391266,6.478485584,-16.916164398,-0.025115015,1.022661924,-5.660499573,0.197104171,0.692913532,-38.095081329,1.251708865,-4.533318043,-0.401930094,3.365188122,-10.441082001,-0.389825314,0.962395728,0.420758754,-2.764819384,0.138612166,-1.061087132,0.277442276,-1.863338470,-0.486884445,-0.665122271,-3.079046726,0.453742534,-0.728484094,-0.591066301
521,10420.002,1786880264872.644,15052690.579,0.000000000,11.642922401,-6.458505154,6.837889671,-19.790615082,-1.441117764,1.225050211,-4.289152145,0.504609287,-0.915881217,-35.127910614,0.622954369,-4.126683235,-0.488128662,3.769646883,-11.175541878,-0.433006793,0.752414286,0.379529864,-2.935490608,0.116751321,-1.100471020,0.342033476,-1.923517346,-0.380722076,-0.674131393,-3.155611753,0.463048637,-0.734096050,-0.529138207
522,10440.035,1786880264892.677,15052710.612,0.000000000,11.621609688,-5.049492359,6.960749149,-22.511480331,-2.700342178,1.398649096,-3.212873220,1.026233435,-2.971721411,-29.820335388,0.561137915,-3.571878433,-0.807724476,4.382761002,-11.524787903,-0.476788938,0.485464931,0.281006515,-3.020430326,0.156610698,-1.127849579,0.331580251,-2.020568371,-0.378012806,-0.744949579,-3.207793474,0.472659379,-0.722450137,-0.474765420
523,10460.012,1786880264912.655,15052730.590,0.000000000,11.242265701,-3.001411915,6.715144157,-25.428281784,-3.773081064,1.562546134,-1.653773308,1.170845509,-5.165592670,-22.980224609,1.020173430,-2.788575411,-1.128598094,5.177872181,-11.664600372,-0.474869847,0.185752660,0.154426143,-2.996884584,0.224158168,-1.136498094,0.277571708,-2.004839659,-0.440671116,-0.820240498,-3.214214802,0.503026903,-0.696691811,-0.469046891
524,10480.031,1786880264932.673,15052750.608,0.000000000,10.082374573,-0.228646427,6.046701908,-28.526561737,-4.679764748,1.637847185,0.343425214,0.800732434,-6.870005131,-15.295102119,1.667859793,-2.030779839,-1.428387165,6.086567402,-11.708785057,-0.406398684,-0.066720396,0.046636365,-2.870833158,0.294192106,-1.123151779,0.234963864,-1.897027016,-0.542936981,-0.881502450,-3.146239281,0.554030120,-0.661854386,-0.466899544
525,10500.020,1786880264952.663,15052770.598,0.000000000,8.480997086,2.551711559,5.075883865,-31.367345810,-5.351112366,1.540988803,2.250113010,0.360546768,-7.466234207,-9.400382996,2.178780794,-1.519182801,-1.671616077,6.884853363,-11.471320152,-0.307460546,-0.223784104,-0.010788285,-2.664666414,0.345891953,-1.086866260,0.209351614,-1.737034798,-0.647441506,-0.924039364,-3.000236273,0.625130355,-0.629660547,-0.462736607
526,10520.003,1786880264972.646,15052790.581,0.000000000,7.122096539,3.800841331,4.274895668,-32.791885376,-5.683273792,1.257804275,2.815956593,0.060093254,-6.945757389,-8.333376884,2.257997274,-1.423769474,-1.760281563,7.152381420,-10.825138092,-0.196991652,-0.231146067,0.005988846,-2.450374365,0.355716377,-1.011248589,0.166387126,-1.558527470,-0.740592897,-0.923483014,-2.819305897,0.647059381,-0.589397669,-0.450833946
527,10540.038,1786880264992.681,15052810.615,0.000000000,7.645948410,1.635134459,4.404406071,-29.460289001,-5.195429325,0.830891192,-0.434321314,-0.138077259,-5.780478001,-15.193222046,2.067993402,-2.142162323,-1.665234327,6.327244282,-9.467252731,-0.210233063,-0.000711540,0.053019628,-2.191302061,0.375674099,-1.002888918,0.085331395,-1.544530272,-0.858219981,-0.935677111,-2.637353182,0.625348926,-0.577916026,-0.474906355
528,10560.019,1786880265012.661,15052830.596,0.000000000,10.518328667,-3.520543814,5.652950764,-19.944662094,-3.322803259,0.235861421,-6.268888474,-0.037662856,-2.565962076,-30.848203659,2.105898380,-3.934963465,-1.209137082,4.515018463,-8.141789436,-0.143802479,0.474274278,0.217502534,-1.925736308,0.319168985,-0.975079775,0.050283127,-1.721646905,-0.957547724,-1.149902225,-2.619472265,0.560981572,-0.585592330,-0.559081256
529,10580.003,1786880265032.645,15052850.580,0.000000000,11.700170517,-7.823014736,6.038064480,-11.550483704,-0.761973739,-0.058279540,-9.530162811,0.502098083,3.793117762,-43.191829681,2.492965698,-5.694869041,-1.795652509,3.070101023,-7.393596649,-0.576245546,1.081916571,0.368015766,-2.025574446,0.300649047,-0.961310506,0.070036329,-1.581345439,-0.955185175,-1.181795955,-2.532021999,0.529238582,-0.594342232,-0.643126249
530,10599.998,1786880265052.640,15052870.575,0.000000000,10.053325653,-9.382391930,5.263656616,-8.719416618,1.812954068,-0.091637000,-7.913630486,-0.780592322,8.712880135,-47.899017334,2.401177883,-6.559753418,-1.710185051,2.229475260,-7.634281158,-0.680595756,1.473307490,0.617176354,-2.202587605,0.239161313,-0.994968176,0.134445548,-1.515871286,-0.928439736,-1.129368424,-2.681842804,0.444921583,-0.605281413,-0.667743087
531,10620.028,1786880265072.670,15052890.605,0.000000000,8.628870964,-9.163113594,4.278115273,-7.776206493,3.929325104,0.028101251,-5.174308777,-2.622072458,11.268316269,-48.545944214,1.997588873,-6.780712605,-1.290696621,1.790835857,-8.353677750,-0.661880791,1.579689741,0.798939109,-2.394293070,0.150305673,-1.027486682,0.175841272,-1.638119936,-0.896105766,-1.062767148,-2.838698626,0.361367285,-0.648080885,-0.665459633
532,10640.029,1786880265092.671,15052910.606,0.000000000,6.239518642,-8.209452629,3.797148705,-10.569887161,4.783683300,0.349447757,-2.659713507,-3.766239405,10.862430573,-48.817893982,1.282605052,-6.585114956,0.064437136,1.689552188,-9.299031258,-0.478129417,1.597481012,0.879468977,-2.660066843,-0.005725593,-1.090818644,0.287876099,-1.888209462,-0.823782921,-0.671258569,-2.965098143,0.366899878,-0.696145952,-0.634572148
533,10660.010,1786880265112.652,15052930.587,0.000000000,6.771974564,-7.488594532,4.031758308,-12.826511383,4.341740131,0.684351861,-1.316201925,-3.353405952,9.647921562,-47.092723846,0.245467663,-6.314157009,0.395494878,1.859384418,-10.438338280,-0.449270278,1.325293064,0.895116866,-2.859784365,-0.092683442,-1.142876863,0.407197744,-2.112640142,-0.630878508,-0.557795525,-3.124486685,0.341325790,-0.709288001,-0.604010165
534,10680.032,1786880265132.674,15052950.609,0.000000000,8.336364746,-6.633464813,4.225111008,-15.049996376,3.580651999,0.938370287,-1.644194365,-1.902315855,6.939826012,-42.607791901,-0.227865368,-5.777993679,0.051750224,2.426326752,-11.155560493,-0.494979292,0.946428359,0.786015391,-3.024065733,-0.061707970,-1.170534849,0.413777471,-2.319585800,-0.490345776,-0.605909169,-3.306539297,0.320624888,-0.699659109,-0.633859515
535,10700.022,1786880265152.664,15052970.599,0.000000000,10.474284172,-5.466221809,4.584229469,-18.467723846,2.293255329,1.216432333,-2.492001057,-0.347531140,2.697247744,-36.050178528,-0.088680163,-4.766924381,-0.442753732,3.260365725,-11.783796310,-0.569132805,0.500085831,0.564980686,-3.176413774,0.027299182,-1.189229846,0.361331046,-2.410950422,-0.386164308,-0.691289842,-3.422158241,0.341277957,-0.666653454,-0.545509100
536,10720.015,1786880265172.658,15052990.593,0.000000000,12.388214111,-3.459594727,4.852495193,-23.167976379,0.149787560,1.523647785,-2.590245247,0.635046721,-2.531779528,-27.078922272,0.501502395,-3.436270714,-0.950372875,4.329633713,-12.394865036,-0.620865226,-0.017570920,0.283187598,-3.261404753,0.126528487,-1.199253798,0.297701001,-2.354537249,-0.340220213,-0.744179487,-3.435272694,0.392176628,-0.647786796,-0.501458287
537,10740.030,1786880265192.672,15053010.607,0.000000000,12.587770462,0.214215130,4.580893517,-28.120832443,-2.371537685,1.763031363,-0.780963600,0.809523344,-6.973752022,-15.498147011,1.530883908,-2.153683424,-1.370945096,5.847513199,-12.837429047,-0.585262001,-0.541861296,-0.005059747,-3.166034222,0.223556697,-1.185819745,0.217946857,-2.161700010,-0.379141182,-0.783540189,-3.393658400,0.489138305,-0.560766757,-0.476435632
538,10760.032,1786880265212.675,15053030.609,0.000000000,10.219637871,5.142321587,3.220446348,-33.183216095,-4.568097591,1.731263161,2.983006239,1.119218230,-8.077738762,-4.157766819,2.426288843,-1.122535110,-1.887751937,7.696183205,-12.929457664,-0.409056336,-0.870687246,-0.206897840,-2.829573631,0.303569615,-1.136949420,0.147271857,-1.861035466,-0.458406478,-0.851867020,-3.184096813,0.607031703,-0.510049701,-0.494753212
539,10780.032,1786880265232.674,15053050.609,0.000000000,6.123116493,8.669194221,1.270515561,-37.366950989,-6.024511814,1.357645392,7.085830688,0.350260735,-5.612014771,3.826597929,2.522176027,-0.645908415,-2.526482105,9.049456596,-12.118064880,-0.115063697,-0.918173313,-0.239189476,-2.333098173,0.370467305,-1.028056502,0.076793559,-1.486577630,-0.614388883,-0.908344090,-2.850796700,0.691791773,-0.487475187,-0.505435050
540,10800.009,1786880265252.651,15053070.586,0.000000000,1.177570462,8.721952438,-1.494354010,-38.955204010,-6.324814796,0.760009050,9.614134789,1.212110877,0.061691016,7.328939438,2.602471352,-0.454322755,-3.559858799,9.641792297,-10.072582245,0.124738835,-0.572503090,-0.106059901,-1.791502714,0.409934789,-0.895980179,-0.010324670,-1.099206328,-0.809318900,-0.918079257,-2.396419048,0.657866299,-0.503108382,-0.530063808
541,10820.039,1786880265272.682,15053090.617,0.000000000,-2.023992062,5.299013615,-2.139214277,-35.594757080,-5.923107624,0.110823154,8.176137924,-0.127997205,3.560729980,1.731735587,2.874776125,-1.091661215,-3.068466187,8.431303024,-7.232330799,0.223841995,0.131757200,0.250077337,-1.306842327,0.363791943,-0.823031545,-0.097502373,-0.886632085,-1.097432256,-0.781798244,-1.852853060,0.552700698,-0.456755549,-0.578188181
542,10840.039,1786880265292.681,15053110.616,0.000000000,-1.987239838,-2.468096495,0.939176083,-25.592721939,-4.473532677,-0.557168245,4.781524181,-1.456580162,4.410100937,-26.601837158,0.973195851,-4.884057045,-0.609166026,5.015535831,-5.031328678,0.204781026,1.031354666,0.737097919,-1.222685814,0.196252629,-0.737619340,-0.037761953,-0.968787014,-1.302030802,-0.517549515,-1.483579278,0.457795024,-0.380247027,-0.529906094
543,10860.089,1786880265312.731,15053130.666,0.000000000,-4.800034523,-7.483402729,4.317536831,-15.841444969,-1.576875567,-0.781584859,1.131898165,-1.492843986,15.174985886,-54.907558441,-0.264204085,-7.756929398,1.663437843,1.443994761,-4.482997417,-0.022414576,2.237050295,1.200181246,-1.570894122,0.045562737,-0.782958865,0.282801986,-1.591093183,-1.249549747,-0.367948055,-1.698329329,0.421815127,-0.440733224,-0.482524842
544,10880.030,1786880265332.672,15053150.607,0.000000000,-7.253213882,-8.123186111,3.480209112,-17.380138397,0.038275152,-0.714507282,3.694588900,-4.843666077,20.200061798,-62.559864044,-1.048572779,-8.897381783,2.413244009,-0.042437650,-5.864985466,0.050284784,2.833369970,1.635601521,-2.014181614,0.055640642,-0.936467886,0.505385339,-2.147878885,-0.831433237,-0.261810780,-2.648543358,0.299383640,-0.583311141,-0.493014634
545,10900.019,1786880265352.661,15053170.596,0.000000000,-7.202352524,-6.781141758,2.203018665,-17.148050308,1.421208620,-0.288392663,5.744899273,-6.684360504,22.597515106,-62.140708923,-1.537652254,-9.458530426,1.443104625,-0.174292862,-7.509813309,-0.153717116,2.704217672,1.640637279,-2.513123512,-0.035737589,-1.146708727,0.565660119,-2.663152695,-0.514141381,-0.485967100,-3.500508070,0.288159311,-0.696214259,-0.580299616
546,10920.135,1786880265372.778,15053190.713,0.000000000,-4.777889729,-5.582990170,1.344834566,-17.035905838,2.571510553,0.247881383,6.096004963,-6.602966309,22.096355438,-57.784057617,-1.587707520,-9.362356186,0.270115405,0.639017284,-8.869286537,-0.509069800,2.090317726,1.352746248,-2.879204273,-0.100042045,-1.337981701,0.612512171,-2.986599207,-0.421163738,-0.784177363,-3.930463076,0.298716992,-0.707269192,-0.686990440
547,10939.998,1786880265392.640,15053210.575,0.000000000,-1.166340470,-5.579906940,1.591735601,-16.899881363,3.778014421,0.704912901,4.917377472,-5.024717331,19.408554077,-52.323726654,-1.265561581,-8.792120934,-0.530294657,1.630178690,-10.249046326,-0.920642734,1.384135723,1.050721765,-3.211869240,-0.104077227,-1.426831841,0.468632340,-3.074171543,-0.371085376,-1.004092932,-3.937634230,0.391353190,-0.718137026,-0.771168411
548,10960.029,1786880265412.671,15053230.606,0.000000000,3.085741758,-6.314974785,2.658095121,-17.407964706,4.715671062,1.030577660,2.708359718,-2.336109877,14.870901108,-47.079315186,-0.825013876,-7.831291676,-0.987020493,2.599987507,-11.518016815,-1.206540585,0.702569723,0.695265651,-3.647276163,-0.003833462,-1.459865332,0.349343479,-3.115684748,-0.365530878,-1.155528665,-3.866795063,0.410774171,-0.666211963,-0.701131701
549,10980.030,1786880265432.673,15053250.608,0.000000000,7.141244888,-7.456740856,4.013374805,-17.610437393,5.464358807,1.335332274,0.912575603,0.332497388,9.731749535,-41.348930359,-0.242663309,-7.101206779,-1.578466296,3.663042068,-12.767794609,-1.353088498,0.198244125,0.391835868,-3.943973780,0.124627829,-1.554680467,0.267957002,-3.038973093,-0.443302631,-1.167719841,-3.748327255,0.399115354,-0.641115069,-0.612138927
550,11000.017,1786880265452.660,15053270.595,0.000000000,11.031826019,-7.688512325,5.140985966,-18.175712585,5.160352707,1.675784111,-0.604445994,2.430162191,4.232451439,-34.775936127,0.270048350,-5.774039268,-1.641343236,4.649075031,-13.396311760,-1.201221228,-0.217029616,0.163558066,-3.856481791,0.112236500,-1.567403674,0.220494404,-2.747708559,-0.471857488,-1.045257568,-3.571742773,0.349409312,-0.593443930,-0.555927396
551,11020.028,1786880265472.671,15053290.606,0.000000000,14.179704666,-7.751848698,6.141845226,-17.232652664,4.051469803,1.924998045,-2.285651445,3.601195335,-0.083449103,-29.576557159,1.118194103,-4.648775578,-1.573061943,5.136791706,-13.617684364,-0.977164686,-0.421721309,-0.022804724,-3.514834404,0.109731786,-1.467458725,0.187317327,-2.387963772,-0.446338803,-0.937652886,-3.418160677,0.335542828,-0.555375338,-0.523204803
552,11040.002,1786880265492.644,15053310.579,0.000000000,15.616244316,-8.235231400,6.756074429,-15.710579872,2.058468819,1.932965755,-3.849238634,3.516904831,-2.830938816,-26.327173233,1.764572859,-3.953398466,-1.390794277,5.325794697,-13.265476227,-0.694573998,-0.399562836,-0.133360147,-3.002408266,0.077686407,-1.316251278,0.184512511,-2.092766762,-0.341245294,-0.836878359,-3.220792770,0.304657906,-0.543371499,-0.477486998
553,11060.076,1786880265512.719,15053330.653,0.000000000,15.365412712,-8.532564163,7.094031334,-13.056497574,0.015119857,1.688985109,-5.287402153,3.226855516,-3.501064539,-25.210685730,2.080902576,-3.642249346,-1.124114990,5.055452824,-11.687108040,-0.366955340,-0.132632822,-0.178481221,-2.334714651,-0.022163199,-1.073478818,0.177925304,-1.939392924,-0.326808035,-0.779837251,-2.960151672,0.285297543,-0.553040802,-0.486167222
554,11080.029,1786880265532.671,15053350.606,0.000000000,13.670053482,-8.712024689,7.433154106,-12.320241928,-1.980883837,1.389279127,-5.011196136,3.049819231,-2.678984404,-25.694303513,1.417117715,-3.684262514,-0.976861537,4.844671726,-10.080424309,-0.086991809,0.211648464,-0.113687284,-1.779635549,-0.039013159,-0.826861918,0.139994964,-1.847003460,-0.380323976,-0.784574807,-2.766753912,0.219942287,-0.542336464,-0.460375577
555,11100.016,1786880265552.659,15053370.594,0.000000000,10.982855797,-8.452450752,7.718942642,-14.013575554,-3.735958815,1.125961304,-4.421146870,2.511112213,-1.647871375,-26.976152420,0.308139503,-3.830506086,-1.213194013,4.660752773,-8.504500389,-0.107333601,0.428434670,0.064332463,-1.482409120,0.002949799,-0.735879600,0.063238755,-1.616854191,-0.298703432,-0.786995530,-2.676517248,0.270901322,-0.554598451,-0.474863023
556,11120.081,1786880265572.723,15053390.658,0.000000000,8.053606987,-7.930725574,7.930945873,-15.866740227,-4.911527634,0.950018167,-3.777543783,2.183530569,-0.304419845,-29.653581619,-0.774806798,-4.137084007,-1.103663325,4.389485836,-7.459825993,-0.154229984,0.706549883,0.266573876,-1.398558021,0.008173490,-0.719755888,0.007875488,-1.564424753,-0.331442565,-0.734906614,-2.608532190,0.274519175,-0.626049161,-0.539488137
557,11140.002,1786880265592.644,15053410.579,0.000000000,5.728219509,-7.416150570,8.013483047,-17.729747772,-5.668548584,0.868429720,-2.880993843,1.916918397,1.117138386,-32.202659607,-1.744798899,-4.421363831,-1.010482907,4.217472553,-6.871912479,-0.234317690,0.956127524,0.434067249,-1.503543973,-0.009325949,-0.733135402,0.032871194,-1.658147931,-0.416565716,-0.714358747,-2.626973391,0.295858622,-0.670903563,-0.587823212
558,11160.029,1786880265612.672,15053430.607,0.000000000,3.862484217,-7.047367096,7.984505177,-19.514726639,-6.049678326,0.817827225,-1.896813631,1.640782952,2.310734034,-33.783153534,-2.404008627,-4.589931488,-1.012708545,4.218532562,-6.895122528,-0.356181204,1.098749876,0.540908754,-1.728959799,-0.031955011,-0.805088162,0.086862668,-1.830612421,-0.529187739,-0.717438281,-2.705981493,0.328906029,-0.674097717,-0.607205689
559,11180.037,1786880265632.679,15053450.614,0.000000000,2.602299452,-6.662028313,8.026090622,-21.256689072,-6.307864189,0.811743915,-0.816687942,1.521609783,3.035118341,-34.228271484,-2.855990887,-4.731494904,-0.994776964,4.407174587,-7.426220417,-0.471981615,1.105025649,0.611155748,-2.010019064,-0.053018492,-0.843659580,0.119786903,-2.019624949,-0.612467289,-0.730515063,-2.827802658,0.373189092,-0.661613584,-0.614992619
560,11199.998,1786880265652.640,15053470.575,0.000000000,2.396377087,-6.328249454,8.081423759,-22.924791336,-6.473624229,0.848588109,0.492732435,1.611748576,3.136849403,-33.694770813,-3.004085541,-4.771118164,-1.033339739,4.741925240,-8.175328255,-0.570244610,0.980207980,0.638727784,-2.287002087,-0.077119254,-0.875495195,0.154409096,-2.171149492,-0.642921507,-0.780387998,-2.966455460,0.423333317,-0.641681671,-0.604951918
561,11220.030,1786880265672.673,15053490.608,0.000000000,2.615579605,-5.945901394,8.142840385,-24.559623718,-6.590956688,0.919426084,1.455667138,2.011009932,2.570317507,-32.178482056,-2.861504078,-4.658120632,-1.178384185,5.100080013,-9.088774681,-0.664017022,0.833747089,0.609414101,-2.518879175,-0.089093603,-0.954011381,0.137427822,-2.256676435,-0.650926769,-0.825874507,-3.112407207,0.473331034,-0.637849510,-0.622797489
562,11240.002,1786880265692.645,15053510.579,0.000000000,3.124231100,-5.549513817,8.176338196,-26.048650742,-6.678966522,0.985694349,2.165036917,2.515464544,1.515171170,-30.055450439,-2.528690338,-4.511554241,-1.341591358,5.443604469,-9.941853523,-0.715719461,0.684883416,0.550018311,-2.671113968,-0.068643495,-1.028302073,0.121565141,-2.287245512,-0.655650258,-0.880121469,-3.252242804,0.517482162,-0.647131264,-0.644606173
563,11260.033,1786880265712.676,15053530.610,0.000000000,3.831963539,-5.245310307,8.179109573,-27.137470245,-6.682209015,1.017150283,2.472064734,2.940325260,0.314391017,-27.966178894,-2.059177399,-4.376573086,-1.514971375,5.737116814,-10.614889145,-0.737245083,0.560981095,0.478902727,-2.736375570,-0.047425002,-1.075508952,0.112115800,-2.261766434,-0.672498465,-0.941434920,-3.357856989,0.556780636,-0.661656678,-0.638871551
564,11280.031,1786880265732.673,15053550.608,0.000000000,4.640315056,-5.099608898,8.224852562,-27.679132462,-6.596677780,0.994256794,2.403896570,3.167777777,-0.686179996,-26.519302368,-1.588374496,-4.296307087,-1.673858047,5.896296978,-11.028412819,-0.751117826,0.461784571,0.410670757,-2.750737906,-0.048372936,-1.052197218,0.077343158,-2.192566872,-0.696252346,-0.996316552,-3.420252800,0.587956309,-0.654819131,-0.591804445
565,11300.018,1786880265752.660,15053570.595,0.000000000,5.392549992,-5.192630768,8.321088791,-27.486364365,-6.377993584,0.908093095,1.943863153,3.255924940,-1.248827457,-26.346786499,-1.189758778,-4.229474068,-1.785750508,5.913688183,-11.152572632,-0.776669085,0.395594925,0.363447428,-2.740383863,-0.047799673,-1.009619236,0.068249628,-2.096366167,-0.717114508,-1.021723628,-3.412417889,0.607285738,-0.627315402,-0.537035167
566,11320.028,1786880265772.670,15053590.605,0.000000000,5.800861359,-5.522256851,8.535308838,-25.572343826,-5.848136902,0.767403662,1.671545982,3.339426279,-0.749504685,-27.235733032,-0.921940506,-4.319427967,-1.643856168,5.545371056,-10.865105629,-0.685451090,0.419642419,0.354871154,-2.625159979,-0.059180919,-0.986675620,0.071173571,-2.143307924,-0.738872290,-1.089032888,-3.363152266,0.643881500,-0.608424902,-0.508395433
567,11340.003,1786880265792.646,15053610.581,0.000000000,6.104798317,-6.159822464,8.595206261,-23.337961197,-5.155974388,0.586347401,0.904704571,3.062430620,0.144289389,-29.591115952,-0.671355784,-4.609500408,-1.547117233,5.200148106,-10.404712677,-0.651751399,0.509657383,0.374082863,-2.530438900,-0.058368694,-0.969954431,0.079148799,-2.084281683,-0.759751976,-1.095313668,-3.230745077,0.643650353,-0.589102685,-0.494285196
568,11360.009,1786880265812.651,15053630.586,0.000000000,6.272156715,-6.745991707,8.558039665,-21.137359619,-4.412284374,0.420096993,0.006560463,2.542629004,1.444855690,-32.156814575,-0.482495666,-4.900763988,-1.455453515,4.870388031,-9.934770584,-0.631620407,0.621518791,0.413993031,-2.459228277,-0.065129504,-0.960260332,0.091264680,-2.006984949,-0.761346579,-1.079902530,-3.107630014,0.618797362,-0.574407041,-0.493554831
569,11380.028,1786880265832.670,15053650.605,0.000000000,6.296681881,-6.996413231,8.366556168,-19.479419708,-3.694261551,0.299157262,-0.517691553,1.933100820,2.743802071,-33.989013672,-0.344920337,-5.145552158,-1.369732261,4.619507790,-9.571727753,-0.606690049,0.721320212,0.459823847,-2.414631128,-0.073916838,-0.951077402,0.101195879,-1.953007102,-0.742078900,-1.054474235,-3.036989927,0.584092438,-0.568284810,-0.503137887
570,11399.997,1786880265852.639,15053670.574,0.000000000,6.172905445,-6.943012714,8.029697418,-18.521120071,-3.102173567,0.226986304,-0.607889414,1.327466249,3.642582417,-34.818668365,-0.277853757,-5.273324013,-1.306900620,4.487082958,-9.381020546,-0.572036266,0.779895544,0.498591363,-2.389636517,-0.080456808,-0.951231897,0.105432451,-1.941699743,-0.709411979,-1.027067423,-3.021438599,0.548791766,-0.571259558,-0.518320858
571,11420.042,1786880265872.685,15053690.620,0.000000000,6.056551456,-6.762507915,7.728922367,-18.343412399,-2.702844143,0.194130838,-0.438343287,0.844386578,4.032186031,-34.752452850,-0.282902241,-5.290764809,-1.210550547,4.381875992,-9.350778580,-0.539248943,0.786186159,0.522637665,-2.384234667,-0.084401548,-0.963899553,0.107475355,-1.973830462,-0.665840447,-1.004421592,-3.045289516,0.517363548,-0.582057714,-0.533474505
572,11440.000,1786880265892.643,15053710.578,0.000000000,6.035664558,-6.497774124,7.513142109,-18.694856644,-2.530465841,0.187071636,-0.189440101,0.632744730,3.910147905,-34.057823181,-0.317786902,-5.229207516,-1.128289104,4.313247681,-9.437335014,-0.515194416,0.747882605,0.532641470,-2.395208120,-0.074103624,-0.976252258,0.110547416,-2.037872314,-0.618292153,-0.984583437,-3.087709904,0.496077091,-0.598666310,-0.545278072
573,11460.030,1786880265912.672,15053730.607,0.000000000,6.153293610,-6.175789833,7.388855934,-19.374084473,-2.580084801,0.196702674,-0.019111337,0.724327862,3.372245312,-32.998611450,-0.332576513,-5.062138081,-1.088314652,4.307281017,-9.589256287,-0.510179281,0.676167488,0.521304607,-2.427196264,-0.051185347,-0.988376439,0.107735813,-2.119303226,-0.569674671,-0.973763406,-3.129156590,0.486140788,-0.618787169,-0.549509704
574,11480.038,1786880265932.680,15053750.615,0.000000000,6.441613674,-5.921363831,7.349797726,-20.266874313,-2.813584805,0.214957118,0.018862808,0.935572803,2.567293406,-31.705751419,-0.305013239,-4.860878944,-1.088629723,4.359439373,-9.752062798,-0.517131686,0.591767788,0.491892815,-2.470288992,-0.018678494,-0.999580503,0.105460703,-2.180272818,-0.523622751,-0.968932152,-3.168526173,0.490930378,-0.639034152,-0.544552207
575,11500.016,1786880265952.658,15053770.593,0.000000000,6.813343048,-5.745515347,7.383348465,-21.289630890,-3.171305418,0.225227505,-0.042737041,1.161352754,1.648183465,-30.336292267,-0.216095716,-4.662749767,-1.120805502,4.439360142,-9.894791603,-0.532447338,0.503158808,0.452144653,-2.520353079,0.017386455,-1.009218216,0.109573908,-2.208357573,-0.484744936,-0.966137886,-3.201144934,0.503698766,-0.658636808,-0.532385111
576,11520.046,1786880265972.688,15053790.623,0.000000000,7.171585083,-5.565847397,7.455444813,-22.137319565,-3.576792717,0.219500110,-0.188898787,1.446357012,0.769085467,-29.237691879,-0.078866519,-4.485276222,-1.177428603,4.542187691,-10.029387474,-0.556715786,0.420302153,0.406759143,-2.574218988,0.050003856,-1.017791390,0.130043238,-2.205154181,-0.455166578,-0.962753177,-3.212766647,0.518165648,-0.676339507,-0.515067279
577,11540.003,1786880265992.645,15053810.580,0.000000000,7.528204441,-5.575938225,7.569681168,-22.584468842,-3.945403576,0.201075599,-0.453552246,1.568297029,0.126418129,-28.623123169,0.053843554,-4.373456955,-1.248761654,4.619964123,-10.122571945,-0.584677160,0.364067495,0.365416616,-2.614445210,0.078033991,-1.026584387,0.153826430,-2.175050497,-0.430900931,-0.958720624,-3.206126451,0.531723082,-0.691531122,-0.496601671
578,11560.016,1786880266012.658,15053830.593,0.000000000,7.765644073,-5.697109699,7.705855846,-22.617021561,-4.191045284,0.157712623,-0.788922906,1.608926415,-0.138937041,-28.635395050,0.165057048,-4.335489750,-1.304073811,4.653098106,-10.139620781,-0.609626293,0.346240878,0.339018047,-2.634492636,0.097247578,-1.035078883,0.175700232,-2.133037329,-0.427442551,-0.955758274,-3.181288481,0.538608611,-0.695668817,-0.481617957
579,11580.032,1786880266032.675,15053850.609,0.000000000,7.903209686,-5.888106346,7.793796539,-22.201131821,-4.281325340,0.097808540,-1.148838639,1.610840559,-0.034566857,-29.249633789,0.251703113,-4.387058258,-1.351534486,4.691930771,-10.095128059,-0.628195941,0.368400842,0.328009635,-2.640756607,0.108955435,-1.043312430,0.194715217,-2.086492538,-0.445522547,-0.956023514,-3.153458595,0.539220989,-0.688538373,-0.470726967
580,11599.998,1786880266052.640,15053870.575,0.000000000,8.000895500,-6.074051380,7.808029175,-21.469669342,-4.201684952,0.029974163,-1.470884562,1.577442765,0.368146300,-30.205858231,0.320594430,-4.508819103,-1.385393620,4.744302750,-10.018626213,-0.637351930,0.423767775,0.330649793,-2.638774395,0.112275071,-1.051362634,0.209836364,-2.042243004,-0.471969426,-0.960487962,-3.127752781,0.534162283,-0.678189218,-0.464419752
581,11620.029,1786880266072.672,15053890.607,0.000000000,8.050750732,-6.243412971,7.742544174,-20.681156158,-3.972743988,-0.034164529,-1.725970387,1.409070730,0.918360531,-31.129358292,0.383765221,-4.642721653,-1.406639218,4.791434765,-9.962450027,-0.639839590,0.494815975,0.343805879,-2.633903265,0.108511254,-1.058577895,0.219410032,-2.005037069,-0.494158149,-0.967016518,-3.103624821,0.527853727,-0.670281768,-0.463188857
582,11640.026,1786880266092.669,15053910.604,0.000000000,8.040804863,-6.348731995,7.621092796,-20.106294632,-3.668483257,-0.086244382,-1.840435624,1.121063232,1.438420057,-31.749652863,0.438367575,-4.740550518,-1.406609654,4.817129612,-9.965821266,-0.639698744,0.557118118,0.362818182,-2.635759830,0.099971928,-1.064678907,0.223819122,-1.981767893,-0.507544994,-0.971208096,-3.088662863,0.520932972,-0.663788974,-0.465517998
583,11660.027,1786880266112.669,15053930.604,0.000000000,8.027347565,-6.300423622,7.455627441,-19.797149658,-3.364005804,-0.123267293,-1.781845808,0.872995794,1.782520175,-31.983486176,0.508178234,-4.788216114,-1.385462403,4.845511436,-10.029716492,-0.637107790,0.593308449,0.378528595,-2.648828268,0.090494804,-1.069180965,0.222460166,-1.972566485,-0.511055171,-0.972193003,-3.085927248,0.514212608,-0.661249161,-0.468955189
584,11680.036,1786880266132.678,15053950.613,0.000000000,8.099205971,-6.148342609,7.279446125,-19.724370956,-3.096888304,-0.147837982,-1.650251269,0.691006064,1.889294744,-31.829380035,0.610698164,-4.781943798,-1.360008359,4.885389328,-10.130806923,-0.633676589,0.601129830,0.385600865,-2.668329239,0.084281184,-1.073086381,0.215689734,-1.971640468,-0.505566835,-0.970772922,-3.092070580,0.509398222,-0.662445724,-0.472097725
585,11700.018,1786880266152.660,15053970.595,0.000000000,8.291065216,-5.968976498,7.127824306,-19.891986847,-2.881043673,-0.169558093,-1.530376077,0.593432188,1.771809459,-31.368551254,0.757041395,-4.730847836,-1.346321464,4.940338612,-10.243468285,-0.634407401,0.583814859,0.382920504,-2.693782091,0.084678113,-1.076474428,0.205019951,-1.972963095,-0.498475850,-0.969729662,-3.102874994,0.507510602,-0.668316901,-0.472545058
586,11720.029,1786880266172.672,15053990.607,0.000000000,8.604303360,-5.812767506,7.019906521,-20.221397400,-2.733189821,-0.194005087,-1.473492742,0.558905900,1.479065657,-30.727811813,0.944752872,-4.647846222,-1.349398017,5.009569645,-10.350395203,-0.637500584,0.547103345,0.371277392,-2.722166538,0.093599550,-1.080017567,0.192442223,-1.969284534,-0.488445520,-0.968859911,-3.115105391,0.507771671,-0.673209965,-0.469044596
587,11740.030,1786880266192.673,15054010.608,0.000000000,8.951011658,-5.690220356,6.958935738,-20.617298126,-2.658834457,-0.226827025,-1.530530453,0.573594630,1.087828398,-30.021871567,1.156150341,-4.549124718,-1.367049694,5.083263397,-10.444317818,-0.637336671,0.499710411,0.352049530,-2.744232893,0.108211234,-1.084665298,0.179933012,-1.957196712,-0.474572092,-0.967379451,-3.125573397,0.509730816,-0.678002656,-0.462037623
588,11760.029,1786880266212.671,15054030.606,0.000000000,9.276097298,-5.575936794,6.938951015,-20.978874207,-2.667550325,-0.269941777,-1.682575822,0.623828590,0.681846619,-29.381998062,1.357649803,-4.448595047,-1.389407992,5.147229671,-10.506554604,-0.631296635,0.452514887,0.329277724,-2.753384590,0.125041679,-1.090250850,0.169493660,-1.938126445,-0.456934959,-0.964624763,-3.133258581,0.511391580,-0.680444419,-0.452686489
589,11780.029,1786880266232.671,15054050.606,0.000000000,9.587641716,-5.519483566,6.939245224,-21.214841843,-2.733505011,-0.317123860,-1.871219039,0.651006520,0.337980062,-28.939804077,1.533804774,-4.379147530,-1.418341994,5.186502934,-10.523376465,-0.622428000,0.413173825,0.305696726,-2.753965616,0.141861379,-1.096836448,0.161928207,-1.913725019,-0.439306498,-0.962692142,-3.136161804,0.511290908,-0.681316733,-0.442095697
590,11800.006,1786880266252.649,15054070.583,0.000000000,9.794363022,-5.498642445,6.946102142,-21.276752472,-2.808533669,-0.375103503,-2.136254787,0.665486693,0.127307013,-28.741706848,1.680896878,-4.330320835,-1.442644835,5.191192150,-10.504083633,-0.609527171,0.388566345,0.286272258,-2.740178823,0.156852350,-1.104104877,0.158929363,-1.887373924,-0.430093437,-0.961711645,-3.131785393,0.507063508,-0.683616161,-0.435844600
591,11820.036,1786880266272.678,15054090.614,0.000000000,10.254878044,-5.511659622,6.934522629,-20.118234634,-2.776082516,-0.433654338,-2.680169582,0.859520793,0.402616382,-29.099229813,1.914337277,-4.356843472,-1.615041018,5.419792175,-10.409774780,-0.819730639,0.324915975,0.239883944,-2.787685633,0.240084976,-1.106303573,0.150210977,-1.836903811,-0.429033458,-0.948257327,-3.044820547,0.526544809,-0.689256430,-0.443123162
592,11840.035,1786880266292.678,15054110.613,0.000000000,10.450070381,-5.779071808,6.912157059,-19.566009521,-2.655101299,-0.497536808,-3.025421858,0.600816846,0.630239069,-29.554918289,2.052255630,-4.405677319,-1.633661270,5.364202499,-10.296617508,-0.823233187,0.331133902,0.241286561,-2.764698267,0.254349202,-1.111697555,0.146307617,-1.788122416,-0.446258813,-0.946450651,-3.003398418,0.513348818,-0.687907636,-0.442987502
593,11860.034,1786880266312.676,15054130.611,0.000000000,10.470395088,-5.939354897,6.846391678,-19.250673294,-2.505043268,-0.554176450,-3.213099480,0.407473445,0.851474941,-29.992481232,2.154332399,-4.455754757,-1.573192835,5.242853642,-10.222790718,-0.759221077,0.368965596,0.253532499,-2.733315229,0.253672302,-1.115501165,0.146567941,-1.762109160,-0.464735329,-0.942825615,-2.980514050,0.495810866,-0.685784638,-0.448228419
594,11880.001,1786880266332.643,15054150.578,0.000000000,10.436385155,-5.969648361,6.717434883,-19.125501633,-2.369499207,-0.603654325,-3.253835201,0.282581627,1.024162531,-30.262605667,2.213106632,-4.488784790,-1.498879910,5.138394833,-10.199855804,-0.688589692,0.404002190,0.264925569,-2.707522154,0.250395179,-1.119253635,0.149709225,-1.754294991,-0.477101982,-0.941202343,-2.971074581,0.481045961,-0.682642758,-0.454132110
595,11899.996,1786880266352.638,15054170.573,0.000000000,10.430233955,-5.887471199,6.555432320,-19.170871735,-2.261428595,-0.646433592,-3.228304148,0.206691906,1.069587827,-30.299997330,2.255177259,-4.492280483,-1.435717463,5.066152096,-10.238064766,-0.630283594,0.420165569,0.271189183,-2.690753698,0.245206401,-1.122142911,0.155189693,-1.754047990,-0.480116308,-0.942674160,-2.970214128,0.472458512,-0.680079818,-0.457697064
596,11920.082,1786880266372.724,15054190.659,0.000000000,10.159661293,-5.780164719,6.406047344,-20.421321869,-2.297819614,-0.692494631,-2.928214312,-0.053455438,0.652129531,-29.845666885,2.155801296,-4.418279648,-1.227852345,4.777503490,-10.361483574,-0.369012535,0.479752213,0.303235292,-2.621838808,0.173681870,-1.119419336,0.170800820,-1.787410498,-0.480709672,-0.957701921,-3.050753593,0.439318717,-0.677541196,-0.444699019
597,11940.028,1786880266392.671,15054210.606,0.000000000,10.167728424,-5.453283310,6.272268295,-21.122724533,-2.415457726,-0.717818439,-2.747325897,0.108333610,0.338485032,-29.240573883,2.130405664,-4.320539951,-1.191370130,4.772241116,-10.495138168,-0.340580523,0.478201449,0.289940029,-2.635336161,0.174179778,-1.111717939,0.184013009,-1.822283983,-0.464517504,-0.961843491,-3.086763859,0.439522833,-0.680405259,-0.442051619
598,11959.999,1786880266412.642,15054230.577,0.000000000,10.322419167,-5.205559254,6.174044132,-21.642217636,-2.524952888,-0.741635084,-2.630463839,0.163926288,0.043190546,-28.519788742,2.153732777,-4.219056129,-1.260758042,4.827174664,-10.581624031,-0.387517542,0.451753378,0.271021068,-2.664384604,0.191878572,-1.119151354,0.194899917,-1.834867716,-0.451454520,-0.968237340,-3.099851847,0.445769757,-0.682763696,-0.440290511
599,11980.027,1786880266432.669,15054250.604,0.000000000,10.488360405,-5.028054237,6.111050129,-21.949739456,-2.584333658,-0.765579641,-2.633407593,0.179713845,-0.232714593,-27.927467346,2.257857800,-4.153350830,-1.347005486,4.871521950,-10.649493217,-0.447124362,0.424679428,0.251982212,-2.695067644,0.211013570,-1.127584100,0.203007594,-1.824449658,-0.449079424,-0.974262893,-3.101525307,0.454971045,-0.685613751,-0.439320356
600,12000.019,1786880266452.661,15054270.596,0.000000000,10.647996902,-4.907138348,6.078375816,-22.036764145,-2.620795488,-0.795708358,-2.726805687,0.194448858,-0.408348262,-27.568784714,2.382804871,-4.114690304,-1.431167364,4.902344227,-10.670736313,-0.490118176,0.406974077,0.236698315,-2.721631289,0.227874249,-1.133919716,0.207260907,-1.803428531,-0.453384608,-0.980342150,-3.094497442,0.458827347,-0.685926795,-0.440231979
601,12020.029,1786880266472.672,15054290.607,0.000000000,10.865843773,-4.912285805,6.054265022,-21.859151840,-2.584178925,-0.830752134,-2.855333805,0.149595037,-0.455476463,-27.532445908,2.545293570,-4.115640163,-1.494121909,4.898788452,-10.637108803,-0.514387310,0.401651978,0.223443821,-2.731787682,0.242922261,-1.138956547,0.209325805,-1.774276853,-0.458252966,-0.984979451,-3.081686497,0.462094665,-0.684395790,-0.433626384
602,12040.028,1786880266492.671,15054310.606,0.000000000,11.011946678,-4.966918468,6.020223141,-21.444295883,-2.469869852,-0.875358164,-3.098604441,0.069748566,-0.360759676,-27.710546494,2.705334663,-4.135285378,-1.517778158,4.859302044,-10.584073067,-0.521797359,0.410244048,0.215865672,-2.723717213,0.252477854,-1.137187958,0.210118100,-1.743713856,-0.467868656,-0.985536218,-3.061964035,0.461977303,-0.682579041,-0.436267257
603,12060.004,1786880266512.646,15054330.581,0.000000000,11.123067856,-5.053966045,5.966533184,-20.992219925,-2.307134628,-0.922516763,-3.319856882,-0.053965341,-0.158144861,-28.030897141,2.842086554,-4.174076080,-1.528321266,4.808804512,-10.522767067,-0.517166674,0.431476861,0.213033780,-2.709933996,0.256677538,-1.130662560,0.209649652,-1.715028524,-0.468948305,-0.982107699,-3.042932034,0.460679829,-0.680434704,-0.436643898
604,12079.997,1786880266532.639,15054350.574,0.000000000,11.189392090,-5.088922977,5.879967690,-20.607206345,-2.137309790,-0.970615089,-3.475251675,-0.171961978,0.091982618,-28.296861649,2.939759493,-4.214110374,-1.522410393,4.771485329,-10.452150345,-0.504242599,0.454852641,0.215822265,-2.693082809,0.258083642,-1.122953415,0.208409905,-1.692798615,-0.466375798,-0.975875735,-3.023984194,0.455237120,-0.679229200,-0.436793834
605,12100.020,1786880266552.663,15054370.598,0.000000000,11.537707329,-5.020848274,5.743060589,-19.246551514,-1.880828261,-0.996433973,-3.816003799,-0.023089787,0.635668695,-28.743316650,3.146431208,-4.290153980,-1.659666061,5.014496326,-10.357736588,-0.713243484,0.415391117,0.186109796,-2.739557028,0.329133600,-1.117809415,0.196794018,-1.651846766,-0.460828483,-0.955453634,-2.932099581,0.479271352,-0.681174517,-0.444781303
606,12120.031,1786880266572.673,15054390.608,0.000000000,11.651097298,-5.115963936,5.579017162,-18.755958557,-1.607347488,-1.036831856,-3.938206673,-0.277085572,0.865267217,-28.976554871,3.272592068,-4.333458424,-1.650528669,5.048491478,-10.303849220,-0.735427439,0.416914374,0.195658058,-2.725339651,0.331748694,-1.124137163,0.186143667,-1.614365816,-0.462725997,-0.943583846,-2.894713879,0.475062519,-0.678641677,-0.442036241
607,12140.035,1786880266592.677,15054410.612,0.000000000,11.386526108,-5.143385887,5.441911221,-19.788476944,-1.493180633,-1.094287515,-3.727178097,-0.660591125,0.563369870,-28.697189331,3.241936922,-4.291840076,-1.397385478,4.805328369,-10.360316277,-0.482160956,0.486355275,0.243532389,-2.652435780,0.254916370,-1.119911313,0.189386308,-1.626973629,-0.460657239,-0.939542055,-2.959616423,0.441153795,-0.678290308,-0.430152416
608,12160.004,1786880266612.646,15054430.581,0.000000000,11.384219170,-4.877051830,5.314421177,-20.475757599,-1.538819075,-1.123281956,-3.614434719,-0.544554293,0.312386930,-28.167341232,3.220106840,-4.201361656,-1.300136805,4.833298206,-10.469305038,-0.431043714,0.490866661,0.245413318,-2.661672354,0.248076081,-1.111808300,0.195203707,-1.657079935,-0.440074176,-0.928988934,-2.990893364,0.439770937,-0.683552027,-0.428946704
609,12180.032,1786880266632.675,15054450.609,0.000000000,11.507992744,-4.618218899,5.209321976,-21.166971207,-1.667784810,-1.145627379,-3.535038471,-0.472853750,-0.025004100,-27.459810257,3.195435286,-4.077636719,-1.342344046,4.917200565,-10.590020180,-0.442487091,0.460174620,0.231448293,-2.695077419,0.253952652,-1.119913101,0.202346504,-1.669839382,-0.417533785,-0.927159786,-3.011015654,0.446174532,-0.689165056,-0.428595006
610,12200.032,1786880266652.675,15054470.610,0.000000000,11.644416809,-4.372482777,5.149874687,-21.798929214,-1.853163242,-1.163860798,-3.490843058,-0.394073755,-0.397380322,-26.734378815,3.187866449,-3.954435349,-1.416886926,5.005001068,-10.701685905,-0.468578190,0.421357721,0.210351869,-2.729180574,0.265145510,-1.131544590,0.208387092,-1.667704105,-0.411852747,-0.931446254,-3.021764517,0.452244759,-0.693202794,-0.431339979
611,12220.042,1786880266672.685,15054490.620,0.000000000,11.758183479,-4.178956985,5.116216183,-22.278516769,-2.044235945,-1.180203080,-3.451526165,-0.301567912,-0.703481793,-26.175085068,3.213247299,-3.863543510,-1.499715328,5.088993549,-10.772912025,-0.493159264,0.387522310,0.188925609,-2.754444838,0.279934943,-1.142272353,0.211257070,-1.656529069,-0.420435011,-0.939673364,-3.026642561,0.454940706,-0.693771303,-0.433981121
612,12240.141,1786880266692.783,15054510.718,0.000000000,11.842226982,-4.087617874,5.094988346,-22.495130539,-2.186191320,-1.199865937,-3.481035709,-0.244859174,-0.906754553,-25.874303818,3.279103279,-3.823511362,-1.570667267,5.152379990,-10.799241066,-0.509758532,0.366003573,0.173647866,-2.764631271,0.294648409,-1.148180127,0.213065088,-1.634450078,-0.439858943,-0.950944483,-3.022523642,0.455620617,-0.690765202,-0.435844153
613,12260.006,1786880266712.648,15054530.583,0.000000000,11.912679672,-4.116102695,5.093130589,-22.449296951,-2.252661705,-1.226537108,-3.614925385,-0.237949952,-0.968283474,-25.913604736,3.364773750,-3.835285902,-1.602518082,5.179243088,-10.797512054,-0.518849254,0.365869313,0.166725501,-2.764673710,0.305808395,-1.148602962,0.215371802,-1.606632113,-0.461731911,-0.961599827,-3.011750937,0.457073152,-0.686301291,-0.436134875
614,12280.028,1786880266732.671,15054550.606,0.000000000,11.979797363,-4.224711895,5.095830917,-22.220943451,-2.251137257,-1.256765962,-3.754750013,-0.267081439,-0.882186532,-26.224641800,3.447697878,-3.889290571,-1.619905591,5.182065487,-10.773077011,-0.519343674,0.383004159,0.166936874,-2.763282061,0.311167955,-1.149428487,0.217055544,-1.577746868,-0.472305775,-0.970635831,-3.000007153,0.455259264,-0.684234619,-0.429323494
615,12300.017,1786880266752.660,15054570.595,0.000000000,12.018160820,-4.352346420,5.086373329,-21.832073212,-2.169384241,-1.295554996,-3.900907755,-0.334014505,-0.673341036,-26.580818176,3.527240992,-3.957186699,-1.615614772,5.152932167,-10.719773293,-0.509352207,0.411062151,0.172879949,-2.748250723,0.312138885,-1.144342780,0.217673719,-1.558221102,-0.480611026,-0.973561049,-2.985962391,0.448429048,-0.681115806,-0.431353927
616,12320.136,1786880266772.779,15054590.714,0.000000000,12.355253220,-4.400843620,5.041017056,-20.339931488,-1.929093242,-1.308405280,-4.255824566,-0.167970434,-0.070554070,-27.212568283,3.730149031,-4.071290493,-1.754182816,5.358383656,-10.618391037,-0.714815259,0.382261723,0.146970823,-2.787853956,0.367024213,-1.140058398,0.205864564,-1.519121051,-0.481385320,-0.960973859,-2.896821976,0.470396459,-0.681105077,-0.440798879
617,12340.030,1786880266792.673,15054610.608,0.000000000,12.464652061,-4.570201397,4.937438965,-19.721656799,-1.624439001,-1.348446846,-4.409566879,-0.390867978,0.287120283,-27.676837921,3.862278223,-4.151504517,-1.746931434,5.337534428,-10.544464111,-0.732009590,0.394630253,0.160778686,-2.764720678,0.341702402,-1.141248465,0.192980438,-1.481021047,-0.480669707,-0.953123689,-2.861161709,0.465672135,-0.676782489,-0.438721508
618,12360.003,1786880266812.646,15054630.581,0.000000000,12.172922134,-4.637902737,4.791623592,-20.659635544,-1.446886539,-1.414994359,-4.204396248,-0.793517411,0.101477548,-27.572500229,3.834987640,-4.125961781,-1.502164483,5.050127029,-10.578911781,-0.482552826,0.471726298,0.212698042,-2.686393738,0.272463650,-1.128572583,0.192472160,-1.494171977,-0.475349396,-0.949787676,-2.929865599,0.432162583,-0.676692903,-0.428997666
619,12380.031,1786880266832.673,15054650.608,0.000000000,12.103109360,-4.350333691,4.622509956,-21.223831177,-1.407657027,-1.443421245,-4.050026894,-0.723203838,-0.058319211,-27.110578537,3.807918549,-4.030770779,-1.408383489,5.062994003,-10.658845901,-0.428280324,0.485776097,0.218779236,-2.692375660,0.277309597,-1.116260409,0.191977352,-1.536446214,-0.457465410,-0.940660655,-2.964013338,0.429210722,-0.684045553,-0.422938883
620,12399.997,1786880266852.640,15054670.575,0.000000000,12.190748215,-4.019955158,4.478878498,-21.854085922,-1.447715998,-1.462566137,-3.929852724,-0.685993373,-0.309923679,-26.360723495,3.770298243,-3.902376413,-1.432618499,5.150233269,-10.744071960,-0.433258295,0.461198747,0.206128165,-2.723505735,0.279026926,-1.122583032,0.191140920,-1.562316895,-0.434055299,-0.941058159,-2.986628294,0.436066508,-0.689072311,-0.421491593
621,12420.030,1786880266872.672,15054690.607,0.000000000,12.263989449,-3.715947628,4.375413895,-22.530437469,-1.569208026,-1.477804422,-3.852939129,-0.655795038,-0.632318258,-25.534208298,3.733057261,-3.764130592,-1.490991116,5.242125511,-10.831593513,-0.452431947,0.422552049,0.187170237,-2.751596928,0.285056770,-1.135223150,0.189127609,-1.572022796,-0.421625614,-0.944871068,-3.000910521,0.443745166,-0.692079186,-0.429562986
622,12440.128,1786880266892.770,15054710.705,0.000000000,12.300382614,-3.438979864,4.293689251,-23.120447159,-1.733745337,-1.492199302,-3.748605013,-0.589503765,-0.937259316,-24.842208862,3.716890335,-3.648276806,-1.559662342,5.326581955,-10.881873131,-0.472190380,0.382749587,0.167540252,-2.774605751,0.296674460,-1.139843822,0.183870628,-1.571716428,-0.421674877,-0.951065660,-3.011549234,0.449259043,-0.693266511,-0.434191853
623,12460.002,1786880266912.644,15054730.579,0.000000000,12.316900253,-3.248625755,4.228531361,-23.471048355,-1.876501679,-1.508122444,-3.718475103,-0.531692088,-1.173650622,-24.396804810,3.739511490,-3.578395128,-1.616638064,5.379790783,-10.891800880,-0.485621870,0.352109045,0.152663782,-2.782278538,0.310166866,-1.144054770,0.178273350,-1.555908918,-0.434036285,-0.959706128,-3.012308836,0.452824056,-0.691610932,-0.436549813
624,12480.030,1786880266932.672,15054750.607,0.000000000,12.344038963,-3.197995424,4.192162514,-23.549385071,-1.963081837,-1.530957341,-3.812982798,-0.508804560,-1.289888382,-24.326412201,3.787207842,-3.563585043,-1.637998581,5.379938126,-10.876703262,-0.493123919,0.341880590,0.145565078,-2.779824734,0.320984185,-1.148255706,0.175017670,-1.531336427,-0.452184290,-0.968276918,-3.003751040,0.456269294,-0.688167274,-0.435769022
625,12500.016,1786880266952.658,15054770.593,0.000000000,12.369410515,-3.256864309,4.175786018,-23.402305603,-1.993876338,-1.561412930,-3.964092255,-0.513664603,-1.255982041,-24.578901291,3.837574244,-3.598928928,-1.643014312,5.347419739,-10.838880539,-0.492307484,0.351302892,0.145589739,-2.773691893,0.325420141,-1.148040414,0.173081756,-1.507234335,-0.465034038,-0.975057364,-2.992240906,0.455571026,-0.684426129,-0.433454126
626,12520.031,1786880266972.673,15054790.608,0.000000000,12.412251472,-3.388725519,4.159516811,-23.064706802,-1.959168077,-1.592818141,-4.093305111,-0.559748054,-1.087291241,-24.988222122,3.888406515,-3.662054062,-1.636030912,5.290847301,-10.766699791,-0.482665867,0.374591053,0.150592983,-2.761671066,0.329029858,-1.146248460,0.172459736,-1.493573546,-0.472315848,-0.976604700,-2.978523016,0.449784905,-0.683598995,-0.427873284
627,12540.030,1786880266992.672,15054810.607,0.000000000,12.416115761,-3.519207478,4.118772030,-22.613155365,-1.848448396,-1.623927593,-4.224009037,-0.651086926,-0.823713124,-25.417436600,3.939874887,-3.734748125,-1.616200924,5.201559067,-10.698922157,-0.469463468,0.405272663,0.157545447,-2.746239901,0.329495609,-1.139590979,0.172659606,-1.490276575,-0.477667958,-0.975701630,-2.966175079,0.444774657,-0.682409286,-0.428634703
628,12560.001,1786880267012.644,15054830.579,0.000000000,12.399167061,-3.585788488,4.030843735,-22.235906601,-1.699775219,-1.651777864,-4.288537502,-0.757561207,-0.545947194,-25.736183167,3.975398064,-3.793170452,-1.605506420,5.134160519,-10.641745567,-0.458714157,0.434216827,0.165968969,-2.737634420,0.326570779,-1.133646131,0.171744555,-1.490589738,-0.478077203,-0.975758135,-2.955821991,0.440904230,-0.681078196,-0.428931177
629,12580.004,1786880267032.646,15054850.581,0.000000000,12.387463570,-3.575337887,3.918553352,-22.070594788,-1.552078247,-1.678557396,-4.283446312,-0.857996523,-0.341918826,-25.837064743,3.998920679,-3.817523241,-1.598164558,5.121362209,-10.606534958,-0.452884406,0.456285477,0.173945293,-2.736261606,0.322492778,-1.130169153,0.170333534,-1.494372368,-0.473919451,-0.974691808,-2.950161219,0.438761473,-0.680138528,-0.427921116
630,12599.998,1786880267052.640,15054870.575,0.000000000,12.390336990,-3.471306801,3.797219038,-22.143810272,-1.437959552,-1.703891277,-4.230270386,-0.922283292,-0.258203357,-25.694133759,4.009556770,-3.800175190,-1.591688991,5.154072762,-10.607750893,-0.450773239,0.464375645,0.178455532,-2.741523027,0.319193453,-1.129737973,0.168250620,-1.499377370,-0.464752644,-0.971716404,-2.950550795,0.439137936,-0.680315316,-0.426413417
631,12620.001,1786880267072.644,15054890.579,0.000000000,12.419341087,-3.298101425,3.675279617,-22.415950775,-1.372044325,-1.725932837,-4.145208359,-0.963557780,-0.310407698,-25.322292328,4.010406017,-3.742855310,-1.594369292,5.214510918,-10.637108803,-0.451699287,0.457150131,0.177772820,-2.752243996,0.317977965,-1.132052779,0.165001154,-1.503843427,-0.453803927,-0.968072712,-2.955219030,0.442528337,-0.682338834,-0.425809592
632,12639.997,1786880267092.639,15054910.574,0.000000000,12.459504128,-3.088751078,3.562990904,-22.827621460,-1.360889435,-1.745457649,-4.053250790,-0.988246143,-0.474692166,-24.786237717,4.006466389,-3.657839298,-1.604117155,5.281348705,-10.682974815,-0.455096543,0.437352210,0.172135964,-2.765683889,0.318879575,-1.136140227,0.160820365,-1.505321383,-0.444713503,-0.964536071,-2.960800171,0.448207289,-0.685156286,-0.425708711
633,12660.003,1786880267112.646,15054930.580,0.000000000,12.493825912,-2.859287739,3.462906599,-23.294233322,-1.405304193,-1.764446139,-3.969292879,-0.969110548,-0.702810824,-24.208999634,4.001612186,-3.563394785,-1.617544413,5.345637321,-10.730160713,-0.458662182,0.410297662,0.162926078,-2.777484655,0.321494430,-1.139538884,0.156262353,-1.502921104,-0.439796925,-0.961753666,-2.965342522,0.454451799,-0.687631607,-0.425660521
634,12679.996,1786880267132.638,15054950.573,0.000000000,12.505998611,-2.634055376,3.369278431,-23.711038589,-1.492124915,-1.783032656,-3.926530600,-0.895191908,-0.938417554,-23.731561661,4.000231266,-3.479116917,-1.631261349,5.404970646,-10.763926506,-0.460865170,0.383679867,0.152445033,-2.782778263,0.324967504,-1.139495611,0.151871234,-1.496972799,-0.441650629,-0.960907578,-2.967112541,0.459984124,-0.687770426,-0.429426670
635,12699.999,1786880267152.641,15054970.576,0.000000000,12.512933731,-2.471568108,3.292883396,-24.015798569,-1.600925684,-1.802272677,-3.933999538,-0.838928342,-1.130282283,-23.413076401,3.997130156,-3.417193174,-1.646969676,5.446434975,-10.771579742,-0.461293876,0.365066528,0.143726304,-2.780652523,0.328938574,-1.138106704,0.148004621,-1.488611221,-0.448323816,-0.962487519,-2.964661598,0.464417875,-0.686722457,-0.429707497
636,12720.004,1786880267172.646,15054990.581,0.000000000,12.509899139,-2.386200666,3.232762575,-24.170942307,-1.703536868,-1.824391007,-3.982052565,-0.805865407,-1.238613248,-23.292207718,3.993197680,-3.386458397,-1.657398820,5.467226028,-10.752672195,-0.459708571,0.357698530,0.139038727,-2.773914814,0.332411826,-1.136853099,0.145022050,-1.479752660,-0.457976222,-0.964924157,-2.958665848,0.466989934,-0.684881806,-0.429212242
637,12740.002,1786880267192.644,15055010.579,0.000000000,12.500535965,-2.378277063,3.186891079,-24.175115585,-1.778280377,-1.848670483,-4.056951523,-0.804859638,-1.248869658,-23.356140137,3.989045382,-3.386983395,-1.661201596,5.466542721,-10.717282295,-0.456079602,0.362091541,0.138703346,-2.766262531,0.334331512,-1.136441827,0.143291175,-1.472542167,-0.467767447,-0.967133343,-2.950437307,0.467627555,-0.682555854,-0.428376794
638,12759.998,1786880267212.640,15055030.575,0.000000000,12.495501518,-2.432383776,3.151273012,-24.075834274,-1.813332915,-1.869971037,-4.128654480,-0.844415545,-1.171235561,-23.556304932,3.986325741,-3.410869837,-1.661595941,5.447212696,-10.678665161,-0.452516466,0.375448912,0.141733795,-2.761920691,0.335681856,-1.137845874,0.142567754,-1.467104435,-0.473788112,-0.968904793,-2.942041397,0.466654122,-0.682377577,-0.424563766
639,12779.993,1786880267232.635,15055050.570,0.000000000,12.482553482,-2.502668858,3.116924286,-23.934537888,-1.804867268,-1.894964337,-4.198773384,-0.896716297,-1.030420303,-23.804405212,3.982988596,-3.447941780,-1.656941772,5.412329674,-10.647809029,-0.449719608,0.392860860,0.147005022,-2.760675192,0.333863616,-1.138587356,0.142884225,-1.467057347,-0.477608413,-0.970136762,-2.935954094,0.464477062,-0.680057526,-0.423916519
640,12800.000,1786880267252.643,15055070.578,0.000000000,12.467082977,-2.537910700,3.064182520,-23.832195282,-1.768973589,-1.919927478,-4.230264664,-0.935932457,-0.881593883,-24.012321472,3.977113962,-3.479341507,-1.654564500,5.388571739,-10.631063461,-0.449088812,0.409213901,0.152521193,-2.764966488,0.331193149,-1.138731003,0.143371671,-1.470525742,-0.479224056,-0.971093893,-2.933552504,0.462311089,-0.679233015,-0.423732758
641,12819.998,1786880267272.641,15055090.576,0.000000000,12.460464478,-2.520275354,2.992227077,-23.813119888,-1.721049190,-1.941845417,-4.221930027,-0.971136272,-0.768864453,-24.092521667,3.968968868,-3.492189407,-1.656242728,5.385883808,-10.631947517,-0.449789703,0.421057791,0.156689897,-2.772368193,0.328351945,-1.139872551,0.143581361,-1.475230932,-0.478881478,-0.972094178,-2.934373379,0.460911870,-0.679319978,-0.423841208
642,12839.998,1786880267292.640,15055110.575,0.000000000,12.463246346,-2.443772316,2.906507492,-23.907066345,-1.678406239,-1.961672187,-4.179256916,-1.004328370,-0.717095554,-24.003168106,3.956415892,-3.479941845,-1.661441207,5.405025959,-10.646680832,-0.451195627,0.425759882,0.159022853,-2.780839682,0.325848311,-1.141868114,0.143025115,-1.479889631,-0.476660341,-0.973079801,-2.937322617,0.461315483,-0.679958284,-0.424067676
643,12860.002,1786880267312.644,15055130.579,0.000000000,12.467307091,-2.314543009,2.813289642,-24.113254547,-1.654916048,-1.979968309,-4.111408710,-1.029980302,-0.736929476,-23.752624512,3.940397739,-3.443106174,-1.669445395,5.442220688,-10.670577049,-0.452566594,0.422025383,0.159061670,-2.789477348,0.324241668,-1.143442035,0.141364008,-1.483145475,-0.473226219,-0.973619103,-2.941165924,0.463764697,-0.680896580,-0.424301147
644,12880.000,1786880267332.642,15055150.577,0.000000000,12.466516495,-2.149430037,2.717990875,-24.403539658,-1.659199476,-1.997366428,-4.033419609,-1.044433713,-0.819187939,-23.391357422,3.920540094,-3.388330698,-1.679504156,5.486996174,-10.695952415,-0.453649431,0.411036998,0.156682938,-2.797091722,0.323622823,-1.142605424,0.138551146,-1.484167695,-0.469469070,-0.973889530,-2.944730759,0.467908084,-0.681859910,-0.424538672
645,12899.999,1786880267352.641,15055170.576,0.000000000,12.453296661,-1.965718389,2.624069214,-24.732870102,-1.692309976,-2.014938116,-3.958644390,-1.041714549,-0.939223528,-22.995672226,3.899203539,-3.325868130,-1.690277696,5.529654503,-10.713205338,-0.453911334,0.395796686,0.152472988,-2.801216841,0.323729485,-1.140335560,0.134758085,-1.482562542,-0.466964871,-0.974044502,-2.946887732,0.472785294,-0.682558477,-0.424729198
646,12920.002,1786880267372.644,15055190.579,0.000000000,12.419610977,-1.781106353,2.530361652,-25.038442612,-1.748779774,-2.033139706,-3.910878897,-1.011064887,-1.066465735,-22.656986237,3.878808737,-3.268333912,-1.697828174,5.566246510,-10.716550827,-0.452842444,0.380536556,0.147676855,-2.800525665,0.324239761,-1.137323141,0.130552933,-1.478664041,-0.467768282,-0.974439979,-2.946933746,0.477228075,-0.682022274,-0.428774238
647,12940.005,1786880267392.647,15055210.582,0.000000000,12.385043144,-1.636189342,2.446714163,-25.280515671,-1.819446921,-2.052295685,-3.896074772,-0.993678868,-1.170914650,-22.421869278,3.854934216,-3.223675966,-1.704798102,5.588170528,-10.702115059,-0.450335264,0.369591981,0.143820345,-2.795552492,0.324990511,-1.133822799,0.126350701,-1.473755836,-0.471045226,-0.975635290,-2.944340706,0.480763793,-0.680985212,-0.429178774
648,12960.004,1786880267412.647,15055230.582,0.000000000,12.352256775,-1.548193336,2.376526594,-25.442050934,-1.888656735,-2.073337555,-3.912821770,-0.994124889,-1.226552844,-22.323392868,3.828348398,-3.198879957,-1.707533002,5.591754436,-10.671623230,-0.447075486,0.364938557,0.142232537,-2.788477898,0.325461745,-1.130378842,0.122664049,-1.468567848,-0.475496769,-0.976550698,-2.939546108,0.483028144,-0.679455638,-0.428650945
649,12979.997,1786880267432.639,15055250.574,0.000000000,12.319805145,-1.514714599,2.318976402,-25.519147873,-1.945441246,-2.095902443,-3.952599049,-1.013406038,-1.223579645,-22.357299805,3.799547911,-3.194732189,-1.706378460,5.579176903,-10.632262230,-0.443545043,0.366810530,0.143036157,-2.781838894,0.325343758,-1.127555132,0.119955562,-1.464752078,-0.479841262,-0.977020442,-2.933822632,0.484019220,-0.677912772,-0.427836359
650,13000.002,1786880267452.644,15055270.579,0.000000000,12.292756081,-1.519661307,2.271150589,-25.518524170,-1.983881235,-2.115199566,-3.996755838,-1.055008531,-1.169618726,-22.486818314,3.771114826,-3.205357790,-1.704224348,5.555504799,-10.592359543,-0.441029370,0.374003738,0.145621896,-2.778317451,0.325592041,-1.126063585,0.118073709,-1.462888241,-0.482598037,-0.977447391,-2.928479671,0.483967751,-0.678480029,-0.424359888
651,13020.003,1786880267472.645,15055290.580,0.000000000,12.260967255,-1.541115165,2.224467754,-25.477283478,-2.000328541,-2.137046814,-4.046771049,-1.093720794,-1.077292085,-22.665891647,3.742003441,-3.227443218,-1.699689150,5.525594711,-10.558676720,-0.439459532,0.384495437,0.149517849,-2.777112722,0.323412925,-1.125009894,0.117636889,-1.464715004,-0.484646797,-0.978131831,-2.924721718,0.482828230,-0.677580893,-0.423948258
652,13040.002,1786880267492.644,15055310.579,0.000000000,12.232291222,-1.551691294,2.170218229,-25.450210571,-2.002162933,-2.158104181,-4.078320503,-1.126601338,-0.978286684,-22.828317642,3.711210489,-3.247756720,-1.697330952,5.505780697,-10.533627510,-0.439456731,0.395500034,0.153822973,-2.778883934,0.320702195,-1.124456286,0.118045852,-1.469034314,-0.485894561,-0.979114294,-2.922994375,0.481614858,-0.677108109,-0.423746437
653,13060.001,1786880267512.644,15055330.579,0.000000000,12.212228775,-1.530341506,2.109443426,-25.478002548,-1.996597886,-2.177684546,-4.084598064,-1.155823827,-0.897907495,-22.907520294,3.679419994,-3.257374525,-1.697724342,5.502835751,-10.520126343,-0.440295577,0.404645890,0.157708555,-2.780942440,0.317900151,-1.123941898,0.118959472,-1.474390030,-0.485916853,-0.980327189,-2.923336029,0.481024981,-0.676901519,-0.423494667
654,13080.001,1786880267532.644,15055350.579,0.000000000,12.200743675,-1.459602714,2.042037249,-25.579196930,-1.993536711,-2.196203947,-4.067687511,-1.178213835,-0.854632854,-22.868558884,3.646735430,-3.250446796,-1.700294137,5.518124104,-10.517240524,-0.441058576,0.409900844,0.160490498,-2.783252954,0.315160930,-1.122724175,0.119888924,-1.479978085,-0.484373450,-0.981745422,-2.925576448,0.481772155,-0.677042484,-0.423409998
655,13100.002,1786880267552.644,15055370.579,0.000000000,12.190765381,-1.347904205,1.966845751,-25.758853912,-2.001519442,-2.213442087,-4.027986526,-1.196655512,-0.858476639,-22.707986832,3.611999989,-3.226090431,-1.707778215,5.547023773,-10.522504807,-0.441622108,0.409737766,0.161436796,-2.785796881,0.312726408,-1.120517850,0.120420761,-1.484484553,-0.481946558,-0.983271956,-2.928817272,0.483933449,-0.677443862,-0.423575610
656,13119.996,1786880267572.639,15055390.574,0.000000000,12.173112869,-1.207450628,1.884777784,-26.000862122,-2.027333021,-2.229718924,-3.970966339,-1.209500313,-0.905473888,-22.455757141,3.575072527,-3.187682629,-1.719261765,5.582043171,-10.529990196,-0.441967398,0.404299885,0.160394594,-2.787969112,0.310681909,-1.117181182,0.120298289,-1.487086058,-0.480420202,-0.984923661,-2.931795597,0.487283409,-0.678057253,-0.424087644
657,13140.002,1786880267592.645,15055410.580,0.000000000,12.135700226,-1.057173967,1.796240568,-26.271471024,-2.071679831,-2.245341063,-3.909452677,-1.207780123,-0.980772078,-22.172540665,3.538151264,-3.143446445,-1.733040571,5.619154930,-10.532962799,-0.441645175,0.395426065,0.157844409,-2.788778305,0.308920801,-1.113031268,0.119542196,-1.486891389,-0.481058508,-0.986774385,-2.933286190,0.491004735,-0.677146196,-0.428112566
658,13160.002,1786880267612.644,15055430.579,0.000000000,12.090046883,-0.919399619,1.715125918,-26.538396835,-2.133055687,-2.261160851,-3.862321615,-1.213774323,-1.060740352,-21.901483536,3.496997118,-3.101246595,-1.745357513,5.648975372,-10.525382042,-0.440557212,0.386213094,0.155057251,-2.787423372,0.307445467,-1.108321071,0.118310094,-1.484902024,-0.483822167,-0.988982916,-2.932501554,0.494855225,-0.676106751,-0.429086000
659,13179.999,1786880267632.641,15055450.576,0.000000000,12.035619736,-0.804948568,1.645011663,-26.770034790,-2.205922604,-2.278605938,-3.835977793,-1.227120996,-1.123924732,-21.682350159,3.452414036,-3.068213940,-1.754387736,5.669932842,-10.504467964,-0.439034104,0.378830701,0.153070450,-2.783508539,0.305909961,-1.103392601,0.116764948,-1.482564926,-0.487920612,-0.990722716,-2.929857016,0.498438776,-0.675083578,-0.429201514
660,13199.995,1786880267652.637,15055470.572,0.000000000,11.976681709,-0.720353365,1.584713221,-26.945108414,-2.281299829,-2.297807217,-3.828674078,-1.245973468,-1.157491684,-21.544540405,3.403793573,-3.047456503,-1.759512424,5.682316303,-10.471745491,-0.436874807,0.374749362,0.152491555,-2.777298212,0.304158032,-1.098542809,0.115104832,-1.481068969,-0.492284536,-0.991917670,-2.925874233,0.501687407,-0.673886478,-0.428899378
661,13220.001,1786880267672.643,15055490.578,0.000000000,11.922128677,-0.664975882,1.535446167,-27.048398972,-2.352782011,-2.314877987,-3.831230640,-1.284033537,-1.157149792,-21.494062424,3.355366707,-3.036984205,-1.762751937,5.686340809,-10.431878090,-0.434033424,0.375143915,0.153195530,-2.769692659,0.302999765,-1.094403267,0.113333844,-1.480881214,-0.495484382,-0.992817342,-2.921176672,0.504299045,-0.674329221,-0.425917983
662,13240.005,1786880267692.647,15055510.582,0.000000000,11.864100456,-0.638111293,1.492133975,-27.090780258,-2.411961079,-2.335197449,-3.853657007,-1.312771916,-1.116048813,-21.531911850,3.306997299,-3.042725801,-1.760028481,5.680307865,-10.391238213,-0.430715531,0.379703581,0.155492976,-2.760838509,0.300053656,-1.090908766,0.112315223,-1.483159423,-0.498139948,-0.993651628,-2.916737556,0.505501926,-0.673010170,-0.425673246
663,13260.005,1786880267712.647,15055530.582,0.000000000,11.815114975,-0.622793317,1.450873613,-27.111221313,-2.459435225,-2.356837034,-3.880966187,-1.337367296,-1.051252723,-21.623296738,3.258208513,-3.055399418,-1.755941510,5.671951771,-10.352587700,-0.427871615,0.387360424,0.158969492,-2.752425909,0.296689391,-1.088019729,0.111867249,-1.487466097,-0.499188513,-0.994410098,-2.913252831,0.506152093,-0.671860218,-0.425346315
664,13280.003,1786880267732.645,15055550.580,0.000000000,11.775854111,-0.602880955,1.405957341,-27.139787674,-2.496380568,-2.378862381,-3.901275396,-1.355166912,-0.980786324,-21.721437454,3.210177660,-3.068433762,-1.753549099,5.665704727,-10.321394920,-0.425831050,0.395869732,0.162737638,-2.745500803,0.293118358,-1.085431695,0.111906819,-1.493134379,-0.499075770,-0.995262325,-2.911642551,0.506693959,-0.671314538,-0.425157726
665,13300.004,1786880267752.646,15055570.581,0.000000000,11.737198830,-0.564892530,1.352091312,-27.192201614,-2.526792049,-2.399740219,-3.910167694,-1.366826892,-0.922540367,-21.781055450,3.162701130,-3.075798988,-1.755195141,5.665476322,-10.300254822,-0.424679428,0.403267443,0.166121811,-2.740213633,0.289484143,-1.082911968,0.112284809,-1.499461293,-0.499792576,-0.996663928,-2.911949635,0.507475913,-0.671876431,-0.425546557
666,13320.005,1786880267772.647,15055590.582,0.000000000,11.695753098,-0.501698434,1.291037798,-27.287332535,-2.558383226,-2.418986082,-3.905141830,-1.377163529,-0.887291253,-21.771408081,3.114578962,-3.073240280,-1.761110306,5.672007084,-10.287678719,-0.424236953,0.408163995,0.168692976,-2.736066580,0.285828352,-1.080105543,0.112929247,-1.505491376,-0.501210868,-0.998889267,-2.913233519,0.508646429,-0.672380507,-0.426026583
667,13340.005,1786880267792.647,15055610.582,0.000000000,11.654492378,-0.413278490,1.225160480,-27.434720993,-2.597841978,-2.436897039,-3.883799314,-1.387835979,-0.878440380,-21.684991837,3.064712048,-3.059943914,-1.769385815,5.684340000,-10.279792786,-0.424340636,0.409695446,0.170251042,-2.732510328,0.282224029,-1.076661229,0.113671824,-1.510486245,-0.503079295,-1.001679063,-2.914705753,0.510569572,-0.672330320,-0.426165789
668,13360.005,1786880267812.647,15055630.582,0.000000000,11.612586021,-0.304263771,1.156826019,-27.631343842,-2.648068905,-2.453916788,-3.847062588,-1.398692489,-0.894604087,-21.530801773,3.012843132,-3.037637234,-1.779503703,5.701425552,-10.273056030,-0.424579024,0.407725990,0.170743391,-2.728926659,0.278808296,-1.072506547,0.114272997,-1.514628172,-0.505193233,-1.004467964,-2.915853262,0.513311982,-0.671706319,-0.425882667
669,13380.005,1786880267832.648,15055650.583,0.000000000,11.567350388,-0.182331055,1.087551951,-27.860616684,-2.709372759,-2.470014572,-3.799312115,-1.405142665,-0.927718043,-21.330604553,2.959833622,-3.010612249,-1.790038228,5.721846104,-10.264758110,-0.424566984,0.403063893,0.170306131,-2.724857569,0.275696546,-1.067786813,0.114501834,-1.517962098,-0.507424414,-1.007052898,-2.916533947,0.516700625,-0.669586420,-0.427990645
670,13399.997,1786880267852.639,15055670.574,0.000000000,11.517990112,-0.057236351,1.020182133,-28.101831436,-2.780843973,-2.486376762,-3.745741129,-1.415171742,-0.968943834,-21.112142563,2.904711723,-2.981317520,-1.801449299,5.743732452,-10.252714157,-0.423910528,0.397119135,0.169284955,-2.719851017,0.272841096,-1.062523961,0.114260659,-1.520505190,-0.509720325,-1.009783983,-2.916527987,0.520581543,-0.667990327,-0.428578973
671,13419.992,1786880267872.635,15055690.570,0.000000000,11.463049889,0.060289033,0.954082072,-28.333444595,-2.859395027,-2.503449917,-3.689947605,-1.423367262,-1.008123398,-20.918375015,2.848989725,-2.953760147,-1.812724590,5.766549110,-10.235428810,-0.422578275,0.391411811,0.168263137,-2.713664293,0.270076752,-1.056984067,0.113569260,-1.522480845,-0.511966527,-1.012260437,-2.915711641,0.524426699,-0.666436732,-0.428710222
672,13440.001,1786880267892.644,15055710.579,0.000000000,11.401812553,0.157669395,0.893626571,-28.533266068,-2.941581011,-2.521293640,-3.646209478,-1.432980895,-1.032532692,-20.785436630,2.792654514,-2.935508490,-1.820803881,5.787942410,-10.213231087,-0.420371771,0.387867808,0.167888999,-2.706100702,0.267403722,-1.051606536,0.112681672,-1.524294972,-0.514209509,-1.014352322,-2.914219379,0.527715802,-0.665051341,-0.428771436
673,13460.004,1786880267912.646,15055730.581,0.000000000,11.335679054,0.228251472,0.841373563,-28.688432693,-3.023990154,-2.540390968,-3.624187231,-1.445434213,-1.033810377,-20.735420227,2.734342098,-2.929192305,-1.825290203,5.805024624,-10.185434341,-0.417734176,0.387552261,0.168734044,-2.697232723,0.264628381,-1.046642542,0.111850075,-1.526786447,-0.516541004,-1.016250372,-2.912446022,0.530366004,-0.664069474,-0.428930700
674,13479.999,1786880267932.641,15055750.576,0.000000000,11.266308784,0.271594375,0.799452364,-28.781061172,-3.102681875,-2.558439493,-3.626577139,-1.474491596,-1.011452556,-20.756906509,2.675508738,-2.930260897,-1.827520370,5.814920425,-10.153038025,-0.414928168,0.390970439,0.170864359,-2.687472820,0.262333542,-1.042076707,0.111072734,-1.530342221,-0.518756509,-1.018105030,-2.910787821,0.532528937,-0.665179431,-0.427250773
675,13500.001,1786880267952.643,15055770.578,0.000000000,11.194192886,0.289449453,0.762489855,-28.830287933,-3.174856186,-2.578770876,-3.650154114,-1.491584897,-0.960683882,-20.866018295,2.615738630,-2.944387436,-1.825656056,5.816384315,-10.119824409,-0.412068397,0.397508264,0.174385533,-2.676866055,0.258654505,-1.038325310,0.111219309,-1.535919547,-0.521269858,-1.019942522,-2.909738064,0.533376038,-0.665005624,-0.427806646
676,13520.002,1786880267972.644,15055790.579,0.000000000,11.121791840,0.295767903,0.726859391,-28.859146118,-3.241385460,-2.599867344,-3.690618038,-1.505501390,-0.895676911,-21.018207550,2.554285526,-2.962695122,-1.822442770,5.815172195,-10.086914062,-0.409847379,0.406479359,0.178849533,-2.666519403,0.254547656,-1.035038590,0.112166114,-1.543019295,-0.523918450,-1.021858096,-2.909398317,0.533805430,-0.665093482,-0.428297192
677,13540.000,1786880267992.642,15055810.577,0.000000000,11.051612854,0.305847257,0.689503133,-28.892147064,-3.304157019,-2.620503664,-3.736646891,-1.518363714,-0.829242587,-21.166540146,2.490997553,-2.979222536,-1.819214106,5.812923908,-10.055983543,-0.408242941,0.416120470,0.183734521,-2.656603336,0.249948487,-1.031928062,0.113941990,-1.551415682,-0.526748657,-1.023843884,-2.910026789,0.534089804,-0.665282249,-0.428674638
678,13560.001,1786880268012.643,15055830.578,0.000000000,10.984145164,0.334930778,0.646912634,-28.952533722,-3.366592169,-2.639856815,-3.775096416,-1.530065417,-0.774363399,-21.266042709,2.425012827,-2.990208626,-1.817333579,5.812216282,-10.029027939,-0.407203645,0.424183398,0.188163310,-2.647334337,0.244937897,-1.028642535,0.116321988,-1.560839295,-0.529550970,-1.026072025,-2.911639452,0.534582436,-0.665355325,-0.428942502
679,13580.001,1786880268032.643,15055850.578,0.000000000,10.918540955,0.390211642,0.597227454,-29.057292938,-3.432061911,-2.657228708,-3.793629885,-1.542251706,-0.740709841,-21.284084320,2.357299805,-2.991718292,-1.818090916,5.817317963,-10.007504463,-0.406472802,0.429182976,0.191502869,-2.638619184,0.239779025,-1.024858236,0.118972041,-1.570409894,-0.532176197,-1.028567433,-2.913827181,0.535554290,-0.665055513,-0.429143399
680,13599.996,1786880268052.638,15055870.573,0.000000000,10.851849556,0.467534155,0.541439295,-29.220010757,-3.503162384,-2.673280239,-3.783977032,-1.559669018,-0.731987834,-21.205064774,2.288197279,-2.982324839,-1.821353078,5.830129147,-9.990880013,-0.405627251,0.430638552,0.193626136,-2.630330563,0.234716862,-1.020385623,0.121529639,-1.579476476,-0.534716308,-1.031327248,-2.916239262,0.537363589,-0.664332569,-0.429214835
681,13619.994,1786880268072.636,15055890.571,0.000000000,10.780714035,0.569805861,0.481819183,-29.439704895,-3.581521988,-2.688565731,-3.742307425,-1.572168350,-0.746117353,-21.041868210,2.219997644,-2.967148304,-1.825933337,5.851535320,-9.977845192,-0.404161245,0.428517431,0.194596291,-2.622344732,0.230022788,-1.015287995,0.123628519,-1.587536454,-0.537227273,-1.034045219,-2.918485165,0.539886236,-0.662196040,-0.430846781
682,13639.994,1786880268092.636,15055910.572,0.000000000,10.704138756,0.692667902,0.421906382,-29.700042725,-3.669113874,-2.704265594,-3.678205729,-1.582270503,-0.777269900,-20.825481415,2.152219534,-2.943213940,-1.831987858,5.878071308,-9.966612816,-0.402022034,0.423515469,0.194608867,-2.614223242,0.225733742,-1.009432077,0.124994479,-1.594437361,-0.539908290,-1.037097216,-2.920332432,0.543233812,-0.660659730,-0.431116283
683,13659.994,1786880268112.636,15055930.572,0.000000000,10.623456001,0.827040732,0.365358591,-29.961166382,-3.760589838,-2.718400478,-3.605149508,-1.603538632,-0.817766905,-20.585599899,2.087751865,-2.913569212,-1.839751959,5.904508591,-9.953372955,-0.399339855,0.417300254,0.193999156,-2.605164766,0.222324550,-1.002605915,0.125262588,-1.600197673,-0.542470753,-1.040526867,-2.921868324,0.547330737,-0.661088765,-0.429129303
684,13679.994,1786880268132.636,15055950.571,0.000000000,10.543250084,0.947077632,0.311121285,-30.197725296,-3.853787899,-2.734555960,-3.539211988,-1.610336900,-0.846049428,-20.406648636,2.024612427,-2.894320011,-1.846214533,5.925717831,-9.936791420,-0.396358430,0.411562264,0.193505824,-2.594964743,0.218787789,-0.995997727,0.124914087,-1.605479836,-0.545355618,-1.044125915,-2.922809601,0.550905526,-0.659872353,-0.429429948
685,13699.993,1786880268152.636,15055970.571,0.000000000,10.465470314,1.037276387,0.263589084,-30.382719040,-3.945404291,-2.752252340,-3.501456022,-1.617497683,-0.852099299,-20.330709457,1.961291909,-2.885808229,-1.851245761,5.939604282,-9.913450241,-0.393546373,0.408717930,0.193733916,-2.583536863,0.215501949,-0.989569902,0.124178052,-1.610681295,-0.548446417,-1.047749758,-2.922816038,0.554046392,-0.658797264,-0.429860651
686,13719.993,1786880268172.635,15055990.571,0.000000000,10.390645981,1.080913424,0.225152686,-30.499586105,-4.032157898,-2.771631718,-3.503179312,-1.629788399,-0.827265739,-20.380798340,1.894875526,-2.892100096,-1.853920460,5.942543507,-9.882246017,-0.391287804,0.410236239,0.195408493,-2.571089745,0.212183446,-0.983622551,0.123555094,-1.616473675,-0.551786005,-1.051184058,-2.922247410,0.556431830,-0.657991290,-0.430471182
687,13740.001,1786880268192.643,15056010.578,0.000000000,10.318609238,1.076156974,0.195701778,-30.546133041,-4.111496925,-2.791387081,-3.544690609,-1.648306489,-0.770064235,-20.550842285,1.824177742,-2.913618088,-1.852517128,5.933543682,-9.844132423,-0.389675289,0.416565657,0.198905542,-2.558214903,0.208393112,-0.978528380,0.123642690,-1.623743534,-0.555235505,-1.054208994,-2.921568394,0.557719052,-0.656377256,-0.432278872
688,13759.996,1786880268212.638,15056030.573,0.000000000,10.245621681,1.035366416,0.172273129,-30.532270432,-4.184631348,-2.811720371,-3.616298437,-1.674035311,-0.688525736,-20.803800583,1.748768330,-2.942930222,-1.847326398,5.915672302,-9.803388596,-0.388652474,0.426927000,0.204037949,-2.545457363,0.203744367,-0.974122107,0.124782547,-1.632946491,-0.558820307,-1.057017207,-2.921177864,0.558081269,-0.655828416,-0.433329642
689,13779.995,1786880268232.637,15056050.572,0.000000000,10.168402672,0.984337866,0.148999333,-30.474012375,-4.250872612,-2.831185818,-3.701670408,-1.704910159,-0.597203314,-21.069942474,1.673358321,-2.971346140,-1.838857889,5.897331238,-9.763296127,-0.387678772,0.440207034,0.210283935,-2.532324553,0.198479816,-0.969730198,0.127041459,-1.644091249,-0.561930537,-1.059620857,-2.921715736,0.558023572,-0.657161772,-0.432878584
690,13799.995,1786880268252.637,15056070.572,0.000000000,10.094148636,0.931269825,0.124926537,-30.431674957,-4.317401409,-2.848397255,-3.779436827,-1.732195020,-0.505892873,-21.307659149,1.592534900,-2.999221325,-1.827773333,5.885859966,-9.729271889,-0.387658209,0.453757465,0.216976717,-2.519615889,0.192251012,-0.966331422,0.130673096,-1.657106280,-0.564562559,-1.061917663,-2.923561573,0.557287931,-0.657106638,-0.433653653
691,13819.994,1786880268272.636,15056090.571,0.000000000,10.013256073,0.906802535,0.098171301,-30.442007065,-4.385674477,-2.862783670,-3.825463057,-1.759476781,-0.435182750,-21.437999725,1.508504391,-3.015503168,-1.817511082,5.889170170,-9.701598167,-0.388994187,0.464853823,0.223568499,-2.507570028,0.185784981,-0.962871432,0.135086030,-1.671131968,-0.566551685,-1.063696861,-2.926342726,0.557202756,-0.657132089,-0.434128255
