index,time_ms,time_realtime_ms,time_monotonic_ms,ros_timestamp,left_hand_dq_0,left_hand_dq_1,left_hand_dq_2,left_hand_dq_3,left_hand_dq_4,left_hand_dq_5,left_hand_dq_6
0,0.000,1786880349981.470,15137799.405,0.000000000,0.000973056,-0.211671978,-0.023027537,0.004969315,0.006133195,0.005028667,0.006111968
1,19.991,1786880350001.461,15137819.396,0.000000000,0.001011362,-0.332700968,0.234304115,-0.267151982,-0.254331797,-0.239336193,-0.250215024
2,39.988,1786880350021.458,15137839.393,0.000000000,0.001218188,-0.399255246,0.651303351,-0.670050144,-0.661570609,-0.647325993,-0.658201575
3,59.986,1786880350041.456,15137859.391,0.000000000,0.001303478,-0.427105874,0.954033315,-0.955408454,-0.956663132,-0.963636339,-0.957884371
4,79.989,1786880350061.459,15137879.394,0.000000000,0.001146866,-0.419962913,1.175108910,-1.153580308,-1.169551253,-1.175421357,-1.172802210
5,99.986,1786880350081.456,15137899.391,0.000000000,0.001099413,-0.394998610,1.336083174,-1.276939988,-1.320726871,-1.302027225,-1.324485540
6,119.987,1786880350101.457,15137919.392,0.000000000,0.001040459,-0.385477692,1.449035287,-1.367345214,-1.430808544,-1.382889509,-1.433172584
7,139.986,1786880350121.456,15137939.391,0.000000000,0.000988271,-0.391940802,1.526287436,-1.448085904,-1.513506770,-1.439407825,-1.512240529
8,159.989,1786880350141.459,15137959.394,0.000000000,0.000965034,-0.378361464,1.581748128,-1.517934680,-1.575644851,-1.487714648,-1.571198940
9,179.988,1786880350161.458,15137979.393,0.000000000,0.000962399,-0.328957349,1.617184639,-1.547080517,-1.608776331,-1.511966467,-1.603794217
10,199.989,1786880350181.460,15137999.395,0.000000000,0.001050298,-0.241432160,1.655590296,-1.586946726,-1.643358946,-1.546669364,-1.637809992
11,219.987,1786880350201.458,15138019.392,0.000000000,0.001308747,-0.100571387,1.691611528,-1.611698151,-1.666294694,-1.583943129,-1.662587881
12,239.987,1786880350221.458,15138039.393,0.000000000,0.001579266,-0.009559717,1.726129651,-1.620532393,-1.679671049,-1.603769183,-1.676932812
13,259.988,1786880350241.458,15138059.393,0.000000000,0.001622377,-0.002198019,1.751558423,-1.631389856,-1.688780189,-1.625673413,-1.686848760
14,279.985,1786880350261.455,15138079.390,0.000000000,0.001422765,-0.004043715,1.763614655,-1.657378912,-1.698160887,-1.653077602,-1.696215272
15,299.988,1786880350281.458,15138099.393,0.000000000,0.001146483,-0.005912298,1.767935514,-1.670610070,-1.704808354,-1.659123182,-1.702591300
16,319.986,1786880350301.457,15138119.392,0.000000000,0.001008640,-0.007717710,1.768462420,-1.655804753,-1.708063960,-1.640248895,-1.706286788
17,339.986,1786880350321.456,15138139.391,0.000000000,0.001039253,-0.008559087,1.767864227,-1.628961325,-1.710012197,-1.621613860,-1.709617853
18,359.984,1786880350341.455,15138159.389,0.000000000,0.001043477,-0.009161822,1.766574740,-1.610765576,-1.712714553,-1.612611294,-1.713490844
19,379.989,1786880350361.459,15138179.394,0.000000000,0.000917585,-0.009737025,1.765321136,-1.589855313,-1.715273142,-1.607529163,-1.718238592
20,399.987,1786880350381.457,15138199.392,0.000000000,0.000859459,-0.009622425,1.765099049,-1.578844190,-1.716779113,-1.603080988,-1.720920086
21,419.988,1786880350401.458,15138219.393,0.000000000,0.000962492,-0.009252268,1.763629794,-1.589374065,-1.719625711,-1.613206625,-1.723966122
22,439.986,1786880350421.457,15138239.391,0.000000000,0.001181085,-0.010546987,1.756712914,-1.647320390,-1.727135181,-1.666259646,-1.729727507
23,459.987,1786880350441.457,15138259.392,0.000000000,0.001191689,-0.009920531,1.748368263,-1.711447358,-1.733162642,-1.737549424,-1.736018777
24,479.986,1786880350461.456,15138279.391,0.000000000,0.001198857,-0.009114536,1.742248535,-1.758778930,-1.735127091,-1.788266182,-1.738778949
25,499.985,1786880350481.455,15138299.390,0.000000000,0.001269287,-0.008366969,1.739759445,-1.774493933,-1.733714581,-1.803068519,-1.737150311
26,519.985,1786880350501.455,15138319.390,0.000000000,0.001226884,-0.008013666,1.739850402,-1.767651439,-1.730937123,-1.791781783,-1.733752728
27,539.986,1786880350521.456,15138339.391,0.000000000,0.001170689,-0.007975137,1.741068602,-1.752946138,-1.728542209,-1.769672513,-1.730696201
28,559.986,1786880350541.456,15138359.391,0.000000000,0.001170025,-0.008430549,1.741631031,-1.744134307,-1.727920771,-1.753539085,-1.729154944
29,579.987,1786880350561.457,15138379.392,0.000000000,0.001123819,-0.008567083,1.742796898,-1.735162258,-1.728096843,-1.738200068,-1.729217052
30,599.991,1786880350581.461,15138399.396,0.000000000,0.001157321,-0.008573899,1.746255279,-1.720368266,-1.729687214,-1.715880036,-1.730988145
31,619.989,1786880350601.459,15138419.394,0.000000000,0.001190562,-0.008568987,1.748806715,-1.708165169,-1.730878472,-1.699767590,-1.732202411
32,639.991,1786880350621.461,15138439.396,0.000000000,0.001257355,-0.009245670,1.748274326,-1.708987713,-1.732167125,-1.704650044,-1.733488202
33,659.989,1786880350641.460,15138459.395,0.000000000,0.001305982,-0.010031478,1.746227026,-1.723863602,-1.735421300,-1.720342994,-1.735933900
34,679.988,1786880350661.458,15138479.393,0.000000000,0.001283911,-0.020814309,1.742575526,-1.755220413,-1.739943147,-1.746571183,-1.739210486
35,699.987,1786880350681.458,15138499.393,0.000000000,0.001286279,-0.029120797,1.737640977,-1.776797056,-1.740796804,-1.775263786,-1.740430832
36,719.989,1786880350701.459,15138519.394,0.000000000,0.001534126,-0.024001975,1.731572509,-1.785215855,-1.737025023,-1.789318919,-1.736994624
37,739.988,1786880350721.458,15138539.393,0.000000000,0.001702307,-0.010901058,1.726598859,-1.777741313,-1.731151819,-1.779099464,-1.730010629
38,759.985,1786880350741.455,15138559.390,0.000000000,0.001641250,-0.008482452,1.724354386,-1.756464243,-1.725683689,-1.753134251,-1.723211050
39,779.987,1786880350761.458,15138579.393,0.000000000,0.001422924,-0.008082509,1.724710345,-1.733438134,-1.722458959,-1.726925850,-1.719683647
40,799.984,1786880350781.455,15138599.389,0.000000000,0.001269501,-0.008185850,1.725901365,-1.713477612,-1.721245289,-1.710355163,-1.718458176
41,819.987,1786880350801.457,15138619.392,0.000000000,0.001176716,-0.008244067,1.727062941,-1.699684858,-1.720621109,-1.698482633,-1.718820691
42,839.986,1786880350821.457,15138639.392,0.000000000,0.001170206,-0.008286067,1.729196787,-1.691810012,-1.721403360,-1.688691139,-1.721105695
43,859.986,1786880350841.456,15138659.391,0.000000000,0.001167988,-0.008294035,1.731973290,-1.671955466,-1.723771334,-1.666882634,-1.724092007
44,879.987,1786880350861.457,15138679.392,0.000000000,0.001155466,-0.008530914,1.734055877,-1.611264825,-1.726375461,-1.606374145,-1.726801157
45,899.990,1786880350881.460,15138699.395,0.000000000,0.001138292,-0.008776603,1.736449838,-1.480428338,-1.730019569,-1.476939917,-1.730546474
46,919.987,1786880350901.457,15138719.392,0.000000000,0.001132137,-0.008891806,1.732263446,-1.309089422,-1.732826591,-1.307058215,-1.733504891
47,939.988,1786880350921.458,15138739.393,0.000000000,0.001163096,-0.008963598,1.655299306,-1.114987850,-1.734537840,-1.114786983,-1.735088706
48,959.988,1786880350941.458,15138759.393,0.000000000,0.001196192,-0.008991818,1.511545300,-0.913683951,-1.698717713,-0.913879156,-1.699434638
49,979.989,1786880350961.459,15138779.394,0.000000000,0.001200945,-0.009067926,1.325787187,-0.717770278,-1.582982898,-0.717143238,-1.583810568
50,999.989,1786880350981.459,15138799.394,0.000000000,0.001197774,-0.009166660,1.118788481,-0.536075890,-1.414364100,-0.534954786,-1.415266752
51,1019.988,1786880351001.458,15138819.393,0.000000000,0.001204260,-0.009233958,0.907283306,-0.374488354,-1.215860367,-0.372859418,-1.216740012
52,1039.989,1786880351021.459,15138839.394,0.000000000,0.001217235,-0.009255077,0.703733146,-0.235985443,-1.005852580,-0.233669043,-1.006645560
53,1059.984,1786880351041.454,15138859.389,0.000000000,0.001232972,-0.009188407,0.517067373,-0.121204831,-0.798675478,-0.118198328,-0.799348950
54,1079.987,1786880351061.457,15138879.392,0.000000000,0.001252347,-0.008965666,0.352897704,-0.029205704,-0.604690135,-0.027254805,-0.605229914
55,1099.984,1786880351081.454,15138899.389,0.000000000,0.001257406,-0.008869802,0.213601485,-0.008209539,-0.430186778,-0.007963822,-0.430590540
56,1119.985,1786880351101.455,15138919.390,0.000000000,0.001256926,-0.008841994,0.125867978,-0.006667013,-0.314529598,-0.006541586,-0.314842939
57,1139.987,1786880351121.457,15138939.392,0.000000000,0.001249093,-0.008825950,0.030793181,-0.006407561,-0.182157531,-0.006314867,-0.182374656
58,1159.985,1786880351141.455,15138959.390,0.000000000,0.001231467,-0.008819673,0.008461840,-0.006354396,-0.074874617,-0.006279876,-0.074993849
59,1179.986,1786880351161.456,15138979.391,0.000000000,0.001212724,-0.008825683,0.006668597,-0.006344731,-0.013338826,-0.006299980,-0.013354016
60,1199.987,1786880351181.457,15138999.392,0.000000000,0.001213266,-0.008828563,0.006510365,-0.006356002,-0.007076703,-0.006314139,-0.007076553
61,1219.986,1786880351201.456,15139019.391,0.000000000,0.001215688,-0.008801416,0.006481140,-0.006343700,-0.006563259,-0.006294312,-0.006559931
62,1239.989,1786880351221.459,15139039.394,0.000000000,0.001213138,-0.008754774,0.006460372,-0.006304601,-0.006505332,-0.006255473,-0.006500289
63,1259.985,1786880351241.456,15139059.390,0.000000000,0.001206958,-0.008708738,0.006443116,-0.006270944,-0.006485558,-0.006225931,-0.006479870
64,1279.985,1786880351261.455,15139079.390,0.000000000,0.001199800,-0.008663890,0.006427671,-0.006243397,-0.006469607,-0.006202119,-0.006464249
65,1299.994,1786880351281.464,15139099.399,0.000000000,0.001192841,-0.008618579,0.006411569,-0.006215652,-0.006452756,-0.006176302,-0.006448510
66,1319.987,1786880351301.457,15139119.392,0.000000000,0.001190150,-0.008600998,0.006394444,-0.006212081,-0.006435036,-0.006170671,-0.006430940
67,1339.984,1786880351321.454,15139139.389,0.000000000,0.001193696,-0.008578391,0.006373820,-0.006194877,-0.006415112,-0.006148591,-0.006410075
68,1359.986,1786880351341.457,15139159.392,0.000000000,0.001194886,-0.008560154,0.006363078,-0.006196177,-0.006403823,-0.006141521,-0.006398704
69,1379.983,1786880351361.453,15139179.388,0.000000000,0.001191224,-0.008559202,0.006349903,-0.006225321,-0.006388772,-0.006157339,-0.006384047
70,1399.983,1786880351381.453,15139199.388,0.000000000,0.001187102,-0.008556974,0.006323575,-0.006213531,-0.006362718,-0.006144548,-0.006357660
71,1419.983,1786880351401.453,15139219.388,0.000000000,0.001180404,-0.008539636,0.006300163,-0.006194605,-0.006339117,-0.006126892,-0.006334325
72,1439.983,1786880351421.453,15139239.388,0.000000000,0.001171805,-0.008508356,0.006279576,-0.006167527,-0.006318054,-0.006105444,-0.006313998
73,1459.984,1786880351441.454,15139259.389,0.000000000,0.001163274,-0.008477317,0.006258999,-0.006138089,-0.006297249,-0.006084287,-0.006293776
74,1479.984,1786880351461.454,15139279.389,0.000000000,0.001155952,-0.008452515,0.006238418,-0.006114717,-0.006276413,-0.006068056,-0.006273349
75,1499.985,1786880351481.455,15139299.390,0.000000000,0.001150231,-0.008432751,0.006218533,-0.006098732,-0.006256251,-0.006056770,-0.006253281
76,1519.997,1786880351501.467,15139319.402,0.000000000,0.001145945,-0.008421883,0.006198467,-0.006090451,-0.006235929,-0.006051838,-0.006232856
77,1539.990,1786880351521.460,15139339.395,0.000000000,0.001143801,-0.008399927,0.006179027,-0.006074098,-0.006216505,-0.006037414,-0.006213078
78,1559.988,1786880351541.458,15139359.393,0.000000000,0.001158684,-0.008340639,0.006175260,-0.006056873,-0.006214580,-0.006010898,-0.006207924
79,1579.989,1786880351561.459,15139379.394,0.000000000,0.001162421,-0.008307029,0.006157365,-0.006042047,-0.006197243,-0.005980408,-0.006189213
80,1599.985,1786880351581.455,15139399.390,0.000000000,0.001156460,-0.008279373,0.006139409,-0.006016252,-0.006179316,-0.005950790,-0.006171493
81,1619.987,1786880351601.457,15139419.392,0.000000000,0.001142774,-0.008248938,0.006114873,-0.005978996,-0.006154273,-0.005922454,-0.006147826
82,1639.986,1786880351621.457,15139439.391,0.000000000,0.001126142,-0.008213209,0.006090838,-0.005932563,-0.006130219,-0.005893892,-0.006124602
83,1659.984,1786880351641.454,15139459.389,0.000000000,0.001113548,-0.008179589,0.006066988,-0.005888320,-0.006106909,-0.005864706,-0.006101290
84,1679.984,1786880351661.455,15139479.389,0.000000000,0.001105900,-0.008140740,0.006040622,-0.005839536,-0.006082173,-0.005815831,-0.006075438
85,1699.985,1786880351681.455,15139499.390,0.000000000,0.001104303,-0.008100868,0.006006953,-0.005774697,-0.006051361,-0.005750203,-0.006042009
86,1719.984,1786880351701.454,15139519.389,0.000000000,0.001081543,-0.008081942,0.005942957,-0.005663377,-0.005989244,-0.005655965,-0.005980503
87,1739.987,1786880351721.457,15139539.392,0.000000000,0.001016420,-0.008272578,0.005790605,-0.005529938,-0.005838818,-0.005602251,-0.005833367
88,1759.986,1786880351741.456,15139559.391,0.000000000,0.000985367,-0.008117888,0.005738247,-0.005261458,-0.005804796,-0.005385941,-0.005782531
89,1779.984,1786880351761.454,15139579.389,0.000000000,0.000944490,-0.007892903,0.005757698,-0.005140571,-0.005824571,-0.005230025,-0.005808570
90,1799.985,1786880351781.455,15139599.390,0.000000000,0.000929394,-0.007659298,0.005901451,-0.005321846,-0.005953478,-0.005348818,-0.005947111
91,1819.985,1786880351801.455,15139619.390,0.000000000,0.000960191,-0.007821090,0.006063511,-0.005939046,-0.006084190,-0.005805784,-0.006104036
92,1839.991,1786880351821.461,15139639.396,0.000000000,0.000999048,-0.007743572,0.006317977,-0.006436825,-0.006316962,-0.006337229,-0.006344463
93,1859.988,1786880351841.458,15139659.393,0.000000000,0.001092712,-0.008048776,0.006345000,-0.006768783,-0.006306448,-0.006860737,-0.006374896
94,1879.987,1786880351861.457,15139679.392,0.000000000,0.001271518,-0.008185123,0.006209528,-0.006823668,-0.006186873,-0.006586705,-0.006230001
95,1899.987,1786880351881.457,15139699.392,0.000000000,0.001274447,-0.008055394,0.006059981,-0.006545687,-0.006056337,-0.006071804,-0.006085160
96,1919.988,1786880351901.458,15139719.393,0.000000000,0.001204459,-0.008324464,0.005824255,-0.006229267,-0.005840079,-0.005894134,-0.005858498
97,1939.986,1786880351921.456,15139739.391,0.000000000,0.001251651,-0.008372022,0.005600883,-0.005636398,-0.005676156,-0.005556186,-0.005625061
98,1959.989,1786880351941.459,15139759.394,0.000000000,0.001354971,-0.008012185,0.005501647,-0.005172864,-0.005587121,-0.005011888,-0.005542151
99,1979.988,1786880351961.458,15139779.393,0.000000000,0.001369328,-0.007616997,0.005489398,-0.004917758,-0.005579734,-0.004664361,-0.005525785
100,1999.987,1786880351981.457,15139799.392,0.000000000,0.001282079,-0.007324107,0.005565880,-0.004859969,-0.005648722,-0.004624133,-0.005603234
101,2019.988,1786880352001.458,15139819.393,0.000000000,0.001169683,-0.006981257,0.005647751,-0.004778054,-0.005729785,-0.004524538,-0.005683901
102,2039.987,1786880352021.458,15139839.393,0.000000000,0.001051664,-0.006996568,0.005712726,-0.004862239,-0.005795733,-0.004779760,-0.005744102
103,2059.986,1786880352041.456,15139859.391,0.000000000,0.000987699,-0.006921300,0.005763203,-0.004884260,-0.005840411,-0.004872215,-0.005799523
104,2079.986,1786880352061.456,15139879.391,0.000000000,0.000937626,-0.006994443,0.005803261,-0.005058503,-0.005848097,-0.005099769,-0.005858621
105,2099.992,1786880352081.462,15139899.397,0.000000000,0.000943538,-0.007041344,0.005813874,-0.005151442,-0.005860982,-0.005221968,-0.005859693
106,2119.989,1786880352101.459,15139919.394,0.000000000,0.000917107,-0.006925921,0.005825048,-0.005114333,-0.005869005,-0.005203544,-0.005870390
107,2139.989,1786880352121.459,15139939.394,0.000000000,0.000899044,-0.006999522,0.005806644,-0.005170709,-0.005844691,-0.005304842,-0.005851191
108,2159.990,1786880352141.460,15139959.395,0.000000000,0.000888843,-0.007250910,0.005748998,-0.005334225,-0.005775082,-0.005467862,-0.005794849
109,2179.989,1786880352161.460,15139979.394,0.000000000,0.000892904,-0.007384701,0.005653305,-0.005300726,-0.005683595,-0.005427581,-0.005698017
110,2199.987,1786880352181.457,15139999.392,0.000000000,0.000896940,-0.007457746,0.005509124,-0.005118620,-0.005551986,-0.005206351,-0.005555969
111,2219.987,1786880352201.457,15140019.392,0.000000000,0.000861329,-0.007839181,0.005310894,-0.005070382,-0.005355927,-0.005217933,-0.005360737
112,2239.988,1786880352221.458,15140039.393,0.000000000,0.000763811,-0.007805051,0.005172587,-0.004682043,-0.005220792,-0.005027989,-0.005238621
113,2259.984,1786880352241.454,15140059.389,0.000000000,0.000794517,-0.007344096,0.005272844,-0.004511301,-0.005338917,-0.004790904,-0.005330562
114,2279.986,1786880352261.456,15140079.391,0.000000000,0.000858387,-0.007279279,0.005370047,-0.004781555,-0.005426815,-0.004858892,-0.005422674
115,2299.986,1786880352281.456,15140099.391,0.000000000,0.000933930,-0.007482802,0.005504736,-0.005463276,-0.005532376,-0.005277906,-0.005542152
116,2319.987,1786880352301.457,15140119.392,0.000000000,0.000969093,-0.008000781,0.005677189,-0.006511098,-0.005668111,-0.006084510,-0.005689187
117,2339.987,1786880352321.457,15140139.392,0.000000000,0.000976344,-0.008246172,0.005899961,-0.007124355,-0.005866343,-0.006979567,-0.005889222
118,2359.985,1786880352341.455,15140159.390,0.000000000,0.001114909,-0.008303158,0.005824994,-0.007056626,-0.005769555,-0.006979368,-0.005830772
119,2379.992,1786880352361.462,15140179.397,0.000000000,0.001300389,-0.007696768,0.005638305,-0.006186432,-0.005618625,-0.005960647,-0.005666914
120,2399.991,1786880352381.461,15140199.396,0.000000000,0.001405895,-0.007321353,0.005431307,-0.005509553,-0.005446329,-0.005034814,-0.005483905
121,2419.989,1786880352401.459,15140219.394,0.000000000,0.001426150,-0.007147286,0.005274550,-0.005083980,-0.005328611,-0.004451064,-0.005328200
122,2439.993,1786880352421.463,15140239.398,0.000000000,0.001310188,-0.006796896,0.005247448,-0.004553061,-0.005334563,-0.004252999,-0.005288882
123,2459.990,1786880352441.460,15140259.395,0.000000000,0.001244107,-0.006806436,0.005259924,-0.004591434,-0.005332564,-0.004398913,-0.005303538
124,2479.989,1786880352461.459,15140279.394,0.000000000,0.001230803,-0.006852896,0.005279432,-0.004758585,-0.005347671,-0.004523128,-0.005311073
125,2499.989,1786880352481.458,15140299.394,0.000000000,0.001171891,-0.006764557,0.005292333,-0.004740179,-0.005365586,-0.004497949,-0.005318895
126,2519.996,1786880352501.467,15140319.402,0.000000000,0.001070239,-0.006522500,0.005337785,-0.004629777,-0.005421962,-0.004380725,-0.005360710
127,2539.985,1786880352521.455,15140339.390,0.000000000,0.000915798,-0.006397715,0.005413425,-0.004625255,-0.005494396,-0.004546662,-0.005434642
128,2559.987,1786880352541.457,15140359.392,0.000000000,0.000795550,-0.006342934,0.005467446,-0.004694554,-0.005510127,-0.004739138,-0.005512993
129,2579.987,1786880352561.457,15140379.392,0.000000000,0.000781475,-0.006508651,0.005442083,-0.004802865,-0.005473684,-0.004935403,-0.005487647
130,2599.987,1786880352581.457,15140399.392,0.000000000,0.000790473,-0.006770262,0.005354680,-0.004904828,-0.005389129,-0.005043467,-0.005392563
131,2619.987,1786880352601.457,15140419.392,0.000000000,0.000773308,-0.006968775,0.005308358,-0.005022544,-0.005339131,-0.005184289,-0.005343840
132,2639.986,1786880352621.456,15140439.391,0.000000000,0.000749427,-0.007055961,0.005273207,-0.005065987,-0.005295234,-0.005277644,-0.005309401
133,2659.986,1786880352641.456,15140459.391,0.000000000,0.000773235,-0.007104943,0.005243733,-0.005137173,-0.005260394,-0.005294408,-0.005277756
134,2679.990,1786880352661.460,15140479.395,0.000000000,0.000819621,-0.007697911,0.005174670,-0.005666819,-0.005166079,-0.005714568,-0.005202036
135,2699.990,1786880352681.460,15140499.395,0.000000000,0.000826657,-0.007943493,0.005107578,-0.005819079,-0.005099566,-0.005819671,-0.005127590
136,2719.987,1786880352701.457,15140519.392,0.000000000,0.000843557,-0.008155829,0.005100301,-0.006078355,-0.005080512,-0.006016065,-0.005117133
137,2739.988,1786880352721.458,15140539.393,0.000000000,0.000875820,-0.008201231,0.005109258,-0.006235326,-0.005080354,-0.006081989,-0.005124317
138,2759.991,1786880352741.461,15140559.396,0.000000000,0.000888678,-0.008458964,0.005142984,-0.006602334,-0.005102453,-0.006395412,-0.005148966
139,2779.988,1786880352761.458,15140579.393,0.000000000,0.000904521,-0.008564101,0.005158496,-0.006732309,-0.005133589,-0.006576969,-0.005141153
140,2799.988,1786880352781.458,15140599.393,0.000000000,0.000872848,-0.008429830,0.005152280,-0.006644941,-0.005122446,-0.006464428,-0.005142156
141,2819.988,1786880352801.458,15140619.393,0.000000000,0.000808284,-0.008157026,0.005133252,-0.006314203,-0.005112112,-0.006256160,-0.005130055
142,2839.986,1786880352821.457,15140639.392,0.000000000,0.000729389,-0.008188541,0.005025962,-0.006053822,-0.004987079,-0.006215722,-0.005049910
143,2859.987,1786880352841.457,15140659.392,0.000000000,0.000802588,-0.008435767,0.004890126,-0.006023922,-0.004876994,-0.006167659,-0.004904117
144,2879.985,1786880352861.455,15140679.390,0.000000000,0.000885957,-0.008480789,0.004715619,-0.005837209,-0.004712539,-0.005811335,-0.004737785
145,2899.986,1786880352881.456,15140699.391,0.000000000,0.000921052,-0.008310622,0.004525490,-0.005280599,-0.004569218,-0.005267065,-0.004545525
146,2919.984,1786880352901.455,15140719.389,0.000000000,0.000905569,-0.007527217,0.004590452,-0.004734172,-0.004649634,-0.004708954,-0.004621844
147,2939.985,1786880352921.455,15140739.390,0.000000000,0.000892775,-0.006880030,0.004650468,-0.004307291,-0.004724887,-0.004310659,-0.004678509
148,2959.987,1786880352941.457,15140759.392,0.000000000,0.000877858,-0.006464548,0.004652703,-0.003946802,-0.004742502,-0.003972296,-0.004681446
149,2979.985,1786880352961.456,15140779.390,0.000000000,0.000821611,-0.006323392,0.004738018,-0.004020551,-0.004809367,-0.004036069,-0.004778319
150,2999.985,1786880352981.456,15140799.390,0.000000000,0.000762970,-0.006302024,0.004852666,-0.004228128,-0.004907826,-0.004292472,-0.004898196
151,3019.986,1786880353001.456,15140819.391,0.000000000,0.000779832,-0.006283660,0.004983086,-0.004495791,-0.005064199,-0.004585181,-0.004986063
152,3039.988,1786880353021.458,15140839.393,0.000000000,0.000740560,-0.006411862,0.005040910,-0.004878329,-0.005075525,-0.004843796,-0.005056935
153,3059.989,1786880353041.459,15140859.394,0.000000000,0.000724158,-0.006837096,0.004991733,-0.005208180,-0.005009464,-0.005190869,-0.005004037
154,3079.989,1786880353061.459,15140879.394,0.000000000,0.000765885,-0.006958567,0.004850753,-0.005029790,-0.004889010,-0.005076884,-0.004852165
155,3099.987,1786880353081.458,15140899.393,0.000000000,0.000815343,-0.006889119,0.004656804,-0.004522655,-0.004741582,-0.004649798,-0.004646860
156,3119.989,1786880353101.459,15140919.394,0.000000000,0.000847737,-0.006589502,0.004520291,-0.004048651,-0.004596634,-0.004046423,-0.004548625
157,3139.988,1786880353121.458,15140939.393,0.000000000,0.000874800,-0.006437431,0.004462387,-0.003938930,-0.004534674,-0.003751553,-0.004498587
158,3159.984,1786880353141.455,15140959.390,0.000000000,0.000800942,-0.006496670,0.004507259,-0.004198625,-0.004555939,-0.003947622,-0.004542774
159,3179.985,1786880353161.455,15140979.390,0.000000000,0.000724814,-0.006619394,0.004517286,-0.004326508,-0.004554709,-0.004182995,-0.004551390
160,3199.986,1786880353181.456,15140999.391,0.000000000,0.000711092,-0.006695475,0.004520729,-0.004427781,-0.004553940,-0.004332691,-0.004548467
161,3219.984,1786880353201.455,15141019.390,0.000000000,0.000635392,-0.006746327,0.004509897,-0.004407548,-0.004546258,-0.004460031,-0.004533048
162,3239.985,1786880353221.455,15141039.390,0.000000000,0.000629137,-0.006853483,0.004475477,-0.004457650,-0.004509076,-0.004545999,-0.004494218
163,3259.985,1786880353241.456,15141059.390,0.000000000,0.000623969,-0.006936521,0.004436361,-0.004498360,-0.004454091,-0.004558362,-0.004469553
164,3279.986,1786880353261.456,15141079.391,0.000000000,0.000626733,-0.006938063,0.004438927,-0.004501551,-0.004466401,-0.004592525,-0.004465439
165,3299.986,1786880353281.456,15141099.391,0.000000000,0.000628973,-0.006864588,0.004406241,-0.004410748,-0.004438390,-0.004480888,-0.004432295
166,3319.992,1786880353301.462,15141119.397,0.000000000,0.000670326,-0.006780261,0.004343386,-0.004276881,-0.004366522,-0.004276443,-0.004385291
167,3339.991,1786880353321.461,15141139.396,0.000000000,0.000692982,-0.006627256,0.004326395,-0.004147043,-0.004354463,-0.004087324,-0.004375110
168,3359.988,1786880353341.458,15141159.393,0.000000000,0.000612768,-0.006603013,0.004333700,-0.004108989,-0.004383643,-0.004141605,-0.004364564
169,3379.989,1786880353361.460,15141179.395,0.000000000,0.000525746,-0.006460874,0.004360506,-0.003976671,-0.004411111,-0.004188364,-0.004390658
170,3399.987,1786880353381.457,15141199.392,0.000000000,0.000568642,-0.006166046,0.004370140,-0.003766939,-0.004425510,-0.003944103,-0.004404880
171,3419.988,1786880353401.458,15141219.393,0.000000000,0.000533149,-0.005694606,0.004438580,-0.003475681,-0.004503810,-0.003650297,-0.004481234
172,3439.988,1786880353421.458,15141239.393,0.000000000,0.000518988,-0.005388873,0.004441465,-0.003216114,-0.004502961,-0.003384434,-0.004502196
173,3459.988,1786880353441.458,15141259.393,0.000000000,0.000535824,-0.005320204,0.004435840,-0.003193892,-0.004494539,-0.003318260,-0.004497743
174,3479.986,1786880353461.456,15141279.391,0.000000000,0.000545673,-0.005363503,0.004439020,-0.003269045,-0.004498239,-0.003378702,-0.004497217
175,3499.987,1786880353481.457,15141299.392,0.000000000,0.000560403,-0.005453722,0.004441804,-0.003389818,-0.004503635,-0.003490875,-0.004489794
176,3519.997,1786880353501.468,15141319.403,0.000000000,0.000517955,-0.005472426,0.004463217,-0.003465768,-0.004524440,-0.003585967,-0.004506183
177,3539.986,1786880353521.457,15141339.391,0.000000000,0.000431968,-0.005311806,0.004518689,-0.003342669,-0.004587797,-0.003623627,-0.004560671
178,3559.986,1786880353541.457,15141359.391,0.000000000,0.000413350,-0.004802119,0.004498747,-0.002725175,-0.004593574,-0.003176430,-0.004545991
179,3579.985,1786880353561.455,15141379.390,0.000000000,0.000378083,-0.004589991,0.004451498,-0.002416426,-0.004565587,-0.002873324,-0.004491612
180,3599.986,1786880353581.456,15141399.391,0.000000000,0.000367046,-0.004844075,0.004359429,-0.002385078,-0.004492695,-0.002864168,-0.004386662
181,3619.985,1786880353601.455,15141419.390,0.000000000,0.000377030,-0.004318129,0.004340400,-0.001917168,-0.004427076,-0.002198400,-0.004435647
182,3639.985,1786880353621.455,15141439.390,0.000000000,0.000391126,-0.003934137,0.004353230,-0.001669103,-0.004419946,-0.001830474,-0.004479121
183,3659.985,1786880353641.455,15141459.390,0.000000000,0.000440644,-0.003788152,0.004317733,-0.001549829,-0.004391490,-0.001583341,-0.004449924
184,3679.985,1786880353661.455,15141479.390,0.000000000,0.000574381,-0.004079620,0.004276186,-0.001826418,-0.004391711,-0.001636462,-0.004372956
185,3699.987,1786880353681.457,15141499.392,0.000000000,0.000614236,-0.004635594,0.004377495,-0.002684581,-0.004465352,-0.002191121,-0.004477088
186,3719.985,1786880353701.455,15141519.390,0.000000000,0.000583261,-0.004540512,0.004495836,-0.002900120,-0.004563957,-0.002497495,-0.004601063
187,3739.986,1786880353721.456,15141539.391,0.000000000,0.000579085,-0.004439025,0.004515847,-0.002894005,-0.004576134,-0.002652784,-0.004615754
188,3759.986,1786880353741.456,15141559.391,0.000000000,0.000750737,-0.004837119,0.004467844,-0.003240070,-0.004566462,-0.002992544,-0.004508147
189,3779.991,1786880353761.461,15141579.396,0.000000000,0.000869596,-0.006839391,0.004621687,-0.005528790,-0.004693550,-0.005028497,-0.004579575
190,3799.989,1786880353781.459,15141599.394,0.000000000,0.000781320,-0.005576664,0.004800153,-0.004505228,-0.004918443,-0.004356906,-0.004772970
191,3819.989,1786880353801.459,15141619.394,0.000000000,0.000579258,-0.003848145,0.004986197,-0.003100927,-0.005077435,-0.003369127,-0.005042436
192,3839.988,1786880353821.458,15141639.393,0.000000000,0.000548542,-0.002089610,0.005005653,-0.001549374,-0.005093634,-0.001880916,-0.005128230
193,3859.987,1786880353841.457,15141659.392,0.000000000,0.000580671,-0.001237192,0.004809348,-0.000405225,-0.004939169,-0.000740000,-0.004941548
194,3879.989,1786880353861.459,15141679.394,0.000000000,0.000678787,-0.001621510,0.004624248,-0.000614291,-0.004729258,-0.000628616,-0.004762243
195,3899.988,1786880353881.458,15141699.393,0.000000000,-0.533613980,-3.920038700,6.946742058,-8.236787796,-0.047875095,0.063816398,0.000877649
196,3919.987,1786880353901.457,15141719.392,0.000000000,0.280553937,-12.894029617,-0.185948700,0.242985889,-0.049364123,-0.000413238,0.000774231
197,3939.986,1786880353921.456,15141739.391,0.000000000,0.056915212,-14.316422462,-0.728956759,0.883307815,-0.009864300,0.001241180,-0.002683592
198,3959.988,1786880353941.458,15141759.393,0.000000000,0.000777937,-0.031173415,0.490555376,-0.562654018,-0.516582727,-0.592805088,-0.521145523
199,3979.986,1786880353961.456,15141779.391,0.000000000,0.000899897,0.000838130,0.840103030,-1.046558499,-0.876638710,-1.024819374,-0.873267293
200,3999.985,1786880353981.455,15141799.390,0.000000000,0.001114156,0.002816660,1.097349524,-1.469389319,-1.148922920,-1.405757546,-1.139246464
201,4019.984,1786880354001.455,15141819.389,0.000000000,0.001011836,0.003474480,1.281759501,-1.792693377,-1.350528002,-1.709509969,-1.337975740
202,4039.986,1786880354021.456,15141839.391,0.000000000,0.000462633,0.007252864,1.425228953,-1.963755369,-1.487229586,-1.901811600,-1.478050232
203,4059.985,1786880354041.456,15141859.390,0.000000000,-0.000135863,0.046795893,1.544171095,-2.008068562,-1.572779179,-1.991858721,-1.570662260
204,4079.986,1786880354061.456,15141879.391,0.000000000,-0.000300161,0.149189129,1.643485785,-1.943313003,-1.617754221,-1.964369774,-1.620996237
205,4099.990,1786880354081.460,15141899.395,0.000000000,-0.000245072,0.191607863,1.711488128,-1.860814691,-1.644211650,-1.911222577,-1.651160836
206,4119.990,1786880354101.460,15141919.395,0.000000000,-0.000227426,0.136261374,1.748968005,-1.785236478,-1.661648631,-1.856739759,-1.671229362
207,4139.991,1786880354121.462,15141939.397,0.000000000,-0.000231141,0.043250959,1.770609736,-1.688177943,-1.668628454,-1.748745441,-1.676519275
208,4159.989,1786880354141.459,15141959.394,0.000000000,-0.000267613,0.008414996,1.785007596,-1.579635501,-1.668474793,-1.606353045,-1.671629190
209,4179.990,1786880354161.460,15141979.395,0.000000000,-0.000322481,0.004435765,1.790863037,-1.503144860,-1.666999221,-1.526989460,-1.669716954
210,4199.988,1786880354181.458,15141999.394,0.000000000,-0.000307833,0.002586798,1.794108391,-1.422365308,-1.666071773,-1.451493382,-1.669279695
211,4219.990,1786880354201.460,15142019.395,0.000000000,-0.000237798,0.000801257,1.792201161,-1.388565779,-1.670154929,-1.416972756,-1.672894955
212,4239.989,1786880354221.459,15142039.394,0.000000000,-0.000154390,-0.000057928,1.787189364,-1.405471563,-1.679385185,-1.421479821,-1.680172443
213,4259.989,1786880354241.459,15142059.394,0.000000000,-0.000100575,-0.000920071,1.779607534,-1.472086191,-1.693362355,-1.461979508,-1.690567493
214,4279.988,1786880354261.458,15142079.393,0.000000000,-0.000096153,-0.001910313,1.768875122,-1.570109844,-1.709912419,-1.543725848,-1.705033541
215,4299.989,1786880354281.459,15142099.394,0.000000000,-0.000151687,-0.003940199,1.754482269,-1.685354948,-1.728016853,-1.647381544,-1.722088933
216,4319.987,1786880354301.458,15142119.392,0.000000000,-0.000043934,-0.005070898,1.737739563,-1.824015260,-1.748059630,-1.755952358,-1.738034010
217,4339.985,1786880354321.455,15142139.390,0.000000000,0.000171991,-0.006512909,1.715702295,-1.989100337,-1.769478321,-1.923796415,-1.758032322
218,4359.985,1786880354341.455,15142159.390,0.000000000,0.000051826,-0.000757911,1.693606257,-10.420204163,-8.696310043,-2.134736776,-1.773155570
219,4379.987,1786880354361.457,15142179.392,0.000000000,0.000478072,0.019426171,1.715551019,-18.629762650,-14.141699791,-12.958119392,-10.281501770
220,4399.985,1786880354381.456,15142199.391,0.000000000,-0.769317448,-5.180641651,-0.191311345,-27.322923660,-11.234233856,-11.377152443,-8.573112488
221,4419.984,1786880354401.454,15142219.389,0.000000000,-2.065033913,-3.070434570,1.306010723,-2.394934654,-9.341977119,-9.089386940,-7.071238995
222,4439.984,1786880354421.454,15142239.389,0.000000000,-2.029715300,-1.510759592,2.531013727,2.199549913,-7.273779392,-7.009771347,-5.607536316
223,4459.984,1786880354441.454,15142259.389,0.000000000,-1.540678978,-2.793143272,3.021074533,1.679095149,-5.701753139,-5.435240269,-4.558159351
224,4479.990,1786880354461.460,15142279.395,0.000000000,-1.285655260,-6.280302525,3.537713766,1.103613496,-4.267458916,-3.991948605,-3.789772749
225,4499.990,1786880354481.460,15142299.395,0.000000000,-0.823271096,-9.573255539,4.860417843,0.674656034,-0.743463397,0.207356229,-3.237969398
226,4519.990,1786880354501.460,15142319.395,0.000000000,1.468239188,-11.254096031,8.650760651,0.363617122,0.330891311,0.400545418,-2.830573082
227,4539.991,1786880354521.461,15142339.396,0.000000000,5.182622433,-2.413295031,9.097090721,0.242186472,0.262945771,0.295634210,-2.516982317
228,4559.985,1786880354541.455,15142359.390,0.000000000,6.674241543,1.142696381,8.841955185,0.060121171,0.147337243,0.121233553,-2.180196524
229,4579.988,1786880354561.458,15142379.393,0.000000000,4.927170277,1.281867743,7.247087479,-0.006106657,0.077624738,0.050676804,-1.819500685
230,4599.988,1786880354581.458,15142399.393,0.000000000,2.927231312,1.395475984,5.343070984,-0.002285132,0.039962199,0.026021566,-1.457927465
231,4619.984,1786880354601.454,15142419.389,0.000000000,1.317158580,1.474923372,-0.191939622,-0.001944765,0.020479569,0.012746247,-1.114218235
232,4639.986,1786880354621.456,15142439.391,0.000000000,0.204623923,1.492625475,-0.480357170,-0.001008588,0.009878429,0.006624141,-0.806446731
233,4659.986,1786880354641.456,15142459.391,0.000000000,-0.220696449,1.528954983,-0.342152804,-0.000276829,0.006512495,0.005234179,-0.599133372
234,4679.985,1786880354661.456,15142479.390,0.000000000,-0.040461689,-1.480646849,-0.151006252,0.001245877,0.004426606,0.005227215,-0.341958761
235,4699.988,1786880354681.458,15142499.393,0.000000000,-0.424733847,-0.673091352,-0.100769192,0.009237467,0.002278747,0.008152212,-0.169170216
236,4719.985,1786880354701.455,15142519.390,0.000000000,-0.796224356,0.139923245,-0.052036837,0.016057102,0.001792292,0.030049508,-0.024544252
237,4739.990,1786880354721.460,15142539.395,0.000000000,-1.310304165,1.603293180,-0.039018027,2.634920597,-0.064876862,0.008107274,-0.004095524
238,4759.991,1786880354741.461,15142559.396,0.000000000,-1.344358087,1.755493283,-0.027565014,1.814420223,0.012828631,0.008397949,-0.005214698
239,4779.991,1786880354761.461,15142579.396,0.000000000,-1.402104735,1.784711003,-0.014731178,3.989282846,0.011893974,0.003652137,-0.004501305
240,4799.990,1786880354781.461,15142599.396,0.000000000,-1.408828974,1.630666018,-0.008527933,2.654201746,0.010804095,-0.141215235,-0.003607323
241,4819.988,1786880354801.458,15142619.393,0.000000000,-1.328439355,1.607382774,-0.005228407,1.072518706,0.006576008,0.006956902,-0.003228694
242,4839.990,1786880354821.460,15142639.395,0.000000000,-1.167080402,1.628193140,-0.003503582,0.061273105,0.004381821,0.014039642,-0.003595566
243,4859.988,1786880354841.458,15142659.393,0.000000000,-0.985620081,1.653088689,-0.002576306,-0.458777577,0.003143440,0.008571880,-0.003452137
244,4879.988,1786880354861.458,15142679.393,0.000000000,-0.810000002,1.697150230,-0.001838585,-0.802060544,0.002265903,0.006067980,-0.003559293
245,4899.988,1786880354881.458,15142699.393,0.000000000,-0.674082577,1.725873590,-0.001452484,-0.967775583,0.001799460,0.004857481,-0.003654244
246,4919.987,1786880354901.457,15142719.392,0.000000000,-0.497454673,1.750917673,-0.000990937,-1.085280180,0.001270111,0.003713319,-0.003892332
247,4939.987,1786880354921.457,15142739.392,0.000000000,-0.327761114,1.760519981,-0.000669570,-1.116107345,0.000878717,0.001741353,-0.004168550
248,4959.986,1786880354941.456,15142759.391,0.000000000,-0.161918670,1.807811141,-0.000739842,-1.044468880,0.000962756,0.004920933,-0.003632062
249,4979.986,1786880354961.456,15142779.391,0.000000000,-0.044995349,1.712122798,-0.000527958,-1.028359056,0.000559573,-0.001177808,-0.003706492
250,4999.985,1786880354981.455,15142799.390,0.000000000,-0.008961285,1.638307333,-0.000455575,-0.950224817,0.000462588,-0.001867571,-0.003573133
251,5019.984,1786880355001.455,15142819.389,0.000000000,-0.006316089,1.501293182,-0.000469936,-0.838686466,0.000458203,-0.000460461,-0.003242813
252,5039.983,1786880355021.453,15142839.388,0.000000000,-0.006260721,1.306358695,-0.000241844,-0.728634357,0.000212235,-0.000670924,-0.003475328
253,5059.986,1786880355041.456,15142859.391,0.000000000,-0.006103684,1.121579170,0.000002639,-0.597893238,-0.000029789,0.000746497,-0.003893447
254,5079.985,1786880355061.455,15142879.390,0.000000000,-0.005890768,0.966539502,0.000185042,-0.452287167,-0.000200269,0.001266514,-0.004269911
255,5099.984,1786880355081.455,15142899.389,0.000000000,-0.005687610,0.821114540,0.000331110,-0.320151240,-0.000310011,0.001244490,-0.004674010
256,5119.989,1786880355101.458,15142919.394,0.000000000,-0.005457041,0.704027951,0.000417078,-0.191749215,-0.000341767,0.002387479,-0.005056068
257,5139.989,1786880355121.459,15142939.394,0.000000000,-0.005337507,0.623808086,0.000244233,-0.099906281,-0.000166750,0.003054107,-0.004895157
258,5159.988,1786880355141.458,15142959.393,0.000000000,-0.005375645,0.507007420,-0.000065102,-0.014663006,0.000095170,0.003595639,-0.004323711
259,5179.991,1786880355161.461,15142979.396,0.000000000,-0.005566521,0.369535297,0.000019546,-0.005892064,0.000022962,0.002097028,-0.004418719
260,5199.987,1786880355181.457,15142999.392,0.000000000,-0.005708505,0.222336635,0.000040248,-0.006140279,-0.000036496,0.000385861,-0.004319855
261,5219.984,1786880355201.454,15143019.389,0.000000000,0.001197173,-0.002086825,0.398279250,-0.563362002,-0.428824216,-0.391276747,-0.403215826
262,5239.987,1786880355221.457,15143039.392,0.000000000,0.000758326,-0.006722100,0.750073195,-0.985094070,-0.802795231,-0.859722316,-0.783975542
263,5259.987,1786880355241.457,15143059.392,0.000000000,0.000074820,0.001287267,1.019356012,-1.368496776,-1.088330507,-1.380986333,-1.089796543
264,5279.987,1786880355261.457,15143079.392,0.000000000,-0.000062301,0.048358332,1.247053742,-1.597929358,-1.288062692,-1.674643397,-1.299209952
265,5299.985,1786880355281.455,15143099.390,0.000000000,0.000226876,0.078363679,1.415781975,-1.684574008,-1.419409633,-1.750384450,-1.429018021
266,5319.987,1786880355301.457,15143119.392,0.000000000,0.000022190,0.037088301,1.530174375,-1.698290586,-1.507016420,-1.742578030,-1.513193727
267,5339.985,1786880355321.455,15143139.390,0.000000000,-0.000258695,0.012614330,1.611787319,-1.652808785,-1.561711431,-1.685514569,-1.565845728
268,5359.984,1786880355341.454,15143159.389,0.000000000,-0.000517413,0.011250031,1.675355315,-1.550255179,-1.589882970,-1.525903463,-1.585465670
269,5379.984,1786880355361.454,15143179.389,0.000000000,-0.000880187,0.006688262,1.716889024,-1.459206223,-1.608265877,-1.421690583,-1.601941586
270,5399.985,1786880355381.455,15143199.390,0.000000000,-0.000967103,0.004850988,1.735828280,-1.417053580,-1.620601416,-1.391313672,-1.615946412
271,5419.984,1786880355401.455,15143219.389,0.000000000,-0.000879463,0.001467947,1.746257663,-1.384455562,-1.636075735,-1.402809978,-1.637431145
272,5439.985,1786880355421.455,15143239.390,0.000000000,-0.000650716,0.002034198,1.754110456,-1.367976546,-1.648003578,-1.426262856,-1.654470205
273,5459.985,1786880355441.455,15143259.390,0.000000000,-0.000216978,0.002825395,1.755527973,-1.438077688,-1.668081641,-1.484596848,-1.671686649
274,5479.985,1786880355461.455,15143279.390,0.000000000,0.000177477,0.005968571,1.768481851,-1.468686581,-1.676358700,-1.496998906,-1.675958514
275,5499.988,1786880355481.458,15143299.393,0.000000000,0.000245947,0.007147916,1.780235887,-1.486089230,-1.678371072,-1.495958090,-1.674333572
276,5519.991,1786880355501.462,15143319.397,0.000000000,0.000094201,0.007115113,1.787768483,-1.499794126,-1.676376939,-1.499308467,-1.671149015
277,5539.990,1786880355521.460,15143339.395,0.000000000,-0.000075861,0.004353359,1.787978649,-1.498341680,-1.673670650,-1.492403984,-1.669172645
278,5559.988,1786880355541.458,15143359.393,0.000000000,-0.000169640,0.002219029,1.783366799,-1.466272831,-1.671072841,-1.454554677,-1.667285800
279,5579.987,1786880355561.457,15143379.392,0.000000000,-0.000109415,0.001989278,1.780719995,-1.411844611,-1.666684508,-1.409528255,-1.664683223
280,5599.987,1786880355581.457,15143399.392,0.000000000,-0.000123036,0.001545177,1.776628137,-1.388286948,-1.665817976,-1.418766379,-1.668513656
281,5619.985,1786880355601.455,15143419.390,0.000000000,-0.000190781,0.002193129,1.773288965,-1.402438760,-1.668812633,-1.456864715,-1.676166654
282,5639.984,1786880355621.454,15143439.389,0.000000000,-0.000164743,0.003608192,1.773705482,-1.414137483,-1.670471311,-1.478991389,-1.680397511
283,5659.988,1786880355641.458,15143459.393,0.000000000,-0.000072956,0.004950129,1.775995612,-1.428369880,-1.671800017,-1.504321218,-1.684082866
284,5679.985,1786880355661.455,15143479.390,0.000000000,0.000024938,0.005636964,1.778643608,-1.440154552,-1.672704220,-1.524546266,-1.686010838
285,5699.985,1786880355681.455,15143499.390,0.000000000,0.000099174,0.005159338,1.779357672,-1.458276749,-1.675090909,-1.545358896,-1.687958121
286,5719.993,1786880355701.463,15143519.398,0.000000000,0.000130255,0.004134243,1.777455211,-1.487428308,-1.680139899,-1.566428661,-1.691112638
287,5739.986,1786880355721.457,15143539.391,0.000000000,0.000119216,0.002859878,1.773318887,-1.523440957,-1.687177539,-1.591716170,-1.695938230
288,5759.985,1786880355741.456,15143559.390,0.000000000,0.000028998,0.001423794,1.767346859,-1.566970348,-1.695708513,-1.623159766,-1.702844977
289,5779.986,1786880355761.456,15143579.391,0.000000000,-0.000056063,0.000077042,1.759640217,-1.619270563,-1.705074668,-1.663240194,-1.711214304
290,5799.989,1786880355781.459,15143599.394,0.000000000,-0.000082041,-0.001152145,1.749335527,-1.684025168,-1.714399338,-1.718905330,-1.719938517
291,5819.989,1786880355801.458,15143619.394,0.000000000,-0.000041284,-0.002153588,1.737336636,-1.756322622,-1.722534180,-1.780339003,-1.726986170
292,5839.986,1786880355821.457,15143639.391,0.000000000,0.000008516,-0.003287166,1.723918557,-1.834350228,-1.729736805,-1.848171711,-1.732670784
293,5859.987,1786880355841.457,15143659.392,0.000000000,0.000021087,-0.004082026,1.711373925,-1.906491876,-1.735430002,-1.909525394,-1.736973763
294,5879.989,1786880355861.459,15143679.394,0.000000000,0.000022962,-0.004623808,1.703074455,-1.952263236,-1.738673329,-1.950983167,-1.739566565
295,5899.987,1786880355881.457,15143699.392,0.000000000,0.000004632,-0.004934100,1.694554806,-1.998173833,-1.741551638,-1.993346691,-1.742131829
296,5919.985,1786880355901.455,15143719.390,0.000000000,-0.000016508,-0.004886281,1.689375877,-2.025523663,-1.743015289,-2.018443823,-1.743653893
297,5939.986,1786880355921.456,15143739.391,0.000000000,-0.000027699,-0.004575450,1.687833786,-2.032555342,-1.743403554,-2.026427031,-1.744426012
298,5959.987,1786880355941.457,15143759.392,0.000000000,-0.000052216,-0.004008854,1.689502597,-2.021732092,-1.743264198,-2.019918203,-1.744514585
299,5979.985,1786880355961.455,15143779.390,0.000000000,-0.000083198,-0.003110622,1.694043517,-1.993684292,-1.742271066,-1.998116016,-1.744006276
300,5999.986,1786880355981.456,15143799.391,0.000000000,-0.000058482,-0.002385362,1.699494481,-1.956491351,-1.740511298,-1.966714978,-1.742153525
301,6019.986,1786880356001.456,15143819.391,0.000000000,-0.000037326,-0.002086673,1.704756260,-1.922677398,-1.738921642,-1.935122252,-1.740351796
302,6039.984,1786880356021.454,15143839.389,0.000000000,-0.000012107,-0.001994560,1.709664464,-1.896775246,-1.738177061,-1.907716632,-1.739237785
303,6059.985,1786880356041.455,15143859.390,0.000000000,-0.000015662,-0.001906226,1.714539409,-1.876116753,-1.738399148,-1.879356503,-1.739025116
304,6079.985,1786880356061.455,15143879.390,0.000000000,-0.000033980,-0.001818944,1.718992829,-1.811909080,-1.738954663,-1.778738856,-1.739392638
305,6099.984,1786880356081.454,15143899.389,0.000000000,-0.000035721,-0.001912443,1.722865343,-1.672153831,-1.739878178,-1.613272071,-1.740121603
306,6119.983,1786880356101.453,15143919.388,0.000000000,-0.000006641,-0.002151503,1.725318670,-1.486315608,-1.740296364,-1.410551548,-1.740298748
307,6139.985,1786880356121.456,15143939.391,0.000000000,-0.000000243,-0.002460698,1.726160884,-1.330902934,-1.739987969,-1.247207403,-1.739903212
308,6159.984,1786880356141.455,15143959.389,0.000000000,0.000000307,-0.002779837,1.701703310,-1.114840865,-1.739010096,-1.026486039,-1.738743305
309,6179.985,1786880356161.455,15143979.390,0.000000000,0.000021456,-0.003183171,1.597177505,-0.901039898,-1.705384374,-0.814019084,-1.701674461
310,6199.985,1786880356181.455,15143999.390,0.000000000,0.000061991,-0.003438740,1.435825706,-0.699506879,-1.591732860,-0.616501868,-1.584562182
311,6219.991,1786880356201.461,15144019.396,0.000000000,0.000067460,-0.003285767,1.241876006,-0.512200713,-1.424355388,-0.435919583,-1.414875627
312,6239.987,1786880356221.457,15144039.392,0.000000000,0.000045847,-0.003000760,1.034516692,-0.341880709,-1.226452351,-0.275525182,-1.215906024
313,6259.987,1786880356241.457,15144059.392,0.000000000,0.000015304,-0.002854177,0.827485919,-0.194641516,-1.015939116,-0.139969036,-1.005303264
314,6279.985,1786880356261.455,15144079.390,0.000000000,-0.000010205,-0.002898980,0.631343544,-0.074723303,-0.806944728,-0.032786675,-0.797101140
315,6299.985,1786880356281.455,15144099.390,0.000000000,-0.000019194,-0.002976291,0.453842193,-0.012430419,-0.610472620,-0.008102311,-0.601787329
316,6319.986,1786880356301.456,15144119.391,0.000000000,-0.000008380,-0.003040093,0.299409240,-0.006523173,-0.433660507,-0.006191463,-0.426293075
317,6339.985,1786880356321.455,15144139.390,0.000000000,-0.000028986,-0.003069234,0.170115724,-0.006068606,-0.280759186,-0.006094015,-0.274720192
318,6359.985,1786880356341.455,15144159.390,0.000000000,-0.000005102,-0.003166958,0.066056505,-0.006186305,-0.153317645,-0.006158354,-0.148732439
319,6379.989,1786880356361.459,15144179.394,0.000000000,-0.000000649,-0.003297905,0.017130099,-0.006298034,-0.074578062,-0.006277791,-0.070873342
320,6399.985,1786880356381.455,15144199.390,0.000000000,-0.000001919,-0.003385928,0.007430918,-0.006367648,-0.013246702,-0.006353422,-0.012728178
321,6419.984,1786880356401.454,15144219.389,0.000000000,-0.000004109,-0.003315973,0.006644146,-0.006282819,-0.007044984,-0.006277038,-0.007001977
322,6439.986,1786880356421.456,15144239.391,0.000000000,-0.000007153,-0.003203979,0.006581140,-0.006193737,-0.006554365,-0.006199058,-0.006545614
323,6459.984,1786880356441.454,15144259.389,0.000000000,-0.000019527,-0.003079995,0.006582157,-0.006106260,-0.006521135,-0.006124932,-0.006517570
324,6479.984,1786880356461.454,15144279.389,0.000000000,-0.000021279,-0.003027946,0.006559530,-0.006053838,-0.006492010,-0.006080281,-0.006494496
325,6499.984,1786880356481.455,15144299.390,0.000000000,-0.000010102,-0.003020814,0.006534946,-0.006036530,-0.006468797,-0.006045235,-0.006468958
326,6519.984,1786880356501.454,15144319.389,0.000000000,0.000002039,-0.002974769,0.006513487,-0.005980281,-0.006451165,-0.005978425,-0.006446509
327,6539.984,1786880356521.454,15144339.389,0.000000000,0.000006593,-0.002847992,0.006508784,-0.005868451,-0.006453152,-0.005873915,-0.006439453
328,6559.988,1786880356541.458,15144359.393,0.000000000,0.000004417,-0.002765635,0.006501733,-0.005794164,-0.006448565,-0.005809885,-0.006432549
329,6579.987,1786880356561.457,15144379.392,0.000000000,0.000003550,-0.002727834,0.006489290,-0.005767880,-0.006431400,-0.005777435,-0.006424577
330,6599.984,1786880356581.454,15144399.389,0.000000000,0.000006436,-0.002743536,0.006462960,-0.005774588,-0.006401120,-0.005767453,-0.006400764
331,6619.984,1786880356601.454,15144419.389,0.000000000,0.000002468,-0.002686083,0.006442248,-0.005696395,-0.006384324,-0.005700964,-0.006379705
332,6639.984,1786880356621.455,15144439.389,0.000000000,-0.000002879,-0.002725113,0.006426448,-0.005723436,-0.006365974,-0.005736691,-0.006364268
333,6659.985,1786880356641.455,15144459.390,0.000000000,-0.000004629,-0.002834406,0.006397427,-0.005805848,-0.006333486,-0.005819821,-0.006334166
334,6679.987,1786880356661.457,15144479.392,0.000000000,-0.000001503,-0.002960251,0.006360956,-0.005892505,-0.006294698,-0.005897396,-0.006296115
335,6699.986,1786880356681.456,15144499.391,0.000000000,0.000006587,-0.003116559,0.006333414,-0.006022024,-0.006265092,-0.006008026,-0.006266659
336,6719.984,1786880356701.454,15144519.389,0.000000000,0.000016412,-0.003213107,0.006308547,-0.006106850,-0.006239787,-0.006069657,-0.006238958
337,6739.984,1786880356721.454,15144539.389,0.000000000,0.000020392,-0.003246170,0.006282158,-0.006124049,-0.006213788,-0.006076706,-0.006210780
338,6759.983,1786880356741.453,15144559.388,0.000000000,0.000017520,-0.003231839,0.006258557,-0.006093651,-0.006190137,-0.006049907,-0.006187453
339,6779.984,1786880356761.454,15144579.389,0.000000000,0.000009862,-0.003177166,0.006238042,-0.006022963,-0.006169559,-0.005995889,-0.006168671
340,6799.984,1786880356781.454,15144599.389,0.000000000,0.000000353,-0.003056657,0.006220171,-0.005889042,-0.006152969,-0.005885614,-0.006153804
341,6819.985,1786880356801.455,15144619.390,0.000000000,-0.000015545,-0.002985490,0.006202308,-0.005796755,-0.006137270,-0.005833061,-0.006135672
342,6839.984,1786880356821.454,15144639.389,0.000000000,-0.000013650,-0.002966325,0.006182668,-0.005768595,-0.006115441,-0.005805725,-0.006118584
343,6859.984,1786880356841.455,15144659.389,0.000000000,-0.000004333,-0.002956724,0.006163602,-0.005758760,-0.006096605,-0.005773504,-0.006100062
344,6879.984,1786880356861.454,15144679.389,0.000000000,0.000003778,-0.003073443,0.006127019,-0.005840515,-0.006057675,-0.005830625,-0.006062801
345,6899.985,1786880356881.455,15144699.390,0.000000000,0.000001463,-0.002926842,0.006135688,-0.005727803,-0.006070389,-0.005722945,-0.006072348
346,6919.988,1786880356901.458,15144719.393,0.000000000,0.000000088,-0.002856658,0.006132900,-0.005675322,-0.006069283,-0.005686049,-0.006068637
347,6939.987,1786880356921.457,15144739.392,0.000000000,0.000002346,-0.002796550,0.006124228,-0.005627360,-0.006061885,-0.005638689,-0.006059947
348,6959.987,1786880356941.457,15144759.392,0.000000000,0.000000197,-0.002768449,0.006111969,-0.005602755,-0.006051598,-0.005617184,-0.006045909
349,6979.985,1786880356961.455,15144779.390,0.000000000,-0.000001317,-0.002768152,0.006094871,-0.005597699,-0.006032135,-0.005612929,-0.006030466
350,6999.987,1786880356981.457,15144799.392,0.000000000,0.000003231,-0.002786476,0.006073604,-0.005606122,-0.006009597,-0.005612983,-0.006009682
351,7019.985,1786880357001.455,15144819.390,0.000000000,0.000008939,-0.002814652,0.006048264,-0.005616841,-0.005984090,-0.005613121,-0.005983860
352,7039.986,1786880357021.456,15144839.391,0.000000000,0.000011585,-0.002846093,0.006030109,-0.005639143,-0.005964904,-0.005627070,-0.005966230
353,7059.985,1786880357041.456,15144859.390,0.000000000,0.000011251,-0.002854990,0.006006743,-0.005629106,-0.005943149,-0.005621199,-0.005940876
354,7079.990,1786880357061.460,15144879.395,0.000000000,0.000006208,-0.002866153,0.005974596,-0.005601832,-0.005910559,-0.005601258,-0.005909775
355,7099.991,1786880357081.461,15144899.396,0.000000000,0.000002573,-0.002839140,0.005956767,-0.005563864,-0.005892786,-0.005568416,-0.005893180
356,7119.991,1786880357101.461,15144919.396,0.000000000,-0.000000879,-0.002820572,0.005939253,-0.005537525,-0.005875164,-0.005548840,-0.005875779
357,7139.993,1786880357121.463,15144939.398,0.000000000,0.000001509,-0.002852799,0.005927537,-0.005563901,-0.005863633,-0.005570548,-0.005863246
358,7159.990,1786880357141.460,15144959.395,0.000000000,-0.000000354,-0.002833212,0.005913760,-0.005543796,-0.005849847,-0.005554536,-0.005849448
359,7179.991,1786880357161.461,15144979.396,0.000000000,-0.000000253,-0.002721358,0.005913212,-0.005464603,-0.005849405,-0.005477027,-0.005850408
360,7199.991,1786880357181.461,15144999.396,0.000000000,-0.000005917,-0.002656386,0.005903721,-0.005402623,-0.005841254,-0.005427842,-0.005841440
361,7219.989,1786880357201.458,15145019.394,0.000000000,-0.000006379,-0.002649486,0.005885739,-0.005389722,-0.005823315,-0.005414824,-0.005822991
362,7239.989,1786880357221.459,15145039.394,0.000000000,-0.000015958,-0.002583097,0.005866678,-0.005304273,-0.005805677,-0.005352874,-0.005805072
363,7259.988,1786880357241.458,15145059.393,0.000000000,-0.000012377,-0.002589503,0.005843550,-0.005297593,-0.005782251,-0.005339195,-0.005781746
364,7279.986,1786880357261.457,15145079.391,0.000000000,0.000000275,-0.002667473,0.005813383,-0.005354357,-0.005750436,-0.005370397,-0.005750732
365,7299.988,1786880357281.458,15145099.393,0.000000000,0.000006679,-0.002777749,0.005782947,-0.005436778,-0.005717637,-0.005434526,-0.005719210
366,7319.987,1786880357301.457,15145119.392,0.000000000,-0.000010701,-0.002576497,0.005804878,-0.005265330,-0.005747211,-0.005308890,-0.005743303
367,7339.986,1786880357321.456,15145139.391,0.000000000,-0.000024514,-0.002468714,0.005814043,-0.005203781,-0.005754279,-0.005277391,-0.005752708
368,7359.986,1786880357341.456,15145159.391,0.000000000,-0.000045577,-0.002358191,0.005805690,-0.005069336,-0.005749630,-0.005207423,-0.005745455
369,7379.986,1786880357361.456,15145179.391,0.000000000,-0.000020578,-0.002319320,0.005789602,-0.005050310,-0.005733232,-0.005136805,-0.005730012
370,7399.984,1786880357381.454,15145199.389,0.000000000,0.000008542,-0.002389357,0.005756744,-0.005119932,-0.005696515,-0.005146410,-0.005696659
371,7419.985,1786880357401.456,15145219.390,0.000000000,0.000013999,-0.002355800,0.005720739,-0.005048678,-0.005663591,-0.005051405,-0.005662422
372,7439.987,1786880357421.457,15145239.392,0.000000000,0.000028185,-0.002337888,0.005683777,-0.004978177,-0.005630429,-0.004988184,-0.005625203
373,7459.985,1786880357441.455,15145259.390,0.000000000,0.000050420,-0.002481985,0.005644285,-0.005088742,-0.005587243,-0.005052679,-0.005585343
374,7479.985,1786880357461.456,15145279.390,0.000000000,0.000056744,-0.002459693,0.005627525,-0.005064169,-0.005576162,-0.005017546,-0.005564226
375,7499.984,1786880357481.454,15145299.389,0.000000000,0.000065244,-0.002623032,0.005597179,-0.005179029,-0.005543889,-0.005142246,-0.005531128
376,7519.984,1786880357501.454,15145319.389,0.000000000,0.000066683,-0.002601035,0.005588253,-0.005189343,-0.005531388,-0.005126943,-0.005523222
377,7539.984,1786880357521.455,15145339.390,0.000000000,0.000040275,-0.002516011,0.005583170,-0.005098822,-0.005523399,-0.005094071,-0.005522337
378,7559.985,1786880357541.455,15145359.390,0.000000000,0.000027615,-0.002565484,0.005561289,-0.005128332,-0.005498983,-0.005134456,-0.005500101
379,7579.985,1786880357561.455,15145379.390,0.000000000,0.000016635,-0.002608533,0.005518511,-0.005102149,-0.005455594,-0.005124595,-0.005459073
380,7599.984,1786880357581.455,15145399.390,0.000000000,0.000024226,-0.002672656,0.005495777,-0.005159657,-0.005429920,-0.005157304,-0.005436237
381,7619.986,1786880357601.456,15145419.391,0.000000000,-0.000001401,-0.002354636,0.005511457,-0.004867431,-0.005450910,-0.004931208,-0.005457952
382,7639.983,1786880357621.453,15145439.388,0.000000000,0.000002557,-0.002023001,0.005515226,-0.004566996,-0.005463308,-0.004651275,-0.005465659
383,7659.984,1786880357641.455,15145459.390,0.000000000,0.000037134,-0.002029672,0.005477694,-0.004554888,-0.005428287,-0.004579694,-0.005427015
384,7679.985,1786880357661.455,15145479.390,0.000000000,0.000040892,-0.002118742,0.005456908,-0.004611063,-0.005409196,-0.004642093,-0.005403588
385,7699.983,1786880357681.453,15145499.388,0.000000000,0.000023599,-0.001949441,0.005469610,-0.004456970,-0.005425595,-0.004535619,-0.005420767
386,7719.984,1786880357701.454,15145519.389,0.000000000,0.000021037,-0.001628046,0.005481994,-0.004188975,-0.005442187,-0.004297229,-0.005437616
387,7739.984,1786880357721.454,15145539.389,0.000000000,0.000049254,-0.001539936,0.005475453,-0.004135865,-0.005438472,-0.004205001,-0.005430163
388,7759.984,1786880357741.454,15145559.389,0.000000000,0.000101297,-0.001726917,0.005423392,-0.004296105,-0.005382468,-0.004275410,-0.005374042
389,7779.984,1786880357761.454,15145579.389,0.000000000,0.000118885,-0.001779452,0.005374795,-0.004325185,-0.005330745,-0.004220689,-0.005328248
390,7799.984,1786880357781.454,15145599.389,0.000000000,0.000081888,-0.001765605,0.005335751,-0.004211460,-0.005291900,-0.004193802,-0.005294026
391,7819.983,1786880357801.453,15145619.388,0.000000000,0.000043727,-0.001870764,0.005303165,-0.004218346,-0.005259039,-0.004295175,-0.005260874
392,7839.983,1786880357821.453,15145639.388,0.000000000,0.000066025,-0.002157172,0.005241751,-0.004408334,-0.005196858,-0.004450898,-0.005193831
393,7859.984,1786880357841.455,15145659.389,0.000000000,0.000085704,-0.002219769,0.005228968,-0.004488488,-0.005177707,-0.004504281,-0.005181180
394,7879.984,1786880357861.454,15145679.389,0.000000000,0.000087631,-0.001767335,0.005256617,-0.004124953,-0.005218231,-0.004140044,-0.005213001
395,7899.984,1786880357881.454,15145699.389,0.000000000,0.000086210,-0.001593840,0.005269480,-0.004006333,-0.005229381,-0.004042937,-0.005229344
396,7919.984,1786880357901.455,15145719.390,0.000000000,0.000115813,-0.001853518,0.005211867,-0.004207831,-0.005165837,-0.004179315,-0.005168462
397,7939.983,1786880357921.453,15145739.388,0.000000000,0.000124149,-0.002077499,0.005184855,-0.004360233,-0.005142402,-0.004335885,-0.005137256
398,7959.984,1786880357941.455,15145759.390,0.000000000,0.000103234,-0.001938258,0.005206890,-0.004244477,-0.005172314,-0.004290537,-0.005157159
399,7979.984,1786880357961.455,15145779.390,0.000000000,0.000093787,-0.001494030,0.005208698,-0.003858286,-0.005175873,-0.003901336,-0.005171974
400,7999.985,1786880357981.455,15145799.390,0.000000000,0.000078007,-0.001339351,0.005188602,-0.003674173,-0.005155956,-0.003776693,-0.005156300
401,8019.984,1786880358001.454,15145819.389,0.000000000,0.000099340,-0.000849295,0.005180744,-0.003202805,-0.005161877,-0.003314860,-0.005156009
402,8039.984,1786880358021.454,15145839.389,0.000000000,0.000126144,-0.000731157,0.005171209,-0.003153124,-0.005143174,-0.003188808,-0.005154155
403,8059.985,1786880358041.455,15145859.390,0.000000000,0.000162277,-0.001083327,0.005116725,-0.003460438,-0.005081754,-0.003409415,-0.005092723
404,8079.985,1786880358061.455,15145879.390,0.000000000,0.000150069,-0.001168924,0.005081176,-0.003473793,-0.005050274,-0.003450167,-0.005053267
405,8099.985,1786880358081.455,15145899.390,0.000000000,0.000133869,-0.001352110,0.005043917,-0.003578357,-0.005001785,-0.003584855,-0.005023207
406,8119.985,1786880358101.455,15145919.390,0.000000000,0.000156523,-0.001587643,0.004979157,-0.003694985,-0.004941844,-0.003683160,-0.004952380
407,8139.984,1786880358121.455,15145939.389,0.000000000,0.000169640,-0.001745053,0.004946078,-0.003821924,-0.004909971,-0.003765705,-0.004914393
408,8159.985,1786880358141.455,15145959.390,0.000000000,0.000165608,-0.001187757,0.004965245,-0.003328909,-0.004960516,-0.003301675,-0.004925511
409,8179.984,1786880358161.454,15145979.389,0.000000000,0.000134532,-0.000776318,0.004993818,-0.002981822,-0.004978711,-0.003004752,-0.004979640
410,8199.984,1786880358181.454,15145999.389,0.000000000,0.000144000,-0.000473531,0.005011371,-0.002759680,-0.004996696,-0.002795882,-0.005002195
411,8219.984,1786880358201.455,15146019.389,0.000000000,0.000165867,-0.000524973,0.004992567,-0.002821797,-0.004976303,-0.002806477,-0.004982470
412,8239.984,1786880358221.454,15146039.389,0.000000000,0.000151686,-0.000703600,0.004991435,-0.002995505,-0.004971945,-0.003000681,-0.004977135
413,8259.984,1786880358241.455,15146059.390,0.000000000,0.000155748,-0.000843443,0.004976751,-0.003135841,-0.004949665,-0.003136648,-0.004961154
414,8279.986,1786880358261.456,15146079.391,0.000000000,0.000134111,-0.000809840,0.004963144,-0.003079563,-0.004938702,-0.003129270,-0.004945399
415,8299.987,1786880358281.457,15146099.392,0.000000000,0.000125546,-0.000892538,0.004915060,-0.003048552,-0.004894043,-0.003148578,-0.004897016
416,8319.987,1786880358301.457,15146119.392,0.000000000,0.000166656,-0.000825813,0.004897587,-0.002991386,-0.004884868,-0.003037138,-0.004875272
417,8339.986,1786880358321.456,15146139.391,0.000000000,0.000196173,-0.000743622,0.004881340,-0.002953142,-0.004862189,-0.002890061,-0.004870121
418,8359.985,1786880358341.455,15146159.390,0.000000000,0.000199188,-0.000759116,0.004866784,-0.002928491,-0.004859955,-0.002896809,-0.004847546
419,8379.990,1786880358361.460,15146179.395,0.000000000,0.000202769,-0.000700065,0.004869014,-0.002913303,-0.004852666,-0.002845695,-0.004861022
420,8399.986,1786880358381.456,15146199.391,0.000000000,0.000202388,-0.000709415,0.004873165,-0.002958381,-0.004857152,-0.002866777,-0.004864197
421,8419.987,1786880358401.457,15146219.392,0.000000000,0.000199705,-0.000493638,0.004886006,-0.002793466,-0.004875839,-0.002679845,-0.004882517
422,8439.990,1786880358421.460,15146239.395,0.000000000,0.000156712,-0.000156051,0.004917718,-0.002522746,-0.004906581,-0.002489834,-0.004923800
423,8459.985,1786880358441.455,15146259.390,0.000000000,0.000099580,0.000000244,0.004877950,-0.002258155,-0.004874031,-0.002356682,-0.004885499
424,8479.985,1786880358461.455,15146279.390,0.000000000,0.000123603,-0.000002052,0.004864945,-0.002395553,-0.004847398,-0.002276232,-0.004877511
425,8499.983,1786880358481.453,15146299.388,0.000000000,0.000084957,0.000316509,0.004822152,-0.002014304,-0.004812169,-0.002050385,-0.004830739
426,8519.983,1786880358501.453,15146319.388,0.000000000,0.000028653,0.000137167,0.004647647,-0.001737742,-0.004636371,-0.002036706,-0.004667081
427,8539.983,1786880358521.453,15146339.388,0.000000000,0.000005855,0.000007472,0.004513531,-0.001497695,-0.004531617,-0.001963257,-0.004520709
428,8559.987,1786880358541.458,15146359.393,0.000000000,0.000041221,-0.000003633,0.004531931,-0.001527560,-0.004561224,-0.001974799,-0.004532170
429,8579.990,1786880358561.460,15146379.395,0.000000000,0.000133692,-0.000145237,0.004583904,-0.001828454,-0.004616815,-0.002079944,-0.004575529
430,8599.987,1786880358581.457,15146399.392,0.000000000,0.000206197,-0.000380919,0.004670763,-0.002327838,-0.004692370,-0.002372460,-0.004652902
431,8619.986,1786880358601.456,15146419.391,0.000000000,0.000298903,-0.000651398,0.004709701,-0.002785209,-0.004703342,-0.002631933,-0.004699132
432,8639.986,1786880358621.456,15146439.391,0.000000000,0.000412923,-0.000834623,0.004731359,-0.003154383,-0.004737119,-0.002751942,-0.004697247
433,8659.986,1786880358641.456,15146459.391,0.000000000,0.000452982,-0.000701436,0.004766615,-0.003212007,-0.004765940,-0.002663778,-0.004738221
434,8679.985,1786880358661.456,15146479.390,0.000000000,0.000452159,-0.000248775,0.004812599,-0.002966703,-0.004802442,-0.002326018,-0.004804755
435,8699.986,1786880358681.456,15146499.391,0.000000000,0.000367207,0.000347922,0.004813237,-0.002368802,-0.004821632,-0.001859626,-0.004812168
436,8719.985,1786880358701.455,15146519.390,0.000000000,0.000222440,0.000811864,0.004812459,-0.001788551,-0.004822068,-0.001617829,-0.004828759
437,8739.987,1786880358721.457,15146539.392,0.000000000,0.000153652,0.001086546,0.004819742,-0.001472371,-0.004820902,-0.001499309,-0.004852004
438,8759.985,1786880358741.455,15146559.390,0.000000000,0.000150062,0.001132551,0.004798252,-0.001371686,-0.004807735,-0.001468644,-0.004824756
439,8779.983,1786880358761.453,15146579.388,0.000000000,0.000159139,0.000935334,0.004745809,-0.001463707,-0.004759822,-0.001570010,-0.004765397
440,8799.988,1786880358781.458,15146599.393,0.000000000,0.000155470,0.000581299,0.004705380,-0.001751592,-0.004711783,-0.001848032,-0.004718259
441,8819.985,1786880358801.455,15146619.390,0.000000000,0.000142692,0.000430040,0.004675149,-0.001870341,-0.004676024,-0.001968223,-0.004684119
442,8839.986,1786880358821.456,15146639.391,0.000000000,0.000114250,0.000225404,0.004627448,-0.001956105,-0.004625130,-0.002102398,-0.004637054
443,8859.984,1786880358841.454,15146659.389,0.000000000,0.000106724,0.000185273,0.004581539,-0.001883694,-0.004580833,-0.002064555,-0.004597340
444,8879.987,1786880358861.457,15146679.392,0.000000000,0.000121934,0.000263269,0.004569627,-0.001793072,-0.004574397,-0.001966979,-0.004587531
445,8899.984,1786880358881.454,15146699.389,0.000000000,0.000149235,0.000361081,0.004583418,-0.001770696,-0.004591728,-0.001886785,-0.004600390
446,8919.984,1786880358901.454,15146719.389,0.000000000,0.000175088,0.000369189,0.004587681,-0.001821207,-0.004598265,-0.001877627,-0.004600657
447,8939.987,1786880358921.457,15146739.392,0.000000000,0.000194187,0.000322684,0.004586314,-0.001907781,-0.004597911,-0.001913032,-0.004594903
448,8959.984,1786880358941.454,15146759.389,0.000000000,0.000202596,0.000257986,0.004586747,-0.002006761,-0.004597609,-0.001977974,-0.004591699
449,8979.984,1786880358961.454,15146779.389,0.000000000,0.000201109,0.000197742,0.004585630,-0.002089911,-0.004593796,-0.002049482,-0.004588713
450,8999.987,1786880358981.457,15146799.392,0.000000000,0.000197537,0.000169322,0.004578075,-0.002127966,-0.004583813,-0.002083395,-0.004580885
451,9019.986,1786880359001.456,15146819.391,0.000000000,0.000178835,0.000300156,0.004569903,-0.001996647,-0.004577677,-0.001978091,-0.004576004
452,9039.986,1786880359021.456,15146839.391,0.000000000,0.000158567,0.000363158,0.004563324,-0.001937497,-0.004566221,-0.001956482,-0.004573559
453,9059.985,1786880359041.456,15146859.390,0.000000000,0.000163898,0.000350201,0.004533476,-0.001917526,-0.004536550,-0.001930838,-0.004544071
454,9079.983,1786880359061.453,15146879.388,0.000000000,0.000175579,0.000343015,0.004512975,-0.001911813,-0.004518084,-0.001902079,-0.004523074
455,9099.989,1786880359081.459,15146899.394,0.000000000,0.000180886,0.000352392,0.004504818,-0.001901026,-0.004511208,-0.001888541,-0.004514534
456,9119.985,1786880359101.455,15146919.390,0.000000000,0.000184786,0.000360880,0.004493210,-0.001887253,-0.004501034,-0.001875277,-0.004502505
457,9139.987,1786880359121.457,15146939.392,0.000000000,0.000186891,0.000368915,0.004478955,-0.001870605,-0.004487837,-0.001857589,-0.004488194
458,9159.986,1786880359141.456,15146959.391,0.000000000,0.000194311,0.000411347,0.004472076,-0.001829755,-0.004484707,-0.001813223,-0.004481153
459,9179.986,1786880359161.456,15146979.391,0.000000000,0.000204684,0.000494351,0.004459071,-0.001750935,-0.004474823,-0.001724857,-0.004468821
460,9199.987,1786880359181.457,15146999.392,0.000000000,0.000208777,0.000533503,0.004447031,-0.001724292,-0.004462323,-0.001685318,-0.004457075
461,9219.988,1786880359201.458,15147019.393,0.000000000,0.000208459,0.000540348,0.004431808,-0.001714949,-0.004446751,-0.001666332,-0.004442268
462,9239.986,1786880359221.456,15147039.391,0.000000000,0.000205731,0.000545819,0.004416188,-0.001702172,-0.004430908,-0.001648961,-0.004427278
463,9259.985,1786880359241.455,15147059.390,0.000000000,0.000197410,0.000540284,0.004401903,-0.001692961,-0.004414586,-0.001649968,-0.004415257
464,9279.984,1786880359261.455,15147079.389,0.000000000,0.000187470,0.000520599,0.004389351,-0.001695625,-0.004401044,-0.001670777,-0.004403270
465,9299.984,1786880359281.455,15147099.390,0.000000000,0.000176873,0.000510442,0.004378923,-0.001694334,-0.004390124,-0.001691959,-0.004392348
466,9319.987,1786880359301.458,15147119.393,0.000000000,0.000167900,0.000512686,0.004369599,-0.001685878,-0.004380072,-0.001703031,-0.004382981
467,9339.984,1786880359321.455,15147139.389,0.000000000,0.000161518,0.000512052,0.004359305,-0.001680710,-0.004369042,-0.001712056,-0.004372667
468,9359.985,1786880359341.455,15147159.390,0.000000000,0.000160602,0.000500671,0.004349813,-0.001686336,-0.004359421,-0.001719093,-0.004362907
469,9379.985,1786880359361.455,15147179.390,0.000000000,0.000159600,0.000482730,0.004338389,-0.001700431,-0.004347492,-0.001735962,-0.004350684
470,9399.985,1786880359381.455,15147199.390,0.000000000,0.000160767,0.000464626,0.004326910,-0.001716576,-0.004335543,-0.001750311,-0.004338420
471,9419.984,1786880359401.455,15147219.389,0.000000000,0.000163595,0.000448363,0.004315253,-0.001731700,-0.004323733,-0.001760456,-0.004325879
472,9439.985,1786880359421.455,15147239.390,0.000000000,0.000167192,0.000433732,0.004303469,-0.001745594,-0.004312034,-0.001767543,-0.004313139
473,9459.984,1786880359441.455,15147259.390,0.000000000,0.000170660,0.000422772,0.004291542,-0.001755422,-0.004300312,-0.001770546,-0.004300393
474,9479.984,1786880359461.454,15147279.389,0.000000000,0.000173282,0.000413581,0.004279665,-0.001763014,-0.004288602,-0.001772092,-0.004287867
475,9499.986,1786880359481.456,15147299.391,0.000000000,0.000174503,0.000406271,0.004268267,-0.001769174,-0.004277031,-0.001774169,-0.004276082
476,9519.985,1786880359501.455,15147319.390,0.000000000,0.000174609,0.000401539,0.004256777,-0.001771842,-0.004265176,-0.001774775,-0.004264490
477,9539.984,1786880359521.454,15147339.389,0.000000000,0.000174411,0.000397480,0.004245088,-0.001772834,-0.004253251,-0.001774856,-0.004252630
478,9559.987,1786880359541.457,15147359.392,0.000000000,0.000173197,0.000389712,0.004232700,-0.001774919,-0.004240494,-0.001777596,-0.004240166
479,9579.984,1786880359561.454,15147379.389,0.000000000,0.000171869,0.000380554,0.004219689,-0.001776491,-0.004227120,-0.001780139,-0.004227182
480,9599.984,1786880359581.454,15147399.389,0.000000000,0.000170789,0.000367989,0.004205843,-0.001778712,-0.004213098,-0.001783271,-0.004213342
481,9619.985,1786880359601.455,15147419.390,0.000000000,0.000170431,0.000362762,0.004195929,-0.001778646,-0.004202906,-0.001782586,-0.004203546
482,9639.984,1786880359621.454,15147439.389,0.000000000,0.000169464,0.000353324,0.004183192,-0.001781229,-0.004190034,-0.001785559,-0.004190550
483,9659.985,1786880359641.455,15147459.390,0.000000000,0.000168598,0.000345944,0.004170729,-0.001782427,-0.004177378,-0.001787209,-0.004177929
484,9679.984,1786880359661.454,15147479.389,0.000000000,0.000168007,0.000339828,0.004158466,-0.001782789,-0.004165008,-0.001787772,-0.004165487
485,9699.995,1786880359681.465,15147499.400,0.000000000,0.000167669,0.000335068,0.004146514,-0.001782626,-0.004152930,-0.001787389,-0.004153405
486,9719.987,1786880359701.457,15147519.392,0.000000000,0.000167560,0.000331441,0.004134839,-0.001782005,-0.004141171,-0.001786265,-0.004141590
487,9739.986,1786880359721.456,15147539.391,0.000000000,0.000167545,0.000328277,0.004123453,-0.001781621,-0.004129657,-0.001785175,-0.004130082
488,9759.994,1786880359741.464,15147559.399,0.000000000,0.000167569,0.000326319,0.004112821,-0.001781639,-0.004118914,-0.001784463,-0.004119256
489,9779.988,1786880359761.458,15147579.393,0.000000000,0.000168037,0.000320314,0.004102153,-0.001785777,-0.004108115,-0.001786781,-0.004108250
490,9799.987,1786880359781.457,15147599.392,0.000000000,0.000167969,0.000313876,0.004090841,-0.001788524,-0.004096667,-0.001788755,-0.004096658
491,9819.985,1786880359801.456,15147619.390,0.000000000,0.000167779,0.000308149,0.004079392,-0.001790268,-0.004085026,-0.001789792,-0.004085032
492,9839.985,1786880359821.455,15147639.390,0.000000000,0.000167932,0.000313164,0.004071952,-0.001784932,-0.004077641,-0.001784037,-0.004077590
493,9859.985,1786880359841.455,15147659.390,0.000000000,0.000167363,0.000306078,0.004060059,-0.001787021,-0.004065496,-0.001785666,-0.004065532
494,9879.983,1786880359861.453,15147679.388,0.000000000,0.000166550,0.000311604,0.004050014,-0.001780911,-0.004055443,-0.001780618,-0.004055259
495,9899.984,1786880359881.454,15147699.389,0.000000000,0.000165721,0.000313113,0.004039059,-0.001775868,-0.004044410,-0.001776373,-0.004044315
496,9919.985,1786880359901.455,15147719.390,0.000000000,0.000164893,0.000309996,0.004027330,-0.001773222,-0.004032575,-0.001774424,-0.004032605
497,9939.985,1786880359921.455,15147739.390,0.000000000,0.000164096,0.000305220,0.004015320,-0.001771485,-0.004020470,-0.001773287,-0.004020585
498,9959.984,1786880359941.454,15147759.389,0.000000000,0.000163346,0.000300293,0.004003337,-0.001770013,-0.004008381,-0.001772277,-0.004008581
499,9979.985,1786880359961.455,15147779.390,0.000000000,0.000162674,0.000295519,0.003991382,-0.001768453,-0.003996343,-0.001771132,-0.003996581
500,9999.985,1786880359981.455,15147799.390,0.000000000,0.000162354,0.000284961,0.003979118,-0.001772676,-0.003983754,-0.001774195,-0.003984208
501,10019.984,1786880360001.455,15147819.389,0.000000000,0.000161776,0.000275785,0.003966586,-0.001773865,-0.003971195,-0.001775711,-0.003971489
502,10039.985,1786880360021.456,15147839.391,0.000000000,0.000161172,0.000269899,0.003954640,-0.001773330,-0.003959198,-0.001775534,-0.003959398
503,10059.984,1786880360041.455,15147859.390,0.000000000,0.000160417,0.000314676,0.003961163,-0.001772826,-0.003960993,-0.001760835,-0.003969519
504,10079.985,1786880360061.455,15147879.390,0.000000000,0.000161787,0.000298914,0.003947208,-0.001775712,-0.003948527,-0.001766457,-0.003953022
505,10099.986,1786880360081.456,15147899.391,0.000000000,0.000161177,0.000254735,0.003929112,-0.001792516,-0.003933887,-0.001788607,-0.003931195
506,10119.985,1786880360101.455,15147919.390,0.000000000,0.000156996,0.000229695,0.003913054,-0.001795928,-0.003917939,-0.001802410,-0.003914643
507,10139.986,1786880360121.456,15147939.391,0.000000000,0.000147921,0.000257188,0.003908917,-0.001785497,-0.003908326,-0.001796174,-0.003914350
508,10159.986,1786880360141.456,15147959.391,0.000000000,0.000143234,0.000235760,0.003893948,-0.001783664,-0.003894302,-0.001815695,-0.003897715
509,10179.987,1786880360161.457,15147979.392,0.000000000,0.000147453,0.000194746,0.003872971,-0.001795997,-0.003874854,-0.001825095,-0.003875379
510,10199.985,1786880360181.455,15147999.390,0.000000000,0.000153313,0.000168393,0.003855432,-0.001806566,-0.003858247,-0.001823146,-0.003857213
511,10219.985,1786880360201.455,15148019.390,0.000000000,0.000159578,0.000156620,0.003841449,-0.001813650,-0.003844950,-0.001813722,-0.003842785
512,10239.984,1786880360221.454,15148039.389,0.000000000,0.000172033,0.000114642,0.003833991,-0.001870609,-0.003834823,-0.001841580,-0.003835284
513,10259.984,1786880360241.454,15148059.389,0.000000000,0.000176995,0.000086163,0.003822144,-0.001895034,-0.003823819,-0.001858750,-0.003821206
514,10279.987,1786880360261.458,15148079.392,0.000000000,0.000171456,0.000096182,0.003807974,-0.001870306,-0.003810030,-0.001844391,-0.003807350
515,10299.986,1786880360281.457,15148099.391,0.000000000,0.000163509,0.000119285,0.003795823,-0.001836278,-0.003797919,-0.001822742,-0.003796240
516,10319.987,1786880360301.457,15148119.392,0.000000000,0.000157342,0.000146181,0.003785697,-0.001805451,-0.003788007,-0.001798707,-0.003786911
517,10339.986,1786880360321.457,15148139.391,0.000000000,0.000151413,0.000156665,0.003778798,-0.001790383,-0.003780962,-0.001794091,-0.003780309
518,10359.987,1786880360341.457,15148159.392,0.000000000,0.000145934,0.000155753,0.003764872,-0.001776595,-0.003766562,-0.001791301,-0.003766855
519,10379.991,1786880360361.461,15148179.396,0.000000000,0.000143765,0.000150196,0.003753148,-0.001773264,-0.003754959,-0.001792149,-0.003754917
520,10399.987,1786880360381.457,15148199.392,0.000000000,0.000143209,0.000141637,0.003743680,-0.001779697,-0.003745535,-0.001797402,-0.003744915
521,10419.984,1786880360401.455,15148219.389,0.000000000,0.000149369,0.000103282,0.003733600,-0.001825450,-0.003732972,-0.001828179,-0.003733927
522,10439.985,1786880360421.455,15148239.390,0.000000000,0.000154694,0.000092984,0.003722065,-0.001833958,-0.003723288,-0.001822310,-0.003720691
523,10459.987,1786880360441.457,15148259.392,0.000000000,0.000151437,0.000103068,0.003712547,-0.001818954,-0.003714160,-0.001811640,-0.003711457
524,10479.987,1786880360461.458,15148279.392,0.000000000,0.000145853,0.000107068,0.003704716,-0.001810156,-0.003705748,-0.001813596,-0.003704280
525,10499.985,1786880360481.456,15148299.390,0.000000000,0.000141772,0.000101226,0.003695899,-0.001810786,-0.003696099,-0.001823172,-0.003695673
526,10519.985,1786880360501.455,15148319.390,0.000000000,0.000139474,0.000087644,0.003682400,-0.001811672,-0.003681793,-0.001829891,-0.003682369
527,10539.984,1786880360521.454,15148339.389,0.000000000,0.000139384,0.000072693,0.003669890,-0.001817749,-0.003668784,-0.001836679,-0.003669693
528,10559.990,1786880360541.460,15148359.395,0.000000000,0.000140766,0.000059161,0.003657622,-0.001824465,-0.003656348,-0.001840702,-0.003657005
529,10579.988,1786880360561.458,15148379.394,0.000000000,0.000142521,0.000058716,0.003648618,-0.001823083,-0.003647070,-0.001835085,-0.003647978
530,10599.986,1786880360581.457,15148399.392,0.000000000,0.000143442,0.000051468,0.003636585,-0.001825843,-0.003634899,-0.001833495,-0.003635586
531,10619.986,1786880360601.456,15148419.391,0.000000000,0.000143900,0.000061708,0.003628504,-0.001813929,-0.003626672,-0.001818753,-0.003628880
532,10639.985,1786880360621.456,15148439.390,0.000000000,0.000144289,0.000067979,0.003619609,-0.001807336,-0.003618232,-0.001811408,-0.003619577
533,10659.986,1786880360641.456,15148459.391,0.000000000,0.000143846,0.000124948,0.003615691,-0.001771505,-0.003611499,-0.001767011,-0.003619208
534,10679.985,1786880360661.455,15148479.390,0.000000000,0.000142036,0.000120983,0.003602941,-0.001761712,-0.003600971,-0.001766432,-0.003604298
535,10699.990,1786880360681.460,15148499.395,0.000000000,0.000140274,0.000093285,0.003588749,-0.001770638,-0.003588233,-0.001781693,-0.003588260
536,10719.991,1786880360701.461,15148519.396,0.000000000,0.000139186,0.000072194,0.003576978,-0.001781527,-0.003576827,-0.001794033,-0.003575508
537,10739.993,1786880360721.463,15148539.398,0.000000000,0.000141174,0.000032557,0.003559940,-0.001804539,-0.003559774,-0.001809465,-0.003557385
538,10759.989,1786880360741.459,15148559.394,0.000000000,0.000142385,0.000019734,0.003547460,-0.001804587,-0.003548034,-0.001808382,-0.003544786
539,10779.988,1786880360761.458,15148579.393,0.000000000,0.000141410,0.000032200,0.003542074,-0.001796689,-0.003542634,-0.001803283,-0.003539474
540,10799.988,1786880360781.458,15148599.393,0.000000000,0.000139818,0.000048776,0.003537025,-0.001788019,-0.003536903,-0.001797343,-0.003534703
541,10819.989,1786880360801.459,15148619.394,0.000000000,0.000139966,0.000058029,0.003531033,-0.001781566,-0.003530344,-0.001790804,-0.003528985
542,10839.986,1786880360821.456,15148639.391,0.000000000,0.000139135,0.000039601,0.003518484,-0.001791455,-0.003517131,-0.001801677,-0.003515912
543,10859.986,1786880360841.456,15148659.391,0.000000000,0.000138028,0.000002957,0.003503437,-0.001814343,-0.003500867,-0.001823652,-0.003500297
544,10879.984,1786880360861.454,15148679.389,0.000000000,0.000131378,-0.000011663,0.003483496,-0.001804878,-0.003483182,-0.001811993,-0.003478728
545,10899.986,1786880360881.456,15148699.391,0.000000000,0.000120850,-0.000046663,0.003480223,-0.001852394,-0.003473097,-0.001869790,-0.003476883
546,10919.983,1786880360901.453,15148719.388,0.000000000,0.000127994,-0.000045487,0.003477350,-0.001872143,-0.003469531,-0.001873828,-0.003473024
547,10939.984,1786880360921.455,15148739.390,0.000000000,0.000132786,-0.000034781,0.003468123,-0.001857302,-0.003462206,-0.001855486,-0.003463311
548,10959.984,1786880360941.454,15148759.389,0.000000000,0.000138200,-0.000073849,0.003455270,-0.001871308,-0.003451958,-0.001872428,-0.003449096
549,10979.985,1786880360961.455,15148779.390,0.000000000,0.000137621,-0.000042900,0.003452235,-0.001845480,-0.003450704,-0.001855596,-0.003445499
550,10999.985,1786880360981.455,15148799.390,0.000000000,0.000129967,0.000009392,0.003435012,-0.001784151,-0.003430613,-0.001803953,-0.003431835
551,11019.984,1786880361001.455,15148819.390,0.000000000,0.000130278,-0.000016634,0.003414556,-0.001786680,-0.003408996,-0.001803537,-0.003412023
552,11039.984,1786880361021.454,15148839.389,0.000000000,0.000136884,-0.000052586,0.003409169,-0.001825660,-0.003403302,-0.001834570,-0.003405380
553,11059.984,1786880361041.455,15148859.390,0.000000000,0.000139183,-0.000087709,0.003397147,-0.001846830,-0.003391182,-0.001852140,-0.003392531
554,11079.984,1786880361061.454,15148879.389,0.000000000,0.000139613,-0.000107759,0.003383298,-0.001854198,-0.003377406,-0.001856188,-0.003378303
555,11099.984,1786880361081.454,15148899.389,0.000000000,0.000138654,-0.000102099,0.003373524,-0.001849011,-0.003367461,-0.001845700,-0.003368545
556,11119.984,1786880361101.455,15148919.389,0.000000000,0.000136729,-0.000095636,0.003365431,-0.001841290,-0.003359887,-0.001839766,-0.003360021
557,11139.984,1786880361121.455,15148939.390,0.000000000,0.000135369,-0.000079574,0.003354748,-0.001823453,-0.003349292,-0.001821516,-0.003349393
558,11159.984,1786880361141.455,15148959.390,0.000000000,0.000140785,-0.000078235,0.003345113,-0.001825509,-0.003339838,-0.001813516,-0.003339010
559,11179.984,1786880361161.454,15148979.389,0.000000000,0.000138247,-0.000095176,0.003332602,-0.001831035,-0.003326898,-0.001818193,-0.003326635
560,11199.984,1786880361181.454,15148999.389,0.000000000,0.000130783,-0.000092185,0.003323242,-0.001819868,-0.003317237,-0.001815996,-0.003317757
561,11219.983,1786880361201.453,15149019.388,0.000000000,0.000126165,-0.000056018,0.003316501,-0.001779829,-0.003312012,-0.001785554,-0.003311769
562,11239.984,1786880361221.454,15149039.389,0.000000000,0.000122497,-0.000039463,0.003310675,-0.001762390,-0.003306725,-0.001775493,-0.003306191
563,11259.984,1786880361241.454,15149059.389,0.000000000,0.000120459,-0.000043546,0.003303312,-0.001763686,-0.003299256,-0.001780593,-0.003298673
564,11279.984,1786880361261.454,15149079.389,0.000000000,0.000120249,-0.000048598,0.003296717,-0.001766154,-0.003292307,-0.001784666,-0.003291970
565,11299.984,1786880361281.454,15149099.389,0.000000000,0.000122457,-0.000059232,0.003285614,-0.001771242,-0.003281089,-0.001785033,-0.003280614
566,11319.985,1786880361301.455,15149119.390,0.000000000,0.000124183,-0.000073198,0.003273845,-0.001778126,-0.003268937,-0.001788165,-0.003268637
567,11339.984,1786880361321.455,15149139.390,0.000000000,0.000125192,-0.000084000,0.003262374,-0.001782414,-0.003257067,-0.001789812,-0.003257006
568,11359.985,1786880361341.455,15149159.390,0.000000000,0.000125774,-0.000090640,0.003251502,-0.001783929,-0.003245828,-0.001789408,-0.003245999
569,11379.984,1786880361361.454,15149179.389,0.000000000,0.000126161,-0.000095220,0.003240799,-0.001783302,-0.003234876,-0.001787471,-0.003235182
570,11399.984,1786880361381.454,15149199.389,0.000000000,0.000128074,-0.000093644,0.003229578,-0.001770331,-0.003224929,-0.001771688,-0.003224330
571,11419.983,1786880361401.453,15149219.388,0.000000000,0.000128218,-0.000077014,0.003222015,-0.001756269,-0.003217296,-0.001756741,-0.003217059
572,11439.984,1786880361421.454,15149239.389,0.000000000,0.000126406,-0.000022627,0.003215352,-0.001710008,-0.003208956,-0.001710786,-0.003213609
573,11459.984,1786880361441.454,15149259.389,0.000000000,0.000124324,-0.000019897,0.003204718,-0.001696914,-0.003199786,-0.001705671,-0.003201805
574,11479.984,1786880361461.454,15149279.389,0.000000000,0.000123017,-0.000032974,0.003194587,-0.001701921,-0.003190450,-0.001713218,-0.003190377
575,11499.984,1786880361481.454,15149299.389,0.000000000,0.000122447,-0.000048030,0.003185601,-0.001712885,-0.003181327,-0.001722416,-0.003180828
576,11519.984,1786880361501.454,15149319.389,0.000000000,0.000122593,-0.000056657,0.003180111,-0.001722398,-0.003175215,-0.001728670,-0.003175314
577,11539.983,1786880361521.453,15149339.388,0.000000000,0.000124543,-0.000074194,0.003170912,-0.001737398,-0.003165737,-0.001738521,-0.003165452
578,11559.985,1786880361541.455,15149359.390,0.000000000,0.000127358,-0.000097485,0.003160552,-0.001755741,-0.003155178,-0.001751106,-0.003154197
579,11579.984,1786880361561.454,15149379.389,0.000000000,0.000126958,-0.000098867,0.003148979,-0.001748627,-0.003143537,-0.001745151,-0.003142675
580,11599.984,1786880361581.454,15149399.389,0.000000000,0.000124197,-0.000077953,0.003133481,-0.001708984,-0.003128898,-0.001713352,-0.003128113
581,11619.989,1786880361601.458,15149419.394,0.000000000,0.000124311,-0.000080610,0.003120984,-0.001697584,-0.003117111,-0.001702631,-0.003115919
582,11639.997,1786880361621.467,15149439.402,0.000000000,0.000123007,-0.000120714,0.003123892,-0.001762108,-0.003117022,-0.001762190,-0.003116935
583,11659.985,1786880361641.455,15149459.390,0.000000000,0.000122294,-0.000134027,0.003112380,-0.001773654,-0.003103845,-0.001771318,-0.003104949
584,11679.984,1786880361661.454,15149479.389,0.000000000,0.000120630,-0.000134628,0.003095973,-0.001753694,-0.003087837,-0.001754564,-0.003089126
585,11699.984,1786880361681.454,15149499.389,0.000000000,0.000119284,-0.000112883,0.003078617,-0.001703045,-0.003073299,-0.001710551,-0.003072851
586,11719.984,1786880361701.454,15149519.389,0.000000000,0.000118128,-0.000098996,0.003071310,-0.001686965,-0.003066350,-0.001698636,-0.003065798
587,11739.984,1786880361721.454,15149539.389,0.000000000,0.000117047,-0.000114177,0.003067149,-0.001709450,-0.003060952,-0.001719876,-0.003060899
588,11759.986,1786880361741.456,15149559.391,0.000000000,0.000117589,-0.000139304,0.003071877,-0.001762499,-0.003063122,-0.001764690,-0.003063885
589,11779.985,1786880361761.455,15149579.390,0.000000000,0.000119354,-0.000150059,0.003056527,-0.001760216,-0.003047547,-0.001755644,-0.003048739
590,11799.989,1786880361781.459,15149599.394,0.000000000,0.000118253,-0.000130947,0.003037110,-0.001711273,-0.003030701,-0.001709514,-0.003030363
591,11819.987,1786880361801.457,15149619.392,0.000000000,0.000114952,-0.000095397,0.003026541,-0.001662220,-0.003021812,-0.001670579,-0.003021119
592,11839.985,1786880361821.455,15149639.390,0.000000000,0.000112962,-0.000099724,0.003021508,-0.001669854,-0.003015978,-0.001681084,-0.003015799
593,11859.988,1786880361841.458,15149659.393,0.000000000,0.000112690,-0.000118400,0.003015029,-0.001690729,-0.003008420,-0.001700684,-0.003008565
594,11879.985,1786880361861.455,15149679.390,0.000000000,0.000113493,-0.000133798,0.003006004,-0.001703678,-0.002998827,-0.001710549,-0.002998949
595,11899.986,1786880361881.456,15149699.391,0.000000000,0.000115652,-0.000165768,0.003003911,-0.001752440,-0.002994506,-0.001749912,-0.002995239
596,11919.986,1786880361901.456,15149719.391,0.000000000,0.000116992,-0.000128678,0.002987950,-0.001701251,-0.002980145,-0.001697213,-0.002980336
597,11939.984,1786880361921.454,15149739.389,0.000000000,0.000115734,-0.000200525,0.002972999,-0.001752569,-0.002963142,-0.001747858,-0.002964347
598,11959.984,1786880361941.454,15149759.389,0.000000000,0.000113912,-0.000162528,0.002957371,-0.001688462,-0.002950980,-0.001692699,-0.002949892
599,11979.985,1786880361961.455,15149779.390,0.000000000,0.000110899,-0.000142925,0.002953420,-0.001668309,-0.002947330,-0.001679842,-0.002946448
600,11999.984,1786880361981.455,15149799.390,0.000000000,0.000109128,-0.000148865,0.002948449,-0.001678527,-0.002941240,-0.001691656,-0.002941264
601,12019.985,1786880362001.455,15149819.390,0.000000000,0.000109006,-0.000148042,0.002941977,-0.001679924,-0.002934356,-0.001692252,-0.002934616
602,12039.985,1786880362021.455,15149839.390,0.000000000,0.000109598,-0.000151746,0.002932058,-0.001679248,-0.002924158,-0.001689025,-0.002924660
603,12059.987,1786880362041.457,15149859.392,0.000000000,0.000111433,-0.000172986,0.002929284,-0.001715218,-0.002919594,-0.001716687,-0.002920645
604,12079.988,1786880362061.458,15149879.393,0.000000000,0.000113773,-0.000141231,0.002917106,-0.001677371,-0.002909376,-0.001672529,-0.002908753
605,12099.986,1786880362081.457,15149899.391,0.000000000,0.000111596,-0.000194532,0.002904239,-0.001714421,-0.002894797,-0.001710709,-0.002895189
606,12119.987,1786880362101.457,15149919.392,0.000000000,0.000110676,-0.000210562,0.002885560,-0.001699402,-0.002877369,-0.001699288,-0.002876810
607,12139.985,1786880362121.455,15149939.390,0.000000000,0.000108379,-0.000175143,0.002878968,-0.001661226,-0.002871844,-0.001668658,-0.002871150
608,12159.985,1786880362141.455,15149959.390,0.000000000,0.000106842,-0.000153423,0.002874744,-0.001645270,-0.002867591,-0.001655404,-0.002867284
609,12179.984,1786880362161.454,15149979.389,0.000000000,0.000106171,-0.000146408,0.002867960,-0.001638880,-0.002860486,-0.001650137,-0.002860654
610,12199.984,1786880362181.454,15149999.389,0.000000000,0.000106549,-0.000148501,0.002859325,-0.001638458,-0.002851664,-0.001647402,-0.002851926
611,12219.983,1786880362201.453,15150019.388,0.000000000,0.000106903,-0.000154571,0.002852353,-0.001641270,-0.002844622,-0.001648019,-0.002844711
612,12239.986,1786880362221.456,15150039.391,0.000000000,0.000107166,-0.000161775,0.002842775,-0.001642914,-0.002834950,-0.001648053,-0.002834908
613,12259.986,1786880362241.456,15150059.391,0.000000000,0.000107027,-0.000166802,0.002833422,-0.001642620,-0.002825485,-0.001647210,-0.002825384
614,12279.988,1786880362261.458,15150079.393,0.000000000,0.000106168,-0.000170439,0.002824035,-0.001640493,-0.002815933,-0.001645715,-0.002815921
615,12299.988,1786880362281.458,15150099.393,0.000000000,0.000105037,-0.000173679,0.002814599,-0.001637507,-0.002806350,-0.001643890,-0.002806446
616,12319.987,1786880362301.458,15150119.393,0.000000000,0.000103715,-0.000194880,0.002809567,-0.001665847,-0.002799120,-0.001669962,-0.002800791
617,12339.986,1786880362321.456,15150139.391,0.000000000,0.000103953,-0.000225226,0.002797171,-0.001684794,-0.002786048,-0.001685365,-0.002787739
618,12359.986,1786880362341.456,15150159.391,0.000000000,0.000105108,-0.000205769,0.002782243,-0.001643769,-0.002774002,-0.001645770,-0.002773199
619,12379.986,1786880362361.456,15150179.391,0.000000000,0.000104151,-0.000168239,0.002774996,-0.001602362,-0.002768123,-0.001609683,-0.002766985
620,12399.985,1786880362381.455,15150199.390,0.000000000,0.000103047,-0.000152754,0.002769309,-0.001588902,-0.002762445,-0.001597867,-0.002761641
621,12419.985,1786880362401.455,15150219.390,0.000000000,0.000101664,-0.000151542,0.002761876,-0.001585855,-0.002754479,-0.001596377,-0.002754406
622,12439.985,1786880362421.455,15150239.390,0.000000000,0.000101250,-0.000157536,0.002753003,-0.001587384,-0.002745128,-0.001597382,-0.002745551
623,12459.987,1786880362441.457,15150259.392,0.000000000,0.000101422,-0.000163879,0.002746049,-0.001590084,-0.002737965,-0.001598242,-0.002738470
624,12479.985,1786880362461.455,15150279.390,0.000000000,0.000102027,-0.000171355,0.002736581,-0.001592104,-0.002728448,-0.001597713,-0.002728762
625,12499.987,1786880362481.457,15150299.392,0.000000000,0.000102654,-0.000176330,0.002727116,-0.001591301,-0.002718984,-0.001595492,-0.002719122
626,12519.986,1786880362501.457,15150319.391,0.000000000,0.000103233,-0.000177134,0.002717989,-0.001587565,-0.002709917,-0.001590034,-0.002709901
627,12539.984,1786880362521.455,15150339.390,0.000000000,0.000103224,-0.000175276,0.002709024,-0.001581319,-0.002701049,-0.001582671,-0.002700931
628,12559.986,1786880362541.456,15150359.391,0.000000000,0.000102663,-0.000172416,0.002700096,-0.001573383,-0.002692212,-0.001575014,-0.002692085
629,12579.985,1786880362561.455,15150379.390,0.000000000,0.000102007,-0.000169715,0.002691287,-0.001565556,-0.002683462,-0.001567841,-0.002683384
630,12599.987,1786880362581.457,15150399.392,0.000000000,0.000101287,-0.000167306,0.002682627,-0.001558135,-0.002674838,-0.001561192,-0.002674837
631,12619.984,1786880362601.454,15150419.389,0.000000000,0.000101071,-0.000165193,0.002674150,-0.001551684,-0.002666448,-0.001554534,-0.002666418
632,12639.990,1786880362621.460,15150439.395,0.000000000,0.000100920,-0.000163717,0.002665517,-0.001545550,-0.002657885,-0.001547976,-0.002657858
633,12659.985,1786880362641.455,15150459.390,0.000000000,0.000100682,-0.000162415,0.002656769,-0.001539214,-0.002649193,-0.001541391,-0.002649210
634,12679.983,1786880362661.453,15150479.389,0.000000000,0.000100327,-0.000160636,0.002648080,-0.001532373,-0.002640563,-0.001534598,-0.002640636
635,12699.984,1786880362681.454,15150499.389,0.000000000,0.000099843,-0.000158562,0.002641803,-0.001526845,-0.002634345,-0.001529456,-0.002634437
636,12719.984,1786880362701.454,15150519.389,0.000000000,0.000099430,-0.000156078,0.002633382,-0.001519711,-0.002626019,-0.001522576,-0.002626107
637,12739.986,1786880362721.456,15150539.391,0.000000000,0.000099070,-0.000153866,0.002624882,-0.001512686,-0.002617622,-0.001515701,-0.002617689
638,12759.986,1786880362741.457,15150559.392,0.000000000,0.000098752,-0.000151612,0.002616364,-0.001505630,-0.002609201,-0.001508748,-0.002609250
639,12779.984,1786880362761.454,15150579.389,0.000000000,0.000098374,-0.000149733,0.002607647,-0.001498455,-0.002600558,-0.001501899,-0.002600625
640,12799.984,1786880362781.454,15150599.389,0.000000000,0.000098049,-0.000147866,0.002598943,-0.001491338,-0.002591920,-0.001495083,-0.002592011
641,12819.985,1786880362801.455,15150619.390,0.000000000,0.000097804,-0.000146016,0.002590322,-0.001484453,-0.002583371,-0.001488339,-0.002583464
642,12839.984,1786880362821.455,15150639.389,0.000000000,0.000097629,-0.000144239,0.002581744,-0.001477781,-0.002574869,-0.001481609,-0.002574948
643,12859.986,1786880362841.456,15150659.391,0.000000000,0.000097296,-0.000142464,0.002573288,-0.001471187,-0.002566469,-0.001475223,-0.002566562
644,12879.984,1786880362861.454,15150679.389,0.000000000,0.000097299,-0.000140843,0.002564873,-0.001465064,-0.002558155,-0.001468532,-0.002558187
645,12899.985,1786880362881.455,15150699.390,0.000000000,0.000097347,-0.000139335,0.002556433,-0.001459117,-0.002549822,-0.001461634,-0.002549792
646,12919.985,1786880362901.455,15150719.390,0.000000000,0.000097264,-0.000137554,0.002548165,-0.001453083,-0.002541663,-0.001454856,-0.002541570
647,12939.984,1786880362921.454,15150739.389,0.000000000,0.000096939,-0.000135896,0.002542144,-0.001448357,-0.002535726,-0.001449998,-0.002535583
648,12959.984,1786880362941.454,15150759.389,0.000000000,0.000096579,-0.000133827,0.002533901,-0.001441699,-0.002527569,-0.001443296,-0.002527426
649,12979.985,1786880362961.455,15150779.390,0.000000000,0.000096166,-0.000131451,0.002525741,-0.001434800,-0.002519504,-0.001436509,-0.002519356
650,12999.985,1786880362981.455,15150799.390,0.000000000,0.000095707,-0.000128853,0.002517626,-0.001427701,-0.002511483,-0.001429644,-0.002511336
651,13019.984,1786880363001.454,15150819.389,0.000000000,0.000095211,-0.000126203,0.002509490,-0.001420431,-0.002503438,-0.001422749,-0.002503302
652,13039.984,1786880363021.454,15150839.389,0.000000000,0.000089522,-0.000099786,0.002492958,-0.001365678,-0.002488529,-0.001375022,-0.002489146
653,13059.984,1786880363041.454,15150859.389,0.000000000,0.000088853,-0.000079992,0.002500617,-0.001374647,-0.002495731,-0.001390177,-0.002495376
654,13079.984,1786880363061.455,15150879.390,0.000000000,0.000091382,-0.000106731,0.002490703,-0.001396547,-0.002484200,-0.001408491,-0.002484969
655,13099.984,1786880363081.455,15150899.390,0.000000000,0.000095199,-0.000126795,0.002476929,-0.001403246,-0.002470597,-0.001406829,-0.002470750
656,13119.984,1786880363101.454,15150919.389,0.000000000,0.000097932,-0.000130104,0.002465717,-0.001398671,-0.002459847,-0.001395314,-0.002459401
657,13139.985,1786880363121.455,15150939.390,0.000000000,0.000098988,-0.000127853,0.002456796,-0.001392237,-0.002451256,-0.001384371,-0.002450487
658,13159.984,1786880363141.454,15150959.389,0.000000000,0.000098289,-0.000123401,0.002451725,-0.001386402,-0.002446359,-0.001378273,-0.002445463
659,13179.983,1786880363161.454,15150979.389,0.000000000,0.000096391,-0.000117823,0.002444671,-0.001376981,-0.002439282,-0.001371680,-0.002438694
660,13199.983,1786880363181.453,15150999.388,0.000000000,0.000094272,-0.000113709,0.002437574,-0.001368112,-0.002432160,-0.001366560,-0.002431874
661,13219.984,1786880363201.454,15151019.389,0.000000000,0.000092619,-0.000108883,0.002430153,-0.001358587,-0.002424810,-0.001359421,-0.002424714
662,13239.984,1786880363221.454,15151039.389,0.000000000,0.000091472,-0.000105131,0.002422236,-0.001349551,-0.002416919,-0.001352194,-0.002417052
663,13259.984,1786880363241.455,15151059.389,0.000000000,0.000090731,-0.000101138,0.002414240,-0.001340419,-0.002408984,-0.001344397,-0.002409284
664,13279.984,1786880363261.454,15151079.389,0.000000000,0.000090175,-0.000097523,0.002406521,-0.001332254,-0.002401366,-0.001337276,-0.002401712
665,13299.984,1786880363281.454,15151099.389,0.000000000,0.000089733,-0.000094568,0.002398879,-0.001324931,-0.002393843,-0.001330777,-0.002394153
666,13319.985,1786880363301.455,15151119.390,0.000000000,0.000082680,-0.000047723,0.002385839,-0.001254538,-0.002383189,-0.001272291,-0.002383661
667,13339.987,1786880363321.457,15151139.392,0.000000000,0.000084409,-0.000053647,0.002391003,-0.001287261,-0.002386639,-0.001304844,-0.002387024
668,13359.985,1786880363341.455,15151159.390,0.000000000,0.000088318,-0.000085025,0.002378680,-0.001307906,-0.002373347,-0.001318873,-0.002374116
669,13379.984,1786880363361.455,15151179.389,0.000000000,0.000092810,-0.000099844,0.002366904,-0.001314144,-0.002361964,-0.001314835,-0.002361742
670,13399.984,1786880363381.454,15151199.389,0.000000000,0.000094834,-0.000101685,0.002358352,-0.001309964,-0.002353712,-0.001305070,-0.002353143
671,13419.983,1786880363401.453,15151219.388,0.000000000,0.000095916,-0.000098713,0.002349974,-0.001303572,-0.002345670,-0.001294239,-0.002344744
672,13439.984,1786880363421.454,15151239.389,0.000000000,0.000094926,-0.000093216,0.002343911,-0.001296846,-0.002339735,-0.001287885,-0.002338753
673,13459.985,1786880363441.455,15151259.390,0.000000000,0.000092737,-0.000089436,0.002337113,-0.001288535,-0.002332856,-0.001283266,-0.002332255
674,13479.985,1786880363461.455,15151279.390,0.000000000,0.000090711,-0.000086260,0.002330144,-0.001280328,-0.002325890,-0.001278354,-0.002325567
675,13499.984,1786880363481.454,15151299.389,0.000000000,0.000089018,-0.000080352,0.002322791,-0.001269600,-0.002318595,-0.001269881,-0.002318569
676,13519.985,1786880363501.455,15151319.390,0.000000000,0.000087758,-0.000075595,0.002315031,-0.001259488,-0.002310847,-0.001261619,-0.002311147
677,13539.986,1786880363521.456,15151339.391,0.000000000,0.000080420,-0.000032217,0.002302928,-0.001194260,-0.002300607,-0.001209556,-0.002301581
678,13559.987,1786880363541.457,15151359.392,0.000000000,0.000081370,-0.000033912,0.002305997,-0.001216761,-0.002302438,-0.001232365,-0.002303306
679,13579.986,1786880363561.456,15151379.391,0.000000000,0.000084519,-0.000059979,0.002296017,-0.001235098,-0.002291686,-0.001246588,-0.002292670
680,13599.987,1786880363581.457,15151399.392,0.000000000,0.000087461,-0.000071135,0.002288562,-0.001241152,-0.002284596,-0.001246673,-0.002284607
681,13620.009,1786880363601.479,15151419.414,0.000000000,0.000090360,-0.000071783,0.002279238,-0.001237286,-0.002275856,-0.001235524,-0.002274980
682,13640.012,1786880363621.482,15151439.418,0.000000000,0.000091453,-0.000067088,0.002271183,-0.001229676,-0.002268143,-0.001223872,-0.002266906
683,13660.020,1786880363641.491,15151459.426,0.000000000,0.000090616,-0.000062433,0.002265821,-0.001222686,-0.002262812,-0.001217283,-0.002261698
684,13680.015,1786880363661.485,15151479.420,0.000000000,0.000088910,-0.000059230,0.002258394,-0.001214311,-0.002255213,-0.001211475,-0.002254626
685,13700.009,1786880363681.479,15151499.414,0.000000000,0.000080762,-0.000033526,0.002243676,-0.001161201,-0.002241507,-0.001170351,-0.002242526
686,13719.993,1786880363701.463,15151519.398,0.000000000,0.000073908,0.000009529,0.002242179,-0.001118583,-0.002241168,-0.001142815,-0.002242253
687,13739.985,1786880363721.455,15151539.390,0.000000000,0.000078582,-0.000004536,0.002244827,-0.001153548,-0.002242093,-0.001175875,-0.002243171
688,13759.987,1786880363741.457,15151559.392,0.000000000,0.000085421,-0.000037385,0.002236786,-0.001186616,-0.002233146,-0.001197557,-0.002233653
689,13779.994,1786880363761.465,15151579.400,0.000000000,0.000092334,-0.000063964,0.002224050,-0.001203929,-0.002220951,-0.001198145,-0.002219809
690,13799.985,1786880363781.455,15151599.390,0.000000000,0.000096060,-0.000070004,0.002213108,-0.001203739,-0.002210541,-0.001186321,-0.002208542
691,13819.985,1786880363801.455,15151619.390,0.000000000,0.000095494,-0.000065637,0.002204875,-0.001194984,-0.002202418,-0.001175362,-0.002200530
692,13839.987,1786880363821.458,15151639.393,0.000000000,0.000091198,-0.000057793,0.002198203,-0.001181311,-0.002195448,-0.001168971,-0.002194504
693,13859.991,1786880363841.461,15151659.396,0.000000000,0.000086900,-0.000048769,0.002191567,-0.001165991,-0.002188639,-0.001161032,-0.002188594
