index,time_ms,time_realtime_ms,time_monotonic_ms,ros_timestamp,tau_0,tau_1,tau_2,tau_3,tau_4,tau_5,tau_6,tau_7,tau_8,tau_9,tau_10,tau_11,tau_12,tau_13,tau_14,tau_15,tau_16,tau_17,tau_18,tau_19,tau_20,tau_21,tau_22,tau_23,tau_24,tau_25,tau_26,tau_27,tau_28
0,0.000,1786752446515.189,29404437.589,0.000000000,-1.648422241,-0.011062684,0.013994742,0.175884441,-0.428292513,-0.009770706,-1.646021247,0.009676909,-0.016782649,0.175381824,-0.428195417,0.002965438,-0.000004428,0.005127580,2.205490351,0.003954211,0.429535657,0.159834117,-0.046593226,0.069333240,-0.053533532,0.016700067,0.000801850,-0.428768396,-0.161425665,-0.047125846,-0.068999462,-0.053565167,-0.016538929
1,19.988,1786752446535.177,29404457.577,0.000000000,0.076060824,51.092647552,-26.555528641,8.210538864,1.244506598,0.311207741,-12.016032219,-48.726974487,25.714149475,-0.225428566,-0.809390068,-0.662058353,-0.232603878,1.656740308,16.364896774,-5.601038456,0.596662939,1.821535349,2.765161753,1.044177294,-0.498897105,0.146347389,-16.194759369,2.325647116,-1.779898763,0.239963919,-0.150273845,-0.819844246,-0.437318414
2,39.987,1786752446555.176,29404477.576,0.000000000,-42.595020294,55.834991455,-20.111131668,25.005750656,2.785281897,0.228797123,-6.380565166,-52.240230560,21.371921539,-4.579704762,-0.823857665,-0.690369368,3.961534500,0.631789148,15.099273682,-13.881789207,2.135703802,3.164881229,2.895973444,0.132451206,3.600719690,0.581862211,-25.000000000,0.377257645,-2.133142710,0.021636894,0.759225368,1.952489138,-0.792146862
3,59.987,1786752446575.176,29404497.576,0.000000000,-88.000000000,66.742073059,-22.248607635,110.984146118,-5.428016186,-2.388266325,-46.567836761,-45.176956177,25.646001816,79.575912476,-4.299468040,-1.389387727,-0.443554491,0.003170036,21.389564514,-1.089099407,4.909475327,6.944722652,6.370719433,0.557757735,0.354453772,1.116390228,-20.328714371,-4.740416050,-3.972001791,0.819569468,2.053239822,0.835071802,-0.449608773
4,79.987,1786752446595.176,29404517.576,0.000000000,-2.120456934,51.496612549,-16.338499069,-0.931156754,3.409573078,0.846432626,4.229477882,-46.517639160,8.190073967,8.200771332,9.997612953,-2.297127485,8.294969559,-7.231342316,4.355609894,2.003386497,4.480405331,2.721612215,1.646134853,-0.827760100,1.081299305,0.705991626,-7.998748302,-2.919893980,-2.336742401,-1.749357581,0.865730464,-0.655879617,-0.576217532
5,99.987,1786752446615.176,29404537.576,0.000000000,10.090687752,40.727920532,-16.889982224,5.906829357,-0.139228404,0.536449671,25.823362350,-45.052276611,13.031082153,9.235637665,4.516083717,-1.187998891,6.027184963,-10.574563980,-20.643978119,4.402767658,2.825331450,-0.985273898,-1.773461342,-0.215274557,-0.534565032,0.284537137,-1.358327627,-0.895326674,0.681285739,-1.845610619,-0.631004930,-1.105666995,-0.192710847
6,119.986,1786752446635.175,29404557.576,0.000000000,19.560659409,30.995897293,-11.728736877,10.316914558,0.184234023,0.138005644,20.883666992,-44.096836090,14.266274452,1.756749511,9.782071114,-5.878865242,-2.959388494,-9.413716316,-30.574148178,4.658601761,0.572424054,-1.497421265,-2.698457003,0.309201092,-0.713968635,-0.166761294,4.317878723,0.894559085,2.743157148,-3.188078642,0.205701426,-1.063890576,0.384588122
7,139.986,1786752446655.175,29404577.576,0.000000000,23.665815353,15.649366379,-1.358923554,4.738783836,0.139220089,-0.148831666,6.430069447,-29.566398621,10.228866577,-0.288221359,10.588978767,-5.547849655,-13.447417259,4.174733639,-23.093647003,0.800880730,-3.453221798,-1.943325639,-1.446014047,-0.439399540,-0.466441184,-0.236430287,8.403449059,1.818052530,2.275254726,-3.085168839,0.266287416,-1.122597337,0.451169938
8,159.986,1786752446675.175,29404597.575,0.000000000,13.083601952,-4.214873314,9.622435570,4.556360722,-0.051183924,-0.432286620,-1.199426293,-27.083799362,10.581744194,-14.689714432,20.705657959,-5.621610641,-4.001393795,11.035163879,-10.897224426,-2.692170143,-3.431240320,-0.778077602,-2.576237917,-0.452417761,-0.470730573,-0.108638838,6.307730198,1.292114377,0.915326715,-0.534565270,0.129940897,-0.247262776,0.117612086
9,179.986,1786752446695.175,29404617.575,0.000000000,-34.307067871,-14.256063461,10.120045662,-5.008969307,-1.332564592,-0.315658420,43.412616730,-60.795742035,38.898643494,-50.770542145,50.000000000,-22.115129471,8.171630859,-4.525115490,-7.946473122,-4.495895863,2.815447569,1.932496548,-4.193459511,-0.270310998,-0.871338129,0.373094231,0.093885228,0.280516207,0.410118133,-0.122992709,-0.232332394,0.461205930,-0.157253802
10,199.989,1786752446715.178,29404637.579,0.000000000,-40.432025909,-1.630938411,0.321477622,1.761715174,-0.755342662,-0.369698912,39.055358887,-62.514026642,53.418991089,-47.396175385,50.000000000,-23.330936432,14.654748917,-14.602918625,-2.458865643,-2.318940639,8.077775002,4.784852028,-4.651347160,0.540972292,-1.739085793,0.637113452,-5.678225994,1.072848916,1.964751005,-1.154656887,-0.283581018,0.276253730,0.321816504
11,219.994,1786752446735.183,29404657.583,0.000000000,-39.902740479,7.447069168,-12.189805031,-6.556454182,-0.748612165,0.352062881,38.953987122,-47.584178925,45.834697723,-20.033493042,50.000000000,-18.989776611,11.486561775,-14.310756683,0.452319741,-1.895311117,9.728215218,5.264188766,-2.471189976,0.716294229,-1.352156639,0.716735125,-7.794885635,2.357775927,2.380738258,-2.365073442,-0.635172963,-0.219161630,0.426284492
12,239.985,1786752446755.174,29404677.574,0.000000000,-26.703937531,14.110521317,-13.919695854,-7.053596973,-0.741133690,0.496347547,20.902210236,-45.056724548,21.740726471,-5.309952736,50.000000000,-15.227220535,11.956731796,-16.559259415,2.172387838,-2.016588211,8.376847267,5.355030060,-1.931616068,-0.297313660,-1.022248030,1.080358982,-8.984415054,2.310658455,2.940975666,-4.141589165,-0.358680189,-0.801606596,0.615980327
13,259.985,1786752446775.174,29404697.574,0.000000000,-4.454150677,8.615188599,-7.233408451,-2.378140688,0.821665347,0.258867621,9.374473572,-12.521448135,-6.709909916,-5.088841915,50.000000000,-12.661812782,11.220056534,-18.861173630,-1.899851322,-2.365972519,5.847170353,4.022611141,-2.395233393,-0.549060106,-1.019060135,1.339282751,-9.946817398,1.505517364,2.027412653,-6.288724899,-0.109611966,-1.786739826,0.496147752
14,279.984,1786752446795.174,29404717.574,0.000000000,12.280403137,-5.281730175,-3.296693802,-3.176067352,1.164556146,0.288443089,4.850703239,12.923546791,-13.170865059,-4.381099701,40.883594513,-10.086197853,1.612183332,-15.832323074,-8.979531288,-3.505151033,2.783199072,1.296484351,-3.129737854,-0.228094772,-1.237617373,0.991990626,-7.943892479,0.687582135,0.320820928,-6.350053787,-0.281336486,-2.548334122,0.017329264
15,299.984,1786752446815.173,29404737.573,0.000000000,18.691385269,-13.948041916,9.551716805,1.935079575,0.255102128,0.005579136,-8.193028450,30.599435806,-17.426076889,-22.618919373,1.543362260,-1.274143577,-3.654894114,-10.668220520,-13.178900719,-5.630900860,0.463433683,-1.086095810,-4.282773495,-0.269838780,-1.581046462,0.217959970,-5.240683556,0.167812020,-1.242694497,-5.796583652,0.166831061,-2.588861465,-0.443799734
16,319.984,1786752446835.173,29404757.574,0.000000000,23.330476761,-17.208969116,17.403612137,9.497609138,0.381586045,-0.142242849,-11.415423393,30.869634628,-23.274780273,-33.617740631,-7.348604679,0.491669059,-1.143089533,-5.370972157,-16.126791000,-7.152804852,-0.385615557,-0.660763860,-6.370328903,-0.460183263,-2.137780905,-0.196208462,-4.382419109,-0.899479449,-2.392482281,-5.058901310,-0.006698984,-2.066507101,-0.686627388
17,339.984,1786752446855.174,29404777.574,0.000000000,23.104274750,-18.046945572,17.622455597,7.954428673,1.059383273,-0.048601404,-14.977218628,31.767877579,-25.691701889,-8.258871078,-0.894931018,0.546802640,-6.400147438,-1.053975940,-11.264708519,-8.905309677,-0.352614999,-0.181136489,-8.887807846,-0.355201483,-2.776163816,-0.370320439,-3.579197407,-2.371589661,-3.880397797,-3.522273540,0.305809706,-1.293976188,-0.733450472
18,359.984,1786752446875.173,29404797.573,0.000000000,10.139056206,-13.293522835,11.380015373,3.707077980,-0.558642507,-0.272679746,-6.754943848,23.447942734,-13.992141724,-2.190433264,0.772879422,0.005193792,-10.550270081,-1.879279613,-5.957688332,-8.579183578,0.654343307,-0.307433724,-5.583438396,0.039461505,-2.572484493,-0.432802618,-2.251007318,-2.238821745,-3.503543139,-1.071395159,-0.110921159,-0.680285931,-0.884494543
19,379.982,1786752446895.171,29404817.572,0.000000000,-4.293829918,1.931826711,-0.118465662,1.506795645,-0.226429984,-0.203947023,6.244985580,-0.955727994,10.415418625,-1.173507810,0.345948130,-0.375123501,-6.398516178,-5.375379086,-3.502437115,-5.815332413,1.509833932,-0.052096553,-0.936942041,0.447454244,-0.978436112,-0.188009486,-1.171906471,-1.793826699,-1.787394881,0.219329342,-0.515529394,-0.101448201,-0.711217225
20,399.984,1786752446915.173,29404837.573,0.000000000,-21.919931412,24.277233124,-13.114527702,-0.056370258,-0.187194958,-0.105616860,37.358730316,-48.629898071,43.471900940,-77.589904785,50.000000000,-17.574745178,9.824727058,-16.710430145,-13.114691734,-1.937476397,4.126356602,0.961263180,-1.099816918,0.438232303,-0.375993460,0.188386127,-2.633877993,-1.094836950,0.022043748,-1.467696428,-0.394973159,-0.098208398,-0.017677194
21,419.984,1786752446935.173,29404857.574,0.000000000,-22.675033569,20.591699600,-17.413618088,1.434785962,-0.078332216,0.094677776,42.588714600,-56.348304749,61.118846893,-121.973899841,50.000000000,-26.227733612,16.615240097,-27.647123337,-20.871501923,1.204458833,7.657931805,2.890003920,-2.109727383,0.348465025,-0.606094956,0.589520156,-5.019267082,1.733943343,1.707181573,-3.770137787,-0.258279443,-0.764240980,0.470558554
22,439.984,1786752446955.174,29404877.574,0.000000000,-24.749473572,19.092769623,-16.475961685,4.799389362,0.195456296,0.093208656,44.488193512,-51.041194916,60.999927521,-122.271652222,50.000000000,-30.449502945,13.972120285,-33.252258301,-19.339601517,1.156533003,8.936069489,4.641877174,-1.937305212,0.107522592,-0.619785666,0.928302705,-5.953216553,2.243158102,1.643260241,-6.460840225,-0.219412699,-1.889693618,0.315693676
23,459.984,1786752446975.174,29404897.574,0.000000000,-25.270105362,17.360197067,-13.594199181,-1.649322152,0.861959100,0.036694039,40.868705750,-38.356304169,47.108318329,-101.619163513,47.928367615,-29.085697174,8.334881783,-34.681625366,-15.379470825,-1.223643064,8.570321083,4.899497986,-1.786217570,0.037048347,-0.701427639,0.863334179,-6.375860691,1.678494811,0.691871226,-7.614527225,-0.495402455,-2.485033512,0.023442576
24,479.985,1786752446995.174,29404917.574,0.000000000,-15.964282036,16.330045700,-12.134836197,-3.842597246,0.217373386,0.018978685,24.991136551,-29.913993835,30.182006836,-87.200912476,37.322673798,-22.218538284,5.853549480,-33.162006378,-13.001730919,-3.329197645,7.334717274,4.160331249,-2.182526588,0.174996704,-0.790595293,0.744652271,-6.233561039,0.631815493,-0.796902359,-7.610833168,-0.446744561,-2.537020683,-0.175760925
25,499.984,1786752447015.173,29404937.573,0.000000000,-2.737423658,13.644933701,-10.528751373,-0.412813276,0.384964526,0.223033622,6.726522446,-23.483940125,14.583940506,-72.999038696,20.996025085,-16.305967331,4.795485973,-27.775699615,-11.462305069,-4.296061039,5.647748470,3.317996502,-2.277432203,-0.231351689,-1.006019950,0.576082647,-6.530580521,-0.893735409,-1.668730855,-6.558070660,-0.336991608,-2.266700506,-0.330706418
26,519.985,1786752447035.175,29404957.575,0.000000000,9.338975906,11.996960640,-6.110048771,5.280045033,0.973562658,0.373152673,-7.270539761,-14.963694572,-3.152581453,-48.020114899,7.581160069,-10.149264336,2.599871159,-19.211996078,-9.606445312,-4.778277874,3.904355049,2.142504454,-2.985594511,-0.212067202,-1.174082398,0.556341946,-6.923701286,-2.719703913,-2.741579294,-5.853840351,-0.425276577,-2.058075428,-0.510166526
27,539.985,1786752447055.174,29404977.574,0.000000000,12.477221489,5.244725227,1.792043209,7.951066971,1.064428926,0.191951469,-6.127915382,2.000445604,-18.362571716,-6.868519783,2.128948212,-1.987828016,1.393803239,-10.536197662,-8.482835770,-4.675700188,2.287866116,1.520960450,-3.529664516,-0.042836640,-1.430108070,0.450730890,-6.955250263,-4.028102875,-3.457462549,-4.787413120,-0.411192954,-1.830656528,-0.825745583
28,559.984,1786752447075.174,29404997.574,0.000000000,9.874200821,-9.966688156,10.686959267,8.999278069,0.895743608,-0.019902857,5.509225845,22.332628250,-22.567853928,23.408170700,-0.022085313,1.308782935,0.632170618,-0.490316361,-7.714981556,-3.831940651,0.197249129,0.646857738,-2.890865088,0.002114486,-1.337616682,0.394160569,-5.784066200,-3.998384953,-2.945950985,-3.287885904,-0.334190220,-1.422384501,-1.042451739
29,579.985,1786752447095.174,29405017.574,0.000000000,2.881414175,-19.645576477,15.862921715,0.923198760,0.052374899,-0.096454702,7.176670074,19.671600342,-11.627693176,10.088057518,-0.096665867,0.475986600,1.674443603,4.374702930,-7.668941498,-1.593178868,-0.605056226,0.261846602,-1.970958471,0.147754520,-0.972938657,0.286344111,-3.544603825,-2.386175871,-1.533217669,-1.538819671,0.235251352,-1.023028970,-0.791259825
30,599.984,1786752447115.173,29405037.573,0.000000000,3.934128523,-20.947366714,21.025392532,-38.560901642,29.634546280,7.034074783,3.563021421,17.790559769,-10.042202950,1.580466986,-0.740888357,0.414842904,0.661975563,12.557476997,-7.983918190,0.577616870,-1.172725797,-0.123507574,-1.316777945,0.289054126,-0.482375383,0.185533941,-1.919310093,-1.749724507,-0.525603175,-1.274019122,0.533292592,-0.640527844,-0.352696955
31,619.984,1786752447135.173,29405057.573,0.000000000,2.437532187,-27.790266037,30.698602676,-81.700988770,50.000000000,12.704026222,1.733897924,18.744037628,-12.152328491,1.741281390,-0.008617492,0.345141321,-4.305181503,31.384933472,-11.254587173,1.509630442,-1.984300971,-1.088860035,-2.466276646,0.302748144,-0.382467568,-0.124070421,-1.315719962,-3.567523479,-0.974112511,-1.775443673,0.237831712,-0.616395891,-0.037654858
32,639.984,1786752447155.173,29405077.573,0.000000000,12.926509857,-22.450689316,30.804534912,-71.079994202,45.212150574,12.846484184,-2.756301403,15.457708359,-13.607299805,4.091727257,2.669174671,0.597207069,-7.763398647,38.899875641,-15.832588196,1.855364323,-2.460778713,-0.971845388,-3.198421717,0.077523857,-0.737131536,-0.161115631,-1.515586615,-4.744104862,-2.517802477,-1.585884929,0.076510102,-0.713831544,-0.292936951
33,659.986,1786752447175.175,29405097.575,0.000000000,28.622447968,-3.827487230,15.840826035,-25.938535690,28.603118896,8.388607979,-6.608491898,-6.176076889,-17.343740463,-6.572384357,-2.973923683,-1.483188272,-4.233668804,26.384490967,-19.659137726,0.353506327,-1.420801997,-0.323029578,-3.316444397,-0.287057400,-0.957569778,-0.016606523,-2.506939650,-4.173911095,-3.624025822,-1.099473238,0.160381243,-0.576765954,-0.695264757
34,679.985,1786752447195.175,29405117.575,0.000000000,33.738636017,30.151187897,-25.544754028,14.851942062,0.432193995,1.802695751,-18.633609772,-19.613040924,-11.759748459,-15.605660439,0.438713640,0.227418482,-0.022918571,0.805221856,-17.868072510,-3.502870560,2.067927837,0.137659520,-4.531478882,-0.777747214,-1.274369836,0.274167269,-3.674608231,-2.845731497,-3.488301516,-0.683894873,0.390114725,-0.543183148,-0.632054806
35,699.984,1786752447215.173,29405137.573,0.000000000,25.115646362,30.984155655,-24.880193710,-1.512779474,-1.533982277,0.548355937,-16.845346451,-31.190179825,0.937294185,-61.317783356,-11.188681602,-6.937705517,-1.747112751,-5.883158207,-19.938657761,-6.454276085,4.177378654,0.588641167,-5.144178867,0.156137571,-1.447442532,0.168225184,-3.112674236,-1.745949268,-1.842797399,-1.106340408,0.336948216,-0.591239691,-0.224431872
36,719.984,1786752447235.173,29405157.573,0.000000000,11.664056778,15.037663460,-11.827948570,-6.397507668,-0.849530876,0.267598003,-12.222002983,-17.402988434,14.763649940,-79.695938110,-20.745721817,-12.001052856,-7.069839478,-6.254804134,-13.122828484,-6.789521217,4.595247269,2.173294544,-4.181690216,0.362079442,-1.472752452,0.094287366,-2.726328373,-1.740665436,-1.450209856,-2.477375507,-0.404108554,-0.740148485,-0.093391038
37,739.984,1786752447255.174,29405177.574,0.000000000,-1.547046542,-4.686478615,5.088037491,-7.119829655,0.429062277,-0.070731521,-7.026895523,0.228032753,14.146478653,-63.594284058,-22.537586212,-11.074801445,-11.087158203,-2.227372646,-3.127135754,-4.875467300,3.911616087,2.497859955,-1.232445002,0.187623560,-0.879220366,0.108136319,-1.313742518,-3.107966185,-2.002219200,-2.462271214,-0.943529606,-0.997028708,-0.182920113
38,760.007,1786752447275.197,29405197.597,0.000000000,-2.271238804,-31.623872757,32.417297363,-26.988367081,14.661253929,5.486759663,15.946978569,50.460578918,-17.424552917,51.939258575,-0.336278081,-2.656148434,-10.661696434,10.756551743,0.314109057,-1.487261176,-0.954406738,0.886817396,1.601804376,-0.081536554,0.148908466,-0.008589927,0.717465341,-4.951116562,-1.653475046,-1.597177982,-0.654341698,-1.066046238,-0.401450425
39,779.989,1786752447295.179,29405217.579,0.000000000,-19.947551727,-41.018634796,59.516719818,-87.047187805,37.944992065,7.600230217,26.589441299,31.282688141,-15.681067467,25.611856461,1.628763318,0.503066599,5.240504742,24.855369568,-1.638309360,2.642205238,-3.535755634,-1.238518238,0.768765926,0.234163970,0.683761835,-0.294422358,-0.598756313,-6.612403870,-1.287836313,-0.469069362,-0.394906759,-0.305454701,-0.270744085
40,799.987,1786752447315.177,29405237.577,0.000000000,-28.996103287,-22.711095810,67.375610352,-113.014869690,32.504318237,17.323532104,19.268060684,16.822313309,-12.917791367,-7.084089756,-2.535813093,0.048496649,4.964653015,36.825092316,-6.637354851,5.654568195,-4.358943939,-1.041338921,-1.010042429,0.151781395,0.333359182,-0.249082923,-2.885064840,-5.798335075,-1.502337337,-0.234559402,-0.308751047,-0.159605250,-0.158546716
41,819.989,1786752447335.178,29405257.578,0.000000000,-25.444387436,-8.196104050,53.214111328,-112.249275208,15.194891930,13.887654305,16.405256271,4.938418388,-10.508556366,-2.994816542,-0.959931552,0.518224716,-4.783442497,41.056919098,-12.238848686,5.271765709,-4.028438091,-1.622091055,-1.227483273,-0.600770414,-0.143260434,-0.432637602,-3.734388590,-5.601063251,-3.448012829,-1.164502978,0.028578032,-0.631016254,-0.347760469
42,839.988,1786752447355.177,29405277.578,0.000000000,9.247344971,15.596824646,-3.979359388,-18.673263550,1.269934773,1.216825604,-13.041615486,-20.242706299,9.226941109,-13.379675865,-0.615053952,0.034974232,-14.486175537,21.309745789,-4.595671654,-1.043765187,0.766937315,-0.891927719,-3.073824644,-0.424435377,-0.692121089,-0.480635583,-3.394764185,-4.663176537,-5.367535591,-0.565023124,0.003658907,-0.738031209,-1.040762424
43,859.988,1786752447375.177,29405297.577,0.000000000,33.707027435,31.118951797,-37.098808289,8.181344032,1.006914735,1.161973476,-16.057256699,-31.843225479,4.775144100,3.223770857,-2.371983051,-4.094623566,-20.255411148,9.333388329,-10.847193718,-7.730725765,3.291028023,-0.314483851,-5.417023659,-0.210830510,-1.659351945,-0.460804582,-0.458003014,-3.336570024,-4.764138222,-0.023001786,0.148099899,-0.497045934,-1.201837182
44,879.989,1786752447395.178,29405317.579,0.000000000,25.217763901,35.918327332,-16.988224030,1.837013125,0.435088277,0.244367748,-17.848638535,-28.037899017,-10.597022057,-45.045658112,-11.180592537,-4.640522957,-8.836865425,-5.026223183,-16.056205750,-10.738481522,5.037777901,1.903433919,-5.905704975,0.207062617,-2.192424059,0.237830997,-0.344644457,-3.309769630,-2.758812428,-0.062911741,0.549048185,-0.175385147,-0.752535999
45,899.987,1786752447415.176,29405337.577,0.000000000,15.826568604,9.181252480,1.518084168,-2.563170195,0.069864199,-0.064401187,-13.441866875,-0.864499807,-11.129672050,-58.387393951,-17.019447327,-7.739137173,-3.010986805,-10.448930740,-13.891618729,-9.974246979,5.884210587,3.400434494,-6.221273899,0.305557281,-2.477415323,0.568859398,-2.417319775,-3.940119743,-2.081096411,-1.085334182,0.261180848,-0.273696423,-0.268748790
46,919.991,1786752447435.180,29405357.580,0.000000000,20.315427780,-12.929203033,10.500290871,-31.341041565,6.088019371,16.119794846,-2.388235569,29.060171127,-16.552896500,11.173153877,-5.613159657,-2.679683208,-2.731043577,-5.567713737,-6.905235767,-6.367535591,3.869943619,2.663608551,-2.967793226,-0.067972250,-1.883894444,0.618496716,-3.146105051,-4.148604393,-1.553273201,-1.185333371,0.007719568,-0.486129075,-0.327107996
47,939.990,1786752447455.180,29405377.580,0.000000000,-17.075481415,-31.059497833,47.952278137,-139.000000000,-9.452854156,13.205889702,36.572166443,42.378459930,-16.867248535,49.970184326,4.417532921,0.985544682,-4.672344208,18.169599533,-11.342913628,-2.252278328,-3.256653786,-0.774131179,-0.144967481,-0.256108761,-0.837990344,-0.083586618,-2.897974014,-6.677410603,-2.780977249,-2.391852140,-0.035670426,-0.698402762,-0.436778039
48,959.988,1786752447475.177,29405397.577,0.000000000,-37.218540192,-17.647006989,60.147132874,-139.000000000,-25.137037277,0.359546900,29.370716095,12.519478798,-9.159868240,5.749169350,-1.855653405,0.286635220,-5.057981491,30.913595200,-12.198812485,1.262295842,-7.535835266,-2.832459927,-1.302415967,-0.702274323,-0.361880541,-0.756069005,-4.939169884,-8.246138573,-4.345056534,-3.226375341,-0.283785135,-1.014334202,-0.739919662
49,979.987,1786752447495.176,29405417.576,0.000000000,-35.531997681,-19.161190033,47.874538422,-139.000000000,-31.197628021,-8.577048302,13.496826172,3.123994350,-0.084261291,-6.870935440,-1.346995473,0.248051882,-6.058537960,37.170063019,-8.366914749,3.480969667,-7.886148930,-3.284016609,-1.139802814,-1.059756398,-0.178925142,-1.244134903,-5.728627682,-7.675344944,-5.726785183,-1.982630968,-0.236992449,-1.275558949,-0.972015381
50,999.987,1786752447515.176,29405437.576,0.000000000,-15.899358749,-17.369401932,19.066738129,-139.000000000,-29.692342758,-13.694005013,-8.470664024,-1.238668084,-0.018480755,-10.338361740,0.309457213,0.277629733,-6.686373234,29.971368790,-6.485406876,2.236895084,-3.916432381,-2.765037537,-2.188686132,-0.824521422,-0.014305839,-0.995053351,-5.209955215,-6.008093357,-5.608517647,-0.715866923,0.328624338,-1.109310389,-1.020538807
51,1019.990,1786752447535.179,29405457.579,0.000000000,27.082567215,12.067859650,-36.018592834,-6.023418903,-4.986333370,1.840399146,-33.027442932,-19.230197906,3.637451649,-4.867360592,-0.098819561,0.200340092,-17.596624374,14.993062019,0.108296476,-3.637966633,1.128410697,-1.197022319,-3.634583950,-0.137277752,-0.609818399,-0.298257023,-4.672507763,-7.512355804,-6.246552467,-0.576388597,-0.646704018,-0.719046295,-0.884472251
52,1039.986,1786752447555.176,29405477.576,0.000000000,32.602485657,36.240715027,-44.473106384,22.983352661,0.845049024,1.602339149,-37.011657715,-34.630607605,-0.410971254,-14.269713402,-2.406040430,-2.232750177,-23.113843918,9.303180695,1.268976212,-8.341595650,4.269314289,-0.357007027,-4.241936207,0.402855724,-1.294966221,0.048067294,-2.314039469,-7.277337074,-5.281744003,1.188497543,0.026895551,-0.262625575,-1.019367576
53,1059.987,1786752447575.176,29405497.576,0.000000000,17.042411804,39.536643982,-14.964188576,1.915456176,0.389084965,0.188375324,-33.649105072,-31.459964752,-12.990922928,-61.071998596,-12.826491356,-3.961889982,-14.466135979,-0.567957640,1.949498177,-10.484888077,6.184949875,2.218642235,-3.919980526,0.108029656,-1.548351288,0.378338397,-1.099559546,-7.005719662,-3.482181549,1.315240741,0.452832282,0.231060371,-0.885973573
54,1079.996,1786752447595.186,29405517.586,0.000000000,19.027391434,6.121838093,4.536011696,-10.010639191,-8.644163132,14.138991356,-24.395288467,-2.991649389,-15.742515564,-64.791397095,-16.600162506,-7.385764599,-3.319331408,-8.182187080,1.319835424,-7.361068249,7.317598343,4.079463959,-3.680667877,0.032175571,-1.723715663,0.678072274,-1.423612833,-5.440945148,-2.258023739,0.219023645,0.433047295,0.137387812,-0.432746232
55,1099.990,1786752447615.179,29405537.579,0.000000000,24.015104294,-6.860064507,0.084147558,-10.011406898,-6.608766079,-0.375813186,-11.805396080,18.558889389,-16.347925186,-9.945039749,-5.024954319,-1.739658952,-3.388745785,-14.687267303,-7.803513527,-4.333911896,3.588351965,3.053297281,-0.951625764,-0.192728758,-1.224008918,0.712842762,0.403483540,-3.866553783,-1.181462049,-0.699669242,0.272978663,-0.249983177,-0.374266177
56,1119.987,1786752447635.176,29405557.576,0.000000000,14.784099579,-9.417226791,3.964083195,-24.765089035,-7.090201378,-2.423731804,17.621768951,26.626535416,-13.436435699,38.753330231,3.084475040,0.198896438,-1.971603632,-14.748544693,-19.209205627,-1.337845922,-1.390535116,0.533923864,0.486173064,0.097468376,-0.391242355,0.512779117,1.110880613,-3.867898941,-1.408622146,-0.575965822,0.161052421,-0.529834926,-0.484089136
57,1139.987,1786752447655.177,29405577.577,0.000000000,5.041417599,-5.411129951,8.942961693,-51.310253143,-11.443736076,-5.904028893,21.629556656,11.511445045,-4.848939896,8.254083633,0.173274040,0.203439325,3.430608749,-15.800148010,-17.723762512,2.039181948,-5.429754257,-1.141786218,1.848904014,-0.488276660,0.145286083,0.227062032,0.023370482,-5.004457951,-1.885998607,-1.631567359,-0.267396510,-0.773494303,-0.623786390
58,1159.985,1786752447675.174,29405597.574,0.000000000,0.979329348,-3.626566410,9.802917480,-63.599967957,-4.491843700,-7.874701500,8.427615166,3.875774860,-2.006243706,-14.303871155,-1.617314100,0.049946800,2.903020382,-10.758093834,-12.057528496,4.583337307,-7.324058056,-2.152935505,1.548473716,-0.754649103,0.729317665,-0.243587464,-0.775414824,-5.235568523,-2.140486717,-2.407711983,-0.194151729,-1.140346289,-0.541736245
59,1179.985,1786752447695.174,29405617.574,0.000000000,2.761976480,-0.333443463,-2.765594721,-38.552440643,-4.431257248,-3.262001276,-7.805941105,-1.284660339,-0.016337959,-7.489276886,-1.186756849,0.040426198,-6.036369324,1.877558231,-2.631919622,3.874538898,-7.758128166,-3.486521959,-0.231926873,-0.580758810,0.877743900,-0.534899652,-1.175372958,-6.163012981,-3.679376125,-1.093708396,-0.005136002,-1.058903813,-0.721307933
60,1199.985,1786752447715.174,29405637.574,0.000000000,7.583806992,3.661531925,-12.614830017,-10.456389427,-6.704520702,-0.434013397,-23.628528595,-6.750026226,2.216736078,-7.224303722,-1.151233077,-0.194028154,-15.199767113,11.141045570,6.736997604,0.965253770,-6.207620144,-4.067332745,-2.043610573,0.131228343,0.470038176,-0.885632277,-2.127519846,-5.585767269,-4.325805664,0.339235932,-0.147248745,-0.553429544,-0.886707246
61,1219.985,1786752447735.174,29405657.574,0.000000000,9.181171417,5.952779770,-15.172369003,-13.831067085,-6.229512691,-0.262646466,-27.211416245,-11.212893486,4.078522682,-9.207745552,-0.541521132,-0.249537989,-16.864505768,13.309865952,9.217269897,-1.676165104,-4.126660824,-3.785159111,-2.705511570,0.412433475,0.011484733,-1.127278209,-1.485235691,-3.718827724,-3.761204243,0.996222317,-0.122687161,-0.123896420,-0.896720111
62,1239.985,1786752447755.174,29405677.574,0.000000000,2.516768932,8.788562775,-13.087650299,-18.812625885,-6.065764904,-0.492883712,-7.816370487,-11.706135750,3.274495840,6.604173183,-1.588354588,-2.871625185,-12.100824356,7.474878311,3.943607569,-2.390363932,-2.884596825,-2.653797388,-2.041996002,0.410706431,-0.395759642,-0.854675710,0.694085300,-1.737134576,-2.127429724,1.819952130,-0.038931016,0.153239965,-0.819931448
63,1259.984,1786752447775.173,29405697.573,0.000000000,-5.322040081,7.186076164,-9.954357147,-17.448520660,-7.138409138,-1.100788355,16.082406998,-9.757019997,1.887789607,23.061214447,1.410886049,-0.761265278,2.593947887,-5.323740959,-5.507939339,-0.790598214,-2.846923113,-0.505072713,2.692807913,0.751739919,1.384390354,1.080271125,2.261390209,0.678236842,0.279793531,1.781502128,-0.260868311,0.465252846,-0.182468265
64,1279.988,1786752447795.177,29405717.577,0.000000000,-5.549684048,8.574488640,-8.939624786,-9.595523834,-2.867271185,-0.262443244,19.103662491,-5.504954815,2.844119787,9.117213249,0.748077035,-0.081868052,5.260575771,-13.626946449,-6.535343647,1.980143666,-1.126691103,2.125755548,10.385048866,0.271576494,3.865017653,2.351812124,2.241444588,2.391685247,1.314334750,-0.385597050,-0.198369965,-0.181860238,0.173557013
65,1299.987,1786752447815.176,29405737.577,0.000000000,-5.002953053,7.091304779,-12.334036827,-3.440282822,-4.606155396,-0.948636830,13.116477013,-7.082313061,3.642784595,6.771738052,0.141191795,-0.160755441,10.828133583,-19.328929901,1.642361522,8.416157722,3.950373411,3.199685574,10.984346390,-0.197329804,-0.972056448,0.462500811,1.373714924,1.929606080,0.137585506,-0.688691556,-0.043508846,-0.839751363,-0.061824795
66,1319.986,1786752447835.176,29405757.576,0.000000000,0.000000000,0.000000000,0.000000000,0.000000000,0.000000000,0.000000000,0.000000000,0.000000000,0.000000000,0.000000000,0.000000000,0.000000000,0.000000000,0.000000000,0.000000000,0.000000000,0.000000000,0.000000000,0.000000000,0.000000000,0.000000000,0.000000000,0.000000000,0.000000000,0.000000000,0.000000000,0.000000000,0.000000000,0.000000000
67,1339.987,1786752447855.176,29405777.576,0.000000000,-35.210807800,71.951583862,-22.461101532,21.521018982,15.579503059,4.171604156,36.612270355,-43.257980347,7.123061180,52.072280884,22.652696609,1.759237528,15.676774979,-18.607398987,8.908550262,17.252071381,16.683771133,3.352921009,17.333181381,-1.126343012,5.000000000,2.267440796,0.436518103,-16.838699341,0.964792550,8.253241539,0.366599292,1.126409650,-0.197481796
68,1359.986,1786752447875.175,29405797.576,0.000000000,-30.150253296,54.402236938,-12.874679565,-11.493964195,7.217908859,3.806661606,6.263712406,-53.955577850,25.399860382,-31.594490051,-2.133244038,-0.870375931,19.419639587,-36.127868652,7.600111008,16.551994324,12.631470680,7.574816227,8.816087723,-0.821232557,5.000000000,1.002723098,-1.685210943,-10.899760246,-4.001262665,3.513302088,1.066092014,3.069540739,0.508767188
69,1379.988,1786752447895.177,29405817.577,0.000000000,6.025975227,49.651290894,-28.469095230,8.389994621,-1.353278399,0.488765866,3.386173725,-30.363599777,10.125142097,4.257421494,3.301099062,-0.718874335,5.663367271,-30.371881485,-1.590286732,8.494535446,8.504561424,8.270345688,2.735068798,-0.402207255,1.940623999,1.898295760,-4.736783981,-2.613227606,-6.572500706,-4.267364025,1.448624372,1.024048805,-1.113596320
70,1399.985,1786752447915.174,29405837.575,0.000000000,20.838375092,22.519044876,-11.565818787,-0.541066527,-0.178047657,0.210422516,4.408101082,-23.507114410,-9.009150505,17.744291306,27.880786896,-2.916487455,-15.609371185,-4.837811947,-18.281057358,0.706363380,0.796796501,5.282521248,-2.240617275,0.039096046,-0.511624992,1.365390420,-1.833569288,2.269351721,-6.647764206,-6.452425003,1.289955854,-1.129230976,-2.262756586
71,1419.985,1786752447935.174,29405857.574,0.000000000,5.509011269,-13.393791199,28.024793625,0.038391817,-0.793908298,-0.265428066,4.344501019,-35.391307831,7.564936638,-6.870026112,26.427248001,-0.246131569,-14.275813103,24.940689087,-17.597223282,-5.750503540,-3.569265604,1.210596919,-6.527690411,0.703902125,-2.303529263,0.385182291,-3.570455313,1.371528983,-5.710828781,-7.429451942,0.014378241,-2.851157665,-2.414823294
72,1439.985,1786752447955.174,29405877.574,0.000000000,-5.993566513,-37.049560547,37.203598022,-4.734112263,-0.601986289,-0.889444530,22.332334518,-40.268775940,24.111444473,-29.326271057,47.575805664,8.280188560,-5.968866348,36.706817627,-24.090507507,-7.470955372,-3.842298985,-0.254599661,-9.486651421,0.425617307,-3.432618141,-0.745067716,-3.804295301,-1.000114918,-3.252711058,-5.903571129,-0.308514625,-2.480777502,-1.671998024
73,1459.985,1786752447975.175,29405897.575,0.000000000,1.620402694,-34.835487366,29.879049301,-3.743726492,0.106770396,-0.535574734,16.579238892,-31.891258240,35.861530304,-60.191497803,50.000000000,13.362409592,3.946326733,29.505992889,-31.083227158,-7.717880726,-1.715656519,0.027603367,-9.298616409,1.530130863,-3.961273432,-0.723126411,-2.106057644,-0.599021494,-0.661333025,-2.746716261,-0.356071740,-1.441518188,-0.284369171
74,1479.986,1786752447995.175,29405917.575,0.000000000,5.788251400,-13.669697762,4.256358147,-5.045808315,-0.437265664,0.153400078,9.236342430,-36.751155853,31.410482407,-30.976484299,50.000000000,7.168121338,-7.750185013,24.711179733,-24.388641357,-10.678339958,0.584777892,0.279392004,-10.335975647,0.642497778,-3.837256908,-0.885878384,-1.545516968,2.536662579,0.773248136,-2.325815678,0.217058942,-0.699450254,0.234908894
75,1499.985,1786752448015.174,29405937.574,0.000000000,1.552223086,10.175331116,-8.428814888,1.115930319,-0.265796661,0.371306866,8.139054298,-45.499420166,24.660379410,-13.580385208,42.345272064,1.207982063,-10.855360985,7.422958374,-13.402525902,-11.928495407,2.536834717,1.247909784,-8.789378166,0.468183964,-3.565715075,-0.690142989,-0.402190268,4.704281807,2.405728102,-2.579456329,0.140245646,-0.769939721,0.348908722
76,1519.985,1786752448035.174,29405957.574,0.000000000,-1.577673197,23.770286560,-6.600947857,3.152354479,0.386192352,0.125123084,-3.397184610,-32.373966217,16.505310059,-20.149656296,1.029990554,-0.183712676,-4.361879349,-2.874335289,-5.761810780,-11.881217003,2.726692438,0.760953665,-7.499780655,0.248746961,-3.084743500,-0.410811514,-0.244917721,5.777774334,3.992944479,-3.303513288,-0.450355023,-0.948610127,0.856736779
77,1539.984,1786752448055.173,29405977.573,0.000000000,5.128870010,10.220211029,-0.959021568,4.298065662,0.328583479,0.095094591,-19.012413025,-10.518923759,5.799470425,-34.783069611,11.087966919,-5.646165371,-7.000603199,-5.069647789,1.695914865,-13.330204010,2.151715040,0.212359264,-6.747059345,-0.451520473,-2.673876047,-0.475821912,-0.900370657,5.286728382,3.483541965,-4.328475475,-0.361363888,-1.221817255,0.953507364
78,1559.984,1786752448075.173,29405997.573,0.000000000,-5.840261936,-2.243410826,4.070967674,4.707397461,0.160187259,-0.025777655,-2.974860191,2.804608107,-3.629477978,-25.065721512,26.515432358,-6.556974411,3.446929455,-14.196833611,3.011293173,-11.690299034,3.708664417,1.698494673,-4.916182518,0.069784887,-2.205108881,-0.194813833,-3.178892851,3.357116461,2.032283783,-2.802641392,-0.502651036,-0.868559957,0.847974598
79,1579.984,1786752448095.173,29406017.573,0.000000000,-16.924322128,-5.392084122,2.548688650,1.064355612,-0.055739474,-0.550838172,19.790742874,1.267330885,-2.719365597,-21.811342239,49.285606384,-9.684325218,16.032110214,-22.957290649,-2.870397091,-8.008627892,5.431322098,2.559814215,-2.654858112,0.642218709,-1.547331691,0.101078175,-6.137533188,1.364479303,0.676897883,-3.153726816,-0.356541693,-0.695360780,0.714315891
80,1599.984,1786752448115.174,29406037.574,0.000000000,-18.382724762,0.749076247,-3.698616743,2.068665981,-0.189902261,-0.317186743,23.214891434,-6.984725952,4.267306328,-38.993991852,50.000000000,-9.625633240,22.004659653,-29.991262436,-9.128491402,-4.898507118,6.865370274,3.427626848,-2.301793098,0.541528940,-1.290554643,0.569016814,-10.516062737,-0.182493091,-0.823148727,-5.602748871,-0.224820450,-1.336894035,0.328846693
81,1619.984,1786752448135.174,29406057.574,0.000000000,-11.828467369,6.803963661,-7.087848663,3.556055307,0.117816687,-0.068230562,20.609477997,-12.360793114,4.258265972,-52.723861694,50.000000000,-13.413652420,21.922386169,-32.621368408,-15.569353104,-4.175900459,8.176012039,3.904906034,-3.039209127,0.306797475,-1.202728033,0.969843507,-12.954075813,-1.342228293,-1.769077301,-7.346815586,-0.629061759,-2.437434912,-0.071691252
82,1639.983,1786752448155.172,29406077.573,0.000000000,-8.008405685,10.137132645,-8.912195206,1.694638848,0.382547438,-0.016847719,19.589317322,-11.897519112,4.559994221,-55.364833832,50.000000000,-15.749250412,18.043331146,-34.175453186,-18.202835083,-3.017549992,8.517629623,4.155192852,-2.436658621,-0.091856427,-1.002147436,1.061520934,-12.979645729,-1.754878283,-2.387059212,-7.847517014,-1.019998550,-2.996132612,-0.441228688
83,1659.983,1786752448175.172,29406097.572,0.000000000,-3.615118027,12.092475891,-9.907114983,-0.476735294,0.120129883,0.026619652,15.540758133,-8.969463348,2.349066973,-51.609958649,50.000000000,-15.783522606,11.544115067,-33.797527313,-16.628715515,-2.737103701,7.574430943,3.391552448,-2.204992533,0.001068119,-0.783921719,0.855258703,-11.003470421,-2.382077932,-3.320519686,-7.495235920,-1.032143593,-3.031151295,-0.532175720
84,1679.984,1786752448195.173,29406117.573,0.000000000,1.698559999,9.552339554,-6.825118065,-0.355753928,0.407043070,-0.030180175,10.086904526,-3.814034224,-1.127249837,-45.237678528,50.000000000,-14.600505829,4.734494686,-29.333192825,-14.237403870,-2.562256336,5.982309341,2.442007303,-1.692032337,0.028787756,-0.584932268,0.696182728,-8.956569672,-3.167031765,-3.711709499,-6.641116619,-0.953614354,-2.639114618,-0.841720223
85,1699.984,1786752448215.173,29406137.573,0.000000000,8.287086487,5.162590504,0.221700341,-4.734474659,9.276379585,3.359071255,4.762891769,3.719473124,-6.960512638,-42.635231018,37.722003937,-12.288472176,2.788500547,-23.740270615,-13.063780785,-2.889226913,4.320177555,1.489545703,-1.708709717,-0.215419248,-0.464600712,0.535915613,-6.565310001,-3.664860010,-3.619821310,-5.335720062,-1.005811930,-2.052823305,-0.956815183
86,1719.983,1786752448235.173,29406157.573,0.000000000,24.180381775,-2.558908701,11.158772469,-17.123596191,30.865339279,7.660001278,-6.208042145,19.838518143,-20.174390793,-31.714391708,16.483894348,-4.890803337,-4.742607117,-8.444869041,-18.497629166,-3.310173512,2.225641489,0.815121889,-2.951762676,0.255291820,-0.694918156,0.168232769,-4.177096844,-4.852047920,-3.449182510,-4.359041691,-0.894931078,-1.714027762,-0.910117924
87,1739.987,1786752448255.177,29406177.577,0.000000000,29.923208237,-10.935995102,30.674221039,-57.036140442,48.872806549,15.556035995,-16.817237854,36.135780334,-34.759880066,-29.620819092,-2.379260063,1.450090051,-10.795001030,11.437414169,-22.063879013,-2.334936142,0.112410747,-0.182961985,-4.387315273,0.313129067,-1.131430387,-0.081670702,-1.560590386,-6.405470848,-3.629722357,-3.132496119,-0.691252887,-1.203748226,-0.801930487
88,1759.987,1786752448275.176,29406197.577,0.000000000,26.705081940,-24.752712250,41.994132996,-57.588489532,46.956554413,13.473670006,-4.297753334,36.520191193,-28.570505142,-3.006064892,-0.485345781,0.474166244,-14.082520485,22.348676682,-28.468244553,-0.249472260,-1.378196597,-0.420967132,-5.447963238,0.232061476,-1.621562123,-0.194180474,0.808313608,-8.920900345,-4.571031570,-1.503237247,-0.502188504,-0.566682458,-0.858665705
89,1779.986,1786752448295.175,29406217.575,0.000000000,25.739450455,-23.914075851,39.536998749,-43.724071503,40.839038849,10.418287277,-3.286988974,27.849599838,-22.607921600,2.713622808,0.974638045,0.368683815,-13.818563461,26.815065384,-25.649068832,0.835930705,-1.469350219,-0.746781528,-3.316079617,0.063256495,-1.242240071,-0.160418287,1.090785503,-9.274930954,-5.252342701,0.853441596,-0.367136240,0.305111438,-1.047036290
90,1799.986,1786752448315.175,29406237.575,0.000000000,35.107276917,3.318802595,11.306464195,1.438656092,25.314077377,7.424742699,-17.270433426,-7.707907677,-21.990627289,-19.202112198,-0.387254894,1.079759479,-7.156146049,14.030215263,-16.698640823,0.270543575,0.190584153,-0.351400584,-1.919498682,-0.239142895,-0.952789187,0.294036895,-0.558454871,-8.444465637,-5.781843185,1.244150281,-0.180319652,0.463656634,-1.052969575
91,1819.985,1786752448335.175,29406257.575,0.000000000,30.465131760,24.285636902,-21.520338058,5.845643997,3.269056082,1.921881318,-19.843400955,-18.229602814,-10.962553978,-26.922784805,-4.910078049,-0.683208823,-0.305960089,3.116062164,-13.560648918,0.876107275,2.237281799,-0.537045002,-0.798974872,-0.219583273,-0.495456815,0.510702133,-1.884576440,-5.910570621,-4.299907684,0.977904618,-0.004792948,0.423829794,-0.966267884
92,1839.985,1786752448355.174,29406277.574,0.000000000,24.398700714,16.630092621,-20.853191376,-1.698873997,1.252280712,1.889572382,-18.213336945,-11.696832657,-1.705796480,-34.133407593,-6.223769188,-2.983904123,-2.471918821,-2.215072632,-11.790160179,0.329465419,2.975105762,0.560402632,0.087976962,-0.400459945,0.008171202,0.356980652,-0.863796949,-3.185222387,-2.286263466,0.534719825,0.362639964,0.137783229,-0.664684534
93,1859.985,1786752448375.174,29406297.574,0.000000000,14.634395599,5.940370083,-7.224920750,-7.923330784,5.176766396,3.085421085,-15.372491837,-0.451338738,0.810642838,-43.818004608,-10.335566521,-5.451347828,-5.887391090,-4.256764412,-8.028407097,-1.266094446,2.895177603,1.427358508,-0.225368753,-0.186334863,0.201694459,0.232267663,0.405655622,-1.466601729,-1.034813166,-1.049875736,0.109581739,-0.309570611,-0.492525935
94,1879.985,1786752448395.175,29406317.575,0.000000000,6.287912369,-5.223916531,2.339742661,-9.993653297,9.049379349,3.996966600,-8.971160889,9.998117447,-1.982981324,-31.432275772,-13.640965462,-5.159576893,-3.919055223,-1.740650296,-2.840436697,-1.822322011,3.030078411,1.806133866,-0.326704293,-0.091765843,0.075347766,0.194170102,0.649086654,-1.592344284,-0.519625604,-1.818995476,-0.119166292,-0.689873874,-0.251892775
95,1899.984,1786752448415.173,29406337.574,0.000000000,-2.974269629,-12.828703880,10.962080002,-30.688123703,17.060276031,4.500011444,7.023585320,16.658248901,-7.636328697,12.950276375,-4.496122837,-2.394247532,1.074225664,5.544020653,-0.622495294,-0.977983654,2.336712360,1.656225085,-0.332850844,-0.193043500,-0.045940667,0.276293635,-1.017395377,-2.752075672,-0.628977239,-1.645973086,-0.120355695,-0.923634171,-0.107698277
96,1919.985,1786752448435.174,29406357.574,0.000000000,-20.971401215,-33.211929321,39.822444916,-113.563583374,21.754545212,12.776300430,29.176324844,29.766914368,-17.153429031,40.907592773,2.750821590,-1.653072834,7.036130428,22.540014267,-4.376997471,1.256420255,-0.220925301,0.399406016,-0.738198102,-0.143841222,-0.098664157,-0.022758085,-2.579811573,-4.057502747,-1.074292064,-1.574200153,0.057275329,-0.613510251,0.025865959
97,1939.984,1786752448455.173,29406377.573,0.000000000,-30.011257172,-25.403751373,59.072242737,-139.000000000,8.183132172,4.126224995,22.538488388,25.738845825,-18.942132950,11.020964622,0.850059807,0.531794012,4.073043823,31.462938309,-13.722323418,3.058666706,-2.283706188,0.179807201,-1.306276083,-0.230745286,-0.333436221,0.159043312,-5.340441227,-5.278339386,-2.165468454,-1.836280107,0.046774186,-0.646709383,-0.046440683
98,1959.984,1786752448475.173,29406397.573,0.000000000,-22.929597855,-17.430696487,48.196426392,-119.397628784,-5.748488903,-6.477488518,11.615556717,13.230982780,-12.083034515,-2.021077633,-0.221445069,0.405189008,-2.658241749,33.468269348,-13.458309174,1.876386166,-2.079002857,-0.159892634,-1.785615444,-0.321420521,-0.387384951,-0.009328833,-6.617052078,-5.644560814,-4.052018166,-2.384016752,0.268961102,-0.981280565,-0.418622911
99,1979.986,1786752448495.175,29406417.575,0.000000000,5.918764591,4.255959511,4.032560349,-30.579494476,-4.561904907,-4.358190060,-10.219190598,-12.775168419,7.498048782,-9.283400536,-0.497123510,0.050741989,-10.991003036,24.469518661,-7.137527943,-3.045897245,0.792685688,-0.097919524,-3.940200329,-0.148394436,-1.028636217,-0.231602058,-6.087572098,-5.518261433,-5.373360157,-2.113744974,0.234257475,-1.164729714,-0.872522593
100,1999.985,1786752448515.174,29406437.575,0.000000000,29.825767517,29.834003448,-30.002176285,6.845502853,0.429527342,0.714378655,-16.383846283,-29.365648270,1.603243709,1.905879259,-0.357271343,-0.572421193,-12.308630943,10.556077003,-12.852792740,-6.735363007,2.994012833,0.194480717,-4.942754745,-0.012783259,-1.669672489,-0.219171032,-4.254830837,-4.685987949,-4.830194950,-0.767243862,0.239098087,-0.819514990,-0.989733577
101,2019.984,1786752448535.173,29406457.573,0.000000000,24.026330948,30.799762726,-15.463089943,12.153437614,1.387041330,0.527769685,-14.466072083,-23.360099792,-13.231857300,-11.336997032,-1.055271626,-0.452346534,-9.031357765,-6.110664368,-14.090284348,-7.926272869,5.410481453,1.408267021,-2.914730549,-0.125712156,-1.109750390,0.336576611,-4.167226315,-6.242095947,-5.027150154,-0.846849024,0.992169261,-0.943890274,-0.754187644
102,2039.983,1786752448555.173,29406477.573,0.000000000,22.982427597,10.209108353,2.046828270,4.635795116,1.145847917,0.041056108,-15.621195793,8.816711426,-22.062032700,-11.816241264,-3.739699364,-0.260775685,-7.735861301,-11.481531143,-10.841615677,-8.616478920,3.611876965,1.967490315,-4.048783302,0.119490787,-1.081084490,0.469969839,-3.797762156,-6.578082085,-5.116179466,-1.632601380,0.420691371,-0.916383982,-0.896535754
103,2059.984,1786752448575.173,29406497.573,0.000000000,33.753536224,-10.565145493,24.345584869,3.550784588,28.019256592,6.624662876,-11.838413239,42.141826630,-40.886268616,26.546882629,-0.006109456,2.172428131,-3.201848507,-6.672713280,-8.752415657,-6.736730576,1.266507864,1.226884723,-4.660966873,-0.062769443,-1.560854077,0.278141856,-1.794632912,-7.499019146,-4.111909866,-0.388170600,0.378475666,-0.713182688,-0.904371917
104,2079.993,1786752448595.183,29406517.583,0.000000000,31.240104675,-28.165681839,60.119510651,-37.300800323,39.632419586,5.734494686,4.492374420,56.497184753,-33.783226013,25.330781937,1.188467145,1.088659286,-11.376829147,10.886514664,-22.050916672,-3.224531889,-3.361124516,-1.436629534,-3.771956921,-0.148356318,-1.593692541,-0.230585352,1.667903304,-6.754108906,-2.845312119,0.504494786,0.189819992,-0.289348841,-0.694324911
105,2099.988,1786752448615.177,29406537.577,0.000000000,11.304727554,-30.257909775,67.849273682,-40.725357056,44.298496246,-1.967111588,10.693071365,31.488304138,-10.722708702,-15.071939468,-2.343122005,0.106335476,-14.293603897,16.074176788,-26.660736084,0.787768960,-6.332456112,-2.559173822,-1.315380335,0.359649032,-0.852641106,-0.454713404,3.095134020,-5.473045349,-3.242777348,0.265100002,-0.505575538,-0.342464656,-0.760518670
106,2119.987,1786752448635.176,29406557.576,0.000000000,12.230217934,1.589719176,32.825637817,-4.290657520,30.237218857,-2.668672323,10.293889046,-3.716418266,-3.786717176,-19.522724152,-7.055068970,-3.808253765,-12.531622887,12.397724152,-21.180551529,2.992509365,-3.378881454,-2.169013739,1.665040135,0.035279494,0.009946237,-0.251001447,3.102540970,-5.837079048,-3.698313475,-0.609614670,-0.688168645,-0.746597588,-0.701142967
107,2139.988,1786752448655.177,29406577.578,0.000000000,20.136568069,19.523626328,-8.333233833,0.447636575,3.171000004,0.365030468,-23.425973892,-15.365021706,-22.956172943,-65.491432190,-13.692104340,-4.927172184,-1.861998916,-3.596431732,-10.007155418,2.032896042,1.839962721,-0.776925087,3.420386076,-0.781053722,0.963617623,0.363877356,0.259421468,-4.651374817,-2.449729204,-0.398599952,0.258217812,-0.870770872,-0.468255609
108,2159.987,1786752448675.176,29406597.576,0.000000000,14.392718315,12.779090881,-13.950463295,-4.614565849,-3.050352573,0.542164445,-38.504917145,-15.791390419,-16.753978729,-96.512336731,-20.071344376,-9.156159401,1.951330543,-9.300589561,4.837084770,0.258307636,5.091121674,1.221973896,3.113571405,-0.534257174,1.149841905,0.745002091,-2.250791311,-4.563788891,-1.848699689,-0.038408805,0.222291589,-0.682559192,-0.141692236
109,2179.988,1786752448695.177,29406617.577,0.000000000,10.099860191,4.795607090,-4.815729141,1.851270437,0.020296687,0.236927286,-42.176731110,-3.480311155,-9.945617676,-57.026260376,-8.704748154,-0.933028162,-1.290697575,-5.551061153,13.243882179,0.058271889,5.176380157,2.022188425,2.331764698,-0.034433462,1.016607046,0.676322639,-3.302666426,-4.133293152,-1.381242037,-0.932843328,0.287355632,-0.393863916,-0.052955434
110,2199.988,1786752448715.177,29406637.577,0.000000000,6.046563625,3.216246128,8.980784416,2.797240257,0.382064909,-0.352780670,-19.938110352,11.737189293,-21.380071640,2.568452358,-1.598338246,0.312484145,-6.366870403,2.650193691,9.749987602,0.460522115,3.001419067,1.287686944,1.582023621,0.490198970,0.774155140,0.385078937,-2.664565802,-3.460214138,-1.790166974,-0.862580776,0.483873665,-0.636244953,-0.338360220
111,2219.988,1786752448735.177,29406657.577,0.000000000,5.181224346,-1.578093410,18.529067993,-13.207225800,14.569503784,-0.146582663,3.933005333,17.255346298,-13.674712181,25.261941910,2.187645674,0.390774280,-7.070629120,6.655339241,-3.373906612,1.037911177,-0.942137659,0.018854126,-0.201391295,0.445306689,0.149748296,-0.055065513,-0.173924863,-2.668537617,-2.326374531,-0.263623267,0.403035551,-0.639506280,-0.661925137
112,2239.987,1786752448755.176,29406677.576,0.000000000,2.237103224,-0.711533606,25.289934158,-21.979700089,15.625620842,-4.679610252,8.691335678,5.804416656,-2.343826771,-0.364395887,-0.218787983,0.011943094,-8.654832840,5.280714512,-13.382167816,1.389216304,-4.128923416,-1.001471400,-1.228442073,0.326614588,-0.212671533,-0.403865516,2.261420250,-2.515002489,-1.745340824,0.203027889,0.057586204,-0.474298149,-0.841765642
113,2259.988,1786752448775.177,29406697.577,0.000000000,0.274938792,-2.354311943,22.077590942,-23.862213135,7.971594334,-4.402155876,12.505353928,4.031113625,-1.123209238,-2.223730326,-0.701997399,-0.009544000,-6.767984390,3.212758064,-17.030202866,1.528527498,-5.386326790,-1.387119532,-2.173378229,-0.064710744,-0.494172961,-0.873395979,2.824404240,-3.120505810,-1.560661197,0.488266587,-0.205909953,-0.368469775,-0.916524768
114,2279.988,1786752448795.177,29406717.578,0.000000000,-3.055768490,-6.704735279,15.543202400,-26.015399933,-0.237240568,-2.488329649,11.111294746,3.993491411,1.372354627,0.164492175,-0.689130902,-0.154522538,-4.739199638,0.578926265,-13.360575676,0.015729291,-4.695199490,-2.385256290,0.545634866,0.800425887,2.196251869,-0.503693223,1.035321236,-2.885094643,-1.514077306,-0.056037877,-0.330106705,-0.391056955,-0.619197667
115,2299.989,1786752448815.178,29406737.579,0.000000000,-1.142629385,-0.651286185,2.336720467,-7.087635994,-2.048299074,-0.259438127,10.401225090,-3.738758326,0.512359381,7.910339832,-2.663084030,5.896542072,-5.763818741,-4.702234268,-3.191686392,-0.895972073,-0.825911045,-0.315047979,10.161764145,0.653802514,1.315269709,-0.887557626,-0.468855381,-2.401622534,-1.935573339,-0.276831686,-0.238154337,-0.621225893,-0.600360572
116,2319.988,1786752448835.178,29406757.578,0.000000000,-2.971238375,11.837429047,-10.442917824,-0.292491347,-0.805106401,-0.058972459,9.431755066,-5.056278706,-4.867426395,21.535367966,1.168763995,2.252369881,3.007971287,-13.478566170,5.085123062,2.233267784,4.018603802,2.279745817,13.817916870,0.052905727,4.130530357,0.220272541,-1.012782216,-3.083180666,-2.517056942,-0.506909847,-0.586506248,-0.833602190,-0.729676068
117,2339.989,1786752448855.178,29406777.578,0.000000000,-9.866803169,10.226887703,-15.790398598,6.773756504,-0.074128211,0.050806142,18.274948120,-3.171493769,-5.828259468,24.459545135,2.447535515,1.407719493,19.373035431,-22.511344910,11.806254387,7.727259636,7.443432808,3.988726139,15.929403305,-0.004547025,5.000000000,1.023681641,-2.423207521,-4.323167324,-2.752538919,-0.008723576,-0.196143091,-0.649933815,-0.686523974
118,2359.994,1786752448875.184,29406797.584,0.000000000,-18.789394379,1.767138600,-12.932249069,6.467623234,-0.223189399,0.007059828,24.157423019,0.547654867,-3.538465023,9.550692558,0.832174361,0.187826395,33.189052582,-26.889881134,17.279737473,14.324194908,8.607119560,4.433213234,17.395647049,-0.529173493,5.000000000,1.642045140,-3.744456291,-5.134757042,-2.546924114,0.071446031,0.212850332,-0.299165934,-0.538614690
119,2379.989,1786752448895.178,29406817.578,0.000000000,0.000000000,0.000000000,0.000000000,0.000000000,0.000000000,0.000000000,0.000000000,0.000000000,0.000000000,0.000000000,0.000000000,0.000000000,0.000000000,0.000000000,0.000000000,0.000000000,0.000000000,0.000000000,0.000000000,0.000000000,0.000000000,0.000000000,0.000000000,0.000000000,0.000000000,0.000000000,0.000000000,0.000000000,0.000000000
120,2399.988,1786752448915.177,29406837.578,0.000000000,-48.893558502,72.440643311,-19.962162018,14.099493980,29.730024338,5.153651237,54.346427917,-30.491863251,1.989671588,37.382709503,23.457559586,3.458667040,49.554641724,-9.507692337,16.893264771,25.000000000,14.959179878,9.309239388,25.000000000,0.287224740,5.000000000,1.803889394,-8.402890205,-19.495719910,-2.555875778,8.506468773,-0.127167836,1.564489007,0.434212446
121,2419.987,1786752448935.177,29406857.577,0.000000000,-40.188495636,19.565113068,-2.057248592,-29.040103912,10.401584625,-0.492791921,11.366189957,-36.890918732,24.811203003,-31.804172516,-6.657147884,-0.754307568,8.118021965,-26.654024124,13.971490860,23.226715088,15.819710732,10.555093765,11.684683800,0.290607721,5.000000000,2.540596724,-7.151254177,-8.984735489,-4.842956066,2.142391920,0.831538498,3.015539408,0.132097051
122,2439.994,1786752448955.183,29406877.583,0.000000000,8.719181061,20.604215622,-11.822926521,0.001538164,-0.565878034,0.211307704,-0.955411196,0.171937928,-6.214061737,7.558869839,1.670107961,0.347491622,-3.677569389,-13.606056213,6.314671040,12.681535721,11.910505295,7.045028687,4.864717484,-0.607068896,5.000000000,1.879481077,-5.386290073,-0.218976200,-5.208028793,-4.339529514,1.193498492,0.179261684,-1.382850051
123,2459.991,1786752448975.181,29406897.581,0.000000000,12.073170662,-6.649551392,8.599354744,-0.389511943,-0.512810767,0.005453926,1.616296768,6.597743511,0.181874767,6.278819561,1.075976968,0.122807927,-22.275281906,1.123470306,-11.535619736,4.229212761,8.897448540,3.609920263,0.848650277,-0.443525821,2.711540937,0.871377230,0.530850887,1.469084978,-6.923177719,-5.873271465,1.578657389,-2.116520166,-2.792880774
124,2479.990,1786752448995.179,29406917.580,0.000000000,20.570066452,-30.066156387,21.896404266,6.857845306,-0.934801579,-0.015604216,4.837524891,-0.727448523,11.504422188,-14.206733704,-4.510618210,6.308565140,-19.635543823,4.444200516,-22.725767136,0.171491027,2.979605913,1.988255024,-3.348378420,-0.061162401,-1.563181400,0.303572178,1.594468951,-0.258429468,-6.030642509,-5.973317146,1.193973780,-2.566222668,-3.032138109
125,2499.989,1786752449015.178,29406937.579,0.000000000,15.082469940,-32.009578705,29.841583252,5.258250713,-0.037012897,-0.356796473,3.859959364,0.679436505,23.467971802,-53.922080994,-15.490839958,5.038944721,-5.424476624,-4.751287460,-29.592338562,-6.371189594,-1.642324448,1.129927993,-9.010780334,-0.473995447,-4.580609798,0.003961270,0.252503425,-4.786765099,-3.433343649,-3.401969433,0.822071612,-1.867671490,-2.233860970
126,2519.990,1786752449035.179,29406957.579,0.000000000,19.094482422,-2.003968716,4.923290730,-3.878899574,0.050357405,-0.085630022,-15.070462227,-21.485282898,46.407302856,-57.206382751,5.331719398,9.927604675,-22.582147598,5.957027912,-21.952419281,-10.723360062,-4.481642723,0.427736789,-11.051980972,0.849729776,-5.000000000,-0.386802375,-0.628420174,-7.405697823,-2.827200174,-1.582302570,0.304677218,-0.404021144,-1.335585237
127,2539.991,1786752449055.180,29406977.580,0.000000000,11.555066109,3.277581692,-12.973842621,-10.080109596,-0.780781209,0.351319313,9.821269989,-24.501697540,37.228656769,5.297525406,29.291736603,7.459759235,-40.165023804,11.573155403,-17.887212753,-18.034755707,-2.450337172,-0.795871735,-11.045494080,-0.052198578,-5.000000000,-0.739795029,0.375688791,-4.688382626,-1.496426702,-1.600581408,0.467865556,-0.348355979,-1.171536207
128,2559.986,1786752449075.175,29406997.575,0.000000000,-7.401624203,24.742429733,-9.250796318,0.339305371,0.694748878,0.218680158,10.563820839,-52.751384735,33.865200043,5.235926628,1.409096479,-2.706475496,-45.535133362,2.487570524,-16.613716125,-21.685115814,1.436292768,1.125131011,-10.933979988,0.456920594,-5.000000000,-0.376748949,3.449935198,-4.935060978,-0.227387458,-1.061807394,0.165581048,-0.374660760,-1.099985242
129,2579.987,1786752449095.176,29407017.576,0.000000000,-9.910263062,30.874532700,-9.169576645,1.533038974,0.269081593,0.048125464,16.152559280,-39.268707275,17.363845825,-4.748047829,-0.548110962,-0.500471294,-22.457679749,-6.482644081,-20.388113022,-21.396652222,6.690995693,2.215454578,-10.775357246,-0.862555981,-5.000000000,-0.138866812,2.656395674,-0.022654327,1.857547522,-1.812515736,-0.999599814,-0.431746274,-0.195974946
130,2599.985,1786752449115.174,29407037.574,0.000000000,7.406888485,23.337862015,-12.618498802,5.545379162,1.230584979,0.084383734,2.728417635,-9.840262413,3.227091551,-2.993475914,0.043031495,0.334384561,-11.512518883,-4.298341274,-15.571570396,-18.252759933,8.322427750,1.106768012,-10.000561714,-0.924192548,-5.000000000,0.464140356,-0.353305787,2.964674950,1.995244861,-1.707084060,0.244726405,-0.174125358,0.501330435
131,2619.986,1786752449135.175,29407057.575,0.000000000,13.529973984,7.664115429,-5.584612846,-9.991076469,7.638834953,3.508933306,-9.603962898,10.658382416,-11.951134682,-12.858327866,-1.229048133,0.127411157,1.031888008,-13.522666931,-9.511012077,-14.608098984,8.195263863,1.379611850,-8.680750847,-0.400567800,-4.516187191,0.715243816,-1.514053941,6.207230568,1.755862117,-2.715518236,0.485259235,-0.435224444,0.728914022
132,2639.990,1786752449155.180,29407077.580,0.000000000,8.376346588,-4.900643826,-2.431618452,-36.642398834,15.708708763,5.711554527,-5.138811111,37.445922852,-27.509471893,-12.190055847,-1.337602258,0.490109175,18.586206436,-27.077583313,-9.265748024,-10.558022499,5.460781097,0.351251900,-5.711697578,-0.681908369,-2.476636171,0.524694204,-4.069907665,7.725011826,2.635164499,-4.353002548,-0.306325257,-0.971720219,1.405615330
133,2659.986,1786752449175.176,29407097.576,0.000000000,6.569512844,-14.263861656,11.317178726,-41.867763519,19.135723114,5.284448624,0.080604881,51.759616852,-35.738891602,-46.655250549,16.790100098,-6.898159027,25.049924850,-28.887493134,-14.245171547,-6.044871330,0.997006834,-0.968542755,-3.032589436,-0.561964452,-1.187707543,-0.002943859,-6.633261681,7.171606541,0.826589644,-6.363268375,-1.011993289,-1.897675514,1.549950004
134,2679.985,1786752449195.174,29407117.574,0.000000000,4.201589584,-24.428789139,32.722068787,-23.001623154,15.132838249,1.635924459,3.693617344,62.047134399,-44.554763794,-83.369445801,44.870223999,-4.960633755,43.576232910,-39.688392639,-19.942901611,-0.748867750,1.104651332,-1.072474480,0.530353367,-0.654452741,-0.215210482,0.230183616,-11.291456223,5.544209003,-2.543702126,-7.884164333,-1.782821774,-2.827559948,1.288622856
135,2699.984,1786752449215.173,29407137.573,0.000000000,4.092441082,-24.443309784,39.207820892,-15.142386436,13.737143517,0.392589062,0.754373550,61.112743378,-41.615364075,-90.378936768,49.649673462,-1.156279445,45.779785156,-46.397560120,-23.649806976,6.060992241,0.946548522,0.073367804,1.618449926,-0.274368405,0.562011361,0.473359019,-15.435079575,2.761776209,-5.188013554,-8.523015022,-2.143843889,-3.291136980,0.783258736
136,2719.984,1786752449235.173,29407157.573,0.000000000,9.412953377,-8.471579552,42.765563965,-14.848340988,3.944141865,0.777316391,-8.371532440,56.209178925,-33.975963593,-103.297904968,41.303073883,0.302678585,35.953083038,-44.819278717,-24.189765930,9.827908516,0.004397484,0.243472040,2.516772985,0.142827392,1.003940344,0.584854126,-17.095840454,-1.393448591,-6.294885635,-9.209263802,-2.257225513,-3.831228733,-0.085859045
137,2739.987,1786752449255.177,29407177.577,0.000000000,13.460514069,-3.455461264,30.498882294,-8.513147354,9.122372627,-0.356203228,-12.625797272,37.387420654,-22.538944244,-98.129638672,26.263170242,1.110128403,27.721412659,-38.093212128,-20.853572845,11.291730881,-0.895396352,0.129781917,3.553137541,-0.074487679,1.463951707,0.701311648,-17.749086380,-6.077250004,-7.495275021,-8.721107483,-2.039207935,-3.975407839,-1.115156889
138,2759.987,1786752449275.176,29407197.576,0.000000000,8.548970222,6.409574509,20.781576157,-19.684930801,11.424786568,-6.784736156,-1.102034211,15.013601303,-6.220582962,-77.827087402,17.668628693,3.132930040,23.834339142,-28.763219833,-19.685398102,11.256734848,-2.991558075,0.277531505,6.539518833,0.120404974,2.505623817,0.641353607,-18.041906357,-10.504664421,-7.477613449,-6.340309620,-1.699889302,-3.476841450,-1.562774897
139,2779.987,1786752449295.176,29407217.576,0.000000000,-0.250591010,1.711854935,9.882281303,-23.348192215,12.649950027,-6.725187778,16.942970276,1.838716865,14.152786255,-14.907420158,1.689356685,9.208830833,-2.466957331,5.956728458,-14.417648315,11.083206177,-5.487226009,0.024365189,5.881094456,1.058620453,3.056358814,0.164579719,-13.873690605,-11.787660599,-7.220242500,-2.923794270,-1.237987161,-2.564169407,-2.150825977
140,2799.985,1786752449315.175,29407237.575,0.000000000,-1.863043547,-0.549087822,-6.971079826,-23.951803207,10.074315071,-4.487789631,27.800018311,-25.971286774,26.660264969,61.755878448,-0.827644587,3.551075459,-29.136816025,47.310676575,4.202616215,8.186025620,-5.494848728,0.456941485,2.564812422,1.336892843,2.254508972,-0.451461673,-6.402254581,-11.079898834,-5.780110359,1.457921505,0.471882999,-0.982258081,-2.237552643
141,2819.986,1786752449335.175,29407257.575,0.000000000,-15.899694443,22.188196182,-10.866138458,-61.400585175,16.651447296,-6.693697453,19.750793457,-30.350242615,12.865010262,6.739915848,-0.585298657,-0.210576311,-3.937156439,47.950454712,18.301343918,4.961007118,-0.313844949,2.190479755,-0.520793915,0.337670326,0.755160391,-0.337132305,-2.007949591,-8.631968498,-2.620237589,5.368875027,0.854480505,0.952696621,-1.681990147
142,2839.985,1786752449355.175,29407277.575,0.000000000,9.013256073,23.895296097,-18.115812302,-52.411148071,2.785233736,-0.619622171,3.128689528,-19.304450989,-7.170160294,-11.818884850,-0.882506728,0.425300628,17.075418472,33.025184631,11.125626564,7.640000343,7.779120445,3.820826054,-0.913064420,-0.132953554,-0.779526889,1.205590844,0.072223201,-1.998521805,0.681801856,5.236363411,0.556776226,2.127605438,-0.149638742
143,2859.985,1786752449375.174,29407297.574,0.000000000,33.794414520,4.142133713,-7.418663025,-29.931970596,11.368892670,-6.666815758,-18.628276825,9.041254044,-10.915528297,-22.026165009,-2.230080366,0.426326454,18.374481201,13.561544418,-5.889306068,7.816301346,12.660391808,4.838429928,-1.983170390,-0.095241591,-1.088721037,1.942521572,1.537523866,5.608112335,2.761736870,0.462062657,-0.137518421,1.199138880,0.603915691
144,2879.985,1786752449395.174,29407317.574,0.000000000,47.365161896,-6.221426487,-6.854025364,-11.200982094,15.324515343,-3.317876101,-13.794219017,33.043296814,-11.877981186,-1.098727584,-0.817634702,0.147907734,12.391892433,-1.001355529,-27.582868576,2.340890169,12.588604927,3.200204372,5.293868542,1.011428595,4.941390514,5.000000000,1.332555175,9.264055252,3.237995625,-4.515291214,-0.897933662,-0.717576325,1.096682906
145,2899.984,1786752449415.174,29407337.574,0.000000000,44.439170837,-0.835152864,-17.528991699,-11.701074600,16.027465820,-2.181545734,-7.725328445,30.525636673,-5.603562832,7.416216850,0.457495183,0.133391783,-12.824987411,-4.918358803,-34.042381287,0.747792423,5.991230011,3.122693300,7.354769230,1.864804983,5.000000000,5.000000000,2.010662317,7.254192829,2.662402868,-7.387156487,-1.334788322,-2.177768707,0.499745071
146,2919.984,1786752449435.174,29407357.574,0.000000000,27.379934311,13.349225044,-33.380477905,-17.033796310,16.623378754,-1.317335129,8.803725243,7.900965691,5.145331860,25.462913513,1.645524859,0.120152481,-35.221988678,-0.254752845,-24.904289246,-0.529694200,0.940021336,1.928061128,7.072729111,1.864950657,5.000000000,3.515731335,1.344317913,2.604027987,2.021667480,-7.254966259,-0.452851534,-2.416090012,-0.164874852
147,2939.984,1786752449455.173,29407377.573,0.000000000,8.663038254,33.121780396,-50.078849792,-25.007579803,15.223363876,-0.009820260,18.055318832,-11.525290489,4.031017780,19.184061050,0.432263225,0.152282417,-33.543903351,7.345908165,-8.393516541,-5.650878906,2.329155445,1.199982762,7.737694740,0.608015418,5.000000000,2.519167185,2.386437416,-2.835699797,0.993736446,-3.337436914,-0.002694736,-1.923187494,-0.603278756
148,2959.985,1786752449475.174,29407397.574,0.000000000,1.481235623,43.356090546,-65.565513611,-41.072704315,12.342342377,0.764361918,11.035461426,-19.772621155,1.418277740,2.699878693,-0.733540356,-0.267114967,-28.105304718,5.833507538,2.096930504,-7.782602787,6.957155228,2.696075439,4.930868149,-0.215279147,5.000000000,0.792107880,4.802164555,-4.749260902,0.798243999,0.516162336,-0.752169549,-0.424987137,-0.449887574
149,2979.985,1786752449495.174,29407417.574,0.000000000,-4.212220669,53.282123566,-79.065208435,-57.973377228,11.736639977,1.506400108,13.897809029,-24.712451935,5.911898613,3.217190981,-0.483061045,-0.249736294,-32.016696930,1.574925661,5.571969986,-7.939564705,11.341619492,4.335182667,4.237042427,-0.342456758,5.000000000,0.538142622,8.518275261,-4.443696022,0.853464365,2.084180355,-1.155074716,0.416251987,-0.026797270
150,2999.986,1786752449515.175,29407437.575,0.000000000,-3.293305397,60.546466827,-73.533599854,-56.372592926,12.123155594,1.059415340,11.678880692,-14.624469757,2.664579391,-1.678393960,-0.547468722,-0.110493682,-50.983634949,6.038773060,4.422461510,-11.289785385,15.054183006,3.099944115,3.872688293,-1.644622803,5.000000000,-2.961324215,14.173658371,-4.417926311,1.754829645,2.487065554,-0.807915628,0.641978621,0.298811346
151,3019.986,1786752449535.175,29407457.575,0.000000000,2.640284777,51.320049286,-59.875888824,-39.689472198,10.954097748,1.421222568,11.901881218,-4.841616154,-2.762436867,0.392195523,-0.339639992,0.454947382,-72.971511841,17.466863632,4.236827374,-16.382953644,18.416793823,2.269710064,4.616396427,-0.800641179,5.000000000,-3.120724440,19.439126968,-7.625230312,2.805914640,4.455169201,-0.414209813,0.718054891,0.065279469
152,3039.996,1786752449555.186,29407477.586,0.000000000,14.055979729,35.580741882,-53.087615967,-22.902853012,11.720915794,1.842085242,11.507564545,-3.866299152,1.543091893,4.560937881,-0.074050993,0.291555882,-75.199493408,18.899394989,6.684194565,-18.472122192,25.000000000,6.142461300,11.863592148,5.089129925,5.000000000,-2.547885895,22.064315796,-14.266081810,2.157124758,6.859991550,0.326149046,1.260903478,-0.422717273
153,3059.985,1786752449575.175,29407497.575,0.000000000,11.614829063,33.272453308,-55.622440338,-3.572078705,10.572027206,4.316170692,10.634305000,-16.341585159,13.714682579,9.838150978,0.958209455,-0.086019434,-47.557247162,12.430069923,-3.161603928,-13.873796463,25.000000000,10.412822723,7.183909893,3.497689962,5.000000000,-2.105145693,18.538326263,-19.078336716,-0.006786016,8.370431900,0.633622050,2.294880629,-0.735170603
154,3079.986,1786752449595.175,29407517.575,0.000000000,17.613712311,25.923137665,-52.585380554,14.711795807,5.886682034,4.973072529,2.379706860,-24.117832184,17.134582520,-0.982722521,0.000246795,-0.167863846,-39.811992645,8.580367088,-14.649378777,-8.078135490,25.000000000,15.246388435,5.078582764,2.543588877,-0.389798284,-0.590712965,17.019399643,-12.769927025,-6.756335735,13.238385201,1.722598791,4.877757072,-1.317861795
155,3099.984,1786752449615.174,29407537.574,0.000000000,23.494430542,23.803205490,-39.339294434,18.931194305,1.270842075,0.698075056,-2.454955816,-16.375785828,11.657052994,-14.420495987,-1.037895322,-0.383571744,-47.056625366,9.383660316,-15.486927032,-5.243638039,20.068628311,15.281248093,-0.668193758,0.392733544,-1.298378706,1.942095160,17.272020340,-11.028649330,-6.673351288,10.580414772,2.600648642,5.000000000,-1.204068303
156,3119.984,1786752449635.174,29407557.574,0.000000000,15.476150513,9.734042168,-31.768842697,7.622305870,1.234581232,1.076713204,-3.925785542,-6.558631420,0.743699312,-3.294636965,-0.698534131,-0.149331316,-51.792850494,9.134954453,-5.011065006,-4.864030361,22.258857727,16.048259735,4.727553368,0.655231774,-5.000000000,2.435249805,21.009910583,-8.870259285,-4.856116772,8.561033249,2.846073866,5.000000000,-1.681987524
157,3139.987,1786752449655.176,29407577.577,0.000000000,0.000000000,0.000000000,0.000000000,0.000000000,0.000000000,0.000000000,0.000000000,0.000000000,0.000000000,0.000000000,0.000000000,0.000000000,0.000000000,0.000000000,0.000000000,0.000000000,0.000000000,0.000000000,0.000000000,0.000000000,0.000000000,0.000000000,0.000000000,0.000000000,0.000000000,0.000000000,0.000000000,0.000000000,0.000000000
158,3159.984,1786752449675.174,29407597.574,0.000000000,-24.193805695,19.714454651,-0.503626943,3.923603535,9.918395042,-1.895216227,30.098291397,-33.582344055,12.287987709,25.646322250,5.895457745,0.108573817,-26.794296265,20.451828003,8.310600281,7.378633022,18.908725739,12.478605270,11.465435982,0.675567269,2.878437757,2.227655649,14.422404289,-10.185956001,0.792342484,6.175676346,1.012000084,1.370562196,-5.000000000
159,3179.984,1786752449695.174,29407617.574,0.000000000,-11.635291100,63.228939056,-35.039192200,-5.847774029,-2.665298700,0.129512191,22.927280426,-66.119819641,10.478786469,-7.796736240,5.443174362,-1.023856878,82.020439148,-3.068650723,-5.349081039,3.483373404,1.914761901,2.393723488,8.110219955,-0.036243979,3.226875305,0.682207406,5.849017620,-7.980526924,-6.565371513,4.349838734,-0.159523278,1.766376019,0.535422981
160,3199.985,1786752449715.174,29407637.574,0.000000000,-29.419950485,51.210441589,-48.681209564,-16.433277130,-1.407826662,0.981027782,17.400756836,-51.740974426,25.862392426,-11.307356834,-1.024585485,-0.549715877,29.644062042,-10.403991699,-3.533499718,5.819129944,-2.996222019,2.897879124,-2.813922644,-0.377200693,0.642409623,1.027691245,-2.563540220,1.677273154,-3.885808945,2.789058924,0.614097655,2.657598734,1.327668548
161,3219.985,1786752449735.174,29407657.574,0.000000000,-37.966388702,35.107646942,-20.854848862,-26.320043564,0.490214288,0.008323409,15.027755737,-28.264022827,11.089500427,0.583027899,-0.890352845,-0.116615385,-5.738295078,-6.458591938,14.217961311,0.482923925,-2.482526541,0.458811224,-4.500988483,-1.248251319,-1.299412251,0.721304715,-2.454083920,3.471701145,-4.891186237,-3.842507124,-0.158464566,1.027878523,-0.074472532
162,3239.985,1786752449755.174,29407677.574,0.000000000,-12.802938461,7.208991051,17.759361267,8.073217392,0.980242193,0.033153530,-3.436362505,-9.876029015,1.667594075,-0.606319189,0.833172679,0.093224674,-5.469180584,-5.055261612,18.776466370,-2.885270834,-2.849209547,-1.262803793,1.147515059,-0.805709183,-1.163840413,0.253655940,-4.268512249,-0.904385805,-2.835839987,-4.741494656,-0.431984484,-0.739159048,-0.952471197
163,3259.984,1786752449775.174,29407697.574,0.000000000,9.021618843,-15.711084366,15.384195328,9.330848694,1.604054451,0.091847286,-8.069770813,9.206467628,-5.281151295,2.063221455,0.778143287,-0.027021835,-1.319908500,-1.052227139,4.423083305,0.148278296,-7.851740360,-2.353179932,5.732081890,-0.532344520,0.999926925,-0.338918626,-4.714787006,-4.450722694,-0.615611374,-2.860826492,-0.384786785,-0.913791358,-0.383056819
164,3279.985,1786752449795.174,29407717.574,0.000000000,30.828229904,-34.523750305,25.126445770,14.100008011,0.758616328,-0.068921700,-16.060640335,46.537841797,-20.238641739,-10.273646355,1.523795009,0.604038000,-1.847076893,-2.012554169,-12.768818855,3.582353592,-11.705368996,-4.829171181,3.825153589,-0.501403630,1.418027997,-0.712999701,-6.923628807,-5.338337898,-0.743460119,-3.067683697,0.245806113,-1.086953878,0.026490757
165,3299.985,1786752449815.174,29407737.574,0.000000000,26.960632324,-56.819187164,37.586605072,10.048258781,0.437269300,-0.803853333,-13.121485710,88.000000000,-41.639060974,-11.354863167,-1.807509542,0.701383770,0.701441705,-11.316897392,-12.103344917,6.287007809,-11.312057495,-6.149312496,2.760197639,-0.125302881,0.916768610,-1.477294683,-8.103603363,-3.732398033,-1.449112296,-3.959445953,0.653537571,-1.343598962,-0.277528644
166,3319.984,1786752449835.174,29407757.574,0.000000000,34.349620819,-47.864181519,41.172882080,-11.303976059,40.605693817,8.754346848,-7.006848335,88.000000000,-57.103084564,-50.419048309,21.299423218,-4.617764473,0.137477711,-12.430499077,-23.175117493,0.988174260,-3.998422623,-3.150154352,-1.346564412,0.652495027,-0.336611360,-0.943405092,-10.023626328,-2.965240479,-3.428130865,-5.058987141,-0.109982818,-1.742264509,-0.295201033
167,3339.985,1786752449855.174,29407777.574,0.000000000,33.021640778,-62.280765533,52.874988556,7.320870876,50.000000000,7.841460705,12.680563927,88.000000000,-51.438171387,-101.828239441,49.552448273,-30.779014587,-2.209222078,-15.963102341,-42.268867493,-3.525068998,4.068383694,-1.265873075,-11.774415970,1.210198998,-3.635141373,-0.405510008,-4.070618153,-1.942236066,-2.569743633,-4.043138504,-0.711416304,-1.857362509,0.059266541
168,3359.984,1786752449875.174,29407797.574,0.000000000,27.031652451,-54.333309174,52.567874908,-21.023914337,29.806978226,6.414206505,20.993453979,88.000000000,-55.646888733,-110.558494568,41.292831421,-29.259691238,-6.344693661,-13.814485550,-50.000000000,-2.396276712,10.623159409,-0.467820138,-12.467460632,0.993707597,-4.742045879,0.010482832,0.972023427,3.103188515,0.341948330,-4.206530571,-0.990441084,-1.593263745,-0.261804968
169,3379.984,1786752449895.173,29407817.574,0.000000000,5.229211807,-51.437393188,40.478149414,-45.370365143,-15.988913536,-2.639060736,33.141891479,88.000000000,-70.798774719,-66.100746155,28.653558731,-17.949298859,-0.128284127,-26.155790329,-44.679027557,-3.940376043,13.776932716,0.901654959,-11.444557190,-0.409090579,-3.990589380,0.516838372,3.524957895,9.369990349,1.046726584,-5.032482147,-0.764266729,-1.821338892,-0.040843040
170,3399.984,1786752449915.174,29407837.574,0.000000000,-22.172933578,-31.970596313,22.112501144,-43.914920807,-22.871118546,-4.499684811,56.400794983,42.894210815,-66.261184692,-6.004504681,31.883331299,-1.161458015,19.274747849,-50.000000000,-32.109645844,-6.541203976,18.175649643,4.485232830,-10.632817268,-0.963840961,-3.242995501,1.345353603,-2.417962551,9.933497429,2.256734371,-8.864676476,0.315987349,-2.344750404,0.366489589
171,3419.984,1786752449935.173,29407857.573,0.000000000,-38.818683624,-29.129789352,23.164514542,-41.133472443,-16.012619019,-4.938062191,88.000000000,27.891956329,-59.619125366,50.894248962,12.076816559,9.048675537,25.544746399,-39.884246826,-28.788845062,-10.253406525,16.396694183,6.267549992,-8.907896042,-0.596356928,-3.140976429,1.873611212,-10.845256805,3.570560455,2.915501356,-11.852464676,-0.034511752,-3.515832663,0.841513455
172,3439.984,1786752449955.174,29407877.574,0.000000000,-48.811637878,-27.612232208,32.670169830,-48.169174194,-4.902572632,-2.062799454,88.000000000,-5.826369286,-41.914661407,45.684886932,2.347307444,2.188512564,25.745008469,-16.875061035,-34.548328400,-7.449042320,10.053434372,4.068087101,-4.404573917,-0.190527290,-2.493398428,1.140724063,-14.646392822,-3.675412655,-0.219103694,-10.701575279,-0.257310987,-4.271869183,0.489865005
173,3459.984,1786752449975.173,29407897.573,0.000000000,-39.436668396,-31.722181320,39.704883575,-50.484931946,-13.726689339,-5.987128258,86.555839539,-9.604550362,-13.272186279,20.729450226,10.743809700,4.193410873,20.820987701,-3.975719452,-42.308376312,2.240688801,3.724234104,0.773815811,-4.780423164,0.225486115,-1.893582702,0.543871939,-16.021034241,-6.241497993,-4.910582542,-9.418227196,-0.861822784,-3.873512983,-0.067676082
174,3479.984,1786752449995.173,29407917.573,0.000000000,-22.424518585,-40.008888245,44.155158997,-34.010299683,-9.367362976,-5.459972382,56.444934845,1.277010083,-17.427371979,4.069909573,2.352498770,0.697543025,10.307915688,5.245279789,-43.573028564,5.408552647,0.822037637,-1.095914960,-7.577078819,0.407575577,-1.441179276,0.276731670,-13.792102814,-5.683851242,-6.165353775,-8.661781311,-0.877830684,-3.618564367,-0.660286546
175,3499.984,1786752450015.173,29407937.573,0.000000000,-13.422980309,-50.995723724,51.292640686,-40.895519257,-6.464219093,-3.791597366,39.580959320,12.509769440,-27.974063873,9.617055893,2.106429815,-1.037245631,-7.838969231,17.406009674,-43.297046661,2.682185888,-1.183294773,-1.434754491,-4.122745037,-0.143575057,-0.845606029,0.232684895,-10.917530060,-5.948876381,-6.673371315,-7.090976238,-0.301353723,-3.581752062,-1.311815619
176,3519.984,1786752450035.174,29407957.574,0.000000000,-21.151788712,-59.774742126,57.530418396,-50.392044067,0.518449306,-2.088276386,33.698925018,20.864772797,-23.680282593,-19.086380005,10.694207191,-0.510105312,-11.937125206,22.592056274,-40.831470490,-0.098102473,-1.905330062,-0.491937608,-2.641451359,-0.767186940,-0.053813666,0.466199577,-7.506004333,-6.155599117,-6.490275383,-4.278203964,-0.414927781,-3.192456961,-1.542740583
177,3539.983,1786752450055.173,29407977.573,0.000000000,-31.983163834,-71.962600708,66.523071289,-79.691528320,2.735007524,-0.198285997,35.562637329,12.633938789,-1.319835067,-96.527626038,6.855585575,-16.015453339,-26.511175156,31.434209824,-37.816650391,-2.195527315,-1.967743039,-0.911388040,-4.661224842,-0.431432247,-0.441683114,0.103992663,-0.512512803,-6.160081863,-5.205773354,-1.416138411,-0.045993064,-1.698458791,-1.423875093
178,3559.984,1786752450075.173,29407997.573,0.000000000,-55.516731262,-77.319984436,57.916957855,-119.797409058,-18.949069977,-3.574267149,50.148662567,6.036693096,11.230622292,-102.405235291,-4.795213223,-20.839542389,-25.949481964,36.789100647,-33.084941864,-0.529234052,-0.509302199,0.007563305,-5.722417831,0.011623697,-1.116506696,-0.101320699,4.926458359,-6.175729752,-3.593807459,0.329043388,-0.231147945,-0.426802993,-0.930902898
179,3579.984,1786752450095.173,29408017.573,0.000000000,-64.979827881,-55.912403107,36.071071625,-114.315780640,-33.563579559,-7.942983627,61.712295532,-6.850838184,3.769109726,-59.871963501,-5.168456078,-18.250669479,-7.291955948,29.287925720,-25.583616257,1.636733770,1.218760610,1.502321720,-5.126568317,0.580163062,-1.458314419,0.339726299,5.012534618,-5.292284966,-1.668815255,-0.672949970,-0.313445300,-0.193675846,-0.182902470
180,3599.987,1786752450115.176,29408037.576,0.000000000,-69.092826843,-26.510227203,6.680004597,-92.738868713,-35.429824829,-8.791530609,60.851917267,15.484984398,-40.771663666,86.722290039,4.712348461,-3.262289286,17.020601273,28.122289658,-10.407048225,2.750597477,0.371112198,2.974494696,-3.020269632,1.405109406,-1.791736007,0.513453007,-1.696883082,-6.144397259,-1.055592418,-1.199132919,-0.209574535,-0.290321320,0.104906105
181,3620.005,1786752450135.194,29408057.595,0.000000000,-47.476852417,-16.174537659,13.264201164,-81.025779724,-23.500288010,-5.766623497,23.673679352,1.318287492,-31.124452591,18.516347885,0.230614781,1.061803818,30.612028122,33.419139862,-7.024993420,5.547426701,-1.512683392,2.280460835,-2.034107924,1.127927899,-1.517087579,0.518607676,-8.306999207,-5.894909859,-0.382938236,-1.268361449,-0.134416372,0.442677319,0.107958674
182,3639.993,1786752450155.182,29408077.582,0.000000000,-38.809455872,-30.478044510,24.736150742,-71.642837524,-8.915323257,-2.684889317,28.181470871,-7.560464382,-16.279766083,7.869286537,9.143967628,2.907634497,34.023021698,31.370859146,-17.470630646,10.513662338,-1.839444399,0.737625360,-3.196518660,1.067739844,-1.083210945,0.242699817,-9.521349907,-1.939514160,-0.600848734,-1.544992685,0.050988764,0.265557289,-0.031680185
183,3659.994,1786752450175.183,29408097.583,0.000000000,-43.107711792,-31.733140945,18.333147049,-66.688369751,-5.997128963,-1.197294235,41.506500244,-5.905344486,-9.756026268,3.672484159,0.134869650,0.364593834,24.508810043,21.910068512,-26.619052887,12.728124619,-0.847602367,-0.804652929,-2.846486092,0.436509818,-0.521997452,0.215946987,-8.787705421,1.424879670,-0.586601794,-3.608228445,0.245854586,-0.525207996,-0.071236238
184,3679.991,1786752450195.180,29408117.580,0.000000000,-25.213384628,-26.315614700,5.184614658,-28.723590851,-6.632768154,-0.874275565,34.871162415,-9.687023163,1.174297810,-24.584981918,-0.221767694,0.373025298,12.879527092,6.101916313,-20.221944809,9.169197083,2.662940979,0.792679369,0.947057664,0.012069240,0.364011467,0.486501426,-7.815320492,2.571217775,-0.620448053,-4.614628315,-0.525325656,-1.364022613,0.038003605
185,3699.990,1786752450215.179,29408137.579,0.000000000,1.230952024,-15.597814560,-0.274690747,-24.898248672,-5.783530235,-0.406102955,-1.981166601,6.526723385,-11.876046181,-15.421832085,17.535099030,-0.636316717,-5.694950104,5.738240719,-2.608007908,0.522586405,3.666859865,2.362806082,2.998523235,-0.381308764,1.017159462,0.606801212,-6.089074135,0.702853262,-1.059375048,-4.805341721,-0.315302104,-1.882090330,0.065780208
186,3719.989,1786752450235.178,29408157.578,0.000000000,7.242156506,-20.218153000,3.508808851,-43.712913513,-2.016442776,1.752790928,-36.177017212,28.835540771,13.498291016,-54.100708008,0.234126985,-1.818585515,-27.161380768,8.499623299,13.071571350,-6.045846939,1.384905577,3.254022837,1.610247254,0.033645403,0.339424998,1.211268902,-3.082733631,-2.095491171,-1.369766116,-4.412126064,0.561359704,-2.285610676,0.216997474
187,3739.990,1786752450255.179,29408177.579,0.000000000,-5.234950542,-17.355550766,2.552061319,-55.693595886,2.774702311,3.598707676,-15.596884727,5.669851780,27.701597214,-125.592407227,-19.589517593,-23.522726059,-31.797637939,15.472141266,11.308435440,-6.109274864,1.646910429,1.377783418,-1.282441854,0.128650084,0.541972101,0.528820097,1.503409743,-4.858118057,-1.857934356,-1.882290721,0.416463375,-1.832296252,0.194637030
188,3759.989,1786752450275.178,29408197.579,0.000000000,-14.875841141,9.473149300,-0.579423487,-36.314937592,2.848608732,2.476000547,-6.395802498,-13.016229630,29.625766754,-100.843246460,-27.028141022,-19.211513519,-20.909822464,14.701034546,12.103629112,-3.297807932,1.305058837,0.806069016,-3.433201790,0.681862116,-0.526811779,0.172173679,3.765141487,-7.282584190,-1.900051117,0.977787018,-0.031903125,-0.145495817,-0.049387690
189,3779.988,1786752450295.177,29408217.577,0.000000000,-8.744509697,6.690711021,-1.088545203,-10.259366989,5.230748653,1.939903259,-6.839005947,-3.858979702,15.423626900,-57.930763245,-21.986282349,-13.255757332,-10.189200401,9.803286552,8.878561974,-2.244801044,-1.366509438,1.005866051,-4.002994537,0.186274186,-1.116302133,0.258481860,2.886004210,-6.758391857,-2.060250044,2.279284477,-0.029396497,0.989855289,-0.261117607
190,3799.989,1786752450315.178,29408237.579,0.000000000,-2.859387159,1.100636482,-2.631730556,6.044499874,0.654766738,0.122340076,5.004089355,6.900544167,-15.141077995,9.519577980,0.015302751,0.906535029,11.629471779,-2.063563824,0.342956871,-0.648949981,-3.891823530,0.719955385,-4.764257908,-0.542267561,-1.628346324,0.263364464,-0.108538359,-4.120180607,-1.878628612,2.296458483,0.002430839,1.431200504,-0.481482804
191,3819.988,1786752450335.177,29408257.577,0.000000000,-8.399340630,9.537165642,-5.262538433,10.717747688,0.522779942,-0.736035883,36.084659576,-3.745176792,-27.152324677,46.891094208,6.831630230,1.115354896,30.413080215,-7.016934395,-6.571788311,3.104341745,-6.423475742,-1.792221069,-3.800028324,-1.096508503,-1.382616282,-0.027517967,-3.456460238,-2.649031401,-1.983594894,0.608913958,0.141954258,1.018418312,-0.603291154
192,3839.987,1786752450355.176,29408277.576,0.000000000,-13.563913345,6.572135448,2.678589344,1.322787046,1.301020503,-0.425748765,38.674877167,-23.690151215,-1.417603850,15.154505730,-1.385932922,-0.129428282,43.231910706,-15.046814919,-12.604748726,7.630832672,-6.435197830,-3.160549879,-3.240423918,-0.892455578,-1.516301394,-0.767778158,-8.288179398,-0.381144881,-0.832322359,-1.788462877,0.097232565,0.408746094,-0.632665694
193,3859.991,1786752450375.180,29408297.580,0.000000000,-7.454705715,-0.460420698,-1.337342978,1.248681664,0.164090872,0.331458330,31.187566757,-26.970783234,8.817615509,-5.934902668,-1.171994090,0.145068765,33.504642487,-22.314359665,-8.778708458,9.384497643,-3.317948818,-2.002022743,0.404764324,-0.224880859,-0.654938698,-0.427541465,-13.019487381,1.737823248,0.256608576,-4.195413113,0.232042104,-0.689220130,-0.170597360
194,3879.987,1786752450395.176,29408317.576,0.000000000,4.967699051,-6.061463356,-3.784918308,-0.697531343,-1.369770169,0.520451605,9.385704041,-1.959461570,-0.868645072,-20.679929733,-2.157170773,0.470731437,-1.737429380,-14.244658470,-4.028996944,2.725983858,0.392530233,-1.365559340,3.343627453,-0.077939793,1.127291560,0.221235901,-12.753807068,1.736025333,0.659682810,-6.883872032,0.307671696,-2.223515272,0.010474435
195,3899.987,1786752450415.176,29408337.576,0.000000000,20.422359467,-7.838927746,6.524863243,-3.121705532,-0.284910828,-0.143922895,-18.698373795,15.533031464,-5.268382549,-10.861863136,3.828199387,-0.415530592,-32.744560242,-3.303976297,-4.798780918,-6.896020889,1.299489021,-1.076942444,1.491028428,-0.261470765,2.218326569,0.294664919,-5.848192215,0.349159867,-1.234637022,-8.122264862,0.617930055,-3.709421635,-0.233735606
196,3919.987,1786752450435.177,29408357.577,0.000000000,28.078981400,-29.788515091,32.997314453,-17.095741272,16.038244247,1.818456650,-29.972885132,35.024742126,-11.827616692,-36.891212463,20.155260086,-5.880323410,-51.640914917,3.739626408,-6.925769806,-15.545179367,0.603670537,-1.335632920,-0.420347691,-0.785892069,1.774703979,-0.208038121,2.808148623,-1.960948110,-2.862841129,-4.440041542,0.834498584,-3.622514009,-0.461837620
197,3939.987,1786752450455.176,29408377.576,0.000000000,44.496444702,-48.377178192,47.414699554,-1.660135746,28.378562927,3.280347586,-42.407398224,48.140632629,-11.242786407,-43.930641174,14.555835724,-4.274924755,-52.173988342,1.730564594,-8.302078247,-16.151756287,-0.313266188,-2.543843031,-3.981219053,-0.495281637,0.360294819,-0.931607366,11.470543861,-6.647899628,-3.544830799,1.453346610,0.133398339,-1.555278182,-0.416570544
198,3959.987,1786752450475.176,29408397.576,0.000000000,48.342025757,-34.295879364,37.889106750,12.352986336,22.512619019,2.323094130,-24.614789963,34.576358795,-16.314117432,-55.552806854,-5.172099113,-6.117856979,-32.803249359,-15.630278587,-7.715655327,-13.053173065,-1.587661028,-2.387105703,-6.544337749,-0.494567275,-1.599590778,-0.997430146,15.587509155,-9.314997673,-4.215178967,5.887901783,-0.457046777,1.166514397,-0.206279173
199,3979.987,1786752450495.176,29408417.576,0.000000000,45.232631683,-9.994535446,21.632421494,14.314200401,8.869751930,0.286845952,-11.617891312,18.187337875,-18.585834503,-46.274135590,-16.780155182,-4.578239918,-11.463183403,-31.182870865,-2.790761948,-8.452794075,-5.046869755,-1.942954302,-6.754844666,-0.414156646,-2.627137661,-0.816996098,13.014833450,-9.814430237,-4.610011578,7.326876163,-0.648347318,3.235939741,-0.133678451
200,3999.987,1786752450515.176,29408437.576,0.000000000,29.882764816,5.521068096,9.677927971,12.208382607,1.796080709,-0.151504979,-0.297852695,2.725084066,-16.313032150,-30.457033157,-14.415450096,-3.766265392,-0.479422599,-31.246322632,-0.191192240,-4.529905319,-5.955079079,-2.205144405,-5.679581642,-0.475087106,-2.225808382,-0.746172130,6.941842079,-10.527433395,-4.582329750,6.021589756,-0.658904731,3.413794756,-0.248297229
201,4019.986,1786752450535.176,29408457.576,0.000000000,13.047496796,4.706543922,4.617259026,4.538805485,1.958856225,0.028996678,12.093246460,3.248460293,-14.483403206,19.581796646,1.662155747,1.144452929,-1.177465916,-19.239986420,-8.230319977,-2.566395998,-5.269149780,-3.198883057,-5.012805939,-0.703782976,-1.579992414,-1.089786530,1.884114385,-10.948617935,-4.043676376,2.085189581,-0.126025796,1.929049611,-0.694832981
202,4039.985,1786752450555.174,29408477.574,0.000000000,-12.025268555,-5.823218346,8.549406052,-10.046358109,1.813931704,-0.864946067,40.947437286,-3.650123835,-4.945848942,34.594032288,5.335502625,0.197359473,4.995136738,-8.874370575,-23.533752441,0.461024404,-5.663967133,-4.743360996,-3.282510996,-0.749445140,-0.886879563,-1.651418447,0.340037048,-8.205747604,-3.124851227,-2.111500978,0.499831766,-0.043244895,-1.184775472
203,4059.987,1786752450575.176,29408497.576,0.000000000,-2.200672388,-2.285722017,36.077404022,-69.738700867,-5.217599392,9.784582138,21.900753021,-5.508320808,-1.363558173,-8.566040039,-2.667618036,-0.000240433,35.977760315,-15.206926346,-21.924137115,6.617955685,-6.030423641,-3.438801050,-0.667423487,-1.541291356,-1.137483478,-2.352127075,-4.229316235,-2.066176891,-1.060352206,-3.511368275,1.419168472,-0.500143528,-1.349830031
204,4079.998,1786752450595.187,29408517.588,0.000000000,-12.864728928,-13.545892715,32.042133331,-99.066307068,-18.431701660,-0.512521863,28.795604706,-10.018521309,-1.890191674,-23.041786194,-2.380335331,0.170063466,5.987034798,-10.987010956,-33.073822021,8.479493141,-5.670961380,-4.111123085,1.202767372,-1.106473207,0.338263631,-1.247422457,-6.609331131,2.972863197,1.709486723,-5.196620941,0.578289509,-1.291130066,0.003273687
205,4099.993,1786752450615.182,29408537.582,0.000000000,-12.922578812,-20.361234665,21.137655258,-50.854770660,-15.359291077,-3.105263948,19.498437881,-11.445693016,6.885195732,-13.078023911,-0.284597456,0.401692897,-23.761970520,-2.549572229,-33.721260071,0.759706736,-0.827201009,-4.078951836,3.937904835,-0.464977503,2.048820972,-0.136934370,-4.249663353,-1.541224003,-0.569308877,-6.375498295,0.538291812,-3.199204206,-0.176584840
206,4119.990,1786752450635.180,29408557.580,0.000000000,20.589902878,0.717253387,9.513915062,14.940922737,0.068327710,1.035465479,-25.562484741,-5.990056515,8.259342194,-15.683511734,-0.825704217,0.216389596,-25.040130615,6.373119831,-14.423173904,-4.040488720,1.600613594,-1.750471950,3.919992685,-0.260108888,2.225670099,0.324858963,-1.696190476,-9.666127205,-5.498957157,-4.797627449,0.632965386,-3.299091339,-1.120719552
207,4139.991,1786752450655.181,29408577.581,0.000000000,26.993644714,13.006958961,-4.102012634,4.841279030,0.020292878,0.363668084,-48.183715820,-5.390127659,-4.421846867,-57.526840210,21.368179321,-7.946436882,-22.897829056,11.419596672,12.177623749,-8.309413910,2.811059237,0.434118092,2.952273369,0.357284874,1.150755763,0.753831148,-2.338456392,-13.148074150,-7.078439713,-1.761921763,2.271633863,-1.893941045,-1.978468895
208,4159.996,1786752450675.185,29408597.585,0.000000000,12.539276123,1.071356416,-2.197372198,-6.367287636,-0.923759758,0.212616891,-36.416915894,-8.701481819,1.271215677,-84.371665955,-0.977898061,-16.594860077,-24.310094833,17.407461166,20.176982880,-7.831037521,2.984774351,1.801432729,-1.723088741,0.494161189,-0.107273251,0.721254230,-0.182449967,-14.004884720,-7.093188286,1.359038711,1.681461453,-0.363084376,-1.921768188
209,4179.998,1786752450695.187,29408617.587,0.000000000,4.107300282,0.048934530,2.979607344,-4.053976059,-3.387301922,5.820915222,-23.940298080,-1.554502726,2.683039904,-92.072860718,-27.191471100,-11.115360260,-3.578785658,11.271005630,17.198320389,-0.317435175,3.817414284,2.536438227,-6.615575790,0.744590640,-1.633188248,0.755253434,2.587555885,-12.934187889,-5.533237934,3.781472921,0.737442672,0.585234165,-1.263280869
210,4199.992,1786752450715.181,29408637.582,0.000000000,-6.848388195,3.344667196,-7.047935963,3.284577847,-1.084420919,1.155189276,-12.088586807,-8.364624023,3.787123442,-78.523780823,-23.725790024,-12.126031876,10.537024498,1.770154357,20.177461624,5.909648418,1.228973985,3.001664639,-4.671766758,0.342464805,-2.600411177,0.681534886,0.366162002,-9.579792976,-3.088261127,2.681981087,0.115967698,1.515806556,-0.472599745
211,4219.987,1786752450735.177,29408657.577,0.000000000,-14.125254631,7.446055412,-13.841970444,3.958841562,0.058956929,0.319286823,6.260378361,-8.084369659,6.680808067,-8.198564529,-3.012687445,-0.553020358,12.246675491,-3.455911636,9.936711311,5.641926765,-0.309046805,1.036781669,-3.563299894,0.122970536,-1.826536894,0.294809312,-4.228958130,-4.923946381,-2.423731089,-0.419698149,0.108873114,0.538434148,-0.341520518
212,4239.987,1786752450755.176,29408677.576,0.000000000,-15.192905426,6.080843925,-9.644434929,-5.401830196,-0.460850358,0.027860941,33.043159485,-1.798548818,4.443271160,44.847679138,5.461140156,-0.005787184,4.053906441,-7.626094818,-12.293781281,1.878982425,-2.294926167,-1.458402395,-0.572099864,0.352604955,-0.122248128,-0.219289944,-4.034448147,-0.265534878,-1.412109256,-3.408709288,0.196891233,-1.264568567,-0.701329648
213,4259.986,1786752450775.176,29408697.576,0.000000000,-4.624595642,-4.501917362,11.269228935,-0.387590736,-0.446813822,-0.472998977,30.018917084,-11.726706505,7.258681297,-3.293956757,-0.476699531,-0.109183758,22.680704117,-24.233734131,-16.252059937,4.129290104,-4.716250420,-1.482568741,2.811814785,-0.812232912,0.524281323,-0.276585460,-6.506393909,1.657502294,0.794589162,-5.425453186,-0.360479653,-2.199723244,-0.063793540
214,4279.989,1786752450795.178,29408717.578,0.000000000,2.672707081,-3.289764404,6.155792236,7.624526024,0.206262916,0.210710779,20.470270157,-8.271887779,1.284136415,-25.661979675,-2.222387314,-0.026272694,22.817117691,-30.829454422,-4.692080498,4.535286427,-5.275119305,-1.588196158,4.753921032,-0.979148507,0.982205391,-0.237380370,-9.461155891,2.646768808,0.634470940,-7.273556709,0.089704886,-2.583352566,0.085974395
215,4299.989,1786752450815.178,29408737.578,0.000000000,0.747606874,1.854300499,-7.820436001,12.365296364,0.280710250,0.622927785,8.120038033,3.900464058,-4.133694649,-23.933156967,-1.813856721,-0.076042779,6.064443111,-20.687040329,11.870440483,1.377942204,-2.383595228,-1.410294890,5.065265656,-0.576957405,1.583234906,0.134956583,-13.138670921,0.053998046,-0.820602119,-8.110879898,0.680504560,-3.585866213,-0.271154970
216,4319.991,1786752450835.180,29408757.580,0.000000000,1.075871468,7.276150227,-0.444707006,-4.412302494,-0.462188154,0.229655579,-14.718565941,10.606463432,-11.612200737,-10.601990700,-0.980488777,0.286882401,-24.960342407,3.028840780,16.942413330,-3.526856184,-1.048340440,-1.351736665,1.983902931,0.307653338,1.856550336,0.188440099,-11.567493439,-4.225450993,-2.610501766,-8.053624153,0.566106260,-3.879607201,-1.437642694
217,4339.989,1786752450855.178,29408777.578,0.000000000,-7.210321903,10.007045746,7.643551826,-0.031356130,-3.867478371,2.572509766,-3.614034176,4.169892788,-8.835688591,-3.661288738,-7.986996174,-5.445387840,-19.759157181,10.345560074,14.299271584,-6.111553669,-0.970233738,-2.220353603,-0.045793232,0.297262102,1.502040982,-0.438200146,-7.382580757,-4.718946457,-3.043036699,-5.371057987,0.597680449,-3.008520603,-1.750422955
218,4359.988,1786752450875.177,29408797.577,0.000000000,-13.987069130,0.246242777,8.282729149,0.955681086,-0.752152085,-0.163848728,17.278505325,-1.955810905,-0.062817723,16.727165222,-1.602350473,-1.080362082,20.720464706,-7.733859062,-0.576039374,0.485213757,-3.826287985,-1.807659626,3.060981035,2.886426926,0.834747136,2.201034307,-2.298269987,-2.926093340,-1.849352360,-1.118561268,-0.389894038,-1.052222967,-0.475753605
219,4379.988,1786752450895.177,29408817.577,0.000000000,-17.104135513,-6.092998505,4.162410736,15.417367935,0.927920043,-0.667896748,39.605674744,-7.974408627,-1.244026780,47.795223236,0.418723613,-0.434002399,43.398509979,-35.354923248,-9.953269005,8.471466064,10.728766441,-4.300504684,3.982613087,0.522184849,-1.617663383,-1.344771147,-5.053228855,0.422123194,0.991825342,1.731192470,-0.480578601,1.325955033,1.070245981
220,4399.987,1786752450915.177,29408837.577,0.000000000,-8.730176926,2.580816984,-13.640096664,10.402502060,0.676845133,-0.033585630,61.518863678,-12.427460670,3.814117908,31.930002213,2.741444111,-0.139301717,50.743942261,-47.243194580,-2.075024128,14.312872887,21.791662216,-4.100342274,4.647485256,-0.161039025,0.571757197,-2.030080795,-11.260986328,-0.787887275,0.873812437,-2.341764927,-0.531623244,0.510775626,0.762647569
221,4419.987,1786752450935.177,29408857.577,0.000000000,-27.425605774,63.126140594,-15.537199020,15.691988945,10.349011421,-0.578249097,75.120040894,-35.233272552,0.440559298,83.600288391,9.956228256,0.068506308,75.580848694,-42.723659515,23.464622498,9.763671875,20.153894424,-1.496860266,14.833303452,-4.850718498,3.893595934,3.158131361,-7.471374035,-13.841700554,-1.768893003,10.036473274,-1.719057322,-1.683219671,-1.210322618
222,4439.986,1786752450955.175,29408877.576,0.000000000,-38.452598572,7.982533932,3.344221354,-16.087787628,7.342347145,0.490374565,-11.183816910,-21.571916580,14.382118225,-36.950527191,-6.954329491,-0.766541004,24.132856369,-30.008316040,25.141040802,15.396557808,7.827893734,9.134992599,6.504877567,0.879784226,2.895500660,2.000249624,-6.922946930,-4.653872967,-0.014268279,8.769101143,-0.473795354,4.617486954,1.482633233
223,4459.987,1786752450975.176,29408897.576,0.000000000,-37.065887451,-13.078502655,-2.486861944,-23.372684479,-2.188227177,0.430054724,51.333625793,46.195125580,-46.518135071,8.183258057,-11.571537971,3.709712505,22.316247940,-4.873840332,2.007157564,16.146606445,4.047533512,7.490965843,7.326382637,0.808687210,2.963037968,2.444431782,-7.402369022,4.080277443,3.542457819,3.521233320,-0.031513128,3.638283730,1.429069638
224,4479.986,1786752450995.175,29408917.575,0.000000000,-34.952880859,-13.180246353,4.410578251,-10.149706841,-0.383755088,0.024578465,55.998168945,-11.975298882,-5.082841396,23.564395905,0.065183237,1.199882269,20.593467712,-4.054306984,-17.677377701,14.842001915,6.942065716,4.145429611,2.102898121,0.749714732,1.132730842,1.551595688,-7.017215252,8.782067299,1.389859080,-1.706552863,0.197084963,0.675700486,-0.098601475
225,4499.988,1786752451015.177,29408937.577,0.000000000,-27.287601471,-3.178547144,2.309038877,-6.603955269,-0.544846773,-0.030552173,52.216869354,-23.222187042,-6.244753838,22.907016754,3.792542458,0.508492947,22.302291870,-0.427205622,-30.181751251,13.091699600,3.231101274,0.893139422,-0.919359267,-0.322902352,-0.398991674,0.406785816,-7.644193172,8.101810455,-0.857633948,-6.338576317,0.547177136,-1.714645028,-1.244568944
226,4519.988,1786752451035.177,29408957.577,0.000000000,-18.415798187,-5.605813026,9.507026672,1.389342904,-1.411646247,-3.347619057,41.499538422,-69.164321899,28.716814041,12.631646156,4.516988277,-0.256881773,10.619183540,-11.532222748,-26.151414871,5.041985989,-0.831175387,-1.857668877,-5.062424183,-0.341650009,-1.483811855,-1.133616567,-8.426457405,5.548850536,-1.959287405,-8.495875359,0.138261721,-2.810639858,-1.264920950
227,4539.986,1786752451055.176,29408977.576,0.000000000,-8.465852737,-7.004093170,4.010488987,-3.690634727,-0.124945752,-2.760760784,27.954877853,-32.466716766,22.808673859,6.618750572,5.344551086,-0.675817430,0.197845057,-16.340181351,-22.975252151,2.064569950,-1.623226047,-1.411645651,-4.991697311,-0.405459702,-1.881808281,-1.001959324,-6.981644154,0.789997697,-1.351777911,-8.200435638,-0.318218172,-3.649507999,-0.638702989
228,4559.986,1786752451075.175,29408997.575,0.000000000,29.008970261,-35.297279358,17.873865128,11.176890373,2.019517660,-0.012304275,-49.732250214,-10.754549026,45.694694519,-108.399040222,36.197284698,-8.697815895,-24.150615692,-6.501855373,-1.620501280,-4.891965389,-7.246732235,-3.457445860,-4.501445293,-0.313994020,-0.916157007,-0.511193752,-6.826717854,-4.257157326,0.970368922,-6.750124454,1.021973729,-3.811789989,0.695473850
229,4579.986,1786752451095.175,29409017.575,0.000000000,35.868190765,-24.641511917,16.401679993,15.260077477,2.083639383,0.151155978,-53.869796753,-11.801099777,42.334903717,-139.000000000,31.993764877,-16.287624359,-35.416156769,18.190116882,4.860424519,-10.113609314,-11.222265244,-6.856270313,-5.935430527,-0.352803141,0.303202480,-1.263424158,-4.837228775,-8.402286530,0.258250445,-6.454969406,-0.462215811,-3.489627600,0.568799555
230,4599.986,1786752451115.176,29409037.576,0.000000000,10.009183884,-24.673122406,14.584280968,0.407192498,-2.513536930,-0.014383326,-44.908977509,-17.964666367,45.089870453,-123.408042908,28.073059082,-14.381494522,-53.297027588,33.155467987,4.065011501,-15.360385895,-13.518415451,-8.357584000,-12.122454643,-1.395121455,-1.094957232,-2.500646830,-1.561698079,-10.482868195,-0.813305974,-5.411808014,-0.710101664,-2.507089376,-0.552814424
231,4619.988,1786752451135.177,29409057.578,0.000000000,21.202610016,-3.479821682,8.064302444,5.530725479,0.306909204,-0.590444803,-63.480117798,3.074819565,36.327125549,-91.681663513,19.230432510,-12.105782509,-55.523067474,33.756481171,11.304249763,-20.556810379,-14.050569534,-10.046260834,-14.526827812,-0.804400384,-3.375549793,-2.929442167,1.485118508,-13.808283806,-2.229701757,-3.769945145,-0.410948187,-1.382546544,-1.565190792
232,4639.990,1786752451155.180,29409077.580,0.000000000,26.255691528,2.514081001,6.434956074,11.905420303,0.889726520,-0.348256201,-60.623626709,-0.456075966,32.135883331,-72.182662964,16.971416473,-12.420363426,-41.209117889,27.136203766,12.011826515,-22.394559860,-12.517835617,-9.758486748,-16.173048019,-1.517022133,-4.295753002,-3.362173319,2.186217546,-14.194783211,-3.737212658,-1.118659616,0.038369976,-0.269463181,-1.617418051
233,4659.995,1786752451175.184,29409097.584,0.000000000,8.608455658,2.584988832,1.799581051,3.177957296,0.633382142,-0.237456873,-34.871112823,-13.926200867,36.575054169,-62.556159973,13.974082947,-13.057239532,-26.150772095,17.652290344,9.669712067,-18.078662872,-9.215791702,-9.430713654,-14.175633430,-0.799344599,-4.708879471,-3.294069529,2.029272079,-11.646360397,-3.252607107,1.788876295,-0.055737257,1.205252409,-1.387937307
234,4679.991,1786752451195.180,29409117.580,0.000000000,-21.619085312,25.421880722,-12.286117554,-1.726714611,-0.364678562,-0.588703752,14.783245087,-40.190753937,17.207490921,13.199153900,9.679820061,-6.352899075,-12.755778313,7.407212734,-5.240312099,-12.625808716,-4.259932041,-7.220030785,-12.211040497,-0.726893663,-4.118663311,-2.870887518,3.563723087,-8.405172348,-3.187106133,1.487549901,-0.104392588,1.459867001,-1.358534217
235,4699.990,1786752451215.179,29409137.579,0.000000000,-27.619291306,35.656753540,-17.445911407,1.526275873,0.489855886,0.325838506,49.588882446,-57.326412201,-5.313949585,35.837718964,5.676527977,-0.081248738,22.610563278,-12.631515503,-15.628834724,-5.989505291,-0.623713076,-2.709271431,-7.002852917,-0.034629937,-3.627382994,-1.724612951,1.689378738,-5.232542038,-2.681254625,1.660059094,-0.075925842,1.413480401,-1.176554918
236,4719.989,1786752451235.179,29409157.579,0.000000000,-11.919390678,25.988643646,-12.283061028,5.333191395,0.966597915,0.222276598,47.480739594,-46.956935883,-1.574225068,19.571815491,3.891107798,-0.295622706,32.630382538,-26.733472824,-16.224613190,-1.315796852,1.646970868,2.456038952,-0.803753495,0.672410548,-2.241724491,-0.013293176,-2.820163727,-1.641749144,-0.693486989,1.301637650,0.307739258,1.095109582,-0.551043808
237,4739.987,1786752451255.177,29409177.577,0.000000000,16.080909729,17.446027756,-7.061869144,3.533010006,1.138099313,0.340784401,14.481288910,-19.572498322,-2.010195494,-5.023414612,-1.148023248,0.759433568,8.748706818,-25.454414368,-9.992677689,-2.238387823,-1.512264848,3.003429890,0.088423476,0.891616225,-1.209515691,0.434799671,-4.002222538,-0.197528929,0.695321202,-0.265979677,0.867136657,0.167012155,0.220462456
238,4759.989,1786752451275.178,29409197.578,0.000000000,41.039634705,-1.824925780,8.025096893,6.669939995,1.058031321,-0.087326221,-35.352558136,3.966681719,10.137772560,-29.765499115,8.681427956,-4.310945511,-21.077241898,-9.875869751,-6.421266079,-7.338111877,-1.713677526,2.789235592,-1.267863870,-0.612504303,-0.240940869,1.306255817,-3.405633450,-0.446534872,0.045076832,-3.248278856,0.104646854,-1.318906426,0.305985123
239,4779.987,1786752451295.176,29409217.576,0.000000000,27.954088211,-21.309255600,21.164402008,1.613526702,0.041975070,-0.552922428,-46.737751007,18.330505371,14.434539795,-36.668712616,16.662855148,-8.703858376,-52.352172852,8.729315758,-11.992034912,-13.438440323,-0.228523239,1.370895863,-3.772256136,-0.851046443,-0.002158523,0.722847700,1.418113589,-2.968879938,-1.208146691,-5.388718605,0.043759130,-2.649389267,-0.213021055
240,4799.988,1786752451315.177,29409237.578,0.000000000,18.794561386,-32.176219940,26.473304749,-7.125438213,-0.823103130,-0.114102565,-48.545143127,23.956207275,5.163875103,-42.067588806,23.759471893,-10.374751091,-53.680778503,16.396551132,-9.813002586,-16.254009247,0.405290693,-1.086385727,-5.015636444,-0.506643653,-0.380484164,-0.295861751,7.479002476,-6.525921822,-2.570379972,-3.802741051,-0.030051703,-2.614778280,-0.635805547
241,4819.987,1786752451335.176,29409257.576,0.000000000,23.148382187,-27.141780853,20.735719681,0.683132946,0.317634970,-0.586752415,-50.686584473,15.887131691,7.677075863,-51.099765778,40.979957581,-13.981100082,-42.381469727,19.257144928,1.136748433,-16.005290985,-1.377552271,-2.612681866,-4.642630577,-0.302943617,-0.960765719,-1.016616702,9.830998421,-9.807747841,-4.300559521,-0.427972883,0.288022190,-1.058238506,-0.947779596
242,4839.987,1786752451355.176,29409277.576,0.000000000,26.533430099,-11.947560310,27.745510101,-5.897371292,33.713119507,7.809970379,-27.197624207,9.046270370,8.322537422,-65.603134155,38.325130463,-19.781906128,-31.223793030,8.889739990,-4.764204025,-11.487847328,-2.047401190,-2.207523584,-7.092304230,0.442338020,-1.350005984,-0.880011499,10.980663300,-11.020162582,-5.188264847,2.746883869,-0.216743708,0.947321057,-1.260547161
243,4859.991,1786752451375.180,29409297.580,0.000000000,38.170074463,1.277806759,18.286006927,-1.235554576,25.478910446,2.179361820,-21.854948044,-2.428569317,-6.833750248,-57.413722992,30.998468399,-13.494368553,-14.909529686,-8.472738266,-13.824551582,-7.188783169,-5.192419052,-1.451817870,-8.104052544,0.171748072,-2.158882618,-0.399666041,12.074323654,-9.559861183,-4.826179504,3.681955814,-0.214533329,2.330292463,-1.143885612
244,4879.991,1786752451395.180,29409317.580,0.000000000,36.668212891,14.859686852,6.737033844,5.339992523,8.407314301,2.377644300,-6.965562344,-17.286592484,-11.935120583,-43.448524475,19.317728043,-11.490282059,5.359474182,-23.702659607,-13.163163185,-3.079101324,-8.688194275,-2.042242050,-7.358319283,-0.245188221,-2.264261484,-0.322325826,8.525642395,-6.135584831,-3.543631315,2.830689669,0.292991191,2.307216644,-0.570791006
245,4899.990,1786752451415.180,29409337.580,0.000000000,30.251018524,24.259040833,-2.017505407,15.546325684,6.541271687,1.336807966,7.562800407,-23.456853867,-8.781892776,-6.475176334,3.868281841,-2.899105072,15.475928307,-28.311899185,-15.626332283,-0.825879514,-9.908725739,-2.987187386,-6.361598015,-0.514156342,-2.068765163,-0.803305864,2.698823690,-2.675187111,-1.438766360,0.783519864,0.124437489,1.159056067,-0.109347574
246,4919.990,1786752451435.179,29409357.579,0.000000000,3.020605564,2.416920185,4.825719833,-10.780400276,-0.482549012,-0.152209401,36.152465820,-3.202171326,-8.206309319,36.529987335,3.313848257,0.606809855,1.978430510,-17.836734772,-27.751815796,-0.431621164,-10.637289047,-6.013278961,-4.232268810,-0.582122624,-0.993929267,-1.675745487,2.504691124,-0.885737300,1.118058324,-2.788339138,0.248370379,-1.051213384,0.108855069
247,4939.988,1786752451455.177,29409377.577,0.000000000,-1.114702106,-18.181674957,27.723403931,-57.038791656,16.728372574,4.595511913,23.447153091,11.779772758,-9.410326004,4.222043991,0.144421875,0.201250806,7.806601048,-11.178645134,-20.065610886,1.689682603,-10.522991180,-6.477258682,-1.644224524,-1.088833094,-0.004205870,-1.798619628,-2.698553085,1.943164349,3.205345392,-6.290758610,0.472561359,-2.818429232,0.773107231
248,4959.988,1786752451475.177,29409397.577,0.000000000,-2.880146980,-48.116840363,53.195953369,-108.944374084,38.180454254,9.414373398,13.097167969,34.379737854,-21.225088120,-19.339675903,-0.855539024,0.397595286,4.048503399,2.062555075,-24.123765945,3.705821037,-9.531701088,-7.954465866,-1.831620932,-0.845367134,0.870798647,-2.249349117,-4.824323177,6.885307789,4.642383575,-7.661319733,1.027698517,-3.531831026,0.920874536
249,4979.986,1786752451495.175,29409417.575,0.000000000,11.895885468,-65.085983276,46.423099518,-86.164566040,41.429107666,-3.430450678,2.656218290,44.803844452,-31.918281555,-12.486290932,-1.447363257,0.736542106,4.251084328,9.431411743,-35.324604034,4.940439224,-7.991004467,-8.183345795,-0.458056629,-0.777930617,1.579219103,-1.983453393,-6.893354893,7.302271843,5.033580780,-8.793433189,0.295366973,-4.111660480,1.154922843
250,4999.989,1786752451515.178,29409437.578,0.000000000,30.617008209,-25.580377579,20.488414764,-5.191616058,32.108684540,-8.045140266,-8.019142151,9.814253807,-11.720396996,-19.322092056,-1.431634545,0.454335243,8.786108971,5.423855782,-31.714498520,4.062039852,-4.023074150,-4.830906391,0.797170997,0.137737393,1.442239046,-0.807042062,-7.446242332,3.430150270,1.757186651,-9.055026054,0.059747986,-4.190862656,0.758484602
251,5019.988,1786752451535.177,29409457.577,0.000000000,21.801059723,41.487083435,-33.876327515,40.210842133,4.691153526,1.783821940,-12.700730324,-32.239101410,22.022647858,-9.967596054,1.238753676,-0.620777190,-6.646953106,2.096976757,-13.189693451,-1.785104513,0.935411692,-1.451090813,1.177327514,0.368684441,0.734578192,0.341734946,-8.298805237,0.113394290,-1.926184416,-7.833824635,0.469039142,-3.469166517,-0.312575072
252,5039.988,1786752451555.177,29409477.577,0.000000000,1.942827344,42.307960510,-24.210561752,-11.551556587,-1.842482448,0.900380969,-19.174789429,-46.368812561,31.794837952,-22.842554092,13.867519379,-4.043424129,-27.634027481,17.762689590,0.097481862,-5.446549416,1.462728500,-1.156365871,2.790236473,0.997566223,0.875081599,0.536721408,-4.301585197,-3.515016794,-2.125558853,-4.181671619,0.300125599,-2.978062630,-0.865620315
253,5059.987,1786752451575.176,29409497.576,0.000000000,-9.772523880,5.362429142,13.361627579,-50.556053162,-2.738947392,-0.301270992,-22.979906082,-20.833522797,3.191524982,-62.921829224,-11.553837776,-15.364680290,-24.187412262,29.505231857,12.080908775,-5.849608421,-0.157577604,-0.466735989,0.430402637,0.891975164,1.147619963,0.151033446,1.379466891,-3.341812134,-1.274134874,-3.040539742,-0.168813929,-1.908306718,-0.695062459
254,5079.990,1786752451595.179,29409517.580,0.000000000,-8.048675537,-29.129577637,36.077465057,-19.588539124,-0.850851476,-1.292976022,-20.894172668,-1.400709271,-4.931743622,-86.317687988,-24.031459808,-8.737141609,10.346571922,22.437486649,8.793824196,2.443140268,-2.138396263,-0.817192912,-0.864289939,0.088810734,0.017460834,0.203528687,2.529018402,-1.101518631,0.553523779,-0.568118632,-0.232425973,-0.695556641,-0.219426304
255,5099.986,1786752451615.175,29409537.575,0.000000000,-6.556372643,-29.081302643,12.077357292,-23.900171280,13.319890022,2.372579098,31.980394363,9.630861282,0.473285288,19.962335587,-0.613102794,-4.308078289,36.243289948,9.398865700,-8.679092407,10.680238724,-5.369195461,-1.828057408,-3.500248671,-0.024662202,-1.041405678,0.272979021,-1.695717931,3.255477667,2.772582293,0.025472943,-0.252623349,0.277592659,0.517785430
256,5119.985,1786752451635.174,29409557.574,0.000000000,-28.961153030,-22.248878479,-4.262444019,-63.920524597,20.252788544,7.193727493,69.823913574,1.879806399,2.333532810,47.930545807,4.837455273,-0.000188862,46.005691528,-3.124269247,-30.192163467,12.753058434,-7.202488422,-2.963798046,-5.609187126,0.441946805,-2.157013416,-0.292268485,-5.650417328,5.218220234,4.075304985,-3.483156681,-0.476997614,-0.452657819,1.044125795
257,5139.990,1786752451655.179,29409577.579,0.000000000,-14.007611275,-22.300224304,5.365318775,-38.071376801,4.151382446,11.116209030,51.321395874,-2.780861378,3.322290659,-4.521936893,-0.783160627,-0.123956077,53.735034943,-16.291500092,-32.248268127,11.532977104,-4.668743134,-1.082582712,-3.123419523,-0.893174112,-1.687590599,-0.251579046,-11.605801582,4.892445564,4.682686806,-6.368074417,-0.099093854,-1.214259505,1.270755410
258,5159.988,1786752451675.177,29409597.577,0.000000000,13.759712219,-1.617191195,5.572854519,17.569902420,4.642048359,1.954582691,3.963850975,1.153366327,-16.032844543,-22.060626984,-1.715063572,0.440290421,23.763843536,-18.646913528,-13.588635445,4.232503891,0.001618052,0.268206894,-0.426913679,-1.156548977,-0.440948546,0.049730252,-13.740665436,2.412452936,2.084919691,-8.939779282,-0.043514993,-2.709506273,0.798057795
259,5179.989,1786752451695.178,29409617.578,0.000000000,16.553247452,7.541408539,1.623126507,8.375597954,0.305194885,-0.153375998,-24.197004318,12.000123978,-19.720376968,-3.181644201,-0.453163952,0.835204005,-14.421979904,-4.412455559,4.487746716,-4.174759865,1.210386157,-0.846000254,0.589288294,-0.068533987,0.704113543,-0.272680342,-10.096877098,-1.762753367,-2.987399340,-7.080441952,-0.002040490,-3.294509411,-0.672293186
260,5199.986,1786752451715.175,29409637.575,0.000000000,-5.631510735,-7.372540474,14.013614655,-27.368223190,-2.958706856,-0.497635990,-36.171905518,20.377048492,-19.892276764,-11.381687164,-2.452852011,1.021376729,-25.266588211,12.583342552,23.473220825,-9.595147133,0.948526978,-0.308016151,-0.511234045,0.603842199,0.909770191,-0.677513957,-6.715731621,-6.390204906,-5.933643341,-4.705493450,-0.295793235,-2.347601175,-1.339021921
261,5219.987,1786752451735.176,29409657.576,0.000000000,-9.653677940,6.267833710,27.771383286,-36.481697083,-8.334606171,2.707755327,-42.975681305,1.792397380,-38.846084595,-88.190719604,-21.225940704,-5.622773170,-4.642212868,12.059056282,28.913990021,-7.932806969,3.336115360,1.039775491,-0.675616741,0.599403977,0.170498341,-0.274335802,-4.890577793,-8.579641342,-5.285461903,-1.510750890,0.270156801,-0.834338069,-1.170813799
262,5239.988,1786752451755.177,29409677.577,0.000000000,-7.426334381,15.483149529,15.753275871,-17.376073837,-8.078879356,4.411641598,-29.525079727,-19.049406052,-21.068237305,-139.000000000,-28.314588547,-3.240627289,18.177425385,-7.084216118,20.576658249,-1.025280595,2.988908291,2.044654608,-1.333857894,0.545989573,-1.043176770,0.566034436,-4.813143253,-7.720273495,-4.731953621,-0.254245251,-0.008823173,0.257181942,-0.429749459
263,5259.986,1786752451775.175,29409697.575,0.000000000,-5.896157265,9.333703995,-5.318231106,5.750470638,-0.858448386,0.927605212,-12.578859329,-8.737866402,-3.352620840,-139.000000000,-32.694225311,0.030510781,23.621021271,-16.885499954,9.913890839,4.971560001,4.910489082,3.811495543,-0.124307163,0.545992136,-1.221808195,1.325963974,-5.995210648,-7.232771873,-3.609308243,-0.264088780,0.044507265,0.318700910,0.100253105
264,5279.986,1786752451795.175,29409717.575,0.000000000,-0.595306873,2.221247673,-6.884099007,14.001690865,1.153847337,0.596709669,-8.916096687,-3.547440290,8.857996941,-139.000000000,-33.273303986,-0.151827663,16.468732834,-18.661846161,4.616467953,5.365891933,7.404432297,3.994251251,-0.028993350,0.168686002,-0.714367270,1.441726565,-5.454443932,-7.379169464,-3.690309525,-1.190685630,0.384759694,0.003943540,-0.180149958
265,5299.986,1786752451815.176,29409737.576,0.000000000,8.866207123,-19.853879929,6.468775749,-15.063973427,1.131868005,-0.682893872,24.665760040,29.201383591,5.370341301,58.226329803,2.908713579,-0.860953629,-12.131663322,-0.755144119,-19.357147217,-0.480485827,3.719736099,1.777874947,0.708662689,1.404878139,0.552926242,0.810537159,-3.475641012,-7.445668221,-4.632452965,-2.508003235,0.505875230,-1.099472404,-1.091598630
266,5319.991,1786752451835.180,29409757.580,0.000000000,-2.049260139,-19.225442886,31.274314880,-23.601902008,-1.954007745,-1.138927221,26.995559692,10.004299164,-3.913753986,33.132625580,3.224658489,-0.020609315,2.354413748,-0.073281586,-19.784915924,-2.328206778,0.459441304,0.425233126,2.694230318,0.033494432,0.951978147,0.181341305,-2.614912748,-6.772215843,-4.291252613,-2.318893909,-0.204275161,-1.106085539,-1.879139781
267,5339.989,1786752451855.178,29409777.579,0.000000000,6.328422546,-16.314905167,20.278455734,3.487688541,-1.356346607,-0.598107338,5.366679668,8.689404488,-10.499939919,-16.553869247,-2.160223484,0.160423517,13.331847191,-8.844664574,-14.505367279,0.739340305,-3.179975033,0.212281778,3.065902233,-0.770720065,0.754908323,-0.048443668,-3.039548635,-3.199088812,-2.402509212,-1.719612598,0.195522472,-0.615044713,-1.269550800
268,5359.989,1786752451875.178,29409797.578,0.000000000,0.336877882,5.032737255,0.120620072,17.299058914,-2.868861437,1.109149456,4.871894836,4.216546535,-7.878189564,-7.910342693,-0.670530856,0.076120369,17.736593246,-16.918304443,-0.470566392,2.026254177,-2.612098217,-0.324657679,1.254159093,-0.587514043,0.228268772,0.036140002,-5.664865017,-1.694264412,-2.012517691,-0.815628171,-0.147720963,-0.150971830,-0.417918473
269,5379.987,1786752451895.176,29409817.576,0.000000000,-5.153580666,9.775350571,-0.986079335,14.049201965,-0.343164444,0.795075536,3.283604145,-0.402791828,-5.929793358,-0.880534828,0.029963588,0.060588226,3.563018084,-15.797410011,9.045976639,0.085927725,-1.786818027,-1.361910582,-1.360818148,-0.220354095,-0.146374181,-0.398443818,-6.073842525,-1.995991230,-2.087683916,-1.644083738,-0.052499741,-0.323128581,-0.467601240
270,5399.988,1786752451915.177,29409837.578,0.000000000,-4.269933701,9.044797897,-2.492246866,7.948646069,0.118298203,0.357400119,-1.510417104,-0.292570323,-1.400537252,-3.340323925,-0.094728746,-0.079928376,-5.519121170,-11.468513489,9.783533096,-3.143854380,-3.269575834,-1.575626373,-2.503917694,-0.372865409,-0.415351719,-0.702501833,-5.023287296,-2.182056904,-2.335842133,-2.663515806,0.003731405,-0.904244244,-0.887784302
271,5419.988,1786752451935.177,29409857.577,0.000000000,-3.172482967,10.130328178,-5.225169182,3.771499634,0.583437920,0.153275579,-0.171786353,-2.233523607,-0.571307957,-0.283845931,0.233566582,-0.162455440,-4.257144928,-10.680315018,8.021743774,-3.356272221,-4.681815147,-1.757973075,-1.701552987,-0.254711151,-0.447875500,-0.573255539,-3.657496691,-2.336927176,-2.606912136,-1.761361837,-0.220346615,-0.967330337,-0.940596759
272,5439.987,1786752451955.176,29409877.576,0.000000000,-5.870278835,9.300884247,-4.091821671,2.432671309,0.427826822,0.176809669,10.711833954,-3.955082893,1.038643479,9.871018410,-9.462004662,-0.948494375,-4.913115025,-8.594907761,5.799529076,-2.521820784,-4.523054123,-0.074539557,6.529801846,1.418293357,3.703099489,2.945802689,-2.755002022,-2.427760839,-1.949363470,-1.427667499,-0.046228584,-0.858977437,-0.672012627
273,5459.989,1786752451975.178,29409897.578,0.000000000,-14.362383842,11.450371742,-0.699985921,2.140315294,-0.062680118,-0.035142142,16.406099319,-8.478057861,7.344610214,27.807998657,-4.254824162,0.927725255,2.313686132,-18.344573975,-0.396115005,5.412790298,5.397045612,1.353487611,9.371041298,0.230940253,1.724578142,0.596128106,-1.041618109,0.439456373,-0.597300470,1.777616978,0.199210957,-0.792705774,-0.569724023
274,5479.988,1786752451995.177,29409917.577,0.000000000,-10.596979141,11.155728340,-12.878837585,21.597425461,1.473908305,-1.185231090,51.962306976,-10.047599792,3.933078051,39.124626160,1.717523575,0.400426030,41.972625732,-33.688686371,0.908182502,16.184656143,17.367160797,-0.732684493,2.142506123,0.366033792,-0.344075620,-1.849097729,0.535181701,2.027078867,0.659946442,2.517694473,-0.239514872,0.688380480,0.061351333
275,5499.988,1786752452015.177,29409937.577,0.000000000,-37.596897125,63.542011261,-23.558919907,29.415466309,20.032674789,4.864896297,59.612232208,-36.793575287,-1.412573099,54.577854156,29.372594833,3.241520882,55.441192627,-33.078899384,11.536706924,19.648279190,16.205257416,1.519228578,12.739951134,-1.301217675,4.270114422,1.029756427,-2.500468016,-10.877079964,2.005389452,9.495818138,-0.883333981,2.111490965,0.409105062
276,5519.986,1786752452035.175,29409957.575,0.000000000,-55.840728760,20.879013062,-4.796180725,-7.359636784,9.635815620,0.114287466,18.852840424,-40.125869751,33.484115601,-136.903915405,-8.090124130,-0.719649732,43.975219727,-37.987957001,11.096366882,24.652643204,7.366180420,8.505189896,5.492850304,0.896421373,3.193447113,1.813887954,-5.617725849,-2.018101454,-0.169537246,8.851104736,0.259104431,4.110114098,2.420324802
277,5539.988,1786752452055.177,29409977.577,0.000000000,-23.516965866,16.361717224,-22.130968094,-15.440438271,-2.507050514,0.847680926,23.605537415,19.112375259,-25.198963165,22.002939224,3.805130243,0.123204231,36.741836548,-12.308181763,16.034900665,21.455356598,6.319589615,8.268812180,8.277903557,0.440954626,2.307062626,3.088931799,-12.651968002,4.561713219,0.932209313,4.105047226,0.199915573,3.530181646,1.493818045
278,5559.989,1786752452075.178,29409997.578,0.000000000,-32.178428650,-18.027149200,2.071391344,-31.963388443,-2.352154255,0.290440410,40.719791412,0.494332105,-26.463075638,22.798063278,-3.897560358,-2.272574186,-23.726404190,21.236911774,-10.546116829,12.415995598,7.788292885,6.798478603,5.282643318,1.520426989,3.091011286,1.794001341,-10.016729355,6.630824566,0.775523126,-3.929537773,-0.308022588,0.340845048,-0.331054926
279,5579.987,1786752452095.177,29410017.577,0.000000000,-37.291465759,-34.063148499,26.797868729,-12.820833206,-2.004394531,-0.726545393,42.961669922,-17.255186081,-18.122249603,34.282505035,3.676596165,5.518749714,8.287857056,22.619924545,-29.582469940,8.152493477,2.388695478,-0.214712411,-0.016703960,0.006744841,1.538396716,0.011063986,-7.689877510,8.238271713,-2.105154991,-9.075068474,0.556402981,-3.435040951,-2.255062819
280,5599.989,1786752452115.178,29410037.578,0.000000000,-33.849437714,-25.823656082,22.888120651,-4.517184258,-1.221101165,-0.800546348,36.607700348,-37.213012695,14.212815285,5.643391609,1.874647260,-0.536496878,27.498403549,1.683402419,-35.752861023,5.083979607,-5.921399593,-3.788872480,-6.362033367,-0.632874370,-2.047542095,-1.192921281,-10.061352730,5.053411484,-1.916479111,-7.605318069,0.277680665,-3.457299709,-1.479335189
281,5619.988,1786752452135.177,29410057.577,0.000000000,-3.862165451,-12.933024406,3.953029871,2.340843201,0.208465055,-0.683645129,22.149997711,-23.968990326,15.769207954,-2.833951235,-0.394336790,-0.656881332,21.689685822,-19.711324692,-28.078325272,2.863647938,-7.359166145,-4.364417076,-7.312477589,-0.922043264,-3.358546257,-1.325372815,-10.952897072,1.205784559,-1.463000894,-7.763489246,-0.117034003,-3.179541826,-0.626151919
282,5639.988,1786752452155.177,29410077.577,0.000000000,26.423217773,17.837142944,5.711929321,1.626021743,-0.423656315,-0.043315321,-34.346179962,-4.394238949,12.310159683,-18.181127548,12.558635712,-6.715955257,-88.000000000,-0.471189052,-1.072196841,-14.458739281,0.687102079,-4.348767757,-4.771876812,-0.329605401,-1.949255228,-1.995164037,-3.037247896,-14.093304634,-1.477740884,-9.297473907,0.581812739,-3.896963596,-1.625785589
283,5659.991,1786752452175.180,29410097.580,0.000000000,63.323051453,22.402120590,4.034656048,29.587041855,1.347911835,0.059812848,-82.404434204,5.403354168,18.964803696,-25.892021179,7.015504360,-0.962356806,-83.430435181,4.535207748,22.145706177,-25.000000000,-5.094140530,-7.760143280,-5.986773014,0.132499039,-0.539469481,-2.994979858,8.319153786,-18.453773499,-3.521149874,-4.024620056,0.459219784,-3.302635193,-2.929361820
284,5679.987,1786752452195.176,29410117.576,0.000000000,69.787590027,28.854990005,-9.550653458,24.415393829,1.769116640,0.637938797,-88.000000000,-12.119680405,17.700454712,-89.717338562,29.566820145,-2.204352856,-49.739330292,-9.187378883,18.964818954,-25.000000000,-13.851362228,-11.242127419,-12.016912460,-1.641709805,-1.674150705,-3.571165800,15.457237244,-13.797445297,-4.436627865,3.039365292,0.237107366,0.081443593,-2.318705320
285,5699.988,1786752452215.177,29410137.578,0.000000000,57.360801697,20.548612595,2.523884773,18.315948486,0.651308119,0.034859050,-70.367881775,-16.402851105,9.000725746,-111.706253052,44.636638641,-4.574378014,-41.564376831,-18.034738541,4.551743507,-25.000000000,-14.634167671,-9.727532387,-18.128927231,-0.189031765,-5.000000000,-3.158136368,16.740379333,-11.446390152,-2.677414417,5.258944035,-1.477804184,2.214831591,-1.424651504
286,5719.990,1786752452235.179,29410157.579,0.000000000,33.182933807,9.353997231,12.694050789,17.052898407,0.229976892,-0.303939641,-35.363441467,-17.876104355,17.616212845,-90.473724365,50.000000000,-8.963128090,-36.128925323,-16.423744202,-5.756057739,-25.000000000,-6.341776848,-4.984505177,-19.042860031,0.306388259,-5.000000000,-2.329037428,13.113192558,-13.285677910,-3.684458494,5.275343895,-1.336314797,2.964413404,-1.000205636
287,5739.988,1786752452255.177,29410177.577,0.000000000,-3.764379978,5.593585014,7.334737778,9.816347122,0.120245934,-0.189043209,1.035209298,-33.192806244,40.925228119,-69.882339478,50.000000000,-11.581994057,-23.430221558,-3.644164085,-11.243632317,-25.000000000,3.375681639,1.604723454,-17.144777298,1.097404003,-5.000000000,-1.023130298,7.159111023,-12.958588600,-4.646520138,4.053992271,0.124881834,3.189352036,-0.641321063
288,5759.989,1786752452275.178,29410197.578,0.000000000,-32.244262695,12.880105972,-5.535756588,-0.639078557,-0.576409578,-0.029023889,32.086498260,-45.717441559,58.117931366,-83.787048340,50.000000000,-15.598772049,-4.256986618,6.053405285,-16.134250641,-23.065891266,9.012224197,7.210633278,-14.467361450,1.419601440,-5.000000000,0.708273888,-1.931311727,-8.627082825,-3.162990093,1.109307289,1.285495281,2.194468498,-0.275834620
289,5779.986,1786752452295.176,29410217.576,0.000000000,-38.097663879,16.457515717,-14.514961243,-1.415195107,-0.082271099,-0.252167732,42.277683258,-64.081214905,74.757949829,-83.925346375,50.000000000,-18.520002365,-0.667086899,8.078057289,-19.259510040,-11.599905014,11.371980667,8.708088875,-11.298803329,1.397162914,-5.000000000,1.839352608,-8.102277756,-1.728654027,0.743601859,-2.295412064,1.533583879,0.203336984,-0.132969424
290,5799.986,1786752452315.175,29410237.576,0.000000000,-37.970516205,19.682092667,-24.426233292,2.002326012,-0.164132386,0.203442350,39.535064697,-80.425834656,78.838027954,-68.349365234,50.000000000,-18.890529633,0.568589211,2.541879177,-17.555543900,-4.579412937,12.658075333,8.599822998,-8.029425621,1.480314255,-5.000000000,2.060541391,-10.360235214,3.896910667,2.286564589,-6.331276417,0.462352902,-2.181204796,0.196808830
291,5819.988,1786752452335.177,29410257.577,0.000000000,-36.214298248,22.743383408,-24.120206833,-4.174087048,-0.548270822,0.530686140,41.202857971,-64.707092285,59.611351013,-58.029369354,50.000000000,-25.503402710,5.149451733,0.360380799,-11.102705956,-2.599240541,12.277833939,7.565595627,-4.407423496,1.320534706,-5.000000000,1.782599688,-11.039196014,6.592077732,3.234218121,-8.884867668,0.025419610,-3.589053154,0.210039124
292,5839.990,1786752452355.179,29410277.580,0.000000000,-35.306766510,11.006944656,-20.979724884,-3.161748409,-0.598509550,0.458583325,26.092588425,-54.368354797,38.934734344,-42.093742371,50.000000000,-18.927286148,11.938298225,-6.132221699,-2.980454445,-6.929734707,6.358516693,12.314307213,-2.607657194,-3.597368240,-5.000000000,3.689892769,-11.007941246,5.351572514,2.044170856,-9.293457031,-0.159296811,-3.983957052,0.037921783
293,5859.989,1786752452375.179,29410297.579,0.000000000,-27.720710754,3.659283876,-13.061899185,-3.103205442,-0.406294882,0.367886126,18.606847763,-32.129993439,24.140733719,-32.227401733,50.000000000,-17.006576538,13.778568268,-9.030384064,1.435050607,-11.049406052,2.958497763,9.730644226,-4.642738342,-0.525278687,-5.000000000,2.837860107,-10.977079391,4.063621998,1.229202867,-7.827363968,-0.143477798,-3.258080006,0.063192956
294,5879.988,1786752452395.178,29410317.578,0.000000000,-12.740281105,-0.577953935,-4.871325493,-2.242508650,0.194131196,0.368779480,7.295161247,-15.197976112,5.752426624,-25.458332062,50.000000000,-13.784077644,12.033820152,-12.917717934,2.038414955,-12.311048508,-0.496073127,4.937553883,-7.753816605,0.234808102,-2.787534237,1.721702933,-10.423530579,2.497807741,0.701148450,-6.537117004,-0.144867763,-2.425138474,0.179575711
295,5899.989,1786752452415.178,29410337.578,0.000000000,-1.000002265,-6.511886597,3.847460747,-1.150584817,0.156732857,0.133524135,2.091957569,5.392193794,-8.995255470,-30.144313812,46.632877350,-12.863224030,9.647153854,-18.313287735,-1.678941250,-10.421870232,-2.861593246,0.103830792,-8.523679733,-0.497153521,-2.633387804,0.311380655,-8.873052597,2.519976854,0.333932400,-5.222368717,0.274075210,-1.895374656,0.204460263
296,5919.988,1786752452435.177,29410357.577,0.000000000,12.875817299,-9.558543205,8.632654190,0.001807546,0.331794649,-0.001521150,-3.598866224,23.348978043,-21.933811188,-24.700618744,30.019693375,-8.428500175,5.769745827,-20.176929474,-5.261002541,-6.519053459,-4.296320438,-3.071102381,-6.637781143,-1.000560403,-2.308440685,-0.769032180,-6.273115635,2.332668066,0.119258523,-4.677064419,0.170131624,-1.711470604,0.119607456
297,5939.988,1786752452455.177,29410377.577,0.000000000,19.512537003,-11.670365334,14.717129707,1.720947742,-0.109233744,-0.489387780,-4.614310265,35.690689087,-31.578252792,-7.329041481,4.326099873,0.130138919,0.158688873,-15.689342499,-9.205618858,-2.756022215,-5.719381809,-5.230370522,-4.661915779,-0.776485205,-1.403996587,-1.386053562,-3.283391476,1.735223770,-0.259825528,-3.923124313,0.090557858,-1.561854005,-0.067628168
298,5959.987,1786752452475.176,29410397.576,0.000000000,16.692085266,-12.962144852,20.236467361,-7.722476482,13.241979599,4.260823250,6.575047493,30.894863129,-19.658376694,5.288410664,-2.805655479,1.125487685,-6.596154690,-6.825783253,-16.952249527,1.256708384,-7.182977200,-5.911744118,-2.453174591,-0.544217288,-0.472194344,-1.586150765,0.136583909,0.808134079,-0.095129699,-2.791741848,0.169480756,-1.266200066,-0.327392310
299,5979.985,1786752452495.175,29410417.575,0.000000000,26.850393295,-20.977296829,34.277954102,-35.423374176,50.000000000,9.437306404,5.975119591,30.998220444,-14.342626572,1.276389718,-0.743536413,0.408392251,-12.173820496,6.288111687,-28.682550430,4.758082867,-6.480684757,-5.319919586,-1.450034976,0.189711705,0.540449560,-1.669410348,2.973092794,-2.351191998,-0.224628851,-2.162483692,0.491488099,-0.947836995,-0.164683953
300,5999.986,1786752452515.175,29410437.575,0.000000000,34.277259827,-34.150676727,42.121509552,-26.082958221,50.000000000,9.687204361,1.488971710,38.134532928,-20.607110977,-0.050036795,-0.712353170,0.143428743,-11.329721451,12.139328003,-30.130603790,7.344431877,-3.979486942,-4.032755375,-0.450250417,0.480452806,0.873086989,-1.189447284,2.826845884,-4.619811535,-1.559694290,-1.005249977,0.127801999,-0.662083447,-0.103234462
301,6019.987,1786752452535.176,29410457.577,0.000000000,31.219545364,-19.753381729,29.451478958,-10.994482994,50.000000000,2.238271236,3.229554415,17.762681961,-8.738080978,-0.388882965,0.112478010,0.278342336,-5.457921028,16.379768372,-26.359962463,7.751957893,-1.356717944,-2.240095854,1.195786119,0.472519219,0.973710597,-0.733542621,1.204549670,-7.180306435,-4.030602455,-0.239695832,-0.257592380,-0.415839911,-0.425470382
302,6039.986,1786752452555.176,29410477.576,0.000000000,36.124641418,14.858299255,1.201385140,-11.017395973,50.000000000,-3.816386461,-5.026552677,-17.941982269,-4.443157196,-16.674690247,-4.305116177,-1.334034562,4.620312214,11.655225754,-25.242393494,6.263333797,2.261529207,0.440711230,0.439919531,0.039965495,0.671413600,0.033016272,-1.410559177,-8.886539459,-6.015905857,-0.551259816,0.103744529,-0.179506972,-1.050489426
303,6059.987,1786752452575.176,29410497.576,0.000000000,17.358797073,50.310047150,-55.565303802,-3.872895002,1.232232094,1.582638502,0.511803925,-50.337165833,15.569682121,-28.338167191,7.911157608,-7.776173592,13.767885208,-12.578874588,-18.621952057,3.191817045,5.933113575,2.654123068,-0.814300239,0.095488586,0.055586103,0.858180702,-4.967492580,-7.814567089,-5.452580929,-1.440739155,0.491634220,-0.214667171,-1.252903104
304,6079.996,1786752452595.186,29410517.586,0.000000000,-0.186232433,35.655044556,-33.291904449,-17.174207687,-2.453626156,0.464617819,13.332749367,-35.780914307,12.822398186,-20.377044678,18.535343170,-9.630628586,4.370467186,-15.941534042,-15.542825699,0.843120396,5.236224174,3.087961197,0.190377623,0.140736714,0.044907957,0.924620032,-4.814119339,-4.604694843,-3.365746498,-2.693980455,0.483878195,-0.837103367,-1.046015143
305,6099.990,1786752452615.179,29410537.579,0.000000000,7.955166817,-9.603133202,14.323348045,-21.256731033,-1.809466600,-0.412609160,3.098127365,25.267036438,-21.438859940,17.239568710,3.273288965,0.875421882,-3.158635616,-3.613986254,-9.933458328,0.487113148,0.512908876,1.657464385,0.148353249,-0.236841172,0.111454546,0.579756081,-3.651952028,-4.444895267,-2.624204636,-3.330229044,0.574713111,-1.382176518,-0.899385035
306,6119.991,1786752452635.180,29410557.580,0.000000000,2.039723635,-34.168636322,44.100685120,-7.354681015,-0.041422993,-1.038103580,13.088822365,29.632408142,-16.659824371,17.770513535,-1.198315978,0.960628748,1.570074320,12.563551903,-6.699194431,3.743318081,-3.014766932,-0.818465114,0.590852618,-0.412851632,0.002534058,0.068663120,-4.543805122,-5.819059372,-3.864531517,-3.467898130,0.107699513,-1.036946177,-1.339286685
307,6139.991,1786752452655.180,29410577.580,0.000000000,-17.397674561,-36.726779938,52.273036957,-87.996200562,23.403879166,7.210897446,25.370792389,19.331476212,-11.112639427,10.079730988,0.197120026,0.042690389,12.036794662,21.647558212,-7.933937073,7.629035473,-4.058569908,-2.219268799,1.792896628,-0.415951490,0.336166471,-0.285386831,-6.026593685,-6.263429165,-3.918333769,-2.860146523,-0.110546485,-0.854759872,-1.344162345
308,6159.988,1786752452675.177,29410597.577,0.000000000,-27.334617615,-46.304016113,53.583118439,-132.841064453,31.492273331,9.291541100,19.761404037,27.155408859,-22.007062912,11.470834732,2.763037682,0.680686355,13.338685036,29.375974655,-7.594272137,6.897619247,-3.371391535,-1.930431008,-0.205682412,-0.219768897,0.406284273,-0.514904141,-7.995636940,-5.201236248,-4.074042797,-3.173671246,0.151689470,-0.765781999,-0.919149041
309,6179.987,1786752452695.176,29410617.576,0.000000000,-0.559691370,-37.214195251,31.614156723,-124.378089905,37.561019897,10.617413521,-3.810072184,30.008644104,-33.884914398,0.786229014,-0.430219918,0.826084793,12.279885292,32.070884705,-14.857953072,5.039541245,-1.871785879,-1.161577821,-1.376059294,-0.323400766,0.185900390,-0.497472495,-9.675846100,-4.965325832,-4.528638840,-2.615431070,0.210332930,-1.014600515,-0.594685853
310,6199.987,1786752452715.176,29410637.576,0.000000000,23.007863998,-13.915413857,0.332728207,-56.839530945,29.148418427,10.309569359,-21.849342346,-0.854034781,-30.615167618,-3.914945364,1.376199841,1.797463655,16.146968842,22.807683945,-14.146884918,1.646507859,0.867883921,-0.155954406,-3.508632421,-0.684213459,-0.697728693,-0.204415098,-11.211561203,-4.673017025,-5.771909714,-3.493303776,0.293881923,-1.192407131,-0.768565476
311,6219.990,1786752452735.179,29410657.579,0.000000000,41.880352020,31.448213577,-41.160114288,32.913761139,12.839412689,6.095769882,-32.824806213,-13.772404671,-30.277786255,-9.034326553,0.942598760,1.059767962,15.104934692,-5.005639076,-5.852901459,-4.436357021,6.057083607,2.238390684,-5.407989025,-0.381033123,-1.662474990,0.472413719,-13.358498573,-3.106931686,-5.173450470,-3.885164022,0.576473773,-0.982378364,-0.599950671
312,6239.989,1786752452755.178,29410677.579,0.000000000,24.896026611,44.046615601,-41.814651489,6.841700554,-2.233723879,0.929321408,-37.690399170,-25.508586884,-10.194469452,-56.653469086,-1.884146690,0.240582198,7.728477478,-17.107263565,-3.207870722,-7.430661201,10.317258835,3.812451363,-2.862090111,0.838108957,-1.376333594,1.094468594,-10.602563858,-2.363360405,-3.035828352,-2.345988512,0.980017364,-1.018477678,-0.258895427
313,6259.989,1786752452775.178,29410697.578,0.000000000,7.561583996,5.647011280,4.235491276,-29.472009659,-1.490669370,-0.360088855,-26.018192291,7.775511265,-12.148973465,-90.312454224,-23.949975967,-9.589188576,-7.966133118,-5.923821926,-4.531641006,-6.382358551,8.612051010,5.753523350,-0.709024847,1.015566707,-0.567671001,1.207291842,-4.503061771,-2.693986177,-1.846933246,-2.444095612,-0.061278522,-1.222731948,-0.001433984
314,6279.990,1786752452795.179,29410717.580,0.000000000,-2.101847410,-33.052986145,41.107208252,-11.993967056,-0.927094340,-1.238737226,-12.842014313,39.269470215,-22.154045105,-27.538124084,-11.651268959,-4.027052879,-11.062688828,8.817336082,2.370418072,-4.120043278,4.276512623,3.849801064,-0.014924413,0.432975799,-0.122939937,1.015066266,-0.265765488,-5.402008533,-2.257536411,-1.942005754,0.111231647,-1.156841278,-0.362587094
315,6299.987,1786752452815.177,29410737.577,0.000000000,-10.296755791,-39.523933411,78.721740723,-27.411499023,29.530994415,2.090176344,19.798664093,45.966102600,-30.200496674,38.963142395,3.883802414,0.794615626,-9.026874542,20.597970963,-6.014669895,-1.327820301,-2.609886408,-0.115881458,-1.460601926,0.207224742,-0.307306588,0.112375125,1.867907286,-5.917725086,-1.452486873,-0.417012244,0.120008551,-0.673740983,-0.264765978
316,6319.988,1786752452835.177,29410757.577,0.000000000,-36.892814636,-17.843597412,88.000000000,-109.980804443,10.710075378,11.897801399,32.787113190,15.253711700,-14.615023613,10.137995720,0.697561979,0.337762445,-12.160885811,31.962644577,-18.554683685,1.769750834,-8.405574799,-3.481762886,-2.631298304,-0.089082986,-0.452111691,-0.628824115,1.842885017,-5.382783890,-1.393588424,-1.090301752,-0.037475809,-0.581203163,-0.390197396
317,6339.986,1786752452855.176,29410777.576,0.000000000,-46.871723175,-12.624324799,81.823181152,-136.700164795,-8.244210243,9.782183647,38.013702393,-0.515956998,-5.239959240,-1.501692295,-1.257560015,0.215826809,-17.278291702,37.783069611,-23.974456787,3.627524137,-10.028558731,-4.824936867,-2.630162716,-0.626856923,-0.515756369,-0.995063841,1.637629390,-5.999272823,-1.847063780,-1.491416335,-0.146602571,-0.895760834,-0.738991141
318,6359.986,1786752452875.175,29410797.575,0.000000000,-22.369878769,-16.907529831,47.636623383,-101.891906738,-17.246299744,6.199028492,13.535340309,3.093116283,-3.567545652,4.352816582,0.223704055,0.350468040,-18.016920090,36.934020996,-22.451307297,1.266677141,-8.253163338,-5.597767830,-3.774047375,-1.302459598,-0.524327099,-1.189367294,0.622757912,-6.896636963,-3.210197210,-0.701376021,0.155844405,-0.817698300,-0.820258975
319,6379.986,1786752452895.175,29410817.575,0.000000000,22.824678421,-1.125482202,4.311285019,-8.198041916,-6.915459633,4.192073822,-31.080038071,-2.704162598,1.946300626,-22.336111069,-0.971831858,0.143591762,-23.907974243,26.279457092,-9.640918732,-5.477299213,-2.523349762,-2.987784863,-6.828085423,-0.537865579,-1.290295362,-1.178498030,-0.380439579,-6.565692425,-4.916769981,0.651509643,0.120851249,-0.089330785,-0.780623972
320,6399.987,1786752452915.176,29410837.576,0.000000000,36.504051208,16.478107452,-21.781347275,7.986361504,-2.909001350,1.274248123,-33.529087067,-11.917433739,-7.690374851,-6.152282238,-4.302533627,-5.038819313,-24.682332993,17.846157074,-5.452448368,-11.604216576,2.120026827,-0.531797409,-9.266909599,-0.302412957,-2.786188126,-0.720987022,-1.291014075,-5.697410107,-5.610476494,0.554039419,0.243936121,0.294545323,-0.994782805
321,6419.985,1786752452935.174,29410857.575,0.000000000,20.697649002,36.292724609,-21.383466721,7.796350956,-0.151145399,0.576115787,-34.479701996,-33.743240356,-15.999643326,-71.123344421,-11.614414215,-3.769625902,-3.970394611,-3.216565847,-2.782872677,-14.502690315,6.746788025,2.378665209,-7.701549530,0.010408573,-3.305768967,0.271886766,-2.736368656,-5.375494003,-3.924499273,1.835935354,0.725292325,0.381664932,-0.861190319
322,6439.987,1786752452955.176,29410877.576,0.000000000,23.108104706,22.166597366,-21.203567505,0.146084979,-8.536759377,11.006442070,-33.945434570,-23.837327957,-8.931981087,-105.961006165,-21.524501801,-9.174752235,6.070216656,-19.297689438,1.609941125,-11.711664200,10.141402245,5.472865105,-5.249739647,0.479237288,-2.864542484,1.073837519,-4.181897163,-3.693265438,-2.007615566,1.558192611,0.271440566,0.516745448,-0.136309028
323,6459.985,1786752452975.175,29410897.575,0.000000000,22.005256653,9.245891571,-21.937076569,-2.624839067,-4.947817802,2.977838278,-28.826929092,-4.062316418,-10.842546463,-102.516578674,-23.411445618,-7.350152016,5.812284470,-32.650482178,3.223734856,-6.364314079,8.595680237,5.254137516,0.298265129,-0.227125585,-1.706648469,1.173328161,-2.620665789,-2.666908979,-0.551013231,-0.441574872,0.105727397,0.227063239,0.295319200
324,6479.986,1786752452995.175,29410917.575,0.000000000,14.965115547,-2.849912405,-13.658913612,-1.931166649,-2.842911720,5.321489811,-16.941400528,12.165153503,-14.811438560,-58.824645996,-17.836370468,-9.693808556,0.079033084,-30.240600586,6.215649605,-2.554125309,5.085855484,3.495227814,2.419113636,0.312880427,-0.184785038,1.111142039,-2.232913494,-4.870306492,-1.394865513,-2.072387218,0.242311895,-0.576933205,0.274676800
325,6499.986,1786752453015.175,29410937.575,0.000000000,15.607812881,-4.218650818,-4.123419285,-1.309683919,-1.012771487,0.864826560,-3.728984356,24.176540375,-15.406625748,22.480621338,1.395074606,0.174056292,-9.072360039,-19.198074341,-0.743572414,-1.148983479,-0.210863352,0.855536163,2.258893013,0.137738079,0.590397596,0.620911956,-1.301141739,-7.135807037,-3.283006907,-1.663816094,0.043637499,-1.013363004,-0.460378110
326,6519.986,1786752453035.175,29410957.575,0.000000000,12.233762741,-2.511891365,7.182347775,-12.204912186,-5.657471180,-1.664387584,13.500050545,20.306715012,-8.165926933,35.209072113,3.045609236,0.150224090,-8.151959419,-11.862644196,-14.255633354,0.454383731,-5.642763615,-2.009737253,1.652315855,-0.256815732,0.822841465,-0.029249351,0.300258100,-8.067683220,-4.112106800,-0.721889973,-0.061662819,-1.099413276,-1.073377848
327,6539.987,1786752453055.176,29410977.576,0.000000000,-2.627322674,-1.296972632,17.012771606,-36.008529663,-10.825460434,-5.080736160,12.872517586,1.181365132,1.860004187,-11.875266075,-1.227831602,-0.158263639,2.028612852,-8.048031807,-14.794323921,4.779090405,-8.371554375,-3.492370129,0.558209836,-0.707785845,0.769212306,-0.653593719,0.075042382,-7.110692978,-3.343283176,-0.997368753,-0.005356285,-0.811214507,-1.060679317
328,6559.986,1786752453075.175,29410997.575,0.000000000,-7.731620312,1.937252402,13.084596634,-30.380262375,-10.828380585,-5.125853539,10.934391975,-6.648561478,8.449340820,-13.466388702,-1.275505900,-0.330016464,-2.160645962,-0.071687035,-10.273688316,5.072204113,-8.636133194,-4.461821556,-1.712726116,-0.598618388,0.503172398,-1.053113580,-0.527441084,-5.016729832,-3.207759380,-1.334015608,0.103172243,-0.842439532,-0.863894284
329,6579.985,1786752453095.174,29411017.574,0.000000000,-1.433863640,7.821008205,-2.679326057,-10.137536049,-7.350158215,-2.253867149,-8.779449463,-9.785965919,8.472684860,-11.682118416,-1.044274211,-0.277938038,-13.349438667,7.529713631,-1.530500650,0.983814240,-6.727566719,-4.030916214,-3.619564533,-0.485648334,0.122358553,-1.107517719,-0.927222788,-3.064365149,-3.265413046,-0.846388459,-0.144831568,-0.667311847,-0.865710855
330,6599.986,1786752453115.175,29411037.575,0.000000000,7.717015743,10.269407272,-11.772194862,-9.791616440,-5.224390507,-0.836898565,-20.770841599,-8.977402687,0.801633358,-1.779553056,-0.124362715,-0.034039270,-19.092836380,9.999145508,4.259810448,-3.958957672,-4.962974548,-3.416409492,-3.934338093,-0.354238719,-0.345509320,-1.098612189,-1.230257869,-1.794113159,-2.518224716,0.404158056,-0.033188254,-0.407987833,-0.874017715
331,6619.987,1786752453135.176,29411057.576,0.000000000,8.938421249,9.909585953,-10.742706299,-14.997355461,-5.816548347,-0.945363998,-14.682559013,-7.647604942,-1.357856393,4.312822342,0.768552542,-0.035813894,-15.667050362,5.319358826,2.787655354,-5.739226818,-4.154143810,-2.603493214,-2.971295357,-0.207533404,-0.647500098,-1.002617478,-0.040032368,-0.967690706,-1.501211166,1.481702447,0.034936722,-0.094733328,-0.764708221
332,6639.986,1786752453155.175,29411077.575,0.000000000,1.600001812,9.981684685,-5.672540665,-18.251255035,-6.480529785,-1.660891771,8.831396103,-2.728469849,-1.720060706,23.364454269,0.439909101,-2.239288568,-8.666002274,-7.195855141,-3.716179848,-5.767625332,-2.517642736,-0.022123145,5.002598286,0.931326330,0.366806179,-0.722993612,1.716215611,0.784898579,-0.022806674,1.687779784,-0.401522458,0.299108326,-0.332074612
333,6659.987,1786752453175.176,29411097.576,0.000000000,2.558815718,10.423969269,-5.308380604,-7.885819912,-5.883249760,-2.318888664,23.191671371,-1.889634728,-2.350750446,21.904405594,2.015070677,-0.048047513,1.206356883,-21.568105698,-6.064712048,-2.181987762,0.263238043,3.197421312,11.765611649,0.652601659,1.959634900,0.490619659,2.482514381,0.524005711,0.240483850,1.334229231,-0.253413588,0.150089234,-0.037328169
334,6679.988,1786752453195.177,29411117.577,0.000000000,1.611641288,9.983282089,-7.744665623,-2.879989862,-5.990786076,-2.609650612,20.130956650,-1.454451799,-1.612081885,6.995652676,0.699348092,-0.058521897,6.670980930,-26.253189087,-0.881193042,2.288167000,1.860383034,4.558545589,15.395386696,0.184021637,3.910102367,2.017865658,0.939015269,-0.419567585,-0.053140305,-0.348308086,-0.102122255,-0.240727842,0.072857849
335,6699.992,1786752453215.181,29411137.581,0.000000000,-6.669696808,6.646974087,-11.360181808,6.332818508,-0.805752933,-0.088146359,18.529283524,-3.368225098,-1.446291924,6.541956902,0.083432563,-0.099077195,18.039360046,-30.371627808,10.896231651,8.632719994,9.918491364,4.534350872,8.657117844,-0.314656228,0.908744633,-0.271066666,0.867844641,-1.206814528,-1.603029609,1.806629300,0.185877636,-0.222566500,-0.431013495
336,6719.988,1786752453235.177,29411157.577,0.000000000,-14.001280785,3.149390936,-19.479228973,9.521106720,1.029528618,0.607026339,34.513664246,0.930710614,-1.289649010,34.702610016,-1.828240633,-2.127265453,25.177946091,-28.755426407,17.125797272,15.926147461,17.702049255,0.918432057,0.090362951,0.446116418,-0.742346525,-0.971493185,0.519000173,-5.034613132,-1.288094759,2.599406481,-0.805108130,0.956104279,-0.355041921
337,6739.989,1786752453255.178,29411177.578,0.000000000,-46.134319305,53.345970154,-17.528705597,17.758697510,17.437309265,3.146365166,58.692523956,-35.498554230,0.450527012,54.539268494,28.796789169,2.837089539,37.354270935,-21.580799103,16.057140350,17.420408249,16.620527267,3.261462927,12.058300972,-1.488783598,4.282236576,1.584084868,-2.556530714,-16.225294113,-0.204562455,9.295316696,-1.151052475,1.380192995,-0.108237013
338,6759.990,1786752453275.179,29411197.579,0.000000000,-39.498859406,33.589500427,-14.914432526,-17.647321701,-0.865209579,0.483981252,-5.013755798,-39.510471344,22.303371429,-52.460739136,-0.764821231,2.696850777,30.151500702,-35.169113159,20.655885696,17.976530075,13.908609390,9.611257553,8.490676880,-0.052663706,3.415291309,1.829013467,-5.467253685,-8.891942024,-2.135730267,4.710976124,0.527445972,3.549386978,1.116564393
339,6779.989,1786752453295.178,29411217.578,0.000000000,0.338981271,39.839923859,-31.849405289,-1.648194194,-0.293717444,1.022269845,-4.566737175,-7.274512768,-6.046795368,-5.654771328,-4.822345257,6.583703995,14.340413094,-26.213891983,24.028007507,13.731801033,10.706931114,10.274668694,8.922179222,-0.079891913,3.195503473,3.122471094,-8.489392281,0.154844165,-1.789953589,0.150517702,1.055900335,1.920599580,0.309423327
340,6799.986,1786752453315.175,29411237.575,0.000000000,-10.075572014,-3.677364588,5.931364536,-12.508378983,-2.135946274,-0.186676294,17.123531342,-32.044044495,22.846509933,-29.342327118,-23.811967850,6.059779644,-33.357395172,3.577546358,-7.580504894,5.744165897,6.572251320,4.625828743,6.404932022,0.468038946,2.600620985,1.815475106,0.126845941,0.891963899,-5.015851974,-4.230564117,1.146350026,-1.076310158,-1.858240008
341,6819.987,1786752453335.176,29411257.576,0.000000000,5.933346748,-16.245096207,28.689651489,-6.960225582,-1.163735628,-0.756254494,9.498177528,-36.268539429,28.417819977,-4.318841457,-8.600605011,3.479257584,-30.108434677,31.132230759,-23.632261276,1.929290175,-3.305374861,-0.496484846,-1.551643252,-0.262832999,0.637894750,0.474470615,3.587847948,1.001141548,-6.664231300,-7.069924831,1.631968856,-2.857461929,-2.705613852
342,6839.988,1786752453355.177,29411277.577,0.000000000,21.169946671,-22.059154510,30.969202042,14.422747612,-0.070414811,-1.127139449,27.698900223,-47.670780182,16.897537231,17.651968002,8.079757690,0.663666785,-2.358161211,27.204769135,-37.935714722,-3.117098570,-9.233534813,-4.296013355,-10.773053169,-0.545340002,-2.439533710,-1.741389275,5.111649513,1.292136669,-3.516101360,-5.344680309,0.833268523,-2.398761988,-2.135725021
343,6859.988,1786752453375.177,29411297.577,0.000000000,10.711542130,9.434400558,-0.035539914,11.521814346,1.014049888,-0.214066312,31.161552429,-42.277713776,27.676979065,5.942272186,-2.354343414,-0.867823303,1.634224415,18.118028641,-38.128143311,-5.376547337,-9.596159935,-3.505868435,-14.998372078,0.567470193,-5.000000000,-2.196229458,4.638718605,1.977221966,-0.709174991,-2.632911682,-0.598125756,-0.886956930,-0.982631564
344,6879.986,1786752453395.175,29411317.575,0.000000000,25.231737137,14.807472229,-2.396006107,8.344577789,-0.243278280,0.542427123,-18.693023682,-21.179018021,5.830399513,-36.191101074,-0.071699142,0.469310760,-5.808468342,-1.489650369,-23.205226898,-11.986652374,-5.616568565,-2.123551369,-15.352617264,-0.503831089,-5.000000000,-2.235683441,1.237161160,3.133445978,1.068372369,-0.686432600,0.099314116,0.296505809,-0.126731932
345,6899.987,1786752453415.176,29411337.576,0.000000000,40.978721619,8.193240166,-0.941933692,9.747493744,1.988401532,-0.051485017,-33.382545471,24.463050842,-22.986427307,-3.682644129,0.839833736,0.846106112,-23.467557907,-9.173733711,-11.526844025,-21.393453598,-2.797265768,-0.729856849,-14.345434189,0.551933110,-5.000000000,-2.089941740,-0.554474533,3.278739214,0.537149191,-0.608644962,-0.318803340,0.288704902,0.175875023
346,6919.986,1786752453435.175,29411357.576,0.000000000,1.773218393,-17.080295563,18.554302216,-21.532747269,-0.772849321,0.070963129,-14.268460274,24.806381226,-10.072656631,-46.476619720,46.455848694,-15.833502769,-27.707443237,-13.165463448,-1.009867430,-25.000000000,-0.995468080,1.042538643,-11.488284111,1.069789171,-5.000000000,-1.626073122,-0.444891244,1.714318752,0.581842303,-1.509727478,-0.987064719,-0.229352668,-0.031348135
347,6939.986,1786752453455.175,29411377.575,0.000000000,-9.446319580,-22.897033691,15.754549980,0.573514760,-0.410201848,-0.239029899,-6.217489719,11.822517395,13.893671036,-69.388267517,50.000000000,-17.957429886,-17.200637817,-19.385229111,4.269922256,-24.886795044,1.509104490,2.701666117,-12.102908134,0.920117259,-4.777705669,-0.897108734,-1.569289684,0.141273752,0.289439887,-4.236891747,-0.753142476,-1.001848698,0.144467860
348,6959.985,1786752453475.174,29411397.575,0.000000000,-6.089551926,2.791518211,4.492918015,10.167082787,-0.006892110,-0.106994562,-6.219341755,-4.092039108,3.538021564,-60.240974426,50.000000000,-17.425773621,-2.748306036,-25.647867203,5.232943535,-20.543201447,5.818644524,5.152941704,-8.784615517,0.923054576,-4.161426544,0.147239804,-4.088842869,-1.355035424,0.349873394,-4.705108166,-0.408699393,-1.507821918,0.598474860
349,6979.988,1786752453495.177,29411417.577,0.000000000,-19.871080399,8.091306686,-6.812474728,4.593777657,-0.115389913,0.207739338,11.451651573,-8.444543839,12.139553070,-72.216423035,50.000000000,-23.718114853,6.988780499,-27.754701614,2.011425734,-14.769470215,8.323992729,6.943818092,-5.112692833,-1.579789281,-3.358530760,1.430021048,-7.829376698,-0.608538687,0.315756977,-4.861380100,-0.208786204,-1.663574815,0.530731916
350,6999.988,1786752453515.177,29411437.577,0.000000000,-21.928035736,13.323669434,-11.051928520,1.155169368,-0.459905535,0.272831351,15.665071487,-17.003965378,23.202119827,-79.573402405,50.000000000,-24.262571335,13.511488914,-31.219223022,0.464739144,-11.345014572,8.499876976,6.620268345,-4.522508621,-0.608252466,-2.490822554,1.690534592,-10.036526680,0.618281424,0.946948171,-5.961959839,-0.316030145,-2.001878262,0.439934969
351,7019.987,1786752453535.176,29411457.576,0.000000000,-20.160930634,16.116939545,-15.205263138,0.661378443,-0.073065564,0.401814044,16.628347397,-20.093547821,26.065013885,-79.366539001,50.000000000,-24.186321259,13.818790436,-33.517082214,-2.073687553,-8.524708748,6.915328979,5.198781490,-4.472572327,0.115196936,-1.997691154,1.101921678,-11.335287094,1.092192411,0.737738907,-7.492007732,-0.357228100,-2.771513939,0.362900317
352,7039.988,1786752453555.177,29411477.577,0.000000000,-13.684893608,17.596853256,-17.390386581,-1.731640577,-0.069377378,0.482154548,17.250732422,-16.650857925,16.651865005,-68.683753967,50.000000000,-22.483140945,15.681918144,-32.925045013,-6.232062817,-6.952941895,5.654596806,3.807978153,-4.192066193,0.018343711,-1.730696917,0.814272344,-12.045239449,0.673679769,-0.119795106,-8.141838074,-0.415912211,-3.101483107,0.214571133
353,7059.987,1786752453575.176,29411497.576,0.000000000,-7.645629406,14.784212112,-15.434269905,-2.310738564,0.065717615,0.430625379,16.221536636,-11.852924347,8.689491272,-53.937400818,50.000000000,-19.595853806,14.468216896,-32.196380615,-8.984170914,-5.326880455,5.364373684,2.795531750,-4.039703369,-0.206962198,-1.480778456,0.650623441,-12.607728004,-0.686189175,-1.311658502,-8.656432152,-0.285646260,-3.275621653,-0.132102489
354,7079.997,1786752453595.186,29411517.586,0.000000000,-1.008888364,9.194009781,-6.950789452,-10.255403519,8.167575836,3.340126276,14.681528091,-2.316410780,-2.675119638,-30.072948456,50.000000000,-14.887786865,8.197277069,-28.670894623,-10.963644028,-3.621594191,4.065657616,1.731901169,-2.942219019,-0.553234756,-1.172625542,0.528331280,-11.329050064,-2.394425631,-2.351513863,-8.109923363,-0.189824685,-3.101057053,-0.576678395
355,7099.990,1786752453615.180,29411537.580,0.000000000,24.350805283,-5.475791931,13.406965256,-20.214513779,30.760932922,8.549306870,4.907213211,23.597589493,-23.452819824,-8.671320915,35.143386841,-6.906656265,-6.829902172,-12.273942947,-23.515932083,-2.509667158,1.395527601,0.145213455,-3.694542408,-0.487461060,-1.005849600,0.028179884,-7.369212151,-5.116987228,-4.334683418,-7.283746243,-0.141827673,-2.634467363,-1.031083703
356,7119.987,1786752453635.176,29411557.576,0.000000000,37.318191528,-16.392433167,32.009613037,-35.939369202,50.000000000,10.657462120,2.173548222,39.643306732,-34.296215057,10.940483093,8.105827332,1.033772945,-17.955837250,5.293910503,-32.279659271,-1.766447425,-2.418196917,-2.697119951,-5.801543713,-0.357100099,-1.460791111,-0.557186902,-1.371388555,-7.312643528,-5.294107914,-4.945313931,0.314634711,-2.198122501,-1.404580474
357,7139.985,1786752453655.175,29411577.575,0.000000000,26.513277054,-28.919322968,46.258949280,-46.579200745,50.000000000,9.805486679,9.657233238,45.242645264,-31.170047760,13.733005524,-0.190306708,2.970423222,-18.816017151,14.329537392,-31.494064331,0.754016757,-5.034613132,-3.874015331,-4.877599239,-0.251843929,-1.782037020,-0.750841558,3.119513750,-8.599047661,-4.438871861,-0.989146948,-0.038062681,-1.115286469,-1.317734003
358,7159.986,1786752453675.175,29411597.575,0.000000000,13.323126793,-33.460327148,51.871116638,-59.036220551,50.000000000,9.758159637,13.885554314,33.522312164,-18.010219574,1.796411276,-0.326370150,0.449962169,-13.832585335,17.587469101,-30.326692581,3.337757587,-5.242803574,-3.367989540,-2.358308077,0.036043607,-1.165006280,-0.724211693,3.704156637,-9.326431274,-3.462019682,1.032463193,-0.261461437,0.128082126,-0.934378743
359,7179.990,1786752453695.179,29411617.579,0.000000000,20.800849915,-22.932662964,45.618595123,-54.170997620,50.000000000,11.314297676,7.408430576,25.256584167,-23.962354660,4.104247093,0.350137711,0.785235703,-8.135685921,22.882501602,-28.651390076,4.498219490,-3.660304546,-2.695981503,-1.634525299,0.444597274,-0.549612582,-0.510897338,1.961768031,-9.369858742,-4.033380985,1.019797921,0.075513996,0.488717616,-0.849379897
360,7199.987,1786752453715.176,29411637.576,0.000000000,21.970956802,-6.883605003,19.860340118,-35.749439240,37.994400024,6.439135075,3.047777891,-0.713578403,-16.143804550,7.009021282,0.433638096,1.234260559,1.171056628,18.241376877,-22.123470306,5.464378834,-1.520442367,-1.262397885,-0.153950036,0.057598654,0.056884192,-0.135789171,-1.170407295,-7.824463367,-4.734879971,0.491230905,0.344877094,0.445264280,-0.964241266
361,7219.988,1786752453735.177,29411657.577,0.000000000,16.721059799,10.425465584,-29.983385086,-16.130359650,-2.506597757,0.683997631,-6.329620361,-10.080852509,-2.660384893,3.067495346,0.222773314,0.246331617,11.220107079,-0.133766696,-11.232119560,4.511316776,1.174711227,0.607552409,0.252180308,-0.485509098,0.188038915,0.369394541,-5.309257030,-4.445035458,-4.265272617,-0.655523956,0.502804756,-0.020092070,-0.937799454
362,7239.989,1786752453755.178,29411677.578,0.000000000,13.855186462,15.020203590,-24.786300659,-10.755232811,-0.869374096,0.551608205,-10.183462143,-16.491518021,6.225592613,-5.664061069,-0.663329422,-0.135162458,1.268471718,0.916335583,-7.065552711,2.526998758,1.874890804,0.375859857,0.767891824,-0.222265854,0.405388951,0.261239767,-4.576578617,-2.490574837,-2.748581648,-0.761737108,0.443260074,-0.299084395,-0.694244921
363,7259.988,1786752453775.177,29411697.577,0.000000000,2.416933060,3.460700035,14.212003708,-26.791112900,0.237581223,-0.443260461,-3.550729513,-1.605719924,-12.649003029,9.409675598,-2.444578409,1.209261060,-5.503536701,12.985508919,-4.237493515,1.766640782,0.135766059,0.037072409,0.906857610,-0.171244487,0.707980216,0.174035370,-2.715218544,-2.466067553,-1.825810313,-2.225268364,0.218712822,-0.649403870,-0.844959319
364,7279.987,1786752453795.176,29411717.576,0.000000000,-19.519666672,-20.989103317,47.547500610,-20.225915909,0.293094665,-1.325029135,24.808782578,13.728029251,-8.926969528,28.092651367,1.575325012,0.415755868,-0.414363354,26.221406937,-2.268321753,1.804597378,-1.381761074,-0.964441538,-0.044493511,-0.192429632,0.463125467,-0.063117810,-2.586700678,-2.747834682,-2.050796747,-2.722830534,0.074973203,-0.857054055,-0.903543413
365,7299.988,1786752453815.177,29411737.577,0.000000000,-18.871274948,-39.677333832,47.036842346,-78.465675354,22.864759445,5.008595943,24.964498520,19.884658813,-8.313193321,11.010842323,0.349844187,0.052728996,15.774719238,22.677463531,-9.692378044,4.140723705,-1.396127939,-0.493004709,-0.016886121,-0.343641400,0.036442105,-0.196563259,-4.482605934,-1.496984959,-1.051906228,-1.886081696,0.151034400,-0.744206250,-0.547025800
366,7319.989,1786752453835.178,29411757.578,0.000000000,-14.753819466,-44.173557281,36.357555389,-90.626014709,32.291496277,8.462001801,3.664974451,25.193929672,-15.412714958,-10.662885666,-1.378287911,0.006777851,17.611515045,23.027992249,-9.465624809,2.477414608,-0.165890157,1.068928003,-2.540714979,-0.249675333,-0.481146783,-0.054349303,-8.040569305,-1.535697818,-1.553017616,-2.440658331,0.110292472,-0.703355670,-0.043166101
367,7339.986,1786752453855.175,29411777.575,0.000000000,11.351824760,-15.025902748,14.407241821,-28.323837280,32.355670929,12.499119759,-19.085060120,11.650551796,-15.295241356,-23.198251724,-1.659138560,0.151062548,11.741313934,20.490102768,-5.521492004,-0.178901851,2.839465618,2.106551409,-3.081868410,-0.041606575,-1.004698277,0.253769428,-10.061265945,-2.625966072,-2.940603495,-3.172186852,-0.249896377,-0.974067330,0.103239052
368,7359.986,1786752453875.175,29411797.575,0.000000000,31.939367294,17.230369568,-25.809692383,14.046749115,12.595655441,5.121224880,-28.186092377,-22.691730499,-17.858606339,-13.769347191,-6.295734882,-2.540095091,-2.739878416,10.208988190,0.346303642,-4.608435154,5.359457016,2.567547083,-4.078109264,-0.403042108,-1.434435844,0.526888847,-7.965736866,-2.941763163,-3.892031431,-2.404574156,0.240554482,-1.007591009,-0.189564154
369,7379.986,1786752453895.175,29411817.575,0.000000000,26.893024445,47.102512360,-38.357208252,7.473750591,-0.825984597,1.788276315,-40.958927155,-42.116249084,-11.802366257,-81.854110718,-15.757608414,-6.585403442,-1.179807901,-4.218437672,-1.660961747,-7.364070415,8.497745514,3.041095018,-2.935512066,0.077546775,-1.167504787,0.889129341,-4.740198135,-1.737561345,-2.212813616,-0.570749104,0.733768344,-0.645788550,-0.130319029
370,7399.986,1786752453915.175,29411837.575,0.000000000,14.770353317,31.228952408,-28.483634949,-2.478701115,-1.070908427,0.472082853,-33.544540405,-29.057928085,7.023462296,-119.791130066,-26.126903534,-13.582288742,-0.384831280,-11.132436752,-1.215542555,-8.437618256,10.471555710,5.732202530,-3.555105448,0.817590833,-1.020348072,1.244070530,-2.736763239,-1.155819416,-0.739237845,-1.285600781,0.177853703,-0.480626971,0.085921414
371,7419.987,1786752453935.177,29411857.577,0.000000000,1.017021060,-1.085480213,4.915163517,-9.034679413,-0.424400926,-0.175582737,-20.330904007,1.254455328,3.313501358,-113.976737976,-30.564054489,-15.213706017,-4.788507938,-6.563670635,-1.376237154,-8.402629852,9.610289574,6.348166943,-3.404335976,0.586126924,-1.328878999,1.188784957,-0.918297291,-2.988217831,-1.063320279,-2.155745268,0.116547115,-0.670367479,-0.113015294
372,7439.988,1786752453955.178,29411877.578,0.000000000,6.711310863,-19.464914322,28.967182159,-12.175273895,-8.213453293,9.747508049,-10.783740044,23.518644333,-11.450807571,-42.890853882,-16.937154770,-7.850245953,-8.702092171,2.472205162,1.489556432,-6.172684669,5.084701538,4.402609348,-1.980918407,0.001168385,-1.088899016,0.992454708,-0.186586127,-4.849277496,-1.907312512,-1.685781360,0.203771591,-0.736416638,-0.319697201
373,7459.989,1786752453975.178,29411897.578,0.000000000,-17.694761276,-22.859703064,65.733940125,-91.488784790,2.054451942,9.685529709,20.674617767,36.779296875,-23.049932480,29.359972000,2.603320122,0.199674696,-14.054595947,17.713884354,-12.670991898,-4.510680676,-3.152912378,-0.078942306,-2.651324749,-0.166589573,-0.911522746,0.119718336,0.623241067,-6.886756420,-2.542416573,-1.608923197,-0.132632136,-0.676959753,-0.415696144
374,7479.987,1786752453995.177,29411917.577,0.000000000,-38.748893738,-18.278545380,75.557060242,-134.496505737,-5.864239693,10.449481964,36.223850250,18.496099472,-12.401835442,22.142393112,2.241655350,0.059828062,-13.666604996,30.609807968,-22.907030106,-1.396734357,-8.507576942,-3.326408386,-4.636470318,0.040235627,-1.188259244,-0.659174502,-0.634482443,-9.217800140,-3.310183525,-1.663936377,-0.224251315,-0.567225993,-0.553869843
375,7499.989,1786752454015.178,29411937.578,0.000000000,-33.227619171,-16.927837372,64.196693420,-129.228683472,-14.419626236,8.575243950,26.831998825,7.564599037,-5.904059887,4.680410385,-0.424653679,0.361987382,-13.409395218,38.569179535,-25.096916199,1.901051164,-9.154466629,-4.436499596,-2.843198776,-0.711282611,-1.029770613,-1.139271736,-1.763021231,-9.418999672,-3.931947708,-1.318480015,0.103522092,-0.677701354,-0.890341520
376,7519.989,1786752454035.178,29411957.579,0.000000000,-12.097246170,-18.872665405,42.797252655,-90.424652100,-19.986299515,5.911917210,0.043232344,7.043029308,-5.419817924,-10.468781471,-0.341347039,0.540698707,-11.116092682,36.805652618,-21.738256454,1.703783751,-5.961310863,-4.196049690,-3.411077976,-1.011881471,-0.776854634,-1.149009228,-3.223036289,-7.683876038,-4.891939640,-0.872637630,0.666152298,-0.681213200,-1.022231817
377,7539.995,1786752454055.185,29411977.585,0.000000000,25.738378525,5.263454437,-4.114194870,4.534127712,-5.465867996,0.731543362,-33.231159210,-8.492529869,1.665571451,-26.019453049,-1.445778012,0.174164474,-18.228500366,21.736881256,-8.572825432,-4.809928417,0.044589989,-1.534911752,-6.089719296,-0.431384385,-1.359429836,-0.813180327,-4.562243938,-5.924180984,-6.392975807,-0.766781390,-0.029385896,-0.261136413,-0.989725173
378,7559.989,1786752454075.178,29411997.578,0.000000000,34.631546021,21.453763962,-29.712680817,11.661853790,-2.112000942,0.218807071,-22.945501328,-18.140262604,-5.730356693,3.803995848,-2.476148129,-4.394472599,-19.630643845,11.102767944,-8.897639275,-9.209199905,3.515598536,0.056346722,-5.903832912,-0.200230390,-2.112823009,-0.262468278,-3.586030722,-4.766799927,-5.892946720,0.212035462,0.263647884,-0.141231433,-1.275068164
379,7579.985,1786752454095.175,29412017.575,0.000000000,21.453424454,37.637882233,-25.496728897,7.978497028,-0.101832621,0.660133004,-18.767652512,-35.347232819,-10.320646286,-40.341247559,-5.526355267,-1.800899744,-5.789614677,-9.862356186,-10.600010872,-11.034822464,6.235275745,1.987792492,-3.313546181,-0.043007415,-1.962149739,0.509980500,-3.057266235,-3.972827435,-3.897683859,0.946255863,0.778882861,-0.119100772,-1.110674381
380,7599.986,1786752454115.175,29412037.575,0.000000000,9.504942894,25.585531235,-14.611600876,0.732958734,-0.504730642,0.393639266,-11.690516472,-21.288679123,-3.773605585,-85.173492432,-16.848447800,-9.510138512,4.086989880,-23.206588745,-7.657419205,-8.794339180,7.807180405,4.214426517,-2.246862650,0.209737495,-1.724902511,1.014532685,-3.730916977,-3.436646938,-2.000974417,-0.362229377,0.319348276,-0.243143871,-0.411667466
381,7619.986,1786752454135.176,29412057.576,0.000000000,7.700133801,-1.388217807,-6.107069969,-13.315106392,-2.299674034,1.754951954,-16.021463394,6.799515247,-5.135211468,-84.544181824,-21.703250885,-9.614041328,6.146974564,-24.314783096,-0.750692010,-4.395509243,7.026088238,4.673030376,-0.572170973,-0.014867027,-1.303328633,0.979912579,-3.892816305,-3.608954191,-0.868097723,-1.669763207,-0.008906835,-0.502979517,-0.039109088
382,7639.989,1786752454155.178,29412077.578,0.000000000,18.914585114,-6.690669060,-9.576179504,-1.350744963,-3.638122559,6.305591583,-20.757614136,9.400279045,-10.854263306,-64.759109497,-17.280073166,-5.475232124,2.124764919,-24.576292038,0.881841838,-2.232416391,3.518938541,2.828011274,-0.055777606,-0.069121413,-0.735001743,0.834918082,-3.331678629,-4.583515167,-1.846664667,-2.916607618,-0.150224686,-0.878966987,-0.111334987
383,7659.990,1786752454175.179,29412097.579,0.000000000,21.175132751,-0.437071621,-15.340146065,1.310122848,-2.110593319,2.675570011,-19.047611237,11.560318947,-12.766949654,-17.979104996,-3.332300425,-0.036472790,-2.243101120,-24.127635956,-1.404742956,-1.506273866,-0.460327029,0.485477418,-0.010065914,-0.143881306,-0.167239904,0.284303218,-2.697018862,-5.930773735,-3.151207447,-2.546316862,-0.125786453,-1.155488133,-0.352357715
384,7679.988,1786752454195.177,29412117.578,0.000000000,16.822296143,-4.749285221,-2.471191168,-15.113886833,-4.521028996,4.596133232,12.559463501,24.046749115,-15.271745682,52.527431488,4.760910034,0.260878980,-5.993655682,-11.296772003,-13.536005974,-0.124132514,-5.099704266,-2.226101398,-0.219444171,-0.175207898,0.127986297,-0.369002372,-1.050328255,-6.457575321,-3.473469019,-0.872166812,0.332409441,-1.074855447,-0.744958639
385,7699.988,1786752454215.177,29412137.577,0.000000000,-5.662141800,-10.853298187,26.194988251,-77.061203003,-19.686141968,-5.913029194,14.958045959,14.073729515,-9.849694252,4.145621300,0.070775747,0.084039964,3.897243977,-1.441679120,-17.219455719,3.870257854,-8.107653618,-3.379115820,-0.312583953,-0.623848736,0.296256721,-0.745583832,-1.732767701,-6.558923721,-2.934359312,-1.885300756,0.271956474,-0.942377508,-0.721377134
386,7719.986,1786752454235.175,29412157.575,0.000000000,-18.520685196,-19.692796707,48.538349152,-117.404212952,-11.554963112,-13.456625938,16.952602386,9.435451508,-1.002748251,-16.089450836,-2.852349997,-0.277918130,1.045819640,15.630888939,-16.803829193,6.154772282,-9.845891953,-4.707719803,-0.854810715,-0.606992185,0.399633288,-1.165328026,-2.233430147,-4.758952141,-3.492423534,-2.737215281,0.162240818,-1.132069468,-0.796228766
387,7739.991,1786752454255.180,29412177.580,0.000000000,-13.362296104,-13.933232307,32.753421783,-75.828567505,-8.294151306,-10.324703217,-0.720828414,-4.202525139,4.172452927,-17.241401672,-1.542924285,-0.068469353,-7.314384937,24.751024246,-12.829267502,4.205933094,-8.569814682,-4.322418690,-2.492304564,-0.361843169,0.334022075,-1.030074239,-3.309233189,-4.794188023,-3.941882372,-2.159768581,-0.069970936,-1.151890755,-0.744053900
388,7759.987,1786752454275.177,29412197.577,0.000000000,9.637845993,9.920022011,-15.714208603,10.043210030,-0.292940587,0.698008001,-22.829061508,-16.823204041,9.334931374,-4.170999527,-0.003234532,0.213860288,-17.364511490,23.905401230,-0.452332199,0.014312841,-4.391437531,-2.991423368,-2.775555611,-0.541585445,0.006067552,-0.617121816,-4.140880585,-5.191810131,-4.593715668,-0.596383691,-0.315617114,-0.774111688,-0.856956959
389,7779.987,1786752454295.177,29412217.577,0.000000000,23.383445740,18.733741760,-30.799077988,12.692840576,-1.503039956,1.079298258,-29.245786667,-23.667827606,6.738832951,-3.000094175,0.615036249,-0.161617085,-15.675147057,13.197259903,1.855483055,-3.267110825,-0.250892431,-2.005556583,-1.484905839,-0.515140057,-0.173204824,-0.450748891,-2.374181509,-4.343218327,-4.060061932,2.166378736,0.391788453,-0.093137540,-1.000540972
390,7799.988,1786752454315.177,29412237.578,0.000000000,19.890726089,18.471237183,-24.651941299,2.507230043,-0.022446854,0.964565992,-15.774813652,-20.658550262,1.354605198,-1.106019974,-1.433162689,-3.294821501,-13.471735001,1.372420907,-0.088492170,-4.979657650,0.986225545,-0.388098657,-1.420633078,-0.160238430,-0.407393515,-0.129274294,0.774560630,-3.479676485,-2.981616735,3.143618822,0.523021162,0.541538715,-1.050782084
391,7819.988,1786752454335.177,29412257.577,0.000000000,9.816463470,10.805118561,-7.332255840,-9.507964134,-4.205509663,0.070542566,8.403868675,-6.294134617,-5.779690266,9.844676018,0.238244146,-0.826729059,-4.561421394,-12.653183937,-6.729327202,-4.221679211,1.804571629,1.275142550,-2.312839031,0.275751978,-0.938576639,0.190487668,3.692502499,-1.329388857,-0.932923675,2.416683197,-0.097501673,0.759574771,-0.815856397
392,7839.989,1786752454355.178,29412277.578,0.000000000,4.879725933,2.531059027,0.081408344,-20.190639496,-6.124896049,-1.775051594,25.978767395,6.213392258,-7.179942608,31.840875626,2.885533333,-0.616263390,1.902466178,-20.139646530,-14.059713364,-2.643848419,1.153860688,1.519468546,-1.347022176,0.439773411,-1.170167804,0.306809902,4.730623722,-0.064330496,1.000029445,0.435655624,-0.720295548,0.414312720,-0.109031223
393,7859.987,1786752454375.176,29412297.576,0.000000000,-0.519985378,1.679497957,1.163779259,-17.667785645,-6.731704712,-2.314164162,22.889642715,5.727028847,-2.721838951,8.091841698,0.682245612,-0.094012149,5.137471199,-21.428192139,-11.453225136,-1.331635714,-1.856740355,0.785799682,0.165144607,0.135203719,-0.736073077,0.183907300,2.680048943,0.491820991,1.544691682,-1.734033823,-0.607725263,-0.239345685,0.478910387
394,7879.987,1786752454395.176,29412317.576,0.000000000,-2.510355473,2.558060884,-5.327762127,-4.925715446,-4.927872658,-1.470036030,11.015971184,-0.395421028,1.208531857,-1.685451508,-0.123368196,-0.185787097,6.626909733,-18.431989670,-1.045846105,-0.055623733,-4.247784138,0.341291279,6.499781609,0.722731948,1.442169428,0.701019943,-1.261485815,-0.541737258,0.460407466,-2.228351831,-0.441858381,-0.855934083,0.493501842
395,7899.988,1786752454415.177,29412337.578,0.000000000,-2.798769474,8.551428795,-13.156661987,-1.178408742,-3.262594938,-0.512686491,8.632585526,0.134208798,-0.469339639,14.122893333,-3.477217674,-5.797441483,-2.223017216,-14.390048027,7.638081074,1.975239754,-2.639985561,1.044332504,11.938839912,-0.032696068,4.037600994,1.550230742,-2.428884268,-1.888119817,-1.483766317,-1.864014030,-0.058020916,-1.040773988,-0.095485710
396,7919.985,1786752454435.174,29412357.574,0.000000000,-10.922603607,9.879192352,-12.858417511,0.030850349,-2.009273052,0.001000302,11.734147072,-5.739621639,0.624231517,33.671852112,0.642153680,-2.078850269,7.604959488,-20.623886108,8.112248421,8.946897507,5.755375385,2.936732054,8.887561798,-0.225864291,3.320427656,0.201611772,-0.056102958,-1.357796907,-2.753143072,0.888973832,0.182928815,-0.944933236,-0.880008399
397,7939.987,1786752454455.176,29412377.576,0.000000000,-88.000000000,58.806827545,-27.408588409,139.000000000,2.378256321,-2.226572514,-37.113117218,-38.029899597,5.971409321,139.000000000,-2.372212648,3.406570435,65.925376892,-28.527902603,14.961933136,11.069417953,15.752223015,-4.273524761,19.329410553,-6.175623894,4.448946476,5.000000000,-1.240214348,-18.048919678,-0.376474619,10.889332771,-1.977518559,-4.436485291,-4.263570786
398,7959.987,1786752454475.177,29412397.577,0.000000000,-46.750324249,53.698501587,-11.221122742,5.709905624,16.105058670,1.586872578,-21.041217804,-24.604621887,12.966080666,-22.766853333,-2.177537680,0.285244375,35.649806976,-35.705410004,33.304210663,16.887859344,11.319710732,6.698771954,13.524036407,-0.494222492,5.000000000,1.274713874,-6.411054611,-13.627048492,-0.856229424,8.272683144,0.391963214,3.028264999,0.959316730
399,7979.986,1786752454495.176,29412417.576,0.000000000,-31.625522614,45.561038971,-25.509281158,-17.532442093,-2.846595764,1.020461082,22.412143707,-12.514264107,1.277703524,3.258463383,0.791041136,-0.561904788,24.216711044,-39.566246033,22.277799606,17.469905853,12.981396675,8.711492538,9.337631226,-0.003829337,4.048529625,1.906948686,-7.969388008,-5.294732094,-1.719312787,3.720597029,0.884220660,3.222044945,1.300549030
400,7999.986,1786752454515.175,29412437.575,0.000000000,-30.935819626,27.905485153,-18.750123978,-20.307184219,-2.017093897,0.639926970,77.800140381,-18.736557007,-8.869480133,61.626621246,-3.658805132,3.517173767,-18.662855148,-9.166900635,-15.216078758,14.163561821,10.575593948,6.697680473,5.495986462,0.705742002,2.332843065,1.930243731,-3.992305517,-0.145553216,-3.361428738,-2.498486996,1.086740136,0.551828861,-0.492296100
