index,time_ms,time_realtime_ms,time_monotonic_ms,ros_timestamp,tau_0,tau_1,tau_2,tau_3,tau_4,tau_5,tau_6,tau_7,tau_8,tau_9,tau_10,tau_11,tau_12,tau_13,tau_14,tau_15,tau_16,tau_17,tau_18,tau_19,tau_20,tau_21,tau_22,tau_23,tau_24,tau_25,tau_26,tau_27,tau_28
0,0.000,1786752407299.049,29365221.449,0.000000000,-0.287620395,0.093675345,-0.036203228,-2.023955584,7.025283813,-0.960214198,-0.287106901,-0.093656652,0.035952244,-2.021886826,7.017584324,0.958794296,-0.000309855,0.005349746,0.041989237,0.284616768,0.749828875,0.133381665,-0.549889088,0.077540867,-0.234310210,0.050486147,0.281595111,-0.750561595,-0.134782553,-0.551234543,-0.077166155,-0.235536516,-0.049523976
1,19.992,1786752407319.041,29365241.440,0.000000000,1.004627943,53.208816528,-26.394571304,2.970394135,0.131815538,0.501995504,-15.551130295,-57.509281158,26.003036499,-6.852833271,5.428707600,-0.089103289,-1.480072975,-0.097500093,11.232916832,-2.378439188,1.037586570,0.922167659,-0.802208900,0.609322250,-0.010479762,0.180004835,-10.232933044,1.901599765,-1.166074276,-3.675660610,-0.090579838,-0.852957606,-0.394694984
2,39.988,1786752407339.037,29365261.437,0.000000000,-14.500036240,48.964427948,-24.839286804,-4.424627304,-1.136383057,0.409265041,-6.377192497,-53.454784393,23.431089401,-3.861808538,-1.078770638,-0.672701955,6.926826954,-1.050820112,12.615330696,-3.055223465,1.009318113,1.810529232,-2.640637398,-0.015499549,-0.663533151,0.648007452,-14.645826340,0.094866164,-1.068140864,-5.789080143,0.658927262,-1.887050629,-0.207469672
3,59.989,1786752407359.037,29365281.437,0.000000000,-16.472978592,28.796632767,-14.217412949,-2.940306425,-1.134591699,0.098612793,3.066242933,-40.319793701,16.582576752,-12.108633041,3.482646465,-2.738795757,4.961257458,-1.325793028,5.302407742,-2.802243710,1.013729453,1.024658561,-3.766629457,-0.555716634,-1.278306484,0.521147072,-13.421864510,-2.093866587,0.014380003,-7.209776402,0.510842502,-2.442159891,-0.186247319
4,79.987,1786752407379.036,29365301.436,0.000000000,-8.587576866,11.005748749,-3.713146687,3.596413374,-0.729238033,-0.101124719,4.044072628,-21.207864761,11.479111671,0.688766778,-0.747360051,-0.428808898,2.315656185,-0.640344977,-0.355443627,-3.538760662,1.848550797,-0.141680732,-2.647746563,-0.203770727,-1.327516913,0.074832313,-10.842668533,-3.648131371,-0.162757769,-7.143018246,0.701943636,-2.696906328,-0.183286339
5,99.986,1786752407399.034,29365321.434,0.000000000,-25.145429611,24.849834442,10.788900375,34.761051178,2.032612085,0.098632105,8.261054039,4.939685822,-0.064963497,7.770432949,-0.329803288,0.247308984,-3.715663671,6.175246716,-6.038482666,-13.721181870,3.893084049,-2.060107470,2.998225212,0.753873587,-0.513397455,-1.614328384,-22.605651855,-7.481668949,-1.813818574,-0.335157096,0.295224011,-5.000000000,-0.300113440
6,119.987,1786752407419.036,29365341.436,0.000000000,-29.084171295,30.157836914,26.805372238,20.968877792,1.153522253,-0.572339892,23.345602036,-0.923440576,-5.181917191,12.496984482,0.434216917,0.406990916,-7.812751293,-3.880270004,-4.166718960,-17.954565048,8.777600288,0.344200015,3.266368628,1.481370568,3.476594687,-1.493453741,-23.884225845,-7.874376297,-2.911231518,-4.479823589,0.583222508,-4.053201199,-1.541206479
7,139.987,1786752407439.036,29365361.436,0.000000000,-33.477886200,17.757894516,17.393215179,2.340499163,-0.431848288,-0.498526037,27.440965652,-4.298963547,-5.467190742,13.144748688,1.094233990,0.383336484,5.264431000,-15.106341362,-5.499621391,-17.139270782,9.777566910,3.423299551,0.740200937,0.137602746,2.834676266,-0.050384216,-22.322881699,-5.799392223,-3.376295805,-8.257806778,0.448879868,-4.567170620,-1.089148521
8,159.988,1786752407459.037,29365381.437,0.000000000,-40.418594360,-58.771083832,13.034939766,-35.969211578,2.228606224,-0.687428951,14.918620110,15.564437866,-30.183515549,8.042258263,5.858863831,-0.117582187,88.000000000,-20.755479813,14.498274803,-9.109268188,-2.802305460,11.296153069,-1.175545216,0.260514081,-2.281557560,2.645221949,-25.000000000,-4.181765079,-3.578535318,-0.915658057,1.415165663,-5.000000000,0.342206150
9,179.988,1786752407479.036,29365401.436,0.000000000,-62.367538452,-32.415184021,8.161227226,-17.069847107,-1.313509941,-0.237193033,22.104978561,24.493911743,-21.548522949,-11.755809784,-1.273908257,0.860337377,88.000000000,-24.615577698,19.497652054,4.280924320,-10.865796089,11.085870743,-4.167477608,-4.634805679,-5.000000000,5.000000000,-25.000000000,-4.717873096,-1.571810484,-3.000921011,-0.661606908,-5.000000000,-0.360440224
10,199.986,1786752407499.035,29365421.435,0.000000000,-4.904851913,-88.000000000,-1.688130975,-18.237257004,-2.566690683,0.442098230,-2.780102968,39.967174530,0.016075684,-23.104696274,-8.281361580,0.385108531,-73.009651184,-18.859968185,1.788981438,-1.760908484,3.392344713,-1.393066645,-14.061776161,1.789641142,-5.000000000,5.000000000,-5.338618755,14.004159927,1.276854634,-12.699425697,2.205144167,-5.000000000,-2.703987122
11,219.987,1786752407519.036,29365441.436,0.000000000,29.732803345,3.969923735,9.941115379,27.263042450,2.466475964,-0.193229079,-16.276779175,20.604345322,-8.131491661,-10.656618118,-0.029892012,0.207268149,-24.729173660,-9.495263100,-19.010036469,-15.184047699,8.843266487,-1.062283278,-14.622465134,-1.304455400,-5.000000000,5.000000000,-0.205521911,14.571898460,3.257069588,-16.412593842,2.782048225,-5.000000000,1.143958449
12,239.990,1786752407539.039,29365461.439,0.000000000,-17.996854782,-23.998735428,-1.196548462,-14.653312683,-0.354422033,-0.174061537,-11.131811142,4.167695999,-24.743350983,-10.881522179,-1.338572145,0.804657757,88.000000000,5.143899918,15.519289970,-0.480924129,-19.047935486,7.174772739,-8.338566780,-2.522430420,-5.000000000,5.000000000,-20.747772217,7.689553261,2.195663452,-6.756426334,2.691111088,-5.000000000,3.145341635
13,259.991,1786752407559.040,29365481.440,0.000000000,-70.901542664,-14.075833321,-6.117515087,-25.218204498,-2.344388008,-0.000848785,52.373229980,-14.840682030,-2.867029428,33.045989990,2.252500772,0.319559187,72.430839539,6.108590126,17.317600250,7.266038895,-14.282843590,4.530086517,-3.159706831,-1.194335103,-5.000000000,3.635218859,-25.000000000,0.338470131,0.159246027,-0.385687023,-3.141465187,-5.000000000,0.447095454
14,279.990,1786752407579.038,29365501.438,0.000000000,-29.899425507,-19.127737045,5.853737831,-1.626032710,1.576171875,-0.171151459,6.135672569,-19.118207932,39.598442078,-1.920644164,-0.276185125,-1.191799641,-37.738899231,11.066714287,6.302838802,-1.271290898,8.738636017,-5.310176849,-1.905976653,2.070568085,-0.993036270,-0.957023203,-15.653296471,4.695449352,-1.408017516,-5.482442856,-0.587683320,-5.000000000,-1.288616657
15,299.985,1786752407599.034,29365521.434,0.000000000,-29.715059280,45.850898743,-2.749408484,22.444269180,3.585397959,-0.811954975,11.597684860,-49.599384308,7.587763786,14.498705864,3.134230137,0.168046311,44.053352356,11.491009712,25.134122849,-2.299769163,5.283463955,-1.451321602,5.345666409,-2.097103834,0.122867987,-0.602346659,-25.000000000,-3.523174047,-3.512918234,-5.145230770,-1.575241208,-5.000000000,-0.119536035
16,319.992,1786752407619.040,29365541.440,0.000000000,-43.495742798,6.806056976,-13.552725792,-21.118759155,-0.008753346,-0.402364254,10.397067070,-30.745748520,1.525242448,-3.752845764,1.376542687,0.113914952,88.000000000,4.202908993,37.030452728,6.380482197,-10.222539902,4.010296822,7.527018547,-0.437797815,2.766100407,-0.303613275,-25.000000000,-5.526786327,-5.356137276,2.771942854,-3.492655516,-5.000000000,-0.343477190
17,339.990,1786752407639.039,29365561.439,0.000000000,-69.247764587,-4.545613289,-5.783724308,-4.740067959,-0.042048056,0.193810865,32.564716339,-13.030360222,-11.010443687,19.954372406,1.819274545,0.509624720,88.000000000,-5.584441662,39.654415131,15.805847168,-13.186532021,5.225360394,5.724703789,-0.390934139,3.376564026,1.331137538,-25.000000000,-4.717534065,-6.990890026,4.219514370,-6.492026329,-5.000000000,-2.051637411
18,359.990,1786752407659.039,29365581.439,0.000000000,-66.071060181,5.211516857,-3.082794428,6.466202259,-0.544359505,0.404343694,41.338024139,-24.681455612,12.005735397,13.523680687,-0.259047955,0.217730746,12.942414284,-10.269675255,30.306713104,16.164575577,0.808102667,1.880294681,7.927019596,-1.594172120,3.036960602,1.041546106,-25.000000000,-4.516388416,-8.812123299,-3.525569439,-6.223941803,-5.000000000,-3.714813232
19,379.991,1786752407679.040,29365601.440,0.000000000,-30.884471893,26.660186768,-4.020071983,10.863684654,-0.107865900,0.487557590,7.377849102,-23.771621704,24.744174957,-6.995810032,-0.312855095,-0.777826667,-26.305437088,-7.692945957,17.760910034,4.311998367,8.020400047,-3.599751949,6.634241581,0.159165859,2.295560598,-1.100128174,-25.000000000,-4.187291145,-12.265586853,-8.023313522,-3.913422108,-5.000000000,-4.691666126
20,399.987,1786752407699.036,29365621.436,0.000000000,-13.371792793,-0.902555883,-6.796356201,-8.173003197,0.391521156,0.207851440,-10.807510376,-6.136524677,2.961724043,-5.535910606,-0.560750008,0.089034818,20.762147903,0.425056458,17.559032440,3.047734499,-0.256179303,-1.339884400,4.307639599,-0.715188801,1.779115200,-1.905332565,-25.000000000,-5.218127728,-10.670116425,-5.437866688,-3.362317562,-5.000000000,-4.334428787
21,419.987,1786752407719.035,29365641.436,0.000000000,-10.288064957,-36.198501587,6.413777828,1.064021468,1.753513932,-0.241980955,-8.217128754,6.582515717,-17.909297943,-22.385860443,-0.988213897,-0.007877843,73.009208679,3.523738146,19.927696228,7.034089088,-10.866984367,1.246573806,2.948405981,0.033155028,1.659860253,-0.440447360,-25.000000000,-4.891859531,-11.317447662,0.287592024,-4.625712395,-5.000000000,-2.731142759
22,439.988,1786752407739.037,29365661.437,0.000000000,-32.901561737,-43.782066345,15.167551041,5.884842396,0.615592182,0.282623589,9.540189743,14.666434288,-12.432455063,5.290074348,0.005832614,0.193635419,44.337181091,4.766401768,17.666738510,8.752491951,-9.552921295,0.656564891,1.621438384,-0.954934239,0.366770387,0.875688970,-25.000000000,-3.954034567,-10.572361946,2.927136183,-6.340531826,-5.000000000,-3.414336920
23,459.989,1786752407759.037,29365681.438,0.000000000,-29.002462387,-6.137362480,17.151296616,2.948774815,-0.377437294,-0.343428940,17.178930283,2.657414436,6.582553387,14.576853752,1.339873195,-0.091878578,3.236277819,2.842247486,11.514299393,6.746827126,-0.911042929,-2.427532196,2.787954569,-0.294445783,0.818688393,-0.127533406,-25.000000000,-8.817957878,-12.200916290,-1.237939000,-5.272706985,-5.000000000,-4.724004745
24,479.990,1786752407779.039,29365701.439,0.000000000,-23.926425934,-8.071846962,6.265585423,5.761233330,0.691030085,0.384296060,3.298898935,1.373709083,-0.373166144,0.612932622,0.034641147,0.174996898,17.375066757,0.271919787,14.206353188,3.637427568,-1.813917041,-1.113860011,2.344788790,-0.110680312,1.006995201,-0.377620786,-25.000000000,-12.187109947,-14.579759598,-2.822849035,-4.441441536,-5.000000000,-4.164216518
25,499.989,1786752407799.038,29365721.438,0.000000000,-19.171821594,-24.821359634,7.510515213,-1.523486137,0.059369639,0.142424732,-0.265571296,5.284422398,-11.525997162,-3.677801371,-0.321176499,0.122915454,46.636604309,-3.601707697,20.328922272,4.877436161,-5.811470032,0.903385580,2.313361883,-0.132258892,0.654189348,0.233043164,-25.000000000,-12.447745323,-13.320277214,-1.268765330,-4.132865429,-5.000000000,-3.005421400
26,519.989,1786752407819.038,29365741.438,0.000000000,-32.140613556,-34.829025269,5.999755859,1.549770832,0.262853563,0.348895341,8.397869110,8.244892120,-6.121645451,4.712916374,0.313451707,-0.006473104,43.669467926,-7.368926048,20.247106552,5.021080971,-3.612241983,1.128788114,3.874661446,-0.360623091,0.832250834,0.241377398,-25.000000000,-12.483942032,-12.375467300,-0.454920053,-5.245038033,-5.000000000,-3.168165207
27,539.989,1786752407839.038,29365761.438,0.000000000,-36.141605377,-23.449844360,6.826395512,1.724691987,0.048569035,0.167376265,12.848582268,-0.089060180,0.314465284,7.188257217,0.297331095,-0.072539523,39.501358032,-7.724776745,22.532930374,4.020067692,-1.350533485,1.721314788,3.892889977,-0.319079220,1.010231256,0.427566767,-25.000000000,-12.966635704,-11.883273125,-0.583921671,-5.034486294,-5.000000000,-3.586506605
28,559.992,1786752407859.041,29365781.441,0.000000000,-40.247112274,-16.210102081,4.059380531,2.198398590,0.506240368,0.072847962,12.913146019,-7.540753365,1.387399912,1.802232027,0.327737898,0.080791354,43.399581909,-9.199352264,24.582807541,3.551640034,-1.207411766,2.864548683,2.893023014,0.047197271,0.830306888,0.686589181,-25.000000000,-13.546810150,-11.397895813,0.334435284,-5.176805496,-5.000000000,-3.421635389
29,579.990,1786752407879.039,29365801.439,0.000000000,-31.956953049,-20.704584122,6.349630356,-2.043589115,-0.156911165,0.085518494,7.839825153,-11.447381973,-1.511613250,1.252077579,1.570885301,-0.333219945,55.087547302,-12.515056610,27.901227951,4.256086826,-2.590141773,3.117588997,2.205173254,0.281751037,0.519926429,0.767873347,-25.000000000,-13.490995407,-10.717864990,1.866134882,-5.634306908,-5.000000000,-3.036233902
30,599.988,1786752407899.037,29365821.437,0.000000000,-32.178825378,-20.630355835,2.175061226,6.322552204,0.962884426,0.309039086,10.796701431,-10.997974396,-4.208431721,6.325192451,0.552713275,0.301189154,50.786346436,-10.813144684,26.594373703,4.297365189,-1.245148182,2.400517941,2.970974445,-0.144425064,0.566544116,0.681552708,-25.000000000,-13.489161491,-8.842344284,1.098279119,-5.056124687,-3.084898949,-3.140381813
31,619.990,1786752407919.039,29365841.439,0.000000000,-33.337337494,-9.099993706,-0.465829521,2.174672365,0.355030239,0.293942750,13.537587166,-12.008740425,1.313961744,6.657434464,0.222913533,0.363010406,35.129497528,-7.961677074,23.239652634,3.100143671,1.998942971,1.721507311,2.916234970,-0.412119061,0.704771280,0.525528848,-25.000000000,-13.656103134,-7.660550594,1.107019067,-6.092872143,-3.098745584,-4.106798172
32,639.988,1786752407939.036,29365861.436,0.000000000,-30.336576462,-3.865744829,0.394626141,-1.360184073,-0.272196740,-0.091643624,9.784468651,-14.070219994,5.728543282,1.914782643,-0.070229076,0.105398498,31.999286652,-6.081462383,19.562211990,1.692039728,2.816724062,2.198528767,1.436584830,0.009477281,0.510456026,0.531820714,-25.000000000,-14.602833748,-8.048916817,1.393519044,-5.623099804,-2.772761822,-4.239292622
33,659.988,1786752407959.037,29365881.437,0.000000000,-27.340463638,-12.271455765,2.568142891,3.669579983,0.556257069,-0.262600929,8.309823990,-11.206812859,3.912155867,-1.142293334,0.291498005,-0.186829478,38.917182922,-4.958353043,18.474725723,1.325927615,1.246240973,2.082976103,0.532531500,0.395291269,-0.006729052,0.473880202,-25.000000000,-15.786220551,-8.434614182,2.393831253,-5.979918957,-2.641683817,-4.206799507
34,679.987,1786752407979.036,29365901.436,0.000000000,-27.926244736,-16.137247086,3.237742186,6.545577049,0.698726475,-0.057665925,6.569215298,-11.468903542,0.100337252,2.046945095,-0.026164789,-0.101302333,37.054252625,-3.420832157,15.650741577,1.007333875,1.567036152,1.660817862,0.552873850,0.205810770,-0.135201290,0.459594846,-25.000000000,-16.600088120,-9.118574142,3.194582939,-3.940127611,-2.729929447,-3.971626520
35,699.987,1786752407999.035,29365921.435,0.000000000,-24.108602524,-11.305074692,1.859867930,2.350041628,0.278145820,0.021141749,3.497089624,-9.862655640,-1.751806259,4.288695812,0.178770259,0.215259895,28.822593689,-1.658481598,12.915903091,0.603663385,3.598316669,1.330382943,0.414909035,-0.287148476,-0.215642467,0.266262710,-25.000000000,-16.712326050,-9.750136375,2.431238413,-3.732475758,-2.164805412,-3.801283360
36,719.987,1786752408019.035,29365941.435,0.000000000,-20.840927124,-8.571710587,0.245339274,0.911760926,0.175524563,-0.133164421,0.084988862,-10.567820549,-1.628902555,2.310585737,0.024345098,0.222682849,27.732635498,-0.220276028,13.651503563,0.070081234,3.914685249,1.479948759,0.380822659,-0.296044916,-0.254727751,0.185084388,-25.000000000,-16.898607254,-10.098939896,2.143801451,-3.081711531,-1.784971476,-3.957146883
37,739.987,1786752408039.036,29365961.436,0.000000000,-16.394617081,-7.960643768,0.258328587,0.748257816,0.281837344,-0.133230418,1.105760217,-11.824760437,-0.328002691,-0.271230221,-0.225168124,0.155097827,30.643722534,0.853179991,15.649971008,0.207615167,3.100636482,1.895115376,0.166711479,-0.097692542,-0.401346058,0.172862470,-25.000000000,-17.480558395,-10.696050644,2.370973587,-3.016124725,-1.640403748,-4.188926220
38,759.987,1786752408059.036,29365981.436,0.000000000,-16.751100540,-8.840945244,0.047878418,2.105005980,0.292273879,-0.100282855,1.316924095,-11.809661865,-0.792089581,-0.273689717,-0.223186642,0.215042844,31.492292404,1.416839600,14.687844276,0.586408973,2.779190540,1.863851905,0.514239967,-0.194225997,-0.341060966,0.197430983,-25.000000000,-17.565572739,-10.678589821,2.570127487,-2.924801111,-1.571093440,-4.129549503
39,779.987,1786752408079.035,29366001.435,0.000000000,-16.529762268,-9.594775200,0.685717762,1.577242494,0.288747519,-0.108694986,3.063660860,-11.892088890,1.330592513,3.486112595,0.048866872,0.174705505,28.819597244,2.594435692,12.852251053,0.772048593,2.914075136,1.365035176,1.148907661,-0.325751394,-0.051450543,0.239648178,-25.000000000,-17.505907059,-10.905250549,2.065534830,-2.681679726,-1.472725987,-3.952792406
40,799.990,1786752408099.039,29366021.439,0.000000000,-15.315795898,-7.472377777,0.969638765,1.180803776,0.212377504,-0.067497827,4.740625381,-11.238272667,2.635508776,5.312380791,0.243845180,0.149103418,26.330850601,2.998889208,11.979930878,0.747614205,3.272405624,1.039866805,1.854654670,-0.338102609,0.211166516,0.225316927,-25.000000000,-17.824323654,-11.172392845,1.854220033,-2.374816656,-1.490973949,-3.816618681
41,819.989,1786752408119.037,29366041.438,0.000000000,-17.698375702,-5.586979866,0.156508297,2.277025700,0.179281682,-0.117756985,1.075352907,-13.764739037,1.993896246,2.899479628,0.038162485,0.176074401,26.841684341,3.031833887,8.665760994,1.005734444,3.024765968,1.205580235,1.486040473,-0.156544670,0.460953981,0.206854448,-25.000000000,-17.824064255,-10.688365936,2.412842751,-2.010866642,-1.187004566,-3.225816965
42,839.988,1786752408139.037,29366061.437,0.000000000,-10.978209496,-4.027286530,0.604158103,2.263933897,0.257178396,-0.155193552,2.188011885,-13.093456268,1.295586228,0.445669323,0.169599384,0.184186906,29.707490921,3.729516506,9.910394669,1.063589811,2.510270119,1.213092923,1.397423029,-0.287398875,0.332823426,0.126562163,-25.000000000,-17.276754379,-11.180550575,2.575582743,-2.380955935,-1.404611588,-3.499017477
43,859.986,1786752408159.035,29366081.435,0.000000000,-9.979658127,-6.019148350,0.630846143,2.454832554,0.254273742,-0.128024608,1.490705490,-12.656394958,1.370234609,1.837120414,0.246741921,0.183316112,29.959671021,4.934746742,8.312918663,1.098578453,1.962803245,1.086212993,1.464637995,-0.298251987,0.362488359,0.171955615,-25.000000000,-17.164264679,-11.396502495,2.486998320,-2.203653812,-1.414491773,-3.449595928
44,879.987,1786752408179.036,29366101.436,0.000000000,-14.274315834,-7.270893574,0.675656140,3.114357233,0.255657196,-0.029949743,0.119311497,-16.735288620,2.637721539,6.259757042,0.335004747,0.150766239,25.415203094,5.458254814,5.471756935,1.551188350,2.272285938,1.144679904,1.385887742,-0.400858015,0.503608704,0.247771010,-25.000000000,-16.900453568,-10.979980469,2.196479082,-1.839261413,-0.917408049,-2.937439680
45,899.987,1786752408199.036,29366121.436,0.000000000,-12.764408112,-2.594072580,1.048845172,2.296493530,0.113477260,0.103543997,2.651289940,-16.468132019,4.158349991,6.581558228,0.335158408,0.135716379,22.970460892,5.822985649,7.159928799,0.965862215,3.087133169,1.263725400,1.531303883,-0.371845335,0.463278294,0.270851970,-25.000000000,-17.150178909,-11.932498932,1.785468459,-2.436873913,-1.171276927,-3.468173742
46,919.987,1786752408219.035,29366141.436,0.000000000,-12.511515617,-0.866855502,-0.230551749,1.836386919,-0.076321445,0.134973913,2.279926062,-17.886108398,3.984287977,3.646131277,0.126337677,0.152982369,23.625915527,5.176667690,7.172149658,0.828400552,3.347146511,1.366726279,1.108848214,-0.257806599,0.360573411,0.228420869,-25.000000000,-17.152454376,-11.874438286,1.669925570,-2.409579277,-1.164185047,-3.420176029
47,939.987,1786752408239.036,29366161.436,0.000000000,-13.230872154,-1.184001446,-0.882606864,2.423652887,-0.083030246,0.000487909,0.303626597,-16.433469772,3.461701155,0.963246763,0.166296005,0.162524715,26.954931259,4.962075233,6.436507702,1.082063556,3.091554880,1.619232893,0.653831959,-0.189770624,0.173258200,0.191751674,-25.000000000,-16.774028778,-11.781692505,1.938762069,-2.040187836,-1.300348520,-3.372858047
48,959.988,1786752408259.036,29366181.436,0.000000000,-11.375782967,-2.289732695,0.164167166,2.980758429,0.042491701,0.127230331,2.799933195,-15.760703087,4.563362122,2.883257866,0.363631338,0.118704744,26.960391998,5.521807671,6.705845833,1.075761437,2.824487686,1.382889628,1.003799438,-0.230851561,0.189264238,0.142331794,-25.000000000,-16.770343781,-12.255845070,1.857006431,-1.970480919,-1.427597404,-3.398951292
49,979.987,1786752408279.035,29366201.436,0.000000000,-12.462533951,-3.512815475,1.024433017,2.847266912,0.009374467,0.205627963,3.757918119,-15.237493515,5.381021500,4.647900105,0.472857893,0.026058206,24.320224762,5.812019348,6.516026020,0.810051382,2.892015219,1.231543422,1.382215381,-0.309567750,0.306792587,0.173418716,-25.000000000,-16.969982147,-12.532515526,1.701233864,-1.583810925,-1.360320210,-3.281617403
50,999.996,1786752408299.044,29366221.445,0.000000000,-10.408869743,-3.062591076,0.783275425,2.328456640,-0.024941551,0.193423852,3.350860834,-14.837772369,4.630163670,3.243884087,0.463243902,0.046302196,24.741365433,5.484112263,6.257588863,0.857676029,2.725594521,1.217603564,1.491690516,-0.364571661,0.324472666,0.172620922,-25.000000000,-16.922391891,-12.703872681,1.758466005,-1.729767919,-1.292806387,-3.241779804
51,1019.988,1786752408319.036,29366241.437,0.000000000,-10.036241531,-3.756369114,-0.154969722,3.066989899,-0.009336204,0.051424794,-0.769649804,-14.753102303,3.270359993,0.599470973,0.296426833,-0.010760125,27.292940140,5.777102470,5.060229778,1.417819619,2.108260393,1.282714367,1.406833887,-0.305820227,0.405833840,0.098283909,-25.000000000,-16.363801956,-12.709634781,2.031457663,-1.728493929,-1.146218896,-3.077887297
52,1039.990,1786752408339.039,29366261.439,0.000000000,-7.251360893,-4.769691944,-0.109997347,3.058090448,0.025329823,0.129420131,0.425904036,-13.961295128,2.817813873,1.901027441,0.377701581,-0.024168003,27.385219574,6.187272072,5.127717972,1.607304931,1.553261757,1.181937814,1.758466721,-0.400820911,0.484722763,0.066407852,-25.000000000,-16.171613693,-13.052315712,1.954444766,-1.745669127,-1.176099420,-3.189840555
53,1059.990,1786752408359.039,29366281.439,0.000000000,-8.467849731,-4.470792294,-0.064230412,4.007502556,0.008418201,0.307362765,2.130103827,-13.144065857,1.833709955,5.366400719,0.509503067,0.184403792,21.960374832,5.196931839,4.020184517,1.382167459,2.225050211,0.833477259,2.520410776,-0.551853478,0.526705861,0.171229899,-25.000000000,-16.560976028,-13.097043037,1.463106751,-1.448740721,-1.329389215,-3.341419935
54,1079.987,1786752408379.036,29366301.436,0.000000000,-8.330852509,-0.891146004,-0.882888436,1.927730083,-0.152298242,0.288052261,3.012448788,-13.690032959,3.747183323,3.791737318,0.038117260,0.179304987,16.075963974,4.044790745,3.282126427,0.770853758,3.749950171,0.770007014,2.143257618,-0.292590946,0.517590940,0.231305778,-25.000000000,-16.656763077,-13.234022141,1.337802291,-1.210205793,-1.362838268,-3.658773184
55,1099.990,1786752408399.039,29366321.439,0.000000000,-5.083310127,-2.297623396,-0.530801892,2.157135963,0.027145367,0.008813834,0.515008926,-13.286245346,2.115163088,2.014003515,0.534358144,-0.275707692,23.890209198,4.819916248,4.830745697,0.252301276,2.239234686,0.957969069,1.690586329,-0.095356792,0.482317775,0.113508537,-25.000000000,-16.549167633,-13.839739799,1.829298496,-1.423744202,-1.051403642,-3.830805540
56,1119.990,1786752408419.039,29366341.439,0.000000000,-6.946425915,-6.156087399,-1.092964888,2.578842163,-0.043655146,-0.058490638,-3.567939520,-13.740585327,-0.103260815,0.419923961,0.158167168,-0.161926478,29.801418304,5.836017609,4.485532761,1.312419653,0.793824553,1.165384293,1.654323816,-0.116317935,0.487792015,0.111248039,-25.000000000,-16.213041306,-13.356901169,2.357945204,-1.245395541,-0.678097069,-3.475430489
57,1139.988,1786752408439.037,29366361.437,0.000000000,-6.307168007,-3.999279261,-0.759257793,3.045266151,0.048080057,0.291738003,0.302356422,-13.759769440,2.305174351,5.201616287,0.208794817,0.162729695,21.240539551,5.619230270,3.293355942,1.291578770,2.047674417,0.748514116,2.434097767,-0.466221303,0.581497610,0.177511439,-25.000000000,-16.593223572,-13.794217110,1.663740873,-1.189717650,-0.820660472,-3.599737167
58,1159.987,1786752408459.036,29366381.436,0.000000000,-7.857336521,-1.093516707,-1.643442273,2.240607262,-0.064174347,0.273777187,-0.238663748,-14.865563393,3.609158754,3.618384838,0.097086683,0.127224550,18.245042801,5.038095951,2.358826399,0.896649301,3.050891638,0.798016250,1.706057906,-0.246547088,0.476497024,0.159790114,-25.000000000,-16.609519958,-13.918947220,1.788617849,-0.938736022,-0.714042783,-3.557109356
59,1179.990,1786752408479.038,29366401.438,0.000000000,-1.374525785,-4.715864182,-1.115728498,1.251101613,0.325531751,-0.226597786,-3.383936405,-13.867812157,0.511390567,-2.610220909,0.279399425,-0.266272843,29.974210739,7.386337757,5.728725433,1.062837362,0.478009313,1.335626841,1.339702845,-0.020952592,0.497638345,0.039320949,-25.000000000,-16.135541916,-14.033013344,2.698235989,-1.348599076,-0.421221375,-3.754710913
60,1199.987,1786752408499.036,29366421.436,0.000000000,-5.894474506,-7.523382187,-0.204758152,3.059692144,0.206988454,0.163156062,-1.121619225,-14.497532845,1.690396309,4.944903374,0.544790089,-0.154977247,27.250297546,7.233090401,4.430601120,1.820139170,0.192737237,0.981970608,2.512956619,-0.330334216,0.620005906,0.239042774,-25.000000000,-16.300205231,-13.871017456,2.377235651,-0.825961053,-0.172300875,-3.468054771
61,1219.985,1786752408519.034,29366441.434,0.000000000,-7.691909790,-2.311749458,-1.345663905,3.322109222,-0.117812954,0.395105332,1.319222450,-15.184113503,3.551109791,7.098039627,0.009523286,0.221065909,12.925613403,5.832528114,1.289896250,1.516228914,3.626846552,0.409496456,2.849710226,-0.550502777,0.692560434,0.296650350,-25.000000000,-16.485683441,-13.815738678,1.310721517,-0.575101376,-0.329115331,-3.564561605
62,1239.987,1786752408539.036,29366461.436,0.000000000,-0.447932661,-1.734917998,-1.803055167,2.257515907,0.127049908,-0.231727093,-1.404374123,-12.327979088,1.555357099,0.795845926,0.512268662,-0.283775270,21.948022842,6.493157387,3.890534163,0.842386305,1.999042988,1.015174985,2.111242294,-0.177771330,0.752680063,0.134720653,-25.000000000,-15.892462730,-14.454585075,2.147770166,-1.077040434,-0.150809661,-4.006632805
63,1259.989,1786752408559.037,29366481.438,0.000000000,0.474763811,-13.350088120,-0.176216677,0.751350880,0.323328495,-0.283176363,-4.066377163,-13.507292747,-0.479185969,-5.092760086,0.323904246,-0.317448974,41.623878479,9.129209518,6.195509434,2.048782825,-2.733348608,1.665253043,1.591431975,0.247315779,0.656583428,0.069683507,-25.000000000,-15.529064178,-14.548618317,3.848826170,-1.483914614,0.478734553,-3.743036985
64,1279.987,1786752408579.035,29366501.435,0.000000000,-8.160406113,-6.400555611,1.172201991,3.966388226,-0.217820540,0.551176190,2.051960707,-15.511230469,3.479013920,10.872652054,-0.154739261,0.383555621,14.827763557,6.474976063,-0.034067620,3.141136169,2.606747150,0.699101090,3.287863016,-0.637907207,0.592956543,0.457021832,-25.000000000,-16.208721161,-13.418983459,1.883633971,-0.241203219,0.478530914,-3.229699850
65,1299.986,1786752408599.035,29366521.435,0.000000000,-3.422420740,7.766637325,-6.752348423,4.678643227,-0.548135340,0.583862543,5.453906059,-9.968305588,12.188337326,7.712930202,0.039660498,0.036934115,-18.233390808,2.192720175,-10.759799004,-2.445562363,13.798795700,-1.468995690,0.199834526,0.903977096,0.146369427,0.135796711,-25.000000000,-14.983873367,-14.946352005,-1.476920605,0.644496620,-0.416938365,-4.596683025
66,1319.984,1786752408619.032,29366541.433,0.000000000,12.668263435,-24.520719528,-3.350560665,-9.415801048,1.438632607,-0.848970354,-1.779898286,-6.456358433,-13.147058487,-17.045297623,0.516606748,-0.428828895,52.999813080,7.927556515,4.870604992,-0.696557105,-3.033607721,2.055291176,-2.036055088,0.630969942,-0.163255021,-0.808738053,-25.000000000,-11.959713936,-15.144872665,4.865108490,-2.532415152,1.846740961,-5.000000000
67,1339.988,1786752408639.036,29366561.436,0.000000000,-0.846821368,-38.180259705,7.099472523,7.300961018,0.092897795,-0.125002429,-5.432804108,-1.339243650,-8.793512344,-1.820294499,-0.680121839,0.222666875,68.350120544,9.630894661,4.646484375,5.205550671,-9.173311234,2.408017874,2.597108126,-0.214440256,-0.001520553,0.523386538,-25.000000000,-13.122529984,-11.844897270,5.935051441,-2.938246489,2.349438906,-3.460714579
68,1359.988,1786752408659.037,29366581.437,0.000000000,12.610610962,-21.207176208,-1.250577807,7.359252453,-0.911835551,1.103536606,-20.856132507,66.296913147,12.174788475,-4.191743374,-0.979441106,-0.530179501,-81.057601929,9.537732124,-10.300987244,-5.687579155,19.838535309,-4.744951248,-4.483195305,2.485894680,0.157630935,-1.411356688,-20.791080475,1.726828098,-13.168639183,-3.055797815,0.900253892,0.921165943,-5.000000000
69,1379.989,1786752408679.038,29366601.438,0.000000000,34.336711884,-24.269153595,-3.875643492,-8.446665764,1.218108177,-0.155267179,8.239866257,-1.999078274,-14.729097366,10.677335739,2.331354856,0.226090282,66.207405090,17.150131226,11.605310440,1.513044238,-6.334078312,1.467462659,-1.635385633,-0.685784757,-0.773745060,-0.307576478,-25.000000000,-7.478011608,-10.711778641,1.823438764,-3.595903635,0.851300895,-4.986316204
70,1399.996,1786752408699.045,29366621.445,0.000000000,-17.321428299,-25.475948334,15.141455650,8.515275955,0.755684018,-0.244047791,13.440036774,-18.968971252,1.163477540,17.294603348,1.446353793,0.128104627,60.889560699,11.513496399,13.595050812,6.151502132,-9.282727242,4.424369335,6.147997379,-1.822857499,0.894649804,1.831267953,-25.000000000,-9.568964958,-13.120583534,2.225050211,-3.361614227,0.180813462,-4.104714870
71,1419.987,1786752408719.036,29366641.436,0.000000000,4.283812046,-88.000000000,1.822411299,0.414483309,-3.282260180,0.787538171,-6.858894348,26.138860703,18.407001495,-8.753114700,-4.863298416,-0.319823742,-88.000000000,5.193774700,3.617245436,-1.986858606,17.080688477,-2.301934958,3.055893898,4.003068924,1.759716392,0.352258563,-24.406412125,2.726499319,-12.566334724,-3.003654003,0.234049097,0.400563091,-5.000000000
72,1439.986,1786752408739.035,29366661.435,0.000000000,41.835632324,18.483406067,-4.932394505,6.038631439,4.595508575,-1.431004286,-1.316606283,-12.851383209,-26.720729828,-13.538352013,2.479585171,-0.160899207,84.781738281,16.547273636,17.182985306,1.932778597,-7.138136387,2.615038633,0.107757658,-1.660919070,0.936147630,-0.254428804,-25.000000000,-4.707521439,-11.334820747,1.450621128,-4.957639694,-0.672952056,-5.000000000
73,1459.989,1786752408759.037,29366681.438,0.000000000,-20.157707214,-16.008008957,0.535818160,1.211248398,1.540224671,0.008088999,13.022784233,-36.419025421,-7.726154327,26.458112717,2.930911541,0.875628173,82.972244263,7.743543148,12.258893967,8.956273079,-9.916563034,4.716581345,5.864923954,-2.542344093,0.866930366,2.022152901,-25.000000000,-8.166818619,-12.609724998,0.545892358,-7.006689548,-1.431983471,-4.627455711
74,1479.991,1786752408779.039,29366701.439,0.000000000,-26.862773895,-29.189517975,11.096819878,10.422708511,-0.290992528,0.471203983,14.035446167,-14.479320526,7.787010193,12.551858902,0.969381332,0.094481014,48.426288605,8.292751312,10.186614037,13.683136940,-5.911503792,5.542166710,8.897113800,-2.185395479,2.690693140,1.847852945,-25.000000000,-12.246074677,-4.619368076,1.938964367,-2.375538826,-0.184524968,-3.244743109
75,1499.991,1786752408799.040,29366721.440,0.000000000,-4.971260071,-16.513416290,-3.972995758,25.847215652,-0.879359126,0.895409107,-0.683663309,8.237728119,26.927505493,-4.224062920,-2.936573505,-0.384145111,-53.486156464,4.127581120,-9.251464844,3.045934677,15.845026016,0.340390593,2.875579119,3.453330755,1.943909883,0.082483314,-25.000000000,-7.644325733,-9.854765892,-5.839350224,2.590557575,-2.792826414,-3.970854282
76,1519.989,1786752408819.038,29366741.438,0.000000000,14.883068085,-12.491212845,-11.500946045,-18.009738922,3.095691204,-1.225838065,-3.693107605,-24.340061188,-17.470443726,-14.782730103,0.515069246,-0.281023324,72.707008362,11.093654633,7.812623501,2.332897425,-6.950792313,2.523422718,-0.127088845,-0.041863400,0.461751401,-0.169707432,-25.000000000,-7.842896461,-10.008264542,0.583624363,-3.203832626,-1.607299805,-3.441511393
77,1539.992,1786752408839.041,29366761.441,0.000000000,-14.081142426,-30.919790268,8.929498672,-12.124812126,-1.663512826,0.450275600,9.555882454,-13.212584496,-14.608450890,7.504696846,1.264363408,0.523225963,81.975463867,9.083036423,8.217400551,11.636351585,-8.827919006,6.373812199,-1.320855021,-1.445390701,-1.147701025,1.667996645,-25.000000000,-9.696041107,-10.467209816,0.267197609,-4.161890507,-1.764645934,-3.323040962
78,1559.989,1786752408859.037,29366781.437,0.000000000,-23.431230545,-22.359188080,12.480318069,20.218811035,0.914256990,0.511922777,20.462959290,-13.263072968,7.648056984,29.772323608,0.874039114,0.223144159,17.644361496,6.391759396,4.493062973,14.754041672,3.209495783,3.797412634,6.168002129,-1.225324988,0.560880065,1.515984893,-25.000000000,-14.023633003,-9.709735870,-3.681493759,-1.650729537,-2.594901323,-3.895425320
79,1579.991,1786752408879.040,29366801.440,0.000000000,5.573911190,2.499060631,-6.107860088,16.394371033,1.269864917,0.251330167,-3.917125225,3.146100760,18.952442169,1.987605333,0.163558021,-0.656491697,-33.506980896,2.225628614,-14.117337227,-2.932957649,19.590820312,0.877594590,0.679890275,1.594584227,0.749619663,-0.626285732,-24.475664139,-9.616301537,-11.626437187,-7.181821823,-0.949486375,-4.273684025,-4.703065395
80,1599.994,1786752408899.042,29366821.442,0.000000000,-1.155932426,-15.327073097,-6.845091343,-19.773506165,-0.816646993,0.036756184,-9.367740631,-13.040628433,-16.207353592,-11.042883873,-0.819759011,0.585773885,71.903755188,9.216382980,4.729254246,2.783762455,-4.576388359,5.717520237,-1.627946377,0.106655672,-0.742490411,0.994884670,-25.000000000,-11.277784348,-9.013132095,-2.909566402,-3.632414103,-1.985506654,-4.482647419
81,1619.988,1786752408919.037,29366841.437,0.000000000,-17.483488083,-29.845541000,12.633752823,-7.030043602,-0.743860245,0.060025129,9.165689468,-11.323532104,-7.956090450,8.067955017,0.671662748,0.466285348,71.446685791,8.022306442,9.780735016,11.999087334,-5.371042728,6.008686066,2.056357145,-0.611424685,-0.323508590,1.885458469,-25.000000000,-10.725106239,-10.396614075,-0.670135856,-5.135541439,-2.563370466,-4.448489189
82,1639.987,1786752408939.036,29366861.436,0.000000000,-18.039215088,-3.643214464,1.129051566,17.873817444,-0.336894035,0.755029976,17.750251770,-21.217130661,18.696933746,31.749822617,0.216474995,0.043816511,-11.066130638,6.622437000,-5.070044518,10.539573669,11.123625755,1.188881278,4.221145153,-0.811829329,0.425191462,1.227097869,-25.000000000,-15.359644890,-9.330089569,-6.204340935,-1.493440032,-4.169978619,-4.434742451
83,1659.986,1786752408959.035,29366881.435,0.000000000,-2.668389320,13.709596634,-9.875388145,6.259119987,0.774527490,0.112675563,-2.327490330,-21.084592819,12.762355804,0.169792861,-0.240897074,-0.167669520,4.959903240,7.501692772,0.548374653,2.999090672,8.410233498,3.459340572,4.611296654,-0.614593446,1.721669078,0.107382111,-25.000000000,-15.035020828,-9.942637444,-5.859564304,-3.552628279,-3.786233425,-4.744493961
84,1679.995,1786752408979.043,29366901.444,0.000000000,-2.544168711,-15.144088745,-3.447676897,-13.845424652,0.160575092,-0.497616231,-2.960527420,-23.636573792,-5.669129848,-11.235503197,0.794333041,-0.282119185,60.238437653,10.497203827,5.389963627,2.946367502,-4.019910812,6.864689827,1.241158247,0.515954256,0.858554721,1.139863253,-25.000000000,-12.527216911,-11.551749229,-0.624956131,-2.634065628,-3.009146690,-5.000000000
85,1699.987,1786752408999.036,29366921.436,0.000000000,-4.180308342,-26.141563416,10.249612808,10.547694206,0.139002234,0.376052409,2.033864498,-5.843822956,-5.746688366,-2.428014040,0.431268424,-0.120923966,57.999004364,7.841588974,4.609296799,9.712319374,-2.550865889,4.997148514,2.131498814,-0.375705332,-0.136475191,1.189091206,-25.000000000,-12.205537796,-10.813637733,1.091346622,-2.220553398,-2.498965025,-5.000000000
86,1719.986,1786752409019.035,29366941.435,0.000000000,-9.860472679,-5.511883736,1.691844583,13.530976295,0.331216723,0.562882841,12.221029282,-11.298751831,5.702424526,19.880546570,-0.018118571,0.321095973,5.388896465,3.856232882,-4.429128647,10.319075584,8.622296333,1.921209574,3.616344690,-0.846422195,0.366728365,0.794864595,-25.000000000,-13.530783653,-10.571116447,-3.796734333,-1.955375791,-2.222546577,-4.964371204
87,1739.987,1786752409039.036,29366961.436,0.000000000,-2.611161232,11.168388367,-6.186587811,5.311535835,0.005242433,0.336168826,2.946132898,-13.304486275,11.594140053,2.440871239,-0.292797089,-0.151250690,-9.356482506,1.546146631,-8.674633026,1.582187533,12.884136200,1.679851174,1.996097803,0.234689400,0.646884680,0.069102302,-25.000000000,-12.555408478,-13.016794205,-5.378007889,-2.291204929,-3.189476013,-5.000000000
88,1759.987,1786752409059.036,29366981.436,0.000000000,5.578057289,-13.083792686,-1.477455139,-12.706004143,0.237842679,-0.684531212,-2.901453972,-12.588750839,-8.736346245,-13.513650894,0.130395189,-0.199581265,41.940155029,5.422100544,1.766780257,2.151983738,-0.649080396,6.576269627,-0.388806850,0.262466431,-0.070703022,0.646005392,-25.000000000,-12.157554626,-13.369651794,-1.878369689,-2.840932131,-1.468498707,-5.000000000
89,1779.987,1786752409079.036,29367001.436,0.000000000,4.997938633,-23.644617081,7.232605457,2.927223921,0.402079254,-0.144818872,-1.104470015,-4.230331421,-6.193708897,-4.861207485,0.466971487,-0.149787813,59.823173523,8.273205757,4.132027626,7.962789536,-4.841977596,4.664721966,1.697747111,-0.295228988,-0.487498552,1.043022752,-25.000000000,-11.823594093,-12.955721855,0.744362414,-3.916136980,-2.627295971,-5.000000000
90,1799.990,1786752409099.039,29367021.439,0.000000000,-8.938061714,-9.408403397,3.184502363,4.901241302,0.201043397,0.251358747,7.640910149,-13.812533379,6.792381287,15.485239983,1.005100846,0.037965540,20.748655319,6.641214371,-3.414355278,8.598593712,2.230021000,1.577768683,3.343733549,-0.680129528,0.538192153,0.603114784,-25.000000000,-13.011790276,-12.588944435,-2.182263613,-3.045670748,-3.747909069,-5.000000000
91,1819.991,1786752409119.039,29367041.439,0.000000000,-2.792511940,-1.699373245,-2.321050167,2.255573750,-0.014600593,-0.100614704,4.139613628,-16.054826736,8.732158661,2.364201307,0.170631677,-0.014496508,17.558189392,8.509759903,-2.224107504,6.626497746,1.740516901,2.501313448,2.257910252,-0.349789262,0.473290294,0.575358808,-25.000000000,-13.748066902,-12.708565712,-3.237355709,-3.475783587,-3.361871481,-5.000000000
92,1839.990,1786752409139.038,29367061.438,0.000000000,0.914415061,-9.710568428,-1.654993534,0.284507483,0.441499323,-0.032489691,-3.976711035,-16.122646332,-0.627221048,-4.058171272,0.174217463,-0.153508469,37.371074677,7.507873535,1.437118411,8.147285461,-2.770929813,3.764364243,2.035262108,-0.192103192,0.174160987,0.879150510,-25.000000000,-12.390073776,-12.615318298,-1.217206955,-3.057398796,-2.976591825,-5.000000000
93,1859.989,1786752409159.038,29367081.438,0.000000000,1.288636088,-7.006152153,-0.689598441,4.484400749,0.389188975,0.309687257,-0.482019991,-14.151745796,1.261557698,3.112175226,0.129396245,0.204977766,29.141448975,6.551156998,-0.455936760,9.055146217,-0.771679878,2.656234264,3.197887897,-0.399462372,0.414667577,0.631879568,-25.000000000,-11.837799072,-12.466623306,-1.372322679,-3.079089642,-2.636794090,-5.000000000
94,1879.991,1786752409179.040,29367101.440,0.000000000,-4.084013939,0.480978370,-5.041027546,4.422894955,0.062620610,0.479470223,3.825439453,-15.618720055,6.386490822,8.600367546,0.136806980,0.162128046,8.452470779,5.972723007,-3.641823292,6.859685421,3.120198965,1.384485126,3.178400755,-0.307329506,0.512812853,0.524073839,-25.000000000,-11.701923370,-13.054822922,-2.836332560,-3.357253313,-2.438836098,-5.000000000
95,1899.991,1786752409199.039,29367121.440,0.000000000,3.541229010,1.302235842,-3.765311480,0.781520009,0.296455473,-0.252011925,2.346430779,-14.402148247,6.085636139,1.453697205,0.031443011,0.025454175,16.362396240,6.453840733,0.232764140,5.155590057,1.148616433,2.468538761,2.526567459,-0.282740891,0.572753072,0.428241909,-25.000000000,-11.766487122,-14.116484642,-2.241414547,-3.599313259,-2.003722429,-5.000000000
96,1919.988,1786752409219.037,29367141.437,0.000000000,3.803835154,-7.086194992,0.146993861,0.014490115,0.264475733,-0.326953799,-3.199452400,-11.476832390,-0.940776050,-4.302057743,0.772874653,-0.212771282,38.562282562,6.990028381,4.997253895,7.447469234,-3.247932911,4.404978752,1.630459785,-0.151855320,0.146502361,0.749601662,-25.000000000,-10.982851028,-14.505301476,-0.115612999,-3.949224949,-1.556145906,-5.000000000
97,1939.987,1786752409239.036,29367161.436,0.000000000,-3.911681652,-12.436983109,3.378520727,6.781143665,0.480561525,0.318695694,-0.205393821,-10.845162392,0.599803984,0.998683214,0.078749783,-0.087077558,34.087299347,5.384583473,3.563434362,9.226544380,-1.830694675,3.365812540,2.541428328,-0.494376689,0.181457654,0.860647738,-25.000000000,-11.027001381,-13.843972206,0.773105443,-3.327559233,-1.992089629,-5.000000000
98,1959.998,1786752409259.047,29367181.447,0.000000000,-7.713616371,-0.579450607,-3.730978966,7.675538063,-0.002872938,0.580386102,7.940808296,-16.281934738,8.175159454,13.103036880,0.183189601,0.150036737,1.399208307,2.018780947,-5.081525803,6.080009460,6.516251087,0.673325062,2.898423672,-0.208224118,0.292433888,0.725830793,-25.000000000,-11.437872887,-14.656958580,-2.484886646,-2.566038847,-2.227298975,-5.000000000
99,1979.988,1786752409279.036,29367201.436,0.000000000,3.670356035,3.159729242,-5.718039036,-0.650700867,0.052114155,0.190264866,2.230272293,-8.770414352,3.841194868,1.942552090,0.163891748,0.034602243,9.264823914,2.033138752,-2.606647015,3.189030647,3.925880671,3.062905073,1.905465484,-0.581539094,0.411765426,0.513632536,-25.000000000,-11.034036636,-14.408534050,-2.435970783,-3.507032871,-1.461030602,-5.000000000
100,1999.989,1786752409299.038,29367221.438,0.000000000,5.918250561,-11.525164604,-1.301750779,0.770961523,0.403413206,-0.400822878,-5.096731186,-5.879405975,-4.453098297,-8.205600739,0.508024633,-0.224511936,39.670402527,3.959530354,2.024878979,5.283672333,-3.238256931,4.547487259,1.688618422,-0.284809291,0.162731096,0.719186902,-25.000000000,-10.238533020,-14.404263496,-0.035735093,-4.028639317,-1.151820540,-5.000000000
101,2019.991,1786752409319.039,29367241.439,0.000000000,-3.823688030,-10.863382339,-2.828867197,6.555391312,-0.198407382,0.660032630,2.031028748,-6.991473198,0.176530123,11.527448654,0.490674347,0.190875188,13.684392929,-0.364230722,-1.767918110,5.504734516,1.178477764,0.975826979,6.295423031,-0.752236545,0.275641024,1.284386992,-25.000000000,-11.679698944,-15.149184227,-4.149260998,-2.370813131,-1.644353747,-5.000000000
102,2039.987,1786752409339.036,29367261.436,0.000000000,0.372894228,-0.897479177,-4.661774635,5.106304169,0.198892906,0.287103087,0.292369068,-9.583758354,-0.917922020,5.922327995,0.605475068,-0.193080276,12.038532257,-3.717490911,4.506349564,4.373413563,1.066130519,1.479096293,6.334896564,-0.482479274,1.917794943,0.973911524,-25.000000000,-12.189828873,-14.291533470,-4.605599403,-1.930037379,-2.250556231,-5.000000000
103,2059.989,1786752409359.038,29367281.438,0.000000000,-13.581214905,-24.238195419,4.836114883,1.676164150,0.482777983,-0.140481666,-4.026423454,-8.033253670,-4.357133865,-1.607491016,0.022877406,-0.031581156,54.370578766,-0.024300365,14.611647606,8.517498016,-6.484122276,2.655786276,3.232780457,0.276946753,1.128800154,0.985009789,-25.000000000,-11.120175362,-12.673521996,-0.688245296,-0.642469287,-2.066936493,-5.000000000
104,2079.987,1786752409379.036,29367301.436,0.000000000,-21.096523285,-48.312572479,18.259307861,7.215209007,0.319183707,-0.380945832,1.050187826,-6.103528976,-4.724663258,-5.297140121,-1.121983171,0.194843128,88.000000000,9.943425179,19.320356369,14.676458359,-13.119051933,1.793837905,1.107864141,0.491030186,-0.012060462,0.530931652,-25.000000000,-10.120188713,-9.364878654,4.402427197,-1.584332943,-0.669982731,-3.897622347
105,2099.987,1786752409399.036,29367321.436,0.000000000,0.376162678,-12.811348915,-1.032757998,-1.119002938,-2.748942137,1.173234344,0.267280728,-6.063151360,10.559844971,16.969331741,-2.286831617,1.175307155,2.600612879,-6.485476971,-0.026956113,10.624173164,7.268068790,-0.316215038,3.253647089,-0.546710491,-0.377804816,0.999321520,-25.000000000,-12.511845589,-8.907826424,-0.952518880,-2.187703609,0.705570281,-3.675491571
106,2119.988,1786752409419.036,29367341.437,0.000000000,6.453389645,13.232819557,-16.796009064,3.802247047,0.276442915,0.432861924,2.067284822,-14.161389351,4.102391720,6.266220093,0.195263341,0.020308344,-6.673582554,-7.895617485,-5.827428341,-0.182726577,11.469270706,2.912953138,2.207923889,-0.364057481,0.614164650,0.228518978,-25.000000000,-12.147679329,-12.918087006,-0.521727502,-1.455036759,-1.437091112,-5.000000000
107,2139.991,1786752409439.040,29367361.440,0.000000000,8.697052002,-23.148141861,7.784240246,-6.511864185,3.141181469,-1.400664926,6.086110115,4.627266884,-14.754672050,-6.757384300,3.065277815,-0.585672557,80.255432129,7.129663467,11.548700333,2.446843624,-5.125247002,4.754383087,-0.722527146,1.320926905,0.392449349,-0.077443697,-25.000000000,-10.669505119,-15.029330254,5.541972637,-1.197868109,-0.750527799,-5.000000000
108,2159.990,1786752409459.039,29367381.439,0.000000000,-14.401567459,-56.039299011,25.909511566,21.222463608,0.982111096,0.356677979,8.030369759,2.958509207,1.297787189,9.516632080,1.016133547,-0.134371564,66.489303589,16.496040344,18.144683838,8.173583984,-5.541885376,5.083509922,-0.183191150,0.137048826,-1.128411293,1.113804460,-25.000000000,-15.635648727,-10.290659904,6.202768803,-1.483905435,1.407975316,-5.000000000
109,2179.989,1786752409479.038,29367401.438,0.000000000,-6.589356899,-7.513259888,-2.111692905,-3.911731720,-3.019896030,0.988846838,-12.478390694,-3.601314306,12.216014862,9.827657700,-2.204689980,0.792454720,-9.582901001,3.203902483,5.952259064,4.451695442,14.163886070,0.392185152,3.020184040,0.709046662,-0.299131989,1.264229894,-25.000000000,-19.994853973,-10.710561752,1.719046354,-0.982577205,2.183084249,-5.000000000
110,2199.990,1786752409499.039,29367421.439,0.000000000,3.806500673,0.420617938,-10.249215126,-3.059491873,1.249853253,-0.465230197,-6.201444149,-17.219270706,3.303771496,2.619100809,0.532562494,-0.048606340,19.604328156,11.809853554,19.277282715,0.492459416,7.150846004,4.183542728,2.093421221,-0.291933835,0.794502139,0.429578722,-25.000000000,-20.594680786,-12.915819168,5.355263710,-0.677097261,0.236222327,-5.000000000
111,2219.990,1786752409519.039,29367441.439,0.000000000,11.244200706,-24.004549026,9.899698257,-4.523559093,1.729132652,-0.831010938,12.610070229,-11.143760681,-5.531817436,4.539418221,2.760305643,-0.386773974,68.949707031,22.519886017,24.772037506,2.654583693,-2.574573517,6.205731869,-1.141931057,0.716757059,-0.141457915,0.758786321,-25.000000000,-19.320308685,-10.049784660,8.251714706,0.515926003,0.367594659,-5.000000000
112,2239.999,1786752409539.048,29367461.448,0.000000000,-6.152844906,-32.012851715,20.328586578,5.363677502,1.610660315,0.392638326,2.479674578,3.358213186,5.038233280,9.801526070,0.001795847,-0.030024592,36.131504059,24.406314850,22.233985901,7.853959084,2.065855265,3.058973074,-1.849481821,0.569335818,-1.485375404,0.788414478,-25.000000000,-22.440862656,-7.258004665,7.222660542,-0.030919030,1.819728851,-5.000000000
113,2259.988,1786752409559.037,29367481.437,0.000000000,-5.511239052,-2.867599010,5.787604809,3.829931736,-0.263587862,-0.366749942,-4.420280933,-5.021158695,2.961319208,1.324858785,0.083549663,0.135875687,3.273946762,14.845841408,18.400819778,4.763241291,12.711960793,0.808992267,0.225082159,0.386741519,-0.622328401,-0.177246004,-25.000000000,-24.428524017,-11.429849625,6.734344006,-0.362998039,2.099036455,-5.000000000
114,2279.989,1786752409579.038,29367501.438,0.000000000,8.976741791,-12.721180916,10.301664352,0.312194645,2.364917040,-0.132225484,2.287562132,-0.565370858,-5.922119617,1.910821438,0.284302711,0.008597638,36.646659851,19.384548187,26.074621201,4.326349735,4.936661720,4.233556271,-2.042313814,-0.100775890,-0.779957712,0.486101121,-25.000000000,-22.735704422,-11.561197281,8.626224518,-0.446044981,2.343312025,-5.000000000
115,2299.987,1786752409599.036,29367521.436,0.000000000,2.125305653,-19.174858093,15.835372925,-1.798685670,1.193223476,-0.670888960,4.826057911,-5.646990299,2.484974384,2.208460808,0.378023654,-0.237526461,42.409816742,23.309932709,26.594491959,7.501492977,4.319378376,5.155994892,-3.265798330,0.212325126,-1.388867140,1.031008720,-25.000000000,-22.369482040,-10.273937225,9.406722069,1.219382048,2.383790016,-5.000000000
116,2319.987,1786752409619.035,29367541.435,0.000000000,-0.084464386,-12.133731842,11.081887245,0.102950528,1.410957456,0.080368601,4.562302589,-10.729867935,7.349071503,3.835541725,0.035598125,0.054659083,32.721557617,22.899934769,25.221113205,8.711791992,5.864092827,3.827938318,-1.060642481,0.092950054,-0.733556211,0.655311763,-25.000000000,-23.374290466,-10.796514511,8.409601212,0.335256666,2.347856522,-5.000000000
117,2339.987,1786752409639.036,29367561.436,0.000000000,-1.819116354,-8.181702614,3.363671303,-2.367297173,-0.504342854,-0.066450007,0.692181170,-17.439876556,8.438776970,1.385964036,-0.442101806,0.161405861,26.552480698,21.127285004,24.532623291,7.369942665,6.279144764,4.034750462,-0.645120502,-0.822954595,-0.496096611,0.502336681,-25.000000000,-23.674070358,-11.476484299,8.356648445,-0.787228584,2.458219290,-5.000000000
118,2359.987,1786752409659.036,29367581.436,0.000000000,-2.158654213,-8.908534050,3.801075935,-1.825571656,-2.132256508,-0.948371530,-1.168443680,-19.715911865,10.913112640,3.000977516,0.258086652,-0.063984424,28.516006470,20.826093674,24.520622253,7.611261845,4.937709332,4.938237190,-1.401766062,-0.143510655,-0.312704474,0.794193268,-25.000000000,-22.953300476,-12.447500229,9.145162582,-1.061076999,2.373988390,-5.000000000
119,2379.991,1786752409679.040,29367601.440,0.000000000,-1.022006035,-8.590113640,3.232273102,-4.149660110,-2.366422176,-0.953364909,2.979418039,-15.813416481,7.903999329,0.196436986,0.321726650,0.059769548,29.927070618,17.582422256,23.133615494,10.119324684,3.747078419,5.161840916,-0.017042648,-0.037726916,0.018409789,0.825282514,-25.000000000,-21.250957489,-11.250271797,9.131813049,-0.504553080,2.334938765,-5.000000000
120,2399.988,1786752409699.037,29367621.437,0.000000000,9.309596062,-5.550735950,0.338409275,-6.933624268,-2.581668139,-0.876247764,4.181688786,-10.840852737,3.062329292,2.985038996,-0.176685393,0.163237765,26.724189758,16.744606018,24.240022659,9.093051910,3.042082071,4.976822376,0.508677602,-0.047024690,0.483399659,0.759409308,-25.000000000,-20.235975266,-12.734510422,9.037129402,-0.926217914,2.465834379,-5.000000000
121,2419.990,1786752409719.039,29367641.439,0.000000000,8.268919945,-3.975947857,2.120835543,-6.218629360,-3.117335796,-0.611802697,1.425439715,-8.837085724,6.116796970,1.518233061,-0.279839396,0.154731810,16.414163589,15.579256058,23.155595779,7.761579037,4.371054649,4.250714302,-0.768655956,-0.285748988,0.222671315,0.693483591,-25.000000000,-20.947067261,-13.454522133,9.454991341,0.028672617,2.586424828,-5.000000000
122,2439.991,1786752409739.040,29367661.440,0.000000000,8.551026344,-4.827247620,-0.755261779,-4.874245167,-3.330146313,-0.613965094,0.959641993,-5.646276951,8.252902985,-1.313911796,-0.540524423,-0.017407948,7.864367008,15.021402359,21.566387177,7.162407875,5.120004654,2.451237202,-2.615295410,0.087521888,-0.575403571,0.412477374,-25.000000000,-22.141010284,-14.871461868,9.623337746,-0.369730920,2.748725176,-5.000000000
123,2459.991,1786752409759.039,29367681.440,0.000000000,13.503525734,-3.812758207,-4.507827282,-1.640381336,-2.316240311,-0.380151719,-2.994538069,-4.132345200,6.626332283,-1.944203734,-0.320645779,0.039011419,4.282107353,11.225394249,18.230234146,4.845145226,4.910064220,0.461852640,-1.742366076,-0.154278964,-0.943451643,-0.176456288,-25.000000000,-20.613260269,-15.132448196,10.631481171,-1.069164991,3.055248499,-5.000000000
124,2479.993,1786752409779.042,29367701.442,0.000000000,14.424963951,-2.030930519,-4.563997269,-2.737633705,-0.401129097,0.246675953,-1.048028708,0.485088736,0.724178851,1.594280720,0.134053692,0.138423234,4.713768959,8.576697350,18.731805801,2.599283934,3.103559494,0.672199368,-0.725843072,-0.021372776,-0.707597613,-0.143294349,-25.000000000,-20.478933334,-14.768492699,10.032469749,-1.549077511,3.046120405,-5.000000000
125,2499.992,1786752409799.041,29367721.441,0.000000000,15.951510429,-6.617593765,-3.576676369,-4.721693039,-0.777962923,-0.081697211,-2.131767273,10.073781967,-0.087651812,5.531157017,0.325856000,0.100694604,8.346416473,9.601864815,21.131544113,1.117268205,-0.088339932,0.652585804,-2.131386757,0.095257394,-0.789247930,-0.089760125,-25.000000000,-20.243247986,-14.556401253,10.882193565,-1.436503530,1.150314689,-5.000000000
126,2519.990,1786752409819.038,29367741.438,0.000000000,12.633099556,-2.825544357,-1.606988311,-1.434862018,-2.201224089,-0.517439365,1.799144864,7.117662430,4.156816959,-0.306059331,-0.042810950,-0.048178487,-4.508571148,5.602952003,17.377830505,0.940904021,0.077479981,-2.599100828,-0.915475667,-0.080799334,-0.891379893,-0.479384869,-25.000000000,-20.461835861,-15.907143593,8.721266747,-1.621337652,1.873281598,-5.000000000
127,2539.990,1786752409839.038,29367761.438,0.000000000,15.830234528,-4.140815258,-4.407096386,-2.462260246,-1.734880209,-0.239740267,-2.822336912,15.734858513,5.281278610,3.779811382,0.281250417,-0.103857875,-6.076669693,-0.641195655,14.722656250,-0.553932786,-1.937502265,-4.524357796,0.559805810,0.151047319,-0.156008095,-1.131235957,-25.000000000,-18.628206253,-16.447153091,8.366551399,-0.584608376,1.226510406,-5.000000000
128,2559.989,1786752409859.037,29367781.437,0.000000000,14.283478737,-1.192308784,-5.379802227,-5.458545685,-0.880563736,0.164042205,-4.538431644,19.502883911,-1.853693247,5.349090099,0.620556235,0.239582613,-4.874167442,-5.819564819,14.092267990,0.464577436,-3.906759024,-4.592586994,0.255960345,0.348218143,-0.250748277,-1.199230313,-25.000000000,-16.460283279,-16.685689926,6.342988491,-1.481405497,1.405232310,-5.000000000
129,2579.988,1786752409879.036,29367801.437,0.000000000,17.123146057,-2.819139481,-1.330219865,-3.958742619,-0.742564499,0.196518496,4.886360168,17.610038757,-3.416866779,4.879774570,0.712076306,0.120402925,-9.233884811,-8.316174507,12.372808456,-0.977002621,-4.960420609,-6.798429012,-0.725335836,0.464963943,-0.085620023,-1.696000338,-21.560880661,-14.299237251,-15.818188667,5.717389584,-1.928916574,0.740118563,-5.000000000
130,2599.991,1786752409899.039,29367821.440,0.000000000,18.157732010,-9.800292969,-0.764724553,-1.437809944,-0.480938286,0.344046354,0.828535914,29.987745285,2.493993521,-1.105755448,0.654054284,-0.167245358,-31.768339157,-12.315608978,7.430005074,-3.374603271,-5.766891003,-10.413968086,0.701412916,0.937902749,0.488410562,-2.249958515,-17.421531677,-10.517530441,-14.464036942,2.608782291,-1.181890488,-0.015562463,-5.000000000
131,2619.989,1786752409919.037,29367841.437,0.000000000,21.811681747,-5.759061813,-4.889110088,5.113172054,-0.189204037,0.133576795,-1.690955043,46.608875275,3.103966713,10.090845108,0.899204493,0.099188939,-39.942543030,-18.277465820,1.991241336,-6.655935287,-4.516884804,-14.862342834,0.083619840,2.940793276,1.583107233,-4.884130001,-15.202611923,-5.928164005,-13.687185287,-1.161556721,-0.843220413,-1.574433327,-5.000000000
132,2639.987,1786752409939.036,29367861.436,0.000000000,21.402408600,-3.812026501,-1.657767415,1.576438189,-0.304042459,-0.273230821,-5.005249977,30.699432373,-14.557341576,12.319142342,0.707221389,0.026644541,-18.010560989,-16.381793976,4.467823982,-7.038488865,1.517992020,-19.082273483,-3.414976120,5.640631199,4.975153923,-5.000000000,-16.386726379,-3.233715773,-12.509376526,-3.228731394,-1.209926724,-2.452588558,-5.000000000
133,2659.989,1786752409959.038,29367881.438,0.000000000,15.997335434,-14.073871613,5.313866615,-10.456536293,-0.212105766,-0.585384607,-22.219339371,9.881662369,-34.774993896,0.321073085,-1.025815248,0.902815878,26.434810638,0.941236138,21.915288925,-0.037352476,4.129456997,-12.565610886,-7.634233952,6.150082111,1.800794125,-5.000000000,-19.204914093,-1.914933681,-12.508613586,0.433317810,-1.069250584,-2.250039816,-5.000000000
134,2679.987,1786752409979.036,29367901.436,0.000000000,-23.927291870,-65.489372253,-16.996599197,38.069950104,1.553975344,0.878483057,-15.032202721,-2.601225376,13.749708176,-33.447746277,-0.788142085,-0.746497333,-88.000000000,-2.848577023,20.076196671,-9.469606400,16.796392441,-16.367118835,2.115312576,5.311248302,0.222798750,-5.000000000,-3.611984968,6.554724693,-10.963489532,2.145258427,-0.787741721,-1.115525603,-5.000000000
135,2699.987,1786752409999.036,29367921.436,0.000000000,59.275344849,-4.434751034,-26.008455276,19.156147003,0.185667440,0.638294101,-17.423477173,85.844856262,32.119674683,35.880329132,3.494858265,-1.655507207,-88.000000000,-9.700402260,17.935691833,-21.609045029,17.913799286,-21.981796265,2.180136919,6.893528938,5.000000000,-5.000000000,-5.968326092,6.165906429,-8.135826111,-10.561863899,-0.568780661,-4.259519577,-5.000000000
136,2719.985,1786752410019.034,29367941.434,0.000000000,1.922330379,8.949239731,-3.337019920,-24.666183472,-0.670668244,-0.378413856,-21.460809708,15.155786514,-17.686540604,20.171747208,0.561190903,-0.002818133,-15.300299644,-1.120101810,25.830371857,-15.503291130,13.400287628,-15.994022369,-8.199748039,6.169081688,0.511370659,-5.000000000,-15.470063210,1.418418169,-8.346624374,-11.823291779,0.466683328,-5.000000000,-5.000000000
137,2739.987,1786752410039.036,29367961.436,0.000000000,-29.330051422,2.541264772,14.146138191,-4.995020866,-0.671075642,-0.421839714,13.527257919,-37.131713867,-17.665941238,-9.726505280,-1.418904662,1.170875072,37.116321564,0.699853420,25.785409927,-1.115393162,14.565027237,-5.250432968,-14.033955574,4.507128239,-5.000000000,-5.000000000,-17.233335495,-2.535342932,-12.093051910,-1.641170979,-1.704337716,-5.000000000,-5.000000000
138,2759.987,1786752410059.036,29367981.436,0.000000000,-38.302368164,-25.545324326,23.890300751,4.651255131,-0.479225338,-0.359082550,33.376129150,-7.999322891,-1.673213124,-34.798229218,-2.500102758,0.235919401,30.207410812,12.095503807,9.806454659,5.940308571,12.568078995,-2.092312098,-9.688398361,1.011692047,-5.000000000,-5.000000000,-15.127542496,-5.665384293,-13.034479141,3.474179029,-1.894485831,-1.541884899,-5.000000000
139,2779.988,1786752410079.037,29368001.437,0.000000000,-19.270807266,-24.587907791,19.377569199,16.391513824,0.830443144,-0.442242861,37.416744232,21.223709106,3.164388180,-12.590285301,0.068842448,-0.230831489,-2.832450390,23.963844299,-3.164652586,7.938065529,11.289111137,1.371215940,-7.051735878,-0.786636353,-5.000000000,-5.000000000,-14.902091026,-5.205426216,-12.984706879,5.288545609,-1.572880626,0.217801630,-3.796793222
140,2800.001,1786752410099.050,29368021.450,0.000000000,4.654828548,-4.907719612,4.338947296,-7.014036179,-1.189100385,-0.425521284,11.355637550,13.910892487,-5.166100979,6.349418163,0.473538011,0.144577503,8.081676483,28.161323547,-10.262300491,7.310750961,3.804843187,1.884588480,-3.708165169,-0.340750962,-4.873501301,-5.000000000,-15.102432251,-5.278779984,-11.287228584,5.368402004,-1.808495164,-0.382466197,-3.116537094
141,2819.990,1786752410119.039,29368041.439,0.000000000,4.698462009,5.119308949,-16.535974503,-22.419965744,-1.213328123,0.093809687,11.814039230,14.038551331,-6.350695133,-10.007434845,-0.780652940,0.708711267,22.548292160,24.079891205,-13.447747231,4.347517490,0.649449050,1.761803746,-3.619694948,1.471903920,-1.010207176,-5.000000000,-8.599150658,-3.640727520,-13.605254173,5.140272617,-2.718047619,-3.491323948,-5.000000000
142,2839.991,1786752410139.039,29368061.440,0.000000000,-2.774048805,-4.452855110,14.189949036,-27.374988556,-3.978833675,-1.536052585,2.738574266,29.350940704,-11.311216354,-10.620728493,-1.281749129,0.212750673,7.850491524,21.599504471,-4.355456352,2.090225458,-1.773485541,0.557257116,-0.824261129,0.433923572,-0.501040757,-5.000000000,-7.663954258,-5.845995903,-11.134969711,3.749210596,-2.988629818,-2.237302065,-4.121580124
143,2859.990,1786752410159.039,29368081.439,0.000000000,-8.410473824,2.555828571,25.955799103,-5.999647141,-3.224846601,-1.946655154,-13.606540680,56.168918610,-8.980957985,-0.966338336,-0.690507293,0.209194273,3.250392437,19.623981476,13.018103600,-1.945012689,-2.396917582,-3.108820677,2.887910843,-0.458864897,0.876063585,-5.000000000,-11.053982735,-8.003953934,-10.549488068,3.028541327,-2.768891811,-1.921521902,-3.303959370
144,2879.989,1786752410179.038,29368101.438,0.000000000,-88.000000000,85.198341370,10.391727448,139.000000000,-17.329290390,4.678179264,-88.000000000,88.000000000,-16.658525467,94.799453735,-15.351678848,11.325655937,7.951758862,31.536312103,14.373035431,22.030920029,-0.796448827,10.566255569,-11.532738686,-7.969307423,-0.170108691,1.216717005,-6.353391171,-12.515190125,-6.062601089,6.766594887,2.254344225,4.293742180,-5.000000000
145,2899.989,1786752410199.038,29368121.438,0.000000000,-65.123893738,-2.235986710,0.794508994,-40.593326569,4.962027073,2.291397333,88.000000000,-58.378883362,18.465463638,31.409566879,2.186251163,-1.759655595,-22.840475082,-9.459839821,16.841695786,9.219281197,11.795882225,0.723468602,-1.764008880,0.877795875,-0.528627634,-0.451309532,5.864781380,-0.378805369,-5.834617138,1.656734109,1.427937031,0.741069615,-2.307442904
146,2919.987,1786752410219.036,29368141.436,0.000000000,-52.032253265,24.804069519,-1.325519800,-12.017334938,-1.733632684,-0.488765270,63.851493835,-54.936107635,37.168869019,24.847009659,4.439155102,-1.117196918,-39.810745239,3.595242023,-2.566503048,0.847716808,10.483667374,-0.737945974,4.646299362,1.682321191,1.536331296,-0.992677808,9.007532120,-3.246548653,-4.106502533,-0.708817065,-0.214275241,0.021184366,-0.773790956
147,2939.988,1786752410239.037,29368161.437,0.000000000,-3.758669376,37.398090363,-18.074985504,2.128255606,0.660526812,0.093232758,20.252834320,-40.193840027,21.982795715,-3.432258606,-0.701373339,-0.528782010,-0.330693454,10.418094635,-12.597661018,-2.120701551,6.290491581,-0.206160665,5.225129128,1.149413824,2.674691677,-0.720806718,6.627258778,-2.002612829,-0.533891976,0.102995723,-0.705124795,-0.221875399,0.212946102
148,2959.989,1786752410259.037,29368181.437,0.000000000,14.958548546,36.596755981,-25.614997864,4.860788822,0.641070366,0.425077736,1.765537620,-35.225551605,16.784631729,-10.030745506,-1.495735288,-0.191625535,-3.410789490,7.992599964,-13.981345177,-3.394878626,0.554426670,-0.598082066,2.335492849,0.507624924,1.697579503,0.001518124,6.687387943,-3.184515476,0.821214318,1.268002629,-0.744409084,0.418124855,0.338325471
149,2979.987,1786752410279.035,29368201.435,0.000000000,18.219295502,29.343917847,-18.008697510,3.572562933,0.073803581,0.193112060,-10.814180374,-23.466861725,11.483275414,-7.299286366,-1.417445421,-0.114379853,-24.518280029,4.381935120,-7.366463184,-3.317282915,-2.233304262,-2.248170853,0.564692199,-0.155199066,0.885046184,0.271159261,7.029319763,-4.768318176,-1.787179589,-0.714406967,-0.249859944,-0.101470374,-0.416729867
150,2999.990,1786752410299.039,29368221.439,0.000000000,37.155433655,18.257186890,-5.227280140,13.098763466,0.519834280,0.227319345,-35.763813019,-0.758899808,8.118597031,-0.270143777,-0.614752769,0.018268891,-52.894283295,3.206593037,-5.580224514,-9.473375320,-1.435066938,-4.504646778,0.326117367,-0.107315481,0.783752322,-0.731168330,10.866785049,-5.504059315,-5.437927723,-3.704629898,-0.668041885,-1.438438773,-1.832490444
151,3019.988,1786752410319.037,29368241.437,0.000000000,64.091743469,4.086633682,-3.870614529,20.983411789,1.747007251,-0.143416807,-59.484771729,18.764324188,10.649863243,-6.842867374,-1.777361393,-0.158160910,-46.429500580,4.688827515,-4.372560501,-11.276623726,0.084905326,-3.709677935,-1.035731316,-0.002653827,0.004883740,-1.397724867,13.342410088,-6.561414242,-5.879528999,-3.028264761,-0.428185910,-1.463887215,-2.066537380
152,3039.987,1786752410339.036,29368261.436,0.000000000,75.426063538,-7.905001640,1.802412510,25.230171204,2.559662104,-0.137805298,-72.692344666,22.359003067,9.823690414,-37.481967926,-3.159171581,-0.111653775,-12.120917320,-0.009219547,-6.499762058,-9.919138908,1.403067589,-0.440268844,-3.025078058,0.289350241,-1.535135508,-0.845158637,11.819057465,-4.285378456,-4.541134834,-0.000767590,-0.280660510,-0.581497252,-1.867927790
153,3059.988,1786752410359.037,29368281.437,0.000000000,44.022377014,-12.338190079,8.652934074,12.012994766,1.153010368,-0.153837517,-76.933090210,22.163282394,0.581678987,-36.640422821,-3.299797297,-0.160110369,7.526817799,-0.989339590,-13.290709496,-7.195919991,0.100830980,3.176782608,-5.398922443,0.496275306,-2.335384130,0.572836637,7.085661888,-0.830954134,0.440378875,3.243827581,0.126621842,1.565053821,-0.774208307
154,3079.992,1786752410379.041,29368301.441,0.000000000,16.140197754,-27.116033554,25.142009735,11.266769409,0.766726792,-0.737001956,-60.820823669,24.409523010,14.296408653,-17.754980087,-3.776934862,-0.496901691,2.202363253,6.146832943,-7.140792370,-5.889485836,0.217912152,4.926879406,-4.430008411,0.252374470,-2.247705936,1.687625051,3.966060162,0.898241162,3.415352583,1.699831367,0.527455330,1.814022064,0.646544516
155,3099.988,1786752410399.037,29368321.437,0.000000000,7.912105560,-27.903810501,17.104614258,15.148331642,0.698228836,-0.447346538,-27.573461533,15.659878731,19.142803192,-5.762934685,-1.313068509,-0.718572617,-7.154331207,3.748060465,-16.836149216,-2.859212637,0.513035119,6.477250576,-3.450869083,0.308755457,-1.756139874,2.295859098,5.771758080,6.561815262,6.608399868,-2.037124157,1.359050751,0.540156126,0.993667245
156,3119.988,1786752410419.036,29368341.436,0.000000000,31.241016388,-10.411953926,8.583960533,12.360910416,25.339029312,3.472500563,-36.844993591,26.081615448,27.283273697,-115.901763916,11.674183846,1.505513906,5.099705696,-2.013660908,-16.411550522,-1.829138517,0.866738439,5.420882225,-3.803389311,0.794413686,-1.249535680,2.086713791,4.455743313,11.408481598,7.584124088,-3.013368607,1.704556584,-0.806936920,1.136466384
157,3139.988,1786752410439.036,29368361.436,0.000000000,57.598079681,-3.823663473,6.220429897,-36.667060852,21.430097580,9.761929512,-55.881511688,37.395751953,-8.465859413,-139.000000000,38.467632294,10.141645432,31.300724030,-11.241566658,-20.184234619,1.732069016,-1.833015561,4.731868267,-5.295881748,1.498008966,-1.761363506,1.890641928,-0.180728599,10.536488533,8.895129204,-4.654413223,1.391257167,-1.214068770,1.516215205
158,3159.987,1786752410459.035,29368381.436,0.000000000,70.795051575,-30.684667587,20.635435104,-109.108543396,19.910839081,-7.880296707,-47.276939392,-18.832031250,-17.698183060,-94.323890686,32.256782532,12.477722168,52.186462402,9.788113594,-26.775455475,12.851920128,-4.475157261,7.330461979,-8.587355614,2.567990303,-3.463006258,3.017006636,-9.649239540,7.948768616,10.446752548,-11.266445160,1.801239729,-2.457662344,1.658686638
159,3179.987,1786752410479.035,29368401.435,0.000000000,66.624664307,-51.294471741,29.038072586,-78.612373352,17.599609375,-15.338259697,-20.559146881,9.298877716,-1.988222241,-79.959014893,23.708398819,8.380126953,70.375923157,22.876399994,17.694849014,18.008928299,-0.961159348,8.045564651,-3.757400990,0.910157740,-0.952968180,2.723807812,-23.068452835,4.166881561,5.947335243,-16.986984253,-0.455133945,-4.541170597,1.817511082
160,3199.987,1786752410499.036,29368421.436,0.000000000,64.839202881,-59.275226593,43.886253357,-58.251640320,20.559488297,-18.128229141,-4.314725399,-6.108348846,12.034156799,-83.225463867,25.262928009,7.145117283,64.489784241,16.896850586,41.262210846,16.551235199,4.891649723,2.438961744,2.118212461,-0.673476517,2.417524099,-0.023332534,-25.000000000,-1.803894401,-0.422689259,-19.404592514,-2.278437376,-5.000000000,0.109441020
161,3219.987,1786752410519.036,29368441.436,0.000000000,68.564216614,-41.412986755,46.425106049,-48.286674500,12.247434616,-19.193450928,4.643502235,-31.453979492,23.650470734,-27.725093842,17.406284332,3.166491747,57.134544373,26.009201050,38.640537262,10.447758675,8.171991348,1.275433421,6.838272095,-0.192339718,4.145290375,-1.687194467,-22.337335587,-6.857500076,-4.193805695,-15.910913467,-2.845659256,-5.000000000,-0.696806669
162,3239.987,1786752410539.036,29368461.436,0.000000000,69.221832275,-22.797676086,32.327117920,-9.739630699,12.955441475,-10.386170387,8.018719673,-26.230138779,19.704618454,-9.114993095,-0.637095511,-0.074906580,31.258371353,32.393375397,38.041744232,4.316702843,9.084060669,2.751960278,6.459054470,0.255738914,3.852952242,-1.844450712,-21.051765442,-10.132375717,-5.976024628,-14.070385933,-3.132571220,-5.000000000,0.063200921
163,3259.990,1786752410559.039,29368481.439,0.000000000,77.472640991,-7.023876190,14.102758408,32.337112427,9.596063614,-1.193190098,-8.405948639,-15.123583794,15.262092590,-4.435992241,-2.584543705,-1.664878249,-9.808788300,36.366123199,24.263759613,1.569845915,5.838994980,-1.098181963,3.262588501,-0.433740616,2.450515985,-1.355295897,-13.698978424,-11.088465691,-6.247538090,-10.680044174,-1.441764355,-5.000000000,-0.356857955
164,3279.991,1786752410579.040,29368501.440,0.000000000,79.295394897,-7.702637196,8.716269493,27.106616974,12.523743629,-0.706556380,-9.773778915,-0.116727576,3.268692255,-12.208410263,-1.395449281,0.152500242,-14.033885956,37.550224304,13.127980232,-2.939233780,4.131731987,-5.027075768,-1.465208411,0.216599047,0.128163517,-1.430010915,-10.339638710,-8.148863792,-7.705529213,-7.726475716,1.823031783,-5.000000000,2.336943626
165,3299.991,1786752410599.039,29368521.440,0.000000000,88.000000000,-12.818410873,23.996307373,-23.465570450,35.962303162,-4.846611500,-18.252176285,20.191913605,0.435504198,-10.159719467,0.450233698,-0.658714473,8.722800255,50.000000000,4.921081066,-5.456689358,3.050031662,-5.313021660,-5.320622444,0.032240357,-2.581264496,-1.025106788,-8.754698753,-5.761432648,-4.371704102,-6.717610359,1.237279773,-5.000000000,1.398187876
166,3319.990,1786752410619.038,29368541.439,0.000000000,88.000000000,1.150202990,29.049219131,-19.645402908,45.603839874,-5.394145012,-23.916734695,20.273597717,-5.068729401,-30.441207886,-5.578403473,-0.884182572,41.004558563,50.000000000,-2.500347376,-3.344090223,2.000670433,-2.650369883,-9.042782784,-0.943695545,-4.598654747,0.609703600,-9.721776962,-5.895849705,-2.878393412,-4.471569061,-1.911785960,-4.465963840,-0.258700877
167,3339.989,1786752410639.038,29368561.438,0.000000000,88.000000000,1.880343318,33.073490143,-8.602257729,34.074222565,-5.017408371,-22.977872849,16.245754242,-11.117819786,-31.027288437,-7.655287743,0.753065050,41.814453125,46.726882935,-5.744887352,1.168000937,-1.030298591,0.734028995,-10.114851952,-1.744610906,-5.000000000,1.576234818,-12.053581238,-8.251935959,-4.847197056,-4.666092396,-3.050299883,-1.778863788,-0.593787014
168,3359.989,1786752410659.037,29368581.437,0.000000000,88.000000000,20.695837021,20.126192093,25.586215973,21.626153946,2.001000404,-16.923192978,-6.541078091,6.225446224,-15.050346375,-2.403067112,-0.214999467,19.769924164,36.888187408,-5.553997517,1.760181785,-4.645191669,-0.201623619,-8.311825752,-1.727757931,-4.643624783,1.142432809,-12.097546577,-10.264324188,-7.565401554,-4.451546192,-1.703437567,-1.720640898,-0.335450828
169,3379.991,1786752410679.039,29368601.439,0.000000000,86.023139954,31.223514557,9.878490448,15.433242798,15.834563255,4.725955963,-10.755323410,-5.861208916,5.475995541,-1.481854081,-0.216068789,-0.294926465,1.273472309,39.045566559,-6.691276550,-0.586386085,-7.915020943,-3.953913450,-6.363150597,-0.756661892,-3.429824114,-0.173749268,-12.608961105,-13.141418457,-8.319333076,-5.540248871,-0.467663407,-2.087691069,-0.340677798
170,3399.990,1786752410699.038,29368621.439,0.000000000,51.624847412,-3.822266817,26.480554581,2.092222214,12.945266724,2.623799086,0.428430229,19.788061142,-10.957348824,11.295688629,0.874718964,0.145755216,-1.529380322,42.371982574,-12.476876259,-1.845345855,-4.339350224,-4.543130875,-5.156082630,0.192264035,-1.943447948,-1.157586694,-11.115730286,-9.706815720,-5.216303349,-3.832425594,-0.339629710,-2.017774820,-0.525752723
171,3419.988,1786752410719.037,29368641.437,0.000000000,59.551799774,-17.787603378,36.641910553,-10.212029457,-7.453254223,5.098762989,-10.444849014,40.228229523,-22.882240295,-8.456832886,9.687881470,-0.366723478,9.164420128,29.158018112,-24.481466293,-2.041493177,-2.535742283,-2.808105469,-2.593448162,0.373966008,-0.745875537,-0.791189194,-10.576020241,-5.183253765,-2.142982960,-3.798897505,-0.234239936,-1.483358860,-0.128047451
172,3439.986,1786752410739.035,29368661.435,0.000000000,59.681324005,-20.425964355,38.451580048,-7.720141411,-8.122079849,5.407535553,-17.207143784,52.359970093,-39.191165924,-43.350955963,22.780986786,-2.434204102,11.820078850,13.314537048,-32.214736938,-1.239539742,-0.423908055,-2.385215044,-1.455564141,0.638288915,0.047558840,-0.650440693,-8.656694412,0.494218856,0.598227441,-5.587839127,-0.059339546,-1.732070208,0.626553953
173,3459.987,1786752410759.036,29368681.436,0.000000000,30.271509171,-31.085954666,42.180465698,-6.326927185,-5.477973461,2.376735687,8.055920601,57.393211365,-33.688964844,-34.787014008,16.736957550,-1.099471450,-2.906370163,2.578660250,-39.419673920,-3.279362202,2.920066833,-3.772632837,-7.097067356,1.102206588,-1.443865538,-1.250508189,-3.377052307,7.497148514,2.117476940,-7.318238735,-0.363839686,-2.195485353,0.874026477
174,3479.989,1786752410779.038,29368701.438,0.000000000,12.909510612,-37.703956604,46.816287994,-28.934717178,-7.581033707,1.074500203,29.091932297,63.232910156,-31.309343338,4.906132221,0.428188950,3.896604061,-7.320548534,0.385970354,-40.600486755,-5.021707535,4.622596741,-3.838456154,-11.387242317,0.883883953,-2.805638552,-1.439859152,1.233134866,9.895296097,3.140984297,-8.054629326,-0.732098401,-2.386160374,0.897830129
175,3499.988,1786752410799.036,29368721.437,0.000000000,-6.371277809,-20.138528824,36.547691345,-28.880352020,-2.997659922,-1.105072021,53.635414124,37.195026398,-33.679786682,43.681808472,4.543931961,4.233606815,3.394094467,-0.194846451,-31.033964157,-5.929068089,1.336094856,-2.230754852,-7.703851700,-0.657767534,-3.588862419,-1.101686835,1.797405124,6.980498314,2.822942495,-7.780160427,-0.602573335,-2.463592529,0.834606767
176,3519.988,1786752410819.037,29368741.437,0.000000000,-24.886638641,-12.162395477,35.318717957,-43.160957336,-10.272682190,1.606818676,43.686149597,12.957447052,-16.496124268,14.345255852,0.945331752,0.381705940,14.646577835,-1.918414950,-22.037078857,-4.328657627,-2.629021168,-1.122232318,-5.824664116,-0.908838391,-2.724403858,-0.551968098,-0.284120768,2.980407476,1.326597452,-6.269350052,-0.500163138,-2.052917004,1.079069734
177,3539.988,1786752410839.037,29368761.437,0.000000000,-30.294414520,-25.388336182,31.824909210,-21.319271088,-4.686257362,0.352897674,38.577724457,7.200567245,-6.275119305,2.216072321,14.768669128,0.880140722,11.440190315,-1.883692861,-13.065178871,-2.097695351,-3.175299644,0.091427915,-5.393246174,-0.439812690,-1.944704413,-0.095419802,-2.092039108,0.515231788,0.277868330,-5.261651516,-0.575556695,-1.990471244,1.105510592
178,3559.986,1786752410859.035,29368781.435,0.000000000,-21.593175888,-32.495048523,18.507698059,3.064353228,0.163491517,-0.190460563,19.520820618,19.919013977,-6.228107452,-6.572092056,5.078390598,-0.087531067,14.504766464,-8.038989067,0.419325083,-0.653101921,-2.195357084,0.009461538,-2.305483580,0.024302997,-0.937661409,0.535201311,-3.407791376,0.029851032,-0.013101554,-4.412363052,-0.477233559,-1.854572177,1.034965158
179,3579.988,1786752410879.036,29368801.436,0.000000000,-20.248834610,-29.543329239,0.529316723,-11.235212326,-0.960568488,0.342110783,0.491496354,24.450565338,-12.543039322,-48.383010864,24.482669830,-6.622779369,17.128751755,-13.470326424,20.271797180,-0.645492315,-1.256135821,1.319441795,2.127494097,0.546632290,0.523152053,0.976549327,-6.566117287,-0.179247186,-0.047163468,-3.722597599,-0.076587424,-1.651965022,0.976603806
180,3599.993,1786752410899.042,29368821.442,0.000000000,-26.037969589,-17.273717880,-8.580984116,-16.522682190,-1.829795361,0.321871966,7.944923401,17.017837524,2.642847061,-112.403228760,9.592478752,-17.479246140,4.152199268,-15.391174316,28.853031158,0.278975874,2.308390141,2.496924162,4.297502518,0.629955053,1.827582479,1.358255148,-6.844361305,0.035794813,1.440208077,-2.620986223,-0.360595345,-1.568194389,1.040812373
181,3619.993,1786752410919.042,29368841.442,0.000000000,-19.908836365,-13.932824135,2.116753578,-3.086849451,-0.092699096,0.081055693,15.330436707,10.524066925,11.906348228,-113.982551575,-10.889854431,-19.893144608,-7.839394093,-10.510617256,22.331758499,0.687540412,4.345222473,3.452326059,2.832156181,0.425474346,2.046569347,1.276708841,-3.945590973,-0.331481963,1.612423897,-3.229152679,-0.352963656,-1.759144545,0.885276914
182,3639.991,1786752410939.040,29368861.440,0.000000000,-26.881464005,13.203939438,3.778095245,-0.624519825,-0.775463521,-0.525401235,44.175811768,-1.731164932,-29.565013885,65.988822937,-1.067861795,-3.471332312,-10.434948921,0.723100901,-0.553478479,-0.172366962,4.635774612,2.422184944,1.567797184,-0.746309400,1.103020072,0.315173328,-1.017658234,-0.092282854,-1.201914430,-4.131006718,0.009788115,-2.002564669,-0.685877025
183,3659.991,1786752410959.040,29368881.440,0.000000000,-12.374701500,5.914940357,5.896270752,8.040796280,-0.137248263,-0.556692243,46.441764832,-33.002719879,0.758653939,20.623689651,2.578650951,0.080060266,23.856296539,-17.730278015,-16.937852859,4.280820370,-3.783951521,3.114345312,0.020836378,-0.142908782,-0.795191348,0.353696764,-3.279309988,0.600884795,-0.534067512,-3.179178476,-0.143190384,-1.247713804,-0.253748178
184,3679.989,1786752410979.038,29368901.438,0.000000000,-11.961406708,6.477190495,-13.864977837,3.008051157,0.345962614,0.242198095,56.432025909,-49.274402618,17.007890701,17.883697510,6.147084236,-0.930189431,49.623157501,-33.414680481,-12.518610954,12.167014122,-8.499193192,1.413574576,1.750506759,1.855165839,0.367462516,0.976453424,-8.177742958,1.783211827,1.067869425,-3.678274632,-0.113923743,-0.714783967,0.717372477
185,3699.991,1786752410999.040,29368921.440,0.000000000,-17.412534714,29.628816605,-24.911075592,0.069395684,1.240932107,0.983137548,55.697952271,-57.545860291,27.203601837,3.712478399,5.052463055,-1.217583418,16.446985245,-28.138589859,-1.048224568,10.605998993,-5.901945591,-0.536607385,3.977865458,1.016492486,-0.581820726,2.357532024,-10.748866081,-0.119525425,0.464682102,-5.199581146,-0.453565866,-1.155942559,0.714586616
186,3719.987,1786752411019.036,29368941.436,0.000000000,-5.545807362,30.530042648,-14.862642288,1.928702950,-0.331290245,-0.184646383,27.727916718,-37.977283478,29.668041229,11.285790443,25.140102386,-0.043081604,-29.135353088,-13.880694389,5.622879028,1.260040402,-3.035819292,-1.517671704,3.502653122,0.535751820,1.239187002,1.631374836,-7.288930416,-4.261083603,-1.942683458,-7.311683655,-0.059378836,-2.916932344,-0.456916034
187,3739.994,1786752411039.042,29368961.443,0.000000000,10.681644440,16.046651840,-5.431533813,5.383433342,-0.838169038,-0.153423578,1.260425329,-14.512122154,28.338335037,-32.604698181,19.576942444,-0.788069308,-34.039459229,-6.311631680,11.966300011,-3.035518169,-4.248824596,-3.519431829,5.259229660,-0.449769199,2.869102001,0.470609516,2.261344433,-6.308000088,-2.291639090,-4.364550591,0.358028889,-3.202100277,-0.770466328
188,3759.987,1786752411059.035,29368981.435,0.000000000,10.122463226,4.919143677,1.350562811,2.816292048,-0.319907188,0.288782835,2.996554136,-15.355872154,25.906538010,-103.224288940,5.598859787,1.285789490,-16.897802353,-11.468654633,12.307196617,0.162012920,-4.170648098,-4.530154705,5.629013538,-0.144261986,2.724544525,0.160333723,7.928610802,-6.094463825,-2.116776943,0.508393168,0.418944091,-1.369528413,-0.035014734
189,3779.989,1786752411079.038,29369001.438,0.000000000,4.964733601,4.829065323,-3.074127197,9.925409317,0.497038841,0.292804182,11.285367012,-25.262090683,43.255340576,-118.706405640,-0.021786859,2.657985926,0.794332922,-6.605658054,14.744228363,3.996654510,-1.995017409,-2.140995502,2.833481073,-0.040475566,1.358373046,0.352948219,4.583132267,-4.047749996,-0.597876728,2.664977074,0.618554711,0.642529011,0.694980264
190,3799.992,1786752411099.040,29369021.440,0.000000000,-10.163022041,20.762062073,-11.833207130,7.578062534,0.488350660,0.277977109,18.097143173,-41.161148071,53.035606384,-103.525016785,-4.018512249,-0.104779013,-0.764354050,5.081454754,15.593295097,6.724317074,-0.137170732,-1.473100901,0.498805285,-0.998029351,0.445651412,0.170271173,0.031853143,-2.238870382,0.904970169,2.479590178,0.273936540,1.273620605,0.876106024
191,3819.988,1786752411119.036,29369041.436,0.000000000,-27.638610840,21.391513824,-12.395717621,-0.945251882,-0.245355010,-0.052894957,17.732021332,-41.310012817,60.329483032,-102.347709656,-4.659206390,-1.882847309,-8.936632156,19.926504135,7.737489700,6.996028423,-2.523205519,-2.375112772,-0.673512340,-0.734290719,0.751023233,-0.179860547,-2.302620173,-1.303433776,1.191530466,1.114544511,0.240938902,0.637790799,0.616792679
192,3839.990,1786752411139.038,29369061.438,0.000000000,-36.102439880,19.658727646,-13.567447662,-1.833501220,0.162887767,0.005040694,4.217304230,-29.934221268,62.231414795,-65.931648254,-17.815649033,-7.688012123,-8.674312592,22.483833313,-7.412509441,6.064054489,-7.538333416,-4.392901897,-2.716027975,-0.673740983,1.084631085,-0.599087715,-1.532957196,-1.546313405,0.133516759,-0.358448476,0.448005587,-0.240032628,0.153639331
193,3859.987,1786752411159.036,29369081.436,0.000000000,-46.725818634,14.916602135,-12.644194603,-10.251818657,-0.512406588,0.043526653,-0.648656189,-24.351085663,43.192302704,-75.072998047,-11.194930077,-6.667108059,-8.092581749,7.937716961,-18.545295715,5.431302071,-11.311968803,-5.412535191,-4.183305264,-0.760051191,0.969361961,-1.334009051,0.054176398,-0.262160689,-0.342721581,-0.663054824,-0.057454210,-0.371335715,-0.214504778
194,3879.987,1786752411179.035,29369101.435,0.000000000,-32.486484528,16.998327255,-10.643278122,-13.612590790,-1.242018104,-0.093842365,-7.953359127,-6.614451408,-6.459608555,15.510546684,0.548816681,0.635026693,-2.720967770,-7.166881561,-16.994235992,3.957142115,-11.329012871,-5.456824303,-1.991380930,-0.746784806,1.259155035,-1.475882292,3.456439257,2.301015377,-0.934514761,1.359687328,-0.452397794,0.188006505,-0.650913417
195,3899.988,1786752411199.036,29369121.436,0.000000000,-9.271646500,27.504673004,-18.894300461,-6.779705048,-0.113250934,0.231064066,25.811538696,-13.217862129,-13.182003021,47.258132935,6.242112160,0.389864773,9.151306152,-21.411325455,0.386990249,3.512193918,-8.148808479,-4.504052639,1.973999977,-0.301473856,1.773724556,-1.216426015,4.927496433,5.775239944,-0.964262962,2.286861420,0.212239325,0.480784684,-0.450095683
196,3919.987,1786752411219.036,29369141.436,0.000000000,2.382138252,13.101539612,-6.943259716,3.833234787,0.374611586,-0.066880651,25.651176453,-22.176359177,7.567034245,7.483557224,0.658642590,-0.100879289,16.471132278,-33.749736786,15.087358475,8.203558922,-4.076505184,-3.996815205,3.108128548,-0.136645019,1.568814874,-0.971833527,2.747722149,9.548074722,1.696353674,2.711220741,0.008196827,0.704600811,0.613469124
197,3939.987,1786752411239.035,29369161.435,0.000000000,3.105983257,10.125540733,4.885105610,2.039528608,-0.489153206,0.165430784,5.833421707,-3.689075708,5.336897850,-21.404254913,-2.359656811,0.117216572,2.068695784,-30.442068100,23.663209915,7.146165371,-1.638804674,-3.472555161,4.954745770,0.113130540,2.184951305,-0.432605952,2.833328962,12.207241058,3.198854446,1.803911448,0.092377849,0.179833114,0.715203404
198,3959.990,1786752411259.039,29369181.439,0.000000000,9.822670937,5.430117607,1.274226069,11.194219589,-0.069085956,0.176188529,-11.678482056,9.121401787,-2.838344336,-28.887968063,-3.097043753,0.333109796,1.595361114,-23.444032669,26.349529266,7.356547832,-1.363350034,-2.515495300,5.100379944,0.776559114,2.525624990,0.385659277,5.326624870,13.686219215,2.296823502,3.878026724,-0.721524596,0.560348690,0.747662365
199,3979.990,1786752411279.039,29369201.439,0.000000000,15.865983963,2.889750004,-0.080826700,9.144340515,0.147893876,0.257679373,-5.165250301,10.331436157,-13.146843910,-12.407783508,-7.306511402,4.376117706,-3.964304209,-13.915272713,18.372953415,5.950290680,-0.756262302,-0.931980252,5.081695557,0.848554373,1.882469177,0.786916554,3.438536406,13.420874596,1.840514779,5.108853340,-1.128332615,1.237144589,1.193017960
200,3999.994,1786752411299.043,29369221.443,0.000000000,7.566384792,1.747221231,-0.123339787,3.846059561,1.254707813,0.231956378,3.655094147,8.565068245,-12.052985191,8.998032570,-4.180900097,2.575226068,3.504062653,-15.036959648,7.650310516,6.172499180,-1.991657615,0.020350626,2.657083750,0.413721085,1.106998086,0.478430510,0.583093822,11.487400055,1.550516367,3.609658718,-1.036997318,1.516970396,1.120690942
201,4019.989,1786752411319.037,29369241.437,0.000000000,-4.009287834,-6.970263481,1.880500317,3.769852161,0.736014724,0.138136029,4.839866161,4.141008854,-7.244160652,13.448930740,-0.082647279,1.198684931,14.218111038,-20.764955521,3.773551941,7.532694340,-3.032960653,0.423315734,0.513730109,0.286079437,0.613081336,-0.162045702,-0.806038082,8.047435760,0.571043789,1.981614470,-0.693166792,1.193835020,0.786393344
202,4039.989,1786752411339.038,29369261.438,0.000000000,-59.914482117,54.192481995,-17.480281830,13.744988441,18.720596313,3.284667969,45.221488953,-35.194892883,-2.770531178,26.073787689,21.410547256,1.732373714,88.000000000,-33.761188507,31.106214523,18.949295044,8.460898399,4.252246380,15.629846573,-3.337701559,4.197695732,1.472675920,-0.704605281,-11.402076721,-4.245285511,20.479036331,-0.230825976,5.000000000,-0.048072014
203,4059.988,1786752411359.037,29369281.437,0.000000000,-75.650054932,32.403408051,-14.132803917,-43.002853394,-0.456613392,2.729085445,26.895622253,-34.380428314,35.431472778,-39.687191010,8.168775558,7.239574909,-2.867457867,-16.458942413,29.214748383,23.077552795,13.506042480,6.625432968,7.192290783,2.930046558,2.828997374,2.203447342,-6.240961552,-10.024735451,-0.663385153,11.479969025,-1.903075695,5.000000000,1.222836614
204,4079.987,1786752411379.036,29369301.436,0.000000000,-31.155410767,1.230250955,-3.035696983,-19.739482880,-2.770556927,0.389857680,25.428861618,-9.396504402,13.763157845,-13.279392242,-15.107436180,4.959566116,-8.925739288,2.145933867,16.921794891,16.912368774,12.216185570,6.926662445,7.257974148,0.922342241,2.397838116,2.197148323,-5.202393055,-2.511374712,-2.546582937,-1.736518741,0.359480321,5.000000000,-0.339538068
205,4099.988,1786752411399.036,29369321.436,0.000000000,-8.730535507,-14.623046875,7.828664303,-0.136644498,-0.137926534,-0.285476685,18.200185776,-16.840110779,3.965311289,-5.199125767,-8.429404259,10.241034508,-2.153858185,4.813246250,-2.536576271,12.752654076,10.294735909,5.438853741,5.096176147,0.764922917,1.987091899,1.808735132,-3.221253157,5.655812740,-2.962007284,-6.696177959,1.933055520,-0.556137741,-2.327048302
206,4119.987,1786752411419.035,29369341.435,0.000000000,-11.701653481,-15.263493538,7.431217194,2.342359781,0.022163870,-0.131581783,42.923915863,-17.882827759,-6.361046314,31.884494781,13.079164505,4.068583012,22.512775421,-2.973527670,-23.295515060,10.410592079,6.094574928,2.255751848,1.948973417,-0.119256780,0.693461835,0.891441464,-5.747222900,6.355307102,-1.985440373,-7.985155582,1.486592293,-3.567685604,-2.211380720
207,4139.987,1786752411439.036,29369361.436,0.000000000,-18.625289917,-4.054831982,2.362980604,-2.835062265,-0.535289228,-0.012375524,53.742038727,-27.786754608,6.973557949,18.821569443,5.143200874,0.185556859,25.329044342,-15.956819534,-27.206659317,10.121070862,-1.366149187,-0.692327261,-1.128975272,0.112722605,-0.686909318,-0.628829539,-7.907052994,3.393159151,-1.154398441,-7.228696823,1.032163978,-3.576323748,-1.141781092
208,4159.986,1786752411459.034,29369381.435,0.000000000,-6.938608170,-5.548390388,4.822638512,-3.889252424,-0.030723643,-0.094334990,45.193923950,-31.201354980,10.808197021,14.731667519,10.332703590,0.801872849,12.628860474,-22.735111237,-27.809799194,7.074995518,-4.957530022,-1.897198677,-5.193650246,0.101716764,-1.600558758,-1.369636297,-8.049554825,-0.568561912,-1.253558040,-7.040178299,-0.409074754,-3.443619490,-0.415808529
209,4179.987,1786752411479.035,29369401.435,0.000000000,18.550086975,-38.702198029,18.073677063,8.854743004,0.904992223,0.108714290,4.428912640,-0.797640383,19.404943466,-52.643901825,15.534483910,0.816239476,-2.894002438,-28.001838684,-25.226177216,-2.267532349,-7.710007191,-5.747059345,-7.890966415,0.096983969,-1.669080496,-2.002571583,-7.987768650,-3.092834711,-0.983883798,-8.249479294,0.308408976,-4.160816669,0.226560131
210,4199.987,1786752411499.036,29369421.436,0.000000000,34.725391388,-37.193244934,26.183393478,8.871818542,1.559882760,-0.010598734,-38.206745148,0.170397505,20.367231369,-85.822441101,46.112079620,1.492512465,-17.048166275,-7.278478622,-21.725391388,-10.500421524,-11.135376930,-7.070784569,-9.583919525,-0.639077127,-1.602441192,-2.111101866,-5.483913422,-7.645183563,0.599840343,-7.586437702,-0.322272241,-4.289684296,0.792115271
211,4219.987,1786752411519.036,29369441.436,0.000000000,25.710546494,-39.570304871,31.062599182,6.581107616,0.606517792,-0.232001007,-37.947128296,-6.541706085,34.626033783,-122.724464417,38.182018280,-5.053798676,-34.509487152,8.524248123,-25.405216217,-17.164350510,-10.530186653,-7.879264832,-14.943922997,-1.199774027,-2.420516729,-2.781854868,-4.560517311,-8.866223335,-0.126931086,-6.977245331,-0.735787988,-3.712366343,0.092625007
212,4239.987,1786752411539.036,29369461.436,0.000000000,36.026371002,-26.972633362,27.180141449,2.267195463,-0.652497470,-0.786518753,-59.584381104,5.169070721,23.637254715,-100.029647827,28.906213760,-3.853646755,-47.339736938,10.528717995,-21.360460281,-24.980525970,-10.507572174,-8.296488762,-18.787767410,-1.442200661,-4.798563957,-2.810377598,-1.698367953,-11.558847427,-0.069385745,-5.858562469,-0.851320386,-2.925585747,-0.797398746
213,4259.988,1786752411559.036,29369481.436,0.000000000,30.261831284,-22.735576630,26.913082123,11.512727737,1.071186304,-0.863582790,-51.911872864,-6.041659355,31.244729996,-82.318572998,20.529243469,-7.031537533,-38.444034576,12.158764839,-18.349582672,-25.000000000,-8.084531784,-7.392703533,-18.621063232,-1.508195400,-5.000000000,-3.262946844,0.465480000,-11.557113647,-1.695954680,-2.699624300,0.524782240,-1.700380921,-0.842138529
214,4279.987,1786752411579.035,29369501.435,0.000000000,2.614134312,-17.863475800,14.435870171,5.235055447,-0.215465754,-0.518823028,-23.485614777,-21.589107513,47.002910614,-80.285491943,15.974947929,-8.611186981,-26.224872589,9.307932854,-5.442392349,-25.000000000,-5.071434021,-6.282588959,-14.475589752,-0.850445211,-5.000000000,-3.248580456,1.317932963,-9.528510094,-2.156278372,1.271591187,-0.275247067,0.099830322,-0.473459840
215,4299.989,1786752411599.038,29369521.438,0.000000000,-30.496913910,20.819194794,-6.062105656,-28.845129013,-0.591735840,-2.805829048,23.776628494,-39.183952332,43.951084137,-14.128376007,12.097394943,-6.036783218,-11.021214485,5.564087868,-0.799200058,-18.725854874,-2.716633797,-4.230259418,-12.274000168,0.103962280,-5.000000000,-2.794947386,1.027569413,-6.026710510,-2.713186741,2.097243071,-0.199604616,1.514920950,-0.516084373
216,4319.990,1786752411619.039,29369541.439,0.000000000,-50.562034607,41.524177551,-19.835245132,-12.220746994,-1.797877312,-0.170602411,63.080780029,-68.489707947,5.842149734,48.353027344,6.483747482,-0.800823092,1.931312442,-0.936329842,-18.450260162,-10.985749245,-0.301329225,-1.580734253,-8.175854683,-0.136139289,-4.744780540,-1.797504306,3.023774624,-4.263063431,-1.926654458,0.818611681,-0.325694084,1.263866544,-0.942725956
217,4339.990,1786752411639.038,29369561.438,0.000000000,-18.796918869,34.322986603,-14.419575691,5.295279026,1.173499107,0.256299227,48.633419037,-55.391063690,1.506197095,21.573705673,1.248811245,0.129831612,29.122734070,-17.774763107,-19.913492203,-3.290247679,1.078594923,2.082546949,-2.918665409,0.568045795,-2.974571228,-0.478589654,-0.758613884,-1.731190085,-0.892750204,0.237937510,-0.088163741,0.955113947,-0.712464750
218,4359.988,1786752411659.036,29369581.437,0.000000000,5.439569473,15.216765404,-9.847743988,4.263005733,1.115328312,0.383327812,19.663669586,-16.313140869,-4.132847786,1.086755872,-0.614589989,0.513606012,17.327102661,-23.879373550,-11.479493141,-2.789093018,-0.074594840,0.381510884,-1.864017367,-2.608329773,-2.261120319,-0.500842690,-4.279916286,0.199882105,0.520861626,-0.016072923,0.514831603,0.326287776,-0.084806152
219,4379.992,1786752411679.041,29369601.441,0.000000000,28.028753281,0.587564468,3.239615440,5.190627098,1.254191279,0.325665414,-19.873121262,12.284970284,-6.315979004,-17.466497421,-3.545034885,0.696112335,-18.778259277,-14.455999374,-5.500677109,-7.571642399,0.333379358,-0.795381486,-3.106779814,-1.301855683,-0.778746665,-0.112032421,-2.720455885,-1.390938044,0.120081142,-1.283159137,0.440713674,-0.443844765,-0.039095722
220,4399.990,1786752411699.039,29369621.439,0.000000000,53.224151611,-12.133613586,20.264774323,16.379039764,1.587302327,-0.556207120,-60.461200714,26.027116776,2.230684280,-26.327844620,-2.258485794,-0.038251434,-45.946983337,-2.240305185,-4.667578697,-14.691329956,-0.197986349,-2.098755598,-5.277002335,-1.238953829,-0.171432093,-0.718022525,2.206573725,-3.529332399,-2.002448082,-2.716289759,-0.009102876,-1.419183135,-0.323720276
221,4419.988,1786752411719.036,29369641.436,0.000000000,49.411067963,-27.969408035,26.030508041,6.844644547,0.743991196,-0.459827572,-66.816062927,49.218662262,-8.905075073,-25.050683975,-1.003964782,-0.415087968,-55.580127716,6.051317215,-4.213895798,-18.179517746,-0.374034047,-2.857659340,-6.503352642,-0.581350923,-0.437919229,-1.096604586,8.678930283,-6.438409328,-3.915749073,-1.552716732,0.032081667,-1.528447270,-0.751833856
222,4439.989,1786752411739.038,29369661.438,0.000000000,56.339801788,-49.938880920,51.399600983,-0.876871586,41.279052734,1.345987082,-66.211380005,68.205268860,-27.642129898,-42.344047546,17.770431519,-7.135331154,-56.129390717,9.900814056,-5.706033707,-16.782218933,0.630546570,-2.100455046,-5.683316231,-0.469781667,-0.901578605,-1.205114961,16.549947739,-10.228669167,-4.399057865,2.305174589,0.012144657,-0.235394284,-1.019692659
223,4459.990,1786752411759.039,29369681.439,0.000000000,65.789985657,-46.900104523,55.143505096,2.535362482,43.241176605,-3.409737349,-65.458862305,57.604404449,-24.137599945,-50.510520935,17.301332474,-4.517258167,-45.413593292,9.827414513,-11.201803207,-12.504931450,-0.733872056,-1.950392008,-5.508790493,0.012309330,-1.453900337,-0.989865243,21.282943726,-12.527373314,-5.341629505,6.181570530,-0.622354746,1.827069879,-0.981365561
224,4479.991,1786752411779.039,29369701.440,0.000000000,60.664276123,-18.207744598,34.314300537,-10.311235428,27.517971039,-3.147963285,-39.491336823,24.996273041,-16.226511002,-41.536777496,19.582027435,-6.169357777,-34.535667419,0.249571189,-17.250043869,-8.664961815,-3.851802826,-2.626954556,-7.208385944,-0.016273608,-2.105037212,-0.637213588,19.420110703,-13.543554306,-6.370129108,4.606822491,-0.115228780,2.840003252,-1.149700165
225,4499.989,1786752411799.038,29369721.438,0.000000000,23.489650726,31.058416367,5.982606888,-21.112001419,-5.618682861,0.116797961,-1.032317638,-30.788299561,-15.564040184,-54.328811646,-3.492467880,-12.280360222,-11.645587921,-16.917085648,-23.958675385,-4.760973454,-7.747309208,-4.839182377,-8.087267876,-0.187686175,-2.257356644,-0.719911873,14.252667427,-11.797331810,-5.544582844,1.610223055,0.658177495,2.395173311,-1.033290982
226,4519.988,1786752411819.036,29369741.437,0.000000000,20.262710571,40.254066467,-9.838460922,-0.509315908,-1.495022416,0.167394519,6.123576164,-45.767951965,16.749845505,-73.826194763,-26.017059326,-11.890737534,5.166896820,-21.236154556,-27.440732956,-2.067785978,-11.335028648,-6.760335445,-8.750785828,-0.386081636,-2.248222589,-1.156370997,7.227462292,-6.228821278,-2.401758909,0.975789428,0.638377070,1.287669301,-0.394040138
227,4539.988,1786752411839.037,29369761.437,0.000000000,18.741582870,22.486042023,-10.021116257,2.538455963,7.242446899,2.360482216,13.270096779,-39.261882782,31.790243149,-80.085624695,-30.901372910,-18.471496582,3.339797735,-23.133646011,-26.711208344,-1.117003560,-12.158425331,-7.462953091,-8.029134750,-0.743180394,-1.881598473,-1.790974021,0.329539925,0.270109624,0.834725261,-2.784067154,0.521475494,-0.987071812,0.392199785
228,4559.989,1786752411859.038,29369781.438,0.000000000,5.962187290,14.773914337,-12.526856422,-24.600715637,11.145945549,4.913233757,25.487602234,-19.191379547,19.917259216,15.095092773,1.221165180,-0.825239003,-9.856245041,-11.945003510,-24.595428467,-2.153587580,-11.644141197,-8.530083656,-4.359648705,-0.551721036,-0.373881906,-2.207663536,-2.157928467,6.741021633,3.906643391,-9.032572746,0.828984499,-4.425546646,0.605599105
229,4579.990,1786752411879.038,29369801.438,0.000000000,-9.014427185,-13.417608261,18.952999115,-80.751983643,25.142827988,8.698788643,33.585315704,23.775409698,-16.807420731,29.483127594,4.088222504,0.521346152,12.962568283,-5.693065643,-18.368192673,0.049395364,-11.165638924,-8.125063896,-1.356395364,-0.919731498,0.907876670,-1.839639068,-7.624856472,10.850680351,6.680250168,-12.521768570,1.018873572,-5.000000000,1.086866379
230,4599.992,1786752411899.041,29369821.441,0.000000000,-2.835746050,-46.012786865,36.335109711,-116.441589355,36.414783478,-0.361186534,7.770101547,42.619655609,-27.918819427,-4.342227936,-1.232966185,0.577872872,21.104951859,8.124401093,-14.635843277,2.788338900,-9.664178848,-7.195462704,-2.384768486,-0.932385683,0.869369030,-1.689672112,-12.093873024,14.573506355,8.796023369,-12.352306366,0.633251965,-5.000000000,2.049004793
231,4619.991,1786752411919.040,29369841.440,0.000000000,10.614868164,-54.471889496,29.468830109,-93.587417603,37.581771851,-11.772838593,-7.679365635,44.682815552,-29.333721161,-14.317305565,-2.897702932,1.046406269,25.850444794,15.834250450,-16.940637589,5.722856045,-8.986866951,-6.642028809,-1.266982079,-0.544051945,0.978434265,-1.610405564,-13.023990631,12.200578690,8.669676781,-11.684423447,-0.017719610,-5.000000000,2.075847626
232,4639.989,1786752411939.038,29369861.438,0.000000000,13.305470467,-5.717856884,1.923518419,10.297370911,15.433049202,-2.782464504,-9.079976082,5.229832172,-14.413942337,-8.804571152,-1.775618672,0.908340812,18.039587021,3.030383825,-8.402122498,3.746968031,-6.485413551,-4.891534805,-0.840527117,-0.343942106,0.598414898,-0.781357288,-12.996969223,7.278820038,5.340429306,-10.117602348,-0.241198555,-5.000000000,1.718289018
233,4659.989,1786752411959.038,29369881.438,0.000000000,11.883821487,30.857271194,-21.331071854,42.241687775,2.611422062,1.029955626,-11.090310097,-15.661935806,1.558048368,2.473614693,1.032750368,0.324479043,-1.155890226,-2.798457146,0.884455800,1.922176957,-2.845364809,-3.761960030,1.337657213,0.522860110,0.629168987,-0.197174728,-9.657314301,5.156895638,2.215632200,-8.125594139,-0.646697879,-5.000000000,0.662893772
234,4679.989,1786752411979.037,29369901.438,0.000000000,-6.690887451,25.907268524,-6.980082989,-13.354721069,-1.545185447,0.067020714,-4.380900860,-39.945377350,1.366380692,-50.455467224,-10.591751099,-14.910927773,-12.378311157,2.609942436,10.503518105,-1.033974409,-0.254270703,-3.064736605,1.916244626,1.284238815,1.215179682,-0.192025796,-5.667593002,2.762988329,0.813370883,-7.362023354,-0.757055879,-4.979647636,0.175540045
235,4699.990,1786752411999.038,29369921.438,0.000000000,-24.179464340,-2.802294970,13.853129387,-54.311264038,-1.930394769,-0.667874157,-0.966381490,-13.989569664,2.336634636,-86.065795898,-21.245594025,-9.610240936,3.340639591,12.937692642,7.579742432,0.731588602,0.884841681,-1.634442449,-0.345313251,1.226750612,0.647383332,-0.063186787,-4.127914906,0.817049265,0.687260628,-6.132280350,-0.660791337,-2.261827230,0.152499884
236,4719.986,1786752412019.035,29369941.435,0.000000000,-18.231325150,-43.788639069,27.005628586,-25.521743774,-1.456781864,-0.868350208,5.425666332,3.942230225,11.578098297,-82.125701904,-20.452579498,-0.936650157,21.364780426,19.125585556,-2.122101545,5.502373695,-0.484607249,-1.202243924,-4.234137058,-0.073924609,-0.859053552,-0.422660321,-5.979821682,-0.878773451,-0.050793160,-4.728224754,-0.386859655,-1.295067430,0.074473850
237,4739.987,1786752412039.036,29369961.436,0.000000000,-16.005537033,-28.537580490,12.713062286,-33.739089966,7.553338051,1.152737141,39.150485992,-4.745767593,24.706306458,-2.809256077,-4.844228745,0.856960893,24.505517960,18.477888107,-18.186145782,7.704815865,-1.785512328,-1.370213389,-6.593631268,0.381264389,-1.871557236,-0.656027257,-8.083685875,0.819533169,-0.008906988,-3.940232277,-0.332163543,-0.863032758,0.071489088
238,4759.987,1786752412059.036,29369981.436,0.000000000,-20.560056686,-20.419710159,8.674643517,-59.189785004,10.690190315,4.029142857,59.064205170,-4.453231335,14.011009216,60.451309204,5.605366230,-0.644407094,20.737735748,19.787611008,-27.380062103,6.265787601,-4.335914612,-1.596539497,-4.470704079,1.376591206,-1.852044344,-0.896680951,-8.422440529,-1.003585815,-1.178339839,-4.518178940,-0.293329656,-1.179933071,-0.429456472
239,4779.987,1786752412079.036,29370001.436,0.000000000,-10.062374115,-28.403545380,23.071836472,-42.540477753,14.174729347,4.482255459,32.420970917,0.852970541,-4.332778454,2.629554272,-0.192521691,0.041673817,32.524791718,9.238969803,-28.935859680,6.356317520,-4.318084240,-0.135403410,-0.172708988,-0.351781309,-0.736576319,0.139051259,-9.872902870,-2.063021660,-0.212604329,-4.525908947,0.215462133,-1.156580448,-0.120205581
240,4799.991,1786752412099.039,29370021.439,0.000000000,18.935308456,-3.722134113,8.516615868,33.213417053,4.281632423,2.655356169,-7.575621128,7.889743328,-19.794376373,-18.516986847,-1.664090633,0.423821747,24.148742676,-8.881468773,-8.743006706,3.973637581,0.356743068,0.763260782,1.918465972,-1.339649796,0.261378616,0.726829112,-11.722209930,-1.289417624,-0.675396442,-3.723603249,0.195456713,-1.039973378,-0.019003551
241,4819.988,1786752412119.037,29370041.437,0.000000000,11.196138382,1.381575108,2.138619661,14.842593193,1.441684484,0.171654820,-11.620833397,11.797545433,-18.665937424,-2.075415134,-0.106263712,0.652567387,1.580200434,-9.112846375,1.639618635,-0.032757785,3.205740452,0.332568586,1.067010999,-0.189065993,0.784792662,0.260185182,-10.373025894,-2.126058817,-3.599083900,-3.411362886,-0.146716744,-1.123688936,-0.800134718
242,4839.986,1786752412139.035,29370061.435,0.000000000,6.058287144,5.383425236,1.125874281,0.249961913,-1.126808643,0.123830982,-33.906932831,10.342564583,-22.016443253,-38.562713623,-3.382741690,0.897971332,-2.590342522,-10.702157974,17.055746078,-4.658478737,6.991771698,2.403805256,-1.976684332,0.429450512,0.385998577,0.114057168,-8.175777435,-4.381021976,-5.598948002,-3.787573338,-0.266401857,-0.840022326,-1.075491548
243,4859.986,1786752412159.034,29370081.435,0.000000000,-3.577622175,11.833848000,8.209558487,-14.368778229,-1.354787350,-0.231681749,-34.291606903,-5.088242054,-36.674190521,-129.143966675,-30.779600143,-4.705206394,9.129294395,-15.346970558,20.780269623,-4.559271336,10.545574188,4.957187653,-2.164020538,0.454837978,-0.815982878,0.589778841,-5.923399448,-5.301300049,-4.711871624,-3.167045116,-0.005114210,-0.718844473,-0.759558976
244,4879.986,1786752412179.035,29370101.435,0.000000000,-4.506828308,9.769653320,-11.058550835,11.210007668,1.477697134,0.256337017,-26.928848267,-9.519097328,-10.402444839,-139.000000000,-32.179901123,-1.397655010,28.962722778,-27.066925049,22.272832870,1.650090456,12.079882622,6.618834972,0.190400988,0.036155403,-1.569524884,1.648927569,-6.942409992,-4.570133686,-2.530850172,-1.815514088,-0.050604880,-0.428737611,-0.199766129
245,4899.987,1786752412199.036,29370121.436,0.000000000,-12.181495667,6.038826466,-9.372780800,13.939769745,-0.536842585,2.195283890,-11.329932213,-2.472383738,4.356964588,-139.000000000,-35.750137329,0.921111941,26.238836288,-27.501222610,17.567056656,4.614078522,13.241912842,7.377676964,2.871985435,0.480727017,-0.881992340,2.205504894,-8.195958138,-4.539615631,-1.565237880,-1.975858212,0.008649248,-0.546472073,0.289268941
246,4919.986,1786752412219.035,29370141.435,0.000000000,-13.758817673,-1.825392246,-1.062281013,0.469550163,0.740401387,0.019644305,-12.572974205,0.720500708,11.567872047,-82.982513428,-12.094188690,3.464185238,7.659054279,-20.487953186,10.842622757,4.507078648,12.164224625,6.323865891,3.825446844,0.549502194,0.183835998,2.208728313,-5.974846363,-5.029004097,-2.847598791,-3.811430454,0.006050355,-1.030486822,-0.140919521
247,4939.987,1786752412239.036,29370161.436,0.000000000,-11.643239021,-11.113745689,11.352480888,-18.910091400,0.083679125,-0.844603240,23.490764618,16.617807388,13.624548912,15.185553551,-4.207668304,3.648231506,-11.061463356,0.008130632,-6.225009918,1.577165961,6.552708149,3.583152294,4.006878376,1.043342829,1.373202443,1.670482159,-3.949344635,-6.099863052,-4.348318577,-4.106966019,0.388426572,-1.596200585,-0.891885936
248,4959.986,1786752412259.034,29370181.434,0.000000000,-3.226999521,-16.954263687,17.940288544,-17.855619431,-1.588389039,-0.813274860,32.189868927,10.873738289,0.824655414,53.207332611,5.756588936,-0.375134766,-1.998503327,3.962845802,-12.391926765,-1.053164244,1.105325580,0.706512928,5.355509281,0.444710553,1.809535027,0.840826869,-2.680415392,-7.376984119,-4.727034092,-2.541035891,-0.354049951,-1.561980605,-1.622747421
249,4979.989,1786752412279.037,29370201.438,0.000000000,9.698394775,-6.408360481,7.552649498,7.768561363,-0.772577524,-0.119954191,2.426533222,0.043169323,-6.245154858,-11.481140137,-1.927874684,0.020335391,12.287182808,-6.146204948,-14.359402657,0.226836115,-3.526782036,-0.214449599,4.240359783,-0.770684183,1.425298572,0.204636320,-2.034160137,-4.246391773,-2.607911348,-0.074631698,0.219645903,-0.686677456,-1.212355733
250,4999.989,1786752412299.037,29370221.437,0.000000000,9.690117836,10.654537201,-3.090288401,17.424776077,-2.164088726,1.325161338,1.756885171,-2.923658848,-7.825152874,-8.647315979,-0.837562323,0.141227320,13.756201744,-14.755212784,-6.783675194,1.597913384,-4.364923477,-1.153253436,0.868967652,-0.742328584,0.473365247,0.009850434,-3.407700300,-1.358675361,-1.608878016,0.176989898,0.277914971,0.068630002,-0.480991483
251,5019.990,1786752412319.039,29370241.439,0.000000000,4.349411011,8.118931770,-1.546873927,15.526856422,0.586780071,0.887600780,1.928914309,-0.108353563,-5.795010090,-2.994989634,-0.352072120,0.034816552,1.580714703,-15.947047234,-0.457267791,-0.116937235,-4.276220798,-2.513972998,-3.251596689,-0.319160461,-0.564248145,-0.795586407,-3.424103737,-0.922013581,-1.509539723,-1.233113766,0.292515993,-0.263699025,-0.496404678
252,5039.989,1786752412339.037,29370261.437,0.000000000,2.015285015,6.201121807,-0.762889445,5.905338764,0.297508031,0.107994922,-0.836521983,2.569372177,-3.217402935,-3.241471291,-0.346693248,-0.073289566,-6.759087563,-13.953136444,2.325395584,-3.767470837,-5.599888325,-2.706782103,-5.246319294,-0.213512093,-1.309340715,-1.312544823,-3.005372047,-1.315052986,-1.889024854,-2.359642267,0.221073732,-0.817495406,-0.720415592
253,5059.987,1786752412359.035,29370281.435,0.000000000,-2.136721849,9.517448425,2.064753056,5.608751774,-0.310069472,0.432391524,11.187682152,-0.284797490,-3.357916594,7.281198978,-10.188594818,-1.736805558,-8.643223763,-11.615857124,0.749151289,-5.288428307,-6.909995556,-2.535040617,-4.205687523,-0.085585110,-1.306021094,-1.288201451,-1.750413656,-1.628380775,-2.047989130,-1.533843637,-0.152500436,-0.812307715,-0.684787750
254,5079.987,1786752412379.036,29370301.436,0.000000000,-4.221482754,13.110125542,5.312568665,4.566781521,-0.645145953,-0.047266461,17.403051376,-3.000279903,-2.460225821,17.317430496,-2.824880600,-1.678152084,-3.057076454,-19.908916473,-2.720689297,-5.011703491,-6.089396954,1.011482477,15.085141182,-0.287493706,4.252511978,-0.916597545,-1.106804490,-0.711703956,-0.717667222,-0.317744672,-0.250440300,-0.708543897,-0.446786702
255,5099.993,1786752412399.042,29370321.442,0.000000000,-3.365213633,17.014823914,1.550550461,7.620564461,-0.993467450,-2.649507999,20.583673477,-3.582101345,-0.825592101,18.861999512,0.517691076,-0.875718951,-1.583834648,-23.327049255,-2.164675713,0.272359967,-2.100322485,3.129534960,21.134487152,-0.853288054,5.000000000,1.215497136,-0.505234003,-1.041104436,-0.878380716,-0.128003731,-0.012289994,-0.781990170,-0.436367661
256,5119.988,1786752412419.036,29370341.436,0.000000000,-6.874748230,17.061977386,-5.533795834,21.150444031,1.264965892,-1.085682631,27.727449417,-8.360078812,-0.325062126,22.437646866,1.509426713,-0.092122518,17.643735886,-32.212894440,2.832131386,7.987666607,10.424215317,4.313790321,14.043536186,-0.038437873,2.427846193,-0.850401044,2.631560802,-0.051112201,-1.742825150,4.306424141,0.132579371,-0.094905108,-0.548104465
257,5139.987,1786752412439.036,29370361.436,0.000000000,-88.000000000,55.172645569,-26.803876877,137.198165894,3.195112705,-0.888903320,-33.507186890,-48.298282623,10.076566696,139.000000000,-2.681979656,4.111186028,61.054851532,-37.131523132,9.479992867,13.169835091,17.715076447,-4.164580822,22.931390762,-4.214924335,5.000000000,5.000000000,1.389920115,-18.058616638,1.076804042,11.483079910,-1.785330892,-3.754239798,-4.823946476
258,5159.988,1786752412459.037,29370381.437,0.000000000,-22.406482697,47.372928619,0.900293410,36.942974091,36.958362579,-1.301950932,-41.558006287,3.622484922,8.836864471,-89.734375000,12.238874435,2.398121119,55.077579498,-41.789936066,27.487264633,20.543556213,4.286697865,7.921466351,9.260797501,1.536406159,5.000000000,1.417640924,-8.125268936,-5.968307018,-0.664975882,9.369835854,0.390429735,4.062676430,2.095468998
259,5179.986,1786752412479.035,29370401.435,0.000000000,-27.696104050,26.311393738,-21.576213837,-14.665702820,1.156980157,2.260278940,8.496389389,-2.005406618,2.695177555,-12.330893517,0.535665095,-1.284890771,38.632980347,-32.098079681,24.855587006,20.244976044,7.268318176,7.397420883,6.614605904,-0.339432776,3.366083860,2.425534487,-13.786430359,3.534701824,-0.641277432,4.528971672,-0.087428950,4.216977596,1.896060228
260,5199.986,1786752412499.034,29370421.435,0.000000000,-26.369335175,2.479527235,-14.009827614,-31.759881973,-1.774431348,0.814237654,60.701221466,2.467833519,-29.104463577,55.246673584,2.205768585,-7.105070114,-23.975526810,4.803232670,-11.814092636,13.775907516,9.323575974,5.753443241,3.950700521,0.713647187,2.240049601,0.908773005,-8.876263618,6.938064575,0.621349633,-3.013333559,-0.640742719,0.876368165,-0.155143902
261,5219.989,1786752412519.038,29370441.438,0.000000000,-29.204298019,-16.431402206,16.134286880,-23.687530518,-2.951489449,-0.599429190,57.480178833,-18.825721741,-27.648925781,51.192092896,5.679017067,-3.512244940,-8.903986931,17.369712830,-38.678264618,8.613001823,3.283088923,-0.030663213,0.067705236,0.098041125,1.529922009,-0.532264233,-1.370066166,8.820373535,-1.583798170,-8.697381020,0.865284979,-3.035808802,-2.253322840
262,5239.991,1786752412539.040,29370461.440,0.000000000,-34.888080597,-22.525268555,26.418191910,-6.113737583,-1.477057576,-3.652060747,44.465553284,-46.512454987,14.690485001,9.401591301,0.759674966,-0.073922433,18.030059814,2.856482983,-40.346988678,4.579803944,-5.395378590,-3.611306667,-6.609929562,-0.585896492,-2.135235786,-1.078669310,-2.505286217,4.662522793,-1.732683897,-7.628919601,0.518728316,-3.887403488,-1.457051873
263,5259.991,1786752412559.040,29370481.440,0.000000000,3.782533169,-25.538639069,15.545329094,7.522891998,0.488004655,-3.566878557,1.225451350,-28.145999908,24.986440659,-15.222924232,-1.437672853,-0.949035227,15.040225029,-3.248536348,-34.145877838,0.469779670,-7.840585709,-4.159789085,-8.613648415,-0.898234248,-3.769058466,-1.114367962,-5.120239735,0.074074768,-0.985570669,-5.391840935,0.003944766,-2.617739201,-0.250976235
264,5279.991,1786752412579.039,29370501.440,0.000000000,37.000778198,-31.048065186,16.918943405,8.193330765,0.596315563,0.008023540,-51.063789368,-2.583154678,20.726100922,-54.617496490,34.161018372,-11.120309830,-25.083261490,2.905031204,-13.115008354,-9.543415070,-8.590976715,-4.762299538,-8.230426788,-0.327915698,-3.148403645,-1.230925918,-3.969056845,-4.959541798,-0.701092422,-5.196412563,0.439969152,-2.217095613,0.204787165
265,5299.997,1786752412599.045,29370521.446,0.000000000,52.314472198,-30.017351151,22.034341812,16.815080643,3.848502159,0.083096631,-81.264442444,11.291593552,21.927228928,-53.844486237,50.000000000,-11.771067619,-55.001750946,20.478805542,-7.321444035,-18.015224457,-8.835700989,-5.501899719,-9.931357384,-0.810009897,-2.012515306,-1.529246807,-2.522874594,-9.005918503,-0.820564806,-5.650885582,-0.354374409,-2.593592882,-0.075415753
266,5319.989,1786752412619.038,29370541.438,0.000000000,36.402515411,-30.847938538,24.398571014,-0.981520712,-1.574520707,-0.072753958,-76.428634644,-1.689648867,37.675415039,-110.367782593,32.364002228,-22.899507523,-55.933197021,29.405641556,3.059670448,-21.527647018,-10.621805191,-8.243997574,-11.256785393,-2.163062572,-1.991360784,-2.073041439,0.146414101,-9.662126541,-2.242210627,-5.304655552,-0.892755330,-2.336936235,-0.823049664
267,5339.989,1786752412639.038,29370561.438,0.000000000,17.776168823,-11.930539131,13.527131081,-0.813123941,-4.066262722,-0.605120957,-58.585544586,-14.391765594,41.177776337,-91.602439880,26.775278091,-17.663059235,-41.080898285,25.349367142,10.850050926,-20.956367493,-10.306504250,-7.290232182,-12.648364067,-0.838157773,-3.911605597,-2.264225960,1.697405100,-9.727216721,-2.946242332,-2.042027712,-0.003090884,-1.071960330,-1.157873273
268,5359.987,1786752412659.036,29370581.436,0.000000000,5.930491924,1.083965421,14.836336136,-13.604721069,4.348706722,0.667858779,-31.952919006,-23.506246567,34.611160278,-70.546440125,27.074260712,-13.043814659,-41.929695129,21.146142960,6.613148212,-20.489645004,-6.062275887,-6.711899281,-14.520298958,-0.969565928,-4.496372700,-2.368155003,4.389444351,-11.959546089,-3.607996702,0.611843109,-0.297687322,0.194937035,-1.274938464
269,5379.988,1786752412679.036,29370601.436,0.000000000,-1.218470097,1.137212515,10.608096123,2.870014906,3.018426418,-0.728625238,-12.821556091,-29.363035202,31.406370163,-42.376144409,23.822088242,-10.913223267,-30.335739136,14.653412819,-1.720052719,-18.159934998,-2.350220919,-4.605869293,-13.552072525,-0.780981362,-4.934397221,-2.083555937,6.154969215,-12.462997437,-4.184161186,2.208737612,-0.532390833,1.383733511,-1.463776588
270,5399.986,1786752412699.035,29370621.435,0.000000000,-21.150182724,16.862600327,-7.736629486,-1.398255110,-1.851596117,-1.500500560,25.412511826,-42.653781891,14.208407402,26.746767044,12.845259666,-5.148673058,8.689298630,6.451135635,-17.418518066,-10.495648384,-0.637714326,-2.967211962,-10.728784561,0.307441056,-4.785256863,-1.699205637,5.143891335,-8.604257584,-4.515787125,2.526221991,0.297933728,1.967971325,-1.158347011
271,5419.989,1786752412719.038,29370641.438,0.000000000,-19.131280899,29.070718765,-18.024168015,6.536414146,-0.134546250,0.371846884,67.193130493,-50.981346130,-15.777207375,45.947929382,13.463867188,-1.698324203,40.504795074,-9.495469093,-25.129678726,-3.083313227,1.670845389,0.390064687,-5.274125099,0.512350202,-4.391122341,-1.016204596,-0.658884585,-4.816526413,-2.860217810,1.422706246,0.568450034,1.676003218,-0.747818589
272,5439.986,1786752412739.035,29370661.435,0.000000000,-12.099020958,23.947044373,-14.204152107,3.389855623,1.268209815,0.413904607,56.487346649,-31.840335846,-14.017149925,18.904907227,0.628968596,0.498180062,28.209768295,-22.866104126,-24.871555328,-1.836737871,1.725824714,1.213194132,-4.962054253,-3.382296562,-4.488466740,-2.665524721,-4.189994812,-1.140980363,-0.077800795,-0.925971568,0.711649954,0.765310049,-0.395112664
273,5459.986,1786752412759.034,29370681.435,0.000000000,17.470960617,14.373591423,-4.474910259,5.016639233,0.774997056,0.188870639,7.608082771,-13.310411453,0.898832083,-5.137182236,-0.952497184,0.281067699,5.984848499,-20.540418625,-15.486717224,-5.750237465,1.618353844,0.546329141,-6.294505119,-1.918629050,-3.029730797,-2.079198360,-5.630355358,0.833626151,0.991093218,-3.213267326,0.343899667,-0.873330891,0.177785024
274,5479.988,1786752412779.036,29370701.436,0.000000000,27.823764801,-6.062760353,11.605492592,3.327836275,0.387408793,-0.082715511,-27.477273941,0.018966723,18.068048477,-30.360445023,13.771511078,-6.987965107,-26.284002304,-3.901106834,-10.401309967,-13.427304268,0.668390751,-1.805217743,-7.031916618,-1.057293415,-2.111960173,-1.128772497,-3.608238935,-0.221452072,0.480047584,-5.655575275,0.574656248,-2.366875648,0.121864401
275,5499.986,1786752412799.034,29370721.435,0.000000000,17.525388718,-22.222156525,21.074865341,-1.132343411,-0.540465117,-0.235232085,-34.836624146,-7.172534943,30.197202682,-46.080009460,36.784202576,-14.715474129,-44.128860474,12.553486824,-12.614622116,-18.055700302,-0.620577753,-3.660304070,-9.397565842,-0.945939541,-2.206710339,-1.510118842,1.115456462,-2.616330624,-1.893135071,-5.827459812,0.540587187,-2.818771601,-0.560711026
276,5519.985,1786752412819.034,29370741.434,0.000000000,13.640939713,-8.472378731,14.702831268,3.282335520,-0.280305922,-0.144014373,-30.683395386,-27.223215103,28.562063217,-38.512153625,50.000000000,-17.063846588,-36.026794434,16.477375031,-11.006793976,-18.283567429,-2.209202051,-4.574224949,-10.241678238,-0.613597035,-2.737486839,-1.697461843,3.251324892,-4.678769112,-2.744329929,-4.005886078,0.258943379,-2.182495832,-0.765926540
277,5539.986,1786752412839.034,29370761.434,0.000000000,9.097821236,18.036670685,-1.280115128,9.860853195,-0.676892042,0.104669854,-8.472624779,-38.720218658,14.005868912,-16.939905167,50.000000000,-14.308931351,-17.461008072,3.594370127,-7.743515491,-16.242252350,-2.919502974,-3.247126102,-8.482738495,-0.149942756,-2.744979143,-1.311688542,3.161630154,-4.251324177,-2.310219765,-1.157183766,-0.072487451,-1.121072650,-0.579577267
278,5559.986,1786752412859.034,29370781.434,0.000000000,3.831723213,19.686294556,-4.248409271,7.660387993,10.063151360,2.324048758,16.713401794,-36.311882019,17.329238892,-20.935291290,50.000000000,-16.959615707,-8.328900337,-13.680262566,-7.022170544,-11.919646263,-3.281178236,-1.572772741,-7.436896801,0.411429346,-2.494470119,-0.778212726,3.384807587,-2.412289381,-0.546460032,1.711746216,-0.132588327,0.369736344,-0.179713860
279,5579.985,1786752412879.034,29370801.434,0.000000000,11.481018066,20.105949402,-6.425505638,13.743856430,5.818901539,1.635892868,16.117031097,-34.854972839,7.985090256,-19.893217087,50.000000000,-15.275983810,2.618148804,-28.016971588,-4.533100128,-7.714097023,-4.583656311,-1.416952610,-5.562450886,0.196864858,-2.032392979,-0.404762954,2.796359539,-0.070189051,1.054160714,1.630937576,0.044485357,0.952016771,0.292750567
280,5599.986,1786752412899.034,29370821.434,0.000000000,13.010564804,15.425732613,-6.089362621,12.784057617,0.803849459,0.277091533,20.008113861,-22.944868088,-3.331243992,-6.604372025,47.253147125,-12.452548981,11.462433815,-31.695217133,-7.258014202,-3.143791199,-6.045981884,-1.878175020,-3.807111025,-0.214459136,-1.145285606,-0.459078610,-0.495264232,2.069957256,1.722146273,-0.481187880,0.213509426,0.312921613,0.621837020
281,5619.989,1786752412919.038,29370841.438,0.000000000,2.664716482,8.538286209,-5.196338654,-3.042713642,0.048056893,0.221062437,35.797687531,-3.067458391,-13.160377502,38.655368805,20.036176682,-2.088132858,7.218232155,-17.820831299,-13.643481255,0.583174229,-6.809345245,-3.408112288,-2.512569666,-0.775770009,-0.673563957,-0.669707298,-2.728793144,1.707595825,2.099371672,-3.418939829,0.139155373,-1.004009485,0.483068615
282,5639.989,1786752412939.037,29370861.437,0.000000000,-18.348585129,0.523690999,4.549761772,-14.538268089,0.085479878,0.034885574,42.285057068,-7.302315235,4.425018787,23.479354858,4.851891518,1.817113161,-7.663102627,-8.653269768,-17.841653824,4.361087322,-2.490796328,-4.730322361,1.648543715,-0.880828857,0.138011798,-0.991319299,-0.926780224,0.330195546,2.433239937,-7.749769688,0.327107370,-2.182326078,0.009415897
283,5659.987,1786752412959.036,29370881.436,0.000000000,5.313883781,-6.867096901,14.613553047,-23.321300507,20.200885773,4.628294468,16.013002396,-2.745014429,3.400854588,2.736816168,-1.481479406,-0.012192612,6.469685555,-0.144624040,-17.620182037,6.268889904,-4.466104984,-4.059329033,1.645785451,-0.720687568,0.913988471,-0.893083096,-2.634164572,0.534701705,1.543567419,-7.540625572,0.854376137,-3.039859295,0.013403101
284,5679.987,1786752412979.036,29370901.436,0.000000000,14.376905441,-33.383083344,30.991683960,-68.095092773,50.000000000,13.075241089,-0.131202549,17.023082733,-8.024116516,-6.859304428,-1.029246449,0.074985519,9.765658379,24.198343277,-26.147460938,9.050247192,-7.583406448,-4.627838135,-0.591096878,-0.382320732,0.904844165,-0.750465810,-5.401139736,1.742071509,1.824339867,-6.083523273,0.907650948,-2.744372606,0.275611430
285,5699.986,1786752412999.034,29370921.435,0.000000000,16.252882004,-46.206138611,27.971620560,-78.969169617,50.000000000,-4.744460583,-2.164923191,23.478225708,-9.899142265,-3.906854630,-0.597587466,0.189289704,11.626622200,32.208728790,-29.264225006,10.344873428,-7.392200470,-4.346245766,-1.383404732,-0.438717812,0.616338074,-0.755811214,-7.546947002,1.475226164,1.138865113,-5.816696644,0.496074587,-2.363916874,0.061073683
286,5719.986,1786752413019.035,29370941.435,0.000000000,22.266023636,-2.441373348,-0.710612118,-29.761253357,50.000000000,-15.363832474,0.500182927,-13.481448174,13.767413139,-4.694183826,-0.391677469,-0.587053657,14.645186424,19.819351196,-24.780395508,7.810302734,-3.328282118,-2.621668100,-1.722678781,-0.217715248,0.201505914,-0.617483318,-8.743472099,0.292253077,-0.841881931,-4.380028725,0.455359042,-1.941313624,-0.381424755
287,5739.986,1786752413039.035,29370961.435,0.000000000,15.168148041,76.279975891,-54.594974518,23.592098236,3.712697268,0.917844474,3.588718891,-68.666999817,29.096126556,6.098760605,11.049578667,-3.975456238,6.475189686,-6.324578285,-13.793993950,-0.766504169,1.111175537,-1.267192960,-2.401317596,0.578714430,-0.396070629,-0.370007426,-8.158541679,-0.764588177,-2.189984322,-3.684211016,0.298788995,-1.404165983,-0.647128046
288,5759.986,1786752413059.035,29370981.435,0.000000000,-7.244459152,63.335651398,-27.446510315,-13.130725861,0.264428467,1.143238187,17.783142090,-57.099330902,9.951560974,-25.938430786,15.458934784,-21.475559235,-11.156232834,-9.776343346,-10.871183395,-4.154231071,3.161640406,0.727949262,0.016515853,1.307303786,0.205249086,0.285762727,-3.526001930,-1.685565710,0.025582667,-3.817426443,0.112599611,-1.879239798,-0.347658187
289,5779.985,1786752413079.034,29371001.434,0.000000000,-8.112711906,-7.313696861,15.387786865,-56.051780701,-1.882757425,-0.491673350,13.720458031,10.729557991,-3.500473976,7.621893883,-7.441045284,-3.593516350,-4.977478981,2.865075588,-2.083420038,-3.020437479,1.012294650,1.665328622,0.704060555,0.301461369,0.242880002,0.303739995,-0.525256991,-2.495587826,1.309611678,-3.229037762,0.651092291,-1.768825054,-0.106119841
290,5799.986,1786752413099.034,29371021.435,0.000000000,-5.059010029,-51.369998932,43.439701080,-56.883975983,25.752611160,9.740021706,24.130174637,43.844154358,-21.675380707,23.200830460,1.731824160,1.453645945,8.118469238,17.788570404,1.896596313,3.711616278,-3.536740303,-0.964480817,0.729383707,-0.857210994,0.145032167,0.216323078,-0.892983735,-3.725587845,0.289196551,-1.609930515,0.459610254,-0.770046711,-0.172269896
291,5819.989,1786752413119.037,29371041.437,0.000000000,-11.851587296,-56.984302521,43.048999786,-123.961936951,46.200439453,12.490083694,26.097057343,26.128049850,-14.074832916,3.819156408,-0.757257462,0.219788179,19.540134430,32.191169739,-8.896376610,8.946463585,-7.266474247,-2.907521486,-3.021587372,-0.612909079,-0.342011929,-0.452569425,-3.245066881,-4.917344093,-0.737556994,-1.086660981,0.408012360,0.050446022,-0.234992132
292,5839.986,1786752413139.034,29371061.435,0.000000000,-1.605666876,-51.380657196,26.174709320,-126.274505615,48.208225250,13.825962067,18.179519653,13.826234818,-7.909868240,1.309284449,-0.863556981,-0.099708959,19.889535904,46.182945251,-25.256193161,9.841876030,-8.836234093,-3.850358009,-4.276135445,-0.390256941,-1.047303796,-0.862907112,-6.601828575,-5.476402760,-2.361187696,-1.717814088,-0.096742712,-0.106038861,-0.378680497
293,5859.986,1786752413159.035,29371081.435,0.000000000,4.572764874,-11.603533745,13.756877899,-126.417922974,16.254262924,21.352987289,3.475136042,-2.780004740,-7.358266354,-7.847611904,-0.286920309,-0.017175807,11.948618889,46.888179779,-30.490484238,6.496701241,-5.165347099,-2.954337120,-3.621656656,-0.917522669,-0.902404845,-0.996418357,-8.922230721,-5.613302708,-4.617182732,-2.554929972,0.820451856,-0.941682041,-0.786314785
294,5879.986,1786752413179.034,29371101.435,0.000000000,20.140872955,11.386910439,-22.419147491,-50.955192566,-2.042011499,-5.642871857,-12.767802238,-21.882019043,5.561903954,-9.506794930,7.243669987,2.538385630,1.300178766,25.776611328,-22.489660263,-2.193834305,2.121158361,-1.536543608,-5.942922592,-0.380636930,-0.914264262,-0.893609643,-9.797354698,-4.599832058,-6.647100925,-4.442708492,0.620934784,-1.421811223,-1.157901764
295,5899.991,1786752413199.040,29371121.440,0.000000000,27.988578796,51.987045288,-49.697120667,38.354324341,8.591601372,3.462097168,-24.503507614,-40.469188690,-0.850749433,-22.474309921,-4.264003754,-3.598829269,-1.262894392,-5.202734470,-6.605354786,-10.876578331,9.087066650,1.100050926,-4.461127758,0.027429016,-1.337879300,-0.205576867,-9.614331245,-4.587848663,-5.955969810,-3.359698772,0.467428863,-1.276755929,-0.816339076
296,5919.989,1786752413219.037,29371141.438,0.000000000,15.180159569,36.432453156,-23.372148514,-3.107124805,0.073352829,0.119274750,-28.743698120,-20.875329971,-3.121313810,-63.319065094,-17.944683075,-5.988433361,-11.542581558,-11.001461029,1.333107352,-11.979569435,10.090998650,4.548730850,-1.594116926,0.926648378,-1.136374235,0.629627407,-5.835959435,-4.664261341,-3.211282969,-3.437578917,0.018946968,-1.333953977,-0.618054450
297,5939.988,1786752413239.036,29371161.437,0.000000000,-7.119517326,-26.802072525,26.077827454,-29.683607101,-1.762610912,-0.715932190,-15.777068138,32.821506500,-14.380041122,-38.639659882,-15.035783768,-5.317586899,-10.909108162,2.300600529,6.493982315,-9.873900414,8.210582733,6.312613487,-2.337310791,0.756402135,-1.322793603,1.054146409,-2.404341459,-7.495178699,-4.110058784,-1.956210017,-0.098793194,-1.014783502,-0.718754053
298,5959.987,1786752413259.035,29371181.435,0.000000000,-9.566717148,-40.818664551,46.705650330,-33.241138458,18.374044418,3.927531719,9.105244637,49.661720276,-22.610502243,33.986492157,3.913884163,0.297655076,-4.348958015,9.956854820,0.406651795,-4.639263153,2.494741678,4.092987537,-1.288288474,0.294130713,-1.289235592,0.961564422,-0.130539313,-8.194934845,-3.613140583,0.237322286,-0.047973353,-0.161061198,-0.781927824
299,5979.987,1786752413279.036,29371201.436,0.000000000,-33.109607697,-50.951129913,67.637046814,-102.578536987,30.370059967,4.312446117,42.988620758,26.796447754,-16.128522873,20.136087418,1.743875861,0.270470023,10.647929192,22.518857956,-3.510039806,0.914583027,-3.390245199,0.586722612,-1.403743505,0.318198651,-0.960828304,0.363992989,-1.508962393,-8.549515724,-2.933756590,0.804985821,0.569676757,0.342870533,-0.915668905
300,5999.989,1786752413299.038,29371221.438,0.000000000,-37.711582184,-21.243270874,63.018466949,-139.000000000,-0.496888965,17.240945816,33.437942505,8.737171173,-13.792204857,-9.065669060,-3.026599169,-0.226811945,11.307976723,31.839748383,-16.773855209,6.472649574,-7.703873634,-1.566004992,-1.252955794,-0.386751831,-0.692803860,-0.157311350,-3.762014627,-7.695330143,-2.618306398,-1.045178533,0.456948131,-0.028603196,-0.912455320
301,6019.987,1786752413319.036,29371241.436,0.000000000,-33.256664276,-18.058187485,46.484836578,-121.059257507,-24.252405167,7.697486401,24.473037720,-0.036457587,-3.449573994,-0.590937912,-1.172499776,0.333696276,-0.413036197,33.789108276,-20.566322327,4.922677517,-7.164179802,-3.071123600,-2.129236698,-0.914183974,-0.558059216,-0.583206415,-4.566212654,-6.885080338,-4.414683819,-2.832337856,0.545558095,-1.027586699,-0.892515957
302,6039.987,1786752413339.035,29371261.435,0.000000000,17.569583893,1.829639316,3.603792191,4.151481628,-2.560639381,1.948678374,-6.750453472,-21.573890686,-2.600726604,-0.231124967,-2.843832493,-6.570482254,-16.365240097,23.664310455,-12.543619156,-1.416062713,-1.978446007,-2.496765614,-4.076550961,-0.626771748,-0.528471589,-0.603110194,-3.623177052,-5.999214649,-6.144958019,-1.796850324,0.404933482,-1.058745503,-1.154401302
303,6059.989,1786752413359.038,29371281.438,0.000000000,44.500885010,27.946586609,-27.740650177,31.112062454,0.895180464,3.796336651,-29.188652039,-16.646820068,-18.368377686,4.866244316,0.768071413,0.003959867,-13.270871162,5.535394192,-10.258431435,-8.492339134,2.860096693,-1.105956793,-4.066187859,-0.611981988,-1.166058302,-0.524990380,-4.620407581,-2.544127226,-4.747826576,-1.101298094,0.666330278,-0.490402192,-1.014809132
304,6079.987,1786752413379.035,29371301.435,0.000000000,30.574499130,40.319145203,-14.357407570,1.386321306,-1.434092283,0.362666786,-53.555973053,-21.286283493,-41.179260254,-79.477027893,-13.436499596,-2.581886530,-3.424833059,-8.415909767,0.362184107,-13.780635834,6.458227634,2.121886969,-6.160449028,0.571729183,-1.765174150,-0.021480087,-5.423131466,-1.955820203,-3.286466360,-2.126491547,1.068099856,-0.350841552,-0.627784610
305,6099.987,1786752413399.035,29371321.436,0.000000000,18.882925034,11.773155212,0.666034341,-12.902443886,-1.215359330,0.122595347,-51.295066833,7.582053661,-27.808488846,-108.089828491,-23.679525375,-11.286837578,-1.156415582,-10.061758041,5.503102779,-13.445240021,8.586218834,4.631105900,-8.785087585,0.956976891,-2.752677202,0.328863025,-6.339040279,-2.700968027,-2.353843927,-1.747034788,-0.246544898,-0.466100663,-0.155525565
306,6119.991,1786752413419.040,29371341.440,0.000000000,2.398015261,-14.437394142,15.526255608,-5.460091591,0.607356548,-0.391650498,-37.315006256,26.576646805,-18.783666611,-85.496192932,-25.334632874,-10.662789345,-5.065785885,-8.865686417,14.459228516,-9.157896996,8.267560005,4.953281403,-4.676393986,0.361789912,-2.753526688,0.673012853,-4.975108147,-4.075699329,-1.634121060,-1.714106321,-0.544047356,-0.546396136,0.081315868
307,6139.992,1786752413439.041,29371361.441,0.000000000,1.369182706,-28.753841400,45.628170013,-22.117977142,-1.025642753,13.146062851,9.306736946,55.412242889,-26.884340286,49.743427277,3.724020243,-1.077026367,-4.561862946,1.367390513,5.110443592,-4.213194370,1.776336074,2.413310766,-0.193301022,0.382036775,-0.998056948,0.599977434,-1.668038368,-4.636414051,-0.804719508,-0.755514324,-0.129948512,-0.639159441,0.051263139
308,6159.993,1786752413459.042,29371381.442,0.000000000,-40.590381622,-22.217338562,82.248184204,-101.602027893,-9.031632423,8.332676888,31.223524094,32.504291534,-16.790596008,18.119297028,1.361720920,0.429518223,-2.188392401,14.038702011,-10.268624306,0.816043496,-5.828321934,-1.233201265,0.907584786,0.178264454,0.115692876,0.125402138,-0.881985486,-5.720495701,-1.106988907,-1.779153228,0.166159317,-0.635335505,-0.256017596
309,6179.990,1786752413479.038,29371401.439,0.000000000,-55.146163940,-22.680120468,76.875900269,-133.259552002,-25.531064987,6.337171078,38.359668732,4.806439877,-1.412588120,3.487096310,0.261380017,0.105917014,-1.546769738,27.130180359,-14.919046402,6.513367176,-10.124761581,-3.947938204,0.624434292,-0.299428970,0.716307223,-0.408979356,-2.070930719,-7.645956039,-2.519110918,-1.850041986,0.222629920,-0.931596398,-0.490793943
310,6199.990,1786752413499.039,29371421.439,0.000000000,-32.993549347,-25.758510590,56.754257202,-111.792991638,-25.628988266,6.783522129,15.578038216,3.644779921,2.164231777,-0.272803605,0.371989727,-0.017245280,-10.064908981,39.883556366,-16.812185287,6.468183994,-9.754364967,-5.332078934,-0.547343016,-0.954788089,0.936371863,-0.940722287,-1.932405829,-8.227613449,-4.024431705,-1.390200257,0.409088761,-0.869285822,-0.761895537
311,6219.989,1786752413519.038,29371441.438,0.000000000,13.273397446,-5.848549843,16.301055908,-7.509339809,-5.151081562,3.171442032,-24.129526138,-3.779300213,4.031892776,-24.753068924,-0.782201171,0.203905433,-19.059381485,30.969570160,-13.260207176,0.673965335,-3.711058378,-3.649347067,-4.013061047,-0.336625844,0.197524697,-1.004777551,-1.265395999,-7.061296940,-5.750120163,0.083391674,-0.170758590,-0.408619612,-0.970682919
312,6239.990,1786752413539.038,29371461.438,0.000000000,39.853214264,11.524910927,-24.286125183,19.517658234,0.234200090,0.200156435,-41.293773651,-6.276031017,-0.740260482,-6.787766933,0.069353290,0.215683296,-23.946828842,22.049428940,-4.884893417,-6.271103382,1.713294387,-1.537833691,-6.859634876,-0.369896472,-1.239573479,-1.000028849,-2.890404940,-5.784297466,-6.107391834,-0.170516610,0.053023022,-0.102500312,-1.162401319
313,6259.989,1786752413559.037,29371481.438,0.000000000,24.010982513,38.691699982,-18.249580383,6.444420815,-0.172422126,0.479075253,-37.595905304,-31.031217575,-24.844581604,-64.476882935,-13.879560471,-0.696935534,-12.115815163,5.204379082,-2.299050093,-10.772975922,4.561071396,0.481364727,-5.842831612,0.037321750,-2.183196306,-0.280233324,-2.694603205,-4.976885319,-4.881190777,0.912891209,0.426982641,0.027267041,-1.216959238
314,6279.989,1786752413579.038,29371501.438,0.000000000,17.813146591,31.604722977,-10.722667694,3.219073534,-0.408265531,0.287145764,-36.547885895,-24.647563934,-18.037036896,-112.796020508,-21.316024780,-5.009477615,4.057750702,-11.262593269,0.233714402,-9.940988541,8.072082520,3.607052088,-5.281348705,0.335563511,-2.261874676,0.514901876,-3.077706575,-3.668400764,-2.210725784,0.803659618,0.462250203,0.141046509,-0.578524411
315,6299.993,1786752413599.041,29371521.441,0.000000000,22.936773300,9.241471291,-9.984589577,-0.264699131,-9.117899895,5.825570107,-31.523376465,-1.188362718,-15.352354050,-103.689155579,-23.547676086,-5.882443905,10.261958122,-25.177616119,4.012371540,-5.275371075,10.374739647,5.626009941,-0.881953299,0.093077444,-1.758206010,0.951462269,-3.516431570,-1.798535109,0.276751816,-0.544794381,0.222254917,0.079178900,0.062156782
316,6319.989,1786752413619.038,29371541.438,0.000000000,18.832946777,4.362593174,-11.827156067,8.170783997,-1.667724252,0.718994439,-21.424001694,7.415703297,-19.939474106,-84.278640747,-20.635326385,-2.603012323,8.076850891,-36.290584564,4.355099201,-2.153281212,7.688449860,4.520874023,3.289338827,-0.454889774,-0.533315539,1.211148024,-2.524783850,-3.229243517,0.034153998,-2.178210497,0.112859346,-0.440517902,0.330550700
317,6339.988,1786752413639.037,29371561.437,0.000000000,21.625143051,-3.490319014,-3.943303347,2.955294371,1.149292350,-0.303265989,10.916904449,35.089775085,-22.395448685,51.902412415,3.151416779,1.259611487,-4.812734604,-28.003768921,-8.962338448,-0.809866011,1.068826675,1.435066581,3.933858395,0.472614080,0.798128188,1.120605946,-1.784786820,-5.907812595,-1.587671041,-1.796487451,-0.010586087,-1.007287860,-0.140202463
318,6359.989,1786752413659.038,29371581.438,0.000000000,7.725879192,-9.588419914,12.092967033,-6.662729263,0.240416691,-0.683888674,29.964525223,24.679904938,-6.988942146,49.058589935,4.050504684,0.235747799,-2.618355036,-18.154607773,-13.375757217,1.983447671,-3.815539598,-0.879855573,2.745116234,-0.333379120,1.015208960,0.553553402,-1.039127707,-8.633636475,-3.969459772,-0.954112947,-0.315091491,-1.067200661,-0.945526540
319,6379.991,1786752413679.040,29371601.440,0.000000000,-4.267183304,-2.045352459,15.070836067,-16.128332138,-7.044494152,-4.468472481,11.342998505,3.588136435,1.868179440,-15.481953621,-1.804741740,-0.316093564,5.169045448,-12.270830154,-8.037940025,5.994120121,-6.722214699,-2.094435930,1.020454407,-0.719569862,0.801741779,-0.288982779,-1.498534918,-8.393413544,-4.004572868,-0.942744792,-0.092742570,-0.744321167,-1.058504343
320,6399.989,1786752413699.037,29371621.437,0.000000000,-6.505791664,4.644194126,5.656795025,-10.122751236,-5.073390007,-3.196901560,4.413483620,-5.056410789,5.367181778,-15.052016258,-1.255183697,-0.330865502,-1.963379622,-5.190844059,-1.056194425,5.226537704,-6.744742393,-3.344912529,-0.386596292,-0.545543015,0.763518274,-0.821202517,-1.723920584,-6.298917770,-4.218451023,-0.502081931,0.094140768,-0.523922563,-1.119587064
321,6419.988,1786752413719.037,29371641.437,0.000000000,2.914369583,8.552219391,-6.758262634,1.132567167,-1.671069145,-0.878841341,-12.840622902,-6.425851822,2.027661324,-8.011803627,-0.698849022,-0.172994986,-12.573263168,1.903753161,6.208391190,0.207464322,-5.214531422,-3.263453722,-2.115718365,-0.187856302,0.376247972,-1.056477904,-1.659491062,-3.959271908,-4.043225288,0.029028909,0.023821894,-0.216795355,-1.126219034
322,6439.986,1786752413739.035,29371661.435,0.000000000,8.695809364,8.907447815,-9.339108467,-5.545049667,-2.516058445,-0.320731014,-21.407434464,-6.500132561,-1.682170510,-4.082602978,0.073935069,-0.071569189,-17.404453278,7.218483925,5.460459709,-4.344794273,-4.767086506,-3.016343355,-4.062356472,-0.176643953,-0.109702528,-1.095855951,-1.692155838,-1.431094646,-2.870685101,0.208479866,-0.009796800,-0.209247947,-1.016141415
323,6459.988,1786752413759.036,29371681.436,0.000000000,7.556699753,12.412862778,-8.180681229,-9.596463203,-3.739356041,-0.801986635,-6.022381783,-6.667313099,-5.389792442,5.159997463,-4.113453388,-5.917781830,-13.901752472,2.344024181,-0.184270844,-6.406633377,-5.089979649,-2.413960695,-3.724258423,-0.072608456,-0.809914410,-1.037654042,-0.502869427,0.581661701,-1.694117427,0.503224671,-0.117697999,-0.124223746,-0.772097290
324,6479.991,1786752413779.039,29371701.439,0.000000000,4.359939098,10.749154091,-5.098005295,-8.509748459,-4.552003860,-1.802417040,13.366774559,-5.317210674,-3.996499777,18.974435806,1.033179402,-1.310443282,0.028477989,-13.140298843,-7.427607059,-5.348392963,-3.938918829,-0.026627647,7.189097404,1.078617215,0.179240957,-1.191344619,0.235737070,1.826962948,0.132471487,0.959312201,-0.307103634,0.001815127,-0.228671923
325,6499.991,1786752413799.039,29371721.439,0.000000000,2.975690842,14.109283447,-8.170279503,-2.767082214,-4.229347706,-1.741055131,24.345436096,-5.190348148,-1.922847867,19.962789536,1.884604573,-0.004836413,4.716798306,-23.759775162,-8.911865234,-0.913272619,-0.599905014,2.548393011,13.515425682,0.459979206,2.694571257,0.298158735,0.845843375,0.826940000,0.892515540,0.126460776,-0.264639795,-0.281136036,0.111245476
326,6519.990,1786752413819.038,29371741.438,0.000000000,0.935094237,12.583407402,-12.171097755,4.931451321,-2.957220078,-1.155353189,19.000738144,-4.210517883,1.165501118,5.414730549,0.480761349,-0.035147306,4.779489040,-27.500801086,-0.525446236,3.053391218,2.272576094,4.187119484,15.782470703,-0.104779065,4.658204079,1.855861425,0.096317306,-1.425761104,-0.651632607,-0.742198646,-0.144112796,-0.651858270,0.085823543
327,6539.989,1786752413839.038,29371761.438,0.000000000,-6.921304703,9.852057457,-14.950437546,9.507369041,-0.029238923,0.187365249,9.374941826,-4.225844860,3.459424973,8.707736969,-0.142855451,-0.190204620,11.070145607,-29.002597809,10.964305878,8.006308556,9.254185677,4.982545853,10.604656219,-0.566392183,3.293167591,0.786940157,-0.379955351,-3.315447569,-2.478145838,0.764619648,0.117161721,-0.860424101,-0.528820097
328,6559.988,1786752413859.037,29371781.437,0.000000000,-88.000000000,57.569087982,-28.284015656,139.000000000,1.821985006,-1.829821587,-34.946174622,-40.119720459,7.779136658,139.000000000,-3.530280352,3.854895115,54.234359741,-29.499898911,17.565923691,10.472246170,17.782825470,-2.345777988,20.250102997,-5.845003605,4.488227367,5.000000000,-2.365560293,-20.450595856,-0.207195565,11.287104607,-1.804361582,-4.821664810,-4.760980606
329,6579.991,1786752413879.040,29371801.440,0.000000000,-28.664812088,47.810543060,-0.609002829,28.209278107,33.967498779,-1.193137407,-39.311027527,-4.901078224,11.966057777,-97.498527527,4.452682972,4.546805859,48.362270355,-39.461765289,27.829511642,18.110189438,6.294408798,9.220001221,10.246256828,1.468198776,5.000000000,1.554519057,-8.144725800,-8.194751740,-0.968173802,7.931876659,0.581426263,3.556959391,1.719913840
330,6599.988,1786752413899.037,29371821.437,0.000000000,-24.823003769,36.284645081,-22.672243118,-9.125153542,4.130517483,1.267105341,9.425985336,-1.985362768,-4.501583099,-5.840703487,1.399928570,-0.480216414,41.611938477,-39.721389771,25.496385574,19.708051682,9.139678001,9.120472908,7.448781490,-0.341934979,3.065145254,2.778030872,-13.920454979,2.213047028,0.735893130,3.775730133,0.374565691,4.029677868,1.520616531
331,6619.988,1786752413919.036,29371841.436,0.000000000,-41.041595459,19.660612106,-15.764760017,-33.022167206,-2.724791527,0.913547873,70.589584351,-7.999716759,-10.466269493,55.365612030,4.012638092,-4.402507782,-20.031320572,-3.120904207,-10.605723381,12.281578064,10.209163666,4.776729107,4.797719955,0.548477471,2.101104498,1.041865826,-4.940923214,4.330472469,-1.452971935,-2.883527756,0.066848926,0.252727419,-0.678981364
332,6639.987,1786752413939.036,29371861.436,0.000000000,-23.120342255,-14.527652740,22.726461411,-16.662311554,-2.526766539,-0.701976359,40.509628296,-29.436569214,8.387945175,18.180671692,1.397651672,0.005013888,-13.622054100,14.976659775,-37.918941498,6.974716663,1.995254517,-0.248736277,-0.333496720,-0.199344739,0.386451125,-0.208584696,2.415280819,4.396168232,-4.455048561,-7.289521217,1.403277516,-3.046558619,-2.469635487
333,6659.987,1786752413959.036,29371881.436,0.000000000,18.892305374,-30.774225235,30.772850037,11.776741028,0.432755172,-2.461549997,-2.120307922,-21.349788666,8.859414101,-12.490140915,0.003858936,0.083383411,15.769607544,11.728658676,-39.484424591,5.644042969,-7.068873882,-3.953504562,-7.551855087,-0.693498373,-2.257581472,-1.014107466,-0.933705270,2.858488321,-1.158114076,-6.123336792,1.115379333,-2.908633471,-1.139771581
334,6679.987,1786752413979.036,29371901.436,0.000000000,35.046447754,-45.061664581,28.999540329,17.454429626,1.311521053,-2.026669502,-35.294731140,-14.891254425,25.976699829,-50.678142548,16.849807739,-2.386061192,-22.371601105,12.295568466,-31.625677109,-5.965493202,-7.425719261,-4.043124199,-10.323386192,-0.697562337,-3.371492147,-1.529445529,1.055713415,-1.959180117,-1.932952642,-4.735357761,0.493218303,-2.233092308,-0.661160231
335,6699.987,1786752413999.036,29371921.436,0.000000000,35.655300140,-30.175895691,21.925750732,11.901629448,1.952361465,-0.733259320,-44.265857697,-9.476745605,38.779354095,-52.266300201,50.000000000,-2.470871449,-48.110015869,10.660198212,-19.933242798,-16.141351700,-6.416726112,-4.190618515,-11.694090843,0.412124544,-3.363350391,-1.749094009,2.961167812,-7.320625782,-3.634365559,-2.319902182,-0.353816122,-1.711773157,-0.576799691
336,6719.987,1786752414019.036,29371941.436,0.000000000,30.955368042,-0.716078579,8.096026421,10.582390785,1.464415431,0.233569846,-30.272193909,-30.260303497,41.999710083,-57.253929138,50.000000000,-5.938863754,-53.219554901,7.010039330,-9.286696434,-25.000000000,-4.269849300,-3.724872589,-12.752708435,-0.125107333,-3.631991386,-2.250349283,5.118467331,-9.385965347,-4.884819984,-1.526042223,-1.294897437,-1.117518783,-1.055034995
337,6739.987,1786752414039.036,29371961.436,0.000000000,-2.656691790,20.233533859,-12.238087654,-1.309468985,-4.069508553,0.478682518,-14.361810684,-61.565597534,68.413566589,-75.897979736,50.000000000,-9.121657372,-37.577362061,-3.405585051,0.122838296,-25.000000000,-3.471536398,-4.607448101,-15.864045143,-0.550967336,-4.692654133,-1.900925159,5.142715931,-7.622760296,-4.424242973,-0.607867360,-0.724721193,-0.244952962,-1.151127100
338,6759.987,1786752414059.036,29371981.436,0.000000000,-13.391123772,31.126617432,-20.138494492,5.840241432,-0.580855608,0.406977564,0.811639488,-68.653244019,67.366203308,-60.557876587,50.000000000,-7.689524651,-24.033256531,-8.145784378,1.656157970,-25.000000000,-1.993863463,-2.905387163,-14.878605843,-0.071263269,-5.000000000,-1.376902223,3.806935787,-6.461522102,-2.352266073,0.683037937,-0.359253645,0.362490505,-0.667706847
339,6779.987,1786752414079.036,29372001.436,0.000000000,-22.486537933,32.217601776,-18.892311096,2.806535006,0.887239754,0.258019656,19.972871780,-59.367973328,54.445114136,-43.135086060,50.000000000,-5.698785305,-15.265481949,-9.082221031,-4.651363373,-21.526100159,0.673707545,0.749238133,-11.081739426,-0.174596414,-5.000000000,-0.758045912,1.898880124,-4.894552231,-1.469064951,1.188029289,-0.720500231,0.866441309,-0.442442685
340,6799.990,1786752414099.038,29372021.438,0.000000000,-28.329641342,21.204324722,-15.604808807,2.574412346,0.879570603,0.122634143,28.487518311,-59.373054504,38.311084747,-13.987864494,50.000000000,-5.256855011,-7.842891693,-6.373641491,-11.108607292,-15.973897934,1.631874323,3.232196093,-8.138940811,-1.427967548,-5.000000000,-0.175785273,-0.976631880,-3.445653677,-0.327638477,-0.922754407,0.309942245,0.516403139,-0.261852413
341,6819.990,1786752414119.039,29372041.439,0.000000000,-20.070978165,15.607342720,-10.709190369,6.740324974,0.792528570,-0.111185402,32.813045502,-64.413803101,26.378818512,1.342802167,50.000000000,-7.834354401,-0.924771547,-3.382618904,-16.307783127,-12.273622513,0.659702837,3.367877245,-7.089699268,-1.253997684,-5.000000000,0.245254695,-5.158709526,-2.641778708,-0.108759306,-3.575309038,0.896731973,-0.564678788,-0.122270383
342,6839.991,1786752414139.040,29372061.440,0.000000000,-6.561074734,9.614582062,-3.024546862,5.710071564,0.341801107,-0.217917979,26.758441925,-55.041416168,22.310350418,3.655123234,50.000000000,-9.886466026,-1.910843849,-2.103342295,-24.723091125,-10.582452774,-0.546097696,1.665699959,-8.544053078,-0.314072818,-3.986043453,0.070332989,-7.023560047,-0.324586421,0.072518125,-5.523211479,0.563243151,-1.823582649,-0.229728460
343,6859.991,1786752414159.039,29372081.440,0.000000000,2.419306278,2.131065607,3.911442041,3.266490221,0.044690624,0.030977983,21.121753693,-41.279167175,15.215050697,-2.684785604,50.000000000,-12.267380714,-4.300954819,-6.595807552,-27.086194992,-10.118632317,-1.097315669,-0.589566410,-8.588124275,-0.476166904,-3.309343100,-0.468082398,-7.055661201,1.213690519,0.700347483,-6.967391968,0.276693404,-2.686774492,-0.258437485
344,6879.991,1786752414179.040,29372101.440,0.000000000,6.372444630,2.605118752,2.697834730,4.021511078,0.122443929,0.069040023,15.139313698,-32.479255676,11.355307579,-4.657156944,50.000000000,-14.725111961,-5.749943733,-10.622961998,-22.495838165,-9.371922493,-1.676198363,-2.492656231,-7.431758404,-0.816462040,-2.615778923,-0.877602994,-6.393957615,1.764251709,0.911324203,-7.051491737,0.310212195,-2.949951887,-0.163440049
345,6899.990,1786752414199.038,29372121.439,0.000000000,5.409225464,6.764451504,-1.064619064,3.435225248,0.082789376,0.164941162,10.786468506,-30.946706772,9.415060997,-5.717024326,47.885414124,-14.752352715,-5.569520473,-12.331110001,-16.690189362,-8.521879196,-2.048867941,-3.250497818,-6.153532982,-0.733876467,-2.171829700,-0.956688643,-5.330810070,1.884010077,0.828236222,-6.522916794,0.132031590,-2.787165165,-0.084794633
346,6919.991,1786752414219.040,29372141.440,0.000000000,1.170876980,12.072554588,-5.905840397,6.338444233,0.281764001,0.289093494,13.886167526,-33.716724396,5.755452156,2.777516842,40.825557709,-12.540918350,-1.905827403,-11.994935989,-11.663854599,-6.312426567,-2.133120537,-3.043962717,-4.411565304,-0.605400920,-1.654136777,-0.896364033,-5.006103992,1.635839462,0.903058171,-5.686911106,0.451604337,-2.300566435,-0.141404569
347,6939.990,1786752414239.039,29372161.439,0.000000000,-5.984510422,14.447493553,-9.471556664,2.464686155,-0.027428854,0.340378493,19.819597244,-32.021598816,2.173219442,12.314474106,30.617403030,-9.254156113,3.732114553,-9.756957054,-7.186754227,-2.381603718,-2.196670055,-2.537368536,-1.629369855,-0.531802595,-0.924493730,-0.651905239,-4.916323185,1.333494425,1.003851056,-4.617399693,0.373178184,-2.000771523,-0.246341884
348,6959.988,1786752414259.037,29372181.437,0.000000000,-11.513544083,11.168660164,-8.690132141,1.326062560,-0.369097918,0.280106276,27.842586517,-25.848203659,2.082510233,20.172037125,19.851755142,-4.926139355,9.670490265,-6.992957115,-5.080997944,2.663385391,-2.423113108,-2.155559540,0.858534455,-0.367591769,-0.072465681,-0.282296121,-4.369298935,1.355199456,1.018687606,-3.319710016,0.224157482,-1.565447330,-0.245096207
349,6979.988,1786752414279.037,29372201.437,0.000000000,-16.439657211,6.663925648,-6.047752380,-0.925206006,-0.569268048,0.219195291,32.835472107,-19.153766632,4.142468452,18.267271042,12.534319878,-2.688336611,12.692558289,-5.696341991,-6.152909756,6.936726093,-2.317336559,-1.847376823,2.410719872,-0.316557616,0.648664117,-0.017645337,-3.473408699,1.356868863,0.989746571,-2.620428085,0.145281672,-1.086329222,-0.221381575
350,6999.991,1786752414299.040,29372221.440,0.000000000,-11.949629784,3.531322241,-4.011642456,-1.370409608,-0.259069681,0.241629392,21.766614914,-14.015784264,6.053677559,4.239192963,9.425605774,-2.679022074,14.745562553,-5.160688877,-5.631345272,8.607306480,-2.538228750,-1.936881185,1.998436570,-0.136858881,0.924535453,0.172864377,-3.609416723,1.828103065,0.930526733,-2.526970625,0.312942266,-0.820586681,-0.181600109
351,7019.990,1786752414319.039,29372241.439,0.000000000,-9.687612534,0.970413566,-3.829557180,-0.948098123,-0.347569406,0.292988360,15.708489418,-13.975397110,7.416855812,-7.136887074,15.376423836,-5.055054665,14.583167076,-5.604766846,-4.962149143,8.190967560,-1.560172319,-1.596137166,1.319388866,-0.193697140,0.842151701,0.141427740,-3.990420103,1.715413928,0.940198958,-2.963262081,0.376107156,-0.915176511,-0.110911444
352,7039.988,1786752414339.037,29372261.437,0.000000000,-8.680261612,6.171502113,-3.268768072,-0.352327555,-0.309596598,0.213697061,11.320186615,-17.194692612,4.655394554,-21.082818985,-2.867168665,-5.418427467,17.533321381,-9.772049904,-4.748212337,7.254541874,1.436289072,-0.254276633,1.149803162,0.032817028,0.723792434,0.328011155,-4.487203598,1.648749471,1.279933333,-3.471562147,0.287800908,-1.143541574,0.031336471
353,7059.987,1786752414359.035,29372281.435,0.000000000,-5.183243275,-2.221397877,-1.367996097,1.553627253,-0.027458251,0.121627226,4.324590683,-14.491224289,0.530749798,-55.713966370,2.126045942,-14.827965736,20.034984589,-15.918344498,-2.885998964,5.451002598,4.226002216,1.518871903,0.827134192,-0.247434124,0.549456656,0.529598176,-5.422866821,2.203398228,1.812186718,-4.109519958,0.182994142,-1.418558359,0.251164645
354,7079.986,1786752414379.035,29372301.435,0.000000000,-3.595836163,-0.583514690,-3.401547909,3.607242346,0.109680623,0.212517515,-3.205397367,-2.816681147,-0.569957495,-49.918273926,-17.586692810,-9.138473511,17.419494629,-19.314405441,0.548102081,3.255068302,6.163432121,3.188906670,0.769166768,-0.099527664,0.210002422,0.875427485,-5.928788662,1.548745275,1.570989966,-4.742197990,0.216545731,-1.763177991,0.237851858
355,7099.988,1786752414399.037,29372321.437,0.000000000,-3.238620996,-6.409878254,-1.343769550,-19.612024307,15.883011818,5.603323936,0.343829274,14.264104843,-10.636013031,-22.332502365,-13.692064285,-5.620418072,11.488656998,-13.515198708,1.122434974,1.791406274,5.430389881,3.268129349,0.990712941,-0.035800081,0.176061541,0.921414137,-5.531892776,0.028339716,0.348856449,-4.545916080,0.297579169,-1.799922109,-0.023415780
356,7119.989,1786752414419.037,29372341.437,0.000000000,-5.219367027,-23.440143585,15.720149994,-38.056312561,21.709777832,6.008636951,12.598154068,36.256004333,-20.878910065,20.264387131,2.298534632,0.762968600,5.945376396,3.162141085,-4.355371475,0.848194003,1.585233331,1.709804296,-0.170733750,0.163619265,-0.021897109,0.540292323,-4.937556744,-2.883651018,-1.369361162,-3.847329140,0.413015455,-1.634946585,-0.334859818
357,7139.993,1786752414439.042,29372361.442,0.000000000,-5.670931339,-40.702831268,39.520858765,-70.423912048,50.000000000,8.655788422,16.905776978,32.732761383,-16.385341644,11.138743401,1.488361478,0.611989081,1.848134995,21.372381210,-10.705117226,0.627418458,-1.141938567,0.106366254,-2.832010031,0.289013028,-0.373471141,-0.145128980,-5.573483467,-5.565402031,-2.911345959,-4.311450005,0.519559085,-1.501371145,-0.442949653
358,7159.998,1786752414459.047,29372381.447,0.000000000,-2.682088852,-34.559726715,51.665737152,-83.676536560,50.000000000,16.734056473,15.513550758,27.012987137,-15.522075653,0.420323163,-0.659844100,0.446058005,-1.287932515,31.140003204,-22.152853012,1.585952759,-2.551592588,-0.195066497,-4.493767738,0.600822628,-0.941897511,-0.435868204,-5.466327190,-7.741075516,-4.361159801,-4.049705982,0.098378494,-1.392203093,-0.559722543
359,7179.992,1786752414479.041,29372401.441,0.000000000,6.907143116,-15.627983093,44.277870178,-85.285278320,50.000000000,11.605028152,18.829883575,13.963008881,-24.567398071,26.850416183,1.060543299,0.325066298,-9.114918709,40.005649567,-28.538219452,1.299396992,-2.216648102,-0.958986938,-4.556163788,0.646116912,-1.197169542,-0.579582214,-4.003695011,-9.372131348,-6.054316521,-2.784210443,0.342422783,-1.260408759,-0.894444585
360,7199.995,1786752414499.044,29372421.444,0.000000000,21.949317932,-10.343564034,33.179477692,-69.322395325,49.294994354,-1.122151971,11.108637810,12.243323326,-17.452735901,9.902225494,1.253093243,0.553503633,-6.897952080,33.999820709,-34.930744171,0.502174079,-1.226699114,-0.767521441,-4.846373081,0.384390146,-1.180672884,-0.352125525,-3.235846043,-9.146039009,-6.323409557,-2.172267675,0.970991969,-1.002248168,-1.255113363
361,7219.990,1786752414519.039,29372441.439,0.000000000,34.456493378,6.775560856,0.114148155,-7.488828182,39.789093018,-7.474254131,2.693270922,-18.893697739,-1.934001088,-3.644837856,-0.086845286,-0.043093465,5.498579025,9.757711411,-32.224876404,-1.499535799,1.961256146,0.668942153,-3.817142963,0.038346909,-1.267869830,0.075423695,-3.919052601,-8.115294456,-6.384616375,-0.865313113,1.268902540,-0.591371417,-1.311663508
362,7239.989,1786752414539.038,29372461.438,0.000000000,22.235601425,45.159721375,-48.916770935,20.489818573,1.734982491,1.525723219,-3.015817642,-32.701702118,8.283999443,-17.541679382,0.287702948,-0.408465207,8.136841774,-16.816883087,-23.248380661,-4.940777302,5.701467037,1.816489100,-2.750619173,-0.127464816,-1.267628312,0.683304548,-5.592610836,-5.524879932,-5.016584873,-0.578644514,0.894452214,-0.140526131,-1.191071272
363,7259.992,1786752414559.041,29372481.440,0.000000000,7.772605419,43.129669189,-29.579364777,-11.283127785,-2.805053949,0.807905793,-1.292380571,-41.693931580,12.216594696,-61.627056122,-15.511366844,-8.964220047,-1.285255194,-16.510208130,-18.117279053,-7.599539757,6.826777935,3.367960691,-2.023982048,0.674657941,-1.004307628,0.795639873,-4.787117958,-4.364998817,-2.940494299,-1.286302924,0.354762226,-0.466728747,-0.710266829
364,7279.995,1786752414579.044,29372501.444,0.000000000,5.133358479,8.817848206,-2.321559906,-15.994738579,-0.954246998,-0.109828003,-8.389688492,-9.736503601,7.483959675,-59.276176453,-20.609313965,-9.914443970,-12.282551765,-3.312795162,-7.494297504,-7.843619347,4.767728806,3.558349133,-2.252714634,0.487279594,-0.881917715,0.504231155,-1.838789701,-4.258898258,-2.796292305,-2.420756817,0.140201002,-0.882913947,-0.585795879
365,7299.993,1786752414599.042,29372521.442,0.000000000,-1.298942327,-29.056184769,35.695835114,-15.683656693,-0.893271029,-0.837878108,-0.296021819,34.286064148,-17.188051224,20.334035873,1.225902200,0.077572450,-13.001241684,17.626415253,-1.237570047,-4.755615234,-0.688073575,0.810502708,-1.250667930,0.022538258,-0.605956078,0.112813614,-0.402502328,-5.866799831,-2.916215181,-2.033780098,0.238834664,-0.987082660,-0.662117541
366,7319.994,1786752414619.042,29372541.443,0.000000000,-19.976751328,-40.713779449,61.037746429,-41.466140747,14.685577393,1.359385848,23.573850632,26.257362366,-9.957572937,20.674173355,2.127713680,0.194104701,1.724028468,25.393499374,-6.944532871,0.132000446,-4.573712349,-1.982391238,-1.809533000,-0.346228212,-0.611722410,-0.468701094,-1.299997211,-5.326659679,-2.235458612,-1.463954926,0.170786485,-0.536611617,-0.628792048
367,7339.992,1786752414639.041,29372561.440,0.000000000,-24.669239044,-27.963241577,62.787178040,-139.000000000,1.874663591,20.317888260,19.739290237,19.197523117,-18.719802856,-0.686671317,-0.439343452,0.189250067,2.492372274,32.413467407,-17.539854050,2.476256132,-6.504815578,-2.826267481,-3.322381496,-0.612941504,-0.802575886,-0.673101723,-3.297291517,-3.179760456,-1.117213011,-2.192964792,0.401746690,-0.428841263,-0.379350603
368,7359.992,1786752414659.041,29372581.441,0.000000000,-31.991455078,-17.772279739,51.647777557,-139.000000000,-12.091705322,10.636268616,20.722679138,6.081541538,-10.021539688,-3.464000225,-1.391306400,0.316218615,-8.421174049,34.949142456,-19.134170532,0.576311767,-6.210222244,-3.090899229,-4.592768192,-0.487776428,-1.101042986,-1.159776688,-3.825915098,-3.628241301,-2.949922323,-3.113111973,-0.086450450,-0.907874823,-0.534731984
369,7379.988,1786752414679.036,29372601.436,0.000000000,-8.728777885,-11.444797516,19.796644211,-99.544944763,-23.240524292,-3.127478838,-5.560129166,-4.622628689,-2.527645111,-12.802165031,-0.146573439,0.612407327,-11.471606255,25.111974716,-13.164517403,-3.374837399,-1.894426703,-1.900911570,-6.863257885,-0.404660374,-1.709153891,-1.051838040,-3.933496475,-5.005285263,-4.855135441,-2.316081047,0.317249179,-1.277622819,-0.676592410
370,7399.991,1786752414699.040,29372621.440,0.000000000,22.737874985,13.669294357,-21.918498993,-4.359792233,-3.875497580,3.696084976,-19.503936768,-18.653539658,-2.408798456,7.480379105,-3.337726831,-5.663960934,-19.808921814,19.694009781,-3.854679346,-9.464430809,1.443315506,-0.403466523,-7.852014065,-0.328731418,-2.396681547,-0.712807357,-3.856921434,-7.070090771,-6.177315712,-1.497796655,-0.072472930,-0.799367666,-0.687239468
371,7419.988,1786752414719.037,29372641.437,0.000000000,32.190299988,37.263996124,-31.125091553,17.140024185,0.572862685,1.028992176,-46.639091492,-27.374313354,-21.140743256,-44.973484039,-7.157951355,-0.783170283,-7.067391396,0.556751013,1.937652707,-12.006109238,6.082978249,2.093810558,-5.167508602,0.154627010,-2.363368511,0.280707210,-4.413339615,-6.299909592,-4.074306965,0.840992391,0.627592921,0.001011924,-0.523279250
372,7439.988,1786752414739.037,29372661.437,0.000000000,20.326492310,27.866954803,-12.162570953,1.409972191,-0.469550580,0.215395689,-48.028964996,-16.499206543,-20.172912598,-100.441101074,-20.234605789,-8.578079224,-3.417787790,-9.471426010,6.560139656,-10.409576416,8.648200989,4.595386505,-3.319286108,0.933514893,-1.699759603,1.200299859,-4.118314743,-5.588687420,-2.560735703,0.870062590,0.661948085,0.192595527,-0.227664813
373,7459.988,1786752414759.037,29372681.437,0.000000000,6.802081108,0.726577878,3.628047466,-5.252710342,-0.110451743,-0.158544078,-40.457077026,9.636696815,-17.662456512,-106.671195984,-27.044715881,-11.297300339,-3.075902224,-15.027255058,13.372333527,-6.531352520,9.043188095,5.510644913,-1.312615037,0.406267583,-1.017128110,1.399067760,-3.300614357,-4.178800106,-1.654435277,-0.292666346,0.263904691,-0.170786053,0.032574512
374,7479.989,1786752414779.037,29372701.437,0.000000000,8.865839005,-17.103069305,14.610978127,-16.744602203,-1.358658195,1.068754673,-25.567049026,33.170871735,-25.803453445,-27.586460114,-14.904219627,-6.019143581,-11.085870743,-5.799404621,13.668688774,-2.527180195,4.501016140,3.256848097,0.945792317,0.035749219,-0.280987293,0.961464167,-0.872536242,-4.678123474,-1.739696145,-1.373492241,0.088243738,-0.739638984,-0.214770108
375,7499.988,1786752414799.037,29372721.437,0.000000000,-11.638641357,-24.429018021,50.937343597,-65.068397522,-16.211841583,5.282541275,48.705554962,43.326271057,-21.867321014,80.671089172,7.529064178,0.455151141,-9.628130913,10.188272476,-8.785507202,-0.397014588,-4.911534309,-1.993655682,0.668595493,-0.263706237,0.270108193,-0.098571576,0.898873687,-6.182588577,-2.131704092,-1.447630048,0.083903193,-0.822087288,-0.606044888
376,7519.987,1786752414819.036,29372741.436,0.000000000,-44.295036316,-25.157188416,77.088027954,-127.153785706,-29.761156082,7.165234089,38.767269135,14.327486992,-7.339274883,4.989550114,-0.102344774,-0.060373079,1.036552906,18.295551300,-20.535947800,4.949488163,-10.760269165,-4.673821926,-0.556903303,-0.857043266,0.189592659,-0.801226974,-0.181666881,-6.449923038,-2.090011835,-2.264336109,-0.112126306,-0.896418691,-0.489341766
377,7539.988,1786752414839.036,29372761.437,0.000000000,-36.636474609,-31.061594009,66.657569885,-122.621902466,-29.794900894,9.314788818,23.604778290,9.541569710,-2.576158047,-4.893664837,-0.304609418,-0.229835570,-4.603831768,32.553810120,-21.066873550,6.685499191,-11.681832314,-5.585574150,-1.966538787,-0.941819608,0.102223821,-1.242592096,-1.629029870,-6.468154907,-2.794731379,-2.545088768,0.000410679,-0.963909507,-0.369567662
378,7559.987,1786752414859.036,29372781.436,0.000000000,-13.708502769,-23.957521439,45.911354065,-84.397155762,-23.135055542,-3.100365162,-4.747506618,8.825634956,-4.585487366,-5.816715240,-0.297109753,0.158600464,-11.699368477,40.768905640,-15.964209557,3.217766523,-7.953838825,-5.103270054,-4.540166378,-0.595649183,-0.462637663,-1.407017946,-2.708701611,-6.573182583,-4.078499794,-0.978079855,0.517587721,-0.672564626,-0.802368939
379,7579.989,1786752414879.038,29372801.438,0.000000000,23.515466690,0.443738103,-3.099493980,5.607560158,-1.650696158,-0.266979903,-37.362178802,-4.892623425,0.797737718,-17.876506805,-0.442708313,0.203201354,-19.888044357,30.032697678,-6.514740467,-3.418501139,-1.115560532,-2.636610031,-6.969474316,-0.412844718,-1.165963173,-1.010129571,-3.041347742,-6.062651157,-5.693556786,0.367350668,-0.010589615,-0.245009542,-0.931183279
380,7599.987,1786752414899.036,29372821.436,0.000000000,31.735343933,16.606746674,-24.075025558,20.658496857,1.234259605,0.920390010,-29.882177353,-17.749422073,-8.778382301,4.012917042,-2.757700682,-6.924693108,-22.985504150,19.090335846,-0.253635943,-9.733236313,3.671770811,-0.152684852,-6.124894142,-0.331210524,-1.719394803,-0.530005753,-3.646348953,-5.194364548,-5.665917397,0.711534202,0.010907043,-0.022688216,-1.150938749
381,7619.987,1786752414919.036,29372841.436,0.000000000,14.379815102,38.459003448,-14.452029228,3.450000048,-0.530020356,0.417207092,-28.961067200,-29.518747330,-24.396291733,-46.796047211,-9.479945183,0.020701475,-10.331741333,-1.905544281,3.102046490,-11.874782562,7.107888222,2.867365360,-2.886504650,0.305479586,-1.830801845,0.414433032,-2.423037291,-4.252897263,-3.779714584,1.775373220,0.512297571,0.189488143,-1.090866327
382,7639.988,1786752414939.036,29372861.436,0.000000000,17.889961243,24.678670883,-6.191011906,6.960394382,-6.441388130,10.973691940,-21.007949829,-18.477825165,-17.692115784,-100.521049500,-18.944561005,-4.169847965,8.233276367,-25.144815445,3.087046623,-7.506080627,9.956239700,5.880618572,0.308116823,0.394795597,-1.372593522,1.264759302,-1.891365170,-2.925220013,-0.824541807,0.732073784,0.734786034,0.182313189,-0.326830804
383,7659.989,1786752414959.038,29372881.438,0.000000000,17.326736450,4.958844662,-7.335283279,3.635391712,-2.170424700,1.808023214,-11.393729210,6.650795937,-13.265906334,-90.463142395,-21.344646454,-2.987668037,14.961824417,-38.809135437,0.946169734,-1.652782083,8.453959465,5.804036140,3.917396784,-0.117031790,-0.663013577,1.480552316,-2.248680115,-2.825880051,0.458487093,-1.099004507,0.058270205,-0.091532812,0.383162618
384,7679.991,1786752414979.039,29372901.439,0.000000000,11.375570297,-2.255071402,-8.910625458,5.971180439,0.394412965,0.539660156,3.629986763,12.914449692,-11.805301666,-39.232608795,-13.047243118,0.778691351,8.774838448,-36.165100098,1.395158172,1.562329650,4.674831867,3.275764942,3.580316544,0.153249890,0.077360854,1.463791013,-2.989655256,-4.958849907,-1.309669852,-2.488659382,-0.109703243,-0.668170571,0.125217199
385,7699.990,1786752414999.039,29372921.439,0.000000000,8.403634071,-1.083084583,-1.777028799,-1.379604220,1.146324396,-0.448375225,23.082824707,23.207315445,-6.760202885,55.580322266,3.820732117,0.823332787,-5.186235905,-20.833126068,-8.553702354,2.230129242,-1.647480011,-0.011643356,2.740667343,0.364248753,0.686771572,0.942412496,-2.858955622,-8.265038490,-3.838795185,-1.938467383,-0.245581195,-1.089574099,-0.553637803
386,7719.991,1786752415019.039,29372941.439,0.000000000,2.622713804,-3.452091694,10.642905235,-5.520327091,-0.205128908,-0.615950406,20.709018707,11.283769608,-0.474119574,30.776239395,2.544774055,-0.261223406,-4.591790676,-9.617165565,-10.928867340,2.338371754,-6.359055519,-2.025200367,1.331500649,-0.249010727,0.943062603,0.060390834,-1.315631509,-9.218103409,-4.986753464,-1.169259071,-0.144252777,-1.223809123,-1.393543243
387,7739.992,1786752415039.041,29372961.441,0.000000000,1.473909140,1.874580383,10.862762451,-4.152462959,-4.720422745,-3.533930540,3.024389982,-1.963319182,2.242020369,-16.460359573,-1.459453106,-0.193646565,1.589389920,-5.070049763,-6.710078239,4.649276733,-8.648556709,-3.240731239,-0.667664349,-0.718191147,0.609184742,-0.810764611,-1.062399387,-6.234221458,-3.879648685,-0.613486469,0.093678817,-0.737651110,-1.232604265
388,7759.991,1786752415059.039,29372981.439,0.000000000,0.497661084,5.765586376,3.796180487,-1.753882408,-2.734666348,-1.902816892,-2.631809711,-5.436266422,2.196646690,-12.185575485,-1.250788927,-0.148738354,-4.136322498,0.004507037,-1.775653005,3.479705095,-8.456117630,-4.378242970,-2.429483414,-0.446308434,0.442416459,-1.357920766,-1.066007614,-2.695308447,-2.932122469,-0.758044362,0.130606353,-0.587020159,-0.936878860
389,7779.989,1786752415079.038,29373001.438,0.000000000,3.893903732,5.403634548,-1.599406838,-0.312129170,-1.851300001,-0.752784312,-12.580752373,-4.316188335,0.776791811,-8.078141212,-1.010280013,-0.077601179,-10.102689743,3.275107622,1.986150742,-1.103473067,-6.476423740,-3.401304722,0.652556896,0.832334995,1.570214272,-0.182104602,-1.556165576,0.005750058,-1.821293712,-0.682793140,-0.063326448,-0.559964418,-0.650833428
390,7799.992,1786752415099.041,29373021.441,0.000000000,5.041103363,12.826486588,-4.622103691,-0.354121566,-3.150778055,-1.369742155,-4.068619251,-0.819033265,-4.627197266,10.033636093,-5.815660477,-7.142386913,-17.261993408,0.699185491,3.672527552,-3.823058128,-2.567277193,-0.296474129,8.694190979,0.207630128,3.811281919,1.236419201,-0.733500481,2.173298359,-0.779004812,-0.903388262,0.015435665,-0.817188203,-0.550354898
391,7819.988,1786752415119.037,29373041.437,0.000000000,-0.141903713,13.540546417,-3.801302433,-2.835297823,-2.989688396,-1.598421693,13.673076630,-1.983665228,-3.284791708,24.254854202,0.071009271,-2.321959734,-6.861544132,-11.445790291,-0.020701692,-0.681118786,1.210192084,2.204621553,14.000375748,0.305667192,4.569345474,1.778644443,0.915863991,1.642303586,-0.469011784,0.411850661,-0.312668294,-0.832854450,-0.549409866
392,7839.987,1786752415139.036,29373061.436,0.000000000,-4.780479431,9.856143951,-3.723869085,3.386195660,-2.100519896,-1.709121346,26.338928223,-2.344629526,-1.422131538,24.255559921,2.066846848,-0.162009254,10.012938499,-20.380229950,-1.845867753,4.327764511,4.617237091,4.526144981,15.397274017,0.530923009,5.000000000,2.930854797,2.015884638,-0.153240994,-0.458422333,1.157669544,-0.322077066,-0.400532424,-0.344633490
393,7859.988,1786752415159.036,29373081.436,0.000000000,-9.885816574,3.033232927,-9.159420013,14.706786156,0.984109819,-0.323102206,32.314979553,-5.113005638,0.250229120,16.642269135,1.404919147,-0.115974076,31.154714584,-28.367286682,5.662564754,14.024437904,14.718561172,3.137907982,5.495147705,-0.501110494,1.084639072,-0.153638780,2.065664053,-0.799571395,-1.358155489,4.166380882,0.145651832,0.706035376,-0.276135147
394,7879.987,1786752415179.036,29373101.436,0.000000000,-11.089035034,62.628658295,-13.336314201,7.550955296,10.623313904,-0.156795084,72.022781372,-41.333568573,2.471326113,77.667762756,8.822166443,0.257431954,57.917633057,-26.660043716,31.066364288,15.899474144,15.666417122,0.675442517,16.406179428,-2.918549776,5.000000000,3.787570715,-4.197495937,-16.641376495,0.094881728,10.933101654,-1.534706831,-1.097060204,-1.924170852
395,7899.987,1786752415199.035,29373121.435,0.000000000,-49.358352661,22.819393158,-9.319038391,-5.343335629,3.911857605,0.180181429,-5.780715942,-25.864068985,22.750711441,-129.784606934,0.987500787,2.568305731,43.426303864,-41.224403381,24.197525024,20.228303909,9.516654015,9.041428566,7.653034687,0.620795488,4.330658913,1.609749675,-6.410580158,-5.613481998,-0.919552386,7.235847473,0.487959236,4.118661404,2.042011499
396,7919.987,1786752415219.036,29373141.436,0.000000000,-20.693584442,25.146936417,-26.913288116,-14.099389076,-3.777473450,1.123130560,8.484561920,-0.720842600,-9.566726685,-5.388390541,7.880187511,-4.666977406,30.942411423,-24.291484833,24.380113602,16.249519348,10.090530396,9.837582588,7.797710419,0.378545284,2.235414267,2.773198128,-12.551859856,4.055449486,0.413473099,2.786312580,0.218384668,3.733648539,1.729933977
397,7939.987,1786752415239.035,29373161.436,0.000000000,-22.875921249,6.415365696,-12.946213722,-32.232055664,-1.725744247,0.517602861,55.917617798,-6.979703426,-36.602626801,65.257293701,-2.864722490,3.396530867,-32.985782623,15.098909378,-10.066861153,10.078898430,8.950961113,6.723581791,4.476001740,1.263997078,2.445777655,1.556929350,-5.800069809,6.250985146,-0.028707514,-2.859754801,0.483324111,0.539764643,-0.189845875
398,7959.987,1786752415259.035,29373181.435,0.000000000,-22.447750092,-15.863479614,32.670803070,-15.693155289,-2.720323324,-1.200375557,33.123302460,-24.802951813,-2.401685953,25.435836792,3.195497513,0.516730845,-11.654545784,25.908643723,-38.182220459,6.696829796,1.083033323,-1.312619328,-1.284190416,-0.259789616,1.011611700,-0.473819315,1.482210636,5.513091087,-3.787271738,-7.322730064,1.453877449,-2.765372038,-2.470471144
399,7979.986,1786752415279.035,29373201.435,0.000000000,-0.571799457,-39.107387543,33.814109802,6.580881596,-0.274418563,-0.987256408,19.591072083,-30.385244370,18.570228577,-8.061425209,-0.501980245,-0.388397366,20.182216644,7.291006565,-44.614795685,5.241844654,-7.198633671,-4.265302658,-7.268945217,-0.600467682,-2.512288332,-1.189484715,-1.328437328,2.195085526,-2.358904123,-5.403656960,0.887048602,-2.713000774,-1.370473146
400,7999.987,1786752415299.036,29373221.436,0.000000000,19.804830551,-15.674236298,10.023799896,12.262897491,1.617002010,-0.551489711,-3.245743752,-21.448305130,22.089185715,-18.369411469,-1.625801563,-0.449107766,7.779517174,-3.925863028,-33.946399689,0.358087599,-8.149625778,-4.109914780,-9.376207352,-0.498455346,-3.730051041,-1.574210167,-3.632419348,-0.391934514,-2.099354506,-4.534355164,0.195429489,-1.898755193,-0.660822332
