index,time_ms,time_realtime_ms,time_monotonic_ms,ros_timestamp,act_0,act_1,act_2,act_3,act_4,act_5,act_6,act_7,act_8,act_9,act_10,act_11,act_12,act_13,act_14,act_15,act_16,act_17,act_18,act_19,act_20,act_21,act_22,act_23,act_24,act_25,act_26,act_27,act_28
0,0.000,1786880114101.447,14901919.382,0.000000000,0.000000000,0.000000000,0.000000000,0.000000000,0.000000000,0.000000000,0.000000000,0.000000000,0.000000000,0.000000000,0.000000000,0.000000000,0.000000000,0.000000000,0.000000000,0.000000000,0.000000000,0.000000000,0.000000000,0.000000000,0.000000000,0.000000000,0.000000000,0.000000000,0.000000000,0.000000000,0.000000000,0.000000000,0.000000000
1,19.993,1786880114121.440,14901939.375,0.000000000,-1.057970881,0.428872168,0.613228798,0.765418231,-0.254124731,-0.449907780,-1.242121577,-0.105745465,-0.634155989,0.065641180,1.548648596,0.494152009,-1.267729163,0.359633684,0.386447817,-0.042304032,0.291632921,-0.040705290,0.050286867,-0.145559728,0.246623933,-0.135789856,-0.503918290,0.399496645,-0.155769184,0.285177857,0.148567364,0.089728445,-0.325063676
2,39.993,1786880114141.440,14901959.375,0.000000000,-1.362767577,0.858213484,0.835739851,0.588002741,-0.678436339,-0.471523374,-1.566503644,0.427654207,-0.963255048,0.365801871,1.478554010,0.755595028,-2.102740765,-0.081478074,0.246785760,-0.026910782,0.261399895,-0.063402444,-0.096180521,-0.320008516,0.101646185,-0.383484840,-1.265772700,0.406819910,-0.248197705,0.373244226,-0.107445471,0.269177496,-0.359337658
3,59.991,1786880114161.438,14901979.373,0.000000000,-1.695513725,1.258753061,0.679423392,0.218137980,-0.582486868,0.041945387,-1.047049403,0.631269395,-1.304232717,0.137822360,1.419550776,0.978173912,-2.670515299,-0.590337098,0.054756291,-0.252690673,-0.100203566,-0.219920844,-0.239556640,-0.400516897,-0.196594372,-0.597660840,-2.296881676,0.293855101,-0.357791513,0.356574833,-0.233567163,0.297091037,-0.232474253
4,79.994,1786880114181.440,14901999.375,0.000000000,-1.004794478,0.675790131,0.127746463,0.266649514,0.073112547,1.016030312,0.264933795,-0.305267483,-1.462689757,-0.097283781,1.336719513,0.843079507,-2.771602869,-0.572555780,-0.194164112,-0.356275290,-0.368487149,0.036193740,-0.001809463,-0.456148714,-0.522515178,-0.838250518,-3.293050528,0.135699868,-0.559044778,0.278957099,-0.272419244,0.118673056,0.011235405
5,99.994,1786880114201.441,14902019.376,0.000000000,0.095734790,-0.030824542,0.067854300,0.380092591,0.244045958,1.247295618,0.246381387,-0.465030640,-0.911011994,-0.068416059,0.993252873,0.345973939,-2.373908758,-0.656696975,-0.319150925,-0.452375323,-0.287027508,0.083661020,0.134130090,-0.570239246,-0.311337411,-1.155165792,-3.328407526,-0.068069436,-0.546322405,-0.046479080,-0.458740950,-0.034508061,0.080060095
6,119.993,1786880114221.440,14902039.375,0.000000000,0.565011680,-0.019761555,-0.253568292,0.540138364,0.022948066,0.630630970,0.015602721,-0.510096312,0.303394407,-0.183509335,0.615132749,-0.284994036,-1.187364340,-0.682180882,-0.164243504,-0.477005571,-0.003410743,0.091833748,0.177798808,-0.587780654,0.383710384,-1.377782941,-2.444800377,-0.170865074,-0.436059564,-0.354022592,-0.455709845,-0.145364061,-0.036303300
7,139.991,1786880114241.438,14902059.373,0.000000000,0.434977442,0.473737359,-0.494607866,0.493417501,-0.340114385,-0.393949986,-0.084537596,-0.544206917,1.371034265,-0.260791183,0.295936614,-0.669490278,0.176015183,-0.254372329,0.066018857,-0.331633449,0.138290033,-0.015941966,0.218978852,-0.534042716,1.044195890,-1.484491706,-1.279952765,-0.105120562,-0.424367189,-0.641291559,-0.316561311,0.019522164,-0.061664242
8,159.996,1786880114261.443,14902079.378,0.000000000,0.462998390,0.598599195,-0.667658925,0.607294023,-0.717739463,-0.977581263,-0.473905206,-0.589274883,1.675417900,-0.182270825,-0.048140045,-0.738213956,1.063117266,0.812719584,0.220485166,-0.171551675,0.179698378,-0.006457206,0.217911005,-0.478196889,1.296650052,-1.514158845,-0.296609670,0.004835853,-0.523163438,-0.956360579,-0.441745758,0.348301172,-0.059999365
9,179.994,1786880114281.441,14902099.376,0.000000000,0.452633739,0.417163908,-0.784863293,0.699780881,-0.914307415,-0.927731514,-0.994606078,-0.555632949,1.471445441,0.356723011,-0.336855501,-0.507186472,1.372853637,2.567815781,0.067129470,0.060022853,0.107676491,-0.043679733,0.177848935,-0.365865827,1.113231182,-1.367191434,0.143698290,0.180595681,-0.681239724,-1.361588359,-0.912340641,0.827967525,-0.288980216
10,199.993,1786880114301.440,14902119.375,0.000000000,0.883098841,-0.326051652,-0.995437801,1.148804545,-1.008588910,0.105869636,-1.799330592,-0.590926707,0.553592265,0.159477949,-0.115117535,-0.281494886,1.350464582,2.897491693,-0.902265370,-0.020369500,-0.132271245,0.432426780,0.155689061,-0.419282287,0.783791363,-1.571294427,-0.147708461,0.309747308,-0.681923568,-1.926725864,-1.553878069,1.209424853,-0.643716156
11,219.998,1786880114321.445,14902139.380,0.000000000,0.304224521,-0.522561610,-0.655027568,1.468304992,-0.324827641,1.977105975,-2.182957411,-0.639443815,-1.846400142,-0.116823226,1.043290734,0.374668747,0.728497088,3.571656466,-0.668869615,-0.153852344,-0.618992746,-0.159515694,0.011080936,-0.524870455,0.447106093,-2.359318972,-1.160920024,0.455866933,-0.793816030,-2.160292864,-1.966696143,1.378161192,-0.642455399
12,239.992,1786880114341.439,14902159.374,0.000000000,0.430358708,-0.358448625,0.029946346,0.893553078,-0.065736607,2.976990461,-1.451301932,-0.483849376,-2.613780260,0.579296470,0.519062102,0.851141214,-0.267993927,3.696319342,0.637099981,-0.072700299,-0.774354160,-0.673705697,-0.091279969,-0.517829776,0.080844596,-2.922494650,-2.282444000,0.642844915,-1.084337592,-2.341464996,-2.491781473,1.851348042,-0.067111120
13,259.994,1786880114361.440,14902179.376,0.000000000,0.411922842,-0.260543823,0.047921423,0.285606921,-0.050969049,3.160910368,-0.449067682,-0.393861979,-2.613020658,1.621249795,0.345149815,0.752490222,-0.807880461,3.757985353,1.431353331,0.167857885,-0.786909938,-0.732907236,-0.251033783,-0.305333346,-0.055032719,-2.848076105,-2.771310091,0.760751367,-1.241801739,-2.489553690,-2.956557989,2.345794201,0.426644117
14,279.991,1786880114381.438,14902199.373,0.000000000,0.261044532,-0.510825098,-0.106441647,-0.183631331,-0.076608405,2.743078470,0.251785398,-0.372849733,-2.421214104,2.172664881,0.187609687,0.546607614,-0.968184888,3.494811296,1.908686280,0.254841954,-0.606710434,-0.369962007,-0.285737365,-0.244240269,-0.132148668,-2.489828348,-2.856176615,0.681144714,-1.252847672,-2.708095312,-3.302253962,2.634656429,0.802447200
15,299.991,1786880114401.438,14902219.373,0.000000000,0.316760898,-0.622775674,-0.314363837,-0.279261172,-0.076255366,1.942079782,0.543653071,-0.326488584,-1.970020533,2.266306162,0.127074584,0.260910034,-0.980357945,3.143616915,1.974758029,0.261780709,-0.408918738,-0.211616158,-0.276940823,-0.383156151,-0.274491906,-2.316373348,-2.961266279,0.635603666,-1.259328604,-3.014862537,-3.590032816,2.870031357,1.189039707
16,319.994,1786880114421.441,14902239.376,0.000000000,0.189691857,-0.566591322,-0.363958955,-0.202193737,0.066312015,0.995253265,0.480475694,-0.356432229,-1.470590234,1.862574935,0.159546450,0.018633056,-0.968892336,2.701964378,1.981448174,0.184641004,-0.366098642,-0.040255729,-0.185480922,-0.514106572,-0.257432938,-2.054992914,-2.801372766,0.604246914,-1.285388350,-3.298791409,-3.631184101,2.925802946,1.296095729
17,339.995,1786880114441.441,14902259.376,0.000000000,-0.289178640,-0.037422590,0.013571788,0.036295325,-0.084925607,-0.288682759,0.381287187,-0.139392048,-0.833119154,2.318313360,0.141225860,-0.000229996,-1.135261416,2.209226131,2.367702723,0.212852180,-0.237649456,0.150172681,-0.137422085,-0.628122568,0.068329856,-1.588956475,-2.476238966,0.507333159,-1.296719551,-3.630359173,-3.615598202,2.903060675,0.970914423
18,359.993,1786880114461.440,14902279.375,0.000000000,-1.282389522,0.670448720,0.642073810,0.091245651,-0.222660318,-1.490706921,0.286925048,0.145563602,-0.005472108,2.322334528,0.402664632,0.099946007,-1.302860856,0.785451174,2.881152153,0.214766920,-0.107570529,0.276183158,-0.071142495,-0.491919965,0.451772243,-1.107985854,-2.168792725,0.388658375,-1.244369745,-3.696843386,-3.509744406,2.825170517,0.493801266
19,379.994,1786880114481.440,14902299.375,0.000000000,-1.878352165,1.029633045,0.847802281,0.085124232,-0.176628292,-1.610842466,0.196372420,0.137759537,0.495158166,1.255997300,0.875803351,0.135409191,-1.411430478,-0.207563996,2.957109451,0.330076724,-0.086778186,0.240529701,0.025239214,-0.455038846,0.788358033,-0.787405908,-1.925818920,0.358691722,-1.193370104,-3.631517887,-3.615028143,3.000508308,-0.048605863
20,399.993,1786880114501.440,14902319.375,0.000000000,-1.903040171,0.935878336,0.843898058,0.131166577,-0.140791744,-1.435492754,0.120713726,0.074417025,0.578434169,0.861179948,1.488886237,0.310714364,-1.281012058,-0.343216330,2.866103649,0.357131571,0.035497606,0.156063989,0.100681089,-0.529827535,0.841768980,-0.612635195,-1.813176155,0.269845307,-1.222194433,-3.668464184,-3.707692623,3.227611542,-0.497600138
21,419.993,1786880114521.440,14902339.375,0.000000000,-1.546502709,0.485514998,0.587216318,0.245259851,0.007739482,-1.082269430,-0.111674823,-0.233436808,0.326018542,0.398486912,2.153870106,0.230890647,-1.001797676,-0.285544306,2.856002331,0.352147013,0.197984442,0.070422530,0.219112545,-0.690323293,0.842325509,-0.702580988,-1.808430314,0.348475963,-1.133887291,-3.806627750,-3.935061216,3.457751751,-0.779531360
22,439.992,1786880114541.439,14902359.374,0.000000000,-0.867243171,-0.423372686,-0.023738798,0.601362169,-0.166393772,-0.230716586,-0.646885991,-0.282570690,0.184897006,0.282333374,2.229221106,-0.021297615,-0.665602028,0.169143766,0.882624030,0.240956545,0.170807600,0.053361502,0.278491199,-0.896108210,0.818512142,-0.955823421,-1.828397512,0.415751755,-1.122788787,-4.138899326,-4.306807518,3.806889534,-0.874389112
23,459.993,1786880114561.440,14902379.375,0.000000000,-0.641460955,-0.861964405,-0.378342330,1.024151921,-0.913693964,0.545906842,-0.988945723,0.387845397,-0.061327413,0.584190547,2.119096756,-0.115422010,-0.393277407,0.898109078,-1.531753421,0.221921921,0.024224175,0.055671599,0.041115828,-0.903137088,0.872956574,-1.136594772,-1.797221065,0.452266455,-1.190522075,-4.566039562,-4.716762543,4.299228191,-1.123100638
24,479.993,1786880114581.440,14902399.375,0.000000000,-0.412034333,-0.771844268,-0.401105046,1.183673501,-0.965423644,0.738760829,-0.896952450,0.252451211,-0.402219474,0.448002249,1.662212729,-0.141545802,0.020243462,2.521078348,-1.383249879,0.277581185,-0.237741321,-0.004804078,-0.002165563,-0.706497252,0.896342099,-1.290907979,-1.472606778,0.473359913,-1.223377943,-4.656290054,-4.836369038,4.435449123,-1.224662900
25,499.996,1786880114601.442,14902419.377,0.000000000,-0.553587377,-0.672140777,-0.466397405,0.956345916,-1.004012227,0.789911449,-0.982183158,0.186738059,-0.620444417,0.442909718,1.292831659,-0.137426779,0.114992321,2.228151321,-1.130275130,0.260936558,-0.197469011,0.159488261,-0.016462184,-0.574118793,0.937177181,-1.332498670,-1.193516612,0.548550725,-1.304056883,-4.598458290,-4.823166847,4.365488529,-1.357148051
26,519.994,1786880114621.440,14902439.375,0.000000000,-0.844069779,-0.568615854,-0.200930625,0.779157817,-1.004431367,0.626676559,-0.849711239,0.142467842,-0.657891393,0.833114505,1.213911653,0.010400880,-0.143013984,1.779587150,-0.985250711,0.263749361,-0.128905699,0.171319991,0.047324255,-0.484393984,0.978769422,-1.355035782,-1.205827832,0.540436506,-1.392005444,-4.592411995,-4.888681889,4.485003948,-1.353991151
27,539.998,1786880114641.445,14902459.380,0.000000000,-0.861104071,-0.699078441,0.088875368,0.504250526,-0.824182272,0.233991623,-0.488678932,-0.125778809,-0.411968619,1.386384130,0.904820800,0.075387448,-0.523883820,1.251426339,-0.018375324,0.349123955,-0.164570704,0.094588786,0.106269680,-0.436746657,0.925839484,-1.339331627,-1.338792205,0.444765806,-1.439056635,-4.681924820,-4.805379868,4.859611988,-1.284385085
28,559.996,1786880114661.442,14902479.377,0.000000000,-0.906333089,-0.467328072,0.331992865,0.245790958,-0.692847788,-0.101296321,-0.048911393,-0.099184901,-0.549673796,1.651231170,0.691783786,0.071107700,-0.821465075,0.940262258,2.102413177,0.458130568,-0.332170844,-0.044096593,-0.243453622,-0.447505265,0.836623132,-1.479272723,-1.540427327,0.469479948,-1.427918077,-4.754495621,-4.594330788,5.318484306,-1.332811832
29,579.992,1786880114681.439,14902499.374,0.000000000,-0.954275131,-0.267212212,0.367642611,0.102140769,-0.545259118,-0.219689548,0.139828786,0.009800471,-0.629967988,1.650785685,0.689898849,0.016901363,-0.925745964,0.867149115,3.132876396,0.590803504,-0.319442064,-0.144058555,-0.286871105,-0.448846430,0.795477569,-1.505162954,-1.706977248,0.497080833,-1.393656492,-4.909954548,-4.456306934,5.554252625,-1.514189601
30,599.995,1786880114701.442,14902519.377,0.000000000,-0.991399705,-0.185689032,0.359466583,0.062411383,-0.346626729,-0.307994097,0.280558467,-0.010252278,-0.735239029,1.529777646,0.701309204,-0.049532603,-0.934472144,1.034111857,3.560287714,0.673292160,-0.219364107,-0.148157775,-0.190316498,-0.511537611,0.795718312,-1.517897487,-1.930922747,0.503637612,-1.340187073,-5.184902191,-4.318955898,5.728318691,-1.536835313
31,619.994,1786880114721.440,14902539.375,0.000000000,-0.974140584,-0.139851928,0.369919419,0.054734416,-0.211452410,-0.506783962,0.304153234,-0.002975713,-0.713200688,1.474787712,0.717612147,-0.110740647,-0.952219903,1.082278848,3.584305286,0.729396284,-0.151357278,-0.129400194,-0.102440558,-0.563644350,0.821454942,-1.487555504,-2.030503035,0.439395934,-1.305845976,-5.448220253,-4.184583664,5.783123493,-1.357218146
32,639.993,1786880114741.440,14902559.375,0.000000000,-1.064720392,-0.102156430,0.390815556,0.091725633,-0.144936278,-0.565232933,0.257347792,-0.008816335,-0.563003063,1.392640829,0.773954332,-0.086789951,-0.961944342,0.829018593,3.293062210,0.694650292,-0.088564903,-0.161307037,-0.071328506,-0.647232831,0.870628893,-1.349091172,-1.993360162,0.320911974,-1.319082141,-5.773450851,-3.997094393,5.775519848,-1.216437221
33,659.992,1786880114761.439,14902579.374,0.000000000,-1.047224760,-0.197330937,0.365636736,0.137769610,-0.091329858,-0.514322042,0.263315827,-0.114723027,-0.394912064,1.181499124,0.812307060,-0.022736203,-0.969469666,0.758301675,2.741453171,0.719036281,-0.110587135,-0.157231539,-0.073678985,-0.693152308,0.849178493,-1.205116153,-2.003923893,0.273613751,-1.377984166,-6.116645813,-3.925734758,5.897328854,-1.070198536
34,679.992,1786880114781.439,14902599.374,0.000000000,-0.951224506,-0.275612056,0.315548897,0.172783494,-0.160087213,-0.406492501,0.258673728,-0.179440320,-0.306313604,1.080998898,0.873632193,-0.032998394,-0.934764624,0.811353445,2.285830498,0.728559971,-0.137261495,-0.190648496,-0.119720533,-0.776291490,0.854721904,-1.169141650,-1.919662714,0.300761670,-1.439653277,-6.381677628,-3.925190687,6.054563522,-1.001167297
35,699.994,1786880114801.441,14902619.376,0.000000000,-0.776197493,-0.362149894,0.202122569,0.239586055,-0.170985922,-0.190624312,0.242050692,-0.259237558,-0.221591413,1.028037906,0.979665518,-0.086817160,-0.843678057,0.953358710,1.868023992,0.675399065,-0.147420168,-0.190124303,-0.172539204,-0.875303626,0.839433610,-1.183616519,-1.806230068,0.321532071,-1.480618358,-6.629930973,-3.906989574,6.163306713,-0.880865037
36,719.993,1786880114821.440,14902639.375,0.000000000,-0.582179606,-0.420664966,0.144029215,0.283319920,-0.198104456,-0.011058595,0.222969055,-0.341981769,-0.107857376,1.011793256,1.160000920,-0.087521419,-0.773141265,1.048579335,1.583445907,0.601364851,-0.130362272,-0.182960361,-0.182404548,-0.932317495,0.816075146,-1.189749956,-1.669257402,0.365505099,-1.504805684,-6.758385181,-3.866013527,6.179409504,-0.778215051
37,739.994,1786880114841.440,14902659.376,0.000000000,-0.371094197,-0.659360409,0.027450133,0.420973241,-0.212477982,0.172145873,0.084592566,-0.421430707,-0.078766271,1.044407725,1.510764360,-0.114854023,-0.751004100,1.229914784,1.202172995,0.551684618,-0.149075821,-0.143568277,-0.127073899,-0.979939759,0.783199728,-1.218687177,-1.604412675,0.414050430,-1.492684841,-6.808934212,-3.961220741,6.192088604,-0.772157848
38,759.992,1786880114861.439,14902679.374,0.000000000,0.085334092,-1.369748592,-0.333233356,0.757032573,-0.346743435,0.617713213,-0.318606019,-0.455205023,0.293719560,1.127200723,1.496405363,-0.211694017,-0.563520133,1.457539678,-1.004583836,0.397553116,-0.198594764,-0.049176160,-0.023627557,-1.032153726,0.732011735,-1.228422999,-1.535646439,0.446981043,-1.461332917,-6.855041504,-4.192323208,6.201726913,-0.854230106
39,779.998,1786880114881.445,14902699.380,0.000000000,-0.200232670,-1.200763464,-0.325656325,0.689246595,-0.731788874,0.611045301,-0.199690774,-0.165550128,0.279254258,1.384479165,0.791304886,-0.189131156,-0.456937045,1.220747113,-1.060921907,0.444644362,-0.235879242,-0.161653042,-0.204326659,-0.880944192,0.828157902,-1.287485242,-1.434313893,0.480879784,-1.504399419,-6.920770168,-4.256802559,6.190937042,-0.963892519
40,799.995,1786880114901.442,14902719.377,0.000000000,-0.691213608,-0.673089802,-0.210403487,0.522652626,-0.597054839,0.321120322,-0.047689095,-0.262461722,0.133386433,1.315334797,1.027676702,-0.128247753,-0.441653341,0.893432140,-0.166333362,0.448514253,-0.216901004,-0.222044230,-0.193733782,-0.806325555,0.983836353,-1.235234618,-1.338425159,0.432111889,-1.541592956,-7.041324615,-4.237555504,6.155989170,-1.017769814
41,819.992,1786880114921.439,14902739.374,0.000000000,-1.076500058,-0.352806091,0.175851345,0.268435210,-0.345114827,-0.145498484,0.233165994,-0.341625720,-0.281504363,1.269730926,1.229107738,-0.001151424,-0.593420744,0.682210386,1.495698452,0.477427691,-0.190957621,-0.201319605,-0.290129513,-0.748076618,1.081404924,-1.254417181,-1.406028628,0.392244667,-1.514900446,-7.154820442,-4.305524349,6.329653263,-1.077911139
42,839.995,1786880114941.442,14902759.377,0.000000000,-1.181841850,-0.221092895,0.411080688,0.191980839,-0.255081803,-0.482533962,0.366879344,-0.183057740,-0.559968174,1.296651483,1.185373664,0.058847684,-0.776888967,0.601516843,2.418928146,0.553172767,-0.197664961,-0.208155245,-0.286143959,-0.718813241,1.052637339,-1.308736086,-1.593348503,0.398618728,-1.489114761,-7.183367729,-4.295568466,6.550310135,-1.205680251
43,859.994,1786880114961.441,14902779.376,0.000000000,-1.157696366,-0.195374504,0.422578990,0.167281076,-0.205594495,-0.597904146,0.408804685,-0.121289387,-0.672481060,1.276493311,1.074435353,0.039054412,-0.896457732,0.641237378,2.660355091,0.643532217,-0.265709937,-0.209041208,-0.282430857,-0.736113250,0.972650528,-1.324765563,-1.728806257,0.431691229,-1.483637810,-7.178584576,-4.231052876,6.708196163,-1.340632558
44,879.993,1786880114981.440,14902799.375,0.000000000,-1.124799013,-0.237197265,0.358643800,0.173724756,-0.179256842,-0.601843476,0.409748942,-0.091089770,-0.673702121,1.263619781,1.011890650,-0.009249102,-0.910164237,0.637010634,2.586086512,0.697017908,-0.262557924,-0.218139917,-0.281066090,-0.758866727,0.938837945,-1.331972957,-1.806430697,0.433382958,-1.480998993,-7.220535278,-4.254018784,6.808830738,-1.400622606
45,899.994,1786880115001.441,14902819.376,0.000000000,-1.073823571,-0.309792161,0.293438703,0.181536525,-0.137397483,-0.516457975,0.391205162,-0.125487596,-0.599284291,1.231919885,1.032530904,-0.045980703,-0.877198398,0.658522546,2.458549023,0.728400588,-0.228419170,-0.239837378,-0.285653740,-0.803054690,0.916207373,-1.304532170,-1.852159858,0.400668472,-1.472673416,-7.343371391,-4.215820312,6.807490826,-1.340249419
46,919.993,1786880115021.440,14902839.375,0.000000000,-0.932090163,-0.408955097,0.244872183,0.197462067,-0.104649857,-0.399497151,0.352667540,-0.183359325,-0.589016736,1.232266784,0.991158485,-0.039678883,-0.857702851,0.839443505,2.393428326,0.722429156,-0.204125941,-0.246032089,-0.285373986,-0.838035285,0.866041183,-1.306642890,-1.879499078,0.415319145,-1.476758122,-7.465079784,-4.171898365,6.751576424,-1.164173722
47,939.993,1786880115041.440,14902859.375,0.000000000,-0.827327371,-0.514353335,0.219789326,0.209196463,-0.062654480,-0.236690551,0.320869058,-0.259946793,-0.592499733,1.226578236,0.948523343,-0.043995183,-0.848532021,0.988703668,2.229917049,0.697707415,-0.171835363,-0.247827023,-0.304815471,-0.889629543,0.859949112,-1.344435334,-1.904959559,0.429114014,-1.499915719,-7.566951752,-4.077493668,6.776329517,-0.965489089
48,959.991,1786880115061.438,14902879.373,0.000000000,-0.694190443,-0.576062381,0.185930759,0.219000697,-0.017499225,-0.079380453,0.339918315,-0.359510630,-0.560016632,1.226938605,0.941013396,-0.062654600,-0.835668027,1.202297330,2.025479794,0.706472635,-0.174923778,-0.230343163,-0.301788270,-0.917426586,0.837204993,-1.368398666,-1.918916821,0.453869313,-1.546750903,-7.712433815,-3.990820885,6.883512020,-0.812497795
49,979.993,1786880115081.440,14902899.375,0.000000000,-0.544081688,-0.680009007,0.108753219,0.234978124,-0.015433954,0.012857337,0.376658887,-0.414326072,-0.469125122,1.310530782,0.885272503,-0.075823262,-0.764023244,1.192104459,1.724469066,0.678321600,-0.205794841,-0.245019108,-0.300502211,-0.982945085,0.795420110,-1.389601111,-1.874889255,0.453045666,-1.597553134,-7.811741352,-3.953890800,6.982899189,-0.682813227
50,999.993,1786880115101.440,14902919.375,0.000000000,-0.455710292,-0.755086720,0.102163732,0.261488497,-0.022483932,0.054568399,0.388347119,-0.474322051,-0.452295214,1.363416553,0.928169489,-0.054467212,-0.715733588,1.241296649,1.521033287,0.663700581,-0.218748882,-0.234571159,-0.279000729,-0.977032423,0.773374021,-1.343507409,-1.807797790,0.449871987,-1.607037067,-7.823627472,-3.938262463,7.014225483,-0.570225656
51,1019.995,1786880115121.442,14902939.377,0.000000000,-0.433295101,-0.736350358,0.093773484,0.309833705,-0.052402928,0.060695324,0.381192952,-0.533142507,-0.430899352,1.410657048,0.973025799,-0.027152728,-0.676912308,1.271833301,1.469836116,0.655171275,-0.244867399,-0.220333934,-0.261573285,-0.988591075,0.786427855,-1.323693991,-1.714765191,0.418391079,-1.604938626,-7.819606304,-3.951786280,7.026672840,-0.523103237
52,1039.992,1786880115141.439,14902959.374,0.000000000,-0.483605474,-0.688592255,0.093500078,0.329983145,-0.075666711,0.052826319,0.386950582,-0.533093452,-0.367890269,1.410238504,1.000908256,-0.013241034,-0.658829868,1.227594614,1.469015241,0.645631909,-0.256079197,-0.212635487,-0.248695493,-0.989401817,0.805466115,-1.309719324,-1.661233306,0.413377106,-1.598998427,-7.813758850,-3.999610424,7.018249989,-0.540073335
53,1059.993,1786880115161.440,14902979.375,0.000000000,-0.545020342,-0.644957960,0.113186806,0.340740830,-0.096908584,0.026384968,0.396271646,-0.513348401,-0.291893631,1.392324090,1.020259976,-0.000520032,-0.666399121,1.185707450,1.482678056,0.637919009,-0.256406456,-0.201763690,-0.237120926,-0.979700625,0.830771863,-1.292218089,-1.634292245,0.410579652,-1.588929296,-7.798846245,-4.066060543,6.980824471,-0.598033369
54,1079.994,1786880115181.441,14902999.376,0.000000000,-0.597989500,-0.616828203,0.139574081,0.354864419,-0.113106981,0.000833411,0.398572177,-0.492210001,-0.231436044,1.381796718,1.034863591,0.014112134,-0.680300951,1.170911193,1.507856369,0.643108070,-0.254623771,-0.189271837,-0.223258793,-0.963087142,0.851705253,-1.269242644,-1.621626735,0.406527102,-1.577608109,-7.777219296,-4.139986992,6.926025867,-0.679699421
55,1099.993,1786880115201.440,14903019.375,0.000000000,-0.638831794,-0.598966181,0.164087266,0.370684683,-0.126031622,-0.019233253,0.395372987,-0.470320314,-0.195987612,1.378971934,1.046808481,0.025008488,-0.695401192,1.179376006,1.551477551,0.652210176,-0.248643026,-0.179529041,-0.212244570,-0.949089825,0.869769752,-1.253188848,-1.616389275,0.404782474,-1.564163685,-7.749117851,-4.214502335,6.860501766,-0.768495917
56,1119.993,1786880115221.440,14903039.375,0.000000000,-0.663999915,-0.592477500,0.182563990,0.389710873,-0.135010973,-0.025762614,0.385672599,-0.453696460,-0.185970202,1.376902699,1.055399299,0.034729350,-0.710054457,1.217755556,1.597141743,0.659137249,-0.244076654,-0.172395080,-0.201222628,-0.939928710,0.882182300,-1.242936969,-1.620624423,0.403862745,-1.551504970,-7.713624477,-4.284173012,6.787123680,-0.857793212
57,1139.995,1786880115241.441,14903059.376,0.000000000,-0.689743280,-0.606645942,0.199143618,0.423692673,-0.136377230,-0.032321844,0.370458335,-0.436909497,-0.181722447,1.385560632,1.074241638,0.054539610,-0.728603899,1.284007668,1.639478207,0.669296861,-0.248242572,-0.157662272,-0.187833428,-0.940694630,0.887616813,-1.232498050,-1.629257679,0.393871456,-1.534993649,-7.665037155,-4.340825081,6.697313309,-0.944828689
58,1159.992,1786880115261.439,14903079.374,0.000000000,-0.694455981,-0.617995203,0.204717159,0.451297790,-0.136315659,-0.025341164,0.352561176,-0.432830423,-0.209079415,1.379545331,1.095553041,0.060321022,-0.741006851,1.355208755,1.667584896,0.669050455,-0.248390988,-0.144819468,-0.171044230,-0.937531412,0.885841072,-1.232954264,-1.640767813,0.397554755,-1.522496939,-7.624825478,-4.392189503,6.610297680,-1.018823624
59,1179.992,1786880115281.438,14903099.373,0.000000000,-0.677155674,-0.645180762,0.198454320,0.486162961,-0.131894723,0.001405749,0.329117924,-0.430192709,-0.247891933,1.397829056,1.118426442,0.074918106,-0.760763824,1.454759836,1.653147459,0.670138180,-0.263197571,-0.127778739,-0.154178739,-0.935842335,0.872303843,-1.221796393,-1.663276076,0.404749602,-1.520301700,-7.581096172,-4.440030575,6.538541317,-1.069034338
60,1199.992,1786880115301.439,14903119.374,0.000000000,-0.651335299,-0.674823463,0.176524431,0.530593991,-0.130555019,0.035330806,0.291844964,-0.441343218,-0.300100476,1.401481271,1.186085343,0.075055733,-0.757148683,1.589106917,1.639894962,0.661791205,-0.274119377,-0.104715317,-0.130252495,-0.934029996,0.854256153,-1.224436164,-1.670776844,0.413651049,-1.509730577,-7.535892963,-4.487193108,6.462545395,-1.113556981
61,1219.991,1786880115321.438,14903139.373,0.000000000,-0.583291888,-0.750962615,0.102545708,0.604188204,-0.148340032,0.123285338,0.219334885,-0.481224746,-0.324142575,1.369614005,1.350990176,0.047822941,-0.703616261,1.748614430,1.504123569,0.619032860,-0.283485025,-0.074380130,-0.087682940,-0.935478210,0.828289747,-1.233719945,-1.673785686,0.438047469,-1.486319423,-7.491726875,-4.544499874,6.339016914,-1.150020480
62,1239.994,1786880115341.441,14903159.376,0.000000000,-0.370813131,-1.049375772,-0.093667850,0.784000874,-0.189681128,0.356557041,-0.002136456,-0.582236648,-0.233958319,1.314450026,1.597964406,-0.005565178,-0.595497906,2.000209808,0.702615738,0.541911662,-0.337845892,-0.001746390,0.004189245,-0.955282450,0.793190718,-1.248519421,-1.657478213,0.457453161,-1.464457035,-7.457900047,-4.628823757,6.207644463,-1.204646707
63,1259.995,1786880115361.441,14903179.376,0.000000000,-0.051977802,-1.728150725,-0.457438499,1.091180921,-0.383887649,0.794777811,-0.360851288,-0.583471775,0.220832527,1.393420100,1.224907398,-0.145388797,-0.421931207,2.164088249,-1.461827159,0.448420793,-0.453203350,0.121972561,0.053844318,-0.958852708,0.730640709,-1.260793090,-1.627956748,0.447661489,-1.431962013,-7.490518093,-4.770434856,6.106190205,-1.319717169
64,1279.993,1786880115381.440,14903199.375,0.000000000,-0.461107999,-1.273974895,-0.285824746,0.833409965,-0.625623226,0.806117475,-0.082574233,-0.338337213,0.078121386,1.499361515,0.676388681,-0.054680388,-0.436790586,1.729297757,-0.994108319,0.520294070,-0.502516508,-0.073576242,-0.142107427,-0.740916848,0.819493890,-1.273894787,-1.572861195,0.447148710,-1.496539474,-7.535343647,-4.706597328,5.869302273,-1.467731476
65,1299.994,1786880115401.441,14903219.376,0.000000000,-1.088747978,-0.539900720,-0.032771904,0.666527569,-0.517355502,0.392919749,0.146734625,-0.258662134,-0.099087298,1.791139007,0.941381216,0.106986985,-0.549548626,1.238305807,0.265545875,0.568485320,-0.416650951,-0.094578654,-0.223738372,-0.668333888,0.971127927,-1.160615563,-1.489927173,0.367676139,-1.549125075,-7.663894653,-4.563216686,5.688421726,-1.614928842
66,1319.993,1786880115421.440,14903239.375,0.000000000,-1.495303392,0.010911241,0.406716883,0.465777636,-0.304389477,-0.210534826,0.348079115,-0.052202776,-0.576859295,1.994814873,1.182455659,0.258475184,-0.724111199,1.067494154,2.181577444,0.623054624,-0.341359526,-0.091968060,-0.362856001,-0.579734445,1.035037041,-1.208876133,-1.605751395,0.354186863,-1.502865911,-7.714421749,-4.484959126,5.802768707,-1.738611579
67,1339.992,1786880115441.438,14903259.373,0.000000000,-1.852402329,0.341904819,0.661541402,0.388939202,-0.224317059,-0.656713128,0.479556352,0.245997295,-0.793423057,1.878457665,1.162019968,0.296766430,-0.920504391,0.211014852,3.184855938,0.700664401,-0.339685589,-0.129891068,-0.422755182,-0.505394280,1.022188306,-1.226440668,-1.789710641,0.390041232,-1.452658772,-7.612698555,-4.347712994,5.981280804,-1.882721305
68,1359.990,1786880115461.437,14903279.372,0.000000000,-2.106790066,0.465573251,0.614779174,0.332002014,-0.205784664,-0.743783414,0.492190450,0.387018830,-0.728919446,1.376160026,1.143182635,0.271731198,-1.059868455,-0.419632554,3.358522415,0.710434854,-0.349511296,-0.140716583,-0.457372874,-0.553358495,0.999034524,-1.194500685,-1.890088797,0.419932455,-1.477196336,-7.453935146,-4.256504059,6.126684189,-1.956794858
69,1379.995,1786880115481.441,14903299.376,0.000000000,-2.001351833,0.313264251,0.507558107,0.329956025,-0.247946784,-0.788741410,0.421908259,0.450542986,-0.638880491,1.169551730,1.111433864,0.217371598,-1.049939513,-0.273141205,3.124183893,0.725917339,-0.279594570,-0.133992195,-0.443040669,-0.641820729,1.055156112,-1.171509862,-1.898987412,0.400069684,-1.507800221,-7.376443386,-4.361073017,6.262923717,-1.939727902
70,1399.994,1786880115501.441,14903319.376,0.000000000,-1.814585805,-0.016013935,0.469129503,0.311182708,-0.304252505,-0.843564332,0.310384542,0.405915469,-0.505483210,1.054269552,1.127270103,0.153475657,-1.035572290,-0.073725373,2.786073685,0.774301767,-0.170476928,-0.132732868,-0.405410498,-0.720750272,1.056875706,-1.113824964,-1.932765365,0.352295607,-1.497853756,-7.424602985,-4.376934528,6.326177120,-1.703258395
71,1419.993,1786880115521.440,14903339.375,0.000000000,-1.586283088,-0.258658350,0.328157961,0.320036203,-0.349478960,-0.753354192,0.163878456,0.322766900,-0.482499182,1.022490382,1.123603702,0.061644483,-0.996452272,0.239565164,2.337823153,0.794912100,-0.150017396,-0.144094259,-0.361034900,-0.797620237,0.995402932,-1.163060904,-1.943246365,0.341286719,-1.512588024,-7.563607693,-4.367029667,6.446402073,-1.242405534
72,1439.993,1786880115541.439,14903359.374,0.000000000,-1.097007036,-0.543850601,0.085252345,0.552294254,-0.218799263,-0.355427712,0.065665647,-0.003675316,-0.648278773,0.929785728,1.119170785,-0.055272829,-0.763956547,1.020547867,1.739551306,0.706700921,-0.141608283,-0.194183916,-0.265330732,-0.912691176,0.939964771,-1.258527994,-1.978443742,0.352009326,-1.565891504,-7.777518749,-4.229404926,6.632612705,-0.680350959
73,1459.997,1786880115561.444,14903379.379,0.000000000,-0.782914698,-0.769142210,-0.058370318,0.529131949,-0.093787774,0.183349743,0.116146028,-0.268917650,-0.824506223,1.131588578,1.002967119,-0.148859039,-0.588364840,1.493643403,1.409487247,0.693748236,-0.211357638,-0.147026211,-0.288039774,-0.971089482,0.841669142,-1.466970801,-1.973163724,0.421754271,-1.667214513,-7.999431610,-3.983754396,6.921765804,-0.287359148
74,1479.994,1786880115581.440,14903399.375,0.000000000,-0.538099945,-0.895330429,-0.097557575,0.462651253,-0.046228841,0.626329899,0.156533793,-0.337720931,-0.765775561,1.441832781,0.986829460,-0.153560534,-0.555075407,1.722274899,1.096859932,0.649728537,-0.280858904,-0.189130455,-0.343532056,-1.044826269,0.773153484,-1.586166143,-1.894813657,0.472482532,-1.722697616,-8.083049774,-3.876097918,7.070405483,-0.011124093
75,1499.996,1786880115601.443,14903419.378,0.000000000,-0.404904157,-0.957343400,-0.109896526,0.412148833,-0.018263089,0.852572501,0.203157380,-0.345780492,-0.704474211,1.623984694,0.989014566,-0.064025119,-0.547942102,1.773498416,0.787571311,0.643622935,-0.352375954,-0.226634532,-0.351354986,-1.062649608,0.724758804,-1.583338618,-1.826008558,0.472495258,-1.742697716,-8.134183884,-3.900042295,7.137409687,0.133523658
76,1519.996,1786880115621.442,14903439.377,0.000000000,-0.334479511,-0.991138637,-0.131873965,0.396198183,-0.035888836,0.941435158,0.224693254,-0.355571300,-0.627115726,1.768216968,0.937391400,-0.027656328,-0.472979128,1.700899720,0.586571753,0.624815822,-0.412482172,-0.248828143,-0.341098189,-1.063398242,0.722780645,-1.549603820,-1.725376606,0.485974997,-1.736002207,-8.181028366,-3.950406313,7.149750233,0.157398447
77,1539.994,1786880115641.441,14903459.376,0.000000000,-0.298528135,-0.995826662,-0.129151613,0.402891755,-0.055241987,0.887607515,0.192569584,-0.408265024,-0.492013782,1.764917254,0.930636764,0.023181695,-0.404935658,1.644373417,0.464796275,0.627140343,-0.449628264,-0.237870604,-0.291445166,-1.044142127,0.759945393,-1.440479517,-1.635776401,0.482851535,-1.717542171,-8.147184372,-4.053864479,7.083296299,0.137604907
78,1559.997,1786880115661.444,14903479.379,0.000000000,-0.361954868,-0.954964101,-0.089970320,0.388662517,-0.078425303,0.737394333,0.199540123,-0.449563712,-0.450956106,1.724829674,0.928743362,0.045788933,-0.384263098,1.639185786,0.543545127,0.639274120,-0.435062379,-0.232404739,-0.258488089,-1.018722415,0.784324348,-1.405187488,-1.614467025,0.473693609,-1.711897373,-8.116762161,-4.180438042,7.004067898,0.074088469
79,1579.994,1786880115681.441,14903499.376,0.000000000,-0.430465847,-0.873616695,-0.004052918,0.388490260,-0.077107713,0.568423271,0.212556079,-0.429842651,-0.405898482,1.662181735,0.919393063,0.059132207,-0.442830116,1.594349027,0.696927190,0.653145015,-0.380213916,-0.221045047,-0.236123085,-0.993809998,0.815830529,-1.381178856,-1.645898581,0.436964154,-1.708343267,-8.096387863,-4.317540169,6.861344814,-0.029084641
80,1599.993,1786880115701.440,14903519.375,0.000000000,-0.537575006,-0.780540407,0.061147701,0.368138671,-0.061371788,0.422359914,0.216355085,-0.425769687,-0.386665672,1.571948409,0.939444840,0.084140673,-0.502327502,1.478716731,0.760080934,0.670048952,-0.327448159,-0.213800877,-0.218510658,-0.971033990,0.839816570,-1.355414391,-1.697237134,0.415759504,-1.707936406,-8.110265732,-4.439158916,6.734220982,-0.128994063
81,1619.993,1786880115721.439,14903539.374,0.000000000,-0.626949608,-0.697981179,0.091511399,0.357691795,-0.027767496,0.273087591,0.225273713,-0.438947916,-0.314435512,1.448646903,0.982775748,0.114111170,-0.549600065,1.319283605,0.697052479,0.656171739,-0.327843338,-0.202336103,-0.195288152,-0.945112705,0.858730435,-1.309244752,-1.748570204,0.390542060,-1.693540096,-8.177953720,-4.517612934,6.629134655,-0.183970973
82,1639.995,1786880115741.442,14903559.377,0.000000000,-0.691380918,-0.632788479,0.096337155,0.325232744,-0.007291662,0.190061644,0.247460082,-0.465693384,-0.303407460,1.391592860,1.013383269,0.074567810,-0.560772717,1.194190264,0.676749229,0.631854296,-0.329993874,-0.209763974,-0.197112471,-0.952632189,0.887465775,-1.321497202,-1.767979980,0.382045060,-1.696229935,-8.294372559,-4.531558990,6.549781322,-0.191787735
83,1659.994,1786880115761.441,14903579.376,0.000000000,-0.696375251,-0.597008109,0.111714080,0.300954431,0.021240873,0.137705371,0.251983821,-0.478000402,-0.333050340,1.410394073,1.027027011,0.039850611,-0.584738076,1.221414447,0.741150796,0.626407802,-0.318757057,-0.214394510,-0.209852755,-0.962671697,0.899000466,-1.369996428,-1.771148086,0.376942635,-1.686174750,-8.417267799,-4.528831482,6.498552322,-0.197173610
84,1679.997,1786880115781.444,14903599.379,0.000000000,-0.648129761,-0.577812970,0.117273599,0.268550128,0.040192649,0.126296639,0.266455323,-0.483505458,-0.399157196,1.433743000,1.001190305,0.011469323,-0.602587759,1.284999490,0.784761369,0.610910416,-0.295190245,-0.224382639,-0.227614224,-0.966259658,0.898881376,-1.415008783,-1.800954342,0.395399272,-1.684181571,-8.532663345,-4.530960083,6.470224857,-0.169948295
85,1699.995,1786880115801.441,14903619.376,0.000000000,-0.604741752,-0.600534499,0.114254549,0.252205431,0.060445786,0.131735161,0.274076968,-0.489503831,-0.473270506,1.463270307,0.974019229,0.007338393,-0.613268912,1.369619966,0.816037297,0.608042300,-0.279088348,-0.233547628,-0.242294788,-0.980849087,0.892529249,-1.449326992,-1.840925097,0.411821544,-1.686808109,-8.621932983,-4.531111240,6.463778019,-0.116566375
86,1719.993,1786880115821.440,14903639.375,0.000000000,-0.560731709,-0.634448946,0.104509696,0.245637476,0.074915081,0.148672000,0.270042717,-0.492037565,-0.541642368,1.497819543,0.947905660,0.010223795,-0.612710893,1.452082872,0.841581583,0.617973924,-0.269096345,-0.244567811,-0.254985034,-0.998809278,0.880791545,-1.474231720,-1.877909303,0.426307529,-1.693621755,-8.688859940,-4.534950256,6.482301235,-0.045254368
87,1739.994,1786880115841.441,14903659.376,0.000000000,-0.526498377,-0.671469748,0.090113208,0.240418673,0.084240481,0.167771712,0.262013525,-0.496835321,-0.595892131,1.530250311,0.926264048,0.010591436,-0.598478496,1.500497580,0.850396395,0.630174756,-0.267436475,-0.257310629,-0.265829623,-1.013689399,0.869960666,-1.489666820,-1.898594618,0.435120434,-1.698508024,-8.743110657,-4.539895058,6.517667770,0.028797459
88,1759.993,1786880115861.440,14903679.375,0.000000000,-0.503326774,-0.697607398,0.075024113,0.233723164,0.086928561,0.182199791,0.256696492,-0.502748489,-0.628500283,1.555642605,0.909812450,0.007121105,-0.577593148,1.516329169,0.845988333,0.643507302,-0.272004694,-0.268593818,-0.274746329,-1.022797585,0.862528384,-1.494192123,-1.900341153,0.435924321,-1.698094130,-8.783329010,-4.542392731,6.557087898,0.096289083
89,1779.996,1786880115881.443,14903699.378,0.000000000,-0.491105258,-0.711520255,0.061647091,0.226757795,0.084898427,0.191542208,0.254185915,-0.507056415,-0.638478220,1.570112824,0.898652196,0.004503924,-0.555612981,1.509951234,0.833212078,0.653672159,-0.280955285,-0.277234495,-0.281484365,-1.026473880,0.858415544,-1.491013646,-1.890135646,0.433360815,-1.694880009,-8.814014435,-4.543169975,6.602083683,0.156091318
90,1799.993,1786880115901.440,14903719.375,0.000000000,-0.517261267,-0.715371966,0.067502990,0.209850803,0.109896436,0.195961982,0.263137788,-0.497549504,-0.605186641,1.559618950,0.881293297,-0.002479803,-0.529600322,1.423644423,0.785887003,0.634375274,-0.279749453,-0.290890664,-0.286234349,-1.027308702,0.875390112,-1.486429095,-1.872676253,0.455783337,-1.675103068,-8.840793610,-4.540526390,6.634999275,0.176357046
91,1819.993,1786880115921.440,14903739.375,0.000000000,-0.521645904,-0.701125205,0.062292237,0.199351370,0.112751827,0.209948525,0.271694452,-0.502005696,-0.567944586,1.563619494,0.885821462,-0.010263782,-0.511933684,1.367879033,0.752446771,0.632522821,-0.286168694,-0.297568530,-0.292893082,-1.026109815,0.881577551,-1.481589317,-1.855454445,0.457238168,-1.668953419,-8.864366531,-4.534395218,6.658665180,0.190015182
92,1839.992,1786880115941.439,14903759.374,0.000000000,-0.527293980,-0.681315362,0.033443850,0.170591205,0.115511373,0.236583710,0.288157076,-0.492418379,-0.541794956,1.552088499,0.897378683,-0.018852424,-0.502461076,1.337641597,0.724770308,0.657397449,-0.296211809,-0.307298392,-0.305094659,-1.008239031,0.855453551,-1.472800016,-1.874682784,0.468661427,-1.682953477,-8.889991760,-4.526062965,6.660981655,0.198817447
93,1859.993,1786880115961.440,14903779.375,0.000000000,-0.527921915,-0.670705259,0.036268111,0.158890754,0.115153804,0.250392109,0.300103366,-0.488566548,-0.530925989,1.553978205,0.898835361,-0.025259089,-0.501719892,1.325290322,0.711111903,0.657206655,-0.296849936,-0.310327202,-0.315238655,-1.003411651,0.855131388,-1.480288863,-1.874757409,0.468351632,-1.685714483,-8.899644852,-4.521356583,6.653144836,0.207667038
94,1879.993,1786880115981.440,14903799.375,0.000000000,-0.524264276,-0.668331802,0.044735800,0.153618127,0.116318747,0.258643597,0.305213004,-0.485839397,-0.532030225,1.556467414,0.893068910,-0.032928985,-0.505012870,1.319513202,0.706351995,0.649769306,-0.292755246,-0.311006755,-0.322661430,-1.003563285,0.860270441,-1.494754434,-1.874146819,0.467159420,-1.688611507,-8.895801544,-4.518675327,6.640069485,0.216107771
95,1899.993,1786880116001.440,14903819.375,0.000000000,-0.524129808,-0.672209561,0.033835609,0.145037815,0.118016377,0.279338717,0.309123576,-0.505149603,-0.538697362,1.537252784,0.869320631,-0.047615360,-0.509591401,1.296980619,0.712626457,0.639122903,-0.277827203,-0.307866186,-0.330727518,-1.029164910,0.861702859,-1.534125566,-1.877840161,0.475479394,-1.685330033,-8.893881798,-4.513942719,6.657159328,0.226702854
96,1919.992,1786880116021.439,14903839.374,0.000000000,-0.516630352,-0.673721611,0.036448028,0.134792820,0.123719782,0.286376566,0.314958274,-0.509320557,-0.547713339,1.530105948,0.860993743,-0.055881571,-0.513489425,1.282136798,0.725213468,0.632679701,-0.270643681,-0.308649242,-0.339253962,-1.035562634,0.864861667,-1.556903958,-1.887970090,0.476019114,-1.690534830,-8.888326645,-4.509348869,6.677604198,0.248313501
97,1939.994,1786880116041.441,14903859.376,0.000000000,-0.508197248,-0.671612859,0.038149994,0.124574736,0.131612197,0.284908772,0.319731921,-0.509391069,-0.553138375,1.523464561,0.858510494,-0.061201733,-0.516124010,1.271680713,0.735149324,0.632308662,-0.266948819,-0.309734553,-0.347995430,-1.037035584,0.866498768,-1.569080114,-1.897612453,0.474988222,-1.694882035,-8.882125854,-4.507605553,6.697233677,0.277068257
98,1959.993,1786880116061.440,14903879.375,0.000000000,-0.506220639,-0.682018697,0.033470806,0.122127235,0.141171649,0.285862803,0.318655610,-0.517222464,-0.568204105,1.502702236,0.856593311,-0.067806587,-0.515392125,1.227624774,0.733462453,0.632685423,-0.266256511,-0.307439089,-0.352890253,-1.038617730,0.861745179,-1.576837182,-1.910169482,0.474811465,-1.695758581,-8.879828453,-4.508805275,6.718859196,0.316640496
99,1979.994,1786880116081.440,14903899.375,0.000000000,-0.508155167,-0.690584481,0.027685758,0.120977208,0.146395087,0.282535940,0.317154020,-0.522023559,-0.576547146,1.491237402,0.856700838,-0.070821121,-0.512833238,1.181492209,0.725221753,0.633959889,-0.264981896,-0.306246787,-0.357637405,-1.039559722,0.854498625,-1.579369903,-1.919732332,0.473588645,-1.696244240,-8.880858421,-4.508460999,6.742178917,0.361135006
100,1999.996,1786880116101.442,14903919.377,0.000000000,-0.508301854,-0.693190515,0.024956051,0.119683430,0.149232835,0.278534353,0.315183312,-0.524523675,-0.576111078,1.487590790,0.857733786,-0.071294829,-0.510313034,1.145525336,0.716087580,0.637015104,-0.264797151,-0.304236889,-0.359869421,-1.041646600,0.849226058,-1.580169320,-1.925693154,0.472951561,-1.696829319,-8.886294365,-4.505816936,6.769230843,0.405260533
101,2019.995,1786880116121.442,14903939.377,0.000000000,-0.507439792,-0.692366660,0.021680091,0.116840363,0.150009617,0.275094032,0.315156490,-0.524768293,-0.572954476,1.484839082,0.856890738,-0.072652057,-0.508146703,1.114986539,0.708243072,0.638095498,-0.264290005,-0.302158654,-0.361354560,-1.045547366,0.846179605,-1.583371758,-1.930507660,0.475959897,-1.696530461,-8.895653725,-4.501600266,6.793375969,0.449752301
102,2039.992,1786880116141.439,14903959.374,0.000000000,-0.505109310,-0.687463999,0.020152587,0.112156071,0.148983166,0.273652434,0.315717101,-0.522404850,-0.565481901,1.482332587,0.855514288,-0.072693124,-0.504339576,1.089884639,0.704542458,0.639157414,-0.263943404,-0.300875634,-0.364075363,-1.047789454,0.844139755,-1.585956693,-1.932744384,0.479530066,-1.695752621,-8.906227112,-4.498005867,6.812291145,0.492756933
103,2059.993,1786880116161.440,14903979.375,0.000000000,-0.500100017,-0.680446088,0.019437488,0.108441241,0.146524459,0.272397965,0.314391315,-0.515559137,-0.555328667,1.484895825,0.853139400,-0.071413830,-0.498220980,1.079423547,0.706193268,0.640652061,-0.264402121,-0.299255043,-0.366516143,-1.049186468,0.842087090,-1.587350726,-1.929620028,0.482648313,-1.695636392,-8.914521217,-4.495106697,6.823552608,0.533616245
104,2079.993,1786880116181.440,14903999.375,0.000000000,-0.496682048,-0.677315056,0.018210214,0.106056340,0.143419579,0.269202143,0.311839432,-0.508604944,-0.548241317,1.489335775,0.850956082,-0.069666520,-0.491711557,1.078586936,0.709404111,0.641859949,-0.265058160,-0.297876477,-0.368728787,-1.049681664,0.840011299,-1.589577556,-1.926266313,0.486161709,-1.695878625,-8.917059898,-4.492375851,6.830232143,0.569941819
105,2099.998,1786880116201.445,14904019.380,0.000000000,-0.492788434,-0.675346434,0.017245639,0.105490372,0.139018297,0.264688253,0.308197230,-0.501010656,-0.540592372,1.495412469,0.848069191,-0.068405941,-0.487468898,1.090120196,0.711885333,0.641985774,-0.264521122,-0.295927972,-0.369300693,-1.050043821,0.838916421,-1.592628002,-1.924597979,0.488405526,-1.696130753,-8.915287971,-4.492104530,6.830799580,0.599441051
106,2119.997,1786880116221.444,14904039.378,0.000000000,-0.502957523,-0.665444314,0.007437054,0.092883192,0.136104614,0.249710217,0.311608344,-0.474751085,-0.532966197,1.503529191,0.840139449,-0.067180499,-0.476548076,1.119653225,0.716808081,0.639608264,-0.276907086,-0.291398376,-0.371700734,-1.054265738,0.843497813,-1.594555736,-1.921609879,0.490616620,-1.712113976,-8.911836624,-4.478886604,6.843528748,0.639929891
107,2139.999,1786880116241.446,14904059.381,0.000000000,-0.498476356,-0.662305653,0.007738050,0.095027395,0.132270545,0.239566043,0.306167096,-0.461019218,-0.528659642,1.513857365,0.834006429,-0.064279392,-0.470610678,1.157123327,0.727961898,0.639416814,-0.276641160,-0.287039101,-0.371735543,-1.054623485,0.843624830,-1.598708034,-1.918818593,0.492868423,-1.715333462,-8.906339645,-4.469161987,6.854607105,0.671262562
108,2159.997,1786880116261.444,14904079.379,0.000000000,-0.474216431,-0.674113870,0.018212277,0.114006475,0.125424981,0.240013272,0.287382603,-0.470133036,-0.532902420,1.526239634,0.831622601,-0.060991507,-0.473869503,1.196468353,0.739535570,0.643513799,-0.260984629,-0.285395354,-0.365909934,-1.050048709,0.839028776,-1.604405046,-1.918420076,0.494921744,-1.700351238,-8.895446777,-4.476158619,6.849846363,0.675753176
109,2179.994,1786880116281.441,14904099.376,0.000000000,-0.462184012,-0.680022299,0.017663781,0.119262889,0.120405003,0.233819053,0.274250150,-0.468075931,-0.535033405,1.538590789,0.826839745,-0.058124911,-0.473573267,1.239039063,0.744466782,0.644325376,-0.257306606,-0.283055097,-0.358678669,-1.049298048,0.839574635,-1.607374310,-1.918776989,0.498373389,-1.697385788,-8.884028435,-4.481959343,6.844313145,0.677324831
110,2199.994,1786880116301.441,14904119.376,0.000000000,-0.470538348,-0.670056403,0.006137859,0.107023649,0.119034573,0.215719327,0.274104655,-0.445763469,-0.530909598,1.547034740,0.820194721,-0.054844510,-0.464248031,1.284315825,0.748054624,0.640527487,-0.270356894,-0.278692096,-0.355281383,-1.053763390,0.845270455,-1.608222365,-1.917577386,0.501803994,-1.713325262,-8.877490997,-4.472362518,6.852497578,0.695137501
111,2219.997,1786880116321.444,14904139.379,0.000000000,-0.470829070,-0.659417212,0.006168719,0.105281360,0.117002547,0.202912852,0.269783765,-0.437776834,-0.533264399,1.554215431,0.819506466,-0.049350332,-0.457619607,1.330777287,0.759818196,0.639159083,-0.273699373,-0.275803447,-0.351277947,-1.054511905,0.846111357,-1.611733675,-1.915342093,0.504108012,-1.717169523,-8.872541428,-4.463053703,6.859219551,0.705677211
112,2239.994,1786880116341.441,14904159.376,0.000000000,-0.490887672,-0.635023117,-0.004497234,0.093786255,0.121516749,0.218847156,0.262703031,-0.449323267,-0.540855646,1.556785941,0.819038153,-0.051412623,-0.453999072,1.335721374,0.762539327,0.632909358,-0.287025303,-0.278039187,-0.346557349,-1.061535478,0.845047414,-1.635272026,-1.922836065,0.508558929,-1.729315042,-8.886903763,-4.456540585,6.869812965,0.694879711
113,2259.994,1786880116361.441,14904179.376,0.000000000,-0.494011849,-0.625875413,-0.001497645,0.092062861,0.120009989,0.218208507,0.263420075,-0.448804617,-0.547862589,1.560737610,0.824191928,-0.047543209,-0.454581916,1.349570513,0.768757105,0.629543483,-0.291605741,-0.277138531,-0.341102153,-1.060667157,0.845968902,-1.639441371,-1.921685338,0.508347869,-1.730437040,-8.895678520,-4.450942993,6.873937130,0.680174649
114,2279.993,1786880116381.440,14904199.375,0.000000000,-0.494251132,-0.609930217,0.011412319,0.104276881,0.118408546,0.211440623,0.250792712,-0.441163719,-0.555595100,1.563704252,0.842051387,-0.031667572,-0.469055891,1.413450956,0.786176562,0.615041018,-0.300776362,-0.272820026,-0.330548376,-1.056011438,0.841983736,-1.635313392,-1.908729672,0.513864160,-1.724464536,-8.887664795,-4.433556080,6.879395962,0.664227903
115,2299.995,1786880116401.442,14904219.377,0.000000000,-0.485655665,-0.616402566,0.010957662,0.122233272,0.112369031,0.190623730,0.241526231,-0.431285322,-0.554117858,1.555830836,0.835858464,-0.011252772,-0.457940161,1.449927926,0.803908527,0.619494081,-0.305826217,-0.266857207,-0.318808466,-1.053063869,0.835170448,-1.620056987,-1.896459699,0.519650698,-1.717035174,-8.872739792,-4.401846886,6.865928650,0.667571008
116,2319.994,1786880116421.440,14904239.375,0.000000000,-0.481974840,-0.615076005,0.006919537,0.130732000,0.107045531,0.181246594,0.223835111,-0.435719162,-0.558770180,1.535296440,0.830690324,-0.033280533,-0.454171956,1.487179279,0.821102142,0.618742824,-0.298787326,-0.262953579,-0.306250185,-1.048802972,0.836699188,-1.625095248,-1.884836912,0.527987301,-1.701907277,-8.856830597,-4.363367081,6.856228352,0.680481911
117,2339.993,1786880116441.440,14904259.375,0.000000000,-0.463905752,-0.599817216,0.001427013,0.145333081,0.092852995,0.218037903,0.194984153,-0.443543583,-0.587138474,1.539615035,0.827432692,-0.037951957,-0.449294150,1.563558817,0.878817201,0.631138444,-0.298883289,-0.258823484,-0.291184396,-1.045998812,0.823976815,-1.634713411,-1.878174901,0.523754835,-1.712188721,-8.853059769,-4.324826717,6.858075142,0.689245999
118,2359.994,1786880116461.440,14904279.375,0.000000000,-0.459926426,-0.593518317,0.003192980,0.156244099,0.082869008,0.224063277,0.184325159,-0.441573650,-0.594977081,1.526309967,0.811946273,-0.031499874,-0.449266523,1.577214837,0.900575757,0.631139874,-0.299116224,-0.257218361,-0.278226525,-1.044605136,0.820771456,-1.640912294,-1.878305554,0.524438083,-1.714733124,-8.854798317,-4.289437294,6.865156651,0.690060377
119,2379.993,1786880116481.440,14904299.375,0.000000000,-0.481673062,-0.564185500,-0.001781825,0.159625486,0.066660121,0.231663704,0.170376852,-0.454790711,-0.559138060,1.469974160,0.833988667,-0.013366621,-0.437755972,1.566232800,0.848602295,0.614835262,-0.296335340,-0.254422158,-0.261907399,-1.028525710,0.815601766,-1.608800530,-1.870742202,0.517449796,-1.704892397,-8.854853630,-4.263622761,6.803528309,0.664968729
120,2399.993,1786880116501.440,14904319.375,0.000000000,-0.498354942,-0.541458368,-0.001036394,0.161238790,0.052956715,0.237026528,0.161384135,-0.442406386,-0.526206493,1.438160539,0.846590698,0.007901628,-0.446670949,1.518486023,0.803865314,0.604216397,-0.301674694,-0.247673780,-0.249975413,-1.033925176,0.814001739,-1.593665242,-1.858800530,0.503635406,-1.700523734,-8.869377136,-4.243990898,6.722870827,0.608944952
121,2419.992,1786880116521.439,14904339.374,0.000000000,-0.515509069,-0.519690096,0.000308160,0.171359211,0.040744111,0.232724428,0.160165459,-0.435789853,-0.490728825,1.422140837,0.855516374,0.017713863,-0.456550121,1.467957497,0.781255364,0.597625434,-0.303357929,-0.242596179,-0.242905259,-1.031861663,0.815542459,-1.576022744,-1.844851851,0.499587297,-1.695573211,-8.887081146,-4.224277496,6.646892071,0.545036435
122,2439.993,1786880116541.440,14904359.375,0.000000000,-0.530167699,-0.500659704,0.005121503,0.163812354,0.025894029,0.226385340,0.170447990,-0.434351861,-0.465708047,1.399351478,0.852450252,0.034239996,-0.458027154,1.442110181,0.798153162,0.581559300,-0.287143677,-0.241888136,-0.240600407,-1.034269691,0.821343362,-1.582349300,-1.832324028,0.508368492,-1.693121791,-8.905023575,-4.188864231,6.577714443,0.515081704
123,2459.993,1786880116561.439,14904379.374,0.000000000,-0.534558713,-0.474277079,0.009615291,0.167737424,0.013952715,0.210155427,0.179521173,-0.441021174,-0.441882670,1.394486904,0.835770309,0.017709751,-0.464648008,1.387588620,0.820634246,0.526786566,-0.260334522,-0.237829417,-0.238256693,-1.043388963,0.843270063,-1.582169652,-1.812221885,0.506354451,-1.705208540,-8.926143646,-4.158563137,6.496421337,0.478049248
124,2479.993,1786880116581.440,14904399.375,0.000000000,-0.536495864,-0.449460387,0.000814509,0.148753837,0.006284190,0.182265013,0.175770119,-0.436689883,-0.422804743,1.424249053,0.798307061,0.007022548,-0.469599903,1.285620809,0.866260290,0.513286889,-0.225303859,-0.241068006,-0.245091528,-1.032523751,0.837942958,-1.580723882,-1.830638409,0.499330461,-1.699555874,-8.970717430,-4.139979839,6.401929379,0.476843804
125,2499.994,1786880116601.441,14904419.376,0.000000000,-0.540533006,-0.427461505,0.004934903,0.141812712,0.001679702,0.169773355,0.172266021,-0.432236820,-0.401008010,1.434624076,0.803485394,0.005251724,-0.461270541,1.262664437,0.920799613,0.524281681,-0.231025204,-0.241189629,-0.249027580,-1.025864720,0.844397366,-1.556026697,-1.798013091,0.498864651,-1.693751693,-9.000478745,-4.120104790,6.296495438,0.466945559
126,2519.993,1786880116621.439,14904439.374,0.000000000,-0.551988721,-0.405487359,0.010907460,0.137265742,0.001026032,0.178063631,0.168257728,-0.425267249,-0.400859565,1.438011527,0.810190976,-0.004316282,-0.473916292,1.269714236,0.965726733,0.532370865,-0.230562285,-0.241373211,-0.252454847,-1.011796117,0.847616494,-1.554969907,-1.797978401,0.498021930,-1.694902539,-9.024911880,-4.123427391,6.218815804,0.409991711
127,2539.993,1786880116641.439,14904459.374,0.000000000,-0.549188197,-0.399952292,-0.000452783,0.158157825,-0.003871666,0.150008321,0.152313069,-0.417653531,-0.408588916,1.448508501,0.806099951,-0.006690096,-0.460244149,1.303424001,1.036935091,0.523301184,-0.208517924,-0.233385116,-0.249845237,-1.012779355,0.841427565,-1.570704460,-1.796597123,0.495293856,-1.695106149,-9.025311470,-4.130417824,6.112213135,0.337942719
128,2559.993,1786880116661.440,14904479.375,0.000000000,-0.564529598,-0.412803233,-0.003770497,0.170263320,-0.022094386,0.120183766,0.140908375,-0.394507259,-0.406269222,1.467211366,0.803320885,-0.010696184,-0.457904577,1.320567250,1.103376389,0.536294878,-0.201893285,-0.228465766,-0.246383101,-1.007700801,0.836371243,-1.574068189,-1.791167855,0.499155104,-1.694031119,-9.011779785,-4.137988091,6.039161205,0.256539434
129,2579.994,1786880116681.441,14904499.376,0.000000000,-0.570037782,-0.411088765,0.002537202,0.189777255,-0.030111121,0.105468690,0.128728807,-0.378118485,-0.417602271,1.466557741,0.803013206,-0.006835680,-0.464893937,1.340902448,1.160378933,0.546607852,-0.202254415,-0.221243054,-0.239680976,-0.998252094,0.833091140,-1.572064638,-1.793785214,0.498831809,-1.693024278,-9.002357483,-4.146715164,5.978351593,0.180706814
130,2599.994,1786880116701.440,14904519.376,0.000000000,-0.590799391,-0.382384360,0.005836669,0.214082003,-0.040634170,0.081735864,0.130469248,-0.365165144,-0.430855483,1.451662898,0.810652792,-0.018713515,-0.460865349,1.367515683,1.241001129,0.517322242,-0.207263395,-0.215657115,-0.227250397,-0.985129118,0.833216071,-1.558678031,-1.797984838,0.503527701,-1.695236444,-9.013930321,-4.157186985,5.920155525,0.115518495
131,2619.993,1786880116721.440,14904539.375,0.000000000,-0.610668838,-0.357338011,0.008913178,0.232120305,-0.055156693,0.053900126,0.129312143,-0.358500987,-0.446845949,1.453034043,0.810755610,-0.028114032,-0.478527367,1.355322957,1.306914091,0.539460897,-0.233341172,-0.207475215,-0.217721462,-0.980963290,0.820252836,-1.558752179,-1.787097096,0.509170651,-1.701953888,-9.034152031,-4.164034843,5.877894878,0.030855011
132,2639.992,1786880116741.438,14904559.373,0.000000000,-0.639225066,-0.328084111,0.005053136,0.246350199,-0.043528512,0.069920227,0.125300825,-0.353236586,-0.481831938,1.433040738,0.827459693,-0.039467614,-0.483153909,1.371045947,1.389101982,0.544763625,-0.233715922,-0.204017609,-0.209223866,-0.972299039,0.799991786,-1.573570490,-1.811548829,0.525934339,-1.693711996,-9.054646492,-4.169211388,5.827783108,-0.053091157
133,2659.993,1786880116761.440,14904579.375,0.000000000,-0.649125040,-0.303761482,0.020098161,0.269070446,-0.043435648,0.065005869,0.127180174,-0.339551538,-0.497933924,1.439749241,0.841940641,-0.029130470,-0.497745365,1.394992828,1.455852032,0.549158990,-0.229039833,-0.194572270,-0.202603072,-0.964887798,0.798409998,-1.568815947,-1.817376494,0.527947605,-1.683157206,-9.067333221,-4.171880245,5.774560452,-0.134243265
134,2679.992,1786880116781.439,14904599.374,0.000000000,-0.621019006,-0.299477458,0.019378792,0.303830206,-0.051600382,0.065193102,0.121458083,-0.324315786,-0.511445701,1.451531529,0.863367796,-0.030151110,-0.491063923,1.427134871,1.508393645,0.550935864,-0.219157144,-0.182399780,-0.193654925,-0.971484721,0.797096848,-1.563105345,-1.808201790,0.535421014,-1.665596366,-9.074136734,-4.190498352,5.732707500,-0.211856410
135,2699.994,1786880116801.441,14904619.376,0.000000000,-0.621393204,-0.269725502,0.020519663,0.342534214,-0.042777941,0.057138082,0.102747545,-0.306999058,-0.529104710,1.460803270,0.912744939,-0.028957170,-0.501124680,1.472992420,1.606446266,0.546083391,-0.210359156,-0.163798124,-0.179917485,-0.983418584,0.808161557,-1.541213632,-1.805327058,0.531780005,-1.641747832,-9.081035614,-4.215780258,5.692153454,-0.300627023
136,2719.992,1786880116821.439,14904639.374,0.000000000,-0.613148749,-0.249537677,0.034217644,0.398906827,-0.046220556,0.043324668,0.062425479,-0.296303064,-0.544845223,1.471691489,1.036268115,-0.013261985,-0.506731153,1.565310836,1.715717793,0.547369182,-0.202555209,-0.136940271,-0.156752646,-0.988316476,0.811522782,-1.519002318,-1.788749456,0.539646149,-1.621577621,-9.053154945,-4.248895168,5.631488800,-0.401111752
137,2739.995,1786880116841.442,14904659.377,0.000000000,-0.544816196,-0.286364198,0.026789922,0.524419129,-0.062854901,0.048927549,-0.072594270,-0.279790193,-0.582554102,1.491866231,1.343518615,0.005267072,-0.498154700,1.795204997,1.806688428,0.538219869,-0.191311687,-0.080328643,-0.115160801,-0.996423185,0.816990316,-1.476768374,-1.759710789,0.557628393,-1.584747672,-8.953931808,-4.313367844,5.544924736,-0.543731570
138,2759.994,1786880116861.441,14904679.376,0.000000000,-0.248501047,-0.684837162,-0.247408420,0.851420581,-0.092076272,0.323234618,-0.505920768,-0.298031479,-0.472254038,1.347426057,1.793314099,-0.032816034,-0.357055038,2.211728334,1.074878931,0.450794488,-0.245102748,0.014675852,-0.021782972,-1.053941727,0.785890758,-1.442940235,-1.727240443,0.597747326,-1.533998609,-8.824031830,-4.444749355,5.415347576,-0.724906564
139,2779.993,1786880116881.440,14904699.375,0.000000000,-0.034180705,-1.439765930,-0.697817504,1.300088048,-0.515022993,0.945931613,-0.993736923,0.086705148,0.100327790,1.301306605,1.188281298,-0.154703423,-0.188604772,2.353698015,-1.157846808,0.357633442,-0.377382308,0.090094775,-0.138429105,-1.038065910,0.757837713,-1.429211378,-1.693126798,0.631962955,-1.502293468,-8.896610260,-4.677405357,5.386776447,-0.974890172
140,2799.992,1786880116901.438,14904719.373,0.000000000,-0.517802179,-1.090337753,-0.474284708,0.943707466,-0.830159545,0.899516582,-0.594491899,0.258924991,0.036017060,1.556681991,0.706958175,-0.028487008,-0.205393374,1.838632226,-0.903637648,0.418736368,-0.411011398,-0.073229820,-0.231516123,-0.792217672,0.866607606,-1.476908565,-1.594709277,0.576947451,-1.566365719,-8.922773361,-4.650336266,5.177986622,-1.289995551
141,2819.994,1786880116921.441,14904739.376,0.000000000,-1.115174770,-0.533424020,-0.106917650,0.697547376,-0.916731358,0.388802201,-0.235665277,0.262879312,0.043567851,2.184517145,0.374711901,0.091189310,-0.352836996,1.286759734,-0.379293293,0.509632766,-0.304715514,-0.060665254,-0.230774015,-0.661895573,1.001691699,-1.375745773,-1.462098718,0.467934787,-1.633361340,-8.998855591,-4.513092518,5.072788239,-1.581647277
142,2839.994,1786880116941.440,14904759.375,0.000000000,-1.846084237,0.339237571,0.517393231,0.392120421,-0.614670038,-0.431330293,0.103280976,0.243320212,-0.328506142,2.282233953,0.798641145,0.179816648,-0.643258989,0.531642079,2.396373749,0.557999194,-0.309763879,-0.046093944,-0.356189340,-0.506881535,1.121634007,-1.340309381,-1.519846082,0.382647991,-1.563502550,-8.826517105,-4.359720707,5.126877785,-1.791212440
143,2859.994,1786880116961.441,14904779.376,0.000000000,-2.359800816,0.880602658,0.918786228,0.319756627,-0.310204834,-0.763813853,0.290331066,0.219514117,-0.258006394,1.567634463,0.890746891,0.298977435,-1.105576158,-0.581052244,3.021501780,0.655972600,-0.311707765,0.000995364,-0.232311815,-0.419470727,1.092079401,-1.245057940,-1.613852739,0.346870571,-1.380290508,-8.410225868,-4.148136616,5.243673801,-2.025997162
144,2879.994,1786880116981.440,14904799.375,0.000000000,-2.548691988,0.995967567,0.743360996,0.277120948,-0.324532807,-0.908710480,0.292257607,0.507396638,-0.281283796,1.354472756,1.118576169,0.278896660,-1.165058136,-0.755632281,3.659768820,0.723960817,-0.300108641,-0.061686520,-0.329894245,-0.479457498,1.099618912,-1.094335675,-1.676551461,0.422098607,-1.320949078,-7.964697361,-3.998415470,5.250113010,-2.261744499
145,2899.991,1786880117001.438,14904819.373,0.000000000,-2.518910408,0.968551517,0.541976392,0.144107997,-0.367691875,-1.015050054,0.258863419,0.830299795,-0.422785491,1.301101446,1.043057084,0.084771439,-1.145688176,-0.605255246,3.811009407,0.799487233,-0.205518633,-0.103225827,-0.429323822,-0.572287917,1.085735679,-1.133690000,-1.762867093,0.401748300,-1.309250116,-7.693428993,-4.023527622,5.182279587,-2.365130663
146,2919.996,1786880117021.443,14904839.378,0.000000000,-2.418727398,0.598190367,0.404753923,0.121280745,-0.393163264,-0.907285571,0.183994040,0.706174433,-0.519698501,1.200524688,1.006012082,-0.070172921,-0.965743661,-0.245928198,3.590623379,0.791306198,-0.130579650,-0.082437009,-0.365320265,-0.726487637,1.101838112,-1.269379854,-1.787793756,0.404165149,-1.245584011,-7.605464935,-4.051924229,5.194937229,-2.234830618
147,2939.994,1786880117041.440,14904859.375,0.000000000,-2.153268337,0.197994903,0.302882433,0.181752384,-0.386850238,-0.702780724,-0.077110663,0.438730866,-0.654280424,0.982798934,1.488254666,-0.180939928,-0.883238852,0.100112647,2.990289211,0.777737498,-0.145135090,-0.045200739,-0.215566784,-0.809703648,1.002161264,-1.277793765,-1.751881123,0.424462438,-1.215510964,-7.519351006,-4.240804672,5.237470627,-1.977283120
148,2959.995,1786880117061.442,14904879.377,0.000000000,-1.625111222,-0.456578553,-0.097215533,0.546299994,-0.347511232,-0.189304471,-0.488637954,0.191440642,-0.596031427,0.889721811,2.046508312,-0.344901770,-0.685223043,0.509889722,1.733823419,0.658415079,-0.207187608,-0.037651721,-0.030980311,-1.033722401,0.931579292,-1.297622561,-1.733193278,0.424748212,-1.201598287,-7.511693954,-4.282455921,5.478928089,-1.674500108
149,2979.995,1786880117081.442,14904899.377,0.000000000,-0.394571841,-1.060168862,-0.723584473,1.450012922,-0.495533794,0.749686897,-1.289836407,0.124385223,-0.986070871,0.574698210,1.949636221,-0.559428573,-0.096231073,2.971732616,-0.825672448,0.469287127,-0.452230960,0.019674715,0.012845479,-1.192620397,0.781081855,-1.539302349,-1.724573851,0.513065994,-1.234341860,-7.616647720,-4.500461578,5.730414391,-1.330049992
150,2999.997,1786880117101.444,14904919.379,0.000000000,-0.248001367,-1.274939656,-0.690736234,1.269435287,-0.646535039,1.314647436,-1.062923551,0.108759463,-1.185566306,0.995518088,1.743275762,-0.477189839,0.141126096,3.334229469,-1.256004572,0.369492769,-0.507171869,-0.101314217,-0.179847807,-1.038287401,0.861365438,-1.813070655,-1.481731057,0.584067643,-1.303262949,-7.422792912,-4.550240993,5.785881996,-1.404963732
151,3019.996,1786880117121.442,14904939.377,0.000000000,-0.055304479,-1.372554779,-0.673216522,1.137213349,-0.617176294,1.520273328,-1.151065350,0.007610109,-1.441882610,1.209063888,1.617094874,-0.359420478,0.196759999,3.468451262,-1.244591236,0.402888805,-0.590437889,-0.062755346,-0.195340425,-0.976201296,0.898434937,-1.917124271,-1.392241120,0.630708694,-1.378231168,-7.194715500,-4.733740807,5.709272861,-1.242528558
152,3039.994,1786880117141.441,14904959.376,0.000000000,-0.192851067,-1.312853575,-0.482965201,0.949860871,-0.481650621,1.274674773,-0.945898235,-0.113353744,-1.508612752,1.363948226,1.301160216,-0.175502270,0.149302334,2.895231962,-0.859166265,0.455722570,-0.574377418,-0.132290572,-0.180323213,-0.855782211,0.953566611,-1.752394199,-1.287494540,0.645625412,-1.383916259,-6.982854843,-4.941697121,5.648877621,-1.068282723
153,3059.992,1786880117161.439,14904979.374,0.000000000,-0.518851817,-0.998128116,-0.270300210,0.761567593,-0.535756588,0.861797333,-0.666097641,-0.011228476,-1.413325548,1.580211759,1.047160983,-0.058080118,-0.044979546,2.345360279,-0.418485671,0.456542641,-0.514439225,-0.198294491,-0.100882038,-0.795679152,0.953288555,-1.657223940,-1.388033152,0.582387924,-1.454119802,-6.962954521,-4.970900059,5.870938301,-0.945838153
154,3079.994,1786880117181.440,14904999.375,0.000000000,-0.673522711,-0.749942899,-0.151009142,0.483775675,-0.471321017,0.495099694,-0.336357236,-0.121066958,-1.207127452,1.584025264,0.731260419,-0.046362232,-0.187397137,1.879493713,0.550413311,0.431834489,-0.433399379,-0.212525696,-0.058040924,-0.810508966,0.941796303,-1.613131404,-1.366761446,0.544371903,-1.478703737,-6.871523857,-4.804250717,6.013116360,-0.761064112
155,3100.000,1786880117201.447,14905019.382,0.000000000,-0.740626097,-0.636352479,0.018263567,0.185125843,-0.315077126,0.157244593,0.073594287,-0.228616670,-1.156316400,1.664237738,0.428561270,-0.123142824,-0.362657666,1.488512993,1.625498533,0.534148097,-0.444935203,-0.266642869,-0.242782563,-0.822522342,0.897120774,-1.713786244,-1.436729074,0.539448917,-1.539012074,-6.848291874,-4.678263664,6.303260326,-0.626420498
156,3119.993,1786880117221.440,14905039.375,0.000000000,-0.771966934,-0.568045378,0.063295528,0.053398736,-0.150101438,0.025592405,0.283733845,-0.199798420,-0.935504258,1.664409518,0.507472694,-0.312498629,-0.589284778,1.249793649,2.122067928,0.676884174,-0.354729146,-0.319081634,-0.400378108,-0.861253858,0.811782837,-1.778084517,-1.683591247,0.481796235,-1.572327495,-6.876833439,-4.609348774,6.323240757,-0.513279974
157,3139.995,1786880117241.442,14905059.377,0.000000000,-0.759600639,-0.466620982,-0.001709227,0.032549731,-0.012157487,-0.016502526,0.317518055,-0.278969795,-0.594594061,1.606022239,0.662387848,-0.316716552,-0.571937263,1.146025777,2.061446667,0.747034073,-0.329507738,-0.340047687,-0.369406372,-0.920595765,0.728228629,-1.620513082,-1.658150792,0.502407551,-1.533409476,-6.911660194,-4.499788284,6.156782627,-0.408955574
158,3159.993,1786880117261.440,14905079.375,0.000000000,-0.782932341,-0.412607193,-0.023256671,0.074312493,0.037115037,-0.092606306,0.270396262,-0.317500561,-0.185836881,1.516506553,0.698616505,-0.309635639,-0.513833702,0.773460150,1.714248776,0.806627631,-0.434460044,-0.311088741,-0.227576941,-0.927074254,0.722219646,-1.365315199,-1.580444694,0.471202493,-1.462073922,-7.048346043,-4.363129616,6.064875126,-0.315677464
159,3179.992,1786880117281.439,14905099.374,0.000000000,-0.863914311,-0.439554393,-0.047710571,0.082820147,0.012529982,-0.093442649,0.247702822,-0.373758435,-0.029325061,1.452531934,0.775875807,-0.322982728,-0.421239972,0.600505233,1.363828659,0.817942500,-0.477957308,-0.335046351,-0.158790797,-0.962797821,0.779374361,-1.214470387,-1.499523759,0.446671814,-1.458758593,-7.217453957,-4.222198486,6.086195469,-0.280961007
160,3199.993,1786880117301.440,14905119.375,0.000000000,-0.920870960,-0.422388792,-0.039482590,0.070917442,0.028843446,-0.009987313,0.268964559,-0.484548092,-0.074360982,1.421766996,0.837812185,-0.376210064,-0.363706350,0.506550193,1.113661289,0.799720168,-0.466688514,-0.368730158,-0.127562612,-0.972436368,0.842988074,-1.225817561,-1.445711970,0.444686383,-1.433039069,-7.385526657,-4.107307911,6.133673668,-0.308684617
161,3219.992,1786880117321.439,14905139.374,0.000000000,-0.909545958,-0.409773231,-0.059917044,0.057642028,0.048990965,0.127974465,0.304858267,-0.540430188,-0.130816191,1.435565948,0.921553433,-0.474657834,-0.277569950,0.480400443,0.906020343,0.787701249,-0.416591853,-0.396321863,-0.141071260,-1.029878855,0.924499810,-1.312054753,-1.347265124,0.468852133,-1.370331287,-7.512028694,-4.112026215,6.149568081,-0.402368635
162,3239.994,1786880117341.441,14905159.376,0.000000000,-0.859304607,-0.445537210,-0.078018874,0.014479069,0.007953359,0.253607273,0.319391310,-0.626186550,-0.055514663,1.416628957,1.048655510,-0.506661177,-0.183294952,0.387756526,0.751142502,0.841524959,-0.487189770,-0.411849409,-0.171385795,-1.087853551,0.964078844,-1.268526912,-1.144055247,0.499344945,-1.349601626,-7.589394093,-4.148694038,6.094908237,-0.561088979
163,3259.993,1786880117361.440,14905179.375,0.000000000,-0.820151746,-0.503934026,-0.159472033,-0.023188407,0.007418288,0.317439020,0.352840036,-0.685829103,-0.053010993,1.348521113,1.127534509,-0.600596130,-0.138244003,0.211359635,0.718408823,0.816273332,-0.548143148,-0.414915353,-0.221721172,-1.137839556,0.903568506,-1.296114922,-1.105392218,0.534065902,-1.335413218,-7.616331577,-4.134043694,5.945207596,-0.620426714
164,3279.994,1786880117381.441,14905199.376,0.000000000,-0.808624804,-0.578518033,-0.230995998,-0.001978120,0.050069153,0.340756744,0.384790212,-0.735726297,-0.162005305,1.270419598,1.189560056,-0.847873509,-0.124928355,-0.016232725,0.654942870,0.868819296,-0.596202493,-0.412644356,-0.238526851,-1.131920815,0.833251476,-1.396678686,-1.046755552,0.514815569,-1.234173059,-7.588829994,-4.086713314,5.907744408,-0.654864609
165,3299.994,1786880117401.441,14905219.376,0.000000000,-0.848002076,-0.581541359,-0.294887841,-0.048779160,0.070768461,0.348052531,0.382802159,-0.782514691,-0.234241813,1.215058565,1.192806602,-0.973038018,-0.068739414,-0.312273741,0.581416845,0.903254032,-0.727603137,-0.409485310,-0.248623431,-1.109044790,0.774063170,-1.390914321,-1.030062795,0.494646579,-1.226651549,-7.568962097,-4.061488152,5.892570019,-0.682589591
166,3319.994,1786880117421.441,14905239.376,0.000000000,-0.867761910,-0.658914745,-0.281675637,-0.097326741,0.065125987,0.330779999,0.428429961,-0.800227880,-0.223226368,1.192842245,1.155393839,-1.108007193,-0.021292094,-0.428102523,0.649916112,0.961977482,-0.767471671,-0.418570966,-0.258548707,-1.081329703,0.746153057,-1.436059833,-1.001127839,0.487841338,-1.189891696,-7.552696705,-4.072123528,5.898690701,-0.747575819
167,3339.994,1786880117441.441,14905259.376,0.000000000,-0.850734770,-0.635814250,-0.320321292,-0.136941969,0.064917922,0.337217659,0.417699903,-0.830392420,-0.278306484,1.293333650,1.195990443,-1.272796869,0.069803551,-0.513774931,0.770412683,1.002983689,-0.958430350,-0.403852135,-0.274511963,-1.086238265,0.695796311,-1.492681503,-0.871905744,0.520822525,-1.132464647,-7.558278084,-4.062603474,5.829064846,-0.783236623
168,3359.993,1786880117461.439,14905279.374,0.000000000,-0.850032985,-0.654187024,-0.365819007,-0.194310471,0.060861453,0.408668280,0.450946212,-0.843494177,-0.339857787,1.385606766,1.163816333,-1.530035377,0.163908884,-0.579363346,0.861148953,0.953232646,-0.928853929,-0.399111658,-0.292503446,-1.072255611,0.673471153,-1.633493781,-0.847620726,0.588479757,-1.029855967,-7.572333336,-4.028306484,5.694358349,-0.809473157
169,3379.992,1786880117481.439,14905299.374,0.000000000,-0.831632018,-0.612352848,-0.371788561,-0.229569584,0.019876493,0.371220201,0.477444082,-0.840025008,-0.349744201,1.405087113,1.167209983,-1.501616836,0.264970183,-0.543484449,0.930383801,1.035227299,-1.042180061,-0.397217989,-0.290672928,-1.071197271,0.642786622,-1.532126069,-0.755363405,0.588031650,-0.971217036,-7.572130203,-4.012189388,5.557601452,-0.907429636
170,3399.994,1786880117501.441,14905319.376,0.000000000,-0.851609528,-0.610840440,-0.383751869,-0.255970925,-0.023802267,0.401284426,0.510565460,-0.792728245,-0.361502796,1.499611855,1.145947576,-1.652303457,0.309224546,-0.358064532,1.008269310,1.053822041,-1.119775653,-0.409110188,-0.294052839,-1.093942285,0.622931063,-1.514378190,-0.673928440,0.602132320,-0.934584677,-7.542073250,-3.968254328,5.385170460,-1.043760419
171,3419.993,1786880117521.440,14905339.375,0.000000000,-0.896725118,-0.537156165,-0.385417223,-0.265688419,-0.107347384,0.323720485,0.508922696,-0.744766653,-0.398718655,1.585234523,1.207254410,-1.674963713,0.433982909,-0.313893318,1.100408554,1.176521182,-1.266332150,-0.379391849,-0.278193504,-1.064267397,0.579986095,-1.439030766,-0.566033483,0.601267099,-0.853219688,-7.481984138,-3.944000959,5.192751408,-1.205852389
172,3439.994,1786880117541.441,14905359.376,0.000000000,-0.876395404,-0.470338643,-0.337060839,-0.231650755,-0.121182904,0.296622247,0.454789400,-0.698358834,-0.462139726,1.642003536,1.380737901,-1.758757472,0.402092278,-0.230980426,1.319382668,1.314522505,-1.332932830,-0.351999462,-0.219982326,-0.981256485,0.519502640,-1.299485445,-0.446615964,0.657319903,-0.814753115,-7.380171776,-3.891843557,4.969832897,-1.359951615
173,3459.994,1786880117561.441,14905379.376,0.000000000,-0.861307025,-0.456665218,-0.324164659,-0.169409230,-0.185331807,0.249960065,0.392401576,-0.650700510,-0.496984214,1.699675679,1.527459025,-1.769975901,0.460135162,-0.062102187,1.413537264,1.329000592,-1.442879677,-0.315452904,-0.143556327,-1.000774026,0.522100091,-1.258645296,-0.288013041,0.662337363,-0.731764138,-7.264912128,-3.816107035,4.797149181,-1.526971936
174,3479.994,1786880117581.441,14905399.376,0.000000000,-0.855029404,-0.351155341,-0.285743117,-0.166029274,-0.248947993,0.182045758,0.354918838,-0.637669742,-0.554833710,1.781144857,1.729646325,-1.905213952,0.588589609,0.085378885,1.656110048,1.411448598,-1.605750203,-0.269230574,-0.055289403,-0.922765076,0.486743182,-1.208810210,-0.131665900,0.695954740,-0.611215234,-7.186739445,-3.815307856,4.546008587,-1.796664596
175,3499.994,1786880117601.440,14905419.376,0.000000000,-0.799677193,-0.414367855,-0.364866734,-0.154492140,-0.346341789,0.132222652,0.303082675,-0.613869965,-0.517589808,1.721248984,1.879698873,-1.920351982,0.717107952,0.175199121,1.624656677,1.377908349,-1.674696088,-0.230193168,-0.008423038,-0.941464841,0.476662010,-1.155099511,0.025881194,0.749414563,-0.543552637,-7.050132275,-3.796522141,4.311810970,-2.075664043
176,3519.993,1786880117621.440,14905439.375,0.000000000,-0.523388088,-0.703967571,-0.498233318,0.028117796,-0.409335911,0.383016080,-0.049787804,-0.652361929,-0.454053342,1.633362293,2.305019855,-2.017360926,0.834784091,0.398358583,1.408477426,1.308306575,-1.609367132,-0.193405062,0.077998012,-0.987495542,0.567418396,-1.112685084,0.132608443,0.820029676,-0.477895081,-6.843357086,-3.809090376,4.117080212,-2.285874605
177,3539.992,1786880117641.439,14905459.374,0.000000000,-0.133664042,-1.271440029,-0.615463436,0.281553328,-0.566229224,0.746870518,-0.547669232,-0.581906915,-0.196353510,1.532636166,2.106474876,-2.122214794,0.765705109,0.781308055,0.103136607,1.321566224,-1.503200173,-0.176917315,0.139419585,-1.014090419,0.667361617,-1.176303387,0.150040939,0.815571010,-0.440550655,-6.657149315,-3.941464663,3.982333183,-2.429847002
178,3559.993,1786880117661.440,14905479.375,0.000000000,0.034685802,-1.570468664,-0.603468716,0.528603077,-0.839482486,1.069921374,-0.803068697,-0.445441425,-0.119316861,1.575810552,1.962709069,-2.075123072,0.638695896,1.185445666,-0.822954178,1.453313231,-1.503555298,-0.184003264,0.156056195,-1.029743075,0.728871882,-1.225096464,0.102845401,0.831380606,-0.486622781,-6.406478882,-4.100028038,3.962588787,-2.509327650
179,3579.992,1786880117681.439,14905499.374,0.000000000,0.056654792,-1.479084730,-0.645713806,0.606512070,-0.926631927,1.136376262,-0.899616838,-0.302980870,-0.141228542,1.576490521,1.884541392,-2.078107119,0.582379520,1.521891952,-0.903432488,1.410063267,-1.454572439,-0.217921704,0.115590386,-1.029231429,0.757574618,-1.261331677,0.084452763,0.794312716,-0.528542459,-6.150141239,-4.168456078,3.824839115,-2.548064947
180,3599.992,1786880117701.439,14905519.374,0.000000000,0.019449439,-1.372561693,-0.666929066,0.669117630,-1.009158373,1.025417089,-0.966110349,-0.272529513,-0.180554777,1.528375268,1.780662656,-1.994642854,0.503328741,1.902610898,-0.761496067,1.280658364,-1.452424288,-0.222313434,0.081262715,-1.097059608,0.761468649,-1.277279496,0.122376144,0.769842029,-0.577600002,-5.981423855,-4.221710205,3.651310682,-2.554921389
181,3619.993,1786880117721.439,14905539.374,0.000000000,-0.060788881,-1.348968148,-0.602624595,0.721120298,-1.040603280,0.893148780,-1.006628036,-0.243923545,-0.134115905,1.485013485,1.679306626,-1.925041318,0.371350765,2.167830944,-0.581780910,1.213530183,-1.440432310,-0.208091885,0.088587023,-1.124098420,0.754064023,-1.296098113,0.130831435,0.749052048,-0.640407681,-5.854013443,-4.272152901,3.540650845,-2.571136713
182,3639.993,1786880117741.439,14905559.374,0.000000000,-0.204641178,-1.247180939,-0.491161168,0.675993741,-1.056273222,0.615826488,-0.912116826,-0.240039125,-0.076369725,1.505520105,1.520691752,-1.911780477,0.220523298,2.276560783,-0.298277944,1.158368826,-1.468792200,-0.206203908,0.114353292,-1.095480084,0.704558194,-1.241286397,0.150911927,0.728360295,-0.724017680,-5.745359421,-4.260511398,3.495448589,-2.568310499
183,3659.992,1786880117761.439,14905579.374,0.000000000,-0.514228165,-0.988922656,-0.300752819,0.532688677,-1.026523113,0.294156939,-0.614529550,-0.237889543,-0.154883727,1.575838923,1.404454589,-1.795306325,-0.003065575,2.063563585,-0.181137517,1.268821120,-1.571562529,-0.207954079,0.113263257,-1.075077176,0.639767945,-1.125994563,0.145631358,0.686370671,-0.765466273,-5.672560692,-4.234118938,3.548801184,-2.609951258
184,3679.992,1786880117781.439,14905599.374,0.000000000,-0.857486784,-0.645817757,0.020035867,0.400468707,-1.078473926,-0.151819021,-0.245065019,-0.194928691,-0.484139383,1.744494200,1.509255528,-1.698572278,-0.068081036,1.426386952,0.396154761,1.448678732,-1.732102633,-0.228117585,0.041758105,-0.960548043,0.537055612,-1.011930823,0.162522212,0.683665276,-0.753368497,-5.582203388,-4.107185841,3.581554413,-2.787065983
185,3699.992,1786880117801.439,14905619.374,0.000000000,-1.017115831,-0.426328182,0.110317767,0.383972257,-0.979304671,-0.412985891,-0.123678610,-0.182075247,-0.569903076,1.812365651,1.640911818,-1.784754872,-0.019116107,0.898863018,0.865355074,1.485809922,-1.871206880,-0.210161537,-0.029540777,-0.914741695,0.430199087,-0.910927236,0.214711592,0.685998082,-0.693569124,-5.509114265,-3.826030970,3.475623846,-3.007197380
186,3719.992,1786880117821.439,14905639.374,0.000000000,-1.030230403,-0.328831911,0.079954684,0.370131403,-0.886807561,-0.566270053,-0.063720420,-0.228511721,-0.567576945,1.830597162,1.734002471,-1.908630013,0.063703448,0.662390709,1.170735359,1.489543080,-1.910951614,-0.195886850,-0.037825629,-0.893457949,0.371496171,-0.853614092,0.312002063,0.697639525,-0.613341153,-5.503761292,-3.504844904,3.302850246,-3.132264376
187,3739.995,1786880117841.441,14905659.376,0.000000000,-1.012968898,-0.334657311,0.040488932,0.363893300,-0.849529624,-0.644886017,0.011180742,-0.281299502,-0.494005144,1.838359237,1.754686952,-1.987441182,0.149233252,0.531648874,1.175950766,1.501440883,-1.936866879,-0.198274523,-0.005062640,-0.875328124,0.368624628,-0.845900297,0.358503431,0.679826319,-0.574211776,-5.531056404,-3.232592821,3.209156990,-3.193463326
188,3759.994,1786880117861.440,14905679.375,0.000000000,-0.937061429,-0.386522174,-0.042252626,0.326093674,-0.810223699,-0.583989978,0.089981765,-0.321723938,-0.469515890,1.867499709,1.765673518,-2.197544813,0.270489335,0.472457707,1.158835888,1.519417405,-1.914580822,-0.200677484,0.017518990,-0.909125030,0.418603033,-0.956284583,0.421026707,0.686250091,-0.503653824,-5.546197891,-3.017886877,3.159582138,-3.218994379
189,3779.993,1786880117881.440,14905699.375,0.000000000,-0.875415504,-0.448839784,-0.130777180,0.303595781,-0.799093664,-0.495739788,0.157748580,-0.362123132,-0.432862639,1.915774226,1.715102553,-2.273712397,0.388985932,0.501575589,1.020129085,1.495778918,-1.842090845,-0.224720240,0.032739364,-0.913984299,0.464374810,-0.959340930,0.488992214,0.691221356,-0.463927329,-5.519392490,-2.872781515,3.138390779,-3.196398020
190,3799.993,1786880117901.440,14905719.375,0.000000000,-0.811685801,-0.545029581,-0.208629817,0.280379087,-0.828925192,-0.390014499,0.176844493,-0.397432745,-0.380895585,1.903163433,1.700486779,-2.256323099,0.486391127,0.622277856,0.754525602,1.547662735,-1.761494160,-0.259697378,0.044815246,-0.913938642,0.510684133,-0.870056510,0.556314886,0.652667880,-0.459999174,-5.395623684,-2.731267691,3.145956278,-3.084310770
191,3819.993,1786880117921.440,14905739.375,0.000000000,-0.699301660,-0.638856351,-0.261059403,0.270444214,-0.860202432,-0.276764125,0.162732050,-0.441915125,-0.364074916,1.960178137,1.723680615,-2.332608223,0.538774490,0.751865625,0.630891263,1.567378521,-1.764184713,-0.268772244,0.051545635,-0.890758157,0.525795996,-0.888483584,0.658177018,0.642412782,-0.458104670,-5.298936844,-2.615814686,3.179159641,-2.975501299
192,3839.994,1786880117941.441,14905759.376,0.000000000,-0.625495255,-0.690154970,-0.294449210,0.291670442,-0.854782999,-0.207833335,0.150604203,-0.460722715,-0.276556849,2.021103621,1.730178714,-2.270207644,0.570826948,0.773423195,0.501627088,1.548867226,-1.753774166,-0.264142722,0.066634588,-0.891810536,0.560487986,-0.790979207,0.734394372,0.618832588,-0.459151328,-5.164148331,-2.485744953,3.262309313,-2.870099545
193,3859.994,1786880117961.441,14905779.376,0.000000000,-0.582254648,-0.808202684,-0.346910119,0.267957449,-0.870398223,-0.189515188,0.121992707,-0.459143072,-0.169248432,2.035561800,1.695939779,-2.218476534,0.600836933,0.741916895,0.366266817,1.564878821,-1.771030188,-0.259029686,0.071865022,-0.907205582,0.569846928,-0.661838293,0.778370261,0.598811090,-0.474758536,-5.017212868,-2.390441656,3.348548412,-2.767905712
194,3879.993,1786880117981.440,14905799.375,0.000000000,-0.581203282,-0.936335742,-0.305097640,0.314800978,-0.880678892,-0.261125624,0.135645673,-0.456958950,-0.099013709,2.077416897,1.672326922,-2.167456388,0.569007754,0.692268014,0.287237644,1.600900054,-1.753380775,-0.259953529,0.082316548,-0.899874389,0.580347955,-0.623553276,0.735600412,0.602697372,-0.493450224,-4.874152184,-2.369165182,3.512240887,-2.733290672
195,3899.997,1786880118001.444,14905819.379,0.000000000,-0.555785239,-0.957223952,-0.275908768,0.346624374,-0.862070560,-0.333854526,0.112041622,-0.442838967,-0.111657292,2.172327757,1.682401896,-2.172770500,0.578096569,0.640296459,0.241162017,1.660896420,-1.755068779,-0.265571743,0.077942945,-0.799297988,0.555275083,-0.593070984,0.734527171,0.573394775,-0.532622814,-4.768451214,-2.383095503,3.658101559,-2.650468588
196,3919.993,1786880118021.440,14905839.375,0.000000000,-0.546165526,-0.932842255,-0.225891307,0.343381643,-0.892417312,-0.381274253,0.131632462,-0.425472677,-0.224101514,2.200715780,1.694030166,-2.268294334,0.559520125,0.662735462,0.233607963,1.748464704,-1.761083603,-0.276719391,0.070129223,-0.763478339,0.553634703,-0.671200752,0.722130716,0.554951191,-0.511931479,-4.704185963,-2.426427603,3.826373816,-2.610417128
197,3939.994,1786880118041.440,14905859.375,0.000000000,-0.549819291,-0.941995859,-0.233403802,0.347392440,-0.899543881,-0.310691923,0.123453155,-0.410033613,-0.280856460,2.259856701,1.718250155,-2.221639633,0.506261230,0.689252377,0.251641423,1.753233194,-1.795353413,-0.278195381,0.049068540,-0.768164098,0.515303731,-0.669035435,0.701928139,0.552838802,-0.527114630,-4.647878647,-2.469744921,3.952208042,-2.559375286
198,3959.993,1786880118061.440,14905879.375,0.000000000,-0.568238974,-0.962352395,-0.227994576,0.384469450,-0.898926318,-0.329234302,0.102927819,-0.445013344,-0.259915322,2.365641594,1.696981907,-2.075342894,0.571986496,0.644657195,0.319023758,1.785404325,-1.863859892,-0.278351754,0.035144687,-0.672671139,0.453930229,-0.455515504,0.699385762,0.546782792,-0.558802843,-4.582681656,-2.554775953,4.046249866,-2.518892527
199,3979.992,1786880118081.439,14905899.374,0.000000000,-0.598095059,-0.971488297,-0.207655653,0.404970288,-0.915604651,-0.308819890,0.092626587,-0.449529916,-0.264205664,2.391031265,1.713128448,-2.027652264,0.561747491,0.615685225,0.261357218,1.814120173,-1.884245157,-0.275821745,0.014891922,-0.642413676,0.456752181,-0.377504021,0.694706738,0.507106066,-0.556795657,-4.492925644,-2.633089781,4.102465153,-2.460072756
200,3999.993,1786880118101.440,14905919.375,0.000000000,-0.562680662,-1.009975672,-0.178337499,0.431948066,-0.874828517,-0.284199446,0.105694130,-0.423529118,-0.295220256,2.477117062,1.750725627,-1.960238814,0.466858327,0.644497752,0.240101010,1.800039411,-1.881470919,-0.274406523,-0.004575212,-0.615051746,0.415707380,-0.362849057,0.605613291,0.462367475,-0.557929516,-4.412825584,-2.749649525,4.099868774,-2.368622541
201,4019.993,1786880118121.440,14905939.375,0.000000000,-0.582829714,-0.950282395,-0.173242047,0.469384879,-0.884440064,-0.220730096,0.080491379,-0.411829382,-0.264373422,2.511058569,1.830091357,-1.800069213,0.441052914,0.710081935,0.202942744,1.818832397,-1.914456725,-0.261496067,-0.026181784,-0.622039974,0.402288288,-0.236406833,0.574744582,0.448265702,-0.562239408,-4.330337524,-2.845343590,4.125982285,-2.347148657
202,4039.994,1786880118141.441,14905959.376,0.000000000,-0.571373522,-0.949758351,-0.115209579,0.479761064,-0.887753367,-0.229181230,0.089934349,-0.331812084,-0.197744414,2.642433882,1.956871748,-1.641215444,0.322511345,0.779139817,0.274656087,1.822140813,-1.930696845,-0.245438516,-0.059123479,-0.573688388,0.350875378,-0.192807049,0.569198310,0.439403802,-0.562010169,-4.241671085,-2.960251570,4.148939133,-2.284064054
203,4059.993,1786880118161.439,14905979.374,0.000000000,-0.554946005,-0.952688992,-0.128698647,0.513730407,-0.845625401,-0.277130157,0.070181221,-0.298381388,-0.122841999,2.776163101,2.033512831,-1.573731422,0.272923350,0.890689254,0.378040642,1.817101479,-1.919817805,-0.218642205,-0.099364214,-0.549305618,0.305734456,-0.164175242,0.489500821,0.441268355,-0.585416794,-4.171692371,-3.105484009,4.083214760,-2.234198332
204,4079.992,1786880118181.439,14905999.374,0.000000000,-0.589739978,-0.964080155,-0.050701734,0.535090506,-0.832940996,-0.324969560,0.070425123,-0.244549647,-0.044251863,2.924901247,2.112058878,-1.506948113,0.168440819,1.037119150,0.486638039,1.885707498,-1.932117939,-0.196933240,-0.144639373,-0.469677120,0.278183073,-0.098909847,0.452884823,0.424118131,-0.592610419,-4.017463207,-3.233665228,4.042973995,-2.143891573
205,4099.995,1786880118201.442,14906019.377,0.000000000,-0.644485474,-0.938067257,0.026871655,0.589930952,-0.714592338,-0.525746584,0.057759807,-0.046112586,0.005979278,3.163889408,2.174942732,-1.344679117,-0.033188347,1.579050899,0.452870905,1.942212701,-2.001657486,-0.187160760,-0.190062523,-0.435983062,0.245417371,0.054491643,0.377762824,0.370526403,-0.624905407,-3.793111563,-3.407338858,4.056980133,-2.060739756
206,4119.996,1786880118221.443,14906039.378,0.000000000,-0.722796321,-0.876636386,0.119847417,0.663211048,-0.675222695,-0.668315470,-0.034770593,0.164618835,0.017715076,3.475253344,2.192943811,-1.152637720,-0.170123324,2.037372589,0.485042244,1.961666226,-2.100533962,-0.140023470,-0.216577113,-0.411191404,0.202466428,0.216222033,0.331957221,0.313716412,-0.636438429,-3.558391333,-3.571051359,4.135363102,-2.000980377
207,4139.995,1786880118241.442,14906059.377,0.000000000,-1.104938507,-0.809900820,0.258707404,0.690501869,-0.682661891,-0.782812476,-0.152252778,0.501182258,0.045334719,3.741172552,2.100407600,-0.849321842,-0.339632660,2.425340414,0.278892875,1.974074721,-2.107621431,-0.134909868,-0.265218496,-0.422978461,0.247475639,0.459511459,0.273682266,0.228046611,-0.659929037,-3.328859091,-3.767559767,4.349465370,-2.074874640
208,4159.993,1786880118261.440,14906079.375,0.000000000,-1.948403597,-0.690785646,0.475102276,0.687723875,-0.354898691,-0.978980064,-0.319593638,0.754606903,0.074669763,3.628587008,1.952834487,-0.535249531,-0.579686463,0.703977466,-0.514211655,2.016059399,-2.103638172,0.054906454,-0.312845618,-0.353597015,0.365588188,0.699423611,0.122923449,0.109085269,-0.657419145,-3.044824600,-4.031515598,4.648493290,-2.235678911
209,4179.993,1786880118281.439,14906099.374,0.000000000,-2.624454021,-0.516319811,0.571143091,0.490616590,0.008995494,-0.984246373,-0.189467415,0.898565412,0.200788379,3.228832483,1.664401174,-0.285449356,-0.962600470,-0.434827179,-1.325686455,2.040858269,-2.111625195,0.109024137,-0.336903363,-0.331900805,0.509913027,0.942545176,0.060104735,-0.049928077,-0.660808206,-2.766711950,-4.268990993,4.882844925,-2.413650751
210,4199.993,1786880118301.440,14906119.375,0.000000000,-2.724695921,-0.688371420,0.608596027,0.376881212,0.254816651,-1.078431487,0.053648129,0.995031059,0.325992405,3.076396704,1.324721694,-0.118956625,-1.249249458,-0.549898028,-1.837706566,2.099334478,-2.138294697,0.154489577,-0.349264145,-0.283555001,0.648540318,1.093568087,-0.086989120,-0.210536361,-0.655240119,-2.517609358,-4.485495090,5.173314571,-2.721992493
211,4219.992,1786880118321.439,14906139.374,0.000000000,-2.663830757,-0.881043077,0.682690799,0.369809747,0.416073799,-1.022560477,0.057264432,0.937389612,0.519649446,2.992471695,1.092119932,-0.061836582,-1.632976413,-0.520763278,-2.113674164,2.132591248,-2.099223137,0.165857017,-0.293758154,-0.288717002,0.709316313,1.172869682,-0.231400698,-0.293290198,-0.641914785,-2.364634752,-4.685630798,5.383682728,-2.967807770
212,4239.993,1786880118341.440,14906159.375,0.000000000,-2.644938707,-1.109253764,0.721934140,0.307141900,0.487103641,-0.865720093,-0.028453039,0.872272074,0.731171548,2.816899776,1.189198017,-0.001734089,-2.007003307,-0.521733761,-2.120181799,2.038416624,-2.050585508,0.189799100,-0.245633662,-0.347316831,0.748508632,1.382181525,-0.288114578,-0.358635902,-0.612042427,-2.240711927,-4.892496586,5.559872150,-3.179614544
213,4259.993,1786880118361.439,14906179.374,0.000000000,-2.681882858,-1.388086438,0.815208852,0.298772693,0.438639283,-0.592492700,-0.043425813,0.657522678,0.876038373,2.506303787,1.525148273,0.130305856,-2.438902617,-0.567595124,-2.019203424,1.907045484,-2.004949570,0.194210500,-0.089465685,-0.433753461,0.795752943,1.544409037,-0.337419242,-0.441357225,-0.606331408,-2.206877232,-5.105673313,5.761923313,-3.402815580
214,4279.992,1786880118381.439,14906199.374,0.000000000,-2.653255939,-1.753809571,0.895498037,0.273600847,0.177386969,-0.258195847,0.006656421,0.230575904,0.960419953,2.208667040,2.150095940,0.166322827,-2.791357279,-0.536835194,-1.677304268,1.719433665,-1.950782776,0.184677571,0.070988230,-0.558398902,0.899866760,1.609273076,-0.349255174,-0.567088187,-0.536340892,-2.244726896,-5.318971634,6.018336296,-3.620230436
215,4299.993,1786880118401.439,14906219.374,0.000000000,-2.711733818,-2.160543442,1.006754756,0.129615590,-0.322839320,0.010644313,0.054845944,-0.209180415,1.131222367,1.706915259,3.316016674,0.273237526,-3.070056200,-0.482998729,-1.118368983,1.430398583,-1.743002653,0.160771221,0.135929018,-0.836037815,1.117452145,1.693686366,-0.372628838,-0.708487153,-0.436842531,-2.520858526,-5.604846001,6.363752842,-3.904639006
216,4319.992,1786880118421.439,14906239.374,0.000000000,-2.935091496,-2.209975004,0.882155836,-0.107227519,-0.630713880,0.037314016,0.297773659,-0.357830554,1.063926697,1.329587817,4.206013680,0.300280094,-3.009866476,-0.356506616,-0.905630946,1.147607207,-1.656126261,0.076123148,0.123333015,-1.044310451,1.330517530,1.693193674,-0.277487397,-0.833262384,-0.345069885,-2.938392401,-5.868434906,6.756989956,-4.301280975
217,4339.994,1786880118441.441,14906259.376,0.000000000,-3.517271280,-1.860806704,0.616134524,-0.319728673,-0.500283539,0.024012316,0.351458132,0.485423535,1.109195113,0.767254651,4.808984756,0.326499403,-2.922814369,-0.129860476,-0.795633018,0.933617592,-1.574508667,0.003741052,0.044062041,-1.202653885,1.537625194,1.750028014,-0.143688604,-0.967790842,-0.293407530,-3.378277063,-6.110562325,7.117235661,-4.693546295
218,4359.994,1786880118461.440,14906279.376,0.000000000,-3.895248652,-1.769233465,0.490476370,-0.381117910,-0.164372221,-0.207201272,0.333631933,0.896162212,0.960411251,0.385072738,5.011647701,0.269762069,-2.965745926,0.095511228,-0.943156242,0.934468031,-1.565478802,-0.038467560,0.037782006,-1.269868374,1.683205724,1.808636785,-0.096132234,-1.161685228,-0.219944403,-3.793544292,-6.265228271,7.453376293,-4.974734306
219,4379.991,1786880118481.438,14906299.373,0.000000000,-3.630323887,-2.144711018,0.552148283,-0.371211916,0.040804312,-0.810958445,0.506836116,0.134477183,0.579883039,0.222836718,4.711995602,0.078758448,-2.831795692,0.316954255,-1.189944029,0.891568303,-1.699989319,-0.088865131,0.180435985,-1.353404164,1.843158484,1.687317014,-0.051752910,-1.341846228,-0.193985984,-4.034904003,-6.317714691,7.791452885,-5.458586693
220,4399.994,1786880118501.441,14906319.376,0.000000000,-3.389947414,-2.429348230,0.762746632,-0.390978873,0.476564825,-1.631001711,0.667331994,0.004033860,0.083055548,0.237770557,2.758255720,0.252850831,-2.882514477,0.591110826,-2.301298857,0.647555470,-1.837349176,-0.032891843,0.263187945,-1.416285515,1.785756111,1.806560993,-0.193631873,-1.489662170,-0.304299206,-4.119429588,-6.239964008,8.280257225,-6.069839478
221,4419.992,1786880118521.439,14906339.374,0.000000000,-3.189352512,-2.545976400,0.878924549,-0.235839874,0.553003311,-2.151833296,0.575674355,0.354261220,-0.239027947,0.549087226,1.778715730,0.431193352,-3.241535187,0.749104559,-2.801165342,0.411085308,-2.178347826,0.048466887,0.255612314,-1.457055449,1.595284939,1.977509141,-0.389535397,-1.533469915,-0.322831959,-3.919251442,-6.019560814,8.790112495,-6.650465965
222,4439.993,1786880118541.440,14906359.375,0.000000000,-3.044505835,-2.362562418,1.041272759,-0.091724649,0.390490949,-2.213757753,0.546343565,0.613149881,-0.281089634,0.960908592,1.570217490,0.475686371,-3.781111717,0.817190051,-3.007848501,0.326138705,-2.552464008,0.112873584,0.187137753,-1.439348817,1.234936714,2.139727354,-0.526791036,-1.531451941,-0.318216532,-3.594411135,-5.860410690,9.165266037,-7.126465797
223,4459.994,1786880118561.440,14906379.375,0.000000000,-3.044807911,-2.084868908,1.220306277,0.128462061,0.270612091,-2.071056128,0.490053028,0.620744348,-0.157485813,1.368548870,1.672124267,0.306297898,-4.280211449,0.795784473,-2.987374544,0.445969194,-2.857858181,0.186417699,0.081005313,-1.323828816,0.775662959,2.211544514,-0.645997882,-1.493015051,-0.297430754,-3.122250795,-5.756424904,9.351203918,-7.437729359
224,4479.992,1786880118581.439,14906399.374,0.000000000,-3.100874901,-1.725031734,1.407801032,0.315947056,0.119723007,-1.991901159,0.461198419,0.548920512,-0.043848366,1.760138154,2.000941753,0.118101761,-4.651218891,0.770143449,-2.854210615,0.799420714,-3.071540594,0.233603120,-0.030129395,-1.169154644,0.338644654,2.173005819,-0.678430676,-1.375555634,-0.326370388,-2.612595081,-5.715158463,9.550894737,-7.696646690
225,4499.993,1786880118601.440,14906419.375,0.000000000,-3.123569012,-1.231525064,1.594296932,0.533384860,0.136223957,-2.081256151,0.377309263,0.229214683,0.040979605,2.201868296,2.398815393,-0.239314914,-4.896589279,0.695447326,-2.661028147,1.200285077,-3.402178288,0.261044234,-0.082769357,-0.894942880,-0.035539974,1.925706148,-0.650436044,-1.162289143,-0.379350185,-2.132581949,-5.754387379,9.653662682,-8.089637756
226,4519.993,1786880118621.440,14906439.375,0.000000000,-3.143698454,-0.811456144,1.715872169,0.601819575,0.201109707,-2.371629477,0.315151989,-0.261588335,0.298163950,2.448011160,2.881987810,-0.794386327,-5.011860371,0.456451565,-2.252986670,1.671614051,-3.743187904,0.264985740,-0.039453067,-0.676256001,-0.183099940,1.506141543,-0.429905474,-1.010213375,-0.496185392,-1.794795632,-5.935253620,9.465265274,-8.560811043
227,4539.992,1786880118641.439,14906459.374,0.000000000,-3.311151505,-0.472124696,1.608748078,0.617632568,0.339448988,-2.322951555,0.341895044,-0.568956316,0.520491421,2.631095648,3.176126242,-0.839136004,-4.953611374,0.127026260,-1.940927982,1.938226461,-4.048911095,0.207236707,0.035643600,-0.632861435,-0.101325676,1.268298984,-0.102057278,-0.946499348,-0.683136404,-1.754285336,-6.234315395,8.981279373,-9.027288437
228,4559.992,1786880118661.439,14906479.374,0.000000000,-3.593917847,-0.257028341,1.564427257,0.664628327,0.597894669,-1.860394359,0.410968691,-0.504677236,0.757311940,2.863853693,3.188485384,-0.436890244,-4.837654591,-0.147918522,-2.065160275,1.382198811,-4.167497158,0.119708925,0.067790903,-0.515774548,-0.023069341,1.481323123,0.068152428,-0.929086030,-0.703060865,-1.581525922,-6.738208771,8.633542061,-9.621647835
229,4579.994,1786880118681.440,14906499.375,0.000000000,-3.619006634,-0.204970315,1.780721664,0.712859690,0.861554563,-1.396739483,0.531851113,-0.188010439,1.041233778,3.148876429,2.764367342,0.555608809,-4.727693081,-0.340767473,-2.543397427,0.649440706,-4.166471481,0.055332538,0.015493624,-0.503663182,0.067966536,1.679174423,-0.018628135,-0.918309212,-0.605076373,-1.813035846,-7.250833988,8.718155861,-10.026608467
230,4599.993,1786880118701.440,14906519.375,0.000000000,-3.445043325,-0.307578444,1.869925857,0.777055085,0.910104394,-1.308231711,0.557715833,-0.338752568,0.991235316,3.306210756,2.165187597,0.825760901,-4.793838501,-0.343391746,-2.748638630,0.511170685,-4.051667213,0.032800224,-0.018833853,-0.348142833,0.098312780,1.817083955,-0.130291387,-0.805014431,-0.536552489,-1.884220481,-7.899303436,8.871745110,-10.123915672
231,4619.994,1786880118721.441,14906539.376,0.000000000,-3.000310659,-0.749081612,2.047377586,1.052001357,1.028066158,-1.414048076,0.429233879,-0.345811456,1.170107007,3.612729549,1.123637557,0.627847612,-4.779169559,-0.160406291,-3.173668146,0.505063295,-3.907224417,0.056073572,-0.136631012,-0.157300949,0.136785462,2.094167709,-0.173854455,-0.757186055,-0.580822766,-1.703377724,-8.571156502,9.265003204,-10.052587509
232,4639.993,1786880118741.440,14906559.375,0.000000000,-2.769922018,-1.169335604,2.181920767,1.367230654,1.093518496,-1.739477873,0.327584058,-0.267486602,1.606930137,3.767255545,0.442531019,0.336810440,-4.857091904,0.089848429,-3.519568443,0.457491726,-3.736968040,0.092458040,-0.222381979,0.056385245,0.183055833,2.339918613,-0.264387459,-0.726914167,-0.570263863,-1.367633939,-9.347723961,9.852747917,-9.756589890
233,4659.992,1786880118761.439,14906579.374,0.000000000,-2.696434736,-1.319853544,2.248055220,1.404148102,1.150447607,-1.630450130,0.440986514,-0.160446152,1.836543083,3.970506430,0.138656989,0.339807272,-4.810119152,0.337423474,-3.623564005,0.330208629,-3.530251265,0.073345989,-0.268535078,0.138663262,0.335144639,2.486861229,-0.188637808,-0.652191579,-0.587457478,-1.083937764,-10.100618362,10.286400795,-9.711099625
234,4679.994,1786880118781.440,14906599.375,0.000000000,-2.778496742,-1.163766384,2.286300182,1.317068458,1.285547137,-1.016264677,0.674097836,0.009787280,1.782420039,4.313284397,-0.069440708,0.652997613,-4.775275707,0.381965607,-3.410392284,0.207173824,-3.428456783,0.025445368,-0.329850763,0.137198478,0.441691875,2.653598547,-0.013845787,-0.521620274,-0.605279982,-1.004497766,-10.866894722,10.456351280,-9.605870247
235,4699.994,1786880118801.440,14906619.375,0.000000000,-3.098430395,-0.921012104,2.479936600,1.222669840,1.308868408,-0.610764802,0.957082272,0.015414033,1.620640993,4.484565258,-0.060705256,1.075148821,-4.887972832,0.166449547,-3.132599831,0.318090618,-3.277983427,-0.039485250,-0.400256246,0.207209006,0.694971859,2.909999609,0.107226357,-0.395510554,-0.558124900,-0.946513772,-11.588726044,10.602274895,-9.544582367
236,4719.992,1786880118821.439,14906639.374,0.000000000,-3.334753990,-0.643659413,2.582607508,1.109507322,1.318353653,-0.437483490,0.979702175,-0.139109865,1.111577988,4.457424164,0.313849121,1.365708709,-4.834725380,-0.148391247,-2.591332912,0.456621975,-3.097398281,-0.134909719,-0.392898351,0.173519969,0.929959476,3.251284361,0.178952768,-0.313848555,-0.528630018,-0.716369629,-12.200121880,10.830701828,-9.593619347
237,4739.994,1786880118841.441,14906659.376,0.000000000,-3.384277344,-0.408453643,2.475953817,0.964628756,1.301499724,-0.439017266,0.844101250,-0.269303262,0.543013871,4.381701946,0.378119737,1.599201441,-4.453259468,-0.326075643,-2.119987249,0.566074014,-2.917099714,-0.226082772,-0.316522539,0.168554515,1.160905719,3.555665255,0.363690168,-0.311680585,-0.533155560,-0.094246209,-12.618241310,10.862559319,-9.652029991
238,4759.993,1786880118861.440,14906679.375,0.000000000,-3.430161238,-0.127679959,1.955024004,0.746140718,1.230029583,-0.494139224,0.854637742,-0.414594591,0.224007264,4.233601570,0.192888334,1.878153086,-3.814784288,-0.405566335,-1.851982594,0.637255907,-3.019820452,-0.308967203,-0.094847716,0.190527052,1.348200440,3.953487158,0.520672262,-0.311267167,-0.536037147,0.850086153,-12.878666878,10.832644463,-10.196830750
239,4779.993,1786880118881.440,14906699.375,0.000000000,-3.475772381,0.081309959,1.387311697,0.376268744,1.161094189,-0.626960099,1.093145251,-0.502294779,-0.000605311,4.045438766,-0.165858254,1.952261567,-3.498331070,-0.411160201,-1.634900331,0.752691388,-3.220890760,-0.342342705,0.217167407,0.326720387,1.463538647,4.136793137,0.589642823,-0.382190526,-0.501623213,1.716117024,-12.879301071,10.667551994,-10.758069992
240,4799.993,1786880118901.440,14906719.375,0.000000000,-3.584194660,0.598641872,0.767694235,-0.091489919,0.886984587,-0.754596472,1.408539772,-0.755120218,-0.456764132,3.604425669,-0.426661104,1.690996528,-3.411669016,-0.446627021,-0.866743684,0.972427011,-3.451614618,-0.266688198,0.643466651,0.602777302,1.459384918,4.188710690,0.836284161,-0.352302998,-0.402237743,2.606178522,-12.535340309,10.304587364,-11.078488350
241,4819.991,1786880118921.437,14906739.372,0.000000000,-3.666970730,1.222308993,0.384323597,-0.260142773,0.854367077,-0.620280564,1.366535544,-0.894178808,-0.519233286,3.141231775,0.103989199,1.394559979,-3.372739792,-0.442119002,0.520111024,1.346768260,-3.637351990,-0.161248833,0.944882035,0.922398865,1.458609223,4.193955421,1.334921122,-0.059781484,-0.286111861,3.462765694,-11.970721245,10.041798592,-11.066627502
242,4839.993,1786880118941.440,14906759.375,0.000000000,-3.688096523,1.705881834,-0.577696681,0.048175484,1.029277921,0.255632311,0.692859888,-1.047947288,0.099644601,2.623589993,2.344118357,1.207922697,-3.167242289,-0.481031537,2.042484760,1.828883886,-3.904057503,-0.063070506,0.977509379,1.026558757,1.643416882,3.979862213,1.939390063,0.378628343,-0.096974313,4.078618050,-11.244029999,10.169029236,-10.982328415
243,4859.996,1786880118961.442,14906779.377,0.000000000,-3.705132484,1.393942833,-1.637384176,0.804401159,0.630057931,1.095945120,-0.320543319,-0.628803253,1.534052968,2.533735514,3.956841469,0.856545091,-2.805742741,-0.544821978,1.525785685,2.760345936,-4.225029945,-0.044266257,0.869586289,0.752567291,2.102876425,3.530772924,2.707415342,0.781168163,-0.009459881,4.154932499,-10.959025383,10.481117249,-11.047193527
244,4879.992,1786880118981.439,14906799.374,0.000000000,-3.333787441,0.662492454,-1.990427256,1.182603955,0.146320000,1.449620843,-1.066141248,-0.416046649,2.416215181,2.598350286,4.390921116,0.445464343,-2.426730871,-0.458679140,0.643110394,3.738121748,-4.258203506,0.003119018,0.836405218,0.467022985,2.611660480,2.899621248,3.222280264,1.234527826,-0.175217584,4.126844406,-10.865730286,10.442036629,-11.201270103
245,4899.995,1786880119001.442,14906819.377,0.000000000,-3.255613804,0.334012747,-1.850236535,1.218236327,0.017059935,2.241987944,-1.369486690,-0.248708114,2.651023626,2.706934929,4.558453560,0.395636857,-2.288107157,-0.230388641,0.361424685,4.351169586,-4.011695862,-0.029211733,0.854545057,0.409386665,3.055445910,2.409852266,3.511005878,1.723985195,-0.367183328,3.896754265,-11.145800591,10.121722221,-11.512553215
246,4919.992,1786880119021.439,14906839.374,0.000000000,-3.209986925,0.054621741,-1.384623289,1.281156421,-0.168436036,2.404506207,-1.287807107,-0.173223421,2.509284735,2.765975237,4.347884178,0.423989832,-2.542206049,-0.173869342,0.086312398,4.512904644,-3.445622444,-0.175965160,0.742546618,0.449739486,3.231032372,2.308654547,3.373473644,2.147528410,-0.591185689,3.897609711,-11.818875313,9.968420982,-11.954611778
247,4939.995,1786880119041.442,14906859.377,0.000000000,-3.285740376,0.094127879,-1.233719110,1.291190267,-0.286416888,2.459349394,-1.129204869,0.119105443,2.296298742,2.773908377,4.386352062,0.378658235,-2.840030432,-0.179259926,0.011498822,4.119788647,-2.936002254,-0.296167105,0.642941892,0.644363523,3.160655737,2.360846519,3.083447218,2.347084284,-0.682614088,3.953862906,-12.406064987,9.801722527,-12.438184738
248,4959.993,1786880119061.440,14906879.375,0.000000000,-3.289590359,0.253126502,-1.329840899,1.230966449,-0.291536510,2.112441301,-0.815797091,0.258130372,2.111848593,2.874584675,4.369311333,0.184003100,-2.990185022,-0.205582440,0.023250742,3.467295647,-2.699562550,-0.327554792,0.613128722,0.896271884,3.037606001,2.508261681,2.873246908,2.373626709,-0.745987296,4.140765190,-12.440352440,9.656639099,-12.990201950
249,4979.993,1786880119081.439,14906899.374,0.000000000,-3.428222895,0.269270539,-1.505946279,1.095429778,-0.333047718,1.653404832,-0.452033848,0.469874084,1.918861270,3.132354975,4.373821259,-0.059698891,-2.826933146,-0.211881429,0.087656543,2.845174074,-2.684005022,-0.267855078,0.621597171,1.187502027,2.943098783,2.705701828,2.832354069,2.324907541,-0.839627683,4.613898277,-12.058895111,9.571097374,-13.557558060
250,4999.994,1786880119101.441,14906919.376,0.000000000,-3.755939960,0.247211739,-1.821621060,0.890354991,-0.370962918,1.282630920,-0.328116149,0.893648744,1.800809503,3.490353346,4.172878742,-0.148945346,-2.433703423,-0.203259706,0.124536321,2.480984211,-2.613955975,-0.190724224,0.657845438,1.410692930,2.774850607,2.633150339,2.765915394,2.235063076,-0.921276391,5.081576824,-11.454966545,9.393824577,-14.084348679
251,5019.994,1786880119121.441,14906939.376,0.000000000,-3.831809044,0.112592742,-1.858834505,0.776877701,-0.648855448,0.383049250,-0.445359379,0.938257813,1.493226528,3.629688501,3.715550184,-0.174945906,-2.214315891,-0.317630678,0.081989929,2.712600708,-2.551553726,-0.072598308,0.697683275,1.569245219,2.644273520,2.604181528,2.530154467,2.189356804,-1.013464332,5.555067539,-10.824829102,9.322806358,-14.374437332
252,5039.994,1786880119141.441,14906959.376,0.000000000,-3.934464455,-0.143359438,-1.907292962,0.727862418,-0.854665458,-0.465801507,-0.803851604,0.851417899,1.198473692,3.533610821,3.094552755,-0.087364867,-2.067591906,-0.460753322,0.020443304,3.113444328,-2.396895170,-0.028850172,0.711679399,1.709813595,2.543969631,2.550429344,2.111788034,2.095318079,-1.064488053,5.885081768,-10.114217758,9.228137016,-14.431972504
253,5059.994,1786880119161.441,14906979.376,0.000000000,-3.969696999,-0.347193718,-2.176234722,0.739952505,-1.044932961,-1.651375294,-1.665069103,0.800765336,0.544296920,3.625180006,2.622265339,0.012114991,-1.968463421,-0.432801068,-0.041174710,3.768851042,-2.216165066,0.114923507,0.736388028,1.937470794,2.685251474,2.487977505,1.729750752,1.902962685,-1.008224964,6.250660896,-9.131367683,9.255098343,-14.346185684
254,5079.993,1786880119181.440,14906999.375,0.000000000,-4.497255325,-0.461703598,-2.781522989,0.428020954,-0.971928120,-2.038411617,-1.761271358,0.654424369,0.004814387,3.730989933,2.353709698,0.130808696,-1.753115773,-0.432755172,0.030965297,4.499188900,-2.218441010,0.065632194,0.764292419,2.088051796,2.687444448,2.343116283,1.487998366,1.662107348,-0.892709672,6.447120667,-8.152943611,9.125523567,-14.308923721
255,5099.994,1786880119201.441,14907019.376,0.000000000,-4.985052109,-0.910327852,-3.218923569,0.011024220,-0.995662212,-2.670227766,-1.866591930,0.362283558,-0.413067132,3.753746271,1.983437896,0.396770418,-1.497960687,-0.397835940,-0.044952273,5.184452534,-2.011869669,0.024657335,0.739397824,2.341819048,2.698838711,2.079583883,1.277186155,1.453746319,-0.829878271,6.394608974,-7.230131149,8.945366859,-14.466274261
256,5119.995,1786880119221.442,14907039.377,0.000000000,-5.204050064,-1.129565001,-3.459882736,-0.060999244,-0.997205436,-3.093701363,-2.020082951,0.149899259,-0.617377400,3.836791754,1.826008916,0.680922508,-1.421788096,-0.467281580,-0.088364318,5.623592854,-1.985966086,0.020274904,0.729258299,2.582704544,2.585916758,1.938634753,1.173536658,1.215971708,-0.804288924,6.400569439,-6.526889324,8.971152306,-14.653497696
257,5139.999,1786880119241.445,14907059.380,0.000000000,-5.112662315,-1.174431086,-3.580601215,-0.318273664,-0.985183239,-3.257380486,-1.955947757,-0.149323747,-0.715159416,3.731237173,1.523339152,1.288770914,-1.307119489,-0.627632976,-0.185566947,6.613396645,-1.853738904,-0.064721376,0.691937804,2.693345547,2.344632864,1.037835717,1.218932271,1.157428265,-1.001024127,5.550776005,-6.194008827,8.699859619,-14.734601021
258,5159.996,1786880119261.442,14907079.378,0.000000000,-5.303136826,-1.437498331,-3.435880899,-0.636777163,-0.864921093,-2.900056362,-1.951120853,-0.387387067,-0.541246355,3.548112154,1.245586991,1.869242907,-1.103891730,-0.508999348,-0.363638639,6.892410755,-1.764311433,-0.203876764,0.634196520,2.983003616,2.048631668,0.343672633,1.104435563,1.103003979,-1.178607702,4.455034733,-6.092119217,8.179057121,-14.878961563
259,5179.994,1786880119281.441,14907099.376,0.000000000,-5.544771194,-1.723896861,-3.399014235,-0.916676342,-0.881350279,-2.296904087,-1.883000374,-0.243749276,-0.299766779,3.366931915,0.959912777,2.180246830,-0.791454136,-0.308545589,-0.523381531,6.602532864,-1.700675964,-0.327219397,0.560998857,3.306760788,1.886531949,0.137908727,1.125081539,1.128862619,-1.300070763,3.493685246,-6.047352791,7.450556755,-15.035223961
260,5199.994,1786880119301.440,14907119.375,0.000000000,-5.569265842,-2.046040297,-3.777500153,-1.089218020,-0.864053667,-1.646893501,-1.653516531,-0.131294355,-0.356396437,3.448359013,0.827680290,2.378240108,-0.530209303,-0.148431897,-0.530365407,6.201231956,-1.600698709,-0.423179537,0.476439446,3.482444763,1.870358229,-0.077437453,1.023104310,1.256413460,-1.377660632,2.790831327,-5.851807117,6.718285561,-15.170177460
261,5219.993,1786880119321.440,14907139.375,0.000000000,-5.544830799,-2.543385744,-4.533738613,-1.160183072,-0.681192636,-0.763227284,-1.344447494,-0.108596221,-0.222832769,3.821015120,0.911529899,2.448261023,0.030594971,-0.142666936,-0.421123385,6.134477615,-1.444578290,-0.543380976,0.362073541,3.755752563,1.930181742,0.010483926,1.133582354,1.160214543,-1.414038897,2.416333675,-5.518825531,6.547217846,-15.300765991
262,5239.992,1786880119341.439,14907159.374,0.000000000,-5.423649788,-2.648345470,-4.402687073,-1.027110457,-0.549694479,-0.307438433,-1.405328989,0.190872803,-0.100148916,3.900362730,1.067704558,2.526455402,0.317310423,-0.107983053,-0.337690681,5.989323139,-1.167317986,-0.583507657,0.359652668,3.884313107,1.876744986,0.357199252,1.159547925,1.155437469,-1.422025919,2.167023659,-5.061568260,6.846538544,-15.098361015
263,5259.995,1786880119361.442,14907179.377,0.000000000,-5.675804138,-2.569885731,-3.607536554,-0.798512042,-0.364878297,-0.486203700,-1.601855874,0.167299941,0.023456633,3.499531031,1.099084973,2.667805672,0.554533482,0.025835123,-0.280379742,5.754202366,-0.527930558,-0.604838848,0.462169081,3.784452200,1.973045707,0.766147554,1.012493491,1.163269520,-1.366910219,2.072605371,-4.603104115,7.268140793,-14.802389145
264,5279.992,1786880119381.439,14907199.374,0.000000000,-5.998113632,-2.586464405,-2.485236168,-0.570238948,-0.005194353,-1.131431818,-1.603377104,-0.022778910,-0.182565346,2.832563877,1.123765826,2.741138458,0.932367861,0.328274965,-0.320354432,5.538700104,0.005915178,-0.620442390,0.482468456,3.587384224,2.092900038,1.138146758,0.977072120,1.105280876,-1.378764868,2.446675301,-4.024077892,7.993045807,-14.519947052
265,5299.992,1786880119401.439,14907219.374,0.000000000,-5.919699192,-2.556816578,-1.724468470,-0.386141032,0.268197238,-1.220279932,-1.436131239,-0.043035489,-0.418030083,2.375163317,1.263476729,2.715358257,1.097102880,0.502387524,-0.347704709,5.180940151,0.158382937,-0.612998009,0.459505200,3.304347515,2.098141670,1.384111285,0.997944236,0.979095876,-1.305275559,2.841554165,-3.559191942,8.745163918,-14.413059235
266,5319.993,1786880119421.440,14907239.375,0.000000000,-5.770494461,-2.676267624,-1.162669301,-0.085402310,0.285269737,-1.244447708,-1.329680562,0.017346997,-0.590429008,1.905732989,1.593113780,2.802401304,1.058634400,0.758106470,-0.354153186,4.544224739,0.289206266,-0.580698490,0.422177166,2.946439505,2.038449287,1.756840348,1.000548720,0.823628902,-1.159317613,3.109837055,-2.929471970,9.168656349,-14.405758858
267,5339.992,1786880119441.439,14907259.374,0.000000000,-5.549950600,-2.793678999,-0.798708498,0.358071625,0.316806197,-1.335664272,-1.192644596,0.123740509,-0.566967726,1.382632256,1.836063504,2.880769014,0.787159503,0.958768189,-0.490482241,3.527918339,0.108720675,-0.494604200,0.334210306,2.613245487,1.912490010,2.236853838,1.168604970,0.585734725,-1.049443245,3.451619387,-2.312168360,9.504147530,-14.041754723
268,5359.992,1786880119461.439,14907279.374,0.000000000,-5.181291580,-3.070870161,-0.529457510,0.679674804,0.219469920,-1.534672976,-1.037045598,0.316154152,-0.332176596,1.037907243,1.986186624,2.967657804,0.287864357,1.098612189,-0.612392306,2.619881630,-0.142294899,-0.392052025,0.225421488,2.333389997,1.707022905,2.458959818,1.213657260,0.437228352,-1.035536647,3.559166193,-1.766745806,9.407176018,-13.363756180
269,5379.993,1786880119481.439,14907299.374,0.000000000,-4.701784611,-3.330995798,-0.294348359,0.773253322,0.046183005,-1.594772220,-0.884163320,0.557986915,0.085466862,0.998451471,1.956315875,3.111251593,-0.389826208,1.178523660,-0.705227494,1.901674151,-0.606699586,-0.276184171,0.158718258,2.064554453,1.459578872,2.405369043,1.189700842,0.379099578,-1.090973020,3.405814171,-1.394134998,9.157415390,-12.555908203
270,5399.993,1786880119501.439,14907319.374,0.000000000,-4.075310230,-3.383148670,-0.128761292,0.699599385,-0.120432064,-1.427660227,-0.693838120,0.693886161,0.042344108,1.144237161,1.665744662,2.988682508,-1.000482917,1.117494226,-0.788177133,1.523227334,-0.933747947,-0.161363631,0.142059386,1.683676243,1.181265116,2.055762053,0.988500357,0.337276667,-1.083137870,2.681011200,-1.278406024,8.694437981,-11.283077240
271,5419.992,1786880119521.439,14907339.374,0.000000000,-3.374503374,-3.129377604,-0.060825940,0.845724940,-0.159005359,-1.048580885,-0.803151548,0.612684608,-0.179179877,1.350487232,1.578098416,2.389465570,-1.430120111,0.672184348,-0.574982762,1.314133644,-0.666150808,-0.142774373,0.191728473,1.265558481,0.937987983,1.591060042,0.503540337,0.443416506,-1.169430256,1.444319248,-1.325174332,7.895134926,-9.445508957
272,5439.993,1786880119541.440,14907359.375,0.000000000,-2.926575899,-2.809609413,-0.342135102,0.771712363,-0.097644106,-0.302175075,-0.842624724,0.355769753,-0.887857854,1.455002069,1.506475806,1.978570580,-1.354871988,0.413262844,-0.146229953,1.349368930,-0.051789597,-0.142921120,0.260073274,1.016152263,0.838842213,0.756775975,0.123386219,0.662243605,-1.232424617,0.057003971,-1.244662285,7.030200481,-7.696995735
273,5459.992,1786880119561.439,14907379.374,0.000000000,-2.708963633,-2.570507765,-0.866288424,0.503511906,-0.058095410,0.439149082,-0.802790880,0.220911518,-1.631773591,1.574815989,1.460471272,1.634119272,-0.921574175,0.271347612,0.111397311,1.695490479,0.534945071,-0.190129936,0.315187007,1.040170431,0.778222680,-0.151287943,-0.079841197,0.788325310,-1.335415006,-1.461313486,-1.273540258,6.264666080,-6.390643120
274,5479.993,1786880119581.439,14907399.374,0.000000000,-2.508147717,-2.403621674,-1.287950516,0.290469319,-0.139530823,0.863677680,-0.707250834,0.275245845,-2.211199522,1.764281869,1.631831288,1.311101913,-0.608658552,0.178718954,0.358868182,2.203712225,1.046005368,-0.223606825,0.331887811,1.096927524,0.800645530,-0.893407166,-0.322046340,0.836908102,-1.515828848,-2.772876978,-1.367918730,5.674998760,-5.489905357
275,5499.994,1786880119601.441,14907419.376,0.000000000,-2.420450211,-2.357168674,-1.422866225,0.257435352,-0.188970670,0.537601948,-0.667485416,0.336013228,-2.407832384,1.795899749,1.766701341,1.003601670,-0.086885706,0.153307065,0.408462733,2.889101028,1.447674751,-0.272470236,0.403771639,1.184663534,0.961795270,-1.338396668,-0.252992421,0.805531681,-1.580657363,-3.585040808,-1.317463994,5.501372337,-4.780193329
276,5519.993,1786880119621.440,14907439.375,0.000000000,-2.293360710,-2.499122620,-1.252980947,0.269999653,-0.157244489,0.099376827,-0.638042629,0.342154354,-2.029532671,1.813765764,1.833978295,0.932671607,0.376677960,0.183861181,0.403283745,3.376200676,1.520447135,-0.345920235,0.458809942,1.305696487,1.101965189,-1.538574338,-0.236005262,0.820218444,-1.650919557,-3.916751146,-0.852464437,5.706763744,-4.145827293
277,5539.993,1786880119641.440,14907459.375,0.000000000,-2.392846584,-2.593595266,-1.445900083,0.162053883,-0.082041308,-0.288185269,-0.597028553,0.222563073,-1.560767174,1.816105485,1.934969425,0.926947176,0.913074374,0.270540178,0.341622531,3.652015686,1.429278135,-0.422923923,0.519953668,1.575190902,1.350702643,-1.483966708,-0.200172752,0.853880346,-1.651578784,-3.830703974,-0.341736346,6.050112247,-3.826414585
278,5559.992,1786880119661.439,14907479.374,0.000000000,-2.686547756,-2.635975838,-1.616257071,0.002650937,-0.084740683,-0.568838894,-0.745514512,0.081384316,-1.297997832,1.731242299,2.083992720,1.132057071,1.215343475,0.362874687,0.295689970,3.633534908,1.123426199,-0.476126164,0.556317389,1.709160328,1.644434690,-1.388459802,-0.219955817,1.001715422,-1.599101901,-3.589221478,0.067881174,6.226845741,-3.888772964
279,5579.993,1786880119681.440,14907499.375,0.000000000,-3.273452759,-2.650044441,-1.752461791,-0.167858467,0.128149822,-0.359734625,-0.928365290,-0.155604407,-1.862560272,1.618060827,2.186855555,1.483763337,1.459669948,0.516333878,0.161618426,3.338306427,0.810031116,-0.506540775,0.562114716,2.133936405,1.969136238,-1.437758803,-0.301758021,1.081640720,-1.553018212,-3.204874277,0.041046806,6.155105591,-4.231017590
280,5599.999,1786880119701.446,14907519.381,0.000000000,-0.557915270,-1.188401222,1.674558401,-0.299567878,0.928418398,1.188541651,0.583554327,-0.316069365,-0.116634354,2.488854408,1.050743341,0.404060662,0.202700719,-0.035063792,1.625430107,2.002163649,-1.486016512,-0.534948766,-0.316300541,1.902850986,0.055796575,0.373145223,1.338768005,0.809505820,-1.045215487,-1.769831657,-0.578544140,4.097244263,-2.926887989
281,5619.997,1786880119721.444,14907539.378,0.000000000,-0.301515520,-1.261570573,2.696691751,-0.018131675,0.762253046,-0.225974411,0.626741230,-0.254215062,0.374578208,1.877455235,0.834322214,0.619564891,-0.529787183,-0.093285277,2.041087627,0.708704233,-1.242958665,-0.373589247,-0.349173248,1.438357472,-0.592492461,1.315578461,1.231163144,0.890803576,-1.162877083,-0.745163083,-1.143892765,2.933955908,-2.821689367
282,5640.000,1786880119741.447,14907559.382,0.000000000,-0.981680274,-1.199728251,1.985447288,0.077425465,0.633438349,-1.662361622,0.493378669,0.148008779,0.729533255,1.468327641,0.605728149,0.708150983,-0.572100163,-0.277822077,1.771290660,-0.200454354,-0.839717388,-0.306433231,-0.383153290,1.347937226,-0.850301564,1.101876259,1.242121816,0.940214217,-1.216210246,-0.303222030,-1.640503645,1.939898252,-2.165029287
283,5659.994,1786880119761.441,14907579.376,0.000000000,-1.221176028,-1.569061518,2.295021534,0.710836112,0.770993233,-2.208655596,-0.060135320,-0.263766706,0.823213995,1.248708487,0.933537781,0.350372553,-1.028898835,-0.220254660,1.029343605,-0.528463364,-0.425779194,-0.479309946,-0.310464472,1.372219682,-1.015146017,0.212968722,1.244573712,1.031105399,-1.447183967,-0.173179075,-2.295684099,1.817260504,-2.368392944
284,5679.994,1786880119781.441,14907599.376,0.000000000,-0.810592830,-1.446127176,2.982907772,1.451918364,0.462881505,-1.545559406,-0.293067992,-0.640848637,0.419049650,0.479082733,1.586320639,0.117432043,-1.945375800,-0.168993384,0.166647524,-1.078447938,-0.411906004,-0.688991070,-0.471179307,1.179621220,-1.023275852,-0.647179484,0.825454950,1.222415924,-1.236963391,0.072480470,-2.648510933,1.073496342,-2.478226900
285,5699.993,1786880119801.439,14907619.374,0.000000000,-0.335002899,-1.343543649,2.616197586,1.776072145,0.304223180,-0.119692177,0.639283001,-0.283064991,-0.528231084,-0.584352970,1.351803660,-0.372343600,-2.043657064,0.023113947,-0.637605250,-1.288394570,0.178203925,-0.887324154,-0.598276198,0.640606344,-0.598624885,-1.484544277,0.525746644,1.214678526,-1.068163037,-0.402560681,-3.104292870,0.378363192,-2.477040052
286,5719.992,1786880119821.439,14907639.374,0.000000000,1.434126854,-1.306018233,2.015949965,0.930771649,0.182799682,1.596812844,1.451638341,0.635507107,-1.680389166,-0.452040523,0.191096440,-0.907723844,-2.067257166,2.012832165,-0.762431443,-1.591148138,0.316128284,-1.097759128,-0.762404561,-0.356427759,-0.263651520,-3.064599991,0.292849451,1.359207869,-0.546845198,-0.801529050,-3.485338449,0.131320804,-2.178931475
287,5739.993,1786880119841.439,14907659.374,0.000000000,2.369281054,-1.847596407,1.500862479,-0.834766269,0.786424637,1.701892138,1.184674621,2.107413054,-1.189517379,0.712863386,-1.373749137,-1.906309247,-1.764741182,3.216742516,0.618121624,-1.313937783,0.345922232,-1.183890462,-0.686975777,-1.094274879,-0.528312087,-4.178344250,0.666165829,1.449082136,-0.568272829,-0.930523574,-4.162059307,0.586206675,-1.559547424
288,5759.992,1786880119861.439,14907679.374,0.000000000,2.313305616,-1.791604877,1.338992834,-2.002103806,1.493920326,1.201092005,1.098344922,2.697523832,-1.341503739,1.201375604,-2.753639936,-2.068860531,-1.505166888,3.672034025,2.521684647,-0.823192954,0.276982427,-0.676027715,-0.706399441,-0.846074462,-0.617445886,-4.394514561,0.749191642,1.336205482,-0.890931547,-0.612208486,-4.706648827,1.657839060,-0.342475325
289,5779.993,1786880119881.440,14907699.375,0.000000000,1.564986944,-1.371573210,0.930208027,-2.231330633,1.379768014,0.184690922,0.624137700,2.460635424,-1.630266547,2.022955179,-2.356395483,-2.110570908,-1.102663398,3.055606365,2.369443893,-0.329684049,-0.089443222,-0.548180699,-0.124362148,-0.657907903,-0.584395766,-4.275703907,1.043966055,1.084105492,-1.059588313,-0.583405733,-5.281620502,2.498553514,0.163246050
290,5799.992,1786880119901.439,14907719.374,0.000000000,1.148513079,-0.983944595,0.551330388,-2.045492887,1.700322390,-0.814453423,0.490351707,2.336233139,-2.048081636,1.688131928,-2.216318130,-2.253453732,-1.047119737,2.649749279,1.883403063,-0.389524460,-0.430420667,-0.619288921,0.061589859,-0.522363782,-0.706742227,-4.373236656,1.288341999,0.769139409,-1.152405500,-0.383017868,-6.110245228,2.492598534,0.529988587
291,5819.994,1786880119921.441,14907739.376,0.000000000,0.578799605,0.136757553,0.696831822,-1.727864981,1.352329016,-0.489684016,0.284689337,2.124076605,-2.734509706,1.135368943,-1.562918067,-1.957841277,-1.295013309,2.298856020,1.221717358,-0.619085789,-0.712761462,-0.762983263,0.163107604,-0.374674261,-0.705489814,-3.995072603,1.292649984,0.600580215,-1.169818997,-0.172568783,-6.546605587,1.902594090,0.406638324
292,5839.994,1786880119941.440,14907759.375,0.000000000,-0.533248663,0.391531527,1.748625636,0.185240775,-0.015378268,0.480978042,-0.569223404,0.297508091,-2.396034002,0.694099784,1.696256757,-0.992649972,-1.681216478,0.929995298,0.375754029,-1.068417549,-0.996510446,-0.654385149,-0.057146706,-0.368012637,-0.414283514,-3.245447874,0.855821311,0.367130131,-1.191172957,-0.281065702,-6.288464546,0.912297130,-0.196001157
293,5859.995,1786880119961.442,14907779.377,0.000000000,-1.164762855,0.423195899,2.174565077,0.627150118,-0.670271516,0.665778697,-0.766968966,0.406113356,-2.147746563,0.572415590,2.249474287,-0.377255738,-1.615202546,-0.248687238,-0.106417850,-1.324295163,-0.917628944,-0.248497009,-0.186180681,-0.581733704,-0.079262644,-2.956644773,0.552673578,0.320935726,-0.891842186,-0.762059093,-5.417479038,-0.000197943,-1.056139350
294,5879.994,1786880119981.441,14907799.376,0.000000000,-0.870766819,0.292080700,2.230885029,0.290831804,-0.750905156,0.669287205,-0.372785568,0.276759177,-1.781752586,0.170212537,1.890436530,-0.097633004,-1.470514178,-0.497237444,-0.370066613,-1.531105518,-0.869941711,-0.254861891,-0.180254847,-0.977554142,0.034787606,-3.151386499,0.470252663,0.430245936,-0.651092529,-0.932321966,-4.605365753,-0.487758696,-1.791187048
295,5899.994,1786880120001.441,14907819.376,0.000000000,0.539657474,-0.648826540,2.246790648,-0.219805539,-0.572465777,0.423492223,0.338968545,-0.072378740,-1.126584768,0.509824693,0.818254709,-0.218138441,-1.381165624,-0.185248762,-0.392945230,-1.561768413,-0.811005771,-0.525202036,0.152610213,-1.482569575,0.138079941,-3.219120979,0.501483142,0.441457301,-0.423107773,-0.679363370,-4.151162148,-0.697130620,-2.239143848
296,5919.993,1786880120021.440,14907839.375,0.000000000,1.630045533,-1.587892294,1.311184645,-0.736269176,-0.197696730,0.573627055,0.615134180,-0.642045498,-0.262611061,0.977291942,0.125070482,-0.830390334,-0.967349112,0.628644347,-0.646597207,-1.447505116,-0.476011842,-0.589761198,0.290958077,-1.717510343,0.118753910,-3.359561682,0.550945878,0.390173346,-0.345447034,-0.330289751,-4.069056988,-0.609687686,-2.048240662
297,5939.993,1786880120041.440,14907859.375,0.000000000,2.355121136,-2.054370403,0.032902423,-1.022864580,0.083526209,1.031703234,0.352807313,-0.666277230,0.513583839,1.032646418,-0.142754719,-1.488577962,-0.425764620,1.361594558,-1.001378298,-1.364545465,-0.328447431,-0.534895062,0.188964158,-1.746514201,-0.037448425,-3.129662514,0.754569888,0.358367205,-0.558985174,0.031564269,-4.274415016,-0.190162897,-1.624482512
298,5959.993,1786880120061.440,14907879.375,0.000000000,1.935118675,-1.640930772,-1.177040577,-0.786355972,-0.201235756,0.757318676,-0.004886704,-0.918487430,0.824665368,1.297305942,-0.005908828,-1.932057261,0.376866907,2.165547848,-0.102874525,-0.628488064,-0.720252514,-0.607995868,0.024553262,-1.260025263,0.136681467,-2.291472435,0.978821039,0.262241423,-0.918290854,-0.142231226,-4.377526283,0.275709957,-1.178993225
299,5979.994,1786880120081.440,14907899.375,0.000000000,0.954132557,-0.767586470,-1.230186105,-0.327171355,-0.517424285,-0.110982537,-0.300259024,-1.080952048,0.313822359,1.228996396,0.814303339,-1.585629940,0.746524572,2.568661690,0.195144787,-0.075198866,-1.414018869,-0.694073677,-0.001330703,-0.822546721,0.287234575,-1.588808537,1.210754991,0.237340957,-1.122043252,-0.642586350,-4.365014076,0.729631543,-0.811273038
300,5999.993,1786880120101.440,14907919.375,0.000000000,0.792654037,-0.772243559,-0.407907575,-0.200487837,-0.834094048,-0.402206510,-0.642266095,-0.893725693,-0.441479146,1.066377878,1.056113362,-1.011615276,0.518267035,2.834464550,0.127101496,0.058372431,-1.556740642,-0.954416931,-0.075229496,-0.630533814,0.148762032,-1.404624701,1.254896522,0.295684129,-1.039049268,-1.185916305,-4.262442112,0.965285778,-0.580298126
301,6019.993,1786880120121.440,14907939.375,0.000000000,0.315973997,-0.157316878,0.293881059,-0.054404251,-1.154223680,-0.390043259,-0.570800126,-0.247015476,-0.937275231,0.949826300,1.210060000,-0.749666989,-0.156959876,2.847406149,0.673789322,0.060464732,-1.420425773,-1.080474973,-0.252558261,-0.670911372,0.120836377,-1.473407507,0.807180464,0.472735703,-1.008160710,-1.751466513,-4.083508492,1.226425767,-0.521666408
302,6039.994,1786880120141.441,14907959.376,0.000000000,-0.174789459,0.383327544,0.585147262,0.279101282,-1.381648540,-0.327866763,-0.562985063,0.306313485,-0.560787618,0.937177181,1.170676589,-0.880451202,-0.936793923,2.360423565,1.158413410,0.159420878,-1.347339272,-0.902580619,-0.392192662,-0.671324909,0.221839786,-1.414021492,0.055276841,0.741613746,-0.988588810,-2.256762028,-3.948233843,1.385191560,-0.683014691
303,6059.996,1786880120161.443,14907979.378,0.000000000,-0.614085197,0.568375170,1.223612905,0.916672409,-2.187634230,-1.085932374,-1.172564387,1.099530816,0.113040447,2.047528267,0.786345601,-0.941540182,-1.576549053,-0.232041270,1.920105934,0.439284146,-0.846590221,-0.251008123,-0.724309862,-0.576911867,0.434630394,-1.075601459,-0.552207291,0.799516439,-0.868838787,-2.517537594,-3.969464302,1.692351103,-0.954522431
304,6079.993,1786880120181.440,14907999.375,0.000000000,-0.913795173,0.628965080,1.592250586,1.312834382,-2.118402243,-1.445104957,-1.584656119,1.555197120,0.412896544,2.468817711,0.826124787,-1.216873407,-2.072304726,-1.196224570,2.453875303,0.701735497,-0.598121941,0.138192490,-0.910154462,-0.486191720,0.576769173,-0.587900877,-0.960567057,0.811344385,-0.907712579,-2.613747358,-4.205340862,2.096494198,-1.230864644
305,6099.996,1786880120201.443,14908019.378,0.000000000,-1.155109644,0.606922328,1.544234633,1.402979493,-1.631489992,-1.634734750,-1.329991937,1.433495879,0.273465067,2.108984709,1.276163816,-1.722041965,-2.274957418,-1.353362918,2.459142208,0.901955843,-0.522079885,0.179676488,-0.875008285,-0.397017509,0.559781611,-0.449631125,-1.223686576,0.739139676,-0.880726457,-2.472103596,-4.321179867,2.351001501,-1.514823318
306,6119.994,1786880120221.441,14908039.376,0.000000000,-1.168860674,0.613311946,1.286662698,1.137718201,-0.859045684,-1.121420383,-0.418455005,0.471662313,-0.036396071,1.408928037,1.865477920,-2.139088392,-2.253376484,-0.928596616,2.262546301,1.072348952,-0.600803435,0.015828278,-0.448635936,-0.376701027,0.538609445,-0.391854703,-1.470147252,0.626317978,-0.780857742,-2.327371836,-4.246110916,2.496100903,-1.893256307
307,6139.995,1786880120241.442,14908059.377,0.000000000,-0.940526247,0.484146893,1.020414472,0.962546468,-0.293902338,-0.543188691,0.269219995,-0.345504612,-0.456782192,0.616842389,2.142540693,-2.614405632,-2.173740149,0.920137763,1.778217673,1.443519115,-0.946275651,-0.133897305,0.019302733,-0.397235990,0.545606792,-0.547680378,-1.712994933,0.613917828,-0.679108977,-2.226217031,-4.111430168,2.779895306,-2.446645498
308,6159.995,1786880120261.441,14908079.377,0.000000000,-0.618741333,0.113136619,0.918572247,0.681529760,-0.015322493,-0.177047983,0.733277619,-0.752786160,-0.673332095,0.057035755,2.102967978,-2.547497034,-1.845856786,2.942232370,1.119094372,1.595165968,-1.400008202,-0.056048680,0.280440152,-0.587188900,0.579858303,-0.383561373,-1.543832183,0.578377664,-0.706075609,-2.170987368,-4.073900223,3.280467272,-3.092078924
309,6179.993,1786880120281.440,14908099.375,0.000000000,-0.677358210,-0.036704838,0.688725054,0.668853045,-0.355156124,-0.085382715,0.063720003,-0.934603035,-0.665636241,0.343608856,2.235750914,-2.716265917,-1.851366162,2.489187241,0.681204557,1.805146337,-1.857726812,0.049513515,0.366329283,-0.436757922,0.380287260,-0.561038375,-1.275675774,0.630316615,-0.719593525,-2.223680496,-3.747178793,3.472179174,-3.710840225
310,6199.993,1786880120301.440,14908119.375,0.000000000,-0.571405590,0.095923766,0.562059462,0.633664012,-0.415008992,0.335286438,-0.104815543,-0.791607916,-0.505904973,0.644651115,2.245108366,-3.104231358,-1.943418384,2.407862902,0.961624086,1.976949930,-2.187499762,-0.023730490,0.295068264,-0.250776082,0.214500293,-0.963313222,-0.916740477,0.688278973,-0.728395939,-2.465879202,-3.431827784,3.516653776,-4.251269817
311,6219.993,1786880120321.440,14908139.375,0.000000000,-0.635410309,0.226335347,0.506753147,0.481722444,-0.439681202,0.607472897,0.114820093,-0.668211758,-0.380446225,0.974797964,2.180241823,-3.325160503,-1.914805055,2.070213318,1.125698209,2.107151031,-2.291440010,-0.109819770,0.231627464,-0.095925234,0.116696313,-1.383811831,-0.827491939,0.707013130,-0.815649688,-2.812357187,-3.324865580,3.676133871,-4.666221619
312,6239.994,1786880120341.441,14908159.376,0.000000000,-0.694960713,0.179056838,0.454666734,0.367075652,-0.395987511,0.963609576,0.347965807,-0.618308425,-0.453358978,1.184589982,2.069354534,-3.403805971,-1.991099000,1.668388009,1.049666286,2.078154802,-2.189122438,-0.095083505,0.222411394,-0.031314436,0.020190250,-1.588050008,-0.960697651,0.762629211,-0.855132401,-3.137894630,-3.266194582,3.926563263,-5.020045280
313,6259.993,1786880120361.440,14908179.375,0.000000000,-0.831759155,0.119273111,0.470550299,0.192417741,-0.358558267,0.855042458,0.530784428,-0.673006952,-0.646891654,1.376863360,1.895256519,-3.603323221,-2.040022850,0.949181914,1.065775990,2.134018660,-2.107017756,0.005202617,0.226189882,-0.033450905,-0.011622537,-1.796701550,-1.114292741,0.792904735,-0.872040987,-3.338007450,-3.192569494,4.220415592,-5.173435211
314,6279.992,1786880120381.439,14908199.374,0.000000000,-0.939275026,0.152642414,0.467821330,0.084829137,-0.330628872,0.547928691,0.693673313,-0.697677195,-0.803166091,1.499032140,1.897840023,-3.565827370,-2.137195587,0.364771575,1.209625006,2.079699993,-2.041998148,-0.053685877,0.216530979,-0.014884626,-0.072053984,-1.774693370,-1.359332919,0.784454703,-0.912339807,-3.497488737,-3.143587112,4.615357399,-5.232039452
315,6299.994,1786880120401.441,14908219.376,0.000000000,-0.921885490,0.189216420,0.354607046,0.039499268,-0.328310341,0.285586387,0.633209825,-0.572991431,-0.748745978,1.675661445,1.814550877,-3.528878450,-2.092647076,-0.024178434,1.374534607,2.033981562,-2.064331532,-0.075267553,0.156170666,-0.082504861,-0.075829729,-1.558355212,-1.417068839,0.695643723,-0.887675107,-3.504478693,-3.009155035,4.976269722,-5.168494225
316,6319.992,1786880120421.439,14908239.374,0.000000000,-0.908015549,0.256546915,0.231690586,0.024225643,-0.398062557,0.101845816,0.544944644,-0.433670372,-0.673321545,1.720285416,1.708420873,-3.396490812,-1.757364154,-0.216966361,1.501386404,1.941100478,-2.034211874,-0.080688536,0.122337066,-0.202296346,-0.005551714,-1.262776971,-1.140327334,0.677534699,-0.949920893,-3.478804350,-2.866822958,5.237323761,-5.100481987
317,6339.994,1786880120441.441,14908259.376,0.000000000,-0.915202081,0.289376497,0.244452477,0.004704287,-0.385529220,-0.088229865,0.594868124,-0.317697197,-0.517477334,1.670345902,1.635378242,-3.119262934,-1.575992703,-0.173913389,1.508036017,1.823572278,-2.024659634,-0.104782045,0.084310710,-0.305982858,0.038127195,-0.942007959,-1.076332331,0.671597362,-0.982749104,-3.428773642,-2.680490494,5.364123821,-4.878362179
318,6359.994,1786880120461.441,14908279.376,0.000000000,-0.910465896,0.258726060,0.362170696,-0.044227824,-0.363878310,-0.315042108,0.686583102,-0.310532510,-0.605381489,1.561026096,1.572466850,-3.072270155,-1.616199851,-0.110895231,1.551458240,1.874416590,-2.054621220,-0.182484567,0.047920786,-0.291618675,0.018942606,-0.935711265,-1.148832917,0.678948939,-1.002886891,-3.344159365,-2.516006231,5.563535690,-4.828716278
319,6379.997,1786880120481.444,14908299.379,0.000000000,-0.962855756,0.250733376,0.398895115,-0.103277996,-0.274113178,-0.363888979,0.753777921,-0.413134217,-0.671648324,1.569867492,1.629265904,-3.206668615,-1.612090468,-0.090308040,1.746474743,1.962116122,-2.096277714,-0.229179680,0.049494870,-0.221004441,-0.050552119,-1.016516685,-1.128991365,0.696252108,-1.011468768,-3.325931072,-2.401595116,5.659919262,-4.756843090
320,6399.997,1786880120501.444,14908319.379,0.000000000,-0.945353210,0.185651734,0.356125653,-0.167833194,-0.192765996,-0.406707972,0.803745329,-0.518365920,-0.612796903,1.551053166,1.613357782,-3.208894491,-1.648301959,-0.016758863,1.681775331,1.954977393,-2.088839769,-0.254117697,0.082759418,-0.252916217,-0.034143884,-0.948373914,-1.088353515,0.691572011,-1.028457761,-3.369776249,-2.368132591,5.792850494,-4.703197479
321,6419.994,1786880120521.441,14908339.376,0.000000000,-0.909605861,0.040950581,0.353419483,-0.203368530,-0.154793575,-0.522209942,0.871738017,-0.639445186,-0.600439727,1.539457202,1.559493661,-3.225322008,-1.646678686,0.095356762,1.399895668,1.929775715,-2.105027676,-0.270456493,0.127584994,-0.274696022,0.004603352,-0.922770917,-1.036144972,0.675435185,-1.049648523,-3.402487993,-2.374430180,5.962153912,-4.662713051
322,6439.996,1786880120541.443,14908359.378,0.000000000,-0.895472169,-0.048848405,0.354551941,-0.230525598,-0.131369188,-0.601806879,0.880621731,-0.781975031,-0.597705722,1.529588103,1.617779374,-3.211070538,-1.724607587,0.197654307,1.199636459,1.899150729,-2.124096155,-0.273286313,0.158994079,-0.277972788,-0.005804468,-0.893003583,-1.069609046,0.678670168,-1.075781703,-3.433558464,-2.392545223,6.097708702,-4.592431068
323,6459.998,1786880120561.444,14908379.379,0.000000000,-0.878249526,-0.108170435,0.325129032,-0.236712188,-0.104676798,-0.614761949,0.878105223,-0.871708035,-0.604044020,1.550977230,1.643543959,-3.204667807,-1.721760511,0.260254711,1.025610209,1.884854674,-2.130029202,-0.271642476,0.175382823,-0.299704403,-0.026309494,-0.895728230,-1.052953362,0.665408373,-1.084085464,-3.501442194,-2.440392733,6.209681034,-4.511210442
324,6479.997,1786880120581.444,14908399.379,0.000000000,-0.843299508,-0.189859241,0.317341417,-0.259289980,-0.085257962,-0.769012511,0.930845618,-0.922415376,-0.687288225,1.588608027,1.682641149,-3.257286310,-1.793299794,0.359912634,0.861022830,1.888159394,-2.191371441,-0.258510530,0.174144477,-0.279188722,-0.097470596,-0.941171408,-1.176774859,0.678868413,-1.044685364,-3.524668932,-2.517863512,6.363326073,-4.436562538
325,6499.997,1786880120601.444,14908419.379,0.000000000,-0.830126405,-0.232574821,0.314703286,-0.251325816,-0.071029380,-0.908982635,0.924909890,-0.947462976,-0.760744095,1.637425065,1.708361149,-3.229631901,-1.932162881,0.432063162,0.777624726,1.853022456,-2.251487255,-0.245362550,0.172820270,-0.284054607,-0.175186872,-0.976665020,-1.289014697,0.678857923,-1.034453750,-3.537095070,-2.579201460,6.457932472,-4.379441261
326,6519.994,1786880120621.441,14908439.376,0.000000000,-0.828122079,-0.217725366,0.332738757,-0.264468282,-0.093076214,-0.914392889,0.921464026,-0.977285087,-0.982347310,1.681479931,1.647081256,-3.481255293,-2.064600706,0.447662205,0.671348035,1.932224274,-2.318684578,-0.245102018,0.174806863,-0.203258783,-0.259892970,-1.209175467,-1.427429557,0.696475625,-1.009655952,-3.520758390,-2.650119543,6.537015915,-4.329166412
327,6539.994,1786880120641.441,14908459.376,0.000000000,-0.842475891,-0.192455858,0.323850811,-0.286845565,-0.105877921,-0.837894022,0.930327117,-0.955112219,-1.042936802,1.722386360,1.632889032,-3.520210505,-2.115005493,0.438873887,0.598377347,1.962680697,-2.328887701,-0.244204074,0.155765325,-0.168490827,-0.293608576,-1.241571188,-1.453325391,0.681648731,-1.007446289,-3.466800451,-2.701014757,6.627426624,-4.267185688
328,6559.992,1786880120661.439,14908479.374,0.000000000,-0.894149601,-0.190074697,0.337640315,-0.286611289,-0.140477315,-0.739328325,0.934135258,-0.930681288,-1.014555812,1.704973340,1.634309888,-3.469250202,-2.113760710,0.476531148,0.531398535,1.955503702,-2.295875072,-0.232803315,0.141447365,-0.168534070,-0.281180352,-1.232085586,-1.385234118,0.695896387,-1.044145703,-3.358968496,-2.715446234,6.706048489,-4.208536148
329,6579.992,1786880120681.439,14908499.374,0.000000000,-0.884482920,-0.199085951,0.303168118,-0.281469345,-0.155097649,-0.591426253,0.915667593,-0.916142762,-0.944449246,1.672110438,1.622777820,-3.346381664,-2.047186852,0.528310359,0.428339988,1.916636348,-2.234391212,-0.228889048,0.135495424,-0.209298953,-0.248064324,-1.173103333,-1.291767716,0.710381508,-1.056617856,-3.273918390,-2.733636618,6.800425053,-4.125991821
330,6599.995,1786880120701.442,14908519.377,0.000000000,-0.869115591,-0.230512828,0.285754949,-0.289758384,-0.188414291,-0.409955919,0.896409571,-0.925863802,-0.847665727,1.647973895,1.604103923,-3.318781853,-1.907252908,0.580112755,0.302626699,1.913885951,-2.106654167,-0.229511380,0.132278264,-0.220102802,-0.181789115,-1.184252620,-1.129452825,0.699722528,-1.053467155,-3.230401754,-2.768970251,6.874040604,-4.081407547
331,6619.992,1786880120721.439,14908539.374,0.000000000,-0.833618820,-0.266035438,0.252357453,-0.308703661,-0.214844480,-0.248810977,0.863653541,-0.932440460,-0.760201395,1.616783500,1.616313100,-3.337438583,-1.848140836,0.646179616,0.187014058,1.950533032,-2.088368416,-0.224375576,0.128936082,-0.232062772,-0.144950464,-1.162849784,-1.025624156,0.663930833,-1.031744957,-3.164703608,-2.797373533,6.955965042,-4.061913490
332,6639.992,1786880120741.439,14908559.374,0.000000000,-0.813699067,-0.308350086,0.244717866,-0.342856795,-0.227460131,-0.189512938,0.862623990,-0.955838859,-0.826244891,1.606407762,1.599010110,-3.511211157,-1.893666387,0.704349995,0.123023301,2.001428604,-2.127336502,-0.217982322,0.124126293,-0.179617763,-0.178304359,-1.294978619,-1.132433295,0.641187787,-1.026241422,-3.099030733,-2.844459772,7.004122257,-4.051048279
333,6659.995,1786880120761.442,14908579.377,0.000000000,-0.787706733,-0.326483428,0.259222776,-0.353884757,-0.228767708,-0.139401376,0.876123846,-0.958767116,-0.861973107,1.626268983,1.562649846,-3.613563776,-1.955941916,0.745117068,0.056251854,2.042937279,-2.118220568,-0.209620982,0.120382689,-0.135227889,-0.203996912,-1.381697297,-1.228679180,0.631814122,-1.020328164,-3.032284260,-2.905471563,7.053771973,-4.035721779
334,6679.994,1786880120781.441,14908599.376,0.000000000,-0.774645865,-0.357121587,0.244436115,-0.344025970,-0.221972868,-0.140646845,0.868088663,-0.940937102,-0.921933889,1.642785668,1.578165412,-3.635079145,-2.064502954,0.817677736,0.008823520,2.115251064,-2.195810556,-0.197898075,0.107552692,-0.087685771,-0.296895504,-1.396641374,-1.375049472,0.624074936,-0.995602131,-2.924707651,-2.982165575,7.117580891,-4.036592960
335,6699.995,1786880120801.442,14908619.377,0.000000000,-0.809990585,-0.375939727,0.237762868,-0.335055351,-0.234123871,-0.190876216,0.866922557,-0.947741449,-0.949452877,1.626542211,1.550531268,-3.565267324,-2.144667864,0.840103269,-0.042727679,2.107350826,-2.279650211,-0.183546945,0.101330698,-0.072500072,-0.378824741,-1.368201375,-1.454566598,0.622277021,-1.001197219,-2.833753824,-3.059946775,7.177091122,-3.995594025
336,6719.993,1786880120821.440,14908639.375,0.000000000,-0.875549555,-0.355521977,0.285487682,-0.345942795,-0.274906874,-0.184807867,0.853891194,-0.946569979,-0.938057303,1.582251310,1.534130812,-3.477896452,-2.124712706,0.799702168,-0.129814148,2.116015434,-2.266874790,-0.172600865,0.103759781,-0.080084562,-0.364267886,-1.327671409,-1.404660583,0.613780439,-1.007370114,-2.774336576,-3.112373114,7.262474060,-3.951128244
337,6739.995,1786880120841.442,14908659.377,0.000000000,-0.890618861,-0.335941017,0.304828614,-0.360730797,-0.294366091,-0.169642508,0.858093679,-0.918261230,-0.967987776,1.580523252,1.479378223,-3.511900663,-2.191735983,0.738577485,-0.232238784,2.124869585,-2.272371531,-0.171692491,0.099234007,-0.067232415,-0.375956476,-1.357668996,-1.444724083,0.614054918,-1.023087621,-2.743600607,-3.161248922,7.355293751,-3.920713425
338,6759.996,1786880120861.443,14908679.378,0.000000000,-0.893914700,-0.317122042,0.312162668,-0.367808551,-0.316152036,-0.126204893,0.846440315,-0.882705271,-0.924581170,1.591981053,1.434358001,-3.492988348,-2.172091246,0.688245833,-0.311492860,2.114600658,-2.254456997,-0.170765162,0.087381952,-0.093795352,-0.346142918,-1.345979810,-1.381946683,0.605761170,-1.035374045,-2.743539095,-3.184714079,7.444745541,-3.903501749
339,6779.990,1786880120881.437,14908699.372,0.000000000,-0.860861123,-0.392135382,0.295856297,-0.357555568,-0.292990237,-0.159165338,0.829710543,-0.794292629,-0.838541567,1.630978703,1.431809783,-3.380314112,-2.176468134,0.655782580,-0.270547748,2.039266825,-2.281433105,-0.175193772,0.050996631,-0.122277461,-0.344693959,-1.298210263,-1.336666703,0.612783670,-1.046547055,-2.730621099,-3.179975033,7.428716183,-3.886569500
340,6799.996,1786880120901.443,14908719.378,0.000000000,-0.893748283,-0.379209757,0.310726494,-0.337498188,-0.322144926,-0.212035164,0.809160709,-0.767557025,-0.777687848,1.625223160,1.419075370,-3.322443724,-2.180974245,0.624411225,-0.266784430,2.007039785,-2.283770561,-0.170011148,0.042483643,-0.141663432,-0.329124838,-1.263580680,-1.321913838,0.597650647,-1.057720661,-2.731802225,-3.166568518,7.410464287,-3.899284840
341,6819.994,1786880120921.441,14908739.376,0.000000000,-0.897347271,-0.340807319,0.307169139,-0.330619723,-0.357766062,-0.284226269,0.804012597,-0.730159402,-0.815646231,1.612088323,1.404139280,-3.428388357,-2.226471663,0.621863127,-0.247249141,2.057886600,-2.335748672,-0.163709104,0.026782230,-0.117648356,-0.344941676,-1.345810533,-1.367944479,0.583445549,-1.040611386,-2.755401134,-3.174703836,7.389277458,-3.900128126
342,6839.992,1786880120941.439,14908759.374,0.000000000,-0.889795244,-0.361359060,0.298092514,-0.307393342,-0.371792674,-0.364583999,0.776973605,-0.689714968,-0.760669708,1.593590617,1.364568949,-3.370636702,-2.201431513,0.604612648,-0.294552594,2.042945623,-2.312510490,-0.163516223,0.028331533,-0.129437223,-0.331547529,-1.297310352,-1.347869992,0.582646847,-1.041330218,-2.752633572,-3.165771723,7.403666973,-3.871633768
343,6859.994,1786880120961.441,14908779.376,0.000000000,-0.884199440,-0.368088365,0.312291622,-0.281295240,-0.384214640,-0.377689928,0.745061040,-0.630445123,-0.679345429,1.600490332,1.332999110,-3.281655550,-2.193804026,0.596197844,-0.336618930,2.014396906,-2.266268253,-0.162998587,0.025197119,-0.149534106,-0.288958400,-1.222601414,-1.312955618,0.572130501,-1.028918386,-2.752956390,-3.174625158,7.455447674,-3.884397507
344,6879.992,1786880120981.439,14908799.374,0.000000000,-0.922120631,-0.360242784,0.361062318,-0.273111403,-0.414208174,-0.382688880,0.737240195,-0.579535007,-0.664157569,1.625037432,1.231757522,-3.321930170,-2.239419699,0.496271402,-0.408066720,2.066451073,-2.268570900,-0.166233763,0.028837435,-0.131400183,-0.258412778,-1.235632300,-1.320366025,0.564206719,-1.040728450,-2.735615253,-3.173970938,7.522797108,-3.934278488
345,6899.993,1786880121001.440,14908819.375,0.000000000,-0.964623094,-0.344618857,0.377512574,-0.259727031,-0.459010065,-0.341566682,0.709182799,-0.523725212,-0.616023719,1.630406499,1.167847514,-3.318017721,-2.243941069,0.424224705,-0.496939629,2.092337132,-2.258447170,-0.167130828,0.021196179,-0.126797453,-0.235603049,-1.227589488,-1.274409294,0.547787547,-1.050077558,-2.727451563,-3.170080900,7.604519367,-3.973131895
346,6919.993,1786880121021.440,14908839.375,0.000000000,-0.990603626,-0.355884910,0.376156092,-0.233081222,-0.494029403,-0.296909034,0.673548996,-0.473544240,-0.538355768,1.615973234,1.141745329,-3.276561499,-2.239044189,0.409327269,-0.586016476,2.085872173,-2.257877111,-0.162141114,0.008101508,-0.141182005,-0.204023197,-1.197900414,-1.208763480,0.532928228,-1.076783419,-2.717739820,-3.149780035,7.697321892,-3.998362541
347,6939.994,1786880121041.441,14908859.376,0.000000000,-0.993876278,-0.372853398,0.378173262,-0.215156838,-0.516049623,-0.238188565,0.643268585,-0.446548343,-0.470048279,1.606520176,1.118758082,-3.248718977,-2.222121000,0.405308485,-0.655318201,2.087137699,-2.223176956,-0.160527185,-0.004663467,-0.147579372,-0.184655964,-1.182442784,-1.147964478,0.518790185,-1.074933767,-2.727161169,-3.146657467,7.764052868,-4.037093163
348,6959.993,1786880121061.439,14908879.374,0.000000000,-0.997493982,-0.382751703,0.358854830,-0.221067548,-0.539107382,-0.207889229,0.626467228,-0.422100395,-0.464189738,1.615118504,1.101490140,-3.308182955,-2.226631641,0.397069037,-0.734494090,2.108891726,-2.231831312,-0.162334085,-0.010537989,-0.136077285,-0.191821858,-1.229408622,-1.132974029,0.511978686,-1.087801576,-2.718966246,-3.135687113,7.837838173,-4.079431534
349,6979.992,1786880121081.439,14908899.374,0.000000000,-0.982787728,-0.397091091,0.352480888,-0.223648459,-0.551868916,-0.199939147,0.610242784,-0.405929297,-0.456929207,1.625607133,1.112580419,-3.342478037,-2.231771708,0.421564132,-0.789069414,2.112708569,-2.241353512,-0.160204411,-0.021471597,-0.143043786,-0.192715213,-1.265059114,-1.116592765,0.501541138,-1.095661402,-2.714041948,-3.121880770,7.893466473,-4.103864670
350,6999.994,1786880121101.441,14908919.376,0.000000000,-0.980515361,-0.426864207,0.343508661,-0.199258298,-0.569783509,-0.183858231,0.578686953,-0.371402383,-0.463830739,1.619331479,1.081137776,-3.372467518,-2.330023289,0.397710621,-1.093343735,2.146224260,-2.277831078,-0.140413597,-0.016604312,-0.134257019,-0.228007719,-1.290505052,-1.186664343,0.481911868,-1.099101067,-2.707897425,-3.106230974,7.930675507,-4.106941223
351,7019.993,1786880121121.439,14908939.374,0.000000000,-0.996530592,-0.474660814,0.352430552,-0.182228744,-0.587914586,-0.189040661,0.576692522,-0.400756657,-0.507974088,1.652775526,0.995406687,-3.416998148,-2.356719017,0.397901773,-1.066599607,2.139088631,-2.288132906,-0.149154246,-0.017595984,-0.107821614,-0.258116007,-1.299523592,-1.236985087,0.495178550,-1.095053315,-2.666041613,-3.118661165,8.005428314,-4.083155632
352,7039.993,1786880121141.440,14908959.375,0.000000000,-1.015382648,-0.474458814,0.361932635,-0.183714062,-0.585553169,-0.229336649,0.589233816,-0.360171467,-0.571770132,1.678097129,1.010516047,-3.421408415,-2.385432005,0.417351425,-1.016418457,2.188247919,-2.326502800,-0.143620074,-0.044080056,-0.072142191,-0.287300289,-1.294713140,-1.263563275,0.481996864,-1.094904065,-2.631052971,-3.114719391,8.037487984,-4.056157112
353,7059.993,1786880121161.440,14908979.375,0.000000000,-1.039275169,-0.475957811,0.362703085,-0.174586892,-0.574384928,-0.207579494,0.586250067,-0.370425731,-0.590106547,1.674218297,1.030125141,-3.397124290,-2.394503832,0.426346481,-0.993982315,2.187389374,-2.350085258,-0.136023402,-0.057209700,-0.075159796,-0.293479413,-1.275505781,-1.269810677,0.481885225,-1.096273899,-2.603183985,-3.108939886,8.075176239,-4.029606819
354,7079.993,1786880121181.440,14908999.375,0.000000000,-0.986586511,-0.484272182,0.330821157,-0.201321900,-0.551764786,-0.223355532,0.605377853,-0.367413133,-0.565810919,1.693465829,1.043823361,-3.362278700,-2.385643244,0.435878098,-0.993667006,2.160144329,-2.379891634,-0.133075833,-0.068219997,-0.094111189,-0.306381226,-1.256667733,-1.269462824,0.478469700,-1.095931649,-2.586284399,-3.111617804,8.135542870,-3.999804735
355,7099.993,1786880121201.440,14909019.375,0.000000000,-0.991146863,-0.507751167,0.329435766,-0.221435577,-0.528794765,-0.220303684,0.609847367,-0.393137395,-0.580117762,1.701570034,1.032612920,-3.378647804,-2.372624397,0.441251397,-0.961707056,2.190070152,-2.424298286,-0.137279898,-0.072651260,-0.073522367,-0.343024462,-1.281987190,-1.237205505,0.480748296,-1.088574409,-2.553766012,-3.076986551,8.183121681,-3.976048231
356,7119.993,1786880121221.440,14909039.375,0.000000000,-0.977585018,-0.522801340,0.363604695,-0.221463382,-0.535254180,-0.242871791,0.621880233,-0.381629020,-0.573128581,1.698822260,1.032990098,-3.351476431,-2.378114939,0.447462052,-0.974275589,2.173489094,-2.421632051,-0.134534538,-0.067929640,-0.051705156,-0.342770934,-1.290882468,-1.186848521,0.481538922,-1.104092360,-2.524805784,-3.073245764,8.196659088,-3.977714777
357,7139.994,1786880121241.440,14909059.375,0.000000000,-0.955070496,-0.558004022,0.308273375,-0.236053020,-0.485967785,-0.265639693,0.641659677,-0.363836378,-0.520825803,1.694786191,1.042656779,-3.338687420,-2.379779100,0.458672434,-0.962140977,2.100767136,-2.392966747,-0.140439153,-0.069855101,-0.078072317,-0.358457476,-1.269755721,-1.189186931,0.493891925,-1.104467630,-2.515823603,-3.067936420,8.158099174,-3.972359657
358,7159.998,1786880121261.445,14909079.380,0.000000000,-0.941515148,-0.555094659,0.286806136,-0.233620673,-0.487858802,-0.290621847,0.646173656,-0.374041289,-0.518857598,1.689940214,1.079246163,-3.332888842,-2.374450445,0.513961077,-0.906338632,2.107639074,-2.416275501,-0.136800170,-0.080986924,-0.085606918,-0.370047241,-1.266641736,-1.193657637,0.507326245,-1.105123520,-2.519006968,-3.089672804,8.112001419,-3.959856033
359,7179.993,1786880121281.439,14909099.374,0.000000000,-0.939317465,-0.545313597,0.307163775,-0.232993647,-0.484408498,-0.287822604,0.636538684,-0.382421404,-0.494748443,1.676216722,1.120218635,-3.294656992,-2.394318342,0.514355123,-0.914686441,2.104380131,-2.387219429,-0.131938159,-0.069004238,-0.083247885,-0.340941906,-1.231549144,-1.192758560,0.499261200,-1.100403190,-2.510169029,-3.100633144,8.095251083,-3.948341846
360,7199.996,1786880121301.443,14909119.378,0.000000000,-0.945986331,-0.564281642,0.323225439,-0.243649572,-0.470489979,-0.279886216,0.626539290,-0.390367866,-0.500858545,1.683924794,1.125071883,-3.287287951,-2.424682856,0.497164428,-0.899342895,2.147004128,-2.379824162,-0.133494362,-0.065018497,-0.072307527,-0.344095916,-1.222216606,-1.238901019,0.484116286,-1.098298669,-2.516745329,-3.112735987,8.091301918,-3.963395596
361,7219.992,1786880121321.439,14909139.374,0.000000000,-0.954971910,-0.569181800,0.341282815,-0.245938003,-0.470829546,-0.260589212,0.621124923,-0.404980451,-0.503112376,1.682162046,1.125707984,-3.280510426,-2.443303823,0.484910578,-0.921389401,2.160921812,-2.370615244,-0.132702559,-0.058775790,-0.062825635,-0.337847471,-1.219094872,-1.242852807,0.478647798,-1.095900416,-2.512641191,-3.133373022,8.095530510,-3.964296103
362,7239.993,1786880121341.440,14909159.375,0.000000000,-0.936199248,-0.594122708,0.346402586,-0.236084744,-0.459599912,-0.268729717,0.631053746,-0.440084279,-0.538558424,1.679519892,1.099150062,-3.315002441,-2.462969780,0.495090246,-0.993834496,2.184930563,-2.390203953,-0.128771067,-0.045864992,-0.033129867,-0.362134099,-1.237541795,-1.264950991,0.476471275,-1.098366976,-2.459756613,-3.139507055,8.087031364,-3.954236507
363,7259.994,1786880121361.441,14909179.376,0.000000000,-0.925171554,-0.615704954,0.355846345,-0.235089660,-0.458193600,-0.263963789,0.633892059,-0.462662935,-0.547784746,1.680818796,1.085765719,-3.330081224,-2.482870340,0.501234829,-1.045052052,2.204322100,-2.397700310,-0.126542628,-0.040093362,-0.020871801,-0.375603616,-1.250032663,-1.275989175,0.472452253,-1.097525120,-2.417009592,-3.151197433,8.085980415,-3.946782112
364,7279.992,1786880121381.439,14909199.374,0.000000000,-0.921410203,-0.629961193,0.359985977,-0.236664981,-0.457842380,-0.246591717,0.629431009,-0.475413263,-0.542986453,1.681005836,1.080569386,-3.320729971,-2.490022421,0.492486179,-1.082167387,2.206896305,-2.394508600,-0.125438303,-0.034025222,-0.025003603,-0.378003508,-1.244477153,-1.269189000,0.468438655,-1.099092126,-2.381933928,-3.161695719,8.093691826,-3.933177710
365,7299.995,1786880121401.441,14909219.377,0.000000000,-0.925480008,-0.642265379,0.358584285,-0.226583540,-0.460224867,-0.203003317,0.611053646,-0.471786052,-0.522536933,1.682237864,1.072271824,-3.291189909,-2.497240782,0.461172700,-1.160329938,2.204041719,-2.385256529,-0.119234443,-0.026947111,-0.038474042,-0.374801993,-1.226631522,-1.257575154,0.461264551,-1.098120451,-2.352551222,-3.165985823,8.110308647,-3.915112257
366,7319.993,1786880121421.440,14909239.375,0.000000000,-0.926497936,-0.666855395,0.369372845,-0.221532568,-0.460606933,-0.214704692,0.608380437,-0.463593602,-0.515004814,1.693523884,1.044883132,-3.286657810,-2.512752295,0.443245769,-1.171560764,2.200478554,-2.392949104,-0.121877998,-0.025588624,-0.033858638,-0.379424512,-1.223092914,-1.271083474,0.446595818,-1.100223780,-2.324528217,-3.178675890,8.136801720,-3.895791054
367,7339.992,1786880121441.439,14909259.374,0.000000000,-0.943112969,-0.688540578,0.364218235,-0.209294528,-0.453569353,-0.215324074,0.604080617,-0.450932503,-0.493099809,1.689826488,1.049948335,-3.275589943,-2.515253067,0.438598752,-1.171079516,2.198832750,-2.400131464,-0.119398624,-0.032041840,-0.047077525,-0.372958839,-1.214932084,-1.269800901,0.427376896,-1.097720742,-2.298171282,-3.188137770,8.140784264,-3.883077860
368,7359.994,1786880121461.440,14909279.375,0.000000000,-0.932747304,-0.689890444,0.389607877,-0.202571824,-0.451573491,-0.202306181,0.591856539,-0.458131880,-0.492828101,1.690055490,1.053027034,-3.298340321,-2.478242874,0.427018493,-1.183827400,2.223003626,-2.392990828,-0.118826956,-0.029773667,-0.035304192,-0.347129375,-1.240310788,-1.248559594,0.418838143,-1.087940574,-2.280275583,-3.189700127,8.139768600,-3.861649752
369,7379.992,1786880121481.439,14909299.374,0.000000000,-0.918943465,-0.696242988,0.387799859,-0.205428287,-0.443214267,-0.184515193,0.586444736,-0.473333359,-0.495432049,1.692144513,1.061668873,-3.306838751,-2.461192846,0.420356989,-1.188331962,2.239241123,-2.387491941,-0.116865635,-0.026784748,-0.029273672,-0.342976689,-1.250049233,-1.238250136,0.409753233,-1.085950255,-2.271965981,-3.191536188,8.142470360,-3.840971708
370,7399.992,1786880121501.439,14909319.374,0.000000000,-0.914229751,-0.721479475,0.373923093,-0.202752933,-0.424248844,-0.141160056,0.577860475,-0.473793209,-0.477499336,1.704814792,1.074475408,-3.243876219,-2.437882900,0.410903335,-1.177999020,2.219712973,-2.381421566,-0.118052036,-0.026311360,-0.046047125,-0.343505681,-1.222786427,-1.220514059,0.400580019,-1.091680169,-2.268378258,-3.185788393,8.164020538,-3.838673830
371,7419.992,1786880121521.439,14909339.374,0.000000000,-0.911352396,-0.727645040,0.362190783,-0.208935976,-0.417633176,-0.118281260,0.579728901,-0.479555279,-0.472233504,1.700545073,1.079300404,-3.232011557,-2.425508261,0.404672712,-1.178126812,2.208639383,-2.380141258,-0.118992120,-0.024806619,-0.053032953,-0.341802150,-1.217186570,-1.212102056,0.398548961,-1.090229511,-2.264154911,-3.192272425,8.176951408,-3.826589108
372,7439.993,1786880121541.440,14909359.375,0.000000000,-0.908736408,-0.736968696,0.356024057,-0.219916701,-0.404567242,-0.101303190,0.589124084,-0.503288507,-0.482817799,1.687546611,1.093850970,-3.250850916,-2.425333261,0.395472288,-1.184306502,2.212066650,-2.382074118,-0.117195129,-0.019727051,-0.049436573,-0.345609158,-1.233230233,-1.217863679,0.394031197,-1.087816119,-2.261614799,-3.193304300,8.176182747,-3.815109730
373,7459.995,1786880121561.441,14909379.376,0.000000000,-0.893001020,-0.770643950,0.337790549,-0.218767792,-0.381492794,-0.089992732,0.580276549,-0.529185057,-0.481638044,1.685323119,1.132700086,-3.247921705,-2.448629618,0.407941252,-1.169684649,2.203580379,-2.408916235,-0.111656666,-0.019131102,-0.052671079,-0.362349838,-1.236022115,-1.237196445,0.397732079,-1.088240266,-2.250571489,-3.204490662,8.172881126,-3.788992882
374,7479.994,1786880121581.441,14909399.376,0.000000000,-0.873408437,-0.814036489,0.324644566,-0.211162999,-0.361935288,-0.110745281,0.572779536,-0.551264584,-0.468924671,1.674883008,1.141878605,-3.208727121,-2.446530104,0.394301981,-1.177546263,2.177144289,-2.409289122,-0.106572032,-0.009239756,-0.066313267,-0.369712174,-1.198473573,-1.247004271,0.395012766,-1.081199408,-2.219144583,-3.197534800,8.150791168,-3.722068548
375,7499.997,1786880121601.444,14909419.379,0.000000000,-0.861735284,-0.840878665,0.323815197,-0.213852227,-0.347126603,-0.109910294,0.570847332,-0.579224586,-0.486550778,1.669279933,1.145888925,-3.223970890,-2.452821493,0.376696229,-1.180700064,2.177803040,-2.413360119,-0.103620410,-0.001482129,-0.063288294,-0.382757902,-1.206597924,-1.263546109,0.398450464,-1.076894045,-2.194343328,-3.192853212,8.136620522,-3.666659832
376,7519.995,1786880121621.442,14909439.377,0.000000000,-0.861289620,-0.846184969,0.347379357,-0.220724508,-0.334833622,-0.122923777,0.569396317,-0.596826553,-0.524654448,1.676790237,1.122469783,-3.252903223,-2.473280907,0.319914579,-1.185388088,2.203320980,-2.432604551,-0.101103961,0.011982448,-0.047274459,-0.388699859,-1.233446240,-1.280014515,0.396736234,-1.078855395,-2.166819572,-3.183872461,8.159374237,-3.625149727
377,7539.994,1786880121641.441,14909459.376,0.000000000,-0.864449799,-0.849392116,0.350784034,-0.224536702,-0.318311363,-0.117261976,0.576241553,-0.591382861,-0.552394509,1.670288086,1.123890996,-3.266215563,-2.504393578,0.282200068,-1.185165286,2.224449158,-2.459977388,-0.098237276,0.013205469,-0.043071356,-0.400262803,-1.233806729,-1.298394084,0.392601877,-1.082175851,-2.135226727,-3.173689127,8.186730385,-3.581052303
378,7559.994,1786880121661.441,14909479.376,0.000000000,-0.872151196,-0.849148571,0.347924888,-0.226829752,-0.309539437,-0.109390140,0.575464189,-0.600271642,-0.567102253,1.662135482,1.135584950,-3.274554014,-2.514744997,0.247118950,-1.178983688,2.232530117,-2.472723007,-0.095603377,0.014487885,-0.040871326,-0.411766976,-1.236274958,-1.301878810,0.389180392,-1.082329035,-2.107700109,-3.161599874,8.201524734,-3.534636259
379,7579.994,1786880121681.441,14909499.376,0.000000000,-0.875478327,-0.852954984,0.346424311,-0.230006412,-0.298467278,-0.094566494,0.573460400,-0.613277495,-0.575406253,1.655547023,1.146569014,-3.280901909,-2.516542435,0.210681364,-1.176764250,2.237385750,-2.475062609,-0.092229694,0.019118726,-0.040629674,-0.419170767,-1.237291574,-1.299796939,0.386229515,-1.082222104,-2.082940817,-3.148824930,8.212308884,-3.486995220
380,7599.994,1786880121701.441,14909519.376,0.000000000,-0.875501990,-0.863530695,0.344080389,-0.236156508,-0.285021603,-0.070694774,0.573433399,-0.631386936,-0.578654468,1.645947814,1.152860284,-3.290193081,-2.505107164,0.170259923,-1.171849012,2.239480257,-2.469363689,-0.091616690,0.026117206,-0.044270072,-0.420592457,-1.237618804,-1.289836764,0.385510713,-1.080837250,-2.060157299,-3.134127378,8.222800255,-3.439993858
381,7619.992,1786880121721.439,14909539.374,0.000000000,-0.871846437,-0.871772826,0.332182467,-0.241617516,-0.272044122,-0.063715339,0.578417361,-0.643503129,-0.565712810,1.610940814,1.154665232,-3.296503067,-2.488204479,0.132596523,-1.174954057,2.220431328,-2.447520256,-0.089871049,0.032429643,-0.060777310,-0.407216072,-1.231125236,-1.268946409,0.390788704,-1.089938283,-2.042031527,-3.117686033,8.234631538,-3.386836052
382,7639.993,1786880121741.440,14909559.375,0.000000000,-0.868273079,-0.895819366,0.312781870,-0.232927442,-0.250461549,-0.041345071,0.589489877,-0.652642906,-0.558311760,1.608892441,1.131645083,-3.316116571,-2.473741770,0.070882082,-1.184126139,2.192867279,-2.450040817,-0.088678062,0.038453095,-0.078842275,-0.410463303,-1.235224962,-1.257538795,0.387376517,-1.091029167,-2.024425745,-3.095782995,8.232378006,-3.325626850
383,7659.993,1786880121761.440,14909579.375,0.000000000,-0.866292298,-0.907717645,0.307853818,-0.231575817,-0.242712721,-0.024957340,0.590746820,-0.665429771,-0.552055061,1.601191998,1.127046227,-3.324156761,-2.474980831,0.023367289,-1.192879677,2.188843489,-2.456822634,-0.086516619,0.044602379,-0.085291214,-0.420382202,-1.234657645,-1.262107968,0.387026042,-1.093669176,-2.003116131,-3.080229044,8.235209465,-3.266293287
384,7679.994,1786880121781.441,14909599.376,0.000000000,-0.868966997,-0.916570187,0.305465072,-0.231169119,-0.236014962,-0.005616616,0.585358083,-0.675321102,-0.544018626,1.592861533,1.131020665,-3.321362495,-2.478459597,-0.023753565,-1.199665070,2.184285641,-2.457196474,-0.084213227,0.052230373,-0.091408424,-0.428368390,-1.224214673,-1.265865684,0.384869128,-1.093865156,-1.980357885,-3.067925692,8.243575096,-3.206557274
385,7699.994,1786880121801.440,14909619.375,0.000000000,-0.870317698,-0.920129597,0.303759277,-0.233056903,-0.226689473,0.005674098,0.585605800,-0.687246263,-0.538968801,1.580021739,1.144105434,-3.320760012,-2.480654955,-0.058710393,-1.196046591,2.179163694,-2.460158110,-0.081912786,0.057402708,-0.095351137,-0.435048640,-1.216828227,-1.269719601,0.384170264,-1.095774293,-1.959649682,-3.062521219,8.252882957,-3.147727728
386,7719.994,1786880121821.441,14909639.376,0.000000000,-0.872420371,-0.924053729,0.301165938,-0.232808888,-0.217300251,0.010329638,0.584216237,-0.705659211,-0.533348858,1.562288165,1.163649440,-3.317737579,-2.481166601,-0.097050190,-1.195811510,2.172832966,-2.463020325,-0.076475352,0.064170048,-0.100405805,-0.440226674,-1.208163500,-1.269883513,0.381941170,-1.097975254,-1.940106034,-3.060110331,8.258157730,-3.089449167
387,7739.994,1786880121841.441,14909659.376,0.000000000,-0.878194213,-0.925383985,0.288524091,-0.223686010,-0.204926625,0.027250621,0.571538448,-0.723328888,-0.517817557,1.557778835,1.162222505,-3.303416967,-2.492338657,-0.137673974,-1.202275872,2.149821758,-2.469367981,-0.069546193,0.074647710,-0.125673592,-0.437903523,-1.177846551,-1.281712890,0.363735676,-1.087991834,-1.933540106,-3.070370436,8.294888496,-3.039241076
388,7759.992,1786880121861.439,14909679.374,0.000000000,-0.860981286,-0.929697275,0.282184482,-0.209916055,-0.180023432,0.022782315,0.559431612,-0.738564014,-0.502171278,1.543813586,1.184044838,-3.299304247,-2.496507645,-0.159760848,-1.196391582,2.147059441,-2.487276793,-0.060264919,0.077781580,-0.139176935,-0.439788818,-1.146791220,-1.295398831,0.347686619,-1.087378740,-1.930960536,-3.096918344,8.323204041,-3.006114721
389,7779.992,1786880121881.439,14909699.374,0.000000000,-0.870118260,-0.947496593,0.286849082,-0.196796298,-0.177257121,0.031127628,0.543199837,-0.757459044,-0.515680850,1.539031506,1.196825862,-3.308087111,-2.491037130,-0.198520362,-1.196112394,2.150661707,-2.482757807,-0.048878971,0.083309926,-0.155296654,-0.432137966,-1.156972528,-1.314527750,0.353278577,-1.083588719,-1.917409539,-3.101190090,8.338871956,-2.961657763
390,7799.993,1786880121901.439,14909719.374,0.000000000,-0.863087952,-0.960812747,0.288598776,-0.197570145,-0.168800637,0.034559313,0.539209127,-0.781803668,-0.520645142,1.530076385,1.210847974,-3.329299688,-2.482683897,-0.232067227,-1.190330982,2.150503635,-2.482228756,-0.043827090,0.090752870,-0.155891359,-0.435325503,-1.167376876,-1.314140797,0.351255953,-1.082062483,-1.904485106,-3.107680321,8.348124504,-2.917406797
391,7819.993,1786880121921.440,14909739.375,0.000000000,-0.860444844,-0.968662322,0.286819220,-0.198714480,-0.160739616,0.043196548,0.533967257,-0.802887857,-0.516153872,1.519746780,1.226170421,-3.340690851,-2.476328373,-0.269849688,-1.194081545,2.153343916,-2.483857870,-0.037227187,0.098659568,-0.159879535,-0.439682066,-1.167549491,-1.300478339,0.344118804,-1.081572533,-1.894758582,-3.106465340,8.352609634,-2.877752066
392,7839.993,1786880121941.440,14909759.375,0.000000000,-0.866206169,-1.002393007,0.282145917,-0.187020496,-0.153525099,0.030673478,0.523589313,-0.830727994,-0.481251359,1.496091604,1.251741052,-3.271282434,-2.439532518,-0.310342669,-1.187481880,2.123337507,-2.498079777,-0.029065762,0.103969134,-0.177048773,-0.428026319,-1.123898625,-1.269305110,0.345485240,-1.099138498,-1.874850750,-3.100108385,8.381464005,-2.820938826
393,7859.997,1786880121961.444,14909779.379,0.000000000,-0.870113492,-1.037804842,0.270049781,-0.197880477,-0.147978142,0.044080321,0.511507392,-0.859872401,-0.468774110,1.482506871,1.272998571,-3.254935026,-2.409885168,-0.356380254,-1.195068359,2.092215300,-2.511994123,-0.022666428,0.111908041,-0.193320885,-0.427202433,-1.092256904,-1.265967727,0.323438495,-1.109223247,-1.844042420,-3.081753492,8.401238441,-2.780730963
394,7879.995,1786880121981.442,14909799.377,0.000000000,-0.862581432,-1.058320999,0.261344403,-0.200945899,-0.136755064,0.070226654,0.508239150,-0.888143599,-0.477215558,1.475718856,1.286337018,-3.279029608,-2.396750212,-0.400041521,-1.198459268,2.088942766,-2.516226292,-0.022956077,0.119046532,-0.197663188,-0.437055409,-1.099284530,-1.266191244,0.318781048,-1.111249804,-1.814516425,-3.065773726,8.415962219,-2.734866381
395,7899.994,1786880122001.441,14909819.376,0.000000000,-0.834063232,-1.080624580,0.236472756,-0.200025395,-0.122891352,0.120614573,0.504431009,-0.902472317,-0.488122135,1.484690189,1.282585025,-3.324698925,-2.366639853,-0.460045993,-1.216188431,2.093775749,-2.505609035,-0.026740555,0.123327009,-0.206015512,-0.438823998,-1.121132255,-1.252921462,0.315998048,-1.109310508,-1.799688220,-3.056993723,8.447248459,-2.676426172
396,7919.993,1786880122021.440,14909839.375,0.000000000,-0.824349344,-1.103734255,0.228843972,-0.192891806,-0.105537191,0.134370133,0.497092873,-0.897963583,-0.501223028,1.482926488,1.292777181,-3.320531607,-2.388045549,-0.490526855,-1.208558679,2.078081131,-2.509192944,-0.029151265,0.123047717,-0.214646727,-0.457911491,-1.119402766,-1.275373578,0.310181797,-1.099983931,-1.788747668,-3.059491396,8.472129822,-2.631609917
397,7939.994,1786880122041.441,14909859.376,0.000000000,-0.822803974,-1.151638508,0.196420789,-0.165982306,-0.102078885,0.077203497,0.483642846,-0.880756319,-0.481799215,1.459712982,1.278679371,-3.231679201,-2.390065432,-0.547484815,-1.223776817,1.994458318,-2.490162373,-0.033157174,0.121642523,-0.245621786,-0.471195757,-1.035233259,-1.292678714,0.320018023,-1.113766432,-1.752052426,-3.053966284,8.487408638,-2.545827150
398,7959.995,1786880122061.441,14909879.376,0.000000000,-0.835682809,-1.169523954,0.187968850,-0.145325810,-0.103164732,0.081590220,0.457220942,-0.868330657,-0.424634188,1.436062694,1.270486951,-3.139915705,-2.354616880,-0.596117496,-1.223733902,1.928488135,-2.452618599,-0.039673839,0.124040253,-0.289020985,-0.446744561,-0.945328891,-1.253700852,0.331689477,-1.123836637,-1.726929784,-3.052597284,8.517951012,-2.466712236
399,7979.995,1786880122081.442,14909899.377,0.000000000,-0.845940471,-1.167500615,0.173129708,-0.128672451,-0.115502015,0.119332150,0.424478859,-0.853777349,-0.433370739,1.444347501,1.302113414,-3.150016308,-2.358955622,-0.627224624,-1.206800342,1.919847608,-2.452574492,-0.045283649,0.119058229,-0.299687445,-0.451872051,-0.959695876,-1.245923877,0.340598792,-1.117636561,-1.718436122,-3.067353964,8.531525612,-2.383334875
400,7999.994,1786880122101.441,14909919.376,0.000000000,-0.848349929,-1.170276523,0.175969839,-0.129607558,-0.112553164,0.166187286,0.389254570,-0.866571367,-0.480335265,1.441968203,1.318641543,-3.218267202,-2.403207541,-0.659937859,-1.193932533,1.949181676,-2.442316771,-0.051567648,0.115956150,-0.269890070,-0.474654198,-0.995056033,-1.281836629,0.350905180,-1.112617612,-1.706284285,-3.086703539,8.531044960,-2.296884537
401,8019.994,1786880122121.440,14909939.375,0.000000000,-0.858304858,-1.171084166,0.180458099,-0.124826111,-0.112122178,0.202751696,0.375549972,-0.874964535,-0.483895540,1.432358623,1.351179004,-3.215530634,-2.390168667,-0.697460890,-1.184274435,1.956495881,-2.428859949,-0.061232779,0.115852945,-0.268069237,-0.467876136,-0.988370061,-1.255997300,0.347147614,-1.112473726,-1.700286150,-3.100467682,8.534483910,-2.235122919
402,8039.994,1786880122141.441,14909959.376,0.000000000,-0.867668331,-1.173916817,0.203516930,-0.119158320,-0.090764925,0.263850451,0.368393391,-0.888865411,-0.489959389,1.417526841,1.371978402,-3.184176922,-2.354541063,-0.740565717,-1.173550367,1.933991432,-2.363767147,-0.074231505,0.117401443,-0.254021972,-0.433029115,-0.998531818,-1.244576097,0.327696413,-1.096947312,-1.720270634,-3.130507231,8.527388573,-2.155756950
403,8059.997,1786880122161.444,14909979.379,0.000000000,-0.876497209,-1.158320189,0.186631262,-0.117458142,-0.108046263,0.296119004,0.364318818,-0.902087867,-0.539795935,1.432283640,1.411367774,-3.188187838,-2.353080988,-0.772466600,-1.175549150,1.947766900,-2.355588913,-0.090811878,0.116838597,-0.260851294,-0.444588065,-1.017886400,-1.264194250,0.327493906,-1.093584657,-1.726366282,-3.159815073,8.482045174,-2.119536161
404,8079.998,1786880122181.445,14909999.379,0.000000000,-0.914774477,-1.176975369,0.170567021,-0.119651198,-0.072707072,0.363664955,0.356714308,-0.888934076,-0.545159280,1.409707665,1.377385497,-3.237703085,-2.324652672,-0.832522511,-1.217666388,1.893274903,-2.325240612,-0.127202362,0.123058312,-0.252702504,-0.457207978,-1.040079713,-1.253305197,0.336467773,-1.090513587,-1.729033709,-3.182201147,8.450617790,-2.057316303
405,8099.995,1786880122201.442,14910019.377,0.000000000,-0.925086439,-1.169649601,0.157096416,-0.121341698,-0.083739474,0.413511962,0.362722963,-0.873839319,-0.574186385,1.411566377,1.360342979,-3.289678574,-2.311786413,-0.888214409,-1.256370902,1.872647166,-2.299618006,-0.160912275,0.119140290,-0.256474882,-0.451931715,-1.090380311,-1.270326257,0.351513177,-1.108361721,-1.740005493,-3.197677374,8.417426109,-1.975714087
406,8119.999,1786880122221.446,14910039.381,0.000000000,-0.919503868,-1.196110964,0.140350163,-0.121033989,-0.081488922,0.421284288,0.374111056,-0.829895973,-0.618393481,1.384060979,1.333052635,-3.299741030,-2.375126123,-0.938727438,-1.287301421,1.856478572,-2.311910152,-0.191786021,0.104230620,-0.251083463,-0.492223322,-1.127586007,-1.311182857,0.348844647,-1.139611244,-1.734589458,-3.223663568,8.354344368,-1.891073346
407,8139.996,1786880122241.443,14910059.378,0.000000000,-0.924900591,-1.208250046,0.122275159,-0.107415073,-0.087442651,0.429053366,0.359935731,-0.814762294,-0.617843688,1.360932112,1.314845204,-3.215580702,-2.359890938,-0.979116678,-1.296143889,1.816350341,-2.307369709,-0.228733659,0.097010478,-0.254531950,-0.520260096,-1.046478510,-1.308183312,0.356433719,-1.169697165,-1.704301476,-3.243422270,8.310736656,-1.811792970
408,8159.996,1786880122261.442,14910079.377,0.000000000,-0.932826877,-1.239835143,0.098747835,-0.085988089,-0.080860749,0.420791894,0.345508397,-0.812437832,-0.650373518,1.336878777,1.317564607,-3.180341959,-2.348368883,-1.031052470,-1.275564432,1.805543423,-2.317053795,-0.269776195,0.093604736,-0.242529407,-0.560149729,-1.006323934,-1.315964580,0.356374770,-1.183529973,-1.648333549,-3.246615171,8.245923042,-1.691680789
409,8179.995,1786880122281.442,14910099.377,0.000000000,-0.948719561,-1.229109883,0.099037126,-0.081579514,-0.063980266,0.443614155,0.328535795,-0.831959307,-0.709492207,1.327691913,1.311549664,-3.259870529,-2.363180876,-1.083857059,-1.257636666,1.850857496,-2.325967550,-0.311796337,0.094076790,-0.203864187,-0.598284423,-1.048305988,-1.327245116,0.351513207,-1.207380891,-1.608163714,-3.248474121,8.177650452,-1.579501748
410,8199.993,1786880122301.440,14910119.375,0.000000000,-0.974607348,-1.212924004,0.091822624,-0.085233949,-0.058122233,0.419414967,0.328407198,-0.852464557,-0.780969322,1.295280337,1.322836041,-3.255510807,-2.407734156,-1.142840624,-1.230078936,1.855330825,-2.342737675,-0.354757160,0.094657250,-0.184690088,-0.644761384,-1.052935243,-1.377934217,0.321951419,-1.214139342,-1.581363797,-3.254565954,8.133368492,-1.463366628
411,8219.993,1786880122321.440,14910139.375,0.000000000,-0.983909786,-1.193961382,0.097007841,-0.065149337,-0.045751497,0.381662101,0.307093710,-0.848868549,-0.746905982,1.301388264,1.371169806,-3.105971813,-2.297681570,-1.183431149,-1.158422351,1.826796889,-2.290958405,-0.388709575,0.093232065,-0.233358443,-0.597123861,-0.956950903,-1.289103866,0.321276605,-1.214178801,-1.567824125,-3.256925821,8.099428177,-1.384442925
412,8239.995,1786880122341.442,14910159.377,0.000000000,-1.022438407,-1.190130472,0.098541886,-0.060161769,-0.032198414,0.397024691,0.318811238,-0.869337380,-0.777323604,1.291538715,1.386922956,-3.009910345,-2.249515057,-1.255463123,-1.114671350,1.771662474,-2.242883682,-0.424355656,0.096754931,-0.271046609,-0.562015474,-0.949233055,-1.294943571,0.325703204,-1.222607493,-1.552656293,-3.256518841,8.059231758,-1.295746684
413,8259.993,1786880122361.440,14910179.375,0.000000000,-1.035179734,-1.165854812,0.092210948,-0.069904573,-0.026715266,0.419771701,0.364902049,-0.890250862,-0.815221310,1.288627386,1.416729450,-3.020583630,-2.250917673,-1.287835956,-1.082606077,1.774149418,-2.222245216,-0.449436247,0.096332774,-0.268491983,-0.570718884,-0.978238821,-1.316041470,0.326904237,-1.224448562,-1.534498096,-3.268480062,7.998417854,-1.195536971
414,8279.993,1786880122381.440,14910199.375,0.000000000,-1.048577428,-1.154068470,0.081144705,-0.064139560,-0.020654293,0.394918412,0.399141371,-0.911283493,-0.814575255,1.284571767,1.439001918,-2.966895819,-2.259073019,-1.289361596,-1.070584059,1.696769476,-2.177160501,-0.483162493,0.102093332,-0.271675318,-0.593602002,-0.960228205,-1.337699771,0.345013291,-1.237097144,-1.518861175,-3.290636301,7.955840111,-1.079547524
415,8299.992,1786880122401.439,14910219.374,0.000000000,-1.067193031,-1.089503169,0.065910965,-0.055135258,0.040087178,0.433250934,0.422491163,-0.896491647,-0.812558711,1.273603797,1.487738371,-2.841465950,-2.273342609,-1.272817254,-1.068284035,1.609595418,-2.123926878,-0.515745819,0.112785958,-0.313767523,-0.572524011,-0.912007093,-1.380922198,0.309361488,-1.250943661,-1.537145734,-3.323256254,7.937868595,-0.965379953
416,8319.993,1786880122421.440,14910239.375,0.000000000,-1.109064221,-1.110064745,0.073535725,-0.047349393,0.081869662,0.491039485,0.460278273,-0.885145009,-0.737801492,1.242787719,1.533267736,-2.632331610,-2.197643995,-1.266960502,-1.050792933,1.525123000,-2.045509577,-0.555662394,0.122250579,-0.356931120,-0.516257524,-0.828675032,-1.349449039,0.274457395,-1.243588090,-1.549544930,-3.380019665,7.867321968,-0.803187907
417,8339.992,1786880122441.439,14910259.374,0.000000000,-1.124356151,-1.090039134,0.070766062,-0.050454564,0.084282890,0.507516921,0.504047096,-0.920297563,-0.723838627,1.197937250,1.558582425,-2.633169889,-2.155580282,-1.270008683,-1.056481838,1.474623919,-1.989210129,-0.587280095,0.141800314,-0.352981955,-0.483641148,-0.864306688,-1.325159669,0.268937856,-1.259488463,-1.570104003,-3.434342146,7.804975510,-0.667744100
418,8359.992,1786880122461.439,14910279.374,0.000000000,-1.139677763,-1.091825008,0.092961997,-0.045718804,0.093332335,0.526414216,0.546872675,-0.990486443,-0.778732717,1.196919203,1.553128362,-2.738061666,-2.134282827,-1.275011659,-1.087676287,1.488307953,-1.942353010,-0.613442779,0.165299118,-0.327161521,-0.460356534,-0.989893198,-1.317925930,0.272412807,-1.261384606,-1.575724006,-3.469708443,7.745801926,-0.549984515
419,8379.993,1786880122481.439,14910299.374,0.000000000,-1.144834399,-1.088815689,0.093712896,-0.046878427,0.093829110,0.527674675,0.581869066,-1.053935647,-0.760269284,1.233277440,1.536064982,-2.727138519,-2.029585361,-1.236763000,-1.114247561,1.526471257,-1.906568289,-0.634198904,0.190597028,-0.329396307,-0.446528286,-0.985998333,-1.231551647,0.276253045,-1.242145300,-1.547303557,-3.504546404,7.697140217,-0.514509559
420,8399.994,1786880122501.441,14910319.376,0.000000000,-1.168820024,-1.073088646,0.079958171,-0.023906836,0.107384667,0.555337191,0.631245136,-1.076121926,-0.780432284,1.219859362,1.572710395,-2.675813437,-2.005997181,-1.229987979,-1.125134468,1.492030740,-1.863021016,-0.652692556,0.214469969,-0.353523523,-0.451568872,-0.963495374,-1.262580752,0.286016315,-1.226454258,-1.521990061,-3.587764025,7.618533611,-0.475989014
421,8419.994,1786880122521.440,14910339.375,0.000000000,-1.242654085,-1.049927711,0.117178530,0.048019223,0.156216517,0.581554294,0.693677962,-1.102640033,-0.838505089,1.125166774,1.687405348,-2.610453844,-2.056217670,-1.252176642,-1.090726852,1.438388824,-1.853949070,-0.674127102,0.246027827,-0.357237011,-0.481943905,-0.913436174,-1.331745505,0.266352028,-1.213517666,-1.445934415,-3.667374134,7.510872364,-0.430783004
422,8439.995,1786880122541.442,14910359.377,0.000000000,-1.328372002,-0.935564578,0.138628244,0.208785474,0.265911818,0.647836268,0.768017173,-1.160142660,-0.982104540,0.901690304,2.043754816,-2.647078753,-2.136951208,-1.333659887,-0.959014237,1.331465364,-1.855299473,-0.708110929,0.279844165,-0.371084481,-0.543630421,-0.962923944,-1.401371598,0.260739267,-1.225214958,-1.316239238,-3.715138674,7.348010063,-0.357230932
423,8459.994,1786880122561.441,14910379.376,0.000000000,-1.553708196,-0.668289900,0.230201825,0.497577488,0.420602024,0.821182728,0.813346922,-1.142072439,-1.130780339,0.450755686,3.074691296,-2.348801851,-2.108700514,-1.490941882,-0.628075004,1.140163422,-1.851899624,-0.770608366,0.264033228,-0.486227244,-0.565914750,-0.862329781,-1.446332932,0.219385892,-1.186107993,-1.173588514,-3.724334002,7.077161312,-0.323235422
424,8479.991,1786880122581.438,14910399.373,0.000000000,-1.851380944,-0.222561762,0.332985133,0.809984446,0.354393929,1.170537949,0.640768766,-0.607197583,-1.099284649,0.218642518,4.547346592,-2.018814087,-2.069513798,-1.371032715,-0.390369624,0.978235483,-1.885478258,-0.790219367,0.068550311,-0.623426139,-0.564458430,-0.631707966,-1.458614826,0.172062844,-1.146174788,-1.134867787,-3.781879902,6.780517101,-0.535700619
425,8499.994,1786880122601.441,14910419.376,0.000000000,-1.658579469,-0.275684595,0.463156819,0.747222662,-0.071697101,0.906325459,0.369954199,-0.103381559,-0.703741848,0.734284997,3.316817045,-1.769188285,-2.016817570,-0.850150049,-1.047254205,1.146641016,-2.008593082,-0.684649765,-0.034380697,-0.600703895,-0.533183277,-0.305948913,-1.459277034,0.128994212,-1.176198244,-1.279111505,-3.836151838,6.649834156,-0.818562329
426,8519.993,1786880122621.440,14910439.375,0.000000000,-1.507154107,-0.806295991,0.272210121,0.565017879,-0.343540370,0.442885607,-0.015614050,0.404397994,-0.124437511,1.803210139,2.340658188,-2.002461910,-1.964691043,-0.468963087,-1.396107912,1.396752119,-2.026211023,-0.662063241,-0.130298853,-0.488575310,-0.493900537,-0.237486720,-1.329478145,0.109860122,-1.130766034,-1.469807029,-3.805092573,6.891215324,-0.928407609
427,8539.995,1786880122641.442,14910459.377,0.000000000,-1.155440569,-1.612583876,0.063969389,0.612136900,-0.495694578,0.289247662,-0.440514177,0.302366376,0.590432286,2.370206118,0.884524226,-2.575040817,-1.925990462,-0.387629718,-2.170536757,1.589103341,-2.118657351,-0.462885380,-0.061140202,-0.397591710,-0.455011725,-0.478333801,-1.180447936,0.125854656,-1.039444327,-1.742980361,-3.747177124,7.207567692,-0.840497434
428,8559.997,1786880122661.444,14910479.379,0.000000000,-1.026067734,-1.979231596,0.019498613,0.564622164,-0.730264544,-0.064693451,-0.805712283,0.430914491,0.870218813,3.058553934,-0.421361953,-2.725547552,-1.772368550,-0.310906917,-2.778022289,1.653729200,-2.217213631,-0.121379912,-0.035808470,-0.343020022,-0.284126937,-0.457387865,-1.108144283,0.055334724,-0.991690874,-1.886825681,-3.869745016,7.487606525,-0.619460464
429,8579.994,1786880122681.441,14910499.376,0.000000000,-1.130983233,-2.054950714,0.133582711,0.252730489,-0.381583691,-0.582807660,-1.070165873,0.515364349,0.301569939,2.896065712,-0.708301663,-2.682891846,-1.746429443,-0.502091289,-2.741040230,1.964232564,-2.132434368,-0.002727855,0.087722160,0.022883268,-0.009658728,-0.661310196,-1.090041757,0.004589723,-1.077115297,-1.825009227,-4.044241905,7.559322834,-0.472743958
430,8599.994,1786880122701.441,14910519.376,0.000000000,-1.142744660,-2.253100395,0.187849790,0.026669620,-0.398583442,-1.428143740,-0.834703982,0.506403923,-0.171898305,3.558284044,-1.045322776,-2.551959276,-1.790918827,-0.470756412,-2.935873508,1.962320566,-2.079172611,-0.047988031,0.116321333,0.195489615,0.084714755,-0.765448749,-1.401249647,-0.063067012,-1.199466109,-1.852468014,-4.280952454,7.847996235,-0.406051368
431,8619.994,1786880122721.441,14910539.376,0.000000000,-1.127339244,-2.028915405,0.084221050,-0.181000471,-0.180089384,-1.082417607,-0.570887089,0.276670516,0.126616120,3.132698298,-0.666753709,-2.336901665,-2.225066900,-0.691692054,-2.455083609,1.803801179,-2.146507025,-0.092158496,0.184293032,0.168804586,0.013228189,-0.603595316,-1.459218383,-0.048653334,-1.231126547,-1.827038407,-4.437231064,8.039835930,-0.309810430
432,8639.997,1786880122741.444,14910559.379,0.000000000,-1.003207207,-2.036743164,0.170162901,0.000835707,-0.015867783,-0.704887033,-0.394801646,-0.075652748,-0.201813191,3.071299314,0.549485505,-2.262243509,-2.582300901,-0.727539659,-1.836767435,1.339487433,-1.963617682,-0.154500395,0.190400422,-0.035447214,-0.149998084,-0.833483219,-1.665532708,-0.085320689,-1.212913275,-1.725035071,-4.474352837,8.130142212,-0.185487315
433,8659.995,1786880122761.442,14910579.377,0.000000000,-1.375801086,-1.467930079,0.302131236,0.753777027,0.431897342,0.263504148,-0.018100934,-0.702007473,-1.227391124,0.921510577,2.899463415,-2.159488916,-2.813024759,-1.631843209,-0.855800986,0.647143364,-1.877931118,-0.315299124,0.368144661,-0.386963814,-0.336481452,-1.202960968,-1.976836324,-0.121655710,-1.073091745,-1.470843673,-4.357970238,7.815447330,-0.183487281
434,8679.994,1786880122781.440,14910599.375,0.000000000,-2.353852749,-0.194517210,0.642532885,1.255367517,0.225086018,0.972428918,0.208668217,-0.450541437,-1.843142867,-0.758850336,5.142311573,-1.499965072,-2.727156639,-1.887667656,-0.486546606,0.187908292,-1.896616697,-0.441977948,0.121326171,-0.645203888,-0.528631210,-1.028601527,-1.999451995,-0.077860571,-1.085827112,-1.535015106,-4.001027584,7.198735714,-0.606411040
435,8699.993,1786880122801.440,14910619.375,0.000000000,-2.421470404,0.108327962,0.688919961,1.217918396,0.074381396,1.644657254,0.434217960,-0.445999831,-1.509212613,-0.713852525,4.737256527,-1.154317617,-2.563803196,-1.437844992,-0.998855948,0.235107660,-1.990716696,-0.452428132,0.104031406,-0.710333765,-0.436819017,-0.617631137,-1.898175597,-0.051884644,-1.130843639,-1.653928399,-3.581953287,6.381971359,-1.286623359
436,8719.992,1786880122821.439,14910639.374,0.000000000,-2.009521008,0.050074711,0.589075327,0.999009907,0.135878384,1.917350531,0.636387348,-0.266893417,-0.961365163,-0.253962159,3.949030638,-1.240434170,-2.244975805,-1.170495510,-1.295421362,0.523176610,-2.064141273,-0.500357330,0.069731049,-0.729356170,-0.348107100,-0.591903746,-1.667100072,-0.117884509,-1.117254376,-1.942644715,-3.177289724,6.038610458,-1.899303317
437,8739.993,1786880122841.439,14910659.374,0.000000000,-1.586797714,-0.521021366,0.268690646,0.675157785,-0.169390753,1.468192101,0.471578777,-0.198489621,-0.426895618,1.042869449,2.814737320,-1.806214929,-2.019748688,-0.653351307,-1.526831388,1.074361563,-2.071803331,-0.512354493,0.032627486,-0.537980735,-0.351444960,-0.817602694,-1.453130484,-0.140854731,-1.070173979,-2.174579144,-3.006549120,6.147257805,-2.111511469
438,8759.993,1786880122861.439,14910679.374,0.000000000,-1.232449174,-1.046564579,-0.107591346,0.723846495,-0.449343055,0.883339763,-0.057988748,-0.243364856,0.145852491,1.884489179,2.733407736,-2.202490568,-1.762163401,-0.327313185,-1.445530295,1.328225017,-2.061261177,-0.456545025,0.047854215,-0.442612857,-0.264495254,-0.727193177,-1.219157100,-0.174234763,-1.000186682,-2.362519026,-2.951498270,6.510261536,-2.045325041
439,8779.993,1786880122881.440,14910699.375,0.000000000,-1.146353126,-1.533196092,-0.327897251,0.845416129,-0.409410626,0.436166823,-0.464187622,-0.031473797,0.799541354,2.133415937,2.052524567,-2.391195059,-1.597611189,-0.176762864,-1.990999222,1.392038345,-2.081161022,-0.280335158,0.112691723,-0.443496943,-0.074703753,-0.640305459,-1.062102318,-0.205628484,-0.919033170,-2.730092525,-2.951472044,6.819713593,-1.971588254
440,8799.993,1786880122901.439,14910719.374,0.000000000,-1.436016679,-1.578164101,-0.205564424,0.724154830,-0.396241188,-0.046460938,-0.464558840,0.324709803,0.847892582,2.019963503,0.299967498,-2.261916161,-1.462180614,-0.026445787,-2.919564962,1.311449170,-2.090106010,-0.147071242,0.099793725,-0.391730279,0.231944785,-0.599495053,-0.978269041,-0.290545374,-0.959330320,-3.108799696,-3.114422321,7.213096142,-1.924404144
441,8819.995,1786880122921.442,14910739.377,0.000000000,-1.731228590,-1.738164186,0.231678128,0.527613819,-0.147810623,-0.935136199,-0.643970013,0.641973734,0.076345026,2.148393393,-0.373402387,-1.894659042,-1.478651166,-0.065511256,-3.060125828,1.522493720,-1.900943637,-0.029695455,0.188047469,-0.184442371,0.541952312,-0.503934085,-1.133085251,-0.301730961,-1.064575076,-3.086548090,-3.614414215,7.512631893,-1.788293719
442,8839.996,1786880122941.443,14910759.378,0.000000000,-1.866505861,-1.733293533,0.618438840,0.605779052,-0.203284606,-1.770702839,-0.665360153,0.907131374,-0.316548616,2.454003572,-0.672203660,-1.755670905,-1.829136729,-0.041488398,-3.300666809,1.719761014,-1.797720671,0.066848814,0.202660710,0.000139477,0.531948686,-0.505349100,-1.495667934,-0.340871006,-1.140562296,-2.878673553,-4.063017368,7.814264297,-1.610446572
443,8859.994,1786880122961.441,14910779.376,0.000000000,-1.882803440,-1.769365907,0.590254605,0.565491259,-0.248392537,-1.728744149,-0.623875439,0.824112833,-0.302016765,2.544965029,-0.555970728,-1.596776366,-2.345295906,-0.054079179,-3.132681847,1.609625459,-1.846398234,0.067572385,0.196409523,-0.054533172,0.255244464,-0.240952954,-1.783746719,-0.353387952,-1.163538814,-2.674604893,-4.370875835,8.149361610,-1.390468001
444,8879.994,1786880122981.441,14910799.376,0.000000000,-1.798204660,-1.818607211,0.283680350,0.286035717,-0.333261788,-0.996135712,-0.500565350,0.571365833,-0.187122971,2.713182449,-0.323382080,-1.566188574,-2.659022093,-0.124476969,-2.768913746,1.446687460,-1.893571734,-0.032077733,0.099158250,-0.131256327,-0.104617581,-0.271021307,-1.915827870,-0.291549742,-1.262493253,-2.581648350,-4.526224136,8.519217491,-0.985120893
445,8899.994,1786880123001.440,14910819.375,0.000000000,-1.681501508,-1.952006578,0.175131187,0.063015707,-0.452307165,-0.404952466,-0.454675317,0.474210560,-0.160546422,3.139922142,0.077894688,-1.481062531,-2.704797983,-0.200772315,-2.477575541,1.281297326,-1.921740174,-0.109964743,0.111277111,-0.200511098,-0.363679916,-0.395669073,-1.880714774,-0.268300831,-1.331253409,-2.372419596,-4.601028442,8.767323494,-0.553533673
446,8919.994,1786880123021.441,14910839.376,0.000000000,-1.643727779,-1.828640819,0.250291586,0.139841855,-0.319605619,0.421948165,-0.539139688,0.103936657,-0.221556038,2.973245382,1.380666494,-1.311434746,-2.675754309,-0.404112399,-1.760081291,1.014078140,-1.951539040,-0.164355397,0.422894984,-0.340157658,-0.384413481,-0.624822617,-1.744556189,-0.238581166,-1.317923188,-2.090988159,-4.765895367,8.714288712,-0.209983796
447,8939.992,1786880123041.439,14910859.374,0.000000000,-2.170827866,-0.658921361,0.817959607,0.923246503,0.454518676,1.112040877,-0.131350562,-0.018513944,-1.079976916,2.035325527,5.793363571,-0.785885513,-2.391764879,-0.675206661,-0.221701935,0.352442563,-1.853001237,-0.362940669,0.387798578,-0.785099924,-0.197146654,-0.587177336,-1.705026388,-0.328954041,-1.157994390,-1.479713082,-4.787740231,8.058867455,-0.312804669
448,8959.991,1786880123061.438,14910879.373,0.000000000,-2.595791340,0.186125353,1.371315360,1.394464254,0.676088393,1.322076797,1.262250543,-0.610655248,-1.236215711,-1.001375556,5.212570190,-0.352541208,-1.943441510,-2.017367601,-0.929942191,0.002973445,-1.658940554,-0.724313140,0.052817129,-1.035239458,0.038356390,-0.337360948,-1.946789384,-0.400559843,-1.088879108,-1.493964911,-4.461610317,7.224964619,-1.391511083
449,8979.994,1786880123081.441,14910899.376,0.000000000,-2.500798225,0.295065165,0.970473468,1.180921793,0.671431959,1.217530847,1.611511827,-0.536817133,-0.904930830,-0.955898285,4.102864265,-0.458242744,-1.611972928,-1.813726068,-1.344205141,0.041380830,-1.520902276,-0.764344811,0.069880329,-1.007466555,0.100716397,-0.087385051,-2.018694401,-0.419245929,-1.044953942,-1.810456872,-4.117753983,6.622301579,-2.426515818
450,8999.994,1786880123101.441,14910919.376,0.000000000,-2.238023996,-0.362220645,0.511580050,0.690296948,0.343191206,0.763379455,1.292988539,-0.559508145,-0.260727137,0.598427415,3.391123533,-0.994433105,-1.732913733,-0.877000690,-1.548144817,0.444145650,-1.696571112,-0.765982866,-0.027595319,-0.910299122,-0.026812632,-0.110207208,-1.790796638,-0.495561153,-1.042663693,-2.105896950,-4.042212486,6.761441708,-2.935434103
451,9019.993,1786880123121.440,14910939.375,0.000000000,-1.778827906,-0.907876968,0.165247053,0.669993103,-0.184693053,0.721492290,0.313952804,-0.268874198,0.658148825,1.816690803,3.120671272,-1.335696578,-1.839010835,-0.044143323,-1.502766132,0.820590019,-1.845836282,-0.524830818,-0.081599347,-0.861378968,-0.097677261,-0.016970946,-1.437575459,-0.522560179,-0.979577303,-2.465844631,-4.016276360,6.960020542,-2.916470766
452,9039.996,1786880123141.442,14910959.378,0.000000000,-1.398190022,-1.486653328,-0.113038957,0.869611681,-0.305140704,0.719842434,-0.564256608,-0.216249019,1.178958297,2.324913025,2.734219313,-1.771073341,-1.813673615,0.010138150,-1.742280722,1.157595634,-1.966056585,-0.247830302,-0.068725266,-0.738123655,-0.051074762,-0.191476464,-1.299305439,-0.464787096,-0.842733443,-2.874698400,-3.923232794,7.064440250,-2.636018991
453,9059.994,1786880123161.441,14910979.376,0.000000000,-1.696666479,-1.695163012,-0.108084902,0.947991908,-0.429075778,0.584671974,-0.701683462,0.409561098,1.334130287,2.160817862,0.952931523,-1.792447925,-1.516206026,0.098220676,-2.950967073,1.245722532,-2.048675299,-0.075046062,-0.059125043,-0.589840353,0.247669414,-0.189696074,-1.060963035,-0.521551907,-0.805990398,-3.198739767,-4.003876686,7.391325951,-2.438725710
454,9079.993,1786880123181.440,14910999.375,0.000000000,-2.130712032,-1.771106720,0.442535609,0.773926675,-0.301778704,-0.774187446,-0.818367541,0.987334073,0.396008462,2.104861975,-0.027720239,-1.222777486,-1.343508005,0.243104309,-2.948592186,1.296818495,-2.029351473,0.027424689,0.112757228,-0.354205102,0.531579733,0.101167224,-0.994389594,-0.612410069,-1.021263957,-3.152976990,-4.478670597,7.833850384,-2.378438950
455,9099.994,1786880123201.441,14911019.376,0.000000000,-2.521958351,-1.546409369,0.852157831,0.590001047,-0.310601413,-2.164267063,-0.784853160,1.254719377,-0.665392756,2.286288023,-0.451464593,-0.790953338,-1.371908784,0.357692480,-3.277492046,1.524693012,-1.849720716,0.109657645,0.274169534,-0.194646731,0.685287476,0.150466204,-1.244051933,-0.713253975,-1.133792877,-2.925091028,-4.835793018,8.071915627,-2.215281248
456,9119.993,1786880123221.440,14911039.375,0.000000000,-2.539731979,-1.340075493,0.790799379,0.475174725,-0.288898051,-2.377302647,-0.739434958,1.235379815,-1.044803977,2.483709097,-0.447434306,-0.760630608,-1.833792925,0.307002425,-3.278640270,1.470936775,-1.915111303,0.116822809,0.330415994,-0.220965460,0.445194989,0.112873979,-1.599300385,-0.750424683,-1.121969104,-2.671656847,-5.133979797,8.270414352,-1.876031280
457,9139.994,1786880123241.441,14911059.376,0.000000000,-2.198677063,-1.368290424,0.483061731,0.296375602,-0.340603650,-1.507692099,-0.774343312,1.006594062,-0.815340698,2.641925573,-0.175766259,-0.983457148,-2.448090553,0.170918822,-2.961363792,1.400947452,-2.046043873,0.087516874,0.198566020,-0.288814336,-0.048325483,-0.073573716,-1.786180496,-0.725080669,-1.080886245,-2.351715326,-5.256134987,8.613223076,-1.407103658
458,9159.993,1786880123261.439,14911079.374,0.000000000,-2.025281191,-1.751405954,0.429855406,0.073251627,-0.584983468,-1.066429496,-0.997740924,0.827580333,-0.513096452,3.220227003,0.272796005,-1.007979035,-2.589960337,0.126523167,-2.575960636,1.015672565,-1.999776840,0.059098657,0.229567885,-0.409398526,-0.318901658,-0.184618682,-1.663481355,-0.743736506,-1.058886886,-1.830576777,-5.378897667,8.920915604,-0.724676669
459,9179.993,1786880123281.440,14911099.375,0.000000000,-1.866698861,-1.784090042,0.613038301,0.030258859,-0.488019347,-0.303271979,-1.288749218,0.158491284,-0.438481718,3.239575148,2.310159206,-0.790513754,-2.529544592,0.056295361,-1.812519670,0.513264418,-2.055766106,-0.015722487,0.469700366,-0.630606115,-0.351386607,-0.425441742,-1.451619148,-0.737524807,-0.913575053,-1.133534670,-5.661559582,8.870798111,-0.078310654
460,9199.992,1786880123301.439,14911119.374,0.000000000,-2.207311392,-0.305683494,1.303593516,0.448673010,0.767837703,0.818327427,-0.526922822,-0.772191465,-0.782104313,1.968966126,7.843188763,-0.349797666,-2.400562286,-0.326689124,0.248033613,0.077736966,-2.327221870,-0.414332598,0.200079709,-1.133379340,-0.250471175,-0.493198752,-1.359629869,-0.742437601,-0.754569471,-0.175840318,-5.653894424,8.050769806,-0.339306802
461,9219.993,1786880123321.440,14911139.375,0.000000000,-2.368725777,0.074261576,1.885745168,1.399368405,0.975326777,1.196495295,1.541857243,-1.025944352,-0.922658384,-0.827905834,5.650747776,0.205774426,-1.801941276,-1.581885934,-0.540180981,-0.502613127,-1.910066247,-0.692190230,0.080852441,-1.410973430,0.011902045,-0.108507849,-1.704709411,-0.837950885,-0.721313357,0.118743449,-5.141120434,6.862020016,-1.891525745
462,9239.993,1786880123341.439,14911159.374,0.000000000,-2.685570240,0.281078994,1.517719984,1.152634144,1.185271740,0.629407287,2.243395090,-0.750935376,-0.852157295,-1.252380848,4.695878029,-0.045802157,-1.346993446,-2.360906363,-1.120175362,-0.498284847,-1.632010221,-1.040416241,-0.047146864,-1.358984113,0.076265886,-0.091900490,-1.804039955,-0.840086699,-0.756774426,0.086533904,-5.061207771,6.128822803,-3.237531424
463,9259.993,1786880123361.440,14911179.375,0.000000000,-2.097295523,-0.253489316,1.457818389,0.598711550,0.244970933,-0.249378890,1.095338464,0.140735924,-0.092043191,1.217432141,3.490935564,-0.137032047,-1.359604478,0.107218474,-0.944833636,0.115831964,-1.920332909,-0.441833764,-0.286717623,-1.343546271,-0.116501078,0.313908756,-1.355184436,-0.958821177,-0.871527135,-0.045831192,-4.756492138,6.094377041,-4.033520699
464,9279.994,1786880123381.440,14911199.375,0.000000000,-1.955206156,-0.895150959,0.892916083,0.988807142,-0.171332628,0.255002737,-0.825626791,-0.107683912,1.419621229,1.890969634,3.633788586,-0.500522614,-1.496164441,0.568549991,-1.020405650,0.598659694,-2.206311226,-0.138785258,-0.026219539,-1.280574083,-0.145317927,0.947223067,-1.059897900,-1.106131792,-0.710678637,-0.066306010,-4.927912712,6.613497257,-4.134079933
465,9299.994,1786880123401.440,14911219.375,0.000000000,-1.853472710,-1.621671915,0.113914728,1.026022434,-0.680319667,0.516947865,-1.251448035,-0.787275314,2.172061205,2.445692301,2.902626276,-1.544332862,-1.429082155,0.011804309,-1.605330586,1.392424822,-2.408223152,0.006909546,0.008971937,-1.046707749,-0.133780554,0.700627387,-0.741696179,-1.030511856,-0.495931596,-0.215449959,-5.234542847,7.093587875,-3.929895639
466,9319.994,1786880123421.441,14911239.376,0.000000000,-2.322884083,-1.753651500,-0.302856922,0.758992136,-0.511655867,1.091237068,-1.085916638,-0.032806758,1.992743611,2.373096704,1.557669520,-1.905894518,-1.146135807,-0.272848874,-2.184699297,1.822515011,-2.527062416,-0.060498539,0.013312154,-0.751349628,0.101314470,0.533845663,-0.385503113,-0.996269584,-0.532006085,-0.336268038,-5.513016701,7.528606892,-3.709563971
467,9339.993,1786880123441.440,14911259.375,0.000000000,-2.523292780,-1.755798578,0.202179044,0.485025853,-0.224942818,1.266738653,-0.799112260,1.333180308,1.322451472,2.299418211,-0.065361395,-1.888751149,-0.966929853,-0.123900205,-2.804906368,2.305000305,-2.365491152,0.020020839,-0.135419816,-0.545760572,0.372573435,-0.006629059,-0.268749386,-0.878952503,-0.645093799,-0.322331518,-5.636260986,7.786711693,-3.500729084
468,9359.994,1786880123461.441,14911279.376,0.000000000,-3.175089121,-1.581836820,1.275050402,0.219308689,-0.335057646,-0.281238765,-0.691111445,1.963101745,0.269493014,2.486122847,-0.520794392,-0.937654078,-0.863318384,0.110404193,-3.146282434,2.312027931,-2.247885466,0.228630245,0.111846827,-0.463934213,0.510724604,-0.251118869,-0.426738173,-1.018235207,-0.647499263,-0.271176368,-5.758119106,7.762684822,-3.294688940
469,9379.992,1786880123481.438,14911299.373,0.000000000,-3.464823723,-1.414900303,2.508274794,0.779120862,-0.205438659,-1.815537810,-0.925259292,2.220007658,0.112358391,2.984287500,-0.205820933,-0.521259427,-1.526973128,0.228227824,-2.742572308,1.852268577,-2.276752949,0.245867729,-0.108960338,-0.505696833,0.276384592,0.154611945,-0.777002037,-1.157845497,-0.623032391,-0.159023032,-5.655857563,7.836137295,-3.017064810
470,9399.993,1786880123501.440,14911319.375,0.000000000,-3.533653736,-1.426490307,2.591900110,1.027272820,-0.300241679,-2.691701651,-1.162276745,1.429899573,0.008456856,2.697917223,0.172411472,-0.309141874,-1.760991454,0.566007555,-2.145080566,1.423072219,-2.319091082,0.191303775,-0.205714822,-0.729298115,-0.102749810,0.712329149,-0.776635289,-1.275163412,-0.598084688,0.228455216,-5.493363857,8.079017639,-2.557565212
471,9419.993,1786880123521.440,14911339.375,0.000000000,-3.483978271,-1.636829853,2.425197840,0.526641190,-0.491433084,-2.722016573,-1.071341157,-0.038610678,0.426779598,2.120723963,0.790044069,0.286267191,-1.736497521,0.715604544,-1.433770180,0.929270506,-2.711336613,0.052529421,-0.117563754,-0.924707830,-0.590033233,1.152941942,-0.550589085,-1.405259967,-0.591988981,0.902362347,-5.458695412,8.146563530,-1.929401755
472,9439.995,1786880123541.442,14911359.377,0.000000000,-2.984528065,-1.592854977,2.862511158,0.850278378,-0.218024015,-2.679580927,-1.261584759,-1.599667668,0.937330723,1.992128491,3.921644688,0.725599349,-1.619384766,0.678614676,0.289360523,0.911404014,-3.115416050,-0.263795793,0.063079678,-1.089386106,-1.045108438,1.755413890,-0.091428503,-1.362364054,-0.536639631,2.169261456,-5.503266335,7.671417713,-1.620056629
473,9459.992,1786880123561.439,14911379.374,0.000000000,-2.704565763,-0.786927879,2.521852732,1.159698486,0.858925700,-2.532266378,-0.512614846,-2.528782845,0.115511566,1.682692170,6.843803883,0.824565291,-1.356674671,0.396826595,0.928766668,1.222834587,-3.171293974,-0.585335732,0.019561432,-0.997397244,-1.210885167,2.429601431,0.292662233,-1.124906063,-0.644751906,3.594284058,-5.445980072,6.562415600,-2.000967979
474,9479.993,1786880123581.440,14911399.375,0.000000000,-2.761061668,-0.343033969,1.998570323,1.151546597,0.597798824,-2.425601721,0.231337085,-1.862832189,0.141598970,1.446271300,6.369182587,0.790940046,-1.103210568,0.329098046,0.666376531,1.617460966,-3.055457592,-0.486392826,0.035732709,-0.787894189,-0.936839104,2.864023685,0.421026558,-1.021865010,-0.686564922,4.263727188,-5.387568474,5.569500446,-2.631427526
475,9499.992,1786880123601.439,14911419.374,0.000000000,-2.841812611,-0.319494784,1.582256436,1.066903949,-0.320374072,-1.625207424,-0.075785413,-0.249746799,1.323767424,1.533120751,4.723650455,0.643875301,-0.975269735,0.421037167,0.540474713,2.108961821,-2.975822449,-0.255926758,-0.012223624,-0.773293853,-0.711289167,3.045624733,0.535449088,-0.981186152,-0.705874622,4.218131542,-5.294754505,5.168987751,-3.073478699
476,9519.992,1786880123621.439,14911439.374,0.000000000,-3.163122654,-0.614893019,1.866029620,1.400053859,-1.029467821,-0.383136183,-0.682001352,0.666504800,2.464691401,1.276787758,2.821882010,0.550799727,-1.079436421,0.341177285,0.677006185,2.342577457,-2.895163774,-0.156742394,-0.114006795,-0.953969181,-0.705047369,3.329103231,0.709340394,-0.891903698,-0.552897096,4.243000507,-5.476012230,5.323073387,-2.998743057
477,9539.993,1786880123641.440,14911459.375,0.000000000,-3.193550587,-0.873568118,3.008345366,1.834527850,-1.399515629,-0.023990612,-1.214627981,0.141234234,2.597046137,1.470865369,2.269906282,0.626269639,-1.430454731,0.324658900,1.092592716,2.725613117,-2.462618828,-0.170879483,-0.245126963,-0.999345422,-0.659801722,3.577602625,0.784602165,-0.922099590,-0.499181420,4.595939636,-6.326910019,5.761769772,-2.751443386
478,9559.994,1786880123661.440,14911479.375,0.000000000,-3.746467590,-0.969037235,3.756228209,1.985669732,-1.748960137,0.065247983,-1.349217057,0.657670617,2.275497913,1.551421285,1.061569571,0.534929693,-1.841045976,0.185405016,1.277900577,3.521371126,-2.003324509,-0.165905267,-0.646493733,-0.929809511,-0.484906256,3.863134861,0.848037660,-1.056480408,-0.452671170,4.630216599,-7.626466274,6.162964344,-2.698666573
479,9579.993,1786880123681.440,14911499.375,0.000000000,-3.832791805,-0.802840829,4.196337223,1.647832751,-1.606244564,-0.158539087,-1.324070811,0.457388133,1.639195442,1.633478045,1.382865429,0.868259132,-2.123327732,0.233793557,1.530011773,4.156953812,-1.811035395,-0.218820333,-0.694715083,-0.765192270,-0.399916112,3.695133924,0.866126359,-0.953339219,-0.458717555,4.541486740,-8.305760384,6.199969769,-3.013330698
480,9599.995,1786880123701.442,14911519.377,0.000000000,-3.591759205,-0.518286169,4.080706596,1.434228063,-1.047789097,-0.530501962,-1.152756572,-0.757178903,0.906055331,1.890820384,2.974625587,0.763649046,-2.029165506,0.222810149,1.828930974,4.616153240,-1.849181652,-0.258328944,-0.492604226,-0.475823075,-0.436903358,3.414630651,0.975756884,-0.826622367,-0.406877011,4.697669029,-8.345799446,6.035109520,-3.785944939
481,9619.993,1786880123721.440,14911539.375,0.000000000,-3.148965597,0.001367018,4.733639240,1.405056238,0.294858575,-1.836511612,-0.541862905,-2.376739979,-0.084931865,1.837483764,5.741568089,0.950696170,-1.566530824,0.360193133,1.639196396,4.613575935,-1.711750150,-0.454545557,-0.046777137,-0.285224885,-0.331408441,3.065022230,1.095038891,-0.740228057,-0.405083477,5.186795235,-7.957912445,5.464558601,-5.269551277
482,9639.995,1786880123741.441,14911559.376,0.000000000,-2.536472797,-0.794370115,4.271576405,1.317519188,-0.430701196,-0.985793591,0.163795158,-1.990788102,0.566016197,2.234922647,4.185113430,1.279961824,-1.467406869,0.308220208,1.667582154,4.239595890,-1.552134156,-0.344400585,0.033279411,-0.041311298,0.017244052,3.214061022,1.489594579,-0.633847177,-0.190950423,5.133523464,-7.467052460,5.007205009,-6.381311417
483,9659.994,1786880123761.441,14911579.376,0.000000000,-2.396347523,-1.211420059,4.394431591,1.058074832,-1.295721650,0.617745101,0.522915125,-1.121449113,1.199416757,2.401283026,2.281107426,2.074551344,-1.407595277,0.211062849,1.636857390,3.182304859,-0.961519301,-0.364531428,-0.095463015,0.193281740,0.264955163,3.141403437,1.803533554,-0.501880407,0.094393626,5.224745750,-7.589023590,4.752854824,-7.213505745
484,9680.002,1786880123781.449,14911599.384,0.000000000,-2.177290440,-1.219333887,4.982397079,1.081448436,-1.574606538,0.865323067,0.687049806,-1.109101415,1.332617879,2.156898260,1.462024570,2.848839045,-1.263864994,0.193618506,1.705864668,2.086743116,-0.471267283,-0.337382793,-0.171059787,0.309836566,0.583754480,2.936739922,1.850759745,-0.452124298,0.239738420,5.440664291,-7.936071396,4.668540478,-7.685214043
485,9699.993,1786880123801.440,14911619.375,0.000000000,-2.089484930,-0.760569453,5.675850391,1.026348591,-1.215862989,-0.337697178,0.442977011,-1.454539061,1.584689736,1.402149320,2.264776468,3.541229963,-1.734393120,0.159737796,2.167614222,1.367712259,-0.626428246,-0.366105884,-0.129361540,0.087847315,0.725957930,2.920337439,1.797758460,-0.366281390,0.274913371,5.899206638,-8.295589447,4.565071583,-7.970933914
486,9719.992,1786880123821.439,14911639.374,0.000000000,-2.486236572,-0.204345062,5.718928337,1.010379195,-0.626477778,-1.078772664,-0.124401897,-1.577214837,1.942929387,0.568548560,3.627960443,4.065869808,-2.390597105,0.255225182,2.023696661,0.770514250,-0.989712715,-0.458267182,0.034497701,-0.074134849,0.860910952,2.915219307,1.675752401,-0.397673815,0.297934264,6.066212654,-8.231119156,4.086283207,-8.328161240
487,9739.994,1786880123841.440,14911659.375,0.000000000,-3.048588991,0.128831074,4.568867207,0.845531046,-0.959669054,-1.243812084,-0.431968063,-1.377493978,2.383243561,0.225668535,3.593297243,3.511986971,-2.750102043,0.350586534,1.849786043,0.810627043,-1.408688545,-0.480957597,0.002268337,0.173422918,0.845416248,3.029866934,1.800633788,-0.440478027,0.295478851,6.018716335,-8.052083969,3.517246723,-8.977795601
488,9759.994,1786880123861.440,14911679.375,0.000000000,-3.001741409,0.108821318,3.457419872,0.911444008,-1.697838664,-1.104022145,-0.556660950,-0.786799490,2.312963247,0.246744052,2.641275406,2.860948801,-2.445587397,0.479355812,1.695196390,0.353742331,-1.709403515,-0.438410580,-0.076381244,0.251648992,0.873812497,2.770316601,1.978157640,-0.554912925,0.206256807,5.979603291,-7.603025436,3.084600687,-9.009296417
489,9779.992,1786880123881.439,14911699.374,0.000000000,-2.858213902,0.072168157,2.582228422,1.048323393,-2.350707769,-0.782793283,-0.538245559,-0.732212484,2.157061815,0.387451828,2.026706219,2.373253107,-1.944934368,0.757372081,1.346927762,0.036361821,-1.940749764,-0.383323878,-0.077033497,0.477852672,0.806676805,2.280818224,2.333211422,-0.616074800,0.067861736,6.031440258,-6.577207565,2.914014816,-8.795519829
490,9799.992,1786880123901.439,14911719.374,0.000000000,-2.582717896,0.030641958,2.315449238,1.372028470,-2.580529928,-0.769976020,-0.595287979,-1.062779307,1.650311351,0.509354353,1.951776862,2.093920946,-1.558617234,1.060991406,1.071485758,-0.429707974,-2.124804735,-0.367148191,0.004005276,0.621196449,0.655457795,1.800802469,2.572201967,-0.583680689,-0.175827771,6.263952255,-5.342600346,2.680662870,-8.638693810
491,9819.991,1786880123921.438,14911739.373,0.000000000,-2.555611849,-0.158707604,2.562493086,1.412642002,-2.692105532,-1.334645987,-0.594672024,-1.240029931,1.635378599,0.664757550,2.211473942,1.792447448,-1.473373413,1.383239865,0.949652612,-0.694341302,-2.657728434,-0.208823562,0.045982204,0.940665722,0.316481113,1.798663497,2.922300816,-0.590359807,-0.411816448,6.091888905,-4.184433460,2.463905334,-8.769454002
492,9839.992,1786880123941.439,14911759.374,0.000000000,-2.675248623,-0.182321742,2.464640617,1.040525913,-2.515228748,-2.017290831,-0.582891643,-1.643752456,1.666128635,0.928450227,2.726803064,1.339097857,-1.562229037,1.533730984,0.904132962,-0.275844961,-3.435202122,-0.020886693,0.092950232,1.513349175,0.091670290,1.986692905,3.105996370,-0.391967535,-0.698503554,5.680665970,-3.151588917,1.893381834,-9.309793472
493,9859.991,1786880123961.438,14911779.373,0.000000000,-2.785747766,-0.169813558,2.542009354,0.659039080,-2.386531353,-2.612490892,-0.537555575,-1.840573549,1.687123060,1.158721089,3.013762712,0.979580581,-1.876495242,1.559802651,1.038284063,0.270591408,-3.895408630,0.096872449,0.059090249,2.037506580,-0.022222299,1.852318764,3.037906885,-0.225942418,-0.876271844,5.127121449,-2.524468184,1.135236979,-10.038116455
494,9879.992,1786880123981.439,14911799.374,0.000000000,-2.833494186,-0.123870149,2.851991177,0.406653404,-2.283385754,-2.885795832,-0.452584267,-1.773484349,1.756085753,1.254306197,2.867012262,0.969701707,-2.417069197,1.519190669,1.270285845,0.670978069,-3.965331793,0.160195738,-0.036763422,2.431586742,-0.156045154,1.607655525,2.805289984,-0.097964995,-0.924635053,4.561503410,-2.169928789,0.133012727,-10.467902184
495,9899.993,1786880124001.440,14911819.375,0.000000000,-2.793109417,0.004206225,3.102259398,0.339575887,-2.167239189,-2.770138502,-0.415191144,-1.684506774,1.703492403,1.262743950,2.574718237,1.143202782,-2.981143951,1.548154235,1.402032375,0.691849053,-3.744188786,0.160518065,-0.138062984,2.716606617,-0.220904991,1.455206990,2.371995449,-0.045506380,-0.927446663,4.006762505,-1.897090197,-0.708432972,-10.782230377
496,9919.992,1786880124021.439,14911839.374,0.000000000,-2.644841194,0.052071586,3.308987141,0.376917601,-2.045128584,-2.436540842,-0.279359132,-1.648584485,1.619492888,1.190996766,2.175581217,1.318455338,-3.427923203,1.560598373,1.462093949,0.608508348,-3.291429520,0.136933327,-0.227764904,2.904266596,-0.237885401,1.605689287,1.947633982,-0.053695522,-0.932090819,3.627193213,-1.810665607,-1.388752580,-10.934621811
497,9939.992,1786880124041.438,14911859.373,0.000000000,-2.563094139,0.088222191,3.435341120,0.431674480,-1.973092556,-2.220233917,-0.184509009,-1.682164550,1.631641507,1.129739881,1.948933959,1.325833440,-3.803229809,1.559072614,1.567161798,0.611585140,-3.008216381,0.141119599,-0.293952078,2.992509842,-0.172655419,1.690061092,1.630018115,-0.149181679,-1.002429724,3.404886484,-1.962970257,-1.724638224,-10.936580658
498,9959.992,1786880124061.439,14911879.374,0.000000000,-2.617394924,0.152209684,3.415128708,0.347786725,-1.870190024,-2.132817984,-0.069319770,-1.682178378,1.625445485,1.103220820,2.080801964,1.325115561,-3.930720091,1.444876194,1.639670253,0.865647316,-2.830658674,0.151774570,-0.303411603,2.998874187,0.008780222,1.807387948,1.526899457,-0.255055606,-1.084164262,3.383791208,-2.251978636,-1.995094538,-10.842507362
499,9979.993,1786880124081.440,14911899.375,0.000000000,-2.673994780,0.192280516,3.379308224,0.325929224,-1.823653221,-2.069071054,-0.036290661,-1.688624501,1.661027074,1.041604877,2.114266634,1.323915601,-3.974993467,1.349351525,1.680273175,1.077183843,-2.701703787,0.138046399,-0.311776280,2.943011999,0.209258303,1.746249557,1.532298565,-0.367461950,-1.131861687,3.428674221,-2.647139549,-2.169875860,-10.742957115
500,9999.992,1786880124101.439,14911919.374,0.000000000,-2.378686428,0.503273547,2.268217087,0.424829811,-1.106309772,-1.682948947,-0.292711526,1.358690619,3.119189262,1.004620910,-0.415115595,1.437733054,-3.720007896,0.588899732,1.624708176,1.888393521,-2.085551262,-0.196813524,-0.116972022,2.265139580,0.119381636,1.785269141,1.806992531,-0.064367704,-0.810810030,3.379261255,-4.215765476,-1.107282281,-9.391460419
501,10019.993,1786880124121.440,14911939.375,0.000000000,-2.263842344,0.893075645,2.167579412,0.633921742,0.183023557,-2.041940928,-0.829260588,0.158767089,2.543999910,0.436696887,-0.107736811,1.944494724,-3.329598188,0.379591852,1.865627885,2.044312477,-1.132810950,-0.478105992,0.128619641,1.706935048,0.598847926,1.814251304,1.527006984,-0.219575971,-0.571581125,3.402665615,-4.362172127,0.191739291,-8.476132393
502,10039.994,1786880124141.441,14911959.376,0.000000000,-1.563739061,1.009102106,2.297744513,0.644958496,0.818223357,-1.651144385,-0.919170558,-0.133190945,1.357165575,0.640157580,0.415290564,1.722478986,-3.222672701,0.382399946,1.950236559,1.864790559,-0.371700406,-0.584309936,-0.140110180,1.626045108,0.900167763,1.366457343,0.894753993,-0.044115908,-0.303997368,3.054030418,-4.516262054,0.921442807,-7.744981766
503,10059.991,1786880124161.438,14911979.373,0.000000000,-0.812577009,1.255354524,3.020530224,0.792168200,1.113610268,-1.292194605,-0.295586467,0.039017592,-0.521763980,0.800149739,1.681052804,1.561908603,-3.401443720,0.707596064,1.326498747,0.800243258,-0.127821520,-0.618896723,-0.149096340,1.286022425,0.911768138,0.925964236,0.613195479,0.022217015,-0.085945010,2.713991404,-5.028801441,1.149433613,-7.399511337
504,10079.993,1786880124181.440,14911999.375,0.000000000,-0.605267167,1.579456091,2.699911594,0.157339498,0.237224743,-0.652964473,0.239406452,0.675851643,-1.814508677,1.192889571,1.587696433,0.994977534,-3.391746044,0.452857733,0.215758562,-0.114541464,-0.639307201,-0.565843582,-0.237574339,0.823384225,0.743212402,-0.016320223,0.559654236,0.154363379,0.045468189,2.096005678,-5.248219013,1.154383898,-7.210144997
505,10099.991,1786880124201.438,14912019.372,0.000000000,-0.652707636,1.841528416,1.194853783,-1.283406854,-0.098321617,-0.000841152,0.751430690,1.415000558,-2.011430502,1.985363483,-0.045977797,0.017837245,-3.040002346,0.342919350,1.544796586,-0.392787158,-1.542756677,-0.432033330,-0.298630476,0.370430201,0.582714081,-1.477996945,0.430817634,0.150080487,0.064894550,1.497997642,-5.300344467,1.347962141,-6.773352146
506,10119.992,1786880124221.439,14912039.374,0.000000000,-1.044648886,1.503637910,1.337022305,-1.663061380,-0.622502148,0.701384544,0.750153244,2.856426716,-1.416348338,2.144647598,-1.136294484,-0.239639029,-2.940535784,0.073506683,2.721952677,-0.325502783,-1.817860246,-0.301775724,-0.608694315,-0.147427022,0.516849935,-2.790068150,0.412961036,-0.022128155,0.010967055,1.262575984,-5.222795486,1.961118221,-5.637748718
507,10139.990,1786880124241.436,14912059.371,0.000000000,-1.558719158,0.849751532,1.982100368,-1.208612800,-1.616987228,0.848460734,-0.039143041,3.835649729,-0.777369261,1.693081021,-1.198403120,-0.232702687,-2.839388132,-0.013188872,2.878712654,-0.137456149,-1.398161292,-0.099727929,-0.581486881,-0.619821668,0.363083899,-3.471444130,0.622135401,-0.158234224,-0.147279918,1.131415725,-5.229659081,2.351080418,-4.296019077
508,10160.005,1786880124261.451,14912079.386,0.000000000,-1.370630264,0.241103485,1.533097982,-0.480449617,-1.511093855,1.215391159,-0.651308954,3.969044209,-0.567927897,0.822468936,-1.074909091,-0.667066991,-2.393398285,0.394651175,2.278114080,-0.419133276,-0.820256114,-0.113018602,-0.551397979,-0.989073753,0.218539432,-3.961235762,0.469627351,-0.296174973,-0.442293137,1.044102788,-5.380362034,2.480039120,-3.092401505
509,10179.995,1786880124281.441,14912099.376,0.000000000,-0.565846860,-0.846511066,0.441020310,0.605184555,-0.450938106,1.120367408,-1.446576238,3.057646990,-0.223786548,0.191566050,-0.629475713,-1.735008240,-1.743523121,0.960163355,1.039485574,-0.524774730,-0.600065291,-0.309116125,-0.213799566,-1.013725162,-0.017194379,-3.678510427,0.294889033,-0.196122497,-0.764551938,0.831714749,-5.576848984,2.826077938,-2.420473814
510,10199.995,1786880124301.441,14912119.377,0.000000000,-0.392602861,-0.804671824,0.164242029,0.996663868,-0.447476387,0.924064338,-1.620900273,1.385052443,-0.818920016,0.130872235,1.048988104,-2.306637764,-1.514058709,0.850963950,-0.034425154,-0.471272439,-0.751792192,-0.474091083,-0.195628852,-0.670129001,-0.167703629,-3.307097912,0.080944359,-0.231394604,-0.972227037,0.729982615,-5.631693363,2.967824459,-2.444353342
511,10219.994,1786880124321.441,14912139.376,0.000000000,-0.323213100,-0.404190421,0.566947579,0.888447404,-0.794689357,-0.280395240,-0.851461589,-0.247981757,-1.065937161,0.139199585,1.806891322,-2.656810999,-1.470234990,0.573412836,-0.241146341,-0.041142926,-0.982440352,-0.337247699,0.020691596,-0.380313814,-0.132288322,-2.701755762,-0.077082410,-0.156673998,-1.053540945,0.865379930,-5.530011177,2.733516693,-2.924061537
512,10239.992,1786880124341.439,14912159.374,0.000000000,-0.105755642,-0.455724180,0.589866459,0.602321744,-1.186540604,-1.335915565,-0.444216698,-0.494994253,-0.374667019,0.168193758,1.467444658,-2.744123697,-1.407392144,0.474909872,-0.269397110,0.574826419,-1.171016812,-0.363510698,0.080487221,-0.198523670,-0.020762611,-2.103288889,0.045499086,-0.108780913,-1.053904653,1.024783254,-5.748356342,2.283446550,-3.375367403
513,10259.993,1786880124361.440,14912179.375,0.000000000,0.159528315,-1.263393283,0.303636849,0.311642617,-1.244450331,-1.912772298,-0.138263106,-0.591364741,0.792853594,0.425453484,0.379519254,-2.744285583,-1.281865954,0.165996581,0.049063988,0.845225930,-1.205660582,-0.362055868,-0.062588573,-0.115804888,-0.056450088,-1.762503386,0.163519576,-0.173689559,-1.008941650,1.122276902,-6.038885117,1.955200434,-3.383043289
514,10279.993,1786880124381.440,14912199.375,0.000000000,0.613671839,-1.521044493,-0.095685065,0.290615201,-0.201944426,-1.521199703,0.232790962,-0.977578580,0.740387201,0.148209527,0.058631632,-2.595412493,-0.801646531,-0.271079183,0.571627498,0.742836118,-0.979603767,-0.436005741,-0.235766113,-0.265245289,-0.150326401,-2.255035162,0.101671852,-0.191147313,-0.931143582,1.570124269,-6.341583729,1.926279902,-3.016096115
515,10299.993,1786880124401.439,14912219.374,0.000000000,0.481116712,-0.880385220,0.253548801,-0.019777318,0.814990163,-0.974501014,0.667264521,-1.713098645,-0.289518744,-0.169695973,0.735084295,-1.901266456,-0.363832772,-0.219901145,1.109174371,0.229483575,-0.744031131,-0.508651376,-0.128814548,-0.673460662,-0.190214619,-2.513795137,-0.168027535,-0.274150193,-0.989739060,2.027844191,-6.635438919,2.302326679,-2.532676458
516,10319.994,1786880124421.441,14912239.376,0.000000000,0.366531461,-0.475251377,1.404897928,-0.162630096,1.206963539,-0.669526339,0.873665273,-1.681827664,-1.107735753,-0.306010127,1.545006633,-0.859442770,-0.761415839,0.057959553,1.310210347,-0.269948304,-0.579171479,-0.645358026,-0.075405695,-0.992220819,-0.220536187,-2.431105852,-0.677367985,-0.371127307,-0.950191677,2.297972441,-7.039210320,2.846374512,-1.913605332
517,10339.993,1786880124441.440,14912259.375,0.000000000,0.542811692,-0.471054554,2.576580286,0.633879662,1.460765600,-0.169654459,1.650442004,-1.590112925,-1.844014525,-0.599992275,3.043571472,0.326918036,-1.164887547,-0.407767564,1.103766203,-1.075904250,-0.476545781,-0.841939569,-0.072510906,-1.413487077,-0.165067628,-2.145762205,-1.229436278,-0.461281270,-0.773079693,2.511000633,-7.425789356,3.279278755,-1.506795287
518,10359.996,1786880124461.442,14912279.378,0.000000000,-1.730203390,0.996730387,1.992265582,1.891782165,1.523910522,-0.546806693,1.546734810,-1.324851274,-3.429654121,-2.088563204,4.916250229,0.936119139,-0.325070024,-1.853230357,0.250213027,-1.549048305,-1.034608126,-0.852117062,-0.308937728,-1.956645846,-0.066905484,-1.768867850,-1.636249542,-0.526646137,-0.814727545,2.387355328,-6.931062222,3.499773502,-1.485526681
519,10379.995,1786880124481.442,14912299.377,0.000000000,-2.257518291,1.154754877,1.944313645,1.659687996,0.841697693,-0.303393871,1.277217627,-0.040719431,-2.535472870,-1.907849908,3.824181318,0.970134556,-0.477584571,-2.038787842,-0.340490967,-1.261165977,-1.473371029,-0.965597749,-0.177894115,-2.012229919,-0.323679745,-1.691605449,-1.802005887,-0.726327240,-0.762813985,1.898904681,-6.668501854,3.779790878,-1.759051681
520,10399.993,1786880124501.440,14912319.375,0.000000000,-1.765333652,0.366258204,2.073370934,0.783146024,-0.212993875,0.248842031,0.855066955,0.787164271,-1.393085718,-0.047018435,2.189892054,0.571049094,-1.065776825,-1.168050647,0.068768293,-0.638182521,-1.624557972,-1.012570620,-0.113811143,-1.855319381,-0.647133589,-1.568382144,-1.832271576,-0.717838466,-0.779916108,1.442263007,-6.370808601,4.388391495,-1.594979167
521,10419.993,1786880124521.440,14912339.375,0.000000000,-1.338819623,-0.567477822,2.200837612,0.865114152,-0.685656130,1.053816795,-0.366606802,1.345974326,-0.718493521,2.081727028,1.287885785,0.161754295,-1.415364265,0.228198647,-0.181568012,-0.319205970,-1.678714395,-0.303327471,-0.149173081,-1.696771383,-1.109908342,-1.525062203,-1.885442257,-0.478280157,-0.962585449,1.380017877,-6.498928070,4.951769352,-1.182159305
522,10439.993,1786880124541.440,14912359.375,0.000000000,-1.029379249,-1.880386353,1.378647923,0.971368909,-0.490579426,2.397680998,-0.884534419,0.959527075,0.344290167,2.145933390,-0.111563876,-0.560431361,-1.446819663,-0.092019111,-0.697826803,0.128211111,-1.682239532,0.008400943,-0.022645749,-1.357365489,-1.066320777,-1.113732815,-1.753176570,-0.319202691,-0.796648681,1.268837333,-7.484320641,5.659652233,-0.789225876
523,10459.994,1786880124561.441,14912379.376,0.000000000,-0.887538373,-2.551835299,-0.274127007,0.819640636,-0.615705013,3.965710878,-0.862702370,1.612728357,1.361519337,2.159952879,-1.018246412,-1.499970198,-1.028707743,-0.407259434,-1.903928757,0.860366166,-1.566552639,-0.142342925,-0.092434533,-0.937663198,-0.574000835,-0.829557598,-1.807449222,-0.045600049,-0.647059083,0.900677621,-8.357094765,6.349215031,-0.810533822
524,10479.992,1786880124581.439,14912399.374,0.000000000,-0.887684286,-2.964572906,-0.828577876,0.545451403,-0.727014661,4.196063995,-0.624308050,1.971066475,2.040390491,2.095997334,-2.212466717,-1.832152247,-0.533661783,-0.371573240,-2.508734703,1.098028302,-1.455036163,-0.121430337,-0.200792819,-0.596332371,0.042913031,-0.273608029,-1.717524290,0.102201112,-0.631647646,0.466060549,-8.832910538,6.501856327,-0.978914797
525,10499.994,1786880124601.440,14912419.375,0.000000000,-0.950555384,-2.668487072,-0.327951521,0.249188840,-0.268588573,3.138588428,-0.342729181,2.110260248,2.234477520,1.710033536,-2.377810717,-1.263026595,-0.147402748,-0.387732625,-2.920432329,1.248587012,-1.114585280,-0.183893830,-0.049024642,-0.396439523,0.721545637,-0.379827380,-1.108084559,0.062662639,-0.740968406,-0.482694298,-8.895165443,6.485908508,-1.227203846
526,10519.993,1786880124621.440,14912439.375,0.000000000,-1.196946025,-2.356080055,0.464872539,0.455556899,-0.148886904,1.358935595,-0.216838345,2.007240534,1.410827041,1.836233497,-2.255345106,-0.825573981,-0.015688945,-0.279109329,-3.117811203,1.003528118,-0.895569026,-0.161749125,0.020916365,-0.251577079,1.135482669,-0.706663370,-0.868156016,-0.069541089,-0.920208752,-1.391276479,-8.822069168,6.708879948,-1.385396719
527,10539.992,1786880124641.439,14912459.374,0.000000000,-1.339785099,-1.923860788,0.777715266,0.602307677,-0.071212500,-0.049933579,-0.309710443,1.921715379,-0.160918295,1.954172730,-2.106406927,-0.642813563,-0.369569242,0.016858932,-2.951266050,0.545108140,-0.719214857,-0.061478887,0.046636127,-0.164095208,1.036262155,-1.060804963,-0.819467366,-0.245897785,-1.084145427,-1.960965037,-8.316336632,7.055136204,-1.330385923
528,10559.993,1786880124661.440,14912479.375,0.000000000,-1.417327881,-1.550888419,0.666717231,0.652786672,0.008377073,-0.688955486,-0.339004725,1.337200522,-1.877281308,1.724924684,-1.676646948,-0.594230592,-0.870465219,0.332652986,-2.838846207,0.331333756,-0.585438788,-0.009393308,0.322384536,-0.204094544,0.870228171,-1.133603692,-1.197069287,-0.270161003,-1.164777875,-2.181967974,-7.950749397,7.249932289,-1.213906884
529,10579.993,1786880124681.440,14912499.375,0.000000000,-2.124673843,-0.394920051,1.194039583,1.934922218,0.479921639,-0.150839999,-0.399570763,0.467887312,-2.607055426,0.092343226,3.885833263,-0.209475502,-1.970903754,-0.032285783,-0.792898655,-0.228069335,-0.832410991,-0.211680889,0.264476389,-0.588483393,0.549934328,-0.654204905,-1.779140592,-0.415843248,-1.005658031,-1.750462055,-7.463617325,6.787660122,-0.990429461
530,10599.992,1786880124701.439,14912519.374,0.000000000,-2.341525316,0.413689017,2.100535870,1.533421636,0.222489074,-0.295753807,0.421273500,-0.170891449,-2.483823776,-0.960726380,5.725611210,0.196975186,-2.571684599,-0.234002769,-0.121410906,-0.961350441,-1.509891152,-0.379347056,0.152768135,-0.854556143,-0.036766399,-0.218372941,-2.290895224,-0.457652181,-1.231668472,-1.802930951,-6.455033779,5.532100201,-1.261841297
531,10619.992,1786880124721.439,14912539.374,0.000000000,-1.985813856,0.882009625,1.776432872,1.198254824,0.155051455,-0.297799200,0.663647354,0.028495405,-1.007552505,-0.731604218,4.823653221,0.432651162,-2.854480982,-0.000684831,-1.015150428,-0.909594417,-1.744989514,-0.303238511,0.017423593,-1.018908739,-0.242368624,-0.044065244,-2.357204914,-0.640859902,-1.146093011,-2.164299488,-5.369866848,4.414338589,-1.650040269
532,10639.994,1786880124741.441,14912559.376,0.000000000,-1.054196358,-0.003001317,1.163283229,0.621502697,0.041037604,-0.873471498,0.763553679,-0.228457212,0.469763875,0.012840789,3.328687429,0.220040694,-2.729776859,0.482295632,-1.210718989,-0.592687130,-1.893189430,-0.230275780,0.062559418,-1.095081091,-0.265081853,-0.022328341,-2.263286829,-0.737503946,-1.064344883,-2.495105743,-4.430529118,3.958461046,-2.127745390
533,10659.995,1786880124761.442,14912579.377,0.000000000,-0.649894416,-0.626958191,0.802949727,0.746681154,-0.177808538,-0.932392299,0.467933953,-0.618992090,1.459443808,0.514217913,2.699573278,-0.043676045,-2.289472818,0.574133873,-1.213035464,-0.398095012,-1.593445778,-0.177392781,0.040237658,-1.180867791,-0.101521775,0.060933068,-1.952934742,-0.747647405,-0.908740342,-2.658006430,-3.872517824,3.665583372,-2.425795555
534,10679.992,1786880124781.439,14912599.374,0.000000000,-0.913340330,-0.785663068,0.317888439,0.952554166,-0.355504215,-0.671556950,0.195896983,-0.572426200,1.848681450,0.673723042,2.718599081,-0.419607192,-1.698012471,0.455971539,-1.256127715,-0.168526441,-1.402426720,-0.190008506,0.061183147,-1.123454690,0.167154565,0.228983045,-1.676232696,-0.630009174,-0.822486579,-3.066074371,-3.703946352,3.653585434,-2.554934263
535,10699.993,1786880124801.440,14912619.375,0.000000000,-1.686396360,-2.133484125,0.433320254,1.143473387,-0.270590574,-0.928483844,-0.149883047,-0.302814960,2.697925568,0.834847391,0.555878758,-0.847580492,-1.548087597,0.315507829,-1.599763870,0.480881929,-1.624641895,-0.053813342,0.209215820,-0.762536347,0.350494891,0.408983260,-1.654437780,-0.467840642,-0.802556932,-3.527051687,-3.750434160,4.346033573,-2.517054558
536,10719.993,1786880124821.439,14912639.374,0.000000000,-1.998415828,-1.948556662,0.950043678,0.982031167,0.065480605,-1.965899229,-0.313652277,0.490071803,1.694335818,1.057885051,-0.795464277,-0.847638488,-1.515140891,0.348677576,-2.611214161,0.937603593,-1.459289432,0.036713328,0.262201458,-0.415992260,0.669750988,0.126524806,-1.536247611,-0.457736164,-0.898593783,-3.571699142,-4.019766808,5.237282276,-2.419631243
537,10739.995,1786880124841.442,14912659.377,0.000000000,-2.442402840,-1.567595482,1.215392113,0.776032507,-0.241409808,-2.632614613,-0.567366660,1.014211059,0.006741405,1.642064095,-1.269935250,-0.268378645,-1.304583549,0.476560146,-3.384265661,1.287297487,-1.315303087,0.120947391,0.430733711,-0.283428580,0.895382524,-0.289050192,-1.526462317,-0.575416923,-0.896628082,-3.418043613,-4.495591640,6.106577873,-2.181493044
538,10759.994,1786880124861.440,14912679.375,0.000000000,-2.489804268,-1.583113432,0.871391177,0.469569206,-0.122170731,-1.627521873,-0.679534256,1.122006536,-0.677752316,1.838629246,-1.359778523,0.192610726,-1.475477815,0.534489453,-3.598440170,1.195191741,-1.405304551,0.052863922,0.613090456,-0.270757526,0.695492804,-0.189719021,-1.659718275,-0.654271066,-0.920152247,-3.220755816,-4.953963280,6.919766903,-1.758797526
539,10779.993,1786880124881.440,14912699.375,0.000000000,-2.075852871,-1.937378287,0.523815811,0.325263053,-0.109592579,0.124818042,-0.651535451,1.271299243,-0.530509174,2.123861074,-1.115507722,0.227749810,-1.856359243,0.464835227,-3.166244030,1.062372923,-1.617986202,0.025660034,0.546696842,-0.319524348,0.170780137,0.092531122,-1.815515280,-0.667160928,-0.823263407,-2.764791965,-5.227978706,7.788028240,-1.320315361
540,10799.993,1786880124901.440,14912719.375,0.000000000,-1.884347200,-2.251352310,0.640554488,0.333844781,-0.357691228,0.774114609,-0.680054247,1.264873147,-0.803481281,2.744076967,-0.265536696,0.135196343,-1.937620997,0.530013382,-2.779481649,0.796055675,-1.657029390,0.049896773,0.663249552,-0.380496174,-0.055954445,0.145623788,-1.903377056,-0.657020807,-0.822624505,-2.014459848,-5.484134674,8.317001343,-0.747876763
541,10819.995,1786880124921.441,14912739.376,0.000000000,-2.074902773,-1.896968484,1.463648796,0.833863437,-0.165402412,0.819696546,-0.793909013,0.909872055,-1.106994987,2.205471277,3.099254847,0.460669696,-1.999620080,0.677099884,-1.449438095,0.238565505,-1.678745747,-0.052233968,0.843692124,-0.717492521,-0.124532476,0.227575898,-1.751127005,-0.675947309,-0.697662175,-0.831737041,-5.605236053,8.208842278,-0.183215991
542,10839.993,1786880124941.440,14912759.375,0.000000000,-2.765178680,0.115097985,2.102857113,1.315263629,0.700659513,0.302796066,0.375647962,0.084997281,-1.299785733,0.621737599,7.647217274,0.785916328,-1.893987179,0.495263755,0.508469105,0.019620501,-1.782884121,-0.445304573,0.249453545,-1.125737309,-0.233948752,0.742917061,-1.490015864,-0.532972753,-0.689379692,0.021600258,-5.491338730,7.136720181,-0.774962902
543,10859.993,1786880124961.440,14912779.375,0.000000000,-2.265831709,0.582514107,2.741222858,1.147649169,0.537301421,-1.215337753,0.781270444,-0.084328234,-0.558449328,0.452426761,5.615775108,0.925178349,-1.380370975,0.331656039,-0.361760408,0.039956741,-1.534072042,-0.542567253,0.125648707,-1.122667670,0.117386922,1.022799969,-1.239376664,-0.872361600,-0.675830007,0.198070914,-4.921845436,5.744996548,-2.194660187
544,10879.992,1786880124981.439,14912799.374,0.000000000,-1.855121374,-0.312315643,2.629148960,0.946754456,-0.118023291,-3.105938196,-0.192314461,-0.317963988,1.813118339,1.753787994,3.903081894,0.293176413,-1.461271048,0.624369502,-0.498319954,0.882453680,-1.603569031,-0.189534575,0.283212453,-1.019406080,0.151249871,1.011339903,-1.301241636,-1.180722237,-0.680354059,0.319189876,-4.793529510,5.288991451,-2.987818480
545,10899.992,1786880125001.439,14912819.374,0.000000000,-2.119845867,-1.359794378,1.463821769,0.842239439,-0.551126838,-2.410172701,-1.151301503,-0.749231398,4.003648758,2.005479097,2.514309168,-0.494272619,-1.789469242,0.242341101,-1.145191193,1.499864459,-1.916081905,0.013231974,0.338485420,-1.002930999,0.180192932,1.085898161,-1.046622753,-1.115474463,-0.482767284,0.414174825,-5.060223103,5.573068142,-3.252267599
546,10919.993,1786880125021.439,14912839.374,0.000000000,-2.139378309,-1.969649196,-0.127777889,0.445886314,-0.594423473,-0.111469805,-1.068805218,-0.919224441,3.693829775,1.840373993,1.531259656,-1.162505746,-1.451842070,-0.328137577,-1.694165230,1.412651181,-2.364887714,-0.032797847,0.381740540,-0.976523340,0.009083953,0.628503561,-0.837247193,-0.835624099,-0.408159256,0.182874203,-5.865042686,6.516861439,-3.542038679
547,10939.993,1786880125041.439,14912859.374,0.000000000,-2.923768997,-2.189872742,-0.255819470,0.545886099,-0.586912751,2.205284357,-0.809551179,1.337349296,2.529131413,1.752070189,-1.189336658,-1.695890307,-1.520211577,-0.315518498,-2.995782852,2.070878983,-2.486467600,-0.108128220,-0.011937007,-0.790714741,-0.136651963,-0.344689369,-1.112015128,-0.761132658,-0.433175147,-0.142896771,-6.418680191,7.331668377,-3.411343813
548,10959.992,1786880125061.439,14912879.374,0.000000000,-2.809479952,-1.753867865,0.525053501,0.283712208,-1.033481121,3.168559074,-0.896739066,2.684847593,0.391679317,1.979172587,-1.135750175,-0.444187284,-0.958015263,0.114439860,-3.133810520,2.186043501,-2.058450222,0.089425594,0.157035023,-0.807665884,0.007717919,-1.729793668,-0.615327656,-1.031028271,-0.525030673,-0.524165392,-6.596678734,7.426417828,-3.267616987
549,10979.992,1786880125081.439,14912899.374,0.000000000,-3.141733646,-1.473516703,1.638541222,0.452416033,-1.142958999,1.829644084,-0.689108253,3.490882635,-1.226015806,2.279327631,-1.006648898,0.205899581,-0.529729545,0.617620766,-3.213053942,1.878844261,-1.756318927,0.296534330,0.177959353,-0.769320130,0.227080002,-1.997754216,-0.420324475,-1.081250072,-0.500762284,-0.733166635,-6.527804375,7.631553173,-3.256036758
550,10999.993,1786880125101.440,14912919.375,0.000000000,-3.560955524,-1.264230967,2.408542633,0.599757433,-0.919613123,-0.698026955,-0.709478557,2.798383236,-1.279141665,1.898692966,-0.483851343,0.327980667,-0.561456621,0.924323857,-2.709078789,1.442356467,-1.582477331,0.211744577,0.055496238,-0.592660725,0.156535134,-0.477276802,-0.347639769,-1.229363203,-0.587634563,-0.388149828,-6.003074646,7.909919739,-3.038316965
551,11019.994,1786880125121.441,14912939.376,0.000000000,-3.827640533,-1.322250247,2.379891396,0.560624719,-0.806476355,-2.715161085,-0.754038870,1.193913579,-0.194316983,1.172006488,0.402629435,0.091915697,-0.931809008,0.943553209,-1.816520095,1.551553845,-1.752070904,0.110277981,0.112882905,-0.551584423,-0.168543398,1.332505345,-0.258915216,-1.369994402,-0.594171464,0.840859175,-5.678426743,8.068035126,-2.470133066
552,11039.992,1786880125141.439,14912959.374,0.000000000,-3.348292112,-1.055942774,2.698441744,0.785190344,-0.447874010,-3.544576406,-1.059199929,-0.346560091,1.014527321,0.938991189,4.097144604,0.140617058,-1.288801789,0.853577971,0.029946340,1.643355608,-2.387980938,-0.213720471,0.198629349,-0.587750316,-0.663242996,1.944199204,0.187254444,-1.169765115,-0.604068458,2.055871010,-5.400930882,7.398453712,-2.120689869
553,11059.993,1786880125161.440,14912979.375,0.000000000,-2.817047119,-0.549243987,2.682727337,1.078264356,0.412568122,-3.700890303,-0.673766077,-1.578597188,0.830941200,0.903738499,6.773230076,0.289899826,-1.211442113,0.841387868,0.922780395,1.526338816,-2.854229450,-0.547497869,0.086383633,-0.730190337,-1.022268772,2.343458414,0.507528067,-1.049236298,-0.773084581,3.136711597,-5.048919201,6.322489262,-2.285250187
554,11079.996,1786880125181.443,14912999.378,0.000000000,-2.857920647,-0.221908256,2.555832148,1.084408522,0.127973244,-3.849665880,-0.298812240,-1.051192164,0.998349845,1.008256316,6.423990726,0.282708704,-1.126876593,0.804539382,0.770242214,2.026179790,-3.094098091,-0.454867721,0.051230155,-0.667337894,-1.132011890,2.847864389,0.689992309,-1.115418553,-0.861003757,3.637924433,-4.747613430,5.276005268,-2.706860781
555,11099.995,1786880125201.442,14913019.377,0.000000000,-2.766700983,-0.371416152,2.078551292,1.094316483,-0.374037802,-2.725478411,-0.565247536,-0.424325883,1.945300579,1.274565816,5.511765003,0.219641492,-1.077007055,0.708150506,0.582946420,2.511301041,-3.088183403,-0.312937021,0.096767850,-0.776549280,-1.020354986,3.283311605,0.720847070,-1.126211047,-0.801069319,3.651608467,-4.612510681,4.654414654,-3.020235062
556,11119.991,1786880125221.438,14913039.373,0.000000000,-2.619085312,-0.876373887,2.098804474,1.076025248,-0.801611900,-1.722604036,-0.719718039,-0.952929378,3.010320663,1.583600402,4.073477268,0.145823166,-1.412554979,0.455577433,0.695206642,3.642546177,-3.007463932,-0.095400557,0.105065994,-0.891618371,-0.856835961,3.253281832,0.650881112,-1.002345920,-0.751665115,3.166833162,-4.802779198,4.551238537,-3.356744051
557,11139.991,1786880125241.438,14913059.373,0.000000000,-2.516630411,-0.974106252,1.854336619,1.118811011,-0.928479493,-0.123502731,-0.669682264,-1.368636370,2.687269211,1.701628208,3.664670467,0.136479929,-1.722549558,0.177750677,0.664232790,3.961370945,-2.864255428,-0.095553070,0.067659304,-0.891261160,-0.639482379,3.279142380,0.659207284,-0.728341937,-0.718415499,2.891005754,-5.425946236,4.962563515,-3.514996767
558,11159.994,1786880125261.440,14913079.375,0.000000000,-2.806037903,-0.987958610,2.428517580,1.249514341,-1.034830451,0.434889168,-0.625926673,-1.111549497,1.656907916,1.736606956,2.590540171,-0.009092283,-1.944351435,-0.144922853,1.159765959,4.480259895,-2.442428827,-0.083885491,-0.314794183,-0.775948346,-0.541395605,3.166374922,0.578908145,-0.651241064,-0.613190114,2.732570887,-6.698585510,5.458572865,-3.439336300
559,11179.994,1786880125281.441,14913099.376,0.000000000,-2.928612232,-0.568286896,3.804231882,1.304333091,-0.820192635,0.069259346,-0.639369309,-0.502377272,0.346638918,1.853421807,2.832023144,0.518685997,-1.999989748,-0.005509291,1.469569445,4.517276764,-2.241036654,-0.111852914,-0.429475904,-0.783115566,-0.447167337,2.771363020,0.518306732,-0.647046804,-0.521160305,2.855483532,-7.539990425,5.777894497,-3.539478064
560,11199.994,1786880125301.441,14913119.376,0.000000000,-3.076853991,-0.155753747,4.667234898,1.399864793,-0.319191575,-0.335648179,-0.673908889,-0.609755039,-0.542440474,2.160835743,4.509581089,1.336611867,-1.830103636,0.197470844,1.711295485,4.380629063,-2.161390543,-0.292186975,-0.265265465,-0.666771293,-0.396300793,2.337056875,0.546197712,-0.643249929,-0.370075464,3.064894438,-7.928535938,6.008890152,-3.994995832
561,11219.992,1786880125321.439,14913139.374,0.000000000,-3.016350031,0.555520356,4.577338696,1.047168493,0.635418355,0.342702359,-0.305592984,-1.619902372,-1.195310593,2.269379377,6.397283077,2.366820097,-1.629798412,0.377889931,1.468925238,4.107565880,-2.092792988,-0.463573217,-0.096883811,-0.677370548,-0.111543104,1.445566654,0.582697690,-0.418239266,-0.272885501,3.232137918,-7.893972397,5.829414845,-4.953628540
562,11239.992,1786880125341.439,14913159.374,0.000000000,-2.576053143,-0.065979883,4.083863735,0.922891796,-0.343282163,1.105307817,0.184794441,-0.725601494,-0.919162691,2.494985342,4.527937412,2.302156687,-1.369590640,0.438826233,1.536318064,3.821283102,-1.892872691,-0.320012718,-0.203178227,-0.435644269,0.168297037,1.412088275,0.979147613,-0.472603709,-0.039974332,2.765601397,-7.536839485,5.679529190,-5.778669357
563,11259.992,1786880125361.439,14913179.374,0.000000000,-2.532725334,-0.633064389,4.196878910,1.007167697,-1.318552613,1.738177776,0.408784807,0.288958222,0.005067919,2.433630228,2.013771772,2.101444721,-1.112551332,0.275623977,1.671769381,2.905706167,-1.001719594,-0.301812321,-0.422891051,-0.287960380,0.570289254,1.275439024,1.200448871,-0.674407005,0.097221434,2.591046572,-7.698238850,5.534994125,-6.406263828
564,11279.995,1786880125381.442,14913199.377,0.000000000,-2.223690510,-0.832977831,4.906779766,1.003844500,-1.573083162,1.005118966,0.349657327,-0.234704241,0.991074145,1.929884315,1.551553369,2.306835413,-1.219146609,0.221932948,1.777653694,2.366372585,-0.314372420,-0.255633444,-0.432274729,-0.309004873,0.721558094,1.480796099,1.175653458,-0.711493134,0.060262948,3.152732372,-7.903629780,5.083569050,-6.610445023
565,11299.995,1786880125401.442,14913219.377,0.000000000,-2.387928486,-0.603660643,5.093060493,0.980401754,-0.854072928,-0.794771194,-0.188181922,-1.570094824,1.897845745,1.208751559,2.937340736,2.672745466,-1.770199776,0.122596085,2.134931087,2.419784546,-0.479394108,-0.342482358,-0.209564477,-0.399689317,0.584268510,2.031584024,1.252717257,-0.618005395,-0.002680359,4.019804478,-8.071349144,4.508579254,-6.816829681
566,11319.993,1786880125421.440,14913239.375,0.000000000,-2.671505928,-0.270081580,4.737830639,0.957253039,-0.297650397,-1.266009808,-0.372166067,-1.966181636,2.098502159,0.815732956,4.120851517,2.813076735,-1.937949777,0.137522340,1.915964961,2.350809097,-0.840901911,-0.438532412,0.004956208,-0.522622943,0.599217832,2.352648258,1.326639295,-0.626455843,-0.072304964,4.178047657,-7.636090279,3.754739761,-6.972229958
567,11339.993,1786880125441.440,14913259.375,0.000000000,-2.910595894,-0.180189982,3.585828781,0.685207367,-0.941942155,-1.120184183,-0.239733055,-1.629290819,2.297938108,0.731704533,3.543363571,2.149407387,-2.017253399,0.136067390,1.712185264,2.370994091,-1.278876185,-0.361380368,0.000925861,-0.245514587,0.514576733,2.607210875,1.538701415,-0.554196119,-0.006167812,4.142552853,-7.260007858,3.287100077,-7.511542320
568,11359.995,1786880125461.442,14913279.377,0.000000000,-2.850213528,-0.159488395,3.014785290,0.679787874,-1.536094069,-0.957506835,-0.311141521,-1.221102238,2.398146868,0.702759624,3.148109913,1.556171894,-1.727868676,0.091757536,1.580036879,2.396789551,-1.432739735,-0.342902660,-0.011760868,-0.042914394,0.489241660,2.783739328,1.810033917,-0.583406687,0.017976390,4.661421299,-6.855373859,2.949685574,-7.760823250
569,11379.994,1786880125481.441,14913299.376,0.000000000,-2.739640713,-0.112843558,2.659904718,0.907027900,-2.091655731,-0.602401257,-0.426691890,-0.881610572,2.070577860,0.726835608,2.384762526,1.293169022,-1.527704120,0.217916429,1.459476590,2.344006062,-1.635699630,-0.284859389,-0.075857602,0.096629359,0.375145555,2.735101700,1.975612283,-0.434860051,-0.100325629,5.399565220,-6.854901791,2.795906067,-7.805389881
570,11399.994,1786880125501.441,14913319.376,0.000000000,-2.445439577,0.017961755,2.533758402,1.166734338,-2.159486055,-0.242734253,-0.578572690,-0.816433728,1.510657310,0.761651337,2.429537773,1.544829965,-1.332429647,0.516574025,1.243505478,1.927126646,-1.668148279,-0.333125532,-0.010456301,0.128021970,0.429342777,2.271338224,2.114619255,-0.327256858,-0.233832017,5.832137108,-6.638368130,2.699090958,-7.839038849
571,11419.995,1786880125521.442,14913339.377,0.000000000,-2.322956800,0.091880485,2.448815346,1.063420892,-2.086420298,-0.469539016,-0.481983989,-1.202250957,1.349111438,0.826148391,2.754731894,1.787035584,-1.059133768,0.713117719,1.218762398,1.527688384,-1.890698314,-0.278192431,0.109825678,0.229301751,0.418157101,2.201687336,2.438183784,-0.250911504,-0.285291672,6.060400486,-6.207260132,2.573823929,-8.012802124
572,11439.993,1786880125541.440,14913359.375,0.000000000,-2.219089031,-0.048441634,2.442296028,1.015954494,-1.996695876,-1.005732775,-0.411461860,-1.662017465,1.436469197,0.893472195,2.994058132,1.601519465,-0.873966753,0.844966888,1.170477867,1.457648039,-2.195185423,-0.196179360,0.206373692,0.436818987,0.358488798,2.606181145,2.742706537,-0.142744139,-0.398996800,6.486385345,-5.853989601,2.413830280,-8.424140930
573,11459.994,1786880125561.441,14913379.376,0.000000000,-2.264340162,-0.032576337,2.607930899,0.980702758,-1.977590680,-1.205051661,-0.381148160,-1.706946015,1.621545076,0.983919442,3.074088335,1.789417505,-1.070128798,0.856485367,1.295122623,1.376904845,-2.529657841,-0.144519180,0.163416743,0.632124841,0.321237683,2.747115135,2.777440310,-0.119972862,-0.384844065,6.893115520,-5.577292442,2.216591358,-8.871352196
574,11479.992,1786880125581.439,14913399.374,0.000000000,-2.160796881,0.765506387,-1.346296906,-0.656764090,-1.102583289,-0.383488595,-0.568285644,-1.532389045,0.885341227,1.603781104,3.243152380,0.083614066,-1.026518226,0.634851813,0.481900245,2.822875023,-4.211421967,0.023989704,0.502364457,0.635844827,0.933310688,1.185763836,2.968359709,0.261519909,-0.356502622,5.095451355,-4.754414558,2.641736269,-9.279591560
575,11499.995,1786880125601.442,14913419.377,0.000000000,-2.133543491,0.643492997,-1.061024308,-0.704121470,-1.478888988,0.208993971,-0.545787513,-1.481494784,1.428490639,1.908494115,3.031987429,-0.207332969,-1.273350954,0.508483410,0.437297344,3.470538855,-4.538515091,0.236769259,0.420068830,0.676873982,0.951098263,0.598062038,2.760379314,0.179505602,-0.271661282,4.114288807,-4.332752705,2.787526846,-9.460454941
576,11519.993,1786880125621.439,14913439.374,0.000000000,-2.202176571,0.674181938,0.233211428,-0.062245011,-1.937292695,-0.039578032,-0.788209498,-1.685773730,1.803503871,1.682171464,2.687240362,0.144090757,-1.660743833,0.591447234,0.635574818,3.498106003,-3.968072176,0.369801253,0.244481534,0.560436845,0.832483828,0.685912490,2.315001726,0.093702190,-0.233570650,3.630765200,-4.020100117,2.538676262,-9.259160042
577,11539.991,1786880125641.438,14913459.373,0.000000000,-2.327169895,0.843813479,0.786725104,0.386052430,-1.833478689,-0.401192129,-0.950707614,-1.743238449,1.771935821,1.526244402,2.220148087,0.192622855,-2.101571560,0.593254745,0.849024713,3.575262070,-3.153533220,0.481132627,0.045912609,0.421636611,0.901013076,0.597615302,1.651287556,-0.050354831,-0.312494248,3.092706203,-3.884264708,2.273445129,-8.936337471
578,11559.994,1786880125661.441,14913479.376,0.000000000,-2.478396416,1.063629866,0.964082122,0.314958364,-1.473374605,-0.337223142,-0.785949647,-1.466864467,1.194937706,1.430187106,2.079104662,0.050140817,-2.668509722,0.542221606,1.068499446,3.641252279,-2.479526043,0.510689557,-0.132554770,0.348965079,1.028812885,0.605825365,0.925863922,-0.122151814,-0.450064391,2.708850384,-4.022946358,2.195276737,-8.815067291
579,11579.994,1786880125681.441,14913499.376,0.000000000,-2.545484304,1.205166817,1.071971416,0.105317175,-1.177220583,-0.080704138,-0.557588756,-1.220460653,0.786147892,1.470144272,1.861254692,0.004129935,-3.069994450,0.483378053,1.361823797,3.732183456,-2.268239975,0.519248426,-0.264971852,0.342556119,1.079524875,0.640979528,0.645881176,-0.182660937,-0.582525969,2.262483358,-4.150712967,2.171363354,-8.737970352
580,11599.993,1786880125701.439,14913519.374,0.000000000,-2.460293770,1.149109006,1.126756907,-0.076321438,-1.001339912,0.240681097,-0.314916283,-1.163310528,0.600661755,1.536495090,1.512129426,0.138217315,-3.160759687,0.476159871,1.655107975,3.538560390,-2.095319748,0.457879156,-0.320797712,0.330863386,1.165159225,0.691502571,0.532537937,-0.151306421,-0.599372089,1.997015119,-4.121404648,1.937041402,-8.504245758
581,11619.997,1786880125721.444,14913539.379,0.000000000,-2.301436424,0.942059875,1.231227040,-0.009976404,-0.983656168,0.573105335,-0.358661294,-1.379264235,0.716123283,1.587698579,1.186046958,0.208761349,-2.957890749,0.444717735,1.802060962,3.267445564,-1.811532378,0.398680359,-0.308176458,0.329843938,1.259393215,0.779598117,0.522847593,-0.204775885,-0.593202174,1.997596860,-4.129852772,1.776772022,-8.264891624
582,11639.997,1786880125741.444,14913559.379,0.000000000,-2.132832050,0.852875113,1.269713044,0.391171336,-1.246247053,0.659968734,-0.709479094,-1.450529456,0.759592056,1.627510786,0.821007907,0.013768125,-2.706616163,0.604540586,1.947483063,3.067948103,-1.563615084,0.404067367,-0.267845094,0.327834755,1.449027300,0.783803999,0.648599684,-0.189607754,-0.615159273,2.299794912,-4.139132023,1.558595896,-8.047190666
583,11659.995,1786880125761.442,14913579.377,0.000000000,-2.140286446,0.645646989,0.817153990,0.802691519,-1.503653288,-0.397315323,-1.181652784,-1.576826453,0.625233591,1.719736934,0.582890093,-0.433807909,-2.274409533,0.704597235,1.940103292,3.192224979,-1.608307600,0.441914201,-0.300166041,0.317760527,1.499411345,0.610906422,0.903271377,-0.200879976,-0.650542319,2.637475729,-4.013329029,1.540621161,-7.608145237
584,11679.993,1786880125781.440,14913599.375,0.000000000,-2.086410761,1.156690478,1.120699644,0.769072175,-0.658592880,-1.957058311,-1.131386042,-1.630801797,1.860186100,1.454226613,1.619372487,0.760719955,-2.310114145,0.278412580,2.463109732,3.767664909,-2.412706137,0.090808034,-0.170819104,0.951430976,1.076367617,1.771865845,1.169801235,-0.131925091,-0.425784916,3.775675058,-4.719411850,1.820222378,-7.325074196
585,11699.994,1786880125801.440,14913619.375,0.000000000,-1.874650836,0.751474321,1.968799710,1.264946222,-0.723378181,-3.617178679,-0.832860529,-0.343173295,1.048300028,1.352814555,-0.090440020,1.076792121,-2.740262508,0.413598567,3.283409119,3.422180176,-1.990618467,-0.444927841,-0.545417845,1.548022151,0.870844901,1.487604976,0.735101163,0.180724636,-0.030997409,4.832404137,-5.913740158,2.300145626,-6.652253151
586,11719.993,1786880125821.440,14913639.375,0.000000000,-2.839348078,2.031843662,2.629252434,0.638672650,0.444044620,-3.590367317,-0.927506685,0.301564306,-0.245715424,0.768327653,1.125558019,1.444618106,-3.035294771,0.469985843,2.878859997,2.466585159,-1.451844573,-0.660481036,-0.245661795,0.908490896,0.875182331,0.769760013,-0.307449132,0.143611327,0.101892859,4.851259708,-6.339762211,2.637663364,-5.975564003
587,11739.996,1786880125841.443,14913659.378,0.000000000,-2.583245754,2.243446350,1.949688792,0.847613156,1.362377882,-1.218127489,-0.526875079,-0.725568771,-1.223048091,0.791415632,3.108171225,0.988684595,-2.954862833,-0.600422800,1.752108216,1.614965320,-1.855860710,-0.275048584,-0.039616786,0.462833881,0.670011759,-0.255536914,-0.782369375,0.121269085,-0.094379500,4.168798447,-6.462951183,2.673786640,-5.488618851
588,11759.993,1786880125861.440,14913679.375,0.000000000,-1.962553263,1.442515016,1.100869775,0.545403779,0.192053974,0.748904109,-0.112502642,-0.194684118,-1.746300697,1.538384795,2.523298264,0.400535822,-2.841274500,-0.641516685,0.791909158,0.498609096,-2.292263985,-0.188993961,0.069504552,-0.170966297,0.497925401,-1.040192246,-0.893064141,-0.075839646,-0.472899020,3.285171509,-6.449624062,2.954754591,-5.663041115
589,11779.993,1786880125881.440,14913699.375,0.000000000,-1.460479498,0.412358105,0.873947501,0.425393075,-1.150149345,1.719043970,-0.049103245,0.759226978,-2.517137289,2.062278509,1.289457440,0.213851526,-1.907187462,-0.548055470,-0.426746964,-0.521023691,-2.048687935,-0.245676011,0.120178021,-0.881945372,0.689005256,-1.607369423,-0.931786239,-0.047163390,-0.476089746,2.410913706,-6.097075462,3.418502569,-5.553807259
590,11799.993,1786880125901.439,14913719.374,0.000000000,-0.857338190,-0.306492984,-0.089280471,0.311217785,-1.704496980,2.182267904,0.004287420,0.157641336,-2.033880949,2.496909618,0.636375844,-0.800040066,-1.189444304,-0.588188946,-0.626717091,-0.729073048,-1.380837202,-0.199830502,0.224539697,-1.203682780,0.872929513,-2.267911196,-0.697912395,-0.024672827,-0.514558613,1.544450164,-5.695438385,3.914871216,-5.278022766
591,11819.993,1786880125921.440,14913739.375,0.000000000,-0.276175827,-1.020905137,-1.198466659,0.453057230,-1.599366307,2.482146502,-0.131662399,-0.175833330,-0.515544891,1.974182606,-0.184560791,-2.075668097,-0.718222558,-0.953694820,0.383079588,-0.532545686,-1.018806100,-0.057097021,0.057844222,-1.187098861,0.989611685,-2.826419592,-0.315243810,-0.047054790,-0.530444562,0.663484275,-5.022620678,3.889384270,-4.773293495
592,11839.999,1786880125941.446,14913759.381,0.000000000,0.008071695,-1.367154717,-1.915130734,0.546999037,-1.515591860,2.186499357,-0.433401167,0.565045059,0.612962425,1.535460472,-0.273428440,-2.858652353,-0.380031168,-0.919413686,0.394610018,-0.419840753,-0.658596635,-0.166835099,0.192908257,-1.167868495,1.017420888,-3.261067629,-0.031161979,0.181109890,-0.772463441,-0.158617854,-4.819272041,3.691525221,-4.201123238
593,11859.996,1786880125961.442,14913779.377,0.000000000,0.022438120,-1.174552441,-1.782095313,0.492988646,-1.449028730,0.769496560,-0.649681091,0.776929557,1.936842084,1.156433105,-0.024391826,-3.034350157,-0.092739969,-0.437522888,1.040111780,-0.386725694,-0.248553947,-0.222302049,0.250121325,-1.079734325,1.408352137,-3.340503454,0.029134698,0.351460099,-0.948071182,-1.116556883,-4.327985764,3.953422546,-3.606621981
594,11879.993,1786880125981.440,14913799.375,0.000000000,0.006131332,-1.397329450,-0.992637336,0.745175362,-1.484112382,-1.009815931,-0.857856691,0.954882383,2.182517529,0.977436364,-0.286901712,-2.596118927,-0.166166261,0.092513189,1.768788576,0.032725595,-0.554789424,-0.288970947,0.018861890,-0.616891444,1.389634132,-2.680794954,-0.022049531,0.514059007,-1.191454411,-1.756532192,-4.271463871,4.179911137,-3.425510406
595,11899.993,1786880126001.440,14913819.375,0.000000000,-0.770432353,-0.970843494,-0.385653466,0.644422114,-1.239010215,-2.151672602,-0.903625131,1.356451154,1.912187099,1.418046832,-0.142147422,-2.051378489,-0.542393029,0.899304271,1.748016119,0.510612190,-0.795409203,-0.490520209,-0.439611197,-0.166935354,1.161614895,-1.826156497,-0.319352597,0.365555376,-1.393247724,-2.010430336,-4.196528435,4.434826374,-3.212839127
596,11919.993,1786880126021.439,14913839.374,0.000000000,-1.356657267,-0.636530101,0.082935542,0.778477252,-0.623917043,-1.906179905,-0.842373610,0.959605753,0.806594372,0.918536603,0.317443877,-1.387765884,-1.098021626,0.208142102,0.974524379,1.146030068,-1.115560412,-0.203142017,-0.555168867,0.197396517,0.816096723,-1.363625646,-1.144645095,0.231618628,-1.591859937,-2.186998129,-4.058257103,4.910290718,-3.094474077
597,11939.993,1786880126041.440,14913859.375,0.000000000,-1.693540812,-0.894571066,0.346588641,0.801890969,0.009267425,-0.952043891,-0.629770815,0.239290670,-0.733466208,0.372697294,1.130638242,-0.966346562,-1.891406894,-0.638599932,0.004856458,1.422122836,-1.228911757,-0.128536314,-0.506044567,0.319964409,0.355648965,-1.347950339,-2.067513227,0.133272126,-1.588987827,-2.328085184,-3.967233181,5.241071224,-2.996917009
598,11959.994,1786880126061.441,14913879.376,0.000000000,-1.471327543,-0.983888447,0.406630546,0.964985609,0.330617100,0.441263080,-0.446901590,-0.598269880,-2.178529501,-0.198202863,2.232687235,-0.544779599,-2.422613859,-1.485195756,-0.550364137,1.174699068,-1.185641766,-0.086585701,-0.238183528,0.122693531,-0.071245015,-1.896432161,-3.087136030,0.082372092,-1.485125422,-2.620362520,-3.653901339,5.290170193,-2.755167961
599,11979.994,1786880126081.441,14913899.376,0.000000000,-1.329340100,-0.777102172,0.293662399,0.954742253,0.343309224,1.324422836,0.125211969,-1.017653465,-2.864677191,-0.438684523,2.672167540,-0.201590970,-2.592846155,-1.754509211,-0.586941540,0.509238839,-1.252218008,-0.132264644,-0.072450690,-0.226750076,-0.403196752,-2.737977505,-3.920605421,0.132496193,-1.395523548,-2.966399908,-3.003929377,5.074434757,-2.146793127
600,11999.995,1786880126101.441,14913919.376,0.000000000,-1.331358790,-0.481770396,0.209243700,0.693824947,0.406724423,1.841886997,0.699837029,-1.089769721,-2.750078440,-0.490695596,2.777920485,0.067637339,-2.671565771,-1.681223631,-0.629195690,-0.072147779,-1.143767118,-0.161162287,-0.106918432,-0.578302622,-0.542656064,-2.654161215,-4.044110775,0.131831780,-1.446391702,-3.472118378,-2.373349190,4.827958107,-1.402069926
601,12019.993,1786880126121.440,14913939.375,0.000000000,-1.500700355,-0.207081497,0.255821377,0.376411647,0.353349507,2.051735640,1.114894152,-0.979421735,-2.241579294,-0.052947935,2.713118792,0.376855910,-2.433631659,-1.356922626,-0.619155467,-0.437452763,-1.007639885,-0.125531405,-0.186000824,-0.990663469,-0.563176692,-1.966652751,-3.541680336,0.006634185,-1.601463914,-4.161896229,-2.093536139,4.751506329,-0.762121737
602,12039.997,1786880126141.444,14913959.378,0.000000000,-1.443983793,-0.417701781,0.348946273,0.047016412,0.126220927,1.730809927,1.278249621,-0.901827037,-1.419363499,0.804972231,2.054023504,0.568577707,-2.102457047,-0.737917781,-0.587976635,-0.299328148,-0.939872503,-0.079590797,-0.216865778,-1.157603145,-0.448909640,-1.360660672,-2.994892597,-0.118793331,-1.627629876,-4.862660885,-2.099930763,5.055900097,-0.317665398
603,12059.995,1786880126161.442,14913979.377,0.000000000,-1.438814878,-0.769986451,0.688278377,0.075689875,-0.134486064,1.010794401,1.217322350,-0.788330734,-0.476090550,1.481693864,0.766374528,0.673667610,-1.689197540,-0.206455827,-1.083226919,0.218401760,-0.927649319,-0.029373724,-0.178233713,-1.143224835,-0.034038935,-0.865523219,-2.464745283,-0.204265773,-1.493488908,-5.308715820,-2.323529005,5.596519947,-0.183546081
604,12079.995,1786880126181.442,14913999.377,0.000000000,-1.705494642,-0.840088785,0.725601196,0.302051961,-0.194817126,0.416869074,0.826096117,-0.168897703,0.170261696,1.391886115,0.375273883,0.730211675,-1.221403241,-0.232381791,-1.386765242,0.795914888,-0.789247811,-0.083493978,-0.208757490,-0.940950334,0.465151668,-0.462521225,-2.050194979,-0.253533751,-1.429944873,-5.599954605,-2.734843493,6.272816181,-0.392525464
605,12099.998,1786880126201.445,14914019.380,0.000000000,-1.810451508,-0.734586954,0.716834664,0.500270903,-0.287591785,-0.359005123,0.537975848,0.262011498,0.676849246,1.170076132,0.137174219,0.707620502,-0.949024856,-0.276090950,-1.785883069,1.138092518,-0.695494711,-0.097919360,-0.202222824,-0.681429923,0.778862596,-0.219122544,-1.905122042,-0.214300588,-1.486163616,-5.704811096,-3.200437069,6.827139378,-0.638087273
606,12119.994,1786880126221.441,14914039.376,0.000000000,-1.851233482,-0.655789316,0.617884219,0.673869908,-0.351669163,-0.910936117,0.323607832,0.462342471,0.997608125,1.032995105,0.114143327,0.634826541,-0.906107962,-0.208439261,-2.070002556,1.280237079,-0.639230907,-0.110710651,-0.180482328,-0.508858144,0.808579028,-0.162537634,-1.894979954,-0.206636623,-1.543929815,-5.760156155,-3.590188265,7.173549175,-0.698134720
607,12139.994,1786880126241.441,14914059.376,0.000000000,-1.821651220,-0.647425711,0.480011404,0.757346809,-0.319874436,-0.973296165,0.202207163,0.438989311,1.142701864,0.879668057,0.239149824,0.442297757,-0.996879101,-0.102225244,-2.129725695,1.261981606,-0.611488938,-0.136431843,-0.143297166,-0.464454681,0.760570645,-0.250190705,-1.878960729,-0.151632473,-1.576620221,-5.816834450,-3.936275005,7.377335072,-0.646103561
608,12159.994,1786880126261.441,14914079.376,0.000000000,-1.787935734,-0.769584298,0.356187314,0.752653539,-0.234573171,-0.748513639,0.185909614,0.367459267,1.058177352,0.796306908,0.348668665,0.219076768,-1.255854964,0.032871034,-2.134002447,1.142570853,-0.586303234,-0.168720573,-0.089621507,-0.469744295,0.646954477,-0.389765650,-1.964134216,-0.109898023,-1.584300995,-5.862225533,-4.255991459,7.429481983,-0.494420201
609,12179.993,1786880126281.440,14914099.375,0.000000000,-1.740122080,-0.937589228,0.258623272,0.693789780,-0.128700152,-0.500135541,0.259747356,0.262531251,0.824621081,0.826470196,0.373830229,-0.000904690,-1.481418729,0.111247659,-2.145787477,0.944882631,-0.536830008,-0.179789335,-0.077457719,-0.561604321,0.579402745,-0.616293907,-2.043601990,-0.057725422,-1.548707604,-5.845455647,-4.441895008,7.441076756,-0.369370371
610,12199.995,1786880126301.442,14914119.377,0.000000000,-1.647525787,-1.035319448,0.259742796,0.607034624,-0.067873716,-0.366953701,0.374271780,0.175620332,0.481860012,0.960101068,0.367229134,-0.091441885,-1.578692794,0.121561885,-2.050722361,0.784788966,-0.483672529,-0.179647982,-0.087449409,-0.627757490,0.604046106,-0.826762080,-2.106288671,-0.039406024,-1.515171289,-5.801143169,-4.586806297,7.467208385,-0.180367336
611,12219.998,1786880126321.445,14914139.380,0.000000000,-1.499219060,-1.084952116,0.235773981,0.511020958,-0.034796298,-0.265241742,0.486080259,-0.046230968,0.122421533,1.034196138,0.456510246,-0.034946870,-1.519813180,0.128293365,-1.852292657,0.697989225,-0.396277219,-0.185689390,-0.073460229,-0.718844771,0.663378060,-0.935276270,-2.153371334,-0.068119340,-1.505180001,-5.845594406,-4.634409904,7.539963245,0.003649991
612,12239.995,1786880126341.441,14914159.376,0.000000000,-1.379907846,-1.177905560,0.219094336,0.453934520,0.018702259,-0.246979892,0.587162435,-0.198289394,-0.137337640,1.145862341,0.501249611,0.016974468,-1.425346255,0.104864776,-1.784058571,0.685047746,-0.323289245,-0.190653712,-0.079113849,-0.794959366,0.723838866,-1.055194259,-2.158843756,-0.071711503,-1.474827886,-5.908977509,-4.683248520,7.710905075,0.178274378
613,12259.994,1786880126361.441,14914179.376,0.000000000,-1.278954387,-1.274791956,0.197044089,0.375808865,0.030925078,-0.208952278,0.643713176,-0.324772954,-0.362037808,1.252168775,0.460850805,0.079710230,-1.325987816,0.102132455,-1.792959332,0.679681599,-0.263889641,-0.211333901,-0.046203375,-0.836785972,0.785355747,-1.102569699,-2.130506516,-0.079366080,-1.465435982,-5.982493877,-4.758896351,7.957582474,0.405452996
614,12279.992,1786880126381.439,14914199.374,0.000000000,-1.146456957,-1.376187205,0.158409119,0.356245905,0.079146966,-0.149242818,0.653513670,-0.426532686,-0.466590583,1.303685308,0.455679953,0.067948237,-1.219392300,0.036469419,-1.786550760,0.701858521,-0.201699153,-0.239508420,-0.016671635,-0.843038976,0.801295578,-1.101463199,-2.118821144,-0.070564620,-1.443193197,-6.030665398,-4.841650009,8.117894173,0.669410646
615,12299.992,1786880126401.439,14914219.374,0.000000000,-1.077831626,-1.411361933,0.119748712,0.343373477,0.124960408,-0.125972226,0.693069220,-0.530240238,-0.456246108,1.316318393,0.470701188,0.046005089,-1.164218068,0.002081480,-1.766544700,0.720989585,-0.187114254,-0.276396900,0.016119078,-0.847893655,0.784537971,-1.046913624,-2.096921206,-0.078194119,-1.428804755,-6.013419151,-4.949061871,8.221055031,0.965681851
616,12319.995,1786880126421.441,14914239.376,0.000000000,-1.017284632,-1.475768924,0.063750401,0.352673680,0.176627949,-0.067626521,0.731187105,-0.617491543,-0.428678125,1.353122473,0.464819670,-0.066023782,-1.092255473,-0.026997734,-1.745009780,0.704689264,-0.203458831,-0.305747956,0.030467033,-0.868832886,0.738059819,-1.041526914,-2.063914537,-0.083406962,-1.421062231,-5.936663628,-5.033185482,8.257308006,1.308579803
617,12339.995,1786880126441.442,14914259.377,0.000000000,-1.004489541,-1.507426023,0.007560056,0.355730444,0.216081128,-0.005944144,0.769665062,-0.680674255,-0.372108608,1.328613520,0.529433608,-0.147253022,-1.003848195,-0.054810863,-1.723255634,0.701979697,-0.243572414,-0.344805181,0.054972894,-0.869778097,0.673942387,-1.004717708,-2.008674860,-0.103900515,-1.418600559,-5.786255360,-5.094658375,8.242972374,1.632261515
618,12359.996,1786880126461.443,14914279.378,0.000000000,-1.072972894,-1.427478075,0.005790401,0.434338421,0.299578995,0.148862332,0.831503391,-0.781037211,-0.384205878,1.169991970,0.829453051,-0.138069227,-0.936962128,-0.124706864,-1.626635790,0.665533662,-0.276294142,-0.381627381,0.113792531,-0.876130879,0.623799860,-0.931734443,-1.979187608,-0.117659204,-1.426781654,-5.598149776,-5.176093578,8.154627800,1.914581776
619,12379.994,1786880126481.441,14914299.376,0.000000000,-1.333991408,-0.958757758,0.091641217,0.790056169,0.469713092,0.571149170,0.923658431,-0.844350874,-0.529892325,0.668917716,2.296931744,0.030202348,-0.896217942,-0.313876152,-1.166446447,0.520960271,-0.336573273,-0.403781712,0.163732499,-0.978597343,0.576702058,-0.760007977,-1.976324677,-0.112021767,-1.400807619,-5.335526943,-5.257067680,7.887469769,2.075427055
620,12399.994,1786880126501.440,14914319.376,0.000000000,-1.809265375,-0.084529594,0.393262297,1.295410037,0.186001077,1.026471853,0.738943279,-0.335118383,-0.687580228,-0.060941007,4.351424694,0.317248285,-0.890240610,-0.363547057,-0.670108616,0.256543189,-0.460564286,-0.482048482,-0.039449491,-1.105678201,0.498114854,-0.416307449,-1.970494151,-0.117401399,-1.325451493,-5.057318211,-5.344064713,7.260255337,1.897275567
621,12419.992,1786880126521.439,14914339.374,0.000000000,-1.623266220,-0.180370852,0.662908912,1.346290827,-0.055416137,1.084181309,0.457533270,-0.206214294,-0.473551661,-0.266074717,3.678440094,0.549525082,-0.959408820,-0.340153992,-0.980053544,0.146083444,-0.594980657,-0.513778925,-0.117710270,-1.152880549,0.448563546,-0.032823659,-1.962115765,-0.134293586,-1.268975616,-4.842259884,-5.381280899,6.545971394,1.471773982
622,12439.993,1786880126541.440,14914359.375,0.000000000,-1.291175127,-0.555595815,0.511784613,1.158318639,-0.066698164,0.539593816,0.433515280,-0.217883572,-0.201765686,0.286879092,2.741505623,0.304876328,-0.924910486,-0.402234137,-1.255346060,0.211344868,-0.617649734,-0.645303488,-0.204150736,-1.142203927,0.369423777,-0.011719065,-1.979571462,-0.162533239,-1.177574515,-4.608333111,-5.467176914,6.218767643,1.116526008
623,12459.994,1786880126561.440,14914379.375,0.000000000,-0.933647275,-1.255750775,0.045738023,1.058767200,-0.295809269,0.027231459,0.050650656,-0.050412629,0.551036358,1.425910711,1.917557836,-0.261330724,-0.862128258,-0.145456344,-1.367034435,0.414746791,-0.625032902,-0.628958702,-0.250988334,-1.159235597,0.325624049,-0.170890242,-1.876408815,-0.139455006,-1.103468776,-4.490361691,-5.476909161,6.240046501,1.027913809
624,12479.993,1786880126581.440,14914399.375,0.000000000,-1.113383293,-1.946320295,-0.292690367,1.121715903,-0.360902727,-0.250571817,-0.307915121,0.267887026,1.218434572,2.123707056,0.630309165,-0.656799138,-0.700918674,0.045585521,-2.165248871,0.721147954,-0.744450152,-0.427117705,-0.315794915,-1.063685060,0.331503421,-0.230044693,-1.742560744,-0.162173703,-1.057915211,-4.539283752,-5.441254616,6.592363834,1.040877461
625,12499.993,1786880126601.440,14914419.375,0.000000000,-1.451198697,-1.887545109,-0.342178404,0.900191903,-0.049426161,-0.437528938,-0.598028839,0.506009996,1.145445228,2.167138100,-0.197353646,-0.539606750,-0.525678396,-0.046910528,-2.760502338,0.966549098,-0.870329201,-0.215781346,-0.284891695,-0.820542157,0.419015914,-0.077701636,-1.628416419,-0.214933470,-1.107001185,-4.492421627,-5.525022030,7.029515743,1.175995231
626,12519.995,1786880126621.441,14914439.376,0.000000000,-1.633060575,-2.101702452,-0.058022615,0.674921036,0.081474163,-0.997560501,-0.766382635,0.881561816,0.784777224,2.437974453,-1.046706438,-0.418447584,-0.546425641,-0.080654487,-3.066416502,1.182127118,-0.832532465,-0.179898530,-0.252869129,-0.483269721,0.601814985,0.001602682,-1.751109242,-0.197269842,-1.199721456,-4.442016602,-5.766903877,7.574413776,1.202594638
627,12539.993,1786880126641.440,14914459.375,0.000000000,-1.552426815,-2.218106747,0.237364352,0.843579113,-0.026888179,-1.209914088,-0.842639744,1.385479808,0.461672604,2.830828905,-1.294944644,-0.413544416,-0.883410752,-0.026314419,-3.161650181,1.230112910,-0.707199454,-0.135044843,-0.377495021,-0.413067788,0.626322269,-0.052948616,-2.023688555,-0.237661198,-1.215056300,-4.308283806,-5.995594978,8.051110268,1.283131719
628,12559.992,1786880126661.439,14914479.374,0.000000000,-1.554205418,-2.267189503,0.280085027,0.803234994,-0.130242452,-0.947268546,-0.893077254,1.333018064,0.422011971,3.040048838,-1.229423285,-0.333915323,-1.093847156,-0.074667633,-2.923741817,1.279137492,-0.669179499,-0.110048860,-0.368128210,-0.414945453,0.546548128,0.084588446,-2.123979330,-0.291676462,-1.263139367,-4.226243019,-6.191898346,8.489045143,1.395690918
629,12579.992,1786880126681.439,14914499.374,0.000000000,-1.580675602,-2.097964048,0.173731595,0.538760483,-0.077196188,-0.339152724,-0.742627025,0.980335772,0.594362974,2.816652536,-0.649408102,-0.113173380,-1.301807761,-0.220034003,-2.457640886,1.401493907,-0.728253245,-0.139113307,-0.372581571,-0.354820162,0.408990324,0.158964366,-2.111520529,-0.244277075,-1.347156405,-4.151129723,-6.307195663,8.917129517,1.501360893
630,12599.994,1786880126701.440,14914519.375,0.000000000,-1.693814635,-1.818846703,0.246348679,0.449777722,0.056572638,0.274669945,-0.531882405,0.667695463,0.783815801,2.344368696,0.291246265,-0.040403556,-1.598390579,-0.513324976,-1.885143042,1.276545882,-0.758910298,-0.170456499,-0.312862903,-0.351392776,0.328557789,-0.027661489,-2.066489935,-0.198691845,-1.385138035,-3.981718779,-6.360189438,9.181323051,1.565960646
631,12619.992,1786880126721.439,14914539.374,0.000000000,-2.010442734,-1.222011209,0.681006014,1.105944514,0.453207552,1.212647676,0.042768851,-0.409656376,-0.217425466,0.728493273,3.476442099,0.198766217,-1.704388499,-1.271163821,-0.820385039,0.552015007,-0.756829560,-0.386845469,0.044500105,-0.748482883,0.383813173,-0.253294826,-2.226371765,-0.318275690,-1.212670565,-3.661878347,-6.471367836,8.895211220,1.405851841
632,12639.993,1786880126741.440,14914559.375,0.000000000,-2.617343903,-0.068115681,1.056922078,1.291503787,0.188353106,1.722567558,0.800445378,-0.637206972,-0.800312579,-0.552920818,4.825199604,0.502656162,-1.499796271,-1.429100156,-0.604124069,-0.018551923,-0.738661945,-0.629388809,-0.015819408,-1.012454867,0.406939745,-0.118657209,-2.328623533,-0.305413634,-1.151601791,-3.594081402,-6.196938038,8.179789543,0.608823836
633,12659.992,1786880126761.439,14914579.374,0.000000000,-2.824404001,0.252187610,0.916550517,1.293303132,0.095257759,2.042839766,0.933629930,-0.464568615,-0.724718630,-0.681545377,4.461721897,0.530110180,-1.292030931,-1.415658116,-1.000324130,-0.019834377,-0.701528966,-0.620063424,-0.020726211,-1.061257362,0.540897608,0.033169009,-2.307861805,-0.298544407,-1.169653296,-3.754409075,-5.843038559,7.460071564,-0.149817541
634,12679.992,1786880126781.439,14914599.374,0.000000000,-2.444460630,-0.132715777,0.421006531,1.004726768,0.021657540,1.769893050,0.926827252,-0.231998801,-0.294545203,-0.081934884,3.341383219,0.217097774,-1.180245757,-1.382019043,-1.476010084,0.256330729,-0.754652619,-0.603950083,-0.080508508,-1.006974816,0.538428605,-0.025719995,-2.164449692,-0.364947140,-1.217243314,-4.000378132,-5.569946766,7.145609379,-0.605160534
635,12699.993,1786880126801.440,14914619.375,0.000000000,-1.650527835,-0.913064420,0.065992475,0.767272949,-0.043793097,1.338645220,0.606143057,-0.519233644,0.187722757,0.863615751,2.573592424,-0.184236154,-1.207445979,-0.972100377,-1.640749931,0.529877007,-0.938948929,-0.586518764,-0.093287803,-0.899896681,0.411305010,-0.204572394,-2.017571449,-0.445100397,-1.224212766,-4.325737953,-5.459321499,7.127796173,-0.760775506
636,12719.993,1786880126821.440,14914639.375,0.000000000,-1.348891973,-1.363496304,-0.151345938,0.860112965,-0.045792080,1.113761902,0.139387250,-0.579910696,0.464801431,1.527300000,2.484702826,-0.407265276,-1.134867072,-0.576533616,-1.736599088,0.601547539,-1.039086938,-0.466013640,-0.073760085,-0.886269510,0.407440633,-0.297744334,-1.844033360,-0.479216546,-1.175536752,-4.765158653,-5.363444805,7.078735828,-0.770527542
637,12739.995,1786880126841.442,14914659.377,0.000000000,-1.586093068,-1.547897220,-0.036174193,0.895112038,-0.348107874,0.666111588,0.050620317,-0.065008491,0.592808485,1.763959646,0.811531484,-0.461624026,-1.108366966,-0.057503466,-2.741200209,0.673976898,-1.083781958,-0.324191839,-0.124810226,-0.875301778,0.534005225,-0.460637361,-1.640398622,-0.531515539,-1.194136620,-5.324789047,-5.239654541,7.184028149,-0.810439169
638,12759.993,1786880126861.440,14914679.375,0.000000000,-2.011989355,-1.550861359,0.068091124,0.786379635,-0.269258410,-0.079879105,-0.476909339,0.588355005,0.081441917,1.687118769,0.025818449,-0.336314440,-1.130019188,0.020502876,-2.846909046,0.723181129,-1.072210193,-0.181640655,-0.070123740,-0.673797905,0.686983883,-0.335998207,-1.629301548,-0.521491587,-1.283701181,-5.627023220,-5.253451347,7.418730259,-0.764862955
639,12779.996,1786880126881.443,14914699.378,0.000000000,-2.199760914,-1.529877067,0.273918062,0.772984564,-0.332083583,-1.124316931,-0.689917922,1.261757255,-0.572652400,1.980892301,-0.644968450,-0.345937997,-1.311300159,0.134105220,-3.129610538,0.812847257,-0.953386009,-0.084043682,0.012532137,-0.470797628,0.710469067,-0.249902487,-1.766676903,-0.496977299,-1.326462388,-5.666450024,-5.408699036,7.641784668,-0.470489442
640,12799.993,1786880126901.439,14914719.374,0.000000000,-2.140122890,-1.420171261,0.326983273,0.781456828,-0.403070509,-1.529403925,-0.723208845,1.512420058,-0.708255529,2.146891832,-0.957683980,-0.461247981,-1.551741004,0.144160479,-3.168930054,0.856205583,-0.825638175,-0.015781913,0.054017939,-0.435716063,0.652704597,-0.284490883,-1.938095570,-0.465658218,-1.365105033,-5.625797749,-5.568361759,7.884520531,-0.063166797
641,12819.993,1786880126921.440,14914739.375,0.000000000,-1.881003499,-1.450456142,0.132069975,0.636464000,-0.500765443,-1.298160434,-0.664662182,1.235038638,-0.371865243,2.268415928,-0.828076184,-0.635227382,-1.763633728,0.085178822,-2.854283810,0.924286604,-0.781126201,-0.033161376,0.011586778,-0.455000520,0.480543464,-0.340993881,-2.030456781,-0.427354753,-1.423465252,-5.632755280,-5.645800591,8.225028992,0.463812321
642,12839.993,1786880126941.440,14914759.375,0.000000000,-1.644239068,-1.532946825,0.014693927,0.417269558,-0.550571561,-0.927406192,-0.638251960,0.827873766,0.073139995,2.487618685,-0.226060644,-0.697097361,-1.937934637,0.005606968,-2.442717314,0.950921476,-0.738743782,-0.096448570,-0.010241982,-0.439970046,0.375058532,-0.442078769,-2.023918867,-0.404508024,-1.507366061,-5.450887680,-5.572342873,8.501605034,1.021660924
643,12859.994,1786880126961.441,14914779.376,0.000000000,-1.584014177,-1.593394279,0.000986751,0.333648205,-0.344299734,-0.246231139,-0.610010803,0.282431692,0.307769567,2.538253069,0.820591450,-0.683580339,-2.000746965,-0.169548333,-1.939550161,0.822655916,-0.740002394,-0.179720372,0.181021452,-0.448764414,0.379421115,-0.570544720,-1.957374573,-0.335083187,-1.512080789,-5.133437157,-5.508918762,8.632470131,1.424149632
644,12879.995,1786880126981.441,14914799.376,0.000000000,-1.949423313,-0.678307772,0.415191412,0.786661863,0.312908143,0.797452569,-0.128077164,-0.134371102,-0.230777562,1.830059648,4.619053364,-0.354018837,-1.878883243,-0.480433345,-0.628750503,0.342396259,-0.834795654,-0.343693405,0.283521742,-0.726193368,0.479096234,-0.517713308,-1.943235040,-0.409287959,-1.322160482,-4.457311630,-5.388474464,8.201371193,1.368520737
645,12899.994,1786880127001.441,14914819.376,0.000000000,-2.558151960,0.186942235,1.007783532,1.258824110,0.194897145,1.269066691,0.987229645,-0.528408229,-0.098679043,-0.599860609,4.767577648,0.007137526,-1.626408935,-1.189906001,-0.645420134,-0.023660101,-0.858958602,-0.566848516,0.047719084,-0.915252268,0.576276779,-0.294009984,-2.039930582,-0.420815825,-1.226201892,-4.103206158,-5.163471222,7.603973866,0.528680623
646,12919.993,1786880127021.440,14914839.375,0.000000000,-2.545408487,0.202610612,0.828517437,1.341136456,0.400727093,1.383994579,1.330100298,-0.635866165,-0.215677708,-1.230750203,4.130509853,0.078657731,-1.392119646,-1.743766546,-1.151881099,-0.112130739,-0.770678937,-0.645674348,-0.091305383,-1.008636475,0.634254634,-0.132228002,-2.201423407,-0.458944917,-1.215979099,-3.984735250,-4.962224007,7.072045326,-0.297342867
647,12939.996,1786880127041.443,14914859.378,0.000000000,-2.073693991,-0.261860609,0.539092600,1.026903272,0.642239630,1.318115830,1.277882218,-0.801369846,-0.353197128,-0.813588619,3.589109182,-0.148881093,-1.247687459,-1.529102683,-1.334013224,-0.036312737,-0.828209221,-0.830780029,-0.159638673,-1.084871531,0.530711174,-0.269603133,-2.192353725,-0.466647446,-1.207586169,-3.989364862,-4.875789642,6.847705841,-0.971390128
648,12959.993,1786880127061.440,14914879.375,0.000000000,-1.578040481,-0.780349672,0.433371186,0.869528294,0.230012164,0.998762846,0.655353248,-0.629974723,0.022812109,0.680626988,2.979036093,-0.299494803,-1.276608467,-0.429913402,-1.372666001,0.218057066,-0.924062312,-0.721930623,-0.266326785,-1.069318175,0.431144655,-0.100307129,-1.956642509,-0.493915886,-1.146206021,-4.169043064,-4.840920925,6.890283108,-1.333377004
649,12979.993,1786880127081.439,14914899.374,0.000000000,-1.289277315,-1.217110872,0.119938865,0.977822483,-0.133361980,0.729928672,-0.078888312,-0.426356047,0.488357008,1.623987794,2.606020689,-0.550216556,-1.200085163,0.024403702,-1.461482048,0.586473584,-0.967947781,-0.540295720,-0.298812509,-1.024726391,0.436000466,-0.030124811,-1.742962360,-0.500437617,-1.051494956,-4.381444931,-4.786230087,6.998057842,-1.197620153
650,12999.993,1786880127101.440,14914919.375,0.000000000,-1.471740961,-1.587311149,-0.118141338,1.132416606,-0.234164074,0.545612216,-0.504484117,0.067922190,0.880901515,2.017698765,1.802119255,-0.839212239,-1.089951158,0.143002704,-2.014981985,0.869228184,-1.116692185,-0.225421071,-0.295146316,-0.869959772,0.492283374,-0.050566204,-1.557005167,-0.539939225,-0.988821685,-4.693575859,-4.764782429,7.272728443,-1.036905766
651,13019.994,1786880127121.441,14914939.376,0.000000000,-1.953426600,-1.422255278,-0.123759121,0.926668108,-0.360763490,0.402432412,-0.652731836,0.574692667,0.643664181,1.882632613,0.577709138,-0.632828891,-0.926116168,0.167081848,-2.783151865,1.023849249,-1.288707137,-0.109061241,-0.088959418,-0.676576912,0.607119262,0.147615120,-1.344261408,-0.640111089,-1.105006933,-4.830800533,-4.908409119,7.574892044,-0.808063984
652,13039.996,1786880127141.442,14914959.377,0.000000000,-2.068629980,-1.614703417,0.146406010,0.684976995,-0.204010695,-0.332344234,-0.717268169,0.825901210,0.005082846,1.873878837,-0.286889642,-0.338911951,-0.827977598,0.167606801,-2.880579233,1.088143587,-1.259748578,-0.039431188,0.240146488,-0.492477983,0.730166614,0.253192693,-1.309042811,-0.598625183,-1.235163093,-4.768646717,-5.253872395,7.889070034,-0.584434569
653,13059.993,1786880127161.439,14914979.374,0.000000000,-2.292931080,-1.651166797,0.565796375,0.699930370,-0.262383014,-1.613867521,-0.843735933,1.470903516,-0.391213566,2.292631388,-0.763804436,-0.433442205,-1.194744229,0.243238747,-3.275342464,1.097111583,-1.278157711,0.071365446,0.242550701,-0.394860715,0.699302256,0.175583139,-1.565596461,-0.613636017,-1.234812379,-4.512344360,-5.580989838,8.203742981,-0.379746646
654,13079.994,1786880127181.441,14914999.376,0.000000000,-2.279945850,-1.536875486,0.479824364,0.653412759,-0.285303473,-1.929087520,-0.848516285,1.503621340,-0.369808763,2.439791918,-0.674946785,-0.666651309,-1.709459662,0.139783949,-3.176949501,1.144884467,-1.330408096,0.079167634,0.141397089,-0.372813761,0.491733670,0.119590200,-1.818722844,-0.574909806,-1.226124048,-4.214479446,-5.840431213,8.475069046,-0.103691101
655,13099.995,1786880127201.442,14915019.377,0.000000000,-2.029276371,-1.715727806,0.243396401,0.432770789,-0.475979477,-1.611001730,-0.965349495,1.214652419,-0.243450195,2.692281485,-0.554921627,-0.777364075,-2.029152393,0.101013511,-2.909904957,1.025350213,-1.281659365,0.063318461,0.107760519,-0.437210828,0.192631438,0.099832237,-1.894725561,-0.557904959,-1.227729201,-3.854441404,-6.108383179,8.768178940,0.382567436
656,13120.000,1786880127221.447,14915039.382,0.000000000,-1.738814354,-2.000583410,-0.005137306,0.151162922,-0.557545662,-0.652922869,-1.226737261,0.582708538,0.008391589,3.186189890,0.438818008,-0.810382962,-2.096192837,0.028138142,-2.377117395,0.802139997,-1.278462291,-0.082253069,0.175375253,-0.505328357,-0.010459173,-0.150244504,-1.818075776,-0.528315306,-1.176900983,-3.379395008,-6.359992504,9.007840157,1.035107970
657,13139.994,1786880127241.441,14915059.376,0.000000000,-1.639383435,-1.517533064,0.481594563,0.364437699,0.086804442,0.512428105,-1.297945380,-0.323574603,-0.412556440,2.755271912,3.885346651,-0.501887918,-2.121601105,-0.180024043,-1.049431801,0.285860002,-1.465975881,-0.247779816,0.331540227,-0.754299223,0.014517289,-0.381518871,-1.698507667,-0.577370405,-0.943441749,-2.531063080,-6.562657356,8.721393585,1.341142774
658,13160.002,1786880127261.448,14915079.383,0.000000000,-2.301680565,-0.047729865,1.423973322,0.991221488,0.701874256,1.353000879,0.371621996,-0.770156682,-0.893903852,1.444870591,6.445147991,0.001065839,-1.912593961,-0.491567016,0.064166650,-0.085014321,-1.538661718,-0.480281204,0.118555091,-1.122686505,0.052224349,-0.400972188,-1.886402488,-0.605038047,-0.889939547,-1.678074121,-6.334930897,8.104884148,0.514683902
659,13179.996,1786880127281.443,14915099.378,0.000000000,-2.789953470,0.409248054,1.337944865,1.420977712,1.008743882,1.834036708,1.834803700,-0.875372291,-0.717327297,-1.323843956,5.110973835,0.322211146,-1.374209523,-2.305692196,-0.767960429,-0.485261351,-1.247133493,-0.810926259,-0.083472259,-1.369097590,0.355720550,-0.031624563,-2.122208595,-0.649291873,-0.845772564,-1.501540065,-5.908633232,7.176286221,-0.923663199
660,13199.995,1786880127301.442,14915119.377,0.000000000,-2.788991928,0.323153615,1.052977920,1.206654191,1.174623370,1.784685373,2.126576185,-0.768657744,-0.806932271,-1.469046950,4.583271027,0.086403206,-1.018783331,-2.478308916,-1.196587920,-0.598239899,-1.243796945,-0.949841499,-0.112406112,-1.406266570,0.407501698,-0.006836766,-2.155369043,-0.709802389,-0.853131831,-1.604875684,-5.626406670,6.448928833,-2.324409962
661,13219.998,1786880127321.445,14915139.380,0.000000000,-1.767529130,-0.488670588,1.437177896,0.759526789,0.813371122,0.943667054,1.398374677,-0.771424353,-0.543732762,0.107303619,3.857646704,0.034124780,-1.206922412,-0.892874837,-1.082673669,-0.188387752,-1.443641424,-0.798942924,-0.254505277,-1.387558818,0.195815712,0.394278139,-1.811873317,-0.947759449,-0.795872808,-1.653651118,-5.537872314,6.218833447,-3.228031874
662,13239.998,1786880127341.445,14915159.380,0.000000000,-1.727776527,-0.808488071,1.430545926,1.146746039,0.081827588,-0.205156296,-0.779249489,-0.040851299,0.740252852,1.591990232,3.663718700,-0.356101215,-1.296572685,0.814348042,-0.850388050,0.462112248,-1.757471323,-0.117562085,-0.224514782,-1.317337155,-0.004780997,1.029083967,-1.270306706,-1.241448760,-0.686333060,-1.372576118,-5.471228123,6.231244087,-3.254704237
663,13259.997,1786880127361.444,14915179.379,0.000000000,-1.879440069,-1.051525593,0.337035030,1.117465973,-0.092734911,-0.185989529,-1.035899043,-0.347848207,1.729189515,1.913430810,3.238230705,-1.042773604,-1.229364991,0.362539619,-1.426394820,1.163470864,-2.044231415,-0.088549554,-0.046615638,-1.156177878,0.016056191,1.083206415,-1.017522693,-1.120113134,-0.591559350,-1.464740157,-5.618180275,6.655300617,-3.198856354
664,13279.998,1786880127381.445,14915199.380,0.000000000,-2.219815731,-1.413364410,-0.219075471,0.824080169,-0.152206004,0.351984054,-0.788426340,-0.362574548,2.082882166,1.927640438,2.530319452,-1.521006227,-1.109577656,-0.036948610,-1.665621519,1.550646782,-2.389062405,-0.105661184,0.017828189,-0.906931460,0.115883172,1.000339031,-0.704699874,-1.064306855,-0.640114486,-1.669139504,-5.674153805,7.097568989,-3.223033428
665,13299.998,1786880127401.445,14915219.380,0.000000000,-2.461304665,-1.845311165,-0.162486255,0.677101433,-0.188693106,1.028626442,-0.644230664,0.459546953,1.962700486,2.012305737,1.112640142,-1.549316645,-1.215010047,-0.091543406,-2.156152010,1.837772131,-2.479983330,-0.042381082,-0.025929444,-0.659601927,0.368653446,0.838449895,-0.788660824,-0.911638916,-0.722991168,-1.943505883,-5.762789726,7.528088570,-3.316727877
666,13319.994,1786880127421.441,14915239.376,0.000000000,-2.847414255,-1.574380398,0.557774961,0.350710869,-0.225841060,0.462939143,-0.569372058,1.264907122,0.727977335,2.135632515,0.220094845,-1.194077492,-1.220909715,0.109980345,-2.700807810,1.952066898,-2.292627335,0.069688320,-0.028087936,-0.532434523,0.619173944,0.109146096,-0.850179672,-0.900535405,-0.794850707,-2.037988901,-6.008522511,7.721402645,-3.462959766
667,13339.996,1786880127441.443,14915259.378,0.000000000,-3.442560434,-1.159413099,1.541248441,0.593606412,-0.217490628,-1.345758080,-0.725298047,2.073286772,-0.619672596,2.843243361,-0.070115879,-0.825050175,-1.500135779,0.239819616,-3.106326580,1.847279310,-2.157104969,0.256406486,-0.113244466,-0.418862730,0.610202312,-0.291444302,-1.151283383,-1.077524185,-0.741390884,-1.850862741,-6.205480576,7.879445553,-3.521602392
668,13359.996,1786880127461.443,14915279.378,0.000000000,-3.358366966,-0.943877220,1.941146255,0.993027389,-0.135276020,-2.735483646,-0.920142949,2.009730816,-1.166712523,2.929218054,-0.063187540,-0.827528119,-1.898255467,0.390703201,-2.913885355,1.652853131,-2.055235386,0.301982552,-0.333597332,-0.443840832,0.349536926,0.002564466,-1.276009440,-1.199037552,-0.702333272,-1.486876369,-5.970015526,8.103765488,-3.403249025
669,13379.992,1786880127481.439,14915299.374,0.000000000,-3.286810875,-1.163721323,1.454652548,0.791336596,-0.318925709,-2.803181887,-1.004571915,1.066969872,-1.067126870,2.630735636,0.059589762,-0.760962307,-1.931949019,0.620820165,-2.622274876,1.286459923,-2.149946451,0.168485433,-0.288260072,-0.629258990,-0.063570663,0.556785882,-1.213968515,-1.282588840,-0.686108410,-0.992327869,-5.809268475,8.427420616,-2.894672871
670,13399.995,1786880127501.442,14915319.377,0.000000000,-3.095018864,-1.550749540,1.390997529,0.370458633,-0.539555550,-2.002628088,-1.060660005,0.179045632,0.347838193,2.425870657,0.502877891,-0.305226088,-2.037702322,0.625352561,-1.866689205,0.953323245,-2.592936754,0.017743047,-0.288331836,-0.796760738,-0.644163609,0.893325925,-0.950977147,-1.367603898,-0.660906732,-0.311050862,-5.807609081,8.536159515,-2.118196249
671,13419.995,1786880127521.441,14915339.376,0.000000000,-2.950543404,-1.819337368,2.150469780,0.399837613,-0.733717859,-1.608643889,-1.149107814,-0.718072712,1.519643545,2.437708139,1.351139903,0.406343669,-1.961418867,0.566537201,-0.811696887,0.701978147,-3.063944340,-0.011550043,-0.342599928,-1.069428086,-1.033153176,0.705663502,-0.585932016,-1.377671003,-0.606156290,0.558380961,-5.644334316,8.361611366,-1.359904170
672,13439.995,1786880127541.442,14915359.377,0.000000000,-2.646687746,-1.629251003,2.772119522,0.698625267,-0.229313418,-1.405477285,-1.243276000,-1.914543033,1.351209998,2.465285063,3.989851713,1.072776198,-1.923933864,0.444334447,0.238387659,0.495511264,-3.423882961,-0.158700943,-0.248131126,-1.314434648,-1.235118389,0.621937037,-0.300255924,-1.267561316,-0.559938610,1.374894619,-5.530245304,7.936145306,-1.252140999
673,13459.994,1786880127561.441,14915379.376,0.000000000,-2.477380276,-0.979454279,2.742530823,1.314229846,0.671386659,-2.274521589,-0.620355964,-2.508230448,0.140517384,1.947683454,6.722337246,0.979993999,-1.313920617,0.417979121,0.836111784,1.009863853,-2.877191305,-0.466250986,-0.097529508,-1.286807418,-1.018404007,1.654773951,-0.032733396,-1.191119194,-0.580890477,2.637131691,-5.583645821,6.849348068,-1.989584565
674,13479.996,1786880127581.443,14915399.378,0.000000000,-2.597876787,-0.596405268,1.913920045,1.319632411,0.383371890,-2.814173222,0.014287723,-1.774437785,0.270367414,1.682888269,6.160613537,0.448981434,-0.992924631,0.312483847,0.574920177,1.778788924,-2.277235270,-0.411669016,-0.009988286,-0.832385957,-0.584929168,2.506920338,0.151534155,-1.122130632,-0.611173093,3.348118305,-5.801101685,6.050174236,-2.668858767
675,13499.993,1786880127601.440,14915419.375,0.000000000,-2.894432545,-0.280013978,1.340081096,1.277279735,-0.291584134,-2.289480686,-0.344388902,-0.344062120,1.172922254,1.573027730,4.515002728,0.117386892,-0.972688258,0.284117103,0.679907084,2.199026585,-2.213181496,-0.214823574,-0.044621088,-0.595408499,-0.374794811,2.977500200,0.372556359,-1.074334979,-0.651211858,3.710685015,-6.042177200,5.902093887,-2.956987143
676,13519.993,1786880127621.439,14915439.374,0.000000000,-3.331633329,-0.335021853,1.130852938,1.383316398,-0.878558397,-1.050252557,-0.855078161,0.647511542,2.102756262,1.282777667,3.000450850,0.041176010,-1.073618293,0.227260828,0.776824355,2.540610313,-2.422453165,-0.151227713,-0.104404815,-0.578041017,-0.378885537,3.381085157,0.692873359,-0.951322734,-0.622239530,3.941590071,-6.387496948,6.135016441,-3.046209097
677,13539.994,1786880127641.441,14915459.376,0.000000000,-3.070835829,-0.592456162,1.709112644,1.632314563,-1.280679584,-0.381695658,-1.061429381,-0.115338802,2.461011410,1.345062017,2.635858297,0.194967851,-1.190220356,0.258212566,1.044401884,2.674922466,-2.338545322,-0.167831779,-0.166437775,-0.621266901,-0.428040773,3.616090059,0.930131018,-0.785303950,-0.596089542,4.348585606,-6.936528683,6.485623360,-2.932387590
678,13559.994,1786880127661.440,14915479.375,0.000000000,-3.353903294,-0.799197316,2.310893536,1.803580403,-1.488867283,-0.057095941,-1.085596085,-0.077826411,2.273700476,1.397582293,1.496365547,0.148187414,-1.407720566,0.178953022,1.140934944,2.843043566,-2.070564270,-0.101920813,-0.450209618,-0.637940526,-0.384583116,3.879971743,1.011137128,-0.701638460,-0.562831581,4.491191864,-7.492909431,6.686039448,-2.863034487
679,13579.992,1786880127681.439,14915499.374,0.000000000,-3.543434620,-0.721325099,2.984290600,1.674452662,-1.293907046,-0.466577023,-1.154593587,-0.153509557,1.850670338,1.418756127,1.955702662,0.438945413,-1.788211703,0.251477122,1.318916082,3.622700453,-1.991931915,-0.062062774,-0.460988671,-0.644563913,-0.337633252,3.978647232,1.018538237,-0.676604271,-0.569974899,4.495922089,-8.119267464,6.774106503,-3.217097998
680,13599.993,1786880127701.440,14915519.375,0.000000000,-3.281404972,-0.355664730,3.417128563,1.711163998,-0.581756473,-0.918604136,-1.209635139,-0.986094773,0.933081567,1.798491716,4.010982990,0.625750840,-1.783340573,0.374695688,1.572379112,4.174878120,-2.009450912,-0.172371715,-0.219189733,-0.467732340,-0.324129105,3.842220545,0.966516078,-0.510727644,-0.508097947,4.669771671,-8.235308647,6.732061863,-3.844276905
681,13619.992,1786880127721.439,14915539.374,0.000000000,-2.913744211,0.185188517,3.447959423,1.633023262,0.448778570,-1.081551313,-0.651116967,-1.784312010,-0.044167370,1.814903378,6.000198841,0.677458584,-1.502023935,0.540156543,1.261072636,4.201551914,-2.077194929,-0.346020073,0.030826114,-0.397006124,-0.248012349,3.587126493,1.109883070,-0.347942799,-0.525694370,4.961542606,-8.174834251,6.435267448,-4.878529072
682,13639.996,1786880127741.442,14915559.377,0.000000000,-2.745091677,-0.011377349,3.303807735,1.337352157,-0.053758249,-0.965170383,-0.115956321,-1.507310033,0.296716362,1.884993911,5.137785912,0.663753450,-1.377642035,0.503698826,1.266663074,4.262261391,-2.003242731,-0.265548944,0.085889094,-0.361899108,-0.078520164,3.163654327,1.325720906,-0.310916096,-0.471358567,4.847808361,-7.793717384,5.982241154,-5.730562210
683,13659.994,1786880127761.441,14915579.376,0.000000000,-2.778326750,-0.172913328,3.634173393,1.216197848,-0.761797309,0.110228360,-0.010630118,-1.260222793,0.769325435,1.890716553,3.720772028,0.920615733,-1.725667834,0.275941491,1.851755142,4.690715790,-1.823779345,-0.228161186,-0.184379607,-0.303976446,0.069141701,2.411010504,1.183654904,-0.203418180,-0.367768973,4.372063160,-7.922453880,5.516343594,-6.496868134
684,13679.994,1786880127781.441,14915599.376,0.000000000,-2.625598431,-0.428577125,3.633159637,1.347181678,-1.260147691,1.938176632,0.003377734,-0.836441815,0.255814880,1.851362228,2.307741880,1.367839456,-1.581389070,0.207150817,1.897367477,4.160955429,-1.525242090,-0.269788891,-0.268624336,-0.132651806,0.288104117,2.292439938,1.247697353,-0.257995307,-0.178527951,3.951803446,-8.637864113,5.530945301,-6.788670540
685,13699.993,1786880127801.440,14915619.375,0.000000000,-2.304581165,-0.783191144,4.414000988,1.421479106,-1.694043279,2.124719381,0.234698728,-0.457210332,0.109318957,2.106760263,1.503363252,1.978679776,-1.433528304,0.311054558,1.809434056,3.213281393,-0.904578507,-0.343285978,-0.300591826,0.117891692,0.697296202,2.119524240,1.241421938,-0.401628047,0.007197561,4.027252197,-9.290528297,5.805221081,-7.155674934
686,13719.991,1786880127821.438,14915639.373,0.000000000,-2.084475040,-0.577509642,4.913398743,0.971452713,-1.190330148,1.193448782,0.433248013,-1.053237557,0.413546413,1.861110330,2.188700676,2.797170877,-1.538612247,0.281511754,1.955526114,2.197884560,-0.667249978,-0.384650409,-0.156003475,0.060089137,0.881204844,2.423764229,1.352029085,-0.315469176,0.065497994,4.741055489,-9.577876091,5.893877983,-7.759350300
687,13739.995,1786880127841.442,14915659.377,0.000000000,-2.088689566,-0.378135145,5.205421925,0.967678130,-0.518516123,0.139966771,0.291875303,-1.787633300,1.111500978,1.112919807,3.439150095,3.497354984,-1.883338332,0.221758246,2.025053978,1.640420318,-0.918531477,-0.420763940,0.015949778,-0.038729910,0.883972824,2.719619989,1.461554408,-0.209889218,0.170641482,5.425891876,-9.427699089,5.364563942,-8.263494492
688,13759.998,1786880127861.445,14915679.380,0.000000000,-2.497279882,-0.116620377,5.078744888,0.991542280,-0.584673285,-0.781087518,0.096107677,-1.737239242,1.754341006,0.551094830,3.723717451,3.196182966,-2.201701164,0.187023282,2.076888084,1.620734930,-1.061239243,-0.515748918,0.095595382,-0.040591810,0.775660455,3.189965487,1.649017334,-0.308455020,0.162463456,6.508002281,-9.196036339,4.783896923,-8.699514389
689,13779.993,1786880127881.440,14915699.375,0.000000000,-2.843520164,-0.039858773,3.943019152,0.791891336,-1.231025219,-0.827823102,-0.283469468,-1.227883577,2.534822941,0.438541085,2.828636885,2.874885559,-2.524515629,0.117033303,2.057583809,1.576672435,-1.541118026,-0.501868606,-0.006332196,0.026525790,0.654039323,3.075638533,1.809215188,-0.397183120,0.085483417,6.914301872,-8.932209015,4.180161476,-9.042407990
690,13799.993,1786880127901.440,14915719.375,0.000000000,-2.734257460,-0.078219578,2.997362137,0.691200912,-2.028711557,-0.319969267,-0.416041076,-0.647965372,2.956062794,0.420388132,1.827787280,2.516349316,-2.452565432,0.277801514,1.797363400,1.261408210,-2.073621273,-0.428223491,-0.117841281,0.309859484,0.522957742,2.961942911,1.969784498,-0.436123013,-0.012348084,7.386139870,-8.337485313,3.811959743,-9.154116631
691,13819.994,1786880127921.440,14915739.375,0.000000000,-2.462351322,0.236357316,2.094850779,1.272204280,-2.114742041,-0.269540876,-0.568566501,-1.122049332,2.044984579,0.452844977,1.933796287,2.117832661,-1.796559691,0.584705412,1.650552392,1.007795095,-2.189393520,-0.450302809,-0.040629901,0.431146741,0.644229829,2.907970428,2.085868359,-0.298291743,-0.264762491,8.085612297,-7.705192566,3.578412056,-8.940748215
692,13839.993,1786880127941.439,14915759.374,0.000000000,-2.341719627,0.141061440,1.754579186,1.486472726,-2.168864489,-0.712752342,-0.646797359,-1.538882494,1.601051211,0.508698761,2.398666620,1.789314389,-1.316748977,0.724989533,1.433768868,1.080483794,-2.553728104,-0.376507372,0.078152351,0.478854448,0.671425283,2.554849386,2.379153252,-0.225755081,-0.410154253,8.270604134,-7.156804562,3.476434231,-9.026827812
693,13859.996,1786880127961.443,14915779.378,0.000000000,-2.415394783,0.150464013,1.962691069,1.321448207,-2.336221218,-1.157698154,-0.745928884,-1.470003605,1.778327823,0.675745428,2.538148642,1.701550722,-1.373389244,0.926262259,1.372081399,1.090183377,-3.215627909,-0.206562042,0.090908520,0.725597262,0.441443443,2.338443518,2.827394724,-0.186084941,-0.583727658,8.218684196,-6.479718208,3.276562214,-9.150551796
694,13879.995,1786880127981.441,14915799.376,0.000000000,-2.625705242,0.269254863,2.073714018,0.962363303,-2.397096157,-1.332830548,-0.699677408,-1.595329642,1.983509421,0.863580704,2.547449827,1.688624144,-1.563666940,1.046112895,1.378818035,1.206832051,-3.629070044,-0.069364578,0.066422902,1.047557950,0.264087260,2.208937168,3.035150766,-0.161028773,-0.583606184,7.768191814,-5.747062683,2.895761490,-9.467947006
695,13899.993,1786880128001.440,14915819.375,0.000000000,-2.592858315,0.363979340,2.151873827,0.886579454,-2.268814802,-1.407400131,-0.654539585,-1.719756484,1.944863915,1.130980611,2.533304453,1.861932158,-1.771013618,1.207134366,1.286940932,1.064385533,-4.096268654,-0.007293526,0.047532819,1.397919893,0.116365060,1.896298170,2.860950232,-0.096328221,-0.664557278,7.277674675,-5.228167057,2.468569517,-9.864489555
696,13919.993,1786880128021.439,14915839.374,0.000000000,-2.553853273,0.252619386,2.623783827,0.843896568,-2.213710785,-1.383983970,-0.458625525,-1.514333606,1.739355683,1.202842355,2.333916664,1.996563792,-2.140877008,1.281703234,1.327959538,0.265968770,-4.076767445,0.013360020,-0.049713083,1.656105876,0.003580105,1.657744527,2.515953779,-0.182327166,-0.650194228,6.687290192,-4.727218151,2.049404621,-10.228149414
697,13939.993,1786880128041.440,14915859.375,0.000000000,-2.393294334,-0.080712512,3.068347931,0.961552441,-2.034615517,-1.468183994,-0.146099806,-1.572598219,1.441280961,1.135676861,1.962549090,1.975070596,-2.481138945,1.320198536,1.469251275,-0.616927028,-3.621831894,-0.044794057,-0.124759920,1.795635581,-0.027425665,1.773136616,2.114664078,-0.352155656,-0.665261447,6.029297829,-4.335062981,1.555053592,-10.253048897
698,13959.992,1786880128061.439,14915879.374,0.000000000,-2.391154528,-0.557750046,3.607698679,0.885230780,-1.897914171,-2.138589144,0.198712885,-1.615213513,1.631951451,1.081628323,1.373858571,1.849339366,-2.895753622,1.317195058,1.677981973,-1.140049815,-3.331738949,0.053902324,-0.228600204,1.990437865,-0.001128305,1.886576176,1.906071782,-0.580753207,-0.585043311,5.209834576,-4.061882973,1.177489519,-9.959186554
699,13979.993,1786880128081.440,14915899.375,0.000000000,-2.944443226,1.913416147,-0.196492970,0.480550110,-1.057827830,-2.796901464,-0.814149201,2.011357784,2.492488146,0.883788943,-0.337003499,1.017026186,-3.338906527,0.231600165,0.280649602,1.659812570,-4.639304638,-0.034313742,0.352486134,1.658476472,-0.146660388,1.613771915,1.402107120,-0.114272706,-0.599977493,3.498762846,-4.665554047,2.163158655,-9.555932045
700,13999.993,1786880128101.440,14915919.375,0.000000000,-2.538640976,1.444812894,0.554942429,1.956240535,0.169777513,-3.132338285,-2.117426634,-0.630940616,2.227212667,0.068786070,3.203924179,0.942542613,-3.550481081,-0.375047922,0.714196026,3.066380501,-3.112470865,-0.533165753,0.307523400,1.632382512,0.528201997,1.798985243,0.788877666,-0.408542931,-0.277106434,3.388623714,-4.799953461,2.412358284,-8.980612755
701,14019.994,1786880128121.441,14915939.376,0.000000000,-2.698243618,1.408975124,1.713076830,1.593124866,0.139888749,-3.219951391,-1.466584802,0.425488085,0.413740963,0.473448873,1.348549008,1.010093212,-3.861511230,-0.750153661,1.206746936,3.025092602,-1.902107239,-0.659335613,0.407440960,1.557818532,0.860768974,1.307276607,-0.126316562,-0.411651343,-0.102731153,2.824966192,-4.999811172,2.492847204,-8.018742561
702,14039.994,1786880128141.441,14915959.376,0.000000000,-1.763227224,0.632008314,3.046679974,1.252763271,0.079027683,-2.538836718,-0.570943773,0.504518569,-1.244805455,1.088646889,0.004674572,1.044366479,-3.764046669,-0.625509739,1.657485723,1.675743222,-1.117360473,-0.478280634,0.428341538,0.916380584,0.817784250,0.787902176,-0.692358673,-0.360871434,0.206539422,2.520603657,-5.137641907,2.654399633,-7.010124207
703,14059.993,1786880128161.440,14915979.375,0.000000000,-1.183241606,1.047157764,1.583334804,0.534522474,-0.420237780,0.078916669,-0.138058573,0.663846314,-1.997437835,2.042689085,0.044830341,0.621948004,-3.353770494,-0.354436249,2.735138178,1.445192575,-1.190993547,-0.263603777,0.016848564,0.545711219,1.002066016,-0.007388168,-1.037675023,-0.226253584,-0.054813914,1.789759278,-4.776193619,2.487760067,-6.776430130
704,14079.994,1786880128181.441,14915999.376,0.000000000,-1.416454792,1.623192906,-0.165125951,0.075503036,-0.291719496,2.702450514,0.151532561,0.577535450,-2.234360218,2.362300873,0.691480756,-0.259344310,-2.553196192,-0.459851623,2.264631987,1.408162475,-1.637146115,-0.220565259,0.387205839,0.467560768,1.105323553,-1.809521675,-0.954943955,-0.054485761,-0.380649120,0.631593943,-4.335861683,2.642564535,-7.248109818
705,14099.997,1786880128201.444,14916019.379,0.000000000,-1.289358139,1.307197928,-0.320787191,-0.102558047,-0.643598139,3.883113861,0.259908497,0.617253959,-2.276507854,2.221611738,0.546560466,-0.713764071,-2.024411440,-0.595827341,1.272426128,0.888978004,-1.644064546,-0.172996014,0.316380769,0.053169098,1.445589781,-3.388942480,-0.527401507,-0.169521466,-0.506187975,-0.179789200,-4.055051804,3.115478992,-6.907020569
706,14119.994,1786880128221.441,14916039.376,0.000000000,-1.000188470,0.034288004,-0.053160157,0.027779398,-1.059905648,3.747259378,-0.009238468,0.948224604,-2.036860228,2.123803616,-0.103589401,-1.052884817,-1.352213502,-0.608715892,0.318998903,0.422595829,-1.195559263,-0.124538749,0.073350266,-0.401812047,1.583167791,-3.584664345,-0.046747133,-0.147221699,-0.464218587,-0.629562795,-3.980348587,3.478568077,-6.523141861
707,14139.993,1786880128241.440,14916059.375,0.000000000,-0.929084480,-1.181830406,-0.264071345,0.457561433,-1.071480155,2.988514662,-0.349449128,1.716554284,-1.816801667,1.820165277,-0.338975996,-1.498136878,-0.979312122,-0.322099715,0.104021914,0.167848974,-0.393079191,0.010039326,-0.255787194,-0.709018111,1.661870718,-3.333756685,-0.112456903,-0.217929199,-0.481139451,-1.173566341,-4.127513885,3.658044815,-6.196829796
708,14159.996,1786880128261.442,14916079.378,0.000000000,-0.474627376,-1.485317945,-1.044777036,0.626573741,-0.871388674,1.860186100,-0.705969393,1.974485397,-0.248229384,1.134628296,-0.018952671,-2.012371302,-0.536468744,0.087572426,0.451802939,0.033359639,-0.083199270,0.013949689,-0.235246807,-0.977712512,1.527030945,-3.117299080,-0.250166923,-0.129209414,-0.606737435,-1.986554265,-4.228418827,3.680861473,-5.758641243
709,14179.993,1786880128281.440,14916099.375,0.000000000,-0.326326787,-1.025389194,-1.503133059,0.554502547,-0.795254707,0.882427871,-0.723845303,1.964095235,1.202519059,0.480351508,0.472172678,-2.495735407,-0.680190504,0.343830228,0.971569300,0.001755469,-0.366343766,-0.112958163,-0.278082341,-0.959268630,1.250319242,-3.103899240,-0.336182833,-0.094072334,-0.896724522,-2.629320383,-4.137351990,3.778383970,-5.226492882
710,14199.998,1786880128301.445,14916119.380,0.000000000,-0.034831788,-1.042143226,-1.533108234,0.859945476,-0.677795112,-0.380731374,-0.854506552,1.422249436,1.465646625,0.569966674,0.725429654,-2.841550827,-0.968571544,0.181556150,1.341819286,0.258232892,-1.019536972,-0.177596331,-0.353284359,-0.535986722,0.927645028,-2.648495913,-0.610231578,-0.108582489,-1.222702980,-2.887790442,-4.038677216,3.722962856,-4.555088043
711,14220.025,1786880128321.471,14916139.406,0.000000000,0.147794485,-1.108039737,-1.015511036,1.187366843,-0.368534386,-1.317820907,-0.640091300,0.589939713,1.371121883,0.570005894,0.757566690,-2.674503803,-1.129161596,0.099020302,0.998284698,0.721372664,-1.429296970,-0.204851121,-0.399740845,-0.143549725,0.625963271,-2.028663397,-0.862214983,-0.168253288,-1.433670759,-2.770847559,-3.986896276,3.643446445,-4.124469757
712,14240.021,1786880128341.468,14916159.403,0.000000000,0.140453920,-1.214590788,-0.333255470,1.251922965,-0.113964081,-1.516019106,-0.510195971,0.100702807,0.863841474,0.415026188,1.215402484,-2.158744812,-1.528964400,0.261809111,0.620860636,1.102539420,-1.590364456,-0.164773628,-0.477817953,0.133741900,0.322488725,-1.750190735,-1.299254060,-0.096333466,-1.608335257,-2.712312222,-3.910947561,3.682585239,-3.916674137
713,14260.021,1786880128361.468,14916179.403,0.000000000,-0.223253936,-1.363098025,0.077408805,1.075567365,-0.110242173,-1.197865963,-0.225738838,-0.402603239,-0.021535739,0.418773919,1.506121039,-1.458081722,-1.816087723,-0.189254895,0.348967880,0.985700965,-1.432155609,0.046106782,-0.395482302,0.025591100,0.126169294,-1.471525073,-1.785032511,-0.047148965,-1.716738820,-2.903212547,-3.580925465,3.798835278,-3.478534460
714,14280.021,1786880128381.468,14916199.403,0.000000000,-0.751226008,-1.367436886,0.148449540,0.672041595,0.301850289,-0.454483777,0.222530559,-0.935733259,-1.340328932,0.131297573,1.669391274,-0.818189859,-1.812732577,-0.673216224,-0.037565678,0.378936917,-1.277906775,0.038467672,-0.309234768,-0.219299302,-0.033077110,-1.596082568,-2.195582390,0.088679202,-1.686181664,-3.170161486,-3.097368956,3.999820709,-2.936557531
715,14300.021,1786880128401.468,14916219.403,0.000000000,-0.616743505,-1.120314002,0.182755470,0.144867882,0.619548202,0.364390522,0.725992143,-1.412565231,-1.990825891,0.176283449,1.539039493,-0.500797331,-1.892740607,-0.603263915,-0.218306020,-0.207662463,-1.147381306,0.026817020,-0.274207145,-0.623810709,-0.184033886,-2.325678825,-2.679081202,0.231233880,-1.691339374,-3.648893118,-2.611211061,4.180217266,-2.256705046
716,14320.019,1786880128421.466,14916239.401,0.000000000,-0.517448127,-0.828331530,0.200370133,-0.182179868,0.605433702,0.628013253,1.259081125,-1.728588700,-2.131646633,0.424441725,1.453895688,-0.108431995,-2.033649445,-0.425544739,-0.442738920,-0.585285902,-1.058116794,0.045700189,-0.266224861,-0.976364553,-0.262912899,-2.437162638,-3.037224293,0.263603270,-1.691519141,-4.155171871,-2.364916801,4.487205029,-1.591225266
717,14340.003,1786880128441.449,14916259.384,0.000000000,-0.633029759,-1.112390995,0.298829794,-0.183772147,0.460078299,0.282285154,1.462434173,-1.646449566,-2.033951044,0.866025329,1.250524402,0.364790976,-2.072551966,-0.151451454,-0.792875826,-0.658722341,-0.869166374,-0.008424763,-0.234131396,-1.233705163,-0.119888872,-2.058018684,-3.139697313,0.187162012,-1.600972652,-4.628914833,-2.498827696,5.011377811,-1.118058681
