index,time_ms,time_realtime_ms,time_monotonic_ms,ros_timestamp,right_hand_q_0,right_hand_q_1,right_hand_q_2,right_hand_q_3,right_hand_q_4,right_hand_q_5,right_hand_q_6
0,0.000,1786878787666.414,13575484.349,0.000000000,0.001033432,-0.016805040,-0.034869120,0.044050943,0.041075550,0.044022031,0.041061126
1,19.992,1786878787686.406,13575504.341,0.000000000,0.001042197,-0.015295748,-0.036660645,0.045988116,0.042928357,0.045791205,0.042888891
2,39.990,1786878787706.405,13575524.339,0.000000000,0.001029900,-0.015078029,-0.046849854,0.056501459,0.053296518,0.055703834,0.053167351
3,59.992,1786878787726.406,13575544.341,0.000000000,0.001015223,-0.015008156,-0.063730925,0.073847465,0.070391238,0.072349399,0.070156984
4,79.994,1786878787746.408,13575564.343,0.000000000,0.000999678,-0.014955943,-0.085533835,0.096914686,0.092495099,0.094896808,0.092180207
5,99.993,1786878787766.407,13575584.342,0.000000000,0.000985713,-0.014918363,-0.110917166,0.124950714,0.118371762,0.122769311,0.118023433
6,119.989,1786878787786.403,13575604.338,0.000000000,0.000979234,-0.014944903,-0.139026910,0.156248853,0.146926165,0.153914034,0.146537423
7,139.988,1786878787806.402,13575624.337,0.000000000,0.000980571,-0.015063124,-0.169374928,0.188087001,0.177095637,0.185133025,0.176591590
8,159.990,1786878787826.405,13575644.339,0.000000000,0.000984623,-0.015196199,-0.201449737,0.218455881,0.208105683,0.214546248,0.207447514
9,179.992,1786878787846.406,13575664.341,0.000000000,0.000985921,-0.015297554,-0.234736428,0.246230185,0.239488289,0.241545022,0.238727495
10,199.993,1786878787866.407,13575684.342,0.000000000,0.000982688,-0.015390316,-0.268923283,0.271360308,0.271036804,0.266232997,0.270247459
11,219.990,1786878787886.404,13575704.339,0.000000000,0.000978882,-0.015439053,-0.294966698,0.289509922,0.294883668,0.284198880,0.294103861
12,239.990,1786878787906.405,13575724.340,0.000000000,0.000973183,-0.015451164,-0.329921842,0.314397573,0.327106744,0.309096366,0.326377094
13,259.990,1786878787926.404,13575744.339,0.000000000,0.000964996,-0.015464937,-0.365004122,0.341063887,0.359867036,0.336254269,0.359255999
14,279.986,1786878787946.400,13575764.335,0.000000000,0.000957458,-0.015510750,-0.400215030,0.370193869,0.393142045,0.366342694,0.392713875
15,299.992,1786878787966.406,13575784.342,0.000000000,0.000952345,-0.015549760,-0.435455561,0.402005196,0.426904291,0.399319470,0.426676750
16,319.988,1786878787986.403,13575804.337,0.000000000,0.000949313,-0.015584262,-0.470678180,0.435919642,0.461033642,0.434461206,0.461000204
17,339.990,1786878788006.404,13575824.339,0.000000000,0.000946626,-0.015623165,-0.505887508,0.471220225,0.495387763,0.470892668,0.495530069
18,359.989,1786878788026.403,13575844.338,0.000000000,0.000943931,-0.015659140,-0.541051865,0.507879734,0.529923797,0.508250415,0.530189514
19,379.990,1786878788046.404,13575864.339,0.000000000,0.000941036,-0.015680319,-0.576116204,0.546004593,0.564637482,0.546533048,0.564963698
20,399.989,1786878788066.403,13575884.338,0.000000000,0.000936789,-0.015668117,-0.611020029,0.585532904,0.599533021,0.585725129,0.599872231
21,419.988,1786878788086.402,13575904.337,0.000000000,0.000932308,-0.015630698,-0.645740092,0.626069069,0.634575725,0.625822783,0.634926796
22,439.988,1786878788106.403,13575924.338,0.000000000,0.000929431,-0.015587321,-0.680341959,0.666763008,0.669678330,0.666254997,0.670055509
23,459.988,1786878788126.402,13575944.337,0.000000000,0.000927828,-0.015540695,-0.714916587,0.706745148,0.704761326,0.706310868,0.705182970
24,479.988,1786878788146.403,13575964.337,0.000000000,0.000927448,-0.015495384,-0.740835249,0.736266553,0.731072485,0.736030102,0.731526196
25,499.991,1786878788166.406,13575984.341,0.000000000,0.000927294,-0.015416857,-0.775368035,0.775264144,0.766200602,0.775229931,0.766669035
26,519.991,1786878788186.406,13576004.340,0.000000000,0.000927330,-0.015325886,-0.809886575,0.813990951,0.801405072,0.813914478,0.801847398
27,539.988,1786878788206.402,13576024.337,0.000000000,0.000928148,-0.015234583,-0.844395280,0.852571845,0.836666703,0.852215469,0.837048113
28,559.987,1786878788226.401,13576044.336,0.000000000,0.000930457,-0.015157451,-0.878867865,0.891155124,0.871916175,0.890336275,0.872209072
29,579.988,1786878788246.402,13576064.337,0.000000000,0.000934162,-0.015115514,-0.913325906,0.929385960,0.907029390,0.928076267,0.907219887
30,599.987,1786878788266.401,13576084.336,0.000000000,0.000937247,-0.015095545,-0.947808743,0.966968894,0.941963673,0.965131402,0.942044079
31,619.997,1786878788286.411,13576104.346,0.000000000,0.000938053,-0.015091537,-0.982375801,1.003585696,0.976733804,1.001254916,0.976713717
32,639.989,1786878788306.403,13576124.338,0.000000000,0.000936912,-0.015103161,-1.017066240,1.038995504,1.011356473,1.036364913,1.011261106
33,659.990,1786878788326.404,13576144.339,0.000000000,0.000933986,-0.015123249,-1.051867723,1.073262453,1.045845628,1.070571065,1.045710206
34,679.997,1786878788346.412,13576164.347,0.000000000,0.000929561,-0.015133204,-1.086729646,1.106785297,1.080251694,1.104255557,1.080116630
35,699.997,1786878788366.411,13576184.346,0.000000000,0.000924953,-0.015120254,-1.121594071,1.140101910,1.114647865,1.137903452,1.114541769
36,719.988,1786878788386.403,13576204.337,0.000000000,0.000920951,-0.015084037,-1.156427145,1.173642635,1.149104714,1.171922088,1.149035335
37,739.988,1786878788406.403,13576224.337,0.000000000,0.000918495,-0.015051428,-1.182530165,1.199007750,1.174992204,1.197726607,1.174956441
38,759.986,1786878788426.400,13576244.335,0.000000000,0.000917455,-0.014997353,-1.217268825,1.233305573,1.209534526,1.232462168,1.209550142
39,779.988,1786878788446.402,13576264.337,0.000000000,0.000918590,-0.014933819,-1.251914740,1.268232107,1.244089365,1.267541051,1.244152188
40,799.987,1786878788466.401,13576284.336,0.000000000,0.000920914,-0.014868319,-1.286482334,1.303618670,1.278643966,1.302845716,1.278739452
41,819.986,1786878788486.400,13576304.335,0.000000000,0.000923268,-0.014801122,-1.320976853,1.339279294,1.313178182,1.338300705,1.313290715
42,839.987,1786878788506.401,13576324.336,0.000000000,0.000925286,-0.014732638,-1.355383515,1.374409199,1.347659230,1.373190403,1.347779870
43,859.986,1786878788526.400,13576344.335,0.000000000,0.000926982,-0.014678774,-1.389718771,1.407128096,1.382074714,1.405717731,1.382189274
44,879.990,1786878788546.404,13576364.339,0.000000000,0.000928769,-0.014667294,-1.424065232,1.435601830,1.416438580,1.434164882,1.416523099
45,899.989,1786878788566.403,13576384.338,0.000000000,0.000929205,-0.014678121,-1.458504438,1.459114432,1.450814486,1.457760930,1.450865149
46,919.987,1786878788586.401,13576404.336,0.000000000,0.000928277,-0.014692290,-1.493053555,1.477731705,1.485243320,1.476532340,1.485271811
47,939.989,1786878788606.403,13576424.338,0.000000000,0.000926548,-0.014699005,-1.527613282,1.491854668,1.519700408,1.490879297,1.519717813
48,959.989,1786878788626.404,13576444.339,0.000000000,0.000924088,-0.014692286,-1.561148286,1.502104282,1.553477526,1.501438856,1.553491235
49,979.989,1786878788646.403,13576464.338,0.000000000,0.000922228,-0.014674989,-1.592163563,1.509097457,1.585049033,1.508826137,1.585064054
50,999.987,1786878788666.401,13576484.336,0.000000000,0.000921906,-0.014645084,-1.619631290,1.513440371,1.613284707,1.513558745,1.613307238
51,1019.989,1786878788686.403,13576504.338,0.000000000,0.000922536,-0.014617419,-1.637543201,1.515252471,1.631860971,1.515620589,1.631887436
52,1039.990,1786878788706.404,13576524.339,0.000000000,0.000923966,-0.014580391,-1.657672763,1.516110659,1.652934790,1.516701221,1.652958751
53,1060.025,1786878788726.439,13576544.374,0.000000000,0.000925483,-0.014542857,-1.673606873,1.516308427,1.669817448,1.516927123,1.669835925
54,1079.991,1786878788746.405,13576564.340,0.000000000,0.000926744,-0.014500253,-1.685653925,1.516456723,1.682764292,1.517072797,1.682780862
55,1100.023,1786878788766.438,13576584.373,0.000000000,0.000927609,-0.014449332,-1.694261312,1.516615510,1.692183256,1.517224312,1.692207456
56,1120.024,1786878788786.438,13576604.373,0.000000000,0.000928201,-0.014391438,-1.699936390,1.516785741,1.698559642,1.517386079,1.698598027
57,1139.988,1786878788806.403,13576624.338,0.000000000,0.000928478,-0.014338852,-1.703176856,1.516951203,1.702391386,1.517545581,1.702433705
58,1160.023,1786878788826.438,13576644.372,0.000000000,0.000928594,-0.014299640,-1.704449296,1.517101288,1.704150200,1.517691612,1.704183102
59,1179.991,1786878788846.405,13576664.340,0.000000000,0.000928431,-0.014273136,-1.704713345,1.517236114,1.704549432,1.517823458,1.704573870
60,1200.060,1786878788866.474,13576684.409,0.000000000,0.000927401,-0.014254304,-1.704858661,1.517361999,1.704706788,1.517948747,1.704730153
61,1220.003,1786878788886.417,13576704.352,0.000000000,0.000925764,-0.014241194,-1.704994559,1.517483354,1.704844713,1.518071771,1.704867721
62,1239.993,1786878788906.407,13576724.342,0.000000000,0.000923991,-0.014227965,-1.705128312,1.517604351,1.704979539,1.518195033,1.705002189
63,1259.991,1786878788926.405,13576744.340,0.000000000,0.000922770,-0.014209372,-1.705258608,1.517726183,1.705110669,1.518318415,1.705133200
64,1279.988,1786878788946.403,13576764.338,0.000000000,0.000921924,-0.014183965,-1.705385804,1.517849565,1.705238581,1.518442869,1.705261230
65,1299.987,1786878788966.402,13576784.337,0.000000000,0.000921708,-0.014158143,-1.705480695,1.517948747,1.705333829,1.518541813,1.705356598
66,1319.989,1786878788986.403,13576804.338,0.000000000,0.000922145,-0.014113260,-1.705608010,1.518094659,1.705461383,1.518684149,1.705484629
67,1339.993,1786878789006.407,13576824.342,0.000000000,0.000922907,-0.014059292,-1.705735803,1.518251181,1.705588937,1.518834829,1.705613136
68,1360.092,1786878789026.506,13576844.441,0.000000000,0.000924047,-0.013999662,-1.705862522,1.518411279,1.705715299,1.518987894,1.705740690
69,1379.993,1786878789046.407,13576864.342,0.000000000,0.000925046,-0.013941115,-1.705987930,1.518566251,1.705841064,1.519137144,1.705867052
70,1399.990,1786878789066.404,13576884.339,0.000000000,0.000925382,-0.013895332,-1.706113219,1.518705368,1.705967546,1.519274831,1.705992937
71,1419.989,1786878789086.403,13576904.338,0.000000000,0.000925324,-0.013878369,-1.706240177,1.518818736,1.706096292,1.519390106,1.706120372
72,1439.989,1786878789106.403,13576924.338,0.000000000,0.000924883,-0.013875448,-1.706369042,1.518923402,1.706226707,1.519494534,1.706250429
73,1459.986,1786878789126.400,13576944.335,0.000000000,0.000923875,-0.013877195,-1.706499338,1.519027114,1.706358433,1.519596696,1.706382036
74,1479.988,1786878789146.402,13576964.337,0.000000000,0.000921959,-0.013882587,-1.706629992,1.519128919,1.706490517,1.519698739,1.706513882
75,1499.987,1786878789166.401,13576984.336,0.000000000,0.000919738,-0.013885142,-1.706758857,1.519231081,1.706620812,1.519803405,1.706643581
76,1519.988,1786878789186.402,13577004.337,0.000000000,0.000917880,-0.013879674,-1.706883788,1.519334555,1.706746936,1.519909620,1.706769347
77,1539.994,1786878789206.409,13577024.344,0.000000000,0.000917142,-0.013863930,-1.707005143,1.519443154,1.706869483,1.520018220,1.706891537
78,1560.007,1786878789226.421,13577044.356,0.000000000,0.000916845,-0.013838137,-1.707124829,1.519559026,1.706990242,1.520132542,1.707012057
79,1579.993,1786878789246.408,13577064.342,0.000000000,0.000916533,-0.013813482,-1.707214475,1.519651055,1.707080483,1.520223141,1.707102299
80,1599.987,1786878789266.401,13577084.336,0.000000000,0.000915960,-0.013775418,-1.707334518,1.519780517,1.707201242,1.520349860,1.707223177
81,1619.986,1786878789286.401,13577104.336,0.000000000,0.000915081,-0.013734951,-1.707455635,1.519914389,1.707322717,1.520480514,1.707345128
82,1639.988,1786878789306.402,13577124.337,0.000000000,0.000914010,-0.013695267,-1.707577705,1.520049334,1.707445383,1.520612717,1.707468152
83,1659.987,1786878789326.401,13577144.336,0.000000000,0.000913125,-0.013657622,-1.707700968,1.520184517,1.707569242,1.520745158,1.707592010
84,1679.989,1786878789346.404,13577164.338,0.000000000,0.000912503,-0.013621239,-1.707824707,1.520319700,1.707693696,1.520877361,1.707716346
85,1699.987,1786878789366.401,13577184.336,0.000000000,0.000912256,-0.013586612,-1.707948327,1.520453215,1.707818151,1.521007776,1.707840443
86,1719.987,1786878789386.401,13577204.336,0.000000000,0.000911993,-0.013554209,-1.708071470,1.520584345,1.707942247,1.521136165,1.707964063
87,1739.989,1786878789406.403,13577224.338,0.000000000,0.000911586,-0.013525764,-1.708194137,1.520711064,1.708065867,1.521260262,1.708087206
88,1759.987,1786878789426.401,13577244.336,0.000000000,0.000911038,-0.013501486,-1.708315730,1.520832896,1.708188415,1.521379709,1.708209634
89,1779.988,1786878789446.402,13577264.337,0.000000000,0.000910286,-0.013479210,-1.708436608,1.520951509,1.708310127,1.521496534,1.708331108
90,1799.991,1786878789466.405,13577284.340,0.000000000,0.000909409,-0.013456941,-1.708556652,1.521069050,1.708431125,1.521612763,1.708451986
91,1819.989,1786878789486.404,13577304.339,0.000000000,0.000908413,-0.013434492,-1.708675981,1.521185637,1.708551288,1.521728396,1.708572149
92,1839.989,1786878789506.403,13577324.338,0.000000000,0.000907476,-0.013410565,-1.708794355,1.521302104,1.708670497,1.521843553,1.708691239
93,1859.990,1786878789526.404,13577344.339,0.000000000,0.000906800,-0.013391688,-1.708882451,1.521389604,1.708759189,1.521929979,1.708779931
94,1879.988,1786878789546.402,13577364.337,0.000000000,0.000905914,-0.013366129,-1.708999515,1.521505952,1.708877087,1.522045016,1.708897829
95,1899.988,1786878789566.403,13577384.337,0.000000000,0.000905064,-0.013339735,-1.709116101,1.521623015,1.708994508,1.522160411,1.709015369
96,1919.989,1786878789586.403,13577404.338,0.000000000,0.000904245,-0.013312113,-1.709232450,1.521741033,1.709111571,1.522276521,1.709132552
97,1939.989,1786878789606.403,13577424.338,0.000000000,0.000903390,-0.013284031,-1.709348559,1.521859407,1.709228516,1.522393107,1.709249496
98,1959.988,1786878789626.402,13577444.337,0.000000000,0.000902526,-0.013256335,-1.709464788,1.521977901,1.709345579,1.522509694,1.709366441
99,1979.989,1786878789646.403,13577464.338,0.000000000,0.000901656,-0.013229431,-1.709581017,1.522096038,1.709462523,1.522626042,1.709483504
100,2000.023,1786878789666.438,13577484.373,0.000000000,0.000900812,-0.013203497,-1.709697127,1.522213459,1.709579587,1.522741795,1.709600329
101,2020.023,1786878789686.437,13577504.372,0.000000000,0.000900083,-0.013177646,-1.709812880,1.522330403,1.709696054,1.522856951,1.709716797
102,2039.989,1786878789706.404,13577524.339,0.000000000,0.000899351,-0.013152548,-1.709928036,1.522445798,1.709812164,1.522970915,1.709832668
103,2059.988,1786878789726.403,13577544.337,0.000000000,0.000898565,-0.013128011,-1.710042596,1.522559881,1.709927559,1.523083687,1.709948063
104,2079.990,1786878789746.404,13577564.339,0.000000000,0.000897739,-0.013103158,-1.710156918,1.522674322,1.710042715,1.523196459,1.710063100
105,2099.987,1786878789766.401,13577584.336,0.000000000,0.000896861,-0.013078110,-1.710271001,1.522788882,1.710157633,1.523309469,1.710178018
106,2119.987,1786878789786.401,13577604.336,0.000000000,0.000896153,-0.013059493,-1.710356474,1.522874713,1.710243702,1.523394108,1.710263968
107,2139.994,1786878789806.408,13577624.343,0.000000000,0.000895200,-0.013034663,-1.710470200,1.522989154,1.710358262,1.523506880,1.710378528
108,2159.988,1786878789826.403,13577644.338,0.000000000,0.000894311,-0.013009165,-1.710583687,1.523104072,1.710472465,1.523620129,1.710492730
109,2179.989,1786878789846.404,13577664.339,0.000000000,0.000893466,-0.012983515,-1.710696697,1.523218989,1.710586429,1.523733139,1.710606575
110,2199.987,1786878789866.401,13577684.336,0.000000000,0.000892661,-0.012957962,-1.710809469,1.523333430,1.710699916,1.523845792,1.710720062
111,2219.987,1786878789886.401,13577704.336,0.000000000,0.000891862,-0.012932846,-1.710921645,1.523446798,1.710812926,1.523957372,1.710832953
112,2239.989,1786878789906.404,13577724.338,0.000000000,0.000891037,-0.012908483,-1.711033463,1.523559093,1.710925579,1.524067998,1.710945487
113,2259.989,1786878789926.404,13577744.338,0.000000000,0.000890206,-0.012884453,-1.711144805,1.523670554,1.711037755,1.524178028,1.711057663
114,2279.989,1786878789946.403,13577764.338,0.000000000,0.000889378,-0.012860446,-1.711255789,1.523781538,1.711149573,1.524287462,1.711169362
115,2299.989,1786878789966.403,13577784.338,0.000000000,0.000888537,-0.012836687,-1.711366177,1.523891687,1.711260796,1.524396300,1.711280584
116,2319.987,1786878789986.401,13577804.336,0.000000000,0.000887640,-0.012813434,-1.711476326,1.524001122,1.711371779,1.524504542,1.711391449
117,2339.998,1786878790006.412,13577824.348,0.000000000,0.000886700,-0.012789820,-1.711586356,1.524110794,1.711482525,1.524613023,1.711502194
118,2359.998,1786878790026.413,13577844.348,0.000000000,0.000885795,-0.012766038,-1.711695910,1.524220467,1.711592913,1.524721384,1.711612582
119,2379.991,1786878790046.405,13577864.340,0.000000000,0.000885131,-0.012748004,-1.711777687,1.524302602,1.711675286,1.524802446,1.711695075
120,2400.002,1786878790066.416,13577884.351,0.000000000,0.000884200,-0.012724151,-1.711886644,1.524411798,1.711784959,1.524910212,1.711804748
121,2420.000,1786878790086.414,13577904.349,0.000000000,0.000883242,-0.012700645,-1.711995244,1.524520397,1.711894274,1.525017619,1.711914182
122,2439.989,1786878790106.403,13577924.338,0.000000000,0.000882479,-0.012677737,-1.712103605,1.524628401,1.712003589,1.525124192,1.712023258
123,2460.024,1786878790126.438,13577944.373,0.000000000,0.000881792,-0.012655222,-1.712211728,1.524735928,1.712112665,1.525230169,1.712131977
124,2479.990,1786878790146.404,13577964.339,0.000000000,0.000881042,-0.012632675,-1.712319732,1.524843574,1.712221622,1.525336385,1.712240696
125,2500.023,1786878790166.437,13577984.372,0.000000000,0.000880183,-0.012610440,-1.712427616,1.524951100,1.712330222,1.525442362,1.712349415
126,2520.037,1786878790186.451,13578004.386,0.000000000,0.000879309,-0.012588462,-1.712535024,1.525057912,1.712438464,1.525547743,1.712457538
127,2539.989,1786878790206.403,13578024.338,0.000000000,0.000878535,-0.012567477,-1.712642074,1.525163412,1.712546468,1.525651932,1.712565303
128,2559.996,1786878790226.410,13578044.345,0.000000000,0.000877791,-0.012546241,-1.712748528,1.525268435,1.712653756,1.525755405,1.712672353
129,2579.990,1786878790246.405,13578064.339,0.000000000,0.000876884,-0.012523731,-1.712853909,1.525372982,1.712759972,1.525858760,1.712778449
130,2600.023,1786878790266.438,13578084.372,0.000000000,0.000875927,-0.012500204,-1.712958694,1.525477767,1.712865710,1.525962234,1.712884068
131,2620.030,1786878790286.444,13578104.379,0.000000000,0.000875013,-0.012475854,-1.713063240,1.525583148,1.712971091,1.526066184,1.712989330
132,2639.989,1786878790306.403,13578124.338,0.000000000,0.000874341,-0.012457526,-1.713141322,1.525662065,1.713049769,1.526144266,1.713068008
133,2659.990,1786878790326.404,13578144.339,0.000000000,0.000873467,-0.012432973,-1.713245392,1.525767207,1.713154674,1.526248217,1.713172793
134,2679.989,1786878790346.403,13578164.338,0.000000000,0.000872667,-0.012407358,-1.713349223,1.525873542,1.713259339,1.526353121,1.713277340
135,2700.022,1786878790366.437,13578184.371,0.000000000,0.000871947,-0.012381504,-1.713452935,1.525980473,1.713363767,1.526458025,1.713381767
136,2720.024,1786878790386.438,13578204.373,0.000000000,0.000871276,-0.012356061,-1.713556528,1.526087046,1.713468075,1.526562691,1.713486075
137,2739.993,1786878790406.407,13578224.342,0.000000000,0.000870761,-0.012331197,-1.713659883,1.526193261,1.713572145,1.526666403,1.713590026
138,2759.993,1786878790426.407,13578244.342,0.000000000,0.000870300,-0.012306233,-1.713762641,1.526298881,1.713675976,1.526769519,1.713693380
139,2779.989,1786878790446.403,13578264.338,0.000000000,0.000869826,-0.012280014,-1.713864923,1.526404977,1.713779092,1.526873112,1.713796258
140,2799.987,1786878790466.401,13578284.336,0.000000000,0.000869592,-0.012256215,-1.713966489,1.526507616,1.713881731,1.526972651,1.713898420
141,2819.987,1786878790486.401,13578304.336,0.000000000,0.000869610,-0.012242531,-1.714066267,1.526595831,1.713983417,1.527057767,1.713999033
142,2839.988,1786878790506.402,13578324.337,0.000000000,0.000867800,-0.012232522,-1.714168072,1.526682377,1.714086652,1.527144670,1.714102149
143,2859.988,1786878790526.402,13578344.337,0.000000000,0.000865043,-0.012211392,-1.714273572,1.526786685,1.714192748,1.527249694,1.714208961
144,2879.989,1786878790546.404,13578364.338,0.000000000,0.000862522,-0.012180622,-1.714381576,1.526906729,1.714301109,1.527370453,1.714317322
145,2899.987,1786878790566.401,13578384.336,0.000000000,0.000861072,-0.012158763,-1.714462042,1.526997328,1.714381576,1.527461648,1.714397907
146,2919.987,1786878790586.401,13578404.336,0.000000000,0.000860265,-0.012122961,-1.714564800,1.527119040,1.714483857,1.527582288,1.714501023
147,2939.988,1786878790606.402,13578424.337,0.000000000,0.000861037,-0.012077489,-1.714663148,1.527243614,1.714581966,1.527702570,1.714599729
148,2959.987,1786878790626.401,13578444.336,0.000000000,0.000863307,-0.012024525,-1.714760423,1.527374387,1.714679003,1.527825356,1.714697123
149,2979.987,1786878790646.401,13578464.336,0.000000000,0.000865993,-0.011968657,-1.714858770,1.527509689,1.714776993,1.527951717,1.714795709
150,2999.987,1786878790666.401,13578484.336,0.000000000,0.000868150,-0.011916482,-1.714957714,1.527641416,1.714875698,1.528076649,1.714894891
151,3019.986,1786878790686.401,13578504.336,0.000000000,0.000869794,-0.011871466,-1.715054870,1.527760983,1.714972973,1.528191566,1.714992762
152,3039.987,1786878790706.401,13578524.336,0.000000000,0.000870309,-0.011839984,-1.715151191,1.527861834,1.715070128,1.528290868,1.715090275
153,3059.987,1786878790726.401,13578544.336,0.000000000,0.000869763,-0.011851495,-1.715249538,1.527922511,1.715170979,1.528356552,1.715189695
154,3079.988,1786878790746.402,13578564.337,0.000000000,0.000868399,-0.011877984,-1.715350986,1.527975559,1.715274572,1.528414369,1.715292692
155,3099.987,1786878790766.401,13578584.336,0.000000000,0.000866490,-0.011898514,-1.715454340,1.528039694,1.715379357,1.528481483,1.715397477
156,3119.991,1786878790786.405,13578604.340,0.000000000,0.000864182,-0.011915429,-1.715557098,1.528108001,1.715483308,1.528553963,1.715501547
157,3139.987,1786878790806.401,13578624.337,0.000000000,0.000862486,-0.011928817,-1.715657353,1.528177142,1.715584397,1.528627157,1.715603113
158,3159.988,1786878790826.402,13578644.337,0.000000000,0.000862198,-0.011932684,-1.715729833,1.528231382,1.715657592,1.528682232,1.715676546
159,3179.987,1786878790846.401,13578664.336,0.000000000,0.000862556,-0.011924876,-1.715823293,1.528309464,1.715752363,1.528760552,1.715770841
160,3199.986,1786878790866.400,13578684.335,0.000000000,0.000863138,-0.011907649,-1.715914845,1.528392076,1.715845585,1.528843045,1.715862989
161,3219.987,1786878790886.401,13578704.336,0.000000000,0.000862790,-0.011888382,-1.716007352,1.528477669,1.715939522,1.528929114,1.715956450
162,3239.986,1786878790906.400,13578724.335,0.000000000,0.000861779,-0.011869824,-1.716102481,1.528567910,1.716035604,1.529019356,1.716052532
163,3259.987,1786878790926.401,13578744.336,0.000000000,0.000860381,-0.011851342,-1.716199994,1.528663158,1.716133952,1.529113770,1.716150880
164,3279.989,1786878790946.403,13578764.338,0.000000000,0.000858389,-0.011832104,-1.716300368,1.528764844,1.716234922,1.529214621,1.716251969
165,3299.987,1786878790966.401,13578784.336,0.000000000,0.000856572,-0.011811385,-1.716402531,1.528871894,1.716337800,1.529320598,1.716354489
166,3319.988,1786878790986.402,13578804.337,0.000000000,0.000854999,-0.011793200,-1.716505289,1.528977871,1.716441393,1.529425740,1.716457486
167,3339.988,1786878791006.402,13578824.337,0.000000000,0.000853652,-0.011780255,-1.716607809,1.529078126,1.716544867,1.529526114,1.716560245
168,3359.989,1786878791026.403,13578844.338,0.000000000,0.000852250,-0.011775394,-1.716709614,1.529169083,1.716647744,1.529618621,1.716662765
169,3379.987,1786878791046.401,13578864.336,0.000000000,0.000851442,-0.011777923,-1.716810107,1.529250026,1.716749787,1.529701948,1.716763854
170,3399.988,1786878791066.403,13578884.337,0.000000000,0.000851484,-0.011787514,-1.716909289,1.529321313,1.716850758,1.529775977,1.716863871
171,3419.989,1786878791086.404,13578904.338,0.000000000,0.000851680,-0.011799243,-1.716982722,1.529368758,1.716925263,1.529825449,1.716938257
172,3439.988,1786878791106.402,13578924.337,0.000000000,0.000852254,-0.011819190,-1.717079282,1.529425740,1.717023492,1.529884338,1.717036366
173,3459.988,1786878791126.402,13578944.337,0.000000000,0.000852287,-0.011841578,-1.717174411,1.529477119,1.717120409,1.529938340,1.717133284
174,3479.989,1786878791146.403,13578964.338,0.000000000,0.000851383,-0.011862608,-1.717268705,1.529527187,1.717216372,1.529992819,1.717229366
175,3499.988,1786878791166.402,13578984.337,0.000000000,0.000850005,-0.011882532,-1.717362404,1.529576540,1.717311740,1.530047178,1.717324972
176,3519.988,1786878791186.402,13579004.337,0.000000000,0.000848636,-0.011901944,-1.717455268,1.529624701,1.717406034,1.530100346,1.717420101
177,3539.989,1786878791206.403,13579024.338,0.000000000,0.000848341,-0.011917836,-1.717547417,1.529675364,1.717499852,1.530154109,1.717514157
178,3559.987,1786878791226.401,13579044.336,0.000000000,0.000849098,-0.011931518,-1.717639565,1.529729128,1.717593670,1.530208349,1.717608213
179,3579.990,1786878791246.405,13579064.339,0.000000000,0.000851084,-0.011943607,-1.717731833,1.529787421,1.717687249,1.530262947,1.717702508
180,3599.986,1786878791266.400,13579084.335,0.000000000,0.000853766,-0.011953586,-1.717823863,1.529849648,1.717780590,1.530319095,1.717796326
181,3619.988,1786878791286.402,13579104.337,0.000000000,0.000856749,-0.011961587,-1.717916131,1.529916286,1.717874050,1.530377507,1.717890382
182,3639.989,1786878791306.403,13579124.338,0.000000000,0.000859828,-0.011966676,-1.718008399,1.529987216,1.717967629,1.530439377,1.717984080
183,3660.025,1786878791326.439,13579144.374,0.000000000,0.000862755,-0.011968758,-1.718100667,1.530061722,1.718061328,1.530504823,1.718077540
184,3679.997,1786878791346.411,13579164.346,0.000000000,0.000865151,-0.011966169,-1.718192816,1.530141234,1.718155265,1.530575156,1.718170643
185,3700.001,1786878791366.415,13579184.350,0.000000000,0.000866092,-0.011961278,-1.718262315,1.530204535,1.718225598,1.530631781,1.718240857
186,3720.080,1786878791386.495,13579204.430,0.000000000,0.000866241,-0.011957885,-1.718355775,1.530287266,1.718319893,1.530708194,1.718335509
187,3739.989,1786878791406.404,13579224.338,0.000000000,0.000865612,-0.011965875,-1.718449593,1.530359626,1.718414545,1.530778289,1.718430877
188,3759.987,1786878791426.401,13579244.336,0.000000000,0.000865331,-0.011977091,-1.718541384,1.530426025,1.718507051,1.530842900,1.718524218
189,3779.987,1786878791446.401,13579264.336,0.000000000,0.000865366,-0.011978947,-1.718630075,1.530495405,1.718596816,1.530910254,1.718614340
190,3800.024,1786878791466.438,13579284.373,0.000000000,0.000865455,-0.011972949,-1.718716621,1.530567765,1.718684673,1.530979872,1.718701839
191,3819.988,1786878791486.402,13579304.337,0.000000000,0.000865399,-0.011967717,-1.718802452,1.530638576,1.718772054,1.531047344,1.718788981
192,3839.987,1786878791506.402,13579324.337,0.000000000,0.000865047,-0.011966622,-1.718888760,1.530706286,1.718859911,1.531111717,1.718876481
193,3859.987,1786878791526.401,13579344.336,0.000000000,0.000863514,-0.011969514,-1.718976140,1.530771732,1.718948603,1.531175613,1.718965173
194,3879.987,1786878791546.402,13579364.337,0.000000000,0.000861147,-0.011974488,-1.719064236,1.530836701,1.719037771,1.531239629,1.719054937
195,3899.990,1786878791566.404,13579384.339,0.000000000,0.000858483,-0.011980999,-1.719153047,1.530901670,1.719127655,1.531304121,1.719145417
196,3919.998,1786878791586.412,13579404.347,0.000000000,0.000856216,-0.011991099,-1.719242215,1.530963898,1.719218016,1.531365514,1.719236135
197,3939.988,1786878791606.402,13579424.337,0.000000000,0.000854313,-0.012003891,-1.719331384,1.531024456,1.719308615,1.531424522,1.719326854
198,3959.998,1786878791626.412,13579444.347,0.000000000,0.000852429,-0.012017418,-1.719420552,1.531084299,1.719399333,1.531483054,1.719417453
199,3979.990,1786878791646.405,13579464.339,0.000000000,0.000850991,-0.012028132,-1.719487309,1.531128645,1.719467044,1.531526089,1.719485402
200,3999.989,1786878791666.404,13579484.339,0.000000000,0.000849001,-0.012043323,-1.719576001,1.531186700,1.719557166,1.531582952,1.719575644
201,4020.002,1786878791686.416,13579504.351,0.000000000,0.000847095,-0.012056937,-1.719664097,1.531244874,1.719647050,1.531640768,1.719664931
202,4039.993,1786878791706.407,13579524.342,0.000000000,0.000845523,-0.012067603,-1.719751596,1.531305075,1.719736218,1.531699896,1.719753623
203,4059.999,1786878791726.413,13579544.348,0.000000000,0.000844171,-0.012075179,-1.719838381,1.531367779,1.719824672,1.531760573,1.719841480
204,4079.995,1786878791746.409,13579564.344,0.000000000,0.000842470,-0.012078821,-1.719924927,1.531434298,1.719912529,1.531825185,1.719929218
205,4100.012,1786878791766.427,13579584.361,0.000000000,0.000841069,-0.012078830,-1.720011473,1.531504750,1.720000267,1.531893015,1.720016837
206,4120.097,1786878791786.511,13579604.446,0.000000000,0.000840134,-0.012075726,-1.720097303,1.531577706,1.720087409,1.531962514,1.720103741
207,4139.991,1786878791806.405,13579624.340,0.000000000,0.000840101,-0.012065737,-1.720181584,1.531655788,1.720172763,1.532034636,1.720189214
208,4159.990,1786878791826.404,13579644.339,0.000000000,0.000840871,-0.012048298,-1.720263958,1.531737924,1.720255971,1.532109618,1.720272541
209,4179.992,1786878791846.406,13579664.341,0.000000000,0.000842591,-0.012036970,-1.720344782,1.531810403,1.720338225,1.532175183,1.720354557
210,4199.988,1786878791866.402,13579684.337,0.000000000,0.000844808,-0.012032036,-1.720425129,1.531875849,1.720419884,1.532234192,1.720436692
211,4219.988,1786878791886.402,13579704.337,0.000000000,0.000846886,-0.012031214,-1.720506072,1.531937838,1.720501661,1.532292485,1.720519543
212,4240.123,1786878791906.537,13579724.472,0.000000000,0.000848691,-0.012026553,-1.720566630,1.531988502,1.720562458,1.532340765,1.720581651
213,4260.024,1786878791926.438,13579744.374,0.000000000,0.000851924,-0.012005163,-1.720645785,1.532068610,1.720641732,1.532417178,1.720662475
214,4280.026,1786878791946.440,13579764.375,0.000000000,0.000855993,-0.011963696,-1.720723033,1.532164335,1.720718741,1.532508492,1.720740676
215,4300.025,1786878791966.439,13579784.374,0.000000000,0.000860504,-0.011905408,-1.720798850,1.532273650,1.720794320,1.532612801,1.720817208
216,4320.003,1786878791986.417,13579804.352,0.000000000,0.000865109,-0.011830570,-1.720875144,1.532399535,1.720870018,1.532732725,1.720893741
217,4340.025,1786878792006.439,13579824.374,0.000000000,0.000869552,-0.011741343,-1.720953345,1.532542109,1.720946908,1.532867908,1.720972061
218,4360.031,1786878792026.445,13579844.380,0.000000000,0.000874490,-0.011659713,-1.721032500,1.532675505,1.721025348,1.532994866,1.721051693
219,4380.030,1786878792046.444,13579864.379,0.000000000,0.000880135,-0.011607510,-1.721112013,1.532776475,1.721105695,1.533093095,1.721132040
220,4400.029,1786878792066.443,13579884.378,0.000000000,0.000886205,-0.011593504,-1.721191764,1.532839417,1.721187234,1.533154249,1.721213579
221,4420.024,1786878792086.438,13579904.373,0.000000000,0.000891382,-0.011619461,-1.721272230,1.532865286,1.721269727,1.533182263,1.721297145
222,4440.037,1786878792106.452,13579924.387,0.000000000,0.000896870,-0.011664306,-1.721350551,1.532872677,1.721349835,1.533192158,1.721378922
223,4460.001,1786878792126.416,13579944.351,0.000000000,0.000901719,-0.011691569,-1.721425176,1.532895207,1.721425414,1.533214808,1.721456647
224,4479.999,1786878792146.414,13579964.349,0.000000000,0.000903732,-0.011678318,-1.721496463,1.532951236,1.721496582,1.533273578,1.721529961
225,4499.997,1786878792166.411,13579984.346,0.000000000,0.000903495,-0.011620489,-1.721565247,1.533045650,1.721563816,1.533372402,1.721599936
226,4519.997,1786878792186.411,13580004.346,0.000000000,0.000902235,-0.011551453,-1.721615314,1.533138871,1.721611738,1.533468962,1.721650720
227,4539.996,1786878792206.410,13580024.346,0.000000000,0.000907605,-0.011352070,-1.721672654,1.533349156,1.721670389,1.533625126,1.721704841
228,4559.996,1786878792226.410,13580044.345,0.000000000,0.000908422,-0.011217257,-1.721733570,1.533501506,1.721731305,1.533745527,1.721765518
229,4579.995,1786878792246.409,13580064.344,0.000000000,0.000901169,-0.011137251,-1.721803546,1.533614635,1.721798182,1.533853292,1.721838117
230,4599.995,1786878792266.409,13580084.344,0.000000000,0.000893562,-0.011070150,-1.721872807,1.533706903,1.721866727,1.533946514,1.721908808
231,4619.997,1786878792286.411,13580104.346,0.000000000,0.000883263,-0.011026168,-1.721946836,1.533781767,1.721940279,1.534033060,1.721984625
232,4639.994,1786878792306.408,13580124.343,0.000000000,0.000871266,-0.010987675,-1.722027779,1.533866167,1.722019911,1.534134507,1.722067356
233,4659.999,1786878792326.413,13580144.348,0.000000000,0.000859514,-0.010942393,-1.722116709,1.533976197,1.722106695,1.534263372,1.722156644
234,4679.999,1786878792346.413,13580164.348,0.000000000,0.000850596,-0.010880329,-1.722211957,1.534121633,1.722199798,1.534421206,1.722250581
235,4700.001,1786878792366.415,13580184.350,0.000000000,0.000844715,-0.010803188,-1.722308397,1.534288764,1.722294331,1.534591794,1.722344995
236,4719.995,1786878792386.409,13580204.344,0.000000000,0.000840478,-0.010713376,-1.722404480,1.534468055,1.722388744,1.534769893,1.722438693
237,4739.999,1786878792406.413,13580224.348,0.000000000,0.000836897,-0.010612700,-1.722497821,1.534649134,1.722480655,1.534950495,1.722529769
238,4759.997,1786878792426.411,13580244.346,0.000000000,0.000834784,-0.010547726,-1.722565413,1.534766078,1.722548366,1.535072565,1.722596049
239,4779.998,1786878792446.413,13580264.348,0.000000000,0.000834213,-0.010496477,-1.722656131,1.534888983,1.722640514,1.535204172,1.722685218
240,4799.999,1786878792466.413,13580284.348,0.000000000,0.000836918,-0.010487899,-1.722749591,1.534986258,1.722735643,1.535300612,1.722777605
241,4819.998,1786878792486.413,13580304.348,0.000000000,0.000839831,-0.010499012,-1.722842216,1.535072803,1.722829223,1.535378337,1.722869635
242,4839.998,1786878792506.413,13580324.348,0.000000000,0.000838541,-0.010518494,-1.722927570,1.535137296,1.722914934,1.535438657,1.722955585
243,4859.999,1786878792526.413,13580344.348,0.000000000,0.000832928,-0.010558374,-1.722998261,1.535143256,1.722987533,1.535455823,1.723028898
244,4879.996,1786878792546.410,13580364.345,0.000000000,0.000824364,-0.010663882,-1.723057747,1.535056233,1.723051786,1.535391927,1.723093510
245,4899.996,1786878792566.410,13580384.345,0.000000000,0.000809669,-0.010990641,-1.723126411,1.534906626,1.723124981,1.535264850,1.723170042
246,4919.998,1786878792586.412,13580404.347,0.000000000,0.000789429,-0.011433077,-1.723207951,1.534767628,1.723209143,1.535150886,1.723260641
247,4939.995,1786878792606.409,13580424.344,0.000000000,0.000770728,-0.011711519,-1.723296046,1.534672022,1.723299026,1.535077453,1.723357201
248,4959.997,1786878792626.411,13580444.346,0.000000000,0.000762209,-0.011838897,-1.723384142,1.534635425,1.723390937,1.535041928,1.723451376
249,4979.995,1786878792646.409,13580464.344,0.000000000,0.000761982,-0.011903793,-1.723450184,1.534633875,1.723460913,1.535031080,1.723520637
250,4999.995,1786878792666.409,13580484.344,0.000000000,0.000767677,-0.011978801,-1.723539710,1.534652352,1.723554850,1.535025239,1.723613739
251,5019.998,1786878792686.412,13580504.347,0.000000000,0.000779036,-0.012045808,-1.723629236,1.534687757,1.723648548,1.535020709,1.723706245
252,5039.996,1786878792706.410,13580524.345,0.000000000,0.000794107,-0.012108285,-1.723717928,1.534725904,1.723742247,1.535013914,1.723796487
253,5059.998,1786878792726.412,13580544.347,0.000000000,0.000811172,-0.012118991,-1.723804235,1.534811497,1.723832965,1.535047293,1.723882198
254,5079.998,1786878792746.412,13580564.347,0.000000000,0.000829629,-0.012102108,-1.723881483,1.534896493,1.723917007,1.535083652,1.723956823
255,5099.998,1786878792766.412,13580584.347,0.000000000,0.000845099,-0.012112895,-1.723944187,1.534909368,1.723990083,1.535076737,1.724017382
256,5119.999,1786878792786.413,13580604.348,0.000000000,0.000855820,-0.012143560,-1.723992109,1.534872413,1.724048138,1.535043955,1.724065900
257,5139.998,1786878792806.412,13580624.347,0.000000000,0.000863335,-0.012170319,-1.724030614,1.534827352,1.724094868,1.535009265,1.724106789
258,5159.997,1786878792826.411,13580644.346,0.000000000,0.000865938,-0.012170097,-1.724063039,1.534801483,1.724133849,1.534996629,1.724142671
259,5179.995,1786878792846.409,13580664.344,0.000000000,0.000864124,-0.012116581,-1.724096894,1.534830689,1.724173903,1.535034418,1.724178553
260,5200.001,1786878792866.415,13580684.350,0.000000000,0.000854762,-0.012061611,-1.724134564,1.534873843,1.724216700,1.535080552,1.724219561
261,5219.997,1786878792886.411,13580704.346,0.000000000,0.000839306,-0.012038948,-1.724174619,1.534896016,1.724259377,1.535110593,1.724265099
262,5239.998,1786878792906.412,13580724.347,0.000000000,0.000629104,-0.009430489,-1.724179149,1.534989595,1.724256396,1.494787216,1.726239324
263,5259.997,1786878792926.411,13580744.346,0.000000000,0.000568995,-0.007772150,-1.724208117,1.535039902,1.724283457,1.415327668,1.727144480
264,5279.997,1786878792946.411,13580764.347,0.000000000,0.000553800,-0.006350852,-1.724254608,1.536638975,1.724320054,1.303089857,1.727302313
265,5299.999,1786878792966.413,13580784.348,0.000000000,0.000566068,-0.005578320,-1.724308133,1.538786530,1.724370122,1.232532859,1.727351427
266,5319.998,1786878792986.413,13580804.348,0.000000000,0.000577778,-0.005504583,-1.724376321,1.539405107,1.724436522,1.196284652,1.727407932
267,5339.999,1786878793006.414,13580824.349,0.000000000,0.000582035,-0.005507713,-1.724449873,1.539522171,1.724509120,1.185046196,1.727470756
268,5359.997,1786878793026.411,13580844.346,0.000000000,0.000578659,-0.005474178,-1.724522352,1.539626122,1.724579811,1.188088775,1.727534890
269,5379.996,1786878793046.410,13580864.345,0.000000000,0.000570244,-0.005393934,-1.724588633,1.539757133,1.724642992,1.200427294,1.727595448
270,5399.995,1786878793066.409,13580884.344,0.000000000,0.000557799,-0.005248181,-1.724647999,1.539931417,1.724698544,1.220568895,1.727650762
271,5419.993,1786878793086.407,13580904.342,0.000000000,0.000544012,-0.005058707,-1.724700332,1.540123940,1.724748850,1.247322202,1.727698684
272,5439.994,1786878793106.408,13580924.343,0.000000000,0.000535821,-0.004910867,-1.724750042,1.540263057,1.724800110,1.278679967,1.727740645
273,5459.990,1786878793126.405,13580944.339,0.000000000,0.000538279,-0.004858052,-1.724808931,1.540330410,1.724864006,1.311898708,1.727788568
274,5479.993,1786878793146.408,13580964.343,0.000000000,0.000550149,-0.004897556,-1.724882841,1.540345788,1.724944472,1.344716072,1.727850080
275,5499.994,1786878793166.409,13580984.344,0.000000000,0.000564176,-0.004978428,-1.724945307,1.540331602,1.725012422,1.367770672,1.727903008
276,5519.994,1786878793186.409,13581004.344,0.000000000,0.000586980,-0.005113896,-1.725031018,1.540306568,1.725103974,1.395057440,1.727977157
277,5539.999,1786878793206.413,13581024.348,0.000000000,0.000608924,-0.005237759,-1.725115299,1.540296912,1.725191832,1.418141246,1.728052139
278,5559.999,1786878793226.413,13581044.348,0.000000000,0.000624696,-0.005323739,-1.725198984,1.540314078,1.725276947,1.437549353,1.728128076
279,5579.998,1786878793246.412,13581064.347,0.000000000,0.000635865,-0.005377529,-1.725279927,1.540347576,1.725359440,1.453721642,1.728201151
280,5599.997,1786878793266.412,13581084.347,0.000000000,0.000642134,-0.005389475,-1.725356460,1.540406585,1.725436211,1.467328668,1.728269815
281,5619.997,1786878793286.412,13581104.347,0.000000000,0.000637881,-0.005351332,-1.725434661,1.540507555,1.725510836,1.479298711,1.728341341
282,5639.998,1786878793306.412,13581124.347,0.000000000,0.000622196,-0.005241577,-1.725522161,1.540728927,1.725589514,1.491034150,1.728422880
283,5659.999,1786878793326.414,13581144.348,0.000000000,0.000603437,-0.005125048,-1.725597858,1.540900946,1.725659966,1.502348781,1.728491068
284,5679.998,1786878793346.412,13581164.347,0.000000000,0.000592980,-0.005133384,-1.725654244,1.540892243,1.725722551,1.510329723,1.728537679
285,5699.995,1786878793366.409,13581184.344,0.000000000,0.000561278,-0.022666439,-1.725902915,1.527342558,1.726212382,1.589062929,1.728982329
286,5719.998,1786878793386.412,13581204.347,0.000000000,0.000564004,-0.037528452,-1.726009488,1.517505765,1.726358175,1.598603725,1.729104400
287,5739.996,1786878793406.411,13581224.346,0.000000000,0.000566027,-0.043352071,-1.726095915,1.515466928,1.726449609,1.587576509,1.729181767
288,5759.998,1786878793426.412,13581244.347,0.000000000,0.000564160,-0.043939739,-1.726155162,1.515426278,1.726508141,1.581379175,1.729234695
289,5779.996,1786878793446.410,13581264.345,0.000000000,0.000559408,-0.043934837,-1.726231575,1.515543938,1.726583481,1.576371074,1.729303598
290,5799.997,1786878793466.411,13581284.346,0.000000000,0.000552390,-0.043854602,-1.726305485,1.515660524,1.726655960,1.573605061,1.729370952
291,5819.998,1786878793486.412,13581304.347,0.000000000,0.000544858,-0.043776266,-1.726377368,1.515768170,1.726726532,1.572227120,1.729436874
292,5839.997,1786878793506.411,13581324.346,0.000000000,0.000540578,-0.043699522,-1.726450920,1.515876889,1.726800561,1.571593404,1.729503632
293,5859.997,1786878793526.411,13581344.346,0.000000000,0.000538808,-0.043611441,-1.726527691,1.516002297,1.726878762,1.571294546,1.729572177
294,5879.997,1786878793546.411,13581364.346,0.000000000,0.000538375,-0.043511145,-1.726608038,1.516144156,1.726961255,1.571143150,1.729643345
295,5899.997,1786878793566.411,13581384.346,0.000000000,0.000536566,-0.043407064,-1.726690173,1.516293049,1.727044702,1.571047425,1.729716301
296,5919.999,1786878793586.413,13581404.348,0.000000000,0.000533416,-0.043301485,-1.726771355,1.516441345,1.727126598,1.570978999,1.729788899
297,5939.993,1786878793606.408,13581424.343,0.000000000,0.000529576,-0.043204110,-1.726850510,1.516579270,1.727206349,1.570923686,1.729859471
298,5959.996,1786878793626.410,13581444.345,0.000000000,0.000525808,-0.043108668,-1.726928949,1.516716957,1.727285385,1.570884585,1.729929209
299,5979.995,1786878793646.409,13581464.344,0.000000000,0.000521475,-0.043009996,-1.727006197,1.516858220,1.727362752,1.570875525,1.729997754
300,5999.994,1786878793666.408,13581484.343,0.000000000,0.000517135,-0.042930514,-1.727063179,1.516968489,1.727419376,1.570882082,1.730048537
301,6019.995,1786878793686.409,13581504.344,0.000000000,0.000510772,-0.042821791,-1.727138400,1.517117143,1.727493882,1.570875168,1.730115533
302,6039.997,1786878793706.411,13581524.346,0.000000000,0.000506384,-0.042695455,-1.727209687,1.517274976,1.727564931,1.570853591,1.730177999
303,6059.995,1786878793726.409,13581544.344,0.000000000,0.000496834,-0.042594887,-1.727287531,1.517419696,1.727641225,1.570840597,1.730248451
304,6079.998,1786878793746.412,13581564.348,0.000000000,0.000488840,-0.042484801,-1.727363944,1.517570376,1.727716565,1.570825577,1.730316758
305,6099.999,1786878793766.413,13581584.348,0.000000000,0.000000000,0.000000000,0.000000000,0.000000000,0.000000000,0.000000000,0.000000000
306,6119.999,1786878793786.413,13581604.348,0.000000000,0.000031408,0.001988244,-0.008397351,0.007677637,0.008769431,0.004794190,0.008339476
307,6140.001,1786878793806.415,13581624.350,0.000000000,0.000054633,0.003012260,-0.023744162,0.017799577,0.023793880,0.011163149,0.022800954
308,6159.997,1786878793826.411,13581644.346,0.000000000,0.000059467,0.003030478,-0.044648871,0.033894964,0.044074062,0.023624666,0.042533554
309,6179.991,1786878793846.405,13581664.340,0.000000000,0.000041292,0.002232564,-0.069935314,0.060369179,0.069229990,0.048702076,0.067475721
310,6199.997,1786878793866.411,13581684.347,0.000000000,0.000022101,0.000759118,-0.098398678,0.093565613,0.097827092,0.084149733,0.096403770
311,6219.996,1786878793886.410,13581704.345,0.000000000,0.000017865,-0.000382502,-0.129099727,0.127869859,0.128269672,0.122004859,0.127367735
312,6240.003,1786878793906.417,13581724.352,0.000000000,0.000022098,-0.000711727,-0.161357015,0.161956072,0.159846932,0.158806249,0.159339100
313,6260.002,1786878793926.416,13581744.351,0.000000000,0.000025843,-0.000822282,-0.186270177,0.187953070,0.184155300,0.185996965,0.183818340
314,6279.993,1786878793946.408,13581764.343,0.000000000,0.000029109,-0.000943804,-0.220145419,0.224340931,0.217381969,0.223433033,0.217192844
315,6299.999,1786878793966.413,13581784.348,0.000000000,0.000031055,-0.001054255,-0.254527241,0.262841702,0.251394689,0.262577116,0.251294851
316,6320.003,1786878793986.417,13581804.352,0.000000000,0.000030809,-0.001153870,-0.289237976,0.303121567,0.286001056,0.303179175,0.285947561
317,6340.000,1786878794006.415,13581824.350,0.000000000,0.000029436,-0.001220808,-0.324082613,0.344872504,0.321062714,0.344788581,0.320995450
318,6360.000,1786878794026.414,13581844.349,0.000000000,0.000028727,-0.001229567,-0.358876735,0.387915671,0.356501222,0.387233406,0.356357902
319,6379.995,1786878794046.409,13581864.344,0.000000000,0.000028613,-0.001173893,-0.393431008,0.432187974,0.392292798,0.430787116,0.392054051
320,6399.991,1786878794066.405,13581884.340,0.000000000,0.000027051,-0.001114037,-0.427817017,0.476138800,0.428177714,0.474317431,0.427887082
321,6419.991,1786878794086.405,13581904.340,0.000000000,0.000024687,-0.001117457,-0.462273747,0.517957330,0.463829666,0.516515493,0.463591963
322,6439.991,1786878794106.405,13581924.340,0.000000000,0.000024942,-0.001207499,-0.496990621,0.557451785,0.499127328,0.556699812,0.498967946
323,6459.990,1786878794126.405,13581944.340,0.000000000,0.000026829,-0.001376609,-0.532103896,0.594412565,0.533969045,0.593948483,0.533827960
324,6479.992,1786878794146.406,13581964.341,0.000000000,0.000026965,-0.001567115,-0.567606270,0.628791511,0.568350673,0.627920866,0.568165541
325,6499.994,1786878794166.409,13581984.344,0.000000000,0.000025528,-0.001699109,-0.594420433,0.653073430,0.593895972,0.651709199,0.593682528
326,6519.990,1786878794186.404,13582004.339,0.000000000,0.000022571,-0.001845414,-0.630305231,0.684037089,0.627764821,0.682125270,0.627559543
327,6539.992,1786878794206.406,13582024.341,0.000000000,0.000019502,-0.001952594,-0.666203499,0.714282751,0.661568463,0.712171614,0.661433578
328,6559.995,1786878794226.409,13582044.344,0.000000000,0.000017287,-0.002028177,-0.702012599,0.744607210,0.695418954,0.742596626,0.695392609
329,6579.995,1786878794246.409,13582064.344,0.000000000,0.000016816,-0.002072165,-0.737655640,0.775639057,0.729390025,0.773897529,0.729476631
330,6599.994,1786878794266.409,13582084.344,0.000000000,0.000018444,-0.002080722,-0.773066342,0.807850063,0.763548732,0.806480289,0.763727486
331,6619.995,1786878794286.409,13582104.344,0.000000000,0.000021408,-0.002067559,-0.808262467,0.841169119,0.797906578,0.840201378,0.798143983
332,6639.994,1786878794306.409,13582124.344,0.000000000,0.000025107,-0.002045155,-0.843315959,0.875228047,0.832441807,0.874620080,0.832701564
333,6659.993,1786878794326.408,13582144.343,0.000000000,0.000029531,-0.002021358,-0.878278077,0.909809589,0.867125332,0.909443259,0.867370903
334,6679.993,1786878794346.407,13582164.342,0.000000000,0.000034220,-0.002008289,-0.913194180,0.944662273,0.901894927,0.944380820,0.902094483
335,6699.996,1786878794366.411,13582184.346,0.000000000,0.000038282,-0.001996250,-0.948067605,0.979735494,0.936706185,0.979394615,0.936843872
336,6719.992,1786878794386.406,13582204.341,0.000000000,0.000041655,-0.001968502,-0.982845545,1.015336990,0.971562743,1.014811277,0.971633255
337,6739.994,1786878794406.408,13582224.343,0.000000000,0.000044255,-0.001916072,-1.017476678,1.051765680,1.006481528,1.051016569,1.006488681
338,6759.992,1786878794426.406,13582244.341,0.000000000,0.000046215,-0.001843588,-1.051941037,1.089163303,1.041467667,1.088188410,1.041420579
339,6779.994,1786878794446.408,13582264.343,0.000000000,0.000047494,-0.001780996,-1.077690363,1.117803097,1.067745090,1.116659999,1.067662239
340,6799.993,1786878794466.407,13582284.342,0.000000000,0.000049078,-0.001692928,-1.111912370,1.156615496,1.102812529,1.155295253,1.102685332
341,6819.993,1786878794486.407,13582304.342,0.000000000,0.000050861,-0.001610144,-1.146056414,1.195793390,1.137885332,1.194407344,1.137710571
342,6839.993,1786878794506.407,13582324.342,0.000000000,0.000052386,-0.001531766,-1.180167556,1.235129356,1.172950387,1.233729959,1.172722816
343,6859.992,1786878794526.406,13582344.341,0.000000000,0.000053085,-0.001455328,-1.214293361,1.274519801,1.208017111,1.273102999,1.207737327
344,6879.991,1786878794546.406,13582364.341,0.000000000,0.000053269,-0.001378587,-1.248470902,1.313948154,1.243106365,1.312500834,1.242778182
345,6899.990,1786878794566.405,13582384.340,0.000000000,0.000052997,-0.001296358,-1.282699347,1.353400111,1.278219223,1.351953268,1.277846456
346,6919.991,1786878794586.405,13582404.340,0.000000000,0.000053258,-0.001210804,-1.316950798,1.391719937,1.313325644,1.390343308,1.312911749
347,6939.990,1786878794606.405,13582424.339,0.000000000,0.000054717,-0.001129442,-1.351193786,1.427156925,1.348377228,1.425865650,1.347920179
348,6959.990,1786878794626.404,13582444.339,0.000000000,0.000057226,-0.001066886,-1.385425568,1.458313227,1.383330345,1.457052708,1.382828116
349,6979.991,1786878794646.405,13582464.340,0.000000000,0.000060120,-0.001027222,-1.419668078,1.484266162,1.418173671,1.482967019,1.417624593
350,6999.991,1786878794666.405,13582484.340,0.000000000,0.000063204,-0.001009720,-1.453921199,1.504595280,1.452897668,1.503205419,1.452298999
351,7019.989,1786878794686.403,13582504.338,0.000000000,0.000065241,-0.001017211,-1.488205552,1.519304514,1.487523794,1.517769933,1.486880779
352,7039.990,1786878794706.404,13582524.339,0.000000000,0.000064081,-0.001037960,-1.513982773,1.526825190,1.513474584,1.525235176,1.512811303
353,7059.996,1786878794726.410,13582544.345,0.000000000,0.000058207,-0.001069585,-1.547991633,1.532777190,1.547648549,1.531410456,1.546997190
354,7079.994,1786878794746.408,13582564.343,0.000000000,0.000051435,-0.001087970,-1.580166101,1.535189867,1.579938173,1.534371495,1.579351902
355,7099.993,1786878794766.407,13582584.342,0.000000000,0.000046913,-0.001085956,-1.609306931,1.535641313,1.609155893,1.535179734,1.608675599
356,7119.993,1786878794786.407,13582604.342,0.000000000,0.000045333,-0.001050141,-1.634598017,1.535800457,1.634496450,1.535375118,1.634145617
357,7139.997,1786878794806.411,13582624.346,0.000000000,0.000046993,-0.000976480,-1.655554652,1.535955429,1.655489922,1.535530090,1.655272007
358,7159.999,1786878794826.414,13582644.349,0.000000000,0.000049723,-0.000882911,-1.672111034,1.536116600,1.672077417,1.535685301,1.671977520
359,7179.993,1786878794846.407,13582664.342,0.000000000,0.000051521,-0.000791122,-1.684549809,1.536273599,1.684541702,1.535837531,1.684533477
360,7199.988,1786878794866.403,13582684.338,0.000000000,0.000051284,-0.000711836,-1.693358779,1.536421657,1.693365455,1.535985589,1.693424106
361,7219.989,1786878794886.403,13582704.338,0.000000000,0.000050007,-0.000645868,-1.699101090,1.536563039,1.699107647,1.536129475,1.699217081
362,7239.991,1786878794906.405,13582724.340,0.000000000,0.000048725,-0.000594485,-1.702349782,1.536697507,1.702341795,1.536267042,1.702490091
363,7259.989,1786878794926.403,13582744.338,0.000000000,0.000047929,-0.000555265,-1.703632951,1.536824107,1.703604698,1.536396742,1.703774095
364,7279.990,1786878794946.404,13582764.339,0.000000000,0.000047221,-0.000520936,-1.703903913,1.536946535,1.703870177,1.536522865,1.704042196
365,7299.989,1786878794966.403,13582784.338,0.000000000,0.000046602,-0.000488732,-1.704051137,1.537066460,1.704016924,1.536646366,1.704188347
366,7319.991,1786878794986.405,13582804.340,0.000000000,0.000046446,-0.000465609,-1.704153776,1.537155151,1.704119325,1.536736608,1.704290271
367,7339.993,1786878795006.408,13582824.343,0.000000000,0.000046580,-0.000435043,-1.704289079,1.537272811,1.704254389,1.536855340,1.704424620
368,7359.995,1786878795026.409,13582844.344,0.000000000,0.000046821,-0.000403117,-1.704423666,1.537391663,1.704388738,1.536974430,1.704558134
369,7379.993,1786878795046.407,13582864.342,0.000000000,0.000046890,-0.000370612,-1.704557776,1.537511110,1.704522610,1.537093878,1.704691172
370,7399.994,1786878795066.408,13582884.343,0.000000000,0.000046617,-0.000338854,-1.704691529,1.537629366,1.704656005,1.537212610,1.704824090
371,7419.992,1786878795086.406,13582904.342,0.000000000,0.000046077,-0.000306283,-1.704824686,1.537747025,1.704788923,1.537331939,1.704956055
372,7439.993,1786878795106.407,13582924.342,0.000000000,0.000045560,-0.000272509,-1.704957247,1.537865281,1.704921246,1.537451982,1.705087662
373,7459.991,1786878795126.405,13582944.340,0.000000000,0.000045149,-0.000238544,-1.705089211,1.537983656,1.705052972,1.537571669,1.705218554
374,7479.992,1786878795146.406,13582964.341,0.000000000,0.000044703,-0.000204852,-1.705220580,1.538101077,1.705184102,1.537690401,1.705348849
375,7499.992,1786878795166.406,13582984.341,0.000000000,0.000043854,-0.000173113,-1.705351591,1.538216352,1.705314875,1.537807465,1.705478907
376,7519.993,1786878795186.407,13583004.342,0.000000000,0.000042565,-0.000142853,-1.705482364,1.538329840,1.705445170,1.537923336,1.705608845
377,7539.993,1786878795206.407,13583024.342,0.000000000,0.000041294,-0.000111249,-1.705612183,1.538443446,1.705574512,1.538039446,1.705737829
378,7559.993,1786878795226.407,13583044.342,0.000000000,0.000040376,-0.000076923,-1.705740690,1.538558364,1.705702543,1.538155675,1.705865622
379,7579.992,1786878795246.406,13583064.341,0.000000000,0.000039833,-0.000049657,-1.705836535,1.538645267,1.705798030,1.538243294,1.705960870
380,7599.990,1786878795266.404,13583084.339,0.000000000,0.000038997,-0.000012340,-1.705963850,1.538761735,1.705924869,1.538360715,1.706087232
381,7619.991,1786878795286.405,13583104.340,0.000000000,0.000037947,0.000024994,-1.706090808,1.538878083,1.706051469,1.538478494,1.706213355
382,7639.989,1786878795306.404,13583124.339,0.000000000,0.000036771,0.000061487,-1.706217647,1.538993597,1.706177711,1.538595915,1.706339359
383,7659.989,1786878795326.404,13583144.339,0.000000000,0.000035672,0.000097268,-1.706344247,1.539108515,1.706303835,1.538712740,1.706465006
384,7679.989,1786878795346.404,13583164.339,0.000000000,0.000034692,0.000133161,-1.706470370,1.539223313,1.706429482,1.538829088,1.706590176
385,7699.995,1786878795366.409,13583184.344,0.000000000,0.000033813,0.000169950,-1.706596017,1.539338708,1.706554651,1.538945675,1.706714988
386,7719.994,1786878795386.408,13583204.343,0.000000000,0.000033009,0.000207063,-1.706721067,1.539453745,1.706679225,1.539061666,1.706839085
387,7739.994,1786878795406.408,13583224.343,0.000000000,0.000032226,0.000242426,-1.706845880,1.539566994,1.706803560,1.539175868,1.706963062
388,7759.996,1786878795426.411,13583244.346,0.000000000,0.000031424,0.000277199,-1.706970453,1.539679646,1.706927776,1.539289713,1.707086802
389,7779.992,1786878795446.406,13583264.341,0.000000000,0.000030639,0.000312135,-1.707094789,1.539792657,1.707051635,1.539403796,1.707210302
390,7799.995,1786878795466.409,13583284.344,0.000000000,0.000029901,0.000347330,-1.707218885,1.539905787,1.707175255,1.539517999,1.707333446
391,7819.993,1786878795486.407,13583304.342,0.000000000,0.000029232,0.000382631,-1.707342505,1.540018916,1.707298517,1.539632082,1.707456112
392,7839.993,1786878795506.407,13583324.342,0.000000000,0.000028780,0.000409122,-1.707435012,1.540103674,1.707390785,1.539717436,1.707548022
393,7859.991,1786878795526.405,13583344.340,0.000000000,0.000028211,0.000443865,-1.707557797,1.540215611,1.707513094,1.539829969,1.707669854
394,7879.991,1786878795546.405,13583364.340,0.000000000,0.000027653,0.000477907,-1.707680106,1.540326476,1.707634926,1.539941192,1.707791209
395,7899.990,1786878795566.404,13583384.339,0.000000000,0.000026753,0.000511319,-1.707802296,1.540436745,1.707756758,1.540052414,1.707912564
396,7919.990,1786878795586.404,13583404.339,0.000000000,0.000025593,0.000543820,-1.707924366,1.540545940,1.707878351,1.540163159,1.708033681
397,7939.988,1786878795606.402,13583424.337,0.000000000,0.000024358,0.000576357,-1.708045959,1.540654778,1.707999706,1.540273666,1.708154440
398,7959.991,1786878795626.405,13583444.340,0.000000000,0.000023198,0.000608659,-1.708167315,1.540763378,1.708120584,1.540383935,1.708274961
399,7979.988,1786878795646.403,13583464.337,0.000000000,0.000022127,0.000638648,-1.708288789,1.540870667,1.708241701,1.540492654,1.708395600
400,7999.990,1786878795666.404,13583484.339,0.000000000,0.000021248,0.000666298,-1.708409429,1.540974855,1.708361983,1.540597916,1.708515286
401,8019.988,1786878795686.402,13583504.337,0.000000000,0.000020415,0.000693556,-1.708529115,1.541077137,1.708481431,1.540701151,1.708634138
402,8039.991,1786878795706.405,13583524.340,0.000000000,0.000019564,0.000722381,-1.708648086,1.541179776,1.708600163,1.540804863,1.708752275
403,8059.994,1786878795726.408,13583544.343,0.000000000,0.000018525,0.000752081,-1.708766818,1.541283250,1.708718538,1.540909529,1.708870173
404,8079.991,1786878795746.405,13583564.340,0.000000000,0.000017674,0.000774771,-1.708855748,1.541361570,1.708807230,1.540988684,1.708958626
405,8099.993,1786878795766.407,13583584.342,0.000000000,0.000016612,0.000806270,-1.708973885,1.541466713,1.708925009,1.541094780,1.709076047
406,8119.992,1786878795786.406,13583604.341,0.000000000,0.000015666,0.000837833,-1.709091544,1.541571379,1.709042192,1.541200399,1.709192872
407,8139.994,1786878795806.408,13583624.343,0.000000000,0.000014763,0.000865921,-1.709209442,1.541673660,1.709159851,1.541303515,1.709310055
408,8159.993,1786878795826.407,13583644.342,0.000000000,0.000013975,0.000890865,-1.709327459,1.541773677,1.709277630,1.541404366,1.709427238
409,8179.989,1786878795846.404,13583664.339,0.000000000,0.000013477,0.000915353,-1.709445357,1.541873455,1.709395289,1.541504383,1.709544301
410,8199.989,1786878795866.404,13583684.338,0.000000000,0.000012937,0.000941036,-1.709563136,1.541975021,1.709512949,1.541606069,1.709661245
411,8219.992,1786878795886.406,13583704.341,0.000000000,0.000012170,0.000969376,-1.709680438,1.542078376,1.709629893,1.541709781,1.709777474
412,8239.990,1786878795906.405,13583724.340,0.000000000,0.000011055,0.000998544,-1.709796906,1.542181492,1.709746003,1.541813612,1.709893107
413,8259.989,1786878795926.404,13583744.338,0.000000000,0.000009748,0.001024564,-1.709912896,1.542280793,1.709861755,1.541914225,1.710008264
414,8279.990,1786878795946.404,13583764.339,0.000000000,0.000008323,0.001047028,-1.710028529,1.542376041,1.709977269,1.542011380,1.710123062
415,8299.990,1786878795966.404,13583784.339,0.000000000,0.000007081,0.001066568,-1.710143089,1.542467475,1.710091710,1.542104244,1.710237026
416,8319.989,1786878795986.403,13583804.338,0.000000000,0.000005734,0.001085757,-1.710256696,1.542557478,1.710204959,1.542195082,1.710350275
417,8339.990,1786878796006.405,13583824.339,0.000000000,0.000004614,0.001101914,-1.710341334,1.542625904,1.710289240,1.542264462,1.710434556
418,8359.995,1786878796026.409,13583844.344,0.000000000,0.000003417,0.001126928,-1.710453629,1.542719603,1.710401177,1.542359114,1.710546136
419,8379.997,1786878796046.411,13583864.346,0.000000000,0.000002655,0.001151959,-1.710565805,1.542813420,1.710513473,1.542453647,1.710657477
420,8399.996,1786878796066.410,13583884.345,0.000000000,0.000001930,0.001173233,-1.710678101,1.542904019,1.710626006,1.542545080,1.710768819
421,8419.995,1786878796086.409,13583904.344,0.000000000,0.000000962,0.001190854,-1.710790753,1.542992234,1.710738778,1.542634249,1.710880756
422,8439.992,1786878796106.406,13583924.341,0.000000000,-0.000000302,0.001207344,-1.710903525,1.543080091,1.710851431,1.542723298,1.710992932
423,8459.993,1786878796126.407,13583944.342,0.000000000,-0.000001866,0.001225755,-1.711015821,1.543169498,1.710963488,1.542814255,1.711104751
424,8479.994,1786878796146.408,13583964.343,0.000000000,-0.000003546,0.001245500,-1.711127758,1.543259621,1.711074948,1.542906284,1.711216092
425,8499.991,1786878796166.405,13583984.340,0.000000000,-0.000005052,0.001262760,-1.711239219,1.543346882,1.711186171,1.542995572,1.711327076
426,8519.993,1786878796186.408,13584004.343,0.000000000,-0.000006029,0.001275067,-1.711350322,1.543429375,1.711297274,1.543079615,1.711437583
427,8539.995,1786878796206.409,13584024.344,0.000000000,-0.000006573,0.001287900,-1.711460590,1.543511152,1.711407661,1.543162704,1.711547256
428,8559.991,1786878796226.405,13584044.340,0.000000000,-0.000007043,0.001302001,-1.711570382,1.543593645,1.711517453,1.543246150,1.711656570
429,8579.991,1786878796246.405,13584064.340,0.000000000,-0.000007603,0.001315506,-1.711679935,1.543675900,1.711627007,1.543329000,1.711765647
430,8599.994,1786878796266.408,13584084.343,0.000000000,-0.000008041,0.001324824,-1.711761951,1.543736696,1.711709023,1.543390155,1.711847425
431,8619.991,1786878796286.406,13584104.341,0.000000000,-0.000008456,0.001337016,-1.711871147,1.543817520,1.711818337,1.543471336,1.711956143
432,8639.990,1786878796306.404,13584124.339,0.000000000,-0.000008171,0.001349978,-1.711979866,1.543899059,1.711927295,1.543551922,1.712064147
433,8659.990,1786878796326.404,13584144.339,0.000000000,-0.000006884,0.001364633,-1.712087750,1.543981671,1.712035418,1.543631315,1.712171555
434,8679.989,1786878796346.404,13584164.338,0.000000000,-0.000005111,0.001380370,-1.712195277,1.544065714,1.712142944,1.543709993,1.712278843
435,8699.989,1786878796366.403,13584184.338,0.000000000,-0.000003947,0.001396684,-1.712302327,1.544149995,1.712249875,1.543789506,1.712385654
436,8719.989,1786878796386.403,13584204.338,0.000000000,-0.000004617,0.001414844,-1.712407589,1.544231176,1.712355018,1.543869257,1.712490678
437,8739.989,1786878796406.403,13584224.338,0.000000000,-0.000006966,0.001427763,-1.712511301,1.544301629,1.712458730,1.543941498,1.712594986
438,8759.990,1786878796426.404,13584244.339,0.000000000,-0.000010856,0.001419117,-1.712617517,1.544352651,1.712564945,1.544001102,1.712702155
439,8779.993,1786878796446.407,13584264.342,0.000000000,-0.000015279,0.001392377,-1.712728620,1.544395566,1.712676644,1.544059634,1.712813258
440,8799.995,1786878796466.410,13584284.345,0.000000000,-0.000017356,0.001366201,-1.712841988,1.544450760,1.712790012,1.544126034,1.712925911
441,8819.991,1786878796486.405,13584304.340,0.000000000,-0.000017764,0.001362783,-1.712952852,1.544527531,1.712900162,1.544206381,1.713035822
442,8839.992,1786878796506.406,13584324.342,0.000000000,-0.000016686,0.001388583,-1.713057637,1.544621825,1.713004351,1.544298768,1.713139772
443,8859.992,1786878796526.406,13584344.341,0.000000000,-0.000012891,0.001434330,-1.713156104,1.544723272,1.713103175,1.544393182,1.713236690
444,8879.993,1786878796546.407,13584364.342,0.000000000,-0.000009822,0.001473008,-1.713227272,1.544797897,1.713174582,1.544461370,1.713307142
445,8899.991,1786878796566.405,13584384.340,0.000000000,-0.000007158,0.001521437,-1.713321924,1.544893980,1.713269353,1.544550061,1.713401318
446,8919.991,1786878796586.405,13584404.340,0.000000000,-0.000006534,0.001559051,-1.713417768,1.544981122,1.713365197,1.544632196,1.713496804
447,8939.989,1786878796606.403,13584424.338,0.000000000,-0.000008545,0.001584428,-1.713515162,1.545057535,1.713462710,1.544707894,1.713594317
448,8960.024,1786878796626.438,13584444.374,0.000000000,-0.000012852,0.001594719,-1.713614821,1.545119047,1.713562489,1.544774771,1.713694572
449,8980.029,1786878796646.443,13584464.378,0.000000000,-0.000018300,0.001582595,-1.713718057,1.545161843,1.713666558,1.544829011,1.713798881
450,9000.029,1786878796666.443,13584484.378,0.000000000,-0.000022993,0.001544378,-1.713827848,1.545191526,1.713777423,1.544874072,1.713909388
451,9020.027,1786878796686.441,13584504.376,0.000000000,-0.000025033,0.001494492,-1.713942170,1.545225024,1.713893056,1.544921756,1.714023113
452,9040.025,1786878796706.439,13584524.374,0.000000000,-0.000023532,0.001464416,-1.714054346,1.545284152,1.714004874,1.544986129,1.714134097
453,9060.024,1786878796726.438,13584544.373,0.000000000,-0.000020598,0.001461097,-1.714158058,1.545357227,1.714107275,1.545057178,1.714237213
454,9080.022,1786878796746.436,13584564.371,0.000000000,-0.000018542,0.001484790,-1.714253902,1.545441031,1.714201450,1.545134306,1.714333534
455,9100.024,1786878796766.438,13584584.373,0.000000000,-0.000017472,0.001530441,-1.714345455,1.545534849,1.714292049,1.545219779,1.714424968
456,9120.023,1786878796786.437,13584604.372,0.000000000,-0.000016415,0.001574989,-1.714413166,1.545611739,1.714359760,1.545288682,1.714492440
457,9140.024,1786878796806.438,13584624.373,0.000000000,-0.000015035,0.001635706,-1.714505315,1.545716405,1.714451909,1.545385361,1.714584231
458,9160.037,1786878796826.451,13584644.386,0.000000000,-0.000011989,0.001678286,-1.714601040,1.545812488,1.714548469,1.545475125,1.714678407
459,9179.990,1786878796846.404,13584664.339,0.000000000,-0.000008794,0.001707013,-1.714696288,1.545896292,1.714644670,1.545551419,1.714772344
460,9199.988,1786878796866.403,13584684.337,0.000000000,-0.000008686,0.001734694,-1.714791536,1.545977354,1.714740038,1.545627356,1.714867353
461,9219.990,1786878796886.404,13584704.339,0.000000000,-0.000011858,0.001756021,-1.714888573,1.546050191,1.714836836,1.545701623,1.714965224
462,9239.991,1786878796906.406,13584724.340,0.000000000,-0.000017150,0.001746324,-1.714988947,1.546092629,1.714937687,1.545756340,1.715066791
463,9259.991,1786878796926.406,13584744.340,0.000000000,-0.000023040,0.001705878,-1.715095401,1.546115875,1.715045094,1.545799017,1.715174675
464,9279.989,1786878796946.403,13584764.338,0.000000000,-0.000026851,0.001656056,-1.715207100,1.546146393,1.715158343,1.545849085,1.715285420
465,9299.988,1786878796966.402,13584784.337,0.000000000,-0.000026079,0.001626532,-1.715316892,1.546205640,1.715268493,1.545915604,1.715393305
466,9319.990,1786878796986.404,13584804.339,0.000000000,-0.000024137,0.001614661,-1.715417027,1.546268463,1.715367436,1.545979977,1.715492606
467,9339.988,1786878797006.403,13584824.338,0.000000000,-0.000023062,0.001618711,-1.715506911,1.546325803,1.715456009,1.546035647,1.715583086
468,9359.992,1786878797026.406,13584844.341,0.000000000,-0.000022207,0.001650634,-1.715593934,1.546403408,1.715542078,1.546102762,1.715671062
469,9379.992,1786878797046.406,13584864.341,0.000000000,-0.000021256,0.001695710,-1.715660572,1.546482801,1.715608001,1.546169877,1.715737939
470,9399.991,1786878797066.405,13584884.340,0.000000000,-0.000020353,0.001766640,-1.715751410,1.546600819,1.715698481,1.546277404,1.715828061
471,9419.993,1786878797086.407,13584904.342,0.000000000,-0.000018117,0.001820265,-1.715841532,1.546700597,1.715789437,1.546375751,1.715916038
472,9439.992,1786878797106.406,13584924.341,0.000000000,-0.000014972,0.001856170,-1.715929627,1.546782851,1.715877175,1.546451926,1.716004014
473,9459.990,1786878797126.404,13584944.339,0.000000000,-0.000014049,0.001898447,-1.716019034,1.546873569,1.715965033,1.546533585,1.716094255
474,9479.989,1786878797146.403,13584964.338,0.000000000,-0.000016901,0.001919378,-1.716110110,1.546939254,1.716055512,1.546601176,1.716186523
475,9499.992,1786878797166.406,13584984.341,0.000000000,-0.000022506,0.001896689,-1.716202497,1.546955109,1.716148973,1.546635151,1.716280699
476,9519.990,1786878797186.405,13585004.339,0.000000000,-0.000028368,0.001841466,-1.716305137,1.546958447,1.716253877,1.546662927,1.716384292
477,9539.991,1786878797206.405,13585024.340,0.000000000,-0.000031720,0.001795159,-1.716419101,1.547002196,1.716369510,1.546725154,1.716496348
478,9559.990,1786878797226.404,13585044.339,0.000000000,-0.000032235,0.001767551,-1.716531634,1.547073483,1.716482043,1.546805978,1.716606379
479,9579.989,1786878797246.403,13585064.338,0.000000000,-0.000030876,0.001759188,-1.716630340,1.547141433,1.716579318,1.546875596,1.716704369
480,9599.990,1786878797266.404,13585084.339,0.000000000,-0.000029754,0.001773751,-1.716718316,1.547210574,1.716665983,1.546940923,1.716792583
481,9619.992,1786878797286.406,13585104.342,0.000000000,-0.000030914,0.001797957,-1.716783762,1.547272801,1.716730356,1.546999097,1.716858149
482,9639.993,1786878797306.407,13585124.342,0.000000000,-0.000037005,0.001842286,-1.716870427,1.547362924,1.716813922,1.547085643,1.716947079
483,9659.993,1786878797326.408,13585144.343,0.000000000,-0.000047436,0.001888698,-1.716947794,1.547425747,1.716889143,1.547158957,1.717028379
484,9679.991,1786878797346.406,13585164.341,0.000000000,-0.000053178,0.001917225,-1.717020273,1.547459602,1.716963530,1.547204971,1.717103720
485,9699.996,1786878797366.411,13585184.346,0.000000000,-0.000052889,0.001913530,-1.717092872,1.547466993,1.717039943,1.547218800,1.717178226
486,9719.992,1786878797386.406,13585204.342,0.000000000,-0.000049258,0.001901632,-1.717166901,1.547474504,1.717118263,1.547221541,1.717253685
487,9739.993,1786878797406.407,13585224.342,0.000000000,-0.000047471,0.001895541,-1.717246652,1.547496080,1.717201710,1.547240734,1.717334509
488,9759.992,1786878797426.406,13585244.341,0.000000000,-0.000048686,0.001876363,-1.717332482,1.547507167,1.717291832,1.547266126,1.717420459
489,9779.990,1786878797446.405,13585264.340,0.000000000,-0.000047735,0.001878821,-1.717430353,1.547567248,1.717393517,1.547328472,1.717516422
490,9799.990,1786878797466.404,13585284.339,0.000000000,-0.000045140,0.001871937,-1.717531562,1.547629476,1.717496157,1.547388554,1.717617393
491,9819.990,1786878797486.404,13585304.339,0.000000000,-0.000037523,0.001818724,-1.717626095,1.547637701,1.717591882,1.547390819,1.717714310
492,9839.990,1786878797506.404,13585324.339,0.000000000,-0.000025912,0.001724588,-1.717717052,1.547607183,1.717685103,1.547345042,1.717808723
493,9859.989,1786878797526.403,13585344.338,0.000000000,-0.000017114,0.001654510,-1.717810154,1.547610164,1.717778683,1.547328711,1.717905283
494,9879.987,1786878797546.401,13585364.336,0.000000000,-0.000007083,0.003816971,-1.717925429,1.551608205,1.717887163,1.549558043,1.718014479
495,9899.988,1786878797566.402,13585384.337,0.000000000,-0.000012252,0.004259111,-1.718006611,1.553354502,1.717965722,1.550289869,1.718096733
496,9919.988,1786878797586.402,13585404.337,0.000000000,-0.000021278,0.004283911,-1.718108773,1.553643703,1.718070388,1.550424695,1.718201280
497,9939.991,1786878797606.405,13585424.340,0.000000000,-0.000025805,0.004191086,-1.718212485,1.553593755,1.718180656,1.550418735,1.718306661
498,9959.989,1786878797626.404,13585444.339,0.000000000,-0.000023376,0.004059440,-1.718318701,1.553512931,1.718294144,1.550367475,1.718414903
499,9979.994,1786878797646.408,13585464.343,0.000000000,-0.000023288,0.003926952,-1.718433380,1.553457022,1.718413234,1.550329685,1.718532801
500,9999.996,1786878797666.410,13585484.345,0.000000000,-0.000024589,0.003829755,-1.718551278,1.553446770,1.718534350,1.550337315,1.718651772
501,10019.993,1786878797686.407,13585504.342,0.000000000,-0.000022440,0.003727693,-1.718662977,1.553433180,1.718649626,1.550319195,1.718765020
502,10039.993,1786878797706.408,13585524.342,0.000000000,-0.000023766,0.003597792,-1.718770266,1.553380966,1.718760967,1.550276995,1.718874454
503,10059.995,1786878797726.409,13585544.344,0.000000000,-0.000026655,0.003442497,-1.718874216,1.553302407,1.718868494,1.550209641,1.718981504
504,10079.992,1786878797746.406,13585564.341,0.000000000,-0.000030014,0.003285115,-1.718975902,1.553226113,1.718972325,1.550136924,1.719087005
505,10099.993,1786878797766.407,13585584.342,0.000000000,-0.000036503,0.003125539,-1.719073296,1.553135633,1.719071746,1.550059795,1.719188571
506,10119.993,1786878797786.407,13585604.342,0.000000000,-0.000046387,0.002988867,-1.719170213,1.553058863,1.719170570,1.550009012,1.719288945
507,10139.992,1786878797806.406,13585624.341,0.000000000,-0.000054059,0.002902969,-1.719240904,1.553012133,1.719242811,1.549984097,1.719361782
508,10159.991,1786878797826.405,13585644.340,0.000000000,-0.000062841,0.002812581,-1.719333887,1.552972078,1.719337702,1.549968719,1.719456911
509,10179.988,1786878797846.402,13585664.337,0.000000000,-0.000069862,0.002754969,-1.719428182,1.552967668,1.719433427,1.549983859,1.719552279
510,10199.988,1786878797866.402,13585684.337,0.000000000,-0.000074373,0.002740893,-1.719525099,1.553011060,1.719531536,1.550041080,1.719648361
511,10219.991,1786878797886.405,13585704.340,0.000000000,-0.000076240,0.002730470,-1.719622850,1.553061247,1.719630480,1.550102592,1.719744921
512,10239.991,1786878797906.406,13585724.341,0.000000000,-0.000074855,0.002714835,-1.719722033,1.553113580,1.719730854,1.550159335,1.719842911
513,10259.990,1786878797926.405,13585744.339,0.000000000,-0.000072827,0.002701621,-1.719826579,1.553182721,1.719834924,1.550228834,1.719946504
514,10279.990,1786878797946.404,13585764.339,0.000000000,-0.000071035,0.002694718,-1.719935417,1.553267717,1.719941974,1.550316691,1.720054507
515,10299.988,1786878797966.403,13585784.337,0.000000000,-0.000067053,0.002698735,-1.720037460,1.553343773,1.720046282,1.550405502,1.720152378
516,10319.988,1786878797986.403,13585804.338,0.000000000,-0.000060073,0.002687299,-1.720133424,1.553398013,1.720144510,1.550462723,1.720245957
517,10339.990,1786878798006.404,13585824.339,0.000000000,-0.000053276,0.002660385,-1.720225573,1.553437114,1.720236659,1.550497890,1.720338345
518,10359.990,1786878798026.405,13585844.339,0.000000000,-0.000047867,0.002639887,-1.720312119,1.553472996,1.720322847,1.550530076,1.720426083
519,10379.989,1786878798046.404,13585864.339,0.000000000,-0.000045410,0.002637085,-1.720374823,1.553505421,1.720384955,1.550561666,1.720489740
520,10399.992,1786878798066.406,13585884.342,0.000000000,-0.000043457,0.002633325,-1.720456004,1.553539515,1.720467448,1.550603032,1.720570683
521,10419.992,1786878798086.406,13585904.341,0.000000000,0.000016171,0.000757580,-0.003259841,0.003760008,0.003510016,0.002596945,0.003337746
522,10439.992,1786878798106.406,13585924.341,0.000000000,0.000044063,0.002169017,-0.015389153,0.016661886,0.016278997,0.011323812,0.015482355
523,10459.992,1786878798126.406,13585944.341,0.000000000,0.000051245,0.002272066,-0.033897955,0.035775233,0.035042778,0.026327267,0.033627558
524,10479.992,1786878798146.406,13585964.341,0.000000000,0.000040633,0.002209437,-0.057113171,0.063022524,0.058821186,0.050814312,0.056987707
525,10499.992,1786878798166.406,13585984.341,0.000000000,0.000018255,0.002126556,-0.083678409,0.097423241,0.086497851,0.085050002,0.084633619
526,10519.990,1786878798186.405,13586004.339,0.000000000,-0.000002554,0.002025614,-0.112695813,0.135676861,0.116781361,0.125407711,0.115224719
527,10539.990,1786878798206.405,13586024.340,0.000000000,-0.000014494,0.001858649,-0.143626139,0.175175205,0.148666918,0.167759374,0.147526100
528,10559.988,1786878798226.403,13586044.338,0.000000000,-0.000018144,0.001680585,-0.176091611,0.214314684,0.181471273,0.209122762,0.180648506
529,10579.988,1786878798246.402,13586064.337,0.000000000,-0.000019482,0.001575118,-0.209525779,0.252181292,0.214785978,0.247992635,0.214102581
530,10599.988,1786878798266.402,13586084.337,0.000000000,-0.000023767,0.001527825,-0.243523821,0.288271815,0.248359874,0.284444034,0.247728646
531,10619.988,1786878798286.403,13586104.337,0.000000000,-0.000028098,0.001542476,-0.277773589,0.323455483,0.282212704,0.319882423,0.281616181
532,10639.989,1786878798306.403,13586124.338,0.000000000,-0.000029478,0.001595846,-0.303434819,0.350428849,0.307924241,0.347013801,0.307337970
533,10659.992,1786878798326.406,13586144.341,0.000000000,-0.000030544,0.001635878,-0.337650716,0.387308061,0.342567623,0.383992881,0.341967881
534,10679.994,1786878798346.408,13586164.343,0.000000000,-0.000030177,0.001601356,-0.372075826,0.424275845,0.377360553,0.421009481,0.376734287
535,10699.995,1786878798366.410,13586184.345,0.000000000,-0.000029166,0.001526085,-0.406786323,0.460449815,0.412093163,0.457279652,0.411451131
536,10719.991,1786878798386.405,13586204.340,0.000000000,-0.000027417,0.001445567,-0.441716939,0.496049643,0.446758717,0.493104964,0.446128756
537,10739.992,1786878798406.406,13586224.341,0.000000000,-0.000024861,0.001346173,-0.476795465,0.531808674,0.481421202,0.529023707,0.480806023
538,10759.991,1786878798426.406,13586244.341,0.000000000,-0.000021804,0.001241959,-0.511988461,0.567750335,0.516063690,0.564825833,0.515437126
539,10779.990,1786878798446.405,13586264.340,0.000000000,-0.000020904,0.001134398,-0.547296286,0.603003800,0.550589681,0.599885583,0.549966395
540,10799.990,1786878798466.405,13586284.339,0.000000000,-0.000023323,0.000991105,-0.582766533,0.636950374,0.584891498,0.634187758,0.584372163
541,10819.989,1786878798486.404,13586304.338,0.000000000,-0.000025837,0.000806617,-0.618425786,0.669800162,0.618934512,0.667659760,0.618577063
542,10839.989,1786878798506.403,13586324.338,0.000000000,-0.000027053,0.000651194,-0.654119015,0.702629149,0.652882397,0.700807035,0.652655721
543,10859.990,1786878798526.404,13586344.339,0.000000000,-0.000031243,0.000563433,-0.689709902,0.735789537,0.686869860,0.734114528,0.686770439
544,10879.992,1786878798546.406,13586364.341,0.000000000,-0.000036215,0.000552225,-0.716235697,0.761290133,0.712475538,0.759755254,0.712490976
545,10899.990,1786878798566.404,13586384.339,0.000000000,-0.000040015,0.000583401,-0.751236022,0.797173917,0.746844351,0.795671344,0.746993124
546,10919.989,1786878798586.404,13586404.339,0.000000000,-0.000037710,0.000640528,-0.785717010,0.836022437,0.781472564,0.834191501,0.781669438
547,10939.988,1786878798606.403,13586424.338,0.000000000,-0.000032215,0.000682881,-0.819806039,0.876784921,0.816237748,0.874833763,0.816443443
548,10959.989,1786878798626.404,13586444.338,0.000000000,-0.000027257,0.000672170,-0.853954017,0.916423321,0.850959063,0.914844871,0.851175785
549,10979.990,1786878798646.405,13586464.340,0.000000000,-0.000023912,0.000634763,-0.888470173,0.953354716,0.885634840,0.952416658,0.885850430
550,10999.988,1786878798666.402,13586484.337,0.000000000,-0.000023614,0.000611091,-0.923365653,0.987989843,0.920377195,0.987926483,0.920598984
551,11019.989,1786878798686.404,13586504.339,0.000000000,-0.000024552,0.000625245,-0.958498895,1.021553993,0.955300152,1.022610545,0.955551028
552,11039.991,1786878798706.406,13586524.341,0.000000000,-0.000022473,0.000685713,-0.993629932,1.055541396,0.990438163,1.057686329,0.990715086
553,11059.993,1786878798726.408,13586544.343,0.000000000,-0.000015946,0.000792613,-1.028522730,1.091617227,1.025767922,1.093777418,1.026008487
554,11079.991,1786878798746.406,13586564.340,0.000000000,-0.000010925,0.000926645,-1.063012004,1.130369186,1.061168790,1.131483436,1.061323166
555,11099.992,1786878798766.406,13586584.341,0.000000000,-0.000009001,0.001054179,-1.097029209,1.171066403,1.096412659,1.170708060,1.096466303
556,11119.991,1786878798786.405,13586604.340,0.000000000,-0.000008672,0.001154333,-1.130636454,1.212564111,1.131365299,1.210865498,1.131321192
557,11139.990,1786878798806.405,13586624.340,0.000000000,-0.000010586,0.001204625,-1.164106965,1.253440261,1.166050553,1.250809789,1.165930033
558,11159.991,1786878798826.405,13586644.340,0.000000000,-0.000013692,0.001214120,-1.189273477,1.283122063,1.191946030,1.280141592,1.191797614
559,11179.989,1786878798846.404,13586664.338,0.000000000,-0.000017064,0.001206859,-1.223061204,1.321335554,1.226459146,1.318280697,1.226300001
560,11199.988,1786878798866.402,13586684.337,0.000000000,-0.000018082,0.001218883,-1.257206798,1.358723044,1.261181474,1.355807543,1.261005878
561,11219.989,1786878798886.403,13586704.338,0.000000000,-0.000017646,0.001257589,-1.291662812,1.394825816,1.296182632,1.392185450,1.295980811
562,11239.990,1786878798906.405,13586724.339,0.000000000,-0.000016153,0.001300690,-1.326216459,1.428099275,1.331242561,1.425806165,1.331011534
563,11259.990,1786878798926.404,13586744.339,0.000000000,-0.000015502,0.001342887,-1.360641479,1.457286239,1.366105437,1.455334783,1.365872979
564,11279.990,1786878798946.404,13586764.339,0.000000000,-0.000016514,0.001378758,-1.394844174,1.481555462,1.400651336,1.479871631,1.400465727
565,11299.988,1786878798966.403,13586784.338,0.000000000,-0.000023282,0.001407002,-1.428864717,1.500708461,1.434913397,1.499212503,1.434845686
566,11319.990,1786878798986.404,13586804.339,0.000000000,-0.000037179,0.001423632,-1.462649226,1.514541745,1.468847871,1.513473988,1.468971848
567,11339.995,1786878799006.410,13586824.345,0.000000000,-0.000044334,0.001463679,-1.496171713,1.523522496,1.502529621,1.523174644,1.502783775
568,11359.994,1786878799026.409,13586844.344,0.000000000,-0.000041033,0.001540435,-1.529526472,1.529882669,1.536104202,1.529881716,1.536281824
569,11379.994,1786878799046.408,13586864.343,0.000000000,-0.000037982,0.001528027,-1.561796427,1.532432556,1.568268180,1.532751322,1.568298221
570,11399.992,1786878799066.406,13586884.342,0.000000000,-0.000031368,0.001483334,-1.591663957,1.532746911,1.597720623,1.533116102,1.597628236
571,11419.990,1786878799086.405,13586904.339,0.000000000,-0.000024530,0.001418346,-1.618333340,1.532805920,1.623764038,1.533164859,1.623581648
572,11439.991,1786878799106.405,13586924.340,0.000000000,0.000005660,0.000074144,-0.001411707,0.001507927,0.001466535,0.001232172,0.001426370
573,11459.992,1786878799126.406,13586944.341,0.000000000,0.000032472,0.000182313,-0.012208011,0.010773032,0.012144655,0.008216322,0.011770728
574,11479.993,1786878799146.407,13586964.342,0.000000000,0.000043131,0.000204214,-0.029663032,0.023341574,0.028765745,0.018224856,0.028011268
575,11499.990,1786878799166.404,13586984.339,0.000000000,0.000042615,0.000178381,-0.051988136,0.040422551,0.050076850,0.032874357,0.048958130
576,11519.990,1786878799186.405,13587004.339,0.000000000,0.000030273,-0.000011691,-0.078136876,0.066973574,0.075823613,0.057546400,0.074422427
577,11539.994,1786878799206.408,13587024.343,0.000000000,0.000018853,-0.000134364,-0.106913790,0.102121346,0.105112910,0.092332676,0.103652991
578,11559.991,1786878799226.406,13587044.341,0.000000000,0.000012062,-0.000135060,-0.137279823,0.140263185,0.136471927,0.131179377,0.135109976
579,11579.991,1786878799246.405,13587064.340,0.000000000,0.000004663,-0.000088994,-0.168719456,0.178029671,0.168918103,0.170337364,0.167761281
580,11599.989,1786878799266.403,13587084.338,0.000000000,-0.000006751,-0.000077942,-0.201061532,0.214953959,0.202030405,0.208351180,0.201046959
581,11619.990,1786878799286.404,13587104.339,0.000000000,-0.000015914,-0.000139960,-0.234246984,0.252181828,0.235735252,0.246196300,0.234855577
582,11639.993,1786878799306.408,13587124.343,0.000000000,-0.000018468,-0.000204137,-0.268023401,0.291061699,0.270091087,0.285423249,0.269254059
583,11659.990,1786878799326.404,13587144.339,0.000000000,-0.000017067,-0.000254884,-0.302158117,0.330930144,0.304893196,0.325697273,0.304087222
584,11679.993,1786878799346.407,13587164.342,0.000000000,-0.000016562,-0.000295234,-0.327952266,0.360373765,0.331064552,0.355602264,0.330303639
585,11699.994,1786878799366.409,13587184.344,0.000000000,-0.000017841,-0.000382866,-0.362676859,0.397407293,0.365745544,0.393666506,0.365114659
586,11719.994,1786878799386.408,13587204.343,0.000000000,-0.000017948,-0.000483034,-0.397729665,0.432562143,0.400229871,0.429888040,0.399744123
587,11739.993,1786878799406.407,13587224.342,0.000000000,-0.000016677,-0.000562543,-0.432923466,0.467762202,0.434759676,0.465745002,0.434369415
588,11759.990,1786878799426.405,13587244.340,0.000000000,-0.000016068,-0.000593096,-0.468041003,0.504390419,0.469521701,0.502574623,0.469173133
589,11779.993,1786878799446.407,13587264.342,0.000000000,-0.000016759,-0.000562432,-0.502909184,0.543032825,0.504611731,0.541138887,0.504277050
590,11799.990,1786878799466.405,13587284.340,0.000000000,-0.000017940,-0.000491852,-0.537481844,0.583290100,0.539997935,0.581320941,0.539680660
591,11819.993,1786878799486.407,13587304.342,0.000000000,-0.000018999,-0.000427061,-0.571864128,0.624207735,0.575535655,0.622293234,0.575250447
592,11839.992,1786878799506.406,13587324.341,0.000000000,-0.000019461,-0.000402262,-0.606241643,0.664536119,0.611023366,0.662877381,0.610788107
593,11859.990,1786878799526.405,13587344.340,0.000000000,-0.000019117,-0.000400033,-0.640718281,0.703606665,0.646366417,0.702415228,0.646190524
594,11879.992,1786878799546.406,13587364.341,0.000000000,-0.000018579,-0.000403383,-0.675314069,0.741373241,0.681573629,0.740783572,0.681455135
595,11899.991,1786878799566.405,13587384.340,0.000000000,-0.000018409,-0.000401114,-0.710016847,0.778081596,0.716692746,0.778060853,0.716616273
596,11919.992,1786878799586.406,13587404.342,0.000000000,-0.000018433,-0.000391945,-0.736080706,0.805254638,0.743013322,0.805558324,0.742953777
597,11939.989,1786878799606.403,13587424.338,0.000000000,-0.000018408,-0.000366444,-0.770810664,0.841562748,0.778123260,0.842140615,0.778067768
598,11959.990,1786878799626.404,13587444.339,0.000000000,-0.000017792,-0.000325518,-0.805440962,0.878465176,0.813274622,0.879126906,0.813202441
599,11979.990,1786878799646.404,13587464.339,0.000000000,-0.000016164,-0.000270226,-0.839924753,0.916287363,0.848478436,0.916755080,0.848356843
600,11999.989,1786878799666.404,13587484.339,0.000000000,-0.000014926,-0.000207047,-0.874266744,0.954996884,0.883724511,0.954998672,0.883528233
601,12020.003,1786878799686.417,13587504.352,0.000000000,-0.000014355,-0.000150745,-0.908511639,0.994174004,0.918959558,0.993646562,0.918688893
602,12040.005,1786878799706.419,13587524.354,0.000000000,-0.000014394,-0.000110430,-0.942711949,1.033342361,0.954126537,1.032389998,0.953795433
603,12060.004,1786878799726.418,13587544.353,0.000000000,-0.000015958,-0.000100030,-0.976975858,1.071821094,0.989178836,1.070629954,0.988819599
604,12080.003,1786878799746.417,13587564.352,0.000000000,-0.000018429,-0.000113003,-1.011405349,1.109073997,1.024123073,1.108018756,1.023782015
605,12099.999,1786878799766.414,13587584.348,0.000000000,-0.000020147,-0.000134131,-1.045868874,1.145162106,1.058867335,1.144530416,1.058574080
606,12119.995,1786878799786.409,13587604.344,0.000000000,-0.000020799,-0.000147680,-1.080397964,1.180764794,1.093538642,1.180598855,1.093307734
607,12139.999,1786878799806.413,13587624.348,0.000000000,-0.000021139,-0.000149366,-1.114874721,1.216288209,1.128098726,1.216494679,1.127943039
608,12159.995,1786878799826.409,13587644.344,0.000000000,-0.000021339,-0.000144471,-1.140664220,1.242987275,1.153937697,1.243371844,1.153845549
609,12179.992,1786878799846.406,13587664.341,0.000000000,-0.000021254,-0.000133764,-1.174946547,1.278640151,1.188282371,1.279175043,1.188274264
610,12199.990,1786878799866.404,13587684.339,0.000000000,-0.000019606,-0.000116504,-1.209114075,1.314371586,1.222528100,1.314934850,1.222583294
611,12219.990,1786878799886.404,13587704.339,0.000000000,-0.000015785,-0.000088658,-1.243194222,1.350251198,1.256739974,1.350631833,1.256812692
612,12239.993,1786878799906.407,13587724.342,0.000000000,-0.000011484,-0.000052705,-1.277248979,1.385308623,1.290991783,1.385276318,1.291044116
613,12259.993,1786878799926.407,13587744.342,0.000000000,-0.000007875,-0.000019692,-1.311330914,1.417932510,1.325309753,1.417401075,1.325319886
614,12279.991,1786878799946.405,13587764.340,0.000000000,-0.000005101,0.000005681,-1.345422268,1.446846485,1.359628916,1.445818782,1.359599471
615,12299.991,1786878799966.406,13587784.341,0.000000000,-0.000004206,0.000025127,-1.379508734,1.471299767,1.393913865,1.469849229,1.393864274
616,12319.991,1786878799986.405,13587804.340,0.000000000,-0.000005814,0.000025200,-1.413634062,1.490756035,1.428178668,1.489142179,1.428144693
617,12339.991,1786878800006.405,13587824.340,0.000000000,-0.000008613,0.000002305,-1.447896123,1.505122781,1.462509990,1.503771424,1.462508559
618,12359.990,1786878800026.404,13587844.339,0.000000000,-0.000009827,-0.000027023,-1.482325196,1.515003085,1.496965766,1.514266610,1.496971726
619,12379.990,1786878800046.405,13587864.340,0.000000000,-0.000008882,-0.000051312,-1.516855359,1.521255851,1.531401277,1.521187067,1.531396747
620,12399.988,1786878800066.403,13587884.338,0.000000000,-0.000008098,-0.000062329,-1.542447567,1.523998380,1.556486011,1.524358153,1.556486845
621,12419.989,1786878800086.403,13587904.338,0.000000000,-0.000007626,-0.000066430,-1.574851274,1.525537133,1.587697387,1.526337028,1.587736964
622,12439.989,1786878800106.403,13587924.338,0.000000000,-0.000006932,-0.000056199,-1.604162335,1.525825262,1.615448594,1.526718736,1.615533352
623,12459.990,1786878800126.404,13587944.339,0.000000000,-0.000003862,-0.000026839,-1.629621029,1.525976419,1.639182687,1.526865005,1.639288545
624,12479.988,1786878800146.403,13587964.337,0.000000000,0.000000514,0.000012212,-1.650926590,1.526127934,1.658738375,1.527001023,1.658842444
625,12499.992,1786878800166.406,13587984.341,0.000000000,0.000004786,0.000040904,-1.668109775,1.526271224,1.674249053,1.527135134,1.674304962
626,12519.995,1786878800186.409,13588004.344,0.000000000,0.000008388,0.000060202,-1.681316137,1.526401520,1.685911536,1.527255654,1.685912848
627,12539.991,1786878800206.406,13588024.341,0.000000000,0.000010235,0.000083766,-1.690893292,1.526534438,1.694104552,1.527376294,1.694084167
628,12559.993,1786878800226.407,13588044.342,0.000000000,0.000009071,0.000101904,-1.697335839,1.526658773,1.699359179,1.527495146,1.699340343
629,12579.991,1786878800246.405,13588064.340,0.000000000,0.000004428,0.000093047,-1.701196909,1.526754022,1.702242255,1.527602196,1.702248096
630,12599.991,1786878800266.406,13588084.341,0.000000000,-0.000000932,0.000059530,-1.703066707,1.526836991,1.703351974,1.527707100,1.703366876
631,12619.992,1786878800286.406,13588104.341,0.000000000,-0.000003237,0.000019455,-1.703570724,1.526930332,1.703608513,1.527816415,1.703620434
632,12639.994,1786878800306.408,13588124.343,0.000000000,-0.000002819,-0.000008261,-1.703740478,1.527037382,1.703758001,1.527927876,1.703769326
633,12659.990,1786878800326.404,13588144.339,0.000000000,-0.000001794,-0.000017406,-1.703842521,1.527121425,1.703857183,1.528009057,1.703870177
634,12679.992,1786878800346.406,13588164.341,0.000000000,-0.000000208,-0.000004730,-1.703969002,1.527243853,1.703981876,1.528121471,1.703997374
635,12699.988,1786878800366.403,13588184.338,0.000000000,0.000002551,0.000040979,-1.704093456,1.527395487,1.704104781,1.528251410,1.704123139
636,12719.989,1786878800386.403,13588204.338,0.000000000,0.000004123,0.000113478,-1.704220057,1.527573347,1.704230428,1.528410435,1.704250336
637,12739.990,1786878800406.405,13588224.339,0.000000000,0.000006498,0.000184114,-1.704346776,1.527745366,1.704358101,1.528577805,1.704375386
638,12759.990,1786878800426.404,13588244.339,0.000000000,0.000010406,0.000248773,-1.704472065,1.527912140,1.704483032,1.528734684,1.704500318
639,12779.988,1786878800446.402,13588264.337,0.000000000,0.000012473,0.000321034,-1.704599977,1.528093219,1.704609036,1.528899789,1.704628825
640,12799.989,1786878800466.403,13588284.338,0.000000000,0.000009727,0.000358804,-1.704729080,1.528237224,1.704737186,1.529041886,1.704758167
641,12819.992,1786878800486.406,13588304.341,0.000000000,0.000003695,0.000338076,-1.704853654,1.528307557,1.704861641,1.529124856,1.704885125
642,12839.996,1786878800506.410,13588324.345,0.000000000,-0.000002415,0.000283840,-1.704982519,1.528347850,1.704991817,1.529186368,1.705016255
643,12859.992,1786878800526.406,13588344.342,0.000000000,-0.000006172,0.000224559,-1.705125332,1.528411627,1.705137372,1.529271841,1.705158234
644,12879.992,1786878800546.406,13588364.342,0.000000000,-0.000007398,0.000194332,-1.705239773,1.528494835,1.705253363,1.529364944,1.705270410
645,12899.991,1786878800566.405,13588384.340,0.000000000,-0.000007706,0.000190680,-1.705391526,1.528649449,1.705404282,1.529522657,1.705419779
646,12919.992,1786878800586.406,13588404.341,0.000000000,-0.000007503,0.000217057,-1.705530643,1.528810501,1.705541372,1.529685020,1.705557704
647,12939.989,1786878800606.403,13588424.338,0.000000000,-0.000005602,0.000237215,-1.705653787,1.528938174,1.705662131,1.529802918,1.705682278
648,12959.991,1786878800626.405,13588444.340,0.000000000,-0.000004646,0.000272392,-1.705765963,1.529062867,1.705772042,1.529901743,1.705798030
649,12979.992,1786878800646.406,13588464.341,0.000000000,-0.000011716,0.000328562,-1.705868721,1.529180884,1.705872893,1.530004978,1.705906034
650,12999.990,1786878800666.404,13588484.339,0.000000000,-0.000022896,0.000382120,-1.705964327,1.529267550,1.705970049,1.530104637,1.706005573
651,13019.990,1786878800686.405,13588504.339,0.000000000,-0.000027178,0.000376155,-1.706063151,1.529298425,1.706074476,1.530158758,1.706106305
652,13039.989,1786878800706.403,13588524.338,0.000000000,-0.000024635,0.000320472,-1.706172109,1.529306412,1.706188917,1.530176282,1.706216693
653,13059.992,1786878800726.406,13588544.341,0.000000000,-0.000020041,0.000302101,-1.706295609,1.529386163,1.706316233,1.530246735,1.706340194
654,13079.991,1786878800746.406,13588564.341,0.000000000,-0.000015636,0.000279941,-1.706427336,1.529477835,1.706450462,1.530335426,1.706471324
655,13099.991,1786878800766.405,13588584.340,0.000000000,-0.000010277,0.000241810,-1.706560254,1.529558420,1.706584334,1.530415058,1.706605077
656,13119.993,1786878800786.407,13588604.342,0.000000000,-0.000003361,0.000214511,-1.706687331,1.529639959,1.706711769,1.530491590,1.706734180
657,13139.995,1786878800806.409,13588624.344,0.000000000,0.000006597,0.000918805,-1.706815600,1.531041503,1.706838965,1.531374931,1.706862569
658,13159.992,1786878800826.406,13588644.341,0.000000000,0.000009633,0.003444016,-1.706922650,1.535616398,1.706942081,1.534524918,1.706967711
659,13179.991,1786878800846.405,13588664.340,0.000000000,0.000013839,0.004436641,-1.707052708,1.538999081,1.707079053,1.536909223,1.707096100
660,13199.991,1786878800866.405,13588684.340,0.000000000,0.000026425,0.004411911,-1.707180977,1.539368749,1.707219481,1.537126422,1.707224369
661,13219.991,1786878800886.405,13588704.340,0.000000000,0.000035383,0.004244789,-1.707320094,1.539324403,1.707367659,1.537060380,1.707367539
662,13239.991,1786878800906.405,13588724.340,0.000000000,0.000039913,0.004084800,-1.707464099,1.539282799,1.707517147,1.537012219,1.707516313
663,13259.992,1786878800926.406,13588744.341,0.000000000,0.000044713,0.003933272,-1.707603455,1.539246321,1.707661629,1.536976337,1.707658768
664,13279.990,1786878800946.404,13588764.339,0.000000000,0.000049886,0.003791935,-1.707739472,1.539229989,1.707800508,1.536950111,1.707798362
665,13299.991,1786878800966.405,13588784.340,0.000000000,0.000061231,0.003699209,-1.707863092,1.539437413,1.707929969,1.536950111,1.707921386
666,13319.994,1786878800986.408,13588804.343,0.000000000,0.000060046,0.003024112,-1.707975864,1.539348841,1.708043814,1.536820650,1.708042860
667,13339.995,1786878801006.409,13588824.344,0.000000000,0.000055252,0.002443478,-1.708081841,1.539223909,1.708151460,1.536694765,1.708155990
668,13359.993,1786878801026.407,13588844.342,0.000000000,0.000042007,0.002162877,-1.708187103,1.539107442,1.708257318,1.536602259,1.708268166
669,13379.993,1786878801046.406,13588864.342,0.000000000,0.000022922,0.002013242,-1.708295107,1.539017916,1.708364725,1.536552310,1.708382487
670,13399.998,1786878801066.413,13588884.348,0.000000000,0.000009594,0.001926689,-1.708376050,1.538969755,1.708446026,1.536534309,1.708466768
671,13419.993,1786878801086.407,13588904.342,0.000000000,0.000000000,0.000000000,0.000000000,0.000000000,0.000000000,0.000000000,0.000000000
672,13439.992,1786878801106.406,13588924.341,0.000000000,0.000035222,0.000871745,-0.008570569,0.010251894,0.009173304,0.006817911,0.008662219
673,13459.992,1786878801126.406,13588944.341,0.000000000,0.000059721,0.000929974,-0.024476372,0.027746471,0.025361875,0.019174138,0.024082204
674,13479.992,1786878801146.406,13588964.341,0.000000000,0.000064077,0.000825754,-0.046045791,0.052933890,0.047050629,0.040087670,0.045129739
675,13499.989,1786878801166.404,13588984.338,0.000000000,0.000048925,0.000834121,-0.071276933,0.085229553,0.073059894,0.070300415,0.070822433
676,13519.990,1786878801186.404,13589004.339,0.000000000,0.000022813,0.000915368,-0.098867171,0.123793125,0.102426745,0.108822204,0.100176439
677,13539.991,1786878801206.405,13589024.340,0.000000000,-0.000004483,0.000990083,-0.128071442,0.168603763,0.134534687,0.156157240,0.132652551
678,13559.989,1786878801226.403,13589044.338,0.000000000,-0.000016953,0.000952174,-0.158774629,0.214958459,0.168119535,0.206231371,0.166775361
679,13579.989,1786878801246.403,13589064.338,0.000000000,-0.000017294,0.000862357,-0.190843612,0.258385658,0.202084184,0.252351791,0.201117903
680,13599.989,1786878801266.403,13589084.338,0.000000000,-0.000018046,0.000782131,-0.223938778,0.297603577,0.235988095,0.293220043,0.235249534
681,13619.991,1786878801286.405,13589104.340,0.000000000,-0.000022582,0.000670106,-0.257859558,0.332746267,0.269684911,0.329789549,0.269154996
682,13639.993,1786878801306.407,13589124.342,0.000000000,-0.000027119,0.000519052,-0.292505234,0.364687115,0.303175658,0.363086551,0.302855283
683,13659.992,1786878801326.406,13589144.341,0.000000000,-0.000029143,0.000393257,-0.318856537,0.387657970,0.328267604,0.386868358,0.328075379
684,13679.988,1786878801346.403,13589164.337,0.000000000,-0.000029759,0.000235571,-0.354292631,0.418536246,0.361867666,0.418477833,0.361787409
685,13699.989,1786878801366.403,13589184.338,0.000000000,-0.000029506,0.000102453,-0.389893681,0.450458854,0.395703942,0.450829476,0.395682186
686,13719.993,1786878801386.408,13589204.342,0.000000000,-0.000029307,0.000042962,-0.425367773,0.484684914,0.429948717,0.485246927,0.429947674
687,13739.993,1786878801406.408,13589224.342,0.000000000,-0.000029877,0.000046022,-0.460543960,0.521806479,0.464674026,0.522234619,0.464656085
688,13759.994,1786878801426.408,13589244.343,0.000000000,-0.000031468,0.000096915,-0.495381534,0.561296284,0.499812037,0.561179519,0.499735057
689,13779.993,1786878801446.408,13589264.342,0.000000000,-0.000033938,0.000183297,-0.529885054,0.602535188,0.535276473,0.601852536,0.535147905
690,13799.993,1786878801466.408,13589284.342,0.000000000,-0.000036604,0.000281512,-0.564115405,0.644877255,0.570966482,0.643923283,0.570827961
691,13819.994,1786878801486.408,13589304.343,0.000000000,-0.000039055,0.000367237,-0.598192751,0.687510788,0.606749654,0.686685979,0.606649935
692,13839.994,1786878801506.408,13589324.343,0.000000000,-0.000040889,0.000432082,-0.632235348,0.729834378,0.642522216,0.729270875,0.642472565
693,13859.992,1786878801526.406,13589344.341,0.000000000,-0.000041826,0.000473497,-0.666321576,0.771505594,0.678212702,0.771177709,0.678202689
694,13879.991,1786878801546.405,13589364.340,0.000000000,-0.000041922,0.000502072,-0.700478375,0.812451839,0.713796556,0.812256813,0.713804841
695,13899.991,1786878801566.405,13589384.340,0.000000000,-0.000041900,0.000521854,-0.734702468,0.852744162,0.749267578,0.852556407,0.749275684
696,13919.994,1786878801586.409,13589404.344,0.000000000,-0.000041886,0.000537869,-0.768981576,0.892453432,0.784625471,0.892205536,0.784626126
697,13939.990,1786878801606.405,13589424.340,0.000000000,-0.000041885,0.000552226,-0.794718325,0.921909809,0.811085463,0.921595633,0.811078787
698,13959.989,1786878801626.404,13589444.339,0.000000000,-0.000041721,0.000574407,-0.829064786,0.960827529,0.846313059,0.960394382,0.846293271
699,13979.991,1786878801646.405,13589464.340,0.000000000,-0.000041498,0.000595910,-0.863449991,0.999338567,0.881488025,0.998778582,0.881453395
700,13999.991,1786878801666.406,13589484.341,0.000000000,-0.000041313,0.000615673,-0.897877574,1.037436604,0.916614771,1.036787868,0.916568935
701,14019.990,1786878801686.404,13589504.339,0.000000000,-0.000041020,0.000634175,-0.932332039,1.075202465,0.951689661,1.074503422,0.951637387
702,14039.991,1786878801706.405,13589524.340,0.000000000,-0.000040391,0.000651341,-0.966796815,1.112697840,0.986707211,1.111992478,0.986651719
703,14059.991,1786878801726.405,13589544.340,0.000000000,-0.000039269,0.000666817,-1.001256227,1.149980307,1.021659613,1.149278164,1.021601319
704,14079.990,1786878801746.404,13589564.339,0.000000000,-0.000037862,0.000678926,-1.035700679,1.187056661,1.056533337,1.186325073,1.056471825
705,14099.987,1786878801766.402,13589584.337,0.000000000,-0.000036294,0.000688970,-1.070122957,1.223939419,1.091322780,1.223115206,1.091258645
706,14119.988,1786878801786.402,13589604.337,0.000000000,-0.000034654,0.000697193,-1.104526877,1.260610342,1.126034021,1.259634376,1.125967026
707,14139.989,1786878801806.404,13589624.339,0.000000000,-0.000033097,0.000702546,-1.138919234,1.297022343,1.160674334,1.295877337,1.160604477
708,14159.987,1786878801826.401,13589644.336,0.000000000,-0.000031666,0.000704380,-1.173300743,1.333122611,1.195241094,1.331818223,1.195171595
709,14179.989,1786878801846.404,13589664.338,0.000000000,-0.000030618,0.000703354,-1.199080467,1.359761596,1.221120119,1.358382225,1.221053600
710,14199.989,1786878801866.403,13589684.338,0.000000000,-0.000029175,0.000698468,-1.233447433,1.393445134,1.255572081,1.392059207,1.255511165
711,14219.992,1786878801886.406,13589704.342,0.000000000,-0.000027761,0.000689544,-1.267806411,1.423813462,1.289969683,1.422536850,1.289912820
712,14240.039,1786878801906.453,13589724.388,0.000000000,-0.000026298,0.000676845,-1.302158594,1.450047851,1.324322939,1.448985100,1.324266315
713,14260.033,1786878801926.447,13589744.382,0.000000000,-0.000024679,0.000660718,-1.336511254,1.471786976,1.358645678,1.471004486,1.358585358
714,14280.037,1786878801946.451,13589764.386,0.000000000,-0.000022955,0.000645685,-1.370867610,1.489089251,1.392951488,1.488598347,1.392890334
715,14300.038,1786878801966.452,13589784.387,0.000000000,-0.000020528,0.000635121,-1.405223012,1.502287626,1.427251816,1.502033353,1.427189350
716,14320.037,1786878801986.451,13589804.386,0.000000000,-0.000017316,0.000634862,-1.430977821,1.509843707,1.452980042,1.509649873,1.452905655
717,14340.020,1786878802006.434,13589824.369,0.000000000,-0.000013074,0.000643166,-1.465307355,1.517301798,1.487298489,1.517005801,1.487201691
718,14360.026,1786878802026.440,13589844.375,0.000000000,-0.000010340,0.000658116,-1.499634743,1.522225499,1.521615624,1.521739721,1.521504283
719,14380.003,1786878802046.417,13589864.352,0.000000000,-0.000009032,0.000675822,-1.533816338,1.524987936,1.555127382,1.524300456,1.555039048
720,14399.998,1786878802066.412,13589884.347,0.000000000,-0.000009045,0.000683129,-1.566669226,1.525864482,1.586373210,1.525069475,1.586337090
721,14419.993,1786878802086.408,13589904.343,0.000000000,-0.000010112,0.000670934,-1.596914172,1.526041150,1.614401460,1.525248051,1.614409924
