index,time_ms,time_realtime_ms,time_monotonic_ms,ros_timestamp,right_hand_dq_0,right_hand_dq_1,right_hand_dq_2,right_hand_dq_3,right_hand_dq_4,right_hand_dq_5,right_hand_dq_6
0,0.000,1786878787666.414,13575484.349,0.000000000,0.001109665,0.137772337,0.008108940,-0.006001898,-0.006281989,-0.006001994,-0.006280331
1,19.992,1786878787686.406,13575504.341,0.000000000,-0.000075452,0.030960303,-0.247901335,0.262725502,0.253713578,0.241754338,0.250585437
2,39.990,1786878787706.405,13575524.339,0.000000000,-0.000866705,0.005855064,-0.649775088,0.667884886,0.661076307,0.633132517,0.655883849
3,59.992,1786878787726.406,13575544.341,0.000000000,-0.000770985,0.002658227,-0.949277043,0.982956529,0.960334539,0.948924243,0.955205083
4,79.994,1786878787746.408,13575564.343,0.000000000,-0.000814798,0.002232284,-1.166662335,1.255731940,1.184874654,1.236598372,1.181776881
5,99.993,1786878787766.407,13575584.342,0.000000000,-0.000593835,0.001049521,-1.325481653,1.480378509,1.352444649,1.475687146,1.351147175
6,119.989,1786878787786.403,13575604.338,0.000000000,-0.000083610,-0.003213483,-1.450932980,1.591538668,1.465034962,1.572510958,1.461147904
7,139.988,1786878787806.402,13575624.337,0.000000000,0.000191707,-0.007519579,-1.555028200,1.574899077,1.528770804,1.531756520,1.521265507
8,159.990,1786878787826.405,13575644.339,0.000000000,0.000137376,-0.006414797,-1.629933119,1.472332597,1.559647799,1.426698804,1.552718043
9,179.992,1786878787846.406,13575664.341,0.000000000,0.000026062,-0.004565563,-1.682763815,1.334206939,1.572962165,1.299281836,1.568854570
10,199.993,1786878787866.407,13575684.342,0.000000000,-0.000215608,-0.004370186,-1.723285317,1.223745823,1.581385374,1.206182480,1.580989242
11,219.990,1786878787886.404,13575704.339,0.000000000,-0.000283277,-0.002442539,-1.741229296,1.211395860,1.595007420,1.203870058,1.596412301
12,239.990,1786878787906.405,13575724.340,0.000000000,-0.000298926,0.000201395,-1.750075221,1.279811740,1.622528672,1.282629132,1.625246286
13,259.990,1786878787926.404,13575744.339,0.000000000,-0.000437693,-0.001898584,-1.757292509,1.375357389,1.647637486,1.409641862,1.655023456
14,279.986,1786878787946.400,13575764.335,0.000000000,-0.000339046,-0.002378041,-1.761961579,1.509810090,1.673547506,1.561636806,1.683112860
15,299.992,1786878787966.406,13575784.342,0.000000000,-0.000202749,-0.001890983,-1.762033701,1.635155678,1.695958972,1.694460392,1.705833197
16,319.988,1786878787986.403,13575804.337,0.000000000,-0.000125286,-0.001970945,-1.761194944,1.721902490,1.711042404,1.785511613,1.720803022
17,339.990,1786878788006.404,13575824.339,0.000000000,-0.000140751,-0.002064444,-1.760150313,1.789106727,1.721134067,1.838311434,1.729013801
18,359.989,1786878788026.403,13575844.338,0.000000000,-0.000125569,-0.001657431,-1.756871223,1.859927416,1.730140567,1.883545995,1.734913468
19,379.990,1786878788046.404,13575864.339,0.000000000,-0.000162066,-0.000596220,-1.750729680,1.934044123,1.739107251,1.929832101,1.740798712
20,399.989,1786878788066.403,13575884.338,0.000000000,-0.000215692,0.001235656,-1.741608977,1.999163270,1.748041153,1.978244185,1.748430252
21,419.988,1786878788086.402,13575904.337,0.000000000,-0.000206121,0.002149730,-1.732796311,2.040411949,1.754259229,2.018380404,1.754947662
22,439.988,1786878788106.403,13575924.338,0.000000000,-0.000117711,0.002048880,-1.729426980,2.022967100,1.754829764,2.015595198,1.756488085
23,459.988,1786878788126.402,13575944.337,0.000000000,-0.000063783,0.002456671,-1.728528976,1.983737707,1.753743172,1.992867947,1.756156683
24,479.988,1786878788146.403,13575964.337,0.000000000,-0.000003795,0.003458390,-1.727290511,1.962452769,1.754765272,1.977560997,1.756683826
25,499.991,1786878788166.406,13575984.341,0.000000000,-0.000005655,0.004411129,-1.726047397,1.945037842,1.758025408,1.951371431,1.757996202
26,519.991,1786878788186.406,13576004.340,0.000000000,0.000017187,0.004723563,-1.725791574,1.932350636,1.761693001,1.926092625,1.759688497
27,539.988,1786878788206.402,13576024.337,0.000000000,0.000072546,0.004363091,-1.724902272,1.928684592,1.763357401,1.910725117,1.759713173
28,559.987,1786878788226.401,13576044.336,0.000000000,0.000156701,0.002994794,-1.723230839,1.924783468,1.760509491,1.900012493,1.755712867
29,579.988,1786878788246.402,13576064.337,0.000000000,0.000192011,0.001440243,-1.723041773,1.901146293,1.752097368,1.875182271,1.746740699
30,599.987,1786878788266.401,13576084.336,0.000000000,0.000099979,0.000627484,-1.725458860,1.863229036,1.743480682,1.835104346,1.737966895
31,619.997,1786878788286.411,13576104.346,0.000000000,-0.000006010,-0.000164088,-1.730684161,1.808891654,1.735654831,1.785963893,1.730953217
32,639.989,1786878788306.403,13576124.338,0.000000000,-0.000082227,-0.000918660,-1.736893058,1.746803284,1.728349209,1.736409545,1.725140810
33,659.990,1786878788326.404,13576144.339,0.000000000,-0.000178005,-0.001008736,-1.741725087,1.695127130,1.722364545,1.696411014,1.721111774
34,679.997,1786878788346.412,13576164.347,0.000000000,-0.000233980,-0.000182565,-1.743581414,1.668013215,1.719525456,1.679743886,1.720244408
35,699.997,1786878788366.411,13576184.346,0.000000000,-0.000223240,0.001150568,-1.742714405,1.668448091,1.720531702,1.686833739,1.722285390
36,719.988,1786878788386.403,13576204.337,0.000000000,-0.000190373,0.002082385,-1.741119146,1.682926536,1.724534631,1.710813046,1.726416707
37,739.988,1786878788406.403,13576224.337,0.000000000,-0.000136349,0.002308837,-1.739400983,1.696570754,1.726254582,1.725551248,1.728721023
38,759.986,1786878788426.400,13576244.335,0.000000000,-0.000007287,0.002995145,-1.735122800,1.727403402,1.727473855,1.744465828,1.730082750
39,779.988,1786878788446.402,13576264.337,0.000000000,0.000086014,0.003266426,-1.730658770,1.756809711,1.727842927,1.759294510,1.729998946
40,799.987,1786878788466.401,13576284.336,0.000000000,0.000131195,0.003331409,-1.727070808,1.776017904,1.727690697,1.768918395,1.728860378
41,819.986,1786878788486.400,13576304.335,0.000000000,0.000107651,0.003426326,-1.722993255,1.785909534,1.725705504,1.774451375,1.726426601
42,839.987,1786878788506.401,13576324.336,0.000000000,0.000094073,0.003314999,-1.718698263,1.725526214,1.722781420,1.713293552,1.722948909
43,859.986,1786878788526.400,13576344.335,0.000000000,0.000101150,0.001694285,-1.716360331,1.566295862,1.719492674,1.559312105,1.718699574
44,879.990,1786878788546.404,13576364.339,0.000000000,0.000074347,-0.000130791,-1.718794823,1.332173347,1.718051076,1.333396554,1.716246724
45,899.989,1786878788566.403,13576384.338,0.000000000,-0.000024525,-0.000721958,-1.724305749,1.082196951,1.719697118,1.087487459,1.718411446
46,919.987,1786878788586.401,13576404.336,0.000000000,-0.000057223,-0.000614923,-1.728991151,0.842740417,1.722356796,0.851545155,1.721372604
47,939.989,1786878788606.403,13576424.338,0.000000000,-0.000093769,-0.000100794,-1.722267985,0.628239810,1.721883535,0.640677392,1.721557140
48,959.989,1786878788626.404,13576444.339,0.000000000,-0.000129908,0.000533327,-1.639607787,0.446713805,1.658509970,0.464378953,1.658364773
49,979.989,1786878788646.403,13576464.338,0.000000000,-0.000060527,0.001128367,-1.490670681,0.295883089,1.523164272,0.316109329,1.523411989
50,999.987,1786878788666.401,13576484.336,0.000000000,0.000013712,0.001731267,-1.299041152,0.173288777,1.340433955,0.191897005,1.340873837
51,1019.989,1786878788686.403,13576504.338,0.000000000,0.000048858,0.001872275,-1.140786171,0.095428906,1.186290264,0.111241326,1.186427951
52,1039.990,1786878788706.404,13576524.339,0.000000000,0.000077039,0.001780639,-0.926318169,0.018896360,0.974117219,0.024763748,0.973840535
53,1060.025,1786878788726.439,13576544.374,0.000000000,0.000067542,0.001946525,-0.720919192,0.007802186,0.767790079,0.008098354,0.767548501
54,1079.991,1786878788746.405,13576564.340,0.000000000,0.000059074,0.002341862,-0.534130752,0.007586448,0.577769518,0.007308224,0.577738702
55,1100.023,1786878788766.438,13576584.373,0.000000000,0.000040356,0.002706527,-0.371545702,0.008249383,0.410166562,0.007834008,0.410691619
56,1120.024,1786878788786.438,13576604.373,0.000000000,0.000029403,0.002970976,-0.234266475,0.008616213,0.267248422,0.008197318,0.267871678
57,1139.988,1786878788806.403,13576624.338,0.000000000,0.000011566,0.002343645,-0.121661901,0.007967058,0.149252623,0.007726792,0.149120614
58,1160.023,1786878788826.438,13576644.372,0.000000000,0.000009263,0.001665025,-0.031493504,0.007152167,0.053911984,0.006941219,0.053277608
59,1179.991,1786878788846.405,13576664.340,0.000000000,-0.000014282,0.001133447,-0.008721575,0.006508754,0.010843474,0.006394183,0.010675672
60,1200.060,1786878788866.474,13576684.409,0.000000000,-0.000064643,0.000863129,-0.006911952,0.006224763,0.007142519,0.006227297,0.007109792
61,1220.003,1786878788886.417,13576704.352,0.000000000,-0.000082623,0.000543729,-0.006761826,0.005990666,0.006833130,0.006087407,0.006813211
62,1239.993,1786878788906.407,13576724.342,0.000000000,-0.000088938,0.000733881,-0.006632095,0.006074936,0.006675352,0.006186347,0.006668654
63,1259.991,1786878788926.405,13576744.340,0.000000000,-0.000045183,0.001016874,-0.006447837,0.006069978,0.006491171,0.006134169,0.006485069
64,1279.988,1786878788946.403,13576764.338,0.000000000,-0.000041915,0.001404881,-0.006316637,0.006236109,0.006343754,0.006276673,0.006367177
65,1299.987,1786878788966.402,13576784.337,0.000000000,0.000005271,0.001917059,-0.006340052,0.006859031,0.006373534,0.006807289,0.006359252
66,1319.989,1786878788986.403,13576804.338,0.000000000,0.000028284,0.002479213,-0.006394680,0.007597033,0.006391914,0.007363667,0.006428570
67,1339.993,1786878789006.407,13576824.342,0.000000000,0.000048711,0.002843187,-0.006374114,0.007956726,0.006357593,0.007633673,0.006414188
68,1360.092,1786878789026.506,13576844.441,0.000000000,0.000060205,0.002984258,-0.006303838,0.007936182,0.006296980,0.007583304,0.006347919
69,1379.993,1786878789046.407,13576864.342,0.000000000,0.000038120,0.002728231,-0.006259041,0.007459929,0.006289048,0.007253126,0.006297487
70,1399.990,1786878789066.404,13576884.339,0.000000000,0.000001256,0.001603354,-0.006287956,0.006287289,0.006374567,0.006347046,0.006308644
71,1419.989,1786878789086.403,13576904.338,0.000000000,-0.000019845,0.000397555,-0.006403662,0.005354513,0.006486624,0.005441686,0.006451868
72,1439.989,1786878789106.403,13576924.338,0.000000000,-0.000034935,0.000014277,-0.006486588,0.005219247,0.006551547,0.005136923,0.006560185
73,1459.986,1786878789126.400,13576944.335,0.000000000,-0.000069083,-0.000193904,-0.006538225,0.005139926,0.006609160,0.005069204,0.006603509
74,1479.988,1786878789146.402,13576964.337,0.000000000,-0.000102748,-0.000296503,-0.006525416,0.005065083,0.006592286,0.005121431,0.006577818
75,1499.987,1786878789166.401,13576984.336,0.000000000,-0.000112694,-0.000002232,-0.006382044,0.005126527,0.006451583,0.005281161,0.006418042
76,1519.988,1786878789186.402,13577004.337,0.000000000,-0.000076271,0.000454496,-0.006171105,0.005238914,0.006231427,0.005344692,0.006214540
77,1539.994,1786878789206.409,13577024.344,0.000000000,-0.000019346,0.001005460,-0.006015720,0.005572686,0.006072934,0.005517651,0.006058229
78,1560.007,1786878789226.421,13577044.356,0.000000000,-0.000018386,0.001450281,-0.005965823,0.005920100,0.006014981,0.005840764,0.006009092
79,1579.993,1786878789246.408,13577064.342,0.000000000,-0.000021396,0.001761767,-0.005983973,0.006274705,0.006026105,0.006161065,0.006023391
80,1599.987,1786878789266.401,13577084.336,0.000000000,-0.000030146,0.001968337,-0.006024307,0.006587586,0.006049869,0.006425091,0.006069024
81,1619.986,1786878789286.401,13577104.336,0.000000000,-0.000053094,0.002034255,-0.006074994,0.006741138,0.006095554,0.006590625,0.006120295
82,1639.988,1786878789306.402,13577124.337,0.000000000,-0.000048738,0.001918236,-0.006135876,0.006739201,0.006164436,0.006601941,0.006173505
83,1659.987,1786878789326.401,13577144.336,0.000000000,-0.000041011,0.001866664,-0.006184077,0.006785092,0.006218391,0.006648420,0.006214426
84,1679.989,1786878789346.404,13577164.338,0.000000000,-0.000020631,0.001796748,-0.006185458,0.006737337,0.006225375,0.006582156,0.006213184
85,1699.987,1786878789366.401,13577184.336,0.000000000,-0.000007303,0.001711807,-0.006174590,0.006657518,0.006219428,0.006497011,0.006199303
86,1719.987,1786878789386.401,13577204.336,0.000000000,-0.000016724,0.001575948,-0.006149687,0.006493492,0.006198498,0.006367358,0.006172959
87,1739.989,1786878789406.403,13577224.338,0.000000000,-0.000020546,0.001347890,-0.006114680,0.006253800,0.006161066,0.006120498,0.006144363
88,1759.987,1786878789426.401,13577244.336,0.000000000,-0.000032084,0.001147994,-0.006067241,0.006002512,0.006112161,0.005896461,0.006102393
89,1779.988,1786878789446.402,13577264.337,0.000000000,-0.000039460,0.001109077,-0.006024800,0.005900951,0.006069427,0.005821885,0.006061733
90,1799.991,1786878789466.405,13577284.340,0.000000000,-0.000046035,0.001118990,-0.005991451,0.005863760,0.006035469,0.005801045,0.006029083
91,1819.989,1786878789486.404,13577304.339,0.000000000,-0.000049499,0.001132876,-0.005951376,0.005819823,0.005994721,0.005766913,0.005990522
92,1839.989,1786878789506.403,13577324.338,0.000000000,-0.000045028,0.001222276,-0.005895888,0.005821194,0.005938855,0.005756360,0.005937250
93,1859.990,1786878789526.404,13577344.339,0.000000000,-0.000045640,0.001276994,-0.005863061,0.005827999,0.005904852,0.005760892,0.005905494
94,1879.988,1786878789546.402,13577364.337,0.000000000,-0.000044198,0.001273171,-0.005845010,0.005814965,0.005885875,0.005742796,0.005887754
95,1899.988,1786878789566.403,13577384.337,0.000000000,-0.000041182,0.001361390,-0.005827445,0.005894692,0.005865761,0.005801684,0.005869879
96,1919.989,1786878789586.403,13577404.338,0.000000000,-0.000041465,0.001392064,-0.005808495,0.005901578,0.005847493,0.005809230,0.005850556
97,1939.989,1786878789606.403,13577424.338,0.000000000,-0.000043749,0.001403787,-0.005808509,0.005928935,0.005847453,0.005836526,0.005849047
98,1959.988,1786878789626.402,13577444.337,0.000000000,-0.000042504,0.001366943,-0.005814082,0.005921041,0.005853814,0.005828802,0.005853128
99,1979.989,1786878789646.403,13577464.338,0.000000000,-0.000044396,0.001311383,-0.005815013,0.005883236,0.005855450,0.005797366,0.005853792
100,2000.023,1786878789666.438,13577484.373,0.000000000,-0.000039008,0.001299705,-0.005800377,0.005868167,0.005841646,0.005781366,0.005837362
101,2020.023,1786878789686.437,13577504.372,0.000000000,-0.000035459,0.001285238,-0.005776254,0.005828751,0.005819022,0.005745773,0.005812176
102,2039.989,1786878789706.404,13577524.339,0.000000000,-0.000037148,0.001242532,-0.005745656,0.005740111,0.005790607,0.005671893,0.005782474
103,2059.988,1786878789726.403,13577544.337,0.000000000,-0.000040935,0.001220997,-0.005719747,0.005692231,0.005763311,0.005623202,0.005758870
104,2079.990,1786878789746.404,13577564.339,0.000000000,-0.000041308,0.001253814,-0.005710776,0.005731166,0.005752800,0.005651551,0.005749232
105,2099.987,1786878789766.401,13577584.336,0.000000000,-0.000045509,0.001250190,-0.005701627,0.005728276,0.005742831,0.005648209,0.005740342
106,2119.987,1786878789786.401,13577604.336,0.000000000,-0.000048296,0.001234734,-0.005696249,0.005717237,0.005736936,0.005637786,0.005735119
107,2139.994,1786878789806.408,13577624.343,0.000000000,-0.000046056,0.001260030,-0.005681760,0.005737920,0.005721744,0.005652528,0.005719544
108,2159.988,1786878789826.403,13577644.338,0.000000000,-0.000043432,0.001282344,-0.005666273,0.005752250,0.005705723,0.005661240,0.005703348
109,2179.989,1786878789846.404,13577664.339,0.000000000,-0.000041401,0.001283320,-0.005648880,0.005739602,0.005688552,0.005647379,0.005685605
110,2199.987,1786878789866.401,13577684.336,0.000000000,-0.000039551,0.001275326,-0.005625078,0.005706703,0.005665109,0.005615972,0.005661867
111,2219.987,1786878789886.401,13577704.336,0.000000000,-0.000040799,0.001234468,-0.005602610,0.005639437,0.005643648,0.005556044,0.005640420
112,2239.989,1786878789906.404,13577724.338,0.000000000,-0.000041577,0.001212010,-0.005582049,0.005597000,0.005623534,0.005517745,0.005620104
113,2259.989,1786878789926.404,13577744.338,0.000000000,-0.000041614,0.001198770,-0.005559543,0.005561639,0.005601181,0.005485772,0.005597652
114,2279.989,1786878789946.403,13577764.338,0.000000000,-0.000041363,0.001206656,-0.005536590,0.005546774,0.005577858,0.005470896,0.005574685
115,2299.989,1786878789966.403,13577784.338,0.000000000,-0.000042359,0.001178170,-0.005514040,0.005488631,0.005556877,0.005423520,0.005552365
116,2319.987,1786878789986.401,13577804.336,0.000000000,-0.000045951,0.001159870,-0.005503642,0.005466969,0.005544801,0.005407016,0.005543543
117,2339.998,1786878790006.412,13577824.348,0.000000000,-0.000046615,0.001188421,-0.005491775,0.005491010,0.005531234,0.005431300,0.005531467
118,2359.998,1786878790026.413,13577844.348,0.000000000,-0.000045222,0.001202609,-0.005467742,0.005485376,0.005506566,0.005418426,0.005507145
119,2379.991,1786878790046.405,13577864.340,0.000000000,-0.000044269,0.001201343,-0.005452728,0.005471391,0.005492664,0.005402242,0.005491035
120,2400.002,1786878790066.416,13577884.351,0.000000000,-0.000050185,0.001179134,-0.005438278,0.005441478,0.005472698,0.005378508,0.005481665
121,2420.000,1786878790086.414,13577904.349,0.000000000,-0.000047565,0.001157285,-0.005429611,0.005420933,0.005465948,0.005357416,0.005471348
122,2439.989,1786878790106.403,13577924.338,0.000000000,-0.000032032,0.001128788,-0.005412357,0.005375527,0.005463705,0.005299173,0.005442488
123,2460.024,1786878790126.438,13577944.373,0.000000000,-0.000035575,0.001130576,-0.005404455,0.005381207,0.005451897,0.005304086,0.005437163
124,2479.990,1786878790146.404,13577964.339,0.000000000,-0.000037891,0.001115014,-0.005401627,0.005382544,0.005444601,0.005303328,0.005437187
125,2500.023,1786878790166.437,13577984.372,0.000000000,-0.000049490,0.001110540,-0.005385727,0.005364653,0.005419231,0.005299393,0.005429374
126,2520.037,1786878790186.451,13578004.386,0.000000000,-0.000040762,0.001071506,-0.005367869,0.005312116,0.005411426,0.005247360,0.005402836
127,2539.989,1786878790206.403,13578024.338,0.000000000,-0.000039309,0.001036956,-0.005341622,0.005254708,0.005385391,0.005184473,0.005377397
128,2559.996,1786878790226.410,13578044.345,0.000000000,-0.000037304,0.001096508,-0.005300268,0.005251499,0.005348868,0.005177567,0.005331852
129,2579.990,1786878790246.405,13578064.339,0.000000000,-0.000049402,0.001144077,-0.005253926,0.005216721,0.005297587,0.005161960,0.005291789
130,2600.023,1786878790266.438,13578084.372,0.000000000,-0.000047329,0.001191883,-0.005236182,0.005253169,0.005278651,0.005185022,0.005273440
131,2620.030,1786878790286.444,13578104.379,0.000000000,-0.000044699,0.001229999,-0.005216977,0.005275391,0.005257409,0.005205343,0.005254196
132,2639.989,1786878790306.403,13578124.338,0.000000000,-0.000045205,0.001211940,-0.005209450,0.005249286,0.005251299,0.005193522,0.005245568
133,2659.990,1786878790326.404,13578144.339,0.000000000,-0.000042801,0.001268206,-0.005197418,0.005294723,0.005238390,0.005235502,0.005232828
134,2679.989,1786878790346.403,13578164.338,0.000000000,-0.000038042,0.001303350,-0.005189933,0.005341729,0.005227919,0.005258879,0.005226297
135,2700.022,1786878790366.437,13578184.371,0.000000000,-0.000034555,0.001301714,-0.005183253,0.005355715,0.005219245,0.005253009,0.005220312
136,2720.024,1786878790386.438,13578204.373,0.000000000,-0.000031852,0.001270684,-0.005175448,0.005331359,0.005212236,0.005222287,0.005212012
137,2739.993,1786878790406.407,13578224.342,0.000000000,-0.000018004,0.001237645,-0.005159436,0.005293378,0.005208070,0.005160989,0.005186595
138,2759.993,1786878790426.407,13578244.342,0.000000000,-0.000019433,0.001302347,-0.005125865,0.005309707,0.005177399,0.005179873,0.005149126
139,2779.989,1786878790446.403,13578264.338,0.000000000,-0.000019208,0.001342315,-0.005100895,0.005313988,0.005149423,0.005172929,0.005128948
140,2799.987,1786878790466.401,13578284.336,0.000000000,0.000006580,0.001067989,-0.005044968,0.004949376,0.005111923,0.004761702,0.005078176
141,2819.987,1786878790486.401,13578304.336,0.000000000,-0.000021278,0.000463703,-0.004972131,0.004116547,0.005080543,0.004023813,0.005014747
142,2839.988,1786878790506.402,13578324.337,0.000000000,-0.000107818,0.000535923,-0.005172120,0.004517043,0.005226647,0.004533601,0.005244876
143,2859.988,1786878790526.402,13578344.337,0.000000000,-0.000139292,0.001369408,-0.005331697,0.005657645,0.005348625,0.005663241,0.005384794
144,2879.989,1786878790546.404,13578364.338,0.000000000,-0.000111443,0.001512882,-0.005430915,0.006096951,0.005452028,0.006153227,0.005433640
145,2899.987,1786878790566.401,13578384.336,0.000000000,-0.000089450,0.001501085,-0.005307393,0.006041484,0.005291939,0.006069971,0.005320341
146,2919.987,1786878790586.401,13578404.336,0.000000000,-0.000022268,0.002054765,-0.005020609,0.006145998,0.004992753,0.006058975,0.005041785
147,2939.988,1786878790606.402,13578424.337,0.000000000,0.000085305,0.002426362,-0.004870072,0.006327106,0.004868521,0.006029405,0.004867211
148,2959.987,1786878790626.401,13578444.336,0.000000000,0.000136202,0.002787080,-0.004880191,0.006690029,0.004871343,0.006245389,0.004888707
149,2979.987,1786878790646.401,13578464.336,0.000000000,0.000133727,0.002794502,-0.004951972,0.006826613,0.004946329,0.006392980,0.004950881
150,2999.987,1786878790666.401,13578484.336,0.000000000,0.000101511,0.002420900,-0.004915875,0.006319967,0.004911782,0.006031977,0.004934196
151,3019.986,1786878790686.401,13578504.336,0.000000000,0.000068959,0.002028117,-0.004822142,0.005620273,0.004842740,0.005431709,0.004863842
152,3039.987,1786878790706.401,13578524.336,0.000000000,-0.000005309,0.000861641,-0.004818208,0.004283953,0.004888098,0.004298269,0.004885560
153,3059.987,1786878790726.401,13578544.336,0.000000000,-0.000033825,-0.001189389,-0.004972261,0.002549793,0.005108172,0.002850072,0.005026070
154,3079.988,1786878790746.402,13578564.337,0.000000000,-0.000081291,-0.001322308,-0.005125294,0.002775054,0.005223551,0.002982460,0.005205440
155,3099.987,1786878790766.401,13578584.336,0.000000000,-0.000099523,-0.000846681,-0.005177413,0.003436394,0.005247596,0.003558293,0.005248548
156,3119.991,1786878790786.405,13578604.340,0.000000000,-0.000108262,-0.000783013,-0.005103257,0.003445523,0.005160106,0.003669796,0.005163335
157,3139.987,1786878790806.401,13578624.337,0.000000000,-0.000061395,-0.000568743,-0.004939053,0.003471956,0.004977552,0.003626387,0.005005775
158,3159.988,1786878790826.402,13578644.337,0.000000000,-0.000002390,-0.000054943,-0.004781861,0.003721591,0.004831865,0.003738359,0.004837402
159,3179.987,1786878790846.401,13578664.336,0.000000000,0.000026652,0.000642024,-0.004612279,0.004015937,0.004686503,0.004025105,0.004648003
160,3199.986,1786878790866.400,13578684.335,0.000000000,0.000026348,0.000923086,-0.004573651,0.004164801,0.004667351,0.004155480,0.004597047
161,3219.987,1786878790886.401,13578704.336,0.000000000,-0.000047078,0.000951800,-0.004697689,0.004398549,0.004749673,0.004431618,0.004751444
162,3239.986,1786878790906.400,13578724.335,0.000000000,-0.000040969,0.000952547,-0.004797493,0.004625902,0.004857211,0.004585405,0.004834421
163,3259.987,1786878790926.401,13578744.336,0.000000000,-0.000092664,0.000907141,-0.004952371,0.004900722,0.004985312,0.004856779,0.004997664
164,3279.989,1786878790946.403,13578764.338,0.000000000,-0.000089715,0.001073199,-0.005071060,0.005297035,0.005112630,0.005228092,0.005090638
165,3299.987,1786878790966.401,13578784.336,0.000000000,-0.000089440,0.001058619,-0.005125341,0.005396042,0.005168068,0.005352369,0.005135273
166,3319.988,1786878790986.402,13578804.337,0.000000000,-0.000063330,0.000828579,-0.005153891,0.005254189,0.005203566,0.005197744,0.005160913
167,3339.988,1786878791006.402,13578824.337,0.000000000,-0.000071088,0.000525228,-0.005103724,0.004846926,0.005149111,0.004902040,0.005126495
168,3359.989,1786878791026.403,13578844.338,0.000000000,-0.000074944,0.000036324,-0.005084625,0.004334230,0.005135229,0.004437715,0.005121650
169,3379.987,1786878791046.401,13578864.336,0.000000000,-0.000024545,-0.000233880,-0.004998939,0.003875749,0.005079718,0.004009990,0.005031729
170,3399.988,1786878791066.403,13578884.337,0.000000000,0.000011345,-0.000640936,-0.004934880,0.003366947,0.005019801,0.003508944,0.004985725
171,3419.989,1786878791086.404,13578904.338,0.000000000,0.000014358,-0.000853907,-0.004875469,0.003062862,0.004949342,0.003190088,0.004950623
172,3439.988,1786878791106.402,13578924.337,0.000000000,0.000036219,-0.001089462,-0.004792264,0.002687034,0.004894850,0.002761911,0.004861737
173,3459.988,1786878791126.402,13578944.337,0.000000000,-0.000020220,-0.001092409,-0.004743019,0.002544927,0.004829885,0.002711404,0.004833471
174,3479.989,1786878791146.403,13578964.338,0.000000000,-0.000062722,-0.000978336,-0.004703605,0.002533379,0.004798806,0.002778496,0.004785058
175,3499.988,1786878791166.402,13578984.337,0.000000000,-0.000069280,-0.000988619,-0.004673968,0.002447292,0.004761023,0.002688250,0.004769137
176,3519.988,1786878791186.402,13579004.337,0.000000000,-0.000059685,-0.000874512,-0.004625216,0.002454197,0.004696309,0.002705480,0.004734077
177,3539.989,1786878791206.403,13579024.338,0.000000000,0.000013874,-0.000690711,-0.004606876,0.002626149,0.004710022,0.002741228,0.004684182
178,3559.987,1786878791226.401,13579044.336,0.000000000,0.000061406,-0.000619484,-0.004612993,0.002812464,0.004684983,0.002742389,0.004713186
179,3579.990,1786878791246.405,13579064.339,0.000000000,0.000123657,-0.000536427,-0.004607067,0.003017240,0.004681357,0.002770509,0.004695945
180,3599.986,1786878791266.400,13579084.335,0.000000000,0.000138135,-0.000458667,-0.004603787,0.003190090,0.004663012,0.002848506,0.004699137
181,3619.988,1786878791286.402,13579104.337,0.000000000,0.000149419,-0.000368694,-0.004618214,0.003410709,0.004679678,0.002971349,0.004701810
182,3639.989,1786878791306.403,13579124.338,0.000000000,0.000154493,-0.000182423,-0.004610192,0.003631397,0.004678698,0.003165235,0.004678600
183,3660.025,1786878791326.439,13579144.374,0.000000000,0.000141758,-0.000061569,-0.004612906,0.003773767,0.004690476,0.003333830,0.004666680
184,3679.997,1786878791346.411,13579164.346,0.000000000,0.000097333,0.000272812,-0.004613450,0.004120574,0.004693830,0.003664744,0.004652638
185,3700.001,1786878791366.415,13579184.350,0.000000000,0.000042992,0.000326218,-0.004639321,0.004239815,0.004692890,0.003817777,0.004696367
186,3720.080,1786878791386.495,13579204.430,0.000000000,-0.000018424,-0.000050950,-0.004700420,0.003980339,0.004734715,0.003740826,0.004772904
187,3739.989,1786878791406.404,13579224.338,0.000000000,-0.000041933,-0.000588934,-0.004668322,0.003389898,0.004701628,0.003356063,0.004749882
188,3759.987,1786878791426.401,13579244.336,0.000000000,-0.000007514,-0.000405912,-0.004523115,0.003340027,0.004563666,0.003247690,0.004601076
189,3779.987,1786878791446.401,13579264.336,0.000000000,0.000004347,0.000169637,-0.004368057,0.003570913,0.004435835,0.003474948,0.004419095
190,3800.024,1786878791466.438,13579284.373,0.000000000,0.000000622,0.000366495,-0.004302137,0.003633590,0.004376725,0.003489078,0.004353137
191,3819.988,1786878791486.402,13579304.337,0.000000000,-0.000003050,0.000170900,-0.004293750,0.003454713,0.004368527,0.003281931,0.004354098
192,3839.987,1786878791506.402,13579324.337,0.000000000,-0.000041570,-0.000023515,-0.004341080,0.003330722,0.004429430,0.003225103,0.004392760
193,3859.987,1786878791526.401,13579344.336,0.000000000,-0.000100657,-0.000205020,-0.004384957,0.003249790,0.004447580,0.003189802,0.004459983
194,3879.987,1786878791546.402,13579364.337,0.000000000,-0.000130763,-0.000250419,-0.004425171,0.003281827,0.004477416,0.003252686,0.004506034
195,3899.990,1786878791566.404,13579384.339,0.000000000,-0.000126692,-0.000392218,-0.004448362,0.003198733,0.004501964,0.003168475,0.004531063
196,3919.998,1786878791586.412,13579404.347,0.000000000,-0.000106259,-0.000565242,-0.004457054,0.003073058,0.004521630,0.003014168,0.004535061
197,3939.988,1786878791606.402,13579424.337,0.000000000,-0.000091065,-0.000684255,-0.004469221,0.002997471,0.004542450,0.002926999,0.004542323
198,3959.998,1786878791626.412,13579444.347,0.000000000,-0.000097629,-0.000668816,-0.004450592,0.002984614,0.004524653,0.002928035,0.004522736
199,3979.990,1786878791646.405,13579464.339,0.000000000,-0.000094276,-0.000741124,-0.004444133,0.002944454,0.004507580,0.002832415,0.004528797
200,3999.989,1786878791666.404,13579484.339,0.000000000,-0.000100956,-0.000759840,-0.004426230,0.002876912,0.004503762,0.002846142,0.004496022
201,4020.002,1786878791686.416,13579504.351,0.000000000,-0.000089557,-0.000603056,-0.004389818,0.002954111,0.004480681,0.002934607,0.004444954
202,4039.993,1786878791706.407,13579524.342,0.000000000,-0.000061962,-0.000465726,-0.004354593,0.003070428,0.004439226,0.002970068,0.004412706
203,4059.999,1786878791726.413,13579544.348,0.000000000,-0.000076880,-0.000285633,-0.004327211,0.003219296,0.004406873,0.003116403,0.004380754
204,4079.995,1786878791746.409,13579564.344,0.000000000,-0.000075317,-0.000068605,-0.004329510,0.003468451,0.004390082,0.003326706,0.004389814
205,4100.012,1786878791766.427,13579584.361,0.000000000,-0.000058943,0.000057749,-0.004317048,0.003572466,0.004387127,0.003428844,0.004364357
206,4120.097,1786878791786.511,13579604.446,0.000000000,-0.000014747,0.000301453,-0.004260461,0.003770768,0.004318601,0.003516913,0.004312447
207,4139.991,1786878791806.405,13579624.340,0.000000000,0.000008337,0.000738020,-0.004172335,0.004091168,0.004208247,0.003749068,0.004231576
208,4159.990,1786878791826.404,13579644.339,0.000000000,0.000052131,0.000880444,-0.004087310,0.004048647,0.004142490,0.003686450,0.004137942
209,4179.992,1786878791846.406,13579664.341,0.000000000,0.000110903,0.000348468,-0.004016027,0.003363715,0.004093674,0.003010468,0.004085531
210,4199.988,1786878791866.402,13579684.337,0.000000000,0.000107555,0.000188320,-0.004031913,0.003233686,0.004087933,0.002946105,0.004121828
211,4219.988,1786878791886.402,13579704.337,0.000000000,0.000108505,-0.000037832,-0.004053461,0.003059493,0.004087144,0.002898189,0.004157309
212,4240.123,1786878791906.537,13579724.472,0.000000000,0.000135186,0.000581810,-0.004013789,0.003608892,0.004019353,0.003441847,0.004113798
213,4260.024,1786878791926.438,13579744.374,0.000000000,0.000187107,0.001603325,-0.003912662,0.004443156,0.003909013,0.004227637,0.003978711
214,4280.026,1786878791946.440,13579764.375,0.000000000,0.000215465,0.002525866,-0.003822390,0.005155013,0.003808887,0.004927420,0.003865204
215,4300.025,1786878791966.439,13579784.374,0.000000000,0.000231621,0.003330091,-0.003782011,0.005846624,0.003757094,0.005568075,0.003806809
216,4320.003,1786878791986.417,13579804.352,0.000000000,0.000229317,0.004240609,-0.003873219,0.006892049,0.003826475,0.006544237,0.003870649
217,4340.025,1786878792006.439,13579824.374,0.000000000,0.000235015,0.004571753,-0.003946527,0.007262672,0.003884696,0.006845358,0.003956201
218,4360.031,1786878792026.445,13579844.380,0.000000000,0.000273054,0.003582772,-0.003982148,0.006131901,0.003977730,0.005864138,0.004008939
219,4380.030,1786878792046.444,13579864.379,0.000000000,0.000298433,0.001797362,-0.003969304,0.004173140,0.004042992,0.004110073,0.004026175
220,4400.029,1786878792066.443,13579884.378,0.000000000,0.000286725,-0.000233994,-0.004013132,0.002258536,0.004119140,0.002245021,0.004132752
221,4420.024,1786878792086.438,13579904.373,0.000000000,0.000247405,-0.001955869,-0.004003561,0.000634151,0.004103797,0.000831130,0.004177948
222,4440.037,1786878792106.452,13579924.387,0.000000000,0.000292627,-0.002306743,-0.003861731,0.000331653,0.003945180,0.000398781,0.004031261
223,4460.001,1786878792126.416,13579944.351,0.000000000,0.000192316,-0.000759571,-0.003665289,0.001601891,0.003696493,0.001657069,0.003798306
224,4479.999,1786878792146.414,13579964.349,0.000000000,0.000051431,0.001451707,-0.003516118,0.003469374,0.003484723,0.003662831,0.003601269
225,4499.997,1786878792166.411,13579984.346,0.000000000,-0.000051731,0.003671041,-0.003397323,0.005384917,0.003301114,0.005663028,0.003444911
226,4519.997,1786878792186.411,13580004.346,0.000000000,-0.000100199,0.005197932,-0.003284350,0.006691210,0.003117911,0.006902790,0.003339055
227,4539.996,1786878792206.410,13580024.346,0.000000000,0.000459195,0.011937200,-0.002628098,0.011929912,0.002823572,0.007794691,0.002366235
228,4559.996,1786878792226.410,13580044.345,0.000000000,-0.000216120,0.004635176,-0.003326922,0.006110646,0.003190885,0.005256963,0.003468380
229,4579.995,1786878792246.409,13580064.344,0.000000000,-0.000314728,0.004076695,-0.003424905,0.005551099,0.003324706,0.005177409,0.003518078
230,4599.995,1786878792266.409,13580084.344,0.000000000,-0.000411063,0.002775121,-0.003515359,0.004001481,0.003512154,0.004267846,0.003587565
231,4619.997,1786878792286.411,13580104.346,0.000000000,-0.000539515,0.002029355,-0.003812970,0.003790762,0.003781727,0.004490597,0.003897839
232,4639.994,1786878792306.408,13580124.343,0.000000000,-0.000604849,0.001937195,-0.004202828,0.004575786,0.004120321,0.005492575,0.004270785
233,4659.999,1786878792326.413,13580144.348,0.000000000,-0.000538357,0.002502165,-0.004593520,0.006167097,0.004490952,0.007010279,0.004578904
234,4679.999,1786878792346.413,13580164.348,0.000000000,-0.000391951,0.003475175,-0.004822491,0.007853514,0.004713659,0.008329733,0.004734722
235,4700.001,1786878792366.415,13580184.350,0.000000000,-0.000256478,0.004105955,-0.004829120,0.008630773,0.004735793,0.008695811,0.004717524
236,4719.995,1786878792386.409,13580204.344,0.000000000,-0.000202332,0.004761060,-0.004760008,0.009092895,0.004678728,0.009031797,0.004639436
237,4739.999,1786878792406.413,13580224.348,0.000000000,-0.000173296,0.005076418,-0.004588699,0.008840751,0.004531025,0.008926155,0.004489792
238,4759.997,1786878792426.411,13580244.346,0.000000000,-0.000118137,0.003725557,-0.004502127,0.007126437,0.004533373,0.007581732,0.004416592
239,4779.998,1786878792446.413,13580264.348,0.000000000,0.000056785,0.001406467,-0.004595936,0.005273927,0.004703765,0.005597501,0.004523135
240,4799.999,1786878792466.413,13580284.348,0.000000000,0.000182536,-0.000125968,-0.004711703,0.004650789,0.004789507,0.004357642,0.004663257
241,4819.998,1786878792486.413,13580304.348,0.000000000,0.000074376,-0.000931752,-0.004538366,0.003856522,0.004579506,0.003449252,0.004525296
242,4839.998,1786878792506.413,13580324.348,0.000000000,-0.000202863,-0.001145862,-0.004045350,0.002470753,0.004065323,0.002555025,0.004113245
243,4859.999,1786878792526.413,13580344.348,0.000000000,-0.000340252,-0.003535383,-0.003106847,-0.002362626,0.003300203,-0.001301736,0.003292196
244,4879.996,1786878792546.410,13580364.345,0.000000000,-0.000535616,-0.007567904,-0.002941860,-0.006701199,0.003228400,-0.005342384,0.003268823
245,4899.996,1786878792566.410,13580384.345,0.000000000,-0.000876037,-0.021324338,-0.003743882,-0.007608728,0.003925380,-0.006482078,0.004173268
246,4919.998,1786878792586.412,13580404.347,0.000000000,-0.001074972,-0.023098858,-0.004257935,-0.006617786,0.004361693,-0.005243262,0.004713505
247,4939.995,1786878792606.409,13580424.344,0.000000000,-0.000806953,-0.009485067,-0.004458338,-0.003740131,0.004550559,-0.002852181,0.004857200
248,4959.997,1786878792626.411,13580444.346,0.000000000,-0.000225064,-0.005143974,-0.004385947,-0.000916829,0.004624859,-0.001200559,0.004641325
249,4979.995,1786878792646.409,13580464.344,0.000000000,0.000090251,-0.003911580,-0.004419003,0.000334473,0.004681316,-0.000428787,0.004615866
250,4999.995,1786878792666.409,13580484.344,0.000000000,0.000409453,-0.003727621,-0.004498762,0.001226811,0.004697754,-0.000350590,0.004679084
251,5019.998,1786878792686.412,13580504.347,0.000000000,0.000657706,-0.003162857,-0.004483013,0.001992633,0.004704603,-0.000196891,0.004604304
252,5039.996,1786878792706.410,13580524.345,0.000000000,0.000795272,-0.002331860,-0.004429098,0.002720354,0.004660077,0.000344407,0.004478373
253,5059.998,1786878792726.412,13580544.347,0.000000000,0.000893066,0.000662509,-0.004244428,0.005306923,0.004458325,0.002544109,0.004159361
254,5079.998,1786878792746.412,13580564.347,0.000000000,0.000910504,0.000529143,-0.003627784,0.003146691,0.004053608,0.001113239,0.003485419
255,5099.998,1786878792766.412,13580584.347,0.000000000,0.000638332,-0.001205499,-0.002819469,-0.000962355,0.003385652,-0.001115495,0.002752206
256,5119.999,1786878792786.413,13580604.348,0.000000000,0.000469731,-0.001623115,-0.002142349,-0.002419394,0.002621812,-0.001899329,0.002221045
257,5139.998,1786878792806.412,13580624.347,0.000000000,0.000266441,-0.000711554,-0.001761127,-0.001960593,0.002154683,-0.001251673,0.001903117
258,5159.997,1786878792826.411,13580644.346,0.000000000,0.000057611,0.000385469,-0.001570814,-0.000876587,0.001862915,-0.000272982,0.001747780
259,5179.995,1786878792846.409,13580664.344,0.000000000,-0.000219939,0.004777209,-0.001895341,0.003671050,0.002253323,0.003976907,0.001902989
260,5200.001,1786878792866.415,13580684.350,0.000000000,-0.000605077,0.001573832,-0.001890020,0.001269793,0.002083871,0.001408513,0.002143179
261,5219.997,1786878792886.411,13580704.346,0.000000000,-0.000834334,0.000918340,-0.002087423,0.001075776,0.002189295,0.001615930,0.002348525
262,5239.998,1786878792906.412,13580724.347,0.000000000,-0.009110288,0.198484838,-0.000208201,0.006828249,-0.000221136,-3.607177734,0.230681404
263,5259.997,1786878792926.411,13580744.346,0.000000000,-0.002235019,0.051841296,-0.002594969,0.001513907,0.002567275,-5.885891914,0.026563941
264,5279.997,1786878792946.411,13580764.347,0.000000000,-0.000108339,0.085251071,-0.002200077,0.125902399,0.001670204,-4.778600216,0.003469051
265,5299.999,1786878792966.413,13580784.348,0.000000000,0.000702899,0.014840791,-0.002994183,0.081913464,0.002885220,-2.813791275,0.002469082
266,5319.998,1786878792986.413,13580804.348,0.000000000,0.000499789,-0.000097530,-0.003655377,0.011603642,0.003613502,-1.282050252,0.003045684
267,5339.999,1786878793006.414,13580824.349,0.000000000,0.000005067,0.000944685,-0.003779800,0.005347140,0.003745737,-0.194411114,0.003273262
268,5359.997,1786878793026.411,13580844.346,0.000000000,-0.000318333,0.002275670,-0.003505511,0.005404531,0.003372248,0.343307525,0.003161106
269,5379.996,1786878793046.410,13580864.345,0.000000000,-0.000529633,0.005462063,-0.003180280,0.007573506,0.003005879,0.775679886,0.002937779
270,5399.995,1786878793066.409,13580884.344,0.000000000,-0.000691292,0.008548499,-0.002826817,0.009544566,0.002645261,1.141374588,0.002643709
271,5419.993,1786878793086.407,13580904.342,0.000000000,-0.000635219,0.009645789,-0.002495018,0.009346398,0.002442075,1.445479512,0.002232659
272,5439.994,1786878793106.408,13580924.343,0.000000000,-0.000208561,0.005921435,-0.002556481,0.005681644,0.002713001,1.623784900,0.002094460
273,5459.990,1786878793126.405,13580944.339,0.000000000,0.000329541,0.000760370,-0.003224821,0.002208564,0.003527085,1.667197227,0.002620033
274,5479.993,1786878793146.408,13580964.343,0.000000000,0.000741926,-0.003445160,-0.003980949,0.000110085,0.004316467,1.612655163,0.003363043
275,5499.994,1786878793166.409,13580984.344,0.000000000,0.001015901,-0.006177985,-0.004263291,-0.001249600,0.004626027,1.492761612,0.003626443
276,5519.994,1786878793186.409,13581004.344,0.000000000,0.001182145,-0.006690199,-0.004286231,-0.000844843,0.004516768,1.284940720,0.003760931
277,5539.999,1786878793206.413,13581024.348,0.000000000,0.000987360,-0.005597169,-0.004200584,-0.000022398,0.004331734,1.079846501,0.003773220
278,5559.999,1786878793226.413,13581044.348,0.000000000,0.000695887,-0.003699809,-0.004151366,0.001191493,0.004216261,0.907169282,0.003779519
279,5579.998,1786878793246.412,13581064.347,0.000000000,0.000523301,-0.001444280,-0.003955649,0.002651531,0.004005924,0.759399056,0.003544020
280,5599.997,1786878793266.412,13581084.347,0.000000000,0.000142827,0.000667697,-0.003774409,0.003935381,0.003733453,0.644224823,0.003378725
281,5619.997,1786878793286.412,13581104.347,0.000000000,-0.000512576,0.003366649,-0.004222243,0.006912671,0.003879000,0.587106049,0.003939119
282,5639.998,1786878793306.412,13581124.347,0.000000000,-0.001008406,0.006782755,-0.004437014,0.014235535,0.003949069,0.593465567,0.004138572
283,5659.999,1786878793326.414,13581144.348,0.000000000,-0.000798582,0.003739181,-0.003097380,0.004360249,0.003073785,0.520719171,0.002679409
284,5679.998,1786878793346.412,13581164.347,0.000000000,-0.000343575,-0.002777670,-0.002784182,-0.002690742,0.003227473,0.316082746,0.002277629
285,5699.995,1786878793366.409,13581184.344,0.000000000,-0.000677708,-0.983726799,-0.007696206,-0.737667263,0.013777598,3.975809574,0.011799498
286,5719.998,1786878793386.412,13581204.347,0.000000000,0.000306419,-0.568950534,-0.004800881,-0.322769910,0.005648321,-0.398854703,0.004585942
287,5739.996,1786878793406.411,13581224.346,0.000000000,-0.000024968,-0.137020454,-0.004108661,-0.025831604,0.004149025,-0.521441162,0.003644202
288,5759.998,1786878793426.412,13581244.347,0.000000000,-0.000171222,-0.014647098,-0.003875063,0.002990832,0.003805969,-0.359040499,0.003477745
289,5779.996,1786878793446.410,13581264.345,0.000000000,-0.000282838,0.003589828,-0.003795795,0.006377895,0.003736283,-0.196385130,0.003435643
290,5799.997,1786878793466.411,13581284.346,0.000000000,-0.000391360,0.004015981,-0.003626149,0.005582032,0.003547135,-0.109058253,0.003320931
291,5819.998,1786878793486.412,13581304.347,0.000000000,-0.000337296,0.003863415,-0.003589421,0.005285641,0.003547661,-0.049215440,0.003288351
292,5839.997,1786878793506.411,13581324.346,0.000000000,-0.000154513,0.003979369,-0.003728456,0.005667679,0.003773536,-0.023714041,0.003363010
293,5859.997,1786878793526.411,13581344.346,0.000000000,-0.000042793,0.005031214,-0.003830533,0.006866563,0.003913173,-0.010766958,0.003396970
294,5879.997,1786878793546.411,13581364.346,0.000000000,-0.000044276,0.005256837,-0.004116442,0.007516444,0.004202557,-0.006090756,0.003655805
295,5899.997,1786878793566.411,13581384.346,0.000000000,-0.000156521,0.005134625,-0.004035651,0.007184196,0.004074311,-0.004227411,0.003610274
296,5919.999,1786878793586.413,13581404.348,0.000000000,-0.000170619,0.004814259,-0.003967624,0.006822952,0.004006254,-0.003286741,0.003542455
297,5939.993,1786878793606.408,13581424.343,0.000000000,-0.000198466,0.005041929,-0.003936287,0.007066396,0.003953697,-0.002429924,0.003512236
298,5959.996,1786878793626.410,13581444.345,0.000000000,-0.000187361,0.004581024,-0.003904366,0.006729916,0.003937813,-0.001501098,0.003464707
299,5979.995,1786878793646.409,13581464.344,0.000000000,-0.000219000,0.004965640,-0.003824005,0.007066152,0.003833157,0.000161395,0.003384326
300,5999.994,1786878793666.408,13581484.343,0.000000000,-0.000343598,0.005840899,-0.003810063,0.007885502,0.003740329,0.000333939,0.003416471
301,6019.995,1786878793686.409,13581504.344,0.000000000,-0.000314254,0.005964179,-0.003772525,0.007986535,0.003717690,-0.000776905,0.003355652
302,6039.997,1786878793706.411,13581524.346,0.000000000,0.000112103,0.008366352,-0.003027280,0.008790381,0.003065976,-0.000902381,0.002500755
303,6059.995,1786878793726.409,13581544.344,0.000000000,-0.000483080,0.004889302,-0.003892349,0.007093100,0.003823438,-0.000707705,0.003523491
304,6079.998,1786878793746.412,13581564.348,0.000000000,-0.000336613,0.005401444,-0.003755048,0.007372248,0.003729230,-0.000781736,0.003333116
305,6099.999,1786878793766.413,13581584.348,0.000000000,0.000000000,0.000000000,0.000000000,0.000000000,0.000000000,0.000000000,0.000000000
306,6119.999,1786878793786.413,13581604.348,0.000000000,0.001668039,0.110552788,-0.561338782,0.438960731,0.572310865,0.260009915,0.545564592
307,6140.001,1786878793806.415,13581624.350,0.000000000,0.000849874,0.017813751,-0.882282138,0.569394648,0.852193117,0.383473605,0.824245393
308,6159.997,1786878793826.411,13581644.346,0.000000000,-0.000239473,-0.005838799,-1.136658430,0.992081940,1.111630917,0.825778663,1.086529970
309,6179.991,1786878793846.405,13581664.340,0.000000000,-0.001163679,-0.061776876,-1.333196521,1.503067613,1.337062001,1.507007718,1.337404966
310,6199.997,1786878793866.411,13581684.347,0.000000000,-0.000712281,-0.079129525,-1.471882939,1.709796071,1.473898292,1.871862888,1.497801304
311,6219.996,1786878793886.410,13581704.345,0.000000000,0.000015922,-0.037004177,-1.568319917,1.711330771,1.546724081,1.883573771,1.571931481
312,6240.003,1786878793906.417,13581724.352,0.000000000,0.000285031,-0.009496120,-1.635838747,1.706825972,1.597062230,1.816100359,1.612824917
313,6260.002,1786878793926.416,13581744.351,0.000000000,0.000222238,-0.006633434,-1.671948552,1.754734278,1.632841349,1.824371934,1.642738461
314,6279.993,1786878793946.408,13581764.343,0.000000000,0.000142415,-0.005964718,-1.705502391,1.860359073,1.677459121,1.905631900,1.683787107
315,6299.999,1786878793966.413,13581784.348,0.000000000,0.000038083,-0.006063865,-1.727602839,1.957074761,1.712322474,1.984923005,1.716186762
316,6320.003,1786878793986.417,13581804.352,0.000000000,-0.000060814,-0.004594994,-1.739511132,2.043476105,1.739699483,2.051578045,1.740989685
317,6340.000,1786878794006.415,13581824.350,0.000000000,-0.000062807,-0.002533178,-1.742968440,2.111089230,1.760275483,2.090842485,1.757821560
318,6360.000,1786878794026.414,13581844.349,0.000000000,-0.000002882,0.001512965,-1.735292077,2.182288170,1.779886723,2.146032095,1.775119781
319,6379.995,1786878794046.409,13581864.344,0.000000000,-0.000018188,0.003687293,-1.722812414,2.224969149,1.794321775,2.190124750,1.789701343
320,6399.991,1786878794066.405,13581884.340,0.000000000,-0.000109555,0.002638000,-1.718283176,2.166265249,1.792003393,2.159535170,1.791338801
321,6419.991,1786878794086.405,13581904.340,0.000000000,-0.000088226,-0.001452234,-1.726502657,2.046349764,1.776549459,2.078197479,1.780670404
322,6439.991,1786878794106.405,13581924.340,0.000000000,0.000076613,-0.006402669,-1.742780685,1.928569555,1.756757021,1.963533521,1.760350227
323,6459.990,1786878794126.405,13581944.340,0.000000000,0.000080275,-0.009432856,-1.763792872,1.797891378,1.732836723,1.796876192,1.732042551
324,6479.992,1786878794146.406,13581964.341,0.000000000,-0.000041436,-0.009416549,-1.781353354,1.672891140,1.711325526,1.643024921,1.708720207
325,6499.994,1786878794166.409,13581984.344,0.000000000,-0.000121367,-0.008408288,-1.790309429,1.593839288,1.699414611,1.559886456,1.697946787
326,6519.990,1786878794186.404,13582004.339,0.000000000,-0.000155109,-0.006401472,-1.795239806,1.529057741,1.691356659,1.507703304,1.693004608
327,6539.992,1786878794206.406,13582024.341,0.000000000,-0.000146374,-0.004459151,-1.793434620,1.511191964,1.690820336,1.507981658,1.695341587
328,6559.995,1786878794226.409,13582044.344,0.000000000,-0.000088297,-0.003061123,-1.787580609,1.527654052,1.694559336,1.535994411,1.700281143
329,6579.995,1786878794246.409,13582064.344,0.000000000,0.000015934,-0.001256623,-1.777667642,1.574403167,1.702034712,1.590153933,1.707466483
330,6599.994,1786878794266.409,13582084.344,0.000000000,0.000112151,0.000234650,-1.765907764,1.634932041,1.711946011,1.654291630,1.715947986
331,6619.995,1786878794286.409,13582104.344,0.000000000,0.000165435,0.000940051,-1.756554484,1.682987094,1.721529961,1.702329397,1.723741651
332,6639.994,1786878794306.409,13582124.344,0.000000000,0.000192724,0.001307296,-1.750517845,1.715320230,1.729982972,1.730701327,1.730365157
333,6659.993,1786878794326.408,13582144.343,0.000000000,0.000243693,0.001045040,-1.746905208,1.736269355,1.736333966,1.745628476,1.734912634
334,6679.993,1786878794346.407,13582164.342,0.000000000,0.000225369,0.000431935,-1.745374322,1.744787931,1.739370227,1.746257901,1.736651659
335,6699.996,1786878794366.411,13582184.346,0.000000000,0.000194552,0.000786436,-1.742259145,1.761304140,1.741281271,1.755370259,1.737989783
336,6719.992,1786878794386.406,13582204.341,0.000000000,0.000158806,0.001787794,-1.736468673,1.793655872,1.743849277,1.782791376,1.740486264
337,6739.994,1786878794406.408,13582224.343,0.000000000,0.000118373,0.003109867,-1.728276968,1.839931011,1.747269034,1.829149961,1.744256735
338,6759.992,1786878794426.406,13582244.341,0.000000000,0.000090124,0.003925461,-1.720158458,1.888016582,1.750459671,1.876470685,1.747924209
339,6779.994,1786878794446.408,13582264.343,0.000000000,0.000081146,0.004302023,-1.714874983,1.919879079,1.752421141,1.908491731,1.750122309
340,6799.993,1786878794466.407,13582284.342,0.000000000,0.000084895,0.004270050,-1.709362626,1.949524403,1.753712893,1.942900896,1.751520872
341,6819.993,1786878794486.407,13582304.342,0.000000000,0.000087418,0.004031742,-1.706276298,1.962685466,1.753529191,1.961494446,1.751065969
342,6839.993,1786878794506.407,13582324.342,0.000000000,0.000060200,0.003814662,-1.705561042,1.967812538,1.753148079,1.967504621,1.750473976
343,6859.992,1786878794526.406,13582344.341,0.000000000,0.000015973,0.003860376,-1.707024574,1.970685005,1.753657222,1.969384909,1.751184344
344,6879.991,1786878794546.406,13582364.341,0.000000000,-0.000003726,0.003960783,-1.709947109,1.972813129,1.755081773,1.971736670,1.752650857
345,6899.990,1786878794566.405,13582384.340,0.000000000,-0.000009064,0.004261899,-1.712078333,1.966875315,1.755905509,1.968737483,1.753714323
346,6919.991,1786878794586.405,13582404.340,0.000000000,0.000035720,0.004314682,-1.712478876,1.874512434,1.754586220,1.878675342,1.752548218
347,6939.990,1786878794606.405,13582424.339,0.000000000,0.000096924,0.003860857,-1.711708188,1.701379180,1.750872493,1.704797983,1.748658061
348,6959.990,1786878794626.404,13582444.339,0.000000000,0.000134899,0.002653915,-1.711840630,1.464908719,1.745731473,1.465352178,1.743452311
349,6979.991,1786878794646.405,13582464.340,0.000000000,0.000140678,0.001507673,-1.712439895,1.193360567,1.740009069,1.190522432,1.737628222
350,6999.991,1786878794666.405,13582484.340,0.000000000,0.000150370,0.000524043,-1.712483525,0.909769773,1.733628035,0.903921306,1.731115699
351,7019.989,1786878794686.403,13582504.338,0.000000000,0.000059793,-0.000919605,-1.715787053,0.632051706,1.730323672,0.624144137,1.728500128
352,7039.990,1786878794706.404,13582524.339,0.000000000,-0.000166261,-0.001648447,-1.720327020,0.437257946,1.730539441,0.437413335,1.729284406
353,7059.996,1786878794726.410,13582544.345,0.000000000,-0.000365180,-0.001383041,-1.677530050,0.221397504,1.684798479,0.240390152,1.686347604
354,7079.994,1786878794746.408,13582564.343,0.000000000,-0.000299043,-0.000483384,-1.559796929,0.069985084,1.564691424,0.100702666,1.569020629
355,7099.993,1786878794766.407,13582584.342,0.000000000,-0.000185645,0.000774679,-1.389915943,0.011151543,1.393109679,0.017552434,1.399084926
356,7119.993,1786878794786.407,13582604.342,0.000000000,-0.000005950,0.002765045,-1.185163021,0.007573879,1.187255740,0.008170228,1.194064140
357,7139.997,1786878794806.411,13582624.346,0.000000000,0.000118333,0.004322311,-0.964249372,0.007973316,0.965886474,0.007767873,0.972508848
358,7159.999,1786878794826.414,13582644.349,0.000000000,0.000130918,0.004728989,-0.747495651,0.007993589,0.748943448,0.007674519,0.754437029
359,7179.993,1786878794846.407,13582664.342,0.000000000,0.000045228,0.004347537,-0.549843669,0.007685433,0.550958574,0.007524905,0.555012226
360,7199.988,1786878794866.403,13582684.338,0.000000000,-0.000046772,0.003618003,-0.378685355,0.007209007,0.379170954,0.007293125,0.382163674
361,7219.989,1786878794886.403,13582704.338,0.000000000,-0.000070396,0.003103602,-0.235891074,0.007004329,0.235575750,0.007151610,0.237896800
362,7239.991,1786878794906.405,13582724.340,0.000000000,-0.000057822,0.002263197,-0.121871904,0.006561209,0.120955639,0.006714420,0.122632943
363,7259.989,1786878794926.403,13582744.338,0.000000000,-0.000030590,0.001805610,-0.032528441,0.006205635,0.031521723,0.006367069,0.032153182
364,7279.990,1786878794946.404,13582764.339,0.000000000,-0.000039082,0.001679521,-0.008893354,0.006075097,0.008805869,0.006275256,0.008810153
365,7299.989,1786878794966.403,13582784.338,0.000000000,-0.000022607,0.001572393,-0.006979482,0.005953485,0.006963015,0.006103528,0.006925937
366,7319.991,1786878794986.405,13582804.340,0.000000000,-0.000004487,0.001520960,-0.006804233,0.005887478,0.006790250,0.005972803,0.006758072
367,7339.993,1786878795006.408,13582824.343,0.000000000,0.000010663,0.001536253,-0.006747909,0.005894830,0.006737175,0.005923637,0.006699408
368,7359.995,1786878795026.409,13582844.344,0.000000000,0.000010534,0.001641498,-0.006717115,0.005979775,0.006709130,0.005988815,0.006662382
369,7379.993,1786878795046.407,13582864.342,0.000000000,-0.000001818,0.001592250,-0.006702627,0.005947577,0.006684350,0.005941692,0.006656614
370,7399.994,1786878795066.408,13582884.343,0.000000000,-0.000020596,0.001610551,-0.006674678,0.005905353,0.006661002,0.005956822,0.006624976
371,7419.992,1786878795086.406,13582904.342,0.000000000,-0.000028101,0.001672034,-0.006640199,0.005896424,0.006632201,0.006000966,0.006584680
372,7439.993,1786878795106.407,13582924.342,0.000000000,-0.000022828,0.001700893,-0.006619918,0.005929580,0.006606375,0.006003556,0.006568193
373,7459.991,1786878795126.405,13582944.340,0.000000000,-0.000019906,0.001721515,-0.006584329,0.005919265,0.006574028,0.005986976,0.006528155
374,7479.992,1786878795146.406,13582964.341,0.000000000,-0.000026143,0.001677641,-0.006560207,0.005859828,0.006549983,0.005926434,0.006505163
375,7499.992,1786878795166.406,13582984.341,0.000000000,-0.000052727,0.001536779,-0.006550190,0.005713169,0.006532500,0.005816872,0.006505938
376,7519.993,1786878795186.407,13583004.342,0.000000000,-0.000069246,0.001514562,-0.006525661,0.005662396,0.006503338,0.005797749,0.006485240
377,7539.993,1786878795206.407,13583024.342,0.000000000,-0.000057869,0.001618292,-0.006467852,0.005693631,0.006443324,0.005797745,0.006429499
378,7559.993,1786878795226.407,13583044.342,0.000000000,-0.000038863,0.001775007,-0.006405320,0.005773682,0.006381218,0.005824776,0.006366062
379,7579.992,1786878795246.406,13583064.341,0.000000000,-0.000036301,0.001842563,-0.006376944,0.005808308,0.006354597,0.005849471,0.006334955
380,7599.990,1786878795266.404,13583084.339,0.000000000,-0.000046242,0.001886384,-0.006357711,0.005837694,0.006334045,0.005893270,0.006314045
381,7619.991,1786878795286.405,13583104.340,0.000000000,-0.000057239,0.001847582,-0.006347859,0.005798030,0.006325308,0.005888620,0.006301309
382,7639.989,1786878795306.404,13583124.339,0.000000000,-0.000059755,0.001797696,-0.006338880,0.005754480,0.006314037,0.005857138,0.006294486
383,7659.989,1786878795326.404,13583144.339,0.000000000,-0.000053223,0.001781522,-0.006322422,0.005741036,0.006297626,0.005828168,0.006277827
384,7679.989,1786878795346.404,13583164.339,0.000000000,-0.000047434,0.001808055,-0.006299370,0.005751176,0.006275529,0.005826022,0.006253650
385,7699.995,1786878795366.409,13583184.344,0.000000000,-0.000042922,0.001868859,-0.006268556,0.005781723,0.006243638,0.005839953,0.006223294
386,7719.994,1786878795386.408,13583204.343,0.000000000,-0.000039354,0.001815267,-0.006246415,0.005710789,0.006222319,0.005752842,0.006204537
387,7739.994,1786878795406.408,13583224.343,0.000000000,-0.000039371,0.001747410,-0.006236192,0.005643555,0.006215519,0.005695111,0.006192708
388,7759.996,1786878795426.411,13583244.346,0.000000000,-0.000040039,0.001735802,-0.006226281,0.005633388,0.006206318,0.005691867,0.006181653
389,7779.992,1786878795446.406,13583264.341,0.000000000,-0.000038232,0.001750664,-0.006213010,0.005649865,0.006191953,0.005704533,0.006167919
390,7799.995,1786878795466.409,13583284.344,0.000000000,-0.000035828,0.001762195,-0.006196877,0.005659916,0.006174915,0.005706554,0.006151488
391,7819.993,1786878795486.407,13583304.342,0.000000000,-0.000030754,0.001771348,-0.006176996,0.005658733,0.006155204,0.005700783,0.006130702
392,7839.993,1786878795506.407,13583324.342,0.000000000,-0.000030609,0.001759949,-0.006161876,0.005645332,0.006139543,0.005682618,0.006115121
393,7859.991,1786878795526.405,13583344.340,0.000000000,-0.000026710,0.001701489,-0.006122138,0.005546784,0.006101061,0.005575627,0.006076870
394,7879.991,1786878795546.405,13583364.340,0.000000000,-0.000034823,0.001685201,-0.006114645,0.005532244,0.006095146,0.005557295,0.006069417
395,7899.990,1786878795566.404,13583384.339,0.000000000,-0.000052307,0.001640854,-0.006110817,0.005486711,0.006090467,0.005547787,0.006066707
396,7919.990,1786878795586.404,13583404.339,0.000000000,-0.000062250,0.001609016,-0.006098074,0.005445785,0.006076872,0.005528616,0.006054993
397,7939.988,1786878795606.402,13583424.337,0.000000000,-0.000059978,0.001640530,-0.006069552,0.005438283,0.006051832,0.005530954,0.006023359
398,7959.991,1786878795626.405,13583444.340,0.000000000,-0.000058663,0.001560777,-0.006079646,0.005411502,0.006056495,0.005491174,0.006038532
399,7979.988,1786878795646.403,13583464.337,0.000000000,-0.000050924,0.001440995,-0.006068833,0.005319847,0.006045822,0.005378235,0.006028636
400,7999.990,1786878795666.404,13583484.339,0.000000000,-0.000040510,0.001352802,-0.006005386,0.005134935,0.005996636,0.005193373,0.005959218
401,8019.988,1786878795686.402,13583504.337,0.000000000,-0.000042265,0.001379947,-0.005970594,0.005113266,0.005957436,0.005156832,0.005932052
402,8039.991,1786878795706.405,13583524.340,0.000000000,-0.000043587,0.001483667,-0.005934730,0.005152873,0.005925470,0.005208309,0.005892388
403,8059.994,1786878795726.408,13583544.343,0.000000000,-0.000056461,0.001484204,-0.005938457,0.005189178,0.005917808,0.005245117,0.005903745
404,8079.991,1786878795746.405,13583564.340,0.000000000,-0.000055741,0.001536263,-0.005926201,0.005238915,0.005905184,0.005294394,0.005888516
405,8099.993,1786878795766.407,13583584.342,0.000000000,-0.000049650,0.001602825,-0.005889058,0.005264133,0.005869667,0.005311942,0.005848012
406,8119.992,1786878795786.406,13583604.341,0.000000000,-0.000045156,0.001504079,-0.005887834,0.005181357,0.005870205,0.005221135,0.005849730
407,8139.994,1786878795806.408,13583624.343,0.000000000,-0.000045524,0.001311243,-0.005908286,0.005052708,0.005893829,0.005098849,0.005870495
408,8159.993,1786878795826.407,13583644.342,0.000000000,-0.000029205,0.001213269,-0.005894826,0.004974255,0.005883208,0.004993541,0.005855873
409,8179.989,1786878795846.404,13583664.339,0.000000000,-0.000023752,0.001226044,-0.005897719,0.005007624,0.005890303,0.005020643,0.005854191
410,8199.989,1786878795866.404,13583684.338,0.000000000,-0.000029339,0.001348283,-0.005879205,0.005132014,0.005865322,0.005133460,0.005834290
411,8219.992,1786878795886.406,13583704.341,0.000000000,-0.000046270,0.001443426,-0.005845306,0.005171064,0.005831140,0.005204268,0.005797500
412,8239.990,1786878795906.405,13583724.340,0.000000000,-0.000063197,0.001434490,-0.005808901,0.005118290,0.005785717,0.005158884,0.005770714
413,8259.989,1786878795926.404,13583744.338,0.000000000,-0.000069315,0.001211450,-0.005797261,0.004864752,0.005792608,0.004949515,0.005752532
414,8279.990,1786878795946.404,13583764.339,0.000000000,-0.000069216,0.001090588,-0.005769584,0.004722065,0.005761241,0.004812126,0.005732545
415,8299.990,1786878795966.404,13583784.339,0.000000000,-0.000057909,0.000924863,-0.005705748,0.004485531,0.005699708,0.004541184,0.005676063
416,8319.989,1786878795986.403,13583804.338,0.000000000,-0.000071647,0.001004596,-0.005666491,0.004525612,0.005646096,0.004570337,0.005647537
417,8339.990,1786878796006.405,13583824.339,0.000000000,-0.000074139,0.001129529,-0.005622511,0.004586936,0.005596132,0.004648899,0.005603850
418,8359.995,1786878796026.409,13583844.344,0.000000000,-0.000046847,0.001289104,-0.005612927,0.004728985,0.005608195,0.004769903,0.005572028
419,8379.997,1786878796046.411,13583864.346,0.000000000,-0.000030430,0.001155196,-0.005607602,0.004601963,0.005619658,0.004640838,0.005556564
420,8399.996,1786878796066.410,13583884.345,0.000000000,-0.000040972,0.000952493,-0.005627854,0.004448056,0.005638576,0.004503167,0.005584887
421,8419.995,1786878796086.409,13583904.344,0.000000000,-0.000051527,0.000819011,-0.005643942,0.004382939,0.005647262,0.004426630,0.005609001
422,8439.992,1786878796106.406,13583924.341,0.000000000,-0.000069476,0.000841425,-0.005628850,0.004403578,0.005620366,0.004471926,0.005600370
423,8459.993,1786878796126.407,13583944.342,0.000000000,-0.000084323,0.000971156,-0.005611891,0.004525934,0.005588127,0.004604351,0.005590339
424,8479.994,1786878796146.408,13583964.343,0.000000000,-0.000083579,0.000951954,-0.005583108,0.004456835,0.005567884,0.004567946,0.005555084
425,8499.991,1786878796166.405,13583984.340,0.000000000,-0.000067528,0.000700704,-0.005570721,0.004226116,0.005559613,0.004302261,0.005548791
426,8519.993,1786878796186.408,13584004.343,0.000000000,-0.000035636,0.000612356,-0.005542193,0.004094370,0.005547957,0.004174111,0.005510910
427,8539.995,1786878796206.409,13584024.344,0.000000000,-0.000021884,0.000687662,-0.005495029,0.004106343,0.005498705,0.004158906,0.005467287
428,8559.991,1786878796226.405,13584044.340,0.000000000,-0.000025535,0.000717939,-0.005485516,0.004137470,0.005486736,0.004180925,0.005459699
429,8579.991,1786878796246.405,13584064.340,0.000000000,-0.000028296,0.000660653,-0.005474367,0.004094936,0.005469899,0.004121899,0.005454786
430,8599.994,1786878796266.408,13584084.343,0.000000000,-0.000030619,0.000586150,-0.005468319,0.004026309,0.005467187,0.004052427,0.005448010
431,8619.991,1786878796286.406,13584104.341,0.000000000,-0.000004723,0.000602143,-0.005457234,0.004050845,0.005466559,0.004040074,0.005427571
432,8639.990,1786878796306.404,13584124.339,0.000000000,0.000036220,0.000658212,-0.005413969,0.004056936,0.005432409,0.003985423,0.005379844
433,8659.990,1786878796326.404,13584144.339,0.000000000,0.000092326,0.000773031,-0.005387462,0.004195865,0.005393037,0.003928047,0.005371946
434,8679.989,1786878796346.404,13584164.338,0.000000000,0.000091397,0.000839310,-0.005374055,0.004267818,0.005370366,0.003973185,0.005363968
435,8699.989,1786878796366.403,13584184.338,0.000000000,0.000023899,0.000784090,-0.005325024,0.004125977,0.005317340,0.003944588,0.005313123
436,8719.989,1786878796386.403,13584204.338,0.000000000,-0.000078565,0.000911711,-0.005211626,0.003898983,0.005213231,0.003922710,0.005206309
437,8739.989,1786878796406.403,13584224.338,0.000000000,-0.000125083,0.000356465,-0.005204185,0.003254816,0.005199092,0.003338503,0.005245962
438,8759.990,1786878796426.404,13584244.339,0.000000000,-0.000230078,-0.000976815,-0.005424905,0.002191406,0.005435107,0.002826569,0.005469010
439,8779.993,1786878796446.407,13584264.342,0.000000000,-0.000192123,-0.001514707,-0.005639289,0.002233603,0.005667761,0.003038205,0.005617205
440,8799.995,1786878796466.410,13584284.345,0.000000000,-0.000046340,-0.001121019,-0.005668177,0.003080703,0.005652885,0.003465291,0.005627075
441,8819.991,1786878796486.405,13584304.340,0.000000000,-0.000016508,0.000477590,-0.005444280,0.004297797,0.005394991,0.004374121,0.005408662
442,8839.992,1786878796506.406,13584324.342,0.000000000,0.000095260,0.001795489,-0.005112209,0.004944325,0.005088320,0.004756290,0.005062778
443,8859.992,1786878796526.406,13584344.341,0.000000000,0.000239563,0.002480422,-0.004813507,0.005070006,0.004847344,0.004609684,0.004735955
444,8879.993,1786878796546.407,13584364.342,0.000000000,0.000177823,0.002621081,-0.004718897,0.004937961,0.004727290,0.004536690,0.004687337
445,8899.991,1786878796566.405,13584384.340,0.000000000,0.000090753,0.002207319,-0.004754177,0.004607471,0.004760402,0.004294283,0.004730767
446,8919.991,1786878796586.405,13584404.340,0.000000000,-0.000029226,0.001604163,-0.004820849,0.004088710,0.004824136,0.003939633,0.004815937
447,8939.989,1786878796606.403,13584424.338,0.000000000,-0.000163974,0.001012851,-0.004919174,0.003575299,0.004917949,0.003670217,0.004936490
448,8960.024,1786878796626.438,13584444.374,0.000000000,-0.000243986,0.000084719,-0.005042420,0.002694822,0.005073782,0.003075298,0.005074706
449,8980.029,1786878796646.443,13584464.378,0.000000000,-0.000256996,-0.001085704,-0.005316490,0.001938161,0.005360822,0.002559338,0.005368601
450,9000.029,1786878796666.443,13584484.378,0.000000000,-0.000192573,-0.002439299,-0.005612304,0.001270283,0.005676856,0.002107308,0.005632785
451,9020.027,1786878796686.441,13584504.376,0.000000000,-0.000030185,-0.002223069,-0.005767494,0.002248009,0.005806986,0.002813757,0.005709333
452,9040.025,1786878796706.439,13584524.374,0.000000000,0.000139638,-0.000976683,-0.005469657,0.003330196,0.005437986,0.003425603,0.005410567
453,9060.024,1786878796726.438,13584544.373,0.000000000,0.000140170,0.000403494,-0.005010604,0.003864748,0.004944327,0.003691337,0.004991380
454,9080.022,1786878796746.436,13584564.371,0.000000000,0.000068522,0.001726348,-0.004672391,0.004424293,0.004586076,0.004046785,0.004698765
455,9100.024,1786878796766.438,13584584.373,0.000000000,0.000030952,0.002575909,-0.004525092,0.004804661,0.004492585,0.004405914,0.004522327
456,9120.023,1786878796786.437,13584604.372,0.000000000,0.000097398,0.003228935,-0.004517196,0.005368101,0.004511032,0.004708246,0.004505296
457,9140.024,1786878796806.438,13584624.373,0.000000000,0.000107581,0.002657366,-0.004724073,0.005075471,0.004753018,0.004788676,0.004670678
458,9160.037,1786878796826.451,13584644.386,0.000000000,0.000181147,0.001836634,-0.004770822,0.004482937,0.004840649,0.004198382,0.004681601
459,9179.990,1786878796846.404,13584664.339,0.000000000,0.000098098,0.001341768,-0.004737024,0.004028642,0.004771025,0.003682378,0.004695833
460,9199.988,1786878796866.403,13584684.337,0.000000000,-0.000061728,0.001537190,-0.004787812,0.004171120,0.004785558,0.003975087,0.004785274
461,9219.990,1786878796886.404,13584704.339,0.000000000,-0.000208956,0.000533664,-0.004913139,0.003090125,0.004911162,0.003359687,0.004968589
462,9239.991,1786878796906.406,13584724.340,0.000000000,-0.000271295,-0.001204251,-0.005138048,0.001611138,0.005180618,0.002347393,0.005206061
463,9259.991,1786878796926.406,13584744.340,0.000000000,-0.000296883,-0.002504351,-0.005483607,0.001044355,0.005526836,0.002154656,0.005529660
464,9279.989,1786878796946.403,13584764.338,0.000000000,-0.000088368,-0.002241560,-0.005631262,0.002112092,0.005709606,0.002869020,0.005537339
465,9299.988,1786878796966.402,13584784.337,0.000000000,0.000106840,-0.000950949,-0.005357903,0.003387007,0.005347621,0.003554966,0.005263483
466,9319.990,1786878796986.404,13584804.339,0.000000000,0.000087442,-0.000279499,-0.004774143,0.002981355,0.004714268,0.003044716,0.004760344
467,9339.988,1786878797006.403,13584824.338,0.000000000,0.000018576,0.000617291,-0.004343185,0.002901326,0.004288625,0.002789037,0.004383343
468,9359.992,1786878797026.406,13584844.341,0.000000000,0.000015797,0.002235205,-0.004383320,0.004506984,0.004317851,0.003845622,0.004435986
469,9379.992,1786878797046.406,13584864.341,0.000000000,0.000116917,0.003371125,-0.004490835,0.005786625,0.004455937,0.004785887,0.004499877
470,9399.991,1786878797066.405,13584884.340,0.000000000,0.000072915,0.003488023,-0.004556820,0.005746511,0.004613966,0.005586423,0.004431523
471,9419.993,1786878797086.407,13584904.342,0.000000000,0.000135345,0.002259858,-0.004428973,0.004403851,0.004461279,0.004369023,0.004363264
472,9439.992,1786878797106.406,13584924.341,0.000000000,0.000130772,0.002066832,-0.004398690,0.004380893,0.004347376,0.003919001,0.004423885
473,9459.990,1786878797126.404,13584944.339,0.000000000,-0.000016297,0.002044590,-0.004542059,0.004550928,0.004467750,0.004090589,0.004587492
474,9479.989,1786878797146.403,13584964.338,0.000000000,-0.000186513,0.000171495,-0.004540864,0.002225824,0.004554502,0.002588917,0.004605658
475,9499.992,1786878797166.406,13584984.341,0.000000000,-0.000323832,-0.002164221,-0.004739343,-0.000122174,0.004833691,0.001071472,0.004835687
476,9519.990,1786878797186.405,13585004.339,0.000000000,-0.000266926,-0.002910917,-0.005392382,0.000678306,0.005492609,0.001824569,0.005404795
477,9539.991,1786878797206.405,13585024.340,0.000000000,-0.000109485,-0.001944923,-0.005844164,0.003074009,0.005909530,0.003830694,0.005708323
478,9559.990,1786878797226.404,13585044.339,0.000000000,0.000034649,-0.000979142,-0.005430272,0.003734375,0.005393047,0.004033008,0.005324621
479,9579.989,1786878797246.403,13585064.338,0.000000000,0.000076917,0.000069770,-0.004620696,0.003220511,0.004549810,0.003240888,0.004616276
480,9599.990,1786878797266.404,13585084.339,0.000000000,0.000010586,0.001206166,-0.004304097,0.003691552,0.004226222,0.003440056,0.004329971
481,9619.992,1786878797286.406,13585104.342,0.000000000,-0.000152757,0.001787214,-0.004450810,0.004476340,0.004363158,0.004211905,0.004464466
482,9639.993,1786878797306.407,13585124.342,0.000000000,-0.000394130,0.002591178,-0.004187698,0.004497914,0.003996909,0.004268388,0.004367825
483,9659.993,1786878797326.408,13585144.343,0.000000000,-0.000532550,0.001588380,-0.003667577,0.001771389,0.003642021,0.002717845,0.003884134
484,9679.991,1786878797346.406,13585164.341,0.000000000,-0.000179382,0.000770036,-0.003641161,0.001067438,0.003808991,0.001749582,0.003741909
485,9699.996,1786878797366.411,13585184.346,0.000000000,0.000117947,-0.000603939,-0.003611303,0.000060157,0.003828154,0.000119059,0.003699819
486,9719.992,1786878797386.406,13585204.342,0.000000000,0.000190294,-0.000370319,-0.003795160,0.000800377,0.004013295,0.000423941,0.003840521
487,9739.993,1786878797406.407,13585224.342,0.000000000,0.000018001,-0.000203606,-0.004088415,0.001221192,0.004267077,0.001332956,0.004130175
488,9759.992,1786878797426.406,13585244.341,0.000000000,-0.000079840,-0.001428684,-0.004492208,0.000371002,0.004744839,0.001333051,0.004458319
489,9779.990,1786878797446.405,13585264.340,0.000000000,0.000043862,-0.000153035,-0.005107999,0.003184784,0.005260891,0.003325778,0.005017626
490,9799.990,1786878797466.404,13585284.339,0.000000000,0.000176038,-0.000883548,-0.004977633,0.002444115,0.005024723,0.002410467,0.005006440
491,9819.990,1786878797486.404,13585304.339,0.000000000,0.000518597,-0.003343010,-0.004585888,-0.000357545,0.004677993,-0.000930665,0.004730081
492,9839.990,1786878797506.404,13585324.339,0.000000000,0.000572853,-0.005311363,-0.004521132,-0.001997678,0.004614924,-0.002857285,0.004725851
493,9859.989,1786878797526.403,13585344.338,0.000000000,0.000464680,0.000099743,-0.004834915,0.004360276,0.004813162,0.002507681,0.004881815
494,9879.987,1786878797546.401,13585364.336,0.000000000,0.000037611,0.089349389,-0.005661236,0.205184892,0.005289055,0.105706759,0.005592154
495,9899.988,1786878797566.402,13585384.337,0.000000000,-0.000443704,0.013495478,-0.005248760,0.062572889,0.005199002,0.024189511,0.005343803
496,9919.988,1786878797586.402,13585404.337,0.000000000,-0.000376117,-0.002417618,-0.005138118,0.002200189,0.005363020,0.001958184,0.005249314
497,9939.991,1786878797606.405,13585424.340,0.000000000,-0.000061211,-0.005571194,-0.005233147,-0.003807318,0.005639541,-0.001282477,0.005279433
498,9959.989,1786878797626.404,13585444.339,0.000000000,0.000225446,-0.007246553,-0.005313094,-0.004191495,0.005628704,-0.003596289,0.005482994
499,9979.994,1786878797646.408,13585464.343,0.000000000,-0.000232922,-0.005502747,-0.006034867,-0.001354847,0.006179413,0.000192581,0.006161968
500,9999.996,1786878797666.410,13585484.345,0.000000000,0.000218507,-0.004582982,-0.005567402,-0.000184409,0.005769546,-0.000594547,0.005605888
501,10019.993,1786878797686.407,13585504.342,0.000000000,-0.000004504,-0.005689119,-0.005508143,-0.001541429,0.005695750,-0.001318964,0.005596677
502,10039.993,1786878797706.408,13585524.342,0.000000000,-0.000121413,-0.007069345,-0.005248142,-0.003433286,0.005475751,-0.002687964,0.005354709
503,10059.995,1786878797726.409,13585544.344,0.000000000,-0.000150288,-0.008011578,-0.005197965,-0.003989960,0.005347882,-0.003560257,0.005368135
504,10079.992,1786878797746.406,13585564.341,0.000000000,-0.000130122,-0.007841901,-0.004888140,-0.004022066,0.005005657,-0.004064827,0.005075071
505,10099.993,1786878797766.407,13585584.342,0.000000000,-0.000413184,-0.007817538,-0.004892950,-0.004497563,0.004992457,-0.003511382,0.005095682
506,10119.993,1786878797786.407,13585604.342,0.000000000,-0.000517086,-0.006269194,-0.004801394,-0.003442694,0.004902266,-0.002030843,0.004954623
507,10139.992,1786878797806.406,13585624.341,0.000000000,-0.000506067,-0.005492895,-0.004644785,-0.003035348,0.004744564,-0.001554376,0.004782951
508,10159.991,1786878797826.405,13585644.340,0.000000000,-0.000407358,-0.003861521,-0.004639649,-0.001387046,0.004731630,-0.000239308,0.004726493
509,10179.988,1786878797846.402,13585664.337,0.000000000,-0.000290209,-0.001279699,-0.004775830,0.001448401,0.004841928,0.002216998,0.004772288
510,10199.988,1786878797866.402,13585684.337,0.000000000,-0.000189777,-0.000410140,-0.004853129,0.002456010,0.004912736,0.003179468,0.004801960
511,10219.991,1786878797886.405,13585704.340,0.000000000,-0.000032066,-0.000484880,-0.004922096,0.002644579,0.004984699,0.003145586,0.004853125
512,10239.991,1786878797906.406,13585724.341,0.000000000,0.000094657,-0.000795387,-0.005039057,0.002820509,0.005075462,0.002971263,0.004978250
513,10259.990,1786878797926.405,13585744.339,0.000000000,0.000084490,-0.000509826,-0.005361984,0.003919670,0.005293495,0.003949136,0.005329687
514,10279.990,1786878797946.404,13585764.339,0.000000000,0.000071763,-0.000186088,-0.005466027,0.004380488,0.005386037,0.004729910,0.005404521
515,10299.988,1786878797966.403,13585784.337,0.000000000,0.000306868,0.000385780,-0.004894329,0.003520486,0.005098626,0.004074772,0.004636001
516,10319.988,1786878797986.403,13585804.338,0.000000000,0.000366131,-0.001057856,-0.004744992,0.002309300,0.004806614,0.002256299,0.004688094
517,10339.990,1786878798006.404,13585824.339,0.000000000,0.000317937,-0.001358620,-0.004500527,0.001797845,0.004485458,0.001589246,0.004540654
518,10359.990,1786878798026.405,13585844.339,0.000000000,0.000236415,-0.000667654,-0.004228138,0.001885955,0.004209771,0.001748840,0.004284020
519,10379.989,1786878798046.404,13585864.339,0.000000000,0.000122509,0.000012761,-0.004140792,0.002199928,0.004135319,0.002299178,0.004175447
520,10399.992,1786878798066.406,13585884.342,0.000000000,0.000075345,-0.000244909,-0.004016555,0.001530577,0.004091791,0.001976349,0.004009129
521,10419.992,1786878798086.406,13585904.341,0.000000000,0.001816200,0.091960974,-0.375891834,0.438775659,0.407582909,0.292161167,0.385826319
522,10439.992,1786878798106.406,13585924.341,0.000000000,0.000909141,0.027058763,-0.739320517,0.740418971,0.759661555,0.525739968,0.727451265
523,10459.992,1786878798126.406,13585944.341,0.000000000,-0.000007307,-0.000699677,-1.025995374,1.099824905,1.039564967,0.908034742,1.010648608
524,10479.992,1786878798146.406,13585964.341,0.000000000,-0.000908693,-0.003820788,-1.232786298,1.513855815,1.271548271,1.422737122,1.257626891
525,10499.992,1786878798166.406,13585984.341,0.000000000,-0.001229866,-0.004619957,-1.380252361,1.817589879,1.442096829,1.862725377,1.448539376
526,10519.990,1786878798186.405,13586004.339,0.000000000,-0.000871542,-0.005508393,-1.489576936,1.953495860,1.551068664,2.086925745,1.570606232
527,10539.990,1786878798206.405,13586024.340,0.000000000,-0.000446338,-0.010706794,-1.579882979,1.980276108,1.616054654,2.121597767,1.636563420
528,10559.988,1786878798226.403,13586044.338,0.000000000,-0.000072950,-0.007547419,-1.645518899,1.937054157,1.652042627,2.024300814,1.664358854
529,10579.988,1786878798246.402,13586064.337,0.000000000,-0.000092775,-0.003818203,-1.684565425,1.863412619,1.672286153,1.894149184,1.676517606
530,10599.988,1786878798266.402,13586084.337,0.000000000,-0.000272816,-0.001537991,-1.707569361,1.768723965,1.681700230,1.783861518,1.684006810
531,10619.988,1786878798286.403,13586104.337,0.000000000,-0.000157214,0.002279632,-1.712921023,1.767578721,1.701038241,1.781938553,1.702701449
532,10639.989,1786878798306.403,13586124.338,0.000000000,-0.000062203,0.004082456,-1.709077597,1.819629192,1.721319199,1.823941588,1.720890164
533,10659.992,1786878798326.406,13586144.341,0.000000000,-0.000021110,0.000293573,-1.713483691,1.857022882,1.737485290,1.859725833,1.736314893
534,10679.994,1786878798346.408,13586164.343,0.000000000,0.000050321,-0.002923005,-1.726682782,1.838135958,1.739598393,1.839269280,1.738088250
535,10699.995,1786878798366.410,13586184.345,0.000000000,0.000051991,-0.004380124,-1.741034389,1.787503481,1.733984113,1.799347520,1.734321713
536,10719.991,1786878798386.405,13586204.340,0.000000000,0.000123319,-0.004126862,-1.749128699,1.783892274,1.733750105,1.795442820,1.734496951
537,10739.992,1786878798406.406,13586224.341,0.000000000,0.000169197,-0.005284211,-1.756265283,1.797403693,1.733463764,1.798586369,1.733461380
538,10759.991,1786878798426.406,13586244.341,0.000000000,0.000149628,-0.005153327,-1.761890888,1.789372087,1.730607748,1.775485516,1.729403019
539,10779.990,1786878798446.405,13586264.340,0.000000000,-0.000021179,-0.005939113,-1.768209696,1.738390207,1.722439170,1.738884091,1.724373460
540,10799.990,1786878798466.405,13586284.339,0.000000000,-0.000170772,-0.008691111,-1.778091908,1.666976452,1.709114671,1.695031166,1.716294408
541,10819.989,1786878798486.404,13586304.338,0.000000000,-0.000082008,-0.009314288,-1.785065532,1.634451270,1.698758006,1.663824320,1.706775904
542,10839.989,1786878798506.403,13586324.338,0.000000000,-0.000074683,-0.006903179,-1.783692360,1.647376299,1.697295308,1.655194998,1.703005910
543,10859.990,1786878798526.404,13586344.339,0.000000000,-0.000290794,-0.002740033,-1.775871038,1.669846654,1.701961875,1.676476717,1.708804846
544,10879.992,1786878798546.406,13586364.341,0.000000000,-0.000341381,0.000407496,-1.763577461,1.721940160,1.710389733,1.732487321,1.718393087
545,10899.990,1786878798566.404,13586384.339,0.000000000,-0.000032905,0.002294828,-1.740590334,1.848614335,1.723822594,1.840582013,1.728651881
546,10919.989,1786878798586.404,13586404.339,0.000000000,0.000245287,0.003041523,-1.714136004,1.998247981,1.735520244,1.978497982,1.736345291
547,10939.988,1786878798606.403,13586424.338,0.000000000,0.000279697,0.001121291,-1.702375531,2.036708832,1.738523483,2.041940689,1.739078283
548,10959.989,1786878798626.404,13586444.338,0.000000000,0.000244218,-0.001420954,-1.713381886,1.933594465,1.734796166,1.958495855,1.735041499
549,10979.990,1786878798646.405,13586464.340,0.000000000,0.000121690,-0.001769673,-1.733392954,1.796825051,1.734284163,1.834171295,1.734164238
550,10999.988,1786878798666.402,13586484.337,0.000000000,-0.000056513,-0.000382603,-1.750396967,1.703575134,1.740020752,1.750808835,1.740823984
551,11019.989,1786878798686.404,13586504.339,0.000000000,-0.000017442,0.001781246,-1.758238435,1.675029159,1.750375271,1.738231182,1.752254367
552,11039.991,1786878798706.406,13586524.341,0.000000000,0.000179243,0.004240244,-1.753216028,1.732150912,1.760995746,1.768944621,1.761647701
553,11059.993,1786878798726.408,13586544.343,0.000000000,0.000317005,0.006425235,-1.737746954,1.856199622,1.769257188,1.833981276,1.766463399
554,11079.991,1786878798746.406,13586564.340,0.000000000,0.000185872,0.006576012,-1.716215134,1.979566097,1.768671155,1.914393783,1.763855219
555,11099.992,1786878798766.406,13586584.341,0.000000000,0.000044332,0.006077075,-1.691627502,2.060544729,1.756927967,1.986107111,1.751986742
556,11119.991,1786878798786.405,13586604.340,0.000000000,-0.000016048,0.004135955,-1.675501347,2.072858095,1.742085814,2.012706757,1.737348199
557,11139.990,1786878798806.405,13586624.340,0.000000000,-0.000156458,0.001478187,-1.674359441,2.018608093,1.730201125,1.980956435,1.727168560
558,11159.991,1786878798826.405,13586644.340,0.000000000,-0.000220287,0.000187767,-1.680217624,1.957821131,1.725164056,1.942191362,1.723778248
559,11179.989,1786878798846.404,13586664.338,0.000000000,-0.000091778,-0.000126895,-1.695771217,1.890299082,1.728366494,1.892539024,1.727670074
560,11199.988,1786878798866.402,13586684.337,0.000000000,-0.000012917,0.001461201,-1.714114428,1.856907964,1.742218733,1.867339730,1.741060734
561,11219.989,1786878798886.403,13586704.338,0.000000000,0.000061806,0.002062333,-1.726494670,1.762949824,1.753281713,1.779407740,1.751559019
562,11239.990,1786878798906.405,13586724.339,0.000000000,0.000070744,0.002190565,-1.726666212,1.595323920,1.750974536,1.612892270,1.749560237
563,11259.990,1786878798926.404,13586744.339,0.000000000,-0.000011297,0.001778879,-1.717245817,1.369035959,1.737077355,1.385375023,1.738048196
564,11279.990,1786878798946.404,13586764.339,0.000000000,-0.000144113,0.001523317,-1.706923008,1.117998958,1.722224593,1.128956676,1.725511670
565,11299.988,1786878798966.403,13586784.338,0.000000000,-0.000527028,0.001333380,-1.697553039,0.862059236,1.707579732,0.870221436,1.715384245
566,11319.990,1786878798986.404,13586804.339,0.000000000,-0.000737407,0.000133930,-1.683801532,0.583923042,1.690002203,0.616212904,1.699786901
567,11339.995,1786878799006.410,13586824.345,0.000000000,0.000002774,0.004356299,-1.672785759,0.401005745,1.684407353,0.428212106,1.686904311
568,11359.994,1786878799026.409,13586844.344,0.000000000,0.000153698,0.002299309,-1.659521818,0.255591184,1.665522337,0.271770120,1.658889294
569,11379.994,1786878799046.408,13586864.343,0.000000000,0.000200465,-0.001706242,-1.577183604,0.054652620,1.565448761,0.067307569,1.558127642
570,11399.992,1786878799066.406,13586884.342,0.000000000,0.000369252,-0.002591002,-1.437727094,0.006122638,1.412133098,0.006164981,1.406893492
571,11419.990,1786878799086.405,13586904.339,0.000000000,0.000273496,-0.003825328,-1.268793106,0.001973132,1.234378815,0.001563059,1.230644584
572,11439.991,1786878799106.405,13586924.340,0.000000000,0.001131916,0.014828811,-0.282341480,0.301585495,0.293306977,0.246434510,0.285273939
573,11459.992,1786878799126.406,13586944.341,0.000000000,0.001018060,0.002540645,-0.681078851,0.528090477,0.659406602,0.399245054,0.640429854
574,11479.993,1786878799146.407,13586964.342,0.000000000,0.000309321,0.001052692,-0.975190639,0.688458681,0.924761415,0.563229084,0.906060457
575,11499.990,1786878799166.404,13586984.339,0.000000000,-0.000251715,-0.004447338,-1.195807576,1.003649712,1.151106238,0.879545927,1.132512450
576,11519.990,1786878799186.405,13587004.339,0.000000000,-0.000839010,-0.011159178,-1.367474318,1.520694017,1.364016175,1.459543109,1.354757786
577,11539.994,1786878799206.408,13587024.343,0.000000000,-0.000440600,-0.002965040,-1.474050760,1.849572420,1.513152003,1.853355765,1.513409376
578,11559.991,1786878799226.406,13587044.341,0.000000000,-0.000329838,0.001906358,-1.540209770,1.914695740,1.593924999,1.976480007,1.602788925
579,11579.991,1786878799246.405,13587064.340,0.000000000,-0.000459791,0.002499154,-1.589085221,1.869402289,1.636750221,1.937583923,1.647034883
580,11599.989,1786878799266.403,13587084.338,0.000000000,-0.000606809,-0.000854355,-1.633585334,1.837895870,1.666277051,1.886870384,1.674308062
581,11619.990,1786878799286.404,13587104.339,0.000000000,-0.000333101,-0.003837900,-1.673141003,1.891485095,1.698102832,1.912803292,1.701591611
582,11639.993,1786878799306.408,13587124.343,0.000000000,-0.000023954,-0.002618965,-1.696384549,1.974084020,1.728781223,1.990591645,1.730298281
583,11659.990,1786878799326.404,13587144.339,0.000000000,0.000110726,-0.002165464,-1.712147117,1.996744394,1.745067477,2.017334223,1.746474504
584,11679.993,1786878799346.407,13587164.342,0.000000000,-0.000024323,-0.003359848,-1.724301577,1.931840658,1.742164850,1.970570803,1.746454000
585,11699.994,1786878799366.409,13587184.344,0.000000000,-0.000074391,-0.005044992,-1.743602753,1.802725673,1.728647590,1.859575748,1.736163497
586,11719.994,1786878799386.408,13587204.343,0.000000000,0.000047473,-0.004903542,-1.756904483,1.748105645,1.723670959,1.793414950,1.729953170
587,11739.993,1786878799406.407,13587224.342,0.000000000,0.000055972,-0.003152941,-1.759768724,1.781524420,1.730013251,1.803296447,1.733443618
588,11759.990,1786878799426.405,13587244.340,0.000000000,-0.000007897,-0.000310228,-1.752185702,1.869801521,1.744082808,1.869882584,1.745081186
589,11779.993,1786878799446.407,13587264.342,0.000000000,-0.000063832,0.002781429,-1.737517953,1.967733979,1.760804772,1.961863279,1.761392474
590,11799.990,1786878799466.405,13587284.340,0.000000000,-0.000060031,0.003794692,-1.723945618,2.033351660,1.773546576,2.030288696,1.774506092
591,11819.993,1786878799486.407,13587304.342,0.000000000,-0.000048955,0.002562308,-1.717606902,2.044373989,1.777413964,2.050298452,1.779366136
592,11839.992,1786878799506.406,13587324.341,0.000000000,-0.000010741,0.000553205,-1.720537782,1.993857265,1.771731615,2.010307789,1.774457574
593,11859.990,1786878799526.405,13587344.340,0.000000000,0.000022005,-0.000105771,-1.726042032,1.928246498,1.764340997,1.955179095,1.767383099
594,11879.992,1786878799546.406,13587364.341,0.000000000,0.000022166,-0.000216936,-1.732150674,1.864468813,1.758134723,1.895462990,1.760810971
595,11899.991,1786878799566.405,13587384.340,0.000000000,-0.000002059,0.000309731,-1.736619711,1.821302295,1.755112052,1.847136736,1.756804585
596,11919.992,1786878799586.406,13587404.342,0.000000000,0.000003266,0.000833166,-1.737627625,1.809899330,1.754805565,1.829534531,1.755630732
597,11939.989,1786878799606.403,13587424.338,0.000000000,0.000008807,0.001651536,-1.735004306,1.824008584,1.756226301,1.834417105,1.756052971
598,11959.990,1786878799626.404,13587444.339,0.000000000,0.000062073,0.002347901,-1.728942990,1.860790014,1.758479595,1.860797644,1.757088304
599,11979.990,1786878799646.404,13587464.339,0.000000000,0.000093606,0.002994125,-1.721300483,1.909409165,1.761139274,1.893916130,1.758000731
600,11999.989,1786878799666.404,13587484.339,0.000000000,0.000031927,0.003049900,-1.714983582,1.947427273,1.762457490,1.921141744,1.758655310
601,12020.003,1786878799686.417,13587504.352,0.000000000,0.000023062,0.002546391,-1.710905075,1.962038636,1.760829091,1.937563062,1.757272720
602,12040.005,1786878799706.419,13587524.354,0.000000000,-0.000018447,0.001488099,-1.710400224,1.950207710,1.756586790,1.932626605,1.753956914
603,12060.004,1786878799726.418,13587544.353,0.000000000,-0.000123045,-0.000148720,-1.716016173,1.901992083,1.750213385,1.895453572,1.749771833
604,12080.003,1786878799746.417,13587564.352,0.000000000,-0.000112530,-0.000917830,-1.724792600,1.839614391,1.745639443,1.854069233,1.747218966
605,12099.999,1786878799766.414,13587584.348,0.000000000,-0.000060443,-0.001013279,-1.725498796,1.791263461,1.736164212,1.814697862,1.738925219
606,12119.995,1786878799786.409,13587604.344,0.000000000,-0.000016248,-0.000372796,-1.726025581,1.777057052,1.731761694,1.799663544,1.735064507
607,12139.999,1786878799806.413,13587624.348,0.000000000,-0.000009244,0.000210927,-1.722036481,1.777783394,1.725719094,1.793278933,1.729725718
608,12159.995,1786878799826.409,13587644.344,0.000000000,-0.000024960,0.000351065,-1.717910051,1.780561209,1.720887542,1.790483236,1.725329638
609,12179.992,1786878799846.406,13587664.341,0.000000000,0.000015183,0.000570321,-1.712010980,1.783236980,1.715047359,1.788639903,1.719135165
610,12199.990,1786878799866.404,13587684.339,0.000000000,0.000145764,0.001080348,-1.706429362,1.789675474,1.711179376,1.787328720,1.713400483
611,12219.990,1786878799886.404,13587704.339,0.000000000,0.000244624,0.001600489,-1.702977896,1.792056441,1.710920095,1.777464509,1.710766912
612,12239.993,1786878799906.407,13587724.342,0.000000000,0.000220837,0.001842404,-1.703057289,1.718973041,1.714114428,1.695923686,1.712342620
613,12259.993,1786878799926.407,13587744.342,0.000000000,0.000161389,0.001446632,-1.704440236,1.569498062,1.716393471,1.544414997,1.714147210
614,12279.991,1786878799946.405,13587764.340,0.000000000,0.000127028,0.001263216,-1.704360604,1.367496848,1.715571165,1.342761755,1.713582039
615,12299.991,1786878799966.406,13587784.341,0.000000000,-0.000006952,0.000740464,-1.704328775,1.132218719,1.713381052,1.114114285,1.712983966
616,12319.991,1786878799986.405,13587804.340,0.000000000,-0.000104818,-0.000535804,-1.708200336,0.875531435,1.713788867,0.874144852,1.715120792
617,12339.991,1786878800006.405,13587824.340,0.000000000,-0.000134827,-0.001467796,-1.716426492,0.627143264,1.718774199,0.648931861,1.720275640
618,12359.990,1786878800026.404,13587844.339,0.000000000,-0.000013237,-0.001474694,-1.724253535,0.419980228,1.725041270,0.454086632,1.724802613
619,12379.990,1786878800046.405,13587864.340,0.000000000,0.000075343,-0.000938441,-1.726946592,0.253800184,1.712152362,0.285611749,1.711603045
620,12399.988,1786878800066.403,13587884.338,0.000000000,0.000030298,-0.000600643,-1.689571738,0.148800701,1.646873474,0.175456583,1.648018837
621,12419.989,1786878800086.403,13587904.338,0.000000000,0.000000422,0.000006970,-1.570263743,0.037641220,1.501777649,0.056319404,1.504474759
622,12439.989,1786878800106.403,13587924.338,0.000000000,0.000078345,0.000876729,-1.397570968,0.008914167,1.315181732,0.010041053,1.316954017
623,12459.990,1786878800126.404,13587944.339,0.000000000,0.000255410,0.001907264,-1.195877194,0.007603085,1.108482718,0.006713868,1.108784199
624,12479.988,1786878800146.403,13587964.337,0.000000000,0.000220253,0.001840552,-0.987253666,0.007488500,0.900758743,0.006938407,0.899545372
625,12499.992,1786878800166.406,13587984.341,0.000000000,0.000206045,0.001249989,-0.782639682,0.006817546,0.701246083,0.006463919,0.698148966
626,12519.995,1786878800186.409,13588004.344,0.000000000,0.000130220,0.001094028,-0.588851988,0.006553606,0.514332831,0.006027085,0.512250245
627,12539.991,1786878800206.406,13588024.341,0.000000000,0.000056114,0.001313946,-0.415900677,0.006754381,0.350195646,0.006106268,0.349570394
628,12559.993,1786878800226.407,13588044.342,0.000000000,-0.000129552,0.000505895,-0.269131690,0.005703191,0.213630825,0.005699550,0.214148149
629,12579.991,1786878800246.405,13588064.340,0.000000000,-0.000260921,-0.001046256,-0.151174635,0.004251428,0.106448807,0.005121559,0.107616819
630,12599.991,1786878800266.406,13588084.341,0.000000000,-0.000244794,-0.001976750,-0.062409755,0.004212190,0.028333614,0.005344351,0.028162692
631,12619.992,1786878800286.406,13588104.341,0.000000000,-0.000044000,-0.001875039,-0.012750211,0.004995344,0.008989831,0.005565072,0.008865654
632,12639.994,1786878800306.408,13588124.343,0.000000000,0.000056398,-0.001023881,-0.007343960,0.005548202,0.006990105,0.005588061,0.007012357
633,12659.990,1786878800326.404,13588144.339,0.000000000,0.000061325,-0.000286736,-0.006573635,0.005669571,0.006419864,0.005358406,0.006576679
634,12679.992,1786878800346.406,13588164.341,0.000000000,0.000101056,0.001220421,-0.006223776,0.006557498,0.006153318,0.005847483,0.006268450
635,12699.988,1786878800366.403,13588184.338,0.000000000,0.000206669,0.003015867,-0.006280840,0.008541275,0.006191221,0.006929195,0.006368356
636,12719.989,1786878800386.403,13588204.338,0.000000000,0.000071681,0.003878844,-0.006354490,0.008908300,0.006404204,0.008545228,0.006276179
637,12739.990,1786878800406.405,13588224.339,0.000000000,0.000152282,0.003431560,-0.006283351,0.008310610,0.006335578,0.008202829,0.006200321
638,12759.990,1786878800426.404,13588244.339,0.000000000,0.000177972,0.003571299,-0.006243998,0.008673972,0.006179499,0.007958913,0.006272586
639,12779.988,1786878800446.402,13588264.337,0.000000000,0.000008139,0.003525061,-0.006563935,0.009271435,0.006466056,0.008518339,0.006585162
640,12799.989,1786878800466.403,13588284.338,0.000000000,-0.000220933,0.000838059,-0.006331852,0.005745087,0.006310568,0.006057085,0.006371282
641,12819.992,1786878800486.406,13588304.341,0.000000000,-0.000349427,-0.002180062,-0.006203547,0.002200262,0.006217102,0.003084058,0.006349371
642,12839.996,1786878800506.410,13588324.345,0.000000000,-0.000263642,-0.003002075,-0.006631071,0.002095409,0.006722468,0.003181603,0.006710173
643,12859.992,1786878800526.406,13588344.342,0.000000000,-0.000148693,-0.002853809,-0.007452487,0.004036558,0.007595758,0.005016000,0.007353521
644,12879.992,1786878800546.406,13588364.342,0.000000000,-0.000032943,-0.001410642,-0.007700229,0.006455745,0.007767173,0.006919238,0.007530663
645,12899.991,1786878800566.405,13588384.340,0.000000000,-0.000034777,0.000965205,-0.007415887,0.008581985,0.007320749,0.008715912,0.007309579
646,12919.992,1786878800586.406,13588404.341,0.000000000,0.000019524,0.001255493,-0.006611030,0.007357419,0.006508176,0.007364458,0.006592349
647,12939.989,1786878800606.403,13588424.338,0.000000000,0.000130779,0.001011418,-0.005895261,0.006065274,0.005778732,0.005101543,0.006016876
648,12959.991,1786878800626.405,13588444.340,0.000000000,-0.000105121,0.001979024,-0.005430986,0.006063987,0.005303364,0.004770676,0.005655701
649,12979.992,1786878800646.406,13588464.341,0.000000000,-0.000512007,0.003406473,-0.004940647,0.005878510,0.004858563,0.005457570,0.005222491
650,12999.990,1786878800666.404,13588484.339,0.000000000,-0.000480991,0.001742238,-0.004756273,0.003124360,0.004948147,0.004257514,0.004904720
651,13019.990,1786878800686.405,13588504.339,0.000000000,-0.000038192,-0.001690674,-0.005154280,0.000654197,0.005465048,0.001668701,0.005218796
652,13039.989,1786878800706.403,13588524.338,0.000000000,0.000193117,-0.002966373,-0.005680344,0.000764599,0.005949509,0.000958680,0.005730902
653,13059.992,1786878800726.406,13588544.341,0.000000000,0.000192583,-0.000099217,-0.006427535,0.005297336,0.006572663,0.004829904,0.006404846
654,13079.991,1786878800746.406,13588564.341,0.000000000,0.000236288,-0.001682764,-0.006657340,0.004178504,0.006762306,0.004169312,0.006645177
655,13099.991,1786878800766.405,13588584.340,0.000000000,0.000300464,-0.002059576,-0.006607422,0.003875158,0.006632594,0.003782139,0.006668211
656,13119.993,1786878800786.407,13588604.342,0.000000000,0.000381011,-0.000913830,-0.006212767,0.004207838,0.006255620,0.003902608,0.006314047
657,13139.995,1786878800806.409,13588624.344,0.000000000,0.000720293,0.132633358,-0.006958464,0.223327279,0.006630387,0.143186316,0.006743273
658,13159.992,1786878800826.406,13588644.341,0.000000000,-0.000028428,0.146570444,-0.007101991,0.295741647,0.006957675,0.209498689,0.007062660
659,13179.991,1786878800846.405,13588664.340,0.000000000,0.000508410,0.013482062,-0.006281812,0.079815768,0.006884000,0.051275846,0.006148611
660,13199.991,1786878800866.405,13588684.340,0.000000000,0.000591358,-0.006184513,-0.006655579,0.002589675,0.007234786,0.000094174,0.006759508
661,13219.991,1786878800886.405,13588704.340,0.000000000,0.000348486,-0.008680112,-0.007093525,-0.002928021,0.007458618,-0.003646770,0.007336837
662,13239.991,1786878800906.405,13588724.340,0.000000000,0.000163165,-0.007148801,-0.007178036,-0.001320590,0.007409134,-0.001349965,0.007390161
663,13259.992,1786878800926.406,13588744.341,0.000000000,0.000263544,-0.007177154,-0.006842155,-0.001364503,0.007076581,-0.001519296,0.006988022
664,13279.990,1786878800946.404,13588764.339,0.000000000,0.000208906,-0.007380935,-0.006722509,-0.000968775,0.006792538,-0.001579046,0.006934991
665,13299.991,1786878800966.405,13588784.340,0.000000000,0.000392021,-0.010372193,-0.005759609,0.004025501,0.006072038,-0.002981122,0.005865093
666,13319.994,1786878800986.408,13588804.343,0.000000000,-0.000201214,-0.047141016,-0.005629804,-0.006480735,0.005579544,-0.007173499,0.006136884
667,13339.995,1786878801006.409,13588824.344,0.000000000,-0.000545686,-0.031495415,-0.005389548,-0.007083131,0.005343721,-0.006339438,0.005867556
668,13359.993,1786878801026.407,13588844.342,0.000000000,-0.000887138,-0.010084908,-0.005392325,-0.005585634,0.005320354,-0.003959358,0.005800704
669,13379.993,1786878801046.406,13588864.342,0.000000000,-0.000969346,-0.006554484,-0.005413136,-0.003913215,0.005405632,-0.001796168,0.005675876
670,13399.998,1786878801066.413,13588884.348,0.000000000,-0.000862732,-0.005421704,-0.005407015,-0.002811420,0.005410943,-0.000898419,0.005624409
671,13419.993,1786878801086.407,13588904.342,0.000000000,0.000000000,0.000000000,0.000000000,0.000000000,0.000000000,0.000000000,0.000000000
672,13439.992,1786878801106.406,13588924.341,0.000000000,0.001606343,0.026456352,-0.574385643,0.675997853,0.610334158,0.453550369,0.577123046
673,13459.992,1786878801126.406,13588944.341,0.000000000,0.000828606,-0.004568641,-0.917951763,1.000603557,0.919735491,0.746553421,0.881704092
674,13479.992,1786878801146.406,13588964.341,0.000000000,-0.000358277,-0.003025432,-1.160087466,1.399504542,1.174117327,1.231408358,1.148809552
675,13499.989,1786878801166.404,13588984.338,0.000000000,-0.001055694,0.002818579,-1.313225865,1.726044178,1.368057370,1.662173152,1.358207703
676,13519.990,1786878801186.404,13589004.339,0.000000000,-0.001489978,0.004709402,-1.413727164,2.068800211,1.527819514,2.112852573,1.534050584
677,13539.991,1786878801206.405,13589024.340,0.000000000,-0.001155885,0.001476902,-1.488562703,2.316017866,1.644190073,2.482512236,1.668510318
678,13559.989,1786878801226.403,13589044.338,0.000000000,-0.000260680,-0.003747976,-1.562911153,2.287516832,1.692704082,2.462841511,1.717800736
679,13579.989,1786878801246.403,13589064.338,0.000000000,0.000048670,-0.004353445,-1.625380039,2.092971087,1.698647618,2.201884985,1.713704467
680,13599.989,1786878801266.403,13589084.338,0.000000000,-0.000110006,-0.003917298,-1.670735478,1.882843614,1.692308903,1.955621481,1.702471137
681,13619.991,1786878801286.405,13589104.340,0.000000000,-0.000270507,-0.006572699,-1.711068392,1.683539748,1.679761410,1.756866336,1.690766454
682,13639.993,1786878801306.407,13589124.342,0.000000000,-0.000190570,-0.007986691,-1.744040847,1.556577682,1.672491193,1.620121598,1.682456017
683,13659.992,1786878801326.406,13589144.341,0.000000000,-0.000101218,-0.008669529,-1.762756467,1.527242064,1.673835874,1.574445963,1.681301951
684,13679.988,1786878801346.403,13589164.337,0.000000000,0.000006022,-0.007773668,-1.776420832,1.559786797,1.684145927,1.587466955,1.688210130
685,13699.989,1786878801366.403,13589184.338,0.000000000,0.000027337,-0.004987571,-1.779304147,1.633085132,1.698712230,1.650240064,1.700828671
686,13719.993,1786878801386.408,13589204.342,0.000000000,-0.000022568,-0.001646912,-1.768880129,1.766007304,1.721271634,1.771737933,1.721857786
687,13739.993,1786878801406.408,13589224.342,0.000000000,-0.000045450,0.001339220,-1.752375245,1.907616973,1.745018363,1.888540506,1.742766738
688,13759.994,1786878801426.408,13589244.343,0.000000000,-0.000110674,0.003371727,-1.735490322,2.012045622,1.763683677,1.979638934,1.760341644
689,13779.993,1786878801446.408,13589264.342,0.000000000,-0.000135517,0.004708278,-1.719500780,2.086992264,1.778193355,2.062180996,1.776211381
690,13799.993,1786878801466.408,13589284.342,0.000000000,-0.000137729,0.004736414,-1.707777143,2.126871586,1.787032247,2.122631311,1.787728548
691,13819.994,1786878801486.408,13589304.343,0.000000000,-0.000112379,0.003828124,-1.702690601,2.126902103,1.789377570,2.138769865,1.791889548
692,13839.994,1786878801506.408,13589324.343,0.000000000,-0.000083027,0.002761298,-1.702502012,2.105920792,1.787510872,2.118973255,1.789934158
693,13859.992,1786878801526.406,13589344.341,0.000000000,-0.000030617,0.001742046,-1.705659509,2.069098234,1.782486081,2.079539299,1.784142017
694,13879.991,1786878801546.405,13589364.340,0.000000000,-0.000000986,0.001292078,-1.709181428,2.034094095,1.777176023,2.038670778,1.777699471
695,13899.991,1786878801566.405,13589384.340,0.000000000,-0.000003320,0.000836867,-1.712368250,2.002845526,1.771259665,2.001754045,1.771085382
696,13919.994,1786878801586.409,13589404.344,0.000000000,-0.000001280,0.000801942,-1.714881539,1.975111246,1.765978575,1.971336484,1.765529990
697,13939.990,1786878801606.405,13589424.340,0.000000000,0.000005216,0.001053705,-1.716218352,1.958565593,1.763198614,1.953523636,1.762625933
698,13959.989,1786878801626.404,13589444.339,0.000000000,0.000016956,0.001102656,-1.718065500,1.938258171,1.760374904,1.931393981,1.759576321
699,13979.991,1786878801646.405,13589464.340,0.000000000,0.000013908,0.001025134,-1.720137239,1.917298555,1.757829905,1.911408067,1.757102728
700,13999.991,1786878801666.406,13589484.341,0.000000000,0.000010010,0.000940481,-1.722065806,1.897872686,1.755379796,1.893962502,1.754897594
701,14019.990,1786878801686.404,13589504.339,0.000000000,0.000021565,0.000878385,-1.723059416,1.882560253,1.752666831,1.880837917,1.752403617
702,14039.991,1786878801706.405,13589524.340,0.000000000,0.000040788,0.000809748,-1.723273635,1.870183706,1.749689221,1.870442033,1.749565244
703,14059.991,1786878801726.405,13589544.340,0.000000000,0.000064492,0.000707014,-1.722769737,1.860172153,1.746250629,1.860077143,1.746080995
704,14079.990,1786878801746.404,13589564.339,0.000000000,0.000075369,0.000590831,-1.721802235,1.850215793,1.742102027,1.847804904,1.741940618
705,14099.987,1786878801766.402,13589584.337,0.000000000,0.000081837,0.000476483,-1.720687985,1.840397358,1.737877727,1.834365368,1.737771988
706,14119.988,1786878801786.402,13589604.337,0.000000000,0.000080357,0.000401721,-1.719953895,1.829254985,1.734259605,1.821063757,1.734103799
707,14139.989,1786878801806.404,13589624.339,0.000000000,0.000076352,0.000218024,-1.719412923,1.815021634,1.730639577,1.806642771,1.730524659
708,14159.987,1786878801826.401,13589644.336,0.000000000,0.000070125,0.000056460,-1.718861818,1.798820972,1.726960778,1.791275620,1.727061510
709,14179.989,1786878801846.404,13589664.338,0.000000000,0.000068804,-0.000174166,-1.718622565,1.757743955,1.724392533,1.753999591,1.724668264
710,14199.989,1786878801866.403,13589684.338,0.000000000,0.000071859,-0.000381165,-1.718245149,1.630151033,1.721462846,1.631960630,1.721735835
711,14219.992,1786878801886.406,13589704.342,0.000000000,0.000071169,-0.000559992,-1.717816591,1.445218086,1.718910933,1.452772617,1.719055772
712,14240.039,1786878801906.453,13589724.388,0.000000000,0.000079673,-0.000742100,-1.717576265,1.228559256,1.716988325,1.240883470,1.716857314
713,14260.033,1786878801926.447,13589744.382,0.000000000,0.000080809,-0.000816899,-1.717708945,1.002135515,1.715711951,1.016789198,1.715559721
714,14280.037,1786878801946.451,13589764.386,0.000000000,0.000091102,-0.000695355,-1.717874050,0.784903944,1.715111136,0.799016297,1.715144515
715,14300.038,1786878801966.452,13589784.387,0.000000000,0.000156983,-0.000343441,-1.717518091,0.588823557,1.715020776,0.598201752,1.714709759
716,14320.037,1786878801986.451,13589804.386,0.000000000,0.000247359,0.000198501,-1.716639519,0.463958383,1.715381622,0.464492708,1.714249969
717,14340.020,1786878802006.434,13589824.369,0.000000000,0.000188950,0.000582906,-1.716505527,0.321981549,1.716497898,0.314558953,1.715190291
718,14360.026,1786878802026.440,13589844.375,0.000000000,0.000099424,0.000908697,-1.715892196,0.203430861,1.713019967,0.193295658,1.712937832
719,14380.003,1786878802046.417,13589864.352,0.000000000,0.000036340,0.000771604,-1.696857333,0.099974088,1.643066883,0.090455323,1.644924164
720,14399.998,1786878802066.412,13589884.347,0.000000000,-0.000032645,-0.000047782,-1.602208495,0.018620761,1.507974267,0.016851004,1.510872602
721,14419.993,1786878802086.408,13589904.343,0.000000000,-0.000051939,-0.000877865,-1.452608466,0.006367992,1.333580136,0.006980766,1.335262656
