index,time_ms,time_realtime_ms,time_monotonic_ms,ros_timestamp,dq_0,dq_1,dq_2,dq_3,dq_4,dq_5,dq_6,dq_7,dq_8,dq_9,dq_10,dq_11,dq_12,dq_13,dq_14,dq_15,dq_16,dq_17,dq_18,dq_19,dq_20,dq_21,dq_22,dq_23,dq_24,dq_25,dq_26,dq_27,dq_28
0,0.000,1786878695571.482,13483389.417,0.000000000,-0.790957212,0.143855125,-0.138627425,-0.029285118,-0.044414341,0.001331166,-0.827066243,0.142578900,-0.146759838,-0.042259078,-0.043250017,0.001317431,-0.034812097,0.948393941,-2.312371492,1.049574494,-0.486938685,-0.463105708,-0.003817421,0.014667541,0.007784455,-0.170334265,1.248223424,-0.607151330,-0.009999650,-0.264884830,-0.003067576,-0.032014295,-0.000937880
1,19.988,1786878695591.471,13483409.406,0.000000000,-2.363554239,-0.348163307,-3.907230854,1.200707793,2.047873020,-0.422040492,-2.715361834,0.085431531,-1.410899162,5.275322914,1.535471678,0.238050491,-0.230951563,1.688590169,-3.761241436,1.733596444,-0.634101987,-0.821567178,-0.621322751,1.632347822,0.254670411,-0.076872066,1.590404510,-0.854063511,0.032215882,-0.569694221,-0.679700792,0.622924805,-0.298366159
2,39.990,1786878695611.472,13483429.407,0.000000000,-2.294070005,-0.320639342,-6.776522636,2.060380220,-0.727136314,-0.211617172,-0.862821758,0.201576382,-0.998320937,5.008860111,0.766054988,-0.368172050,0.158732146,1.982837439,-3.418106079,2.140676022,-0.364455760,-1.418787479,-1.653012991,1.971345782,0.374561608,0.005907945,1.402021885,-0.677046597,-0.266056240,-1.155711889,-1.298374414,1.479056358,-0.346043646
3,59.988,1786878695631.471,13483449.406,0.000000000,-2.555706501,0.647508979,-3.963744402,0.109522961,-3.125891209,-0.990666509,0.606618941,-0.061192703,0.890691042,3.814086676,-0.782951236,-0.920390487,0.390485883,1.407204509,-3.981271982,3.005748510,-0.293579102,-1.453106880,-2.737274408,1.026050329,0.216440469,0.022822782,1.616877913,-0.412991822,-0.795444250,-3.273330927,-1.889612317,2.461809158,-0.016425919
4,79.987,1786878695651.470,13483469.405,0.000000000,-2.219707966,3.682553291,2.584906340,-1.889289021,-1.907855392,0.742379606,2.162951708,-0.046977859,-0.009300795,2.513586998,-2.287975788,0.239115298,0.353619695,2.305349827,-3.732691050,3.657922506,-0.739268124,-1.415583849,-3.166555405,0.107429616,0.025679357,0.084230974,1.318403006,-0.665251672,-1.527943850,-6.130649567,-2.582799911,2.755694389,0.559563339
5,99.993,1786878695671.476,13483489.411,0.000000000,0.251912534,3.070438862,2.692648888,-2.182543278,-2.701326609,0.156790435,3.062267303,-0.215205729,0.137218639,1.474349260,-1.088957071,0.627297103,1.048214197,2.762814283,-2.337483644,3.649291277,-1.129954338,-1.514327288,-3.425233841,-0.563417852,0.047014788,0.075640142,-0.087545514,-1.271885753,-1.278680205,-7.282427788,-2.121501684,1.409981012,0.245368645
6,120.029,1786878695691.511,13483509.447,0.000000000,2.324023247,1.549254656,1.455489397,-2.052866220,-2.800886869,-0.020518480,3.593107939,-1.246629119,-0.433897167,-0.288666695,0.006273188,0.687235236,0.462361634,2.444024086,-0.427701473,3.183817148,-1.173869729,-1.211959600,-3.706354141,-0.895228028,-0.007552648,0.047507789,-2.471363068,-1.817522764,0.231635049,-6.067319870,-1.478705049,-0.970552981,-0.361789376
7,139.995,1786878695711.477,13483529.412,0.000000000,2.906160831,0.121316075,0.612758040,-1.363803625,-0.693488419,-0.282149941,4.146202087,-2.413902521,-1.483724594,-1.755414486,1.446289659,0.898130953,-0.758582175,1.520685196,1.307490468,2.297719002,-0.817809224,-0.954911828,-3.879293203,-0.541673481,-0.145140305,0.098532267,-4.136487484,-1.892894030,1.655298352,-4.326071739,-1.427480340,-2.554861784,-0.837752104
8,160.030,1786878695731.512,13483549.447,0.000000000,-0.686648250,-3.380173922,-0.220921904,4.585873127,9.279640198,-3.977363586,3.843744993,-4.703755856,-1.387198448,-2.803077459,2.202352762,0.771510541,-1.762122989,-2.676313639,3.587741375,-0.203588888,0.740506828,-0.268149495,-3.271015167,-0.081955388,-0.659753621,0.301775873,-5.666676998,-0.096143484,2.488540173,-1.304408908,-1.605815768,-3.841391325,-0.990040362
9,180.024,1786878695751.507,13483569.442,0.000000000,-2.558974981,-3.021868467,2.037554264,9.033517838,-1.077140093,-0.314247608,1.747796535,-4.330353260,-0.316451162,-3.587742090,-1.637052894,0.277021080,-0.355655462,-4.904644012,3.624516487,-1.799174547,1.868891358,0.382939994,-1.922587752,0.450834304,-0.926532686,0.488330632,-5.063582897,1.500945568,2.805728436,0.405164689,-1.778490067,-3.566870451,-0.297242254
10,200.058,1786878695771.540,13483589.475,0.000000000,-4.410977364,-1.277107120,-0.109563798,7.461502075,-3.728851318,-0.942554295,-1.358089328,-1.257788777,0.359848619,2.804985762,-8.783430099,0.204309911,-1.464582205,-2.759289503,0.949258208,-2.137074947,1.795672059,0.454446584,-0.997002423,1.569856048,-0.112974033,0.328826994,-2.451583385,1.887342453,2.463464975,0.053231936,-1.226207495,-2.295481443,0.647199392
11,219.992,1786878695791.474,13483609.409,0.000000000,-4.565202236,0.817777991,-2.188588142,4.913695335,-2.259132624,-1.714179039,-2.624900103,1.731337309,-0.030047731,3.738050938,-5.538263321,0.389574796,-0.510035217,0.513921380,-0.482211679,-2.670109749,1.303071380,-0.424931169,-1.090805888,2.557384729,1.102888823,0.314730227,1.119896531,1.388989687,1.195766449,-1.633207679,-1.359579444,-0.730866015,1.334466219
12,240.021,1786878695811.503,13483629.438,0.000000000,-2.829348803,1.828241706,-2.951599360,3.040505886,-1.323283911,-1.641439915,-1.476276755,3.139029980,-0.504723430,1.998215318,-1.332833886,0.933708429,0.940151513,2.386656523,0.007072367,-2.302990675,0.463530183,-0.892866910,-1.898341656,2.812908649,0.448065728,0.759606659,2.927692413,0.533774853,0.427046269,-2.514339685,-2.469017744,-0.091001950,1.676856756
13,260.053,1786878695831.535,13483649.470,0.000000000,-2.948948622,0.883619964,-3.111544132,3.094914436,0.426666081,-0.872105300,-1.551572800,2.164221048,-0.938903451,1.238111854,0.212116659,1.242336750,1.389650702,2.743798733,-1.331086874,-0.855496049,-0.346266299,-0.914159298,-2.021459341,2.256176949,-1.199263096,1.392176032,3.629593372,-0.164775774,0.098541923,-2.209590197,-3.486164093,-0.344088793,1.883468866
14,279.991,1786878695851.473,13483669.408,0.000000000,-1.335451245,0.137686968,-1.705015421,3.226291895,2.325687408,-0.337168515,-0.660706520,1.077383876,0.546545208,1.203064799,0.380055785,0.029512413,1.791075706,1.964820504,-0.606047451,0.069289327,-0.552127481,-0.426800489,-1.822132945,1.531722069,-2.240272045,2.035691500,2.777882814,-0.423726588,-0.184356719,-1.396374106,-3.662111998,-0.762713432,2.064294100
15,299.987,1786878695871.469,13483689.404,0.000000000,0.212798253,-0.193233445,-0.285535693,2.093773603,3.062116861,-0.075215124,-0.230311498,0.195694655,1.634015799,1.208081007,0.933458209,-0.101887830,1.203823328,1.249968648,-0.242550984,0.817288935,-0.268887728,-0.051447738,-1.276557446,0.933500230,-2.536976576,2.492592812,1.747336745,-0.504757226,-0.305568546,-0.532683074,-3.255784988,-1.058463097,2.016948462
16,320.029,1786878695891.512,13483709.447,0.000000000,1.009197235,-0.269638360,0.528907418,1.137557626,3.291736364,0.913427949,0.034048468,-0.122439392,1.967087030,1.097033858,1.778299212,-0.027108477,0.504449427,0.817254066,0.063899554,0.788378179,0.155613244,-0.005030658,-0.247289434,0.389306605,-2.708816051,2.350800276,1.057978272,-0.686444819,-0.341719240,-0.039733846,-2.485881329,-1.067688346,1.150800109
17,339.988,1786878695911.470,13483729.405,0.000000000,0.725465059,-0.006024931,1.395850420,1.921591759,4.836699009,2.993575811,-0.033134405,-0.209275573,2.049242735,1.825687647,3.006166935,0.056825969,0.893841565,0.325572699,0.557170987,0.078090765,0.576874673,-0.330791950,0.482563317,0.178375006,-2.470292091,1.668530345,0.737674832,-0.938225746,-0.480214238,0.287973374,-1.594884992,-0.924957752,-0.090280332
18,360.024,1786878695931.506,13483749.441,0.000000000,0.629088998,-0.864511728,2.140174866,-1.080653310,-3.242505550,2.928781509,-0.617285967,-0.657078385,1.703108907,2.724761248,4.351160049,0.203743905,1.049774051,-0.933235347,0.452143550,-1.007705808,1.052717566,-0.751466811,1.374160886,0.225241229,-2.279838562,1.018460035,0.729726374,-1.011277676,-0.413907230,0.878870785,-0.356194854,-0.630590677,-1.140540838
19,380.025,1786878695951.507,13483769.442,0.000000000,0.251179516,-0.740508497,1.695580363,-4.979292870,-2.338054180,1.586763978,-0.947924674,0.222446918,0.688780427,3.263888597,6.723948002,0.259441286,0.543065250,-0.825443745,0.650477707,-1.711069703,1.172259808,-1.231752038,1.719338298,0.045007497,-1.772226334,0.951636434,0.435255617,-1.140715837,-0.164676428,1.088183522,-0.282189488,-0.505735695,-1.486050010
20,400.025,1786878695971.507,13483789.442,0.000000000,0.208625570,0.014140249,0.126772389,-6.791609287,-0.238017440,0.501994669,-1.558120608,0.822335005,-1.109977484,3.058194160,7.297552586,0.036397368,-0.108445093,-0.181041002,0.344079375,-1.095656276,1.030423284,-1.219429374,1.170899510,0.002815508,-1.257781863,1.246037364,-0.104418680,-1.094300508,0.211333975,0.801681101,-0.096035570,-0.846837699,-1.003305435
21,420.025,1786878695991.507,13483809.442,0.000000000,0.075390533,0.143779173,-1.290013313,-5.159808636,1.559041500,0.121607028,-2.778020144,0.172050849,-1.306950331,4.591930866,-11.359231949,-1.472283483,-0.413644552,0.008767664,-0.040357608,0.064761758,0.705937088,-0.714532375,0.607390106,0.008923223,-1.325176358,1.591900945,-0.754818738,-1.221019506,0.709726453,0.297898501,-0.017074272,-1.296961188,-0.703326225
22,440.026,1786878696011.509,13483829.444,0.000000000,0.467790514,0.735415161,-2.887388945,-1.330044627,5.639882088,-4.032783031,-2.737636805,-0.517935634,-1.332988977,1.125410318,-8.806179047,-1.589815140,-0.815219820,0.957842588,0.120881818,1.072662592,0.091283023,-0.194796890,0.326989263,0.353125930,-0.994007826,1.326460242,-1.337805033,-1.331611276,0.959704518,-0.006855427,-0.001119984,-1.760553002,-0.896278322
23,460.024,1786878696031.506,13483849.441,0.000000000,0.994399726,0.357218087,-1.100969791,0.072587654,-3.075037003,-2.999004602,-2.897440672,-2.102628231,-0.329111636,-2.469064474,-4.786535263,-1.346267343,-1.339240432,-0.393296838,0.185052350,1.251546621,0.154242441,0.453423470,0.555401921,0.860700667,-0.747828126,0.860899031,-1.560845852,-0.201173604,1.116198897,0.542403936,-0.291347533,-1.636881471,-1.252070308
24,480.029,1786878696051.511,13483869.446,0.000000000,-0.223172933,-0.733988762,-1.531276584,0.384316802,-2.067107916,-2.432548523,-2.979099512,-2.511915922,0.179192513,-3.545343399,-2.566503525,-0.631966650,-2.412229061,-0.663268089,-0.606710374,1.089720130,0.128495947,0.581167877,0.587433577,1.270754814,-0.309833020,0.494689226,-0.833141506,0.491940588,0.963236570,0.406915337,-1.102532864,-1.252851725,-1.405352712
25,500.079,1786878696071.561,13483889.496,0.000000000,-0.776675761,-0.452013761,-0.808054924,1.893252850,-1.423184633,-0.512209654,-1.913639188,-1.914922953,1.299135804,-2.515899897,-2.200260878,-0.051725108,-1.820117235,-0.281174719,-0.143354654,0.288420796,0.098242640,0.211480081,0.402138710,0.725935400,-0.267143488,0.403014779,-0.132496893,0.600767612,0.398128361,-0.033554114,-1.695635796,-0.888435483,-1.283449650
26,520.026,1786878696091.508,13483909.443,0.000000000,-0.628519952,0.178195968,-0.041730791,2.746839762,-1.148024797,0.232198134,-1.196539640,-1.133870840,0.799111068,0.328011811,3.592647552,1.251382113,-0.362439662,-0.298197269,0.391898721,-0.265658796,0.143064782,0.019000219,-0.021539988,0.144205570,-0.427398741,0.582170546,0.049374714,0.369956911,0.263449758,-0.003951269,-1.628976464,-0.352102906,-1.008670568
27,540.025,1786878696111.508,13483929.442,0.000000000,-0.350434691,0.954376757,-0.627360880,2.604882956,-0.842989326,0.922238886,0.237889737,0.711684108,-0.601912498,2.167801857,-2.445467472,0.937473536,0.440902352,0.905674994,0.880782843,-0.954821765,-0.436832666,-0.252785265,0.325202733,0.155583814,-0.525074959,0.828975797,0.002759225,-0.352746248,0.097562246,0.519067109,-1.056811690,0.097566664,-0.716767251
28,560.023,1786878696131.506,13483949.441,0.000000000,-0.390085340,0.692443013,-0.232599720,1.636955261,0.183872163,0.823191881,-0.219181016,0.705949008,-0.087883443,1.575671434,-1.927206039,0.156871960,1.333882689,0.282962024,0.157209128,-0.976790905,-0.251724780,-0.447374642,0.148134768,0.507931650,-0.567755818,1.000142336,0.115037955,-0.539355874,0.138197914,0.876311719,-0.551191747,0.635988653,-0.272542417
29,579.988,1786878696151.471,13483969.406,0.000000000,-0.295035332,0.399084836,-0.014357044,1.357079029,1.419390202,0.974496305,0.067102537,0.723371506,0.236046031,0.805525184,-1.260214210,-0.030622246,1.651024699,-0.219722107,0.112127401,-0.963051021,0.051052779,-0.501592100,-0.063621007,0.366875082,-0.776031554,0.914677322,0.060483385,-0.574928701,0.139832452,0.812235594,-0.276288986,0.942745924,0.038829073
30,599.999,1786878696171.481,13483989.416,0.000000000,0.002050051,0.246688262,-0.004695180,1.236887097,1.839341879,1.285648823,0.711878717,0.959928691,0.413878232,0.264199883,-0.671578944,-0.187447786,1.616785645,-0.345434070,0.432106286,-0.967801630,0.286167532,-0.520174265,-0.029131373,-0.066563785,-1.200520277,0.779827952,-0.001389197,-0.614209712,0.074465089,0.466058969,-0.034354307,0.981298387,0.216229811
31,619.998,1786878696191.481,13484009.416,0.000000000,-0.577010989,-0.407551348,0.571255267,0.199028507,-0.845384777,0.526414156,0.814712584,1.044547439,0.483312517,-0.037791777,-0.317553878,-0.267353803,0.832592368,-0.485324770,0.025937796,-0.725440562,0.550186992,-0.485144407,0.084781222,-0.544121206,-1.466101170,0.664350033,0.014461395,-0.549699187,0.041999172,0.270412177,0.006379687,0.700530052,0.195969075
32,640.001,1786878696211.483,13484029.418,0.000000000,-0.598149538,-0.534341395,1.107409000,-1.056708097,-0.793179572,0.376754493,0.765151381,1.386634231,0.464242876,0.405487299,0.732993782,-0.217708617,0.335773528,-0.282852143,0.167344406,-0.568570137,0.641862273,-0.337997854,0.093270168,-0.461768419,-1.432258844,0.719666660,-0.181410700,-0.571817696,0.035742223,0.203503937,-0.003258048,0.377148300,0.050189067
33,659.991,1786878696231.474,13484049.409,0.000000000,-0.468199164,-0.853180468,1.127823114,-1.593899965,-0.168554902,0.149306118,0.442737937,1.489204884,-0.107789010,1.249278307,2.502293348,-0.413662493,-0.065164037,0.129582807,0.347681612,-0.334826171,0.670585573,-0.279418260,0.021075049,-0.134288624,-1.113320589,0.775739074,-0.331958055,-0.661970556,0.000802675,0.076423757,-0.183285534,0.064833067,0.000612741
34,679.992,1786878696251.474,13484069.409,0.000000000,-0.146688700,-0.570164740,-0.079008795,-0.926286042,-1.428814650,0.458208799,-0.301467061,1.410817504,-0.954773724,2.342183828,4.729749680,-0.702506959,-0.037705448,0.478868932,0.451193064,-0.085060731,0.788309634,-0.403608263,-0.124167353,0.011042485,-0.793805897,0.915392518,-0.371497452,-0.507897496,-0.003815693,0.039300818,-0.397443831,-0.030610282,-0.000056951
35,700.001,1786878696271.484,13484089.418,0.000000000,1.155595660,-0.285752118,-1.593793750,-0.715258241,0.895838141,-1.675753593,-1.483290553,0.586718380,-1.015321136,3.924547195,7.359504223,-0.832233965,0.371344000,-0.365318090,0.930975616,0.085776083,1.276463747,-0.352192611,-0.411032200,0.446609497,-0.515984654,1.241350055,-0.589262128,0.214252681,-0.002369626,0.249727741,-0.661930501,-0.310439676,0.097460344
36,719.998,1786878696291.480,13484109.415,0.000000000,0.920896113,0.345926076,-2.010177612,-0.905842066,0.254625440,-2.157386541,-2.236395597,0.029345078,-1.071758032,1.721277714,-4.935550213,-1.755340099,-0.224951223,-0.086293206,0.072098330,0.935312569,0.922763288,-0.146891594,-0.285373658,0.537025630,-0.611360490,1.519428015,-0.725560248,0.409198850,0.192839846,0.250594288,-0.577261508,-0.813553393,0.369017184
37,739.998,1786878696311.480,13484129.415,0.000000000,0.240121424,-0.167726681,-2.072572231,-0.289241523,-0.096458711,-1.180747151,-3.106857061,-1.470672011,-0.505191088,-2.411440134,-5.711412430,-1.449988246,-1.060751319,0.012800584,-0.346947163,1.661891103,0.394785911,0.178250819,-0.478746980,0.487287343,-0.449538887,1.206496716,-0.972879112,0.281121135,0.302336186,-0.019308928,-0.530952334,-1.231000066,0.215825140
38,760.017,1786878696331.500,13484149.435,0.000000000,0.097494841,-0.287726045,-1.101357460,0.915767610,-0.276785851,-0.148685917,-2.533233404,-2.260046721,0.242288068,-4.471060276,-0.867557943,-1.361535907,-1.571706653,0.100784533,0.191176325,1.620448112,0.229727864,0.227070868,-0.565033019,0.204371870,-0.369757265,0.630053103,-0.999315321,0.249186024,0.175082013,-0.251637220,-0.634279966,-1.152127743,0.020308984
39,779.993,1786878696351.475,13484169.410,0.000000000,-0.177857026,0.069115110,0.386026502,1.681763053,-0.887806535,0.441486567,-2.079780579,-2.188271761,1.061689615,-3.870340586,4.876283646,-0.462227374,-1.385179520,-0.225715667,0.010736831,1.203896284,0.431326985,0.062495977,-0.478854269,0.028751187,-0.397268653,0.264656425,-0.413630724,0.493798494,0.041471913,-0.259154201,-0.596817553,-0.713116407,-0.084760509
40,799.993,1786878696371.476,13484189.411,0.000000000,-0.038383588,1.136660099,0.748157203,1.602501392,-1.441573143,0.298780888,-0.334467888,-0.758947968,-0.471263438,1.531250477,1.710672498,3.394384861,-0.974036634,0.250637203,0.098400079,0.245734081,0.275054365,-0.108248353,-0.017586136,-0.006696034,-0.224686876,0.143162146,0.102238774,0.544457793,-0.000221495,0.163996279,-0.302684724,-0.110365786,-0.088719055
41,819.992,1786878696391.474,13484209.409,0.000000000,0.267572999,1.172602534,0.642337501,0.302104354,-1.066950917,0.220912561,-0.043898094,0.381964982,-0.073261000,1.042871475,-1.025237918,1.361213088,0.654227555,-0.152439341,-0.305734545,-0.604756355,-0.021468768,-0.298990339,0.129295722,0.152106091,0.241716608,0.303867877,0.447597027,0.405134499,-0.088581733,0.437140554,-0.613782346,0.585963666,0.170541525
42,839.999,1786878696411.481,13484229.416,0.000000000,0.097036906,0.912678242,0.433307707,0.062856980,0.031326212,0.212238282,-0.035567839,0.621368945,-0.019702964,0.251780987,-0.855551898,0.315054476,1.314732790,-0.147492662,-0.297751039,-0.962378442,-0.278605253,-0.404032052,0.010226920,0.260095745,0.260247797,0.459812671,0.347597092,0.007605389,-0.204764783,0.376922518,-0.809980154,0.757877231,0.434252560
43,859.996,1786878696431.479,13484249.414,0.000000000,0.210309774,0.705099821,0.287721187,-0.030207355,0.693476200,0.517278969,0.407120824,0.565626383,-0.218295813,-0.259565324,-0.253726006,0.004002311,1.126766324,0.004390431,0.244700700,-0.972206414,-0.265716761,-0.383133978,-0.159257323,0.082124256,-0.035227116,0.489432275,0.033732314,-0.206437975,-0.290748060,0.099249408,-0.815490484,0.658689141,0.530413330
44,879.997,1786878696451.480,13484269.415,0.000000000,0.090578921,0.401794255,0.235670701,-0.129390761,0.632628083,0.654427469,0.591154456,0.359550297,-0.305688113,-0.420816094,0.056880865,-0.012068942,0.523098469,-0.003961161,0.428848058,-0.709893286,-0.032016620,-0.267731756,-0.229776993,0.005687818,-0.517397881,0.450169146,-0.187115610,-0.275702029,-0.229046717,-0.017607117,-0.458956480,0.326795965,0.419713855
45,899.989,1786878696471.472,13484289.407,0.000000000,0.040609829,0.180604368,0.571807206,-0.649371088,1.260790586,0.296817571,0.503972650,0.286371827,-0.198499024,-0.269971192,0.338577777,0.005620123,0.124056771,-0.067661755,0.411776930,-0.491068721,0.072580904,-0.170877129,-0.133709863,-0.204045057,-0.868638039,0.384171128,-0.294675857,-0.313640296,-0.087070987,-0.085713170,-0.338419050,0.223167568,0.310200065
46,919.990,1786878696491.472,13484309.407,0.000000000,-0.177156195,0.265512705,0.369308084,-0.597548783,0.674368083,0.400191844,0.504724085,0.378888577,-0.265458852,-0.294605762,0.275891989,-0.046759874,-0.170980096,0.033362225,0.249410063,-0.235164955,0.168975800,-0.102761537,-0.027105303,-0.294510424,-1.010272622,0.369108826,-0.278946131,-0.328080207,-0.013772290,-0.193591446,-0.363853455,0.074063972,0.188549817
47,939.996,1786878696511.479,13484329.413,0.000000000,-0.187041715,0.260375053,0.257904828,-0.530014098,0.650283992,0.053272557,0.449035406,0.333208561,-0.031522628,-0.479988873,-0.458350867,-0.289619952,-0.152434334,-0.291248739,-0.006857453,-0.035784926,0.360202312,-0.020927282,0.003773581,-0.167540267,-0.909415007,0.443432331,-0.182230949,-0.129981294,-0.000212562,-0.167791530,-0.231736019,-0.011827171,0.064654827
48,959.993,1786878696531.475,13484349.410,0.000000000,-0.296908617,0.208173558,0.318756223,-0.494812071,0.527287722,-0.112629563,0.519480169,0.356574297,0.142317459,-0.755295873,-1.397549391,-0.628157914,-0.185767561,-0.459522545,-0.177610993,0.046271626,0.502095461,-0.007314883,0.005060640,-0.034317311,-0.741172433,0.521506071,-0.127511397,-0.042283759,-0.000272301,-0.198833793,-0.160366654,-0.124413416,0.007156767
49,979.994,1786878696551.477,13484369.412,0.000000000,-0.062411100,0.345255584,0.325905979,-0.130566105,0.249722630,-0.090141177,0.338144094,0.078175940,-0.264879107,0.030081317,-0.374927521,0.110599183,-0.101594277,-0.276022673,0.244912997,0.012403426,0.422048360,-0.011336297,-0.020875176,-0.010065555,-0.524359047,0.520414174,-0.307193756,-0.181261793,-0.002288527,-0.249989957,-0.056348957,-0.201710790,0.001108028
50,999.991,1786878696571.474,13484389.409,0.000000000,-0.243335694,0.400435954,0.056619596,0.364971727,0.196180373,-0.020148117,0.151483610,0.298718780,-0.304992795,0.235037252,-0.195572868,-0.193843797,-0.004844204,0.012941535,0.196018085,0.070651032,0.259783119,-0.133343652,-0.005138521,-0.006338798,-0.321612924,0.528832614,-0.313777506,-0.270842105,-0.001370840,-0.235672504,-0.068709373,-0.153425172,0.000578491
51,1019.992,1786878696591.474,13484409.409,0.000000000,-0.261981964,0.280724883,-0.015361976,0.533403516,0.216314688,0.016286187,0.013194036,0.356517702,-0.087139450,0.278732449,-0.196741343,-0.117917217,0.082053185,-0.010066390,0.135302857,0.133689672,0.189319506,-0.224364609,-0.011454299,-0.003619255,-0.219369322,0.517907977,-0.252360523,-0.230739892,-0.002808830,-0.227526844,-0.102984093,-0.053627506,-0.001445780
52,1039.995,1786878696611.477,13484429.412,0.000000000,-0.322584003,0.140484571,-0.044817816,0.492439777,0.237774804,0.019587068,-0.085633904,0.260644406,-0.027734816,0.257194310,-0.208852723,-0.024471940,0.029061651,-0.044670999,0.026815452,0.165920600,0.151140064,-0.289523661,-0.046334535,-0.000513440,-0.171962127,0.492319316,-0.117383309,-0.184546024,-0.022606928,-0.259723246,-0.193009257,-0.008403172,-0.004131032
53,1059.991,1786878696631.473,13484449.408,0.000000000,-0.286589593,0.067246467,-0.026533335,0.351057321,0.170107171,0.015945638,-0.113778941,0.177138090,-0.006769825,0.224938929,-0.199974716,-0.000613691,0.000415443,-0.056280948,0.007842718,0.137988850,0.115512513,-0.288684845,-0.074024975,-0.001929301,-0.206507146,0.432903051,-0.012946401,-0.147848189,-0.051028252,-0.253387064,-0.211667120,-0.006265915,-0.015164256
54,1079.991,1786878696651.473,13484469.408,0.000000000,-0.263612777,0.015303649,-0.010866232,0.236957461,0.102469213,0.014678331,-0.135906845,0.111222066,-0.002901747,0.206940755,-0.186895862,0.004698335,-0.033370130,-0.056490574,0.009825768,0.110968098,0.085094519,-0.217556342,-0.095351838,-0.006554509,-0.282861322,0.372245133,0.001656567,-0.138713449,-0.033717979,-0.176438689,-0.185899317,-0.026385348,-0.046521936
55,1099.990,1786878696671.472,13484489.407,0.000000000,-0.203884706,0.000909497,-0.003216499,0.142828360,0.026121495,0.015848065,-0.119218312,0.091879807,0.003867068,0.178230971,-0.166555449,0.010343445,-0.028635737,-0.040574491,0.059390511,0.078422315,0.055796482,-0.108751111,-0.112619609,-0.003734410,-0.331782371,0.319692880,0.000819293,-0.128696531,-0.032281604,-0.115228802,-0.158717588,-0.037288908,-0.055355124
56,1119.990,1786878696691.473,13484509.408,0.000000000,-0.225486994,-0.004881312,-0.003467694,0.121168561,0.014069906,0.013438884,-0.142831653,0.087579861,0.004449753,0.160955057,-0.152938023,0.015117157,-0.030247670,-0.028052764,0.052271247,0.075348876,0.041335721,-0.027699202,-0.112651415,-0.003639350,-0.368355572,0.308205962,-0.000722862,-0.119468942,-0.030324031,-0.079667963,-0.171303585,-0.042350702,-0.043555830
57,1139.990,1786878696711.472,13484529.407,0.000000000,-0.187263206,-0.035670735,-0.015347608,0.102059364,0.011960970,0.009766560,-0.114790961,0.067843586,0.000126582,0.156084761,-0.129254609,-0.037194207,-0.014829755,-0.011529536,0.120246939,0.025430785,0.058461446,-0.000622620,-0.089513227,-0.009595887,-0.381977409,0.320087969,-0.002309858,-0.112399913,-0.045075141,-0.067541383,-0.202251121,-0.027756609,-0.033101350
58,1159.991,1786878696731.474,13484549.408,0.000000000,-0.208316207,-0.047405247,-0.021435069,0.097023025,0.018013099,0.006069346,-0.133954138,0.071179904,0.007606212,0.140068918,-0.111832507,-0.050065186,-0.006632999,-0.001450125,0.108746000,0.014859510,0.091406479,0.004290246,-0.072072119,-0.012513728,-0.360036284,0.308877468,-0.002392434,-0.094946325,-0.050697096,-0.042444665,-0.221943259,-0.025452700,-0.012796028
59,1179.993,1786878696751.475,13484569.410,0.000000000,-0.233199596,-0.072295450,-0.047172032,0.079015814,0.020335952,0.000134714,-0.163883001,0.074265257,0.013827218,0.117527947,-0.090145193,-0.059897449,-0.013503503,-0.001139996,0.063657165,0.028008936,0.118975826,0.011487527,-0.069787905,-0.013410674,-0.312817246,0.278591961,-0.003242854,-0.068759732,-0.049105722,-0.020877497,-0.248102427,-0.024006587,-0.005788244
60,1199.996,1786878696771.479,13484589.414,0.000000000,-0.214946762,-0.088426046,-0.066749230,0.050786797,0.017262394,-0.005750719,-0.155127794,0.080896936,0.020984422,0.085306503,-0.067747608,-0.066284567,-0.018423440,-0.001276981,0.048865028,0.038108803,0.131339133,0.031015517,-0.069619186,-0.013717919,-0.272718906,0.244962841,-0.010207335,-0.039081976,-0.051632002,-0.016180063,-0.275849640,-0.029454224,-0.003839571
61,1219.992,1786878696791.474,13484609.409,0.000000000,-0.192998365,-0.093332939,-0.071780480,0.031925764,0.022093685,-0.009643440,-0.129827797,0.083260685,0.021777172,0.052535541,-0.049512640,-0.064601079,-0.032171492,-0.001467154,0.040744174,0.047340289,0.134994999,0.051811028,-0.064721569,-0.014201998,-0.245383516,0.220323369,-0.027634710,-0.016864644,-0.044883307,-0.012713576,-0.283535749,-0.042989757,-0.003543281
62,1239.991,1786878696811.473,13484629.408,0.000000000,-0.168129057,-0.091216415,-0.063645139,0.019872205,0.029263644,-0.013201498,-0.091789365,0.078358918,0.016596748,0.024755694,-0.039620664,-0.059856325,-0.049153920,-0.001654148,0.040883865,0.045238420,0.133030489,0.066148847,-0.053763241,-0.014540127,-0.223617330,0.198137343,-0.048366062,-0.006093751,-0.033200029,-0.009047871,-0.268552691,-0.060562916,-0.004375202
63,1259.990,1786878696831.472,13484649.407,0.000000000,-0.115363330,-0.086863942,-0.015321414,0.042192355,0.053877652,-0.015690422,-0.056966208,0.081438616,0.066719703,0.034559552,-0.037883271,-0.053746652,-0.013776170,-0.037106402,0.071978360,0.028314935,0.112275019,0.127378762,-0.015028805,-0.016336057,-0.235651806,0.134187996,-0.073977031,-0.012633387,-0.012279615,-0.013584083,-0.269926757,-0.074703813,-0.005915171
64,1279.990,1786878696851.472,13484669.407,0.000000000,-0.107813910,-0.082393043,-0.009000174,0.065055370,0.055110600,-0.017593112,-0.027030846,0.077845469,0.060397182,0.036807176,-0.045059957,-0.041461825,-0.016867058,-0.042003300,0.067484640,0.022187062,0.092251055,0.161998630,-0.004874240,-0.017471077,-0.193783656,0.095679604,-0.081780821,-0.016701329,-0.005252862,-0.008752325,-0.223877057,-0.092507802,-0.006798338
65,1299.992,1786878696871.474,13484689.409,0.000000000,-0.104387119,-0.070633955,-0.009128289,0.063920468,0.025314460,-0.020396184,-0.007635536,0.070464537,0.037787266,0.035232313,-0.056825854,-0.036307514,-0.022161577,-0.037132911,0.049796928,0.010668407,0.075817876,0.163348496,-0.003167091,-0.017776024,-0.152080178,0.073360398,-0.075054705,-0.019835532,-0.004655854,-0.008164390,-0.169439211,-0.092406549,-0.008905601
66,1319.991,1786878696891.474,13484709.409,0.000000000,-0.114413232,-0.083437823,-0.040801603,0.052172203,-0.001147353,-0.048993547,-0.007365297,0.072118558,0.023204040,0.022005800,-0.057974312,-0.001878275,-0.034061696,-0.033969097,0.013561801,0.003320103,0.082366429,0.133846879,-0.002880557,-0.027162753,-0.134552240,0.057127580,-0.045390259,-0.016670154,-0.004938957,-0.032999251,-0.156443402,-0.081409208,-0.019756071
67,1339.989,1786878696911.471,13484729.407,0.000000000,-0.107639641,-0.059693329,-0.047634557,0.046737239,-0.010035791,-0.070084192,-0.002977395,0.097639613,0.019327506,0.012778669,-0.058695227,-0.039247908,-0.019243734,-0.017319968,0.006782574,0.002364467,0.065286279,0.113921762,-0.002332085,-0.061361555,-0.120649546,0.042744029,-0.013580967,-0.005467216,-0.004514620,-0.045908172,-0.073714018,-0.063336886,-0.027374307
68,1359.990,1786878696931.472,13484749.407,0.000000000,-0.090488814,-0.057909235,-0.051092271,0.038990647,-0.015057671,-0.072408549,0.001132041,0.113417052,0.035286468,-0.001509310,-0.034129333,-0.001263531,-0.006953763,-0.017499298,0.011314205,0.002125241,0.037119545,0.096060619,-0.002955877,-0.074800707,-0.099038318,0.048448745,-0.000761732,-0.000679294,-0.001933991,-0.048349079,-0.038248833,-0.061397105,-0.024326053
69,1379.990,1786878696951.472,13484769.407,0.000000000,-0.080429271,-0.060805183,-0.047493003,0.037796196,-0.017659726,-0.058110707,0.007152740,0.109123439,0.038986068,-0.008312989,-0.030557994,-0.001520089,-0.005157263,-0.015196632,0.020820605,0.001726908,0.012067238,0.074138470,-0.003535041,-0.068514690,-0.082222857,0.054083794,0.000662529,-0.000347463,-0.001492428,-0.053231150,-0.049138945,-0.054501023,-0.015456006
70,1399.990,1786878696971.473,13484789.407,0.000000000,-0.102555349,-0.026332838,-0.016754337,0.051498763,-0.026929606,-0.024767606,0.000783389,0.116021201,0.030332696,-0.017044816,-0.041925035,-0.028781278,-0.002128621,-0.003389560,0.009079172,0.002208654,0.003403750,0.046305880,-0.005765658,-0.029635722,-0.065733217,0.065937206,0.001186199,-0.000686232,-0.001152596,-0.069151163,-0.090995312,-0.039416216,-0.006873280
71,1419.992,1786878696991.475,13484809.410,0.000000000,-0.103921860,-0.016664390,-0.009793362,0.045797352,-0.042718306,-0.015646173,-0.000248498,0.116920970,0.027636414,-0.028341427,-0.043600194,-0.030309020,-0.000405810,0.000003437,0.003706956,0.001699985,0.002685967,0.019782748,-0.011178606,-0.017406108,-0.059210937,0.058503821,0.000635746,-0.000765984,-0.001999305,-0.092700616,-0.116450168,-0.023592608,-0.004012247
72,1439.993,1786878697011.475,13484829.410,0.000000000,-0.093858495,-0.017793125,-0.011275219,0.030643256,-0.063372813,-0.014479359,0.002123204,0.119107701,0.031026904,-0.038884081,-0.034904901,-0.017561775,-0.000764688,-0.000172809,0.003399116,0.001476868,0.002617804,0.006627728,-0.018863482,-0.015594930,-0.056380842,0.045018807,0.000264342,-0.000833980,-0.003146547,-0.110955924,-0.119196676,-0.017702566,-0.002784572
73,1459.992,1786878697031.475,13484849.410,0.000000000,-0.080472127,-0.023303470,-0.013784385,0.016704250,-0.083189428,-0.014763840,0.007714581,0.117413513,0.035000451,-0.046853382,-0.026755124,-0.001931176,-0.001680572,0.000054169,0.004112848,0.001338684,0.002728844,0.005083804,-0.023132717,-0.014647366,-0.055018004,0.033576824,-0.000045828,-0.000758395,-0.003990018,-0.117768832,-0.111364566,-0.017637968,-0.001864465
74,1479.990,1786878697051.473,13484869.408,0.000000000,-0.070401773,-0.006637000,-0.003014445,0.010977430,-0.094825968,-0.015346752,0.026613841,0.117151856,0.023916986,-0.059378773,-0.025418775,-0.001095284,-0.004571740,0.008336078,0.010240410,0.000702649,0.002762461,0.008897154,-0.021169504,-0.009665024,-0.053927541,0.038598180,-0.000186693,0.000150463,-0.004237112,-0.112098098,-0.095899917,-0.018938296,-0.000376490
75,1499.991,1786878697071.474,13484889.409,0.000000000,-0.060455091,0.015824117,0.002852234,0.007727999,-0.106601320,-0.014436118,0.029985400,0.142078429,0.034657881,-0.085042186,-0.007746922,0.000673374,-0.001252884,0.018887032,0.004479638,0.001963461,0.001461117,0.004525523,-0.036550704,-0.008821498,-0.034350034,0.056369435,0.000092080,0.001191135,-0.005026675,-0.104329824,-0.104516841,-0.020555561,0.003381870
76,1519.992,1786878697091.474,13484909.409,0.000000000,-0.051054724,0.005267198,0.002394590,0.009279304,-0.087533779,-0.015589064,0.031303730,0.146226302,0.055609673,-0.104986586,0.007265470,0.008765989,-0.001200775,0.015455232,0.003288541,0.001666399,0.001309072,0.002877479,-0.063328274,-0.008251749,-0.028315125,0.057370838,0.001269000,0.001521199,-0.005670466,-0.104423150,-0.126394972,-0.012501049,0.006766253
77,1539.989,1786878697111.471,13484929.406,0.000000000,-0.044950519,0.000346487,0.006644129,0.011863317,-0.071344800,-0.016971722,0.037407622,0.145085588,0.066599734,-0.120732628,0.015829735,0.012979212,-0.002440558,0.016758548,0.002497843,0.001173640,0.001562294,0.002723178,-0.086632699,-0.007716130,-0.037028186,0.052772861,0.002358085,0.001594733,-0.009869056,-0.106712140,-0.141717434,-0.007657985,0.026552925
78,1559.990,1786878697131.472,13484949.407,0.000000000,-0.041471891,-0.001117051,0.010938995,0.012030154,-0.067229815,-0.018357472,0.041563392,0.139987305,0.068830103,-0.127440289,0.017126946,0.010731073,-0.003535222,0.019543551,0.001191076,0.000784484,0.001890270,0.003009510,-0.098216131,-0.007809153,-0.049969200,0.049179848,0.002940047,0.001661980,-0.015415099,-0.108027689,-0.148611963,-0.007878168,0.043599147
79,1579.989,1786878697151.471,13484969.406,0.000000000,-0.035890039,-0.014128258,0.015643239,0.007560741,-0.067989059,-0.020073375,0.049162272,0.125325859,0.079362385,-0.139195099,0.015402543,0.070250683,-0.010042396,0.015717603,-0.000503764,0.000318647,0.002492385,0.003763227,-0.107000060,-0.007956403,-0.064414822,0.044328280,0.003116659,0.001931685,-0.021493034,-0.104270265,-0.143631920,-0.012514615,0.054335017
80,1599.989,1786878697171.471,13484989.407,0.000000000,-0.035259657,-0.026293676,0.023348823,0.005838669,-0.070383027,-0.028312435,0.045222279,0.107176684,0.078945555,-0.126816615,0.006505875,0.030012222,-0.016532311,0.010525969,-0.002378094,-0.000177635,0.002751831,0.004256196,-0.108091436,-0.007790558,-0.073328704,0.037444402,0.003046484,0.002012122,-0.029302530,-0.098813459,-0.131415159,-0.020989496,0.056924004
81,1619.991,1786878697191.474,13485009.409,0.000000000,-0.036709383,-0.036794025,0.028216269,0.009092663,-0.075003058,-0.032880899,0.042704023,0.093903027,0.080900781,-0.116075590,-0.002544614,0.017796421,-0.021073841,0.006779304,-0.002868405,-0.000657916,0.002995354,0.004582436,-0.102475457,-0.007296182,-0.074294448,0.027161818,0.002948340,0.002064742,-0.036809281,-0.091558352,-0.117338307,-0.028631320,0.053391133
82,1639.991,1786878697211.473,13485029.408,0.000000000,-0.037098836,-0.045207396,0.028198995,0.017150711,-0.081449732,-0.036529429,0.041564003,0.083443291,0.079952404,-0.103390187,-0.010069317,0.007098676,-0.022675904,0.006415843,-0.002451614,-0.000934092,0.002949582,0.004465678,-0.090922914,-0.006431310,-0.068615898,0.015274240,0.002808637,0.001967746,-0.042537775,-0.082896687,-0.104356900,-0.033984177,0.047366738
83,1659.992,1786878697231.475,13485049.410,0.000000000,-0.037344370,-0.050492004,0.025676347,0.028571958,-0.087979309,-0.038879160,0.040815692,0.077965349,0.079547927,-0.092085674,-0.017079782,-0.001380952,-0.021114804,0.007565135,-0.002356039,-0.001067871,0.002831506,0.004076710,-0.078551777,-0.005266530,-0.057215910,0.008189260,0.002785144,0.001956371,-0.044887181,-0.074028425,-0.093498968,-0.036645014,0.041072793
84,1679.995,1786878697251.478,13485069.413,0.000000000,-0.036389921,-0.056187212,0.022144070,0.040068496,-0.093110561,-0.040273599,0.040401328,0.073583409,0.080226608,-0.081153087,-0.025454596,-0.009916324,-0.018328017,0.006706178,-0.002575950,-0.001193733,0.002804703,0.003683379,-0.069448635,-0.004178813,-0.042917080,0.006652725,0.002965080,0.002105422,-0.044159282,-0.065570943,-0.085050210,-0.038139559,0.036228310
85,1699.992,1786878697271.474,13485089.409,0.000000000,-0.035275370,-0.061477032,0.018330546,0.050723702,-0.096308485,-0.039596833,0.040573098,0.069973350,0.080572113,-0.071885347,-0.033116065,-0.018258579,-0.015608759,0.004935178,-0.002913404,-0.001362822,0.002769268,0.003321892,-0.064333893,-0.003341914,-0.028788418,0.005873904,0.003729682,0.002279175,-0.042340126,-0.059209846,-0.080102406,-0.039979748,0.033566296
86,1719.991,1786878697291.473,13485109.408,0.000000000,-0.034512687,-0.065416619,0.012701491,0.062114500,-0.094918169,-0.037588559,0.040466405,0.069874778,0.077930167,-0.061492171,-0.040612750,-0.059239402,-0.012517514,0.004509286,-0.002951418,-0.001599183,0.002640820,0.002868468,-0.063031986,-0.002425323,-0.016465062,0.005152013,0.007160171,0.002447720,-0.041823678,-0.057558112,-0.080023766,-0.043225862,0.033511374
87,1739.991,1786878697311.474,13485129.409,0.000000000,-0.050500590,-0.051808357,-0.001996984,0.112881720,-0.064622708,-0.037508104,0.068007253,0.077484109,0.044280414,-0.063818656,-0.036302194,-0.106469676,-0.029885890,0.038913272,0.000487986,-0.000880429,0.002952161,0.001372747,-0.056515608,-0.011109973,-0.010930468,0.004962513,0.003253361,0.002428059,-0.053304419,-0.061557673,-0.169606149,-0.044970475,0.050638989
88,1759.990,1786878697331.473,13485149.408,0.000000000,-0.030719273,-0.060310937,-0.001730564,0.126118705,-0.049541235,-0.037244692,0.078764819,0.076566301,0.056976944,-0.056342211,-0.034662943,-0.132323325,-0.016065098,0.032927096,0.000317017,-0.001209244,0.003766282,0.001225161,-0.057531808,-0.013947065,-0.006998822,0.005390295,0.002907130,0.002802728,-0.058674276,-0.054099217,-0.188333631,-0.033391077,0.067155257
89,1779.998,1786878697351.480,13485169.415,0.000000000,-0.008139545,-0.081339918,0.005790781,0.107336797,-0.064713672,-0.023506358,0.079996578,0.051731203,0.057872646,-0.036936931,-0.051369313,-0.198193133,-0.024056140,0.015209967,0.000508406,-0.002128173,0.002610539,0.002450104,-0.055674378,-0.010909252,-0.007547086,0.003482625,0.015278888,0.015987681,-0.073978350,-0.062844314,-0.152521923,-0.030859718,0.089990206
90,1799.993,1786878697371.475,13485189.410,0.000000000,-0.001835027,-0.046479013,0.025237229,0.122972637,-0.087778330,-0.017523771,0.087699622,0.067299597,0.048596706,-0.022029940,-0.063315399,-0.270215511,-0.015749620,0.035843480,0.003598484,-0.006026626,0.001672571,0.003532379,-0.039295398,-0.006339748,-0.018174447,-0.001801963,0.045287378,0.011978517,-0.089564390,-0.093748875,-0.148265481,-0.040687606,0.081308097
91,1819.991,1786878697391.473,13485209.408,0.000000000,0.002287341,-0.047006439,0.026076814,0.137695476,-0.097168498,-0.015503348,0.091643013,0.061936494,0.043896556,-0.003790994,-0.077472851,-0.298376143,-0.015694126,0.040125620,0.004058318,-0.007096485,0.002121716,0.004949729,-0.017306129,-0.005827211,-0.017445359,-0.005945419,0.071645193,0.004358026,-0.094324023,-0.103901438,-0.133926660,-0.062656403,0.065894745
92,1839.991,1786878697411.473,13485229.408,0.000000000,0.053417765,-0.099440567,0.012385468,0.117448665,-0.096323490,-0.023140907,0.121729620,0.018359194,0.042479914,0.025347479,-0.097559214,-0.339123636,-0.040578764,0.010132498,0.050201066,-0.012502647,0.002784578,0.017332179,-0.005227777,-0.010665826,-0.008191009,-0.028154107,0.071976006,0.007111911,-0.092936672,-0.075731404,-0.089915209,-0.088038608,0.039126649
93,1859.990,1786878697431.472,13485249.407,0.000000000,0.032852903,-0.107266985,0.011419872,0.114380479,-0.092233174,-0.031594127,0.092022203,0.008736485,0.040295202,0.043637242,-0.101236045,-0.355856776,-0.043549366,0.001895042,0.026158074,-0.005756667,0.002269835,0.009494227,-0.002394673,-0.013362497,-0.004450339,-0.054434031,0.095942229,0.003904889,-0.087135956,-0.049850445,-0.063016564,-0.096300319,0.025614863
94,1879.993,1786878697451.476,13485269.411,0.000000000,0.027668323,-0.070577972,0.043009248,0.119304210,-0.061949905,-0.047251284,0.082038499,0.022167403,0.048134759,0.046853490,-0.084127009,-0.343180060,-0.012772697,0.000454751,0.038403768,-0.014994767,0.000314318,0.005368472,-0.002632886,-0.011514002,-0.002353036,-0.069135651,0.097748995,0.002848980,-0.081879772,-0.020377286,-0.030270884,-0.088212177,0.028666541
95,1899.992,1786878697471.475,13485289.410,0.000000000,0.005177437,-0.058695752,0.049352165,0.124988049,-0.025495166,-0.040636107,0.064283006,0.026301650,0.048567843,0.038858030,-0.065456450,-0.297090173,-0.001423289,-0.000487316,0.036994580,-0.014020619,-0.001073235,0.004175135,-0.003384200,-0.009609918,-0.000724754,-0.061137591,0.087850660,0.002550545,-0.067339301,-0.006547712,-0.027233768,-0.068626210,0.047224998
96,1919.991,1786878697491.473,13485309.408,0.000000000,-0.051271621,-0.083774947,0.010948754,0.150606021,-0.003132296,-0.018992394,0.014083473,0.032565024,0.051365152,0.035917208,-0.048525728,-0.245344117,-0.003735993,0.001240601,0.006340231,-0.003583616,-0.001531597,0.001620385,-0.007703473,-0.004016990,-0.001696734,-0.038980260,0.095704615,0.027858440,-0.084903434,-0.039241169,-0.128686488,-0.060873434,0.077555053
97,1939.992,1786878697511.474,13485329.409,0.000000000,-0.069270477,-0.074097589,-0.002147581,0.156102151,-0.005444026,-0.014002974,-0.003568491,0.050384410,0.056883443,0.023500165,-0.035691712,-0.176102281,-0.001992215,0.005755092,0.002605570,-0.000084455,-0.001235801,0.000488162,-0.013648788,-0.001949762,-0.002538483,-0.011810471,0.097623475,0.066569984,-0.103142925,-0.067856118,-0.188167438,-0.046814643,0.107652195
98,1959.990,1786878697531.473,13485349.407,0.000000000,-0.070848241,-0.033431366,0.007785652,0.141399339,-0.031520423,-0.007996783,-0.023523340,0.085739627,0.070331559,0.006752529,-0.023690663,-0.146088347,0.002632180,0.000347634,-0.001573491,0.013147091,-0.000565219,0.001134254,-0.019852920,-0.008401822,-0.004020341,-0.004564187,0.084093861,0.090111107,-0.099809870,-0.081827089,-0.189883098,-0.029973995,0.159649119
99,1979.991,1786878697551.474,13485369.409,0.000000000,-0.063429743,-0.013823589,0.004384115,0.116772197,-0.058762085,-0.006212906,-0.035024591,0.103590496,0.071056724,-0.003605919,-0.013782427,-0.147197261,0.001710885,-0.001608422,-0.001797211,0.015189050,-0.000077857,0.000610356,-0.022416117,-0.009287342,-0.004365654,-0.002129795,0.081794031,0.094090492,-0.099044420,-0.101067036,-0.176132768,-0.010908213,0.195563346
100,1999.993,1786878697571.475,13485389.410,0.000000000,-0.061309278,-0.048236694,-0.021976231,0.125689730,-0.059669260,-0.001558410,-0.033966366,0.089397162,0.072480552,0.001698846,-0.016976697,-0.134372145,-0.003865943,-0.010099060,0.000603808,0.019477013,0.000758552,-0.002752091,-0.044693202,-0.006688757,-0.005379652,-0.001251828,0.094366007,0.041321684,-0.079632208,-0.124696605,-0.184785113,-0.007004781,0.181137115
101,2019.991,1786878697591.473,13485409.408,0.000000000,-0.055472612,-0.094701134,-0.070165776,0.103664286,-0.081687830,-0.001106932,-0.006684655,0.052920759,0.028339000,-0.012649984,-0.029678971,-0.141970918,-0.060381632,-0.002987056,-0.000338222,0.029476250,0.001614661,-0.015876792,-0.075660162,-0.005582774,-0.005745389,0.001505768,0.108256705,0.019811949,-0.084480897,-0.112301648,-0.076427065,-0.018498480,0.186924338
102,2039.992,1786878697611.474,13485429.409,0.000000000,-0.044974193,-0.121984050,-0.093021058,0.014310176,-0.146856830,-0.004600306,0.003971496,0.010872798,-0.018541219,-0.050064530,-0.032545153,-0.135506421,-0.129226699,0.000041372,-0.017986227,0.054313131,-0.000234860,-0.047231071,-0.159402326,-0.001956480,-0.004069565,0.004334258,0.146145746,0.047591560,-0.134109572,-0.110724494,-0.084585041,-0.026722569,0.208442599
103,2059.991,1786878697631.473,13485449.408,0.000000000,-0.032445557,-0.107169330,-0.067233890,-0.052788194,-0.173968047,-0.006975000,0.002460229,0.001696947,-0.031734228,-0.078721203,-0.019408086,-0.202368483,-0.143206313,0.000960118,-0.017607499,0.063773334,-0.001513745,-0.088877589,-0.248351306,0.002433445,-0.006346491,0.005570528,0.184012011,0.084578536,-0.181527212,-0.117954478,-0.143060461,-0.008928339,0.232120067
104,2079.993,1786878697651.476,13485469.411,0.000000000,-0.023161119,-0.092395455,-0.036263783,-0.065280840,-0.146499470,-0.009288232,0.001404873,0.010514206,-0.015667588,-0.091849037,-0.004509089,-0.286924839,-0.119209625,0.000821355,-0.006218329,0.055039953,-0.001926740,-0.111154012,-0.277990282,0.004726757,-0.035785966,0.006063093,0.195951879,0.096484087,-0.197275132,-0.107422680,-0.185341537,-0.005491382,0.238770455
105,2099.995,1786878697671.478,13485489.412,0.000000000,-0.005886454,-0.073067836,-0.006062768,-0.078722365,-0.128142774,-0.011841325,0.011545590,0.014103018,-0.006989673,-0.110286355,0.012185497,-0.342695445,-0.128025606,-0.000627562,-0.000524304,0.053367488,-0.000919712,-0.142852396,-0.303525388,0.007544832,-0.017175425,0.035276789,0.148838013,0.132237792,-0.201582938,-0.024095288,-0.087042660,-0.015660007,0.293039203
106,2119.992,1786878697691.474,13485509.409,0.000000000,0.006783731,-0.028343704,0.004191804,-0.051095240,-0.111377828,-0.012798321,0.043219343,0.055924878,-0.005510029,-0.146139547,0.038771570,-0.405001372,-0.124622382,0.039529171,0.014283658,0.010607545,-0.039833598,-0.164973959,-0.280014932,0.053816538,-0.017829908,0.023879409,0.111970730,0.169368267,-0.225906730,-0.002912958,-0.139609262,-0.009193648,0.335451454
107,2139.990,1786878697711.473,13485529.407,0.000000000,0.045970894,-0.013178850,0.023727024,-0.027052106,-0.106741779,-0.005540960,0.082887605,0.065848112,0.002067483,-0.149102509,0.035534766,-0.517435312,-0.136321470,0.049969502,0.045302555,-0.002604203,-0.120017342,-0.127027258,-0.249369264,0.095852435,-0.021132337,0.003865755,0.087503798,0.216528580,-0.241006508,-0.000653662,-0.152055353,-0.015331782,0.350770682
108,2159.991,1786878697731.474,13485549.409,0.000000000,0.070632316,-0.068682007,0.010524784,-0.008859437,-0.110619277,0.000619107,0.122702055,0.013344226,-0.009216111,-0.137793168,0.010900989,-0.525743544,-0.182304218,0.054394551,0.065486826,-0.044035491,-0.201101393,-0.094730057,-0.180789292,0.110958442,-0.017703127,-0.002843760,0.086426415,0.222798511,-0.235627964,-0.000776423,-0.083873972,-0.045177616,0.298684418
109,2179.991,1786878697751.473,13485569.408,0.000000000,0.051691830,-0.095862821,-0.003212853,-0.021958420,-0.147857100,-0.004152950,0.094961829,-0.011350926,-0.015748169,-0.124151267,0.004130471,-0.526481330,-0.195333958,0.077710629,0.020254686,-0.105839498,-0.262621731,-0.054699015,-0.083773211,0.167170212,-0.004094593,-0.011690399,0.118611217,0.199217811,-0.228895098,-0.000388894,-0.034721524,-0.103342488,0.213650420
110,2199.990,1786878697771.473,13485589.408,0.000000000,0.055229742,-0.123504117,0.010497735,-0.092747465,-0.176946983,-0.017515626,0.056804605,-0.055954434,-0.009664808,-0.117792249,0.009254472,-0.493317813,-0.187944919,0.068814956,-0.000544732,-0.194122270,-0.305638701,-0.029202208,-0.035659157,0.090103365,0.005185220,-0.068276808,0.145718530,0.226226524,-0.238839835,-0.003968898,-0.045221698,-0.138333097,0.167327210
111,2219.990,1786878697791.472,13485609.407,0.000000000,0.010259097,-0.161079615,0.015661007,-0.106285580,-0.154455498,-0.019999281,0.002050750,-0.097724274,-0.001795913,-0.111648053,0.013445415,-0.427798599,-0.163242459,0.062291276,-0.036881521,-0.281270087,-0.343519181,-0.024808075,-0.016705303,0.020663027,0.045479916,-0.085890815,0.175838619,0.211159438,-0.195367396,-0.029370392,-0.092670783,-0.129218534,0.114211798
112,2239.988,1786878697811.471,13485629.406,0.000000000,0.005197955,-0.156401649,0.012637396,-0.073626116,-0.135537967,-0.030058637,-0.000675199,-0.076852135,0.032278765,-0.125235349,0.028197601,-0.318927109,-0.144081026,0.071286984,-0.023564976,-0.313022822,-0.322744310,-0.048724569,-0.034832500,0.010306393,0.079859920,-0.016287562,0.152852565,0.188035458,-0.154282674,-0.044884425,-0.187046334,-0.167373255,0.100725248
113,2259.989,1786878697831.471,13485649.406,0.000000000,0.003649759,-0.099533185,0.058418442,-0.045459662,-0.129118562,-0.022013674,-0.000845218,-0.047589745,0.054800920,-0.133354992,0.040826511,-0.274080813,-0.118548818,0.074770920,-0.014530688,-0.312011629,-0.285365492,-0.047385536,-0.040648390,0.014318647,0.077117138,-0.005777527,0.134877756,0.180419445,-0.129217759,-0.045144774,-0.190678343,-0.185848951,0.107575841
114,2279.989,1786878697851.471,13485669.407,0.000000000,0.001926541,-0.077825099,0.077656195,-0.023197709,-0.119023353,-0.019294146,-0.001654086,-0.040716156,0.070237406,-0.138799801,0.049006328,-0.206634104,-0.107740626,0.064815424,-0.017967302,-0.294397235,-0.219869033,-0.042533588,-0.043043561,0.017298248,0.072843842,-0.002400051,0.125988111,0.171284437,-0.095625803,-0.043864403,-0.160458699,-0.184069008,0.111436889
115,2299.987,1786878697871.470,13485689.405,0.000000000,-0.008233688,-0.041421685,0.059127670,0.002155139,-0.115700617,-0.027285457,0.025595432,-0.017181225,0.039367028,-0.171232477,0.069728628,-0.150796056,-0.128715709,0.095894948,-0.025395108,-0.264092982,-0.150189638,-0.063606702,-0.034112152,0.011549672,0.066751711,0.001669275,0.125505999,0.143087626,-0.055831973,-0.049112584,-0.075038783,-0.164424986,0.109886281
116,2319.989,1786878697891.472,13485709.407,0.000000000,-0.002992690,0.012092500,0.147604808,-0.000182227,-0.071896560,-0.020063963,0.008741339,0.001209456,0.098940693,-0.183458164,0.097308986,-0.075389870,-0.074108839,0.038088500,-0.053216673,-0.225612700,-0.051613733,-0.099620625,-0.070116155,0.005595053,0.100506499,0.004464987,0.143947661,0.117451981,-0.011952816,-0.041800827,-0.020542655,-0.145517185,0.068758860
117,2339.989,1786878697911.471,13485729.406,0.000000000,-0.002610741,0.028480025,0.162889332,0.001122472,-0.004649718,-0.021102227,0.002633634,0.023265835,0.131100431,-0.218516096,0.141710624,-0.031494278,-0.013148713,0.003052299,-0.079178520,-0.193819270,-0.005617622,-0.090207666,-0.117615215,0.004974991,0.117415920,0.004430837,0.184074759,0.089627773,-0.005441080,-0.077925354,-0.011078097,-0.115056612,0.062337112
118,2359.991,1786878697931.473,13485749.408,0.000000000,0.003982278,0.024495214,0.116782136,-0.000863253,0.022909064,-0.015074608,0.021738524,0.039058242,0.112516999,-0.263707310,0.171304613,-0.022966530,0.000146457,0.001624698,-0.103099935,-0.149709806,-0.001444106,-0.043720622,-0.158337444,0.005435553,0.103430904,0.008718898,0.205469146,0.068155691,-0.004745241,-0.115533628,-0.009355402,-0.090855949,0.053484503
119,2379.990,1786878697951.472,13485769.407,0.000000000,0.086465463,0.004631409,0.073209904,0.000888371,0.021594057,-0.013222309,0.105766833,0.046191957,0.104242466,-0.284946352,0.170323640,-0.058071662,-0.000104546,-0.003545650,-0.048372000,-0.142314091,-0.000733643,-0.017231813,-0.158993647,0.005937550,0.061822724,0.019485738,0.172049671,0.047216889,-0.005426913,-0.104393743,-0.010231538,-0.082412466,0.022178538
120,2399.990,1786878697971.473,13485789.408,0.000000000,0.137567654,-0.042243782,0.055884197,0.001787811,0.003874849,-0.012374741,0.152843282,0.003207276,0.095017061,-0.268444628,0.137468323,-0.072299019,-0.028168611,-0.031227706,-0.031195626,-0.142316297,0.002269097,-0.007318540,-0.120413862,0.012185562,0.016899653,0.010412578,0.127267927,0.014289691,-0.005406742,-0.063047670,-0.013017458,-0.083551444,0.007139666
121,2419.996,1786878697991.478,13485809.413,0.000000000,0.069425292,-0.102869168,0.021694442,-0.016333481,-0.030489847,-0.010528160,0.128819644,-0.083262995,0.009188503,-0.256279230,0.095974796,-0.072534055,-0.140742674,-0.025371410,-0.111710586,-0.128759593,0.012912982,-0.056794904,-0.098920852,0.017566472,0.037178211,0.034747206,0.117364310,0.002101450,-0.014829513,-0.013970656,-0.009274581,-0.062270101,0.002346899
122,2439.993,1786878698011.476,13485829.411,0.000000000,0.101015434,-0.088164940,0.036587212,-0.069401667,-0.140757725,-0.005793273,0.148106366,-0.109066963,-0.027592869,-0.246581629,0.075372830,-0.073034622,-0.163420349,-0.002875439,-0.086237364,-0.164696380,0.024377333,-0.128268510,-0.096715152,0.022409530,0.057112824,0.032009564,0.123131223,0.000995638,-0.045565877,-0.004643955,-0.006729985,-0.014422054,-0.000282938
123,2459.990,1786878698031.473,13485849.408,0.000000000,0.065958403,-0.047188997,0.119094335,-0.023096452,-0.140966326,-0.004261680,0.081617542,-0.099669322,0.025395172,-0.179627627,0.075672850,-0.056185480,-0.105213933,-0.037004277,-0.085187458,-0.171556994,0.095253393,-0.192812458,-0.122301564,0.016114578,0.054778494,0.038254432,0.111055188,-0.002802746,-0.043505270,-0.005983290,0.003863815,-0.004530891,-0.002935991
124,2479.988,1786878698051.470,13485869.406,0.000000000,0.114306271,-0.062649898,0.111815035,-0.005508952,-0.153173998,-0.008272304,0.121747322,-0.109233581,0.034345739,-0.155870646,0.061127111,-0.031225102,-0.083038591,-0.054148428,-0.010172272,-0.185117185,0.132090643,-0.214414150,-0.126078755,0.018161291,0.062842689,0.048031114,0.094450302,-0.003007800,-0.036006436,-0.002089321,0.008099060,-0.002039089,-0.005505914
125,2499.989,1786878698071.471,13485889.406,0.000000000,0.097339392,-0.059794579,0.095776252,0.002753359,-0.179022491,-0.010361549,0.094408654,-0.099116020,0.033753164,-0.139866322,0.058962893,-0.029622884,-0.058686458,-0.052320022,-0.017309709,-0.167360395,0.135570377,-0.215018585,-0.121843033,0.033079147,0.073506914,0.071466193,0.109503061,-0.002395716,-0.020308953,-0.000715825,0.007003476,-0.001757427,-0.006003860
126,2519.989,1786878698091.471,13485909.406,0.000000000,0.098878339,-0.130429327,0.035408188,0.011551876,-0.152899712,-0.036811337,0.078076333,-0.123250864,0.041174628,-0.111957692,0.067015678,-0.020099659,-0.029986793,-0.066713549,-0.003812195,-0.215958625,0.129387856,-0.184596360,-0.060121898,0.058244865,0.063338310,0.032776162,0.123546235,-0.008098070,-0.019753339,0.003374042,0.054733641,-0.001713792,-0.004883279
127,2539.991,1786878698111.473,13485929.408,0.000000000,0.066549212,-0.134392008,0.012309842,0.043243211,-0.134436741,-0.053087428,0.051366359,-0.115084924,0.035713233,-0.096102834,0.076565214,-0.019122763,-0.003496915,-0.053453468,0.000592232,-0.256523728,0.117542766,-0.136662707,-0.009475873,0.062415350,0.094982758,0.008625682,0.120239861,-0.018235032,-0.007005523,0.007411124,0.088653237,-0.002842417,-0.002483627
128,2559.989,1786878698131.471,13485949.406,0.000000000,0.014366843,-0.122421496,-0.002691719,0.102059513,-0.155219004,-0.032154303,0.014119161,-0.097133048,0.020464597,-0.059123904,0.067512088,-0.065570250,-0.002795090,-0.013971218,0.001058334,-0.277527153,0.120416105,-0.116162248,-0.002112646,0.058270011,0.131802410,0.005997693,0.107355550,-0.033994906,-0.003775395,0.007830872,0.179395556,-0.006145967,-0.004007420
129,2579.990,1786878698151.472,13485969.407,0.000000000,0.003964278,-0.150386676,-0.001002914,0.121244758,-0.204773441,-0.023286261,-0.002719905,-0.131507516,0.018470034,-0.011717689,0.033778861,-0.039761495,-0.036089711,-0.012231621,0.019451367,-0.310148865,0.146356493,-0.111591928,-0.001696663,0.031188728,0.143189445,0.001562522,0.058979396,-0.050924011,-0.002933484,0.056132734,0.225455001,-0.049636666,-0.028743459
130,2599.990,1786878698171.472,13485989.407,0.000000000,-0.014213083,-0.110558540,-0.010644129,0.115357436,-0.283407569,-0.018478528,-0.044895116,-0.078335069,0.035562184,-0.001138641,0.041056454,-0.044787124,-0.033493806,0.015741305,0.008415592,-0.330780417,0.177531704,-0.106292672,-0.001350369,0.006158853,0.146240190,-0.003295195,0.007204305,-0.072619781,-0.000731252,0.182895839,0.348318577,-0.089230523,-0.087573417
131,2619.994,1786878698191.477,13486009.412,0.000000000,-0.015394993,-0.140372634,-0.079928838,0.100782104,-0.343333036,-0.013726176,-0.066284627,-0.068307631,0.028994655,0.001944580,0.045398813,-0.023198066,-0.046785243,0.031124841,-0.000105476,-0.336646527,0.234044954,-0.129492998,-0.002909818,-0.006203909,0.147719711,-0.005478957,0.000262419,-0.080754936,0.001521032,0.281575739,0.375110239,-0.078284636,-0.135255545
132,2639.992,1786878698211.474,13486029.409,0.000000000,-0.068138160,-0.120303035,-0.100807987,0.117088065,-0.356488466,-0.015775444,-0.096974030,-0.053819746,-0.002095314,-0.003283633,0.063522168,-0.012045391,-0.055253647,0.073678315,-0.029335631,-0.341718614,0.267123878,-0.172862783,-0.005296443,-0.022360716,0.150006890,-0.031726811,0.005897823,-0.091727890,0.004873747,0.342243344,0.369285971,-0.044370368,-0.134202614
133,2659.994,1786878698231.477,13486049.412,0.000000000,-0.094508998,-0.116819672,-0.109897576,0.094558790,-0.370945573,-0.013066975,-0.080459297,-0.090292566,-0.078669980,-0.025422944,0.073623426,-0.002103061,-0.085777245,0.120139375,-0.034349952,-0.382045239,0.269553483,-0.232353002,-0.005436888,-0.039583094,0.167569458,-0.081559248,0.032884717,-0.113903493,0.019775450,0.380465329,0.326464832,-0.007542752,-0.122102261
134,2679.989,1786878698251.472,13486069.407,0.000000000,-0.193938196,-0.181726992,-0.221693009,0.145044371,-0.337076098,-0.004396549,-0.037520628,-0.142386153,-0.220323622,-0.080893330,0.083261438,0.060460467,-0.181320906,0.230050176,-0.039259527,-0.439010590,0.290355533,-0.318508506,-0.005686187,-0.014768334,0.157994002,-0.088221416,0.063357934,-0.224976540,0.046514932,0.476298302,0.421246827,-0.006402247,-0.190279856
135,2699.990,1786878698271.473,13486089.408,0.000000000,-0.152820677,-0.135007605,-0.170879573,0.193418503,-0.405094177,0.005561300,-0.003660116,-0.113998592,-0.184566304,-0.055362534,0.075054787,0.098282069,-0.117744476,0.250421166,0.003175636,-0.518118382,0.353912473,-0.366213262,-0.003130543,-0.002767251,0.139938205,-0.118353173,0.078500241,-0.320761561,0.082751863,0.633366883,0.567291081,-0.006273873,-0.247048452
136,2719.992,1786878698291.475,13486109.410,0.000000000,-0.123736843,-0.111027740,-0.069134004,0.230822101,-0.371403962,-0.012497477,0.003536890,-0.113589160,-0.096768714,-0.028246297,0.079844266,0.183483168,-0.056873124,0.196840182,0.004633910,-0.593212008,0.448523313,-0.387721807,-0.002112892,-0.016920693,0.153965354,-0.156457841,0.136775360,-0.352495730,0.083670042,0.760233581,0.684396923,-0.001840904,-0.238045320
137,2739.991,1786878698311.474,13486129.409,0.000000000,-0.126179338,-0.198247716,-0.029697185,0.208761573,-0.322408170,-0.003544693,0.014815256,-0.221087307,-0.099858694,-0.017569857,0.056503870,0.211397842,-0.144403324,0.114409514,-0.008408779,-0.637759745,0.580428839,-0.445211053,-0.033357162,-0.010003214,0.209180728,-0.143111557,0.187924132,-0.369930446,0.084636375,0.825019181,0.532855690,0.001468137,-0.246173918
138,2759.989,1786878698331.471,13486149.406,0.000000000,-0.116374806,-0.155631900,-0.009402924,0.251659930,-0.338647425,0.011995535,0.114986233,-0.216356605,-0.162351862,-0.074701265,0.071938835,0.220545039,-0.213181689,0.179926649,0.043890245,-0.771378279,0.702620924,-0.544691145,-0.042514920,0.002273143,0.257141232,-0.204433694,0.264340639,-0.443930328,0.029984793,0.903947473,0.629368246,0.004990619,-0.193929657
139,2779.996,1786878698351.478,13486169.413,0.000000000,-0.019694060,-0.153721049,0.071744442,0.239226595,-0.423507452,0.030640677,0.151891172,-0.238657668,-0.091643155,-0.023537790,0.049286686,0.242916524,-0.206921503,0.136917844,0.099428087,-0.895495355,0.783972323,-0.499250054,-0.034895144,0.004448891,0.253259242,-0.333137542,0.305825084,-0.499019831,0.005683313,1.065085292,0.915285170,0.013674528,-0.230757073
140,2799.994,1786878698371.476,13486189.411,0.000000000,-0.002338250,-0.056383949,0.139327869,0.302924514,-0.585026264,0.117269143,0.214760438,-0.219734415,-0.115045570,-0.025794797,0.028832063,0.404275388,-0.239801943,0.230016321,0.116525576,-0.991843820,0.790793538,-0.441864878,0.023475301,-0.009618212,0.310633749,-0.392158031,0.356890500,-0.644927561,0.052534360,1.255931973,1.243785024,0.053822011,-0.371300876
141,2819.996,1786878698391.479,13486209.414,0.000000000,0.035052564,-0.079357900,0.362500787,0.247283563,-0.732637584,0.176223487,0.163910776,-0.368610084,-0.029832147,0.107150324,-0.052903283,0.477667630,-0.309492260,0.099947385,0.091666371,-1.069112539,0.812408864,-0.330762118,0.074102312,-0.018261326,0.376074642,-0.505648136,0.436930895,-0.684267819,0.092666052,1.390655279,1.243092895,0.108446680,-0.455297232
142,2839.990,1786878698411.472,13486229.407,0.000000000,0.008998431,-0.129586622,0.379502773,0.300395250,-0.849968612,0.242906883,0.257396758,-0.487275422,-0.153337196,0.152666658,-0.120847017,0.537215829,-0.515232027,0.163929433,0.155055031,-1.232844949,0.753565013,-0.266347766,0.200672925,-0.011508667,0.428052366,-0.608541131,0.528810322,-0.832945347,0.155222744,1.482305288,1.338179231,0.140486568,-0.542061150
143,2859.994,1786878698431.476,13486249.411,0.000000000,-0.183434442,-0.451497912,0.010963704,0.715267420,-0.420894474,-0.084663652,0.250125498,-0.508966506,-0.138265967,0.192046881,-0.123110399,0.551437378,-0.464833438,0.264552414,0.171593145,-1.522308230,0.669810057,-0.353589684,0.329421759,-0.003396952,0.572312713,-0.731918693,0.695289969,-0.998497188,0.128956646,1.548883080,1.527793407,0.183128148,-0.555874109
144,2879.990,1786878698451.473,13486269.408,0.000000000,-0.247570559,-0.362061530,-0.001116088,0.938817382,-0.329188496,-0.001980319,0.184700325,-0.311962277,0.030967759,0.124104686,-0.036238682,0.636231303,-0.223438621,0.387365878,0.145187780,-1.697170496,0.582248628,-0.425804764,0.429148078,-0.002840505,0.661895931,-0.822551072,0.800823629,-1.076958776,0.137454391,1.635597944,1.611765742,0.276965529,-0.548608601
145,2899.992,1786878698471.474,13486289.409,0.000000000,-0.306515187,-0.356721818,0.039225161,0.953343213,-0.399838895,0.289783567,0.161322445,-0.343690157,-0.001833026,0.047950391,0.010106475,0.626179218,-0.313988209,0.471325547,0.058288455,-1.790021777,0.575998545,-0.566834271,0.535669744,-0.143498257,0.719825745,-0.877934396,0.892406821,-1.114732742,0.129646748,1.684708595,1.634050488,0.327591360,-0.491820782
146,2919.993,1786878698491.475,13486309.410,0.000000000,-0.264783472,-0.463407129,0.050491150,0.957593799,-0.435527951,0.464113384,0.264036357,-0.478648096,-0.067619920,-0.001060165,0.015585407,0.675332189,-0.458507866,0.510229051,0.068134025,-1.911048651,0.527941883,-0.545507431,0.748401284,-0.047545876,0.680557549,-0.990217090,1.013718128,-1.218938470,0.065774471,1.749970675,1.656053662,0.269205689,-0.543145299
147,2939.989,1786878698511.471,13486329.407,0.000000000,-0.099666782,-0.495064914,0.196900859,0.911882877,-0.436139077,0.543530703,0.316950053,-0.553311825,0.024443770,0.068947911,0.018803569,0.532489181,-0.457217097,0.414966047,0.161763132,-2.016063213,0.610711396,-0.485682338,0.879356384,-0.004392875,0.683978319,-1.076558113,1.071442246,-1.274351716,0.005296629,1.841295242,1.682473302,0.247260764,-0.577546179
148,2959.988,1786878698531.470,13486349.406,0.000000000,-0.103047125,-0.432570189,0.225974455,0.981460392,-0.499654233,0.568315327,0.269192487,-0.581196070,-0.054732315,0.138583109,0.086162493,0.530869722,-0.405434221,0.513825238,0.127209887,-2.090705872,0.611744821,-0.421646863,0.903321624,0.000926396,0.771436691,-1.211177588,1.155974030,-1.408518314,0.000304126,1.991148710,2.009254217,0.241015300,-0.637102902
149,2979.989,1786878698551.471,13486369.406,0.000000000,0.108550571,-0.395422786,0.418250948,0.944507539,-0.533955336,0.596387088,0.302289784,-0.743672967,-0.036237612,0.264338613,0.193413287,0.783259392,-0.281093717,0.398366511,0.259163797,-2.165092230,0.645497739,-0.335998833,1.054601789,-0.006585203,0.678906620,-1.283878326,1.130734921,-1.453447819,0.033957552,2.139117002,2.121924400,0.250135064,-0.686112165
150,2999.989,1786878698571.472,13486389.407,0.000000000,0.169581249,-0.258924603,0.658895075,0.933812916,-0.584580243,0.610945582,0.206199005,-1.320139408,-0.736828387,0.329273671,0.129565880,0.526475608,-0.180658951,0.316545337,0.208263949,-1.955223083,0.685810566,-0.184365496,1.141602039,0.008950979,0.672098398,-1.213333368,1.015116334,-1.515876770,0.077693693,2.267713785,1.999452710,0.242018551,-0.643248200
151,3019.990,1786878698591.472,13486409.407,0.000000000,0.275437564,0.042081960,0.648605824,0.948995888,-0.646056950,0.541723073,0.121407010,-0.943101823,-0.469254375,0.410702765,0.525278270,0.940669358,-0.120450363,0.425060123,0.337445319,-1.749747753,0.735215247,-0.022610158,1.216968775,0.006523485,0.642152369,-1.221951246,0.816603959,-1.477082133,0.063002914,2.385405064,2.009516239,0.236286819,-0.635591090
152,3039.990,1786878698611.472,13486429.407,0.000000000,0.348675877,0.097345583,0.603359759,0.890909493,-0.622117460,0.517277122,0.145963147,-1.063234568,-0.778645098,0.438271970,0.615477860,0.695160508,-0.175856262,0.453507006,0.428705990,-1.601357818,0.800304174,0.000482780,1.247081995,-0.000526242,0.666355848,-1.246216774,0.682005227,-1.381629229,0.047173478,2.408014059,1.920528531,0.287335783,-0.651442468
153,3059.990,1786878698631.473,13486449.408,0.000000000,0.263625085,0.230518639,0.648172557,0.815140545,-0.597375691,0.496254086,-0.049702458,-1.044293642,-0.842741668,0.441851199,0.695203125,0.594269156,-0.076676965,0.484919965,0.314919412,-1.396246672,0.814788997,0.001837530,1.153652787,-0.014034463,0.700936437,-1.290229201,0.582391918,-1.308734417,0.112203084,2.311600447,1.707842946,0.335848302,-0.658921063
154,3079.990,1786878698651.473,13486469.408,0.000000000,0.268342704,0.103622727,0.642161131,0.632935643,-0.458920509,0.493549198,-0.004339145,-1.014342785,-0.679234743,0.286391526,0.592040956,0.604873836,-0.196544260,0.374489307,0.344811887,-1.231232166,0.866794467,0.000615839,0.977633297,-0.016065273,0.681519270,-1.315205455,0.363843113,-1.135962725,0.194383234,2.252840996,1.434971213,0.294924855,-0.668598592
155,3099.988,1786878698671.471,13486489.406,0.000000000,0.242437065,-0.014467767,0.727372885,0.427926868,-0.292935342,0.489811122,-0.002098347,-0.936468959,-0.376296103,0.086793356,0.344117731,0.515362620,-0.218070269,0.205198899,0.304858685,-1.062687039,0.808353126,0.000913242,0.835934341,-0.016525459,0.593815625,-1.261652708,0.225169033,-0.953886271,0.301011622,2.100023270,1.245236874,0.243915305,-0.644323170
156,3119.991,1786878698691.474,13486509.409,0.000000000,0.219976813,-0.065591447,0.741315961,0.306456089,-0.202074513,0.489794791,-0.064584479,-0.880558252,-0.235458955,0.075698458,0.324756742,0.416124225,-0.222616419,0.143866777,0.242606163,-0.835159242,0.598750710,0.013742859,0.759965003,-0.052822445,0.507498085,-1.178278804,0.124272488,-0.832542598,0.406888634,1.924462438,1.123343706,0.139029980,-0.575025916
157,3139.992,1786878698711.475,13486529.410,0.000000000,0.268131763,-0.028575638,0.670518517,0.240145385,-0.161203533,0.455447972,-0.057751209,-0.769956291,-0.210564658,0.095405616,0.452567279,0.349536031,-0.208547890,0.194928557,0.275915176,-0.636518836,0.268737644,0.096658796,0.747436881,-0.017362947,0.432622522,-1.117760539,0.031929996,-0.689871490,0.377419800,1.706510186,0.953534007,0.087160498,-0.463296741
158,3159.989,1786878698731.471,13486549.406,0.000000000,0.396897137,0.029549198,0.700094342,0.174955383,-0.129315555,0.405261070,-0.071368217,-0.649955332,-0.031395737,0.168277189,0.560112655,0.379854649,-0.118960880,0.123675577,0.351535290,-0.469237834,0.103332371,0.126265243,0.687117875,-0.004225161,0.387608647,-1.029618382,-0.086862378,-0.507128298,0.291329652,1.530530691,0.952645004,0.014550612,-0.342289716
159,3179.990,1786878698751.473,13486569.408,0.000000000,0.333624095,0.038372979,0.641196191,0.166504294,-0.089167260,0.337654263,-0.135898426,-0.592568457,-0.009566074,0.205393776,0.563433826,0.367884040,-0.136620969,0.088136643,0.244779140,-0.222681046,0.018402658,0.136706710,0.588786185,-0.007203206,0.375824660,-0.943542004,-0.184416309,-0.345503420,0.204846963,1.341463923,0.876444876,0.004038156,-0.282427430
160,3199.990,1786878698771.473,13486589.407,0.000000000,0.369399905,-0.045445528,0.585279763,0.132701024,-0.026158204,0.303651005,-0.025165305,-0.627041996,-0.025026800,0.178925559,0.480577707,0.400134712,-0.209816068,0.008083658,0.273858368,-0.148720399,-0.045356084,0.112926811,0.603651464,-0.012488335,0.352645159,-0.901800931,-0.248897001,-0.250950992,0.176084325,1.164919972,0.675510824,0.005273883,-0.285176575
161,3219.989,1786878698791.471,13486609.406,0.000000000,0.298434585,-0.123182543,0.527794719,0.108087495,0.032030597,0.259694725,-0.099182710,-0.620572507,0.032583177,0.261117041,0.473865867,0.337856948,-0.211483017,-0.067369513,0.173129261,-0.064167306,-0.172328025,0.060906898,0.589541018,-0.010325710,0.415842950,-0.863669515,-0.268640906,-0.144343093,0.158773854,0.974248707,0.525406241,0.004396820,-0.272944957
162,3239.989,1786878698811.471,13486629.407,0.000000000,0.230256423,-0.144774646,0.429687053,0.118341483,0.064136930,0.215925381,-0.142014951,-0.563068092,0.031005189,0.317432791,0.477387398,0.230683252,-0.169534072,-0.053849228,0.117186397,-0.024931375,-0.303272426,0.013123521,0.508150280,-0.011291084,0.495000899,-0.847715318,-0.262662292,-0.079814076,0.149113402,0.837722838,0.507022440,0.005675759,-0.263988465
163,3259.989,1786878698831.472,13486649.407,0.000000000,0.249524087,-0.129803538,0.455268860,0.112679012,0.070865467,0.184558779,-0.264307559,-0.566087902,0.104524113,0.488400549,0.540037751,0.134660393,-0.054445941,-0.170669124,0.125638261,-0.012070913,-0.277990639,0.004248391,0.356520116,-0.046602853,0.512257755,-0.810509205,-0.312552273,-0.011752523,0.208876193,0.747829378,0.645603001,0.007296713,-0.232641697
164,3279.990,1786878698851.473,13486669.408,0.000000000,0.177885875,-0.072352469,0.360266328,0.173408568,0.059207577,0.145168394,-0.282172233,-0.484829158,0.037850797,0.500622094,0.460209072,0.046553250,-0.023591658,-0.171069860,0.098719053,-0.001514324,-0.217855453,0.000929993,0.257563829,-0.124685608,0.480754256,-0.706930757,-0.347387642,0.003234629,0.261545122,0.629805505,0.663800120,0.037050102,-0.212939084
165,3299.989,1786878698871.472,13486689.407,0.000000000,0.035490807,-0.026657676,0.246335968,0.214047968,0.066845685,0.105106950,-0.070490450,-0.364704370,-0.128170565,0.113804832,-0.123730049,0.008011119,-0.056349102,-0.131320864,0.004723095,0.057926781,-0.181247726,-0.003677219,0.271910936,-0.324708909,0.392362595,-0.548639297,-0.361766905,0.004829865,0.298818797,0.453392625,0.573186040,0.138371408,-0.187510625
166,3319.989,1786878698891.471,13486709.406,0.000000000,-0.079113081,-0.051025800,0.342943609,0.206074700,0.096260116,0.104078695,0.023107415,-0.422522008,-0.173898399,-0.199717253,-0.823006570,-0.040691204,0.011101248,-0.284139842,-0.137756869,0.095577449,-0.081053048,-0.006793652,0.264841735,-0.427429497,0.364222437,-0.446723342,-0.329738259,0.044979200,0.280815035,0.315416008,0.588096917,0.129354745,-0.144016355
167,3339.990,1786878698911.472,13486729.407,0.000000000,-0.047126867,-0.158133894,0.015522684,0.282090664,0.140502036,0.073584385,-0.099829391,-0.140224859,0.166403174,0.351302654,0.106373958,0.252810359,-0.253216356,-0.189509124,0.091422558,0.002762198,-0.011475950,-0.002648074,0.272298574,-0.461915791,0.354731292,-0.346945763,-0.329571009,0.043645680,0.159993321,0.240464628,0.523093224,0.083554909,-0.101383828
168,3359.991,1786878698931.473,13486749.408,0.000000000,-0.012415254,-0.123951055,0.002111019,0.292020440,0.150014907,0.031619973,-0.122467726,-0.060805254,0.219030097,0.435779691,0.139029667,0.010104497,-0.176189199,-0.180249989,0.130022824,-0.143672287,-0.002357011,-0.084651716,0.405172497,-0.509826243,0.350011826,-0.285380453,-0.266759127,0.005973797,0.109190241,0.251568764,0.584829330,0.082893141,-0.071183942
169,3379.994,1786878698951.476,13486769.411,0.000000000,-0.015406569,-0.011353871,0.173344716,0.269714832,0.139074087,0.006874030,-0.341026515,0.020792162,0.437139213,0.493379474,0.123788565,-0.018878642,-0.006084549,-0.297466904,0.028424527,-0.094940290,0.000907242,-0.008317253,0.596919298,-0.450938970,0.313684016,-0.074558534,-0.287407696,-0.000992838,0.063172154,0.195692942,0.372430533,0.182055533,-0.033398949
170,3399.992,1786878698971.474,13486789.409,0.000000000,-0.027482787,0.090352528,0.133356750,0.321058422,0.111455940,-0.032543030,-0.339830756,0.116007291,0.398952335,0.491164863,0.094502561,-0.003749391,0.007005297,-0.276995301,0.005531867,-0.041736796,0.003542476,0.084265731,0.768813133,-0.584347725,0.352457762,-0.006549112,-0.283530027,-0.041346401,0.005928075,0.091012619,0.249858484,0.203919664,-0.019930031
171,3419.991,1786878698991.474,13486809.408,0.000000000,0.032914244,0.082577929,0.169754893,0.331338435,0.101333864,-0.061735660,-0.334400743,0.062851682,0.426901430,0.563052952,0.053797249,0.002196234,0.022289015,-0.412998796,0.004197734,-0.057757050,0.218042001,0.022291671,0.640392065,-0.691603363,0.563356638,0.003163991,-0.262467414,-0.037537407,-0.001509711,0.015436703,0.152399272,0.176242605,-0.006519847
172,3439.991,1786878699011.474,13486829.409,0.000000000,0.032077469,0.152687564,0.038417079,0.418217182,0.063947000,-0.093255222,-0.221156880,0.136073098,0.278578818,0.547179103,0.063602552,-0.001170368,0.002239847,-0.294459015,0.031706974,-0.121529177,0.252754629,0.042086195,0.693190217,-0.578477323,0.544532239,0.029718634,-0.212323606,-0.096405663,-0.094335802,0.004985108,0.114498734,0.095004655,0.000207159
173,3459.993,1786878699031.476,13486849.411,0.000000000,0.030400909,0.263491988,0.001524263,0.502256095,0.002647171,-0.111321621,-0.223413333,0.203031421,0.224076435,0.573758781,0.091077127,-0.000697315,0.078453869,-0.209402606,0.010233390,-0.115897290,0.208857968,0.245099038,0.803023815,-0.460884809,0.448044837,0.035134509,-0.114841007,-0.173915654,-0.250047147,-0.001978486,0.030383235,0.018440833,0.003309192
174,3479.990,1786878699051.472,13486869.407,0.000000000,0.102418102,0.345807165,0.013429189,0.544115722,-0.054010592,-0.148104668,-0.202201620,0.238957494,0.227964774,0.614229977,0.074039757,0.000869271,0.130241230,-0.217214182,0.029831074,-0.023392901,0.197611377,0.453351468,0.931378901,-0.535776258,0.362103581,0.158642665,-0.063072518,-0.264084876,-0.249052674,-0.005480254,0.015273244,-0.000169377,0.007651187
175,3499.996,1786878699071.479,13486889.414,0.000000000,0.141714573,0.393363148,-0.004040921,0.597786486,-0.100930445,-0.163659424,-0.177711263,0.228076279,0.185380116,0.667214513,0.063093938,-0.009122680,0.103138417,-0.247132882,0.030915383,0.096878730,0.215906873,0.621114314,1.068531036,-0.733209610,0.341011405,0.206440553,-0.026381498,-0.284072250,-0.345207542,-0.006269698,0.011509716,-0.012421672,0.080489129
176,3519.992,1786878699091.475,13486909.409,0.000000000,0.343835264,0.500467360,0.039337233,0.644098938,-0.156480804,-0.202889770,-0.073481694,0.296864033,0.246667385,0.733820021,0.037417259,-0.016928190,0.147406459,-0.324142486,0.189286679,0.202476233,0.263471723,0.778842807,1.269429922,-0.686899841,0.270171553,0.343583614,-0.007190509,-0.327048779,-0.378051043,-0.138983756,0.013262855,-0.006153241,0.115640849
177,3539.994,1786878699111.477,13486929.412,0.000000000,0.356118083,0.523413599,0.111590989,0.706934452,-0.189193800,-0.219452158,-0.205476806,0.237139493,0.314569533,0.893424034,0.072385289,-0.026946729,0.148118854,-0.439417124,0.123513117,0.500755191,0.332385570,0.975678742,1.426297188,-0.550791025,0.207478136,0.432731569,-0.051069502,-0.370072424,-0.370222241,-0.133193299,0.006118455,-0.136098564,0.178646088
178,3559.991,1786878699131.473,13486949.408,0.000000000,0.567246616,0.736917794,0.210377157,0.797294199,-0.280106664,-0.275604516,-0.285975397,0.317601353,0.337006956,1.118520617,0.277308077,-0.295217037,0.292946279,-0.480336100,0.332427323,0.790058374,0.442229718,1.152279019,1.432014108,-0.597342670,0.243487582,0.388072699,-0.168673262,-0.436667353,-0.392039478,-0.162015975,-0.000126315,-0.248932302,0.206229612
179,3579.990,1786878699151.472,13486969.407,0.000000000,0.765740454,0.812164009,0.452610880,0.877879977,-0.354458809,-0.289684922,-0.281827867,-0.414390773,-0.359354794,1.218763471,-0.093368500,-0.892035365,0.473249406,-0.641872525,0.485536307,1.088637590,0.564985693,1.296945930,1.417835593,-0.611088037,0.275131613,0.280659825,-0.307120234,-0.538695872,-0.398603976,-0.230855346,-0.001108930,-0.376402378,0.285779834
180,3599.989,1786878699171.471,13486989.406,0.000000000,0.741763890,0.782447338,0.218107745,1.227082729,-0.059377614,-0.516186893,-0.433778912,0.276169300,0.376936376,1.441022277,0.148910359,-0.368938059,0.532287836,-0.737939596,0.718860567,1.384794235,0.837120473,1.454866409,1.446295261,-0.617304802,0.252930164,0.186558053,-0.688714623,-0.529865563,-0.411212772,-0.253135055,-0.060612448,-0.520355523,0.369944334
181,3619.991,1786878699191.473,13487009.408,0.000000000,0.401360571,0.703668594,0.142563343,2.091096878,1.562225938,-0.564613879,-0.250607103,0.828017950,1.019022822,1.485991001,-0.099572800,-0.134540975,0.701653183,-0.990229845,1.112115860,1.482341647,0.970441759,1.592868447,1.518799067,-0.694338500,0.323922426,0.092541493,-1.040517688,-0.482682973,-0.280554324,-0.292864829,-0.031716075,-0.599007428,0.365672052
182,3639.991,1786878699211.474,13487029.408,0.000000000,-0.698389590,0.227524534,0.031289514,3.360512733,4.877454758,-0.586841226,-0.282298267,0.812893152,1.485926867,1.767363310,-0.176721364,-0.009544178,0.708248734,-1.420443058,1.214164615,1.635433674,1.016628027,1.599525094,1.762133360,-0.972331464,0.328227401,0.179770976,-1.387168407,-0.433490276,-0.043212660,-0.210072935,-0.293312579,-0.709299207,0.327677041
183,3659.993,1786878699231.476,13487049.411,0.000000000,-2.259201288,0.722468734,0.300746024,3.939723730,7.304083824,-0.703576028,-1.456755996,1.498832226,2.062687635,1.905255914,-0.151314139,0.457229465,1.197905421,-1.394531846,-0.023799252,2.309042454,0.727052927,1.590600967,2.076609135,-1.309277654,0.467233628,0.415901870,-1.379241586,-0.382831872,0.150967821,-0.227036893,-0.435678393,-0.675038934,0.294022530
184,3679.992,1786878699251.474,13487069.409,0.000000000,-2.673078060,0.946289659,-0.228266090,3.499712706,9.120583534,-1.332908154,-1.367914200,2.352614641,1.990765929,1.709675550,-0.268310428,0.993384242,1.261546135,-1.059704900,-0.478393018,3.045727015,0.315994829,1.520664334,2.550297976,-1.708383799,0.725475013,0.762427568,-1.633603573,-0.420138836,0.545628548,-0.343133390,-0.416097611,-0.643390477,0.066619396
185,3699.995,1786878699271.478,13487089.412,0.000000000,-3.595810413,0.166615590,-2.279083252,2.045478106,-0.157186702,1.849450231,-1.719218373,3.191346407,1.417848110,1.640585542,-1.233806610,1.776461244,0.666101635,-0.564556837,-1.510006070,3.666216373,0.010542998,1.378502131,3.063271523,-2.269379854,0.800976098,0.909657061,-1.822581887,-0.369017065,1.107881546,-0.390649468,-0.168312833,-0.592310190,-0.111862518
186,3719.994,1786878699291.476,13487109.411,0.000000000,-3.327814102,-0.285116374,-3.148120165,-1.223465681,-4.342252731,1.804446936,-1.096128225,3.655519485,0.890364826,1.458728313,-0.991092324,0.471476227,0.449474275,-0.521949410,-0.769225657,3.528343201,-0.010102466,1.322553873,3.371150970,-2.522314787,1.014529347,0.969192982,-2.460917950,-0.225967363,1.738194466,-0.290226847,-0.086955771,-0.537276089,-0.372700036
187,3739.990,1786878699311.473,13487129.408,0.000000000,-3.029649973,-0.232498199,-2.444415808,-3.146606445,-3.789178848,1.574685216,-0.808231711,3.636042356,0.647197783,1.341221452,-0.437983841,-0.555113614,0.663315892,-0.368104309,-0.071660377,3.157005310,-0.261770636,1.029914141,3.717846632,-2.447185278,1.096996903,0.948667288,-2.933454990,-0.360406011,2.107805014,-0.345754087,-0.025922632,-0.393952727,-0.441706628
188,3759.991,1786878699331.473,13487149.408,0.000000000,-3.064169407,-0.186963081,-1.462498069,-4.040390968,-2.833949804,1.279314876,-1.053842187,3.210773945,0.497815967,1.249406457,-0.329182059,-0.125982121,1.010915756,-0.066223651,0.003424552,2.837813854,-0.630448103,0.558839440,3.989104271,-2.271306515,1.015134931,0.840397775,-3.154360771,-0.554656804,2.100758076,-0.558728516,0.006127236,-0.237265006,-0.479601055
189,3779.991,1786878699351.474,13487169.408,0.000000000,-3.112524748,-0.441288739,-0.619968772,-4.699881077,-2.002535582,0.925890088,-1.629300594,1.940204501,0.040586803,1.397738576,-0.325028330,-0.020999020,1.254372597,0.244627193,-0.204154313,2.569857359,-0.902198136,0.027000524,3.905329466,-2.375428915,0.930439770,0.691899955,-3.310742855,-0.777780056,2.034014702,-0.696333408,0.250194460,-0.165087193,-0.592386961
190,3799.992,1786878699371.475,13487189.410,0.000000000,-2.614152431,-1.271416903,0.523939431,-6.082272530,-1.292315125,0.448424965,-2.428031206,-1.140568733,-0.670365036,2.483613968,-0.770151913,-1.580474734,1.345531821,0.085825101,-0.259706199,2.174650431,-0.744538426,-1.106292367,3.494576693,-2.627735376,0.622898698,0.841763198,-3.486974478,-1.116081834,2.160120249,-0.685156703,0.763934135,-0.158902884,-0.841401815
191,3819.995,1786878699391.477,13487209.412,0.000000000,-2.320069075,-1.311544180,2.082158089,-6.761686325,-0.202888519,-0.067675598,-2.685186863,-3.827083588,-2.621272802,5.727372646,-0.011455859,-0.754319370,1.435678840,0.210872412,-0.354027510,2.126904011,-0.555871010,-1.972568750,2.789819241,-2.730777264,0.346226960,1.082936645,-3.721476793,-1.432798266,2.396246195,-0.454964578,1.106879115,-0.233355954,-1.210420728
192,3839.990,1786878699411.472,13487229.407,0.000000000,-2.533620834,-0.924309492,2.675600290,-7.236147881,1.503047585,-0.518001258,-2.112220049,-2.388722420,-1.097690701,5.127636909,-0.963259935,-0.282391638,1.859341145,0.658325434,-0.755820394,2.350554943,-0.722329795,-2.553633213,2.523708820,-2.921348572,0.032416709,1.338484526,-4.475667477,-1.318077564,2.711794853,-0.038998440,1.088597775,-0.176908806,-1.580236554
193,3859.988,1786878699431.470,13487249.405,0.000000000,-2.863500357,-0.934735596,2.550730228,-7.660036087,2.815556288,-0.485104144,-1.652412772,0.388674140,1.826936960,1.744190097,-4.745981216,0.038850378,2.121573448,0.821696997,-1.241785765,2.675592899,-1.016685724,-2.667802095,2.562126160,-3.251348734,-0.279238969,1.311270833,-5.166854858,-0.793342233,2.788407564,0.185172662,1.143356800,-0.033222243,-1.774731874
194,3879.989,1786878699451.471,13487269.406,0.000000000,-2.003094912,-2.091060638,2.593232393,-7.551794529,3.430141449,-0.561126530,-2.469972372,0.108721636,0.735011935,3.359758139,-0.246659383,0.659049630,1.178532481,0.819984555,-0.500526845,2.782463074,-0.837386847,-2.592845201,2.555680513,-3.516133547,-0.446929455,1.277330875,-5.098787308,-0.380149871,2.622024298,0.118966937,1.246588826,-0.007998160,-2.076009512
195,3899.990,1786878699471.473,13487289.408,0.000000000,-1.520483732,-1.531147838,2.494901657,-5.067944050,3.283132315,-0.151031613,-1.761946201,1.702184677,-1.353990793,3.665240049,0.415825516,0.678201258,1.147943258,2.310424328,-0.129000023,2.566536665,-1.169649482,-2.204552889,2.835096598,-3.515185595,-0.625638843,1.403487682,-4.189275265,-0.019112634,1.858181953,-0.010597714,1.003770471,0.076315545,-2.254950285
196,3919.989,1786878699491.472,13487309.407,0.000000000,-1.000123739,-1.176202059,2.935425997,-1.996818066,2.873452187,0.014729309,-1.350149155,2.349514008,-1.763913274,3.082063437,0.671506107,0.688033462,1.629967093,2.203545332,-0.102619387,2.485247850,-1.327257991,-1.492950201,3.101362467,-3.022021532,-0.521856546,1.548286080,-2.809862614,0.299603403,1.125188589,-0.522001028,0.765811443,0.310849816,-2.209044456
197,3939.989,1786878699511.471,13487329.407,0.000000000,-0.001818540,-1.037414789,3.011273146,1.245733023,2.263144493,0.308023930,-0.379903704,2.094080448,-1.784775138,2.451049566,0.628330290,0.761622131,2.065375328,1.819618702,0.533717990,2.053208113,-1.384722114,-0.714093089,3.368757963,-2.261732340,-0.089817919,1.520304918,-1.540216327,0.133571371,0.289098680,-1.068964839,0.442416430,0.271214694,-1.875848889
198,3960.004,1786878699531.486,13487349.421,0.000000000,0.541179001,-0.537153661,2.903856993,3.784323692,1.587382913,0.493179798,0.269137859,1.540305614,-2.142645121,1.801349521,0.610266209,0.584742546,2.574104786,1.634897709,0.416611522,1.606644869,-1.046896815,0.009921096,3.292913437,-1.346157551,0.570730090,1.324325323,-0.280647695,-0.271019638,-0.509297252,-1.251166940,0.132280722,0.072196230,-1.535547376
199,3979.988,1786878699551.470,13487369.405,0.000000000,1.027863860,-0.085464492,2.430480957,5.317884445,0.845207155,0.555476010,1.019684911,0.757118702,-2.666706800,1.291793108,0.081666380,0.240214124,2.990828037,1.478327870,0.104619995,1.318107367,-0.094497979,1.122379661,2.480313063,-0.263484806,1.248342991,1.099878192,0.653932452,-0.717861533,-1.372738481,-1.053135395,-0.037203025,-0.056487322,-1.220215440
200,3999.987,1786878699571.470,13487389.405,0.000000000,1.203385234,0.965141416,1.410467863,6.411092281,-0.197242409,0.398618013,1.487296581,0.846353173,-2.853343725,-0.280161440,-0.492868334,0.190251857,-0.605069280,3.736879349,0.187795877,-0.577816606,-5.830750465,2.257743597,6.638105392,0.513394892,-9.397953033,22.468364716,-3.214174271,1.354509234,-1.038642406,-3.032621622,-0.823557854,-0.695068836,-0.664530754
201,4019.990,1786878699591.472,13487409.407,0.000000000,1.480646253,1.070617557,0.448189408,6.427751064,-1.678307772,0.092646919,2.363569498,0.285353690,-2.613815069,-0.342927784,-0.159478992,-0.296570718,1.090960264,2.827528000,0.466185510,-0.851654649,-0.980296373,1.801219106,0.329089552,1.428057432,-4.341989517,24.115795135,-1.686632872,-0.402062058,-2.045921326,-2.259422064,-1.378684402,-1.863416553,-2.020044088
202,4039.987,1786878699611.469,13487429.404,0.000000000,0.431696951,1.027510881,-0.335489362,5.882342339,-2.359251738,-0.440478086,2.322269440,0.057010274,-2.356055975,-0.106661811,-1.427310824,-0.372295469,0.269077688,2.289330721,0.041791003,-2.581580639,1.014102221,2.486431837,6.761610985,-2.702450037,-8.637557983,1.389104486,-3.657213688,-0.405093253,-0.563210487,-1.112051487,-2.204101324,-2.094144821,-1.996925354
203,4059.989,1786878699631.471,13487449.406,0.000000000,-0.059435986,1.579683661,-0.385128468,5.291698933,-2.491395950,-0.338304162,2.628516912,0.503165066,-1.731574178,-0.131619453,-3.219671726,-0.141484186,0.438704669,2.283829689,0.234937653,-0.897945821,-0.029491320,2.440854788,3.596565247,-0.668089092,-9.285879135,-2.501103878,-3.845599174,-1.500506639,-0.671158016,-1.849120259,-1.853868842,-2.072111368,-1.952726245
204,4079.986,1786878699651.469,13487469.404,0.000000000,-0.568005502,1.839215755,-0.908313513,4.768113136,-2.737684011,-0.137023300,3.025685787,1.095208049,-2.491497755,-1.170976877,-1.639702797,-0.470994204,1.417109370,2.816214323,-0.494859338,0.209148869,1.229469776,2.778479099,-0.898277581,-0.214616895,-9.027940750,-2.939228773,-2.641134024,-3.565620422,-1.390813828,-2.058337450,-0.769993603,-2.200263977,-1.996726632
205,4099.986,1786878699671.469,13487489.404,0.000000000,-0.310496837,2.713338137,-0.524809539,4.112186432,-1.599039316,-0.034043476,2.970383644,1.636355877,-2.716888428,-1.926743627,0.004756129,-0.824371755,2.323701620,2.266590118,-0.537172616,0.445662111,2.180128813,3.646178961,-3.266568184,0.158261195,-8.556923866,-3.465076923,-1.889605761,-4.598600388,-2.149708509,-1.626207113,-0.236730173,-2.117947340,-1.903147340
206,4119.986,1786878699691.468,13487509.403,0.000000000,0.044625953,3.943773031,-0.243498802,3.455865622,-0.578173220,0.193965793,2.284167528,2.419198513,-2.649540424,-2.296411753,-0.597060263,-1.346260071,3.118793726,0.493126124,-0.114841066,0.144941822,2.967398167,3.846070528,-3.376115084,1.007061243,-6.768616676,-4.599104404,-1.337705731,-4.965590477,-3.070585489,-0.309560090,-0.028235856,-2.006594181,-1.382328868
207,4139.986,1786878699711.469,13487529.403,0.000000000,0.134834170,4.173005581,-0.681640327,2.673585892,0.613723695,0.006367629,1.513507843,2.576041460,-2.457872152,-2.774880409,-1.760370851,-1.477463603,2.607619047,-1.487393022,0.797220528,-0.237170473,2.813539505,3.728487730,-1.007086396,1.329770684,-7.178662300,-4.304595947,-1.658014178,-4.507468224,-3.191235781,0.866796792,-0.006549864,-1.926654816,-0.953071833
208,4159.987,1786878699731.469,13487549.405,0.000000000,0.240048498,3.726198673,-1.316676736,2.772104740,1.244917274,-0.256401420,1.335160017,2.483954430,-2.171402931,-4.027260303,-0.038160790,-0.812238395,1.879166603,-2.733322859,1.630866528,0.063549049,2.880412102,3.171387196,0.117620446,1.177936077,-5.291738987,-5.654410362,-2.160732985,-4.317061901,-2.839062691,2.022176981,-0.012338544,-1.974936962,-0.543727636
209,4179.987,1786878699751.470,13487569.405,0.000000000,-0.095500246,3.078438759,-1.728715777,3.441953421,0.826386690,-0.625553787,1.298715591,2.280984163,-2.064602137,-5.037538052,0.071861058,-0.232888252,1.201317430,-3.204071283,1.615996242,0.632712901,3.188896656,1.824558139,0.295186907,1.681045651,-3.400342464,-4.310554981,-3.279548883,-4.055399895,-1.552125812,3.205649137,-0.008954927,-2.144461632,-0.164194167
210,4199.989,1786878699771.472,13487589.407,0.000000000,-1.084200501,2.028680086,-1.557981491,3.633394480,-0.918353260,-1.063395619,0.873891711,1.532246709,-2.029287100,-5.808791161,0.044838589,-0.020335149,0.505756497,-3.382925034,0.654708862,0.238228232,3.340539455,0.657588184,-0.351616681,1.338439703,-0.376430243,-1.856945276,-4.844717503,-3.603075743,0.016066825,3.252935886,-0.014412421,-2.131793737,0.056807864
211,4219.990,1786878699791.472,13487609.407,0.000000000,-1.449336886,0.523747623,-1.052856922,3.140718222,-2.132901907,-1.337749839,1.184732318,0.515752494,-2.138269901,-6.480109692,0.061697505,0.214936391,-0.103221439,-3.244857550,-0.170423925,-0.217016220,3.737497807,0.600362957,-0.090085611,1.939063668,0.163002670,-1.957423925,-5.213966370,-3.342305183,0.609235346,3.100137234,0.200742945,-2.113530636,0.014465194
212,4239.989,1786878699811.471,13487629.406,0.000000000,-1.673046589,-1.193434834,-1.510952353,0.635867894,-3.734419823,-0.406233400,1.201900840,-0.284777254,-2.421369791,-6.994628429,0.031195661,0.499882936,-0.807985425,-3.495490551,-1.167473316,0.538252652,4.015416145,0.095420852,0.013538603,2.135182858,0.152330935,-2.060897112,-3.592760563,-2.750552177,0.415625989,2.629363537,0.682753086,-1.870238781,-0.702384949
213,4259.988,1786878699831.470,13487649.405,0.000000000,-0.586758137,-2.450235367,-2.100958586,-1.782196403,-3.331336737,-0.026412712,2.076703787,-0.633334577,-2.866692066,-7.754995823,0.027571095,1.118089676,-2.645291805,-3.665718794,-1.320107579,3.048209667,3.772734642,0.108909726,0.625572801,1.802298307,0.067344002,-2.023973227,-0.618802667,-1.488261342,0.420698076,2.033657551,1.445262194,-1.699968934,-1.840674877
214,4279.988,1786878699851.471,13487669.406,0.000000000,0.007484546,-3.093029976,-1.354957938,-2.444182873,-2.481040955,0.314317137,2.713005304,-1.112796187,-3.535591841,-8.516769409,0.047719177,0.468894631,-4.217196465,-4.028140068,-2.018296480,5.029345036,3.374728441,0.788206279,1.033714175,1.463758349,0.062059734,-1.958730340,1.416565776,-0.617287457,1.302396536,1.523988605,1.397335768,-1.538015127,-2.105428696
215,4299.989,1786878699871.471,13487689.406,0.000000000,0.427427471,-4.198786259,0.023931110,-3.773213148,-1.926870465,1.069237709,3.840994835,-2.354927063,-5.206739426,-9.205058098,2.957601547,3.360377550,-6.174878597,-3.842497349,-2.791339159,5.208661556,2.795601368,2.141013145,1.430588722,1.833064437,0.065520942,-1.864750624,2.382977486,0.135594979,2.198377132,1.083296895,1.261356831,-1.253540516,-1.443933487
216,4319.989,1786878699891.472,13487709.407,0.000000000,0.700525045,-3.300396919,3.649655104,-3.454396248,-0.033726059,0.278428823,4.779804707,-3.344524622,-5.917002201,-7.934233189,6.960829258,6.189236164,-6.142218113,-3.844166279,-3.198595285,3.626956463,2.588677883,3.468714237,1.564428926,3.095347404,0.038891666,-1.415151834,1.993548274,0.658100665,2.712969065,1.036385417,0.788056612,-0.744173348,-0.264468163
217,4339.995,1786878699911.477,13487729.412,0.000000000,1.793376446,-3.222007036,3.237247229,-3.507228374,0.138279155,0.327101678,3.892739296,-4.382196903,-1.777427912,5.320912838,16.465858459,1.596897244,-5.946967602,-2.541384459,-1.908787370,2.398334265,1.198559642,4.324554443,0.957267225,3.761191368,0.020381248,-0.402216256,0.133546859,1.466994643,2.864655256,0.572132170,0.825780094,0.148006469,0.774584472
218,4359.990,1786878699931.473,13487749.408,0.000000000,1.025023580,-1.171033621,-0.706105292,-2.495547771,0.077243775,0.123930812,3.273964643,-0.344449669,3.426145792,11.086009026,7.124287128,-0.225091442,-5.773935318,1.214922428,-0.750140905,0.433306158,-0.156656593,3.447257042,0.869467854,3.764239550,0.023864424,0.840251148,-0.444420904,1.289085984,3.213985443,1.003508210,1.589428782,0.019126195,0.196373150
219,4379.991,1786878699951.474,13487769.409,0.000000000,0.022690605,0.076275691,-3.145495415,-2.918577433,0.673317909,0.360657454,2.699637890,1.881068826,5.729748249,11.093187332,3.273426533,-0.234920144,-5.767808914,2.559653997,0.394699126,-0.274773329,-0.976294816,2.088933468,0.508141100,4.842447281,-0.159826130,2.278132677,-0.126249164,-0.300028920,3.929553032,2.441415071,1.069030881,-0.632182240,-0.820193768
220,4399.992,1786878699971.474,13487789.409,0.000000000,-1.423435330,0.621027589,-4.777762413,-2.676452160,1.804165483,-0.082818471,2.062001944,2.571134567,6.834122181,9.381741524,1.256524444,-0.150976628,-4.975374699,3.261722803,0.714017093,-0.933523953,-0.339216769,1.734165430,-1.061198354,6.649143696,-0.060027514,2.851833344,0.365523160,-2.033748627,4.686088085,4.628205776,0.058721222,-0.859855831,-1.102091432
221,4419.990,1786878699991.472,13487809.407,0.000000000,-2.318859100,1.793198466,-4.655801296,-2.462562084,1.313547492,-0.784484744,1.588619947,1.491783142,8.053133965,7.359040737,-0.298497796,-0.155173808,-2.914935589,3.461786985,0.525184989,-1.836090446,0.823223650,1.471930146,-2.626325846,8.252615929,0.064040571,1.615800142,1.365410328,-3.089700699,4.875917912,6.746232986,-0.611081958,-0.357969314,-1.313599467
222,4439.990,1786878700011.473,13487829.408,0.000000000,-2.526086569,2.252664804,-3.951298952,-2.014868498,0.545330644,-1.330500603,1.747238636,-0.550053120,8.664785385,5.047502518,-0.622735023,-0.141315714,-1.945382833,3.372172117,0.519157648,-2.080151558,1.280433655,1.225342512,-3.219969273,8.175725937,0.176089466,-1.393889904,2.344164610,-2.187887430,4.377810955,8.184369087,-0.585857093,0.701898932,-1.204923153
223,4459.987,1786878700031.470,13487849.405,0.000000000,-2.813814878,2.055431604,-2.898864746,-0.905807674,0.439267039,-1.284344077,1.590366006,-2.172268867,8.611330032,2.694655418,-0.582974136,-0.102231845,-2.601674080,3.389821291,0.686225295,-1.858294487,0.738757849,1.268538117,-3.121246338,7.088688374,0.456531852,-4.268386364,2.997938633,-0.268582255,3.537628889,7.834815979,-0.424980581,1.883679867,-1.254356503
224,4479.986,1786878700051.469,13487869.404,0.000000000,-3.112553120,1.877762079,-1.602701306,0.678825676,0.609331489,-0.628147244,0.652553201,-3.332243204,8.485750198,1.559779525,-0.670738041,-0.039422065,-3.508529425,3.134609699,0.911612570,-1.795648813,-0.381305039,1.360678196,-2.648250103,6.265484333,0.422438294,-4.719379902,3.707111120,1.340344548,2.449684858,6.138237476,-0.390140474,2.266322851,-1.512970567
225,4499.988,1786878700071.470,13487889.405,0.000000000,-3.416761875,0.513679504,-1.242697954,2.542992592,1.284693599,-0.272591919,0.005602532,-3.184258461,8.557168007,-0.053927004,-1.337026834,0.005650810,-5.209002018,3.213225365,1.475880623,-1.230773211,-2.041768312,1.718138456,-2.478492260,4.916645050,0.031887732,-4.335859776,4.559821129,2.166825533,0.975784242,3.307490587,-0.638395190,2.191555738,-1.941581845
226,4519.989,1786878700091.471,13487909.406,0.000000000,-3.202552080,-0.819585204,5.612772465,1.953611374,-0.815657020,-3.265195847,-0.844405413,-3.983968258,7.739585400,-2.065493822,-1.850127101,0.011975969,-5.950650692,3.065210581,1.868768573,-1.237426996,-2.683661938,1.397512436,-2.728453636,4.169825077,-0.419059038,-3.911180973,4.519018173,2.109767437,0.346403360,0.661650300,-1.111235261,2.117869377,-1.707435966
227,4539.992,1786878700111.475,13487929.409,0.000000000,-1.260905504,-1.177619576,4.921145439,3.339211941,0.548606753,-0.250214517,-1.654696345,-4.344996929,7.240206718,-3.892710447,-2.276743889,-0.013741493,-4.373339653,1.888415694,3.123947382,0.037955519,-2.107438564,1.061269999,-4.209247589,3.399311543,-0.665778756,-3.391417503,3.920037508,2.935783386,0.635540783,-1.412244201,-1.540830016,2.490963459,-1.181338429
228,4559.991,1786878700131.474,13487949.408,0.000000000,-0.745043337,-2.182114840,-1.182392836,4.226538181,0.337901205,1.712879658,-3.021404743,-4.404500484,4.377767086,-4.755883694,-1.467920184,0.008707762,-4.301374435,0.683895588,2.088833570,2.382122517,-1.428559899,0.199632451,-6.107328415,2.494208097,-0.253925860,-2.883664608,3.120160580,5.004518509,1.874837279,-3.882082701,-0.849309027,2.864275217,-0.468398243
229,4579.988,1786878700151.470,13487969.405,0.000000000,-1.883788347,-3.016270399,1.300550818,2.529100180,0.596782148,-2.354937792,-3.939555883,-3.603295326,1.618282199,-4.863739491,-0.534426630,0.027942786,-5.673219681,1.210545778,0.647838116,3.360517740,-1.817473173,-1.138819098,-6.652094364,1.416200161,-0.291422486,-2.633583784,2.296198130,5.949120522,1.960028172,-5.813853264,-0.593351245,2.988975048,0.080063224
230,4599.988,1786878700171.470,13487989.405,0.000000000,-2.154506445,-3.205641031,0.588746667,1.942172050,1.030842543,-2.237342834,-4.566983223,-3.056206703,-0.188884392,-4.248169899,-0.366714060,0.027792742,-8.076884270,0.978960216,-0.003845539,3.240351677,-5.203646183,-0.129267722,-1.191854119,-2.120536327,0.483539522,-2.262349606,-0.231282905,7.937270164,1.967048764,-7.315923214,-0.529643595,2.282676697,0.063685253
231,4619.986,1786878700191.469,13488009.404,0.000000000,-0.991868794,-3.553298712,-1.952502608,2.550195694,-1.259642601,1.040089011,-3.782757998,-2.651621580,-1.313762188,-4.420462132,-0.430047482,0.006590921,-8.454272270,-0.735710680,-0.002667202,3.040973425,-5.853485107,1.530015349,0.245092630,-2.529526949,1.586460352,-1.917397857,2.229381084,9.154455185,0.950201988,-6.410258293,-0.754015565,2.298349857,0.134391755
232,4639.987,1786878700211.470,13488029.405,0.000000000,-0.275865853,-3.701839447,-1.187620282,1.865126491,-1.006745458,0.601270080,-3.549582481,-1.991855621,-3.363319159,-5.279849529,-0.619817019,-0.017721238,-7.715714455,-1.832877278,-0.048303608,3.288060904,-5.445609093,3.559329271,-1.933527112,-3.052787781,5.453654289,-1.394995213,4.789939880,8.721170425,0.220512465,-4.625648975,-1.870453835,1.881330967,0.426387131
233,4659.988,1786878700231.471,13488049.406,0.000000000,0.100632265,-1.406914234,-1.626524806,1.747869730,1.198696494,-1.770152569,-4.125330925,-0.176841229,-4.710664272,-5.726641655,-1.154734373,-0.101931609,-5.546916008,-2.943342924,-0.089918137,4.229483604,-5.056799412,4.288629532,-4.685086727,-2.438334227,6.080805779,-1.411422610,6.865793705,7.728365898,-0.384649843,-3.309165478,-2.649065256,1.418570042,0.480908990
234,4679.986,1786878700251.469,13488069.404,0.000000000,-0.644037127,-0.971071124,-1.586733937,1.860835314,1.537265778,-1.979617238,-4.596261978,0.548111260,-6.360769749,-6.112115860,-1.320709109,-0.743894219,-5.044757843,-2.397673607,-1.064700603,4.681132317,-3.961464643,3.649430275,-6.464869022,-0.675372005,5.776257038,-2.233484268,8.282193184,5.577269077,-0.078078710,-2.503991842,-2.866149426,1.033002973,0.182742387
235,4699.987,1786878700271.469,13488089.404,0.000000000,-1.191073060,-1.160031438,-2.286514521,2.161638498,-1.252593756,-0.490262121,-5.218147278,1.078290701,-5.409128666,-4.557394505,-0.698407948,-1.393801808,-6.153439522,-1.715338945,-3.490989208,5.481238842,-1.405145645,3.356822968,-4.787750721,1.174755812,9.629534721,-2.603873730,9.086017609,2.952673197,0.815110326,-1.825910211,-2.542774200,0.671000063,-0.205570921
236,4719.992,1786878700291.474,13488109.409,0.000000000,-1.012948871,-0.757910669,-2.106032372,2.792097807,-0.544566214,-0.345968366,-5.868244648,2.494983196,-2.431746244,-2.390890598,-0.098057777,-1.567409396,-7.782870293,-0.956127346,-6.051299095,5.958681583,0.725538433,2.285804749,-1.752403378,1.731386542,13.442519188,-2.567092657,9.543328285,-0.729068518,0.608348668,-1.558982372,-2.173726797,0.176975578,-1.164702892
237,4739.988,1786878700311.470,13488129.406,0.000000000,-0.564080656,-0.556938350,-1.266468883,2.147250652,0.683029354,0.036129858,-4.998483181,4.292613983,-1.207743168,-2.206768036,-0.014875771,-0.658436179,-6.389445782,-0.710857689,-7.122488499,5.171379566,5.066917419,2.154261589,1.289999247,0.991009116,12.483660698,-1.782227397,10.613318443,-4.366035938,-1.194297433,-1.352243304,-0.867377460,0.441138834,-2.527158260
238,4759.987,1786878700331.470,13488149.405,0.000000000,-0.714604676,-0.026962208,-0.707419634,0.596067965,4.179827213,-0.042626161,-4.127240181,4.861347198,-2.296440840,-3.448611498,-0.576053202,0.043148614,-3.107627153,-1.053790092,-6.806894779,4.893530846,8.644622803,3.976648808,0.745160878,-0.930372655,10.130017281,-0.174711421,11.144735336,-5.606148243,-2.055516005,0.142439008,0.754543245,1.610510826,-3.070028067
239,4779.992,1786878700351.474,13488169.409,0.000000000,-1.070432544,0.321402818,-1.256928086,0.339229673,4.106955528,0.012364849,-3.943573475,4.853424549,-3.644092321,-4.483146191,-0.363266528,0.031310558,0.514559567,-2.229490042,-5.495337486,6.237967014,11.628706932,5.746587753,-1.324992657,-3.109037638,8.149698257,2.420436144,11.417202950,-3.953053474,-1.478521585,2.545272827,2.130691767,3.056416035,-2.411065817
240,4799.986,1786878700371.469,13488189.404,0.000000000,-0.805512011,0.301591009,-0.340044379,-0.876031280,4.085277081,0.060931716,-4.239436150,3.579399586,-3.273599625,-3.223313332,-0.552865565,0.068448201,4.132872581,-4.107861042,-3.710694551,10.208398819,14.439251900,9.627568245,-3.167231560,-4.035564899,7.106541634,4.872000694,6.569381237,-0.189506575,-1.505429626,-4.169123650,4.726516247,5.997630119,7.779456615
241,4819.987,1786878700391.469,13488209.404,0.000000000,-2.094522953,1.545648217,0.587344944,-1.608035207,3.798439026,0.122472189,-8.053678513,3.713990688,0.609028697,3.420204401,-1.258064389,0.006835710,8.653943062,-3.422444582,2.662535906,10.840447426,10.983860016,17.629482269,-4.949081421,-4.065475941,5.978909969,7.294598103,0.091384187,9.257131577,-2.387135983,2.278974295,2.906483173,3.422466993,6.929437637
242,4839.986,1786878700411.469,13488229.404,0.000000000,0.979396641,0.849031508,2.396209478,-6.383079529,4.483770847,1.605582476,-6.247430325,1.550944448,4.096108437,4.605628490,-1.725762010,-0.064158589,4.353053570,-4.227655411,4.340475559,0.653951645,0.671950579,10.215259552,-5.771291733,-3.248875856,2.296727180,6.666422844,-3.236898422,7.593671322,-2.574887753,1.213070035,-0.258656085,2.204297304,1.243086457
243,4859.987,1786878700431.470,13488249.405,0.000000000,-18.844287872,-1.160920382,-4.783229828,15.768394470,-5.083717346,-1.397245169,-18.976785660,1.359930873,6.545218945,19.575950623,-7.949776649,2.741322994,-3.761510372,-0.141728371,-14.006505013,4.663992405,-0.402117431,3.389525175,1.267331958,2.570217609,-2.459109306,0.931739271,-0.416163415,-2.086908340,6.534772396,5.987792492,-3.915894747,-3.232181311,-5.195362091
244,4879.989,1786878700451.471,13488269.406,0.000000000,-7.638817787,0.592598736,0.501999140,10.403800011,-0.757270992,-1.658598900,-8.500854492,0.082928985,0.041594978,14.371645927,-1.524961233,-0.363930762,1.922604561,-0.770572007,-2.513880730,-0.845354915,-0.752747655,5.292675495,7.744549751,3.036158323,-4.346313000,2.273894548,-3.004417419,-3.700900555,5.972967625,7.795824528,-5.945162773,-3.580436230,-9.114385605
245,4899.987,1786878700471.469,13488289.404,0.000000000,-2.779485703,1.820529342,1.158728361,6.993450165,-4.285195827,-0.329969764,-4.774539948,0.207767978,-0.362793148,9.531627655,0.429737985,-1.124975681,8.375805855,-2.435285330,1.380693197,-3.470558167,-0.242685676,5.179076672,10.234932899,2.645112991,-1.817365050,1.367272019,-1.390657544,-3.517859936,1.065484643,6.813792229,-4.903458118,-1.575565219,-5.030609608
246,4919.987,1786878700491.469,13488309.404,0.000000000,-2.553701878,2.492150307,0.323332846,5.352010250,-3.149788857,-1.732495070,-4.076047421,0.676242828,-0.546942353,6.623724937,-1.938434243,-0.602842510,9.391987801,-2.056678295,1.860967994,-1.958320141,0.984472811,4.018870831,7.146308899,2.376285076,2.168456316,0.494601399,-0.174185097,-2.867239952,-1.648435950,5.731077671,-3.015344620,-0.063527919,-1.622871041
247,4939.987,1786878700511.469,13488329.405,0.000000000,-1.746120930,1.964117289,0.125670597,4.378064632,-1.675152540,-2.535121918,-2.665895224,-0.498857915,-1.925010800,2.825923204,-4.176639080,-0.887812555,8.393836975,-1.211859465,3.221575499,0.259498715,2.025136232,2.385076046,3.357884407,2.395395994,2.982279778,0.057214744,-0.129242778,-2.323220730,-3.411190987,4.816000462,-1.853328943,0.483450323,0.118362471
248,4959.987,1786878700531.469,13488349.404,0.000000000,0.452500969,2.843274832,4.052175045,2.740456343,-5.733601093,-2.042755604,-1.078616381,-1.953487754,-2.537218809,0.471211463,-6.468998432,-1.486573339,6.952962399,-0.519841254,5.636440754,2.393630743,2.337845802,1.864990711,-1.180866480,2.132871628,2.808326960,-0.317364722,-1.267085671,-1.768178463,-4.089564800,3.942129374,-0.374552488,1.024169803,0.902223408
249,4979.986,1786878700551.469,13488369.404,0.000000000,0.991739869,4.579930782,7.850791454,0.161909819,-5.662014961,0.889608681,-0.697747350,-2.474435091,-2.983147383,-2.299890757,-6.663277626,-1.198814988,3.979398489,-0.027765412,4.929828167,5.386421680,2.187782526,1.728067875,-5.126824379,1.982613564,2.416902781,0.032829192,-2.282994747,-0.998220325,-3.211552382,3.171870470,1.052344680,1.356369495,1.190218568
250,4999.990,1786878700571.473,13488389.408,0.000000000,1.075197577,3.384478331,5.587379932,2.983955145,-2.382349491,0.319585174,-2.180124998,-0.413030416,0.778867960,0.647290230,0.935348213,-0.305274814,5.451658726,-0.689878106,6.556584835,5.676125050,1.844341159,1.023570418,-6.571155071,1.800019741,2.603385210,0.273943514,-3.030181170,-0.733512342,-2.658796787,2.933124065,2.605785131,0.465540826,1.026005983
251,5019.990,1786878700591.473,13488409.408,0.000000000,1.522870898,4.392944336,3.894907236,4.026241779,-2.171932459,-1.210439563,-2.269116402,1.189448118,0.174185067,3.633916616,-0.075672887,0.893163562,4.254792213,0.835536897,4.793582916,6.619076252,0.672096848,0.346761972,-7.221567154,0.328878611,3.919046164,0.512414694,-3.312942266,-0.097184889,-2.050331831,3.351811886,1.743243337,-0.624329269,1.210760951
252,5039.989,1786878700611.471,13488429.407,0.000000000,1.994660258,3.900388956,4.814073563,2.389756441,-1.495094538,-1.224351048,-2.147579670,3.294150352,2.404772282,-2.204814196,17.829343796,1.069674134,4.847233295,-0.941681921,3.543693781,5.875062943,0.113917887,-0.102535240,-8.053483009,-0.123993389,5.853279591,0.620122731,-2.188930750,1.348767638,-2.252813578,2.711310387,1.286162376,-1.248977661,1.414637923
253,5059.987,1786878700631.470,13488449.405,0.000000000,1.469551921,2.237888098,4.372030735,0.762842298,0.747605443,-1.316044569,-3.298884630,6.186867714,5.332581043,-1.156759143,2.398532629,0.028360587,6.387154579,-3.527832508,2.427947998,3.314008951,-1.155130506,-0.495333999,-7.629866600,-1.263802767,7.070588112,1.886683226,-0.889847279,3.141846657,-2.785235405,2.399087191,-0.279703021,-2.320020437,1.888292789
254,5079.987,1786878700651.469,13488469.404,0.000000000,2.751037836,-2.847855806,-4.873793125,-2.028996229,2.282371521,-1.053246498,0.666800320,7.411577702,5.520457268,-4.361219883,3.343242884,-0.133344397,4.780760765,-0.716659784,1.552862048,1.475075603,-4.772550106,-0.491886050,-4.988929749,-0.339411199,6.400729656,2.154188633,-1.768407226,3.235090017,-1.176520348,2.305410862,-1.659035206,-1.823607922,2.688755512
255,5099.987,1786878700671.469,13488489.404,0.000000000,1.587350368,-5.407683849,-10.585808754,-1.688354135,-0.710914910,1.119730592,3.638488531,5.569872856,5.723798752,-6.992054939,4.535523415,0.560967088,-0.787661731,0.666087151,0.218961805,0.380902499,-6.253934860,-0.113568246,-2.249490976,-0.503117561,5.940637112,1.437805891,-2.854393005,3.897801876,0.250335902,1.081217051,-2.558431864,-1.226461768,3.207648993
256,5119.987,1786878700691.469,13488509.404,0.000000000,-0.350152820,-9.045479774,-10.707894325,0.309532791,3.228432655,2.798073530,4.313636780,2.418753624,7.497449875,-9.031532288,3.824290037,0.879042566,-5.903713226,-0.372326195,-1.225669503,-0.250208229,-4.716392040,-0.024589276,-1.304111362,-1.166100860,6.140569210,0.096053027,-1.642609000,4.399484634,1.917235136,-0.466052413,-2.820010900,-1.804274201,2.906925678
257,5139.989,1786878700711.471,13488529.407,0.000000000,0.119904682,-4.431469917,-2.828308821,0.820666134,0.852867424,1.515970945,-1.319812417,2.024086237,-1.994515896,4.877777100,-3.862727165,-0.893764317,-5.930888653,3.299201250,-2.369848490,-1.137937069,0.647337139,-3.667193413,-0.013528510,-2.464061499,5.757544518,-1.203071475,0.826008797,1.539241552,3.455491543,-2.131319761,-2.719756842,-2.976088285,1.666932821
258,5159.989,1786878700731.471,13488549.406,0.000000000,-1.312408328,0.329310417,2.113862514,1.468897700,-2.719351768,2.823345900,-2.694439411,-0.385293365,-7.607412815,10.983384132,-4.890655041,-1.096316338,-3.489150286,4.697445393,-3.269625425,-2.556041956,2.449740410,-3.656314373,-0.191787094,-2.757429838,0.553984284,-1.959948659,3.828630686,-1.977417111,3.705203056,-3.840800047,-1.139834166,-2.802721262,0.037398495
259,5179.994,1786878700751.476,13488569.411,0.000000000,-0.607608914,3.490254402,6.563080311,-2.990621567,-2.565148354,1.429236650,-0.744754434,-2.132014751,-4.247210979,8.862366676,-6.218536377,-0.848859906,0.951893091,3.443327904,-4.631989956,-3.970353127,1.803481221,-1.811531544,1.320892334,-1.732796073,-6.345229149,-2.226174355,5.632769108,-4.057616711,2.332483530,-3.536968231,0.550775826,-1.737852454,-1.205480576
260,5199.993,1786878700771.476,13488589.411,0.000000000,2.317267656,1.470959187,6.971381187,-5.187232494,-3.500992775,-0.599849582,1.692308784,-5.313169003,-1.297624111,2.727730513,-3.783553362,0.129180685,3.011985302,0.853861094,-3.615877628,-3.761172056,0.736849010,-1.796128869,1.673669934,-0.550250947,-10.895429611,-1.373277545,5.044446945,-3.748679399,1.041833639,-1.574594498,2.770105839,-0.139689088,-1.486781597
261,5219.992,1786878700791.474,13488609.409,0.000000000,3.724015474,-1.040023685,5.088904381,-4.717802525,-1.746227980,-1.682675242,3.273679733,-6.819095612,-0.365383089,-3.188139915,-2.747058630,0.483184606,1.717433691,1.202382803,-1.239991307,-3.011134148,-0.124308221,-2.423406839,-0.968954623,-0.054884728,-8.622312546,-0.147448465,2.378067970,-2.957267284,0.238403872,-0.198254332,2.515918016,1.184126377,-0.759633541
262,5239.991,1786878700811.474,13488629.408,0.000000000,3.657880068,-1.189203739,3.449809551,-2.418639421,-1.272283316,-1.420722961,3.236856222,-6.865550518,-1.942202806,-4.522397041,-2.740111113,1.287205100,-2.573235273,2.961250544,0.282983512,-2.116127491,0.101527281,-1.891878843,-3.298450947,-0.476016730,-6.593965054,0.565562248,-0.620819330,-2.190629721,0.401438206,-0.606354535,0.899081647,2.163217783,0.002391856
263,5259.993,1786878700831.475,13488649.410,0.000000000,1.923838496,-1.014740109,0.610456705,-0.074401587,-1.434078693,-0.655265093,2.725688696,-7.029705048,-4.726160049,-3.745300293,0.296249539,1.894161940,-8.289351463,3.465016365,0.995157003,-2.320226908,2.020130634,-0.317868203,-3.548908710,-0.712930441,-5.639582157,0.593151212,-2.691154480,-1.172241569,0.975328267,-0.911867976,0.873381197,1.590825200,0.648010075
264,5279.990,1786878700851.473,13488669.408,0.000000000,0.869432926,-1.164732218,-0.445702672,0.868583560,-1.441427112,0.123056121,2.105094433,-6.630709171,-5.739720345,-3.282063723,2.567383051,1.034571886,-9.796615601,2.527514219,1.467312336,-3.437472105,4.283973694,0.317842811,-1.954427361,-0.180088654,-5.280655384,0.483294517,-2.887821913,-0.517164409,0.698410273,-0.400790989,0.543141484,0.307410479,0.599362850
265,5299.992,1786878700871.474,13488689.409,0.000000000,0.399090230,-1.302743316,-1.244643569,2.458798170,-1.364849448,0.400545657,1.173417807,-4.630313873,-4.708585262,-1.537103653,2.918471336,-0.018658675,-8.863673210,1.256304741,2.055738926,-4.764782906,6.820884228,0.255045354,0.787763953,0.305226743,-4.179528713,0.168414786,-2.252794743,-0.404968888,0.008072421,0.497530669,0.568928778,-0.738785505,0.509139001
266,5319.989,1786878700891.471,13488709.407,0.000000000,0.157621503,-1.612932920,-3.240267515,3.802577972,-1.196619034,-0.072565138,-0.537515163,-1.432390690,-1.095049620,2.323400974,1.076685905,-1.126363158,-6.637771606,0.731284380,1.784721851,-5.091533184,7.356703758,-0.772332251,3.471249819,0.657493412,-2.873691559,-0.121102490,-1.069781065,-1.097012997,-0.898092926,0.955227852,0.320412546,-0.513591588,0.595151603
267,5339.990,1786878700911.473,13488729.408,0.000000000,-0.749401271,-2.409135818,-5.050002575,3.845722914,-0.166047752,0.152673230,-1.275729060,0.326546162,1.255554557,2.516802549,-0.596582115,-0.394841373,-4.676796436,1.148546219,-0.532360792,-4.816534519,4.611490250,-2.817772865,5.893489361,1.166149735,-1.548460841,-0.756780624,1.158667564,-3.004672527,-1.328808546,0.858447015,0.321018249,0.439346790,0.418927938
268,5359.990,1786878700931.472,13488749.407,0.000000000,-2.422679901,-1.974169374,-2.197389364,5.071221828,2.610931396,0.027364250,-1.048564434,0.295921177,1.988684654,0.117063202,-0.411356360,0.970241308,-2.816190958,1.343706489,-2.969048977,-4.177732468,0.709094524,-4.070983887,6.853871822,2.051090717,-0.545527220,-1.037243009,3.068816423,-5.075911999,-1.191834092,0.257226080,0.297135383,1.654286385,0.094390094
269,5379.988,1786878700951.471,13488769.406,0.000000000,-2.740964890,-0.209582403,-0.452199399,6.801471710,-0.506597042,1.585746646,-0.292752206,0.025100123,2.441562891,0.075928956,0.216257840,0.360634387,-2.054948807,1.699114084,-2.520946503,-3.864227533,-1.613070488,-4.177149773,5.941921711,2.317134380,0.107426643,-0.789886296,3.807323217,-6.333194256,-1.386776924,-0.862811983,0.158558309,2.411491156,-0.401435047
270,5399.988,1786878700971.470,13488789.405,0.000000000,-2.053712845,1.758201957,-1.309279680,7.329375744,-4.253829479,2.326639414,0.262963861,0.346414864,4.215939999,1.647509933,-0.096706174,-1.634418964,-0.736372650,0.612544179,-0.428257346,-4.835411549,-2.264171362,-4.351778984,4.829408646,2.589100361,0.037861113,-0.554929972,4.456081867,-5.786159515,-2.224010468,-1.126347899,-0.027537575,2.302564383,-1.151981592
271,5419.994,1786878700991.476,13488809.411,0.000000000,-0.390489727,3.703306675,-2.061079502,4.532410145,-4.668380737,2.123968363,-0.440429091,0.277788013,3.976550817,4.203657627,1.970927596,-0.336020947,0.985736907,-0.883634925,1.781533122,-5.059319973,-2.346198320,-3.592055798,3.879857540,2.326998949,-0.334072798,-0.367346048,3.778298140,-3.814902067,-2.170900822,-0.055336006,-0.025177648,1.892195940,-1.155654311
272,5439.992,1786878701011.475,13488829.409,0.000000000,0.623996079,6.004482269,-2.690931082,-1.565465927,-1.188689828,0.127328932,-1.919709802,0.738628626,2.281387806,6.810156345,5.239764214,0.220328704,0.628930688,-0.902790487,2.681516171,-3.985589027,-1.342110991,-2.092274427,3.209854841,1.821787238,-0.721125305,0.002934673,1.433741093,-1.969035745,-0.376870990,0.241824791,0.596574187,1.501372933,-0.779602110
273,5459.994,1786878701031.476,13488849.411,0.000000000,-1.153419375,6.897602081,-2.626375437,-5.004471779,1.442905664,-1.362531543,-1.378310204,0.438283592,-0.972771764,7.708826542,2.193819284,-0.157304242,-2.171647310,-0.633551061,1.591602325,-2.341914177,0.620578229,-1.208387494,2.471102238,0.970849395,-0.757465303,0.489645660,-0.323033869,-1.076861978,2.111634493,-1.159516096,1.102671385,0.743808389,-0.706302643
274,5479.992,1786878701051.475,13488869.410,0.000000000,-0.010851675,3.700712442,1.432255983,0.447808534,6.201943874,-1.651341438,-0.678024173,0.940021098,-1.606894851,3.811762810,-5.868339539,1.076153278,-2.412137508,-0.867977977,-0.018544096,-0.121895783,1.730243921,-0.765933871,1.781268120,0.817999303,-0.215602323,0.890250027,-0.738831282,-1.083563447,3.662489891,-2.755377293,0.519965351,-0.272676438,-1.024499178
275,5499.992,1786878701071.474,13488889.409,0.000000000,1.309289336,0.399395049,1.239750624,1.904025078,-1.582162976,-0.805221975,0.759898484,0.347815573,-2.836877823,1.027680278,-5.410797596,0.846265733,-2.974039555,-1.244156122,0.551742971,0.430005342,2.146468878,-0.394102633,1.523460507,0.485437363,-0.035126790,0.641618252,-1.103310823,-0.467025191,3.167754173,-2.675838470,0.344541341,-1.338749528,-1.247130156
276,5519.992,1786878701091.475,13488909.409,0.000000000,1.215117455,-1.380429387,-0.707604229,0.951670706,-1.616440892,-0.278150082,1.135812044,0.871974051,-3.812916756,0.226348802,-4.139400959,0.423267722,-2.786240816,-1.390066504,0.655024946,0.510177910,2.404892683,-0.066484660,1.164292574,0.256191194,0.079398774,0.120358877,-1.118585944,0.530935884,2.238529921,-2.046810865,0.058781646,-1.557680964,-1.443332911
277,5539.986,1786878701111.468,13488929.403,0.000000000,0.985232592,-0.995722830,-1.498232126,0.772544563,-0.310436994,-0.092891306,1.066287875,1.815808415,-2.111035347,0.828670681,-1.426018953,-0.028492926,-1.894829035,-0.347653449,1.442085385,0.194859907,2.075606346,0.203037351,0.685368299,0.446640939,0.144929364,0.014935556,-1.086197734,0.719971061,1.209432483,-1.489281416,-0.843427539,-0.908591211,-1.557025194
278,5559.991,1786878701131.473,13488949.408,0.000000000,1.087124586,-1.413320661,-0.818683147,0.732189357,1.352482080,0.296566695,0.272669375,0.797173262,-0.488852173,1.953795791,2.847130775,-0.896171272,-0.835288465,-0.686980247,1.937047124,-0.002066206,1.721913934,0.448544443,0.025156438,1.504962921,0.225885734,-0.015105071,-0.865249872,1.032165408,0.390085548,-1.219449162,-1.423473239,-0.032472704,-1.368471265
279,5579.989,1786878701151.471,13488969.406,0.000000000,0.318716288,-0.776454568,-0.473052144,2.234066010,4.492626190,0.234044507,-0.079347022,-0.306261659,0.386256546,1.891401529,4.516840935,2.152979851,-0.030160202,0.239929408,2.456410170,-0.329300642,0.560590029,0.375355959,-0.695017457,3.006102324,0.594529867,-0.331139654,-0.183220014,0.690353870,-0.518337786,-1.206049442,-1.535492301,0.783208966,-1.120965600
280,5599.990,1786878701171.473,13488989.407,0.000000000,-0.635537624,-0.464512736,0.476964176,3.568126202,8.619217873,0.571799517,-0.280729651,-0.968510628,0.583087206,1.934772015,7.605731010,2.660051584,1.002670765,0.402846634,2.309085608,-0.362190455,-0.119302191,0.167494148,-1.804453135,3.254420757,0.292461574,-1.001044512,0.311549634,0.789466619,-1.061543703,-1.128698945,-1.239970446,1.455142617,-0.707872510
281,5619.991,1786878701191.474,13489009.409,0.000000000,-2.775638103,-0.634589434,0.845823526,2.398206234,-1.151733994,2.676546574,-2.061633587,-1.305600524,1.215810418,1.995846987,9.533666611,1.387091398,1.722320437,0.101026855,-0.159175545,0.165803179,-0.212728590,0.144457161,-2.775476694,1.925748110,-0.505359590,-1.328661680,0.672096908,1.425017953,-1.215114713,-0.740361571,-0.620468795,1.384080291,-0.229920208
282,5639.988,1786878701211.470,13489029.405,0.000000000,-4.523402214,-0.005063346,-0.158477008,-0.766496539,-4.075333595,2.418016911,-2.117741823,-0.548419952,1.082386494,1.265650511,11.144869804,-0.317872345,1.252703071,0.244127214,-1.084194422,-0.003732918,0.298189551,0.542618871,-2.820389986,0.464732647,-1.253976941,-0.925693870,0.030048033,1.601574659,-0.721419811,-0.834434628,-0.555498898,1.292287111,-0.016704425
283,5659.990,1786878701231.472,13489049.407,0.000000000,-3.371507883,0.219344109,-0.972610772,-4.336884022,-2.685807705,1.432141423,1.797895312,0.358576328,0.547993362,-1.088715315,15.903709412,-4.714343548,-0.672240853,0.390689045,0.702978969,-0.871130824,1.242759347,1.129662275,-1.464478731,-0.776608348,-1.413838863,0.018526472,-1.738593459,1.028321385,0.360632986,-1.305200100,-0.576879203,0.691949189,0.291594207
284,5679.989,1786878701251.471,13489069.406,0.000000000,-2.846900225,-0.503426075,0.009490264,-2.843325138,-0.938475013,0.537010729,0.617922783,0.995367885,0.469148397,1.397103429,-10.622468948,-0.449118465,-0.674138546,-0.503004670,-0.626250923,-0.300329983,2.529367685,1.439357519,-0.426853776,-1.927965879,-0.681938231,1.367170215,-3.176486254,0.309541553,1.828785896,-2.253469229,-0.510716438,0.115710348,0.680530608
285,5699.987,1786878701271.470,13489089.405,0.000000000,-1.293894291,-1.368625045,-0.537594378,0.214822695,-1.714202404,-1.733920932,-0.270132869,0.455801934,-1.557489634,1.081494451,-15.281228065,-0.046853591,-0.198774412,-0.623912930,-0.589128435,-0.777829468,2.541151285,1.279792190,0.761833072,-1.449819326,0.227966994,1.696452737,-4.140734673,-0.689397097,1.850966692,-1.674944162,-0.052565172,-1.470519304,0.224716604
286,5719.989,1786878701291.471,13489109.406,0.000000000,1.532213569,-0.785530388,-0.693731666,1.473474503,0.161369830,-1.511279345,0.208130807,1.067795515,-2.669429541,-1.419682860,-9.845857620,-0.967510521,0.603153110,-0.347905129,0.837803841,-1.476420879,1.911451340,0.973353207,1.003380656,-0.253613979,1.159469247,1.251848817,-4.617528439,-0.885538578,0.878785312,-0.287313312,0.015871329,-1.983212233,-0.350954473
287,5739.989,1786878701311.471,13489129.406,0.000000000,1.190257311,-1.148447037,-0.973546982,1.321644902,-0.249988481,-0.909220159,-0.435023457,0.701717734,-3.323340416,-1.702804327,-8.043313026,-1.525058389,0.270716131,-0.287083983,0.473996013,-1.335797906,1.441458464,0.779799998,0.637674093,0.651066601,1.337910414,0.936446905,-4.062339783,-0.550653338,0.223487556,0.409580112,-0.001483080,-1.597815156,-0.783649385
288,5759.991,1786878701331.473,13489149.408,0.000000000,1.281056166,-1.319319844,-1.277702093,0.532364726,-0.257487208,-0.673177063,-0.891566932,0.758226752,-3.266921997,-1.546150923,-6.364878654,-1.235626340,-0.202757791,-0.101891726,0.691458583,-0.937159598,1.083938003,0.674987555,-0.024295403,0.897081673,0.951107204,0.858877063,-3.215013981,-0.251713395,-0.205884919,0.831628740,-0.397712976,-0.872197628,-1.022229195
289,5779.992,1786878701351.475,13489169.409,0.000000000,0.864856064,-1.181367993,-1.675907373,0.121147946,-0.269442111,-0.720142663,-2.310007334,1.370970726,-2.430075645,-1.750249624,-2.937771320,-1.560851216,-0.262639999,0.309045136,0.165408432,-0.144419044,0.877360106,0.561696470,-0.835125089,0.786910057,0.511851668,0.977810323,-2.074867487,0.080068618,-0.403680384,0.803366065,-0.597802222,-0.313161165,-0.875821888
290,5799.991,1786878701371.473,13489189.408,0.000000000,0.675084114,-0.993195474,-1.809334040,0.391102284,0.186995313,-0.746483982,-2.633319378,1.382055998,-1.090496898,-3.863530159,3.174237728,-2.410751343,-0.419084221,0.639124751,-0.023283271,0.481361330,0.497563839,0.516079068,-1.426211596,0.832851887,0.012843796,1.270232320,-0.914091527,0.343005925,-0.443130702,0.442981064,-0.867647529,0.167933524,-0.748293698
291,5819.993,1786878701391.476,13489209.411,0.000000000,0.689516902,-0.884314835,-0.850835800,0.782181144,-0.298674315,-0.330742896,-2.498634100,-0.167958379,1.148273468,-4.209423065,8.015646935,-0.777006328,-0.527478814,0.061676744,-0.661956191,0.492300928,0.094681606,0.071915977,-1.243548393,0.135187611,-0.820614100,1.495583892,0.445860565,0.565225720,-0.276604146,0.068914443,-1.096888185,0.475006282,-0.614382327
292,5839.989,1786878701411.472,13489229.407,0.000000000,1.830287576,-0.602133691,0.198922887,0.336356014,-1.724817753,0.004882994,-0.191414833,-1.926853418,2.813674212,-7.075147152,25.417406082,-1.297453046,-0.339836419,-1.077482224,-0.344632775,-0.660116971,-0.107508160,-0.802756965,-0.362486899,-0.720453143,-1.525825858,1.428649783,1.457906127,0.657897115,-0.167493239,0.159309492,-1.016601443,0.509251297,-0.170398846
293,5859.990,1786878701431.473,13489249.408,0.000000000,2.238207340,2.368464947,0.769962788,0.185056001,0.719112992,1.291398287,1.006829739,0.162658587,0.733223498,4.081203461,-2.865482569,-0.369480103,1.185483813,0.373757690,1.203958392,-1.697586179,-0.868977487,-0.781009495,0.569245517,-1.876145363,-1.693559647,1.214429379,1.191559911,0.211425260,-0.063436955,0.265381038,-0.835374713,0.846969604,0.500132620
294,5879.992,1786878701451.474,13489269.409,0.000000000,0.427047938,1.294985056,1.255528927,0.193250537,-0.132988304,0.476408541,0.292485297,0.675163329,0.950012922,2.842623234,-2.718558788,0.209945753,2.138726711,-0.042301193,0.507843077,-1.100345731,-0.730003119,-0.076473624,0.298670918,-1.334876537,-0.889997005,0.723784745,0.799461961,0.444774121,-0.052300226,-0.489628941,-0.454679459,1.371371388,1.480522037
295,5899.990,1786878701471.472,13489289.407,0.000000000,-1.634428978,0.963219225,1.723228455,-0.380915374,0.702067554,0.986792922,-0.363781154,0.649752200,0.607245743,1.388267756,-1.054552317,0.250225306,2.216133356,-0.315689385,0.225944296,-0.943431675,0.078174062,0.275156677,0.019833848,-0.687285125,-0.040870287,0.353189349,0.294391900,0.316355288,-0.524736941,-1.805291533,-0.735363901,1.139462829,1.799852371
296,5919.990,1786878701491.473,13489309.407,0.000000000,-3.174360037,0.834222913,1.036149621,-0.400525272,0.647275686,0.856021762,-0.459919691,0.349031091,-0.481345385,0.358427465,0.220557675,-0.011807274,1.786841989,0.050035398,0.035813838,-1.017911553,0.480774850,0.144191444,0.233260870,-0.097260267,0.503019869,0.328098834,-0.161566630,-0.070652723,-0.970055699,-2.092927456,-0.793467522,0.156485036,1.251343966
297,5939.992,1786878701511.474,13489329.409,0.000000000,-3.016027689,0.363228738,0.299019009,-0.511609018,1.004652262,0.812403858,0.211479723,0.058566663,-1.140686154,-0.191472754,0.715039134,-0.197393432,1.211162567,0.130175486,0.348616749,-0.723484576,0.980355024,-0.080111898,0.549708426,-0.387337685,0.545158029,0.529382706,-0.944645107,-0.282438219,-0.709288836,-1.444024086,-0.722155094,-0.469852895,0.597776592
298,5959.989,1786878701531.471,13489349.406,0.000000000,-2.802304745,-0.088100947,-0.391608328,-0.731179357,1.573019147,0.587968409,0.763744235,-0.167094022,-1.593299508,-0.476981312,0.673496306,-0.171695501,0.599730790,0.307152987,0.041000076,-0.159686700,1.113501787,-0.488204598,0.793533325,-0.296030253,0.513597727,0.761115611,-1.337339997,-0.350815982,-0.347130388,-0.233814210,-0.609588802,-0.849807560,0.129411042
299,5979.990,1786878701551.473,13489369.408,0.000000000,-2.169576406,-0.850836337,-0.875869274,-0.801339567,1.327872038,0.430457592,1.437995076,-0.487207443,-1.619679689,-0.485891789,0.098164022,-0.047834355,0.094050266,0.202422485,0.026738213,0.187889770,0.979960263,-0.571143627,0.557842374,-0.051578503,0.520691574,0.610713482,-1.283286095,-0.291379333,-0.311554998,0.449082226,-0.698879898,-0.937005639,0.024446622
300,5999.992,1786878701571.474,13489389.409,0.000000000,-1.489112139,-1.240570188,-0.703424811,-0.975097239,1.140664101,0.251888692,1.728390574,-0.521940172,-1.320033193,-0.330367953,-0.674965382,-0.059728898,0.082048669,-0.068103455,-0.531819165,0.497341275,0.596155703,-0.684667766,0.098239429,0.063396603,0.298727542,0.397616923,-0.540186822,-0.058023870,-0.521589935,0.946045458,-0.987874806,-0.803799629,-0.151845872
301,6019.993,1786878701591.475,13489409.410,0.000000000,-0.747491777,-1.288855672,-0.371721923,-0.816459954,0.382215291,0.088786662,1.735633016,-0.472334087,-0.947497904,0.079483613,-0.775365472,0.023633452,0.189123854,-0.356972665,-0.828435779,0.598316431,0.447613806,-0.667124689,-0.355708629,0.054606639,-0.001855608,0.430210352,0.009023182,0.079533748,-0.530038178,1.253077269,-1.013097167,-0.687133908,-0.117056601
302,6039.994,1786878701611.476,13489429.411,0.000000000,0.619385183,-0.933283448,-0.149257019,-0.932809711,-0.026213821,0.015231007,2.343082905,-0.014799128,-0.388020188,0.231669948,-0.937861145,0.447815001,0.264177948,-0.490216672,-0.144865930,0.342773199,0.442409724,-0.538898945,-0.133063644,-0.001193075,-0.561384201,0.939972878,-0.002968024,0.121695697,-0.308230519,1.457592130,-0.928800285,-0.505605876,-0.078948207
303,6059.992,1786878701631.474,13489449.409,0.000000000,0.852766633,-0.604920745,0.098450348,-1.085291982,0.298495740,-0.014108387,1.753063083,0.276424646,0.205738544,0.654285133,-0.497100562,0.424675882,0.490120113,-0.704915404,-0.239442557,0.228604779,0.414241105,-0.435662180,0.306178570,-0.079235807,-0.796023309,1.299105525,0.069292970,0.074572064,0.017839484,1.196659923,-0.534738243,-0.205173030,-0.004630408
304,6079.994,1786878701651.476,13489469.411,0.000000000,0.810328007,-0.473995239,0.014645429,-1.048670650,0.560638189,-0.146836057,1.407559276,0.137993395,0.062363461,0.908656478,0.047088429,0.022124311,0.315843284,-0.541843772,-0.024789479,0.149344131,0.373867840,-0.219322652,0.443653405,-0.143129498,-0.579999149,1.339607477,0.029834453,-0.142601728,0.038139012,0.482733667,-0.161892757,-0.040845539,0.109145261
305,6099.993,1786878701671.476,13489489.411,0.000000000,0.478329152,-0.351465017,0.004491716,-0.976861715,0.777648270,-0.111924350,0.929206431,0.037900820,-0.135709956,1.021749377,0.375546396,-0.180142850,0.242125869,-0.302708387,0.027732803,0.053755313,0.316356361,-0.082980968,0.203778177,-0.205983832,-0.146648154,1.100364089,-0.000035527,-0.447787046,-0.042567890,-0.169837579,-0.017688217,-0.083601788,0.091397583
306,6119.991,1786878701691.474,13489509.409,0.000000000,0.223928303,-0.259906769,-0.019451944,-0.879849970,1.238392115,-0.053371642,0.279268324,0.002906940,-0.198068738,1.294580817,0.964392900,-0.172438651,0.424030095,-0.073127657,0.081661060,-0.191436440,0.327112913,-0.003382157,-0.286252558,-0.190453276,0.016323846,0.722766757,-0.032841876,-0.776792407,-0.319185972,-0.670246005,0.044249967,-0.228004932,0.133321583
307,6139.993,1786878701711.476,13489529.411,0.000000000,0.331797749,-0.313696861,-0.620043159,0.354525328,-0.415437430,-0.660759330,-0.223520800,-0.137293279,-0.082264975,1.795394897,1.720989823,-0.027734272,0.506969452,-0.068645529,0.361024886,-0.563412726,0.495508969,0.003925090,-0.684252203,-0.153387263,0.024078693,0.455128223,-0.266405374,-0.895884156,-0.474822819,-0.833325982,0.170993984,-0.343147993,0.053087160
308,6159.993,1786878701731.475,13489549.410,0.000000000,0.013276124,-0.447565854,-0.774876118,0.533066511,-0.887690604,-1.590664148,-0.562727034,-0.262237728,0.077112801,1.723606348,0.952002287,0.290386170,0.292044520,-0.345724612,0.203522384,-0.660539627,0.623411536,0.237593457,-1.022773385,-0.018194050,0.003325021,0.304615676,-0.506035566,-0.700759351,-0.503172398,-1.017444134,0.089871556,-0.349009782,0.016731547
309,6179.995,1786878701751.477,13489569.412,0.000000000,-0.713933170,-0.429177225,-0.965458453,0.396184385,-0.852332413,-1.706891775,-0.566796958,0.177048519,0.921428204,-3.368341684,-8.401959419,1.486673713,0.140618101,-0.203727931,-0.213980421,-0.450232625,0.758878708,0.622370780,-1.414613962,-0.000531334,-0.000313922,0.369837642,-0.998664975,-0.575630963,-0.422624409,-1.185068250,0.021886133,-0.502987325,0.001833235
310,6199.994,1786878701771.476,13489589.411,0.000000000,-0.449104607,-0.955672085,-0.511465967,0.659694731,-0.295915186,-1.689213753,-0.228126556,-0.826087296,0.982079804,-5.790240288,-4.947029114,0.260366261,-0.028144244,-0.753451407,0.561434269,-1.007731915,0.872677922,0.646349430,-1.220859528,0.002240638,-0.048573010,0.299552083,-1.486740112,-0.460551113,-0.431211561,-0.977253437,0.091021076,-0.646790445,-0.051361401
311,6219.996,1786878701791.479,13489609.413,0.000000000,-0.710720420,-0.651079535,-0.589374840,1.339626193,-0.629627645,-0.498366952,-0.230622530,-0.659248233,0.295566678,-3.376039982,-0.789259970,-0.086633205,0.056966804,-0.372318119,0.335075885,-1.139337063,0.418588489,0.589929998,-0.814713955,-0.078843184,-0.085369140,0.298254132,-1.673250675,-0.272982776,-0.255150735,-0.276270211,0.039787222,-0.715599895,-0.198034912
312,6239.992,1786878701811.474,13489629.409,0.000000000,-0.768566608,-0.353336155,-0.515908957,1.404061437,-0.440396726,-0.359626770,-0.096323200,-0.329339117,-0.328692466,0.356334060,-2.632393122,-0.106088355,0.113294274,-0.268282503,0.189030170,-1.150377750,0.021214340,0.379525006,-0.593691945,-0.292216420,-0.095423564,0.252783120,-1.409627557,-0.027253207,-0.059223838,0.177820340,0.010142993,-0.419173628,-0.206847265
313,6259.992,1786878701831.475,13489649.410,0.000000000,-0.468535990,-0.067094453,-0.221602321,1.112906337,-0.236820176,-0.219851449,-0.255196065,-0.202001840,-0.266711891,1.129001737,-0.924168408,-0.328627944,0.219219044,-0.233895183,0.344680905,-0.955038369,-0.257917583,0.282117695,-0.623852074,-0.265290707,-0.191914275,0.227591649,-0.923605025,-0.056000888,0.055449065,0.332270682,-0.040180750,-0.130665600,-0.117533065
314,6279.994,1786878701851.476,13489669.411,0.000000000,-0.579924226,0.302956581,0.033465836,0.922381282,-0.078078859,-0.037281480,-0.302526534,-0.045186944,-0.360247612,0.921189904,-0.635670900,-0.336577326,0.335894138,-0.183160007,-0.023863059,-0.502042651,-0.376132905,0.181320295,-0.620389342,-0.322294235,-0.453971565,0.264857620,-0.305530459,-0.014946429,0.109600365,0.365736336,-0.028171413,0.015467079,-0.075372107
315,6299.995,1786878701871.478,13489689.413,0.000000000,-0.507960141,0.655507922,0.338718146,0.641954303,-0.203075141,0.409358829,-0.224146605,0.110926747,-0.393845320,0.573669016,-0.517060816,-0.405262470,0.417425901,-0.215631261,-0.270267725,-0.089026235,-0.236158028,0.117399842,-0.550342202,-0.396173507,-0.581456840,0.225773200,0.078267410,0.106341913,0.162481532,0.278754473,-0.017793994,0.115703635,-0.026820963
316,6319.993,1786878701891.475,13489709.410,0.000000000,-0.201137558,0.713678777,0.396987259,0.245492280,-0.472157300,0.840151966,-0.002458516,0.146046549,-0.404789597,0.300858557,-0.458465636,-0.371756613,0.393888593,-0.272759736,-0.262371361,0.043028831,-0.028974870,0.028148515,-0.330496877,-0.521451116,-0.617455900,0.150282100,0.330688030,0.211210236,0.076504566,0.052182775,-0.141840637,0.145844221,-0.014317807
317,6339.991,1786878701911.474,13489729.409,0.000000000,-0.087754533,0.600963116,0.294970781,0.040065486,-0.364116430,0.713685811,0.139204323,0.085825190,-0.442885190,0.128573760,-0.396682322,-0.292065412,0.266407818,-0.301858664,-0.288212776,0.159413815,0.144731820,0.008002935,-0.048768181,-0.578781486,-0.580066919,0.171460167,0.405947566,0.240079179,0.018773224,-0.069076456,-0.234488398,0.078545161,-0.010899618
318,6359.992,1786878701931.474,13489749.409,0.000000000,0.074783482,0.450210392,0.185296908,-0.043522812,-0.156308368,0.621445775,0.396291405,0.012792849,-0.470380187,0.002710587,-0.364239186,-0.177510202,0.114774257,-0.232366443,-0.151010409,0.237269729,0.232839912,0.004111567,0.290234208,-0.711912096,-0.504630566,0.210954979,0.314085633,0.137563929,0.037268747,-0.154451534,-0.264821172,0.104931906,-0.038589641
319,6379.992,1786878701951.475,13489769.410,0.000000000,0.087819681,0.403048307,0.136608124,-0.062307939,-0.009399387,0.582208276,0.519225895,-0.006894049,-0.513200819,-0.100294918,-0.320502490,-0.121868305,0.017689046,-0.075718723,-0.092192300,0.262003809,0.261225790,0.004062320,0.456192672,-0.699269056,-0.217885390,0.177951947,0.191460416,-0.018538343,0.005606112,-0.371022135,-0.240616620,0.208041251,-0.055984545
320,6399.991,1786878701971.474,13489789.409,0.000000000,0.115592018,0.282749951,0.120214462,-0.108776554,0.099562131,0.473013818,0.564628303,-0.078839526,-0.477121800,-0.142430350,-0.281431109,-0.092691883,0.000580244,-0.005569434,-0.033018298,0.204319626,0.200334400,0.002854344,0.528220713,-0.549043596,-0.019176584,0.174754187,0.030314988,-0.219248280,-0.001094131,-0.378993958,-0.293359637,0.126742378,-0.170919344
321,6419.994,1786878701991.476,13489809.411,0.000000000,0.167421222,0.125151172,0.104844652,-0.223031461,0.116682947,0.362753987,0.580821514,-0.173741102,-0.408293903,-0.157965362,-0.256681919,-0.033213641,-0.010705021,0.029378947,-0.020878460,0.215310618,0.037795171,-0.000121068,0.628680944,-0.531738997,-0.001827718,0.279642284,-0.071435146,-0.362838984,0.001153774,-0.253895313,-0.272541106,0.026653310,-0.250243872
322,6439.993,1786878702011.475,13489829.410,0.000000000,0.137157664,0.034667026,0.089479215,-0.248524964,0.135866806,0.305099458,0.535596609,-0.215134203,-0.359982669,-0.152535945,-0.236694157,-0.000970212,-0.037389252,0.059536912,-0.063012168,0.320571899,0.002942867,-0.002853388,0.637458265,-0.502956450,-0.002746482,0.395923853,-0.179141432,-0.434739977,0.071927369,-0.121520795,-0.256140172,0.007964585,-0.292930841
323,6459.991,1786878702031.473,13489849.408,0.000000000,0.087497175,0.004567800,0.133899868,-0.289146274,0.099811360,0.223366782,0.387081116,-0.193535000,-0.239272073,-0.134306699,-0.191553429,0.006360408,0.049646046,0.072057061,-0.161435843,0.459694028,0.000231823,-0.000691103,0.511576891,-0.384953827,0.002557799,0.398011804,-0.216441929,-0.493944705,0.092913322,-0.012156889,-0.225853428,0.006958322,-0.295105577
324,6479.994,1786878702051.476,13489869.411,0.000000000,0.125347793,-0.051136147,0.119690776,-0.330602407,0.081912495,0.121940285,0.362214923,-0.200580135,-0.184653684,-0.131280452,-0.163081869,-0.014955778,0.101586901,0.084735297,-0.123035997,0.498626500,0.030033309,0.001500417,0.259992927,-0.331420690,0.003145481,0.341592431,-0.199012026,-0.536246240,0.057063423,0.021605575,-0.204782620,0.032187920,-0.283463567
325,6499.991,1786878702071.474,13489889.409,0.000000000,0.172261864,-0.114534073,0.125059932,-0.361845434,0.083456442,0.038847994,0.340387315,-0.224451125,-0.121283934,-0.105448864,-0.142017767,-0.055741377,0.141846836,0.029369611,-0.045619793,0.428135902,0.082348205,0.004322928,0.031250313,-0.322976172,-0.017039813,0.287966251,-0.201357752,-0.509546101,0.011396880,0.079929389,-0.226319060,0.048778500,-0.269336581
326,6519.992,1786878702091.475,13489909.409,0.000000000,0.124065213,-0.145155847,0.127585381,-0.330477923,0.110241927,0.018196391,0.270638078,-0.235777214,-0.091071188,-0.073401086,-0.115855016,-0.067385457,0.154256403,-0.025543295,-0.017751975,0.308123440,0.168026581,0.025821032,-0.122353099,-0.321903169,-0.073822372,0.222450450,-0.213011026,-0.464540064,0.004653993,0.097829938,-0.161088541,0.068703815,-0.232459158
327,6539.990,1786878702111.473,13489929.408,0.000000000,0.063165247,-0.152729928,0.185139865,-0.303101212,0.148358867,0.008091914,0.158496842,-0.243581638,-0.024699630,-0.026330909,-0.090749227,-0.069755174,0.179108441,-0.133190811,-0.000567971,0.181945845,0.279780060,0.126148164,-0.298306823,-0.297350436,-0.118711986,0.125201553,-0.220691025,-0.393015534,0.002120190,0.023436829,-0.135953024,0.104922719,-0.177800015
328,6559.990,1786878702131.472,13489949.407,0.000000000,0.022798954,-0.255469412,0.026003053,-0.158417121,0.325554669,-0.028472848,0.165306062,-0.206919014,-0.006048751,-0.036233414,-0.055708330,-0.057253908,0.174942046,-0.157177508,0.076882504,0.034332898,0.332888305,0.248260692,-0.378351003,-0.254405886,-0.153328180,0.107673191,-0.295204431,-0.320522100,0.003169849,0.001487829,-0.127708778,0.058214385,-0.152094796
329,6579.992,1786878702151.475,13489969.410,0.000000000,-0.046721593,-0.127300650,0.041781332,-0.155877531,0.255725443,-0.016704038,0.214459330,-0.182104364,-0.158459619,-0.103242993,-0.026913740,-0.025303220,0.035856485,-0.085027583,0.045365911,-0.028084192,0.331092000,0.364759684,-0.395737290,-0.222520083,-0.181950048,0.136137605,-0.337066621,-0.243834808,0.005282124,0.001489105,-0.112429947,0.010415664,-0.155890882
330,6599.991,1786878702171.473,13489989.408,0.000000000,-0.039607782,-0.166222766,0.000017444,-0.149177402,0.277816445,-0.066261694,0.255374074,-0.211268052,-0.192386851,-0.108844154,-0.025483122,0.005200222,-0.001887461,-0.074254304,0.065060697,-0.187925950,0.262596786,0.316921055,-0.286734670,-0.194373339,-0.172605872,0.189165950,-0.306613714,-0.269821912,0.029506927,0.051602986,-0.066264585,0.000905958,-0.214944288
331,6619.989,1786878702191.472,13490009.407,0.000000000,-0.006487954,-0.170381323,0.090521388,-0.126238048,0.304888368,-0.120267570,0.265939474,-0.256039023,-0.135692343,-0.054872848,-0.051193129,0.044623181,-0.002813601,-0.123904496,0.092549443,-0.297955990,0.201729909,0.276051283,-0.124473661,-0.062343791,-0.144255877,0.241595075,-0.292782873,-0.267151147,0.064644374,0.122616835,-0.023778174,-0.001507705,-0.214449883
332,6639.989,1786878702211.471,13490029.407,0.000000000,0.016641751,-0.170938522,0.195804000,-0.104262121,0.334544897,-0.173172742,0.259631485,-0.301448196,-0.067788631,0.004692761,-0.070120066,0.077750564,-0.013955396,-0.170063540,0.114292860,-0.312907130,0.161490396,0.231928334,-0.005033532,-0.037874002,-0.076881692,0.276496530,-0.291658401,-0.273066938,0.133098483,0.202749118,-0.000691839,-0.003403349,-0.224771574
333,6659.989,1786878702231.472,13490049.407,0.000000000,-0.004446015,-0.170678467,0.307706565,-0.088991404,0.359959841,-0.165283740,0.159459919,-0.314250976,0.051910799,0.069134869,-0.077461518,0.094279677,-0.003098789,-0.276173741,0.089556992,-0.221315578,0.167046979,0.258722693,0.052203543,-0.019746302,-0.017769242,0.306838989,-0.273927897,-0.202287719,0.143674210,0.159246638,0.026318554,-0.002273353,-0.167280376
334,6679.991,1786878702251.474,13490069.409,0.000000000,-0.027447784,-0.096033216,0.364255935,-0.052146379,0.353591561,-0.141413689,0.131680042,-0.274122715,0.069021359,0.075125001,-0.072398648,0.104520403,0.008426693,-0.279995501,0.070762753,-0.151066110,0.158768237,0.252203405,0.074754775,-0.041657038,-0.001333009,0.323891133,-0.240547121,-0.190666512,0.177058354,0.129377246,0.077916339,-0.005475989,-0.217773095
335,6699.993,1786878702271.476,13490089.411,0.000000000,-0.071523309,-0.017379731,0.277970374,-0.004435338,0.277287096,-0.143008173,0.111636698,-0.158900753,0.020292776,0.036736432,-0.038995825,0.097013414,0.014146142,-0.191222727,0.013855643,-0.043910287,0.113571554,0.259417802,0.026127623,-0.136677802,0.038081989,0.289905041,-0.185720354,-0.176648512,0.167817220,0.142138511,0.136800319,-0.063138224,-0.249364212
336,6719.992,1786878702291.475,13490109.410,0.000000000,-0.021298809,-0.055172123,0.112124994,0.002729611,0.160006508,-0.111553103,0.155292705,-0.092856519,-0.018646486,0.014679837,-0.018185908,0.096752018,0.009173493,-0.111619346,0.047243226,-0.040490188,0.084182322,0.208988622,0.003913663,-0.182677805,0.081860058,0.277243406,-0.162949726,-0.168797910,0.146640182,0.201705039,0.103352711,-0.085634463,-0.260482043
337,6739.993,1786878702311.476,13490129.411,0.000000000,0.005102019,-0.085087985,0.016243687,0.016956944,0.066886716,-0.088205472,0.167882860,-0.058910068,-0.032169044,0.019247834,-0.010119805,0.091234155,0.004243242,-0.058751144,0.060980797,-0.061950739,0.080675587,0.120930120,-0.000480928,-0.183077410,0.102589637,0.268910557,-0.131091699,-0.154762968,0.131149977,0.251287192,0.075753078,-0.081058897,-0.226981997
338,6759.992,1786878702331.475,13490149.410,0.000000000,0.022294680,-0.079759054,0.004522544,0.020008562,0.013132334,-0.101421155,0.164701939,-0.044612922,-0.024398122,0.029720049,-0.005813426,0.092297606,0.002132223,-0.028528456,0.064854220,-0.067835435,0.078207612,0.062579520,-0.004651019,-0.130355716,0.094777107,0.231096715,-0.069014087,-0.119339138,0.082191028,0.265167981,0.031416088,-0.065923698,-0.168561354
339,6779.993,1786878702351.475,13490169.410,0.000000000,0.004559216,-0.081713922,0.011286420,0.030763570,-0.004096041,-0.104623117,0.126506135,-0.042959839,-0.002592923,0.045341428,-0.000867558,0.096774451,0.011109460,-0.021034680,0.040026072,-0.058513124,0.081503354,0.028543063,-0.027181705,-0.104862221,0.084922120,0.165066496,-0.005649959,-0.089487076,0.062042467,0.262221277,0.051127549,-0.029663987,-0.108936355
340,6799.993,1786878702371.475,13490189.410,0.000000000,-0.003715083,-0.136298850,-0.004759513,0.076459371,0.071685828,-0.153498769,0.089104749,-0.047970366,0.067051932,0.069785550,0.006687872,0.100980736,0.039258167,-0.040701956,0.060210735,-0.041414842,0.111916013,0.026502192,-0.054106798,-0.105208755,0.070229173,0.122046262,0.001818346,-0.056782082,0.054219715,0.246250972,0.046508737,-0.007266581,-0.039356824
341,6819.993,1786878702391.476,13490209.411,0.000000000,-0.028920772,-0.128791600,0.022717010,0.073952489,0.047122691,-0.048954748,0.050502531,-0.044110253,0.083710864,0.070466056,0.019938430,0.105353594,0.028034311,-0.034036022,0.039989416,-0.008444405,0.134918824,0.042576812,-0.062046062,-0.106846154,0.059767298,0.102537520,0.008573593,-0.022802193,0.042663738,0.197034866,0.022902777,-0.003811463,-0.007202953
342,6839.993,1786878702411.475,13490229.410,0.000000000,-0.099940807,-0.099575408,0.045564860,0.082259737,0.050951075,-0.020686792,-0.020440085,-0.027751297,0.086757645,0.068177752,0.042675395,0.097962424,0.008678433,-0.019843280,0.004713876,-0.002564398,0.151813865,0.052594155,-0.043701239,-0.181445941,0.061772969,0.089753114,0.005378396,-0.029667066,0.036217939,0.096826829,0.020492973,-0.002349300,-0.000120250
343,6859.994,1786878702431.476,13490249.411,0.000000000,-0.151229322,-0.122292221,0.049254041,0.109497048,0.109789893,-0.020143716,-0.092944756,-0.021854492,0.136867926,0.079672024,0.059767731,0.099952571,0.021974696,-0.047102287,-0.001598956,-0.002903756,0.152475595,0.071219757,-0.018861871,-0.270593405,0.070773758,0.079823568,-0.000303903,-0.044295866,0.017153792,0.008208718,0.017534282,-0.004959618,0.002510241
344,6879.994,1786878702451.476,13490269.411,0.000000000,-0.155485585,-0.112768210,0.032608733,0.097092189,0.093885310,-0.014429349,-0.084668145,-0.016191958,0.108616374,0.061303947,0.073328450,0.101948470,0.001826580,-0.031421799,0.000844601,-0.010173384,0.121046640,0.075114891,-0.006203886,-0.273650020,0.107738771,0.073516712,-0.002056945,-0.078750998,0.005318651,-0.003707447,0.017514672,-0.008984089,0.002883950
345,6899.991,1786878702471.474,13490289.409,0.000000000,-0.143280700,-0.118579306,0.010941004,0.100734845,0.103649929,-0.015696544,-0.062573344,-0.009190060,0.098764084,0.048180785,0.080257729,0.103367038,-0.000611142,-0.023875589,0.013402659,-0.012704835,0.105381973,0.065431222,-0.005258438,-0.262032539,0.127632290,0.069046371,-0.002357416,-0.101712190,0.003794281,-0.003544940,0.018574597,-0.006704291,0.003857327
346,6919.993,1786878702491.476,13490309.411,0.000000000,-0.127106354,-0.124086209,-0.000938659,0.084410362,0.092632577,-0.016386902,-0.052488752,-0.002634940,0.097609960,0.036539033,0.085675970,0.103374563,-0.010241989,-0.035199713,0.013870024,-0.005060057,0.136645511,0.026510298,-0.003269146,-0.281052291,0.118696660,0.068163775,-0.002797464,-0.104020059,0.002373835,-0.006008013,0.016111294,-0.005524864,0.004232246
347,6939.993,1786878702511.475,13490329.410,0.000000000,-0.106163517,-0.124259084,-0.010028902,0.072841644,0.085963517,-0.019475454,-0.029134938,-0.000498404,0.088475615,0.022920137,0.091204673,0.109433830,-0.023976877,-0.038489163,0.022802142,-0.002209809,0.165318981,0.005762708,-0.001222012,-0.269640565,0.105429754,0.048920855,-0.002906561,-0.103781022,0.001575037,-0.007860974,0.015709167,-0.005100776,0.003979094
348,6959.990,1786878702531.472,13490349.407,0.000000000,-0.090481453,-0.121600837,-0.016776733,0.065624416,0.085264541,-0.045896858,-0.010531009,0.000747861,0.081218153,0.013373229,0.094740704,0.119007774,-0.029992724,-0.034530897,0.024179395,-0.001191720,0.161987260,0.003626269,0.000326510,-0.240620792,0.096579574,0.035438873,-0.002366598,-0.102149576,0.001450739,-0.006244233,0.017319374,-0.004613238,0.004061508
349,6979.991,1786878702551.473,13490369.408,0.000000000,-0.097559385,-0.081033081,-0.003575739,0.071347900,0.072956569,-0.062760882,-0.042878240,0.050584551,0.109532461,0.008468278,0.109282270,0.111137494,-0.003123112,-0.026538445,0.005173023,0.010816928,0.147363260,0.005075118,0.022380836,-0.202665672,0.072669849,0.045123626,-0.015109261,-0.071141906,0.001800578,-0.005558118,0.093754329,-0.005503406,0.006314073
350,6999.991,1786878702571.474,13490389.409,0.000000000,-0.100356646,-0.061930344,0.000896310,0.091093503,0.040276412,0.013986239,-0.047312941,0.066994570,0.110027604,0.001816428,0.122175239,0.112161554,-0.000486973,-0.017582307,0.003975442,0.019206686,0.098989755,0.005062368,0.064820029,-0.153053626,0.061629515,0.035684884,-0.021632418,-0.032376658,0.001100055,-0.005090810,0.150961712,-0.005909259,0.007079022
351,7019.990,1786878702591.473,13490409.408,0.000000000,-0.094096176,-0.070890531,0.002254531,0.089731090,0.045610644,0.047027662,-0.038894754,0.055620089,0.106840350,-0.000906128,0.124857105,0.114487208,-0.003040601,-0.025074607,0.017143548,0.026514307,0.038520217,0.003942350,0.073828481,-0.115748711,0.085371323,0.011667441,-0.009209943,-0.007682109,0.000153743,-0.005147816,0.160926819,-0.007170758,0.014295914
352,7039.992,1786878702611.475,13490429.410,0.000000000,-0.101912692,-0.080963641,0.000132579,0.089382850,0.061838362,0.065563902,-0.041719448,0.047836330,0.103125535,-0.001440947,0.125518665,0.113184288,-0.006422142,-0.031615462,0.025266642,0.043093670,0.005615472,0.002611948,0.041239478,-0.095578752,0.115679324,0.005495844,-0.002857054,-0.003013946,0.000074182,-0.005393242,0.147527188,-0.021890011,0.043111291
353,7059.988,1786878702631.470,13490449.406,0.000000000,-0.118028291,-0.078483388,-0.000904644,0.103602648,0.069702022,0.078295939,-0.056330718,0.063155808,0.111999862,0.002885419,0.127503604,0.112609833,-0.014137699,-0.004639301,0.025285354,0.094088249,0.002694199,-0.000130629,0.070695236,-0.086165883,0.093723968,0.016034674,-0.027771585,-0.018890154,0.002732271,-0.005988778,0.028894933,-0.033386204,0.096279085
354,7079.990,1786878702651.473,13490469.408,0.000000000,-0.137075841,-0.068099163,0.004995429,0.109727032,0.069011495,0.080355205,-0.085988879,0.080276489,0.125888437,0.005135235,0.138596699,0.106020413,-0.004745813,0.008949193,0.013071936,0.146933764,0.002411070,-0.000462486,0.074945204,-0.073570080,0.113515921,0.007354120,-0.032948408,-0.006130508,0.000708994,-0.005278089,0.027235182,-0.032604501,0.108160324
355,7099.992,1786878702671.475,13490489.410,0.000000000,-0.150409088,-0.104395352,-0.000269095,0.110169433,0.089983903,0.110409319,-0.086891197,0.046532761,0.118041262,0.013299705,0.134957775,0.111472771,-0.028349414,0.001968289,0.018489558,0.167165905,0.002168152,-0.002445076,0.039042469,-0.058499221,0.161579594,0.004594081,-0.021185651,-0.015809240,0.000700787,-0.010673255,0.014492610,-0.024371265,0.127191961
356,7119.988,1786878702691.470,13490509.405,0.000000000,-0.149425760,-0.089307845,0.026909836,0.103786722,0.097803734,0.123738378,-0.114973776,0.074842550,0.159587562,0.013974111,0.144674897,0.102104902,-0.004257248,-0.003074798,0.018388538,0.202050075,0.001739326,-0.000813999,0.013407937,-0.065378703,0.155846715,0.010153811,-0.017105803,-0.007615671,0.000063007,-0.025133852,0.004282540,-0.008627320,0.140299797
357,7139.988,1786878702711.470,13490529.405,0.000000000,-0.155696779,-0.084847555,0.030169018,0.098575011,0.100116827,0.119054787,-0.127559811,0.083976060,0.166652411,0.010478809,0.151124999,0.100377679,-0.001991968,-0.002140642,0.010461483,0.216643751,0.001123919,-0.001307947,0.006715219,-0.052720305,0.146133974,0.010032200,-0.011193160,-0.004196172,-0.000692765,-0.037467375,0.001852394,-0.006206744,0.148543552
358,7159.990,1786878702731.472,13490549.407,0.000000000,-0.152751133,-0.085692987,0.024266049,0.092444174,0.103585087,0.114770889,-0.122257300,0.085427180,0.160257995,0.004413838,0.157314286,0.099556603,-0.005182699,-0.002126753,0.013990241,0.201992080,0.000450878,-0.002745386,0.003551293,-0.034011044,0.137828603,0.006630362,-0.004847802,-0.003972621,-0.001825321,-0.047124688,0.001031136,-0.005135461,0.150199577
359,7179.987,1786878702751.469,13490569.404,0.000000000,-0.153432116,-0.087369859,0.015196783,0.089508332,0.106648296,0.109166786,-0.118219323,0.086048335,0.150615245,0.001904244,0.158667639,0.097311541,-0.007416250,-0.008270658,0.013310716,0.158706143,0.000566666,-0.003409843,0.001626547,-0.023615288,0.136558771,0.004899777,-0.002891767,-0.004277691,-0.002601589,-0.051190477,0.001283266,-0.004408799,0.155174166
360,7199.989,1786878702771.471,13490589.406,0.000000000,-0.152138725,-0.086183675,0.008006737,0.087276198,0.108398184,0.103528105,-0.113964990,0.089618176,0.143080309,0.000598934,0.156656563,0.093474656,-0.005123386,-0.018841220,0.010435798,0.098834962,0.000845201,-0.003659607,0.000334129,-0.023360386,0.135866001,0.003718333,-0.002797466,-0.003809942,-0.003359031,-0.055183131,0.001961213,-0.003441748,0.161284074
361,7219.989,1786878702791.471,13490609.406,0.000000000,-0.146483868,-0.085084885,0.000946277,0.085766368,0.109114535,0.100028135,-0.103985220,0.092639245,0.134887651,-0.001300087,0.153304815,0.091034435,-0.003514639,-0.027842363,0.007253799,0.038697466,0.001129275,-0.003620233,0.000047825,-0.025444360,0.133296892,0.003272538,-0.003067956,-0.003697201,-0.004133192,-0.062095441,0.002644545,-0.002505074,0.166606471
362,7239.987,1786878702811.469,13490629.405,0.000000000,-0.134496689,-0.082546093,-0.004824148,0.083842464,0.107366934,0.097346775,-0.088064857,0.097239897,0.128110349,-0.005565338,0.149718970,0.090021729,-0.002976693,-0.029395837,0.002743707,0.004033699,0.001790756,-0.002608053,-0.000515977,-0.028734390,0.124980018,0.004220475,-0.005734525,-0.003485743,-0.004511554,-0.069536932,0.003115632,-0.002105474,0.170609906
363,7259.989,1786878702831.471,13490649.406,0.000000000,-0.108836554,-0.069234036,-0.006489930,0.083910331,0.099122360,0.094475105,-0.064518489,0.116835706,0.130818233,-0.015282190,0.153255269,0.089250192,0.001486384,-0.018266262,0.003684629,0.002570932,0.000105833,-0.000710528,0.002481185,-0.034502875,0.111411616,0.005162106,-0.036855362,-0.000887282,-0.002793266,-0.049779274,-0.001595304,-0.003701361,0.174744859
364,7279.991,1786878702851.473,13490669.408,0.000000000,-0.111333854,-0.058344912,0.009350261,0.075866781,0.099900626,0.093629554,-0.086495966,0.129367620,0.151648417,-0.012901831,0.157022938,0.083482601,0.017857356,-0.034017444,-0.014016310,0.005738957,-0.001046243,0.000452851,0.005009287,-0.022682438,0.101342134,0.007694853,-0.075793341,-0.000476818,-0.000933146,-0.015440322,-0.009920426,-0.003327653,0.162671953
365,7299.992,1786878702871.475,13490689.409,0.000000000,-0.145764664,-0.034411911,-0.001189137,0.078368187,0.098682389,0.091121323,-0.115327708,0.150898024,0.136611149,-0.027924541,0.169910029,0.076853119,0.024439134,-0.028768620,-0.057950068,0.022449840,-0.001913157,-0.001697403,0.003256627,-0.011340836,0.110964529,0.022916669,-0.082407057,-0.001202963,-0.001061705,-0.028880563,-0.012219900,0.001544601,0.168501809
366,7319.992,1786878702891.475,13490709.410,0.000000000,-0.111287221,-0.034391832,-0.010932994,0.062759459,0.103763409,0.088374652,-0.073360212,0.147176281,0.119508758,-0.046482489,0.172407568,0.077577502,0.016767643,-0.030201435,-0.028301153,0.014165074,-0.002040710,-0.003208248,0.002630148,-0.008994419,0.120484978,0.037780736,-0.084196240,-0.001364679,-0.001848273,-0.041348416,-0.012867950,0.003404713,0.162402481
367,7339.988,1786878702911.471,13490729.406,0.000000000,-0.089863308,-0.047064651,-0.020689042,0.039371993,0.113911659,0.084344760,-0.044854887,0.136003211,0.105729863,-0.065514721,0.169641003,0.078265682,0.002848563,-0.038518354,-0.024397986,0.054615539,-0.002197136,-0.003442486,0.004280754,-0.008971189,0.100730427,0.077814408,-0.047239296,-0.001618951,-0.002615835,-0.048547890,-0.013358592,0.003120887,0.159460515
368,7359.989,1786878702931.471,13490749.406,0.000000000,-0.100367531,-0.035895992,-0.029164447,0.035652809,0.111896902,0.079266064,-0.054035649,0.166363075,0.108677141,-0.081824131,0.175564498,0.090892270,0.002844437,-0.031107968,-0.057880789,0.107771181,-0.001169833,-0.003061944,-0.000911708,-0.009433681,0.096760862,0.099483885,-0.009184198,0.000353097,-0.003351972,-0.070668019,-0.050082654,0.005668878,0.182024926
369,7379.988,1786878702951.471,13490769.406,0.000000000,-0.101850852,-0.074486181,-0.085214227,0.033745762,0.124489613,0.082917422,-0.010754666,0.146617875,0.054469317,-0.110544480,0.196128637,0.113176629,-0.054738704,-0.002163029,-0.058266755,0.155710399,-0.001895855,-0.003816093,0.037297703,-0.007011844,0.044690572,0.122649990,-0.001599248,0.000586433,-0.003462470,-0.055974945,-0.026380841,0.003246565,0.200507164
370,7399.993,1786878702971.475,13490789.410,0.000000000,-0.118387185,-0.019119870,-0.079596974,0.037330531,0.113620989,0.081422210,-0.044417333,0.222693726,0.076740637,-0.134875223,0.214559808,0.096112199,-0.015880480,0.032867860,-0.080275364,0.209590793,-0.002864958,-0.003604190,0.021719579,-0.009077296,0.073484920,0.116470337,-0.000474365,0.002037645,-0.007741134,-0.041082744,-0.034407176,0.005410513,0.226693138
371,7419.988,1786878702991.470,13490809.405,0.000000000,-0.095093668,0.000818307,-0.102511056,0.038060669,0.111001939,0.082758322,-0.007590579,0.257448494,0.059448775,-0.169907883,0.236531302,0.096064419,-0.023418244,0.085463658,-0.045150694,0.220607057,-0.011945915,-0.008566631,0.007314334,-0.016261660,0.072297089,0.121914059,-0.000974502,0.001505497,-0.022411698,-0.081652969,-0.023079116,0.025936229,0.263984680
372,7439.990,1786878703011.472,13490829.407,0.000000000,-0.060287148,-0.009219936,-0.094230287,0.020824002,0.119824074,0.090719230,0.029699046,0.228815749,0.051744524,-0.180792212,0.240637705,0.093854435,-0.027625537,0.103209458,-0.008971215,0.163610816,-0.068404794,-0.068067946,0.092854463,-0.022837212,0.020125797,0.146821707,-0.001107190,0.001641107,-0.017880231,-0.072520219,-0.074897923,0.022631954,0.245473653
373,7459.989,1786878703031.472,13490849.407,0.000000000,-0.039500594,-0.042570479,-0.021096122,-0.040120356,0.149188682,0.098328397,-0.006551158,0.190501973,0.129302859,-0.165969238,0.232140273,0.100754358,-0.021949671,0.022663135,-0.005328130,0.149124891,-0.144899979,-0.102139331,0.164941117,-0.012785418,0.005938512,0.173432648,-0.000454136,0.073363103,-0.008658118,-0.056813207,-0.151698917,0.044246163,0.273485094
374,7479.988,1786878703051.470,13490869.406,0.000000000,-0.055143978,-0.039939947,0.099597961,-0.114256181,0.182184830,0.107958071,-0.127444685,0.198691398,0.270804465,-0.141224504,0.231957793,0.081067897,-0.002843310,-0.108507887,-0.047389854,0.225034162,-0.187764272,-0.084507309,0.215331212,-0.008568390,0.001215170,0.192840368,-0.001417176,0.203864306,-0.005020897,-0.099186376,-0.120390072,0.056527890,0.359175533
375,7499.988,1786878703071.470,13490889.405,0.000000000,-0.033546221,-0.021883545,0.130476981,-0.140495420,0.194705606,0.111429967,-0.130908355,0.214924648,0.303731918,-0.155705407,0.254610926,0.080464415,-0.016990619,-0.127686918,-0.019231005,0.281747848,-0.243699193,-0.080667563,0.318254322,-0.006278691,-0.002944366,0.192487791,-0.001192825,0.241941720,-0.004442237,-0.144072682,-0.065401167,0.017465411,0.376080751
376,7519.990,1786878703091.472,13490909.407,0.000000000,-0.084531561,0.001153027,0.038955733,-0.069316588,0.171220943,0.106413223,-0.102425031,0.228594944,0.195625290,-0.175507039,0.276665330,0.086494990,-0.085277811,-0.037475288,-0.042492725,0.357266873,-0.304106474,-0.064377226,0.332954526,0.004693103,0.004703040,0.132837206,0.001518342,0.245045230,-0.030083751,-0.210851252,-0.026009694,0.007064117,0.381907493
377,7539.990,1786878703111.473,13490929.408,0.000000000,-0.152196869,0.000489939,0.011183908,-0.021090951,0.154163226,0.097560279,-0.145651042,0.204932794,0.154633060,-0.145460442,0.268742591,0.088892244,-0.074374750,-0.033040002,-0.076562695,0.339581758,-0.380500883,-0.053071637,0.249082431,0.008346092,0.051524952,0.030914180,0.067228258,0.197359160,-0.094849408,-0.290882975,-0.061228063,0.005518571,0.337129951
378,7559.992,1786878703131.475,13490949.410,0.000000000,-0.110024638,-0.002294916,0.010717142,0.018799629,0.123310387,0.090031520,-0.098757379,0.172931716,0.140276521,-0.101086304,0.233922064,0.089750662,-0.047440603,-0.042793576,-0.004200798,0.279016733,-0.372667551,-0.113395095,0.124039806,0.012854207,0.087526076,0.006612293,0.055705074,0.147107333,-0.101749629,-0.281963706,-0.060133740,0.003932323,0.272300154
379,7579.992,1786878703151.474,13490969.409,0.000000000,-0.076365791,0.010452991,0.005521087,0.062254686,0.085776299,0.079415098,-0.062192645,0.173045039,0.132203937,-0.064248867,0.194736645,0.085801661,-0.009383481,-0.046024241,0.027150262,0.236716375,-0.349573761,-0.159699634,0.020734897,0.013162288,0.044529427,-0.000904249,0.039371192,0.126578033,-0.100234792,-0.257577807,-0.028089732,0.002918925,0.249293983
380,7599.991,1786878703171.473,13490989.408,0.000000000,-0.084508069,0.061026800,-0.026492795,0.121851131,0.042885426,0.066465981,-0.050605346,0.231298253,0.107207067,-0.055209484,0.176326260,0.074475884,-0.000518314,-0.001463286,0.004977924,0.250553012,-0.311075002,-0.191224784,0.045013316,0.013439788,0.002638319,0.002698794,0.009299709,0.133147180,-0.038623679,-0.215645358,-0.028320152,0.001974766,0.194887951
381,7619.992,1786878703191.474,13491009.409,0.000000000,-0.093502462,0.092405558,-0.109938368,0.177639559,0.011629885,0.052003536,-0.001661622,0.278426081,0.028498815,-0.081725806,0.179851487,0.075538732,-0.035562340,0.083190821,-0.017551731,0.277844578,-0.285405427,-0.244314015,0.171015456,0.006439280,-0.061882436,0.034785587,0.006226353,0.175154254,-0.004097661,-0.167186320,-0.048203781,-0.001634119,0.151894256
382,7639.991,1786878703211.473,13491029.408,0.000000000,-0.132210448,0.062509820,-0.083093874,0.131267905,0.037897687,0.053173438,-0.065299802,0.240418568,0.051295061,-0.082196206,0.179567814,0.068788595,-0.067346290,0.034704156,-0.086685240,0.411925614,-0.298366427,-0.196492493,0.332522482,-0.004737021,-0.150284588,0.086771943,0.051030215,0.302813888,-0.002730987,-0.194148332,-0.131955147,0.002260325,0.162349105
383,7659.991,1786878703231.473,13491049.408,0.000000000,-0.060520165,-0.035887700,-0.006378519,0.021502482,0.100589380,0.062578090,-0.047439370,0.121266603,0.113230057,-0.060702406,0.142716050,0.065141380,-0.089769267,-0.073662043,-0.018056244,0.498778462,-0.349731594,-0.149550214,0.413722783,-0.006941940,-0.075766414,0.097535446,0.137071729,0.394953966,-0.004825927,-0.299851418,-0.134080708,0.009046640,0.156171545
384,7679.991,1786878703251.473,13491069.408,0.000000000,-0.082882456,-0.082243912,-0.004850807,-0.004094798,0.131013572,0.066384867,-0.068488590,0.086909398,0.116304204,-0.045915920,0.114518464,0.062763952,-0.085871302,-0.102254972,-0.014983459,0.527270496,-0.389519662,-0.139480278,0.356481373,-0.007377935,-0.003887631,0.041175451,0.225438833,0.411319256,-0.004405399,-0.382606149,-0.151080161,0.001623809,0.167807177
385,7699.994,1786878703271.476,13491089.411,0.000000000,-0.134365723,-0.018234689,-0.033544455,0.024171453,0.113974012,0.053718414,-0.119875431,0.204329252,0.125495985,-0.063798524,0.125239924,0.048135679,-0.015918858,-0.061940547,-0.036897916,0.515472293,-0.401021898,-0.134969994,0.158501953,-0.012192024,0.061321978,0.007163089,0.256010920,0.411984444,-0.020493628,-0.384651452,-0.124670722,-0.004565690,0.222311944
386,7719.989,1786878703291.472,13491109.407,0.000000000,-0.175778255,-0.001978315,-0.113970786,0.067864172,0.103855491,0.036286190,-0.113572940,0.251998991,0.057548489,-0.081972241,0.136624023,0.025769969,-0.000705631,-0.012101883,-0.028317191,0.384433299,-0.387816072,-0.186014503,0.011064663,-0.004753092,0.038794588,0.001128420,0.279120654,0.373132229,-0.057586480,-0.361067235,-0.137083784,-0.007936642,0.277753741
387,7739.989,1786878703311.471,13491129.406,0.000000000,-0.163491637,-0.009416043,-0.158922642,0.100336820,0.090593092,0.024679456,-0.069644041,0.300139368,0.042072799,-0.145742640,0.446943551,0.016399907,-0.010118014,-0.004176991,0.001736462,0.236156523,-0.349232078,-0.257639617,-0.003317673,-0.005953002,-0.000646143,0.007544132,0.263084471,0.353254765,-0.037616659,-0.261736184,-0.047666371,-0.033331841,0.283573627
388,7759.987,1786878703331.469,13491149.404,0.000000000,-0.165456504,0.049276840,-0.185149461,0.141324699,0.051441293,0.017826615,-0.069839247,0.326532245,0.007036230,-0.064509876,0.018203687,0.024595097,-0.004882361,0.058585875,-0.023823319,0.214259475,-0.326006114,-0.304716706,0.003101066,0.000296500,-0.005682464,0.067870311,0.267516047,0.384848028,-0.030205030,-0.235209823,-0.014799926,-0.009696215,0.331532329
389,7779.987,1786878703351.469,13491169.404,0.000000000,-0.192476049,0.072336413,-0.136205360,0.139568761,0.039364848,0.019656716,-0.136144042,0.352326244,0.066699997,-0.065810159,0.083989389,0.022759847,0.001063018,0.036855467,-0.085865416,0.293560565,-0.293181092,-0.269714475,0.006762611,-0.000134719,-0.047871493,0.113544039,0.327625930,0.420149773,-0.047215581,-0.292720884,-0.028826816,-0.006135993,0.370185882
390,7799.990,1786878703371.473,13491189.408,0.000000000,-0.139754534,0.012084915,-0.030877847,0.084477201,0.061073665,0.042384949,-0.141391352,0.308632493,0.183949009,-0.076007411,0.320753843,0.032889616,-0.049188685,-0.062411878,-0.053864256,0.342277348,-0.310895175,-0.215687916,0.084281504,0.005498024,-0.066863909,0.185375303,0.345881283,0.442263722,-0.067250818,-0.387734979,-0.196610019,-0.003280616,0.448233187
391,7819.989,1786878703391.472,13491209.407,0.000000000,-0.156704396,0.032920439,-0.007528773,0.087134406,0.056310173,0.050188892,-0.175176710,0.301037282,0.196135014,-0.001373810,-0.000637270,0.053130873,-0.061862893,-0.038547583,-0.085921019,0.413128972,-0.353686213,-0.175665513,0.066550657,0.003723857,-0.018991074,0.194351643,0.365478724,0.417446584,-0.087617025,-0.509727776,-0.317301095,0.000011199,0.518892765
392,7839.988,1786878703411.470,13491229.405,0.000000000,-0.073503047,0.025428683,-0.002464758,0.067859426,0.052834749,0.054773685,-0.084342577,0.341285765,0.223770663,-0.108065248,0.374343306,0.055676647,-0.122142516,-0.010798506,-0.014281186,0.475452811,-0.386915416,-0.159590304,0.130668998,-0.027375354,-0.088861249,0.245447740,0.299481988,0.430806637,-0.036648113,-0.558417499,-0.321299046,-0.001206755,0.485527277
393,7859.988,1786878703431.470,13491249.406,0.000000000,-0.120196380,-0.017709590,-0.089930832,0.102989584,0.046568852,0.054230098,-0.048115682,0.277059406,0.104262970,-0.102740690,0.259573072,0.068115078,-0.252851695,0.073185630,-0.081840605,0.575007021,-0.432228059,-0.255378932,0.170948595,-0.021185430,-0.064279020,0.282654196,0.286303133,0.497465670,-0.004074752,-0.537594438,-0.206431642,-0.003530430,0.437269539
394,7879.988,1786878703451.471,13491269.406,0.000000000,-0.042618211,-0.011409419,-0.015936904,0.093275204,0.024063142,0.061747931,-0.017371548,0.242244288,0.160174161,-0.033279143,0.114159219,0.075062521,-0.234231055,0.051317390,-0.055494510,0.682436943,-0.482437104,-0.311623335,0.288838387,-0.017720815,-0.203094721,0.278079361,0.316432506,0.591282308,-0.000501032,-0.502678752,-0.048205331,-0.005809119,0.384552836
395,7899.993,1786878703471.475,13491289.410,0.000000000,-0.081442297,-0.011589572,0.083768964,0.082800426,0.018631093,0.075107858,-0.108627774,0.168862522,0.222371116,0.037871730,0.049988501,0.091336332,-0.191458285,0.001609902,-0.149663866,0.905887842,-0.621312261,-0.236766785,0.442875326,-0.008807007,-0.335067004,0.249934107,0.416882068,0.645195484,0.000286192,-0.484157056,-0.017195992,-0.039580178,0.334729403
396,7919.992,1786878703491.475,13491309.410,0.000000000,-0.071453303,-0.022693258,0.078940615,0.087832078,0.019100640,0.086020268,-0.075680852,0.103493176,0.175580308,0.039362442,0.051899210,0.088202454,-0.208024234,0.031582031,-0.108321019,1.050122976,-0.734006882,-0.166388467,0.501639605,-0.006141326,-0.272080988,0.222825006,0.453738421,0.606728792,0.000974172,-0.460607409,-0.045024503,-0.083106011,0.310692549
397,7939.992,1786878703511.474,13491329.409,0.000000000,-0.074086033,-0.005058891,0.022190351,0.107747324,0.020554671,0.079532251,-0.055509392,0.152640015,0.136290208,0.026750201,0.037732884,0.070117779,-0.216679379,0.068159252,-0.025516788,1.065150023,-0.750843048,-0.138754085,0.423701525,-0.000763601,-0.109144613,0.157573104,0.404508024,0.558748186,-0.001587442,-0.411652356,-0.135359511,-0.109349564,0.324032426
398,7959.992,1786878703531.474,13491349.409,0.000000000,-0.182469025,0.030874062,0.007407038,0.127116218,0.023867426,0.046384864,-0.186802328,0.223598972,0.150737733,0.041871678,0.085669130,0.028129797,-0.146078005,0.014933930,-0.051532187,0.998882473,-0.668982327,-0.163412690,0.202747628,0.012624114,-0.012146243,0.065038003,0.363833159,0.524285495,-0.002691087,-0.380613565,-0.265339315,-0.083154880,0.341100395
399,7979.991,1786878703551.473,13491369.408,0.000000000,-0.236575767,0.008175555,-0.112237230,0.163521856,0.029609606,0.015565885,-0.180671543,0.234974161,0.042092595,0.040681552,0.034736574,0.006643799,-0.171796590,0.021340379,-0.020707779,0.895968437,-0.502105713,-0.269028604,-0.029560585,0.010437638,-0.026687054,0.036633845,0.392462492,0.448576689,-0.001404281,-0.349012017,-0.263930112,-0.117849462,0.306209028
400,7999.993,1786878703571.475,13491389.410,0.000000000,-0.219212532,0.062703840,-0.195750490,0.197463468,0.001159003,-0.003634299,-0.129892811,0.337856859,-0.010355458,0.007186920,-0.010902884,0.006572472,-0.151185781,0.075584844,-0.001406181,0.852318347,-0.430010617,-0.331981629,-0.159906417,-0.000679730,-0.136666864,0.065913640,0.437462747,0.457662344,0.001602743,-0.340495467,-0.184551045,-0.095105641,0.329458117
401,8019.988,1786878703591.470,13491409.405,0.000000000,-0.242844075,0.167100370,-0.181687042,0.211386055,-0.037812382,-0.020167788,-0.195352465,0.464952081,0.034778740,0.008027115,-0.093048617,-0.003304138,-0.061276399,0.099682562,-0.091512010,0.868812382,-0.443572372,-0.306787610,-0.117310598,-0.002569443,-0.297498941,0.073330700,0.477453470,0.584784210,0.001347428,-0.345658839,-0.152430981,-0.046159804,0.385213137
402,8039.990,1786878703611.473,13491429.408,0.000000000,-0.120348737,0.124914564,-0.102733359,0.155811116,-0.034966830,-0.026263755,-0.130316556,0.368843287,0.085470103,0.079077974,-0.275876284,-0.007760311,-0.097991772,0.012206065,-0.009307174,0.900371671,-0.444503367,-0.192174017,-0.012400126,0.002461618,-0.371604949,0.102174006,0.436170608,0.745101869,0.001426370,-0.323378265,-0.225226924,-0.060610689,0.432821274
403,8059.993,1786878703631.475,13491449.410,0.000000000,-0.137497365,0.108720571,-0.097550131,0.141156733,-0.031212548,-0.020971861,-0.142259404,0.310017377,0.058151245,0.092420466,-0.342897117,-0.014296222,-0.133950487,0.002204732,-0.049806815,0.908801377,-0.493772835,-0.142159298,0.001165798,0.028632114,-0.264547557,0.115116239,0.457234263,0.809408784,-0.000941198,-0.359397888,-0.425144315,-0.033241343,0.471911579
404,8079.988,1786878703651.470,13491469.405,0.000000000,-0.081670307,0.098078839,-0.110353835,0.117743433,-0.024187926,-0.018618081,-0.064245120,0.247370407,0.006136717,0.079166040,-0.430419892,-0.010833253,-0.163027227,0.036565252,-0.006327096,0.838502228,-0.610785246,-0.111200787,0.094788507,0.041174389,-0.234208301,0.173237458,0.492091477,0.832458794,-0.001260772,-0.434884965,-0.575810790,-0.012831748,0.490077108
405,8099.990,1786878703671.472,13491489.407,0.000000000,-0.100140668,0.023014091,-0.062724002,0.046043787,0.008779787,-0.018192749,-0.102121837,0.069276385,-0.017101280,0.131759837,-0.613864064,-0.009981722,-0.169319719,-0.032954805,-0.063354447,0.840164125,-0.686510682,-0.127188265,0.090262897,0.013017528,-0.202352107,0.189341396,0.599434733,0.869864166,-0.000708790,-0.524783254,-0.559801042,-0.007565764,0.484865665
406,8119.990,1786878703691.472,13491509.407,0.000000000,-0.147606418,0.009984300,-0.023797277,-0.004991757,0.032100812,-0.017468743,-0.172010124,0.006812845,-0.009762420,0.139343083,-0.667260051,-0.014216959,-0.133493036,-0.077503093,-0.155880496,0.873372734,-0.643001080,-0.228574112,0.007693055,0.010192546,-0.186888501,0.206080109,0.696315348,0.888116419,0.002488682,-0.617795765,-0.667134881,-0.009724375,0.533795953
407,8139.990,1786878703711.473,13491529.408,0.000000000,-0.094710633,0.082997449,-0.024823325,0.001030693,0.019829219,-0.011755001,-0.116839223,0.092080891,-0.000251388,0.059464630,-0.456912488,-0.030896144,-0.098456234,-0.018298961,-0.123227194,0.901885986,-0.557094812,-0.307229251,-0.027719641,-0.007835683,-0.277077764,0.221983671,0.708107412,0.867260933,0.025353512,-0.628847361,-0.617420375,-0.041766819,0.522782803
408,8159.987,1786878703731.470,13491549.405,0.000000000,-0.062777013,0.103472576,0.024451975,-0.026013160,0.015563546,-0.007890276,-0.130213335,0.138961211,0.074627846,0.025684042,-0.306295991,-0.030736694,-0.059627764,-0.037396193,-0.140327305,0.973258734,-0.516081572,-0.359184355,-0.013660100,-0.155925721,-0.385045797,0.245816931,0.730565965,0.831611097,0.087797575,-0.606770158,-0.464743763,-0.023129808,0.514066994
409,8179.990,1786878703751.472,13491569.407,0.000000000,-0.009085015,0.068354681,0.004208554,-0.042860646,0.017661063,0.000951628,-0.055204261,0.125002772,0.059757791,-0.002635715,-0.305171818,-0.017409269,-0.134285897,-0.018345926,-0.094465353,1.023176193,-0.531990230,-0.370510221,-0.005427437,-0.145962507,-0.379862726,0.299420476,0.690014243,0.735047221,0.164698184,-0.573744297,-0.400197148,-0.011233456,0.535066664
410,8199.988,1786878703771.470,13491589.405,0.000000000,0.024671942,0.055588219,0.001772122,-0.055660889,0.020282125,0.008412646,-0.004515510,0.101061881,0.044817321,-0.054196667,-0.139328212,-0.011068618,-0.176132649,-0.004328018,-0.056038141,1.028266668,-0.558664322,-0.395363569,0.002732226,-0.040163621,-0.390584975,0.308113754,0.643855453,0.636549234,0.204053819,-0.528428376,-0.465372831,-0.009216725,0.518454134
411,8219.988,1786878703791.470,13491609.405,0.000000000,0.004710197,0.075733110,0.034688234,-0.062219340,0.017468680,0.007138263,-0.044628862,0.100479983,0.069725916,-0.054551370,-0.085485965,-0.006771265,-0.149380162,-0.020242235,-0.079848990,1.024653792,-0.551102161,-0.428892940,-0.003840449,-0.011128988,-0.458564043,0.257427335,0.614335477,0.616018355,0.194613367,-0.492260814,-0.598933756,-0.004912361,0.525453568
412,8239.987,1786878703811.470,13491629.405,0.000000000,-0.012074626,0.070297033,0.062631406,-0.066100352,0.011217214,0.000385739,-0.083571196,0.071761720,0.086631551,-0.025031636,-0.082532048,0.000293102,-0.151761606,-0.068138994,-0.084591582,1.021376610,-0.457336098,-0.418144643,-0.066712059,-0.006531605,-0.494972438,0.186061576,0.539371789,0.629937589,0.185813621,-0.434148520,-0.590340316,-0.005537464,0.512119234
413,8259.987,1786878703831.469,13491649.404,0.000000000,-0.051573746,0.055507690,0.008986229,-0.022091433,-0.002949669,-0.012771274,-0.100351557,0.084122509,0.051244393,0.009315431,-0.182465062,0.008210934,-0.221662745,-0.025846360,-0.098690934,1.102295756,-0.449242294,-0.257652044,-0.041187942,-0.008097066,-0.639754415,0.146489948,0.450888425,0.657278657,0.145367488,-0.486582339,-0.602383256,-0.005097646,0.561714113
414,8279.988,1786878703851.471,13491669.406,0.000000000,-0.027820278,0.062877975,-0.002690853,-0.000570751,-0.020993063,-0.012581165,-0.063261576,0.090347759,0.038671140,0.005200324,-0.146571055,0.014990803,-0.270346582,-0.003705967,-0.064173982,1.186966777,-0.427382827,-0.189590916,-0.006475805,-0.012912515,-0.706068695,0.233674034,0.375294805,0.636815906,0.205085084,-0.479156643,-0.511250079,-0.006688016,0.479219735
415,8299.987,1786878703871.469,13491689.404,0.000000000,-0.000285815,0.042092521,-0.015805701,-0.008489370,-0.035457607,-0.022391450,-0.020984564,0.057450578,0.014840564,0.003497789,-0.176743090,0.032447554,-0.320267141,-0.000769406,-0.047460128,1.280887365,-0.422676295,-0.148526371,0.006834626,-0.001624535,-0.677752137,0.287791818,0.353737175,0.653262317,0.206615284,-0.433091134,-0.337736189,-0.074402340,0.404793978
416,8319.986,1786878703891.469,13491709.403,0.000000000,0.070870444,0.013594206,0.061708823,-0.103458039,-0.009851360,-0.027457114,-0.003435008,0.011310828,0.080971465,-0.000559228,-0.168435782,0.018203074,-0.296715468,-0.116623774,-0.028985992,1.313472629,-0.404180616,-0.180326939,0.007038889,-0.004206100,-0.630924761,0.308585495,0.390632182,0.768026948,0.195320591,-0.348267168,-0.325069219,-0.102027774,0.345968723
417,8339.989,1786878703911.472,13491729.407,0.000000000,0.081458710,-0.002846688,0.074828252,-0.165538594,0.005309073,-0.044163525,-0.004383924,0.000826342,0.093707383,-0.040819313,-0.122855209,0.005111306,-0.271756619,-0.179883048,-0.063095756,1.281728387,-0.399401069,-0.248974204,-0.000903493,-0.001393892,-0.602078617,0.267649710,0.455871314,0.847190678,0.208879232,-0.243765712,-0.377386391,-0.134955853,0.360950679
418,8359.988,1786878703931.471,13491749.406,0.000000000,0.081795938,-0.001710337,0.078995630,-0.186381981,-0.021749264,-0.032394983,-0.001110963,-0.014636518,0.082831115,-0.040684529,-0.193045184,-0.003669672,-0.243722141,-0.213327497,-0.073325641,1.201667547,-0.355811119,-0.320274830,0.000161136,0.009419267,-0.630432785,0.247452840,0.493692935,0.843885481,0.244449481,-0.171246901,-0.423972577,-0.152317718,0.410966188
419,8379.987,1786878703951.469,13491769.404,0.000000000,0.041043047,0.027032670,0.026083900,-0.144679710,-0.111354984,-0.035911914,0.009888333,-0.008749055,0.010652288,-0.070706464,-0.167002410,-0.012797901,-0.227693558,-0.152750015,-0.092586361,1.116265535,-0.375022650,-0.315016359,-0.001851176,0.034630224,-0.635411382,0.212427735,0.545638919,0.796783090,0.240701482,-0.175070837,-0.390518308,-0.155299619,0.488713413
420,8399.987,1786878703971.469,13491789.404,0.000000000,0.010244410,0.117166132,-0.026523639,-0.083065659,-0.188536361,-0.037941772,0.039395832,0.060865622,-0.055515323,-0.113954417,-0.138430476,-0.021776697,-0.213365436,-0.031587105,-0.089031033,1.052738190,-0.433372289,-0.263607383,-0.021123210,0.023869738,-0.636473894,0.220279992,0.580390871,0.795858264,0.178718507,-0.228694677,-0.556877017,-0.164278939,0.519927800
421,8419.986,1786878703991.469,13491809.404,0.000000000,-0.002791850,0.087676816,-0.015403894,-0.088529199,-0.125928327,-0.042314481,0.025678482,0.014580706,-0.058834441,-0.096933492,-0.104262389,-0.046901848,-0.211249128,-0.016345216,-0.094590060,1.025081038,-0.435451984,-0.232800126,-0.063887410,0.018218284,-0.654951751,0.230069101,0.619871378,0.804375887,0.124768093,-0.278372437,-0.665444553,-0.177336216,0.491340011
422,8439.990,1786878704011.472,13491829.407,0.000000000,-0.005195220,0.036293317,0.028826756,-0.089079395,-0.014301642,-0.027966570,-0.014305823,-0.024845947,-0.005662240,-0.034859017,-0.053359244,-0.061849400,-0.192074522,-0.038565684,-0.074190520,1.028653264,-0.312044770,-0.298294246,-0.143405750,0.055884939,-0.711569250,0.290603578,0.618589878,0.692266762,0.184308350,-0.347568393,-0.616669655,-0.194172010,0.435619295
423,8459.988,1786878704031.470,13491849.405,0.000000000,0.053324658,0.112191468,0.120798826,-0.064211741,-0.013350814,-0.012584271,-0.002355335,0.012072472,0.077250391,0.004402628,0.002096831,-0.034359924,-0.112655111,-0.045703679,-0.004134885,1.009806037,-0.194553792,-0.353358060,-0.099765100,0.050334599,-0.834094942,0.266227186,0.560141802,0.594021201,0.239334002,-0.255659193,-0.500506759,-0.290425122,0.327983320
424,8479.988,1786878704051.470,13491869.405,0.000000000,0.021321997,0.176344648,0.134695753,-0.033057831,-0.003864212,-0.010672266,-0.033582434,0.059538472,0.087954409,0.019619329,0.028457230,-0.032847516,-0.113272607,-0.033439230,-0.000404866,0.993450165,-0.101749361,-0.335524529,-0.014773515,0.032929536,-0.892332256,0.190010041,0.486926466,0.535051405,0.297884464,-0.116524994,-0.401851058,-0.332888693,0.283469021
425,8499.992,1786878704071.474,13491889.409,0.000000000,-0.001802454,0.069728881,0.127538890,-0.104206987,0.210870594,-0.018056750,-0.081158936,0.006884919,0.108083285,0.045901336,0.062052358,-0.059082620,-0.189721748,-0.118054740,-0.008776808,1.000231504,-0.040090214,-0.267909139,-0.048874728,0.018131681,-0.819929421,0.150664985,0.462463588,0.581254780,0.320090085,-0.071381710,-0.471011966,-0.256816894,0.346281707
426,8519.993,1786878704091.475,13491909.410,0.000000000,-0.081275433,0.122072168,0.133831084,-0.110730052,0.218633115,-0.026045749,-0.172495574,0.070317447,0.124445535,0.032911491,0.070318811,-0.083224915,-0.125187546,-0.119425058,-0.094093882,0.987958670,-0.043715656,-0.250888824,-0.111020468,0.007852831,-0.765704751,0.143189415,0.529440045,0.590966165,0.315478235,-0.119688779,-0.416167557,-0.162969053,0.442767113
427,8539.992,1786878704111.475,13491929.409,0.000000000,-0.095163465,0.162352666,0.096627511,-0.094825044,0.118342690,-0.036470875,-0.167160884,0.124460965,0.095745608,-0.007416596,0.049487706,-0.094493292,-0.061054416,-0.086059667,-0.089904428,0.936820984,-0.052364759,-0.240336806,-0.222246200,0.010943622,-0.722532690,0.186906800,0.578130841,0.561885715,0.304307878,-0.201789171,-0.431840718,-0.095861062,0.508313954
428,8559.992,1786878704131.475,13491949.410,0.000000000,-0.059354354,0.083851144,0.007793874,-0.073923066,0.020469425,-0.047922879,-0.081030637,0.090922214,0.024873311,-0.035824180,0.009171412,-0.082687430,-0.100397721,-0.055175800,-0.017713228,0.871724844,-0.084246382,-0.185643941,-0.313323468,0.013735737,-0.738359392,0.173137769,0.567464471,0.545092225,0.249819294,-0.257199377,-0.406564176,-0.116937906,0.577941298
429,8579.991,1786878704151.474,13491969.409,0.000000000,-0.010158563,0.014596676,-0.021418016,-0.098581448,0.003552658,-0.042628098,-0.015448088,0.059724782,0.011252304,-0.055831734,0.003083920,-0.065971389,-0.132753626,-0.076664522,0.020930026,0.783534169,-0.116905347,-0.135663971,-0.329263538,0.019645985,-0.763728738,0.145237386,0.547551215,0.578010678,0.180734828,-0.222576514,-0.347468048,-0.162815332,0.573175609
430,8599.990,1786878704171.473,13491989.408,0.000000000,0.030838743,-0.045582440,0.000648505,-0.177692831,0.098555706,-0.051980034,0.005750877,0.012555286,0.034771949,-0.052610490,-0.011363193,-0.083280951,-0.165231690,-0.164626151,0.003455510,0.735158503,-0.103803732,-0.093890361,-0.366832644,0.017513281,-0.737891853,0.116090573,0.540191352,0.618034303,0.152373016,-0.205154940,-0.366912574,-0.159661174,0.599443436
431,8619.991,1786878704191.473,13492009.408,0.000000000,0.096932381,-0.035156276,0.032843534,-0.234120846,0.135408401,-0.066431150,0.061705880,0.018675838,0.064610548,-0.070065692,-0.014550355,-0.077703759,-0.200822964,-0.237702712,0.015215428,0.722181559,-0.072466560,-0.041623056,-0.384248286,0.046136882,-0.760768116,0.138555110,0.522985756,0.634557307,0.148115456,-0.241943762,-0.439510107,-0.160361618,0.626308262
432,8639.992,1786878704211.474,13492029.409,0.000000000,0.124133080,0.032390591,0.064449303,-0.237108111,0.088127293,-0.074262388,0.080617890,0.080592372,0.098007537,-0.073657252,-0.055130463,-0.082624860,-0.189271435,-0.260073245,-0.002235657,0.696892619,-0.042559523,-0.013534757,-0.336764216,0.138300687,-0.776035309,0.184045285,0.504466474,0.572562337,0.160877123,-0.291154265,-0.528943539,-0.188684419,0.606168211
433,8659.990,1786878704231.473,13492049.408,0.000000000,0.085990928,0.058572680,0.025739610,-0.178859532,0.015744248,-0.078374699,0.089268677,0.076883383,0.037859201,-0.089320220,-0.021849627,-0.086503021,-0.189470544,-0.187310964,-0.031146089,0.641844213,-0.039350394,-0.008434989,-0.259721696,0.280808121,-0.764476836,0.201613933,0.475209296,0.419093072,0.150271490,-0.335328788,-0.574595332,-0.245738164,0.554381669
434,8679.990,1786878704251.472,13492069.407,0.000000000,0.085608192,0.148928270,0.015836947,-0.125283420,-0.005374819,-0.072041221,0.116102293,0.121303521,0.007534339,-0.099703394,-0.013640292,-0.054217283,-0.150028855,-0.084570758,-0.012688584,0.617434263,-0.059598543,-0.002878184,-0.173855945,0.371646404,-0.749735594,0.237144738,0.426900864,0.317929089,0.112208746,-0.374050230,-0.476325184,-0.254723847,0.528287113
435,8699.990,1786878704271.473,13492089.408,0.000000000,0.036079362,0.145116821,0.026169248,-0.108446501,0.003531841,-0.074777484,0.061143886,0.086866513,0.003359527,-0.073560812,-0.013473636,-0.037526716,-0.094878085,-0.043219268,-0.060889345,0.596120954,-0.101662226,0.000180259,-0.025524538,0.302666873,-0.730967999,0.172847658,0.421635240,0.232263282,0.094128422,-0.398068577,-0.441710591,-0.219630688,0.449778289
436,8719.989,1786878704291.471,13492109.406,0.000000000,0.063391685,0.195305109,0.014960462,-0.091769248,-0.000062777,-0.067705490,0.100992508,0.140517250,-0.000711468,-0.085633934,-0.008542842,-0.028052073,-0.081514619,-0.003134632,-0.005838585,0.634056270,-0.095438160,0.003235171,-0.037415724,0.239302099,-0.577155411,0.141820058,0.386239469,0.235454202,0.043860450,-0.353021294,-0.528369129,-0.225029305,0.354386598
437,8739.988,1786878704311.471,13492129.406,0.000000000,0.057331197,0.138826966,0.007685857,-0.102916092,0.008658365,-0.061352443,0.101782806,0.090498522,-0.010109837,-0.075390324,-0.010448403,-0.033008009,-0.116049677,-0.023637516,0.000807205,0.658650041,-0.092793919,0.001631930,-0.068140268,0.188498542,-0.481542438,0.107724167,0.372932017,0.250486732,0.019354058,-0.295636952,-0.495194912,-0.194462761,0.311342329
438,8759.989,1786878704331.472,13492149.407,0.000000000,0.062909558,0.120173208,0.030960372,-0.116212651,0.035026331,-0.052343331,0.094328865,0.083684258,0.017341865,-0.057284754,-0.011966429,-0.054251619,-0.101207860,-0.052606948,0.023473907,0.642515361,-0.090385973,0.000002489,-0.095200732,0.134519845,-0.410334110,0.060299184,0.338880271,0.234838024,0.006126251,-0.218591034,-0.405001938,-0.149690047,0.256568760
439,8779.989,1786878704351.472,13492169.407,0.000000000,0.048872970,0.138117060,0.085248113,-0.118791200,0.071588531,-0.054893646,0.041274779,0.112312496,0.083211690,-0.016952880,-0.004987693,-0.068167746,-0.036605712,-0.099522151,0.019005556,0.613292634,-0.074474104,-0.000726367,-0.128248841,0.054550141,-0.383898109,0.014664096,0.294684738,0.224703714,0.005058719,-0.164179325,-0.378858119,-0.106452614,0.195983559
440,8799.992,1786878704371.474,13492189.409,0.000000000,0.021800680,0.101598822,0.056236081,-0.102076381,0.121487118,-0.055098236,0.023000138,0.107062660,0.069801785,0.006380914,0.009718384,-0.091016889,-0.048208162,-0.106304385,0.024146067,0.574948311,-0.051815454,-0.002273806,-0.162532061,0.017525431,-0.353790641,0.004807261,0.225671351,0.217396259,0.022289753,-0.103911631,-0.324498743,-0.074283466,0.131540745
441,8819.992,1786878704391.475,13492209.409,0.000000000,-0.026377603,0.105712019,0.053365439,-0.045289762,0.075622588,-0.049737755,-0.052884035,0.194097191,0.125195101,0.020148018,0.148393810,-0.115764536,0.009730364,-0.113075994,0.009521667,0.519743085,-0.009993644,-0.000633799,-0.152318761,0.006593560,-0.359072894,0.001433168,0.146954685,0.173224047,0.069310866,-0.066851743,-0.244451284,-0.045605466,0.072130360
442,8839.991,1786878704411.474,13492229.408,0.000000000,-0.073256537,0.045858450,0.018561028,0.025616985,-0.039647110,-0.042493928,-0.112710819,0.227099270,0.149574548,0.054043852,0.179950058,-0.118077718,0.034379378,-0.112903021,0.011762048,0.443818629,0.000606851,0.001735922,-0.099091820,0.002596061,-0.335963190,-0.000008050,0.070944503,0.107046783,0.107686616,-0.062687002,-0.169680297,-0.029220238,0.033542473
443,8859.991,1786878704431.474,13492249.408,0.000000000,-0.056512650,0.008732378,-0.032183956,0.042010196,-0.020335995,-0.037197404,-0.073579393,0.221732363,0.114345990,0.045003325,0.214852571,-0.119461015,0.011152267,-0.093911089,0.069649607,0.369644880,0.001940460,0.001250708,-0.048097976,0.000632220,-0.282585680,0.002104551,0.041161735,0.064392932,0.123600550,-0.050768841,-0.049203537,-0.011094300,0.007746243
444,8879.988,1786878704451.470,13492269.405,0.000000000,-0.115652472,0.012104185,-0.085261092,0.057946667,-0.020657953,-0.046971638,-0.100074597,0.236814559,0.066309936,0.022271812,0.214890823,-0.120729886,0.001885486,-0.058580123,0.013413754,0.346180081,0.001141096,-0.003297478,-0.036644954,0.009662212,-0.209910497,0.005027842,0.125765070,0.052377157,0.124809869,-0.068550825,-0.019890845,-0.001504533,0.003347375
445,8899.989,1786878704471.471,13492289.407,0.000000000,-0.118438244,0.065232314,-0.093027927,0.056447584,-0.044340901,-0.054662339,-0.104361206,0.303950846,0.072259702,-0.021705767,0.240077287,-0.128297582,0.038767386,-0.034113098,-0.012618082,0.339468986,0.000607150,-0.016380027,-0.105192237,0.011188096,-0.157400161,0.043226361,0.225546554,0.070950203,0.119993381,-0.107793421,-0.039351020,0.003556438,0.006391125
446,8919.989,1786878704491.471,13492309.406,0.000000000,-0.095655166,0.033164632,-0.065107107,0.010009083,-0.029238408,-0.054278087,-0.103365108,0.260354936,0.090934537,-0.024101773,0.199802846,-0.135721758,0.039301369,-0.074981935,-0.018049724,0.314609349,0.002941031,-0.049802598,-0.186905384,0.006736305,-0.162546664,0.089036331,0.309170216,0.091858178,0.116934158,-0.163029075,-0.071789198,0.007381456,0.034719951
447,8939.989,1786878704511.471,13492329.406,0.000000000,-0.064144023,0.030901950,-0.075069480,-0.009550205,-0.051790487,-0.078049839,-0.060867403,0.225529790,0.060074482,-0.060045924,0.197154582,-0.128310874,0.046689767,-0.051715977,-0.005459733,0.272916228,0.001803645,-0.090274327,-0.248646125,0.008497358,-0.201706007,0.112240560,0.386273801,0.077156156,0.109379359,-0.237376124,-0.060845960,0.022340350,0.074959822
448,8959.987,1786878704531.469,13492349.404,0.000000000,-0.037533067,0.028276177,-0.075453088,-0.023799581,-0.058700718,-0.075261258,-0.030722942,0.198711380,0.044150397,-0.074074790,0.175472751,-0.118406326,0.041472640,-0.041903775,-0.001558993,0.252855659,0.001386053,-0.093713857,-0.266601741,0.010510673,-0.252810389,0.126154318,0.409004569,0.067196213,0.108741358,-0.256544799,-0.071556762,0.014197125,0.093674041
449,8979.989,1786878704551.471,13492369.407,0.000000000,-0.006988655,0.008804732,-0.066220544,-0.052122232,-0.049923435,-0.064692989,0.002289274,0.142129093,0.026057851,-0.092712782,0.184531614,-0.117921092,0.013159645,-0.048010036,-0.001656223,0.225825712,0.000964794,-0.092848882,-0.258173615,0.012337515,-0.299485594,0.148464531,0.398590505,0.059273005,0.117860116,-0.211580500,-0.061280265,0.006896376,0.086322926
450,8999.988,1786878704571.470,13492389.405,0.000000000,0.013611986,0.003848546,-0.053725764,-0.069942713,-0.045688991,-0.058830436,0.021921756,0.110286877,0.020546786,-0.100666516,0.170097873,-0.111075550,0.002984960,-0.045945659,-0.001547740,0.186115757,0.000447288,-0.093925551,-0.230325297,0.014715881,-0.315574795,0.139451206,0.377961457,0.046889730,0.113330267,-0.153103143,-0.063974217,0.006266659,0.077133916
451,9019.988,1786878704591.471,13492409.406,0.000000000,0.060469434,-0.005768814,-0.025593273,-0.082681127,-0.044319116,-0.056347374,0.063223384,0.040905360,0.007416774,-0.097998247,0.213175327,-0.129193678,-0.001114682,-0.056780409,0.037729863,0.157580748,-0.002484571,-0.041492529,-0.189598933,0.007949485,-0.339166701,0.072169848,0.360848665,0.077816635,0.054749247,-0.151766196,-0.099463843,0.006708748,0.127229452
452,9039.990,1786878704611.472,13492429.407,0.000000000,0.104160279,0.014208679,-0.015612083,-0.067081772,-0.069689102,-0.057924274,0.104141749,0.031068221,0.003228552,-0.075167753,0.140704468,-0.115601845,0.002924130,-0.033609062,0.071030498,0.161708891,-0.003354285,-0.004613516,-0.137638077,0.002307111,-0.340373218,0.042830754,0.343842983,0.099995986,0.012245705,-0.186180636,-0.166058645,0.010360051,0.141000986
453,9059.987,1786878704631.469,13492449.404,0.000000000,0.084049806,0.022391360,-0.013513454,-0.040574130,-0.092721999,-0.060286600,0.084197275,0.024813334,-0.000658261,-0.043218590,0.077699736,-0.109574325,0.001985723,-0.008680470,0.028304130,0.186516508,-0.003320363,-0.000546256,-0.084667198,0.002936958,-0.318436593,0.015044701,0.333308131,0.084257856,0.006208822,-0.196811050,-0.168371677,0.006158919,0.112574972
454,9079.987,1786878704651.469,13492469.404,0.000000000,0.076195709,0.016683524,-0.007556257,-0.020332552,-0.107661113,-0.061759789,0.075995296,0.007146261,-0.001399070,-0.014703529,0.050864156,-0.111156173,0.000242528,-0.001294520,0.011520822,0.192031562,-0.002898617,0.000358878,-0.046313953,0.005215070,-0.286747783,0.005367422,0.301518530,0.057317857,0.007472190,-0.176944390,-0.132569134,0.003182659,0.063532673
455,9099.989,1786878704671.472,13492489.407,0.000000000,0.050808351,0.028530642,-0.005188639,-0.004163931,-0.116920739,-0.060384285,0.049244240,0.039357584,0.017256526,-0.005781872,0.031647895,-0.079607919,0.002294876,0.000713470,-0.001260588,0.194757536,-0.001850017,0.002030434,-0.049742654,0.009426182,-0.239687100,0.003517765,0.248909116,0.029631073,0.019210149,-0.155932397,-0.118300036,0.001437640,0.030912682
456,9119.990,1786878704691.472,13492509.407,0.000000000,0.027230335,0.035167847,-0.009437379,-0.002621520,-0.112507701,-0.060068939,0.023198344,0.081296794,0.036206666,-0.007726504,0.023621481,-0.082397297,0.002420416,0.000297264,0.000459217,0.177225053,-0.001967288,0.001989590,-0.061234992,0.013714322,-0.214613751,0.001171333,0.189859733,0.007648364,0.027922740,-0.139452294,-0.105895333,-0.000791090,0.009432402
457,9139.990,1786878704711.472,13492529.407,0.000000000,0.018651778,0.032678090,-0.014800731,-0.006820373,-0.106443681,-0.061032243,0.015306721,0.101145193,0.044478219,-0.019602185,0.064275682,-0.090838037,0.001530494,-0.000030388,0.009234576,0.143079102,-0.002053664,0.001616239,-0.061963763,0.016857667,-0.193756968,-0.000702071,0.140817642,0.003551037,0.020685991,-0.115902506,-0.085521631,-0.002620115,0.005221288
458,9159.989,1786878704731.471,13492549.407,0.000000000,0.020457141,0.025754789,-0.019501388,-0.011422184,-0.102277249,-0.060990665,0.018712511,0.110142902,0.048809417,-0.029857397,0.106313340,-0.102838486,0.000885834,-0.000231353,0.022737186,0.102473207,-0.001771120,0.001601652,-0.061622471,0.020115172,-0.173759848,-0.001844447,0.101073019,0.003084884,0.012814185,-0.089007460,-0.062432352,-0.003578610,0.002132596
459,9179.991,1786878704751.474,13492569.408,0.000000000,0.017063132,0.016985061,-0.022784881,-0.011569822,-0.102213152,-0.060754769,0.017672874,0.114227764,0.052590657,-0.035287812,0.145472392,-0.112090811,0.000624270,-0.000407122,0.023108318,0.065408684,-0.001543604,0.001796373,-0.060053769,0.029668609,-0.155565500,-0.002674327,0.074906878,0.002626573,0.009511469,-0.063240312,-0.041345805,-0.003621393,-0.001222298
460,9199.989,1786878704771.472,13492589.407,0.000000000,0.017854251,0.012937995,-0.024397187,-0.006980526,-0.105887890,-0.060951982,0.023025207,0.124552503,0.064392596,-0.045767523,0.186793432,-0.075933583,0.000845646,-0.000417991,0.023750005,0.041666664,-0.001226252,0.002231755,-0.057025895,0.036908414,-0.146659166,-0.003254842,0.059627473,0.002126623,0.011011100,-0.046081752,-0.025383854,-0.003131146,-0.004262926
461,9219.992,1786878704791.475,13492609.410,0.000000000,0.023190590,0.003705463,-0.023032574,-0.000932222,-0.113678500,-0.062050272,0.029654985,0.123117901,0.068043962,-0.046474539,0.246264309,-0.106507108,0.000956582,-0.002263827,0.026299017,0.011195789,-0.001275876,0.002305601,-0.051210374,0.045967676,-0.130791023,-0.004170252,0.046116251,0.001639690,0.013644656,-0.029052414,-0.018611219,-0.002209316,-0.015214500
462,9239.988,1786878704811.471,13492629.406,0.000000000,0.029828968,0.032457352,-0.028455481,-0.001063569,-0.120358936,-0.064806037,0.029674960,0.091433957,0.034762211,0.024924137,-0.153033882,-0.065164730,0.002629793,0.010419752,0.039250944,0.003074367,-0.002336946,0.003015125,-0.051564459,0.042633224,-0.116478153,-0.004227222,0.014464688,0.001099889,0.030629821,-0.006903574,-0.017956449,-0.000568631,-0.037662711
463,9259.987,1786878704831.470,13492649.405,0.000000000,0.026635701,0.051534135,-0.038716841,-0.006566191,-0.121766798,-0.068371460,0.024797296,0.102292888,0.020010117,0.008938145,-0.145617336,-0.099216789,0.002853030,0.013776761,0.041472282,0.002156095,-0.001768842,0.003820040,-0.061895370,0.048847970,-0.099543437,-0.004158774,0.003855953,0.001333472,0.045761332,-0.005036237,-0.018389085,0.000901456,-0.067435615
464,9279.989,1786878704851.472,13492669.407,0.000000000,0.022117943,0.049480494,-0.039353922,-0.018194277,-0.117259018,-0.067314431,0.013364629,0.104569122,0.019108411,0.003024989,-0.127506137,-0.151238173,0.001838608,0.001668430,0.036357019,0.001390166,-0.001334632,0.003770235,-0.080642320,0.059528928,-0.091570944,-0.004133961,0.006963715,0.001107524,0.054614689,-0.005367447,-0.022803491,0.001954513,-0.094859876
465,9299.988,1786878704871.470,13492689.405,0.000000000,0.018646520,0.041179921,-0.042272791,-0.023656964,-0.115618639,-0.063194476,0.008587730,0.102016218,0.016774919,0.001091762,-0.121010430,-0.185151741,0.000673777,-0.000271404,0.030888909,0.000497199,-0.001543441,0.003303805,-0.100738011,0.072355382,-0.095734000,-0.003730022,0.017671330,0.000354493,0.052745163,-0.005575736,-0.027243569,0.002805239,-0.117034487
466,9319.987,1786878704891.470,13492709.405,0.000000000,0.021497075,0.030555546,-0.041457314,-0.025276588,-0.117041983,-0.057909008,0.011484334,0.096601680,0.019873932,0.002246509,-0.122737095,-0.191085741,0.000308110,-0.000878224,0.030060338,0.000062118,-0.001634344,0.003028078,-0.117421478,0.077193551,-0.109853737,-0.002400612,0.026645079,-0.000325861,0.047182284,-0.004924798,-0.037050709,0.003528615,-0.133288801
467,9339.987,1786878704911.469,13492729.404,0.000000000,0.022022737,0.020569075,-0.037616946,-0.022671198,-0.120748706,-0.054727379,0.011384738,0.091928124,0.027867157,0.007406217,-0.128201932,-0.184032381,0.000464433,-0.000915742,0.025367459,0.000071678,-0.001693273,0.003078279,-0.126375899,0.081846721,-0.127431467,-0.000251074,0.032661263,-0.000862602,0.040590331,-0.003910294,-0.052965973,0.004214329,-0.144535631
468,9359.990,1786878704931.473,13492749.408,0.000000000,0.026511349,0.010526204,-0.030330123,-0.016012788,-0.126418859,-0.049769104,0.013819725,0.088117547,0.040919635,0.017575597,-0.137001485,-0.171246827,0.000452842,-0.001036565,0.026182462,0.000079353,-0.001630336,0.003622288,-0.129173681,0.095223397,-0.148839250,0.002387139,0.033414010,-0.001306015,0.034656543,-0.002734417,-0.072953880,0.004828520,-0.158276170
469,9379.990,1786878704951.472,13492769.407,0.000000000,0.025742946,0.003881938,-0.021642540,-0.008435313,-0.131739065,-0.045455940,0.010836215,0.085478164,0.053976130,0.028136332,-0.145011395,-0.157579407,0.000766855,-0.001136761,0.024233781,0.000062042,-0.001444313,0.004033173,-0.127544433,0.107425146,-0.161393911,0.004744429,0.030826585,-0.001522764,0.030433418,-0.001500452,-0.084803507,0.005291906,-0.162702814
470,9399.989,1786878704971.472,13492789.407,0.000000000,0.029504588,0.001556459,-0.012740246,-0.002668793,-0.135178819,-0.041131184,0.011697458,0.087270729,0.067802861,0.034950782,-0.147767738,-0.147066996,0.000989320,-0.001358551,0.031513613,-0.000036779,-0.000952784,0.004776469,-0.123771437,0.118806012,-0.168125838,0.007528646,0.021567350,-0.001835597,0.028635202,-0.000276727,-0.095993027,0.005497672,-0.163939565
471,9419.988,1786878704991.470,13492809.405,0.000000000,0.031356804,0.001121350,-0.009122355,0.000182384,-0.135267064,-0.037914958,0.012679319,0.090431862,0.076105542,0.035589844,-0.145077437,-0.134896249,0.000958956,-0.001417341,0.039263446,-0.000188846,-0.000697797,0.005134620,-0.120610990,0.127927452,-0.172308087,0.024522368,0.013484062,-0.002096043,0.028877635,0.000838465,-0.108388513,0.005774559,-0.170223624
472,9439.987,1786878705011.470,13492829.405,0.000000000,0.024188409,0.000906889,-0.006515007,0.002124368,-0.133410335,-0.034437146,0.005045291,0.094318837,0.083683774,0.034558605,-0.140427276,-0.124383822,0.000632772,-0.002328927,0.040590744,-0.000186020,-0.000386070,0.005363435,-0.117333330,0.134799138,-0.171066970,0.048234086,0.005419991,-0.002307031,0.029182838,0.002023610,-0.115051031,0.005993524,-0.170998365
473,9459.992,1786878705031.474,13492849.409,0.000000000,0.019575505,0.000541569,-0.005939620,0.002204028,-0.130427301,-0.031025553,0.001894346,0.096553698,0.087564550,0.030199969,-0.134962827,-0.113793828,0.000257895,-0.003115547,0.044982102,-0.000514848,-0.000068609,0.005690508,-0.118486688,0.139540434,-0.164882600,0.069583125,0.002807995,-0.002416237,0.027729763,0.002847298,-0.117678352,0.006009014,-0.175086603
474,9479.990,1786878705051.472,13492869.407,0.000000000,0.014360245,0.000110936,-0.006620196,0.001557434,-0.126905188,-0.027480181,-0.000650630,0.097257897,0.088582806,0.024427257,-0.129085392,-0.103676535,-0.000189841,-0.004126145,0.046547562,-0.000740585,0.000215107,0.005977898,-0.121647961,0.143003717,-0.157053724,0.085367322,0.002666458,-0.002636459,0.026727740,0.003981249,-0.121245869,0.005951259,-0.175494239
475,9499.989,1786878705071.471,13492889.406,0.000000000,0.007448758,-0.000362244,-0.007913830,0.000637018,-0.123290032,-0.024005152,-0.004512934,0.097090915,0.087953627,0.018330907,-0.123060375,-0.095342107,-0.000523535,-0.005259715,0.043108594,-0.000901893,0.000449503,0.006775233,-0.125150159,0.145584643,-0.148458526,0.095176376,0.002826734,-0.002871399,0.026931571,0.005123529,-0.124924973,0.005849360,-0.171563402
476,9519.991,1786878705091.474,13492909.409,0.000000000,0.002383208,-0.000888131,-0.008295145,-0.000751951,-0.120522276,-0.020992083,-0.007964829,0.096761614,0.087874234,0.013308878,-0.117301725,-0.092070207,-0.000315575,-0.007430795,0.037518278,-0.000983873,0.000696408,0.008141708,-0.128004983,0.146416143,-0.139856964,0.100559294,0.002836259,-0.003001752,0.028290888,0.005991960,-0.126911014,0.005664282,-0.165297627
477,9539.987,1786878705111.469,13492929.404,0.000000000,0.000365188,-0.001387258,-0.008632275,-0.001948783,-0.118556544,-0.019135971,-0.008496055,0.096258186,0.087736815,0.008301556,-0.111936584,-0.089680403,-0.000227836,-0.009245941,0.032094896,-0.001168106,0.000920580,0.009934944,-0.130055428,0.145742968,-0.130667388,0.101885058,0.002832555,-0.003110471,0.029559292,0.006609512,-0.126797393,0.005419169,-0.157659054
478,9559.987,1786878705131.470,13492949.405,0.000000000,-0.000497154,-0.003487044,-0.009077954,-0.002787316,-0.116620935,-0.017161619,-0.007728946,0.094066307,0.087008625,0.004488071,-0.107751727,-0.089657031,-0.000451127,-0.010832612,0.025977926,-0.001452690,0.001162671,0.011485643,-0.131560490,0.143747196,-0.121139482,0.099559255,0.002930087,-0.003219277,0.029724998,0.007866145,-0.124413684,0.005161842,-0.149161041
479,9579.987,1786878705151.470,13492969.405,0.000000000,-0.000286613,-0.008130373,-0.009670991,-0.003100196,-0.114503458,-0.014755332,-0.005643026,0.089716002,0.085990876,0.002492748,-0.105021238,-0.090955831,-0.000866174,-0.012152416,0.020670805,-0.001834738,0.001378188,0.012769621,-0.133177429,0.140894502,-0.111863464,0.094383627,0.003028361,-0.003336102,0.027902681,0.010233778,-0.119299002,0.004905905,-0.140862197
480,9599.988,1786878705171.470,13492989.405,0.000000000,0.000577460,-0.012972727,-0.010999920,-0.002742884,-0.111950561,-0.011833705,-0.003130892,0.086235493,0.085161708,0.000830963,-0.101242393,-0.093902923,-0.000940018,-0.011468424,0.017258091,-0.002119716,0.001577246,0.013805244,-0.135151133,0.140679032,-0.106110901,0.089213587,0.003056508,-0.003431658,0.024933144,0.014836119,-0.115370825,0.004739040,-0.136044890
481,9619.987,1786878705191.469,13493009.405,0.000000000,0.001153062,-0.017520182,-0.011620613,-0.002543754,-0.109217286,-0.008987917,-0.001199998,0.082547374,0.084870465,-0.000688699,-0.097765774,-0.095855169,-0.000878250,-0.009572656,0.015492084,-0.002424279,0.001690829,0.013885919,-0.135703608,0.135956407,-0.099258974,0.079558209,0.003020340,-0.003507203,0.020592518,0.018595465,-0.107270420,0.004628368,-0.126123086
482,9639.989,1786878705211.471,13493029.406,0.000000000,0.001880795,-0.021766173,-0.011854719,-0.002414507,-0.105696328,-0.006056699,0.000663438,0.078896262,0.084841773,-0.002127642,-0.093509026,-0.097393736,-0.000877227,-0.006637856,0.016717972,-0.002733788,0.001772281,0.013943844,-0.134813115,0.130643576,-0.092133902,0.069127902,0.002984986,-0.003586281,0.015765365,0.021295689,-0.098888598,0.004561563,-0.116467424
483,9659.995,1786878705231.478,13493049.413,0.000000000,0.002612926,-0.024733296,-0.012094944,-0.002315210,-0.102294460,-0.003919617,0.001840465,0.076593585,0.084910721,-0.002990356,-0.088971227,-0.100066692,-0.000817986,-0.004036968,0.019643437,-0.002931589,0.001803928,0.014471878,-0.133526340,0.128563762,-0.086892001,0.062629469,0.002944269,-0.003654544,0.012547539,0.022948099,-0.095368572,0.004516318,-0.112370603
484,9679.990,1786878705251.472,13493069.407,0.000000000,0.002992680,-0.029398790,-0.011921819,-0.002624657,-0.097225174,-0.001222643,0.002933999,0.072234519,0.085544609,-0.004047958,-0.084720321,-0.099447064,-0.000924984,-0.001754057,0.024096327,-0.003166907,0.001864119,0.014529979,-0.130619034,0.121936508,-0.079628050,0.052783336,0.002951683,-0.003680905,0.008807920,0.024495956,-0.088063076,0.004446372,-0.103293128
485,9699.990,1786878705271.472,13493089.407,0.000000000,0.002786148,-0.033776246,-0.011313713,-0.003182533,-0.092115842,0.001501636,0.003259306,0.067645118,0.086338177,-0.004965876,-0.080864526,-0.096724264,-0.001052941,-0.001241099,0.028463785,-0.003862543,0.001926092,0.014363267,-0.126412496,0.114540741,-0.072647758,0.044526055,0.003033665,-0.003683826,0.006621603,0.025624325,-0.081852578,0.004332581,-0.093429096
486,9719.987,1786878705291.470,13493109.405,0.000000000,0.001674192,-0.036514267,-0.010956514,-0.003607989,-0.087727889,0.004299647,0.002989459,0.064083807,0.086415455,-0.006608569,-0.076985024,-0.092255555,-0.001134709,-0.001043686,0.031181961,-0.005474165,0.001964604,0.013182243,-0.120402597,0.106732987,-0.065460794,0.038279500,0.003196459,-0.003668237,0.006273474,0.025884233,-0.077533871,0.004171396,-0.082080781
487,9739.986,1786878705311.469,13493129.404,0.000000000,-0.000330805,-0.038043797,-0.010937105,-0.003876379,-0.084109239,0.007153430,0.002173364,0.061279133,0.085620806,-0.008873240,-0.073425137,-0.087971337,-0.001147331,-0.000917998,0.031136381,-0.007357537,0.001989112,0.011037435,-0.113358893,0.099114515,-0.057779536,0.033918053,0.004947057,-0.003588306,0.006355658,0.023803484,-0.074705474,0.003936867,-0.069480352
488,9759.987,1786878705331.469,13493149.405,0.000000000,-0.002872939,-0.038881488,-0.011160277,-0.004014764,-0.081181385,0.010047825,0.001149395,0.058861185,0.084054716,-0.011471923,-0.070434965,-0.084890150,-0.001133936,-0.000850223,0.027917778,-0.009008687,0.002015056,0.008204175,-0.106065214,0.092103668,-0.049827177,0.031284850,0.009528204,-0.003476297,0.006451616,0.018690862,-0.072554894,0.003627090,-0.056299027
489,9779.988,1786878705351.471,13493169.406,0.000000000,-0.007900888,-0.039558426,-0.012265921,-0.003873385,-0.078101218,0.013025427,-0.001054644,0.056156892,0.080929160,-0.014898957,-0.067831583,-0.081162356,-0.001451512,-0.000643372,0.019884439,-0.010072966,0.002015125,0.006059694,-0.099434257,0.086779498,-0.041980010,0.029242706,0.017211879,-0.003354331,0.006150548,0.011359636,-0.070760012,0.003237770,-0.043078814
490,9799.992,1786878705371.474,13493189.409,0.000000000,-0.012722660,-0.040130686,-0.014661219,-0.003853878,-0.074944109,0.015763590,-0.002667088,0.053880133,0.076442696,-0.018944895,-0.064758129,-0.080618873,-0.001828961,-0.000442149,0.010546525,-0.010966235,0.002045260,0.005761458,-0.094468914,0.082576297,-0.034655228,0.027950890,0.024261050,-0.003201819,0.006036742,0.006983298,-0.067620113,0.002664841,-0.031799719
491,9819.993,1786878705391.475,13493209.410,0.000000000,-0.014683813,-0.040406350,-0.017902847,-0.004301893,-0.071688525,0.018190779,-0.002347988,0.052828003,0.071666643,-0.023148442,-0.060124289,-0.085712843,-0.001968864,-0.000264174,0.004570166,-0.012320588,0.002146747,0.005721414,-0.093906336,0.080063008,-0.028172946,0.028463520,0.027822901,-0.003084631,0.005884489,0.005998630,-0.065929823,0.002080236,-0.020457003
492,9839.987,1786878705411.469,13493229.404,0.000000000,-0.014388856,-0.040647786,-0.020041842,-0.005249211,-0.067765698,0.020778412,-0.000734483,0.051682126,0.068047822,-0.026955387,-0.054502729,-0.091410197,-0.001980977,-0.000141239,0.003679795,-0.015134044,0.002210303,0.005686524,-0.094263725,0.076208688,-0.023331247,0.027013062,0.027834740,-0.003028093,0.005634881,0.005414651,-0.062332019,0.001641525,-0.009551856
493,9859.986,1786878705431.469,13493249.404,0.000000000,-0.013554092,-0.041480940,-0.021076471,-0.007105760,-0.063277997,0.024412025,0.000816513,0.049587298,0.065149240,-0.030513495,-0.048546147,-0.096915215,-0.001983603,-0.000021248,0.003921276,-0.018806500,0.002210621,0.005567845,-0.093759358,0.073185109,-0.018761020,0.023523355,0.027862910,-0.002962444,0.005380768,0.005018459,-0.059667896,0.001290460,-0.006990555
494,9879.987,1786878705451.469,13493269.404,0.000000000,-0.002696734,-0.020693807,-0.016429592,0.002052382,-0.068476804,0.023244200,0.007602556,0.066668071,0.066882819,-0.027808957,-0.039177779,-0.117750980,0.001461567,0.001072642,0.018671798,-0.006876807,0.002986707,0.041674580,-0.085151687,0.096531205,-0.027140804,0.007822170,0.019932326,-0.003032578,0.011004160,0.003941285,-0.088825688,-0.000990067,-0.007006592
495,9899.991,1786878705471.474,13493289.409,0.000000000,-0.000725474,-0.021718008,-0.019540772,0.008510792,-0.067584790,0.022844302,0.010104551,0.063687809,0.061167963,-0.022276649,-0.036796845,-0.127494693,0.000520043,0.001219776,0.026650745,-0.008480993,0.003446859,0.054521628,-0.073252290,0.102024846,-0.022027934,0.004249736,0.024878185,-0.003214078,0.006836448,0.003615967,-0.085561730,-0.002338456,-0.007043621
496,9919.988,1786878705491.470,13493309.405,0.000000000,-0.002207926,-0.027258607,-0.021835266,0.015429734,-0.066334754,0.024597032,0.010174359,0.055792402,0.055093762,-0.014434511,-0.038212340,-0.132470354,-0.000332945,0.001082631,0.032445826,-0.015701793,0.003527558,0.055166680,-0.058284674,0.090550430,-0.009790408,0.002014759,0.035294171,-0.003649289,0.004778930,0.003577285,-0.070885412,-0.003009340,-0.006702955
497,9939.988,1786878705511.471,13493329.406,0.000000000,-0.010396470,-0.032961383,-0.022311509,0.020258792,-0.064011171,0.027166504,0.004224437,0.047735870,0.050905153,-0.008657929,-0.040484909,-0.130235344,-0.000604281,0.001202133,0.028686749,-0.022901695,0.003245374,0.045421243,-0.045338701,0.075338438,-0.005916133,0.000465401,0.047996104,-0.003603917,0.004392727,0.003276242,-0.059115384,-0.004029142,-0.005831559
498,9959.988,1786878705531.470,13493349.405,0.000000000,-0.019016979,-0.036608465,-0.024253454,0.023767965,-0.060980696,0.029629210,-0.000646900,0.042446431,0.046596646,-0.007593397,-0.041546348,-0.123573288,-0.000758739,0.003275607,0.021893276,-0.027415855,0.002933966,0.031250995,-0.039753951,0.062452845,-0.004655448,-0.000665069,0.059085853,-0.003397475,0.004288551,0.002722170,-0.052165065,-0.005145667,-0.004484114
499,9979.987,1786878705551.469,13493369.405,0.000000000,-0.030371856,-0.038326841,-0.026758220,0.025803197,-0.057464425,0.032160338,-0.008619178,0.039688755,0.042873863,-0.009299358,-0.040689576,-0.117078438,-0.000678795,0.005946261,0.008114743,-0.027173674,0.002619921,0.016532281,-0.040462751,0.053407520,-0.003875784,-0.001293322,0.068156846,-0.003042429,0.004368163,0.001960120,-0.050316043,-0.006403011,-0.002708926
500,9999.987,1786878705571.469,13493389.404,0.000000000,-0.032485135,-0.038630251,-0.028011136,0.024357025,-0.053595517,0.034663245,-0.008924376,0.038215768,0.040715672,-0.013799870,-0.037380658,-0.112701543,-0.000682554,0.008181529,0.003851592,-0.026301259,0.002370133,0.006950350,-0.046354588,0.048788946,-0.003487889,-0.001524890,0.069381073,-0.002718050,0.004150880,0.000936559,-0.050294586,-0.011211431,-0.000651570
501,10019.988,1786878705591.471,13493409.406,0.000000000,-0.032814108,-0.038684547,-0.027374439,0.020372758,-0.048534393,0.036839783,-0.009079981,0.036343697,0.040207155,-0.018997777,-0.032101739,-0.108666137,-0.000790893,0.008728846,0.001886540,-0.024415394,0.002181831,0.005525406,-0.053851161,0.048863802,-0.003403706,-0.001425266,0.065801971,-0.002395578,0.003850588,-0.000050799,-0.051234458,-0.020301646,0.001567557
502,10039.992,1786878705611.475,13493429.410,0.000000000,-0.030981457,-0.039338320,-0.026575321,0.014927957,-0.042743135,0.038794611,-0.007368372,0.033609491,0.039687958,-0.025148677,-0.025732072,-0.105459355,-0.001017288,0.009168895,0.001607660,-0.024177175,0.002159500,0.005296976,-0.059661925,0.050019223,-0.003259785,-0.000882568,0.060285691,-0.002139874,0.003518929,-0.000861880,-0.051159251,-0.028688107,0.004008551
503,10059.990,1786878705631.473,13493449.408,0.000000000,-0.027478427,-0.040299024,-0.026465012,0.008577228,-0.036754943,0.040430725,-0.003845965,0.030489454,0.038357444,-0.032394752,-0.018581212,-0.103283033,-0.001323039,0.010153400,0.001600576,-0.024667596,0.002202471,0.005079528,-0.065014906,0.053359959,-0.002993576,-0.000178465,0.055322263,-0.001873781,0.003157190,-0.001654312,-0.052289087,-0.035713069,0.006776737
504,10079.988,1786878705651.470,13493469.405,0.000000000,-0.024153223,-0.040390801,-0.024166472,0.003621927,-0.031493068,0.041899100,-0.001662491,0.028266562,0.039108969,-0.037071981,-0.012895236,-0.104609437,-0.001511577,0.010112855,0.000951843,-0.023240540,0.002280522,0.004906694,-0.069556899,0.053608723,-0.002826795,0.000426588,0.048328880,-0.001622104,0.002901764,-0.002564026,-0.049058024,-0.039440267,0.022508973
505,10099.987,1786878705671.470,13493489.405,0.000000000,-0.020808037,-0.039945982,-0.021478672,0.001192395,-0.028123103,0.043232307,0.000499535,0.026442897,0.040330678,-0.039643180,-0.008374948,-0.104139902,-0.001772229,0.010729194,0.000339548,-0.020853709,0.002290931,0.004765562,-0.072620921,0.053323541,-0.002611108,0.000788501,0.041060332,-0.001401641,0.002548089,-0.003387505,-0.045665666,-0.040508635,0.043209851
506,10119.990,1786878705691.472,13493509.407,0.000000000,-0.017851422,-0.040033732,-0.019333707,0.000005279,-0.026646581,0.043735970,0.002146073,0.024514247,0.041056991,-0.040012043,-0.005719534,-0.105525836,-0.002045095,0.010828097,0.000115059,-0.018986842,0.002280068,0.004737645,-0.073577411,0.053373229,-0.002305858,0.000879374,0.036422409,-0.001190120,0.002142284,-0.004013409,-0.044121180,-0.040878914,0.058776844
507,10139.990,1786878705711.473,13493529.408,0.000000000,-0.014128793,-0.040252060,-0.016517039,-0.000583237,-0.025093367,0.045022804,0.004927483,0.021701766,0.042113449,-0.040265359,-0.003338776,-0.102804162,-0.002345733,0.011097001,0.000012667,-0.017071074,0.002178594,0.004611328,-0.072466582,0.051816437,-0.001980248,0.000661380,0.032281738,-0.000958336,0.001720598,-0.004545108,-0.041484363,-0.039969031,0.071992576
508,10159.989,1786878705731.471,13493549.406,0.000000000,-0.009485829,-0.040721841,-0.014671820,-0.000478768,-0.024423663,0.046223164,0.009511975,0.018520148,0.042045515,-0.040528007,-0.002254786,-0.098799571,-0.002672735,0.011698538,0.000249643,-0.015946843,0.002031325,0.004472449,-0.068647675,0.049140885,-0.001590552,0.000236146,0.030473044,-0.000712967,0.001315021,-0.004978209,-0.038524415,-0.039035186,0.081516892
509,10179.993,1786878705751.475,13493569.410,0.000000000,-0.004600005,-0.019172717,-0.027022261,0.018776998,-0.038023595,0.045739036,0.020817516,0.046453368,0.037621096,-0.048706438,0.004081602,-0.102737308,-0.000339911,0.044345882,0.002454901,-0.025118131,0.000321529,0.002830977,-0.055146143,0.076856583,-0.000438367,-0.000016178,0.026642529,-0.001653155,0.000602391,-0.003735984,-0.022980118,-0.039390143,0.082171567
510,10199.991,1786878705771.473,13493589.408,0.000000000,-0.001635273,-0.013996062,-0.023762103,0.033633981,-0.046416305,0.049949221,0.022382412,0.051518988,0.041162752,-0.039274376,0.002719469,-0.105823301,-0.000577328,0.060518809,0.002193435,-0.043944202,0.000053513,0.001962340,-0.043721180,0.095228702,0.000372682,-0.001980150,0.024554817,-0.001223994,0.000413558,-0.003658368,-0.018302074,-0.045024257,0.072352678
511,10219.990,1786878705791.472,13493609.407,0.000000000,-0.000882798,-0.022066234,-0.010037626,0.036874991,-0.046051692,0.054614443,0.017288545,0.039275464,0.050814647,-0.024093641,-0.002268062,-0.100708619,-0.001617034,0.056488901,0.001830521,-0.062649950,-0.000087819,0.001903169,-0.037898876,0.088897765,0.001264210,-0.003888916,0.025740622,-0.000667056,0.000424764,-0.004196207,-0.017614201,-0.052047152,0.066169016
512,10239.993,1786878705811.476,13493629.411,0.000000000,-0.001793631,-0.031031724,-0.001940110,0.035262246,-0.042698741,0.057459671,0.012934845,0.026826991,0.055579007,-0.015688326,-0.005362990,-0.092880793,-0.002576578,0.049684227,0.001959870,-0.078207076,-0.000335092,0.002073846,-0.035418767,0.075295776,0.002288128,-0.005143729,0.029371681,-0.000234254,0.000466970,-0.004792494,-0.017387019,-0.057676841,0.067155294
513,10259.990,1786878705831.472,13493649.407,0.000000000,-0.004514197,-0.051225811,0.006872175,0.015133793,-0.027111214,0.057894226,0.004918574,0.000158818,0.057223793,-0.012095081,-0.008219525,-0.085177861,-0.010812169,0.017729642,-0.000015091,-0.071123682,0.000952905,0.004216754,-0.045110386,0.030288044,0.002542932,-0.005501382,0.032586046,0.001614863,0.001499783,-0.007107254,-0.018814575,-0.064507261,0.085505866
514,10279.992,1786878705851.475,13493669.410,0.000000000,-0.011921614,-0.050567597,0.001731065,0.000355821,-0.016124094,0.055738397,0.001023366,-0.006234339,0.046718754,-0.027624628,-0.001719702,-0.071385995,-0.010327221,0.001482300,-0.002450943,-0.050860766,0.000955444,0.005214015,-0.056201912,0.016780581,0.003257922,-0.003870194,0.041801989,0.001442058,0.001005146,-0.028097561,-0.023534557,-0.059014130,0.118091330
515,10299.992,1786878705871.475,13493689.410,0.000000000,-0.015667798,-0.041098189,-0.006684906,-0.003907644,-0.013449064,0.053144757,0.001301315,-0.001840806,0.035396371,-0.042083714,0.005884758,-0.065007493,-0.004993346,-0.000130909,-0.003692328,-0.029982872,0.000794833,0.004752561,-0.064422809,0.016541472,0.003479956,-0.002691715,0.048116729,0.001313829,0.000388774,-0.049739905,-0.021111956,-0.050835326,0.138608009
516,10319.991,1786878705891.474,13493709.409,0.000000000,-0.010057298,-0.028112069,-0.009896065,0.002576737,-0.019572070,0.051164184,0.006914815,0.011612257,0.034367777,-0.046862580,0.011792186,-0.069373973,-0.001889238,0.004819004,-0.002104440,-0.026316617,0.000106290,0.002959177,-0.061861616,0.044108924,0.004081628,-0.001735974,0.037643675,0.001331366,0.000349993,-0.041014496,-0.016538752,-0.057112034,0.132173717
517,10339.993,1786878705911.475,13493729.410,0.000000000,-0.003235191,-0.023766411,-0.012895562,0.011391698,-0.025460290,0.050280478,0.014755162,0.016219504,0.031462733,-0.045015596,0.012180855,-0.076418214,-0.002480600,0.012365124,-0.001070917,-0.034544468,-0.000562854,0.001524868,-0.053433441,0.069137327,0.004299671,-0.002727508,0.032248706,0.001184731,-0.000370326,-0.033617537,-0.015282989,-0.054541923,0.125119984
518,10359.992,1786878705931.475,13493749.410,0.000000000,-0.002873162,-0.036811065,-0.013822233,0.005301070,-0.019357519,0.048905861,0.015084113,0.000211697,0.025353067,-0.041253220,0.009035761,-0.082593545,-0.011991256,0.003212965,-0.002524183,-0.025653927,0.000167018,0.002395374,-0.056481577,0.044408724,0.003869560,-0.004029717,0.036967047,0.002015028,-0.000554367,-0.047491621,-0.016656183,-0.046540141,0.140030563
519,10379.988,1786878705951.470,13493769.406,0.000000000,-0.002949912,-0.040377107,-0.017770482,0.000577599,-0.015483491,0.046953242,0.017366834,-0.005919130,0.018733833,-0.045649283,0.009796132,-0.079693846,-0.014017818,0.000134678,-0.003757434,-0.007957738,0.000498008,0.003270263,-0.059287447,0.021161348,0.004008770,-0.003683062,0.046358816,0.001977493,-0.001249953,-0.067222461,-0.016855190,-0.038604170,0.147573277
520,10399.987,1786878705971.470,13493789.405,0.000000000,0.000128824,-0.028105626,-0.021401994,0.007777458,-0.021446072,0.045543619,0.022075053,0.007045219,0.017383920,-0.050168715,0.013730507,-0.081075750,-0.004329668,0.011161979,-0.003294295,-0.008103142,-0.000134336,0.002243835,-0.052934844,0.044410948,0.004978026,-0.003077577,0.045476172,0.001456401,-0.002083925,-0.063194551,-0.014284604,-0.043015536,0.132852271
521,10419.988,1786878705991.471,13493809.406,0.000000000,0.003088109,-0.022159088,-0.022443399,0.019189790,-0.028730093,0.045200739,0.025086571,0.013339289,0.016838159,-0.044752896,0.012652496,-0.086538740,-0.003033289,0.022073451,-0.002535357,-0.015152145,-0.000763786,0.000995017,-0.047683094,0.063526712,0.005482425,-0.004580694,0.035180252,0.001544044,-0.002369382,-0.045771785,-0.012881229,-0.051205136,0.117236815
522,10439.988,1786878706011.470,13493829.405,0.000000000,0.008535050,-0.024457999,-0.015664071,0.025602601,-0.032955900,0.046772346,0.027171396,0.009185100,0.021959042,-0.033490192,0.007884209,-0.083981432,-0.003274039,0.023033381,-0.000573984,-0.023857042,-0.001027990,0.000558299,-0.041202325,0.063809447,0.006007073,-0.006578446,0.027305836,0.001990374,-0.002328223,-0.031159218,-0.012306254,-0.054963451,0.107714906
523,10459.992,1786878706031.475,13493849.410,0.000000000,0.010751501,-0.029101489,-0.010806264,0.029042000,-0.034250442,0.048093319,0.027254647,0.002910221,0.025039742,-0.024559243,0.003355268,-0.080127954,-0.004577568,0.022469336,0.000099539,-0.032194972,-0.001311896,0.000586196,-0.034787927,0.056039549,0.006671538,-0.014217841,0.024894321,0.002265071,-0.002453707,-0.023629339,-0.011972855,-0.054755092,0.103335403
524,10479.998,1786878706051.480,13493869.415,0.000000000,0.007915739,-0.029959578,-0.009161076,0.030936284,-0.033979252,0.048703574,0.023220660,0.000968653,0.025596129,-0.020372316,0.002071819,-0.078340583,-0.004006308,0.023437647,-0.000643928,-0.038205508,-0.001500548,0.000758669,-0.032099519,0.045670684,0.009559847,-0.024275120,0.026099948,0.002500800,-0.002669890,-0.023070076,-0.011525208,-0.054583691,0.102450669
525,10499.998,1786878706071.480,13493889.415,0.000000000,0.002055780,-0.048080646,-0.007151906,0.014485020,-0.020424789,0.048641726,0.016162885,-0.023464600,0.020893086,-0.020092277,-0.000197083,-0.064190790,-0.015220950,0.005335103,-0.002152347,-0.028803855,-0.000490094,0.002585428,-0.036197972,0.021478036,0.010435851,-0.025843866,0.032658126,0.004664241,-0.002334170,-0.040404599,-0.013118818,-0.050406281,0.120908052
526,10519.993,1786878706091.475,13493909.410,0.000000000,-0.001047035,-0.047255676,-0.010103371,0.000476062,-0.012192967,0.046692211,0.014599371,-0.028641615,0.014066773,-0.033629209,0.005014350,-0.051474635,-0.014021245,-0.000622363,-0.002862707,-0.007600755,-0.000407276,0.003004306,-0.044206370,0.014697148,0.015470729,-0.013074147,0.042838190,0.003838275,-0.002742536,-0.070491128,-0.013776207,-0.045114469,0.145279989
527,10539.999,1786878706111.481,13493929.416,0.000000000,0.001806176,-0.025048887,-0.010939281,0.005229693,-0.017275993,0.044507064,0.015666438,-0.003557418,0.019253852,-0.042573128,0.013152035,-0.055341687,-0.003107543,0.005261547,-0.002358230,-0.003171076,-0.000996870,0.001275643,-0.047359701,0.022461593,0.017496727,-0.007689235,0.031979214,0.003700705,-0.002641956,-0.061190508,-0.011164755,-0.056949560,0.134586394
528,10559.993,1786878706131.476,13493949.411,0.000000000,0.004587340,-0.021265723,-0.013341330,0.010954270,-0.020646458,0.042521000,0.018601038,-0.000313178,0.016820548,-0.041279960,0.013795583,-0.057270084,-0.003399904,0.008403845,-0.001872366,-0.008685396,-0.001458360,0.000364256,-0.046757963,0.037515029,0.015512477,-0.008430264,0.024771424,0.003544818,-0.003316283,-0.049577720,-0.010156916,-0.057337485,0.121904157
529,10579.997,1786878706151.479,13493969.414,0.000000000,0.007258557,-0.021992685,-0.015406681,0.014983928,-0.022781672,0.040973838,0.021468937,-0.000393019,0.014807329,-0.038177717,0.012765919,-0.061429579,-0.005157762,0.010921661,-0.001134544,-0.013942682,-0.001584551,0.000189283,-0.044387031,0.042059727,0.012750010,-0.016521137,0.022787290,0.003534624,-0.003827883,-0.043037359,-0.009902750,-0.054501120,0.116877213
530,10599.993,1786878706171.476,13493989.411,0.000000000,0.004945641,-0.041476741,-0.016602071,0.006340267,-0.014057275,0.040436544,0.020654442,-0.024079576,0.008346994,-0.034541674,0.008347903,-0.047199007,-0.019292105,0.001668384,-0.002908823,-0.006997870,-0.000870956,0.001426228,-0.044961501,0.023038406,0.007578413,-0.025302118,0.028793005,0.005934750,-0.004077405,-0.052533776,-0.011593662,-0.042324148,0.125026852
531,10619.996,1786878706191.478,13494009.413,0.000000000,0.003288736,-0.043586075,-0.015675543,-0.001327052,-0.008645678,0.038938645,0.018885687,-0.029702088,0.006766114,-0.038260452,0.009750486,-0.039067857,-0.013545167,-0.000880858,-0.003848703,-0.002152518,-0.000543295,0.001608966,-0.041147090,0.016709412,0.006710795,-0.017595196,0.040253870,0.004128926,-0.004707145,-0.070849933,-0.011871683,-0.032170873,0.129365444
532,10639.997,1786878706211.479,13494029.414,0.000000000,0.010286947,-0.023822432,-0.014795043,0.003399327,-0.014590933,0.037520837,0.023447722,-0.007003893,0.012672123,-0.043607950,0.015139228,-0.048653625,-0.002518165,0.005713651,-0.001595340,-0.001917880,-0.000854303,0.000905469,-0.037714280,0.024975697,0.009194334,-0.008712818,0.029533163,0.004786531,-0.004376843,-0.053857855,-0.009554464,-0.045173466,0.114940003
533,10660.013,1786878706231.496,13494049.431,0.000000000,0.019271374,-0.016826848,-0.011732352,0.010045728,-0.021187907,0.036227249,0.029309314,-0.000387158,0.016699813,-0.039130311,0.014376093,-0.051603995,-0.002760542,0.006265520,-0.000078222,-0.002863735,-0.001192878,0.000319643,-0.037705481,0.033558503,0.012228897,-0.014129740,0.015390591,0.007567886,-0.004425764,-0.028096475,-0.008535987,-0.051246122,0.099232368
534,10679.993,1786878706251.476,13494069.411,0.000000000,0.016986895,-0.033977617,-0.012626958,0.005609397,-0.015366495,0.035387468,0.028673707,-0.022457086,0.010353019,-0.033143781,0.008675374,-0.034695588,-0.014387627,0.000422310,-0.002120856,-0.002339008,-0.000870735,0.000888786,-0.033173136,0.021097280,0.007946726,-0.029234953,0.019258769,0.009678616,-0.005056803,-0.031968143,-0.010312534,-0.037173469,0.100944884
535,10699.991,1786878706271.473,13494089.408,0.000000000,0.010994936,-0.039997820,-0.013186366,-0.000200054,-0.009429113,0.034800734,0.023860911,-0.031550087,0.007125095,-0.034127917,0.008240150,-0.023058128,-0.013064191,-0.001762755,-0.003464192,-0.001547658,-0.000566990,0.001432445,-0.027493963,0.015834838,0.007063653,-0.026679626,0.028143421,0.009445488,-0.005471458,-0.047453154,-0.010592599,-0.026944077,0.104526229
536,10719.992,1786878706291.474,13494109.409,0.000000000,0.007193699,-0.036387995,-0.013768056,-0.002697599,-0.007305522,0.033434264,0.019403182,-0.029680615,0.005924461,-0.036443252,0.010343117,-0.019912396,-0.005469275,-0.001494152,-0.003844392,-0.001072056,-0.000390453,0.001496885,-0.025742797,0.015234042,0.007142714,-0.017625734,0.030183565,0.010468802,-0.005746480,-0.054614004,-0.009993230,-0.026693575,0.105165213
537,10739.990,1786878706311.473,13494129.408,0.000000000,0.006529025,-0.032827828,-0.015924525,-0.003564119,-0.006549348,0.031458300,0.018474471,-0.026976865,0.003698032,-0.038447157,0.012345338,-0.019140881,-0.003285381,-0.001527630,-0.003534510,-0.000673538,-0.000270652,0.001308710,-0.026699860,0.015106133,0.007271024,-0.009005114,0.025227442,0.014439206,-0.006214689,-0.052907530,-0.009493974,-0.031715807,0.107886441
538,10759.991,1786878706331.473,13494149.408,0.000000000,0.016892379,-0.014410375,-0.014272816,0.006579338,-0.015694678,0.030631395,0.025595561,-0.003813562,0.011353715,-0.037942696,0.015267509,-0.031657368,-0.001759370,0.001223822,-0.000076522,-0.001626082,-0.000758455,0.000247677,-0.029878676,0.023851037,0.012843220,-0.007849999,0.005272834,0.020833660,-0.005229034,-0.018299548,-0.007119352,-0.047444519,0.087255843
539,10779.990,1786878706351.472,13494169.407,0.000000000,0.017085671,-0.029999286,-0.014488864,0.002813756,-0.011309165,0.028867818,0.026234644,-0.023810221,0.005995463,-0.031380657,0.010009967,-0.021501439,-0.011765424,-0.006929122,-0.001180542,-0.001620706,-0.000626636,0.000695191,-0.027941229,0.017636774,0.007674879,-0.020037189,0.009364297,0.023367286,-0.005722492,-0.019256966,-0.008807492,-0.035360433,0.085025199
540,10799.992,1786878706371.475,13494189.410,0.000000000,0.013119138,-0.032912206,-0.014368226,0.000635861,-0.008356773,0.027498810,0.021983661,-0.028558536,0.004195155,-0.029668503,0.009546116,-0.019415777,-0.009152636,-0.009596225,-0.002776205,-0.001158582,-0.000402711,0.001048291,-0.026091976,0.015977731,0.006941134,-0.020468216,0.016099934,0.021004777,-0.006054558,-0.026796462,-0.008826152,-0.028223887,0.081517898
541,10819.990,1786878706391.472,13494209.407,0.000000000,0.011877378,-0.030111568,-0.015820557,0.000068526,-0.007898983,0.026148364,0.020764023,-0.026050063,0.003106465,-0.031388070,0.010772862,-0.018456608,-0.004779925,-0.008296627,-0.002576035,-0.000926394,-0.000364331,0.001038637,-0.024858972,0.015828390,0.006949203,-0.017696721,0.018817313,0.020390278,-0.008307132,-0.029986847,-0.008494766,-0.027994107,0.081471972
542,10839.987,1786878706411.469,13494229.404,0.000000000,0.010814583,-0.027242266,-0.017455781,-0.000033662,-0.007417633,0.024640372,0.019537527,-0.023478666,0.001765152,-0.032493331,0.012273478,-0.018070595,-0.003144485,-0.007508976,-0.002413155,-0.000517428,-0.000240508,0.000962929,-0.022339359,0.015629267,0.006860070,-0.011953703,0.017504590,0.020325715,-0.008634054,-0.028764822,-0.008111138,-0.028903851,0.077665493
543,10859.991,1786878706431.473,13494249.408,0.000000000,0.011203546,-0.025408344,-0.017100506,0.000303310,-0.007323507,0.023397496,0.019051820,-0.022476451,0.001834576,-0.031570587,0.012534211,-0.017473202,-0.002823533,-0.008763331,-0.002027977,-0.000335813,-0.000117101,0.000933232,-0.019473972,0.015563248,0.006849771,-0.008963724,0.013582505,0.020408861,-0.008063877,-0.024318984,-0.007934768,-0.030021984,0.072537884
544,10879.993,1786878706451.476,13494269.411,0.000000000,0.012211778,-0.024481589,-0.017073750,0.000899259,-0.007366848,0.022408007,0.019551545,-0.022014914,0.001756703,-0.030456007,0.012280204,-0.016788838,-0.003024349,-0.009909825,-0.001577319,-0.000310594,-0.000113657,0.000825510,-0.017448872,0.015560899,0.006944636,-0.009699083,0.010405942,0.020571129,-0.007950994,-0.020024469,-0.007694633,-0.029038403,0.068323366
545,10899.997,1786878706471.479,13494289.414,0.000000000,0.011809699,-0.024083113,-0.017460261,0.001746419,-0.007323322,0.021446597,0.018775683,-0.021912655,0.001251519,-0.028944686,0.012035097,-0.016282648,-0.003176400,-0.010428664,-0.001810349,-0.000344139,-0.000121290,0.000762352,-0.016719073,0.015612066,0.006917830,-0.010774663,0.008586685,0.020035254,-0.008313829,-0.016215075,-0.007399464,-0.028163644,0.062775493
546,10919.990,1786878706491.472,13494309.407,0.000000000,0.011063621,-0.022957329,-0.018561590,0.002438457,-0.007183474,0.020787500,0.018043978,-0.020853871,0.000320199,-0.028786127,0.012700245,-0.015628519,-0.003087794,-0.009463835,-0.001755993,-0.000362723,-0.000137527,0.000680033,-0.016676906,0.015546191,0.006945752,-0.010884958,0.007500024,0.018975487,-0.009155584,-0.013214088,-0.007009459,-0.027602075,0.058598131
547,10939.990,1786878706511.472,13494329.407,0.000000000,0.010496858,-0.021760112,-0.019160800,0.002747274,-0.006982231,0.020215211,0.017233254,-0.019967290,-0.000305144,-0.028607905,0.013393519,-0.015182228,-0.002998541,-0.008470798,-0.001685390,-0.000305032,-0.000093492,0.000643789,-0.017105429,0.015363716,0.006913321,-0.010298764,0.007253081,0.018465785,-0.010057353,-0.010937949,-0.006750193,-0.026632115,0.054680668
548,10959.989,1786878706531.472,13494349.407,0.000000000,0.010700742,-0.020831086,-0.018840728,0.003086304,-0.006893327,0.019792115,0.016839415,-0.019744119,-0.000407075,-0.027741371,0.013841476,-0.014646036,-0.002888335,-0.008082273,-0.001399916,-0.000273081,-0.000037663,0.000607348,-0.016905664,0.015289165,0.006875028,-0.009565096,0.006779054,0.017473342,-0.009637455,-0.008646793,-0.006534557,-0.025418293,0.050427545
549,10979.990,1786878706551.473,13494369.408,0.000000000,0.015275383,-0.006440061,-0.017983105,0.018692581,-0.017567603,0.020065634,0.020701308,-0.001951177,0.005129431,-0.023400677,0.014572922,-0.016324881,-0.001619632,0.000413554,0.001110390,-0.001407835,-0.000711755,-0.000416136,-0.020954270,0.023844589,0.011168341,-0.012225071,0.003200497,0.011224294,-0.006039265,-0.005102898,-0.004568003,-0.031990726,0.036772456
550,10999.994,1786878706571.477,13494389.412,0.000000000,0.017764056,-0.003191625,-0.014386123,0.031564854,-0.026394660,0.020203296,0.020957265,0.000699317,0.008327829,-0.011802758,0.010475891,-0.017333057,-0.003084656,0.003713257,0.002004946,-0.002612762,-0.001135143,-0.000666737,-0.023189776,0.028940324,0.013062649,-0.025559543,0.003643996,0.005145625,-0.005713985,-0.004100929,-0.004004949,-0.036444582,0.020773530
551,11019.989,1786878706591.471,13494409.407,0.000000000,0.015468202,-0.002807476,-0.012629827,0.038741216,-0.030023698,0.020518148,0.017603507,0.000609840,0.009453041,-0.004320269,0.007968396,-0.016892701,-0.004351821,0.006283184,0.001646758,-0.003184571,-0.001351598,-0.000626549,-0.020981397,0.025932591,0.014536457,-0.037469372,0.007861902,0.003884768,-0.005888229,-0.003896802,-0.003726961,-0.035702735,0.009021369
552,11039.988,1786878706611.470,13494429.405,0.000000000,0.012373379,-0.002752406,-0.012266225,0.039574657,-0.029533293,0.021049775,0.014065718,0.000199321,0.009395175,-0.002878526,0.008158844,-0.015798984,-0.004094868,0.007746278,0.001457706,-0.005063693,-0.001421095,-0.000560741,-0.016758978,0.022359518,0.017593199,-0.042050872,0.011413721,0.003906772,-0.005861010,-0.003926507,-0.003545206,-0.035416823,0.007430265
553,11059.987,1786878706631.469,13494449.404,0.000000000,0.006858659,-0.002684628,-0.011713039,0.037580833,-0.026567824,0.021927504,0.007689775,-0.000532383,0.009248913,-0.003117359,0.010093268,-0.014749949,-0.003353401,0.008141822,0.000944731,-0.007359511,-0.001397116,-0.000411099,-0.011501314,0.019016953,0.022474878,-0.039235678,0.015137039,0.004562402,-0.005600352,-0.003968847,-0.003279532,-0.036131680,0.007157835
554,11079.990,1786878706651.472,13494469.407,0.000000000,0.003444673,-0.002576109,-0.010953488,0.033751264,-0.023026874,0.022302488,0.003205255,-0.001436974,0.009264264,-0.004725849,0.012398556,-0.013594300,-0.002719620,0.007010318,0.001298558,-0.008605490,-0.001322231,-0.000270153,-0.007965459,0.017867876,0.027107246,-0.032399785,0.017276542,0.007228653,-0.005365972,-0.003925327,-0.003225355,-0.036625385,0.007450039
555,11099.988,1786878706671.470,13494489.405,0.000000000,0.002735808,-0.004700499,-0.010331739,0.028213222,-0.018738333,0.022484209,0.001986776,-0.005409430,0.008211931,-0.007407483,0.014201164,-0.011757532,-0.002668953,0.004524437,0.001562836,-0.009810939,-0.001285623,-0.000347171,-0.007077404,0.017240368,0.030512866,-0.026660431,0.019234030,0.010949300,-0.005264136,-0.004089959,-0.003149773,-0.034772713,0.010254013
556,11119.987,1786878706691.470,13494509.405,0.000000000,0.002333606,-0.007320106,-0.010155926,0.022899155,-0.014908815,0.022267358,0.001472018,-0.009815319,0.006662525,-0.010307709,0.015903426,-0.010210820,-0.002665400,0.003024683,0.000948889,-0.011089942,-0.001346636,-0.000505321,-0.007105952,0.016946925,0.029400092,-0.021441981,0.020052461,0.013504786,-0.005195188,-0.004389313,-0.003002004,-0.032394987,0.016330795
557,11139.992,1786878706711.475,13494529.410,0.000000000,0.001003672,-0.026542474,-0.010333627,0.006124174,-0.003246011,0.021389209,0.000930119,-0.035671562,-0.001544601,-0.012876912,0.014115395,-0.005651930,-0.010537051,-0.006899424,-0.001607182,-0.004812383,-0.000717712,0.000557067,-0.007467575,0.013105160,0.022423854,-0.013715427,0.024319652,0.019302292,-0.005626295,-0.008020720,-0.004258357,-0.023020912,0.032827947
558,11159.989,1786878706731.471,13494549.406,0.000000000,-0.000438740,-0.029851422,-0.012159971,-0.005012246,0.004314520,0.020469459,0.001479789,-0.042071018,-0.006225910,-0.022250546,0.017414592,-0.002572327,-0.003353073,-0.004174199,-0.003799917,-0.001557629,-0.000475956,0.000559192,-0.007662431,0.011528536,0.013523054,-0.007613174,0.030508354,0.019278409,-0.006060306,-0.019855144,-0.004852212,-0.011929369,0.055163499
559,11179.992,1786878706751.474,13494569.409,0.000000000,-0.000340053,-0.028407453,-0.013996780,-0.011823473,0.008780609,0.019867817,0.002479720,-0.040859696,-0.007722208,-0.030531527,0.022136837,-0.001634755,-0.001166545,-0.001471004,-0.006162535,-0.000250148,-0.000080352,0.000547751,-0.009885585,0.011367762,0.007233807,-0.005392516,0.025365839,0.020825094,-0.005854067,-0.025552489,-0.004981844,-0.009720726,0.072762534
560,11199.989,1786878706771.471,13494589.406,0.000000000,0.001038414,-0.024816144,-0.014200449,-0.014317546,0.010268172,0.018763214,0.003547208,-0.036863107,-0.006725778,-0.035081256,0.025409278,-0.002364402,-0.000932600,-0.001004498,-0.010289162,0.000330895,0.000151810,0.000304709,-0.015553985,0.011921933,0.006064997,-0.004415534,0.015883168,0.022841645,-0.006083907,-0.025520578,-0.004933341,-0.009497840,0.083596244
561,11219.989,1786878706791.472,13494609.407,0.000000000,0.007163152,-0.021311603,-0.014480112,-0.013692177,0.009816247,0.017463265,0.009712841,-0.032325689,-0.005341161,-0.037144050,0.026569972,-0.003712875,-0.001616853,-0.000840747,-0.008616985,0.000356848,0.000280138,0.000238408,-0.021775171,0.012511426,0.005362276,-0.004312992,0.005561389,0.022209629,-0.007034765,-0.021419151,-0.004847786,-0.008684530,0.081236593
562,11239.987,1786878706811.469,13494629.404,0.000000000,0.018259993,-0.019054821,-0.015030640,-0.012004901,0.007188557,0.016331194,0.020885302,-0.028692834,-0.004124810,-0.037581280,0.025640333,-0.005386944,-0.002006890,-0.000866255,-0.003940129,0.000193210,0.000323058,0.000218484,-0.024239449,0.013090112,0.004801861,-0.004766237,0.002911207,0.021510798,-0.010870905,-0.016953222,-0.004457714,-0.007220332,0.072902769
563,11259.987,1786878706831.469,13494649.404,0.000000000,0.025283447,-0.016805535,-0.015029223,-0.009051636,0.003951882,0.015374092,0.027748419,-0.025701696,-0.003073970,-0.035964020,0.024045108,-0.006735311,-0.002189205,-0.000986327,-0.002691522,0.000215298,0.000338912,0.000277610,-0.022200031,0.013431787,0.004323261,-0.005386441,0.002719762,0.019069191,-0.013959954,-0.009768740,-0.003978422,-0.007061419,0.062041391
564,11279.988,1786878706851.470,13494669.405,0.000000000,0.029152522,-0.015037625,-0.014711909,-0.006836181,0.001722437,0.014724232,0.031418685,-0.023903906,-0.002390735,-0.034427442,0.022907248,-0.007080154,-0.002265336,-0.001114845,-0.001725403,0.000195807,0.000351657,0.000413311,-0.018710563,0.013406279,0.004219204,-0.006029668,0.002825089,0.016573591,-0.015469149,-0.006936491,-0.003702163,-0.006985756,0.057270788
565,11299.991,1786878706871.473,13494689.408,0.000000000,0.030626567,-0.013392818,-0.013573636,-0.004151223,-0.000489405,0.014308011,0.032287423,-0.022908390,-0.001551730,-0.031310368,0.021227913,-0.007008907,-0.002354653,-0.001457328,-0.001295191,0.000160140,0.000329565,0.000555858,-0.012801978,0.013162894,0.004256817,-0.006807273,0.002941499,0.012372157,-0.015774915,-0.006184235,-0.003479009,-0.006970989,0.048824858
566,11319.986,1786878706891.469,13494709.404,0.000000000,0.029350914,-0.013674077,-0.011825548,-0.002653510,-0.001168912,0.014169716,0.030032868,-0.024266418,-0.000726765,-0.027422586,0.019569889,-0.006186876,-0.002430824,-0.003723857,-0.000998856,0.000158456,0.000394028,0.000733657,-0.007519954,0.012808297,0.004580094,-0.007493888,0.002955500,0.009126385,-0.014550295,-0.005914334,-0.003095818,-0.007085146,0.039595023
567,11339.988,1786878706911.470,13494729.405,0.000000000,0.025451858,-0.014502489,-0.010999956,-0.001582604,-0.000812139,0.014005822,0.025489079,-0.026081128,-0.000883602,-0.023894314,0.018416494,-0.004779323,-0.002402195,-0.007105063,-0.000886447,0.000205952,0.000427769,0.000893753,-0.006648904,0.012311797,0.005028103,-0.010004838,0.002958875,0.007614821,-0.012761051,-0.005767598,-0.002650663,-0.008346849,0.032267243
568,11359.987,1786878706931.470,13494749.405,0.000000000,0.020183286,-0.014771040,-0.011087234,-0.000728475,0.000023251,0.013734512,0.019847132,-0.027280897,-0.001885596,-0.021340515,0.018259052,-0.003167480,-0.002250721,-0.010186142,-0.000832503,0.000193096,0.000376216,0.000917421,-0.006562269,0.011976335,0.005285614,-0.012047494,0.002920871,0.008025873,-0.010612168,-0.005708178,-0.002204685,-0.010086516,0.027603226
569,11379.989,1786878706951.472,13494769.407,0.000000000,0.014765587,-0.014373913,-0.011734578,0.000057642,0.000991560,0.013342248,0.014222914,-0.027754853,-0.003329745,-0.019704955,0.018912626,-0.001590528,-0.002033197,-0.012538650,-0.000715387,0.000194516,0.000303647,0.000799377,-0.006560151,0.011836728,0.005469797,-0.011793852,0.002870424,0.009649655,-0.007955180,-0.005711449,-0.001796055,-0.011855667,0.024841933
570,11399.987,1786878706971.469,13494789.404,0.000000000,0.009991005,-0.013556945,-0.012754436,0.000905897,0.001854666,0.012813941,0.009398186,-0.027561009,-0.004868408,-0.018784363,0.019981284,-0.000274306,-0.001807049,-0.013916928,-0.000590873,0.000207879,0.000240203,0.000602544,-0.006583217,0.011823103,0.005603229,-0.009238856,0.002864010,0.012079593,-0.006028651,-0.005719715,-0.001445508,-0.013988922,0.023514783
571,11419.987,1786878706991.470,13494809.405,0.000000000,0.006210531,-0.012938628,-0.014637956,0.001895608,0.002469442,0.012126120,0.006048161,-0.027030185,-0.006814901,-0.018676857,0.021112926,0.000764486,-0.001640638,-0.013466438,-0.000555450,0.000187668,0.000194127,0.000400184,-0.006670532,0.011849731,0.005691395,-0.007661804,0.002919662,0.014412865,-0.005769901,-0.005717678,-0.001146427,-0.016180731,0.023662571
572,11439.986,1786878707011.469,13494829.403,0.000000000,0.003964844,-0.012246003,-0.016178116,0.002896688,0.002889742,0.011430744,0.004185911,-0.026042899,-0.008054078,-0.018788897,0.022188848,0.001128056,-0.001416878,-0.012025727,-0.000437665,0.000213476,0.000188725,0.000232349,-0.006693455,0.011862978,0.005710660,-0.007237652,0.002955423,0.015768513,-0.005629930,-0.005683124,-0.000941422,-0.016417997,0.023165558
573,11459.987,1786878707031.469,13494849.404,0.000000000,0.003433756,-0.011677231,-0.017037896,0.003722077,0.002914412,0.010815158,0.003867990,-0.025229521,-0.008648270,-0.018809609,0.022776330,0.001127533,-0.001231851,-0.010056575,-0.000253254,0.000260867,0.000215435,0.000094138,-0.006680137,0.011841753,0.005700159,-0.006936265,0.002985816,0.016030047,-0.005530279,-0.005622109,-0.000768128,-0.015535486,0.022695974
574,11479.988,1786878707051.470,13494869.405,0.000000000,0.003375557,-0.011380795,-0.017287163,0.004391249,0.002855879,0.010319690,0.003918462,-0.024850126,-0.008806999,-0.018570160,0.022975441,0.000984653,-0.001141028,-0.007789376,-0.000298837,0.000293496,0.000261736,0.000013014,-0.006673684,0.011733202,0.005652180,-0.006715663,0.003006297,0.015259904,-0.005471824,-0.005580087,-0.000556313,-0.014197179,0.022014353
575,11499.989,1786878707071.471,13494889.406,0.000000000,0.003470098,-0.011461683,-0.017221874,0.004752855,0.002779164,0.009993465,0.004067110,-0.025024539,-0.008835830,-0.018237529,0.022878343,0.000970521,-0.001184937,-0.006043152,-0.000363056,0.000295016,0.000302372,-0.000023842,-0.006667154,0.011598121,0.005614391,-0.006625154,0.003011779,0.014225570,-0.005478110,-0.005569590,-0.000358276,-0.013216607,0.021931006
576,11519.987,1786878707091.470,13494909.405,0.000000000,0.003585263,-0.011313426,-0.016664198,0.005281981,0.002728166,0.009778811,0.004097541,-0.025026791,-0.008401548,-0.017631393,0.022795215,0.000844749,-0.001122286,-0.003775683,-0.000461678,0.000329089,0.000359051,-0.000023719,-0.006633452,0.011316234,0.005532750,-0.006556604,0.002986805,0.012576459,-0.005455601,-0.005525750,-0.000165457,-0.011963084,0.021314580
577,11539.987,1786878707111.469,13494929.404,0.000000000,0.003789769,-0.011064759,-0.015878381,0.005838651,0.002592549,0.009662194,0.004098944,-0.025009820,-0.007791981,-0.016828096,0.022602223,0.000772200,-0.001077478,-0.001801232,-0.000509524,0.000360174,0.000425709,0.000014101,-0.006601947,0.010984578,0.005458620,-0.006560478,0.002954281,0.010971055,-0.005435745,-0.005460509,0.000018011,-0.010900700,0.020971755
578,11559.987,1786878707131.469,13494949.404,0.000000000,0.004447831,-0.010972224,-0.014642431,0.005850536,0.002559151,0.009583088,0.004222168,-0.025376407,-0.006911721,-0.015848797,0.022257706,0.000819269,-0.001072350,-0.001468357,-0.000414214,0.000380297,0.000509380,0.000094330,-0.006580864,0.010638244,0.005406699,-0.006616158,0.002937358,0.010176691,-0.005395750,-0.005342668,0.000185434,-0.010037119,0.021153925
579,11579.988,1786878707151.470,13494969.405,0.000000000,0.005247861,-0.010546233,-0.013850288,0.005783308,0.002478672,0.009460668,0.004613043,-0.025394944,-0.006403753,-0.015324498,0.022135751,0.001034603,-0.001097528,-0.001410912,-0.000310000,0.000381368,0.000544309,0.000141460,-0.006552356,0.010348233,0.005379989,-0.006742540,0.002935519,0.009744169,-0.005356273,-0.005236212,0.000349883,-0.009414832,0.021488160
580,11599.987,1786878707171.469,13494989.404,0.000000000,0.006070340,-0.009886038,-0.013518459,0.005705882,0.002367454,0.009268257,0.005184318,-0.025139829,-0.006283990,-0.015201348,0.022209121,0.001366838,-0.001122332,-0.001398391,-0.000234430,0.000369197,0.000556382,0.000171176,-0.006523350,0.010111922,0.005366075,-0.006910295,0.002941645,0.009518674,-0.005320608,-0.005148091,0.000509111,-0.008995241,0.021765022
581,11619.987,1786878707191.469,13495009.404,0.000000000,0.006834019,-0.009161172,-0.013476208,0.005635730,0.002253954,0.009007634,0.005802705,-0.024789672,-0.006417753,-0.015280923,0.022366311,0.001752877,-0.001128954,-0.001404971,-0.000195464,0.000352690,0.000556461,0.000191362,-0.006490559,0.009926977,0.005360975,-0.007097680,0.002951430,0.009404814,-0.005290058,-0.005081707,0.000667673,-0.008728760,0.021845190
582,11639.988,1786878707211.470,13495029.406,0.000000000,0.007473323,-0.008492648,-0.013569715,0.005598226,0.002165846,0.008696646,0.006355306,-0.024461497,-0.006668810,-0.015392011,0.022528119,0.002138087,-0.001116467,-0.001415260,-0.000190746,0.000341341,0.000551736,0.000203079,-0.006450820,0.009780048,0.005358917,-0.007287516,0.002960363,0.009328931,-0.005261467,-0.005034831,0.000825566,-0.008567507,0.021692546
583,11660.011,1786878707231.493,13495049.428,0.000000000,0.005809505,-0.027975699,-0.015198221,-0.009430911,0.011226146,0.009456484,0.005521506,-0.042440198,-0.008922263,-0.020247422,0.019893950,0.003320455,-0.013240733,-0.012731915,-0.003478220,-0.000100159,-0.000845688,-0.002141776,-0.014537275,0.008030759,0.006042413,-0.005627388,0.002463544,0.021467181,-0.009949358,-0.004887819,0.004270911,-0.005975305,0.033520564
584,11679.994,1786878707251.476,13495069.411,0.000000000,0.006777968,-0.022843363,-0.016449720,-0.021337999,0.016553747,0.009632623,0.006803060,-0.036798842,-0.008065531,-0.036064871,0.028095197,0.004289573,-0.008618236,-0.009803988,-0.006635034,-0.000104309,-0.001676472,-0.003407525,-0.025644343,0.008452388,0.005838602,-0.004098692,0.002264067,0.031502526,-0.015171609,-0.005480524,0.004215392,-0.004597201,0.042865951
585,11699.990,1786878707271.473,13495089.408,0.000000000,0.012190247,-0.015012537,-0.018844694,-0.029549589,0.019744219,0.009271041,0.013184331,-0.029419690,-0.008849037,-0.051029671,0.036483690,0.005850929,-0.003738830,-0.003316110,-0.007140942,0.000114437,-0.001568664,-0.003522771,-0.033041451,0.008851461,0.005086187,-0.002608237,0.001974742,0.036351439,-0.016587531,-0.005901662,0.003523108,-0.003675810,0.047100291
586,11719.988,1786878707291.471,13495109.406,0.000000000,0.018067958,-0.012584105,-0.018440440,-0.034352552,0.020970404,0.008940951,0.019048026,-0.028306071,-0.008674618,-0.057306860,0.039569840,0.006760811,-0.003060880,-0.001517209,-0.008024822,0.000392452,-0.001099762,-0.003187550,-0.034601029,0.008657720,0.004200186,-0.001425278,0.001772118,0.036384813,-0.013922969,-0.005996498,0.003208998,-0.003096287,0.046365343
587,11739.988,1786878707311.470,13495129.406,0.000000000,0.025190888,-0.012814192,-0.017052837,-0.035115629,0.019595493,0.008836446,0.025999622,-0.029783508,-0.008172056,-0.057571128,0.038334627,0.007409598,-0.003313792,-0.001444594,-0.005578830,0.000317818,-0.000875066,-0.002900330,-0.032821335,0.008419524,0.003697878,-0.000872756,0.001587611,0.033815041,-0.011899717,-0.005994455,0.003230943,-0.002843783,0.043550439
588,11759.988,1786878707331.470,13495149.405,0.000000000,0.029512875,-0.013720040,-0.014784152,-0.031588573,0.016286824,0.008783463,0.029952154,-0.031725179,-0.007071033,-0.052752748,0.034692660,0.007340186,-0.003576547,-0.001357825,-0.005250302,0.000350604,-0.000688518,-0.002717975,-0.027829500,0.008101221,0.003242288,-0.000685275,0.001579810,0.027480276,-0.009231839,-0.005860972,0.003532968,-0.002670817,0.036763739
589,11779.995,1786878707351.477,13495169.412,0.000000000,0.030879075,-0.014857734,-0.012507551,-0.025208389,0.012167694,0.008903720,0.030999001,-0.033330999,-0.005774008,-0.044837087,0.029450744,0.006914336,-0.003592594,-0.001329316,-0.004860826,0.000387639,-0.000589729,-0.002605326,-0.021625295,0.007824804,0.003108708,-0.000865576,0.001512713,0.020222364,-0.007815742,-0.005645032,0.003893065,-0.002573513,0.028411523
590,11799.996,1786878707371.478,13495189.413,0.000000000,0.030382361,-0.015626783,-0.011380374,-0.018338131,0.007971180,0.009066999,0.030442020,-0.033887718,-0.005021767,-0.037062600,0.024430804,0.006500702,-0.003578857,-0.001271884,-0.003907727,0.000432903,-0.000561816,-0.002599152,-0.015699927,0.007599649,0.003225128,-0.001277725,0.001484450,0.014275014,-0.007406525,-0.005414856,0.004244960,-0.002480496,0.020869248
591,11819.994,1786878707391.477,13495209.412,0.000000000,0.027708612,-0.015411095,-0.010961688,-0.011914255,0.004357244,0.009066035,0.027756311,-0.033307530,-0.004680922,-0.030285135,0.020547781,0.006315948,-0.003464074,-0.001265837,-0.003534106,0.000457984,-0.000601343,-0.002592076,-0.010031157,0.007305437,0.003360654,-0.001823154,0.001489011,0.010596598,-0.006807714,-0.005259069,0.004489590,-0.002409450,0.013908437
592,11839.997,1786878707411.479,13495229.414,0.000000000,0.023395628,-0.014578665,-0.011043175,-0.006235187,0.001466595,0.008970417,0.023347974,-0.032042582,-0.004655600,-0.024537986,0.017851857,0.006304559,-0.003246820,-0.001320194,-0.003559993,0.000507254,-0.000656003,-0.002544388,-0.007011955,0.007068791,0.003667019,-0.002395377,0.001474436,0.009385507,-0.006100120,-0.005212147,0.004831877,-0.002459872,0.008744947
593,11859.994,1786878707431.477,13495249.412,0.000000000,0.018719796,-0.014300836,-0.011162866,-0.003145192,0.000171546,0.008903058,0.018349245,-0.031783957,-0.004985606,-0.020595813,0.016562084,0.006579210,-0.003060911,-0.001777053,-0.003533128,0.000416673,-0.000792486,-0.002506083,-0.006678585,0.006954127,0.003969869,-0.002947480,0.001483071,0.010613282,-0.006037197,-0.005141836,0.005185710,-0.002613441,0.007671801
594,11879.998,1786878707451.480,13495269.415,0.000000000,0.014699887,-0.014846089,-0.011342935,-0.001982457,0.000031214,0.008682002,0.014033318,-0.032675505,-0.005663680,-0.018041793,0.015850162,0.007134971,-0.002914383,-0.002996058,-0.003357194,0.000301589,-0.000905590,-0.002492625,-0.006736045,0.006960544,0.004142115,-0.003424271,0.001529030,0.013038864,-0.005912908,-0.005010195,0.005522390,-0.002865923,0.007565265
595,11899.996,1786878707471.478,13495289.413,0.000000000,0.011703108,-0.014867919,-0.011754058,-0.001315426,0.000205017,0.008452302,0.010893769,-0.032858811,-0.006311167,-0.016709710,0.015746215,0.007518023,-0.002706866,-0.003772665,-0.003135671,0.000271078,-0.000977117,-0.002537247,-0.006798885,0.007046856,0.004208258,-0.003693201,0.001554480,0.015117244,-0.005776072,-0.004915615,0.005766654,-0.003091529,0.007612094
596,11919.996,1786878707491.479,13495309.414,0.000000000,0.009958380,-0.014335298,-0.012352995,-0.000868145,0.000314836,0.008141611,0.009125644,-0.032314088,-0.006890277,-0.016307591,0.015995163,0.007669061,-0.002497462,-0.003766224,-0.002940008,0.000275886,-0.001015634,-0.002619970,-0.006879966,0.007205722,0.004221837,-0.003853898,0.001580700,0.016188344,-0.005656689,-0.004838502,0.005946634,-0.003250554,0.007748799
597,11939.993,1786878707511.475,13495329.410,0.000000000,0.009350646,-0.013433066,-0.013205905,-0.000533298,0.000263549,0.007722524,0.008630743,-0.031140991,-0.007409031,-0.016667461,0.016454097,0.007548598,-0.002337212,-0.002904594,-0.002824980,0.000288483,-0.001025055,-0.002706161,-0.006980706,0.007359176,0.004193152,-0.003953813,0.001614108,0.016198056,-0.005579767,-0.004780624,0.006084684,-0.003311964,0.008911310
598,11959.995,1786878707531.478,13495349.413,0.000000000,0.009677878,-0.012811113,-0.013891172,-0.000409983,0.000113157,0.007354808,0.009086879,-0.030224601,-0.007737228,-0.017251268,0.016824851,0.007364919,-0.002295995,-0.001939604,-0.002691967,0.000288241,-0.001008469,-0.002772478,-0.007076710,0.007461531,0.004158558,-0.004025955,0.001647597,0.015672125,-0.005567311,-0.004750099,0.006182165,-0.003285016,0.010706633
599,11979.994,1786878707551.476,13495369.411,0.000000000,0.010346136,-0.011890459,-0.013908350,-0.000386049,-0.000059883,0.006921349,0.009521004,-0.029004453,-0.007326032,-0.017585540,0.017134409,0.006816040,-0.002122333,-0.001504646,-0.002742967,0.000369965,-0.000910498,-0.002779037,-0.007727993,0.007431138,0.004081106,-0.004047945,0.001668978,0.014737065,-0.005517805,-0.004680913,0.006202143,-0.003224221,0.012483440
600,11999.990,1786878707571.472,13495389.407,0.000000000,0.011211853,-0.010881037,-0.013663423,-0.000364390,-0.000328507,0.006474890,0.010039773,-0.027742656,-0.006658266,-0.017766314,0.017302547,0.006241409,-0.002000671,-0.001395193,-0.002762897,0.000425707,-0.000826139,-0.002770303,-0.008907118,0.007316041,0.003957480,-0.004088197,0.001684526,0.013473092,-0.005481316,-0.004598758,0.006199312,-0.003129730,0.013599660
601,12019.995,1786878707591.478,13495409.413,0.000000000,0.012090805,-0.009851709,-0.013396673,-0.000329707,-0.000655575,0.006040718,0.010566065,-0.026561864,-0.006039669,-0.017882269,0.017611172,0.005822636,-0.001946686,-0.001335162,-0.002695113,0.000449196,-0.000752872,-0.002742225,-0.009938951,0.007149255,0.003826730,-0.004164638,0.001700146,0.011951446,-0.005445438,-0.004490992,0.006214515,-0.003017789,0.014107911
602,12039.994,1786878707611.476,13495429.411,0.000000000,0.012808281,-0.008946124,-0.013134885,-0.000284478,-0.000961377,0.005642590,0.010967153,-0.025669107,-0.005587362,-0.017853588,0.017420636,0.005645602,-0.001941953,-0.001308245,-0.002560274,0.000444893,-0.000692185,-0.002698156,-0.010388598,0.006950687,0.003699761,-0.004277885,0.001719317,0.010308218,-0.005399826,-0.004365887,0.006265291,-0.002904726,0.014110443
603,12059.991,1786878707631.473,13495449.408,0.000000000,0.013237267,-0.008280699,-0.012878625,-0.000196485,-0.001201055,0.005292684,0.011120183,-0.025187016,-0.005338264,-0.017612383,0.017404014,0.005701723,-0.001954670,-0.001307390,-0.002389883,0.000422588,-0.000649573,-0.002646444,-0.010160613,0.006747927,0.003596752,-0.004423437,0.001740910,0.008686842,-0.005346061,-0.004233659,0.006350700,-0.002803895,0.013697688
604,12079.990,1786878707651.472,13495469.407,0.000000000,0.013355042,-0.007890310,-0.012682374,-0.000028932,-0.001364364,0.004988577,0.011013422,-0.025065262,-0.005273444,-0.017142566,0.017320123,0.005915008,-0.001959448,-0.001315735,-0.002201009,0.000397164,-0.000623806,-0.002598718,-0.009396278,0.006559286,0.003528701,-0.004588987,0.001762928,0.007245222,-0.005287079,-0.004100206,0.006452827,-0.002721562,0.012997274
605,12099.989,1786878707671.471,13495489.407,0.000000000,0.013210205,-0.007705071,-0.012509346,0.000208501,-0.001465912,0.004709098,0.010678191,-0.025178999,-0.005331933,-0.016474120,0.017229352,0.006209781,-0.001923497,-0.001347517,-0.002004318,0.000377877,-0.000603361,-0.002558232,-0.008346118,0.006393072,0.003494864,-0.004762619,0.001778393,0.006122280,-0.005224595,-0.003969476,0.006559123,-0.002657211,0.012133289
606,12119.990,1786878707691.473,13495509.407,0.000000000,0.013004639,-0.007865233,-0.012478784,0.000468731,-0.001491607,0.004419879,0.010378072,-0.025657205,-0.005602758,-0.015665721,0.016898954,0.006597909,-0.001853766,-0.001369125,-0.001800099,0.000377196,-0.000596256,-0.002538713,-0.007334668,0.006268072,0.003497372,-0.004961825,0.001801552,0.005410755,-0.005151253,-0.003827091,0.006676115,-0.002612065,0.011557053
607,12139.995,1786878707711.477,13495529.412,0.000000000,0.012445996,-0.007855275,-0.012431449,0.000840243,-0.001464256,0.004159519,0.009681575,-0.025816929,-0.005734147,-0.014825406,0.016737469,0.006779489,-0.001717639,-0.001391623,-0.001680077,0.000412869,-0.000582008,-0.002522594,-0.007048849,0.006161145,0.003528874,-0.005101957,0.001796955,0.005118547,-0.005080860,-0.003727570,0.006760256,-0.002583090,0.010461326
608,12159.990,1786878707731.472,13495549.407,0.000000000,0.011794956,-0.007717060,-0.012415098,0.001229969,-0.001417195,0.003868515,0.008867701,-0.025782993,-0.005817673,-0.014040162,0.016626596,0.006871528,-0.001589356,-0.001405610,-0.001564750,0.000436947,-0.000574752,-0.002511751,-0.006993203,0.006081313,0.003534383,-0.005216965,0.001785769,0.005200624,-0.005009884,-0.003639390,0.006837278,-0.002564129,0.009341715
609,12179.990,1786878707751.472,13495569.407,0.000000000,0.011147260,-0.007468955,-0.012419642,0.001601080,-0.001358172,0.003546324,0.008046847,-0.025604816,-0.005868003,-0.013354952,0.016568869,0.006918108,-0.001478733,-0.001414640,-0.001449634,0.000455848,-0.000567105,-0.002505579,-0.006952044,0.006017363,0.003533626,-0.005309385,0.001776384,0.005523123,-0.004935180,-0.003552336,0.006904995,-0.002554009,0.008330515
610,12199.990,1786878707771.473,13495589.408,0.000000000,0.010771314,-0.007358870,-0.012488611,0.001813271,-0.001329547,0.003257847,0.007571765,-0.025580673,-0.005997876,-0.012923365,0.016504804,0.007022821,-0.001460894,-0.001427888,-0.001306769,0.000450524,-0.000560806,-0.002508328,-0.006922397,0.005983288,0.003551158,-0.005396113,0.001776568,0.005818085,-0.004887972,-0.003484805,0.006984477,-0.002547157,0.007937973
611,12219.987,1786878707791.469,13495609.404,0.000000000,0.010103339,-0.006953856,-0.012481722,0.002148137,-0.001231157,0.002925722,0.006715635,-0.025168139,-0.005931949,-0.012403079,0.016564151,0.006966647,-0.001358759,-0.001429121,-0.001261117,0.000473367,-0.000542245,-0.002506090,-0.006876864,0.005907179,0.003542361,-0.005448297,0.001761106,0.006205256,-0.004814383,-0.003416463,0.007032427,-0.002544024,0.007766379
612,12239.994,1786878707811.477,13495629.412,0.000000000,0.009495875,-0.006472528,-0.012475255,0.002427603,-0.001123750,0.002588947,0.005911862,-0.024645550,-0.005815187,-0.011986620,0.016676696,0.006880593,-0.001269260,-0.001421764,-0.001189623,0.000493631,-0.000514804,-0.002498684,-0.006829302,0.005820342,0.003535475,-0.005485298,0.001747504,0.006468343,-0.004738813,-0.003339221,0.007075777,-0.002537707,0.007696413
613,12259.994,1786878707831.476,13495649.411,0.000000000,0.004411083,-0.001750092,-0.020506119,0.002829946,0.003210570,0.002915806,0.003962919,-0.013142498,-0.006667985,-0.023320029,0.027948054,0.010601431,0.001104220,0.000096511,-0.003453014,0.001556592,0.001303768,-0.003431842,-0.015867664,0.003488624,0.004009765,-0.002601305,0.000744342,0.002929428,-0.004053359,-0.001365797,0.002770834,-0.001385267,0.007159471
614,12279.996,1786878707851.479,13495669.414,0.000000000,0.001726671,0.000552194,-0.031544607,0.000256032,0.007042619,0.002357671,0.003925434,-0.002848319,-0.009815403,-0.035687439,0.037272356,0.009741175,0.002245612,0.000042406,-0.004523023,0.002073961,0.002554874,-0.004147246,-0.029957917,0.002116906,0.004052544,0.000902509,0.000262567,0.000921670,-0.004543843,-0.000179307,0.000308678,0.000613633,0.006878547
615,12299.994,1786878707871.476,13495689.411,0.000000000,0.001556826,0.000912119,-0.036270693,-0.002515336,0.009191136,0.001779615,0.005035938,-0.000220203,-0.012131699,-0.042080499,0.041280311,0.009088042,0.002327426,-0.000432034,-0.005207699,0.002125845,0.003056761,-0.004680956,-0.039984152,0.002113249,0.003714570,0.003827645,0.000190139,0.000369563,-0.004909577,0.000000630,-0.000358196,0.002275817,0.006642824
616,12319.991,1786878707891.474,13495709.409,0.000000000,0.002821439,0.000969722,-0.036814287,-0.003540839,0.009984461,0.001522353,0.006734824,-0.000022519,-0.012304877,-0.044118557,0.042706765,0.009597080,0.002366709,-0.000531053,-0.004996230,0.002069972,0.003399310,-0.004922317,-0.043932848,0.002361429,0.003197680,0.006178212,0.000101104,0.000255056,-0.005000475,-0.000045932,-0.000367138,0.003335503,0.006377462
617,12339.993,1786878707911.475,13495729.410,0.000000000,0.005475075,0.000905192,-0.035035986,-0.002572636,0.009306563,0.001874349,0.009116570,-0.000665187,-0.010944826,-0.042713553,0.042129431,0.010774980,0.002398256,-0.000585791,-0.003685307,0.002004940,0.003616807,-0.005053457,-0.040596329,0.002599675,0.002631963,0.010695120,0.000061891,0.000304687,-0.004889143,0.000156353,-0.000345525,0.003945674,0.006172711
618,12359.991,1786878707931.474,13495749.409,0.000000000,0.008684923,0.000630552,-0.032064073,0.000330130,0.007352695,0.002503606,0.011587051,-0.002361375,-0.009341733,-0.038124219,0.040059540,0.012543240,0.002454881,-0.000780970,-0.001986930,0.001922587,0.003763166,-0.005135084,-0.031252198,0.002783638,0.002292177,0.020426741,0.000093946,0.000383464,-0.004698654,0.000658392,-0.000311141,0.004371229,0.005935508
619,12379.992,1786878707951.474,13495769.409,0.000000000,0.010379276,-0.000141095,-0.027403841,0.003562803,0.005642658,0.003391000,0.012591874,-0.006786722,-0.008324147,-0.032022301,0.037115403,0.014219116,0.002829402,-0.001225625,-0.000791637,0.001885521,0.003784908,-0.005061144,-0.019735087,0.002755368,0.002158543,0.025603587,0.000119091,0.000369555,-0.004582846,0.001012678,-0.000392222,0.004608647,0.005679332
620,12399.995,1786878707971.477,13495789.412,0.000000000,0.009996708,-0.001032970,-0.023029925,0.007644777,0.004219850,0.004431489,0.011783972,-0.011158905,-0.007618293,-0.025390370,0.034178127,0.015476625,0.003179585,-0.001470354,-0.000058698,0.002008163,0.003795673,-0.004980539,-0.010321151,0.002745442,0.002144135,0.026952021,0.000098984,0.000382463,-0.004426755,0.001137255,-0.000429354,0.004717480,0.005451002
621,12419.990,1786878707991.472,13495809.407,0.000000000,0.008497320,-0.002644789,-0.020297915,0.011568816,0.002858637,0.004940812,0.009944041,-0.014821123,-0.007321864,-0.019091181,0.031108852,0.016234495,0.003269666,-0.002520201,0.000388290,0.002150122,0.003839367,-0.004835125,-0.007210691,0.002804797,0.002208767,0.026222950,0.000080562,0.000409028,-0.004261747,0.001193767,-0.000371115,0.004677413,0.005177705
622,12439.990,1786878708011.472,13495829.407,0.000000000,0.005591766,-0.006093953,-0.017984990,0.017501712,0.001355795,0.005574015,0.006760161,-0.019387055,-0.007041438,-0.010005745,0.026762864,0.016706692,0.003311861,-0.004375146,0.001017856,0.002211850,0.003873540,-0.004603659,-0.006651899,0.002818414,0.002099431,0.022960983,0.000108819,0.000475636,-0.004071814,0.001311652,-0.000315156,0.004432167,0.004834284
623,12459.990,1786878708031.473,13495849.408,0.000000000,0.003029503,-0.007939016,-0.018035527,0.023719737,-0.000538879,0.006070110,0.005042791,-0.021100229,-0.007731712,-0.003732103,0.023361294,0.017559724,0.003491120,-0.004118706,0.001995148,0.002320355,0.003750105,-0.004505601,-0.006353943,0.003051417,0.001937279,0.018947043,0.000099407,0.000534376,-0.003907947,0.001617556,-0.000316210,0.004063525,0.004532854
624,12479.989,1786878708051.472,13495869.407,0.000000000,0.001370851,-0.008114506,-0.019170305,0.027995909,-0.001833762,0.006347845,0.004391332,-0.020707496,-0.008694516,-0.001040224,0.021962225,0.018119728,0.003763794,-0.002758202,0.002787555,0.002468796,0.003683934,-0.004441465,-0.005963706,0.003303749,0.001850557,0.015096404,0.000084354,0.000664341,-0.003701827,0.001910544,-0.000258983,0.003613865,0.004288670
625,12499.988,1786878708071.471,13495889.406,0.000000000,0.000057759,-0.008070811,-0.019570109,0.029804917,-0.001919034,0.006560650,0.003479933,-0.020499058,-0.009101835,0.000095486,0.021792214,0.018171974,0.004072279,-0.002342431,0.003202673,0.002537910,0.003708556,-0.004353296,-0.005682808,0.003513647,0.001819373,0.011846242,0.000071621,0.000799879,-0.003493469,0.002017792,-0.000091389,0.003159212,0.004109501
626,12519.989,1786878708091.471,13495909.406,0.000000000,-0.000798748,-0.008184905,-0.019332346,0.029631212,-0.000980359,0.006810639,0.002709027,-0.020904029,-0.009198617,0.000061976,0.022456042,0.018057387,0.004227748,-0.002716862,0.003386657,0.002548942,0.003784018,-0.004276828,-0.005525906,0.003639646,0.001832661,0.009253566,0.000072495,0.000900084,-0.003302427,0.001991237,0.000135172,0.002749046,0.004049725
627,12539.990,1786878708111.472,13495929.407,0.000000000,-0.001361276,-0.008443620,-0.018754717,0.028156353,0.000636635,0.007089992,0.002042886,-0.021709736,-0.009135443,-0.000797512,0.023772953,0.017866740,0.004201897,-0.003455359,0.003346421,0.002529699,0.003887551,-0.004223315,-0.005464170,0.003657663,0.001866314,0.007871606,0.000064117,0.000966283,-0.003136150,0.001870900,0.000401616,0.002406763,0.004110898
628,12559.988,1786878708131.470,13495949.405,0.000000000,-0.001687907,-0.008522188,-0.018130194,0.026196970,0.002471519,0.007336224,0.001554565,-0.022399545,-0.009029749,-0.002183958,0.025544364,0.017581064,0.004185552,-0.003934171,0.003171406,0.002486040,0.004002411,-0.004178219,-0.005463867,0.003574862,0.001916980,0.007641760,0.000046693,0.000995220,-0.003016014,0.001699311,0.000679237,0.002154705,0.004271411
629,12579.990,1786878708151.473,13495969.408,0.000000000,-0.001881601,-0.008468003,-0.017735099,0.024160506,0.004260018,0.007460947,0.001284935,-0.022977509,-0.009149658,-0.003877203,0.027480103,0.017278913,0.004168729,-0.003729028,0.002918119,0.002410468,0.004704088,-0.004158403,-0.005516125,0.003422481,0.002001279,0.007457260,0.000026632,0.001000008,-0.002946966,0.001496094,0.000997110,0.001988475,0.004544241
630,12599.991,1786878708171.473,13495989.408,0.000000000,-0.001885329,-0.007854974,-0.017591156,0.022647029,0.005772911,0.007510587,0.001314290,-0.022811610,-0.009297469,-0.005728541,0.029567465,0.016887179,0.004342598,-0.002680137,0.002687983,0.002356798,0.006158691,-0.004166452,-0.005534143,0.003212799,0.002106266,0.007202271,0.000009048,0.001002811,-0.002904077,0.001333790,0.001276194,0.001920559,0.004821176
631,12619.994,1786878708191.476,13496009.411,0.000000000,-0.001739278,-0.007004804,-0.017625369,0.020920372,0.007239826,0.007474713,0.001567611,-0.022384416,-0.009522098,-0.008134302,0.031749967,0.016677760,0.004469480,-0.001572653,0.002469554,0.002312052,0.007973091,-0.004149533,-0.005528196,0.002942953,0.002238236,0.006883138,0.000010221,0.001050572,-0.002833306,0.001244446,0.001523927,0.001909803,0.005119751
632,12639.992,1786878708211.475,13496029.410,0.000000000,-0.001416491,-0.006372054,-0.017429030,0.018996257,0.008699959,0.007358843,0.001832137,-0.022265064,-0.009606271,-0.010253601,0.033592027,0.016434228,0.004437375,-0.001368072,0.002259755,0.002276920,0.009910936,-0.004109033,-0.005510226,0.002630819,0.002379847,0.006492693,0.000026280,0.001112117,-0.002755831,0.001172502,0.001744550,0.001930374,0.005419642
633,12659.993,1786878708231.476,13496049.411,0.000000000,-0.001159278,-0.006138078,-0.017460084,0.017745674,0.009630215,0.007143572,0.002123719,-0.022453580,-0.009916329,-0.011565542,0.034657612,0.016384616,0.004110620,-0.001300613,0.002117120,0.002250018,0.010903594,-0.004073369,-0.005452566,0.002352602,0.002522185,0.006098211,0.000047477,0.001151497,-0.002725647,0.001113094,0.001923329,0.001975109,0.005681472
634,12679.991,1786878708251.474,13496069.409,0.000000000,-0.000810209,-0.005563081,-0.017207239,0.016643433,0.010523892,0.006975354,0.002395972,-0.022361198,-0.009955300,-0.012750597,0.035735711,0.016146326,0.003997332,-0.001247897,0.001935585,0.002230007,0.011456244,-0.004009150,-0.005340320,0.002016835,0.002663308,0.005571974,0.000070265,0.001193007,-0.002703522,0.001033585,0.002096297,0.002005208,0.005934187
635,12699.994,1786878708271.476,13496089.411,0.000000000,-0.000489972,-0.005135394,-0.016839921,0.016158961,0.011008280,0.006821067,0.002628393,-0.022440642,-0.009947486,-0.013147122,0.036200583,0.015992515,0.003902458,-0.001215471,0.001810552,0.002210442,0.011129303,-0.003935852,-0.005193570,0.001698541,0.002793679,0.004997282,0.000092935,0.001236011,-0.002687486,0.000962313,0.002267776,0.002007332,0.006159657
636,12719.991,1786878708291.473,13496109.408,0.000000000,-0.000241140,-0.004963419,-0.016422452,0.016214116,0.011145228,0.006688997,0.002815849,-0.022818139,-0.009986689,-0.012800064,0.036093514,0.016015092,0.003773761,-0.001200623,0.001747829,0.002189011,0.010093827,-0.003857677,-0.005018933,0.001412601,0.002918059,0.004396064,0.000118545,0.001283972,-0.002664688,0.000904102,0.002449721,0.001967042,0.006369469
637,12739.996,1786878708311.479,13496129.414,0.000000000,-0.000077097,-0.005044598,-0.015987644,0.016688421,0.011026807,0.006575669,0.002952796,-0.023485228,-0.010094022,-0.011853100,0.035543438,0.016222809,0.003660619,-0.001200109,0.001731888,0.002168638,0.008627326,-0.003781452,-0.004821801,0.001162551,0.003038628,0.003793382,0.000145852,0.001338861,-0.002631386,0.000854209,0.002637964,0.001881216,0.006574984
638,12759.991,1786878708331.473,13496149.408,0.000000000,-0.000003479,-0.005288566,-0.015577120,0.017432658,0.010764793,0.006468163,0.003035124,-0.024316417,-0.010260445,-0.010532781,0.034734774,0.016560361,0.003590010,-0.001203390,0.001734678,0.002166903,0.007046170,-0.003703761,-0.004612308,0.000948840,0.003155259,0.003218903,0.000159315,0.001402689,-0.002578602,0.000811467,0.002826915,0.001752584,0.006784990
639,12779.993,1786878708351.475,13496169.410,0.000000000,-0.000000879,-0.005574541,-0.015220664,0.018273098,0.010451880,0.006348472,0.003064314,-0.025152888,-0.010455923,-0.009089192,0.033847220,0.016956385,0.003562021,-0.001207315,0.001733270,0.002173133,0.005634363,-0.003634646,-0.004393097,0.000772194,0.003275377,0.002688031,0.000166869,0.001475898,-0.002518772,0.000760728,0.003013231,0.001591709,0.007003607
640,12799.992,1786878708371.475,13496189.410,0.000000000,-0.000089322,-0.006012112,-0.014979375,0.018977296,0.010175020,0.006132795,0.003073003,-0.026199607,-0.010819803,-0.007701156,0.032892987,0.017511329,0.003558697,-0.001205537,0.001715746,0.002188441,0.004623195,-0.003567948,-0.004155272,0.000609925,0.003426520,0.002162918,0.000166060,0.001561929,-0.002452690,0.000692945,0.003223145,0.001395256,0.007281861
641,12819.990,1786878708391.473,13496209.408,0.000000000,-0.000165613,-0.006069173,-0.014791129,0.019532098,0.010084744,0.005946546,0.003027878,-0.026670402,-0.011007996,-0.006692230,0.032397769,0.017822213,0.003605701,-0.001196656,0.001667215,0.002224076,0.004132431,-0.003518247,-0.003938813,0.000472371,0.003561554,0.001755144,0.000147249,0.001653475,-0.002373969,0.000615833,0.003399109,0.001195605,0.007522278
642,12839.989,1786878708411.472,13496229.407,0.000000000,-0.000221713,-0.005832269,-0.014683963,0.019793401,0.010119160,0.005726772,0.002970315,-0.026796531,-0.011167755,-0.006141908,0.032203164,0.018049970,0.003635739,-0.001186175,0.001579432,0.002255479,0.004108632,-0.003464126,-0.003735411,0.000344825,0.003704787,0.001398347,0.000129627,0.001737756,-0.002302809,0.000530918,0.003564297,0.001004229,0.007789313
643,12859.990,1786878708431.472,13496249.407,0.000000000,-0.000238177,-0.005375868,-0.014645592,0.019698080,0.010319532,0.005474477,0.002927238,-0.026678279,-0.011318419,-0.006072506,0.032327224,0.018206555,0.003644876,-0.001179884,0.001444096,0.002276371,0.004417241,-0.003419548,-0.003551997,0.000209585,0.003862335,0.001080336,0.000099279,0.001821081,-0.002248794,0.000408491,0.003746130,0.000830534,0.009678078
644,12879.990,1786878708451.473,13496269.408,0.000000000,-0.000233773,-0.005068128,-0.014694996,0.019356726,0.010529260,0.005207878,0.002944186,-0.026710417,-0.011560534,-0.006297349,0.032459110,0.018447177,0.003569818,-0.001185449,0.001309525,0.002270732,0.004837058,-0.003395258,-0.003418728,0.000087313,0.004018232,0.000816014,0.000086538,0.001875578,-0.002235872,0.000293215,0.003915181,0.000712686,0.011914574
645,12899.989,1786878708471.471,13496289.406,0.000000000,-0.000163932,-0.004383789,-0.014655706,0.018802343,0.011011143,0.004946118,0.002933008,-0.026322488,-0.011607367,-0.006827876,0.033073336,0.018475631,0.003574390,-0.001177457,0.001154813,0.002290204,0.005572192,-0.003361069,-0.003264048,-0.000084872,0.004180324,0.000533833,0.000073741,0.001930928,-0.002198636,0.000193045,0.004044055,0.000581140,0.014237603
646,12919.988,1786878708491.471,13496309.406,0.000000000,0.001004171,-0.002267393,-0.006062224,0.012316972,0.010473828,0.002750466,-0.001707382,-0.020094495,0.002744622,-0.004519448,0.026451631,0.019101564,0.011356216,-0.012342979,0.000573638,0.001896346,0.004462452,-0.002233779,-0.003046031,0.007722648,0.004535707,-0.000340660,0.001326229,0.002512062,-0.000554743,0.000166597,0.011772635,-0.000327946,0.009014475
647,12939.989,1786878708511.471,13496329.407,0.000000000,0.000419137,-0.003303484,-0.003192819,0.008261800,0.010550844,0.000993133,-0.003301241,-0.020492833,0.007892961,-0.003900504,0.022533428,0.031897135,0.010473975,-0.023235021,0.000749260,0.002064918,0.003342679,-0.001877916,-0.002289416,0.011767622,0.004767574,-0.001923387,0.001681470,0.002955443,0.000633315,-0.000590549,0.015591295,-0.001910154,0.006970728
648,12959.990,1786878708531.472,13496349.407,0.000000000,-0.000993055,-0.002195173,-0.004770125,0.009654835,0.009222494,-0.000830195,-0.003148970,-0.020763235,0.006453545,-0.003597767,0.022144422,0.045562245,0.006611296,-0.027501376,0.000536822,0.002251865,0.003085617,-0.001662984,-0.001372914,0.012200574,0.005177433,-0.003504763,0.001638571,0.003068480,0.000939528,-0.001229611,0.016636377,-0.003106741,0.006413230
649,12979.991,1786878708551.474,13496369.409,0.000000000,-0.002067008,-0.001307019,-0.007747221,0.012402207,0.007337694,-0.002247308,-0.002892223,-0.020175716,0.003446633,-0.002759278,0.022088701,0.048658531,0.003827232,-0.027606642,-0.000033944,0.002114531,0.003012534,-0.001549226,-0.000738266,0.011724594,0.005779787,-0.004984401,0.001712205,0.002993976,0.000936372,-0.001508165,0.017139681,-0.003731207,0.006067638
650,12999.995,1786878708571.477,13496389.412,0.000000000,-0.002621723,-0.000654011,-0.011110902,0.014062094,0.005812233,-0.003227733,-0.002724487,-0.018336162,0.000277975,-0.002626390,0.022236316,0.040292054,0.003190800,-0.024178142,-0.000890901,0.001815019,0.002916786,-0.001589301,-0.000462403,0.011148906,0.006489703,-0.006337486,0.001886804,0.002802148,0.000866198,-0.001642419,0.017476706,-0.003905566,0.005836318
651,13019.993,1786878708591.475,13496409.410,0.000000000,-0.002809009,-0.000166881,-0.014930503,0.014616882,0.004928125,-0.003801249,-0.002314854,-0.015412277,-0.002898691,-0.003700665,0.022639845,0.024658479,0.003029106,-0.017359916,-0.001819757,0.001599804,0.002814219,-0.001723444,-0.000342144,0.010658466,0.007858306,-0.007547764,0.002028945,0.002610279,0.000768417,-0.001822028,0.017566558,-0.003869832,0.005693268
652,13039.992,1786878708611.475,13496429.410,0.000000000,-0.002827746,0.000143932,-0.018798387,0.014065375,0.004776787,-0.003974918,-0.001149167,-0.012524583,-0.005025619,-0.007475506,0.024484837,0.018787883,0.003014149,-0.007545250,-0.003028400,0.001354465,0.002774277,-0.001768367,-0.000489022,0.009920789,0.012927873,-0.016735392,0.002145257,0.002474793,0.000620751,-0.001937286,0.017655868,-0.003657050,0.005601480
653,13059.992,1786878708631.475,13496449.409,0.000000000,-0.001962498,0.000214432,-0.019428728,0.010825564,0.005846995,-0.003724758,-0.000250137,-0.011413169,-0.004797306,-0.011539501,0.026254067,0.016035186,0.003133784,-0.001630026,-0.003861549,0.001247071,0.002901593,-0.001755026,-0.000638718,0.008972570,0.017503157,-0.024831394,0.002159102,0.002547098,0.000775204,-0.001858690,0.017608073,-0.003488436,0.005597387
654,13079.989,1786878708651.471,13496469.406,0.000000000,-0.000574801,0.000205990,-0.018487588,0.005708684,0.007861586,-0.003329389,0.000406275,-0.011463949,-0.003792938,-0.015625436,0.027961092,0.013913102,0.003016670,-0.000659109,-0.004583036,0.001135530,0.002989110,-0.001777237,-0.000867856,0.007894608,0.020363413,-0.030162685,0.002216350,0.002649178,0.000909116,-0.001741666,0.017535890,-0.003274773,0.005768186
655,13099.991,1786878708671.474,13496489.409,0.000000000,0.000352585,0.000420141,-0.018829262,0.002170168,0.009055742,-0.003162446,0.000977924,-0.010624114,-0.003433138,-0.019194661,0.029288847,0.012307801,0.002609899,-0.000270090,-0.006655833,0.001054297,0.002943474,-0.001913095,-0.001063869,0.007022755,0.022009585,-0.033942737,0.002370171,0.002595302,0.000893991,-0.001544748,0.017531976,-0.002891270,0.006082159
656,13119.991,1786878708691.474,13496509.409,0.000000000,0.001262947,0.000538489,-0.019292733,0.000533589,0.009599762,-0.003280259,0.001700068,-0.010304173,-0.003654698,-0.020772738,0.029973343,0.011474902,0.002357628,-0.000196123,-0.008117516,0.000866965,0.002918003,-0.001968810,-0.001128065,0.006177593,0.023146303,-0.037336346,0.002462398,0.002479743,0.000791340,-0.001473352,0.017702108,-0.002454421,0.006331335
657,13139.991,1786878708711.473,13496529.408,0.000000000,0.002433241,0.000661915,-0.019596711,-0.000645568,0.009434056,-0.003210989,0.002589368,-0.010164530,-0.003904522,-0.021552369,0.029815638,0.010846044,0.002199778,-0.000230465,-0.009651436,0.000698437,0.002868222,-0.002036585,-0.001090148,0.005434136,0.023406301,-0.039231561,0.002497815,0.002387830,0.000629105,-0.001507594,0.017711852,-0.001934247,0.006594120
658,13159.991,1786878708731.473,13496549.408,0.000000000,0.004576582,0.000671725,-0.019359553,-0.001055984,0.008690150,-0.003117353,0.004402118,-0.010566660,-0.004031261,-0.021170687,0.028881270,0.010642922,0.002206919,-0.000321922,-0.009011084,0.000580300,0.002799240,-0.002041600,-0.001018810,0.004910441,0.022534931,-0.039287206,0.002422415,0.002373628,0.000460583,-0.001629684,0.017629646,-0.001466652,0.006799222
659,13179.991,1786878708751.473,13496569.408,0.000000000,0.009622957,0.000558504,-0.018644035,-0.001018220,0.007240519,-0.003034419,0.009177455,-0.011477654,-0.004024566,-0.020211484,0.026970660,0.010823821,0.002280714,-0.000413643,-0.005092087,0.000505099,0.002709053,-0.002019752,-0.000868116,0.004590357,0.021164043,-0.037973877,0.002310855,0.002416326,0.000347983,-0.001640271,0.017450137,-0.001084611,0.006994229
660,13199.988,1786878708771.470,13496589.405,0.000000000,0.012100304,0.000346727,-0.017428335,-0.000286693,0.005752398,-0.003065409,0.011280651,-0.012805171,-0.003860813,-0.018086227,0.024697971,0.011072842,0.002392703,-0.000542727,-0.003527223,0.000648079,0.002605163,-0.002073279,-0.000580928,0.004462807,0.019182416,-0.035706107,0.002409618,0.002466798,0.000354811,-0.001518454,0.017177470,-0.000882356,0.007228730
661,13219.988,1786878708791.471,13496609.406,0.000000000,0.012457669,0.000085237,-0.015979201,0.000739207,0.004499934,-0.003203532,0.011207126,-0.014302718,-0.003582272,-0.015422769,0.022435846,0.011425733,0.002514709,-0.000671667,-0.003275937,0.000765610,0.002507591,-0.002070017,-0.000329175,0.004401477,0.016779432,-0.032328937,0.002416082,0.002541535,0.000369295,-0.001491390,0.016922344,-0.000783283,0.007344116
662,13239.990,1786878708811.473,13496629.408,0.000000000,0.011304846,-0.000167596,-0.014541748,0.001841173,0.003650444,-0.003425660,0.009599749,-0.015728829,-0.003251430,-0.012611801,0.020480180,0.011824874,0.002614444,-0.000791323,-0.003283099,0.000863684,0.002424561,-0.002025732,-0.000115144,0.004374604,0.014265493,-0.028141541,0.002365855,0.002626956,0.000401559,-0.001538373,0.016711807,-0.000785741,0.007354322
663,13259.990,1786878708831.473,13496649.408,0.000000000,0.009168101,-0.000370149,-0.013316825,0.002889283,0.003211155,-0.003696781,0.007034616,-0.016903182,-0.002935033,-0.009977033,0.018965425,0.012220876,0.002671005,-0.000901253,-0.003295259,0.000947123,0.002357119,-0.001973605,0.000068069,0.004374619,0.012123542,-0.023638437,0.002301640,0.002708057,0.000452617,-0.001587517,0.016513260,-0.000873185,0.007315025
664,13279.990,1786878708851.472,13496669.407,0.000000000,0.006661290,-0.000528136,-0.012517249,0.003777637,0.003035564,-0.004049874,0.004254353,-0.017833877,-0.002838556,-0.007810821,0.017813690,0.012683106,0.002662360,-0.001000191,-0.003152231,0.001013200,0.002300942,-0.001928734,0.000228863,0.004409266,0.010921209,-0.019556480,0.002240551,0.002779847,0.000508573,-0.001597388,0.016341174,-0.001030497,0.007288567
665,13299.993,1786878708871.476,13496689.411,0.000000000,0.005538621,-0.000574233,-0.012407796,0.004333072,0.002997844,-0.004379231,0.003113803,-0.018151963,-0.002969132,-0.006623281,0.017124899,0.013009560,0.002569919,-0.001043615,-0.002592450,0.001057168,0.002266803,-0.001920523,0.000361559,0.004447153,0.010571118,-0.015712904,0.002237577,0.002822361,0.000566796,-0.001481825,0.016122375,-0.001171392,0.007310709
666,13319.992,1786878708891.475,13496709.410,0.000000000,0.004971309,-0.000549658,-0.012584406,0.004507755,0.003022850,-0.004665328,0.002575266,-0.018181635,-0.003194787,-0.006045558,0.016696773,0.013125059,0.002484289,-0.001090091,-0.002342829,0.001085055,0.002249360,-0.001932000,0.000425509,0.004458620,0.010647508,-0.012401218,0.002244157,0.002834636,0.000599015,-0.001409976,0.015934071,-0.001290362,0.007338550
667,13339.995,1786878708911.478,13496729.412,0.000000000,0.004674655,-0.000521635,-0.012901704,0.004374404,0.003094652,-0.004888698,0.002352351,-0.018116783,-0.003476804,-0.006023806,0.016510000,0.013149605,0.002395464,-0.001097622,-0.002344782,0.001082283,0.002249696,-0.001951295,0.000406704,0.004452670,0.011012076,-0.010388874,0.002242725,0.002830765,0.000600263,-0.001399695,0.015876343,-0.001359726,0.007375933
668,13359.994,1786878708931.476,13496749.411,0.000000000,0.004466061,-0.000441769,-0.013428124,0.004016557,0.003319630,-0.005166462,0.002182822,-0.017767681,-0.003751535,-0.006280113,0.016563600,0.012922910,0.002331448,-0.001088788,-0.002432358,0.001075578,0.002260766,-0.001976390,0.000374040,0.004380410,0.011254128,-0.008245717,0.002228655,0.002814041,0.000594335,-0.001421131,0.015784152,-0.001394468,0.007390940
669,13379.994,1786878708951.476,13496769.411,0.000000000,0.004455283,-0.000347304,-0.014012729,0.003474337,0.003582484,-0.005447155,0.002180349,-0.017315252,-0.004000379,-0.006800049,0.016792117,0.012534295,0.002280771,-0.001060060,-0.002551678,0.001055262,0.002280980,-0.001991590,0.000322660,0.004249504,0.011506963,-0.007753251,0.002212573,0.002789714,0.000579479,-0.001453290,0.015726063,-0.001377786,0.007404296
670,13399.993,1786878708971.475,13496789.410,0.000000000,0.004619027,-0.000252169,-0.014581664,0.002856245,0.003825259,-0.005736077,0.002312884,-0.016866056,-0.004235618,-0.007410744,0.017093740,0.012060510,0.002224348,-0.001029928,-0.002643374,0.001029130,0.002298259,-0.002028575,0.000274345,0.004103615,0.011783852,-0.007656481,0.002200725,0.002762592,0.000564881,-0.001479551,0.015703928,-0.001316619,0.007413235
671,13419.991,1786878708991.473,13496809.408,0.000000000,0.004920939,-0.000167979,-0.015069866,0.002264830,0.004000468,-0.006024182,0.002544058,-0.016489232,-0.004446195,-0.007962461,0.017386360,0.011570018,0.002174122,-0.001006547,-0.002677502,0.001000804,0.002311005,-0.002071282,0.000242828,0.003920695,0.012058991,-0.007618367,0.002194848,0.002736034,0.000552147,-0.001486830,0.015706234,-0.001220797,0.007413181
672,13439.992,1786878709011.474,13496829.409,0.000000000,0.005311313,-0.000099812,-0.015442747,0.001761456,0.004092377,-0.006306843,0.002827163,-0.016213784,-0.004620131,-0.008371087,0.017600676,0.011111137,0.002141868,-0.000991686,-0.002643897,0.000973171,0.002317052,-0.002112647,0.000235533,0.003706526,0.012305221,-0.007614459,0.002192798,0.002714105,0.000542234,-0.001472656,0.015710695,-0.001102916,0.007400121
673,13459.992,1786878709031.475,13496849.410,0.000000000,0.005732061,-0.000054896,-0.015674874,0.001395369,0.004089042,-0.006578279,0.003118341,-0.016057936,-0.004745365,-0.008564866,0.017652953,0.010700848,0.002127456,-0.000988963,-0.002553061,0.000951374,0.002314809,-0.002150624,0.000255805,0.003477002,0.012481635,-0.007639309,0.002192562,0.002697873,0.000534084,-0.001442221,0.015703557,-0.000978012,0.007370094
674,13479.988,1786878709051.471,13496869.406,0.000000000,0.006132175,-0.000036422,-0.015761204,0.001189576,0.003993934,-0.006834039,0.003378293,-0.016022857,-0.004816808,-0.008513438,0.017522762,0.010356688,0.002125285,-0.000997288,-0.002421907,0.000937990,0.002302783,-0.002183351,0.000303348,0.003244021,0.012554724,-0.007685319,0.002192840,0.002688573,0.000529128,-0.001400759,0.015675182,-0.000859913,0.007321602
675,13499.994,1786878709071.476,13496889.411,0.000000000,0.006503755,-0.000055927,-0.015725292,0.001115875,0.003836643,-0.007100257,0.003622145,-0.016182812,-0.004911993,-0.008243757,0.017258283,0.010146592,0.002136518,-0.001011631,-0.002244415,0.000934774,0.002278914,-0.002211588,0.000389353,0.003000315,0.012961034,-0.007782368,0.002194022,0.002688777,0.000530366,-0.001342789,0.015658703,-0.000753349,0.007269064
676,13519.989,1786878709091.472,13496909.407,0.000000000,0.006756100,-0.000075512,-0.015608439,0.001197981,0.003614469,-0.007321556,0.003743617,-0.016333602,-0.004923640,-0.007779176,0.016878076,0.009991537,0.002151318,-0.001032460,-0.002073805,0.000941784,0.002252045,-0.002226227,0.000490962,0.002790242,0.012794688,-0.007957924,0.002186205,0.002693185,0.000535846,-0.001292223,0.015584531,-0.000682569,0.007181183
677,13539.988,1786878709111.470,13496929.405,0.000000000,0.006862244,-0.000103156,-0.015435758,0.001378845,0.003401063,-0.007526206,0.003734752,-0.016532075,-0.004915230,-0.007181045,0.016430365,0.009912208,0.002162218,-0.001054967,-0.001895520,0.000949523,0.002221119,-0.002226860,0.000597229,0.002590480,0.012424966,-0.008284307,0.002171287,0.002700398,0.000545693,-0.001245224,0.015494079,-0.000640074,0.007073297
678,13559.990,1786878709131.473,13496949.408,0.000000000,0.006824714,-0.000143155,-0.015240897,0.001601495,0.003172457,-0.007739189,0.003599297,-0.016783958,-0.004925487,-0.006511901,0.015916789,0.009944556,0.002166925,-0.001084873,-0.001733788,0.000965019,0.002188859,-0.002225841,0.000709987,0.002409198,0.012029172,-0.008497082,0.002159870,0.002711566,0.000563910,-0.001196005,0.015409277,-0.000623836,0.006957099
679,13579.991,1786878709151.474,13496969.409,0.000000000,0.006742148,-0.000193829,-0.015099074,0.001764686,0.003013278,-0.007917863,0.003492669,-0.017080791,-0.005014594,-0.006015854,0.015486487,0.010078973,0.002148269,-0.001108709,-0.001604410,0.000970551,0.002161946,-0.002223064,0.000791840,0.002274488,0.011924648,-0.008665492,0.002152320,0.002717760,0.000578356,-0.001156597,0.015378961,-0.000627553,0.006870080
680,13599.990,1786878709171.473,13496989.407,0.000000000,0.006555375,-0.000220656,-0.014932604,0.002005205,0.002889766,-0.008094006,0.003257373,-0.017281074,-0.005013853,-0.005383424,0.015033278,0.010154445,0.002153839,-0.001134578,-0.001479774,0.000995446,0.002134701,-0.002221762,0.000905788,0.002129511,0.011603187,-0.008426671,0.002135570,0.002725436,0.000605357,-0.001119477,0.015272708,-0.000646521,0.006744431
681,13619.991,1786878709191.474,13497009.409,0.000000000,0.006306722,-0.000224444,-0.014897551,0.002163127,0.002844820,-0.008274259,0.003019840,-0.017370524,-0.005057360,-0.004966914,0.014691874,0.010267632,0.002139769,-0.001138511,-0.001383745,0.001018975,0.002111086,-0.002222211,0.001009403,0.001999730,0.011341027,-0.007998386,0.002118456,0.002732465,0.000634492,-0.001081459,0.015172194,-0.000671825,0.006621532
682,13639.994,1786878709211.477,13497029.412,0.000000000,0.006026651,-0.000216646,-0.015000388,0.002201041,0.002864463,-0.008465485,0.002793660,-0.017383084,-0.005180217,-0.004760456,0.014457993,0.010367697,0.002110825,-0.001136676,-0.001315214,0.001034499,0.002095144,-0.002228321,0.001095869,0.001879441,0.011170823,-0.007792024,0.002102768,0.002733707,0.000662883,-0.001047582,0.015089783,-0.000698349,0.006505042
683,13659.996,1786878709231.479,13497049.414,0.000000000,0.005768113,-0.000204893,-0.015147385,0.002169987,0.002948121,-0.008656775,0.002587917,-0.017367993,-0.005327698,-0.004635738,0.014323748,0.010409321,0.002082827,-0.001137636,-0.001265868,0.001046549,0.002080770,-0.002235290,0.001167788,0.001760704,0.011109101,-0.007712644,0.002087113,0.002729408,0.000688476,-0.001023500,0.015024213,-0.000721371,0.006393904
684,13679.994,1786878709251.477,13497069.412,0.000000000,0.005556565,-0.000192067,-0.015301398,0.002094163,0.003055519,-0.008843523,0.002418425,-0.017340332,-0.005475006,-0.004557039,0.014249469,0.010400928,0.002056724,-0.001137710,-0.001235975,0.001054495,0.002068930,-0.002247360,0.001230324,0.001641766,0.011162468,-0.007638907,0.002071635,0.002721875,0.000711495,-0.001004795,0.014972314,-0.000736626,0.006288096
685,13699.993,1786878709271.476,13497089.411,0.000000000,0.005403755,-0.000178640,-0.015447891,0.001990094,0.003167537,-0.009023691,0.002291782,-0.017299782,-0.005606642,-0.004506135,0.014211498,0.010341452,0.002033653,-0.001134792,-0.001223707,0.001058857,0.002059695,-0.002262412,0.001286845,0.001517035,0.011313938,-0.007569890,0.002056935,0.002712021,0.000730697,-0.000988518,0.014929358,-0.000741407,0.006187273
686,13720.046,1786878709291.528,13497109.463,0.000000000,0.005291319,-0.000183742,-0.015576288,0.001832852,0.003290253,-0.009217076,0.002220395,-0.017347574,-0.005787591,-0.004496755,0.014174874,0.010283339,0.002013821,-0.001125292,-0.001227148,0.001059836,0.002052094,-0.002282199,0.001350926,0.001369869,0.011965663,-0.007524128,0.002042134,0.002700950,0.000748085,-0.000974867,0.014933166,-0.000738191,0.006095468
687,13740.041,1786878709311.524,13497129.459,0.000000000,0.005244877,-0.000168990,-0.015697850,0.001705769,0.003402391,-0.009378091,0.002171435,-0.017275870,-0.005873684,-0.004474796,0.014177763,0.010123907,0.002005827,-0.001113717,-0.001229547,0.001064590,0.002045237,-0.002298971,0.001413931,0.001222489,0.012214908,-0.007477448,0.002027941,0.002688745,0.000760855,-0.000960517,0.014899770,-0.000721189,0.006000175
688,13760.048,1786878709331.530,13497149.465,0.000000000,0.005238739,-0.000174003,-0.015783310,0.001597379,0.003467062,-0.009515717,0.002174642,-0.017289305,-0.005981979,-0.004468628,0.014144073,0.010028476,0.001980597,-0.001104238,-0.001230414,0.001058394,0.002035889,-0.002321821,0.001449435,0.001107394,0.012515557,-0.007471071,0.002023335,0.002677302,0.000765107,-0.000943956,0.014908040,-0.000697691,0.005937368
689,13780.046,1786878709351.529,13497169.464,0.000000000,0.005239382,-0.000146155,-0.015870648,0.001500151,0.003541932,-0.009649663,0.002144077,-0.017154733,-0.005986500,-0.004433553,0.014126133,0.009823343,0.001979569,-0.001092860,-0.001246066,0.001063600,0.002026962,-0.002339408,0.001512623,0.000955427,0.012556123,-0.007446964,0.002012325,0.002664450,0.000771072,-0.000931345,0.014842773,-0.000666873,0.005843935
690,13800.051,1786878709371.533,13497189.468,0.000000000,0.005254398,-0.000131216,-0.015935197,0.001381895,0.003606697,-0.009794976,0.002145021,-0.017095396,-0.006021359,-0.004410707,0.014071425,0.009670657,0.001978690,-0.001077399,-0.001255310,0.001069461,0.002016949,-0.002357716,0.001591019,0.000783269,0.012983009,-0.007449751,0.002001275,0.002655267,0.000777957,-0.000914908,0.014810427,-0.000634464,0.005756767
691,13820.012,1786878709391.495,13497209.429,0.000000000,0.005280192,-0.000084978,-0.016013125,0.001324259,0.003634641,-0.009895320,0.002112165,-0.016877087,-0.005950621,-0.004346285,0.014034403,0.009466963,0.001972163,-0.001066864,-0.001249414,0.001076220,0.002006619,-0.002364841,0.001654172,0.000641213,0.012500228,-0.007419997,0.001990431,0.002646308,0.000783933,-0.000896496,0.014712827,-0.000604914,0.005658525
692,13839.996,1786878709411.478,13497229.413,0.000000000,0.005300634,-0.000057887,-0.016072480,0.001251768,0.003652880,-0.010023032,0.002100675,-0.016776038,-0.005947940,-0.004278659,0.013952433,0.009351076,0.001951389,-0.001058573,-0.001236655,0.001076433,0.001990310,-0.002377110,0.001717255,0.000493415,0.012352703,-0.007414835,0.001984105,0.002637646,0.000790537,-0.000870585,0.014650273,-0.000577308,0.005568315
693,13859.992,1786878709431.475,13497249.410,0.000000000,0.005300750,-0.000056671,-0.016100554,0.001156726,0.003681511,-0.010174265,0.002105943,-0.016827378,-0.006028069,-0.004202195,0.013836760,0.009339765,0.001933735,-0.001049369,-0.001215967,0.001079121,0.001970556,-0.002388734,0.001803411,0.000326419,0.012785745,-0.007434184,0.001977604,0.002632589,0.000801976,-0.000841432,0.014628821,-0.000558470,0.005484594
694,13879.998,1786878709451.481,13497269.416,0.000000000,0.005289788,-0.000043630,-0.016127208,0.001099534,0.003707306,-0.010296187,0.002083417,-0.016811308,-0.006057547,-0.004093976,0.013742348,0.009307974,0.001925063,-0.001042759,-0.001193871,0.001087872,0.001951469,-0.002394519,0.001888356,0.000173737,0.012828876,-0.007433427,0.001967781,0.002628137,0.000813939,-0.000815175,0.014575223,-0.000546267,0.005396083
