joint_0,joint_1,joint_2,joint_3,joint_4,joint_5,joint_6,joint_7,joint_8,joint_9,joint_10,joint_11,joint_12,joint_13,joint_14,joint_15,joint_16,joint_17,joint_18,joint_19,joint_20,joint_21,joint_22,joint_23,joint_24,joint_25,joint_26,joint_27,joint_28
-0.312000,0.669000,-0.312000,0.669000,0.000000,0.000000,0.000000,-0.363000,0.000000,-0.363000,0.000000,0.600000,0.000000,0.000000,0.000000,0.000000,0.200000,0.000000,0.000000,-0.200000,0.600000,0.000000,0.000000,0.200000,0.000000,0.200000,0.000000,0.000000,0.000000
-0.312000,0.669000,-0.312000,0.669000,0.000000,0.000000,0.000000,-0.363000,0.000000,-0.363000,0.000000,0.600000,0.000000,0.000000,0.000000,0.000000,0.200000,0.000000,0.000000,-0.200000,0.600000,0.000000,0.000000,0.200000,0.000000,0.200000,0.000000,0.000000,0.000000
-0.312000,0.669000,-0.312000,0.669000,0.000000,0.000000,0.000000,-0.363000,0.000000,-0.363000,0.000000,0.600000,0.000000,0.000000,0.000000,0.000000,0.200000,0.000000,0.000000,-0.200000,0.600000,0.000000,0.000000,0.200000,0.000000,0.200000,0.000000,0.000000,0.000000
-0.312000,0.669000,-0.312000,0.669000,0.000000,0.000000,0.000000,-0.363000,0.000000,-0.363000,0.000000,0.600000,0.000000,0.000000,0.000000,0.000000,0.200000,0.000000,0.000000,-0.200000,0.600000,0.000000,0.000000,0.200000,0.000000,0.200000,0.000000,0.000000,0.000000
-0.312000,0.669000,-0.312000,0.669000,0.000000,0.000000,0.000000,-0.363000,0.000000,-0.363000,0.000000,0.600000,0.000000,0.000000,0.000000,0.000000,0.200000,0.000000,0.000000,-0.200000,0.600000,0.000000,0.000000,0.200000,0.000000,0.200000,0.000000,0.000000,0.000000
-0.312000,0.669000,-0.312000,0.669000,0.000000,0.000000,0.000000,-0.363000,0.000000,-0.363000,0.000000,0.600000,0.000000,0.000000,0.000000,0.000000,0.200000,0.000000,0.000000,-0.200000,0.600000,0.000000,0.000000,0.200000,0.000000,0.200000,0.000000,0.000000,0.000000
-0.312000,0.669000,-0.312000,0.669000,0.000000,0.000000,0.000000,-0.363000,0.000000,-0.363000,0.000000,0.600000,0.000000,0.000000,0.000000,0.000000,0.200000,0.000000,0.000000,-0.200000,0.600000,0.000000,0.000000,0.200000,0.000000,0.200000,0.000000,0.000000,0.000000
-0.312000,0.669000,-0.312000,0.669000,0.000000,0.000000,0.000000,-0.363000,0.000000,-0.363000,0.000000,0.600000,0.000000,0.000000,0.000000,0.000000,0.200000,0.000000,0.000000,-0.200000,0.600000,0.000000,0.000000,0.200000,0.000000,0.200000,0.000000,0.000000,0.000000
-0.312000,0.669000,-0.312000,0.669000,0.000000,0.000000,0.000000,-0.363000,0.000000,-0.363000,0.000000,0.600000,0.000000,0.000000,0.000000,0.000000,0.200000,0.000000,0.000000,-0.200000,0.600000,0.000000,0.000000,0.200000,0.000000,0.200000,0.000000,0.000000,0.000000
-0.312000,0.669000,-0.312000,0.669000,0.000000,0.000000,0.000000,-0.363000,0.000000,-0.363000,0.000000,0.600000,0.000000,0.000000,0.000000,0.000000,0.200000,0.000000,0.000000,-0.200000,0.600000,0.000000,0.000000,0.200000,0.000000,0.200000,0.000000,0.000000,0.000000
-0.312000,0.669000,-0.312000,0.669000,0.000000,0.000000,0.000000,-0.363000,0.000000,-0.363000,0.000000,0.600000,0.000000,0.000000,0.000000,0.000000,0.200000,0.000000,0.000000,-0.200000,0.600000,0.000000,0.000000,0.200000,0.000000,0.200000,0.000000,0.000000,0.000000
-0.312000,0.669000,-0.312000,0.669000,0.000000,0.000000,0.000000,-0.363000,0.000000,-0.363000,0.000000,0.600000,0.000000,0.000000,0.000000,0.000000,0.200000,0.000000,0.000000,-0.200000,0.600000,0.000000,0.000000,0.200000,0.000000,0.200000,0.000000,0.000000,0.000000
-0.312000,0.669000,-0.312000,0.669000,0.000000,0.000000,0.000000,-0.363000,0.000000,-0.363000,0.000000,0.600000,0.000000,0.000000,0.000000,0.000000,0.200000,0.000000,0.000000,-0.200000,0.600000,0.000000,0.000000,0.200000,0.000000,0.200000,0.000000,0.000000,0.000000
-0.312000,0.669000,-0.312000,0.669000,0.000000,0.000000,0.000000,-0.363000,0.000000,-0.363000,0.000000,0.600000,0.000000,0.000000,0.000000,0.000000,0.200000,0.000000,0.000000,-0.200000,0.600000,0.000000,0.000000,0.200000,0.000000,0.200000,0.000000,0.000000,0.000000
-0.312000,0.669000,-0.312000,0.669000,0.000000,0.000000,0.000000,-0.363000,0.000000,-0.363000,0.000000,0.600000,0.000000,0.000000,0.000000,0.000000,0.200000,0.000000,0.000000,-0.200000,0.600000,0.000000,0.000000,0.200000,0.000000,0.200000,0.000000,0.000000,0.000000
-0.312000,0.669000,-0.312000,0.669000,0.000000,0.000000,0.000000,-0.363000,0.000000,-0.363000,0.000000,0.600000,0.000000,0.000000,0.000000,0.000000,0.200000,0.000000,0.000000,-0.200000,0.600000,0.000000,0.000000,0.200000,0.000000,0.200000,0.000000,0.000000,0.000000
-0.312000,0.669000,-0.312000,0.669000,0.000000,0.000000,0.000000,-0.363000,0.000000,-0.363000,0.000000,0.600000,0.000000,0.000000,0.000000,0.000000,0.200000,0.000000,0.000000,-0.200000,0.600000,0.000000,0.000000,0.200000,0.000000,0.200000,0.000000,0.000000,0.000000
-0.312000,0.669000,-0.312000,0.669000,0.000000,0.000000,0.000000,-0.363000,0.000000,-0.363000,0.000000,0.600000,0.000000,0.000000,0.000000,0.000000,0.200000,0.000000,0.000000,-0.200000,0.600000,0.000000,0.000000,0.200000,0.000000,0.200000,0.000000,0.000000,0.000000
-0.312000,0.669000,-0.312000,0.669000,0.000000,0.000000,0.000000,-0.363000,0.000000,-0.363000,0.000000,0.600000,0.000000,0.000000,0.000000,0.000000,0.200000,0.000000,0.000000,-0.200000,0.600000,0.000000,0.000000,0.200000,0.000000,0.200000,0.000000,0.000000,0.000000
-0.312000,0.669000,-0.312000,0.669000,0.000000,0.000000,0.000000,-0.363000,0.000000,-0.363000,0.000000,0.600000,0.000000,0.000000,0.000000,0.000000,0.200000,0.000000,0.000000,-0.200000,0.600000,0.000000,0.000000,0.200000,0.000000,0.200000,0.000000,0.000000,0.000000
-0.312000,0.669000,-0.312000,0.669000,0.000000,0.000000,0.000000,-0.363000,0.000000,-0.363000,0.000000,0.600000,0.000000,0.000000,0.000000,0.000000,0.200000,0.000000,0.000000,-0.200000,0.600000,0.000000,0.000000,0.200000,0.000000,0.200000,0.000000,0.000000,0.000000
-0.312000,0.669000,-0.312000,0.669000,0.000000,0.000000,0.000000,-0.363000,0.000000,-0.363000,0.000000,0.600000,0.000000,0.000000,0.000000,0.000000,0.200000,0.000000,0.000000,-0.200000,0.600000,0.000000,0.000000,0.200000,0.000000,0.200000,0.000000,0.000000,0.000000
-0.312000,0.669000,-0.312000,0.669000,0.000000,0.000000,0.000000,-0.363000,0.000000,-0.363000,0.000000,0.600000,0.000000,0.000000,0.000000,0.000000,0.200000,0.000000,0.000000,-0.200000,0.600000,0.000000,0.000000,0.200000,0.000000,0.200000,0.000000,0.000000,0.000000
-0.312000,0.669000,-0.312000,0.669000,0.000000,0.000000,0.000000,-0.363000,0.000000,-0.363000,0.000000,0.600000,0.000000,0.000000,0.000000,0.000000,0.200000,0.000000,0.000000,-0.200000,0.600000,0.000000,0.000000,0.200000,0.000000,0.200000,0.000000,0.000000,0.000000
-0.312000,0.669000,-0.312000,0.669000,0.000000,0.000000,0.000000,-0.363000,0.000000,-0.363000,0.000000,0.600000,0.000000,0.000000,0.000000,0.000000,0.200000,0.000000,0.000000,-0.200000,0.600000,0.000000,0.000000,0.200000,0.000000,0.200000,0.000000,0.000000,0.000000
-0.312000,0.669000,-0.312000,0.669000,0.000000,0.000000,0.000000,-0.363000,0.000000,-0.363000,0.000000,0.600000,0.000000,0.000000,0.000000,0.000000,0.200000,0.000000,0.000000,-0.200000,0.600000,0.000000,0.000000,0.200000,0.000000,0.200000,0.000000,0.000000,0.000000
-0.312000,0.669000,-0.312000,0.669000,0.000000,0.000000,0.000000,-0.363000,0.000000,-0.363000,0.000000,0.600000,0.000000,0.000000,0.000000,0.000000,0.200000,0.000000,0.000000,-0.200000,0.600000,0.000000,0.000000,0.200000,0.000000,0.200000,0.000000,0.000000,0.000000
-0.312000,0.669000,-0.312000,0.669000,0.000000,0.000000,0.000000,-0.363000,0.000000,-0.363000,0.000000,0.600000,0.000000,0.000000,0.000000,0.000000,0.200000,0.000000,0.000000,-0.200000,0.600000,0.000000,0.000000,0.200000,0.000000,0.200000,0.000000,0.000000,0.000000
-0.312000,0.669000,-0.312000,0.669000,0.000000,0.000000,0.000000,-0.363000,0.000000,-0.363000,0.000000,0.600000,0.000000,0.000000,0.000000,0.000000,0.200000,0.000000,0.000000,-0.200000,0.600000,0.000000,0.000000,0.200000,0.000000,0.200000,0.000000,0.000000,0.000000
-0.312000,0.669000,-0.312000,0.669000,0.000000,0.000000,0.000000,-0.363000,0.000000,-0.363000,0.000000,0.600000,0.000000,0.000000,0.000000,0.000000,0.200000,0.000000,0.000000,-0.200000,0.600000,0.000000,0.000000,0.200000,0.000000,0.200000,0.000000,0.000000,0.000000
-0.312000,0.669000,-0.312000,0.669000,0.000000,0.000000,0.000000,-0.363000,0.000000,-0.363000,0.000000,0.600000,0.000000,0.000000,0.000000,0.000000,0.200000,0.000000,0.000000,-0.200000,0.600000,0.000000,0.000000,0.200000,0.000000,0.200000,0.000000,0.000000,0.000000
-0.312000,0.669000,-0.312000,0.669000,0.000000,0.000000,0.000000,-0.363000,0.000000,-0.363000,0.000000,0.600000,0.000000,0.000000,0.000000,0.000000,0.200000,0.000000,0.000000,-0.200000,0.600000,0.000000,0.000000,0.200000,0.000000,0.200000,0.000000,0.000000,0.000000
-0.312000,0.669000,-0.312000,0.669000,0.000000,0.000000,0.000000,-0.363000,0.000000,-0.363000,0.000000,0.600000,0.000000,0.000000,0.000000,0.000000,0.200000,0.000000,0.000000,-0.200000,0.600000,0.000000,0.000000,0.200000,0.000000,0.200000,0.000000,0.000000,0.000000
-0.312000,0.669000,-0.312000,0.669000,0.000000,0.000000,0.000000,-0.363000,0.000000,-0.363000,0.000000,0.600000,0.000000,0.000000,0.000000,0.000000,0.200000,0.000000,0.000000,-0.200000,0.600000,0.000000,0.000000,0.200000,0.000000,0.200000,0.000000,0.000000,0.000000
-0.312000,0.669000,-0.312000,0.669000,0.000000,0.000000,0.000000,-0.363000,0.000000,-0.363000,0.000000,0.600000,0.000000,0.000000,0.000000,0.000000,0.200000,0.000000,0.000000,-0.200000,0.600000,0.000000,0.000000,0.200000,0.000000,0.200000,0.000000,0.000000,0.000000
-0.312000,0.669000,-0.312000,0.669000,0.000000,0.000000,0.000000,-0.363000,0.000000,-0.363000,0.000000,0.600000,0.000000,0.000000,0.000000,0.000000,0.200000,0.000000,0.000000,-0.200000,0.600000,0.000000,0.000000,0.200000,0.000000,0.200000,0.000000,0.000000,0.000000
-0.312000,0.669000,-0.312000,0.669000,0.000000,0.000000,0.000000,-0.363000,0.000000,-0.363000,0.000000,0.600000,0.000000,0.000000,0.000000,0.000000,0.200000,0.000000,0.000000,-0.200000,0.600000,0.000000,0.000000,0.200000,0.000000,0.200000,0.000000,0.000000,0.000000
-0.312000,0.669000,-0.312000,0.669000,0.000000,0.000000,0.000000,-0.363000,0.000000,-0.363000,0.000000,0.600000,0.000000,0.000000,0.000000,0.000000,0.200000,0.000000,0.000000,-0.200000,0.600000,0.000000,0.000000,0.200000,0.000000,0.200000,0.000000,0.000000,0.000000
-0.312000,0.669000,-0.312000,0.669000,0.000000,0.000000,0.000000,-0.363000,0.000000,-0.363000,0.000000,0.600000,0.000000,0.000000,0.000000,0.000000,0.200000,0.000000,0.000000,-0.200000,0.600000,0.000000,0.000000,0.200000,0.000000,0.200000,0.000000,0.000000,0.000000
-0.312000,0.669000,-0.312000,0.669000,0.000000,0.000000,0.000000,-0.363000,0.000000,-0.363000,0.000000,0.600000,0.000000,0.000000,0.000000,0.000000,0.200000,0.000000,0.000000,-0.200000,0.600000,0.000000,0.000000,0.200000,0.000000,0.200000,0.000000,0.000000,0.000000
-0.312000,0.669000,-0.312000,0.669000,0.000000,0.000000,0.000000,-0.363000,0.000000,-0.363000,0.000000,0.600000,0.000000,0.000000,0.000000,0.000000,0.200000,0.000000,0.000000,-0.200000,0.600000,0.000000,0.000000,0.200000,0.000000,0.200000,0.000000,0.000000,0.000000
-0.312000,0.669000,-0.312000,0.669000,0.000000,0.000000,0.000000,-0.363000,0.000000,-0.363000,0.000000,0.600000,0.000000,0.000000,0.000000,0.000000,0.200000,0.000000,0.000000,-0.200000,0.600000,0.000000,0.000000,0.200000,0.000000,0.200000,0.000000,0.000000,0.000000
-0.312000,0.669000,-0.312000,0.669000,0.000000,0.000000,0.000000,-0.363000,0.000000,-0.363000,0.000000,0.600000,0.000000,0.000000,0.000000,0.000000,0.200000,0.000000,0.000000,-0.200000,0.600000,0.000000,0.000000,0.200000,0.000000,0.200000,0.000000,0.000000,0.000000
-0.312000,0.669000,-0.312000,0.669000,0.000000,0.000000,0.000000,-0.363000,0.000000,-0.363000,0.000000,0.600000,0.000000,0.000000,0.000000,0.000000,0.200000,0.000000,0.000000,-0.200000,0.600000,0.000000,0.000000,0.200000,0.000000,0.200000,0.000000,0.000000,0.000000
-0.312000,0.669000,-0.312000,0.669000,0.000000,0.000000,0.000000,-0.363000,0.000000,-0.363000,0.000000,0.600000,0.000000,0.000000,0.000000,0.000000,0.200000,0.000000,0.000000,-0.200000,0.600000,0.000000,0.000000,0.200000,0.000000,0.200000,0.000000,0.000000,0.000000
-0.312000,0.669000,-0.312000,0.669000,0.000000,0.000000,0.000000,-0.363000,0.000000,-0.363000,0.000000,0.600000,0.000000,0.000000,0.000000,0.000000,0.200000,0.000000,0.000000,-0.200000,0.600000,0.000000,0.000000,0.200000,0.000000,0.200000,0.000000,0.000000,0.000000
-0.312000,0.669000,-0.312000,0.669000,0.000000,0.000000,0.000000,-0.363000,0.000000,-0.363000,0.000000,0.600000,0.000000,0.000000,0.000000,0.000000,0.200000,0.000000,0.000000,-0.200000,0.600000,0.000000,0.000000,0.200000,0.000000,0.200000,0.000000,0.000000,0.000000
-0.312000,0.669000,-0.312000,0.669000,0.000000,0.000000,0.000000,-0.363000,0.000000,-0.363000,0.000000,0.600000,0.000000,0.000000,0.000000,0.000000,0.200000,0.000000,0.000000,-0.200000,0.600000,0.000000,0.000000,0.200000,0.000000,0.200000,0.000000,0.000000,0.000000
-0.312000,0.669000,-0.312000,0.669000,0.000000,0.000000,0.000000,-0.363000,0.000000,-0.363000,0.000000,0.600000,0.000000,0.000000,0.000000,0.000000,0.200000,0.000000,0.000000,-0.200000,0.600000,0.000000,0.000000,0.200000,0.000000,0.200000,0.000000,0.000000,0.000000
-0.312000,0.669000,-0.312000,0.669000,0.000000,0.000000,0.000000,-0.363000,0.000000,-0.363000,0.000000,0.600000,0.000000,0.000000,0.000000,0.000000,0.200000,0.000000,0.000000,-0.200000,0.600000,0.000000,0.000000,0.200000,0.000000,0.200000,0.000000,0.000000,0.000000
-0.312039,0.668697,-0.311966,0.668920,-0.000091,0.000034,0.000026,-0.362936,0.000116,-0.362601,0.000301,0.599742,0.000069,-0.000173,-0.000105,0.000159,0.199800,-0.000009,0.000035,-0.200076,0.599898,0.000029,0.000144,0.199996,-0.000038,0.199928,0.000020,0.000009,-0.000037
-0.312296,0.666679,-0.311737,0.668384,-0.000693,0.000258,0.000201,-0.362507,0.000889,-0.359948,0.002305,0.598026,0.000525,-0.001324,-0.000803,0.001218,0.198468,-0.000073,0.000268,-0.200580,0.599217,0.000221,0.001105,0.199972,-0.000291,0.199451,0.000153,0.000071,-0.000286
-0.312956,0.661511,-0.311153,0.667013,-0.002236,0.000832,0.000649,-0.361409,0.002868,-0.353155,0.007436,0.593631,0.001693,-0.004271,-0.002591,0.003929,0.195058,-0.000235,0.000864,-0.201873,0.597475,0.000713,0.003564,0.199909,-0.000940,0.198228,0.000495,0.000229,-0.000924
-0.314165,0.652047,-0.310083,0.664502,-0.005062,0.001882,0.001469,-0.359398,0.006492,-0.340714,0.016832,0.585584,0.003832,-0.009668,-0.005866,0.008895,0.188814,-0.000531,0.001957,-0.204239,0.594284,0.001613,0.008069,0.199793,-0.002128,0.195988,0.001120,0.000517,-0.002092
-0.316033,0.637410,-0.308428,0.660619,-0.009432,0.003508,0.002738,-0.356289,0.012097,-0.321474,0.031364,0.573138,0.007141,-0.018016,-0.010931,0.016574,0.179157,-0.000989,0.003646,-0.207899,0.589349,0.003006,0.015035,0.199615,-0.003966,0.192524,0.002086,0.000964,-0.003898
-0.318642,0.616976,-0.306117,0.655198,-0.015533,0.005776,0.004509,-0.351947,0.019923,-0.294612,0.051652,0.555762,0.011759,-0.029669,-0.018001,0.027295,0.165674,-0.001629,0.006004,-0.213009,0.582459,0.004951,0.024760,0.199366,-0.006531,0.187688,0.003435,0.001588,-0.006419
-0.322042,0.590351,-0.303106,0.648135,-0.023482,0.008733,0.006816,-0.346291,0.030118,-0.259613,0.078086,0.533122,0.017778,-0.044853,-0.027214,0.041263,0.148107,-0.002463,0.009076,-0.219666,0.573482,0.007485,0.037431,0.199042,-0.009873,0.181387,0.005194,0.002400,-0.009704
-0.326254,0.557358,-0.299376,0.639382,-0.033333,0.012396,0.009675,-0.339282,0.042753,-0.216243,0.110843,0.505066,0.025235,-0.063668,-0.038630,0.058573,0.126338,-0.003496,0.012884,-0.227916,0.562357,0.010625,0.053134,0.198640,-0.014015,0.173579,0.007372,0.003407,-0.013775
-0.331277,0.518013,-0.294927,0.628943,-0.045081,0.016765,0.013085,-0.330923,0.057820,-0.164523,0.149906,0.471610,0.034129,-0.086106,-0.052243,0.079215,0.100379,-0.004728,0.017425,-0.237755,0.549091,0.014370,0.071859,0.198161,-0.018953,0.164268,0.009970,0.004608,-0.018630
-0.337087,0.472511,-0.289781,0.616872,-0.058666,0.021817,0.017028,-0.321256,0.075245,-0.104709,0.195082,0.432918,0.044414,-0.112056,-0.067988,0.103087,0.070356,-0.006153,0.022676,-0.249132,0.533749,0.018700,0.093515,0.197607,-0.024665,0.153500,0.012975,0.005997,-0.024245
-0.343638,0.421204,-0.283980,0.603260,-0.073985,0.027514,0.021474,-0.310356,0.094893,-0.037263,0.246023,0.389289,0.056011,-0.141316,-0.085741,0.130006,0.036503,-0.007760,0.028597,-0.261962,0.516449,0.023583,0.117934,0.196982,-0.031106,0.141357,0.016363,0.007563,-0.030575
-0.350867,0.364582,-0.277577,0.588238,-0.090891,0.033801,0.026381,-0.298326,0.116576,0.037168,0.302239,0.341142,0.068810,-0.173606,-0.105333,0.159712,-0.000855,-0.009533,0.035131,-0.276120,0.497358,0.028972,0.144881,0.196292,-0.038214,0.127958,0.020102,0.009291,-0.037562
-0.358697,0.303260,-0.270643,0.571970,-0.109200,0.040609,0.031696,-0.285298,0.140059,0.117778,0.363122,0.288997,0.082671,-0.208578,-0.126551,0.191885,-0.041316,-0.011454,0.042208,-0.291454,0.476682,0.034808,0.174067,0.195545,-0.045912,0.113445,0.024152,0.011163,-0.045128
-0.367035,0.237952,-0.263258,0.554644,-0.128699,0.047861,0.037355,-0.271424,0.165069,0.203628,0.427963,0.233463,0.097433,-0.245823,-0.149149,0.226149,-0.084407,-0.013499,0.049745,-0.307785,0.454661,0.041023,0.205149,0.194750,-0.054110,0.097990,0.028465,0.013156,-0.053187
-0.375780,0.169456,-0.255512,0.536472,-0.149150,0.055466,0.043291,-0.256872,0.191299,0.293667,0.495968,0.175219,0.112915,-0.284885,-0.172849,0.262085,-0.129600,-0.015644,0.057650,-0.324912,0.431567,0.047542,0.237748,0.193915,-0.062708,0.081780,0.032988,0.015247,-0.061638
-0.384822,0.098638,-0.247504,0.517684,-0.170295,0.063329,0.049429,-0.241826,0.218418,0.386760,0.566279,0.114999,0.128923,-0.325272,-0.197353,0.299239,-0.176326,-0.017862,0.065823,-0.342620,0.407688,0.054282,0.271452,0.193053,-0.071598,0.065020,0.037664,0.017408,-0.070377
-0.394044,0.026408,-0.239337,0.498521,-0.191861,0.071349,0.055688,-0.226481,0.246079,0.481710,0.637993,0.053579,0.145250,-0.366464,-0.222346,0.337135,-0.223984,-0.020124,0.074158,-0.360682,0.383334,0.061156,0.305829,0.192173,-0.080665,0.047926,0.042434,0.019612,-0.079289
-0.403327,-0.046297,-0.231115,0.479233,-0.213568,0.079422,0.061989,-0.211035,0.273921,0.577282,0.710177,-0.008245,0.161683,-0.407927,-0.247502,0.375279,-0.271954,-0.022400,0.082549,-0.378861,0.358820,0.068076,0.340431,0.191287,-0.089792,0.030721,0.047235,0.021832,-0.088260
-0.412549,-0.118527,-0.222948,0.460070,-0.235134,0.087442,0.068248,-0.195690,0.301582,0.672232,0.781891,-0.069665,0.178010,-0.449119,-0.272495,0.413175,-0.319612,-0.024662,0.090884,-0.396923,0.334466,0.074950,0.374808,0.190407,-0.098859,0.013627,0.052005,0.024036,-0.097172
-0.421591,-0.189345,-0.214940,0.441282,-0.256279,0.095305,0.074386,-0.180644,0.328701,0.765325,0.852202,-0.129885,0.194018,-0.489506,-0.296999,0.450329,-0.366338,-0.026880,0.099057,-0.414631,0.310587,0.081690,0.408512,0.189545,-0.107749,-0.003133,0.056681,0.026197,-0.105911
-0.430336,-0.257841,-0.207194,0.423110,-0.276730,0.102910,0.080322,-0.166092,0.354931,0.855364,0.920207,-0.188129,0.209500,-0.528568,-0.320699,0.486265,-0.411531,-0.029025,0.106962,-0.431758,0.287493,0.088209,0.441111,0.188710,-0.116347,-0.019343,0.061204,0.028288,-0.114362
-0.438674,-0.323149,-0.199809,0.405784,-0.296229,0.110162,0.085981,-0.152218,0.379941,0.941214,0.985048,-0.243663,0.224262,-0.565813,-0.343297,0.520529,-0.454622,-0.031070,0.114499,-0.448089,0.265472,0.094424,0.472193,0.187915,-0.124545,-0.034798,0.065517,0.030281,-0.122421
-0.446504,-0.384471,-0.192875,0.389516,-0.314538,0.116970,0.091296,-0.139190,0.403424,1.021824,1.045931,-0.295808,0.238123,-0.600785,-0.364515,0.552702,-0.495083,-0.032991,0.121576,-0.463423,0.244796,0.100260,0.501379,0.187168,-0.132243,-0.049311,0.069567,0.032153,-0.129987
-0.453733,-0.441093,-0.186472,0.374494,-0.331444,0.123257,0.096203,-0.127160,0.425107,1.096255,1.102147,-0.343955,0.250922,-0.633075,-0.384107,0.582408,-0.532441,-0.034764,0.128110,-0.477581,0.225705,0.105649,0.528326,0.186478,-0.139351,-0.062710,0.073306,0.033881,-0.136974
-0.460284,-0.492400,-0.180671,0.360882,-0.346763,0.128954,0.100649,-0.116260,0.444755,1.163701,1.153088,-0.387584,0.262519,-0.662335,-0.401860,0.609327,-0.566294,-0.036371,0.134031,-0.490411,0.208405,0.110532,0.552745,0.185853,-0.145792,-0.074853,0.076694,0.035447,-0.143304
-0.466094,-0.537902,-0.175525,0.348811,-0.360348,0.134006,0.104592,-0.106593,0.462180,1.223515,1.198264,-0.426276,0.272804,-0.688285,-0.417605,0.633199,-0.596317,-0.037796,0.139282,-0.501788,0.193063,0.114862,0.574401,0.185299,-0.151504,-0.085621,0.079699,0.036836,-0.148919
-0.471117,-0.577247,-0.171076,0.338372,-0.372096,0.138375,0.108002,-0.098234,0.477247,1.275235,1.237327,-0.459732,0.281698,-0.710723,-0.431218,0.653841,-0.622276,-0.039028,0.143823,-0.511627,0.179797,0.118607,0.593126,0.184820,-0.156442,-0.094932,0.082297,0.038037,-0.153774
-0.475329,-0.610240,-0.167346,0.329619,-0.381947,0.142038,0.110861,-0.091225,0.489882,1.318605,1.270084,-0.487788,0.289155,-0.729538,-0.442634,0.671151,-0.644045,-0.040061,0.147631,-0.519877,0.168672,0.121747,0.608829,0.184418,-0.160584,-0.102740,0.084475,0.039044,-0.157845
-0.478729,-0.636865,-0.164335,0.322556,-0.389896,0.144995,0.113168,-0.085569,0.500077,1.353604,1.296518,-0.510428,0.295174,-0.744722,-0.451847,0.685119,-0.661612,-0.040895,0.150703,-0.526534,0.159695,0.124281,0.621500,0.184094,-0.163926,-0.109041,0.086234,0.039856,-0.161130
-0.481338,-0.657299,-0.162024,0.317135,-0.395997,0.147263,0.114939,-0.081227,0.507903,1.380466,1.316806,-0.527804,0.299792,-0.756375,-0.458917,0.695840,-0.675095,-0.041535,0.153061,-0.531644,0.152805,0.126226,0.631225,0.183845,-0.166491,-0.113877,0.087583,0.040480,-0.163651
-0.483206,-0.671936,-0.160369,0.313252,-0.400367,0.148889,0.116208,-0.078118,0.513508,1.399706,1.331338,-0.540250,0.303101,-0.764723,-0.463982,0.703519,-0.684752,-0.041993,0.154750,-0.535304,0.147870,0.127619,0.638191,0.183667,-0.168329,-0.117341,0.088549,0.040927,-0.165457
-0.484415,-0.681400,-0.159299,0.310741,-0.403193,0.149939,0.117028,-0.076107,0.517132,1.412147,1.340734,-0.548297,0.305240,-0.770120,-0.467257,0.708485,-0.690996,-0.042289,0.155843,-0.537670,0.144679,0.128519,0.642696,0.183551,-0.169517,-0.119581,0.089174,0.041215,-0.166625
-0.485075,-0.686568,-0.158715,0.309370,-0.404736,0.150513,0.117476,-0.075009,0.519111,1.418940,1.345865,-0.552692,0.306408,-0.773067,-0.469045,0.711196,-0.694406,-0.042451,0.156439,-0.538963,0.142937,0.129011,0.645155,0.183488,-0.170166,-0.120804,0.089516,0.041373,-0.167263
-0.485332,-0.688586,-0.158486,0.308834,-0.405338,0.150737,0.117651,-0.074580,0.519884,1.421593,1.347869,-0.554408,0.306864,-0.774218,-0.469743,0.712255,-0.695738,-0.042515,0.156672,-0.539467,0.142256,0.129203,0.646116,0.183464,-0.170419,-0.121281,0.089649,0.041435,-0.167512
-0.485371,-0.688889,-0.158452,0.308754,-0.405429,0.150771,0.117677,-0.074516,0.520000,1.421992,1.348170,-0.554666,0.306933,-0.774391,-0.469848,0.712414,-0.695938,-0.042524,0.156707,-0.539543,0.142154,0.129232,0.646260,0.183460,-0.170457,-0.121353,0.089669,0.041444,-0.167549
-0.485371,-0.688889,-0.158452,0.308754,-0.405429,0.150771,0.117677,-0.074516,0.520000,1.421992,1.348170,-0.554666,0.306933,-0.774391,-0.469848,0.712414,-0.695938,-0.042524,0.156707,-0.539543,0.142154,0.129232,0.646260,0.183460,-0.170457,-0.121353,0.089669,0.041444,-0.167549
-0.486136,-0.690073,-0.158861,0.308669,-0.406201,0.149685,0.117032,-0.074030,0.520000,1.424220,1.350044,-0.558327,0.304779,-0.774641,-0.470465,0.712964,-0.696279,-0.043026,0.156479,-0.541521,0.144585,0.134963,0.650327,0.181414,-0.168661,-0.123190,0.086609,0.043596,-0.166985
-0.488433,-0.693625,-0.160088,0.308414,-0.408515,0.146427,0.115097,-0.072571,0.520000,1.430905,1.355665,-0.569310,0.298318,-0.775392,-0.472318,0.714614,-0.697302,-0.044533,0.155795,-0.547455,0.151878,0.152154,0.662528,0.175277,-0.163271,-0.128699,0.077430,0.050052,-0.165294
-0.492260,-0.699545,-0.162133,0.307989,-0.412374,0.140997,0.111872,-0.070140,0.520000,1.442045,1.365034,-0.587614,0.287550,-0.776642,-0.475405,0.717363,-0.699008,-0.047044,0.154655,-0.557345,0.164034,0.180807,0.682862,0.165048,-0.154289,-0.137882,0.062131,0.060813,-0.162476
-0.497619,-0.707833,-0.164996,0.307395,-0.417775,0.133394,0.107358,-0.066737,0.520000,1.457643,1.378150,-0.613240,0.272475,-0.778393,-0.479727,0.721213,-0.701395,-0.050560,0.153058,-0.571191,0.181051,0.220922,0.711331,0.150727,-0.141714,-0.150737,0.040712,0.075878,-0.158530
-0.504508,-0.718488,-0.168677,0.306630,-0.424720,0.123620,0.101553,-0.062361,0.520000,1.477696,1.395013,-0.646188,0.253092,-0.780644,-0.485284,0.726162,-0.704465,-0.055081,0.151006,-0.588994,0.202931,0.272497,0.747933,0.132315,-0.125547,-0.167266,0.013174,0.095247,-0.153456
-0.512928,-0.731512,-0.173176,0.305696,-0.433207,0.111674,0.094459,-0.057013,0.520000,1.502206,1.415624,-0.686458,0.229403,-0.783396,-0.492076,0.732212,-0.708216,-0.060606,0.148498,-0.610752,0.229673,0.335534,0.792669,0.109812,-0.105786,-0.187468,-0.020484,0.118921,-0.147256
-0.522388,-0.746416,-0.178304,0.304665,-0.443163,0.097707,0.086098,-0.050846,0.520000,1.530832,1.439465,-0.732573,0.202408,-0.786168,-0.499953,0.739500,-0.712575,-0.067204,0.145471,-0.635523,0.260405,0.408244,0.843944,0.083883,-0.083128,-0.210685,-0.059294,0.146484,-0.139914
-0.526493,-0.756850,-0.181611,0.304494,-0.453608,0.083701,0.076786,-0.045870,0.520000,1.559150,1.459798,-0.765331,0.185142,-0.782738,-0.506952,0.749832,-0.716568,-0.075771,0.141125,-0.651046,0.283794,0.467384,0.881027,0.063206,-0.066618,-0.228372,-0.090671,0.172557,-0.131264
-0.531145,-0.768676,-0.185359,0.304300,-0.465446,0.067827,0.066233,-0.040231,0.520000,1.591243,1.482843,-0.802456,0.165574,-0.778850,-0.514885,0.761542,-0.721093,-0.085480,0.136200,-0.668639,0.310301,0.534410,0.923055,0.039772,-0.047906,-0.248418,-0.126232,0.202106,-0.121460
-0.532410,-0.777986,-0.188039,0.304672,-0.478074,0.051303,0.054631,-0.035164,0.520000,1.624390,1.504454,-0.832133,0.151724,-0.770675,-0.522545,0.775740,-0.725552,-0.096882,0.130201,-0.680756,0.332953,0.595018,0.957269,0.018918,-0.032559,-0.265563,-0.158232,0.231820,-0.110398
-0.517501,-0.772083,-0.184748,0.307523,-0.489535,0.038088,0.042611,-0.034687,0.520000,1.649742,1.511160,-0.815956,0.169661,-0.745761,-0.526010,0.796038,-0.727997,-0.111768,0.121526,-0.662878,0.329082,0.602723,0.942207,0.017996,-0.038666,-0.262715,-0.161504,0.250936,-0.097741
-0.501172,-0.765619,-0.181144,0.310645,-0.502087,0.023614,0.029446,-0.034164,0.520000,1.677508,1.518504,-0.798239,0.189305,-0.718475,-0.529805,0.818269,-0.730676,-0.128072,0.112024,-0.643296,0.324842,0.611162,0.925711,0.016986,-0.045355,-0.259596,-0.165087,0.271873,-0.083878
-0.487455,-0.761783,-0.172458,0.315092,-0.500158,0.009851,0.005257,-0.024342,0.520000,1.708556,1.531233,-0.753818,0.213618,-0.687007,-0.536181,0.843277,-0.737800,-0.149927,0.110351,-0.614630,0.319496,0.613051,0.899550,0.013485,-0.052851,-0.252894,-0.163511,0.299112,-0.075409
-0.472964,-0.757894,-0.162696,0.319979,-0.496830,-0.004856,-0.021657,-0.012993,0.520000,1.742158,1.545360,-0.703829,0.240113,-0.652876,-0.543247,0.870354,-0.745831,-0.173861,0.109237,-0.583081,0.313664,0.614507,0.870638,0.009513,-0.060966,-0.245392,-0.161371,0.328888,-0.066791
-0.459391,-0.755295,-0.149854,0.325748,-0.485561,-0.019678,-0.055445,0.003769,0.520000,1.778678,1.562879,-0.637705,0.270033,-0.615324,-0.551949,0.899854,-0.756538,-0.201610,0.112316,-0.545548,0.307036,0.612472,0.835517,0.004058,-0.069792,-0.235697,-0.156369,0.363084,-0.060795
-0.449769,-0.754728,-0.136000,0.340038,-0.472681,-0.035613,-0.095603,0.021165,0.520000,1.805170,1.584177,-0.551869,0.299752,-0.580895,-0.563150,0.924178,-0.772061,-0.224627,0.115496,-0.497777,0.299236,0.617450,0.797344,-0.002740,-0.078010,-0.223602,-0.152330,0.394588,-0.060467
-0.444766,-0.756390,-0.121163,0.363849,-0.458193,-0.052645,-0.142449,0.039031,0.520000,1.820286,1.609440,-0.445315,0.328831,-0.550304,-0.577081,0.942603,-0.792742,-0.242090,0.118718,-0.439384,0.290325,0.630384,0.756314,-0.010878,-0.085544,-0.208996,-0.149404,0.423014,-0.066307
-0.451767,-0.760053,-0.106631,0.405843,-0.444702,-0.069955,-0.194362,0.053516,0.520000,1.817100,1.637129,-0.330258,0.349635,-0.529924,-0.595660,0.952880,-0.817602,-0.246828,0.120384,-0.380617,0.284484,0.660980,0.720718,-0.017267,-0.093602,-0.193347,-0.148588,0.450683,-0.076633
-0.477298,-0.766728,-0.093043,0.474900,-0.433205,-0.087146,-0.252525,0.062253,0.520000,1.785422,1.667717,-0.205615,0.356836,-0.526157,-0.620906,0.950098,-0.848190,-0.231531,0.119566,-0.323158,0.283624,0.718189,0.694758,-0.020721,-0.102221,-0.176574,-0.151094,0.476284,-0.093636
-0.518651,-0.774708,-0.078439,0.541050,-0.423131,-0.104496,-0.305537,0.065153,0.520000,1.716930,1.696979,-0.091804,0.342421,-0.525909,-0.649855,0.935084,-0.882381,-0.210001,0.114849,-0.275082,0.294356,0.804995,0.676360,-0.022800,-0.109607,-0.159260,-0.154727,0.493757,-0.111424
-0.571569,-0.782247,-0.060968,0.576326,-0.413698,-0.122360,-0.343420,0.062856,0.520000,1.607684,1.721208,-0.006382,0.301236,-0.516199,-0.679400,0.910018,-0.917910,-0.196093,0.105319,-0.242699,0.321676,0.921210,0.662505,-0.025182,-0.114239,-0.141921,-0.157267,0.498387,-0.124364
-0.634002,-0.789597,-0.040794,0.589466,-0.403990,-0.140099,-0.369954,0.057248,0.520000,1.469091,1.743565,0.061362,0.239559,-0.497175,-0.709260,0.878560,-0.954023,-0.187234,0.091434,-0.220885,0.361506,1.053476,0.652503,-0.028840,-0.116448,-0.125736,-0.158934,0.495505,-0.134715
-0.713751,-0.796745,-0.013455,0.564236,-0.388739,-0.150646,-0.369196,0.050680,0.520000,1.301463,1.774944,0.113614,0.141617,-0.443177,-0.734195,0.848316,-0.982426,-0.184333,0.064414,-0.213746,0.421612,1.148424,0.655544,-0.043328,-0.110419,-0.124088,-0.158187,0.495548,-0.147185
-0.799165,-0.806600,0.014665,0.530799,-0.370701,-0.157227,-0.349531,0.044242,0.520000,1.133074,1.813751,0.165110,0.029782,-0.373507,-0.754120,0.818042,-1.005559,-0.182089,0.032692,-0.212969,0.489963,1.229108,0.660986,-0.057629,-0.103366,-0.124918,-0.158663,0.494820,-0.164273
-0.890823,-0.821657,0.042476,0.481853,-0.347868,-0.154685,-0.290023,0.038551,0.520000,0.975072,1.865984,0.211271,-0.104358,-0.274633,-0.761687,0.789869,-1.015538,-0.181436,-0.007020,-0.226122,0.571410,1.272898,0.671276,-0.070501,-0.094582,-0.131096,-0.161775,0.492468,-0.190213
-0.975290,-0.852099,0.065303,0.421330,-0.314340,-0.144257,-0.222126,0.035312,0.520000,0.843945,1.938974,0.261910,-0.258204,-0.188491,-0.764484,0.759409,-0.999987,-0.177447,-0.037225,-0.244391,0.654557,1.296211,0.689950,-0.082644,-0.092988,-0.144283,-0.173674,0.503943,-0.232482
-1.056161,-0.890233,0.085638,0.355019,-0.275465,-0.129887,-0.150034,0.033297,0.520000,0.726254,2.022342,0.314786,-0.421903,-0.108714,-0.764896,0.727806,-0.971669,-0.171789,-0.062676,-0.265218,0.738553,1.309286,0.712816,-0.094424,-0.094988,-0.160974,-0.189965,0.522332,-0.282915
-1.170971,-0.960982,0.110296,0.268638,-0.243338,-0.092160,-0.074368,0.021193,0.520000,0.717670,2.145319,0.395528,-0.563112,-0.106064,-0.735806,0.686998,-0.918250,-0.149306,-0.070805,-0.288887,0.771198,1.312351,0.721257,-0.109766,-0.082388,-0.177389,-0.204449,0.536959,-0.363000
-1.275945,-1.016657,0.133920,0.190504,-0.215362,-0.050248,0.000654,-0.013876,0.520000,0.752879,2.255562,0.463403,-0.688992,-0.108603,-0.730700,0.639240,-0.863472,-0.124711,-0.080135,-0.311693,0.796374,1.318386,0.727729,-0.116993,-0.079925,-0.195711,-0.219849,0.562515,-0.442099
-1.361249,-1.042182,0.155477,0.128863,-0.195691,0.000037,0.074391,-0.094876,0.520000,0.875675,2.340337,0.505541,-0.784213,-0.121521,-0.773562,0.577579,-0.805975,-0.095888,-0.091868,-0.332772,0.806613,1.330364,0.730261,-0.107990,-0.097734,-0.217847,-0.237081,0.609926,-0.519225
-1.405540,-1.095186,0.181418,0.077560,-0.160210,0.057422,0.138074,-0.177883,0.520000,1.008056,2.398833,0.546213,-0.848098,-0.129027,-0.762418,0.535668,-0.768092,-0.062020,-0.092146,-0.333489,0.811673,1.339157,0.713075,-0.102057,-0.125494,-0.236899,-0.248719,0.673736,-0.588704
-1.429325,-1.161929,0.209551,0.031426,-0.116823,0.118356,0.196730,-0.261894,0.520000,1.145230,2.444190,0.586150,-0.896315,-0.133827,-0.724272,0.503632,-0.740015,-0.025630,-0.086697,-0.324024,0.814144,1.346356,0.686030,-0.097659,-0.158229,-0.254409,-0.257561,0.745745,-0.654358
-1.426257,-1.199461,0.241399,0.017249,-0.096603,0.179313,0.261487,-0.320316,0.520000,1.279677,2.457117,0.607589,-0.908035,-0.149489,-0.682227,0.493526,-0.743722,0.021421,-0.070916,-0.287363,0.804145,1.348139,0.631547,-0.093794,-0.183504,-0.264459,-0.256872,0.814976,-0.708387
-1.415061,-1.224348,0.271560,0.008037,-0.086134,0.236786,0.317313,-0.364449,0.520000,1.395533,2.471270,0.623427,-0.920829,-0.163033,-0.650188,0.488607,-0.760933,0.064013,-0.056997,-0.241138,0.792537,1.348943,0.572233,-0.084803,-0.205559,-0.270289,-0.257573,0.882680,-0.751429
-1.387606,-1.223942,0.298346,0.008752,-0.095167,0.287294,0.355276,-0.380005,0.520000,1.474207,2.487873,0.628065,-0.935769,-0.172343,-0.638158,0.494059,-0.805152,0.097688,-0.046801,-0.175783,0.777710,1.347787,0.503260,-0.065562,-0.221173,-0.267680,-0.261055,0.947328,-0.772499
-1.354549,-1.194983,0.319838,0.014469,-0.109715,0.327512,0.365012,-0.377232,0.520000,1.529489,2.522436,0.630007,-0.966614,-0.189831,-0.649258,0.504424,-0.859621,0.127810,-0.042015,-0.111934,0.757303,1.336230,0.434274,-0.047285,-0.241043,-0.262047,-0.261436,0.982983,-0.787724
-1.318690,-1.151747,0.338681,0.022687,-0.127020,0.362586,0.360635,-0.365295,0.520000,1.573076,2.565979,0.630602,-1.005410,-0.211408,-0.671921,0.517246,-0.919214,0.156155,-0.039935,-0.048837,0.734105,1.319471,0.365282,-0.029488,-0.263041,-0.254903,-0.260268,1.004140,-0.800028
-1.288827,-1.080927,0.352422,0.025980,-0.139446,0.369520,0.350551,-0.348702,0.520000,1.596839,2.588328,0.622255,-1.061352,-0.235757,-0.690745,0.528359,-0.992462,0.171316,-0.032421,0.022839,0.713709,1.313011,0.305601,-0.016213,-0.267362,-0.248865,-0.262255,1.029287,-0.840114
-1.263048,-1.006929,0.365677,0.028833,-0.152568,0.366301,0.342211,-0.335731,0.520000,1.620887,2.600962,0.613145,-1.128091,-0.261647,-0.711436,0.541942,-1.068262,0.184472,-0.025536,0.095231,0.698336,1.307213,0.253560,-0.006875,-0.268619,-0.242677,-0.264067,1.053632,-0.879419
-1.245438,-0.926574,0.377958,0.030805,-0.167079,0.342777,0.337356,-0.330001,0.520000,1.645504,2.594165,0.602508,-1.216424,-0.290618,-0.735860,0.560461,-1.149169,0.193618,-0.019910,0.169058,0.693007,1.302740,0.216803,-0.005409,-0.263748,-0.236189,-0.265528,1.076371,-0.917160
-1.227964,-0.841021,0.386855,0.029702,-0.180032,0.301114,0.342383,-0.338231,0.520000,1.677577,2.567230,0.590034,-1.316707,-0.327741,-0.751139,0.589177,-1.226939,0.196466,-0.012069,0.244262,0.695137,1.302281,0.197080,-0.011664,-0.246208,-0.236188,-0.275931,1.106157,-0.950941
-1.210558,-0.752869,0.394060,0.027061,-0.192206,0.250381,0.352351,-0.353441,0.520000,1.713379,2.530226,0.576641,-1.422965,-0.368941,-0.761846,0.622992,-1.303141,0.196166,-0.003121,0.320154,0.700994,1.303830,0.185874,-0.021780,-0.222333,-0.239432,-0.290806,1.139467,-0.982741
-1.199088,-0.724244,0.399276,0.016153,-0.216864,0.171462,0.348276,-0.377054,0.520000,1.715042,2.459888,0.563975,-1.519016,-0.382174,-0.664453,0.709998,-1.375099,0.179315,0.017570,0.405724,0.719881,1.304807,0.209299,-0.038316,-0.184278,-0.241679,-0.305097,1.162505,-1.003867
-1.185341,-0.669504,0.402760,0.009138,-0.228686,0.084511,0.347914,-0.414142,0.519496,1.722882,2.380085,0.544802,-1.606175,-0.403791,-0.582007,0.799691,-1.448479,0.161274,0.044418,0.490092,0.741725,1.302823,0.236385,-0.051604,-0.142874,-0.246830,-0.324548,1.181914,-1.019355
-1.167041,-0.562534,0.402780,0.009911,-0.214835,-0.018504,0.354975,-0.478180,0.517984,1.743077,2.281350,0.512618,-1.675552,-0.442175,-0.529458,0.894756,-1.524704,0.140855,0.083580,0.572054,0.769480,1.294916,0.270792,-0.058395,-0.094771,-0.257789,-0.354317,1.194065,-1.023565
-1.145727,-0.466485,0.392236,0.028276,-0.178526,-0.115581,0.360056,-0.553467,0.507638,1.761471,2.170449,0.473569,-1.713345,-0.471129,-0.452781,0.998429,-1.596309,0.117701,0.134951,0.630318,0.801415,1.281159,0.301688,-0.042765,-0.037341,-0.262241,-0.385329,1.200979,-1.014495
-1.122905,-0.375897,0.376409,0.055437,-0.130989,-0.209689,0.364146,-0.634378,0.492875,1.778965,2.053466,0.431087,-1.735345,-0.495367,-0.364041,1.106406,-1.665604,0.093179,0.192426,0.676735,0.835440,1.264476,0.330827,-0.015926,0.024752,-0.263439,-0.416965,1.205276,-0.998786
-1.123618,-0.322745,0.350199,0.113486,-0.074568,-0.284732,0.361305,-0.717283,0.464024,1.767424,1.937876,0.372615,-1.718922,-0.499558,-0.277488,1.219230,-1.727351,0.064589,0.234050,0.689417,0.868782,1.246793,0.369071,0.016972,0.095115,-0.255829,-0.430926,1.192361,-0.959660
-1.132843,-0.272566,0.319590,0.176666,-0.030542,-0.343687,0.360464,-0.794081,0.435297,1.753241,1.836918,0.311352,-1.697147,-0.497215,-0.194167,1.322863,-1.786817,0.039269,0.261800,0.698577,0.901524,1.230410,0.414702,0.042408,0.163476,-0.246373,-0.437850,1.174984,-0.913691
-1.159094,-0.228331,0.280180,0.250107,-0.011301,-0.370463,0.363626,-0.858668,0.406818,1.733773,1.765219,0.244509,-1.664667,-0.481804,-0.117309,1.408114,-1.841721,0.020490,0.261800,0.700695,0.933068,1.216628,0.475109,0.052921,0.227834,-0.233227,-0.430700,1.148682,-0.854035
-1.180208,-0.175335,0.238933,0.298000,-0.013853,-0.362458,0.355055,-0.875137,0.384083,1.688400,1.737434,0.178609,-1.632820,-0.470825,-0.094885,1.460818,-1.882355,0.017413,0.261800,0.694687,0.974009,1.208523,0.564060,0.054809,0.282888,-0.223287,-0.415520,1.130073,-0.782810
-1.198753,-0.117958,0.196768,0.333118,-0.027301,-0.337062,0.340617,-0.867546,0.364220,1.630074,1.731606,0.113182,-1.601288,-0.462061,-0.099678,1.497248,-1.915854,0.022186,0.261800,0.684616,1.019650,1.203255,0.667285,0.052385,0.333290,-0.214950,-0.396326,1.115309,-0.705800
-1.228496,-0.065157,0.167300,0.341888,-0.045294,-0.290493,0.320026,-0.828603,0.353160,1.561524,1.747720,0.055795,-1.588227,-0.445403,-0.102335,1.499465,-1.941899,0.019458,0.261800,0.660041,1.076916,1.193071,0.771782,0.036052,0.385421,-0.206177,-0.373138,1.110262,-0.633695
-1.264230,0.003228,0.137602,0.340932,-0.069834,-0.231822,0.289499,-0.761939,0.344440,1.468951,1.757726,-0.001607,-1.583192,-0.425906,-0.121861,1.494217,-1.978798,0.016144,0.261800,0.631779,1.154080,1.185029,0.879488,0.024322,0.429400,-0.194250,-0.343995,1.104290,-0.541236
-1.311947,0.102779,0.107442,0.320522,-0.107464,-0.148946,0.239102,-0.639833,0.340399,1.328333,1.755515,-0.059039,-1.594212,-0.400729,-0.175129,1.474035,-2.037405,0.011658,0.261800,0.596145,1.271038,1.181272,0.993613,0.021798,0.457073,-0.176019,-0.302941,1.096469,-0.408070
-1.367138,0.190049,0.073507,0.311826,-0.172888,-0.062463,0.190103,-0.510307,0.350850,1.231164,1.751270,-0.104156,-1.577622,-0.364785,-0.228925,1.448957,-2.101546,0.001698,0.261800,0.575872,1.346015,1.172590,1.084543,0.032039,0.441636,-0.155871,-0.260126,1.100266,-0.289442
-1.426066,0.271178,0.037684,0.308987,-0.252209,0.025823,0.141803,-0.377071,0.368546,1.155719,1.746007,-0.143116,-1.547228,-0.323457,-0.282986,1.421429,-2.168455,-0.011000,0.261800,0.563279,1.400000,1.161445,1.163877,0.048662,0.404644,-0.134765,-0.216431,1.109872,-0.178084
-1.453759,0.311332,-0.022469,0.337971,-0.379847,0.133752,0.086900,-0.264770,0.392017,1.112915,1.665402,-0.144225,-1.460473,-0.263618,-0.305327,1.368552,-2.217676,-0.041144,0.238537,0.581810,1.400000,1.167669,1.225644,0.073221,0.319731,-0.119567,-0.170282,1.120009,-0.066953
-1.488709,0.333050,-0.080999,0.382307,-0.512631,0.224371,0.021335,-0.176919,0.403135,1.089789,1.552167,-0.127412,-1.370692,-0.214885,-0.316519,1.319663,-2.250692,-0.075707,0.217784,0.606739,1.400000,1.170461,1.275842,0.095612,0.229615,-0.106973,-0.132965,1.139336,0.042561
-1.538169,0.317893,-0.136284,0.457344,-0.655707,0.280368,-0.065553,-0.137966,0.389548,1.106018,1.373669,-0.074756,-1.274861,-0.188366,-0.305414,1.278752,-2.251298,-0.119105,0.202052,0.644461,1.400000,1.166388,1.302899,0.113667,0.129092,-0.099586,-0.113310,1.177043,0.148842
-1.531503,0.266469,-0.239090,0.538028,-0.778891,0.353530,-0.151053,-0.087367,0.401517,1.085817,1.203209,-0.000495,-1.178545,-0.144522,-0.286173,1.239279,-2.239741,-0.171872,0.186825,0.707000,1.400000,1.186169,1.304994,0.114985,0.043521,-0.080702,-0.105430,1.205662,0.206152
-1.496775,0.196910,-0.365655,0.621535,-0.892129,0.435275,-0.235858,-0.030946,0.426263,1.047403,1.036767,0.084569,-1.081987,-0.092015,-0.262866,1.200524,-2.222103,-0.229323,0.171851,0.781947,1.400000,1.217879,1.294608,0.107934,-0.034574,-0.056069,-0.103438,1.229738,0.238976
-1.508751,0.146488,-0.475967,0.688701,-0.935554,0.408825,-0.287759,0.038007,0.405762,1.013806,0.903110,0.276753,-0.967917,-0.104531,-0.255836,1.221710,-2.140534,-0.248809,0.211140,0.915444,1.400000,1.237676,1.276226,0.105840,-0.062294,-0.068691,-0.116652,1.248850,0.259682
-1.496988,0.083134,-0.593218,0.734442,-0.970736,0.392972,-0.312936,0.094357,0.399800,1.002336,0.784203,0.442653,-0.855578,-0.124912,-0.240474,1.229596,-2.064501,-0.261800,0.242227,1.023997,1.400000,1.254175,1.260591,0.103168,-0.091000,-0.077767,-0.125770,1.257013,0.277677
-1.437747,-0.006082,-0.724344,0.737329,-0.989429,0.398314,-0.284666,0.125498,0.422915,1.035119,0.694797,0.555984,-0.746700,-0.161024,-0.208449,1.210884,-1.999539,-0.261800,0.256906,1.082666,1.400000,1.264077,1.250454,0.099339,-0.121677,-0.079750,-0.126693,1.243277,0.290249
-1.372155,-0.098795,-0.826983,0.715281,-0.978813,0.396549,-0.239294,0.146200,0.449601,1.039590,0.624030,0.638391,-0.646183,-0.227302,-0.188893,1.195253,-1.936455,-0.261800,0.261800,1.107729,1.400000,1.262036,1.239012,0.102727,-0.139442,-0.086120,-0.129485,1.219382,0.297655
-1.303387,-0.193256,-0.915378,0.680766,-0.953543,0.391232,-0.185369,0.161682,0.478073,1.029905,0.562582,0.705336,-0.549847,-0.308664,-0.175572,1.181164,-1.874310,-0.261800,0.261800,1.115988,1.400000,1.254023,1.226918,0.109723,-0.150749,-0.094684,-0.133212,1.190409,0.302477
-1.246071,-0.306829,-0.946846,0.597540,-0.890046,0.311209,-0.066665,0.182506,0.497563,1.040439,0.552277,0.761602,-0.423265,-0.422085,-0.205802,1.211700,-1.735892,-0.223848,0.261800,1.147167,1.385991,1.232397,1.173561,0.121392,-0.141475,-0.108210,-0.148656,1.198360,0.295981
-1.199619,-0.460656,-0.832034,0.513580,-0.801994,0.218225,0.039440,0.217184,0.512446,1.040940,0.598733,0.822258,-0.149927,-0.519579,-0.265556,1.373353,-1.437458,-0.189374,0.261800,1.228317,1.204657,1.200522,1.145064,0.122678,-0.150207,-0.119613,-0.150501,1.198136,0.238735
-1.187257,-0.577824,-0.628349,0.470867,-0.733413,0.158772,0.079893,0.248377,0.515278,1.031158,0.678721,0.856974,0.133496,-0.552399,-0.324958,1.585297,-1.128224,-0.175616,0.261800,1.318863,0.946665,1.174338,1.155675,0.112938,-0.172580,-0.123191,-0.137826,1.189849,0.159361
-1.174894,-0.694991,-0.424664,0.428155,-0.664831,0.099319,0.120345,0.279569,0.518111,1.021376,0.758710,0.891691,0.416920,-0.585220,-0.384360,1.797241,-0.818991,-0.161858,0.261800,1.409410,0.688673,1.148153,1.166286,0.103199,-0.194954,-0.126770,-0.125151,1.181561,0.079988
-1.109769,-0.773087,-0.278722,0.310569,-0.518571,0.034818,0.183423,0.254432,0.520000,0.926671,0.692501,0.993628,0.594656,-0.623379,-0.391630,2.027591,-0.598039,-0.121157,0.261800,1.503480,0.538343,1.183984,1.110378,0.066156,-0.199720,-0.121895,-0.130738,1.143539,-0.004744
-1.024444,-0.773064,-0.263494,0.176902,-0.367761,-0.002481,0.237587,0.185534,0.520000,0.794395,0.513200,1.111816,0.577835,-0.647797,-0.343134,2.161171,-0.575845,-0.073864,0.261800,1.554040,0.570839,1.263915,1.015905,0.020331,-0.184497,-0.111006,-0.151793,1.094794,-0.052470
-1.010168,-0.857366,-0.263210,0.110819,-0.263305,-0.090573,0.238410,0.162007,0.520000,0.778508,0.548632,1.134126,0.474052,-0.665957,-0.353359,2.209066,-0.489793,-0.056548,0.261800,1.521414,0.645660,1.288326,1.008100,-0.016227,-0.145491,-0.099766,-0.149228,1.008815,-0.079242
-1.001521,-0.938668,-0.283319,0.046274,-0.162176,-0.177713,0.240031,0.157652,0.520000,0.779289,0.603499,1.149000,0.350180,-0.682947,-0.366791,2.239472,-0.401536,-0.038954,0.261800,1.475648,0.705357,1.305217,1.007030,-0.039752,-0.090023,-0.090687,-0.148153,0.914460,-0.119322
-1.004134,-1.013970,-0.344214,-0.015195,-0.067701,-0.262949,0.243246,0.191642,0.520000,0.813407,0.697233,1.149000,0.186129,-0.697597,-0.386637,2.234901,-0.308868,-0.020802,0.261800,1.403602,0.734805,1.307071,1.019433,-0.037214,-0.001632,-0.085931,-0.150059,0.803352,-0.186015
-0.964349,-1.040679,-0.438244,-0.083139,0.010114,-0.357709,0.223799,0.230529,0.520000,0.793202,0.727492,1.149000,0.023166,-0.683555,-0.397855,2.143455,-0.219789,-0.015747,0.249823,1.313289,0.775765,1.228985,1.028608,-0.030542,0.104374,-0.089870,-0.169291,0.719136,-0.254216
-0.903365,-1.043090,-0.548841,-0.154322,0.079598,-0.457230,0.193021,0.271865,0.520000,0.745836,0.726013,1.149000,-0.139255,-0.655167,-0.404759,2.008572,-0.132505,-0.017241,0.231857,1.213842,0.822480,1.110929,1.036169,-0.021803,0.219188,-0.098155,-0.197185,0.648365,-0.323170
-0.818996,-1.023301,-0.585092,-0.227341,0.126691,-0.491972,0.149076,0.346328,0.520000,0.711052,0.727390,1.149000,-0.252039,-0.658702,-0.405992,1.949106,-0.092652,-0.008385,0.209530,1.109302,0.759611,0.941306,1.000457,-0.008930,0.290730,-0.115820,-0.213443,0.566498,-0.378438
-0.722292,-0.996335,-0.608913,-0.295983,0.164847,-0.516107,0.102408,0.405635,0.520000,0.680410,0.727923,1.148629,-0.363692,-0.658962,-0.401847,1.895269,-0.056147,-0.002415,0.188890,1.009048,0.690885,0.781979,0.967001,0.010132,0.325264,-0.134561,-0.222247,0.493634,-0.429117
-0.600920,-0.955014,-0.607874,-0.355870,0.185128,-0.519027,0.050293,0.434630,0.520000,0.658052,0.726770,1.147515,-0.473082,-0.652669,-0.386948,1.852688,-0.026337,-0.002217,0.171625,0.917367,0.610446,0.643243,0.938058,0.041570,0.285780,-0.155454,-0.216144,0.438772,-0.470619
-0.500834,-0.910631,-0.611535,-0.377721,0.187525,-0.513457,0.044103,0.453979,0.519998,0.683229,0.765792,1.139613,-0.570307,-0.653087,-0.394749,1.814618,-0.007568,0.002831,0.152259,0.861511,0.545772,0.555770,0.908772,0.062359,0.235635,-0.162223,-0.208552,0.403570,-0.497108
-0.471020,-0.895326,-0.613539,-0.378665,0.185343,-0.510186,0.049694,0.458821,0.519997,0.699544,0.785495,1.135848,-0.600688,-0.654344,-0.401133,1.802680,-0.003152,0.005322,0.145454,0.848864,0.526841,0.535156,0.898953,0.067514,0.217143,-0.162126,-0.205774,0.395113,-0.503436
-0.441206,-0.880021,-0.615543,-0.379610,0.183162,-0.506914,0.055284,0.463663,0.519997,0.715858,0.805199,1.132082,-0.631069,-0.655602,-0.407517,1.790741,0.001263,0.007814,0.138648,0.836216,0.507911,0.514542,0.889135,0.072669,0.198651,-0.162029,-0.202995,0.386655,-0.509763
-0.411392,-0.864716,-0.617547,-0.380554,0.180980,-0.503643,0.060875,0.468505,0.519996,0.732173,0.824902,1.128317,-0.661450,-0.656859,-0.413901,1.778803,0.005679,0.010305,0.131843,0.823569,0.488980,0.493928,0.879316,0.077824,0.180159,-0.161932,-0.200217,0.378198,-0.516091
-0.406398,-0.860568,-0.614106,-0.375718,0.177546,-0.453041,0.065226,0.463772,0.519996,0.744997,0.833932,1.016957,-0.665443,-0.657374,-0.418954,1.700829,-0.032403,0.010648,0.130566,0.726543,0.495459,0.518371,0.881839,0.094108,0.172114,-0.155551,-0.196220,0.390179,-0.521549
-0.401404,-0.856419,-0.610665,-0.370883,0.174111,-0.402438,0.069578,0.459038,0.519997,0.757821,0.842963,0.905596,-0.669435,-0.657888,-0.424007,1.622855,-0.070484,0.010991,0.129288,0.629516,0.501937,0.542813,0.884363,0.110392,0.164069,-0.149169,-0.192223,0.402161,-0.527006
-0.396410,-0.852271,-0.607224,-0.366047,0.170677,-0.351836,0.073929,0.454305,0.519997,0.770645,0.851993,0.794236,-0.673428,-0.658403,-0.429060,1.544881,-0.108566,0.011334,0.128011,0.532490,0.508416,0.567256,0.886886,0.126676,0.156024,-0.142788,-0.188226,0.414142,-0.532464
-0.391416,-0.848123,-0.603783,-0.361212,0.167243,-0.301233,0.078280,0.449571,0.519997,0.783469,0.861023,0.682875,-0.677420,-0.658918,-0.434113,1.466907,-0.146648,0.011677,0.126734,0.435464,0.514895,0.591698,0.889410,0.142960,0.147979,-0.136406,-0.184229,0.426123,-0.537922
-0.386423,-0.843975,-0.600343,-0.356376,0.163808,-0.250631,0.082631,0.444838,0.519997,0.796294,0.870053,0.571515,-0.681413,-0.659432,-0.439165,1.388933,-0.184730,0.012019,0.125457,0.338437,0.521373,0.616141,0.891933,0.159244,0.139935,-0.130025,-0.180231,0.438105,-0.543379
-0.381429,-0.839827,-0.596902,-0.351541,0.160374,-0.200028,0.086982,0.440104,0.519997,0.809118,0.879083,0.460154,-0.685405,-0.659947,-0.444218,1.310959,-0.222812,0.012362,0.124180,0.241411,0.527852,0.640583,0.894457,0.175528,0.131890,-0.123643,-0.176234,0.450086,-0.548837
-0.376435,-0.835679,-0.593461,-0.346705,0.156940,-0.149426,0.091333,0.435371,0.519997,0.821942,0.888113,0.348794,-0.689398,-0.660462,-0.449271,1.232985,-0.260894,0.012705,0.122903,0.144385,0.534331,0.665026,0.896980,0.191812,0.123845,-0.117262,-0.172237,0.462067,-0.554295
-0.371441,-0.831530,-0.590020,-0.341870,0.153505,-0.098823,0.095685,0.430637,0.519998,0.834766,0.897144,0.237433,-0.693390,-0.660976,-0.454324,1.155011,-0.298975,0.013048,0.121625,0.047358,0.540809,0.689468,0.899504,0.208096,0.115800,-0.110880,-0.168240,0.474049,-0.559752
-0.366447,-0.827382,-0.586579,-0.337034,0.150071,-0.048221,0.100036,0.425904,0.519998,0.847590,0.906174,0.126073,-0.697383,-0.661491,-0.459377,1.077037,-0.337057,0.013391,0.120348,-0.049668,0.547288,0.713911,0.902027,0.224380,0.107755,-0.104499,-0.164243,0.486030,-0.565210
-0.362567,-0.821968,-0.581051,-0.330488,0.145587,-0.012565,0.104467,0.419594,0.519962,0.859813,0.912050,0.048272,-0.700710,-0.660336,-0.463752,1.026663,-0.365051,0.013571,0.118439,-0.113368,0.549623,0.730330,0.901598,0.232555,0.103100,-0.101049,-0.161381,0.494789,-0.569271
-0.358688,-0.816555,-0.575524,-0.323943,0.141103,0.023090,0.108898,0.413285,0.519927,0.872037,0.917926,-0.029529,-0.704037,-0.659180,-0.468126,0.976288,-0.393046,0.013750,0.116531,-0.177068,0.551957,0.746749,0.901170,0.240730,0.098446,-0.097598,-0.158520,0.503547,-0.573331
-0.354808,-0.811141,-0.569996,-0.317397,0.136619,0.058746,0.113329,0.406975,0.519891,0.884260,0.923802,-0.107330,-0.707364,-0.658025,-0.472501,0.925914,-0.421040,0.013930,0.114622,-0.240768,0.554292,0.763168,0.900741,0.248905,0.093791,-0.094148,-0.155658,0.512306,-0.577392
-0.350929,-0.805727,-0.564469,-0.310851,0.132135,0.094402,0.117760,0.400665,0.519856,0.896483,0.929678,-0.185131,-0.710691,-0.656869,-0.476875,0.875540,-0.449034,0.014110,0.112713,-0.304468,0.556626,0.779587,0.900312,0.257080,0.089136,-0.090698,-0.152797,0.521064,-0.581452
-0.347049,-0.800314,-0.558941,-0.304305,0.127652,0.130058,0.122191,0.394355,0.519820,0.908707,0.935553,-0.262932,-0.714019,-0.655714,-0.481250,0.825165,-0.477028,0.014290,0.110804,-0.368169,0.558961,0.796007,0.899883,0.265254,0.084482,-0.087248,-0.149935,0.529823,-0.585513
-0.343170,-0.794900,-0.553414,-0.297759,0.123168,0.165714,0.126622,0.388045,0.519785,0.920930,0.941429,-0.340733,-0.717346,-0.654558,-0.485624,0.774791,-0.505022,0.014470,0.108895,-0.431869,0.561295,0.812426,0.899454,0.273429,0.079827,-0.083798,-0.147074,0.538581,-0.589573
-0.339290,-0.789486,-0.547886,-0.291213,0.118684,0.201370,0.131053,0.381735,0.519749,0.933153,0.947305,-0.418534,-0.720673,-0.653403,-0.489999,0.724417,-0.533016,0.014650,0.106986,-0.495569,0.563630,0.828845,0.899025,0.281604,0.075172,-0.080348,-0.144212,0.547340,-0.593634
-0.335411,-0.784073,-0.542359,-0.284668,0.114200,0.237025,0.135484,0.375426,0.519714,0.945377,0.953181,-0.496335,-0.724000,-0.652247,-0.494373,0.674042,-0.561011,0.014829,0.105078,-0.559269,0.565964,0.845264,0.898597,0.289779,0.070518,-0.076897,-0.141351,0.556098,-0.597694
-0.331531,-0.778659,-0.536831,-0.278122,0.109716,0.272681,0.139915,0.369116,0.519678,0.957600,0.959057,-0.574136,-0.727327,-0.651092,-0.498748,0.623668,-0.589005,0.015009,0.103169,-0.622969,0.568299,0.861683,0.898168,0.297954,0.065863,-0.073447,-0.138489,0.564857,-0.601755
-0.326579,-0.754826,-0.507727,-0.248222,0.089967,0.289969,0.153688,0.340729,0.519356,0.990665,0.957758,-0.606182,-0.733315,-0.637606,-0.507802,0.638144,-0.612463,0.014569,0.093654,-0.614113,0.550437,0.862800,0.879168,0.273824,0.072240,-0.080684,-0.136718,0.571796,-0.605554
-0.321626,-0.730992,-0.478624,-0.218323,0.070217,0.307258,0.167460,0.312341,0.519035,1.023730,0.956459,-0.638228,-0.739304,-0.624119,-0.516856,0.652619,-0.635921,0.014130,0.084140,-0.605257,0.532576,0.863916,0.860168,0.249693,0.078617,-0.087922,-0.134946,0.578734,-0.609352
-0.316674,-0.707159,-0.449520,-0.188423,0.050468,0.324546,0.181233,0.283954,0.518713,1.056795,0.955160,-0.670274,-0.745292,-0.610633,-0.525910,0.667095,-0.659379,0.013690,0.074625,-0.596401,0.514714,0.865033,0.841168,0.225563,0.084994,-0.095159,-0.133175,0.585673,-0.613151
-0.317351,-0.685144,-0.424936,-0.159088,0.033437,0.329604,0.191355,0.251809,0.512561,1.085308,0.957742,-0.695157,-0.753811,-0.604505,-0.536707,0.685000,-0.668089,0.015503,0.067379,-0.584395,0.511194,0.860146,0.833510,0.208070,0.079429,-0.103068,-0.131605,0.598955,-0.619926
-0.318029,-0.663130,-0.400353,-0.129752,0.016405,0.334663,0.201477,0.219664,0.506409,1.113820,0.960323,-0.720039,-0.762329,-0.598378,-0.547505,0.702905,-0.676799,0.017316,0.060134,-0.572390,0.507674,0.855259,0.825853,0.190576,0.073863,-0.110978,-0.130036,0.612237,-0.626702
-0.318706,-0.641115,-0.375769,-0.100417,-0.000626,0.339721,0.211599,0.187519,0.500257,1.142333,0.962905,-0.744922,-0.770848,-0.592250,-0.558302,0.720810,-0.685509,0.019129,0.052888,-0.560384,0.504154,0.850372,0.818195,0.173083,0.068298,-0.118887,-0.128466,0.625519,-0.633477
-0.322198,-0.620010,-0.353445,-0.071364,-0.016299,0.338665,0.219896,0.153495,0.491190,1.168570,0.967427,-0.766223,-0.780632,-0.589802,-0.569971,0.740430,-0.686845,0.022069,0.046777,-0.546803,0.507805,0.842483,0.816209,0.158908,0.056761,-0.127132,-0.126997,0.641973,-0.641741
-0.325691,-0.598906,-0.331120,-0.042310,-0.031971,0.337608,0.228194,0.119472,0.482123,1.194806,0.971950,-0.787523,-0.790417,-0.587353,-0.581640,0.760050,-0.688182,0.025009,0.040665,-0.533223,0.511456,0.834594,0.814222,0.144733,0.045225,-0.135377,-0.125528,0.658426,-0.650006
-0.329183,-0.577801,-0.308796,-0.013257,-0.047644,0.336552,0.236491,0.085448,0.473056,1.221043,0.976472,-0.808824,-0.800201,-0.584905,-0.593309,0.779670,-0.689518,0.027949,0.034554,-0.519642,0.515107,0.826705,0.812236,0.130558,0.033688,-0.143622,-0.124059,0.674880,-0.658270
-0.333688,-0.554329,-0.287490,0.011428,-0.064438,0.325342,0.244191,0.043778,0.460042,1.223967,0.977235,-0.827349,-0.806262,-0.595815,-0.597371,0.791374,-0.690947,0.034589,0.033196,-0.514967,0.517745,0.820680,0.804019,0.125915,0.031994,-0.151318,-0.130274,0.679404,-0.658585
-0.338193,-0.530858,-0.266183,0.036113,-0.081231,0.314131,0.251890,0.002108,0.447028,1.226891,0.977999,-0.845874,-0.812322,-0.606725,-0.601434,0.803079,-0.692375,0.041230,0.031839,-0.510292,0.520383,0.814654,0.795802,0.121273,0.030300,-0.159014,-0.136488,0.683927,-0.658901
-0.342698,-0.507386,-0.244877,0.060798,-0.098025,0.302921,0.259590,-0.039562,0.434014,1.229815,0.978762,-0.864399,-0.818383,-0.617635,-0.605496,0.814783,-0.693804,0.047870,0.030481,-0.505617,0.523021,0.808629,0.787585,0.116630,0.028606,-0.166710,-0.142703,0.688451,-0.659216
-0.347635,-0.486625,-0.225163,0.079531,-0.109686,0.291211,0.263882,-0.075022,0.423095,1.229198,0.977774,-0.883703,-0.824234,-0.625302,-0.607240,0.824379,-0.695367,0.052421,0.029812,-0.504012,0.524300,0.803736,0.781992,0.112683,0.028628,-0.172436,-0.147674,0.693955,-0.661394
-0.352572,-0.465865,-0.205448,0.098264,-0.121348,0.279501,0.268174,-0.110481,0.412175,1.228582,0.976786,-0.903007,-0.830086,-0.632968,-0.608985,0.833974,-0.696931,0.056972,0.029144,-0.502406,0.525578,0.798844,0.776400,0.108737,0.028649,-0.178163,-0.152646,0.699460,-0.663572
-0.357509,-0.445104,-0.185734,0.116997,-0.133009,0.267791,0.272466,-0.145941,0.401256,1.227965,0.975798,-0.922311,-0.835937,-0.640635,-0.610729,0.843570,-0.698494,0.061523,0.028475,-0.500801,0.526857,0.793951,0.770807,0.104790,0.028671,-0.183889,-0.157617,0.704964,-0.665750
-0.363310,-0.429766,-0.169203,0.123827,-0.134405,0.255082,0.269944,-0.168981,0.394525,1.220268,0.971308,-0.943174,-0.841371,-0.641814,-0.607836,0.848948,-0.700327,0.061895,0.029185,-0.505334,0.525417,0.791324,0.770463,0.102234,0.032124,-0.185677,-0.160101,0.712429,-0.671653
-0.369111,-0.414427,-0.152673,0.130657,-0.135801,0.242372,0.267421,-0.192020,0.387795,1.212570,0.966817,-0.964036,-0.846804,-0.642993,-0.604943,0.854326,-0.702160,0.062268,0.029896,-0.509866,0.523977,0.788697,0.770119,0.099679,0.035577,-0.187464,-0.162584,0.719895,-0.677557
-0.374912,-0.399089,-0.136142,0.137487,-0.137197,0.229663,0.264899,-0.215060,0.381064,1.204873,0.962327,-0.984899,-0.852238,-0.644172,-0.602050,0.859704,-0.703993,0.062640,0.030606,-0.514399,0.522537,0.786070,0.769775,0.097123,0.039030,-0.189252,-0.165068,0.727360,-0.683460
-0.379653,-0.387878,-0.124736,0.138524,-0.135201,0.218476,0.260799,-0.229209,0.374783,1.195689,0.956492,-0.998503,-0.856250,-0.645485,-0.598375,0.862974,-0.707802,0.060603,0.032193,-0.517923,0.521533,0.781765,0.768806,0.093687,0.041608,-0.191256,-0.167252,0.734850,-0.686136
-0.384394,-0.376667,-0.113329,0.139561,-0.133205,0.207288,0.256700,-0.243358,0.368503,1.186506,0.950657,-1.012108,-0.860261,-0.646798,-0.594701,0.866243,-0.711610,0.058565,0.033781,-0.521448,0.520528,0.777459,0.767837,0.090250,0.044185,-0.193260,-0.169436,0.742341,-0.688813
-0.389135,-0.365456,-0.101923,0.140598,-0.131209,0.196101,0.252600,-0.257507,0.362222,1.177322,0.944822,-1.025712,-0.864273,-0.648111,-0.591026,0.869513,-0.715419,0.056528,0.035368,-0.524972,0.519524,0.773154,0.766868,0.086814,0.046763,-0.195264,-0.171620,0.749831,-0.691489
-0.393346,-0.356309,-0.093079,0.138739,-0.127517,0.185674,0.247712,-0.267211,0.356166,1.167395,0.938314,-1.035687,-0.867574,-0.649491,-0.586961,0.871728,-0.720216,0.053286,0.037394,-0.527992,0.518738,0.768010,0.765587,0.082937,0.048903,-0.197376,-0.173654,0.757334,-0.692551
-0.397557,-0.347161,-0.084235,0.136879,-0.123824,0.175248,0.242823,-0.276916,0.350111,1.157468,0.931807,-1.045663,-0.870874,-0.650872,-0.582895,0.873943,-0.725012,0.050044,0.039420,-0.531013,0.517951,0.762865,0.764305,0.079061,0.051043,-0.199489,-0.175689,0.764838,-0.693614
-0.401768,-0.338014,-0.075391,0.135020,-0.120132,0.164821,0.237935,-0.286620,0.344055,1.147541,0.925299,-1.055638,-0.874175,-0.652252,-0.578830,0.876158,-0.729809,0.046802,0.041446,-0.534033,0.517165,0.757721,0.763024,0.075184,0.053183,-0.201601,-0.177723,0.772341,-0.694676
-0.405716,-0.329438,-0.067100,0.133277,-0.116670,0.155046,0.233352,-0.295718,0.338378,1.138234,0.919198,-1.064990,-0.877269,-0.653546,-0.575019,0.878235,-0.734306,0.043763,0.043345,-0.536865,0.516428,0.752898,0.761823,0.071550,0.055189,-0.203581,-0.179630,0.779375,-0.695672
-0.409663,-0.320863,-0.058808,0.131534,-0.113209,0.145271,0.228770,-0.304815,0.332700,1.128928,0.913097,-1.074342,-0.880364,-0.654840,-0.571207,0.880311,-0.738803,0.040723,0.045245,-0.539696,0.515690,0.748076,0.760621,0.067915,0.057196,-0.205562,-0.181538,0.786410,-0.696668
-0.413611,-0.312287,-0.050517,0.129791,-0.109747,0.135496,0.224187,-0.313913,0.327023,1.119621,0.906996,-1.083694,-0.883458,-0.656134,-0.567396,0.882388,-0.743300,0.037684,0.047144,-0.542528,0.514953,0.743253,0.759420,0.064281,0.059202,-0.207542,-0.183445,0.793444,-0.697664
-0.417296,-0.304283,-0.042779,0.128164,-0.106516,0.126373,0.219910,-0.322404,0.321724,1.110935,0.901302,-1.092422,-0.886346,-0.657342,-0.563839,0.884326,-0.747497,0.034847,0.048917,-0.545171,0.514265,0.738752,0.758299,0.060889,0.061074,-0.209390,-0.185225,0.800009,-0.698593
-0.420980,-0.296279,-0.035040,0.126537,-0.103286,0.117249,0.215632,-0.330896,0.316426,1.102249,0.895608,-1.101151,-0.889234,-0.658550,-0.560282,0.886264,-0.751694,0.032011,0.050689,-0.547813,0.513577,0.734250,0.757178,0.057497,0.062947,-0.211239,-0.187005,0.806575,-0.699523
-0.424665,-0.288275,-0.027302,0.124910,-0.100055,0.108126,0.211355,-0.339387,0.311127,1.093563,0.889914,-1.109879,-0.892122,-0.659758,-0.556725,0.888202,-0.755891,0.029174,0.052462,-0.550456,0.512889,0.729749,0.756057,0.054105,0.064819,-0.213087,-0.188785,0.813140,-0.700452
-0.428087,-0.280843,-0.020116,0.123399,-0.097055,0.099654,0.207383,-0.347272,0.306207,1.085497,0.884626,-1.117984,-0.894804,-0.660879,-0.553422,0.890002,-0.759788,0.026540,0.054108,-0.552910,0.512250,0.725569,0.755016,0.050955,0.066558,-0.214803,-0.190438,0.819237,-0.701315
-0.431508,-0.273411,-0.012930,0.121889,-0.094055,0.091183,0.203411,-0.355157,0.301287,1.077432,0.879339,-1.126089,-0.897486,-0.662001,-0.550118,0.891801,-0.763686,0.023905,0.055755,-0.555364,0.511612,0.721389,0.753975,0.047805,0.068297,-0.216520,-0.192090,0.825333,-0.702179
-0.434930,-0.265979,-0.005744,0.120378,-0.091055,0.082711,0.199439,-0.363042,0.296367,1.069366,0.874051,-1.134194,-0.900168,-0.663122,-0.546815,0.893601,-0.767583,0.021271,0.057401,-0.557818,0.510973,0.717209,0.752934,0.044655,0.070036,-0.218236,-0.193743,0.831430,-0.703042
-0.438088,-0.259118,0.000889,0.118983,-0.088286,0.074891,0.195773,-0.370320,0.291825,1.061921,0.869170,-1.141675,-0.902643,-0.664157,-0.543766,0.895262,-0.771180,0.018840,0.058920,-0.560083,0.510383,0.713351,0.751973,0.041748,0.071641,-0.219820,-0.195269,0.837057,-0.703839
-0.441246,-0.252258,0.007522,0.117589,-0.085516,0.067071,0.192107,-0.377598,0.287283,1.054475,0.864290,-1.149157,-0.905119,-0.665193,-0.540717,0.896924,-0.774778,0.016408,0.060440,-0.562349,0.509793,0.709493,0.751012,0.038840,0.073246,-0.221404,-0.196795,0.842685,-0.704635
-0.444404,-0.245397,0.014155,0.116194,-0.082747,0.059251,0.188441,-0.384876,0.282741,1.047030,0.859409,-1.156638,-0.907594,-0.666228,-0.537668,0.898585,-0.778375,0.013977,0.061959,-0.564614,0.509203,0.705635,0.750051,0.035933,0.074851,-0.222988,-0.198321,0.848312,-0.705432
-0.447299,-0.239108,0.020235,0.114916,-0.080209,0.052083,0.185080,-0.391548,0.278578,1.040205,0.854935,-1.163496,-0.909863,-0.667177,-0.534873,0.900108,-0.781673,0.011748,0.063352,-0.566690,0.508663,0.702098,0.749170,0.033268,0.076322,-0.224440,-0.199719,0.853471,-0.706162
-0.450195,-0.232820,0.026315,0.113637,-0.077670,0.044914,0.181719,-0.398220,0.274415,1.033381,0.850461,-1.170354,-0.912133,-0.668126,-0.532079,0.901630,-0.784970,0.009519,0.064745,-0.568767,0.508122,0.698561,0.748289,0.030602,0.077793,-0.225893,-0.201118,0.858629,-0.706893
-0.453090,-0.226531,0.032395,0.112359,-0.075132,0.037746,0.178358,-0.404892,0.270252,1.026556,0.845987,-1.177212,-0.914402,-0.669075,-0.529284,0.903153,-0.788268,0.007290,0.066138,-0.570843,0.507582,0.695024,0.747408,0.027937,0.079264,-0.227345,-0.202516,0.863788,-0.707623
-0.455722,-0.220814,0.037923,0.111197,-0.072824,0.031229,0.175303,-0.410957,0.266467,1.020352,0.841920,-1.183447,-0.916465,-0.669938,-0.526743,0.904537,-0.791266,0.005264,0.067404,-0.572731,0.507090,0.691809,0.746607,0.025514,0.080602,-0.228665,-0.203788,0.868478,-0.708287
-0.458353,-0.215097,0.043450,0.110035,-0.070517,0.024713,0.172248,-0.417022,0.262682,1.014147,0.837852,-1.189681,-0.918528,-0.670800,-0.524202,0.905922,-0.794264,0.003237,0.068671,-0.574618,0.506599,0.688594,0.745806,0.023091,0.081939,-0.229986,-0.205059,0.873167,-0.708951
-0.460985,-0.209380,0.048978,0.108873,-0.068209,0.018196,0.169193,-0.423087,0.258897,1.007943,0.833785,-1.195916,-0.920591,-0.671663,-0.521661,0.907306,-0.797262,0.001211,0.069937,-0.576506,0.506107,0.685379,0.745005,0.020668,0.083277,-0.231306,-0.206331,0.877857,-0.709615
-0.463354,-0.204234,0.053953,0.107827,-0.066132,0.012331,0.166443,-0.428546,0.255491,1.002359,0.830124,-1.201527,-0.922448,-0.672439,-0.519374,0.908552,-0.799960,-0.000612,0.071077,-0.578205,0.505665,0.682485,0.744284,0.018487,0.084481,-0.232494,-0.207475,0.882078,-0.710213
-0.465722,-0.199089,0.058927,0.106781,-0.064055,0.006466,0.163694,-0.434004,0.252084,0.996775,0.826464,-1.207139,-0.924304,-0.673216,-0.517088,0.909798,-0.802659,-0.002436,0.072216,-0.579904,0.505222,0.679592,0.743564,0.016307,0.085684,-0.233682,-0.208620,0.886298,-0.710810
-0.468091,-0.193943,0.063902,0.105735,-0.061978,0.000601,0.160944,-0.439463,0.248678,0.991191,0.822803,-1.212750,-0.926161,-0.673992,-0.514801,0.911044,-0.805357,-0.004259,0.073356,-0.581603,0.504780,0.676698,0.742843,0.014126,0.086888,-0.234870,-0.209764,0.890519,-0.711408
-0.470197,-0.189369,0.068324,0.104805,-0.060132,-0.004612,0.158500,-0.444315,0.245650,0.986227,0.819549,-1.217738,-0.927811,-0.674682,-0.512768,0.912152,-0.807755,-0.005880,0.074369,-0.583113,0.504387,0.674126,0.742202,0.012188,0.087958,-0.235926,-0.210781,0.894271,-0.711939
-0.472302,-0.184796,0.072746,0.103876,-0.058285,-0.009826,0.156055,-0.449168,0.242623,0.981264,0.816296,-1.222725,-0.929462,-0.675373,-0.510736,0.913259,-0.810154,-0.007501,0.075382,-0.584624,0.503994,0.671553,0.741562,0.010249,0.089028,-0.236983,-0.211798,0.898022,-0.712470
-0.474408,-0.180222,0.077168,0.102946,-0.056439,-0.015039,0.153611,-0.454020,0.239595,0.976300,0.813042,-1.227713,-0.931112,-0.676063,-0.508703,0.914367,-0.812552,-0.009122,0.076395,-0.586134,0.503601,0.668981,0.740921,0.008311,0.090098,-0.238039,-0.212815,0.901774,-0.713001
-0.476250,-0.176220,0.081037,0.102133,-0.054824,-0.019601,0.151472,-0.458266,0.236946,0.971957,0.810195,-1.232077,-0.932556,-0.676667,-0.506924,0.915336,-0.814650,-0.010541,0.077281,-0.587455,0.503257,0.666730,0.740360,0.006615,0.091034,-0.238963,-0.213705,0.905057,-0.713466
-0.478093,-0.172219,0.084907,0.101319,-0.053208,-0.024162,0.149334,-0.462511,0.234296,0.967614,0.807347,-1.236441,-0.934000,-0.677270,-0.505146,0.916305,-0.816749,-0.011959,0.078168,-0.588777,0.502913,0.664480,0.739800,0.004919,0.091971,-0.239887,-0.214595,0.908339,-0.713931
-0.479935,-0.168217,0.088776,0.100506,-0.051593,-0.028724,0.147195,-0.466757,0.231647,0.963271,0.804500,-1.240805,-0.935444,-0.677874,-0.503367,0.917274,-0.818847,-0.013378,0.079054,-0.590098,0.502569,0.662229,0.739239,0.003223,0.092907,-0.240811,-0.215485,0.911622,-0.714396
-0.481514,-0.164787,0.092092,0.099809,-0.050208,-0.032634,0.145362,-0.470396,0.229376,0.959548,0.802060,-1.244546,-0.936682,-0.678392,-0.501843,0.918105,-0.820646,-0.014594,0.079814,-0.591231,0.502274,0.660300,0.738759,0.001769,0.093709,-0.241603,-0.216248,0.914436,-0.714794
-0.483093,-0.161356,0.095409,0.099111,-0.048824,-0.036544,0.143529,-0.474035,0.227105,0.955826,0.799619,-1.248286,-0.937919,-0.678909,-0.500318,0.918935,-0.822444,-0.015809,0.080573,-0.592363,0.501979,0.658371,0.738278,0.000316,0.094512,-0.242396,-0.217011,0.917249,-0.715193
-0.484672,-0.157926,0.098725,0.098414,-0.047439,-0.040454,0.141696,-0.477674,0.224834,0.952103,0.797179,-1.252027,-0.939157,-0.679427,-0.498794,0.919766,-0.824243,-0.017025,0.081333,-0.593496,0.501684,0.656442,0.737798,-0.001138,0.095314,-0.243188,-0.217774,0.920063,-0.715591
-0.485988,-0.155067,0.101489,0.097833,-0.046285,-0.043712,0.140168,-0.480707,0.222942,0.949001,0.795145,-1.255144,-0.940188,-0.679858,-0.497523,0.920458,-0.825742,-0.018038,0.081966,-0.594440,0.501438,0.654834,0.737398,-0.002349,0.095983,-0.243848,-0.218410,0.922408,-0.715923
-0.487304,-0.152209,0.104253,0.097252,-0.045132,-0.046971,0.138641,-0.483739,0.221049,0.945899,0.793112,-1.258262,-0.941220,-0.680290,-0.496253,0.921150,-0.827241,-0.019051,0.082599,-0.595383,0.501193,0.653227,0.736997,-0.003561,0.096652,-0.244508,-0.219045,0.924752,-0.716255
-0.488620,-0.149350,0.107017,0.096671,-0.043978,-0.050229,0.137113,-0.486772,0.219157,0.942797,0.791078,-1.261379,-0.942251,-0.680721,-0.494982,0.921842,-0.828740,-0.020064,0.083232,-0.596327,0.500947,0.651619,0.736597,-0.004772,0.097321,-0.245168,-0.219681,0.927097,-0.716587
-0.489673,-0.147063,0.109228,0.096206,-0.043055,-0.052836,0.135891,-0.489198,0.217643,0.940315,0.789451,-1.263873,-0.943076,-0.681066,-0.493966,0.922396,-0.829939,-0.020875,0.083739,-0.597082,0.500750,0.650333,0.736277,-0.005741,0.097856,-0.245696,-0.220190,0.928973,-0.716852
-0.490725,-0.144777,0.111439,0.095742,-0.042131,-0.055442,0.134669,-0.491624,0.216129,0.937833,0.787825,-1.266367,-0.943902,-0.681412,-0.492949,0.922950,-0.831139,-0.021685,0.084245,-0.597838,0.500554,0.649047,0.735956,-0.006711,0.098391,-0.246224,-0.220698,0.930849,-0.717118
-0.491778,-0.142490,0.113650,0.095277,-0.041208,-0.058049,0.133447,-0.494050,0.214615,0.935351,0.786198,-1.268861,-0.944727,-0.681757,-0.491933,0.923504,-0.832338,-0.022496,0.084752,-0.598593,0.500357,0.647761,0.735636,-0.007680,0.098926,-0.246752,-0.221207,0.932725,-0.717383
-0.492568,-0.140775,0.115308,0.094928,-0.040516,-0.060004,0.132530,-0.495870,0.213480,0.933490,0.784978,-1.270731,-0.945346,-0.682016,-0.491171,0.923919,-0.833237,-0.023104,0.085132,-0.599159,0.500210,0.646796,0.735396,-0.008407,0.099327,-0.247148,-0.221588,0.934132,-0.717582
-0.493357,-0.139059,0.116966,0.094580,-0.039823,-0.061959,0.131614,-0.497689,0.212344,0.931628,0.783757,-1.272602,-0.945964,-0.682274,-0.490409,0.924335,-0.834137,-0.023711,0.085511,-0.599726,0.500062,0.645832,0.735155,-0.009133,0.099728,-0.247544,-0.221970,0.935538,-0.717782
-0.494147,-0.137344,0.118624,0.094231,-0.039131,-0.063914,0.130697,-0.499509,0.211209,0.929767,0.782537,-1.274472,-0.946583,-0.682533,-0.489647,0.924750,-0.835036,-0.024319,0.085891,-0.600292,0.499915,0.644867,0.734915,-0.009860,0.100129,-0.247940,-0.222351,0.936945,-0.717981
-0.494673,-0.136201,0.119730,0.093999,-0.038670,-0.065217,0.130086,-0.500722,0.210452,0.928526,0.781724,-1.275719,-0.946996,-0.682706,-0.489139,0.925027,-0.835636,-0.024724,0.086144,-0.600669,0.499817,0.644224,0.734755,-0.010345,0.100397,-0.248204,-0.222605,0.937883,-0.718114
-0.495200,-0.135057,0.120835,0.093766,-0.038208,-0.066521,0.129475,-0.501935,0.209695,0.927286,0.780910,-1.276966,-0.947408,-0.682878,-0.488630,0.925303,-0.836235,-0.025130,0.086398,-0.601047,0.499718,0.643581,0.734594,-0.010829,0.100664,-0.248468,-0.222860,0.938821,-0.718246
-0.495726,-0.133914,0.121941,0.093534,-0.037747,-0.067824,0.128864,-0.503148,0.208938,0.926045,0.780097,-1.278213,-0.947821,-0.683051,-0.488122,0.925580,-0.836835,-0.025535,0.086651,-0.601424,0.499620,0.642938,0.734434,-0.011314,0.100932,-0.248732,-0.223114,0.939759,-0.718379
-0.495989,-0.133342,0.122494,0.093418,-0.037516,-0.068476,0.128559,-0.503755,0.208560,0.925424,0.779690,-1.278836,-0.948027,-0.683137,-0.487868,0.925719,-0.837135,-0.025738,0.086778,-0.601613,0.499571,0.642616,0.734354,-0.011556,0.101066,-0.248864,-0.223241,0.940228,-0.718445
-0.496252,-0.132771,0.123046,0.093301,-0.037286,-0.069127,0.128253,-0.504361,0.208181,0.924804,0.779283,-1.279460,-0.948234,-0.683224,-0.487614,0.925857,-0.837434,-0.025940,0.086904,-0.601802,0.499522,0.642295,0.734274,-0.011799,0.101199,-0.248997,-0.223368,0.940697,-0.718512
-0.496515,-0.132199,0.123599,0.093185,-0.037055,-0.069779,0.127948,-0.504968,0.207803,0.924183,0.778876,-1.280083,-0.948440,-0.683310,-0.487360,0.925996,-0.837734,-0.026143,0.087031,-0.601991,0.499473,0.641973,0.734194,-0.012041,0.101333,-0.249129,-0.223495,0.941166,-0.718578
-0.496512,-0.132187,0.123592,0.093194,-0.037054,-0.069778,0.127946,-0.504966,0.207800,0.924164,0.778864,-1.280055,-0.948426,-0.683300,-0.487353,0.925982,-0.837718,-0.026143,0.087030,-0.601985,0.499474,0.641964,0.734183,-0.012038,0.101331,-0.249122,-0.223492,0.941152,-0.718567
-0.496510,-0.132175,0.123586,0.093202,-0.037054,-0.069777,0.127944,-0.504963,0.207796,0.924144,0.778853,-1.280026,-0.948411,-0.683289,-0.487345,0.925968,-0.837703,-0.026142,0.087028,-0.601978,0.499476,0.641954,0.734172,-0.012034,0.101330,-0.249115,-0.223488,0.941138,-0.718557
-0.496507,-0.132163,0.123579,0.093211,-0.037053,-0.069776,0.127942,-0.504961,0.207793,0.924125,0.778841,-1.279998,-0.948397,-0.683279,-0.487338,0.925954,-0.837687,-0.026142,0.087027,-0.601972,0.499477,0.641945,0.734161,-0.012031,0.101328,-0.249108,-0.223485,0.941124,-0.718546
-0.496488,-0.132081,0.123535,0.093270,-0.037049,-0.069769,0.127929,-0.504947,0.207772,0.923993,0.778761,-1.279806,-0.948300,-0.683209,-0.487288,0.925859,-0.837581,-0.026139,0.087018,-0.601931,0.499487,0.641879,0.734086,-0.012009,0.101318,-0.249062,-0.223462,0.941028,-0.718472
-0.496470,-0.131999,0.123490,0.093329,-0.037045,-0.069761,0.127915,-0.504932,0.207750,0.923862,0.778682,-1.279613,-0.948203,-0.683139,-0.487238,0.925764,-0.837475,-0.026137,0.087009,-0.601890,0.499498,0.641813,0.734010,-0.011988,0.101307,-0.249016,-0.223440,0.940931,-0.718399
-0.496451,-0.131917,0.123446,0.093388,-0.037041,-0.069754,0.127902,-0.504918,0.207729,0.923730,0.778602,-1.279421,-0.948106,-0.683069,-0.487188,0.925669,-0.837369,-0.026134,0.087000,-0.601849,0.499508,0.641747,0.733935,-0.011966,0.101297,-0.248970,-0.223417,0.940835,-0.718325
-0.496401,-0.131702,0.123329,0.093543,-0.037031,-0.069735,0.127868,-0.504880,0.207673,0.923384,0.778393,-1.278916,-0.947851,-0.682885,-0.487057,0.925420,-0.837090,-0.026127,0.086977,-0.601741,0.499535,0.641575,0.733738,-0.011909,0.101270,-0.248849,-0.223357,0.940582,-0.718132
-0.496352,-0.131486,0.123212,0.093697,-0.037022,-0.069717,0.127833,-0.504841,0.207618,0.923039,0.778183,-1.278411,-0.947597,-0.682702,-0.486927,0.925172,-0.836811,-0.026120,0.086953,-0.601633,0.499562,0.641402,0.733541,-0.011852,0.101243,-0.248729,-0.223297,0.940329,-0.717939
-0.496302,-0.131271,0.123095,0.093852,-0.037012,-0.069698,0.127799,-0.504803,0.207562,0.922693,0.777974,-1.277906,-0.947342,-0.682518,-0.486796,0.924923,-0.836532,-0.026113,0.086930,-0.601525,0.499589,0.641230,0.733344,-0.011795,0.101216,-0.248608,-0.223237,0.940076,-0.717746
-0.496209,-0.130866,0.122875,0.094143,-0.036993,-0.069663,0.127734,-0.504731,0.207457,0.922042,0.777580,-1.276956,-0.946862,-0.682173,-0.486550,0.924455,-0.836008,-0.026100,0.086886,-0.601322,0.499640,0.640905,0.732973,-0.011688,0.101165,-0.248381,-0.223124,0.939600,-0.717383
-0.496115,-0.130461,0.122654,0.094434,-0.036974,-0.069627,0.127670,-0.504660,0.207352,0.921392,0.777187,-1.276005,-0.946383,-0.681827,-0.486303,0.923987,-0.835483,-0.026086,0.086842,-0.601118,0.499690,0.640581,0.732601,-0.011581,0.101113,-0.248154,-0.223011,0.939125,-0.717020
-0.496022,-0.130056,0.122434,0.094725,-0.036955,-0.069592,0.127605,-0.504588,0.207247,0.920741,0.776793,-1.275055,-0.945903,-0.681482,-0.486057,0.923519,-0.834959,-0.026073,0.086798,-0.600915,0.499741,0.640256,0.732230,-0.011474,0.101062,-0.247927,-0.222898,0.938649,-0.716657
-0.495874,-0.129412,0.122084,0.095188,-0.036925,-0.069536,0.127502,-0.504474,0.207080,0.919706,0.776167,-1.273543,-0.945140,-0.680932,-0.485665,0.922774,-0.834124,-0.026052,0.086728,-0.600592,0.499822,0.639740,0.731640,-0.011303,0.100980,-0.247566,-0.222718,0.937892,-0.716079
-0.495725,-0.128767,0.121733,0.095652,-0.036896,-0.069480,0.127400,-0.504359,0.206912,0.918670,0.775540,-1.272030,-0.944378,-0.680383,-0.485272,0.922029,-0.833289,-0.026031,0.086658,-0.600268,0.499903,0.639223,0.731049,-0.011133,0.100899,-0.247204,-0.222538,0.937135,-0.715501
-0.495577,-0.128123,0.121383,0.096115,-0.036866,-0.069424,0.127297,-0.504245,0.206745,0.917635,0.774914,-1.270518,-0.943615,-0.679833,-0.484880,0.921284,-0.832454,-0.026010,0.086588,-0.599945,0.499984,0.638707,0.730459,-0.010962,0.100817,-0.246843,-0.222358,0.936378,-0.714923
-0.495363,-0.127196,0.120879,0.096781,-0.036823,-0.069343,0.127149,-0.504081,0.206505,0.916145,0.774012,-1.268342,-0.942517,-0.679042,-0.484316,0.920212,-0.831253,-0.025980,0.086487,-0.599480,0.500100,0.637964,0.729609,-0.010717,0.100700,-0.246323,-0.222099,0.935289,-0.714091
-0.495150,-0.126268,0.120374,0.097448,-0.036780,-0.069263,0.127000,-0.503916,0.206264,0.914655,0.773111,-1.266165,-0.941419,-0.678251,-0.483752,0.919141,-0.830052,-0.025949,0.086387,-0.599014,0.500217,0.637221,0.728759,-0.010471,0.100583,-0.245804,-0.221841,0.934199,-0.713259
-0.494936,-0.125341,0.119870,0.098114,-0.036737,-0.069182,0.126852,-0.503752,0.206024,0.913165,0.772209,-1.263989,-0.940321,-0.677460,-0.483188,0.918069,-0.828851,-0.025919,0.086286,-0.598549,0.500333,0.636478,0.727909,-0.010226,0.100466,-0.245284,-0.221582,0.933110,-0.712427
-0.494649,-0.124094,0.119192,0.099010,-0.036679,-0.069073,0.126653,-0.503531,0.205700,0.911161,0.770997,-1.261062,-0.938845,-0.676396,-0.482429,0.916627,-0.827235,-0.025878,0.086151,-0.597923,0.500490,0.635479,0.726766,-0.009896,0.100308,-0.244585,-0.221234,0.931645,-0.711308
-0.494361,-0.122846,0.118514,0.099907,-0.036622,-0.068965,0.126454,-0.503310,0.205377,0.909158,0.769784,-1.258136,-0.937368,-0.675333,-0.481671,0.915186,-0.825620,-0.025838,0.086015,-0.597298,0.500646,0.634479,0.725623,-0.009566,0.100150,-0.243885,-0.220887,0.930179,-0.710190
-0.494074,-0.121599,0.117836,0.100803,-0.036564,-0.068856,0.126255,-0.503089,0.205053,0.907154,0.768572,-1.255209,-0.935892,-0.674269,-0.480912,0.913744,-0.824004,-0.025797,0.085880,-0.596672,0.500803,0.633480,0.724480,-0.009236,0.099992,-0.243186,-0.220539,0.928714,-0.709071
-0.493706,-0.120000,0.116967,0.101952,-0.036490,-0.068717,0.126000,-0.502806,0.204638,0.904586,0.767018,-1.251458,-0.934000,-0.672906,-0.479940,0.911897,-0.821934,-0.025745,0.085706,-0.595870,0.501003,0.632199,0.723015,-0.008813,0.099790,-0.242290,-0.220093,0.926836,-0.707637
-0.493338,-0.118402,0.116098,0.103101,-0.036416,-0.068577,0.125744,-0.502522,0.204224,0.902017,0.765464,-1.247707,-0.932107,-0.671542,-0.478967,0.910049,-0.819863,-0.025693,0.085533,-0.595068,0.501204,0.630918,0.721551,-0.008389,0.099588,-0.241394,-0.219647,0.924959,-0.706204
-0.492970,-0.116803,0.115229,0.104250,-0.036342,-0.068438,0.125489,-0.502239,0.203809,0.899449,0.763910,-1.243956,-0.930215,-0.670179,-0.477995,0.908202,-0.817793,-0.025641,0.085359,-0.594266,0.501404,0.629637,0.720086,-0.007966,0.099386,-0.240498,-0.219201,0.923081,-0.704770
-0.492515,-0.114828,0.114155,0.105670,-0.036251,-0.068266,0.125174,-0.501889,0.203297,0.896276,0.761990,-1.239321,-0.927877,-0.668494,-0.476793,0.905919,-0.815235,-0.025576,0.085144,-0.593275,0.501652,0.628054,0.718276,-0.007443,0.099136,-0.239391,-0.218650,0.920761,-0.702999
-0.492060,-0.112853,0.113081,0.107089,-0.036159,-0.068094,0.124858,-0.501539,0.202784,0.893102,0.760069,-1.234685,-0.925538,-0.666810,-0.475592,0.903636,-0.812676,-0.025512,0.084930,-0.592284,0.501900,0.626472,0.716466,-0.006921,0.098886,-0.238283,-0.218099,0.918440,-0.701227
-0.491605,-0.110878,0.112007,0.108509,-0.036068,-0.067922,0.124543,-0.501189,0.202272,0.889929,0.758149,-1.230050,-0.923200,-0.665125,-0.474390,0.901353,-0.810118,-0.025447,0.084715,-0.591293,0.502148,0.624889,0.714656,-0.006398,0.098636,-0.237176,-0.217548,0.916120,-0.699456
-0.491059,-0.108506,0.110717,0.110214,-0.035958,-0.067715,0.124164,-0.500769,0.201657,0.886118,0.755843,-1.224484,-0.920392,-0.663102,-0.472947,0.898611,-0.807046,-0.025370,0.084457,-0.590103,0.502446,0.622988,0.712482,-0.005770,0.098336,-0.235846,-0.216886,0.913333,-0.697328
-0.490512,-0.106133,0.109428,0.111918,-0.035849,-0.067509,0.123785,-0.500349,0.201042,0.882307,0.753537,-1.218918,-0.917584,-0.661079,-0.471505,0.895870,-0.803973,-0.025292,0.084200,-0.588912,0.502743,0.621088,0.710309,-0.005143,0.098036,-0.234517,-0.216225,0.910547,-0.695201
-0.489966,-0.103761,0.108138,0.113623,-0.035739,-0.067302,0.123406,-0.499929,0.200427,0.878496,0.751231,-1.213352,-0.914776,-0.659056,-0.470062,0.893128,-0.800901,-0.025215,0.083942,-0.587722,0.503041,0.619187,0.708135,-0.004515,0.097736,-0.233187,-0.215563,0.907760,-0.693073
-0.489325,-0.100977,0.106624,0.115624,-0.035610,-0.067060,0.122961,-0.499436,0.199705,0.874024,0.748525,-1.206819,-0.911481,-0.656682,-0.468369,0.889911,-0.797295,-0.025124,0.083640,-0.586325,0.503390,0.616957,0.705584,-0.003778,0.097384,-0.231627,-0.214786,0.904490,-0.690576
-0.488684,-0.098194,0.105111,0.117624,-0.035482,-0.066817,0.122517,-0.498942,0.198983,0.869551,0.745818,-1.200287,-0.908185,-0.654308,-0.466675,0.886693,-0.793690,-0.025034,0.083337,-0.584929,0.503739,0.614726,0.703033,-0.003042,0.097032,-0.230066,-0.214010,0.901220,-0.688080
-0.488043,-0.095410,0.103597,0.119625,-0.035353,-0.066575,0.122072,-0.498449,0.198261,0.865079,0.743112,-1.193754,-0.904890,-0.651934,-0.464982,0.883476,-0.790084,-0.024943,0.083035,-0.583532,0.504088,0.612496,0.700482,-0.002305,0.096680,-0.228506,-0.213233,0.897950,-0.685583
-0.487305,-0.092205,0.101854,0.121929,-0.035205,-0.066296,0.121560,-0.497881,0.197430,0.859929,0.739996,-1.186232,-0.901095,-0.649200,-0.463032,0.879771,-0.785932,-0.024838,0.082687,-0.581924,0.504490,0.609927,0.697544,-0.001457,0.096275,-0.226709,-0.212339,0.894185,-0.682708
-0.486566,-0.088999,0.100112,0.124232,-0.035056,-0.066016,0.121049,-0.497313,0.196598,0.854780,0.736880,-1.178711,-0.897301,-0.646466,-0.461082,0.876067,-0.781780,-0.024734,0.082338,-0.580315,0.504893,0.607359,0.694607,-0.000608,0.095869,-0.224912,-0.211445,0.890419,-0.679833
-0.485828,-0.085794,0.098369,0.126536,-0.034908,-0.065737,0.120537,-0.496745,0.195767,0.849630,0.733764,-1.171189,-0.893506,-0.643732,-0.459132,0.872362,-0.777628,-0.024629,0.081990,-0.578707,0.505295,0.604790,0.691669,0.000240,0.095464,-0.223115,-0.210551,0.886654,-0.676958
-0.484992,-0.082161,0.096394,0.129147,-0.034740,-0.065421,0.119957,-0.496101,0.194825,0.843794,0.730233,-1.162665,-0.889206,-0.640634,-0.456922,0.868164,-0.772923,-0.024510,0.081595,-0.576885,0.505751,0.601880,0.688341,0.001201,0.095005,-0.221079,-0.209538,0.882387,-0.673700
-0.484155,-0.078529,0.094419,0.131757,-0.034572,-0.065104,0.119377,-0.495458,0.193882,0.837959,0.726701,-1.154141,-0.884906,-0.637536,-0.454713,0.863965,-0.768219,-0.024392,0.081201,-0.575062,0.506206,0.598969,0.685012,0.002163,0.094545,-0.219042,-0.208524,0.878120,-0.670443
-0.483319,-0.074896,0.092444,0.134368,-0.034404,-0.064788,0.118797,-0.494814,0.192940,0.832123,0.723170,-1.145617,-0.880606,-0.634438,-0.452503,0.859767,-0.763514,-0.024273,0.080806,-0.573240,0.506662,0.596059,0.681684,0.003124,0.094086,-0.217006,-0.207511,0.873853,-0.667185
-0.481916,-0.068806,0.089133,0.138745,-0.034123,-0.064257,0.117824,-0.493735,0.191360,0.822338,0.717249,-1.131326,-0.873397,-0.629244,-0.448798,0.852729,-0.755626,-0.024074,0.080145,-0.570184,0.507427,0.591179,0.676103,0.004736,0.093315,-0.213592,-0.205812,0.866699,-0.661723
-0.480514,-0.062716,0.085822,0.143122,-0.033841,-0.063727,0.116851,-0.492656,0.189781,0.812554,0.711329,-1.117035,-0.866188,-0.624050,-0.445094,0.845690,-0.747738,-0.023876,0.079483,-0.567128,0.508191,0.586299,0.670522,0.006348,0.092545,-0.210178,-0.204113,0.859544,-0.656261
-0.478965,-0.055989,0.082165,0.147956,-0.033530,-0.063142,0.115777,-0.491464,0.188036,0.801747,0.704790,-1.101250,-0.858225,-0.618313,-0.441002,0.837915,-0.739025,-0.023657,0.078753,-0.563753,0.509035,0.580909,0.664357,0.008129,0.091694,-0.206408,-0.202236,0.851642,-0.650227
-0.477415,-0.049262,0.078508,0.152791,-0.033219,-0.062556,0.114703,-0.490272,0.186292,0.790940,0.698251,-1.085465,-0.850262,-0.612576,-0.436911,0.830140,-0.730312,-0.023437,0.078022,-0.560378,0.509879,0.575519,0.658193,0.009909,0.090843,-0.202637,-0.200360,0.843741,-0.644194
-0.475722,-0.041910,0.074511,0.158075,-0.032879,-0.061915,0.113529,-0.488969,0.184385,0.779128,0.691103,-1.068213,-0.841558,-0.606305,-0.432439,0.821643,-0.720789,-0.023197,0.077224,-0.556689,0.510801,0.569628,0.651456,0.011855,0.089913,-0.198516,-0.198309,0.835104,-0.637600
-0.474029,-0.034558,0.070513,0.163359,-0.032539,-0.061275,0.112355,-0.487666,0.182478,0.767316,0.683956,-1.050960,-0.832855,-0.600035,-0.427966,0.813146,-0.711267,-0.022957,0.076425,-0.553000,0.511724,0.563737,0.644719,0.013800,0.088984,-0.194394,-0.196258,0.826467,-0.631006
-0.472195,-0.026597,0.066185,0.169081,-0.032170,-0.060581,0.111084,-0.486256,0.180413,0.754526,0.676216,-1.032278,-0.823431,-0.593245,-0.423123,0.803945,-0.700956,-0.022697,0.075560,-0.549006,0.512722,0.557358,0.637424,0.015907,0.087977,-0.189931,-0.194037,0.817115,-0.623866
-0.470362,-0.018636,0.061857,0.174802,-0.031802,-0.059888,0.109812,-0.484845,0.178348,0.741736,0.668477,-1.013597,-0.814007,-0.586456,-0.418281,0.794743,-0.690644,-0.022437,0.074695,-0.545012,0.513721,0.550979,0.630128,0.018014,0.086970,-0.185468,-0.191817,0.807764,-0.616726
-0.468394,-0.010087,0.057209,0.180946,-0.031407,-0.059144,0.108447,-0.483330,0.176131,0.728003,0.660167,-0.993538,-0.803888,-0.579165,-0.413081,0.784863,-0.679572,-0.022158,0.073766,-0.540723,0.514794,0.544129,0.622295,0.020276,0.085889,-0.180677,-0.189433,0.797723,-0.609059
-0.466425,-0.001539,0.052562,0.187089,-0.031012,-0.058399,0.107082,-0.481815,0.173914,0.714270,0.651857,-0.973479,-0.793768,-0.571875,-0.407881,0.774984,-0.668500,-0.021880,0.072838,-0.536434,0.515867,0.537280,0.614462,0.022539,0.084808,-0.175885,-0.187048,0.787681,-0.601393
-0.464327,0.007569,0.047609,0.193636,-0.030590,-0.057606,0.105627,-0.480201,0.171552,0.699636,0.643003,-0.952105,-0.782986,-0.564107,-0.402340,0.764456,-0.656702,-0.021582,0.071849,-0.531864,0.517009,0.529982,0.606115,0.024949,0.083656,-0.170779,-0.184507,0.776981,-0.593223
-0.462229,0.016678,0.042657,0.200182,-0.030169,-0.056813,0.104173,-0.478587,0.169189,0.685002,0.634148,-0.930731,-0.772203,-0.556339,-0.396800,0.753929,-0.644905,-0.021285,0.070859,-0.527294,0.518152,0.522684,0.597768,0.027360,0.082504,-0.165673,-0.181966,0.766281,-0.585054
-0.460009,0.026316,0.037417,0.207109,-0.029723,-0.055974,0.102634,-0.476880,0.166689,0.669518,0.624779,-0.908114,-0.760794,-0.548119,-0.390937,0.742790,-0.632421,-0.020970,0.069812,-0.522458,0.519362,0.514961,0.588936,0.029910,0.081285,-0.160270,-0.179277,0.754959,-0.576410
-0.457790,0.035954,0.032177,0.214035,-0.029278,-0.055134,0.101094,-0.475172,0.164190,0.654034,0.615409,-0.885498,-0.749385,-0.539899,-0.385075,0.731651,-0.619938,-0.020656,0.068765,-0.517622,0.520571,0.507238,0.580104,0.032461,0.080066,-0.154867,-0.176589,0.743637,-0.567766
-0.455456,0.046086,0.026668,0.221317,-0.028809,-0.054252,0.099476,-0.473376,0.161562,0.637755,0.605559,-0.861722,-0.737391,-0.531257,-0.378912,0.719941,-0.606815,-0.020325,0.067665,-0.512539,0.521842,0.499119,0.570819,0.035143,0.078785,-0.149187,-0.173762,0.731735,-0.558679
-0.453123,0.056218,0.021159,0.228599,-0.028340,-0.053369,0.097858,-0.471581,0.158934,0.621477,0.595709,-0.837945,-0.725396,-0.522616,-0.372748,0.708230,-0.593691,-0.019995,0.066564,-0.507455,0.523113,0.491001,0.561534,0.037825,0.077503,-0.143507,-0.170936,0.719833,-0.549591
-0.450684,0.066806,0.015403,0.236208,-0.027851,-0.052447,0.096168,-0.469705,0.156188,0.604467,0.585416,-0.813100,-0.712862,-0.513586,-0.366308,0.695993,-0.579978,-0.019650,0.065414,-0.502142,0.524442,0.482518,0.551832,0.040627,0.076163,-0.137572,-0.167983,0.707395,-0.540095
-0.448246,0.077394,0.009647,0.243818,-0.027361,-0.051525,0.094477,-0.467829,0.153442,0.587458,0.575123,-0.788255,-0.700329,-0.504556,-0.359867,0.683756,-0.566264,-0.019304,0.064264,-0.496830,0.525770,0.474034,0.542130,0.043429,0.074824,-0.131637,-0.165029,0.694958,-0.530599
-0.445712,0.088395,0.003666,0.251724,-0.026853,-0.050567,0.092720,-0.465880,0.150589,0.569784,0.564428,-0.762441,-0.687307,-0.495174,-0.353175,0.671042,-0.552015,-0.018945,0.063069,-0.491310,0.527150,0.465220,0.532049,0.046340,0.073433,-0.125470,-0.161961,0.682035,-0.520733
-0.443179,0.099396,-0.002315,0.259630,-0.026344,-0.049609,0.090963,-0.463930,0.147735,0.552110,0.553734,-0.736626,-0.674284,-0.485792,-0.346484,0.658327,-0.537766,-0.018586,0.061874,-0.485791,0.528531,0.456405,0.521968,0.049252,0.072042,-0.119303,-0.158892,0.669112,-0.510866
-0.440561,0.110765,-0.008497,0.267801,-0.025818,-0.048618,0.089148,-0.461916,0.144786,0.533845,0.542682,-0.709947,-0.660826,-0.476096,-0.339568,0.645187,-0.523041,-0.018215,0.060639,-0.480087,0.529957,0.447295,0.511549,0.052261,0.070604,-0.112930,-0.155720,0.655757,-0.500669
-0.437943,0.122134,-0.014678,0.275972,-0.025292,-0.047628,0.087332,-0.459901,0.141838,0.515580,0.531630,-0.683269,-0.647367,-0.466400,-0.332652,0.632047,-0.508316,-0.017844,0.059404,-0.474383,0.531384,0.438185,0.501131,0.055269,0.069166,-0.106557,-0.152549,0.642402,-0.490473
-0.435251,0.133823,-0.021033,0.284373,-0.024751,-0.046610,0.085465,-0.457830,0.138806,0.496800,0.520266,-0.655840,-0.633530,-0.456430,-0.325542,0.618537,-0.493175,-0.017462,0.058134,-0.468518,0.532851,0.428819,0.490420,0.058363,0.067688,-0.100004,-0.149288,0.628671,-0.479989
-0.432559,0.145512,-0.027388,0.292774,-0.024211,-0.045592,0.083598,-0.455759,0.135774,0.478021,0.508903,-0.628410,-0.619692,-0.446461,-0.318432,0.605027,-0.478035,-0.017081,0.056864,-0.462653,0.534317,0.419453,0.479708,0.061457,0.066209,-0.093452,-0.146028,0.614940,-0.469505
-0.429805,0.157471,-0.033890,0.301369,-0.023657,-0.044550,0.081688,-0.453639,0.132672,0.458807,0.497277,-0.600345,-0.605535,-0.436261,-0.311157,0.591205,-0.462545,-0.016691,0.055565,-0.456653,0.535818,0.409870,0.468749,0.064622,0.064697,-0.086748,-0.142691,0.600891,-0.458779
-0.427050,0.169431,-0.040393,0.309964,-0.023104,-0.043509,0.079779,-0.451520,0.129570,0.439593,0.485650,-0.572281,-0.591377,-0.426062,-0.303882,0.577383,-0.447055,-0.016301,0.054266,-0.450652,0.537318,0.400287,0.457789,0.067787,0.063184,-0.080043,-0.139355,0.586842,-0.448053
-0.424245,0.181609,-0.047014,0.318717,-0.022541,-0.042449,0.077834,-0.449362,0.126412,0.420028,0.473812,-0.543705,-0.576961,-0.415675,-0.296474,0.563308,-0.431281,-0.015904,0.052943,-0.444542,0.538846,0.390529,0.446630,0.071010,0.061644,-0.073217,-0.135958,0.572537,-0.437130
-0.421441,0.193787,-0.053635,0.327469,-0.021978,-0.041388,0.075889,-0.447205,0.123253,0.400463,0.461973,-0.515128,-0.562545,-0.405289,-0.289066,0.549233,-0.415508,-0.015506,0.051620,-0.438431,0.540374,0.380772,0.435470,0.074233,0.060103,-0.066390,-0.132561,0.558231,-0.426208
-0.418598,0.206130,-0.060346,0.336340,-0.021407,-0.040313,0.073918,-0.445018,0.120052,0.380633,0.449974,-0.486164,-0.547933,-0.394762,-0.281558,0.534967,-0.399521,-0.015104,0.050280,-0.432238,0.541923,0.370881,0.424159,0.077499,0.058542,-0.059471,-0.129118,0.543732,-0.415138
-0.415756,0.218474,-0.067056,0.345211,-0.020836,-0.039238,0.071947,-0.442830,0.116850,0.360803,0.437974,-0.457199,-0.533322,-0.384235,-0.274050,0.520701,-0.383533,-0.014701,0.048939,-0.426045,0.543472,0.360991,0.412848,0.080766,0.056981,-0.052552,-0.125675,0.529232,-0.404068
-0.412888,0.230928,-0.073827,0.354162,-0.020260,-0.038153,0.069958,-0.440624,0.113620,0.340795,0.425867,-0.427975,-0.518579,-0.373613,-0.266475,0.506308,-0.367402,-0.014294,0.047586,-0.419797,0.545034,0.351013,0.401436,0.084062,0.055406,-0.045570,-0.122201,0.514603,-0.392898
-0.410020,0.243382,-0.080598,0.363112,-0.019684,-0.037068,0.067969,-0.438417,0.110390,0.320786,0.413760,-0.398751,-0.503837,-0.362992,-0.258899,0.491914,-0.351272,-0.013888,0.046233,-0.413548,0.546597,0.341034,0.390024,0.087358,0.053831,-0.038589,-0.118727,0.499973,-0.381728
-0.407139,0.255891,-0.087399,0.372103,-0.019105,-0.035978,0.065972,-0.436200,0.107146,0.300689,0.401599,-0.369397,-0.489028,-0.352324,-0.251289,0.477456,-0.335070,-0.013479,0.044874,-0.407272,0.548167,0.331010,0.378560,0.090668,0.052249,-0.031577,-0.115237,0.485278,-0.370509
-0.404258,0.268401,-0.094201,0.381093,-0.018527,-0.034889,0.063974,-0.433984,0.103901,0.280592,0.389438,-0.340042,-0.474220,-0.341655,-0.243680,0.462998,-0.318867,-0.013071,0.043515,-0.400995,0.549736,0.320987,0.367097,0.093979,0.050667,-0.024564,-0.111748,0.470583,-0.359289
-0.401377,0.280910,-0.101002,0.390083,-0.017948,-0.033800,0.061976,-0.431767,0.100656,0.260495,0.377277,-0.310687,-0.459411,-0.330986,-0.236071,0.448540,-0.302665,-0.012663,0.042156,-0.394718,0.551306,0.310964,0.355633,0.097290,0.049085,-0.017551,-0.108259,0.455888,-0.348070
-0.398496,0.293419,-0.107803,0.399073,-0.017370,-0.032711,0.059978,-0.429551,0.097412,0.240397,0.365116,-0.281332,-0.444603,-0.320317,-0.228461,0.434082,-0.286462,-0.012255,0.040798,-0.388442,0.552875,0.300940,0.344170,0.100601,0.047502,-0.010539,-0.104769,0.441193,-0.336850
-0.395628,0.305873,-0.114574,0.408023,-0.016794,-0.031626,0.057989,-0.427344,0.094182,0.220389,0.353009,-0.252108,-0.429860,-0.309696,-0.220886,0.419688,-0.270332,-0.011849,0.039445,-0.382193,0.554438,0.290961,0.332758,0.103897,0.045927,-0.003558,-0.101295,0.426563,-0.325680
-0.392760,0.318327,-0.121345,0.416974,-0.016218,-0.030541,0.056001,-0.425137,0.090952,0.200381,0.340903,-0.222884,-0.415118,-0.299074,-0.213310,0.405294,-0.254201,-0.011442,0.038092,-0.375945,0.556001,0.280982,0.321346,0.107193,0.044352,0.003423,-0.097821,0.411934,-0.314511
-0.389917,0.330670,-0.128055,0.425845,-0.015647,-0.029466,0.054030,-0.422950,0.087751,0.180551,0.328904,-0.193919,-0.400506,-0.288547,-0.205802,0.391029,-0.238214,-0.011040,0.036751,-0.369752,0.557549,0.271092,0.310035,0.110459,0.042791,0.010343,-0.094378,0.397435,-0.303441
-0.387074,0.343014,-0.134766,0.434716,-0.015076,-0.028391,0.052058,-0.420763,0.084549,0.160720,0.316904,-0.164955,-0.385895,-0.278020,-0.198294,0.376763,-0.222226,-0.010637,0.035411,-0.363559,0.559098,0.261202,0.298724,0.113726,0.041230,0.017262,-0.090934,0.382935,-0.292370
-0.384269,0.355192,-0.141387,0.443468,-0.014513,-0.027331,0.050113,-0.418605,0.081391,0.141155,0.305065,-0.136378,-0.371479,-0.267634,-0.190886,0.362688,-0.206452,-0.010240,0.034088,-0.357449,0.560626,0.251444,0.287565,0.116949,0.039690,0.024088,-0.087537,0.368629,-0.281448
-0.381465,0.367370,-0.148008,0.452221,-0.013950,-0.026270,0.048169,-0.416447,0.078232,0.121591,0.293226,-0.107802,-0.357063,-0.257248,-0.183478,0.348613,-0.190679,-0.009842,0.032765,-0.351339,0.562154,0.241686,0.276405,0.120172,0.038149,0.030915,-0.084140,0.354324,-0.270526
-0.378711,0.379329,-0.154510,0.460816,-0.013397,-0.025229,0.046259,-0.414328,0.075130,0.102377,0.281600,-0.079737,-0.342905,-0.247048,-0.176203,0.334790,-0.175189,-0.009452,0.031466,-0.345338,0.563654,0.232103,0.265446,0.123337,0.036637,0.037619,-0.080804,0.340275,-0.259799
-0.375957,0.391289,-0.161013,0.469411,-0.012844,-0.024187,0.044349,-0.412209,0.072028,0.083163,0.269974,-0.051673,-0.328748,-0.236848,-0.168928,0.320968,-0.159699,-0.009062,0.030167,-0.339338,0.565155,0.222520,0.254486,0.126502,0.035124,0.044323,-0.077468,0.326226,-0.249073
-0.373265,0.402978,-0.167368,0.477812,-0.012303,-0.023169,0.042482,-0.410137,0.068996,0.064383,0.258610,-0.024243,-0.314910,-0.226879,-0.161818,0.307458,-0.144559,-0.008681,0.028897,-0.333473,0.566622,0.213154,0.243775,0.129596,0.033646,0.050876,-0.074207,0.312495,-0.238590
-0.370573,0.414667,-0.173723,0.486213,-0.011763,-0.022151,0.040616,-0.408066,0.065965,0.045604,0.247247,0.003186,-0.301073,-0.216910,-0.154708,0.293948,-0.129418,-0.008299,0.027627,-0.327608,0.568089,0.203788,0.233063,0.132690,0.032167,0.057429,-0.070946,0.298764,-0.228106
-0.367954,0.426036,-0.179904,0.494384,-0.011237,-0.021160,0.038801,-0.406052,0.063016,0.027338,0.236195,0.029865,-0.287614,-0.207214,-0.147792,0.280808,-0.114693,-0.007928,0.026392,-0.321904,0.569515,0.194679,0.222644,0.135698,0.030729,0.063802,-0.067775,0.285409,-0.217909
-0.365336,0.437405,-0.186086,0.502555,-0.010711,-0.020170,0.036985,-0.404037,0.060067,0.009073,0.225142,0.056543,-0.274156,-0.197518,-0.140876,0.267668,-0.099968,-0.007557,0.025157,-0.316199,0.570942,0.185569,0.212226,0.138707,0.029291,0.070175,-0.064604,0.272054,-0.207712
-0.362803,0.448406,-0.192067,0.510461,-0.010202,-0.019212,0.035228,-0.402088,0.057214,-0.008600,0.214448,0.082358,-0.261134,-0.188136,-0.134184,0.254954,-0.085719,-0.007198,0.023962,-0.310679,0.572322,0.176755,0.202145,0.141618,0.027900,0.076342,-0.061535,0.259131,-0.197846
-0.360269,0.459407,-0.198048,0.518367,-0.009693,-0.018254,0.033471,-0.400139,0.054361,-0.026274,0.203753,0.108172,-0.248111,-0.178753,-0.127493,0.242240,-0.071470,-0.006839,0.022767,-0.305160,0.573702,0.167940,0.192064,0.144530,0.026509,0.082508,-0.058466,0.246208,-0.187979
-0.357830,0.469995,-0.203804,0.525977,-0.009203,-0.017332,0.031780,-0.398263,0.051615,-0.043284,0.193460,0.133017,-0.235577,-0.169723,-0.121053,0.230003,-0.057757,-0.006493,0.021617,-0.299848,0.575030,0.159457,0.182362,0.147332,0.025170,0.088444,-0.055512,0.233770,-0.178484
-0.355392,0.480583,-0.209560,0.533586,-0.008714,-0.016410,0.030089,-0.396386,0.048869,-0.060294,0.183168,0.157862,-0.223044,-0.160693,-0.114612,0.217766,-0.044043,-0.006148,0.020467,-0.294536,0.576359,0.150973,0.172660,0.150134,0.023830,0.094379,-0.052559,0.221333,-0.168988
-0.353058,0.490715,-0.215069,0.540868,-0.008245,-0.015527,0.028471,-0.394591,0.046241,-0.076572,0.173318,0.181638,-0.211050,-0.152052,-0.108449,0.206056,-0.030919,-0.005817,0.019367,-0.289452,0.577630,0.142854,0.163375,0.152816,0.022548,0.100058,-0.049732,0.209431,-0.159901
-0.350725,0.500847,-0.220578,0.548150,-0.007777,-0.014645,0.026853,-0.392796,0.043613,-0.092850,0.163468,0.205415,-0.199055,-0.143411,-0.102285,0.194345,-0.017796,-0.005487,0.018266,-0.284368,0.578902,0.134735,0.154090,0.155498,0.021267,0.105738,-0.046906,0.197529,-0.150813
-0.348506,0.510485,-0.225818,0.555076,-0.007331,-0.013806,0.025314,-0.391088,0.041113,-0.108335,0.154098,0.228031,-0.187646,-0.135191,-0.096422,0.183205,-0.005312,-0.005173,0.017219,-0.279533,0.580111,0.127013,0.145258,0.158048,0.020048,0.111141,-0.044218,0.186207,-0.142169
-0.346286,0.520123,-0.231058,0.562003,-0.006885,-0.012966,0.023775,-0.389380,0.038613,-0.123819,0.144729,0.250648,-0.176237,-0.126971,-0.090560,0.172066,0.007171,-0.004858,0.016172,-0.274697,0.581320,0.119290,0.136426,0.160599,0.018829,0.116544,-0.041529,0.174885,-0.133524
-0.344189,0.529232,-0.236011,0.568550,-0.006464,-0.012173,0.022321,-0.387766,0.036251,-0.138453,0.135874,0.272022,-0.165455,-0.119203,-0.085019,0.161539,0.018968,-0.004561,0.015182,-0.270127,0.582463,0.111991,0.128079,0.163010,0.017677,0.121650,-0.038989,0.164185,-0.125355
-0.342091,0.538340,-0.240963,0.575096,-0.006043,-0.011380,0.020866,-0.386152,0.033888,-0.153086,0.127019,0.293396,-0.154672,-0.111434,-0.079479,0.151011,0.030766,-0.004263,0.014193,-0.265557,0.583606,0.104693,0.119732,0.165420,0.016525,0.126756,-0.036448,0.153485,-0.117186
-0.340122,0.546888,-0.245611,0.581240,-0.005647,-0.010635,0.019500,-0.384637,0.031671,-0.166820,0.118709,0.313455,-0.144553,-0.104143,-0.074279,0.141132,0.041838,-0.003985,0.013265,-0.261268,0.584678,0.097843,0.111899,0.167683,0.015444,0.131548,-0.034063,0.143444,-0.109519
-0.338154,0.555437,-0.250258,0.587383,-0.005252,-0.009891,0.018135,-0.383123,0.029454,-0.180553,0.110399,0.333514,-0.134433,-0.096853,-0.069079,0.131252,0.052910,-0.003706,0.012336,-0.256979,0.585751,0.090994,0.104066,0.169945,0.014363,0.136340,-0.031679,0.133402,-0.101852
-0.336321,0.563398,-0.254586,0.593104,-0.004884,-0.009198,0.016864,-0.381712,0.027390,-0.193343,0.102660,0.352195,-0.125009,-0.090063,-0.064237,0.122051,0.063221,-0.003446,0.011471,-0.252985,0.586750,0.084615,0.096771,0.172052,0.013356,0.140802,-0.029458,0.124050,-0.094712
-0.334487,0.571359,-0.258914,0.598826,-0.004516,-0.008504,0.015593,-0.380301,0.025325,-0.206133,0.094921,0.370877,-0.115585,-0.083274,-0.059394,0.112850,0.073533,-0.003186,0.010606,-0.248990,0.587749,0.078236,0.089475,0.174159,0.012349,0.145265,-0.027237,0.114699,-0.087572
-0.332793,0.578711,-0.262911,0.604110,-0.004176,-0.007863,0.014419,-0.378999,0.023418,-0.217944,0.087774,0.388130,-0.106881,-0.077004,-0.054921,0.104353,0.083056,-0.002946,0.009808,-0.245301,0.588672,0.072345,0.082738,0.176104,0.011419,0.149387,-0.025186,0.106062,-0.080978
-0.331100,0.586063,-0.266909,0.609394,-0.003836,-0.007223,0.013245,-0.377696,0.021511,-0.229756,0.080626,0.405382,-0.098178,-0.070733,-0.050449,0.095855,0.092578,-0.002706,0.009009,-0.241612,0.589594,0.066454,0.076001,0.178050,0.010490,0.153508,-0.023135,0.097425,-0.074384
-0.329551,0.592790,-0.270566,0.614229,-0.003525,-0.006638,0.012171,-0.376504,0.019766,-0.240563,0.074086,0.421167,-0.090215,-0.064996,-0.046357,0.088081,0.101291,-0.002486,0.008278,-0.238237,0.590438,0.061064,0.069836,0.179831,0.009639,0.157279,-0.021258,0.089524,-0.068351
-0.328002,0.599517,-0.274223,0.619063,-0.003214,-0.006052,0.011096,-0.375312,0.018021,-0.251370,0.067547,0.436952,-0.082252,-0.059259,-0.042266,0.080306,0.110004,-0.002267,0.007548,-0.234862,0.591282,0.055674,0.063672,0.181611,0.008788,0.161050,-0.019382,0.081622,-0.062318
-0.326600,0.605607,-0.277534,0.623440,-0.002932,-0.005522,0.010124,-0.374233,0.016441,-0.261154,0.061627,0.451243,-0.075043,-0.054065,-0.038561,0.073267,0.117892,-0.002069,0.006887,-0.231806,0.592046,0.050794,0.058091,0.183223,0.008018,0.164464,-0.017683,0.074467,-0.056856
-0.325197,0.611697,-0.280845,0.627817,-0.002650,-0.004991,0.009151,-0.373154,0.014862,-0.270939,0.055706,0.465534,-0.067834,-0.048871,-0.034857,0.066228,0.125780,-0.001870,0.006225,-0.228751,0.592810,0.045915,0.052510,0.184835,0.007247,0.167878,-0.015985,0.067313,-0.051394
-0.323942,0.617146,-0.283807,0.631733,-0.002398,-0.004516,0.008281,-0.372189,0.013449,-0.279693,0.050409,0.478320,-0.061384,-0.044224,-0.031543,0.059931,0.132837,-0.001692,0.005633,-0.226017,0.593493,0.041549,0.047518,0.186277,0.006558,0.170932,-0.014465,0.060912,-0.046507
-0.322687,0.622595,-0.286770,0.635649,-0.002146,-0.004042,0.007411,-0.371223,0.012036,-0.288446,0.045113,0.491106,-0.054934,-0.039577,-0.028228,0.053634,0.139894,-0.001514,0.005041,-0.223283,0.594177,0.037183,0.042525,0.187719,0.005869,0.173986,-0.012945,0.054512,-0.041620
-0.321580,0.627403,-0.289384,0.639104,-0.001923,-0.003623,0.006643,-0.370371,0.010789,-0.296171,0.040439,0.502389,-0.049242,-0.035477,-0.025303,0.048077,0.146122,-0.001357,0.004518,-0.220871,0.594780,0.033330,0.038118,0.188991,0.005261,0.176681,-0.011603,0.048864,-0.037307
-0.320472,0.632211,-0.291998,0.642560,-0.001701,-0.003204,0.005875,-0.369519,0.009542,-0.303896,0.035764,0.513671,-0.043550,-0.031376,-0.022378,0.042519,0.152350,-0.001200,0.003996,-0.218458,0.595384,0.029478,0.033712,0.190264,0.004653,0.179377,-0.010262,0.043216,-0.032995
-0.319511,0.636386,-0.294268,0.645561,-0.001508,-0.002841,0.005208,-0.368779,0.008459,-0.310605,0.031704,0.523470,-0.038607,-0.027814,-0.019838,0.037693,0.157759,-0.001064,0.003543,-0.216363,0.595908,0.026132,0.029885,0.191369,0.004125,0.181718,-0.009098,0.038311,-0.029250
-0.318549,0.640562,-0.296539,0.648562,-0.001315,-0.002477,0.004541,-0.368039,0.007376,-0.317313,0.027645,0.533269,-0.033664,-0.024253,-0.017298,0.032867,0.163167,-0.000928,0.003089,-0.214268,0.596432,0.022786,0.026059,0.192474,0.003597,0.184059,-0.007933,0.033406,-0.025505
-0.317729,0.644120,-0.298474,0.651119,-0.001151,-0.002167,0.003973,-0.367409,0.006453,-0.323029,0.024186,0.541618,-0.029452,-0.021219,-0.015134,0.028755,0.167776,-0.000812,0.002703,-0.212483,0.596878,0.019935,0.022798,0.193416,0.003147,0.186053,-0.006941,0.029226,-0.022314
-0.316910,0.647679,-0.300408,0.653676,-0.000986,-0.001857,0.003405,-0.366778,0.005530,-0.328746,0.020727,0.549967,-0.025240,-0.018184,-0.012970,0.024642,0.172384,-0.000696,0.002316,-0.210698,0.597325,0.017084,0.019538,0.194357,0.002697,0.188048,-0.005948,0.025046,-0.019123
-0.316228,0.650641,-0.302019,0.655806,-0.000849,-0.001599,0.002932,-0.366253,0.004762,-0.333506,0.017847,0.556920,-0.021733,-0.015657,-0.011168,0.021218,0.176222,-0.000599,0.001994,-0.209211,0.597697,0.014710,0.016823,0.195141,0.002322,0.189709,-0.005122,0.021566,-0.016466
-0.315546,0.653604,-0.303630,0.657935,-0.000712,-0.001341,0.002459,-0.365728,0.003993,-0.338266,0.014967,0.563873,-0.018225,-0.013130,-0.009365,0.017794,0.180059,-0.000502,0.001672,-0.207725,0.598068,0.012336,0.014108,0.195925,0.001947,0.191370,-0.004295,0.018085,-0.013808
-0.314994,0.656002,-0.304933,0.659659,-0.000601,-0.001132,0.002076,-0.365303,0.003371,-0.342118,0.012636,0.569500,-0.015387,-0.011085,-0.007907,0.015023,0.183165,-0.000424,0.001411,-0.206521,0.598369,0.010415,0.011911,0.196560,0.001644,0.192714,-0.003626,0.015269,-0.011658
-0.314441,0.658400,-0.306237,0.661382,-0.000490,-0.000923,0.001693,-0.364878,0.002749,-0.345970,0.010305,0.575126,-0.012548,-0.009040,-0.006448,0.012251,0.186270,-0.000346,0.001151,-0.205318,0.598670,0.008494,0.009714,0.197195,0.001341,0.194058,-0.002957,0.012452,-0.009507
-0.314010,0.660271,-0.307254,0.662726,-0.000403,-0.000760,0.001394,-0.364546,0.002264,-0.348976,0.008486,0.579516,-0.010333,-0.007444,-0.005310,0.010089,0.188694,-0.000285,0.000948,-0.204379,0.598904,0.006994,0.007999,0.197690,0.001104,0.195107,-0.002435,0.010254,-0.007829
-0.313579,0.662142,-0.308271,0.664071,-0.000317,-0.000597,0.001095,-0.364215,0.001779,-0.351982,0.006667,0.583906,-0.008119,-0.005849,-0.004172,0.007927,0.191117,-0.000224,0.000745,-0.203441,0.599139,0.005495,0.006285,0.198185,0.000867,0.196155,-0.001913,0.008056,-0.006151
-0.313259,0.663533,-0.309028,0.665071,-0.000253,-0.000476,0.000873,-0.363969,0.001418,-0.354217,0.005315,0.587171,-0.006472,-0.004663,-0.003326,0.006319,0.192918,-0.000179,0.000594,-0.202743,0.599314,0.004380,0.005010,0.198553,0.000692,0.196935,-0.001525,0.006422,-0.004903
-0.312939,0.664924,-0.309784,0.666070,-0.000189,-0.000355,0.000651,-0.363722,0.001057,-0.356451,0.003963,0.590435,-0.004825,-0.003477,-0.002480,0.004711,0.194720,-0.000133,0.000443,-0.202045,0.599489,0.003266,0.003735,0.198921,0.000516,0.197715,-0.001137,0.004788,-0.003656
-0.312716,0.665890,-0.310310,0.666765,-0.000144,-0.000271,0.000496,-0.363551,0.000806,-0.358004,0.003023,0.592704,-0.003681,-0.002652,-0.001891,0.003594,0.195972,-0.000102,0.000338,-0.201560,0.599610,0.002491,0.002850,0.199177,0.000393,0.198257,-0.000867,0.003652,-0.002789
-0.312493,0.666857,-0.310835,0.667460,-0.000099,-0.000187,0.000342,-0.363380,0.000556,-0.359557,0.002083,0.594972,-0.002537,-0.001828,-0.001303,0.002477,0.197225,-0.000070,0.000233,-0.201075,0.599731,0.001717,0.001964,0.199433,0.000271,0.198799,-0.000598,0.002517,-0.001922
-0.312354,0.667465,-0.311165,0.667897,-0.000071,-0.000134,0.000245,-0.363272,0.000398,-0.360533,0.001493,0.596397,-0.001818,-0.001309,-0.000933,0.001775,0.198012,-0.000050,0.000167,-0.200771,0.599808,0.001230,0.001407,0.199593,0.000194,0.199139,-0.000429,0.001803,-0.001377
-0.312214,0.668072,-0.311496,0.668333,-0.000043,-0.000081,0.000148,-0.363164,0.000241,-0.361509,0.000902,0.597823,-0.001098,-0.000791,-0.000564,0.001072,0.198798,-0.000030,0.000101,-0.200466,0.599884,0.000743,0.000850,0.199754,0.000117,0.199480,-0.000259,0.001090,-0.000832
-0.312140,0.668395,-0.311671,0.668565,-0.000028,-0.000053,0.000097,-0.363107,0.000157,-0.362028,0.000588,0.598580,-0.000716,-0.000516,-0.000368,0.000699,0.199217,-0.000019,0.000066,-0.200304,0.599924,0.000484,0.000554,0.199840,0.000077,0.199661,-0.000169,0.000710,-0.000543
-0.312065,0.668718,-0.311847,0.668797,-0.000013,-0.000025,0.000045,-0.363050,0.000073,-0.362547,0.000274,0.599338,-0.000334,-0.000241,-0.000172,0.000326,0.199635,-0.000009,0.000031,-0.200142,0.599965,0.000226,0.000259,0.199925,0.000036,0.199842,-0.000079,0.000331,-0.000253
-0.312036,0.668841,-0.311913,0.668886,-0.000007,-0.000014,0.000026,-0.363028,0.000041,-0.362745,0.000154,0.599627,-0.000189,-0.000136,-0.000097,0.000184,0.199794,-0.000005,0.000017,-0.200080,0.599980,0.000128,0.000146,0.199958,0.000021,0.199911,-0.000044,0.000187,-0.000142
-0.312008,0.668964,-0.311980,0.668974,-0.000002,-0.000003,0.000006,-0.363006,0.000009,-0.362942,0.000035,0.599915,-0.000043,-0.000031,-0.000022,0.000042,0.199953,-0.000001,0.000004,-0.200018,0.599995,0.000029,0.000033,0.199990,0.000005,0.199980,-0.000010,0.000042,-0.000032
-0.312004,0.668982,-0.311990,0.668987,-0.000001,-0.000002,0.000003,-0.363003,0.000005,-0.362971,0.000017,0.599957,-0.000022,-0.000016,-0.000011,0.000021,0.199977,-0.000000,0.000002,-0.200009,0.599997,0.000015,0.000017,0.199995,0.000003,0.199990,-0.000005,0.000021,-0.000016
-0.312000,0.669000,-0.312000,0.669000,0.000000,0.000000,0.000000,-0.363000,0.000000,-0.363000,0.000000,0.600000,0.000000,0.000000,0.000000,0.000000,0.200000,0.000000,0.000000,-0.200000,0.600000,0.000000,0.000000,0.200000,0.000000,0.200000,0.000000,0.000000,0.000000
-0.312000,0.669000,-0.312000,0.669000,0.000000,0.000000,0.000000,-0.363000,0.000000,-0.363000,0.000000,0.600000,0.000000,0.000000,0.000000,0.000000,0.200000,0.000000,0.000000,-0.200000,0.600000,0.000000,0.000000,0.200000,0.000000,0.200000,0.000000,0.000000,0.000000
-0.312000,0.669000,-0.312000,0.669000,0.000000,0.000000,0.000000,-0.363000,0.000000,-0.363000,0.000000,0.600000,0.000000,0.000000,0.000000,0.000000,0.200000,0.000000,0.000000,-0.200000,0.600000,0.000000,0.000000,0.200000,0.000000,0.200000,0.000000,0.000000,0.000000
-0.312000,0.669000,-0.312000,0.669000,0.000000,0.000000,0.000000,-0.363000,0.000000,-0.363000,0.000000,0.600000,0.000000,0.000000,0.000000,0.000000,0.200000,0.000000,0.000000,-0.200000,0.600000,0.000000,0.000000,0.200000,0.000000,0.200000,0.000000,0.000000,0.000000
-0.312000,0.669000,-0.312000,0.669000,0.000000,0.000000,0.000000,-0.363000,0.000000,-0.363000,0.000000,0.600000,0.000000,0.000000,0.000000,0.000000,0.200000,0.000000,0.000000,-0.200000,0.600000,0.000000,0.000000,0.200000,0.000000,0.200000,0.000000,0.000000,0.000000
-0.312000,0.669000,-0.312000,0.669000,0.000000,0.000000,0.000000,-0.363000,0.000000,-0.363000,0.000000,0.600000,0.000000,0.000000,0.000000,0.000000,0.200000,0.000000,0.000000,-0.200000,0.600000,0.000000,0.000000,0.200000,0.000000,0.200000,0.000000,0.000000,0.000000
-0.312000,0.669000,-0.312000,0.669000,0.000000,0.000000,0.000000,-0.363000,0.000000,-0.363000,0.000000,0.600000,0.000000,0.000000,0.000000,0.000000,0.200000,0.000000,0.000000,-0.200000,0.600000,0.000000,0.000000,0.200000,0.000000,0.200000,0.000000,0.000000,0.000000
-0.312000,0.669000,-0.312000,0.669000,0.000000,0.000000,0.000000,-0.363000,0.000000,-0.363000,0.000000,0.600000,0.000000,0.000000,0.000000,0.000000,0.200000,0.000000,0.000000,-0.200000,0.600000,0.000000,0.000000,0.200000,0.000000,0.200000,0.000000,0.000000,0.000000
-0.312000,0.669000,-0.312000,0.669000,0.000000,0.000000,0.000000,-0.363000,0.000000,-0.363000,0.000000,0.600000,0.000000,0.000000,0.000000,0.000000,0.200000,0.000000,0.000000,-0.200000,0.600000,0.000000,0.000000,0.200000,0.000000,0.200000,0.000000,0.000000,0.000000
-0.312000,0.669000,-0.312000,0.669000,0.000000,0.000000,0.000000,-0.363000,0.000000,-0.363000,0.000000,0.600000,0.000000,0.000000,0.000000,0.000000,0.200000,0.000000,0.000000,-0.200000,0.600000,0.000000,0.000000,0.200000,0.000000,0.200000,0.000000,0.000000,0.000000
-0.312000,0.669000,-0.312000,0.669000,0.000000,0.000000,0.000000,-0.363000,0.000000,-0.363000,0.000000,0.600000,0.000000,0.000000,0.000000,0.000000,0.200000,0.000000,0.000000,-0.200000,0.600000,0.000000,0.000000,0.200000,0.000000,0.200000,0.000000,0.000000,0.000000
-0.312000,0.669000,-0.312000,0.669000,0.000000,0.000000,0.000000,-0.363000,0.000000,-0.363000,0.000000,0.600000,0.000000,0.000000,0.000000,0.000000,0.200000,0.000000,0.000000,-0.200000,0.600000,0.000000,0.000000,0.200000,0.000000,0.200000,0.000000,0.000000,0.000000
-0.312000,0.669000,-0.312000,0.669000,0.000000,0.000000,0.000000,-0.363000,0.000000,-0.363000,0.000000,0.600000,0.000000,0.000000,0.000000,0.000000,0.200000,0.000000,0.000000,-0.200000,0.600000,0.000000,0.000000,0.200000,0.000000,0.200000,0.000000,0.000000,0.000000
-0.312000,0.669000,-0.312000,0.669000,0.000000,0.000000,0.000000,-0.363000,0.000000,-0.363000,0.000000,0.600000,0.000000,0.000000,0.000000,0.000000,0.200000,0.000000,0.000000,-0.200000,0.600000,0.000000,0.000000,0.200000,0.000000,0.200000,0.000000,0.000000,0.000000
-0.312000,0.669000,-0.312000,0.669000,0.000000,0.000000,0.000000,-0.363000,0.000000,-0.363000,0.000000,0.600000,0.000000,0.000000,0.000000,0.000000,0.200000,0.000000,0.000000,-0.200000,0.600000,0.000000,0.000000,0.200000,0.000000,0.200000,0.000000,0.000000,0.000000
-0.312000,0.669000,-0.312000,0.669000,0.000000,0.000000,0.000000,-0.363000,0.000000,-0.363000,0.000000,0.600000,0.000000,0.000000,0.000000,0.000000,0.200000,0.000000,0.000000,-0.200000,0.600000,0.000000,0.000000,0.200000,0.000000,0.200000,0.000000,0.000000,0.000000
-0.312000,0.669000,-0.312000,0.669000,0.000000,0.000000,0.000000,-0.363000,0.000000,-0.363000,0.000000,0.600000,0.000000,0.000000,0.000000,0.000000,0.200000,0.000000,0.000000,-0.200000,0.600000,0.000000,0.000000,0.200000,0.000000,0.200000,0.000000,0.000000,0.000000
-0.312000,0.669000,-0.312000,0.669000,0.000000,0.000000,0.000000,-0.363000,0.000000,-0.363000,0.000000,0.600000,0.000000,0.000000,0.000000,0.000000,0.200000,0.000000,0.000000,-0.200000,0.600000,0.000000,0.000000,0.200000,0.000000,0.200000,0.000000,0.000000,0.000000
-0.312000,0.669000,-0.312000,0.669000,0.000000,0.000000,0.000000,-0.363000,0.000000,-0.363000,0.000000,0.600000,0.000000,0.000000,0.000000,0.000000,0.200000,0.000000,0.000000,-0.200000,0.600000,0.000000,0.000000,0.200000,0.000000,0.200000,0.000000,0.000000,0.000000
-0.312000,0.669000,-0.312000,0.669000,0.000000,0.000000,0.000000,-0.363000,0.000000,-0.363000,0.000000,0.600000,0.000000,0.000000,0.000000,0.000000,0.200000,0.000000,0.000000,-0.200000,0.600000,0.000000,0.000000,0.200000,0.000000,0.200000,0.000000,0.000000,0.000000
-0.312000,0.669000,-0.312000,0.669000,0.000000,0.000000,0.000000,-0.363000,0.000000,-0.363000,0.000000,0.600000,0.000000,0.000000,0.000000,0.000000,0.200000,0.000000,0.000000,-0.200000,0.600000,0.000000,0.000000,0.200000,0.000000,0.200000,0.000000,0.000000,0.000000
-0.312000,0.669000,-0.312000,0.669000,0.000000,0.000000,0.000000,-0.363000,0.000000,-0.363000,0.000000,0.600000,0.000000,0.000000,0.000000,0.000000,0.200000,0.000000,0.000000,-0.200000,0.600000,0.000000,0.000000,0.200000,0.000000,0.200000,0.000000,0.000000,0.000000
-0.312000,0.669000,-0.312000,0.669000,0.000000,0.000000,0.000000,-0.363000,0.000000,-0.363000,0.000000,0.600000,0.000000,0.000000,0.000000,0.000000,0.200000,0.000000,0.000000,-0.200000,0.600000,0.000000,0.000000,0.200000,0.000000,0.200000,0.000000,0.000000,0.000000
-0.312000,0.669000,-0.312000,0.669000,0.000000,0.000000,0.000000,-0.363000,0.000000,-0.363000,0.000000,0.600000,0.000000,0.000000,0.000000,0.000000,0.200000,0.000000,0.000000,-0.200000,0.600000,0.000000,0.000000,0.200000,0.000000,0.200000,0.000000,0.000000,0.000000
-0.312000,0.669000,-0.312000,0.669000,0.000000,0.000000,0.000000,-0.363000,0.000000,-0.363000,0.000000,0.600000,0.000000,0.000000,0.000000,0.000000,0.200000,0.000000,0.000000,-0.200000,0.600000,0.000000,0.000000,0.200000,0.000000,0.200000,0.000000,0.000000,0.000000
-0.312000,0.669000,-0.312000,0.669000,0.000000,0.000000,0.000000,-0.363000,0.000000,-0.363000,0.000000,0.600000,0.000000,0.000000,0.000000,0.000000,0.200000,0.000000,0.000000,-0.200000,0.600000,0.000000,0.000000,0.200000,0.000000,0.200000,0.000000,0.000000,0.000000
-0.312000,0.669000,-0.312000,0.669000,0.000000,0.000000,0.000000,-0.363000,0.000000,-0.363000,0.000000,0.600000,0.000000,0.000000,0.000000,0.000000,0.200000,0.000000,0.000000,-0.200000,0.600000,0.000000,0.000000,0.200000,0.000000,0.200000,0.000000,0.000000,0.000000
-0.312000,0.669000,-0.312000,0.669000,0.000000,0.000000,0.000000,-0.363000,0.000000,-0.363000,0.000000,0.600000,0.000000,0.000000,0.000000,0.000000,0.200000,0.000000,0.000000,-0.200000,0.600000,0.000000,0.000000,0.200000,0.000000,0.200000,0.000000,0.000000,0.000000
-0.312000,0.669000,-0.312000,0.669000,0.000000,0.000000,0.000000,-0.363000,0.000000,-0.363000,0.000000,0.600000,0.000000,0.000000,0.000000,0.000000,0.200000,0.000000,0.000000,-0.200000,0.600000,0.000000,0.000000,0.200000,0.000000,0.200000,0.000000,0.000000,0.000000
-0.312000,0.669000,-0.312000,0.669000,0.000000,0.000000,0.000000,-0.363000,0.000000,-0.363000,0.000000,0.600000,0.000000,0.000000,0.000000,0.000000,0.200000,0.000000,0.000000,-0.200000,0.600000,0.000000,0.000000,0.200000,0.000000,0.200000,0.000000,0.000000,0.000000
-0.312000,0.669000,-0.312000,0.669000,0.000000,0.000000,0.000000,-0.363000,0.000000,-0.363000,0.000000,0.600000,0.000000,0.000000,0.000000,0.000000,0.200000,0.000000,0.000000,-0.200000,0.600000,0.000000,0.000000,0.200000,0.000000,0.200000,0.000000,0.000000,0.000000
-0.312000,0.669000,-0.312000,0.669000,0.000000,0.000000,0.000000,-0.363000,0.000000,-0.363000,0.000000,0.600000,0.000000,0.000000,0.000000,0.000000,0.200000,0.000000,0.000000,-0.200000,0.600000,0.000000,0.000000,0.200000,0.000000,0.200000,0.000000,0.000000,0.000000
-0.312000,0.669000,-0.312000,0.669000,0.000000,0.000000,0.000000,-0.363000,0.000000,-0.363000,0.000000,0.600000,0.000000,0.000000,0.000000,0.000000,0.200000,0.000000,0.000000,-0.200000,0.600000,0.000000,0.000000,0.200000,0.000000,0.200000,0.000000,0.000000,0.000000
-0.312000,0.669000,-0.312000,0.669000,0.000000,0.000000,0.000000,-0.363000,0.000000,-0.363000,0.000000,0.600000,0.000000,0.000000,0.000000,0.000000,0.200000,0.000000,0.000000,-0.200000,0.600000,0.000000,0.000000,0.200000,0.000000,0.200000,0.000000,0.000000,0.000000
-0.312000,0.669000,-0.312000,0.669000,0.000000,0.000000,0.000000,-0.363000,0.000000,-0.363000,0.000000,0.600000,0.000000,0.000000,0.000000,0.000000,0.200000,0.000000,0.000000,-0.200000,0.600000,0.000000,0.000000,0.200000,0.000000,0.200000,0.000000,0.000000,0.000000
-0.312000,0.669000,-0.312000,0.669000,0.000000,0.000000,0.000000,-0.363000,0.000000,-0.363000,0.000000,0.600000,0.000000,0.000000,0.000000,0.000000,0.200000,0.000000,0.000000,-0.200000,0.600000,0.000000,0.000000,0.200000,0.000000,0.200000,0.000000,0.000000,0.000000
-0.312000,0.669000,-0.312000,0.669000,0.000000,0.000000,0.000000,-0.363000,0.000000,-0.363000,0.000000,0.600000,0.000000,0.000000,0.000000,0.000000,0.200000,0.000000,0.000000,-0.200000,0.600000,0.000000,0.000000,0.200000,0.000000,0.200000,0.000000,0.000000,0.000000
-0.312000,0.669000,-0.312000,0.669000,0.000000,0.000000,0.000000,-0.363000,0.000000,-0.363000,0.000000,0.600000,0.000000,0.000000,0.000000,0.000000,0.200000,0.000000,0.000000,-0.200000,0.600000,0.000000,0.000000,0.200000,0.000000,0.200000,0.000000,0.000000,0.000000
-0.312000,0.669000,-0.312000,0.669000,0.000000,0.000000,0.000000,-0.363000,0.000000,-0.363000,0.000000,0.600000,0.000000,0.000000,0.000000,0.000000,0.200000,0.000000,0.000000,-0.200000,0.600000,0.000000,0.000000,0.200000,0.000000,0.200000,0.000000,0.000000,0.000000
-0.312000,0.669000,-0.312000,0.669000,0.000000,0.000000,0.000000,-0.363000,0.000000,-0.363000,0.000000,0.600000,0.000000,0.000000,0.000000,0.000000,0.200000,0.000000,0.000000,-0.200000,0.600000,0.000000,0.000000,0.200000,0.000000,0.200000,0.000000,0.000000,0.000000
-0.312000,0.669000,-0.312000,0.669000,0.000000,0.000000,0.000000,-0.363000,0.000000,-0.363000,0.000000,0.600000,0.000000,0.000000,0.000000,0.000000,0.200000,0.000000,0.000000,-0.200000,0.600000,0.000000,0.000000,0.200000,0.000000,0.200000,0.000000,0.000000,0.000000
-0.312000,0.669000,-0.312000,0.669000,0.000000,0.000000,0.000000,-0.363000,0.000000,-0.363000,0.000000,0.600000,0.000000,0.000000,0.000000,0.000000,0.200000,0.000000,0.000000,-0.200000,0.600000,0.000000,0.000000,0.200000,0.000000,0.200000,0.000000,0.000000,0.000000
-0.312000,0.669000,-0.312000,0.669000,0.000000,0.000000,0.000000,-0.363000,0.000000,-0.363000,0.000000,0.600000,0.000000,0.000000,0.000000,0.000000,0.200000,0.000000,0.000000,-0.200000,0.600000,0.000000,0.000000,0.200000,0.000000,0.200000,0.000000,0.000000,0.000000
-0.312000,0.669000,-0.312000,0.669000,0.000000,0.000000,0.000000,-0.363000,0.000000,-0.363000,0.000000,0.600000,0.000000,0.000000,0.000000,0.000000,0.200000,0.000000,0.000000,-0.200000,0.600000,0.000000,0.000000,0.200000,0.000000,0.200000,0.000000,0.000000,0.000000
-0.312000,0.669000,-0.312000,0.669000,0.000000,0.000000,0.000000,-0.363000,0.000000,-0.363000,0.000000,0.600000,0.000000,0.000000,0.000000,0.000000,0.200000,0.000000,0.000000,-0.200000,0.600000,0.000000,0.000000,0.200000,0.000000,0.200000,0.000000,0.000000,0.000000
-0.312000,0.669000,-0.312000,0.669000,0.000000,0.000000,0.000000,-0.363000,0.000000,-0.363000,0.000000,0.600000,0.000000,0.000000,0.000000,0.000000,0.200000,0.000000,0.000000,-0.200000,0.600000,0.000000,0.000000,0.200000,0.000000,0.200000,0.000000,0.000000,0.000000
-0.312000,0.669000,-0.312000,0.669000,0.000000,0.000000,0.000000,-0.363000,0.000000,-0.363000,0.000000,0.600000,0.000000,0.000000,0.000000,0.000000,0.200000,0.000000,0.000000,-0.200000,0.600000,0.000000,0.000000,0.200000,0.000000,0.200000,0.000000,0.000000,0.000000
-0.312000,0.669000,-0.312000,0.669000,0.000000,0.000000,0.000000,-0.363000,0.000000,-0.363000,0.000000,0.600000,0.000000,0.000000,0.000000,0.000000,0.200000,0.000000,0.000000,-0.200000,0.600000,0.000000,0.000000,0.200000,0.000000,0.200000,0.000000,0.000000,0.000000
-0.312000,0.669000,-0.312000,0.669000,0.000000,0.000000,0.000000,-0.363000,0.000000,-0.363000,0.000000,0.600000,0.000000,0.000000,0.000000,0.000000,0.200000,0.000000,0.000000,-0.200000,0.600000,0.000000,0.000000,0.200000,0.000000,0.200000,0.000000,0.000000,0.000000
-0.312000,0.669000,-0.312000,0.669000,0.000000,0.000000,0.000000,-0.363000,0.000000,-0.363000,0.000000,0.600000,0.000000,0.000000,0.000000,0.000000,0.200000,0.000000,0.000000,-0.200000,0.600000,0.000000,0.000000,0.200000,0.000000,0.200000,0.000000,0.000000,0.000000
-0.312000,0.669000,-0.312000,0.669000,0.000000,0.000000,0.000000,-0.363000,0.000000,-0.363000,0.000000,0.600000,0.000000,0.000000,0.000000,0.000000,0.200000,0.000000,0.000000,-0.200000,0.600000,0.000000,0.000000,0.200000,0.000000,0.200000,0.000000,0.000000,0.000000
-0.312000,0.669000,-0.312000,0.669000,0.000000,0.000000,0.000000,-0.363000,0.000000,-0.363000,0.000000,0.600000,0.000000,0.000000,0.000000,0.000000,0.200000,0.000000,0.000000,-0.200000,0.600000,0.000000,0.000000,0.200000,0.000000,0.200000,0.000000,0.000000,0.000000
-0.312000,0.669000,-0.312000,0.669000,0.000000,0.000000,0.000000,-0.363000,0.000000,-0.363000,0.000000,0.600000,0.000000,0.000000,0.000000,0.000000,0.200000,0.000000,0.000000,-0.200000,0.600000,0.000000,0.000000,0.200000,0.000000,0.200000,0.000000,0.000000,0.000000
-0.312000,0.669000,-0.312000,0.669000,0.000000,0.000000,0.000000,-0.363000,0.000000,-0.363000,0.000000,0.600000,0.000000,0.000000,0.000000,0.000000,0.200000,0.000000,0.000000,-0.200000,0.600000,0.000000,0.000000,0.200000,0.000000,0.200000,0.000000,0.000000,0.000000
-0.312000,0.669000,-0.312000,0.669000,0.000000,0.000000,0.000000,-0.363000,0.000000,-0.363000,0.000000,0.600000,0.000000,0.000000,0.000000,0.000000,0.200000,0.000000,0.000000,-0.200000,0.600000,0.000000,0.000000,0.200000,0.000000,0.200000,0.000000,0.000000,0.000000
-0.312000,0.669000,-0.312000,0.669000,0.000000,0.000000,0.000000,-0.363000,0.000000,-0.363000,0.000000,0.600000,0.000000,0.000000,0.000000,0.000000,0.200000,0.000000,0.000000,-0.200000,0.600000,0.000000,0.000000,0.200000,0.000000,0.200000,0.000000,0.000000,0.000000
-0.312000,0.669000,-0.312000,0.669000,0.000000,0.000000,0.000000,-0.363000,0.000000,-0.363000,0.000000,0.600000,0.000000,0.000000,0.000000,0.000000,0.200000,0.000000,0.000000,-0.200000,0.600000,0.000000,0.000000,0.200000,0.000000,0.200000,0.000000,0.000000,0.000000
-0.312000,0.669000,-0.312000,0.669000,0.000000,0.000000,0.000000,-0.363000,0.000000,-0.363000,0.000000,0.600000,0.000000,0.000000,0.000000,0.000000,0.200000,0.000000,0.000000,-0.200000,0.600000,0.000000,0.000000,0.200000,0.000000,0.200000,0.000000,0.000000,0.000000
-0.312000,0.669000,-0.312000,0.669000,0.000000,0.000000,0.000000,-0.363000,0.000000,-0.363000,0.000000,0.600000,0.000000,0.000000,0.000000,0.000000,0.200000,0.000000,0.000000,-0.200000,0.600000,0.000000,0.000000,0.200000,0.000000,0.200000,0.000000,0.000000,0.000000
-0.312000,0.669000,-0.312000,0.669000,0.000000,0.000000,0.000000,-0.363000,0.000000,-0.363000,0.000000,0.600000,0.000000,0.000000,0.000000,0.000000,0.200000,0.000000,0.000000,-0.200000,0.600000,0.000000,0.000000,0.200000,0.000000,0.200000,0.000000,0.000000,0.000000
-0.312000,0.669000,-0.312000,0.669000,0.000000,0.000000,0.000000,-0.363000,0.000000,-0.363000,0.000000,0.600000,0.000000,0.000000,0.000000,0.000000,0.200000,0.000000,0.000000,-0.200000,0.600000,0.000000,0.000000,0.200000,0.000000,0.200000,0.000000,0.000000,0.000000
-0.312000,0.669000,-0.312000,0.669000,0.000000,0.000000,0.000000,-0.363000,0.000000,-0.363000,0.000000,0.600000,0.000000,0.000000,0.000000,0.000000,0.200000,0.000000,0.000000,-0.200000,0.600000,0.000000,0.000000,0.200000,0.000000,0.200000,0.000000,0.000000,0.000000
-0.312000,0.669000,-0.312000,0.669000,0.000000,0.000000,0.000000,-0.363000,0.000000,-0.363000,0.000000,0.600000,0.000000,0.000000,0.000000,0.000000,0.200000,0.000000,0.000000,-0.200000,0.600000,0.000000,0.000000,0.200000,0.000000,0.200000,0.000000,0.000000,0.000000
-0.312000,0.669000,-0.312000,0.669000,0.000000,0.000000,0.000000,-0.363000,0.000000,-0.363000,0.000000,0.600000,0.000000,0.000000,0.000000,0.000000,0.200000,0.000000,0.000000,-0.200000,0.600000,0.000000,0.000000,0.200000,0.000000,0.200000,0.000000,0.000000,0.000000
-0.312000,0.669000,-0.312000,0.669000,0.000000,0.000000,0.000000,-0.363000,0.000000,-0.363000,0.000000,0.600000,0.000000,0.000000,0.000000,0.000000,0.200000,0.000000,0.000000,-0.200000,0.600000,0.000000,0.000000,0.200000,0.000000,0.200000,0.000000,0.000000,0.000000
-0.312000,0.669000,-0.312000,0.669000,0.000000,0.000000,0.000000,-0.363000,0.000000,-0.363000,0.000000,0.600000,0.000000,0.000000,0.000000,0.000000,0.200000,0.000000,0.000000,-0.200000,0.600000,0.000000,0.000000,0.200000,0.000000,0.200000,0.000000,0.000000,0.000000
-0.312000,0.669000,-0.312000,0.669000,0.000000,0.000000,0.000000,-0.363000,0.000000,-0.363000,0.000000,0.600000,0.000000,0.000000,0.000000,0.000000,0.200000,0.000000,0.000000,-0.200000,0.600000,0.000000,0.000000,0.200000,0.000000,0.200000,0.000000,0.000000,0.000000
-0.312000,0.669000,-0.312000,0.669000,0.000000,0.000000,0.000000,-0.363000,0.000000,-0.363000,0.000000,0.600000,0.000000,0.000000,0.000000,0.000000,0.200000,0.000000,0.000000,-0.200000,0.600000,0.000000,0.000000,0.200000,0.000000,0.200000,0.000000,0.000000,0.000000
-0.312000,0.669000,-0.312000,0.669000,0.000000,0.000000,0.000000,-0.363000,0.000000,-0.363000,0.000000,0.600000,0.000000,0.000000,0.000000,0.000000,0.200000,0.000000,0.000000,-0.200000,0.600000,0.000000,0.000000,0.200000,0.000000,0.200000,0.000000,0.000000,0.000000
-0.312000,0.669000,-0.312000,0.669000,0.000000,0.000000,0.000000,-0.363000,0.000000,-0.363000,0.000000,0.600000,0.000000,0.000000,0.000000,0.000000,0.200000,0.000000,0.000000,-0.200000,0.600000,0.000000,0.000000,0.200000,0.000000,0.200000,0.000000,0.000000,0.000000
-0.312000,0.669000,-0.312000,0.669000,0.000000,0.000000,0.000000,-0.363000,0.000000,-0.363000,0.000000,0.600000,0.000000,0.000000,0.000000,0.000000,0.200000,0.000000,0.000000,-0.200000,0.600000,0.000000,0.000000,0.200000,0.000000,0.200000,0.000000,0.000000,0.000000
-0.312000,0.669000,-0.312000,0.669000,0.000000,0.000000,0.000000,-0.363000,0.000000,-0.363000,0.000000,0.600000,0.000000,0.000000,0.000000,0.000000,0.200000,0.000000,0.000000,-0.200000,0.600000,0.000000,0.000000,0.200000,0.000000,0.200000,0.000000,0.000000,0.000000
-0.312000,0.669000,-0.312000,0.669000,0.000000,0.000000,0.000000,-0.363000,0.000000,-0.363000,0.000000,0.600000,0.000000,0.000000,0.000000,0.000000,0.200000,0.000000,0.000000,-0.200000,0.600000,0.000000,0.000000,0.200000,0.000000,0.200000,0.000000,0.000000,0.000000
-0.312000,0.669000,-0.312000,0.669000,0.000000,0.000000,0.000000,-0.363000,0.000000,-0.363000,0.000000,0.600000,0.000000,0.000000,0.000000,0.000000,0.200000,0.000000,0.000000,-0.200000,0.600000,0.000000,0.000000,0.200000,0.000000,0.200000,0.000000,0.000000,0.000000
-0.312000,0.669000,-0.312000,0.669000,0.000000,0.000000,0.000000,-0.363000,0.000000,-0.363000,0.000000,0.600000,0.000000,0.000000,0.000000,0.000000,0.200000,0.000000,0.000000,-0.200000,0.600000,0.000000,0.000000,0.200000,0.000000,0.200000,0.000000,0.000000,0.000000
-0.312000,0.669000,-0.312000,0.669000,0.000000,0.000000,0.000000,-0.363000,0.000000,-0.363000,0.000000,0.600000,0.000000,0.000000,0.000000,0.000000,0.200000,0.000000,0.000000,-0.200000,0.600000,0.000000,0.000000,0.200000,0.000000,0.200000,0.000000,0.000000,0.000000
-0.312000,0.669000,-0.312000,0.669000,0.000000,0.000000,0.000000,-0.363000,0.000000,-0.363000,0.000000,0.600000,0.000000,0.000000,0.000000,0.000000,0.200000,0.000000,0.000000,-0.200000,0.600000,0.000000,0.000000,0.200000,0.000000,0.200000,0.000000,0.000000,0.000000
