index,time_ms,time_realtime_ms,time_monotonic_ms,ros_timestamp,right_hand_dq_0,right_hand_dq_1,right_hand_dq_2,right_hand_dq_3,right_hand_dq_4,right_hand_dq_5,right_hand_dq_6
0,0.000,1786878645527.518,13433345.453,0.000000000,0.000173566,0.090475380,0.006168134,-0.005783400,-0.006280026,-0.005815203,-0.006283170
1,19.991,1786878645547.509,13433365.444,0.000000000,-0.000239531,0.012637962,-0.248387858,0.262013257,0.253591627,0.242144525,0.250627875
2,40.001,1786878645567.519,13433385.454,0.000000000,-0.000495449,0.005382241,-0.654288471,0.668295324,0.661207736,0.635967195,0.656377137
3,60.002,1786878645587.519,13433405.454,0.000000000,-0.000666839,0.004003506,-0.951937437,0.980840504,0.960116744,0.949041843,0.955321252
4,79.998,1786878645607.516,13433425.451,0.000000000,-0.000666371,0.003775197,-1.167756200,1.249796033,1.184078932,1.230065823,1.180892825
5,99.991,1786878645627.509,13433445.444,0.000000000,-0.000450897,0.002325037,-1.326086760,1.463704705,1.349937558,1.455803514,1.348169208
6,119.995,1786878645647.512,13433465.447,0.000000000,-0.000046268,-0.002078332,-1.451902986,1.560389161,1.460116863,1.543572068,1.456595778
7,139.993,1786878645667.510,13433485.445,0.000000000,0.000134512,-0.006233192,-1.557030678,1.510758996,1.518673778,1.467087626,1.511332989
8,159.991,1786878645687.509,13433505.444,0.000000000,0.000115838,-0.006395456,-1.635505438,1.417487741,1.550842047,1.371491313,1.543998361
9,179.990,1786878645707.508,13433525.443,0.000000000,-0.000035923,-0.004458747,-1.687867284,1.339630961,1.573459744,1.327556968,1.572783351
10,199.990,1786878645727.508,13433545.443,0.000000000,-0.000158360,-0.005845677,-1.721376419,1.292630076,1.585512400,1.294472575,1.587793946
11,219.993,1786878645747.510,13433565.445,0.000000000,-0.000294571,-0.004772957,-1.753401041,1.274101496,1.602474809,1.291397214,1.607802510
12,239.991,1786878645767.509,13433585.444,0.000000000,-0.000391201,-0.002696110,-1.769291520,1.330178738,1.625571609,1.354667902,1.632306457
13,259.991,1786878645787.508,13433605.443,0.000000000,-0.000345014,-0.000552127,-1.771614909,1.470859408,1.657001138,1.482757568,1.661687255
14,279.991,1786878645807.509,13433625.444,0.000000000,-0.000222302,0.001990080,-1.762802958,1.652241707,1.691955566,1.659375310,1.695018649
15,299.991,1786878645827.509,13433645.444,0.000000000,-0.000160247,0.003640276,-1.749568343,1.824405313,1.723467827,1.831192017,1.725575566
16,319.993,1786878645847.510,13433665.445,0.000000000,-0.000084330,0.004308051,-1.736316919,1.964902997,1.748569846,1.980234027,1.750950098
17,339.991,1786878645867.509,13433685.444,0.000000000,-0.000037569,0.003913992,-1.726734757,2.063138723,1.765452504,2.085651636,1.768162370
18,359.994,1786878645887.511,13433705.446,0.000000000,-0.000055015,0.002627846,-1.723223925,2.108417034,1.772586703,2.129711151,1.775037646
19,379.993,1786878645907.511,13433725.446,0.000000000,-0.000155550,0.002049209,-1.724678993,2.095937729,1.771311879,2.105093002,1.772917747
20,399.991,1786878645927.508,13433745.443,0.000000000,-0.000208457,0.003111746,-1.726973176,2.045991182,1.767134786,2.050352097,1.768770337
21,419.991,1786878645947.509,13433765.444,0.000000000,-0.000202427,0.004684514,-1.727509141,2.003206253,1.765461683,2.010558844,1.767470598
22,439.993,1786878645967.511,13433785.446,0.000000000,-0.000187632,0.005542479,-1.728858232,1.951708913,1.764785886,1.950711131,1.765713930
23,459.992,1786878645987.510,13433805.444,0.000000000,-0.000128681,0.005814416,-1.729260206,1.922573566,1.765711784,1.910425663,1.765107155
24,479.994,1786878646007.512,13433825.447,0.000000000,-0.000006316,0.004974904,-1.728952646,1.907653451,1.765088677,1.891931772,1.763403416
25,500.041,1786878646027.559,13433845.494,0.000000000,0.000118218,0.004220573,-1.727724433,1.903499484,1.762509108,1.886694789,1.759697080
26,519.996,1786878646047.514,13433865.449,0.000000000,0.000176059,0.003064730,-1.726704240,1.896223307,1.757390738,1.880640149,1.753725767
27,539.991,1786878646067.509,13433885.444,0.000000000,0.000145115,0.001038621,-1.730019450,1.851883531,1.746984959,1.849063754,1.743979692
28,559.994,1786878646087.512,13433905.447,0.000000000,0.000033389,0.000511974,-1.735806942,1.798207521,1.737566113,1.798498631,1.735136628
29,579.994,1786878646107.511,13433925.446,0.000000000,-0.000065679,0.000239033,-1.742951870,1.743203044,1.730794668,1.741587996,1.728949070
30,599.991,1786878646127.508,13433945.443,0.000000000,-0.000109382,0.000283073,-1.747482777,1.700627327,1.725244164,1.702386141,1.724417329
31,619.991,1786878646147.508,13433965.443,0.000000000,-0.000157885,0.001208390,-1.748009920,1.684102297,1.722500801,1.689739347,1.723024487
32,639.991,1786878646167.508,13433985.443,0.000000000,-0.000163518,0.002242266,-1.746275902,1.686312556,1.722776413,1.695936441,1.724233866
33,659.996,1786878646187.513,13434005.448,0.000000000,-0.000197013,0.002977865,-1.744061589,1.696029067,1.724240422,1.712061524,1.726904631
34,679.994,1786878646207.512,13434025.447,0.000000000,-0.000108358,0.003401452,-1.739171624,1.716767430,1.724862695,1.733638644,1.728284478
35,699.992,1786878646227.510,13434045.445,0.000000000,-0.000001832,0.003691880,-1.731574893,1.742769718,1.723082185,1.754844904,1.726327658
36,719.991,1786878646247.508,13434065.443,0.000000000,0.000108538,0.003557630,-1.724922776,1.758789420,1.720555902,1.766088247,1.722568631
37,739.990,1786878646267.508,13434085.443,0.000000000,0.000130344,0.003359241,-1.721274495,1.763818026,1.718939900,1.765994787,1.719654679
38,759.991,1786878646287.509,13434105.444,0.000000000,0.000112921,0.003496112,-1.719830751,1.766047597,1.718794584,1.762914300,1.718648195
39,779.992,1786878646307.510,13434125.444,0.000000000,0.000110178,0.003691958,-1.719603658,1.768976212,1.719904423,1.761543512,1.719073296
40,799.991,1786878646327.509,13434145.444,0.000000000,0.000087327,0.003530556,-1.719797134,1.767298579,1.720719814,1.757712126,1.719385147
41,819.992,1786878646347.510,13434165.445,0.000000000,0.000067962,0.003039705,-1.719867229,1.739735961,1.720182419,1.730599284,1.718037605
42,839.991,1786878646367.509,13434185.444,0.000000000,-0.000027901,0.002618278,-1.721154332,1.626915097,1.720199585,1.625221014,1.717910171
43,859.991,1786878646387.508,13434205.443,0.000000000,-0.000099342,0.002601918,-1.724548817,1.458782077,1.722680092,1.465829730,1.721082807
44,879.992,1786878646407.509,13434225.444,0.000000000,-0.000128148,0.002795512,-1.728787780,1.265058398,1.726832986,1.278048396,1.725971460
45,899.991,1786878646427.509,13434245.444,0.000000000,-0.000095007,0.002534888,-1.731839538,1.106723309,1.729468465,1.124346375,1.729094625
46,919.992,1786878646447.509,13434265.444,0.000000000,-0.000035065,0.002498252,-1.732701302,0.892124951,1.729729891,0.912586749,1.729932189
47,939.990,1786878646467.508,13434285.443,0.000000000,0.000050608,0.002769500,-1.728384256,0.686336279,1.726346731,0.705035269,1.726931334
48,959.991,1786878646487.508,13434305.443,0.000000000,0.000094759,0.003149357,-1.662444115,0.502755105,1.671408653,0.516572118,1.672649384
49,979.992,1786878646507.510,13434325.445,0.000000000,0.000121667,0.003551298,-1.527403116,0.348549515,1.544259667,0.356155753,1.546183228
50,999.991,1786878646527.509,13434345.444,0.000000000,0.000136923,0.003830402,-1.348266721,0.220872983,1.370251894,0.222578019,1.372428298
51,1019.992,1786878646547.510,13434365.445,0.000000000,0.000132309,0.003900935,-1.145148635,0.114757799,1.169785261,0.112418100,1.172012925
52,1039.992,1786878646567.509,13434385.444,0.000000000,0.000114753,0.003611299,-0.934617281,0.025984734,0.960137129,0.024071254,0.962066710
53,1059.991,1786878646587.509,13434405.444,0.000000000,0.000070195,0.002176560,-0.730747342,0.006433445,0.755761802,0.006415565,0.757080734
54,1079.997,1786878646607.515,13434425.450,0.000000000,-0.000006226,0.001866542,-0.542473257,0.004690657,0.565840244,0.004821516,0.567033648
55,1099.991,1786878646627.509,13434445.444,0.000000000,-0.000031096,0.001597314,-0.376169801,0.004419114,0.397829056,0.004457797,0.397968084
56,1119.992,1786878646647.510,13434465.445,0.000000000,-0.000078922,0.001481138,-0.268364549,0.004437862,0.288321376,0.004493407,0.287919611
57,1139.991,1786878646667.509,13434485.444,0.000000000,-0.000132068,0.001399265,-0.147925109,0.004560915,0.165194899,0.004730548,0.164193019
58,1159.991,1786878646687.509,13434505.444,0.000000000,-0.000150396,0.001240639,-0.052086644,0.004463364,0.066468045,0.004826462,0.064689264
59,1179.992,1786878646707.510,13434525.444,0.000000000,-0.000083189,0.001572637,-0.010365359,0.004676407,0.012403519,0.004894152,0.012132409
60,1199.991,1786878646727.508,13434545.443,0.000000000,-0.000014789,0.002070658,-0.006753406,0.004922723,0.006907953,0.004981734,0.006908625
61,1219.996,1786878646747.514,13434565.449,0.000000000,0.000042906,0.002523296,-0.006336810,0.005141565,0.006357550,0.005114258,0.006347815
62,1239.995,1786878646767.513,13434585.448,0.000000000,0.000051903,0.002900503,-0.006298858,0.005494515,0.006304321,0.005455806,0.006292294
63,1259.996,1786878646787.513,13434605.448,0.000000000,0.000038455,0.003088177,-0.006315684,0.005747875,0.006301673,0.005677014,0.006317899
64,1279.996,1786878646807.514,13434625.449,0.000000000,0.000031941,0.003221710,-0.006341163,0.005947366,0.006323279,0.005851171,0.006342622
65,1299.994,1786878646827.512,13434645.447,0.000000000,0.000031775,0.003202508,-0.006363829,0.005995391,0.006348540,0.005874058,0.006363656
66,1320.001,1786878646847.519,13434665.454,0.000000000,0.000028523,0.003052840,-0.006420103,0.005962906,0.006412966,0.005848700,0.006414740
67,1339.992,1786878646867.510,13434685.444,0.000000000,0.000001371,0.002923621,-0.006442229,0.005863196,0.006440390,0.005806017,0.006436259
68,1359.997,1786878646887.515,13434705.449,0.000000000,-0.000016911,0.002747189,-0.006431395,0.005656973,0.006436610,0.005647868,0.006427480
69,1379.994,1786878646907.511,13434725.446,0.000000000,-0.000017902,0.002557234,-0.006407426,0.005453818,0.006417048,0.005455271,0.006405679
70,1399.992,1786878646927.510,13434745.444,0.000000000,-0.000019444,0.002420939,-0.006393605,0.005332735,0.006403882,0.005342741,0.006392446
71,1419.994,1786878646947.511,13434765.446,0.000000000,-0.000023631,0.002311871,-0.006372310,0.005223511,0.006382163,0.005249834,0.006371739
72,1439.993,1786878646967.511,13434785.446,0.000000000,-0.000027905,0.002266905,-0.006344384,0.005162402,0.006353077,0.005202182,0.006344014
73,1459.996,1786878646987.513,13434805.449,0.000000000,-0.000030715,0.002258130,-0.006306738,0.005117079,0.006313791,0.005166995,0.006307196
74,1480.000,1786878647007.518,13434825.453,0.000000000,-0.000031764,0.002290248,-0.006260251,0.005097400,0.006264651,0.005146099,0.006262437
75,1499.996,1786878647027.513,13434845.448,0.000000000,-0.000028023,0.002365319,-0.006208261,0.005114664,0.006209250,0.005145035,0.006212353
76,1519.997,1786878647047.514,13434865.449,0.000000000,-0.000021091,0.002400771,-0.006162189,0.005094429,0.006162873,0.005113559,0.006167737
77,1539.992,1786878647067.510,13434885.445,0.000000000,-0.000018452,0.002441389,-0.006124941,0.005089436,0.006125693,0.005106102,0.006131017
78,1559.992,1786878647087.510,13434905.444,0.000000000,-0.000017487,0.002485709,-0.006097010,0.005104219,0.006097476,0.005118248,0.006103287
79,1579.993,1786878647107.511,13434925.446,0.000000000,-0.000018365,0.002527419,-0.006080742,0.005128535,0.006081099,0.005142723,0.006086949
80,1599.994,1786878647127.511,13434945.446,0.000000000,-0.000021660,0.002565048,-0.006063000,0.005151693,0.006063268,0.005171015,0.006068622
81,1619.993,1786878647147.511,13434965.446,0.000000000,-0.000028198,0.002676193,-0.006050803,0.005259719,0.006048202,0.005279256,0.006054949
82,1639.993,1786878647167.511,13434985.446,0.000000000,-0.000026300,0.002672506,-0.006048864,0.005279349,0.006046590,0.005294522,0.006051662
83,1659.996,1786878647187.513,13435005.448,0.000000000,-0.000025504,0.002660283,-0.006053589,0.005309244,0.006051306,0.005320051,0.006053580
84,1679.998,1786878647207.516,13435025.450,0.000000000,-0.000026703,0.002668501,-0.006046279,0.005335196,0.006042015,0.005343911,0.006045674
85,1699.995,1786878647227.513,13435045.448,0.000000000,-0.000024453,0.002717530,-0.006034531,0.005394435,0.006028578,0.005393968,0.006032142
86,1719.997,1786878647247.514,13435065.449,0.000000000,-0.000023098,0.002851159,-0.006015023,0.005527442,0.006002950,0.005503156,0.006012707
87,1739.996,1786878647267.513,13435085.449,0.000000000,-0.000010677,0.003062844,-0.006008829,0.005779605,0.005996617,0.005707312,0.005994659
88,1759.994,1786878647287.511,13435105.447,0.000000000,0.000015785,0.003357298,-0.006043765,0.006214338,0.006019426,0.006053040,0.006021152
89,1779.992,1786878647307.509,13435125.444,0.000000000,0.000048240,0.003638857,-0.006085166,0.006639092,0.006044670,0.006343761,0.006065185
90,1799.992,1786878647327.510,13435145.445,0.000000000,0.000027508,0.003671717,-0.006035564,0.006533012,0.006004686,0.006281709,0.006017983
91,1819.999,1786878647347.516,13435165.451,0.000000000,0.000019571,0.002995133,-0.005915347,0.005512742,0.005921958,0.005431930,0.005914999
92,1839.997,1786878647367.515,13435185.450,0.000000000,0.000030068,0.001709576,-0.005883480,0.004184939,0.005936849,0.004248016,0.005885138
93,1859.994,1786878647387.511,13435205.446,0.000000000,-0.000033530,0.001355622,-0.005992426,0.004045273,0.006009863,0.004122262,0.006037590
94,1879.994,1786878647407.511,13435225.446,0.000000000,-0.000104374,0.001346181,-0.006033342,0.004084560,0.006040709,0.004278368,0.006081975
95,1899.993,1786878647427.510,13435245.445,0.000000000,-0.000123020,0.001054636,-0.005993287,0.003774966,0.006031124,0.004190733,0.005995134
96,1919.992,1786878647447.509,13435265.444,0.000000000,-0.000115431,0.000884966,-0.005816985,0.003417891,0.005832426,0.003810096,0.005839323
97,1939.992,1786878647467.510,13435285.445,0.000000000,-0.000100676,0.001077568,-0.005637367,0.003340513,0.005630439,0.003635712,0.005688383
98,1959.993,1786878647487.510,13435305.446,0.000000000,-0.000053156,0.001644682,-0.005494301,0.003686130,0.005500181,0.003847036,0.005527043
99,1979.992,1786878647507.510,13435325.444,0.000000000,0.000005361,0.002233664,-0.005468641,0.004238914,0.005481015,0.004279197,0.005483896
100,1999.992,1786878647527.510,13435345.445,0.000000000,0.000017942,0.002689963,-0.005534410,0.004883938,0.005526294,0.004812230,0.005543136
101,2019.991,1786878647547.509,13435365.444,0.000000000,0.000023245,0.003157320,-0.005654076,0.005633984,0.005611671,0.005462278,0.005665343
102,2039.993,1786878647567.510,13435385.445,0.000000000,0.000057776,0.003503688,-0.005684368,0.006040759,0.005642104,0.005816907,0.005684874
103,2060.000,1786878647587.517,13435405.452,0.000000000,0.000045972,0.003683946,-0.005744081,0.006267824,0.005708669,0.006097804,0.005737589
104,2079.998,1786878647607.516,13435425.451,0.000000000,0.000002748,0.003032104,-0.005763871,0.005609781,0.005752685,0.005640538,0.005755150
105,2099.991,1786878647627.509,13435445.444,0.000000000,-0.000000133,0.002388377,-0.005784752,0.005025900,0.005803774,0.005095651,0.005770458
106,2119.993,1786878647647.510,13435465.445,0.000000000,-0.000021869,0.002101449,-0.005826882,0.004865532,0.005826274,0.004874468,0.005841882
107,2139.992,1786878647667.509,13435485.444,0.000000000,-0.000017233,0.001776300,-0.005842756,0.004622145,0.005862073,0.004591703,0.005849143
108,2159.991,1786878647687.509,13435505.444,0.000000000,-0.000030207,0.001545129,-0.005828591,0.004415981,0.005856913,0.004405110,0.005827961
109,2179.993,1786878647707.510,13435525.446,0.000000000,-0.000030377,0.001421688,-0.005772613,0.004225543,0.005810003,0.004249772,0.005764959
110,2199.992,1786878647727.510,13435545.445,0.000000000,-0.000036564,0.001538673,-0.005608085,0.004049724,0.005639161,0.004131381,0.005609515
111,2219.995,1786878647747.512,13435565.447,0.000000000,-0.000045985,0.001730103,-0.005516855,0.004089339,0.005538042,0.004192449,0.005523867
112,2239.992,1786878647767.510,13435585.445,0.000000000,-0.000043073,0.001880165,-0.005463542,0.004169836,0.005480338,0.004248917,0.005471870
113,2259.993,1786878647787.510,13435605.445,0.000000000,-0.000041811,0.002173966,-0.005454305,0.004467272,0.005457155,0.004510634,0.005465641
114,2279.995,1786878647807.513,13435625.448,0.000000000,-0.000050771,0.002283182,-0.005461409,0.004614464,0.005454191,0.004614939,0.005478742
115,2299.995,1786878647827.512,13435645.448,0.000000000,-0.000059666,0.002427326,-0.005452628,0.004764974,0.005441092,0.004746858,0.005468535
116,2319.993,1786878647847.510,13435665.445,0.000000000,-0.000056977,0.002387060,-0.005464036,0.004757306,0.005457324,0.004765708,0.005474525
117,2339.991,1786878647867.508,13435685.443,0.000000000,-0.000039153,0.002352677,-0.005458746,0.004741556,0.005456931,0.004742017,0.005464782
118,2359.993,1786878647887.511,13435705.446,0.000000000,-0.000018820,0.002346377,-0.005445616,0.004735343,0.005448110,0.004719056,0.005449086
119,2379.991,1786878647907.508,13435725.443,0.000000000,-0.000007059,0.002317347,-0.005443180,0.004729123,0.005448260,0.004701016,0.005444683
120,2399.995,1786878647927.513,13435745.448,0.000000000,-0.000014637,0.002259013,-0.005437367,0.004678401,0.005444849,0.004673880,0.005436738
121,2419.996,1786878647947.513,13435765.449,0.000000000,-0.000023672,0.002153503,-0.005423092,0.004578346,0.005430435,0.004588993,0.005423673
122,2439.994,1786878647967.511,13435785.446,0.000000000,-0.000028581,0.002064003,-0.005398804,0.004483636,0.005404017,0.004489446,0.005403077
123,2459.992,1786878647987.510,13435805.445,0.000000000,-0.000029848,0.002050495,-0.005371412,0.004446461,0.005375882,0.004454624,0.005376638
124,2479.991,1786878648007.509,13435825.444,0.000000000,-0.000028331,0.002066608,-0.005342111,0.004434665,0.005345989,0.004437695,0.005347854
125,2499.993,1786878648027.511,13435845.446,0.000000000,-0.000029620,0.002096494,-0.005318879,0.004434329,0.005322635,0.004438353,0.005324993
126,2519.994,1786878648047.511,13435865.446,0.000000000,-0.000028875,0.002197484,-0.005293478,0.004506962,0.005295407,0.004506459,0.005298365
127,2540.003,1786878648067.520,13435885.455,0.000000000,-0.000030153,0.002232962,-0.005273405,0.004533045,0.005274703,0.004527496,0.005276670
128,2559.996,1786878648087.513,13435905.448,0.000000000,-0.000031347,0.002206332,-0.005251462,0.004493196,0.005252958,0.004490536,0.005254767
129,2579.992,1786878648107.510,13435925.444,0.000000000,-0.000031434,0.002301080,-0.005225649,0.004550042,0.005228840,0.004555879,0.005225098
130,2599.992,1786878648127.510,13435945.445,0.000000000,-0.000030948,0.002386161,-0.005205449,0.004612304,0.005208123,0.004616333,0.005203362
131,2619.996,1786878648147.513,13435965.448,0.000000000,-0.000030137,0.002448179,-0.005190822,0.004666480,0.005192598,0.004666279,0.005187409
132,2639.995,1786878648167.512,13435985.448,0.000000000,-0.000024189,0.002538005,-0.005183248,0.004769524,0.005183605,0.004749799,0.005176785
133,2659.994,1786878648187.511,13436005.446,0.000000000,-0.000010604,0.002762730,-0.005194476,0.005051863,0.005189510,0.004982202,0.005181517
134,2679.992,1786878648207.510,13436025.445,0.000000000,0.000015314,0.002864595,-0.005185755,0.005189294,0.005183058,0.005019722,0.005169545
135,2699.992,1786878648227.510,13436045.445,0.000000000,0.000002501,0.002035447,-0.005109419,0.004176234,0.005139648,0.004059708,0.005119557
136,2720.005,1786878648247.523,13436065.458,0.000000000,-0.000055218,0.001535062,-0.005189671,0.003740406,0.005237767,0.003751542,0.005210812
137,2739.996,1786878648267.514,13436085.449,0.000000000,-0.000141759,0.001604889,-0.005348145,0.004043320,0.005341012,0.004234507,0.005401651
138,2759.992,1786878648287.510,13436105.445,0.000000000,-0.000115315,0.001996543,-0.005443951,0.004690422,0.005432031,0.004827930,0.005462669
139,2779.993,1786878648307.510,13436125.446,0.000000000,-0.000084457,0.001842550,-0.005402235,0.004649079,0.005372690,0.004859292,0.005399176
140,2799.992,1786878648327.509,13436145.444,0.000000000,-0.000044913,0.001680213,-0.005115076,0.004059189,0.005083030,0.004323060,0.005120688
141,2819.991,1786878648347.508,13436165.443,0.000000000,0.000024361,0.001774018,-0.004842201,0.003710113,0.004826893,0.003793586,0.004860399
142,2839.992,1786878648367.510,13436185.444,0.000000000,0.000080290,0.002320758,-0.004703132,0.004000183,0.004709553,0.003930866,0.004704807
143,2859.993,1786878648387.511,13436205.446,0.000000000,0.000072139,0.002747173,-0.004796933,0.004574820,0.004788182,0.004406681,0.004804755
144,2879.993,1786878648407.510,13436225.445,0.000000000,0.000057543,0.002777881,-0.004960159,0.004954956,0.004941319,0.004775985,0.004955525
145,2899.991,1786878648427.509,13436245.444,0.000000000,0.000049381,0.003099118,-0.005011911,0.005389642,0.004964326,0.005201014,0.005013994
146,2919.992,1786878648447.510,13436265.445,0.000000000,0.000033726,0.003112956,-0.004982900,0.005295323,0.004944701,0.005142467,0.004989792
147,2939.995,1786878648467.512,13436285.447,0.000000000,-0.000052684,0.002932074,-0.005011389,0.004973128,0.005009991,0.005073196,0.005010061
148,2959.992,1786878648487.510,13436305.444,0.000000000,-0.000064010,0.001731417,-0.005086563,0.003953179,0.005132407,0.004202334,0.005072469
149,2979.992,1786878648507.510,13436325.444,0.000000000,-0.000065842,0.001139106,-0.005157129,0.003576004,0.005197646,0.003757654,0.005165074
150,2999.991,1786878648527.509,13436345.444,0.000000000,-0.000054186,0.000883919,-0.005182892,0.003468933,0.005214181,0.003521634,0.005205855
151,3019.994,1786878648547.511,13436365.446,0.000000000,-0.000048474,0.000669015,-0.005164530,0.003283887,0.005200972,0.003295220,0.005188677
152,3039.994,1786878648567.511,13436385.446,0.000000000,-0.000065059,0.000679323,-0.005103872,0.003220332,0.005129613,0.003293873,0.005130123
153,3059.991,1786878648587.509,13436405.444,0.000000000,-0.000055146,0.000871520,-0.004989383,0.003219166,0.005023203,0.003378170,0.004996133
154,3080.001,1786878648607.518,13436425.453,0.000000000,0.000004083,0.001121016,-0.004792537,0.003164249,0.004829868,0.003251699,0.004796681
155,3099.999,1786878648627.517,13436445.452,0.000000000,0.000030365,0.001524086,-0.004658723,0.003367153,0.004684540,0.003329573,0.004670810
156,3119.997,1786878648647.515,13436465.450,0.000000000,-0.000004915,0.001952340,-0.004598066,0.003660982,0.004608661,0.003615042,0.004617472
157,3139.994,1786878648667.512,13436485.447,0.000000000,-0.000043242,0.002259035,-0.004632247,0.004005623,0.004631349,0.003990971,0.004649535
158,3160.002,1786878648687.520,13436505.455,0.000000000,-0.000069376,0.002416283,-0.004707274,0.004303216,0.004693888,0.004318116,0.004721447
159,3179.989,1786878648707.506,13436525.441,0.000000000,-0.000069112,0.002533346,-0.004762022,0.004540710,0.004744198,0.004537498,0.004770478
160,3199.993,1786878648727.510,13436545.445,0.000000000,-0.000062342,0.002414656,-0.004800622,0.004494968,0.004791761,0.004503603,0.004804367
161,3219.990,1786878648747.508,13436565.443,0.000000000,-0.000044759,0.002294594,-0.004833876,0.004472134,0.004830618,0.004466411,0.004832282
162,3239.991,1786878648767.509,13436585.444,0.000000000,-0.000019678,0.002257063,-0.004837522,0.004468163,0.004840034,0.004429613,0.004832959
163,3259.992,1786878648787.510,13436605.445,0.000000000,-0.000004087,0.002169081,-0.004842323,0.004432842,0.004847113,0.004369184,0.004835734
164,3279.990,1786878648807.508,13436625.443,0.000000000,0.000005357,0.002033752,-0.004825545,0.004317312,0.004835102,0.004235535,0.004816386
165,3299.991,1786878648827.508,13436645.443,0.000000000,-0.000007438,0.001894458,-0.004787242,0.004139597,0.004795823,0.004078810,0.004783148
166,3319.994,1786878648847.511,13436665.446,0.000000000,-0.000019777,0.001846046,-0.004746906,0.004034665,0.004752820,0.004006643,0.004746832
167,3339.994,1786878648867.512,13436685.447,0.000000000,-0.000026032,0.001838489,-0.004703971,0.003964583,0.004707625,0.003955839,0.004707397
168,3359.992,1786878648887.510,13436705.445,0.000000000,-0.000028440,0.001861584,-0.004659268,0.003918756,0.004662282,0.003921178,0.004664772
169,3379.992,1786878648907.510,13436725.444,0.000000000,-0.000028778,0.001890806,-0.004619754,0.003887961,0.004622851,0.003894863,0.004626760
170,3399.995,1786878648927.512,13436745.448,0.000000000,-0.000026624,0.001922314,-0.004582933,0.003862294,0.004588464,0.003862885,0.004590593
171,3419.999,1786878648947.517,13436765.452,0.000000000,-0.000016394,0.001926848,-0.004554065,0.003820260,0.004568737,0.003789129,0.004559812
172,3439.992,1786878648967.509,13436785.444,0.000000000,-0.000004718,0.001784981,-0.004512885,0.003590201,0.004547904,0.003521120,0.004521382
173,3459.991,1786878648987.509,13436805.444,0.000000000,-0.000033829,0.001442687,-0.004512582,0.003185969,0.004571251,0.003181437,0.004528174
174,3479.994,1786878649007.512,13436825.447,0.000000000,-0.000142636,0.001373367,-0.004681129,0.003340784,0.004698069,0.003556647,0.004725234
175,3499.993,1786878649027.511,13436845.446,0.000000000,-0.000131917,0.001779724,-0.004796100,0.004004922,0.004804718,0.004168978,0.004812715
176,3519.993,1786878649047.511,13436865.446,0.000000000,-0.000098398,0.001722842,-0.004845053,0.004191018,0.004845806,0.004330286,0.004836731
177,3539.996,1786878649067.514,13436885.449,0.000000000,-0.000062213,0.001637872,-0.004700815,0.004012236,0.004678837,0.004131225,0.004695627
178,3559.994,1786878649087.512,13436905.447,0.000000000,-0.000025603,0.001864782,-0.004490634,0.003920349,0.004449679,0.003954283,0.004506362
179,3579.994,1786878649107.511,13436925.447,0.000000000,0.000047191,0.002072610,-0.004328104,0.003869773,0.004294890,0.003756043,0.004350351
180,3599.994,1786878649127.511,13436945.446,0.000000000,0.000077975,0.002259957,-0.004280568,0.003943284,0.004274044,0.003816535,0.004281856
181,3619.992,1786878649147.510,13436965.445,0.000000000,0.000053409,0.002217146,-0.004299239,0.003924530,0.004289028,0.003852427,0.004304275
182,3639.991,1786878649167.508,13436985.443,0.000000000,0.000051075,0.002467453,-0.004348193,0.004289694,0.004326511,0.004178020,0.004347840
183,3659.996,1786878649187.514,13437005.449,0.000000000,0.000063903,0.002758521,-0.004396807,0.004699262,0.004378232,0.004493308,0.004379064
184,3679.993,1786878649207.511,13437025.446,0.000000000,0.000022501,0.002827051,-0.004458934,0.004828836,0.004437702,0.004692067,0.004442092
185,3699.993,1786878649227.511,13437045.446,0.000000000,-0.000009697,0.002330020,-0.004477719,0.004341439,0.004466165,0.004296164,0.004476128
186,3719.995,1786878649247.513,13437065.448,0.000000000,-0.000013538,0.001897181,-0.004476253,0.003898414,0.004486613,0.003863468,0.004481592
187,3739.992,1786878649267.510,13437085.445,0.000000000,-0.000028027,0.001614485,-0.004454405,0.003535731,0.004493067,0.003541756,0.004457892
188,3759.991,1786878649287.508,13437105.443,0.000000000,-0.000079944,0.001296981,-0.004446419,0.003116555,0.004509648,0.003274427,0.004451360
189,3779.991,1786878649307.509,13437125.444,0.000000000,-0.000122879,0.001126489,-0.004514032,0.003054462,0.004568559,0.003305820,0.004528173
190,3799.992,1786878649327.510,13437145.444,0.000000000,-0.000154686,0.001196765,-0.004616964,0.003348287,0.004643557,0.003600230,0.004640691
191,3819.992,1786878649347.510,13437165.445,0.000000000,-0.000118341,0.000881081,-0.004595971,0.003213485,0.004602109,0.003447448,0.004610514
192,3839.992,1786878649367.509,13437185.444,0.000000000,-0.000070648,0.001318832,-0.004401994,0.003408343,0.004391525,0.003578327,0.004406593
193,3859.991,1786878649387.509,13437205.444,0.000000000,0.000002771,0.001988636,-0.004272291,0.003946458,0.004236140,0.003902258,0.004277168
194,3879.995,1786878649407.513,13437225.448,0.000000000,0.000061668,0.002568286,-0.004249809,0.004516672,0.004207907,0.004318028,0.004242609
195,3899.991,1786878649427.509,13437245.444,0.000000000,0.000103876,0.003023884,-0.004209459,0.004871409,0.004170062,0.004613013,0.004194828
196,3919.992,1786878649447.510,13437265.444,0.000000000,0.000098089,0.002916758,-0.004172063,0.004701670,0.004132268,0.004484992,0.004163926
197,3939.991,1786878649467.508,13437285.443,0.000000000,0.000053660,0.002617212,-0.004155132,0.004279137,0.004126924,0.004250241,0.004157540
198,3959.994,1786878649487.511,13437305.446,0.000000000,0.000040125,0.001575973,-0.004112246,0.003159941,0.004125740,0.003292942,0.004121661
199,3979.991,1786878649507.509,13437325.444,0.000000000,0.000025980,0.001033111,-0.004146164,0.002707756,0.004166583,0.002772985,0.004182125
200,3999.995,1786878649527.512,13437345.447,0.000000000,-0.000027219,0.001017418,-0.004227772,0.002840580,0.004242345,0.002820621,0.004277551
201,4019.993,1786878649547.511,13437365.446,0.000000000,-0.000073270,0.001085131,-0.004323164,0.003056527,0.004360892,0.003043608,0.004347390
202,4039.990,1786878649567.508,13437385.443,0.000000000,-0.000101972,0.000918869,-0.004392763,0.003022156,0.004448868,0.003081344,0.004395314
203,4059.993,1786878649587.511,13437405.446,0.000000000,-0.000113310,0.000920075,-0.004365212,0.002974476,0.004416493,0.003124216,0.004365969
204,4079.992,1786878649607.510,13437425.445,0.000000000,-0.000095498,0.001027189,-0.004295946,0.002988565,0.004337156,0.003133539,0.004301421
205,4099.992,1786878649627.510,13437445.445,0.000000000,-0.000069916,0.001166019,-0.004223822,0.003048460,0.004251643,0.003151351,0.004235297
206,4119.991,1786878649647.509,13437465.444,0.000000000,-0.000046942,0.001287709,-0.004179026,0.003148280,0.004196772,0.003171867,0.004193977
207,4139.991,1786878649667.509,13437485.444,0.000000000,-0.000032890,0.001480650,-0.004157110,0.003341340,0.004167347,0.003315099,0.004169135
208,4159.990,1786878649687.508,13437505.443,0.000000000,-0.000035600,0.001635449,-0.004159394,0.003523416,0.004158565,0.003475837,0.004173136
209,4179.994,1786878649707.511,13437525.446,0.000000000,-0.000039329,0.001799009,-0.004166592,0.003714137,0.004158576,0.003665576,0.004177023
210,4199.998,1786878649727.516,13437545.450,0.000000000,-0.000033763,0.001828085,-0.004148643,0.003726460,0.004144266,0.003708562,0.004150722
211,4219.999,1786878649747.517,13437565.452,0.000000000,-0.000013193,0.001770130,-0.004121941,0.003639823,0.004124216,0.003613598,0.004122298
212,4240.000,1786878649767.517,13437585.452,0.000000000,0.000000736,0.001642519,-0.004080570,0.003464111,0.004087398,0.003421796,0.004085762
213,4259.996,1786878649787.514,13437605.449,0.000000000,-0.000004478,0.001560143,-0.004047579,0.003326851,0.004058205,0.003300413,0.004056517
214,4279.992,1786878649807.510,13437625.445,0.000000000,-0.000022438,0.001460629,-0.004022395,0.003192470,0.004033561,0.003181956,0.004037175
215,4299.994,1786878649827.511,13437645.446,0.000000000,-0.000038608,0.001434429,-0.004016368,0.003159546,0.004027796,0.003178829,0.004031263
216,4319.993,1786878649847.511,13437665.446,0.000000000,-0.000046082,0.001428912,-0.004014161,0.003156155,0.004025571,0.003191938,0.004028309
217,4339.991,1786878649867.509,13437685.444,0.000000000,-0.000050454,0.001436612,-0.004006749,0.003163810,0.004017538,0.003207961,0.004020288
218,4359.991,1786878649887.508,13437705.443,0.000000000,-0.000042522,0.001480987,-0.004002847,0.003224634,0.004012411,0.003245305,0.004015257
219,4379.991,1786878649907.509,13437725.444,0.000000000,-0.000038358,0.001505818,-0.003997375,0.003261280,0.004006379,0.003266740,0.004008741
220,4399.991,1786878649927.509,13437745.444,0.000000000,-0.000037651,0.001540645,-0.003988279,0.003295852,0.003996604,0.003296096,0.003998549
221,4419.992,1786878649947.510,13437765.445,0.000000000,-0.000034247,0.001527066,-0.003978098,0.003281445,0.003987452,0.003278886,0.003987938
222,4439.992,1786878649967.510,13437785.445,0.000000000,-0.000031332,0.001521582,-0.003965682,0.003271136,0.003976030,0.003266646,0.003974686
223,4459.990,1786878649987.508,13437805.443,0.000000000,-0.000031159,0.001516466,-0.003949875,0.003254644,0.003960992,0.003251160,0.003958254
224,4479.993,1786878650007.510,13437825.445,0.000000000,-0.000031220,0.001510544,-0.003933571,0.003237177,0.003945085,0.003234249,0.003941644
225,4499.991,1786878650027.509,13437845.444,0.000000000,-0.000031642,0.001498448,-0.003917276,0.003215553,0.003928715,0.003214232,0.003925262
226,4519.993,1786878650047.510,13437865.445,0.000000000,-0.000031680,0.001492244,-0.003898803,0.003194418,0.003910146,0.003193859,0.003906999
227,4539.993,1786878650067.511,13437885.446,0.000000000,-0.000031663,0.001505680,-0.003878450,0.003186273,0.003889734,0.003187693,0.003886450
228,4559.991,1786878650087.509,13437905.444,0.000000000,-0.000030907,0.001540565,-0.003863948,0.003200279,0.003876106,0.003206769,0.003870411
229,4579.991,1786878650107.508,13437925.443,0.000000000,-0.000034079,0.001589351,-0.003853958,0.003242106,0.003863696,0.003250350,0.003860612
230,4599.992,1786878650127.510,13437945.445,0.000000000,-0.000031934,0.001636445,-0.003836654,0.003269833,0.003848687,0.003271724,0.003840306
231,4619.991,1786878650147.508,13437965.443,0.000000000,-0.000023247,0.001678933,-0.003817419,0.003292360,0.003831043,0.003269744,0.003820762
232,4639.991,1786878650167.508,13437985.443,0.000000000,-0.000003920,0.001629085,-0.003787877,0.003205086,0.003810829,0.003133972,0.003792500
233,4659.991,1786878650187.509,13438005.444,0.000000000,0.000009659,0.001098764,-0.003708076,0.002510916,0.003769170,0.002430552,0.003723266
234,4679.994,1786878650207.512,13438025.447,0.000000000,-0.000041350,0.000881437,-0.003753844,0.002296536,0.003819137,0.002318016,0.003785365
235,4699.993,1786878650227.511,13438045.446,0.000000000,-0.000154076,0.001197365,-0.003968740,0.002939504,0.003966381,0.003145658,0.004025132
236,4719.994,1786878650247.511,13438065.446,0.000000000,-0.000131003,0.001811735,-0.004140735,0.003971143,0.004127737,0.004121343,0.004137394
237,4739.991,1786878650267.509,13438085.444,0.000000000,-0.000063788,0.001756082,-0.004079317,0.004073779,0.004037796,0.004124126,0.004060131
238,4759.995,1786878650287.513,13438105.448,0.000000000,-0.000018653,0.001870270,-0.003826599,0.003828075,0.003765661,0.003860826,0.003820941
239,4779.991,1786878650307.509,13438125.444,0.000000000,0.000070996,0.002443949,-0.003607507,0.004045398,0.003552415,0.003856892,0.003598790
240,4799.992,1786878650327.510,13438145.445,0.000000000,0.000110172,0.002709917,-0.003567969,0.004217666,0.003513826,0.003920632,0.003566635
241,4819.994,1786878650347.512,13438165.447,0.000000000,0.000130042,0.002905432,-0.003630001,0.004477626,0.003602153,0.004163962,0.003602071
242,4839.990,1786878650367.507,13438185.442,0.000000000,0.000105949,0.002826094,-0.003666577,0.004421750,0.003650179,0.004207930,0.003629008
243,4859.990,1786878650387.508,13438205.443,0.000000000,0.000060079,0.002648333,-0.003617537,0.004108712,0.003590150,0.003993718,0.003606630
244,4879.992,1786878650407.510,13438225.445,0.000000000,-0.000015506,0.002185564,-0.003588329,0.003448322,0.003574295,0.003433054,0.003621221
245,4899.993,1786878650427.511,13438245.446,0.000000000,-0.000048549,0.000669496,-0.003666371,0.002015560,0.003744013,0.002256328,0.003683362
246,4919.992,1786878650447.509,13438265.444,0.000000000,-0.000058919,-0.000317509,-0.003832988,0.001403975,0.003919501,0.001652840,0.003873431
247,4939.992,1786878650467.510,13438285.445,0.000000000,-0.000080577,-0.000410532,-0.003954964,0.001624301,0.004005884,0.001805469,0.004014740
248,4959.995,1786878650487.513,13438305.448,0.000000000,-0.000065169,-0.000067729,-0.003974658,0.002092670,0.004022297,0.002246978,0.003998706
249,4979.993,1786878650507.510,13438325.445,0.000000000,-0.000037889,-0.000082300,-0.003891355,0.002087089,0.003904408,0.002213493,0.003924089
250,4999.993,1786878650527.511,13438345.446,0.000000000,0.000009677,0.000252280,-0.003687009,0.002122037,0.003699444,0.002147738,0.003713984
251,5019.991,1786878650547.508,13438365.443,0.000000000,0.000011545,0.000714837,-0.003502056,0.002221505,0.003508740,0.002199339,0.003535916
252,5039.992,1786878650567.510,13438385.445,0.000000000,0.000018215,0.001263602,-0.003357197,0.002398973,0.003398400,0.002404967,0.003361196
253,5059.992,1786878650587.510,13438405.445,0.000000000,-0.000037144,0.001453013,-0.003323580,0.002428097,0.003360517,0.002543280,0.003336564
254,5079.991,1786878650607.508,13438425.443,0.000000000,-0.000062650,0.001558973,-0.003392540,0.002640734,0.003418632,0.002764317,0.003410188
255,5099.994,1786878650627.512,13438445.447,0.000000000,-0.000068238,0.001778369,-0.003506101,0.003092586,0.003516268,0.003171812,0.003517779
256,5119.991,1786878650647.509,13438465.444,0.000000000,-0.000052662,0.001787936,-0.003612316,0.003370670,0.003613508,0.003358830,0.003618314
257,5139.991,1786878650667.509,13438485.444,0.000000000,-0.000049180,0.001631844,-0.003691957,0.003399664,0.003689365,0.003377351,0.003698761
258,5159.991,1786878650687.509,13438505.444,0.000000000,-0.000040619,0.001504894,-0.003729275,0.003390975,0.003727812,0.003371205,0.003729529
259,5179.990,1786878650707.508,13438525.443,0.000000000,-0.000020208,0.001504950,-0.003723062,0.003426174,0.003725315,0.003402492,0.003711533
260,5199.991,1786878650727.509,13438545.444,0.000000000,0.000008753,0.001670033,-0.003632524,0.003457629,0.003630838,0.003386288,0.003622716
261,5219.993,1786878650747.511,13438565.446,0.000000000,0.000020512,0.001715315,-0.003567307,0.003393966,0.003568411,0.003313460,0.003558723
262,5239.992,1786878650767.510,13438585.445,0.000000000,0.000031205,0.001582760,-0.003534835,0.003239275,0.003539151,0.003124516,0.003531772
263,5259.991,1786878650787.509,13438605.444,0.000000000,0.000023267,0.001454394,-0.003522749,0.003105186,0.003527636,0.002996541,0.003525354
264,5279.991,1786878650807.509,13438625.444,0.000000000,-0.000002391,0.001352617,-0.003494842,0.002936160,0.003503492,0.002891428,0.003501321
265,5299.991,1786878650827.508,13438645.443,0.000000000,-0.000023568,0.001297732,-0.003472634,0.002833621,0.003482184,0.002837433,0.003481960
266,5319.992,1786878650847.510,13438665.445,0.000000000,-0.000038726,0.001253208,-0.003454696,0.002765532,0.003463303,0.002800947,0.003465639
267,5339.995,1786878650867.513,13438685.448,0.000000000,-0.000046008,0.001259446,-0.003428499,0.002729844,0.003436679,0.002778774,0.003441130
268,5359.993,1786878650887.510,13438705.445,0.000000000,-0.000046676,0.001274126,-0.003412020,0.002720438,0.003420011,0.002769691,0.003426373
269,5379.992,1786878650907.510,13438725.445,0.000000000,-0.000040060,0.001270582,-0.003402347,0.002715684,0.003410916,0.002748700,0.003417652
270,5399.992,1786878650927.510,13438745.445,0.000000000,-0.000033582,0.001263952,-0.003395768,0.002714897,0.003405380,0.002732655,0.003411015
271,5419.991,1786878650947.508,13438765.443,0.000000000,-0.000031970,0.001261849,-0.003392542,0.002718810,0.003403559,0.002733870,0.003406735
272,5439.992,1786878650967.510,13438785.444,0.000000000,-0.000026410,0.001269651,-0.003384667,0.002725516,0.003398125,0.002734553,0.003396601
273,5459.991,1786878650987.509,13438805.444,0.000000000,-0.000025724,0.001256858,-0.003381502,0.002726006,0.003393863,0.002728159,0.003394202
274,5479.992,1786878651007.510,13438825.444,0.000000000,-0.000025032,0.001235732,-0.003381259,0.002723257,0.003393025,0.002717361,0.003394059
275,5499.994,1786878651027.512,13438845.447,0.000000000,-0.000026263,0.001212266,-0.003377550,0.002711760,0.003389000,0.002705211,0.003390356
276,5519.992,1786878651047.509,13438865.444,0.000000000,-0.000027548,0.001196515,-0.003370318,0.002699738,0.003381703,0.002693927,0.003382968
277,5539.993,1786878651067.511,13438885.446,0.000000000,-0.000028875,0.001186925,-0.003359910,0.002687019,0.003371270,0.002682281,0.003372459
278,5560.003,1786878651087.521,13438905.456,0.000000000,-0.000030492,0.001181087,-0.003346884,0.002671904,0.003358402,0.002668949,0.003359385
279,5579.993,1786878651107.511,13438925.446,0.000000000,-0.000031962,0.001178311,-0.003333655,0.002659032,0.003345182,0.002656991,0.003346293
280,5599.994,1786878651127.512,13438945.447,0.000000000,-0.000033255,0.001169799,-0.003321343,0.002642286,0.003333075,0.002641280,0.003334149
281,5619.997,1786878651147.515,13438965.450,0.000000000,-0.000034626,0.001158630,-0.003310067,0.002625020,0.003321994,0.002624975,0.003323072
282,5639.997,1786878651167.514,13438985.449,0.000000000,-0.000036447,0.001156371,-0.003298964,0.002614058,0.003311209,0.002615559,0.003312117
283,5659.994,1786878651187.512,13439005.447,0.000000000,-0.000039109,0.001148341,-0.003288745,0.002598855,0.003301405,0.002604048,0.003302003
284,5679.992,1786878651207.510,13439025.444,0.000000000,-0.000041501,0.001134749,-0.003279309,0.002580796,0.003292369,0.002589230,0.003292701
285,5699.994,1786878651227.511,13439045.446,0.000000000,-0.000045564,0.001066035,-0.003272727,0.002506712,0.003289599,0.002535262,0.003285663
286,5719.991,1786878651247.509,13439065.444,0.000000000,-0.000044989,0.001026946,-0.003268796,0.002476872,0.003286052,0.002504055,0.003282071
287,5739.991,1786878651267.508,13439085.443,0.000000000,-0.000043571,0.001019038,-0.003260194,0.002473287,0.003276537,0.002490379,0.003274260
288,5759.991,1786878651287.509,13439105.444,0.000000000,-0.000045018,0.001007197,-0.003244267,0.002441851,0.003260945,0.002465594,0.003259351
289,5779.993,1786878651307.510,13439125.445,0.000000000,-0.000043806,0.001018146,-0.003234959,0.002449098,0.003251893,0.002466542,0.003249748
290,5799.992,1786878651327.510,13439145.445,0.000000000,-0.000050513,0.000994795,-0.003229185,0.002427466,0.003241542,0.002447628,0.003249492
291,5819.990,1786878651347.508,13439165.443,0.000000000,-0.000046096,0.000975350,-0.003225681,0.002423910,0.003242938,0.002430320,0.003241224
292,5839.992,1786878651367.509,13439185.444,0.000000000,-0.000046246,0.000979024,-0.003215641,0.002414441,0.003234538,0.002429506,0.003230209
293,5859.992,1786878651387.510,13439205.445,0.000000000,-0.000052179,0.000947074,-0.003223856,0.002403966,0.003242887,0.002437195,0.003238216
294,5879.991,1786878651407.509,13439225.444,0.000000000,-0.000051893,0.000882877,-0.003222745,0.002341830,0.003246791,0.002395062,0.003235314
295,5899.992,1786878651427.510,13439245.445,0.000000000,-0.000045259,0.000864337,-0.003199416,0.002297582,0.003222121,0.002348332,0.003214922
296,5919.991,1786878651447.509,13439265.444,0.000000000,-0.000036420,0.000889040,-0.003180951,0.002314794,0.003200534,0.002336211,0.003198877
297,5939.991,1786878651467.509,13439285.444,0.000000000,-0.000032107,0.000908858,-0.003174836,0.002347355,0.003189927,0.002343409,0.003195302
298,5959.991,1786878651487.508,13439305.443,0.000000000,-0.000031192,0.000974413,-0.003165095,0.002410467,0.003178273,0.002395765,0.003183836
299,5979.991,1786878651507.508,13439325.443,0.000000000,-0.000030875,0.000984568,-0.003153326,0.002420769,0.003163315,0.002397508,0.003173563
300,5999.993,1786878651527.510,13439345.446,0.000000000,-0.000029751,0.001022061,-0.003129492,0.002423687,0.003143760,0.002399897,0.003145270
301,6019.991,1786878651547.509,13439365.444,0.000000000,-0.000036897,0.001052648,-0.003115321,0.002429027,0.003127824,0.002424071,0.003131939
302,6039.991,1786878651567.509,13439385.444,0.000000000,-0.000046217,0.000985221,-0.003105971,0.002334733,0.003122403,0.002377398,0.003122855
303,6059.991,1786878651587.509,13439405.444,0.000000000,-0.000050488,0.000885227,-0.003097239,0.002227180,0.003116997,0.002303603,0.003114123
304,6079.999,1786878651607.516,13439425.451,0.000000000,-0.000037781,0.000849030,-0.003086078,0.002190088,0.003111965,0.002250301,0.003099583
305,6099.994,1786878651627.511,13439445.446,0.000000000,-0.000032308,0.000819203,-0.003078556,0.002165848,0.003103405,0.002204329,0.003095751
306,6119.992,1786878651647.510,13439465.445,0.000000000,-0.000028589,0.000853542,-0.003057074,0.002183020,0.003079471,0.002196652,0.003076032
307,6139.991,1786878651667.509,13439485.444,0.000000000,-0.000028288,0.000892551,-0.003048730,0.002226603,0.003066659,0.002221516,0.003069873
308,6159.992,1786878651687.510,13439505.445,0.000000000,-0.000031957,0.000889916,-0.003051812,0.002248539,0.003065645,0.002230097,0.003075528
309,6179.992,1786878651707.509,13439525.444,0.000000000,-0.000037792,0.000891303,-0.003052900,0.002264444,0.003065162,0.002253261,0.003076243
310,6199.993,1786878651727.511,13439545.446,0.000000000,-0.000035007,0.000859608,-0.003039181,0.002219327,0.003052952,0.002218465,0.003062446
311,6219.992,1786878651747.510,13439565.445,0.000000000,-0.000028352,0.000897467,-0.003021280,0.002237754,0.003038135,0.002236424,0.003039487
312,6239.992,1786878651767.509,13439585.444,0.000000000,-0.000021402,0.000940570,-0.003009751,0.002277143,0.003026239,0.002261447,0.003026152
313,6259.992,1786878651787.510,13439605.444,0.000000000,-0.000019198,0.000982285,-0.003014742,0.002344977,0.003028783,0.002315665,0.003030067
314,6279.991,1786878651807.509,13439625.444,0.000000000,-0.000026576,0.000997036,-0.003020683,0.002376655,0.003034356,0.002354698,0.003034705
315,6299.992,1786878651827.510,13439645.445,0.000000000,-0.000028554,0.000953920,-0.003007499,0.002320138,0.003022347,0.002304528,0.003023130
316,6319.992,1786878651847.510,13439665.444,0.000000000,-0.000025988,0.000962054,-0.002991476,0.002317741,0.003005222,0.002285025,0.003008653
317,6339.992,1786878651867.510,13439685.445,0.000000000,-0.000020627,0.000857575,-0.002990525,0.002225560,0.003010945,0.002199051,0.003006112
318,6359.993,1786878651887.511,13439705.446,0.000000000,-0.000014391,0.000832369,-0.002980180,0.002194445,0.003005129,0.002166146,0.002993109
319,6379.996,1786878651907.514,13439725.449,0.000000000,-0.000021573,0.000790204,-0.002972778,0.002145609,0.002993187,0.002129331,0.002992123
320,6399.993,1786878651927.511,13439745.446,0.000000000,-0.000027342,0.000869261,-0.002969575,0.002216738,0.002986751,0.002217025,0.002987771
321,6419.994,1786878651947.511,13439765.446,0.000000000,-0.000017091,0.000921973,-0.002951915,0.002257617,0.002969733,0.002227534,0.002968349
322,6439.992,1786878651967.510,13439785.445,0.000000000,-0.000032419,0.000829856,-0.002950069,0.002173623,0.002962131,0.002176236,0.002973723
323,6459.991,1786878651987.509,13439805.444,0.000000000,-0.000036962,0.000761325,-0.002940364,0.002100098,0.002955246,0.002135813,0.002961369
324,6479.992,1786878652007.509,13439825.444,0.000000000,-0.000031356,0.000731926,-0.002931040,0.002072337,0.002950227,0.002104772,0.002948417
325,6499.992,1786878652027.510,13439845.445,0.000000000,-0.000037752,0.000647494,-0.002927680,0.001992943,0.002944055,0.002051737,0.002949822
326,6519.992,1786878652047.509,13439865.444,0.000000000,-0.000034425,0.000608388,-0.002900813,0.001922417,0.002915855,0.001985214,0.002926328
327,6539.991,1786878652067.509,13439885.444,0.000000000,-0.000025336,0.000690119,-0.002886858,0.001967333,0.002913362,0.002017081,0.002903530
328,6559.993,1786878652087.511,13439905.446,0.000000000,-0.000030527,0.000720701,-0.002887303,0.002015588,0.002905195,0.002059042,0.002909004
329,6579.993,1786878652107.510,13439925.446,0.000000000,-0.000027506,0.000652547,-0.002922264,0.002032421,0.002941445,0.002049798,0.002944338
330,6599.993,1786878652127.510,13439945.445,0.000000000,-0.000026428,0.000725356,-0.002952754,0.002177363,0.002975596,0.002171143,0.002964554
331,6619.992,1786878652147.510,13439965.445,0.000000000,-0.000006733,0.000637228,-0.002983820,0.002164950,0.003027084,0.002114275,0.002981239
332,6639.992,1786878652167.510,13439985.444,0.000000000,-0.000017856,0.000465666,-0.002981760,0.001972652,0.003030120,0.001987455,0.002984605
333,6659.992,1786878652187.509,13440005.444,0.000000000,-0.000060856,0.000384967,-0.002966944,0.001852168,0.002992724,0.001969537,0.002991539
334,6679.992,1786878652207.510,13440025.445,0.000000000,-0.000056383,0.000408333,-0.002963040,0.001871042,0.002991151,0.001980226,0.002985999
335,6699.992,1786878652227.510,13440045.445,0.000000000,-0.000044593,0.000289383,-0.002951401,0.001750198,0.002988006,0.001865937,0.002970980
336,6719.992,1786878652247.509,13440065.444,0.000000000,-0.000030859,0.000389481,-0.002937537,0.001823906,0.002990569,0.001897277,0.002942830
337,6739.991,1786878652267.509,13440085.444,0.000000000,-0.000028693,0.000238741,-0.002952854,0.001716680,0.003005554,0.001813445,0.002962770
338,6759.991,1786878652287.509,13440105.444,0.000000000,-0.000055542,-0.000039270,-0.002948256,0.001448764,0.002978868,0.001611928,0.002987549
339,6779.991,1786878652307.509,13440125.444,0.000000000,-0.000057923,-0.000127987,-0.002957952,0.001388658,0.003003639,0.001549251,0.002986233
340,6799.992,1786878652327.510,13440145.445,0.000000000,-0.000071600,-0.000207878,-0.002908931,0.001152063,0.002958920,0.001406840,0.002948652
341,6819.991,1786878652347.509,13440165.444,0.000000000,-0.000051902,-0.000281695,-0.002883316,0.001048528,0.002925232,0.001260722,0.002938725
342,6839.992,1786878652367.510,13440185.444,0.000000000,-0.000044174,-0.000377204,-0.002867291,0.000892857,0.002932702,0.001107699,0.002914634
343,6859.990,1786878652387.508,13440205.443,0.000000000,-0.000021213,-0.000428937,-0.002836308,0.000772095,0.002912224,0.000963659,0.002884711
344,6879.992,1786878652407.510,13440225.444,0.000000000,-0.000013863,-0.000486482,-0.002829206,0.000721752,0.002907281,0.000855537,0.002881833
345,6899.994,1786878652427.511,13440245.447,0.000000000,-0.000068613,-0.000493292,-0.002831900,0.000686406,0.002897536,0.000903299,0.002894787
346,6919.992,1786878652447.510,13440265.445,0.000000000,-0.000100705,-0.000604089,-0.002820636,0.000510439,0.002894662,0.000822347,0.002880828
347,6939.995,1786878652467.513,13440285.448,0.000000000,-0.000059350,-0.000644313,-0.002819677,0.000469019,0.002898553,0.000733534,0.002879401
348,6959.993,1786878652487.510,13440305.445,0.000000000,0.000851530,0.003044262,-0.001753684,0.002348694,0.002008829,0.004906799,0.001658813
349,6979.991,1786878652507.509,13440325.444,0.000000000,-0.000049556,-0.000275857,-0.002835121,0.000995965,0.002861264,0.001453425,0.002911127
350,6999.992,1786878652527.510,13440345.444,0.000000000,0.000002861,-0.000328065,-0.002861231,0.001067729,0.002900954,0.001082289,0.002921952
351,7019.993,1786878652547.511,13440365.446,0.000000000,0.000074988,-0.000210324,-0.002874892,0.001327277,0.002900515,0.001128873,0.002936967
352,7039.993,1786878652567.510,13440385.445,0.000000000,0.000108294,0.000016179,-0.002901542,0.001720350,0.002908070,0.001395742,0.002957485
353,7059.992,1786878652587.510,13440405.444,0.000000000,0.000126585,0.000302997,-0.002905963,0.002083028,0.002906600,0.001743640,0.002940678
354,7079.996,1786878652607.513,13440425.448,0.000000000,0.000114878,0.000454840,-0.002897496,0.002238830,0.002894327,0.001950134,0.002920543
355,7099.992,1786878652627.509,13440445.444,0.000000000,0.000102647,0.000803145,-0.002814367,0.002444998,0.002804284,0.002161040,0.002830438
356,7119.992,1786878652647.510,13440465.445,0.000000000,0.000076771,0.001004436,-0.002720635,0.002418922,0.002723492,0.002215445,0.002727690
357,7139.992,1786878652667.510,13440485.445,0.000000000,0.000047888,0.000739973,-0.002643348,0.001974144,0.002652082,0.001891249,0.002667962
358,7159.991,1786878652687.509,13440505.444,0.000000000,0.000030531,0.000533182,-0.002600549,0.001690760,0.002604935,0.001609962,0.002649562
359,7179.994,1786878652707.512,13440525.447,0.000000000,0.000028422,0.000221078,-0.002562047,0.001288829,0.002593956,0.001248871,0.002611336
360,7199.995,1786878652727.512,13440545.447,0.000000000,0.000043354,-0.000021094,-0.002566912,0.001090884,0.002613066,0.001011834,0.002616571
361,7219.992,1786878652747.510,13440565.444,0.000000000,0.000040806,-0.000115850,-0.002561260,0.001001367,0.002623373,0.000905439,0.002602632
362,7239.994,1786878652767.512,13440585.447,0.000000000,0.000011627,-0.000140045,-0.002591985,0.001007902,0.002649635,0.000947612,0.002641077
363,7259.995,1786878652787.512,13440605.447,0.000000000,-0.000027268,-0.000268495,-0.002638364,0.000948266,0.002709704,0.000935240,0.002679264
364,7279.994,1786878652807.512,13440625.447,0.000000000,-0.000050594,-0.000513716,-0.002667974,0.000775636,0.002729714,0.000786380,0.002727179
365,7299.992,1786878652827.510,13440645.445,0.000000000,-0.000069443,-0.000739745,-0.002689514,0.000616520,0.002747855,0.000646310,0.002758076
366,7319.994,1786878652847.511,13440665.447,0.000000000,-0.000069235,-0.000894105,-0.002689140,0.000493820,0.002736535,0.000517317,0.002772900
367,7339.994,1786878652867.512,13440685.447,0.000000000,-0.000045291,-0.000960517,-0.002660530,0.000419504,0.002714337,0.000376427,0.002743850
368,7360.031,1786878652887.548,13440705.483,0.000000000,-0.000033646,-0.000844926,-0.002633597,0.000486700,0.002695897,0.000434491,0.002705917
369,7380.029,1786878652907.547,13440725.482,0.000000000,-0.000055167,-0.000738317,-0.002627716,0.000588231,0.002683714,0.000558000,0.002697215
370,7400.028,1786878652927.545,13440745.481,0.000000000,-0.000082767,-0.000730616,-0.002626551,0.000590290,0.002678343,0.000600488,0.002697608
371,7419.995,1786878652947.512,13440765.447,0.000000000,-0.000089318,-0.000616477,-0.002611470,0.000655459,0.002669147,0.000711681,0.002671853
372,7440.005,1786878652967.523,13440785.458,0.000000000,-0.000059415,-0.000406769,-0.002582233,0.000818937,0.002650235,0.000833304,0.002625665
373,7460.030,1786878652987.548,13440805.482,0.000000000,-0.000033042,-0.000208273,-0.002568920,0.001030012,0.002625874,0.000967313,0.002612622
374,7480.006,1786878653007.523,13440825.458,0.000000000,-0.000051369,-0.000024000,-0.002564414,0.001208776,0.002615843,0.001156025,0.002601107
375,7499.994,1786878653027.512,13440845.447,0.000000000,-0.000040735,0.000199247,-0.002590277,0.001513984,0.002624381,0.001400196,0.002626987
376,7519.993,1786878653047.510,13440865.445,0.000000000,-0.000030633,0.000245927,-0.002599068,0.001574617,0.002641079,0.001460884,0.002626580
377,7539.991,1786878653067.509,13440885.444,0.000000000,0.000017902,0.000426064,-0.002553703,0.001732117,0.002588053,0.001499135,0.002581177
378,7559.991,1786878653087.508,13440905.443,0.000000000,0.000035196,0.000773703,-0.002486294,0.001999834,0.002492262,0.001677151,0.002525196
379,7579.994,1786878653107.511,13440925.446,0.000000000,0.000054108,0.000891341,-0.002421708,0.001951754,0.002438361,0.001665089,0.002455920
380,7599.992,1786878653127.510,13440945.444,0.000000000,0.000113221,0.000629338,-0.002322483,0.001444783,0.002369507,0.001169826,0.002369884
381,7619.993,1786878653147.510,13440965.445,0.000000000,0.000096383,0.000548351,-0.002337969,0.001347449,0.002361588,0.001234511,0.002403443
382,7639.991,1786878653167.509,13440985.444,0.000000000,0.000104916,0.000368967,-0.002350597,0.001226564,0.002357667,0.001159377,0.002428525
383,7659.992,1786878653187.509,13441005.444,0.000000000,0.000137299,0.001072032,-0.002281239,0.001807826,0.002248179,0.001678936,0.002360957
384,7679.993,1786878653207.510,13441025.445,0.000000000,0.000208115,0.001797003,-0.002167684,0.002249675,0.002147191,0.002123087,0.002211516
385,7699.992,1786878653227.510,13441045.445,0.000000000,0.000261855,0.002602731,-0.002134530,0.002960730,0.002097562,0.002786249,0.002153252
386,7719.993,1786878653247.511,13441065.446,0.000000000,0.000253935,0.003048801,-0.002193689,0.003482992,0.002140674,0.003322331,0.002193974
387,7739.991,1786878653267.509,13441085.444,0.000000000,0.000263099,0.003926077,-0.002314826,0.004601601,0.002225669,0.004326310,0.002282586
388,7759.992,1786878653287.510,13441105.444,0.000000000,0.000273207,0.003893790,-0.002393100,0.004631444,0.002306300,0.004277539,0.002375460
389,7779.991,1786878653307.509,13441125.444,0.000000000,0.000274960,0.003058073,-0.002415217,0.003691032,0.002379749,0.003458607,0.002417877
390,7799.991,1786878653327.509,13441145.444,0.000000000,0.000265959,0.001733556,-0.002357544,0.002096436,0.002395243,0.002122651,0.002390241
391,7819.992,1786878653347.510,13441165.445,0.000000000,0.000247233,0.000172313,-0.002385543,0.000605765,0.002464545,0.000657908,0.002477857
392,7839.992,1786878653367.510,13441185.445,0.000000000,0.000245503,-0.001451941,-0.002383904,-0.000933565,0.002474310,-0.000693719,0.002537052
393,7859.991,1786878653387.509,13441205.444,0.000000000,0.000270891,-0.001847228,-0.002310261,-0.001158169,0.002362905,-0.001005707,0.002472863
394,7879.992,1786878653407.510,13441225.445,0.000000000,0.000235277,-0.000490173,-0.002119061,0.000026412,0.002112521,0.000048585,0.002232556
395,7899.991,1786878653427.509,13441245.444,0.000000000,0.000123331,0.001873710,-0.001944321,0.001999887,0.001864985,0.002085695,0.001986222
396,7919.993,1786878653447.510,13441265.445,0.000000000,-0.000009161,0.004194463,-0.001793112,0.003898670,0.001630621,0.004077198,0.001791923
397,7939.993,1786878653467.511,13441285.446,0.000000000,0.000441332,0.008799073,-0.001070195,0.007002688,0.001194329,0.005679551,0.000749471
398,7959.992,1786878653487.510,13441305.445,0.000000000,-0.000197466,0.005014440,-0.001601016,0.004152067,0.001454208,0.003643201,0.001643654
399,7979.992,1786878653507.510,13441325.445,0.000000000,-0.000372929,0.004742451,-0.001664245,0.003786867,0.001524061,0.003570559,0.001693533
400,7999.993,1786878653527.511,13441345.446,0.000000000,-0.000471805,0.003668083,-0.001698636,0.002441878,0.001625976,0.002691069,0.001745375
401,8019.992,1786878653547.510,13441365.445,0.000000000,-0.000556969,0.003153278,-0.001819893,0.002013374,0.001774959,0.002612133,0.001863049
402,8039.992,1786878653567.510,13441385.444,0.000000000,-0.000677285,0.002873201,-0.002140146,0.002445160,0.002034469,0.003333570,0.002192708
403,8059.992,1786878653587.510,13441405.445,0.000000000,-0.000712024,0.002929082,-0.002598464,0.003630251,0.002429083,0.004617095,0.002609906
404,8079.994,1786878653607.512,13441425.447,0.000000000,-0.000611331,0.003505916,-0.003000233,0.005208279,0.002807065,0.006091313,0.002932646
405,8099.991,1786878653627.509,13441445.444,0.000000000,-0.000435563,0.004197805,-0.003258541,0.006626531,0.003064999,0.007173338,0.003122137
406,8119.994,1786878653647.512,13441465.447,0.000000000,-0.000276462,0.005047627,-0.003279394,0.007524146,0.003130016,0.007797708,0.003084754
407,8139.995,1786878653667.512,13441485.447,0.000000000,-0.000116882,0.005994372,-0.003182346,0.008264351,0.003053170,0.008223545,0.002964683
408,8159.994,1786878653687.511,13441505.446,0.000000000,0.000021231,0.005193861,-0.003039409,0.007096551,0.002968634,0.007090814,0.002859563
409,8179.996,1786878653707.513,13441525.448,0.000000000,0.000183802,0.002632211,-0.003075425,0.004797074,0.003089728,0.004690614,0.002955187
410,8199.993,1786878653727.511,13441545.446,0.000000000,0.000270527,0.000328707,-0.003161679,0.002986851,0.003228611,0.002703403,0.003084614
411,8219.992,1786878653747.510,13441565.445,0.000000000,0.000281750,-0.000518219,-0.003111123,0.002332052,0.003180683,0.001843490,0.003054033
412,8239.994,1786878653767.511,13441585.446,0.000000000,0.000121953,-0.001621874,-0.002951238,0.000981676,0.003043055,0.000707342,0.002931549
413,8259.992,1786878653787.510,13441605.444,0.000000000,-0.000269542,-0.002520829,-0.002548921,-0.000909925,0.002621784,-0.000448908,0.002628292
414,8279.991,1786878653807.508,13441625.443,0.000000000,-0.000517819,-0.005947221,-0.001601530,-0.006683104,0.001826513,-0.005042843,0.001879835
415,8300.041,1786878653827.559,13441645.494,0.000000000,-0.000693985,-0.010043640,-0.001498974,-0.018257400,0.001758026,-0.008347397,0.001951821
416,8319.995,1786878653847.513,13441665.448,0.000000000,-0.000885675,-0.019258309,-0.002256851,-0.009762518,0.002359472,-0.008085836,0.002780912
417,8339.992,1786878653867.510,13441685.444,0.000000000,-0.000894310,-0.010648409,-0.002585093,-0.007335426,0.002642660,-0.006700914,0.003116957
418,8359.994,1786878653887.512,13441705.447,0.000000000,-0.000572348,-0.005151008,-0.002566318,-0.002919104,0.002588958,-0.003377128,0.003034260
419,8380.027,1786878653907.545,13441725.480,0.000000000,-0.000053638,0.001070553,-0.002197378,0.001941749,0.002460004,0.000149820,0.002408001
420,8399.993,1786878653927.510,13441745.445,0.000000000,0.000270556,0.002854277,-0.002221854,0.003581855,0.002486868,0.002086824,0.002273670
421,8419.993,1786878653947.510,13441765.445,0.000000000,0.000592325,0.001774635,-0.002509958,0.003636121,0.002746154,0.001626996,0.002489496
422,8439.992,1786878653967.510,13441785.445,0.000000000,0.000704891,-0.000573382,-0.002925552,0.002406846,0.003158759,0.000231638,0.002899398
423,8459.992,1786878653987.510,13441805.444,0.000000000,0.000627024,-0.001016307,-0.003067817,0.002123818,0.003274372,0.000382868,0.003001270
424,8479.992,1786878654007.510,13441825.445,0.000000000,0.000579008,-0.000678858,-0.003119538,0.002484395,0.003266613,0.000817721,0.003060781
425,8499.991,1786878654027.508,13441845.443,0.000000000,0.000561927,-0.000572286,-0.002895243,0.001663178,0.003143067,0.000451624,0.002800242
426,8519.991,1786878654047.509,13441865.444,0.000000000,0.000487070,-0.001393409,-0.002393666,-0.000480053,0.002730936,-0.000900067,0.002336058
427,8539.992,1786878654067.510,13441885.445,0.000000000,0.000433817,-0.001861865,-0.001914780,-0.002074182,0.002338838,-0.001754460,0.001881849
428,8559.993,1786878654087.510,13441905.445,0.000000000,0.000330072,-0.001488799,-0.001338960,-0.002439143,0.001729348,-0.001918333,0.001362541
429,8579.995,1786878654107.512,13441925.447,0.000000000,-0.000008102,0.001713321,-0.001423314,0.000611010,0.001811925,0.001461610,0.001373829
430,8599.991,1786878654127.509,13441945.444,0.000000000,0.000028001,0.001081768,-0.000577627,-0.000785496,0.000865318,-0.000390759,0.000701912
431,8619.992,1786878654147.510,13441965.445,0.000000000,-0.000051271,0.002281269,0.000042010,-0.000591751,0.000177351,-0.000396754,0.000144707
432,8639.992,1786878654167.509,13441985.444,0.000000000,-0.000291074,0.003415692,0.000254970,0.000069358,-0.000111778,0.000336301,-0.000047522
433,8659.991,1786878654187.509,13442005.444,0.000000000,-0.000550162,0.003212579,-0.000012487,0.000562617,0.000043319,0.000834113,0.000221677
434,8679.992,1786878654207.510,13442025.445,0.000000000,-0.017416695,0.202122495,0.001901112,0.005797624,-0.002877037,-3.374868155,0.307371765
435,8699.991,1786878654227.509,13442045.444,0.000000000,-0.002000519,0.137612835,0.000059398,0.008120173,-0.000667426,-3.303504229,0.046870351
436,8719.996,1786878654247.514,13442065.449,0.000000000,0.000806744,0.026944585,-0.001225816,0.004876480,0.001039576,-2.272886276,0.006623162
437,8739.995,1786878654267.513,13442085.448,0.000000000,0.000682873,0.004938840,-0.001887182,0.007048413,0.001549291,-1.063569069,0.001460657
438,8759.996,1786878654287.513,13442105.449,0.000000000,-0.000085240,0.007512023,-0.001500504,0.008972671,0.001098978,-0.129051328,0.000703203
439,8779.993,1786878654307.511,13442125.446,0.000000000,-0.000772084,0.082908586,-0.000890521,0.040100038,0.000804471,0.465536773,-0.000209994
440,8799.995,1786878654327.513,13442145.448,0.000000000,-0.000559621,0.063589424,-0.001114887,0.014031825,0.000891475,0.824721694,0.000186212
441,8819.994,1786878654347.512,13442165.447,0.000000000,-0.000238144,0.017567344,-0.000851670,0.007410252,0.000825881,1.020161748,-0.000179040
442,8839.991,1786878654367.509,13442185.444,0.000000000,0.000412747,0.008481389,-0.001049372,0.006662851,0.001301773,1.098773479,-0.000200615
443,8859.993,1786878654387.511,13442205.446,0.000000000,0.001050595,0.002407768,-0.001474816,0.002639697,0.001985505,1.004425526,0.000178384
444,8879.993,1786878654407.510,13442225.445,0.000000000,0.001346243,-0.005914702,-0.001969162,-0.003544897,0.002728643,0.731770456,0.000829394
445,8899.992,1786878654427.510,13442245.445,0.000000000,0.001017057,-0.049244899,-0.002513776,-0.007906886,0.003120349,0.377849817,0.001817267
446,8919.993,1786878654447.511,13442265.446,0.000000000,0.000446511,-0.104746900,-0.002883160,-0.008537828,0.003230767,0.094837189,0.002401028
447,8939.992,1786878654467.510,13442285.445,0.000000000,0.000011830,-0.118341878,-0.003160147,-0.007162957,0.003272653,0.009541806,0.002697215
448,8959.993,1786878654487.511,13442305.446,0.000000000,-0.000211324,-0.089149304,-0.003137888,-0.005721739,0.003219164,0.005512793,0.002557115
449,8980.001,1786878654507.519,13442325.453,0.000000000,-0.000349003,-0.031007892,-0.002983653,-0.005056320,0.003135511,0.006041639,0.002253583
450,8999.998,1786878654527.516,13442345.451,0.000000000,-0.000363227,-0.008091592,-0.002731998,-0.004033271,0.002917567,0.007113597,0.001933059
451,9019.994,1786878654547.512,13442365.447,0.000000000,-0.000438063,-0.005000176,-0.002621091,-0.002806316,0.002736615,0.008203297,0.001832693
452,9039.995,1786878654567.512,13442385.447,0.000000000,-0.000585168,-0.002528278,-0.002585314,-0.000812872,0.002661640,0.014027600,0.001740505
453,9059.995,1786878654587.512,13442405.447,0.000000000,-0.000694973,-0.001069932,-0.002483304,0.000069341,0.002580654,0.033786267,0.001582453
454,9080.004,1786878654607.521,13442425.456,0.000000000,-0.001834409,-0.037113614,0.000783097,-0.105762035,0.000110432,8.328693390,-0.002521103
455,9099.993,1786878654627.510,13442445.445,0.000000000,-0.000217970,-0.168432280,-0.000779413,-0.217832416,0.001431732,1.012892842,0.001520236
456,9119.993,1786878654647.511,13442465.446,0.000000000,-0.000051050,-0.026295621,-0.002193137,-0.030915296,0.002290660,-1.325992942,0.001658079
457,9139.991,1786878654667.509,13442485.444,0.000000000,0.000241222,0.000799937,-0.002340107,0.002698550,0.002244454,-0.971499801,0.001525512
458,9159.991,1786878654687.509,13442505.444,0.000000000,0.000021666,0.000826711,-0.002373351,0.002245939,0.002440268,-0.546884298,0.001521682
459,9179.993,1786878654707.510,13442525.445,0.000000000,-0.000041879,-0.000683115,-0.001545139,4.113372326,0.001455719,-0.410815179,0.000864696
460,9199.991,1786878654727.509,13442545.444,0.000000000,-0.000018332,-0.002281569,-0.002107655,-0.221960232,0.002427529,-0.258300245,0.001429132
461,9219.991,1786878654747.509,13442565.444,0.000000000,-0.000249973,0.000404413,-0.002357097,-0.405880839,0.002340704,-0.105888084,0.001606466
462,9239.992,1786878654767.510,13442585.444,0.000000000,-0.000248826,0.001269572,-0.002184932,-0.176621780,0.002171675,-0.049878739,0.001375329
463,9259.992,1786878654787.510,13442605.445,0.000000000,-0.000071560,0.001193858,-0.002165107,-0.117762469,0.002227443,-0.025143087,0.001337604
464,9279.996,1786878654807.513,13442625.448,0.000000000,-0.000179463,0.001326103,-0.002215510,-0.096844055,0.002295048,-0.011988400,0.001406390
465,9299.992,1786878654827.510,13442645.445,0.000000000,-0.000063207,0.001085278,-0.002073531,-0.056253068,0.002208162,-0.007241980,0.001292831
466,9319.993,1786878654847.510,13442665.445,0.000000000,-0.000173438,0.001516193,-0.001956794,-0.061062682,0.002092928,-0.005015180,0.001191210
467,9339.992,1786878654867.510,13442685.444,0.000000000,0.000150437,0.002138211,-0.001163839,-0.011109903,0.001388189,-0.004613889,0.000454518
468,9359.992,1786878654887.510,13442705.444,0.000000000,-2.205776691,-0.015644388,-2.446941614,-0.289186865,0.001276162,-0.004011082,0.000316702
469,9379.993,1786878654907.511,13442725.446,0.000000000,-2.471194506,0.473603874,0.157796025,-0.103914462,0.001166895,-0.003125519,0.000236551
470,9399.992,1786878654927.510,13442745.445,0.000000000,0.001700948,0.141271785,-0.367281735,0.479275286,0.414834440,0.380417705,0.400234193
471,9419.991,1786878654947.509,13442765.444,0.000000000,0.001057607,0.118947215,-0.640584230,0.728125691,0.692571759,0.585999012,0.671215534
472,9439.992,1786878654967.510,13442785.444,0.000000000,0.000153233,0.008192907,-0.949280798,1.007066369,0.977849424,0.856911540,0.955019653
473,9459.991,1786878654987.508,13442805.443,0.000000000,-0.000520196,-0.007646283,-1.190018535,1.348614931,1.209860206,1.243086934,1.193708658
474,9479.992,1786878655007.510,13442825.445,0.000000000,-0.000739321,-0.008073811,-1.361707211,1.628265858,1.385299087,1.616694808,1.383230329
475,9499.991,1786878655027.509,13442845.444,0.000000000,-0.000610965,-0.006414762,-1.479927182,1.756192684,1.500335693,1.818956614,1.509289861
476,9519.991,1786878655047.509,13442865.444,0.000000000,-0.000413614,-0.010009844,-1.570856929,1.782349586,1.571475625,1.896091819,1.587752581
477,9539.991,1786878655067.509,13442885.444,0.000000000,0.000051207,-0.037085194,-1.644950986,1.777495742,1.617401242,1.906131029,1.635432720
478,9559.992,1786878655087.510,13442905.444,0.000000000,0.000452822,-0.016660100,-1.693889618,1.818137407,1.656944275,1.895736933,1.667242527
479,9579.993,1786878655107.510,13442925.446,0.000000000,0.000369629,-0.005626935,-1.717925787,1.897271037,1.693637848,1.929746509,1.697679877
480,9599.994,1786878655127.512,13442945.447,0.000000000,0.000150134,-0.003780460,-1.730699301,1.965591192,1.721850753,1.962973595,1.721517444
481,9619.993,1786878655147.511,13442965.446,0.000000000,-0.000101452,-0.004491022,-1.741484404,1.982814074,1.736623287,1.988707304,1.738187551
482,9639.993,1786878655167.510,13442985.445,0.000000000,-0.000182118,-0.004045321,-1.748918533,1.973668933,1.743888974,1.980087519,1.745950460
483,9659.991,1786878655187.509,13443005.444,0.000000000,-0.000166920,-0.002545746,-1.749547124,1.974221110,1.749442577,1.985155821,1.751999140
484,9679.993,1786878655207.511,13443025.446,0.000000000,-0.000092009,-0.000655862,-1.745511651,1.994970083,1.758573294,2.003086805,1.760284901
485,9699.991,1786878655227.508,13443045.443,0.000000000,-0.000068845,0.000596973,-1.738786340,2.016430616,1.766663671,2.021261930,1.767572880
486,9719.993,1786878655247.511,13443065.446,0.000000000,-0.000134114,0.000429328,-1.735146999,1.999028444,1.767902017,2.004320145,1.769064665
487,9739.992,1786878655267.510,13443085.445,0.000000000,-0.000155439,-0.000859547,-1.736077905,1.953691840,1.763282418,1.966318488,1.765652180
488,9759.991,1786878655287.509,13443105.444,0.000000000,-0.000066851,-0.003008137,-1.741274238,1.901991963,1.755374670,1.909491301,1.756968975
489,9779.992,1786878655307.510,13443125.445,0.000000000,0.000025852,-0.004843286,-1.749857545,1.835092068,1.744304776,1.833025694,1.744350791
490,9799.993,1786878655327.511,13443145.446,0.000000000,0.000037883,-0.006340956,-1.761509299,1.745661259,1.730099678,1.733427882,1.729151726
491,9819.992,1786878655347.510,13443165.445,0.000000000,-0.000002133,-0.006287690,-1.772395015,1.651588678,1.717034101,1.641947031,1.716965914
492,9839.996,1786878655367.513,13443185.449,0.000000000,-0.000068549,-0.005022868,-1.778813124,1.584502816,1.710110545,1.581848741,1.711637259
493,9859.995,1786878655387.513,13443205.448,0.000000000,-0.000086587,-0.003983420,-1.781296611,1.548503637,1.708106279,1.553365588,1.711099625
494,9879.996,1786878655407.514,13443225.449,0.000000000,-0.000054628,-0.002853018,-1.779748082,1.548016667,1.709797740,1.557409048,1.713261962
495,9899.994,1786878655427.511,13443245.446,0.000000000,-0.000000581,-0.001726309,-1.774888396,1.569432497,1.714235425,1.582168818,1.717504978
496,9919.993,1786878655447.511,13443265.446,0.000000000,0.000062866,-0.000784130,-1.767209291,1.610770345,1.719925880,1.624518275,1.722378612
497,9939.992,1786878655467.510,13443285.445,0.000000000,0.000125192,0.000267677,-1.757345438,1.666202426,1.726309538,1.679008842,1.727577925
498,9959.994,1786878655487.512,13443305.447,0.000000000,0.000171413,0.001121680,-1.746341467,1.728457570,1.732466698,1.737640977,1.732408881
499,9979.994,1786878655507.512,13443325.447,0.000000000,0.000214649,0.001703049,-1.734754562,1.792474270,1.737377644,1.794649839,1.735782862
500,10000.028,1786878655527.545,13443345.480,0.000000000,0.000194311,0.002068896,-1.723724365,1.851693869,1.740282059,1.842086554,1.737576485
501,10019.994,1786878655547.511,13443365.446,0.000000000,0.000178675,0.002653740,-1.713052869,1.903490186,1.741579652,1.885915160,1.738257766
502,10040.041,1786878655567.558,13443385.493,0.000000000,0.000121499,0.003414419,-1.703498125,1.949703336,1.742990017,1.928533077,1.739860296
503,10059.995,1786878655587.512,13443405.447,0.000000000,0.000048407,0.003538310,-1.699220181,1.973854423,1.745533228,1.955629587,1.743021488
504,10079.994,1786878655607.511,13443425.446,0.000000000,-0.000009492,0.003201747,-1.699357986,1.975606322,1.747646570,1.966737747,1.746122479
505,10100.096,1786878655627.614,13443445.549,0.000000000,0.000002339,0.002277243,-1.702268720,1.958340406,1.747725129,1.957196832,1.746827722
506,10119.995,1786878655647.513,13443465.448,0.000000000,0.000031841,0.001613102,-1.705141187,1.937877655,1.746574283,1.941086054,1.745858908
507,10139.992,1786878655667.509,13443485.444,0.000000000,0.000051185,0.000976268,-1.709117532,1.909208298,1.744159937,1.911551595,1.743482709
508,10159.991,1786878655687.509,13443505.444,0.000000000,0.000049655,0.000950998,-1.712534547,1.885619760,1.742081404,1.885549426,1.741250873
509,10179.992,1786878655707.510,13443525.444,0.000000000,0.000021155,0.001335240,-1.715730309,1.868673086,1.742091417,1.869739413,1.740681529
510,10199.992,1786878655727.509,13443545.444,0.000000000,-0.000034398,0.001897906,-1.718389988,1.794540405,1.743452072,1.798245430,1.742170095
511,10219.993,1786878655747.510,13443565.445,0.000000000,-0.000011137,0.002476592,-1.720060706,1.655401707,1.745121360,1.661541820,1.743434668
512,10239.992,1786878655767.509,13443585.444,0.000000000,0.000027524,0.002911386,-1.720254779,1.474238753,1.745802760,1.480610371,1.743422270
513,10259.992,1786878655787.510,13443605.445,0.000000000,0.000072869,0.003004771,-1.719858408,1.266688943,1.745159864,1.269793630,1.742361665
514,10280.000,1786878655807.517,13443625.452,0.000000000,0.000105668,0.003230775,-1.719115853,1.051271796,1.743610978,1.049425483,1.740648389
515,10299.992,1786878655827.510,13443645.445,0.000000000,0.000143032,0.003511749,-1.717274785,0.839576542,1.740446806,0.832546830,1.737649441
516,10319.992,1786878655847.509,13443665.444,0.000000000,0.000167240,0.003584003,-1.714757919,0.638840973,1.735921979,0.626544774,1.733830690
517,10339.992,1786878655867.510,13443685.445,0.000000000,0.000208317,0.002452671,-1.703087449,0.436255336,1.713591218,0.419757366,1.712781072
518,10359.993,1786878655887.510,13443705.445,0.000000000,0.000229005,0.001322480,-1.645618677,0.284854203,1.644099116,0.266374022,1.644053936
519,10379.992,1786878655907.510,13443725.445,0.000000000,0.000255087,-0.000072526,-1.510070562,0.092298426,1.495381355,0.071733885,1.496533632
520,10399.992,1786878655927.510,13443745.444,0.000000000,0.000065632,-0.001897358,-1.336151242,0.008592270,1.311177492,0.006765939,1.314370275
521,10419.991,1786878655947.509,13443765.444,0.000000000,-0.000243542,-0.002072272,-1.144720435,0.002018001,1.113413095,0.002598189,1.117524981
522,10439.995,1786878655967.513,13443785.448,0.000000000,-0.000360193,-0.001427303,-0.946817815,0.002341649,0.912870049,0.003450707,0.916853487
523,10459.993,1786878655987.510,13443805.445,0.000000000,-0.000367642,-0.000438245,-0.753018618,0.003675342,0.718214393,0.004823472,0.722602129
524,10479.993,1786878656007.510,13443825.445,0.000000000,-0.000190770,0.001899599,-0.566160679,0.005540064,0.531551361,0.006151187,0.537217677
525,10499.992,1786878656027.510,13443845.445,0.000000000,-0.000005571,0.004170327,-0.389410377,0.006818796,0.357318997,0.006920942,0.362464845
526,10519.993,1786878656047.510,13443865.445,0.000000000,0.000072159,0.005153818,-0.232247621,0.007133747,0.204197317,0.006997744,0.207983583
527,10539.991,1786878656067.509,13443885.444,0.000000000,0.000003227,0.004256991,-0.106376037,0.006413816,0.083116688,0.006452896,0.085222796
528,10559.991,1786878656087.509,13443905.444,0.000000000,-0.000071330,0.003088613,-0.020463474,0.005605820,0.014296303,0.005913842,0.014669658
529,10579.994,1786878656107.511,13443925.446,0.000000000,-0.000043245,0.002255355,-0.007605190,0.005079819,0.007075063,0.005431911,0.007058536
530,10600.013,1786878656127.531,13443945.466,0.000000000,-0.000018807,0.001591931,-0.006768515,0.004683851,0.006654052,0.005000249,0.006619746
531,10620.034,1786878656147.552,13443965.487,0.000000000,0.000000210,0.001276222,-0.006666347,0.004567749,0.006630700,0.004827894,0.006564893
532,10640.033,1786878656167.550,13443985.485,0.000000000,-0.000010753,0.001347313,-0.006636925,0.004641816,0.006603620,0.004922089,0.006535802
533,10660.009,1786878656187.527,13444005.462,0.000000000,-0.000004197,0.001598902,-0.006524340,0.004727004,0.006486040,0.004955701,0.006428416
534,10680.051,1786878656207.568,13444025.503,0.000000000,0.000011636,0.001536903,-0.006424411,0.004549180,0.006377787,0.004697497,0.006345701
535,10700.040,1786878656227.558,13444045.493,0.000000000,0.000013391,0.001383265,-0.006370648,0.004329016,0.006329265,0.004433451,0.006299783
536,10719.995,1786878656247.512,13444065.447,0.000000000,-0.000014163,0.001204875,-0.006386295,0.004166048,0.006352643,0.004324106,0.006315761
537,10739.993,1786878656267.510,13444085.445,0.000000000,-0.000056990,0.001022547,-0.006431685,0.004058250,0.006395294,0.004308933,0.006364439
538,10760.030,1786878656287.548,13444105.483,0.000000000,-0.000070194,0.000794800,-0.006475824,0.003942026,0.006439046,0.004239826,0.006408008
539,10780.001,1786878656307.519,13444125.453,0.000000000,-0.000070250,0.000706485,-0.006486995,0.003919118,0.006448501,0.004235787,0.006416303
540,10799.996,1786878656327.513,13444145.448,0.000000000,-0.000056225,0.000838959,-0.006444979,0.004015443,0.006406307,0.004316251,0.006369099
541,10819.993,1786878656347.510,13444165.445,0.000000000,-0.000031624,0.001080953,-0.006375344,0.004168030,0.006338213,0.004419342,0.006294156
542,10839.996,1786878656367.513,13444185.448,0.000000000,-0.000017366,0.001156686,-0.006319865,0.004173264,0.006285148,0.004378283,0.006238846
543,10859.994,1786878656387.512,13444205.447,0.000000000,-0.000014566,0.001205978,-0.006260144,0.004148547,0.006227805,0.004336446,0.006177684
544,10879.994,1786878656407.512,13444225.447,0.000000000,-0.000032776,0.001216354,-0.006219461,0.004114585,0.006180199,0.004313314,0.006142982
545,10899.991,1786878656427.509,13444245.444,0.000000000,-0.000052872,0.001266748,-0.006179527,0.004100133,0.006135754,0.004329652,0.006107483
546,10919.991,1786878656447.509,13444265.444,0.000000000,-0.000050888,0.001300209,-0.006129451,0.004068797,0.006085280,0.004289975,0.006059451
547,10940.027,1786878656467.545,13444285.480,0.000000000,-0.000061262,0.001349605,-0.006106570,0.004085810,0.006056623,0.004318785,0.006042779
548,10960.030,1786878656487.548,13444305.483,0.000000000,-0.000052830,0.001324494,-0.006115112,0.004110530,0.006069722,0.004336530,0.006044634
549,10979.995,1786878656507.512,13444325.447,0.000000000,-0.000056253,0.001339303,-0.006105623,0.004138171,0.006058667,0.004366858,0.006033928
550,10999.993,1786878656527.511,13444345.446,0.000000000,-0.000056409,0.001345580,-0.006082301,0.004128864,0.006035402,0.004352942,0.006010847
551,11019.991,1786878656547.509,13444365.444,0.000000000,-0.000055026,0.001332980,-0.006055461,0.004091196,0.006012159,0.004320815,0.005981449
552,11040.046,1786878656567.564,13444385.499,0.000000000,-0.000043277,0.001343227,-0.006026342,0.004088188,0.005982205,0.004283966,0.005954007
553,11059.994,1786878656587.511,13444405.446,0.000000000,-0.000052362,0.001390327,-0.006003887,0.004113318,0.005958603,0.004308539,0.005931197
554,11079.993,1786878656607.511,13444425.446,0.000000000,-0.000065173,0.001417103,-0.005980532,0.004101639,0.005936273,0.004323697,0.005907855
555,11099.993,1786878656627.511,13444445.446,0.000000000,-0.000071500,0.001404566,-0.005951309,0.004055134,0.005907336,0.004291536,0.005879552
556,11119.991,1786878656647.509,13444465.444,0.000000000,-0.000071560,0.001382043,-0.005924978,0.004005994,0.005882705,0.004243044,0.005854106
557,11140.069,1786878656667.587,13444485.522,0.000000000,-0.000069537,0.001284476,-0.005917362,0.003923323,0.005878899,0.004161416,0.005845571
558,11160.038,1786878656687.556,13444505.491,0.000000000,-0.000066652,0.001194488,-0.005917569,0.003871607,0.005878447,0.004090361,0.005848424
559,11179.995,1786878656707.512,13444525.447,0.000000000,-0.000063110,0.001148888,-0.005912592,0.003850880,0.005873772,0.004052791,0.005844083
560,11199.993,1786878656727.511,13444545.446,0.000000000,-0.000069520,0.001071132,-0.005906851,0.003787284,0.005867236,0.003998117,0.005840876
561,11219.991,1786878656747.509,13444565.444,0.000000000,-0.000065097,0.001043370,-0.005888927,0.003750485,0.005849280,0.003954918,0.005825356
562,11240.027,1786878656767.544,13444585.479,0.000000000,-0.000061426,0.001066369,-0.005878610,0.003776713,0.005842436,0.003972965,0.005811533
563,11260.031,1786878656787.549,13444605.484,0.000000000,-0.000062372,0.000977397,-0.005893480,0.003743592,0.005859007,0.003937845,0.005825639
564,11279.996,1786878656807.514,13444625.449,0.000000000,-0.000063638,0.000990625,-0.005885207,0.003765072,0.005851574,0.003961083,0.005815132
565,11299.992,1786878656827.510,13444645.445,0.000000000,-0.000059272,0.001044972,-0.005858645,0.003809482,0.005820213,0.003986971,0.005789062
566,11319.991,1786878656847.509,13444665.444,0.000000000,-0.000056894,0.001192288,-0.005824738,0.003925628,0.005778439,0.004074280,0.005758936
567,11340.067,1786878656867.584,13444685.519,0.000000000,-0.000051373,0.001342792,-0.005784267,0.004016039,0.005739441,0.004154564,0.005715209
568,11360.027,1786878656887.545,13444705.480,0.000000000,-0.000045575,0.001373058,-0.005751618,0.004002867,0.005713847,0.004133726,0.005677977
569,11379.996,1786878656907.514,13444725.449,0.000000000,-0.000051836,0.001202581,-0.005768854,0.003877372,0.005737935,0.004034114,0.005693257
570,11400.134,1786878656927.652,13444745.587,0.000000000,-0.000055977,0.001017175,-0.005780665,0.003763028,0.005746445,0.003918914,0.005708904
571,11420.002,1786878656947.520,13444765.455,0.000000000,-0.000062840,0.000987837,-0.005733035,0.003671414,0.005696418,0.003840328,0.005665617
572,11439.993,1786878656967.511,13444785.446,0.000000000,-0.000055372,0.000814870,-0.005680087,0.003415699,0.005662882,0.003608577,0.005604404
573,11460.002,1786878656987.520,13444805.455,0.000000000,-0.000077145,0.000668356,-0.005649406,0.003213385,0.005629261,0.003440388,0.005586630
574,11479.994,1786878657007.512,13444825.447,0.000000000,-0.000080018,0.000737053,-0.005627024,0.003279784,0.005597401,0.003484734,0.005569780
575,11499.994,1786878657027.512,13444845.447,0.000000000,-0.000087226,0.000872095,-0.005604493,0.003394189,0.005570849,0.003605574,0.005545068
576,11520.006,1786878657047.523,13444865.458,0.000000000,-0.000080135,0.000927987,-0.005568889,0.003421475,0.005534396,0.003612859,0.005508383
577,11540.006,1786878657067.523,13444885.458,0.000000000,-0.000073869,0.000875350,-0.005569671,0.003398045,0.005535988,0.003580199,0.005508568
578,11560.004,1786878657087.521,13444905.456,0.000000000,-0.000062553,0.000831175,-0.005564980,0.003357425,0.005537541,0.003542232,0.005501274
579,11579.995,1786878657107.512,13444925.447,0.000000000,-0.000064341,0.000629413,-0.005587931,0.003210490,0.005566165,0.003423722,0.005524713
580,11599.993,1786878657127.511,13444945.446,0.000000000,-0.000073662,0.000303395,-0.005589896,0.002914778,0.005562792,0.003167104,0.005541384
581,11619.996,1786878657147.513,13444965.448,0.000000000,-0.000089161,-0.000006377,-0.005518985,0.002486404,0.005479487,0.002785902,0.005500024
582,11639.994,1786878657167.511,13444985.446,0.000000000,-0.000125155,-0.000231651,-0.005420475,0.002056733,0.005388501,0.002466437,0.005411066
583,11659.994,1786878657187.512,13445005.447,0.000000000,-0.000136547,-0.000293746,-0.005409252,0.002069057,0.005369233,0.002416815,0.005401826
584,11679.994,1786878657207.511,13445025.446,0.000000000,-0.000132392,-0.000041927,-0.005462139,0.002491014,0.005408712,0.002671962,0.005459463
585,11699.994,1786878657227.512,13445045.447,0.000000000,-0.000134775,0.000630744,-0.005551192,0.003274907,0.005472449,0.003396891,0.005559076
586,11719.993,1786878657247.511,13445065.446,0.000000000,0.000009909,0.000729185,-0.005727229,0.003760427,0.005760183,0.003819925,0.005600902
587,11739.992,1786878657267.510,13445085.445,0.000000000,0.000104818,0.001152831,-0.005703014,0.004299782,0.005714282,0.004144385,0.005564564
588,11759.992,1786878657287.510,13445105.445,0.000000000,0.000124543,0.001902913,-0.005468300,0.004647384,0.005441830,0.004327302,0.005363356
589,11779.993,1786878657307.511,13445125.446,0.000000000,0.000052191,0.002353810,-0.005343358,0.004759170,0.005297900,0.004517237,0.005263223
590,11799.994,1786878657327.512,13445145.447,0.000000000,-0.000070669,0.002509885,-0.005279756,0.004646651,0.005236193,0.004679598,0.005200947
591,11819.995,1786878657347.513,13445165.448,0.000000000,-0.000172418,0.001800793,-0.005221549,0.003667915,0.005209048,0.004033865,0.005157118
592,11839.993,1786878657367.510,13445185.445,0.000000000,-0.000246150,0.000450245,-0.005230047,0.002266451,0.005235198,0.002902332,0.005206898
593,11859.993,1786878657387.511,13445205.446,0.000000000,-0.000244337,-0.001359338,-0.005332056,0.000758328,0.005327744,0.001460943,0.005372131
594,11879.995,1786878657407.512,13445225.447,0.000000000,-0.000160502,-0.001939755,-0.005618694,0.000995997,0.005637279,0.001592157,0.005589000
595,11899.992,1786878657427.510,13445245.445,0.000000000,-0.000076170,-0.001517567,-0.005740624,0.002138994,0.005653255,0.002294800,0.005721321
596,11919.992,1786878657447.510,13445265.445,0.000000000,-0.000017018,-0.000345978,-0.005580852,0.003178150,0.005479126,0.003099812,0.005524173
597,11940.034,1786878657467.552,13445285.487,0.000000000,-0.000042520,0.001081833,-0.005228983,0.003735407,0.005157501,0.003714272,0.005149045
598,11960.030,1786878657487.548,13445305.483,0.000000000,-0.000146942,0.002530773,-0.004985797,0.004408194,0.004920530,0.004544108,0.004909028
599,11979.993,1786878657507.510,13445325.445,0.000000000,-0.000232269,0.003608873,-0.004958616,0.005200742,0.004879963,0.005492752,0.004884874
600,12000.029,1786878657527.547,13445345.482,0.000000000,-0.000190637,0.003862474,-0.004999051,0.005439733,0.004923341,0.005759271,0.004931399
601,12019.994,1786878657547.511,13445365.446,0.000000000,0.000005828,0.003484279,-0.005215150,0.005607263,0.005220193,0.005681571,0.005065948
602,12039.996,1786878657567.514,13445385.449,0.000000000,0.000182706,0.002037768,-0.005245097,0.004472130,0.005269220,0.004288694,0.005117660
603,12059.998,1786878657587.516,13445405.451,0.000000000,0.000241230,0.001064740,-0.005259066,0.003832755,0.005268198,0.003351828,0.005158854
604,12079.993,1786878657607.511,13445425.446,0.000000000,0.000093626,0.001126379,-0.005268793,0.004006592,0.005231028,0.003506083,0.005192758
605,12099.992,1786878657627.510,13445445.445,0.000000000,-0.000200292,0.001422223,-0.005122981,0.003676775,0.005052553,0.003732936,0.005095706
606,12119.994,1786878657647.512,13445465.447,0.000000000,-0.000325009,0.000355303,-0.004994315,0.001988016,0.004990689,0.002638697,0.004992680
607,12139.998,1786878657667.515,13445485.450,0.000000000,-0.000336920,-0.001847415,-0.005142433,-0.000030709,0.005183767,0.000924588,0.005193118
608,12159.994,1786878657687.512,13445505.447,0.000000000,-0.000219903,-0.003608364,-0.005501505,-0.000911767,0.005568116,-0.000042741,0.005553758
609,12179.995,1786878657707.513,13445525.448,0.000000000,-0.000068787,-0.003749852,-0.006036797,0.000559553,0.006071853,0.001074010,0.005977454
610,12199.997,1786878657727.515,13445545.450,0.000000000,0.000019442,-0.002017593,-0.005916077,0.002568376,0.005850110,0.002658421,0.005809286
611,12219.995,1786878657747.512,13445565.448,0.000000000,0.000026075,0.000143266,-0.005222687,0.003297877,0.005137360,0.003222294,0.005139053
612,12239.997,1786878657767.515,13445585.450,0.000000000,-0.000074808,0.002125874,-0.004541704,0.003606158,0.004455881,0.003532567,0.004514622
613,12259.999,1786878657787.517,13445605.452,0.000000000,-0.000190418,0.003093136,-0.004389007,0.004057776,0.004301884,0.004089733,0.004372091
614,12279.995,1786878657807.512,13445625.447,0.000000000,-0.000277240,0.003765214,-0.004495162,0.004765226,0.004384799,0.004898912,0.004490557
615,12299.994,1786878657827.512,13445645.447,0.000000000,-0.000252565,0.004516656,-0.004515210,0.005473549,0.004366006,0.005514940,0.004551455
616,12319.997,1786878657847.515,13445665.450,0.000000000,0.000044901,0.003440013,-0.004544158,0.004286212,0.004619271,0.004650631,0.004433046
617,12339.994,1786878657867.512,13445685.447,0.000000000,0.000419763,0.000398843,-0.004583207,0.001714461,0.004786112,0.001609177,0.004455637
618,12359.997,1786878657887.515,13445705.450,0.000000000,0.000412894,-0.001160272,-0.004742055,0.001131303,0.004808278,0.000250552,0.004738607
619,12379.996,1786878657907.513,13445725.448,0.000000000,-0.000050542,0.000167324,-0.004869662,0.002710572,0.004731579,0.002089682,0.004944236
620,12399.997,1786878657927.515,13445745.450,0.000000000,-0.000439516,0.001680847,-0.004889444,0.003736149,0.004749907,0.004093268,0.004887103
621,12419.993,1786878657947.511,13445765.446,0.000000000,-0.000599300,-0.000608939,-0.004716749,0.000677899,0.004705170,0.001885684,0.004747929
622,12440.001,1786878657967.519,13445785.454,0.000000000,-0.000439761,-0.003046082,-0.004740495,-0.001795953,0.004801805,-0.000560592,0.004868274
623,12460.027,1786878657987.545,13445805.480,0.000000000,-0.000234755,-0.003835178,-0.005336825,-0.001470929,0.005502160,-0.000085626,0.005344250
624,12479.998,1786878658007.516,13445825.451,0.000000000,-0.000114764,-0.001628759,-0.006244207,0.003143869,0.006264523,0.004133497,0.006053980
625,12500.106,1786878658027.624,13445845.559,0.000000000,-0.000033615,-0.000394439,-0.006139783,0.004698017,0.006004036,0.005276177,0.005962185
626,12519.993,1786878658047.511,13445865.446,0.000000000,0.000153589,0.001035475,-0.005316765,0.004793058,0.005108755,0.004505753,0.005268389
627,12540.002,1786878658067.519,13445885.454,0.000000000,0.000185518,0.000758935,-0.004286241,0.002463073,0.004151572,0.001756181,0.004381866
628,12559.992,1786878658087.510,13445905.445,0.000000000,-0.000082077,0.002316497,-0.003442409,0.001874113,0.003322809,0.001193399,0.003689148
629,12579.993,1786878658107.511,13445925.446,0.000000000,-0.000275572,0.001160307,-0.003244017,-0.000475916,0.003382494,0.000260653,0.003401783
630,12600.028,1786878658127.545,13445945.480,0.000000000,-0.000230974,-0.001874103,-0.003823783,-0.002374585,0.004067868,-0.001012954,0.003906174
631,12619.996,1786878658147.513,13445965.448,0.000000000,-0.000078546,0.000105423,-0.004520557,0.001295511,0.004748198,0.001803302,0.004407301
632,12640.092,1786878658167.610,13445985.545,0.000000000,-0.000159540,-0.001966256,-0.004776401,-0.000172460,0.004807829,0.000679605,0.004850561
633,12659.998,1786878658187.515,13446005.450,0.000000000,-0.000012483,-0.001179134,-0.004793252,0.000464356,0.004845331,0.001312698,0.004869067
634,12679.994,1786878658207.512,13446025.447,0.000000000,0.000408290,0.137218148,-0.005991179,0.196507841,0.005324375,0.131735921,0.005718894
635,12699.992,1786878658227.510,13446045.445,0.000000000,0.000192660,0.079612307,-0.005121700,0.144196332,0.005355015,0.107151508,0.004968697
636,12719.994,1786878658247.512,13446065.447,0.000000000,0.000755497,0.007248097,-0.004813659,0.016570447,0.005616215,0.011695841,0.004690559
637,12739.991,1786878658267.509,13446085.444,0.000000000,0.000922394,-0.017849598,-0.005178125,-0.007529371,0.006054662,-0.020695718,0.005350525
638,12759.992,1786878658287.510,13446105.445,0.000000000,0.000282007,-0.048261743,-0.005992170,-0.008139325,0.006592468,-0.014719891,0.006315724
639,12779.993,1786878658307.510,13446125.446,0.000000000,-0.000053106,-0.040868133,-0.006020479,-0.006471588,0.006415233,-0.006859247,0.006311644
640,12799.992,1786878658327.510,13446145.444,0.000000000,0.000528541,-0.010039184,-0.005147639,-0.002707027,0.005412111,-0.006363443,0.005470091
641,12819.991,1786878658347.509,13446165.444,0.000000000,-0.000381361,-0.035270505,-0.005344485,-0.008391817,0.005531130,-0.007940421,0.005811985
642,12839.992,1786878658367.509,13446185.444,0.000000000,-0.000298043,-0.061772607,-0.004827356,-0.014825539,0.005027156,-0.011908024,0.005245488
643,12859.992,1786878658387.510,13446205.444,0.000000000,-0.000543618,-0.100623190,-0.004749995,-0.022995133,0.004853015,-0.010153472,0.005173103
644,12879.992,1786878658407.510,13446225.445,0.000000000,-0.000774232,-0.086615749,-0.004596303,-0.011198555,0.004610220,-0.007500066,0.004970202
645,12899.991,1786878658427.509,13446245.444,0.000000000,-0.000933038,-0.015438578,-0.004502103,-0.005076083,0.004487295,-0.002970151,0.004736287
646,12919.992,1786878658447.510,13446265.444,0.000000000,-0.000833006,-0.003461379,-0.004401310,-0.002788227,0.004416034,-0.000896612,0.004540269
647,12939.992,1786878658467.510,13446285.445,0.000000000,-0.000658003,-0.001717240,-0.004404696,-0.001592365,0.004433325,-0.000046433,0.004484056
648,12959.991,1786878658487.509,13446305.444,0.000000000,-0.000559950,-0.000703594,-0.004551205,-0.000249804,0.004504514,0.001112048,0.004631960
649,12979.991,1786878658507.509,13446325.444,0.000000000,-0.000182378,0.001109470,-0.004439714,0.001108693,0.004596306,0.002239581,0.004296854
650,12999.991,1786878658527.509,13446345.444,0.000000000,0.000094428,0.001000199,-0.004590165,0.001472803,0.004744009,0.002058809,0.004414127
651,13019.991,1786878658547.508,13446365.443,0.000000000,0.000346420,0.000521109,-0.004783125,0.001852789,0.004883367,0.001469677,0.004645926
652,13039.991,1786878658567.508,13446385.443,0.000000000,0.001601012,0.075358443,-0.377779216,0.445943475,0.409353435,0.300201386,0.387737483
653,13059.991,1786878658587.508,13446405.443,0.000000000,0.000901264,0.026193773,-0.734679461,0.726355135,0.759287477,0.541562855,0.731685936
654,13079.993,1786878658607.511,13446425.446,0.000000000,-0.000178114,0.000926122,-1.015202641,0.947532058,1.016847134,0.824085116,0.998238623
655,13099.991,1786878658627.508,13446445.443,0.000000000,-0.000858348,-0.004236950,-1.225990534,1.257395148,1.230702519,1.213150859,1.223890781
656,13119.991,1786878658647.509,13446465.444,0.000000000,-0.001009205,-0.003303213,-1.373522043,1.543924809,1.397738457,1.591127992,1.404578447
657,13139.992,1786878658667.509,13446485.444,0.000000000,-0.000729505,-0.003795407,-1.482267737,1.718186498,1.512483001,1.818900585,1.527239084
658,13159.992,1786878658687.510,13446505.445,0.000000000,-0.000303095,-0.003498130,-1.561588287,1.841422677,1.593797803,1.933990955,1.607064009
659,13179.994,1786878658707.512,13446525.447,0.000000000,-0.000220330,-0.005223816,-1.610268116,1.887035012,1.635065556,1.966229677,1.646228790
660,13199.993,1786878658727.511,13446545.446,0.000000000,-0.000144595,-0.005012713,-1.660269618,1.867300272,1.666005373,1.916705489,1.673046231
661,13219.994,1786878658747.511,13446565.446,0.000000000,-0.000235385,-0.002686880,-1.692702889,1.775490046,1.676898479,1.792845488,1.679908991
662,13239.992,1786878658767.510,13446585.445,0.000000000,-0.000254892,-0.002309494,-1.713761091,1.728811741,1.688288808,1.726157546,1.688652515
663,13259.993,1786878658787.510,13446605.445,0.000000000,-0.000103473,-0.001222125,-1.723520041,1.773571014,1.709107161,1.772520661,1.708853006
664,13279.993,1786878658807.511,13446625.446,0.000000000,0.000066391,0.000465935,-1.723250747,1.874456763,1.735216975,1.880557418,1.734776616
665,13299.993,1786878658827.511,13446645.446,0.000000000,0.000092107,-0.000842305,-1.724478126,1.952220678,1.753533244,1.960891843,1.752964258
666,13319.996,1786878658847.513,13446665.448,0.000000000,0.000056023,-0.003884917,-1.733494043,1.963676333,1.757184982,1.971146703,1.756915569
667,13339.991,1786878658867.508,13446685.443,0.000000000,0.000086879,-0.005509966,-1.745583892,1.933052063,1.751971841,1.934543133,1.751701474
668,13360.091,1786878658887.609,13446705.544,0.000000000,0.000064316,-0.005531881,-1.755373240,1.882844090,1.743785262,1.882408500,1.744326711
669,13379.996,1786878658907.514,13446725.449,0.000000000,-0.000057597,-0.004738011,-1.761413932,1.819451094,1.735133648,1.835243583,1.739034891
670,13399.992,1786878658927.510,13446745.445,0.000000000,-0.000171766,-0.006328343,-1.769494534,1.748481750,1.723949432,1.776485443,1.730736136
671,13419.994,1786878658947.512,13446765.447,0.000000000,-0.000169836,-0.006890541,-1.775217056,1.711943746,1.717033625,1.723344445,1.722534657
672,13439.991,1786878658967.509,13446785.444,0.000000000,-0.000154679,-0.004317819,-1.776831031,1.682152510,1.713489890,1.687211156,1.718243480
673,13460.033,1786878658987.551,13446805.486,0.000000000,-0.000151734,0.000373434,-1.769060493,1.696386099,1.720940113,1.695315719,1.724361300
674,13479.995,1786878659007.512,13446825.448,0.000000000,-0.000118675,0.004525205,-1.751514912,1.785920858,1.739299774,1.760315895,1.739232302
675,13499.993,1786878659027.511,13446845.446,0.000000000,0.000031885,0.005777070,-1.728442192,1.922765136,1.759218574,1.881097317,1.755802035
676,13519.994,1786878659047.511,13446865.446,0.000000000,0.000231133,0.004301273,-1.708514094,2.045038700,1.771598816,1.995935440,1.765376091
677,13540.039,1786878659067.556,13446885.491,0.000000000,0.000240669,0.000413510,-1.704899907,2.041164637,1.767691135,2.016181231,1.763050556
678,13560.039,1786878659087.556,13446905.491,0.000000000,0.000111666,-0.002784804,-1.722448230,1.887910724,1.753660440,1.909523368,1.753524661
679,13580.029,1786878659107.547,13446925.482,0.000000000,-0.000018155,-0.002749819,-1.744773626,1.728302121,1.745759726,1.784583688,1.748598933
680,13600.033,1786878659127.551,13446945.486,0.000000000,-0.000178592,-0.001114149,-1.760084629,1.639710546,1.746113300,1.711698413,1.751393199
681,13619.995,1786878659147.513,13446965.448,0.000000000,-0.000154111,0.001483473,-1.760121584,1.646116257,1.750234604,1.721024275,1.757316470
682,13639.996,1786878659167.513,13446985.448,0.000000000,0.000060442,0.003366436,-1.750370026,1.706408739,1.753631234,1.763703823,1.759621501
683,13660.007,1786878659187.525,13447005.460,0.000000000,0.000262637,0.004835929,-1.732045889,1.824124932,1.757653475,1.830548644,1.759119153
684,13679.997,1786878659207.515,13447025.449,0.000000000,0.000211630,0.005423040,-1.713403225,1.938534975,1.759589791,1.903789639,1.757417798
685,13699.993,1786878659227.510,13447045.445,0.000000000,0.000142465,0.004838485,-1.696980834,2.012856007,1.755856872,1.965138555,1.751935363
686,13719.996,1786878659247.513,13447065.448,0.000000000,0.000089992,0.003481945,-1.685782909,2.032903433,1.746854663,1.992108583,1.742539406
687,13739.995,1786878659267.512,13447085.447,0.000000000,0.000042143,0.001603906,-1.682949901,2.004700661,1.737077594,1.974465489,1.733251572
688,13759.992,1786878659287.510,13447105.445,0.000000000,-0.000016696,-0.000575874,-1.690864086,1.932277560,1.730466008,1.914259315,1.727970362
689,13779.998,1786878659307.516,13447125.451,0.000000000,-0.000112184,-0.001924362,-1.707152963,1.843747616,1.730548382,1.844198465,1.729639292
690,13799.995,1786878659327.513,13447145.448,0.000000000,-0.000065442,-0.001571389,-1.723579288,1.787775517,1.736671686,1.803831935,1.735972285
691,13819.994,1786878659347.512,13447165.447,0.000000000,0.000003399,-0.000321524,-1.731334686,1.770138264,1.740072250,1.788091779,1.739878058
692,13839.997,1786878659367.515,13447185.450,0.000000000,0.000002385,0.000791940,-1.728733659,1.698629856,1.735849023,1.714016318,1.737485528
693,13859.994,1786878659387.512,13447205.447,0.000000000,0.000025200,0.001677986,-1.719479561,1.565126061,1.726606011,1.574349046,1.729881048
694,13879.994,1786878659407.512,13447225.447,0.000000000,0.000026396,0.002002348,-1.711585522,1.434651613,1.719214916,1.438243866,1.723208189
695,13899.991,1786878659427.509,13447245.444,0.000000000,0.000087458,0.002317322,-1.703100204,1.237450600,1.712480187,1.233253598,1.715426326
696,13919.993,1786878659447.510,13447265.445,0.000000000,0.000246821,0.002844325,-1.698268294,1.035755038,1.710361242,1.019993424,1.710783482
697,13939.993,1786878659467.510,13447285.445,0.000000000,0.000246428,0.002570773,-1.699860334,0.838316619,1.714127660,0.817010939,1.712244034
698,13959.992,1786878659487.510,13447305.444,0.000000000,0.000220223,0.001888598,-1.705417514,0.641339958,1.719661236,0.622591257,1.716013432
699,13979.998,1786878659507.516,13447325.450,0.000000000,0.000176141,0.001693941,-1.706289291,0.455918461,1.708846331,0.437630564,1.705309272
700,13999.992,1786878659527.510,13447345.445,0.000000000,0.000061089,0.001315206,-1.642826557,0.281946182,1.619519949,0.265173823,1.617006540
701,14019.992,1786878659547.509,13447365.444,0.000000000,-0.000135555,0.000359467,-1.510094643,0.116698876,1.467575192,0.111337632,1.467504025
702,14039.991,1786878659567.509,13447385.444,0.000000000,-0.000266600,-0.001311022,-1.335958958,0.013251049,1.280740619,0.014429469,1.282747984
703,14059.991,1786878659587.509,13447405.444,0.000000000,-0.000259709,-0.002093593,-1.144246459,0.003253397,1.082653046,0.004949146,1.084631085
704,14079.993,1786878659607.510,13447425.445,0.000000000,-0.000073040,-0.001827852,-0.944470286,0.003344462,0.881822646,0.004474245,0.882219970
705,14099.993,1786878659627.510,13447445.445,0.000000000,0.000027192,-0.001523619,-0.793082416,0.003524765,0.731208801,0.004182699,0.732259095
706,14119.992,1786878659647.510,13447465.444,0.000000000,0.000035656,-0.000640062,-0.595124364,0.003588292,0.536328435,0.003897578,0.539910257
707,14139.991,1786878659667.509,13447485.444,0.000000000,0.000024434,0.000390983,-0.412417054,0.003959451,0.360208541,0.004175408,0.363946080
708,14159.991,1786878659687.508,13447505.443,0.000000000,0.000131150,0.001704531,-0.255707979,0.005282177,0.211975306,0.004963022,0.214292005
709,14179.993,1786878659707.511,13447525.446,0.000000000,0.000138353,0.002674342,-0.127671391,0.006196046,0.092153221,0.005814095,0.093850531
710,14199.994,1786878659727.512,13447545.447,0.000000000,0.000102260,0.002630578,-0.029593077,0.006000339,0.016494146,0.006262088,0.017033797
711,14219.992,1786878659747.510,13447565.445,0.000000000,0.000204396,0.002457033,-0.008210167,0.006073632,0.007140585,0.006067895,0.007138928
712,14239.991,1786878659767.509,13447585.444,0.000000000,0.000019802,0.002933087,-0.006812341,0.007241463,0.006600888,0.007075471,0.006692271
713,14259.992,1786878659787.509,13447605.444,0.000000000,-0.000139715,0.002175622,-0.006773635,0.006560182,0.006707182,0.006977007,0.006637745
714,14279.992,1786878659807.510,13447625.444,0.000000000,-0.000309341,-0.000610254,-0.006229105,0.002457534,0.006148021,0.003473215,0.006293423
715,14299.990,1786878659827.508,13447645.443,0.000000000,-0.000235341,-0.001486811,-0.006384191,0.001738682,0.006394846,0.003011757,0.006405270
716,14319.993,1786878659847.510,13447665.445,0.000000000,-0.000209623,-0.001725694,-0.007112092,0.002994133,0.007192883,0.004359929,0.006974387
717,14339.992,1786878659867.510,13447685.444,0.000000000,-0.000091736,-0.001260680,-0.007320025,0.004159765,0.007370506,0.005239361,0.007128926
718,14359.991,1786878659887.508,13447705.443,0.000000000,-0.000026239,0.000151731,-0.007183506,0.005642437,0.007117891,0.006286326,0.007026496
719,14379.991,1786878659907.509,13447725.444,0.000000000,-0.000059476,0.001366942,-0.006777107,0.006051391,0.006654813,0.006716941,0.006671795
720,14399.992,1786878659927.510,13447745.444,0.000000000,-0.000045350,0.001161784,-0.006390659,0.005267112,0.006219898,0.005600620,0.006384917
721,14419.991,1786878659947.509,13447765.444,0.000000000,-0.000069384,0.002059343,-0.005831087,0.005277070,0.005596572,0.004598897,0.006008352
722,14439.990,1786878659967.508,13447785.443,0.000000000,-0.000306623,0.001761271,-0.005044192,0.002788816,0.004993477,0.003103710,0.005235691
723,14459.991,1786878659987.509,13447805.444,0.000000000,-0.000238614,-0.000129149,-0.004874861,0.000330709,0.005009410,0.001397478,0.004990119
724,14479.992,1786878660007.510,13447825.445,0.000000000,-0.000051269,-0.001568929,-0.005102389,-0.000478720,0.005282955,0.000431054,0.005170449
725,14499.991,1786878660027.509,13447845.444,0.000000000,-0.000043457,-0.001062326,-0.005570903,0.000919650,0.005713223,0.001691218,0.005601830
726,14519.993,1786878660047.510,13447865.445,0.000000000,0.000072906,0.000466768,-0.006310283,0.003831616,0.006466375,0.004414914,0.006191041
727,14539.992,1786878660067.510,13447885.444,0.000000000,0.000146788,-0.001245630,-0.006566262,0.002674391,0.006634558,0.003485066,0.006511190
728,14559.991,1786878660087.508,13447905.443,0.000000000,0.000360024,-0.001980659,-0.006348879,0.001650707,0.006409745,0.002056770,0.006367768
729,14579.991,1786878660107.509,13447925.444,0.000000000,0.000627868,-0.003250727,-0.006049898,-0.000000264,0.006172542,-0.000232850,0.006134623
730,14599.991,1786878660127.509,13447945.444,0.000000000,0.000773617,0.002526210,-0.006510562,0.033121075,0.006590941,0.008303361,0.006410711
731,14619.996,1786878660147.514,13447965.449,0.000000000,0.000031270,0.098519281,-0.007238026,0.229412109,0.006926945,0.132906079,0.007230275
732,14639.990,1786878660167.508,13447985.443,0.000000000,-0.000015446,0.006210194,-0.006916576,0.043376330,0.007160094,0.022911774,0.006883497
733,14659.991,1786878660187.509,13448005.444,0.000000000,0.000443452,-0.005655116,-0.006816422,-0.000429659,0.007297147,-0.000826325,0.006790653
734,14679.990,1786878660207.508,13448025.443,0.000000000,0.000255931,-0.007526106,-0.007316423,-0.003290490,0.007589798,-0.002533573,0.007457853
735,14699.990,1786878660227.508,13448045.443,0.000000000,0.000110610,-0.007135258,-0.007282557,-0.002997412,0.007503462,-0.001606782,0.007389530
736,14719.992,1786878660247.510,13448065.444,0.000000000,0.000620115,-0.000650343,-0.007243628,0.014159283,0.007328643,0.002583556,0.007253000
737,14739.991,1786878660267.509,13448085.444,0.000000000,0.000562665,-0.008167715,-0.006288654,-0.003722359,0.006793283,-0.005694218,0.006295697
738,14759.991,1786878660287.509,13448105.444,0.000000000,0.000031795,-0.122988142,-0.006069195,-0.059684694,0.006448893,-0.064878881,0.006447542
739,14779.992,1786878660307.510,13448125.445,0.000000000,-0.000654469,-0.192356706,-0.006543355,-0.061570846,0.006503568,-0.047572970,0.007021255
740,14799.990,1786878660327.508,13448145.443,0.000000000,-0.000969646,-0.161698282,-0.006570463,-0.018118436,0.006374869,-0.010335292,0.006962911
741,14819.992,1786878660347.509,13448165.444,0.000000000,-0.000759934,-0.039121792,-0.005843344,-0.003951579,0.005742010,-0.002319198,0.006079806
742,14839.994,1786878660367.512,13448185.447,0.000000000,-0.000998051,-0.005178320,-0.005877925,-0.001622626,0.005850723,0.000832253,0.006012177
743,14859.990,1786878660387.508,13448205.443,0.000000000,-0.000930317,-0.002151821,-0.005902271,-0.001056643,0.005927622,0.001553550,0.005977882
744,14879.991,1786878660407.509,13448225.444,0.000000000,-0.000710306,-0.002091688,-0.005896505,-0.001040448,0.005958302,0.001314688,0.005942526
745,14899.991,1786878660427.508,13448245.443,0.000000000,-0.000363385,-0.002177528,-0.006004310,-0.000693481,0.006113288,0.001072872,0.005998284
746,14919.992,1786878660447.510,13448265.445,0.000000000,0.000128193,-0.004490488,-0.005944966,-0.001760720,0.005994482,-0.001741191,0.005979034
747,14939.992,1786878660467.510,13448285.445,0.000000000,0.000090054,-0.000497331,-0.006271003,0.003432611,0.006088350,0.002087365,0.006366906
748,14959.993,1786878660487.511,13448305.446,0.000000000,0.001591576,0.011404979,-0.485743731,0.567816436,0.514564812,0.382303268,0.486972243
749,14979.993,1786878660507.510,13448325.445,0.000000000,0.000913381,-0.000968494,-0.838902771,0.838294327,0.838229775,0.642517865,0.809007108
750,14999.992,1786878660527.509,13448345.444,0.000000000,-0.000049562,0.000461004,-1.091923952,1.078874230,1.081938028,0.940087497,1.061108947
751,15019.991,1786878660547.509,13448365.444,0.000000000,-0.000680538,0.001087675,-1.229963779,1.323153853,1.238834620,1.214281917,1.222416759
752,15039.992,1786878660567.510,13448385.444,0.000000000,-0.001231336,0.001875749,-1.362789392,1.705461621,1.421296477,1.664586306,1.414914370
753,15059.992,1786878660587.510,13448405.445,0.000000000,-0.001060275,0.001337732,-1.456010580,2.028168201,1.561890364,2.076082468,1.568533063
754,15079.992,1786878660607.510,13448425.444,0.000000000,-0.000406329,-0.001630707,-1.532571197,2.157410145,1.645764947,2.251126766,1.659013867
755,15100.038,1786878660627.556,13448445.491,0.000000000,-0.000055572,-0.003935085,-1.598779798,2.072261095,1.676526070,2.163440943,1.689565659
756,15119.995,1786878660647.513,13448465.448,0.000000000,-0.000171551,-0.004172886,-1.651243806,1.871426225,1.676675439,1.967537761,1.691146731
757,15140.046,1786878660667.564,13448485.499,0.000000000,-0.000343528,-0.004594489,-1.690814257,1.706735015,1.673967957,1.815412998,1.691025615
758,15159.992,1786878660687.510,13448505.445,0.000000000,-0.000270050,-0.005780995,-1.720437169,1.633150935,1.678511024,1.744574785,1.696048379
759,15179.994,1786878660707.512,13448525.447,0.000000000,-0.000008053,-0.007400485,-1.744930387,1.638041019,1.688915133,1.712837219,1.700546145
760,15200.027,1786878660727.544,13448545.479,0.000000000,0.000099827,-0.008929231,-1.767144799,1.627649665,1.693019032,1.665096402,1.698604465
761,15219.996,1786878660747.514,13448565.449,0.000000000,0.000068748,-0.004513913,-1.773551106,1.652822733,1.702511191,1.641575813,1.701058149
762,15239.994,1786878660767.511,13448585.446,0.000000000,-0.000070276,-0.000872697,-1.766901016,1.724985361,1.718577743,1.691228747,1.714192152
763,15259.993,1786878660787.511,13448605.446,0.000000000,-0.000162671,0.001138017,-1.757078528,1.794081569,1.732287884,1.767393827,1.728999138
764,15279.992,1786878660807.510,13448625.445,0.000000000,-0.000155194,0.003120125,-1.741561890,1.889605761,1.750622034,1.876580119,1.749084473
765,15300.002,1786878660827.519,13448645.454,0.000000000,-0.000124314,0.003833454,-1.727296114,1.972333908,1.765980959,1.970785260,1.765848756
766,15319.994,1786878660847.512,13448665.447,0.000000000,-0.000099426,0.003421136,-1.716972232,2.034687281,1.776345849,2.038661480,1.776966810
767,15340.026,1786878660867.543,13448685.478,0.000000000,-0.000020404,0.002918481,-1.710569859,2.069188595,1.781784296,2.077936411,1.782630086
768,15360.032,1786878660887.549,13448705.484,0.000000000,0.000013926,0.002511318,-1.707995772,2.078412294,1.783478856,2.078061342,1.783058405
769,15379.994,1786878660907.511,13448725.446,0.000000000,0.000071782,0.002152043,-1.709483981,2.055014372,1.781767488,2.045027733,1.779738426
770,15399.994,1786878660927.511,13448745.446,0.000000000,0.000063256,0.002141795,-1.713262916,2.012573481,1.778830886,1.997571468,1.775764465
771,15420.026,1786878660947.543,13448765.478,0.000000000,-0.000018095,0.001215428,-1.719901919,1.951904774,1.773610473,1.939983010,1.771032810
772,15439.992,1786878660967.510,13448785.445,0.000000000,-0.000123338,0.001039190,-1.726315141,1.892942548,1.768058658,1.897561550,1.768132091
773,15459.993,1786878660987.511,13448805.446,0.000000000,-0.000144058,0.001260513,-1.728737593,1.862520576,1.763888478,1.885722280,1.766655087
774,15479.993,1786878661007.510,13448825.445,0.000000000,-0.000106697,0.001415832,-1.727505684,1.861302853,1.761405826,1.890488386,1.765123129
775,15499.992,1786878661027.510,13448845.444,0.000000000,-0.000040662,0.001801658,-1.723098516,1.879032016,1.758820057,1.904096484,1.762389421
776,15519.995,1786878661047.513,13448865.448,0.000000000,0.000005838,0.002074888,-1.717487812,1.904177904,1.756328702,1.918714404,1.759032488
777,15539.992,1786878661067.510,13448885.445,0.000000000,0.000013341,0.002088836,-1.712768078,1.924764872,1.753542066,1.926272392,1.755383849
778,15559.992,1786878661087.510,13448905.445,0.000000000,0.000030259,0.002100009,-1.709509373,1.936420321,1.750822425,1.928321958,1.751888275
779,15579.998,1786878661107.516,13448925.450,0.000000000,0.000064795,0.001907552,-1.707957506,1.937152863,1.748240829,1.924764395,1.748536348
780,15599.994,1786878661127.511,13448945.446,0.000000000,0.000089622,0.001609420,-1.708368301,1.927222371,1.745947480,1.914343238,1.745516300
781,15619.997,1786878661147.514,13448965.449,0.000000000,0.000098720,0.001142259,-1.710566640,1.907573342,1.743708014,1.897070527,1.742807865
782,15639.992,1786878661167.510,13448985.444,0.000000000,0.000098322,0.000603516,-1.713998199,1.880582213,1.741137147,1.873054862,1.740173817
783,15659.993,1786878661187.510,13449005.445,0.000000000,0.000099917,0.000123031,-1.717248678,1.851479650,1.737886786,1.845727324,1.737030387
784,15679.996,1786878661207.513,13449025.449,0.000000000,0.000086204,-0.000115767,-1.719024420,1.830871940,1.735051513,1.825707316,1.734435201
785,15699.993,1786878661227.511,13449045.446,0.000000000,0.000076546,-0.000205292,-1.720352054,1.807784438,1.731447935,1.803020477,1.731018782
786,15719.992,1786878661247.510,13449065.445,0.000000000,0.000055634,-0.000267012,-1.720856786,1.780192733,1.727959871,1.777689815,1.727726340
787,15739.992,1786878661267.510,13449085.445,0.000000000,0.000041955,-0.000293289,-1.720691204,1.680349231,1.724761248,1.681959391,1.724815249
788,15759.990,1786878661287.508,13449105.443,0.000000000,0.000043450,-0.000260852,-1.719896793,1.517897010,1.721903205,1.522531033,1.722174406
789,15779.993,1786878661307.510,13449125.445,0.000000000,0.000052690,-0.000186046,-1.718666911,1.318010926,1.719419122,1.324556947,1.719758153
790,15799.991,1786878661327.509,13449145.444,0.000000000,0.000067242,-0.000019678,-1.717119813,1.102213502,1.717412472,1.109774113,1.717598081
791,15819.992,1786878661347.509,13449165.444,0.000000000,0.000084897,0.000104943,-1.715532422,0.886131227,1.715842247,0.893596470,1.715766191
792,15839.997,1786878661367.515,13449185.450,0.000000000,0.000100573,0.000132396,-1.714224815,0.679769218,1.714614868,0.685795069,1.714292526
793,15859.997,1786878661387.514,13449205.449,0.000000000,0.000096849,0.000129780,-1.713376641,0.491209954,1.713668823,0.495692730,1.713488340
794,15880.002,1786878661407.520,13449225.455,0.000000000,0.000091758,0.000097854,-1.712789059,0.325077444,1.712916136,0.328142613,1.712957501
795,15899.993,1786878661427.511,13449245.446,0.000000000,0.000086054,0.000071444,-1.707380176,0.184272453,1.674350142,0.186627269,1.674486995
796,15919.992,1786878661447.510,13449265.445,0.000000000,0.000087433,-0.000059328,-1.658937812,0.095018215,1.593476892,0.097077042,1.593656421
797,15939.991,1786878661467.509,13449285.443,0.000000000,0.000092065,-0.000135404,-1.533334136,0.016541328,1.437799454,0.017142516,1.437991381
798,15959.991,1786878661487.509,13449305.444,0.000000000,0.000094778,-0.000197338,-1.360985875,0.006714507,1.248162270,0.006756443,1.248353601
799,15979.992,1786878661507.510,13449325.445,0.000000000,0.000095302,-0.000257261,-1.162970781,0.005879803,1.043313980,0.005877347,1.043476462
800,15999.993,1786878661527.510,13449345.445,0.000000000,0.000094087,-0.000276664,-0.956332088,0.005795697,0.837952852,0.005789905,0.838052869
801,16019.991,1786878661547.509,13449365.444,0.000000000,0.000088185,-0.000324744,-0.754062533,0.005728798,0.642850518,0.005735454,0.642900109
802,16039.992,1786878661567.510,13449385.444,0.000000000,0.000086518,-0.000344560,-0.565499902,0.005695626,0.465439856,0.005701430,0.465422541
803,16059.991,1786878661587.509,13449405.444,0.000000000,0.000087734,-0.000323982,-0.396830767,0.005697737,0.310280085,0.005691288,0.310168147
804,16079.991,1786878661607.509,13449425.444,0.000000000,0.000090453,-0.000297447,-0.251470596,0.005686840,0.179420233,0.005667391,0.179267853
805,16099.992,1786878661627.510,13449445.445,0.000000000,0.000096984,-0.000191037,-0.130741522,0.005754592,0.073121198,0.005695710,0.073023014
806,16119.992,1786878661647.510,13449465.445,0.000000000,0.000098842,-0.000129933,-0.034554794,0.005768360,0.013108722,0.005688685,0.013108963
807,16139.992,1786878661667.510,13449485.445,0.000000000,0.000096421,-0.000108013,-0.008769667,0.005751323,0.007059763,0.005668813,0.007068990
808,16159.991,1786878661687.508,13449505.443,0.000000000,0.000097547,-0.000127271,-0.006862347,0.005716396,0.006603357,0.005629330,0.006610140
809,16179.992,1786878661707.510,13449525.445,0.000000000,0.000074576,-0.000144048,-0.006534766,0.005665721,0.006503733,0.005632963,0.006521944
810,16199.991,1786878661727.509,13449545.444,0.000000000,0.000038367,-0.000256533,-0.006481795,0.005465378,0.006471158,0.005561859,0.006488934
811,16219.995,1786878661747.512,13449565.447,0.000000000,0.000017513,-0.000266041,-0.006456465,0.005365574,0.006456504,0.005575038,0.006459824
812,16239.991,1786878661767.509,13449585.444,0.000000000,0.000016458,-0.000331003,-0.006446982,0.005272005,0.006453608,0.005550279,0.006445826
813,16259.991,1786878661787.509,13449605.444,0.000000000,0.000046524,-0.000497109,-0.006442944,0.005159021,0.006455023,0.005394889,0.006437159
814,16279.992,1786878661807.510,13449625.445,0.000000000,0.000101656,-0.000555367,-0.006424456,0.005172167,0.006442879,0.005269807,0.006410191
815,16299.992,1786878661827.510,13449645.444,0.000000000,0.000264330,-0.000119321,-0.006372544,0.005729182,0.006405051,0.005225352,0.006351505
816,16319.992,1786878661847.510,13449665.445,0.000000000,0.000249286,0.000393307,-0.006445542,0.006467368,0.006438641,0.005805364,0.006436809
817,16339.993,1786878661867.510,13449685.445,0.000000000,0.000122476,0.000721753,-0.006477046,0.006845041,0.006432134,0.006374394,0.006472580
818,16359.992,1786878661887.510,13449705.445,0.000000000,0.000000224,0.000749760,-0.006353035,0.006424230,0.006306949,0.006260185,0.006372883
819,16379.993,1786878661907.510,13449725.445,0.000000000,-0.000064941,0.000442694,-0.006365080,0.005840463,0.006342716,0.005918417,0.006410056
820,16399.993,1786878661927.510,13449745.445,0.000000000,-0.000111699,-0.000085900,-0.006491587,0.005399626,0.006490218,0.005776789,0.006527046
821,16419.992,1786878661947.510,13449765.444,0.000000000,-0.000138990,-0.000525080,-0.006566101,0.005118674,0.006576061,0.005895669,0.006558839
822,16439.993,1786878661967.510,13449785.445,0.000000000,-0.000076125,-0.000597529,-0.006582618,0.005298767,0.006595793,0.006131861,0.006527361
823,16459.991,1786878661987.509,13449805.444,0.000000000,0.000051688,-0.000695268,-0.006402093,0.005226058,0.006398057,0.005728615,0.006344335
824,16479.992,1786878662007.510,13449825.445,0.000000000,0.000063220,-0.000627897,-0.006143334,0.004970230,0.006079855,0.005202860,0.006161236
825,16499.992,1786878662027.510,13449845.444,0.000000000,0.000007733,-0.000257620,-0.006001168,0.005058425,0.005940452,0.005202494,0.006032214
826,16519.992,1786878662047.510,13449865.445,0.000000000,0.000032424,0.000767668,-0.005959973,0.005939232,0.005932357,0.005810673,0.005971410
827,16539.995,1786878662067.512,13449885.447,0.000000000,0.000217446,0.001555887,-0.005912513,0.006761940,0.005935335,0.006049708,0.005885608
828,16559.991,1786878662087.509,13449905.444,0.000000000,0.000232894,0.001711024,-0.006000633,0.007027707,0.006017911,0.006403268,0.005968804
829,16579.993,1786878662107.511,13449925.446,0.000000000,0.000199834,0.001412909,-0.005982045,0.006737843,0.005986993,0.006285293,0.005949178
830,16599.992,1786878662127.510,13449945.445,0.000000000,0.000095907,0.000950691,-0.005886429,0.006120053,0.005869196,0.005816318,0.005881995
831,16619.992,1786878662147.510,13449965.445,0.000000000,0.000035934,0.000982463,-0.005890117,0.006083111,0.005869312,0.005785319,0.005902486
832,16640.002,1786878662167.520,13449985.455,0.000000000,-0.000056021,0.000823207,-0.005916282,0.005751361,0.005886264,0.005654458,0.005967019
833,16659.992,1786878662187.510,13450005.444,0.000000000,-0.000145775,0.000071316,-0.006094770,0.004944710,0.006111863,0.005396905,0.006138924
834,16679.993,1786878662207.511,13450025.446,0.000000000,-0.000172828,-0.001158826,-0.006294247,0.004041926,0.006348204,0.005025115,0.006291295
835,16699.992,1786878662227.510,13450045.445,0.000000000,-0.000102262,-0.001474110,-0.006472710,0.004422989,0.006512215,0.005302620,0.006416310
836,16719.995,1786878662247.513,13450065.448,0.000000000,0.000033803,-0.001143503,-0.006308542,0.004957971,0.006300101,0.005408140,0.006236471
837,16739.993,1786878662267.511,13450085.446,0.000000000,0.000072578,-0.000648271,-0.005965424,0.005042127,0.005872247,0.005102870,0.005982688
838,16759.994,1786878662287.512,13450105.447,0.000000000,0.000028591,-0.000107186,-0.005646339,0.004993686,0.005540256,0.004868838,0.005709824
839,16779.993,1786878662307.511,13450125.446,0.000000000,0.000054106,0.000933531,-0.005536744,0.005703184,0.005504681,0.005326404,0.005559253
840,16799.990,1786878662327.508,13450145.443,0.000000000,0.000151410,0.002355542,-0.005671318,0.007399484,0.005624785,0.006358297,0.005707334
841,16819.992,1786878662347.510,13450165.444,0.000000000,0.000158401,0.002752636,-0.005767215,0.007727925,0.005798706,0.007160318,0.005706801
842,16839.995,1786878662367.512,13450185.447,0.000000000,0.000238166,0.002140815,-0.005721745,0.007030562,0.005769454,0.006746061,0.005641154
843,16859.992,1786878662387.510,13450205.445,0.000000000,0.000191326,0.002101083,-0.005801896,0.007352215,0.005788155,0.006840107,0.005750573
844,16879.992,1786878662407.510,13450225.445,0.000000000,-0.000067142,0.002118828,-0.005784290,0.007149414,0.005703392,0.006963238,0.005800997
845,16900.039,1786878662427.557,13450245.492,0.000000000,-0.000164497,0.000757999,-0.005639083,0.005250443,0.005601628,0.005552059,0.005689269
846,16919.997,1786878662447.514,13450265.449,0.000000000,-0.000265903,-0.001158268,-0.005653526,0.003106134,0.005645130,0.003865787,0.005767655
847,16939.993,1786878662467.510,13450285.445,0.000000000,-0.000307919,-0.002493378,-0.006054383,0.002364219,0.006091986,0.003447159,0.006153495
848,16960.029,1786878662487.547,13450305.482,0.000000000,-0.000177863,-0.002494799,-0.006654962,0.003848738,0.006750880,0.004753415,0.006585549
849,16979.995,1786878662507.512,13450325.447,0.000000000,-0.000017599,-0.000705780,-0.006814339,0.006599794,0.006810558,0.006836334,0.006673418
850,17000.027,1786878662527.545,13450345.480,0.000000000,0.000075305,0.000201876,-0.006284183,0.006764939,0.006208579,0.006833128,0.006188155
851,17019.993,1786878662547.511,13450365.446,0.000000000,0.000140046,0.000623003,-0.005415365,0.005517404,0.005330813,0.005403452,0.005426017
852,17040.075,1786878662567.593,13450385.528,0.000000000,0.000140817,0.001514071,-0.004961890,0.005491807,0.004910652,0.005043111,0.005002610
853,17060.044,1786878662587.562,13450405.497,0.000000000,-0.000042354,0.002318225,-0.005178502,0.006719181,0.005080787,0.005977841,0.005246007
854,17079.994,1786878662607.512,13450425.447,0.000000000,-0.000466896,0.002705820,-0.005339818,0.006948866,0.005192750,0.006944587,0.005461701
855,17100.029,1786878662627.547,13450445.481,0.000000000,-0.000572994,0.000994084,-0.004951720,0.003938927,0.004912498,0.005041091,0.005127542
856,17119.996,1786878662647.513,13450465.449,0.000000000,-0.000179280,0.000379170,-0.004846607,0.003389061,0.004954962,0.003920723,0.004947367
857,17139.991,1786878662667.509,13450485.444,0.000000000,-0.000003116,0.000001657,-0.004828982,0.003179484,0.004982666,0.003352983,0.004892635
858,17159.991,1786878662687.509,13450505.444,0.000000000,0.000053741,-0.000105863,-0.004905262,0.003265677,0.005087478,0.003299853,0.004919607
859,17179.992,1786878662707.510,13450525.445,0.000000000,0.000000542,-0.000295659,-0.005060449,0.003186380,0.005212512,0.003441136,0.005090049
860,17199.991,1786878662727.509,13450545.444,0.000000000,0.000084495,0.000215063,-0.005443671,0.004312758,0.005644951,0.004451473,0.005377111
861,17219.992,1786878662747.510,13450565.445,0.000000000,0.000165635,0.001144626,-0.005926034,0.006402748,0.006052450,0.005999285,0.005822532
862,17239.994,1786878662767.511,13450585.446,0.000000000,0.000105747,0.000297850,-0.005850599,0.005484740,0.005777637,0.005307340,0.005950056
863,17259.995,1786878662787.512,13450605.447,0.000000000,0.000353458,-0.002336368,-0.005676549,0.002551251,0.005710642,0.002680325,0.005788571
864,17279.993,1786878662807.511,13450625.446,0.000000000,0.000609626,-0.004226557,-0.005560522,0.001160212,0.005623753,0.000596067,0.005670428
865,17299.991,1786878662827.509,13450645.444,0.000000000,0.001205435,0.094306447,-0.006542061,0.195476785,0.006374396,0.104237370,0.006101504
866,17319.995,1786878662847.513,13450665.448,0.000000000,0.000084968,0.051568184,-0.006166079,0.233167380,0.005897779,0.112005949,0.006190453
867,17339.996,1786878662867.513,13450685.448,0.000000000,-0.000323749,0.003542980,-0.005927869,0.054535050,0.005955155,0.018510208,0.006035021
868,17359.994,1786878662887.511,13450705.446,0.000000000,-0.000323165,-0.002664081,-0.005961995,0.003264059,0.006196416,0.003618923,0.006003749
869,17379.992,1786878662907.509,13450725.444,0.000000000,-0.000230635,-0.003864504,-0.006248156,-0.000200049,0.006481953,0.002255688,0.006316269
870,17399.992,1786878662927.510,13450745.445,0.000000000,-0.000136496,-0.005323475,-0.006351577,-0.001365880,0.006556132,0.001099994,0.006453679
871,17419.990,1786878662947.507,13450765.442,0.000000000,0.000150401,-0.004606540,-0.006384640,0.000402527,0.006570878,0.000966330,0.006465126
872,17439.991,1786878662967.509,13450785.444,0.000000000,0.000041602,-0.004734473,-0.006627173,0.000939562,0.006741190,0.001776783,0.006691847
873,17459.991,1786878662987.509,13450805.444,0.000000000,0.000366252,-0.005404732,-0.006140370,0.000361514,0.006257219,-0.000609423,0.006260627
874,17480.040,1786878663007.557,13450825.492,0.000000000,0.000475112,-0.008259489,-0.005454159,-0.003790986,0.005808586,-0.004630763,0.005539876
875,17500.029,1786878663027.547,13450845.482,0.000000000,-0.000330597,-0.052867711,-0.005824733,-0.008162406,0.005977188,-0.006725374,0.006155809
876,17520.028,1786878663047.545,13450865.480,0.000000000,-0.000676019,-0.047976557,-0.005801357,-0.006316497,0.005819251,-0.004649874,0.006151776
877,17540.027,1786878663067.545,13450885.480,0.000000000,-0.000717921,-0.012734809,-0.005505025,-0.004047950,0.005525591,-0.002396151,0.005759497
878,17559.993,1786878663087.511,13450905.446,0.000000000,-0.000720548,-0.007244991,-0.005371858,-0.003563165,0.005426698,-0.001563923,0.005576457
879,17580.032,1786878663107.550,13450925.485,0.000000000,-0.000660600,-0.004937964,-0.005419581,-0.001673209,0.005478936,0.000285926,0.005569527
880,17599.995,1786878663127.512,13450945.447,0.000000000,-0.000459982,-0.003618217,-0.005426034,-0.000368232,0.005523210,0.001362967,0.005504924
881,17619.996,1786878663147.514,13450965.449,0.000000000,-0.000321383,-0.002842906,-0.005512598,0.000662197,0.005618215,0.002151820,0.005538545
882,17639.992,1786878663167.510,13450985.445,0.000000000,-0.000145443,-0.000265936,-0.005859491,0.004136722,0.005934366,0.004720810,0.005792961
883,17660.004,1786878663187.522,13451005.457,0.000000000,-0.000127708,0.000036159,-0.005994334,0.004689355,0.006019980,0.005354772,0.005935993
884,17680.486,1786878663208.004,13451025.939,0.000000000,-0.000155581,0.000561583,-0.006434114,0.006177877,0.006341082,0.006830676,0.006397591
885,17700.598,1786878663228.116,13451046.051,0.000000000,-0.000131977,0.001063148,-0.006623305,0.006953201,0.006505856,0.007872997,0.006564880
886,17720.005,1786878663247.523,13451065.458,0.000000000,0.000192552,0.001620392,-0.006110753,0.006215534,0.006271881,0.007420237,0.005848130
887,17740.204,1786878663267.721,13451085.656,0.000000000,0.000468715,-0.000483272,-0.005730378,0.003645718,0.005990074,0.004304063,0.005486669
888,17760.538,1786878663288.056,13451105.991,0.000000000,0.001116375,0.057481438,-0.275944352,0.305145472,0.293644667,0.238703787,0.283845216
889,17780.040,1786878663307.557,13451125.492,0.000000000,0.000947776,0.037401091,-0.658458412,0.702774048,0.687512398,0.495499879,0.656501234
890,17800.005,1786878663327.522,13451145.457,0.000000000,0.000270275,-0.002329671,-0.975675523,1.078562975,0.986243546,0.871191621,0.955162704
891,17819.997,1786878663347.515,13451165.449,0.000000000,-0.000332187,-0.001473904,-1.193420887,1.474323392,1.226991296,1.344464660,1.207414031
