index,time_ms,time_realtime_ms,time_monotonic_ms,ros_timestamp,right_hand_q_0,right_hand_q_1,right_hand_q_2,right_hand_q_3,right_hand_q_4,right_hand_q_5,right_hand_q_6
0,0.000,1786876859563.461,11647381.396,0.000000000,0.001098473,-0.010582904,-0.034554444,0.043697018,0.040700786,0.043668050,0.040686894
1,19.993,1786876859583.453,11647401.388,0.000000000,0.001096118,-0.010393092,-0.036370877,0.045628622,0.042553846,0.045440767,0.042516265
2,39.992,1786876859603.453,11647421.388,0.000000000,0.001087083,-0.010318127,-0.046609029,0.056129020,0.052921824,0.055374201,0.052799571
3,59.995,1786876859623.456,11647441.391,0.000000000,0.001072539,-0.010270330,-0.063556284,0.073462926,0.070016980,0.072051853,0.069796257
4,79.991,1786876859643.452,11647461.387,0.000000000,0.001055431,-0.010228348,-0.085392915,0.096505553,0.092119358,0.094578326,0.091818579
5,99.991,1786876859663.451,11647481.386,0.000000000,0.001040253,-0.010201815,-0.110790461,0.124334782,0.117965452,0.122134395,0.117615163
6,119.992,1786876859683.453,11647501.388,0.000000000,0.001032495,-0.010240468,-0.138911635,0.154839769,0.146395966,0.152413934,0.145995200
7,139.991,1786876859703.452,11647521.387,0.000000000,0.001033629,-0.010377550,-0.169295326,0.185056686,0.176312566,0.182046443,0.175804332
8,159.990,1786876859723.451,11647541.386,0.000000000,0.001036983,-0.010554114,-0.201486647,0.213444412,0.207009062,0.209669679,0.206378311
9,179.990,1786876859743.451,11647561.386,0.000000000,0.001038622,-0.010723196,-0.234971374,0.240338162,0.238237008,0.236152172,0.237557933
10,199.991,1786876859763.452,11647581.387,0.000000000,0.001036945,-0.010893391,-0.269407213,0.266257167,0.269871950,0.262332469,0.269268811
11,219.993,1786876859783.454,11647601.389,0.000000000,0.001033400,-0.011011159,-0.295691401,0.285578966,0.293854266,0.282094151,0.293356985
12,239.991,1786876859803.452,11647621.387,0.000000000,0.001025952,-0.011125948,-0.331057906,0.312508166,0.326287985,0.309600413,0.325939059
13,259.990,1786876859823.451,11647641.386,0.000000000,0.001018386,-0.011191914,-0.366538972,0.341910928,0.359336823,0.339387983,0.359103084
14,279.990,1786876859843.451,11647661.386,0.000000000,0.001012166,-0.011203546,-0.401895434,0.374494761,0.393052965,0.372236758,0.392900139
15,299.990,1786876859863.451,11647681.386,0.000000000,0.001006686,-0.011175888,-0.437011302,0.410157770,0.427375734,0.408251822,0.427300453
16,319.991,1786876859883.452,11647701.387,0.000000000,0.001001736,-0.011125933,-0.471864730,0.448507994,0.462206095,0.446981937,0.462201446
17,339.994,1786876859903.454,11647721.389,0.000000000,0.000997161,-0.011071188,-0.506504059,0.488784581,0.497396916,0.487606436,0.497453004
18,359.995,1786876859923.455,11647741.390,0.000000000,0.000992855,-0.011018307,-0.540999472,0.530236900,0.532806873,0.529319406,0.532911420
19,379.992,1786876859943.453,11647761.388,0.000000000,0.000988788,-0.010958699,-0.575408101,0.571996927,0.568317294,0.571220756,0.568452299
20,399.993,1786876859963.454,11647781.389,0.000000000,0.000984751,-0.010887388,-0.609787226,0.613258839,0.603844762,0.612468898,0.603985548
21,419.992,1786876859983.452,11647801.387,0.000000000,0.000981416,-0.010818125,-0.644188464,0.653732419,0.639342189,0.652713776,0.639456809
22,439.990,1786876860003.450,11647821.385,0.000000000,0.000979519,-0.010756296,-0.678621471,0.693484545,0.674790323,0.692210495,0.674863577
23,459.990,1786876860023.451,11647841.386,0.000000000,0.000979024,-0.010705023,-0.713086069,0.732743859,0.710180581,0.731117427,0.710188925
24,479.993,1786876860043.454,11647861.389,0.000000000,0.000979239,-0.010681472,-0.738977551,0.761750638,0.736657202,0.759817958,0.736605048
25,499.992,1786876860063.452,11647881.387,0.000000000,0.000978724,-0.010694553,-0.773646057,0.799129069,0.771761000,0.797014177,0.771653712
26,519.991,1786876860083.452,11647901.387,0.000000000,0.000977098,-0.010737326,-0.808515847,0.834768474,0.806587160,0.832850873,0.806477129
27,539.992,1786876860103.452,11647921.387,0.000000000,0.000974969,-0.010768486,-0.843510747,0.869322240,0.841251552,0.867714167,0.841161907
28,559.991,1786876860123.452,11647941.387,0.000000000,0.000972963,-0.010778934,-0.878542483,0.903475404,0.875852704,0.902091444,0.875783980
29,579.991,1786876860143.452,11647961.387,0.000000000,0.000971018,-0.010766285,-0.913539708,0.937754035,0.910463750,0.936434627,0.910404325
30,599.991,1786876860163.452,11647981.387,0.000000000,0.000968329,-0.010736354,-0.948463678,0.972392201,0.945120692,0.971095383,0.945070744
31,619.991,1786876860183.452,11648001.386,0.000000000,0.000964925,-0.010700726,-0.983308733,1.007314563,0.979802430,1.006188154,0.979783177
32,639.991,1786876860203.451,11648021.386,0.000000000,0.000962730,-0.010657759,-1.018035650,1.042682886,1.014479280,1.041771889,1.014505744
33,659.991,1786876860223.452,11648041.386,0.000000000,0.000962193,-0.010610327,-1.052645087,1.078512788,1.049148798,1.077775478,1.049219012
34,679.995,1786876860243.456,11648061.391,0.000000000,0.000962655,-0.010570462,-1.087179303,1.114525676,1.083786845,1.113898635,1.083892703
35,699.992,1786876860263.453,11648081.388,0.000000000,0.000963569,-0.010537403,-1.121689677,1.150486708,1.118396163,1.149895787,1.118526340
36,719.993,1786876860283.454,11648101.389,0.000000000,0.000964841,-0.010506580,-1.156206131,1.186301470,1.152990460,1.185677290,1.153133512
37,739.992,1786876860303.452,11648121.387,0.000000000,0.000966193,-0.010474856,-1.190733314,1.221983194,1.187581658,1.221282482,1.187725306
38,759.994,1786876860323.455,11648141.390,0.000000000,0.000967262,-0.010452379,-1.216639280,1.248644710,1.213524461,1.247862339,1.213661551
39,779.992,1786876860343.453,11648161.388,0.000000000,0.000968390,-0.010424590,-1.251194239,1.284025073,1.248107553,1.283111691,1.248228669
40,799.994,1786876860363.454,11648181.389,0.000000000,0.000968957,-0.010396096,-1.285751224,1.319229841,1.282674551,1.318198919,1.282776356
41,819.992,1786876860383.452,11648201.387,0.000000000,0.000969267,-0.010367774,-1.320296049,1.354154110,1.317216635,1.353044748,1.317296743
42,839.989,1786876860403.449,11648221.385,0.000000000,0.000969459,-0.010342235,-1.354827881,1.387557030,1.351731300,1.386442184,1.351790905
43,859.988,1786876860423.449,11648241.384,0.000000000,0.000969713,-0.010319618,-1.389352918,1.418037057,1.386225224,1.416977763,1.386267543
44,879.989,1786876860443.450,11648261.385,0.000000000,0.000969969,-0.010298864,-1.423878193,1.444729209,1.420711160,1.443774462,1.420736670
45,899.988,1786876860463.449,11648281.384,0.000000000,0.000970020,-0.010280512,-1.458410025,1.467185974,1.455197692,1.466379523,1.455208302
46,919.989,1786876860483.450,11648301.385,0.000000000,0.000970134,-0.010263513,-1.492942929,1.485300303,1.489682555,1.484668493,1.489680052
47,939.991,1786876860503.452,11648321.387,0.000000000,0.000970479,-0.010247890,-1.527415633,1.499212146,1.524132252,1.498745441,1.524114966
48,959.990,1786876860523.451,11648341.386,0.000000000,0.000970747,-0.010235277,-1.560822129,1.509184122,1.557667375,1.508842468,1.557630658
49,979.989,1786876860543.450,11648361.385,0.000000000,0.000969685,-0.010222351,-1.591723919,1.515680790,1.588822842,1.515452504,1.588775635
50,999.990,1786876860563.451,11648381.386,0.000000000,0.000968343,-0.010206980,-1.612706184,1.518776536,1.610050917,1.518616915,1.610006094
51,1019.990,1786876860583.450,11648401.385,0.000000000,0.000965649,-0.010184846,-1.637336135,1.521077991,1.635055423,1.521061540,1.635012507
52,1039.989,1786876860603.450,11648421.385,0.000000000,0.000963333,-0.010159410,-1.657895207,1.521804810,1.656004310,1.521966696,1.655965686
53,1059.989,1786876860623.450,11648441.385,0.000000000,0.000962597,-0.010127867,-1.674322724,1.521999359,1.672801495,1.522193193,1.672786355
54,1080.012,1786876860643.473,11648461.408,0.000000000,0.000964042,-0.010090414,-1.686790109,1.522148132,1.685605288,1.522343636,1.685627222
55,1100.005,1786876860663.466,11648481.401,0.000000000,0.000967128,-0.010049672,-1.695650816,1.522292256,1.694767237,1.522484660,1.694827318
56,1120.006,1786876860683.467,11648501.402,0.000000000,0.000970830,-0.010010254,-1.701352835,1.522430182,1.700734854,1.522619009,1.700825810
57,1140.004,1786876860703.465,11648521.400,0.000000000,0.000974600,-0.009979360,-1.704390764,1.522555590,1.703998327,1.522741079,1.704119325
58,1160.004,1786876860723.465,11648541.399,0.000000000,0.000977873,-0.009955164,-1.705342293,1.522672772,1.705114245,1.522854209,1.705270648
59,1180.003,1786876860743.464,11648561.398,0.000000000,0.000980243,-0.009932413,-1.705541611,1.522789001,1.705339193,1.522966146,1.705501080
60,1200.009,1786876860763.469,11648581.404,0.000000000,0.000980962,-0.009909644,-1.705674410,1.522906423,1.705475569,1.523081779,1.705636740
61,1220.013,1786876860783.473,11648601.408,0.000000000,0.000980720,-0.009886749,-1.705803156,1.523026109,1.705606103,1.523200512,1.705765843
62,1240.005,1786876860803.465,11648621.400,0.000000000,0.000980138,-0.009870829,-1.705900192,1.523116231,1.705704451,1.523290515,1.705862999
63,1260.001,1786876860823.462,11648641.397,0.000000000,0.000978997,-0.009853035,-1.706030369,1.523234963,1.705836177,1.523409843,1.705993414
64,1279.998,1786876860843.458,11648661.393,0.000000000,0.000977830,-0.009837341,-1.706161022,1.523352981,1.705967903,1.523528695,1.706124187
65,1299.997,1786876860863.458,11648681.393,0.000000000,0.000976927,-0.009821869,-1.706291556,1.523471594,1.706099749,1.523648381,1.706255198
66,1319.999,1786876860883.460,11648701.395,0.000000000,0.000976478,-0.009805605,-1.706421733,1.523591399,1.706230879,1.523768663,1.706385612
67,1340.004,1786876860903.465,11648721.400,0.000000000,0.000976400,-0.009786189,-1.706550717,1.523713589,1.706360698,1.523890257,1.706514835
68,1360.005,1786876860923.466,11648741.401,0.000000000,0.000976570,-0.009764377,-1.706678510,1.523836970,1.706489325,1.524012446,1.706642866
69,1380.002,1786876860943.463,11648761.398,0.000000000,0.000976905,-0.009740955,-1.706805348,1.523961067,1.706616998,1.524134755,1.706769943
70,1400.002,1786876860963.463,11648781.398,0.000000000,0.000977376,-0.009717959,-1.706930757,1.524082541,1.706743240,1.524254203,1.706895709
71,1420.010,1786876860983.471,11648801.406,0.000000000,0.000977751,-0.009697195,-1.707054973,1.524199605,1.706868410,1.524369597,1.707020283
72,1440.009,1786876861003.470,11648821.405,0.000000000,0.000977986,-0.009679755,-1.707178116,1.524310946,1.706992865,1.524479628,1.707143903
73,1460.009,1786876861023.470,11648841.405,0.000000000,0.000977661,-0.009666241,-1.707299948,1.524414659,1.707116127,1.524582744,1.707266212
74,1480.004,1786876861043.464,11648861.399,0.000000000,0.000976549,-0.009655355,-1.707391858,1.524493217,1.707209229,1.524662018,1.707358956
75,1500.003,1786876861063.463,11648881.398,0.000000000,0.000974464,-0.009635730,-1.707517862,1.524609804,1.707336307,1.524778843,1.707485795
76,1519.998,1786876861083.459,11648901.394,0.000000000,0.000971846,-0.009616662,-1.707646847,1.524732113,1.707465887,1.524904609,1.707615018
77,1539.997,1786876861103.458,11648921.393,0.000000000,0.000970016,-0.009597659,-1.707775235,1.524856567,1.707594514,1.525032282,1.707743645
78,1559.996,1786876861123.457,11648941.392,0.000000000,0.000969320,-0.009572162,-1.707900524,1.524984002,1.707719684,1.525161743,1.707869172
79,1579.995,1786876861143.456,11648961.391,0.000000000,0.000970300,-0.009538824,-1.708023787,1.525117636,1.707842588,1.525293112,1.707992792
80,1599.997,1786876861163.458,11648981.392,0.000000000,0.000972369,-0.009499228,-1.708145857,1.525256038,1.707964659,1.525426388,1.708115220
81,1619.999,1786876861183.459,11649001.394,0.000000000,0.000974694,-0.009456913,-1.708265901,1.525392771,1.708084822,1.525558472,1.708235383
82,1639.999,1786876861203.460,11649021.395,0.000000000,0.000976791,-0.009421990,-1.708383679,1.525516391,1.708203435,1.525680661,1.708353281
83,1660.008,1786876861223.469,11649041.404,0.000000000,0.000978523,-0.009406689,-1.708500743,1.525618315,1.708321571,1.525784135,1.708470941
84,1680.009,1786876861243.470,11649061.405,0.000000000,0.000979895,-0.009397434,-1.708617687,1.525715232,1.708439589,1.525879741,1.708588958
85,1700.001,1786876861263.461,11649081.396,0.000000000,0.000980582,-0.009389125,-1.708705902,1.525790453,1.708528757,1.525952458,1.708677888
86,1720.000,1786876861283.461,11649101.396,0.000000000,0.000980522,-0.009376446,-1.708824635,1.525893450,1.708648920,1.526052952,1.708797216
87,1739.998,1786876861303.459,11649121.394,0.000000000,0.000979627,-0.009365303,-1.708944201,1.525996089,1.708770156,1.526154995,1.708917260
88,1759.998,1786876861323.458,11649141.393,0.000000000,0.000978270,-0.009356130,-1.709064484,1.526097655,1.708892107,1.526257992,1.709037900
89,1780.001,1786876861343.462,11649161.397,0.000000000,0.000976924,-0.009348368,-1.709184766,1.526198626,1.709013820,1.526360869,1.709158540
90,1799.994,1786876861363.455,11649181.390,0.000000000,0.000975999,-0.009340461,-1.709304094,1.526299000,1.709134579,1.526462913,1.709278345
91,1819.992,1786876861383.453,11649201.388,0.000000000,0.000975399,-0.009331345,-1.709422708,1.526400208,1.709254265,1.526564956,1.709397435
92,1839.992,1786876861403.453,11649221.388,0.000000000,0.000975089,-0.009320077,-1.709540725,1.526503563,1.709373355,1.526668191,1.709515929
93,1859.991,1786876861423.452,11649241.387,0.000000000,0.000975067,-0.009305334,-1.709658504,1.526610970,1.709492087,1.526774287,1.709634304
94,1879.994,1786876861443.455,11649261.390,0.000000000,0.000975221,-0.009289526,-1.709776163,1.526719928,1.709610581,1.526881456,1.709752321
95,1899.991,1786876861463.452,11649281.387,0.000000000,0.000975514,-0.009273583,-1.709892869,1.526828408,1.709728122,1.526988029,1.709869504
96,1919.994,1786876861483.455,11649301.390,0.000000000,0.000975718,-0.009257091,-1.710008383,1.526935458,1.709844351,1.527093172,1.709985375
97,1939.991,1786876861503.452,11649321.387,0.000000000,0.000975668,-0.009244344,-1.710094213,1.527014971,1.709930897,1.527171731,1.710071683
98,1959.993,1786876861523.454,11649341.389,0.000000000,0.000975363,-0.009226914,-1.710208297,1.527120233,1.710045576,1.527276039,1.710186243
99,1979.992,1786876861543.453,11649361.388,0.000000000,0.000974959,-0.009209422,-1.710322022,1.527224898,1.710160255,1.527380347,1.710300446
100,1999.992,1786876861563.453,11649381.388,0.000000000,0.000974517,-0.009194159,-1.710436106,1.527328134,1.710275412,1.527483940,1.710415006
101,2019.992,1786876861583.453,11649401.387,0.000000000,0.000973908,-0.009178906,-1.710550070,1.527431846,1.710390329,1.527588248,1.710529327
102,2039.990,1786876861603.450,11649421.386,0.000000000,0.000973375,-0.009161769,-1.710663438,1.527536750,1.710504413,1.527693152,1.710643172
103,2059.991,1786876861623.452,11649441.387,0.000000000,0.000973029,-0.009142492,-1.710775971,1.527642727,1.710617781,1.527798533,1.710756302
104,2079.991,1786876861643.452,11649461.387,0.000000000,0.000972749,-0.009122050,-1.710888028,1.527749062,1.710730553,1.527904272,1.710868716
105,2099.990,1786876861663.450,11649481.386,0.000000000,0.000972465,-0.009101437,-1.710999966,1.527855515,1.710843325,1.528010130,1.710981131
106,2119.989,1786876861683.450,11649501.385,0.000000000,0.000972153,-0.009081679,-1.711111784,1.527961493,1.710955977,1.528115511,1.711093307
107,2139.989,1786876861703.450,11649521.385,0.000000000,0.000971771,-0.009063484,-1.711223602,1.528066158,1.711068749,1.528219819,1.711205602
108,2159.990,1786876861723.450,11649541.385,0.000000000,0.000971334,-0.009046452,-1.711335301,1.528169990,1.711181402,1.528323174,1.711317778
109,2179.992,1786876861743.453,11649561.388,0.000000000,0.000970861,-0.009029815,-1.711446762,1.528273106,1.711293697,1.528426051,1.711429596
110,2199.990,1786876861763.450,11649581.386,0.000000000,0.000970498,-0.009017563,-1.711530089,1.528350115,1.711377621,1.528502822,1.711513281
111,2219.991,1786876861783.452,11649601.387,0.000000000,0.000970009,-0.009001375,-1.711640954,1.528452516,1.711489320,1.528604865,1.711624503
112,2239.991,1786876861803.452,11649621.387,0.000000000,0.000969519,-0.008985250,-1.711751342,1.528554559,1.711600661,1.528706551,1.711735368
113,2259.990,1786876861823.451,11649641.386,0.000000000,0.000969039,-0.008969143,-1.711861372,1.528656244,1.711711526,1.528807878,1.711845875
114,2279.990,1786876861843.451,11649661.386,0.000000000,0.000968579,-0.008953131,-1.711971045,1.528757572,1.711822033,1.528908730,1.711955905
115,2299.994,1786876861863.455,11649681.390,0.000000000,0.000968138,-0.008937338,-1.712080240,1.528858185,1.711932063,1.529008865,1.712065578
116,2319.991,1786876861883.452,11649701.387,0.000000000,0.000967708,-0.008921779,-1.712188959,1.528958082,1.712041736,1.529108405,1.712174773
117,2339.991,1786876861903.452,11649721.387,0.000000000,0.000967283,-0.008906488,-1.712297320,1.529057384,1.712151051,1.529207230,1.712283611
118,2359.992,1786876861923.453,11649741.388,0.000000000,0.000966861,-0.008891510,-1.712405324,1.529155970,1.712259889,1.529305458,1.712392092
119,2379.991,1786876861943.452,11649761.387,0.000000000,0.000966448,-0.008877030,-1.712513089,1.529253721,1.712368488,1.529402971,1.712500215
120,2399.990,1786876861963.451,11649781.386,0.000000000,0.000966045,-0.008862805,-1.712620378,1.529350996,1.712476730,1.529499888,1.712608099
121,2419.990,1786876861983.450,11649801.385,0.000000000,0.000965658,-0.008848887,-1.712727427,1.529447794,1.712584615,1.529596329,1.712715626
122,2439.990,1786876862003.451,11649821.386,0.000000000,0.000965284,-0.008835243,-1.712834120,1.529543996,1.712692261,1.529692173,1.712822914
123,2459.992,1786876862023.453,11649841.388,0.000000000,0.000965012,-0.008825171,-1.712913990,1.529615879,1.712772846,1.529763818,1.712903142
124,2479.993,1786876862043.453,11649861.388,0.000000000,0.000964657,-0.008811906,-1.713020205,1.529711485,1.712879896,1.529858947,1.713009834
125,2499.994,1786876862063.454,11649881.389,0.000000000,0.000964308,-0.008798826,-1.713126063,1.529806614,1.712986708,1.529953718,1.713116169
126,2519.995,1786876862083.456,11649901.391,0.000000000,0.000963961,-0.008785874,-1.713231683,1.529901385,1.713093281,1.530048132,1.713222265
127,2539.994,1786876862103.455,11649921.390,0.000000000,0.000963630,-0.008773476,-1.713337064,1.529995561,1.713199496,1.530141830,1.713328123
128,2559.993,1786876862123.453,11649941.388,0.000000000,0.000963295,-0.008761629,-1.713442087,1.530088902,1.713305473,1.530234694,1.713433743
129,2579.992,1786876862143.453,11649961.388,0.000000000,0.000962964,-0.008749773,-1.713546753,1.530182004,1.713411093,1.530327320,1.713539004
130,2599.993,1786876862163.454,11649981.389,0.000000000,0.000962626,-0.008737698,-1.713651061,1.530274987,1.713516355,1.530419827,1.713643909
131,2619.991,1786876862183.451,11650001.386,0.000000000,0.000962336,-0.008725629,-1.713755131,1.530367970,1.713621378,1.530512214,1.713748455
132,2639.992,1786876862203.453,11650021.388,0.000000000,0.000962153,-0.008713769,-1.713858962,1.530460596,1.713726044,1.530604124,1.713852644
133,2659.991,1786876862223.452,11650041.386,0.000000000,0.000961835,-0.008702279,-1.713962317,1.530552506,1.713830471,1.530695796,1.713956594
134,2679.993,1786876862243.454,11650061.389,0.000000000,0.000961614,-0.008690816,-1.714065313,1.530643582,1.713934422,1.530786872,1.714059949
135,2699.992,1786876862263.453,11650081.388,0.000000000,0.000961473,-0.008682298,-1.714142323,1.530711770,1.714012146,1.530855060,1.714137197
136,2719.991,1786876862283.452,11650101.387,0.000000000,0.000961262,-0.008671339,-1.714244723,1.530802250,1.714115500,1.530945301,1.714240193
137,2739.992,1786876862303.452,11650121.387,0.000000000,0.000961002,-0.008660624,-1.714346766,1.530892134,1.714218497,1.531034946,1.714342713
138,2759.991,1786876862323.452,11650141.387,0.000000000,0.000960675,-0.008649287,-1.714448571,1.530982256,1.714321256,1.531124949,1.714445114
139,2779.991,1786876862343.451,11650161.386,0.000000000,0.000960202,-0.008637775,-1.714550257,1.531072617,1.714423776,1.531215310,1.714547276
140,2799.994,1786876862363.454,11650181.389,0.000000000,0.000959595,-0.008626932,-1.714651704,1.531162143,1.714526176,1.531305075,1.714649320
141,2819.991,1786876862383.452,11650201.386,0.000000000,0.000959019,-0.008615927,-1.714752793,1.531251550,1.714628220,1.531394601,1.714751005
142,2839.991,1786876862403.452,11650221.386,0.000000000,0.000958543,-0.008605184,-1.714853764,1.531340599,1.714730024,1.531483650,1.714852333
143,2859.995,1786876862423.456,11650241.391,0.000000000,0.000958242,-0.008594598,-1.714954376,1.531429648,1.714831591,1.531572223,1.714953542
144,2879.994,1786876862443.454,11650261.389,0.000000000,0.000958071,-0.008583726,-1.715054631,1.531518936,1.714932799,1.531660676,1.715054393
145,2899.991,1786876862463.452,11650281.387,0.000000000,0.000957985,-0.008572441,-1.715154529,1.531608343,1.715033531,1.531748891,1.715154767
146,2919.989,1786876862483.450,11650301.385,0.000000000,0.000957934,-0.008560873,-1.715253949,1.531697631,1.715133786,1.531836987,1.715254784
147,2939.991,1786876862503.452,11650321.387,0.000000000,0.000957890,-0.008549383,-1.715352893,1.531786203,1.715233564,1.531924605,1.715354323
148,2959.991,1786876862523.452,11650341.387,0.000000000,0.000957861,-0.008540726,-1.715426803,1.531852126,1.715308189,1.531989932,1.715428591
149,2979.994,1786876862543.454,11650361.389,0.000000000,0.000957823,-0.008529461,-1.715525150,1.531939745,1.715407491,1.532076836,1.715527415
150,2999.992,1786876862563.453,11650381.388,0.000000000,0.000957788,-0.008518815,-1.715623379,1.532026768,1.715506554,1.532163024,1.715626121
151,3019.991,1786876862583.451,11650401.386,0.000000000,0.000957665,-0.008509195,-1.715721369,1.532112718,1.715605497,1.532248259,1.715724707
152,3039.990,1786876862603.451,11650421.386,0.000000000,0.000957387,-0.008500705,-1.715819120,1.532197356,1.715704203,1.532332778,1.715823054
153,3059.991,1786876862623.452,11650441.387,0.000000000,0.000957038,-0.008492386,-1.715916753,1.532281637,1.715802670,1.532417297,1.715921164
154,3079.991,1786876862643.451,11650461.386,0.000000000,0.000956855,-0.008483726,-1.716013789,1.532365680,1.715900660,1.532501101,1.716018796
155,3099.991,1786876862663.452,11650481.387,0.000000000,0.000956843,-0.008474436,-1.716110587,1.532450557,1.715998411,1.532585025,1.716116071
156,3119.994,1786876862683.455,11650501.390,0.000000000,0.000956630,-0.008465049,-1.716207504,1.532535911,1.716096401,1.532669663,1.716213465
157,3139.995,1786876862703.455,11650521.390,0.000000000,0.000956170,-0.008457509,-1.716304660,1.532619715,1.716194630,1.532753468,1.716311097
158,3159.992,1786876862723.453,11650541.387,0.000000000,0.000955636,-0.008450892,-1.716401696,1.532702446,1.716292739,1.532836795,1.716408610
159,3179.991,1786876862743.452,11650561.387,0.000000000,0.000955234,-0.008444837,-1.716498494,1.532784700,1.716390491,1.532919288,1.716505885
160,3199.993,1786876862763.454,11650581.388,0.000000000,0.000954980,-0.008439727,-1.716594696,1.532865524,1.716487646,1.532999992,1.716602683
161,3219.990,1786876862783.451,11650601.386,0.000000000,0.000954934,-0.008435749,-1.716666222,1.532925487,1.716559768,1.533059835,1.716674805
162,3239.989,1786876862803.450,11650621.385,0.000000000,0.000955103,-0.008429295,-1.716760874,1.533005476,1.716655254,1.533139348,1.716770172
163,3259.991,1786876862823.452,11650641.387,0.000000000,0.000955395,-0.008421969,-1.716855168,1.533085823,1.716750383,1.533219337,1.716865182
164,3279.991,1786876862843.452,11650661.387,0.000000000,0.000955674,-0.008414745,-1.716949224,1.533166170,1.716845393,1.533299088,1.716959953
165,3299.990,1786876862863.450,11650681.386,0.000000000,0.000955724,-0.008407244,-1.717043042,1.533246160,1.716940045,1.533378839,1.717054486
166,3319.991,1786876862883.452,11650701.386,0.000000000,0.000955634,-0.008398645,-1.717137098,1.533327937,1.717035055,1.533460498,1.717149138
167,3339.992,1786876862903.453,11650721.388,0.000000000,0.000955288,-0.008389156,-1.717231750,1.533411860,1.717130780,1.533544302,1.717244267
168,3359.991,1786876862923.452,11650741.387,0.000000000,0.000954442,-0.008381608,-1.717327118,1.533495307,1.717226982,1.533628225,1.717339993
169,3379.990,1786876862943.451,11650761.386,0.000000000,0.000953522,-0.008378207,-1.717422009,1.533574224,1.717323065,1.533707976,1.717435360
170,3399.989,1786876862963.450,11650781.385,0.000000000,0.000952977,-0.008378826,-1.717516422,1.533648372,1.717418790,1.533783197,1.717530131
171,3419.990,1786876862983.450,11650801.386,0.000000000,0.000952624,-0.008381659,-1.717610598,1.533720374,1.717514277,1.533856273,1.717624903
172,3439.990,1786876863003.450,11650821.386,0.000000000,0.000951937,-0.008385413,-1.717705131,1.533791661,1.717610121,1.533929229,1.717719913
173,3459.991,1786876863023.452,11650841.387,0.000000000,0.000950906,-0.008389419,-1.717775941,1.533843637,1.717681885,1.533983707,1.717791319
174,3479.992,1786876863043.453,11650861.388,0.000000000,0.000949828,-0.008394178,-1.717869520,1.533912182,1.717776775,1.534055233,1.717885494
175,3499.990,1786876863063.451,11650881.386,0.000000000,0.000949136,-0.008398722,-1.717962384,1.533979535,1.717871189,1.534124851,1.717979074
176,3519.990,1786876863083.451,11650901.386,0.000000000,0.000948090,-0.008406899,-1.718055487,1.534043789,1.717965484,1.534191966,1.718073010
177,3539.995,1786876863103.456,11650921.391,0.000000000,0.000946629,-0.008417838,-1.718148589,1.534105539,1.718059778,1.534257054,1.718167067
178,3559.993,1786876863123.454,11650941.389,0.000000000,0.000945277,-0.008430782,-1.718241334,1.534164429,1.718153954,1.534319639,1.718260765
179,3579.993,1786876863143.454,11650961.389,0.000000000,0.000944158,-0.008445093,-1.718333244,1.534220338,1.718247533,1.534379005,1.718353748
180,3599.991,1786876863163.452,11650981.387,0.000000000,0.000943223,-0.008461618,-1.718424797,1.534272909,1.718340755,1.534435034,1.718446374
181,3619.991,1786876863183.451,11651001.386,0.000000000,0.000942890,-0.008480527,-1.718515873,1.534322619,1.718433857,1.534486771,1.718538523
182,3639.991,1786876863203.452,11651021.387,0.000000000,0.000942216,-0.008501684,-1.718606710,1.534370065,1.718526602,1.534535885,1.718630672
183,3659.991,1786876863223.452,11651041.386,0.000000000,0.000886733,-0.012578372,-1.719041109,1.534466386,1.718604445,1.534603715,1.718704581
184,3679.993,1786876863243.453,11651061.388,0.000000000,0.000763970,-0.015619880,-1.719725251,1.534545422,1.718686342,1.534666181,1.718787193
185,3699.989,1786876863263.450,11651081.385,0.000000000,0.000734622,-0.016047576,-1.719909906,1.534587383,1.718779206,1.534718513,1.718881488
186,3719.991,1786876863283.452,11651101.387,0.000000000,0.000726271,-0.016084025,-1.719984651,1.534617782,1.718850255,1.534759760,1.718953013
187,3739.992,1786876863303.452,11651121.387,0.000000000,0.000718141,-0.016094333,-1.720076799,1.534661770,1.718945742,1.534818053,1.719048977
188,3759.991,1786876863323.452,11651141.387,0.000000000,0.000713381,-0.016095882,-1.720168710,1.534713030,1.719041705,1.534879565,1.719145656
189,3779.990,1786876863343.450,11651161.386,0.000000000,0.000711643,-0.016092500,-1.720260739,1.534771681,1.719137549,1.534943938,1.719242215
190,3799.992,1786876863363.453,11651181.388,0.000000000,0.000713267,-0.016083585,-1.720350623,1.534834623,1.719231606,1.535007119,1.719336510
191,3819.991,1786876863383.452,11651201.387,0.000000000,0.000717856,-0.016068241,-1.720438361,1.534902096,1.719323635,1.535069346,1.719428182
192,3839.992,1786876863403.453,11651221.388,0.000000000,0.000724211,-0.016050113,-1.720524430,1.534972429,1.719413877,1.535129666,1.719518304
193,3859.989,1786876863423.450,11651241.385,0.000000000,0.000730801,-0.016027875,-1.720608592,1.535045981,1.719502211,1.535190940,1.719606757
194,3879.992,1786876863443.453,11651261.388,0.000000000,0.000736699,-0.016000375,-1.720690846,1.535121441,1.719588637,1.535254478,1.719693065
195,3899.994,1786876863463.455,11651281.390,0.000000000,0.000740840,-0.015975069,-1.720771909,1.535191417,1.719673991,1.535316229,1.719778061
196,3919.990,1786876863483.450,11651301.386,0.000000000,0.000743252,-0.015956532,-1.720852494,1.535252333,1.719758987,1.535373330,1.719862938
197,3939.992,1786876863503.453,11651321.388,0.000000000,0.000744677,-0.015940890,-1.720932484,1.535309076,1.719843388,1.535427332,1.719947457
198,3959.992,1786876863523.452,11651341.387,0.000000000,0.000745926,-0.015928211,-1.721012354,1.535362720,1.719927788,1.535478354,1.720031738
199,3979.990,1786876863543.450,11651361.385,0.000000000,0.000746727,-0.015921183,-1.721072674,1.535401583,1.719991684,1.535515308,1.720095396
200,3999.992,1786876863563.453,11651381.388,0.000000000,0.000747456,-0.015916016,-1.721153975,1.535450816,1.720077753,1.535562754,1.720181227
201,4019.991,1786876863583.452,11651401.387,0.000000000,0.000747915,-0.015913468,-1.721235871,1.535498619,1.720164418,1.535609365,1.720267534
202,4039.994,1786876863603.455,11651421.390,0.000000000,0.000748027,-0.015910214,-1.721317291,1.535546541,1.720250726,1.535656333,1.720353365
203,4059.992,1786876863623.453,11651441.388,0.000000000,0.000748034,-0.015906597,-1.721398115,1.535594225,1.720336437,1.535702348,1.720438719
204,4079.994,1786876863643.455,11651461.390,0.000000000,0.000747629,-0.015902558,-1.721478701,1.535641432,1.720421791,1.535748720,1.720523834
205,4099.992,1786876863663.453,11651481.388,0.000000000,0.000747201,-0.015899118,-1.721559286,1.535688400,1.720507026,1.535794377,1.720608950
206,4119.990,1786876863683.451,11651501.386,0.000000000,0.000747042,-0.015897317,-1.721639752,1.535734057,1.720592380,1.535838246,1.720693946
207,4139.991,1786876863703.452,11651521.387,0.000000000,0.000746797,-0.015896678,-1.721719861,1.535778642,1.720677376,1.535880685,1.720778584
208,4159.994,1786876863723.455,11651541.389,0.000000000,0.000745612,-0.015897000,-1.721799970,1.535821915,1.720762372,1.535923481,1.720863223
209,4179.995,1786876863743.456,11651561.391,0.000000000,0.000743893,-0.015898423,-1.721880198,1.535864472,1.720847487,1.535966277,1.720947981
210,4199.995,1786876863763.456,11651581.391,0.000000000,0.000742395,-0.015899004,-1.721960425,1.535908580,1.720932484,1.536010146,1.721032739
211,4219.994,1786876863783.455,11651601.390,0.000000000,0.000741412,-0.015898040,-1.722020507,1.535943151,1.720996022,1.536044002,1.721096039
212,4239.993,1786876863803.454,11651621.389,0.000000000,0.000740241,-0.015892429,-1.722100139,1.535992742,1.721080303,1.536092520,1.721179962
213,4259.993,1786876863823.454,11651641.389,0.000000000,0.000739333,-0.015880967,-1.722178936,1.536047101,1.721163869,1.536145329,1.721262813
214,4279.993,1786876863843.453,11651661.388,0.000000000,0.000738483,-0.015866961,-1.722257495,1.536103487,1.721246839,1.536199927,1.721345544
215,4299.993,1786876863863.454,11651681.388,0.000000000,0.000737898,-0.015850769,-1.722335935,1.536162138,1.721329451,1.536256909,1.721428156
216,4319.994,1786876863883.454,11651701.389,0.000000000,0.000737999,-0.015825158,-1.722413063,1.536228180,1.721410394,1.536320090,1.721509337
217,4339.991,1786876863903.452,11651721.387,0.000000000,0.000738477,-0.015786652,-1.722487807,1.536301255,1.721489072,1.536392093,1.721587896
218,4359.994,1786876863923.455,11651741.390,0.000000000,0.000740440,-0.015747583,-1.722560883,1.536371350,1.721566319,1.536461353,1.721664548
219,4379.994,1786876863943.454,11651761.389,0.000000000,0.000744693,-0.015709311,-1.722632408,1.536440611,1.721641898,1.536523819,1.721740127
220,4399.993,1786876863963.454,11651781.389,0.000000000,0.000750846,-0.015674718,-1.722702503,1.536504269,1.721716046,1.536577106,1.721814752
221,4419.991,1786876863983.452,11651801.387,0.000000000,0.000757268,-0.015648160,-1.722773433,1.536559463,1.721791148,1.536624551,1.721890569
222,4439.990,1786876864003.451,11651821.386,0.000000000,0.000762639,-0.015625760,-1.722846389,1.536612272,1.721868157,1.536674738,1.721968174
223,4459.990,1786876864023.451,11651841.386,0.000000000,0.000767041,-0.015594169,-1.722920775,1.536677241,1.721946120,1.536739469,1.722046971
224,4479.993,1786876864043.453,11651861.388,0.000000000,0.000770428,-0.015555238,-1.722977281,1.536743522,1.722004652,1.536803126,1.722106338
225,4499.993,1786876864063.454,11651881.389,0.000000000,0.000774390,-0.015479655,-1.723052859,1.536856055,1.722081900,1.536909819,1.722185373
226,4519.992,1786876864083.453,11651901.388,0.000000000,0.000777794,-0.015394666,-1.723127484,1.536972404,1.722158194,1.537023783,1.722263455
227,4539.992,1786876864103.452,11651921.387,0.000000000,0.000782939,-0.015327401,-1.723199844,1.537063003,1.722233653,1.537114739,1.722339511
228,4559.992,1786876864123.453,11651941.387,0.000000000,0.000789754,-0.015293574,-1.723271370,1.537116408,1.722310185,1.537168860,1.722415447
229,4579.992,1786876864143.453,11651961.388,0.000000000,0.000796044,-0.015294551,-1.723345399,1.537141085,1.722389817,1.537193298,1.722495198
230,4599.992,1786876864163.452,11651981.387,0.000000000,0.000799936,-0.015324355,-1.723421693,1.537141323,1.722471476,1.537200809,1.722577691
231,4619.990,1786876864183.451,11652001.386,0.000000000,0.000803809,-0.015352946,-1.723496437,1.537146688,1.722550631,1.537213206,1.722658515
232,4639.990,1786876864203.451,11652021.386,0.000000000,0.000807648,-0.015345373,-1.723567009,1.537186146,1.722623825,1.537255287,1.722733974
233,4659.994,1786876864223.455,11652041.390,0.000000000,0.000818213,-0.015209880,-1.723624587,1.537333369,1.722687483,1.537365675,1.722790241
234,4679.993,1786876864243.454,11652061.389,0.000000000,0.000821086,-0.015108173,-1.723680854,1.537441254,1.722747326,1.537448168,1.722849011
235,4699.991,1786876864263.451,11652081.386,0.000000000,0.000010621,0.000586318,-0.003286986,0.003808140,0.003516850,0.002762262,0.003362978
236,4719.994,1786876864283.455,11652101.390,0.000000000,0.000032356,0.001486949,-0.015501735,0.017134549,0.016353842,0.012303581,0.015641827
237,4739.994,1786876864303.455,11652121.390,0.000000000,0.000039229,0.001558244,-0.028863596,0.029829238,0.029772554,0.022417117,0.028679151
238,4759.993,1786876864323.454,11652141.388,0.000000000,0.000037493,0.001574475,-0.050838053,0.050636053,0.051669437,0.041076325,0.050258361
239,4779.991,1786876864343.452,11652161.387,0.000000000,0.000024720,0.001603225,-0.076221362,0.078003235,0.077559046,0.067941710,0.076074138
240,4799.991,1786876864363.452,11652181.387,0.000000000,0.000007066,0.001641628,-0.103973202,0.112046838,0.106688924,0.103036784,0.105362669
241,4819.990,1786876864383.451,11652201.386,0.000000000,-0.000006623,0.001647932,-0.133554384,0.149836749,0.137981892,0.142498299,0.136908486
242,4839.991,1786876864403.452,11652221.387,0.000000000,-0.000013186,0.001649967,-0.164538354,0.189226985,0.170642272,0.183154270,0.169759974
243,4859.990,1786876864423.451,11652241.386,0.000000000,-0.000016184,0.001677451,-0.196491703,0.229052216,0.204171106,0.223321378,0.203341961
244,4879.989,1786876864443.450,11652261.385,0.000000000,-0.000020973,0.001709672,-0.229149684,0.268384993,0.238202006,0.262376100,0.237336725
245,4899.991,1786876864463.452,11652281.386,0.000000000,-0.000028078,0.001732111,-0.262339264,0.306961119,0.272537470,0.300517380,0.271614403
246,4919.989,1786876864483.450,11652301.385,0.000000000,-0.000034315,0.001756582,-0.295911252,0.344987333,0.307100296,0.338093728,0.306108713
247,4939.989,1786876864503.449,11652321.385,0.000000000,-0.000039536,0.001800156,-0.329700530,0.382698059,0.341851741,0.375383288,0.340782106
248,4959.991,1786876864523.452,11652341.387,0.000000000,-0.000044074,0.001864381,-0.363579661,0.420316428,0.376769394,0.412825108,0.375645697
249,4979.993,1786876864543.453,11652361.388,0.000000000,-0.000046604,0.001921867,-0.389011055,0.448482603,0.403042644,0.441003561,0.401893973
250,4999.990,1786876864563.451,11652381.386,0.000000000,-0.000048078,0.001998955,-0.422951907,0.485860139,0.438137621,0.478422552,0.436954886
251,5019.991,1786876864583.452,11652401.387,0.000000000,-0.000047740,0.002084493,-0.456902891,0.523256063,0.473304510,0.515844405,0.472085059
252,5039.989,1786876864603.450,11652421.385,0.000000000,-0.000047651,0.002188485,-0.490768522,0.561403692,0.508618832,0.554053187,0.507382452
253,5059.993,1786876864623.454,11652441.389,0.000000000,-0.000049460,0.002273978,-0.524541616,0.600745440,0.544085264,0.593750715,0.542909265
254,5079.993,1786876864643.453,11652461.388,0.000000000,-0.000052859,0.002282375,-0.558349669,0.641000628,0.579567432,0.634959102,0.578583241
255,5099.992,1786876864663.453,11652481.387,0.000000000,-0.000054758,0.002097853,-0.592463791,0.680649161,0.614735782,0.676368415,0.614093900
256,5120.004,1786876864683.464,11652501.399,0.000000000,-0.000051066,0.001442770,-0.627228737,0.716783226,0.649280012,0.714037776,0.648941755
257,5139.997,1786876864703.458,11652521.392,0.000000000,-0.000047419,-0.000609746,-0.662748754,0.748187840,0.683108568,0.745909691,0.682939887
258,5159.997,1786876864723.458,11652541.393,0.000000000,-0.000046474,-0.002989606,-0.698681116,0.776409924,0.716464996,0.774074137,0.716410279
259,5179.997,1786876864743.458,11652561.392,0.000000000,-0.000042757,-0.005082727,-0.734828234,0.802990139,0.749597132,0.800594389,0.749635160
260,5199.996,1786876864763.457,11652581.392,0.000000000,-0.000035221,-0.005994611,-0.761945188,0.822396636,0.774390876,0.819895864,0.774432480
261,5219.992,1786876864783.453,11652601.388,0.000000000,-0.000021623,-0.006300873,-0.798175037,0.847971380,0.807612777,0.845082462,0.807538390
262,5239.990,1786876864803.451,11652621.386,0.000000000,-0.000004731,-0.006371233,-0.834390163,0.873874128,0.841171145,0.870089352,0.840799570
263,5259.991,1786876864823.452,11652641.387,0.000000000,0.000008776,-0.006304867,-0.870405018,0.901180148,0.875290453,0.896434665,0.874493539
264,5279.994,1786876864843.455,11652661.390,0.000000000,0.000013641,-0.006254809,-0.906296074,0.929017365,0.909727275,0.924590766,0.908608139
265,5299.993,1786876864863.454,11652681.389,0.000000000,0.000015545,-0.006251987,-0.942001581,0.957614541,0.944178045,0.954502940,0.942882001
266,5319.993,1786876864883.454,11652701.389,0.000000000,0.000018441,-0.006277995,-0.977445483,0.987216890,0.978508711,0.985834837,0.977118790
267,5339.991,1786876864903.452,11652721.387,0.000000000,0.000018987,-0.006312833,-1.012489557,1.018002748,1.012599349,1.018589973,1.011188507
268,5359.992,1786876864923.452,11652741.387,0.000000000,0.000017463,-0.006345788,-1.047080874,1.049967885,1.046412468,1.052351236,1.045024037
269,5379.991,1786876864943.451,11652761.386,0.000000000,0.000014295,-0.006378287,-1.081303596,1.082836151,1.079996943,1.086416245,1.078640580
270,5399.990,1786876864963.450,11652781.385,0.000000000,0.000009572,-0.006398752,-1.115289807,1.116315246,1.113451958,1.120505452,1.112136126
271,5419.992,1786876864983.452,11652801.387,0.000000000,0.000001771,-0.006391090,-1.149118185,1.150425792,1.146890044,1.154908180,1.145643473
272,5439.994,1786876865003.455,11652821.390,0.000000000,-0.000071205,-0.002606348,-1.173512578,1.180586338,1.171875477,1.094838262,1.136442065
273,5459.989,1786876865023.450,11652841.385,0.000000000,-0.000100381,0.001887076,-1.205810905,1.221629262,1.205383897,0.919513464,1.044853926
274,5479.989,1786876865043.450,11652861.385,0.000000000,-0.000074258,0.002525338,-1.238804221,1.259949565,1.239189386,0.695999622,0.910544813
275,5499.995,1786876865063.455,11652881.390,0.000000000,-0.000075970,0.002919926,-1.271950364,1.298980951,1.273088455,0.517162621,0.813315272
276,5519.993,1786876865083.454,11652901.389,0.000000000,-0.000073626,0.002968976,-1.305287957,1.337666035,1.307111025,0.385943711,0.755043924
277,5539.993,1786876865103.454,11652921.389,0.000000000,-0.000073028,0.002912025,-1.339180112,1.373873711,1.341395497,0.295043796,0.728649080
278,5559.990,1786876865123.450,11652941.386,0.000000000,-0.000075471,0.002831328,-1.373579264,1.406348348,1.375921607,0.239395976,0.724077821
279,5579.990,1786876865143.451,11652961.386,0.000000000,-0.000077093,0.002766337,-1.408355951,1.434675217,1.410681367,0.212447420,0.730268002
280,5599.990,1786876865163.451,11652981.386,0.000000000,-0.000080802,0.002716622,-1.443235636,1.458560228,1.445457697,0.206271544,0.743987978
281,5619.990,1786876865183.451,11653001.386,0.000000000,-0.000085867,0.002854211,-1.477796435,1.479722857,1.480107903,0.214167953,0.763817906
282,5639.989,1786876865203.449,11653021.385,0.000000000,-0.000087085,0.002949679,-1.512077093,1.497898340,1.514638066,0.232677639,0.788229346
283,5659.990,1786876865223.451,11653041.386,0.000000000,-0.000089352,0.003004629,-1.545705676,1.512056947,1.548402190,0.258406341,0.815791368
284,5679.989,1786876865243.450,11653061.385,0.000000000,-0.000107384,0.003025229,-1.569646239,1.519702554,1.572323799,0.281373233,0.838023543
285,5699.994,1786876865263.454,11653081.389,0.000000000,-0.000111975,0.003088313,-1.599033594,1.527301788,1.601621628,0.315237403,0.869192898
286,5719.992,1786876865283.453,11653101.388,0.000000000,-0.000107492,0.003204857,-1.624793649,1.533499837,1.627253532,0.352346569,0.901803374
287,5739.991,1786876865303.452,11653121.387,0.000000000,-0.000105718,0.003322602,-1.646632433,1.538423538,1.648897409,0.391217560,0.935441971
288,5759.991,1786876865323.452,11653141.386,0.000000000,-0.000108026,0.003323536,-1.664673209,1.540885448,1.666658878,0.429052055,0.969481051
289,5779.991,1786876865343.452,11653161.387,0.000000000,-0.000111172,0.003390247,-1.678957939,1.541581511,1.680693984,0.467259765,1.003996730
290,5799.992,1786876865363.453,11653181.388,0.000000000,-0.000108361,0.003423727,-1.689736605,1.541758776,1.691261768,0.505514741,1.038788557
291,5819.991,1786876865383.452,11653201.386,0.000000000,-0.000103471,0.003320542,-1.697487712,1.541834235,1.698791027,0.541622162,1.073494196
292,5839.990,1786876865403.451,11653221.386,0.000000000,-0.000100572,0.003169930,-1.702649474,1.541872144,1.703691602,0.574551344,1.107902288
293,5859.989,1786876865423.450,11653241.385,0.000000000,-0.000104185,0.003163651,-1.705583692,1.541976452,1.706382632,0.607569516,1.142498255
294,5879.989,1786876865443.450,11653261.385,0.000000000,-0.000109540,0.003159091,-1.706643224,1.542065024,1.707254052,0.641140878,1.177217126
295,5899.992,1786876865463.453,11653281.388,0.000000000,-0.000116757,0.003135606,-1.706871390,1.542132020,1.707452416,0.674907386,1.211964250
296,5919.994,1786876865483.455,11653301.390,0.000000000,-0.000126614,0.003097390,-1.706978798,1.542160511,1.707555771,0.699870110,1.237980485
297,5939.992,1786876865503.453,11653321.388,0.000000000,-0.000139507,0.003072932,-1.707116723,1.542221427,1.707692504,0.733409822,1.272749543
298,5959.991,1786876865523.452,11653341.387,0.000000000,-0.000149995,0.003056168,-1.707255483,1.542294979,1.707830667,0.767131269,1.307617307
299,5979.992,1786876865543.453,11653361.388,0.000000000,-0.000159340,0.003027821,-1.707394481,1.542360306,1.707968354,0.800599039,1.342535138
300,5999.993,1786876865563.454,11653381.389,0.000000000,-0.000166649,0.002988859,-1.707531810,1.542414308,1.708103895,0.833643734,1.377444744
301,6019.992,1786876865583.452,11653401.387,0.000000000,-0.000172143,0.002940051,-1.707666278,1.542455435,1.708236694,0.866278291,1.412296772
302,6039.991,1786876865603.452,11653421.386,0.000000000,-0.000174683,0.002900643,-1.707800865,1.542508602,1.708370924,0.898707867,1.447082043
303,6059.989,1786876865623.450,11653441.385,0.000000000,-0.000179574,0.002882749,-1.707947016,1.542607069,1.708515763,0.931083679,1.482046485
304,6079.989,1786876865643.450,11653461.385,0.000000000,-0.000187043,0.002829560,-1.708082438,1.542648196,1.708647370,0.962903857,1.517039895
305,6099.992,1786876865663.453,11653481.388,0.000000000,-0.000188808,0.002773367,-1.708213091,1.542680621,1.708775878,0.994477510,1.551340342
306,6119.991,1786876865683.452,11653501.387,0.000000000,0.000005196,-0.000012384,-0.005970276,0.005975405,0.006021095,0.005023588,0.005877657
307,6139.995,1786876865703.455,11653521.390,0.000000000,0.000022550,-0.000040734,-0.020635894,0.019411338,0.020363310,0.016639093,0.019947501
308,6159.993,1786876865723.454,11653541.389,0.000000000,0.000035148,0.000039642,-0.035224032,0.032101642,0.034650724,0.028120888,0.034053631
309,6179.992,1786876865743.453,11653561.388,0.000000000,0.000041392,0.000158487,-0.058168720,0.052932620,0.057446346,0.047261741,0.056594368
310,6199.991,1786876865763.451,11653581.386,0.000000000,0.000034094,0.000211175,-0.084215134,0.079607338,0.083882302,0.072921798,0.082876548
311,6219.992,1786876865783.453,11653601.388,0.000000000,0.000018888,0.000178005,-0.112696074,0.111059800,0.113065630,0.104977675,0.112147935
312,6239.990,1786876865803.451,11653621.386,0.000000000,0.000005417,0.000037567,-0.143221751,0.143716589,0.143855616,0.139385685,0.143193766
313,6259.990,1786876865823.450,11653641.385,0.000000000,-0.000002397,-0.000420268,-0.175502047,0.176399902,0.175633967,0.173945561,0.175239071
314,6279.989,1786876865843.450,11653661.385,0.000000000,-0.000004144,-0.001257323,-0.209082782,0.210040927,0.208250359,0.208995193,0.208046153
315,6299.990,1786876865863.451,11653681.386,0.000000000,-0.000000995,-0.001513490,-0.243390232,0.245942309,0.241718054,0.245443970,0.241574079
316,6319.990,1786876865883.451,11653701.386,0.000000000,0.000002632,-0.001630969,-0.278085887,0.284339786,0.275929838,0.283625931,0.275737882
317,6339.989,1786876865903.449,11653721.384,0.000000000,0.000001949,-0.001700418,-0.312932283,0.324496329,0.310674667,0.323302954,0.310410738
318,6359.989,1786876865923.450,11653741.385,0.000000000,-0.000001363,-0.001756729,-0.347852260,0.365342498,0.345716745,0.363571107,0.345385969
319,6379.991,1786876865943.451,11653761.386,0.000000000,-0.000004567,-0.001755591,-0.382726252,0.406371772,0.380954593,0.403968126,0.380557805
320,6399.990,1786876865963.450,11653781.385,0.000000000,-0.000007479,-0.001727818,-0.408785492,0.436959684,0.407466441,0.434204876,0.407036960
321,6419.989,1786876865983.450,11653801.385,0.000000000,-0.000011690,-0.001688383,-0.443459719,0.476871967,0.442809224,0.474054575,0.442386001
322,6439.989,1786876866003.450,11653821.385,0.000000000,-0.000013391,-0.001658380,-0.478096485,0.515938938,0.478122711,0.513647258,0.477762729
323,6459.989,1786876866023.450,11653841.385,0.000000000,-0.000009124,-0.001686340,-0.512745559,0.554827511,0.513417363,0.553737998,0.513158858
324,6479.992,1786876866043.453,11653861.388,0.000000000,-0.000001273,-0.001890206,-0.547651649,0.592826664,0.548466086,0.592746854,0.548238158
325,6499.993,1786876866063.454,11653881.389,0.000000000,0.000003083,-0.002276150,-0.582945049,0.629243135,0.583099604,0.628919423,0.582767189
326,6519.992,1786876866083.452,11653901.387,0.000000000,0.000000995,-0.002526704,-0.618500292,0.664057612,0.617365599,0.662676454,0.616913676
327,6539.992,1786876866103.453,11653921.388,0.000000000,-0.000004944,-0.002674547,-0.654160082,0.697467685,0.651384950,0.695233047,0.650925100
328,6559.993,1786876866123.453,11653941.388,0.000000000,-0.000011531,-0.002778232,-0.689816892,0.729884803,0.685291529,0.727402270,0.684950113
329,6579.992,1786876866143.453,11653961.388,0.000000000,-0.000015720,-0.002873582,-0.725451767,0.761590123,0.719130158,0.759345353,0.718977690
330,6599.992,1786876866163.453,11653981.387,0.000000000,-0.000015337,-0.002963714,-0.761044800,0.792936862,0.752932191,0.791160941,0.752967417
331,6619.989,1786876866183.449,11654001.385,0.000000000,-0.000011122,-0.003038629,-0.796562910,0.824285030,0.786759615,0.822988749,0.786931157
332,6639.991,1786876866203.451,11654021.386,0.000000000,-0.000006649,-0.003082223,-0.823152065,0.847853363,0.812180161,0.846874595,0.812413931
333,6659.990,1786876866223.450,11654041.385,0.000000000,0.000000004,-0.003119274,-0.858540237,0.879444182,0.846192241,0.878835320,0.846460581
334,6679.988,1786876866243.449,11654061.384,0.000000000,0.000005926,-0.003137837,-0.893882096,0.911252677,0.880377710,0.910906911,0.880637944
335,6699.988,1786876866263.449,11654081.384,0.000000000,0.000010700,-0.003147654,-0.929213524,0.943247020,0.914737582,0.943032503,0.914967835
336,6719.991,1786876866283.452,11654101.386,0.000000000,0.000015556,-0.003148982,-0.964534879,0.975501597,0.949261189,0.975349128,0.949449360
337,6739.989,1786876866303.450,11654121.385,0.000000000,0.000020922,-0.003132946,-0.999801040,1.008280039,0.983943880,1.008213162,0.984079778
338,6759.989,1786876866323.449,11654141.384,0.000000000,0.000027188,-0.003089694,-1.034931302,1.042066216,1.018790364,1.042080760,1.018858075
339,6779.988,1786876866343.448,11654161.384,0.000000000,0.000034643,-0.003021102,-1.069856167,1.077260613,1.053776264,1.077165127,1.053749442
340,6799.989,1786876866363.449,11654181.384,0.000000000,0.000042440,-0.002932673,-1.104548573,1.113974929,1.088865876,1.113501191,1.088719130
341,6819.990,1786876866383.450,11654201.385,0.000000000,0.000048768,-0.002835400,-1.139034390,1.151939869,1.124011755,1.150952101,1.123738766
342,6839.988,1786876866403.449,11654221.384,0.000000000,0.000053162,-0.002744271,-1.173378944,1.190645099,1.159163356,1.189151525,1.158772707
343,6859.989,1786876866423.450,11654241.385,0.000000000,0.000055263,-0.002670432,-1.207661629,1.229506254,1.194274187,1.227631569,1.193789124
344,6879.989,1786876866443.450,11654261.385,0.000000000,0.000055582,-0.002624393,-1.241958857,1.267948508,1.229308844,1.265900135,1.228757143
345,6899.991,1786876866463.452,11654281.387,0.000000000,0.000054884,-0.002606666,-1.267720342,1.296286106,1.255521059,1.294232488,1.254938364
346,6919.988,1786876866483.449,11654301.384,0.000000000,0.000053657,-0.002592187,-1.302130342,1.333415031,1.290391564,1.331444740,1.289792299
347,6939.988,1786876866503.449,11654321.384,0.000000000,0.000053184,-0.002569341,-1.336563826,1.369706750,1.325188041,1.367898226,1.324589252
348,6959.988,1786876866523.449,11654341.384,0.000000000,0.000053137,-0.002533818,-1.370986462,1.403888702,1.359928370,1.402312636,1.359336019
349,6979.989,1786876866543.450,11654361.385,0.000000000,0.000053530,-0.002486411,-1.405361295,1.434907913,1.394608259,1.433589458,1.394021153
350,6999.989,1786876866563.450,11654381.385,0.000000000,0.000054043,-0.002432278,-1.439676285,1.462035418,1.429223418,1.460978150,1.428635955
351,7020.009,1786876866583.469,11654401.404,0.000000000,0.000054442,-0.002373380,-1.473933935,1.484920859,1.463770986,1.484096527,1.463183761
352,7040.005,1786876866603.466,11654421.401,0.000000000,0.000054579,-0.002311850,-1.508148551,1.503484845,1.498259068,1.502879500,1.497674584
353,7059.996,1786876866623.457,11654441.392,0.000000000,0.000054997,-0.002250489,-1.542045832,1.517875910,1.532594919,1.517470121,1.532019138
354,7080.000,1786876866643.460,11654461.395,0.000000000,0.000055784,-0.002193295,-1.574221134,1.528363585,1.565619111,1.528111577,1.565079451
355,7099.997,1786876866663.458,11654481.393,0.000000000,0.000056295,-0.002143531,-1.603479505,1.535339236,1.595975161,1.535182238,1.595494628
356,7120.011,1786876866683.472,11654501.407,0.000000000,0.000056270,-0.002100530,-1.629090667,1.539263964,1.622797132,1.539173126,1.622394085
357,7140.012,1786876866703.473,11654521.408,0.000000000,0.000056043,-0.002060063,-1.650685430,1.540687084,1.645617485,1.540645719,1.645300388
358,7160.010,1786876866723.470,11654541.406,0.000000000,0.000056117,-0.002022178,-1.668182254,1.540931225,1.664285183,1.540897250,1.664051294
359,7180.003,1786876866743.464,11654561.399,0.000000000,0.000056530,-0.002000514,-1.678697824,1.541012287,1.675616860,1.540978670,1.675434470
360,7200.000,1786876866763.460,11654581.396,0.000000000,0.000056312,-0.001987193,-1.689493656,1.541092157,1.687397480,1.541059852,1.687264204
361,7220.000,1786876866783.461,11654601.396,0.000000000,0.000053929,-0.001993459,-1.697043419,1.541154981,1.695794344,1.541130185,1.695695639
362,7240.000,1786876866803.461,11654621.396,0.000000000,0.000050173,-0.002007249,-1.701858163,1.541216254,1.701303005,1.541202426,1.701236367
363,7259.999,1786876866823.460,11654641.395,0.000000000,0.000046863,-0.002015904,-1.704445481,1.541289330,1.704423547,1.541286349,1.704391599
364,7280.001,1786876866843.462,11654661.397,0.000000000,0.000045550,-0.002004544,-1.705278993,1.541381240,1.705589890,1.541383386,1.705594182
365,7300.003,1786876866863.464,11654681.399,0.000000000,0.000045993,-0.001961815,-1.705470204,1.541492462,1.705824375,1.541493773,1.705835938
366,7320.000,1786876866883.461,11654701.396,0.000000000,0.000047421,-0.001897274,-1.705599189,1.541614413,1.705954909,1.541612148,1.705967188
367,7340.004,1786876866903.464,11654721.399,0.000000000,0.000049113,-0.001824643,-1.705721021,1.541739345,1.706075311,1.541732550,1.706087470
368,7360.000,1786876866923.460,11654741.395,0.000000000,0.000050037,-0.001747617,-1.705842495,1.541867495,1.706195116,1.541858077,1.706206918
369,7380.004,1786876866943.465,11654761.400,0.000000000,0.000050859,-0.001668901,-1.705964446,1.541998863,1.706315041,1.541987181,1.706326962
370,7400.013,1786876866963.474,11654781.409,0.000000000,0.000052272,-0.001594673,-1.706087470,1.542129397,1.706436038,1.542113662,1.706448078
371,7420.001,1786876866983.462,11654801.397,0.000000000,0.000052951,-0.001547310,-1.706181526,1.542222738,1.706528664,1.542204976,1.706540704
372,7440.000,1786876867003.461,11654821.396,0.000000000,0.000052757,-0.001494225,-1.706308961,1.542340636,1.706654191,1.542323351,1.706666112
373,7460.005,1786876867023.465,11654841.400,0.000000000,0.000052188,-0.001450021,-1.706436992,1.542451024,1.706780553,1.542435646,1.706792235
374,7479.998,1786876867043.459,11654861.394,0.000000000,0.000051372,-0.001412164,-1.706564665,1.542554617,1.706906676,1.542541623,1.706918240
375,7499.995,1786876867063.456,11654881.391,0.000000000,0.000050622,-0.001379525,-1.706692696,1.542654872,1.707033157,1.542643666,1.707044601
376,7519.997,1786876867083.458,11654901.392,0.000000000,0.000050098,-0.001349023,-1.706820846,1.542753816,1.707159638,1.542743802,1.707171082
377,7540.001,1786876867103.461,11654921.396,0.000000000,0.000049786,-0.001317740,-1.706948519,1.542853475,1.707285762,1.542844176,1.707297087
378,7560.006,1786876867123.467,11654941.402,0.000000000,0.000049598,-0.001283526,-1.707075357,1.542955279,1.707411170,1.542946219,1.707422376
379,7580.004,1786876867143.465,11654961.400,0.000000000,0.000049577,-0.001247259,-1.707201719,1.543058515,1.707535863,1.543049335,1.707546949
380,7600.004,1786876867163.465,11654981.400,0.000000000,0.000049675,-0.001208948,-1.707327127,1.543162704,1.707659721,1.543153048,1.707670689
381,7620.002,1786876867183.463,11655001.398,0.000000000,0.000049794,-0.001170168,-1.707451820,1.543266416,1.707782865,1.543256283,1.707793593
382,7640.006,1786876867203.467,11655021.402,0.000000000,0.000049849,-0.001131801,-1.707575798,1.543369174,1.707905293,1.543358564,1.707915783
383,7660.010,1786876867223.471,11655041.406,0.000000000,0.000049769,-0.001094297,-1.707699180,1.543470263,1.708027244,1.543459535,1.708037496
384,7680.001,1786876867243.462,11655061.397,0.000000000,0.000049583,-0.001066806,-1.707791328,1.543545246,1.708118200,1.543534517,1.708128452
385,7700.003,1786876867263.464,11655081.399,0.000000000,0.000049172,-0.001030518,-1.707913876,1.543644547,1.708239079,1.543634057,1.708249450
386,7719.997,1786876867283.458,11655101.393,0.000000000,0.000048640,-0.000993572,-1.708035827,1.543743968,1.708359480,1.543733835,1.708369851
387,7739.999,1786876867303.460,11655121.395,0.000000000,0.000048105,-0.000955243,-1.708157301,1.543844104,1.708479285,1.543834567,1.708489776
388,7759.998,1786876867323.458,11655141.393,0.000000000,0.000047618,-0.000916347,-1.708278418,1.543944716,1.708598852,1.543935537,1.708609343
389,7779.997,1786876867343.457,11655161.392,0.000000000,0.000047201,-0.000877135,-1.708399296,1.544045687,1.708717942,1.544036746,1.708728433
390,7799.999,1786876867363.460,11655181.395,0.000000000,0.000046851,-0.000837414,-1.708519578,1.544146895,1.708836675,1.544137955,1.708847165
391,7820.000,1786876867383.460,11655201.395,0.000000000,0.000046559,-0.000796919,-1.708639503,1.544248462,1.708954930,1.544239521,1.708965421
392,7839.998,1786876867403.459,11655221.394,0.000000000,0.000046305,-0.000755788,-1.708758831,1.544350266,1.709072590,1.544341087,1.709083080
393,7860.000,1786876867423.461,11655241.396,0.000000000,0.000046047,-0.000714591,-1.708877683,1.544451952,1.709189773,1.544442415,1.709200263
394,7879.998,1786876867443.458,11655261.393,0.000000000,0.000045778,-0.000673463,-1.708996177,1.544553280,1.709306598,1.544543505,1.709317088
395,7899.990,1786876867463.451,11655281.386,0.000000000,0.000045491,-0.000632298,-1.709114194,1.544654250,1.709423065,1.544644237,1.709433436
396,7919.989,1786876867483.449,11655301.384,0.000000000,0.000045157,-0.000592187,-1.709231853,1.544753909,1.709539056,1.544743776,1.709549427
397,7940.006,1786876867503.467,11655321.402,0.000000000,0.000044858,-0.000562877,-1.709319830,1.544827700,1.709625840,1.544817567,1.709636211
398,7960.005,1786876867523.466,11655341.401,0.000000000,0.000044399,-0.000524002,-1.709436893,1.544925928,1.709741354,1.544915915,1.709751606
399,7979.999,1786876867543.460,11655361.395,0.000000000,0.000043911,-0.000485065,-1.709553599,1.545024037,1.709856510,1.545014143,1.709866762
400,7999.997,1786876867563.458,11655381.393,0.000000000,0.000043531,-0.000446109,-1.709669948,1.545121908,1.709971189,1.545112014,1.709981441
401,8019.998,1786876867583.459,11655401.394,0.000000000,0.000043079,-0.000407725,-1.709786057,1.545219421,1.710085750,1.545209289,1.710096002
402,8039.999,1786876867603.459,11655421.394,0.000000000,0.000042315,-0.000371943,-1.709902287,1.545314670,1.710200429,1.545305133,1.710210562
403,8060.001,1786876867623.462,11655441.397,0.000000000,0.000041501,-0.000339106,-1.710018516,1.545407534,1.710315108,1.545398593,1.710325241
404,8080.001,1786876867643.462,11655461.397,0.000000000,0.000040772,-0.000306719,-1.710134506,1.545500040,1.710429549,1.545491695,1.710439682
405,8099.998,1786876867663.459,11655481.394,0.000000000,0.000040191,-0.000272951,-1.710250020,1.545593739,1.710543633,1.545585513,1.710553765
406,8120.001,1786876867683.462,11655501.397,0.000000000,0.000039741,-0.000237619,-1.710364819,1.545688152,1.710656881,1.545679808,1.710666895
407,8140.001,1786876867703.461,11655521.396,0.000000000,0.000039443,-0.000201029,-1.710478544,1.545782447,1.710769176,1.545773625,1.710779190
408,8160.009,1786876867723.469,11655541.405,0.000000000,0.000039323,-0.000162962,-1.710591435,1.545877099,1.710880399,1.545867443,1.710890412
409,8180.012,1786876867743.473,11655561.408,0.000000000,0.000039129,-0.000126148,-1.710703850,1.545969963,1.710991502,1.545959711,1.711001277
410,8200.003,1786876867763.464,11655581.399,0.000000000,0.000038884,-0.000101293,-1.710788250,1.546037197,1.711074948,1.546026945,1.711084604
411,8220.002,1786876867783.463,11655601.398,0.000000000,0.000038591,-0.000068518,-1.710900307,1.546126127,1.711185694,1.546115637,1.711195111
412,8240.000,1786876867803.461,11655621.396,0.000000000,0.000038406,-0.000034944,-1.711011887,1.546215653,1.711295843,1.546204448,1.711305261
413,8260.007,1786876867823.468,11655641.403,0.000000000,0.000037888,-0.000001561,-1.711123943,1.546306014,1.711406350,1.546294570,1.711415768
414,8280.005,1786876867843.466,11655661.401,0.000000000,0.000037049,0.000031314,-1.711236119,1.546396375,1.711517215,1.546385765,1.711526394
415,8300.008,1786876867863.469,11655681.404,0.000000000,0.000036438,0.000064693,-1.711348176,1.546487451,1.711627841,1.546477318,1.711636901
416,8320.006,1786876867883.467,11655701.402,0.000000000,0.000036218,0.000096689,-1.711460233,1.546578288,1.711738348,1.546567678,1.711747408
417,8339.994,1786876867903.455,11655721.390,0.000000000,0.000036123,0.000128112,-1.711571813,1.546668053,1.711848497,1.546657085,1.711857438
418,8360.000,1786876867923.460,11655741.396,0.000000000,0.000035772,0.000159480,-1.711683154,1.546757579,1.711958528,1.546746492,1.711967230
419,8380.004,1786876867943.465,11655761.400,0.000000000,0.000035391,0.000191721,-1.711793661,1.546847224,1.712067604,1.546835899,1.712076187
420,8400.009,1786876867963.470,11655781.405,0.000000000,0.000034991,0.000224752,-1.711903095,1.546936035,1.712175727,1.546924710,1.712184191
421,8420.016,1786876867983.477,11655801.412,0.000000000,0.000034601,0.000257063,-1.712011695,1.547023058,1.712282777,1.547011614,1.712291360
422,8440.003,1786876868003.464,11655821.399,0.000000000,0.000034181,0.000279704,-1.712093115,1.547086716,1.712363124,1.547075510,1.712371707
423,8460.002,1786876868023.462,11655841.397,0.000000000,0.000033480,0.000307174,-1.712201476,1.547168851,1.712470174,1.547158480,1.712478757
424,8480.004,1786876868043.465,11655861.400,0.000000000,0.000032953,0.000334351,-1.712309241,1.547250390,1.712576628,1.547240257,1.712585211
425,8499.998,1786876868063.459,11655881.394,0.000000000,0.000032739,0.000363451,-1.712416172,1.547332525,1.712682247,1.547322273,1.712690830
426,8519.996,1786876868083.457,11655901.392,0.000000000,0.000032598,0.000392824,-1.712522864,1.547414780,1.712787628,1.547404170,1.712796092
427,8539.996,1786876868103.457,11655921.392,0.000000000,0.000031915,0.000418245,-1.712630272,1.547494531,1.712893963,1.547484994,1.712902188
428,8560.001,1786876868123.462,11655941.396,0.000000000,0.000031264,0.000440030,-1.712738037,1.547571659,1.713000774,1.547563553,1.713008523
429,8580.001,1786876868143.462,11655961.397,0.000000000,0.000030862,0.000462214,-1.712844849,1.547648191,1.713106513,1.547640920,1.713114142
430,8599.999,1786876868163.460,11655981.395,0.000000000,0.000030554,0.000484446,-1.712951303,1.547724724,1.713211775,1.547717690,1.713219285
431,8620.001,1786876868183.462,11656001.397,0.000000000,0.000030178,0.000508588,-1.713057280,1.547803044,1.713316441,1.547796130,1.713324070
432,8640.005,1786876868203.466,11656021.401,0.000000000,0.000029671,0.000536367,-1.713162661,1.547884345,1.713420272,1.547877550,1.713428259
433,8660.010,1786876868223.471,11656041.406,0.000000000,0.000029519,0.000567591,-1.713267326,1.547968626,1.713523149,1.547961473,1.713531613
434,8680.012,1786876868243.473,11656061.408,0.000000000,0.000029872,0.000595784,-1.713371634,1.548050046,1.713626266,1.548041940,1.713634729
435,8700.009,1786876868263.470,11656081.405,0.000000000,0.000030202,0.000613307,-1.713449955,1.548107505,1.713703632,1.548099041,1.713711858
436,8720.002,1786876868283.463,11656101.398,0.000000000,0.000030440,0.000636101,-1.713553786,1.548182607,1.713806510,1.548174262,1.713814378
437,8740.005,1786876868303.466,11656121.401,0.000000000,0.000030268,0.000658947,-1.713657260,1.548257113,1.713908792,1.548249841,1.713916659
438,8760.006,1786876868323.467,11656141.402,0.000000000,0.000030410,0.000681031,-1.713760376,1.548330784,1.714010835,1.548324108,1.714018703
439,8780.006,1786876868343.467,11656161.402,0.000000000,0.000030879,0.000701387,-1.713863134,1.548403025,1.714112520,1.548395872,1.714120030
440,8800.007,1786876868363.468,11656181.403,0.000000000,0.000031057,0.000719574,-1.713965654,1.548473477,1.714213967,1.548466086,1.714221478
441,8820.007,1786876868383.468,11656201.403,0.000000000,0.000030893,0.000738799,-1.714067578,1.548543692,1.714314699,1.548536777,1.714322448
442,8840.009,1786876868403.469,11656221.404,0.000000000,0.000031025,0.000758224,-1.714168906,1.548613071,1.714414954,1.548606515,1.714422584
443,8860.008,1786876868423.469,11656241.403,0.000000000,0.000031495,0.000775382,-1.714269400,1.548679471,1.714514494,1.548672795,1.714522004
444,8880.015,1786876868443.476,11656261.411,0.000000000,0.000031856,0.000792537,-1.714369297,1.548745036,1.714613557,1.548738241,1.714620829
445,8900.013,1786876868463.474,11656281.409,0.000000000,0.000031988,0.000810202,-1.714469194,1.548811436,1.714712381,1.548804879,1.714719772
446,8920.017,1786876868483.478,11656301.413,0.000000000,0.000032223,0.000826676,-1.714568973,1.548877001,1.714811206,1.548870683,1.714818597
447,8940.009,1786876868503.470,11656321.405,0.000000000,0.000032603,0.000838915,-1.714643478,1.548926115,1.714885116,1.548919559,1.714892507
448,8960.014,1786876868523.475,11656341.410,0.000000000,0.000033401,0.000856288,-1.714742303,1.548992038,1.714982986,1.548984766,1.714990258
449,8980.009,1786876868543.470,11656361.405,0.000000000,0.000034672,0.000872596,-1.714840889,1.549057007,1.715080738,1.549048185,1.715087771
450,9000.008,1786876868563.469,11656381.404,0.000000000,0.000036094,0.000885014,-1.714939833,1.549119592,1.715178967,1.549108982,1.715185642
451,9020.005,1786876868583.466,11656401.401,0.000000000,0.000037273,0.000894244,-1.715038896,1.549179316,1.715277076,1.549167395,1.715283871
452,9039.998,1786876868603.458,11656421.393,0.000000000,0.000038078,0.000901737,-1.715137839,1.549237132,1.715375185,1.549224973,1.715381980
453,9060.025,1786876868623.486,11656441.420,0.000000000,0.000038747,0.000907138,-1.715236545,1.549292922,1.715473294,1.549281001,1.715479851
454,9080.012,1786876868643.472,11656461.407,0.000000000,0.000039538,0.000911487,-1.715334535,1.549346447,1.715570688,1.549335480,1.715577006
455,9100.008,1786876868663.469,11656481.404,0.000000000,0.000040256,0.000916151,-1.715431452,1.549398541,1.715666890,1.549388647,1.715673327
456,9120.013,1786876868683.474,11656501.409,0.000000000,0.000041235,0.000922245,-1.715527654,1.549451232,1.715762258,1.549441814,1.715768933
457,9140.010,1786876868703.470,11656521.406,0.000000000,0.000043220,0.000931904,-1.715623260,1.549507737,1.715857148,1.549495578,1.715863824
458,9160.019,1786876868723.480,11656541.415,0.000000000,0.000046333,0.000947127,-1.715718746,1.549570799,1.715951800,1.549550533,1.715958714
459,9180.012,1786876868743.473,11656561.408,0.000000000,0.000048248,0.000957688,-1.715791106,1.549618602,1.716023564,1.549593687,1.716030717
460,9200.012,1786876868763.473,11656581.408,0.000000000,0.000050443,0.000966713,-1.715888500,1.549679995,1.716120362,1.549651146,1.716127038
461,9220.005,1786876868783.466,11656601.401,0.000000000,0.000052247,0.000974357,-1.715984344,1.549737096,1.716215372,1.549705625,1.716221929
462,9239.998,1786876868803.459,11656621.394,0.000000000,0.000052892,0.000979849,-1.716078281,1.549787164,1.716308355,1.549754858,1.716315627
463,9260.004,1786876868823.465,11656641.400,0.000000000,0.000052410,0.000976501,-1.716172814,1.549827933,1.716401935,1.549796581,1.716410637
464,9280.007,1786876868843.468,11656661.403,0.000000000,0.000049950,0.000960095,-1.716270447,1.549858928,1.716499329,1.549838066,1.716507912
465,9300.008,1786876868863.469,11656681.404,0.000000000,0.000047715,0.000937438,-1.716369033,1.549887180,1.716597915,1.549880862,1.716605544
466,9320.005,1786876868883.466,11656701.401,0.000000000,0.000047367,0.000917152,-1.716465354,1.549916387,1.716693878,1.549921989,1.716700912
467,9340.000,1786876868903.461,11656721.396,0.000000000,0.000049374,0.000904242,-1.716557384,1.549947262,1.716785669,1.549958944,1.716792226
468,9360.006,1786876868923.467,11656741.402,0.000000000,0.000053879,0.000904842,-1.716646075,1.549987197,1.716873765,1.549994588,1.716880798
469,9380.007,1786876868943.468,11656761.403,0.000000000,0.000057709,0.000921351,-1.716734529,1.550043225,1.716960788,1.550041437,1.716969490
470,9400.011,1786876868963.471,11656781.407,0.000000000,0.000059776,0.000944386,-1.716824174,1.550108075,1.717049479,1.550098419,1.717058778
471,9420.002,1786876868983.463,11656801.398,0.000000000,0.000060311,0.000961504,-1.716892362,1.550156713,1.717117071,1.550143838,1.717126369
472,9440.002,1786876869003.463,11656821.398,0.000000000,0.000060495,0.000978062,-1.716984510,1.550216675,1.717208982,1.550201058,1.717217803
473,9460.004,1786876869023.465,11656841.400,0.000000000,0.000060212,0.000987304,-1.717078328,1.550271034,1.717302561,1.550254583,1.717311144
474,9479.998,1786876869043.459,11656861.394,0.000000000,0.000059164,0.000989330,-1.717174411,1.550321698,1.717398047,1.550307989,1.717406988
475,9499.998,1786876869063.459,11656881.394,0.000000000,0.000057971,0.000983172,-1.717272401,1.550369143,1.717495561,1.550364494,1.717504025
476,9520.000,1786876869083.461,11656901.396,0.000000000,0.000058466,0.000975104,-1.717369199,1.550415993,1.717591882,1.550420165,1.717599273
477,9540.002,1786876869103.462,11656921.397,0.000000000,0.000060516,0.000967071,-1.717462659,1.550460100,1.717684269,1.550469160,1.717691779
478,9559.999,1786876869123.459,11656941.394,0.000000000,0.000063235,0.000962321,-1.717551589,1.550499797,1.717772126,1.550511241,1.717780352
479,9579.998,1786876869143.458,11656961.394,0.000000000,0.000066153,0.000963480,-1.717637181,1.550539017,1.717856526,1.550550222,1.717865825
480,9600.002,1786876869163.463,11656981.398,0.000000000,0.000069960,0.000974495,-1.717721105,1.550586224,1.717939615,1.550590634,1.717949629
481,9620.002,1786876869183.462,11657001.397,0.000000000,0.000074635,0.001001227,-1.717806816,1.550654292,1.718024254,1.550643086,1.718035102
482,9639.998,1786876869203.459,11657021.394,0.000000000,0.000077838,0.001036607,-1.717897058,1.550738811,1.718112826,1.550714612,1.718124509
483,9659.991,1786876869223.452,11657041.387,0.000000000,0.000080517,0.001071814,-1.717987537,1.550822973,1.718202353,1.550789833,1.718213439
484,9679.987,1786876869243.448,11657061.383,0.000000000,0.000082056,0.001093392,-1.718054175,1.550877213,1.718268514,1.550839901,1.718278766
485,9699.987,1786876869263.448,11657081.383,0.000000000,0.000082659,0.001113682,-1.718141317,1.550934315,1.718355060,1.550895810,1.718365550
486,9720.020,1786876869283.481,11657101.416,0.000000000,0.000081856,0.001121056,-1.718229532,1.550976038,1.718442798,1.550941586,1.718454242
487,9739.990,1786876869303.451,11657121.386,0.000000000,0.000079950,0.001105499,-1.718321919,1.551002383,1.718535423,1.550981760,1.718546391
488,9759.988,1786876869323.448,11657141.383,0.000000000,0.000079377,0.001078677,-1.718416572,1.551028132,1.718630195,1.551020741,1.718640089
489,9779.990,1786876869343.451,11657161.386,0.000000000,0.000080558,0.001053813,-1.718508482,1.551056981,1.718721628,1.551057339,1.718731046
490,9799.988,1786876869363.448,11657181.383,0.000000000,0.000081992,0.001033514,-1.718594909,1.551082611,1.718806505,1.551086426,1.718817711
491,9819.987,1786876869383.448,11657201.383,0.000000000,0.000082170,0.001018346,-1.718676805,1.551103115,1.718887210,1.551111341,1.718900204
492,9839.988,1786876869403.448,11657221.384,0.000000000,0.000081846,0.001016478,-1.718757749,1.551133513,1.718967676,1.551144242,1.718981028
493,9859.987,1786876869423.448,11657241.383,0.000000000,0.000082875,0.001032908,-1.718840957,1.551187277,1.719050527,1.551191926,1.719063878
494,9879.990,1786876869443.451,11657261.386,0.000000000,0.000085903,0.001063132,-1.718927026,1.551260352,1.719136596,1.551254988,1.719148517
495,9899.989,1786876869463.450,11657281.385,0.000000000,0.000089145,0.001088107,-1.719012022,1.551325560,1.719221473,1.551316857,1.719231844
496,9919.989,1786876869483.449,11657301.384,0.000000000,0.000093112,0.001106083,-1.719093919,1.551380634,1.719303012,1.551365972,1.719312787
497,9939.989,1786876869503.449,11657321.385,0.000000000,0.000095783,0.001130178,-1.719174623,1.551441312,1.719382524,1.551415443,1.719393373
498,9960.010,1786876869523.471,11657341.406,0.000000000,0.000095466,0.001151025,-1.719235420,1.551486969,1.719442010,1.551455975,1.719454527
499,9980.002,1786876869543.463,11657361.398,0.000000000,0.000092226,0.001166597,-1.719317794,1.551530361,1.719523549,1.551504254,1.719537616
500,10000.004,1786876869563.465,11657381.400,0.000000000,0.000087630,0.001151282,-1.719404936,1.551546454,1.719611287,1.551538944,1.719625354
501,10019.998,1786876869583.458,11657401.393,0.000000000,0.000084156,0.001113331,-1.719498634,1.551557422,1.719706297,1.551571369,1.719717979
502,10039.997,1786876869603.458,11657421.393,0.000000000,0.000082957,0.001071750,-1.719595313,1.551581979,1.719803095,1.551610470,1.719812870
503,10059.996,1786876869623.457,11657441.392,0.000000000,0.000084751,0.001044280,-1.719685316,1.551615834,1.719891548,1.551648021,1.719901681
504,10079.997,1786876869643.458,11657461.393,0.000000000,0.000087590,0.001040629,-1.719764829,1.551655173,1.719968796,1.551683068,1.719981194
505,10099.999,1786876869663.459,11657481.394,0.000000000,0.000089516,0.001065757,-1.719837904,1.551708221,1.720039845,1.551727176,1.720054746
506,10119.997,1786876869683.458,11657501.393,0.000000000,0.000090694,0.001114035,-1.719910860,1.551782012,1.720111251,1.551787376,1.720127583
507,10139.997,1786876869703.458,11657521.393,0.000000000,0.000089532,0.001176466,-1.719986200,1.551869631,1.720184088,1.551864743,1.720203519
508,10159.996,1786876869723.457,11657541.392,0.000000000,0.000090082,0.001226394,-1.720062852,1.551939368,1.720260978,1.551939845,1.720278978
509,10179.997,1786876869743.458,11657561.393,0.000000000,0.000095366,0.001253223,-1.720140219,1.551994085,1.720338583,1.551990867,1.720355630
510,10200.001,1786876869763.462,11657581.397,0.000000000,0.000097962,0.001282541,-1.720221281,1.552063584,1.720417619,1.552049398,1.720437169
511,10220.012,1786876869783.473,11657601.408,0.000000000,0.000095634,0.001320490,-1.720304728,1.552143574,1.720499516,1.552128553,1.720519662
512,10240.010,1786876869803.470,11657621.406,0.000000000,0.000091668,0.001334929,-1.720364928,1.552181602,1.720559001,1.552173972,1.720579743
513,10260.003,1786876869823.464,11657641.399,0.000000000,0.000085302,0.001320102,-1.720441818,1.552186012,1.720636606,1.552198410,1.720657706
514,10280.009,1786876869843.470,11657661.405,0.000000000,0.000081098,0.001279666,-1.720524430,1.552175879,1.720721245,1.552208543,1.720741034
515,10300.008,1786876869863.469,11657681.403,0.000000000,0.000078833,0.001243020,-1.720619559,1.552199960,1.720818043,1.552248001,1.720834374
516,10320.004,1786876869883.464,11657701.399,0.000000000,0.000077693,0.001247511,-1.720723510,1.552292943,1.720920801,1.552346945,1.720934510
517,10340.001,1786876869903.462,11657721.397,0.000000000,0.000078015,0.001258828,-1.720819235,1.552379966,1.721013069,1.552439809,1.721027851
518,10360.008,1786876869923.469,11657741.404,0.000000000,0.000081931,0.001263498,-1.720895052,1.552426100,1.721085191,1.552474856,1.721105814
519,10380.007,1786876869943.468,11657761.403,0.000000000,0.000083996,0.001293577,-1.720952392,1.552457690,1.721139550,1.552487135,1.721168041
520,10400.004,1786876869963.465,11657781.400,0.000000000,0.000082375,0.001315563,-1.721000910,1.552452326,1.721189022,1.552479982,1.721221089
521,10419.999,1786876869983.460,11657801.395,0.000000000,0.000079908,0.001293890,-1.721052527,1.552406430,1.721244812,1.552447557,1.721275926
522,10440.002,1786876870003.463,11657821.398,0.000000000,0.000079066,0.001298905,-1.721117616,1.552417278,1.721313715,1.552462220,1.721341133
523,10460.008,1786876870023.469,11657841.404,0.000000000,0.000077113,0.001286805,-1.721194029,1.552432299,1.721391559,1.552489400,1.721418500
524,10480.008,1786876870043.469,11657861.403,0.000000000,0.000075410,0.001276050,-1.721278429,1.552465200,1.721475124,1.552539825,1.721504450
525,10500.013,1786876870063.474,11657881.409,0.000000000,0.000082511,0.003415500,-1.721370935,1.555584669,1.721560836,1.554486275,1.721590996
526,10520.003,1786876870083.464,11657901.399,0.000000000,0.000084718,0.004899954,-1.721430898,1.557757616,1.721623421,1.555905581,1.721646786
527,10540.002,1786876870103.462,11657921.397,0.000000000,0.000093205,0.005159142,-1.721508026,1.558179259,1.721711993,1.556158066,1.721722007
528,10559.998,1786876870123.459,11657941.394,0.000000000,0.000103460,0.005097190,-1.721595168,1.558144569,1.721811295,1.556094170,1.721811175
529,10579.997,1786876870143.458,11657961.393,0.000000000,0.000111753,0.004874245,-1.721691370,1.558012366,1.721920609,1.555939078,1.721911430
530,10600.002,1786876870163.463,11657981.398,0.000000000,0.000121067,0.004108136,-1.721785307,1.557771444,1.722026348,1.555501699,1.722012281
531,10620.008,1786876870183.469,11658001.404,0.000000000,0.000120621,0.002423096,-1.721886635,1.557559848,1.722134352,1.555143118,1.722122431
532,10640.008,1786876870203.469,11658021.404,0.000000000,0.000122988,0.001477060,-1.721984386,1.557478786,1.722233772,1.555016041,1.722226977
533,10660.003,1786876870223.464,11658041.399,0.000000000,0.000122234,0.001040686,-1.722069502,1.557340384,1.722322464,1.554864049,1.722318053
534,10680.003,1786876870243.464,11658061.399,0.000000000,0.000114369,0.000169268,-1.722149253,1.557157397,1.722404957,1.554690480,1.722405195
535,10700.008,1786876870263.469,11658081.404,0.000000000,0.000099794,-0.000345405,-1.722226024,1.557004333,1.722482443,1.554562569,1.722488761
536,10720.008,1786876870283.469,11658101.404,0.000000000,0.000081233,-0.000481863,-1.722300172,1.556904793,1.722556233,1.554497719,1.722568274
537,10740.010,1786876870303.471,11658121.406,0.000000000,0.000063645,-0.000544663,-1.722373366,1.556848168,1.722628593,1.554474473,1.722645164
538,10760.002,1786876870323.463,11658141.398,0.000000000,0.000052705,-0.000567338,-1.722427726,1.556828618,1.722682714,1.554476023,1.722701073
539,10780.004,1786876870343.465,11658161.400,0.000000000,0.000041251,-0.000574927,-1.722499847,1.556824446,1.722755313,1.554497719,1.722773433
540,10799.996,1786876870363.457,11658181.392,0.000000000,0.000033831,-0.000565626,-1.722573042,1.556838870,1.722830057,1.554535747,1.722844958
541,10819.996,1786876870383.457,11658201.392,0.000000000,0.000031959,-0.000549089,-1.722648144,1.556865811,1.722907543,1.554578543,1.722916603
542,10839.997,1786876870403.458,11658221.393,0.000000000,0.000035459,-0.000534864,-1.722725153,1.556901932,1.722986460,1.554613948,1.722990513
543,10859.996,1786876870423.456,11658241.391,0.000000000,0.000041311,-0.000524532,-1.722804904,1.556948543,1.723066330,1.554645538,1.723068595
544,10879.996,1786876870443.457,11658261.392,0.000000000,0.000046478,-0.000526150,-1.722886205,1.556990385,1.723147154,1.554670572,1.723149180
545,10899.997,1786876870463.458,11658281.393,0.000000000,0.000015988,0.000682525,-0.003266589,0.003762848,0.003514785,0.002474423,0.003324101
546,10919.996,1786876870483.457,11658301.392,0.000000000,0.000042939,0.002070236,-0.015351088,0.016414469,0.016274020,0.011094901,0.015482739
547,10939.997,1786876870503.458,11658321.393,0.000000000,0.000046198,0.002199112,-0.033727329,0.033306174,0.034721117,0.025114724,0.033498347
548,10960.002,1786876870523.462,11658341.397,0.000000000,0.000033265,0.002137679,-0.056833606,0.056519452,0.057870585,0.046950206,0.056437869
549,10979.999,1786876870543.460,11658361.395,0.000000000,0.000014578,0.002064950,-0.083321139,0.086519279,0.084829673,0.077282287,0.083442561
550,11000.009,1786876870563.469,11658381.405,0.000000000,-0.000000403,0.001998880,-0.112207204,0.121385030,0.114542156,0.113688439,0.113379851
551,11020.001,1786876870583.462,11658401.397,0.000000000,-0.000006651,0.001948984,-0.135052189,0.149553135,0.138099656,0.143230125,0.137135923
552,11040.002,1786876870603.463,11658421.397,0.000000000,-0.000011922,0.001836305,-0.166801617,0.188264847,0.170616552,0.183697477,0.169904813
553,11059.997,1786876870623.458,11658441.392,0.000000000,-0.000015646,0.001727353,-0.199714512,0.226110607,0.203770891,0.222785428,0.203240871
554,11080.000,1786876870643.461,11658461.396,0.000000000,-0.000020815,0.001653373,-0.233395413,0.261996746,0.237186328,0.259270698,0.236756265
555,11099.997,1786876870663.458,11658481.393,0.000000000,-0.000026280,0.001597410,-0.267582566,0.296697974,0.270839274,0.294278771,0.270469874
556,11119.999,1786876870683.459,11658501.394,0.000000000,-0.000028265,0.001584259,-0.301984042,0.332052976,0.304921776,0.329823554,0.304577202
557,11140.000,1786876870703.461,11658521.396,0.000000000,-0.000028284,0.001585834,-0.336421698,0.369033039,0.339502037,0.366899997,0.339146823
558,11159.999,1786876870723.460,11658541.395,0.000000000,-0.000027367,0.001541756,-0.370995849,0.406975895,0.374366224,0.404902786,0.373987645
559,11179.997,1786876870743.458,11658561.393,0.000000000,-0.000025654,0.001477402,-0.405728012,0.445343405,0.409353465,0.443403691,0.408965021
560,11199.997,1786876870763.458,11658581.393,0.000000000,-0.000022527,0.001411420,-0.440555006,0.484186620,0.444431692,0.482342362,0.444037527
561,11220.001,1786876870783.462,11658601.397,0.000000000,-0.000020846,0.001325006,-0.475524366,0.522551000,0.479438633,0.520603240,0.479035169
562,11239.999,1786876870803.460,11658621.395,0.000000000,-0.000021375,0.001262847,-0.501859307,0.550320327,0.505562842,0.548298120,0.505171120
563,11260.002,1786876870823.463,11658641.398,0.000000000,-0.000024126,0.001202746,-0.537067056,0.585873425,0.540239871,0.583983123,0.539911568
564,11280.001,1786876870843.462,11658661.397,0.000000000,-0.000028158,0.001147338,-0.572354078,0.620015085,0.574786544,0.618488729,0.574562073
565,11299.999,1786876870863.459,11658681.394,0.000000000,-0.000031838,0.001082022,-0.607676566,0.653633595,0.609278738,0.652375340,0.609144628
566,11319.998,1786876870883.459,11658701.394,0.000000000,-0.000034828,0.000998846,-0.643028140,0.687238336,0.643704772,0.685924113,0.643627703
567,11339.997,1786876870903.458,11658721.393,0.000000000,-0.000036591,0.000957950,-0.678254664,0.721786857,0.678194046,0.720012724,0.678122759
568,11359.996,1786876870923.457,11658741.392,0.000000000,-0.000037178,0.001005140,-0.713129759,0.758604109,0.712964416,0.755737960,0.712813497
569,11379.997,1786876870943.458,11658761.393,0.000000000,-0.000036061,0.001118776,-0.747492075,0.798422396,0.748123646,0.794233620,0.747832537
570,11400.003,1786876870963.464,11658781.399,0.000000000,-0.000033730,0.001221286,-0.781471193,0.840183258,0.783522904,0.835027814,0.783095181
571,11420.005,1786876870983.466,11658801.401,0.000000000,-0.000030100,0.001247577,-0.815414250,0.881542683,0.818869948,0.876124918,0.818365097
572,11440.004,1786876871003.465,11658821.400,0.000000000,-0.000026353,0.001203909,-0.849655867,0.920400500,0.853978515,0.915330708,0.853452981
573,11460.006,1786876871023.467,11658841.402,0.000000000,-0.000024216,0.001143108,-0.884333014,0.956125379,0.888895571,0.951972485,0.888391733
574,11480.011,1786876871043.472,11658861.407,0.000000000,-0.000026143,0.001110049,-0.919375002,0.989673734,0.923799157,0.986857533,0.923356950
575,11500.003,1786876871063.464,11658881.399,0.000000000,-0.000030348,0.001128810,-0.954536200,1.022776723,0.958812654,1.021562457,0.958480000
576,11520.002,1786876871083.462,11658901.397,0.000000000,-0.000031257,0.001174829,-0.980830610,1.048270106,0.985168993,1.048124671,0.984919250
577,11540.000,1786876871103.461,11658921.396,0.000000000,-0.000029049,0.001266721,-1.015649199,1.084111810,1.020422935,1.084513307,1.020227194
578,11560.000,1786876871123.460,11658941.395,0.000000000,-0.000026496,0.001381950,-1.050120592,1.122280717,1.055725217,1.122236252,1.055526257
579,11579.998,1786876871143.459,11658961.394,0.000000000,-0.000025392,0.001504328,-1.084161401,1.162413716,1.090916991,1.161472201,1.090689898
580,11599.998,1786876871163.459,11658981.394,0.000000000,-0.000024435,0.001609929,-1.117814898,1.203594327,1.125876307,1.201731443,1.125612736
581,11619.998,1786876871183.459,11659001.394,0.000000000,-0.000023236,0.001672621,-1.151275873,1.244542003,1.160578370,1.241994619,1.160274029
582,11639.997,1786876871203.458,11659021.393,0.000000000,-0.000022333,0.001672180,-1.184843421,1.283926249,1.195097089,1.281007409,1.194759130
583,11659.996,1786876871223.457,11659041.392,0.000000000,-0.000021443,0.001624914,-1.218742728,1.321150422,1.229580879,1.318191409,1.229205489
584,11679.997,1786876871243.458,11659061.393,0.000000000,-0.000020753,0.001575146,-1.253086209,1.356724024,1.264243007,1.353967667,1.263812780
585,11699.998,1786876871263.459,11659081.394,0.000000000,-0.000019340,0.001554448,-1.287810326,1.390635490,1.299170732,1.388125300,1.298688173
586,11719.997,1786876871283.458,11659101.393,0.000000000,-0.000017883,0.001564261,-1.322616458,1.422035456,1.334140897,1.419731140,1.333635092
587,11740.010,1786876871303.470,11659121.405,0.000000000,-0.000017439,0.001604203,-1.357222199,1.450146198,1.368917346,1.447971582,1.368427396
588,11760.013,1786876871323.474,11659141.409,0.000000000,-0.000018573,0.001640178,-1.383002758,1.468635678,1.394839764,1.466573477,1.394371510
589,11780.003,1786876871343.464,11659161.399,0.000000000,-0.000023207,0.001688287,-1.417211533,1.489500999,1.429240704,1.487686276,1.428812385
590,11800.002,1786876871363.463,11659181.398,0.000000000,-0.000031536,0.001739512,-1.451302648,1.506125569,1.463512540,1.504676700,1.463167071
591,11820.007,1786876871383.468,11659201.403,0.000000000,-0.000041778,0.001784042,-1.485249281,1.518455982,1.497597933,1.517548084,1.497420073
592,11840.007,1786876871403.468,11659221.402,0.000000000,-0.000046948,0.001794306,-1.519004822,1.526168466,1.531359434,1.526057601,1.531385303
593,11860.008,1786876871423.469,11659241.404,0.000000000,-0.000044119,0.001789770,-1.551962733,1.529803157,1.563757777,1.530323386,1.563957334
594,11880.009,1786876871443.470,11659261.405,0.000000000,-0.000038887,0.001796704,-1.582750797,1.530798435,1.593563795,1.531526446,1.593851686
595,11900.009,1786876871463.470,11659281.405,0.000000000,-0.000034019,0.001807908,-1.610354781,1.530972481,1.619947910,1.531715512,1.620207191
596,11920.004,1786876871483.465,11659301.400,0.000000000,-0.000029764,0.001808145,-1.634233594,1.531068444,1.642489672,1.531814337,1.642625332
597,11940.003,1786876871503.463,11659321.398,0.000000000,-0.000025490,0.001830956,-1.654261589,1.531201839,1.661146283,1.531938076,1.661118627
598,11960.001,1786876871523.462,11659341.397,0.000000000,-0.000024393,0.001849393,-1.670487046,1.531338453,1.675998807,1.532068372,1.675859571
599,11980.002,1786876871543.463,11659361.398,0.000000000,-0.000023821,0.001855700,-1.682968140,1.531445622,1.687155962,1.532179475,1.686996698
600,12000.006,1786876871563.467,11659381.402,0.000000000,-0.000019127,0.001811637,-1.691935182,1.531493068,1.694937229,1.532233238,1.694796205
601,12020.008,1786876871583.469,11659401.403,0.000000000,-0.000012611,0.001742675,-1.697830915,1.531522632,1.699809909,1.532259226,1.699725866
602,12040.001,1786876871603.462,11659421.397,0.000000000,-0.000003428,0.002190889,-1.700549006,1.532383919,1.701866746,1.532741666,1.701822162
603,12060.004,1786876871623.464,11659441.399,0.000000000,0.000002629,0.005156506,-1.702559948,1.538011789,1.703059793,1.536209702,1.703084350
604,12079.998,1786876871643.458,11659461.393,0.000000000,0.000000078,0.005774070,-1.703076482,1.540656805,1.703314185,1.537723899,1.703362584
605,12100.000,1786876871663.461,11659481.396,0.000000000,-0.000001207,0.005745651,-1.703250885,1.540920258,1.703472257,1.537884235,1.703518510
606,12119.999,1786876871683.460,11659501.395,0.000000000,-0.000002554,0.005652532,-1.703408837,1.540934920,1.703632116,1.537927508,1.703675866
607,12140.005,1786876871703.466,11659521.401,0.000000000,-0.000001034,0.005546822,-1.703565836,1.540927768,1.703793049,1.537954807,1.703833222
608,12160.009,1786876871723.470,11659541.405,0.000000000,0.000006067,0.005428405,-1.703724742,1.540924311,1.703956723,1.537965536,1.703991771
609,12180.005,1786876871743.466,11659561.401,0.000000000,0.000023232,0.005337613,-1.703879952,1.541114092,1.704116940,1.537969470,1.704145432
610,12200.004,1786876871763.464,11659581.399,0.000000000,0.000043315,0.004317891,-1.704013586,1.540936828,1.704259634,1.537363410,1.704279900
611,12220.004,1786876871783.464,11659601.399,0.000000000,0.000043269,0.000332209,-1.704141974,1.539329052,1.704391718,1.535091281,1.704418778
612,12240.010,1786876871803.471,11659621.406,0.000000000,0.000024049,-0.004504350,-1.704278588,1.537756085,1.704526424,1.533600926,1.704565048
613,12260.015,1786876871823.476,11659641.411,0.000000000,-0.000000064,-0.007002214,-1.704414010,1.537477374,1.704658985,1.533443213,1.704705358
614,12280.002,1786876871843.462,11659661.397,0.000000000,-0.000014428,-0.007262520,-1.704507232,1.537456512,1.704752207,1.533453941,1.704800367
615,12300.001,1786876871863.462,11659681.397,0.000000000,-0.000032726,-0.007331669,-1.704631686,1.537448168,1.704877377,1.533491135,1.704926729
616,12319.998,1786876871883.459,11659701.394,0.000000000,-0.000048089,-0.007373625,-1.704756856,1.537438989,1.705003619,1.533526897,1.705053449
617,12339.999,1786876871903.460,11659721.395,0.000000000,-0.000059209,-0.007416444,-1.704884410,1.537434578,1.705133080,1.533559918,1.705181956
618,12359.998,1786876871923.459,11659741.394,0.000000000,-0.000065784,-0.007438075,-1.705023885,1.537481546,1.705274463,1.533625484,1.705320358
619,12379.996,1786876871943.457,11659761.392,0.000000000,-0.000072208,-0.007443564,-1.705173135,1.537567019,1.705423474,1.533729076,1.705468059
620,12399.998,1786876871963.459,11659781.394,0.000000000,-0.000076648,-0.007432218,-1.705319047,1.537658691,1.705568671,1.533845425,1.705612779
621,12419.997,1786876871983.458,11659801.393,0.000000000,0.000012099,0.000676869,-0.003264987,0.003646321,0.003500125,0.002876460,0.003386741
622,12439.998,1786876872003.459,11659821.394,0.000000000,0.000033920,0.002117794,-0.015331751,0.015975617,0.016213527,0.012203512,0.015652388
623,12460.000,1786876872023.460,11659841.395,0.000000000,0.000038392,0.002299197,-0.033598900,0.032831911,0.034657076,0.025862066,0.033615332
624,12480.006,1786876872043.467,11659861.402,0.000000000,0.000025397,0.002247338,-0.056601025,0.055100434,0.057659909,0.046036985,0.056301080
625,12500.005,1786876872063.466,11659881.401,0.000000000,0.000006595,0.002172639,-0.083034791,0.083525576,0.084376231,0.074185133,0.082971163
626,12520.007,1786876872083.468,11659901.402,0.000000000,-0.000009583,0.002106428,-0.111872807,0.116660327,0.113832794,0.108700491,0.112627484
627,12540.000,1786876872103.461,11659921.396,0.000000000,-0.000017278,0.002046070,-0.134708256,0.143592417,0.137210175,0.137120292,0.136220306
628,12560.000,1786876872123.461,11659941.396,0.000000000,-0.000022343,0.001934011,-0.166451767,0.181471184,0.169613034,0.176927537,0.168897867
629,12579.997,1786876872143.458,11659961.392,0.000000000,-0.000021448,0.001827009,-0.199312225,0.220147923,0.202914789,0.216885701,0.202374965
630,12599.996,1786876872163.457,11659981.392,0.000000000,-0.000020615,0.001748224,-0.232949331,0.257590175,0.236585438,0.254748285,0.236102521
631,12619.999,1786876872183.460,11660001.395,0.000000000,-0.000025000,0.001696349,-0.267105490,0.292835504,0.270331740,0.290090084,0.269877344
632,12639.998,1786876872203.459,11660021.394,0.000000000,-0.000031421,0.001643497,-0.301621199,0.326670915,0.304169238,0.324181080,0.303775638
633,12659.998,1786876872223.458,11660041.393,0.000000000,-0.000034729,0.001584097,-0.336378336,0.360631108,0.338241547,0.358512163,0.337910354
634,12679.999,1786876872243.460,11660061.395,0.000000000,-0.000033279,0.001524480,-0.371255517,0.395941913,0.372660190,0.394132406,0.372355372
635,12699.998,1786876872263.459,11660081.394,0.000000000,-0.000030510,0.001460569,-0.406194925,0.432589889,0.407361805,0.431078404,0.407068938
636,12720.006,1786876872283.467,11660101.402,0.000000000,-0.000028702,0.001395063,-0.441169441,0.470309645,0.442256719,0.469058931,0.441978991
637,12740.007,1786876872303.468,11660121.403,0.000000000,-0.000028909,0.001321175,-0.476189673,0.508279085,0.477203280,0.507208645,0.476952434
638,12760.000,1786876872323.461,11660141.396,0.000000000,-0.000032769,0.001199201,-0.511382163,0.545175970,0.511967301,0.544446170,0.511805415
639,12780.004,1786876872343.465,11660161.400,0.000000000,-0.000036165,0.001094886,-0.537903190,0.572075665,0.537890196,0.571654797,0.537827373
640,12799.998,1786876872363.459,11660181.394,0.000000000,-0.000039412,0.000985356,-0.573322237,0.607525945,0.572361588,0.607345581,0.572424114
641,12819.997,1786876872383.458,11660201.392,0.000000000,-0.000041600,0.000945113,-0.608636856,0.643160284,0.606889427,0.643092930,0.607057214
642,12839.998,1786876872403.459,11660221.394,0.000000000,-0.000042901,0.000975874,-0.643707514,0.679554760,0.641614854,0.679701447,0.641877174
643,12859.997,1786876872423.458,11660241.392,0.000000000,-0.000042991,0.001047566,-0.678508222,0.716861844,0.676592529,0.717291117,0.676922083
644,12879.999,1786876872443.460,11660261.395,0.000000000,-0.000041503,0.001113866,-0.713156641,0.754493237,0.711741924,0.755131781,0.712091744
645,12899.997,1786876872463.458,11660281.392,0.000000000,-0.000038615,0.001145733,-0.747807562,0.791687191,0.746928215,0.792352021,0.747245073
646,12919.999,1786876872483.459,11660301.394,0.000000000,-0.000036115,0.001155074,-0.782557547,0.827950418,0.782076120,0.828520358,0.782329023
647,12940.005,1786876872503.466,11660321.401,0.000000000,-0.000035800,0.001161046,-0.817448139,0.863121688,0.817192554,0.863696575,0.817394078
648,12960.006,1786876872523.467,11660341.402,0.000000000,-0.000037397,0.001179901,-0.852464676,0.897335529,0.852322936,0.898451924,0.852532387
649,12980.013,1786876872543.474,11660361.409,0.000000000,-0.000038985,0.001214625,-0.887481153,0.931540370,0.887504756,0.933480203,0.887761891
650,13000.015,1786876872563.475,11660381.410,0.000000000,-0.000038491,0.001265612,-0.922331512,0.966770887,0.922718108,0.969317555,0.923018694
651,13020.017,1786876872583.478,11660401.413,0.000000000,-0.000036170,0.001327864,-0.956915975,1.003523111,0.957916200,1.006182671,0.958231330
652,13040.002,1786876872603.463,11660421.398,0.000000000,-0.000033541,0.001378289,-0.982665062,1.032088876,0.984277308,1.034479141,0.984577537
653,13060.008,1786876872623.468,11660441.403,0.000000000,-0.000029864,0.001445825,-1.016775608,1.071195483,1.019350529,1.072923660,1.019600987
654,13080.004,1786876872643.465,11660461.400,0.000000000,-0.000026731,0.001508185,-1.050707817,1.110933304,1.054327488,1.111918569,1.054509044
655,13100.007,1786876872663.468,11660481.403,0.000000000,-0.000024436,0.001561799,-1.084569454,1.150753617,1.089229226,1.151121616,1.089337707
656,13120.006,1786876872683.467,11660501.402,0.000000000,-0.000023291,0.001599092,-1.118455529,1.190192223,1.124063253,1.190140247,1.124109864
657,13140.009,1786876872703.470,11660521.405,0.000000000,-0.000023207,0.001617876,-1.152440906,1.228912592,1.158837199,1.228640556,1.158844829
658,13160.010,1786876872723.470,11660541.406,0.000000000,-0.000023585,0.001622050,-1.186560750,1.266794086,1.193565369,1.266467333,1.193558574
659,13180.007,1786876872743.468,11660561.403,0.000000000,-0.000023624,0.001616126,-1.220810533,1.303863525,1.228252411,1.303594470,1.228248835
660,13200.006,1786876872763.467,11660581.402,0.000000000,-0.000023329,0.001607519,-1.255157590,1.340268970,1.262897968,1.340115070,1.262911201
661,13220.001,1786876872783.462,11660601.396,0.000000000,-0.000022518,0.001601076,-1.289562941,1.375512838,1.297507524,1.375494599,1.297542572
662,13240.010,1786876872803.471,11660621.406,0.000000000,-0.000021238,0.001599355,-1.323993444,1.408222079,1.332086325,1.408318281,1.332142353
663,13260.011,1786876872823.472,11660641.407,0.000000000,-0.000019325,0.001602178,-1.358419776,1.437418818,1.366632342,1.437571049,1.366703987
664,13280.011,1786876872843.472,11660661.407,0.000000000,-0.000016904,0.001607248,-1.384225368,1.456665993,1.392521262,1.456787705,1.392594814
665,13300.013,1786876872863.474,11660681.409,0.000000000,-0.000012678,0.001618190,-1.418611288,1.478635550,1.427020192,1.478560448,1.427082419
666,13319.998,1786876872883.459,11660701.394,0.000000000,-0.000008926,0.001631756,-1.452996016,1.496407270,1.461519599,1.496006250,1.461564541
667,13340.005,1786876872903.466,11660721.401,0.000000000,-0.000006072,0.001644844,-1.487397313,1.510130167,1.496034503,1.509404421,1.496053696
668,13360.007,1786876872923.468,11660741.403,0.000000000,-0.000004184,0.001655242,-1.521763682,1.520017743,1.530436754,1.519007802,1.530437350
669,13380.010,1786876872943.471,11660761.406,0.000000000,-0.000003649,0.001656809,-1.555328131,1.526313901,1.563629746,1.525104046,1.563630939
670,13400.007,1786876872963.468,11660781.403,0.000000000,-0.000005579,0.001641058,-1.586678863,1.529374003,1.594270706,1.528237462,1.594280839
671,13420.004,1786876872983.465,11660801.400,0.000000000,-0.000008008,0.001615566,-1.614791036,1.530027270,1.621458054,1.529129863,1.621467590
672,13440.003,1786876873003.464,11660821.399,0.000000000,-0.000008441,0.001595184,-1.639005184,1.530166268,1.644627810,1.529308677,1.644639969
673,13460.011,1786876873023.472,11660841.407,0.000000000,-0.000007534,0.001582643,-1.658988953,1.530264974,1.663525462,1.529420972,1.663563013
674,13480.011,1786876873043.471,11660861.407,0.000000000,-0.000005932,0.001576974,-1.674721003,1.530358553,1.678204060,1.529521704,1.678284526
675,13500.013,1786876873063.474,11660881.409,0.000000000,-0.000003931,0.001585222,-1.686476707,1.530463934,1.689000726,1.529628992,1.689117789
676,13520.007,1786876873083.468,11660901.403,0.000000000,-0.000001295,0.001600349,-1.692961931,1.530555129,1.694853663,1.529717207,1.694975257
677,13540.009,1786876873103.469,11660921.405,0.000000000,0.000003633,0.001626565,-1.698925734,1.530687571,1.700096369,1.529841065,1.700201631
678,13559.997,1786876873123.457,11660941.392,0.000000000,0.000008662,0.001650251,-1.702314615,1.530820251,1.702902079,1.529967308,1.702971339
679,13579.997,1786876873143.458,11660961.392,0.000000000,0.000013201,0.001668205,-1.703637838,1.530948400,1.703803539,1.530090213,1.703847289
680,13599.996,1786876873163.457,11660981.392,0.000000000,0.000017140,0.001681788,-1.703906298,1.531073332,1.704004765,1.530207157,1.704045057
681,13619.997,1786876873183.458,11661001.393,0.000000000,0.000019087,0.001692654,-1.704049468,1.531193852,1.704142332,1.530320644,1.704182625
682,13639.997,1786876873203.458,11661021.393,0.000000000,0.000018202,0.001697199,-1.704183459,1.531303406,1.704275727,1.530430913,1.704316616
683,13659.996,1786876873223.457,11661041.392,0.000000000,0.000014554,0.001687129,-1.704319477,1.531396627,1.704411745,1.530538678,1.704452753
684,13679.998,1786876873243.458,11661061.393,0.000000000,0.000010030,0.001666485,-1.704457760,1.531484485,1.704550385,1.530651808,1.704590321
685,13699.998,1786876873263.459,11661081.394,0.000000000,0.000007838,0.001644352,-1.704594135,1.531574845,1.704686403,1.530763865,1.704725504
686,13720.002,1786876873283.463,11661101.397,0.000000000,0.000008755,0.001631924,-1.704724550,1.531670928,1.704815865,1.530870676,1.704855442
687,13740.014,1786876873303.475,11661121.410,0.000000000,0.000011000,0.001629451,-1.704848647,1.531768322,1.704938650,1.530970573,1.704979658
688,13760.003,1786876873323.464,11661141.399,0.000000000,0.000012580,0.001639268,-1.704939842,1.531848907,1.705028772,1.531049252,1.705071211
689,13780.001,1786876873343.462,11661161.397,0.000000000,0.000014546,0.001663724,-1.705061913,1.531967402,1.705150485,1.531163335,1.705193400
690,13799.996,1786876873363.457,11661181.392,0.000000000,0.000018032,0.001697781,-1.705187440,1.532102942,1.705275297,1.531285286,1.705319285
691,13820.000,1786876873383.460,11661201.396,0.000000000,0.000021233,0.001735476,-1.705317497,1.532247424,1.705404878,1.531420708,1.705448985
692,13840.003,1786876873403.463,11661221.398,0.000000000,0.000025932,0.001759855,-1.705447555,1.532377720,1.705536127,1.531552315,1.705576777
693,13860.007,1786876873423.468,11661241.403,0.000000000,0.000032985,0.001769316,-1.705572367,1.532489300,1.705661535,1.531656027,1.705700874
694,13880.004,1786876873443.465,11661261.400,0.000000000,0.000037387,0.001789105,-1.705696940,1.532612085,1.705785275,1.531763911,1.705825925
695,13900.005,1786876873463.466,11661281.401,0.000000000,0.000035793,0.001811945,-1.705823183,1.532732964,1.705910802,1.531882167,1.705952525
696,13920.006,1786876873483.467,11661301.402,0.000000000,0.000030616,0.001808776,-1.705949068,1.532818437,1.706036568,1.531982303,1.706079364
697,13940.011,1786876873503.471,11661321.406,0.000000000,0.000024557,0.001772094,-1.706081152,1.532879710,1.706168652,1.532066107,1.706212640
698,13960.014,1786876873523.475,11661341.410,0.000000000,0.000019722,0.001728742,-1.706220984,1.532953382,1.706309915,1.532166719,1.706350923
699,13980.004,1786876873543.465,11661361.400,0.000000000,0.000018152,0.001702580,-1.706326723,1.533025026,1.706416011,1.532252789,1.706454754
700,14000.005,1786876873563.466,11661381.401,0.000000000,0.000018734,0.001681269,-1.706460118,1.533128023,1.706547856,1.532364249,1.706586599
701,14020.000,1786876873583.461,11661401.396,0.000000000,0.000020551,0.001680739,-1.706580520,1.533229113,1.706666350,1.532464743,1.706707239
702,14039.997,1786876873603.458,11661421.393,0.000000000,0.000021942,0.001707825,-1.706695557,1.533345938,1.706779718,1.532573462,1.706822991
703,14059.998,1786876873623.458,11661441.393,0.000000000,0.000021834,0.001763464,-1.706811309,1.533490181,1.706893325,1.532705426,1.706939697
704,14079.997,1786876873643.458,11661461.393,0.000000000,0.000018526,0.001828777,-1.706925154,1.533632398,1.707004905,1.532845378,1.707055807
705,14099.996,1786876873663.457,11661481.392,0.000000000,0.000018561,0.001860265,-1.707036376,1.533729553,1.707117081,1.532954335,1.707167983
706,14119.998,1786876873683.458,11661501.393,0.000000000,0.000024409,0.001856782,-1.707147360,1.533797145,1.707230091,1.533025026,1.707279682
707,14139.997,1786876873703.458,11661521.392,0.000000000,0.000028570,0.001873890,-1.707262516,1.533900499,1.707344890,1.533120155,1.707396507
708,14159.998,1786876873723.459,11661541.394,0.000000000,0.000023904,0.001918231,-1.707386136,1.534045696,1.707467675,1.533271194,1.707519412
709,14180.000,1786876873743.461,11661561.396,0.000000000,0.000015103,0.001943106,-1.707507372,1.534161568,1.707588434,1.533406615,1.707640171
710,14200.004,1786876873763.465,11661581.400,0.000000000,0.000009435,0.001939730,-1.707625151,1.534238696,1.707708240,1.533504486,1.707757473
711,14220.009,1786876873783.470,11661601.405,0.000000000,0.000008859,0.001909177,-1.707743883,1.534293652,1.707829595,1.533571720,1.707876086
712,14240.003,1786876873803.464,11661621.399,0.000000000,0.000011024,0.001872898,-1.707836032,1.534330368,1.707923293,1.533612609,1.707968235
713,14260.004,1786876873823.465,11661641.400,0.000000000,0.000014169,0.001810929,-1.707964778,1.534382820,1.708052278,1.533669591,1.708097816
714,14280.012,1786876873843.473,11661661.408,0.000000000,0.000015990,0.001754736,-1.708093524,1.534445286,1.708178759,1.533739090,1.708228946
715,14300.006,1786876873863.467,11661681.402,0.000000000,0.000019788,0.001715744,-1.708211064,1.534503818,1.708294988,1.533800602,1.708349466
716,14320.008,1786876873883.469,11661701.404,0.000000000,0.000029683,0.001733721,-1.708319902,1.534603715,1.708407164,1.533884525,1.708457947
717,14340.012,1786876873903.473,11661721.408,0.000000000,0.000036108,0.001714055,-1.708427787,1.534659863,1.708517432,1.533936381,1.708566785
718,14360.001,1786876873923.462,11661741.397,0.000000000,0.000037526,0.001864890,-1.708539844,1.535057068,1.708628416,1.534215331,1.708680272
719,14379.998,1786876873943.458,11661761.394,0.000000000,0.000037983,0.005815947,-1.708673596,1.541338325,1.708754539,1.538657188,1.708809495
720,14399.999,1786876873963.459,11661781.394,0.000000000,0.000023505,0.007436694,-1.708806276,1.545515060,1.708886266,1.542315483,1.708943009
721,14420.045,1786876873983.506,11661801.441,0.000000000,0.000022966,0.007523953,-1.708929777,1.546161413,1.709020019,1.543254495,1.709064484
722,14440.049,1786876874003.510,11661821.445,0.000000000,0.000033488,0.007399998,-1.709061027,1.546142459,1.709163666,1.543273330,1.709195018
723,14460.049,1786876874023.510,11661841.445,0.000000000,0.000041698,0.007271801,-1.709165454,1.546090007,1.709275842,1.543215990,1.709300399
724,14480.053,1786876874043.514,11661861.449,0.000000000,0.000058417,0.007075112,-1.709297776,1.546059608,1.709416509,1.543121815,1.709434867
725,14500.056,1786876874063.517,11661881.452,0.000000000,0.000065179,0.006463656,-1.709427953,1.545957208,1.709553838,1.542984724,1.709570289
726,14519.997,1786876874083.458,11661901.393,0.000000000,0.000062992,0.005392940,-1.709557295,1.545830250,1.709687591,1.542847037,1.709706426
