index,time_ms,time_realtime_ms,time_monotonic_ms,ros_timestamp,act_0,act_1,act_2,act_3,act_4,act_5,act_6,act_7,act_8,act_9,act_10,act_11,act_12,act_13,act_14,act_15,act_16,act_17,act_18,act_19,act_20,act_21,act_22,act_23,act_24,act_25,act_26,act_27,act_28
0,0.000,1786879740496.445,14528314.380,0.000000000,0.000000000,0.000000000,0.000000000,0.000000000,0.000000000,0.000000000,0.000000000,0.000000000,0.000000000,0.000000000,0.000000000,0.000000000,0.000000000,0.000000000,0.000000000,0.000000000,0.000000000,0.000000000,0.000000000,0.000000000,0.000000000,0.000000000,0.000000000,0.000000000,0.000000000,0.000000000,0.000000000,0.000000000,0.000000000
1,19.991,1786879740516.436,14528334.371,0.000000000,-1.025464296,0.400337249,0.535145164,0.762643754,-0.254237592,-0.425725281,-1.178909898,-0.076596022,-0.619022429,0.092422083,1.541487336,0.470536351,-1.215406179,0.372074008,0.375533581,-0.062231250,0.287434697,-0.051968463,0.053159177,-0.141297236,0.238433376,-0.110999823,-0.509870708,0.393095583,-0.176698968,0.276752770,0.167131722,0.078925237,-0.301214904
2,39.988,1786879740536.433,14528354.368,0.000000000,-1.275672317,0.801135004,0.750176787,0.576813519,-0.675222516,-0.448843986,-1.521950364,0.438047647,-0.948284388,0.367158741,1.450495481,0.722189784,-1.985177398,-0.046227306,0.217430338,-0.056450024,0.288556874,-0.051621750,-0.093628831,-0.315003872,0.093137741,-0.336315155,-1.226964116,0.417015195,-0.274753422,0.362075418,-0.068795756,0.264687538,-0.313947290
3,59.988,1786879740556.433,14528374.368,0.000000000,-1.547607422,1.222626567,0.598227262,0.217618942,-0.533961892,0.130612269,-1.001297235,0.607184052,-1.268837094,0.089917220,1.402388453,0.924350619,-2.489527225,-0.498903632,0.006450072,-0.298589706,-0.042119227,-0.228800371,-0.242732376,-0.376592577,-0.193150774,-0.580932617,-2.218314886,0.327016085,-0.409090161,0.319647700,-0.155917168,0.329442620,-0.171196193
4,79.991,1786879740576.436,14528394.371,0.000000000,-0.815691054,0.577835083,0.099869743,0.253507346,0.121289767,1.092403173,0.261555284,-0.300917387,-1.461518168,-0.091360830,1.239663601,0.794288039,-2.564152956,-0.449849725,-0.248452172,-0.425862700,-0.307622641,0.015461028,-0.008979598,-0.453209132,-0.545549393,-0.849624217,-3.208202362,0.225500762,-0.627778292,0.212451860,-0.197689623,0.193833545,0.074931853
5,99.992,1786879740596.437,14528414.372,0.000000000,0.300608367,-0.124621361,-0.076493606,0.453293055,0.210260957,1.379548669,0.304232091,-0.548477829,-0.980955124,0.031584375,0.925817311,0.283614397,-2.159983873,-0.344604433,-0.302623928,-0.552703977,-0.299714386,0.045887642,0.119368896,-0.617219150,-0.448343933,-1.252668858,-3.334476948,0.093671620,-0.685199142,-0.111425772,-0.390513003,0.067236364,0.175179332
6,119.994,1786879740616.439,14528434.374,0.000000000,0.705129564,-0.046963036,-0.354275823,0.572588325,-0.011851296,0.717426419,0.032208823,-0.514382601,0.226934999,0.001296367,0.508669496,-0.338964581,-1.019949317,0.141879290,-0.174213126,-0.475057900,-0.100778438,-0.004403178,0.142161444,-0.564672887,0.192138061,-1.466405869,-2.483584166,0.056122124,-0.673757613,-0.459579378,-0.438713878,0.057690255,0.124968626
7,139.991,1786879740636.436,14528454.371,0.000000000,0.477436483,0.484542549,-0.551090240,0.485814780,-0.357408613,-0.312137574,-0.142824098,-0.466158301,1.309055686,-0.019084729,0.094431624,-0.676069200,0.265710056,0.696138978,0.034862563,-0.266916871,0.044838648,-0.061356731,0.191239432,-0.438489377,0.822242200,-1.545047522,-1.329612255,0.174717873,-0.747982740,-0.785990953,-0.396724135,0.332360744,0.160167187
8,159.991,1786879740656.436,14528474.372,0.000000000,0.382345378,0.559052408,-0.694993734,0.547470093,-0.635660529,-0.869114995,-0.637629688,-0.467977256,1.710593104,0.178265899,-0.310389161,-0.754610777,1.045975804,1.829748392,0.157643035,-0.017210796,0.098321736,-0.011323690,0.183892027,-0.285628617,1.005323291,-1.494739532,-0.324650943,0.319209218,-0.899594426,-1.094559073,-0.652522802,0.740712643,0.131391108
9,179.990,1786879740676.436,14528494.371,0.000000000,-0.462562263,0.408655852,-0.592471004,0.382136852,-0.903802991,-1.452404141,-0.975244343,-0.410941213,2.306329012,1.433480024,-0.807149947,-0.582391798,1.025603175,1.527483940,0.136934340,0.298834205,0.201104954,-0.093771324,0.086684756,0.113569230,0.809027851,-1.150011301,0.073858880,0.408818990,-0.981952369,-1.343896866,-1.136408687,1.367985964,-0.318552107
10,199.991,1786879740696.436,14528514.371,0.000000000,0.389782459,-0.201847002,-0.796800017,0.326083392,-0.362309963,-0.339156568,-1.352398634,-0.933170140,0.787904263,1.289324999,-0.053616084,-0.123593852,0.926490307,4.242133617,-0.230442449,0.368447065,-0.146937311,-0.435331941,0.091880962,0.043068457,0.729615152,-1.542452812,-0.331097037,0.630789340,-1.049894571,-1.709615469,-1.811431646,1.650394201,-0.221578181
11,219.992,1786879740716.438,14528534.372,0.000000000,0.416698396,-0.494129777,-0.177247509,0.521269321,-0.088612102,1.197688460,-1.231659889,-0.809638143,-1.588063836,0.863575578,0.124380372,0.597316206,0.262509584,4.417891502,1.324469328,0.144462019,-0.376037419,-0.859356165,-0.271790445,-0.157453030,0.536521614,-2.332150698,-1.408408880,0.705417275,-1.122706652,-1.934324741,-2.442915678,2.062491655,0.011057131
12,239.993,1786879740736.438,14528554.373,0.000000000,0.772997320,-0.455580354,0.115285635,0.112461217,0.278652579,2.480001688,-0.818124831,-0.712669671,-2.644770861,0.465772092,0.433585405,0.712246656,-0.477679074,4.062724590,1.725224018,0.256462306,-0.682544768,-1.650009155,-0.570827603,-0.275186151,0.046917483,-3.167972803,-2.581314325,0.971097648,-1.289582253,-2.149004698,-3.182738543,2.452256203,0.633468866
13,259.993,1786879740756.438,14528574.373,0.000000000,0.483037531,-0.330993176,-0.036199577,-0.355165511,0.509644508,2.963445187,-0.029705333,-0.656098127,-2.782031536,1.157556295,0.634052396,0.337785751,-0.875338912,3.650221348,2.268154383,0.308387220,-0.785128057,-1.204546928,-0.708145320,-0.196185872,-0.267249346,-3.231409550,-2.999048948,1.018248558,-1.502159595,-2.288048983,-3.612906456,2.791472673,1.101830125
14,279.990,1786879740776.436,14528594.371,0.000000000,0.307933182,-0.609715283,-0.224691465,-0.650885224,0.440505415,2.795165062,0.571182787,-0.634911418,-2.683568001,1.738106728,0.378324568,0.157305494,-0.947186768,3.041787624,2.551712036,0.243369877,-0.558056176,-0.701278925,-0.631731093,-0.220647678,-0.434305012,-3.001048565,-3.012003660,0.892258704,-1.595938683,-2.528695345,-3.896150827,3.238752604,1.632354379
15,299.992,1786879740796.437,14528614.372,0.000000000,0.462024510,-0.757430792,-0.382021189,-0.670041263,0.191038758,2.046251297,0.787126303,-0.458813876,-2.198426247,2.221745729,0.182204247,-0.019346964,-1.001759410,3.176667452,2.495319128,0.218779832,-0.375819862,-0.295767367,-0.544903994,-0.313454866,-0.527984560,-2.759387255,-3.046705961,0.871970117,-1.691941857,-2.905465126,-4.131962299,3.619386435,2.030627012
16,319.991,1786879740816.437,14528634.372,0.000000000,0.719496012,-0.875796556,-0.478869498,-0.472531766,0.073801018,1.198124886,0.437144071,-0.417133242,-1.620369315,2.225466967,0.233555079,-0.080341622,-0.947658777,3.460423946,1.954688549,0.156242043,-0.334858477,-0.110264659,-0.404363304,-0.482300103,-0.444862783,-2.422367573,-2.780290842,0.832731426,-1.683597207,-3.328110218,-4.228792667,3.788762093,2.192315578
17,339.995,1786879740836.440,14528654.375,0.000000000,0.596039712,-0.731110334,-0.429029703,-0.006956100,-0.043572374,0.153406769,0.015739610,-0.391725510,-1.181418896,2.252276659,0.372981697,0.063515469,-0.757067919,3.354717493,1.594284773,0.207552731,-0.308854699,0.160141453,-0.257660389,-0.501335144,-0.318056107,-1.889891148,-2.482097387,0.846154213,-1.724119663,-3.651175022,-4.231280804,3.833954334,1.979298949
18,359.996,1786879740856.441,14528674.376,0.000000000,-0.527967513,0.222075880,0.298931837,0.216692001,-0.209484965,-1.342115998,-0.019895056,0.055682369,-0.254745096,2.762108564,0.318271130,0.260602593,-1.049110413,2.149031878,2.053285122,0.367440939,-0.281872898,0.292825162,-0.191971913,-0.379572809,0.032597348,-1.324951291,-2.227800846,0.806883276,-1.723147392,-3.896724939,-4.134344578,4.016584873,1.527100444
19,379.996,1786879740876.441,14528694.376,0.000000000,-1.877303600,0.942671180,0.877370656,0.019183043,-0.143433332,-1.676754355,-0.065175392,0.111950785,0.541817367,1.697195292,0.848853290,0.305144966,-1.449095249,-0.258240700,2.462639809,0.420788884,-0.341210663,0.203704268,-0.189391524,-0.305646926,0.313126624,-0.895836353,-1.983607531,0.642466247,-1.655093312,-3.915984869,-4.105067730,4.478971958,0.873415887
20,399.997,1786879740896.442,14528714.377,0.000000000,-2.094612360,1.114655018,0.877141178,0.013019215,-0.143864334,-1.387713194,-0.218137324,0.140353903,0.580272853,1.274936199,1.468691111,0.397748291,-1.387072921,-0.542739034,2.439675808,0.384851813,-0.191289902,0.152059659,-0.120944597,-0.463718534,0.542506397,-0.712244928,-1.772607088,0.536159575,-1.590901732,-3.929448605,-4.105126858,4.735718727,0.321477205
21,419.998,1786879740916.443,14528734.378,0.000000000,-1.721834898,0.668365538,0.535920858,0.167534322,-0.036034644,-0.911983490,-0.368399382,-0.049341686,0.374792457,0.729803205,1.881193638,0.289889276,-1.094423294,-0.695782661,2.221108437,0.387599587,-0.014138171,0.019638553,0.001532039,-0.648373723,0.583644092,-0.851105630,-1.757107377,0.591354668,-1.510551214,-4.208200455,-4.324984074,5.055457115,-0.116058610
22,439.996,1786879740936.441,14528754.376,0.000000000,-1.006879330,-0.194152489,-0.048937604,0.359588593,-0.164245784,-0.019089151,-0.583208740,-0.228753045,0.216457069,0.589855313,1.842977285,-0.041633528,-0.714409232,-0.212863460,0.304296196,0.269120008,0.026042691,-0.054221436,0.062364407,-0.824892282,0.598087072,-1.239935160,-1.804543734,0.638507307,-1.516030788,-4.674717903,-4.677800655,5.466820240,-0.231235802
23,459.995,1786879740956.440,14528774.375,0.000000000,-0.669443965,-0.443512529,-0.372687757,0.825005472,-0.626519859,0.819561839,-0.906124413,0.119588867,-0.207555726,0.616810143,1.956798434,-0.133175895,-0.317613661,1.376987100,-1.368574619,0.346342027,-0.079104200,0.025875583,-0.093149155,-0.806913197,0.584128618,-1.625191092,-1.853377581,0.685034394,-1.577379465,-5.178044796,-5.068716526,6.051081657,-0.399608731
24,479.996,1786879740976.441,14528794.376,0.000000000,-0.416449755,-0.434322000,-0.442437649,1.124341726,-0.721428514,1.027691126,-0.891449869,0.129312009,-0.647488117,0.352819175,1.797360539,-0.185224190,0.058780119,2.705682278,-1.216786981,0.416353315,-0.298986495,-0.093814656,-0.131761849,-0.562460899,0.648244619,-1.719764471,-1.619726658,0.699750841,-1.578437567,-5.327309132,-5.185033321,6.266286850,-0.487092912
25,499.993,1786879740996.438,14528814.373,0.000000000,-0.429471612,-0.533105016,-0.445231855,0.783224940,-0.702834845,1.196294069,-1.078625083,0.014763257,-0.803027034,0.427894831,1.435221314,-0.107586488,0.144652709,2.767561913,-1.099339962,0.383360326,-0.313997895,0.020297483,-0.130356461,-0.472635895,0.678189278,-1.869603395,-1.350483179,0.828126848,-1.736381412,-5.249429226,-5.108032703,6.318283081,-0.665029764
26,519.995,1786879741016.441,14528834.376,0.000000000,-0.319312096,-0.593090773,-0.270734251,0.733712494,-0.771863937,1.333680034,-1.269394994,0.004435373,-0.872460485,0.540099561,1.437869191,0.085580871,-0.056369752,2.770989895,-1.091552019,0.328575134,-0.329568326,0.010757312,-0.076930054,-0.455747485,0.676007092,-1.926172972,-1.385068893,0.879873455,-1.857670426,-5.235368252,-5.190752506,6.409659386,-0.637815177
27,539.999,1786879741036.444,14528854.379,0.000000000,-0.128340587,-0.876873136,-0.127402589,0.581496537,-0.735760808,1.238839984,-1.231710076,-0.087780081,-0.838855743,1.025540829,1.219574451,0.257255256,-0.266524971,2.786305428,-1.067016363,0.450072765,-0.377951860,-0.043292210,-0.018594103,-0.429884732,0.563226640,-1.878521085,-1.487694979,0.841610134,-1.881588340,-5.342694759,-5.289669037,6.710850716,-0.566359997
28,559.996,1786879741056.441,14528874.376,0.000000000,-0.252724230,-0.957189977,-0.032319874,0.390103906,-0.685711026,1.014725685,-0.956976831,-0.034599483,-0.687944770,1.569974542,0.902364016,0.335990369,-0.495201230,2.339086533,-0.697418094,0.527877986,-0.415530145,-0.102857545,-0.018013010,-0.397738755,0.487560570,-1.758624673,-1.571717262,0.829177558,-1.919486761,-5.670082092,-5.300422668,7.095326424,-0.632033408
29,579.995,1786879741076.440,14528894.375,0.000000000,-0.531712830,-0.829486430,0.016925469,0.169040442,-0.663077593,0.482120603,-0.617042422,-0.137104288,-0.443533480,1.713750958,0.720161974,0.365986437,-0.637723446,1.430960178,0.373154938,0.522950590,-0.385871738,-0.090671644,-0.040315010,-0.407662541,0.543473423,-1.603442788,-1.541952848,0.757417321,-1.876960158,-6.103765965,-5.188349247,7.357930183,-0.723009586
30,599.995,1786879741096.440,14528914.375,0.000000000,-0.895968378,-0.532310963,0.293907464,-0.038581755,-0.630967379,-0.190049455,-0.140732035,-0.154230773,-0.666506767,1.618514657,0.728591859,0.263537258,-0.897966623,0.713291407,2.023886681,0.584779978,-0.339792758,-0.176068529,-0.305789053,-0.431053579,0.518027902,-1.731131315,-1.781798124,0.760871470,-1.869796634,-6.626279831,-5.055720806,7.820411205,-0.780614376
31,619.990,1786879741116.435,14528934.370,0.000000000,-0.982237816,-0.196719408,0.381800354,-0.179805100,-0.429993540,-0.424321800,0.040564574,-0.104223847,-0.686328351,1.484302402,0.770844758,0.063180611,-1.093629837,0.713658392,2.788117886,0.645456851,-0.260090917,-0.178379282,-0.449239016,-0.491993248,0.498161972,-1.833103538,-2.025147200,0.758366585,-1.901487231,-7.063416004,-4.827410698,7.941306114,-0.693087101
32,639.990,1786879741136.435,14528954.370,0.000000000,-1.035494447,0.096215576,0.383081317,-0.217834532,-0.310799181,-0.525396645,0.091886409,-0.098105252,-0.664835393,1.436767578,0.846826911,0.034562279,-1.068483591,0.641011775,3.033833027,0.715888917,-0.225609913,-0.224463567,-0.374003291,-0.514939845,0.476648331,-1.754725218,-2.134791374,0.780510008,-1.912532806,-7.505467415,-4.662895679,8.086356163,-0.701266110
33,659.991,1786879741156.436,14528974.371,0.000000000,-1.105682135,0.209127784,0.401719093,-0.201217115,-0.255437046,-0.627367377,0.116021313,-0.013349036,-0.508852303,1.433074594,0.954825222,0.078828916,-1.017223239,0.445461035,3.047492027,0.802870095,-0.220951900,-0.218588457,-0.286198676,-0.482527196,0.485330462,-1.527465940,-2.143471479,0.775358975,-1.922960877,-7.880769253,-4.605037212,8.174988747,-0.627416909
34,679.992,1786879741176.437,14528994.372,0.000000000,-1.176421881,0.169273347,0.377324283,-0.186050445,-0.261776835,-0.673580945,0.072639950,0.043920301,-0.459368229,1.324848890,1.034942627,0.099459037,-0.928189218,0.306845069,2.830985069,0.870118439,-0.225197539,-0.266591728,-0.283498436,-0.529410124,0.559104800,-1.443116665,-2.040232897,0.757853985,-1.957750797,-8.216145515,-4.578130245,8.259181023,-0.601450741
35,699.999,1786879741196.444,14529014.379,0.000000000,-1.176261306,0.058372229,0.347581863,-0.124372847,-0.276239753,-0.572330773,0.025482854,0.018740466,-0.338858634,1.228336215,1.106950879,0.117887363,-0.879678369,0.296474457,2.444420815,0.864203393,-0.207207754,-0.265268266,-0.321064055,-0.573505342,0.579251587,-1.416402578,-1.929538250,0.752102077,-1.988676667,-8.501671791,-4.643163204,8.339339256,-0.548398077
36,720.000,1786879741216.445,14529034.380,0.000000000,-1.018624544,-0.141816199,0.302799106,-0.057814695,-0.248766869,-0.351600379,-0.015524441,-0.109871343,-0.277295321,1.167689323,1.174317837,0.104827777,-0.854869425,0.521154761,2.133466482,0.867788136,-0.182258472,-0.271393180,-0.346223801,-0.634866953,0.577107012,-1.453282356,-1.865541935,0.781610191,-2.005002737,-8.689160347,-4.691261768,8.465842247,-0.474503487
37,739.998,1786879741236.444,14529054.378,0.000000000,-0.635539830,-0.408615381,0.165521160,0.020831335,-0.203422099,-0.075343370,-0.085572295,-0.273390621,-0.263538390,1.076812267,1.453162551,0.029956449,-0.784405172,1.031193972,1.833823562,0.810313284,-0.151495472,-0.258111179,-0.334576637,-0.728587806,0.553921342,-1.502219319,-1.762699842,0.822609484,-2.041209221,-8.807441711,-4.727371693,8.509627342,-0.405316204
38,759.996,1786879741256.441,14529074.376,0.000000000,-0.195301205,-0.799288034,-0.055615216,0.222267181,-0.185955852,0.229855388,-0.357895762,-0.424301773,-0.257735312,1.015069366,2.217691660,-0.021000635,-0.651847661,1.452146053,1.513459921,0.704293728,-0.185958117,-0.202673569,-0.278537124,-0.841455400,0.496051133,-1.507950544,-1.662692785,0.895045519,-2.002292395,-8.774403572,-4.840992451,8.487778664,-0.428653330
39,779.997,1786879741276.442,14529094.377,0.000000000,0.296368092,-1.763692856,-0.507603586,0.699173987,-0.446476430,0.833484113,-0.853201330,-0.286826104,0.278815478,1.190308452,1.609820366,-0.177711174,-0.453404248,1.734364271,-1.356633306,0.489023358,-0.307869166,-0.033675775,-0.234797746,-0.942065895,0.392455459,-1.584115744,-1.592894077,0.942752719,-1.956022263,-8.857712746,-5.118394852,8.593540192,-0.540273607
40,799.997,1786879741296.442,14529114.377,0.000000000,0.043916147,-1.568614960,-0.397800803,0.467414826,-0.763039172,0.784381747,-0.594336808,-0.071726546,0.103034712,1.513753653,1.035476208,-0.141976967,-0.376484275,1.542610765,-1.191205382,0.566140115,-0.353916377,-0.141118541,-0.331600398,-0.677878499,0.447258890,-1.644023180,-1.507062793,0.941705048,-2.004919529,-8.780478477,-5.192548275,8.558445930,-0.608375788
41,819.996,1786879741316.441,14529134.376,0.000000000,-0.486419737,-1.077786088,-0.251043886,0.341667503,-0.733434081,0.451813430,-0.444427460,-0.023383046,-0.029005198,1.568699956,0.954777420,-0.095479593,-0.516811311,1.148628473,-0.671770334,0.579043686,-0.274181694,-0.206718192,-0.312998444,-0.589094341,0.576854765,-1.631227136,-1.464080453,0.908902824,-2.096513987,-8.916531563,-5.151618958,8.587786674,-0.716731608
42,839.996,1786879741336.441,14529154.376,0.000000000,-1.017650723,-0.614610076,0.033750609,0.193059415,-0.626408696,-0.079660833,-0.271731764,-0.162673205,-0.257976472,1.545769334,1.087594867,0.056002993,-0.625023842,0.567949295,1.147979259,0.545203030,-0.197595447,-0.218513861,-0.356412292,-0.610152304,0.705485880,-1.603258371,-1.456010580,0.856150866,-2.092689753,-9.108784676,-5.043452740,8.656332016,-0.717587233
43,859.996,1786879741356.441,14529174.376,0.000000000,-1.230064869,-0.259709507,0.389944911,0.028330442,-0.445806086,-0.504851520,-0.030543590,-0.077800840,-0.646374047,1.446512580,1.066634297,0.167427942,-0.812654972,0.301701307,2.222557306,0.653759301,-0.220928416,-0.211165294,-0.532042027,-0.559038222,0.652874053,-1.701699376,-1.671075344,0.845426977,-2.091792107,-9.223811150,-4.854857445,9.022829056,-0.729648709
44,879.995,1786879741376.440,14529194.375,0.000000000,-1.244979262,-0.123121083,0.465403736,-0.047266081,-0.375709176,-0.624675155,0.086137898,0.114990413,-0.869760871,1.425293446,1.008593559,0.172117695,-0.957477570,0.330528080,2.935621738,0.783719599,-0.286174476,-0.265771210,-0.590433478,-0.510645092,0.572580934,-1.760111094,-1.876200914,0.927979112,-2.091713428,-9.216004372,-4.656554699,9.292953491,-0.819674671
45,900.000,1786879741396.445,14529214.380,0.000000000,-1.313948512,0.058561683,0.446063757,-0.070885971,-0.386035949,-0.601997614,0.148002923,0.263606936,-0.959845483,1.419478536,0.925974965,0.136771545,-1.015318394,0.363524020,3.058164835,0.903850555,-0.290149838,-0.284702539,-0.628051341,-0.453081608,0.549830794,-1.750924706,-1.985958457,0.954003990,-2.080744743,-9.238117218,-4.605591297,9.431164742,-0.924516439
46,920.009,1786879741416.454,14529234.389,0.000000000,-1.393523812,0.125616759,0.397699714,-0.028355800,-0.348407507,-0.610781491,0.132693827,0.315708548,-0.775640845,1.415615916,1.030700564,0.124996379,-0.964572012,0.183887795,3.040776253,0.980628788,-0.251886934,-0.291984677,-0.569035053,-0.453974843,0.584930599,-1.651916265,-2.014470339,0.912024558,-2.042468309,-9.302947044,-4.564149380,9.445166588,-0.954388022
47,939.994,1786879741436.439,14529254.374,0.000000000,-1.493757963,0.223101705,0.359818518,-0.010345697,-0.348014265,-0.683718979,0.032096811,0.446622342,-0.680516243,1.432824016,1.126869559,0.108542189,-0.957427263,-0.086373821,3.144355059,1.016744733,-0.259952337,-0.294767439,-0.550007999,-0.448484421,0.576470077,-1.580288410,-1.988928556,0.882053554,-2.021895170,-9.386893272,-4.489440441,9.384899139,-0.850910962
48,959.994,1786879741456.439,14529274.375,0.000000000,-1.564003229,0.194625378,0.367956221,0.029507510,-0.316443354,-0.623350263,-0.068987601,0.474677294,-0.584153414,1.273083568,1.209138274,0.173725829,-1.030075073,-0.241451934,2.990996838,0.961764216,-0.236958668,-0.286750615,-0.548738003,-0.497641027,0.607646763,-1.554885387,-1.987291932,0.833428502,-2.041734695,-9.462056160,-4.372313023,9.390530586,-0.720091164
49,979.995,1786879741476.440,14529294.375,0.000000000,-1.384993196,-0.088910222,0.379865885,0.022074219,-0.221773475,-0.503916800,-0.077345811,0.302555650,-0.584729970,1.178376198,1.191561460,0.149630532,-1.071570992,-0.037009478,2.726175308,0.902643025,-0.166995749,-0.272484243,-0.548459649,-0.582345963,0.620604455,-1.620247602,-2.007976532,0.850400209,-2.073970795,-9.579162598,-4.330911636,9.541402817,-0.544140518
50,999.998,1786879741496.443,14529314.378,0.000000000,-0.926575005,-0.493700981,0.238832042,0.055323265,-0.134902120,-0.331213862,-0.086089395,-0.008435639,-0.596663773,1.192705035,1.226080298,0.077932224,-0.939184368,0.499068856,2.137074471,0.881773293,-0.155809686,-0.298068106,-0.498210013,-0.708512783,0.602344692,-1.638492107,-1.965451360,0.891799450,-2.129486322,-9.722998619,-4.354262829,9.725972176,-0.394367009
51,1019.996,1786879741516.441,14529334.376,0.000000000,-0.527929366,-0.797361135,0.045306101,0.073432088,-0.086135380,-0.089705870,-0.053851508,-0.270964205,-0.624427795,1.326373219,1.196478605,-0.014374983,-0.718531847,1.078268409,1.522851467,0.842098892,-0.217650220,-0.336202800,-0.446570873,-0.811521828,0.541834533,-1.675167084,-1.852424264,0.939631760,-2.188853025,-9.808046341,-4.360912800,9.875469208,-0.242017686
52,1039.995,1786879741536.440,14529354.375,0.000000000,-0.376589447,-0.963077903,-0.057436213,0.073167510,-0.044955276,0.188899472,-0.002655501,-0.409555763,-0.585667074,1.437508106,1.218399882,-0.059301984,-0.638244271,1.320171833,1.150305510,0.786386907,-0.261590838,-0.321737826,-0.430455923,-0.857020080,0.482695341,-1.711516380,-1.810009241,0.976551414,-2.215752602,-9.848481178,-4.313969135,9.967192650,-0.113918446
53,1059.995,1786879741556.440,14529374.375,0.000000000,-0.319813877,-1.008153796,-0.102024302,0.093648583,-0.070108078,0.350799739,0.051596828,-0.465469658,-0.506515563,1.550903916,1.192175031,-0.070834592,-0.631270766,1.415497899,1.077647448,0.775519907,-0.312718153,-0.307066858,-0.433570445,-0.876124799,0.405993402,-1.743853688,-1.787679672,0.972891271,-2.251958609,-9.865432739,-4.288532257,10.012700081,-0.012892447
54,1079.995,1786879741576.440,14529394.375,0.000000000,-0.408739388,-0.927867830,-0.069479719,0.078497805,-0.096184902,0.378267974,0.097504415,-0.418770820,-0.443796545,1.593584418,1.164785981,-0.052921128,-0.647020757,1.418478131,1.165667653,0.781670332,-0.341803581,-0.291181624,-0.444440126,-0.864904344,0.382116973,-1.752406359,-1.761442661,0.964296103,-2.276064157,-9.883542061,-4.289846420,10.030308723,0.011661388
55,1099.999,1786879741596.444,14529414.379,0.000000000,-0.542707682,-0.814834297,-0.016922772,0.090076841,-0.127484977,0.326112926,0.120319195,-0.364277273,-0.372140586,1.640511990,1.177681327,-0.013250124,-0.621766090,1.417249680,1.262820244,0.801030576,-0.357328296,-0.263053715,-0.432924777,-0.814498484,0.392952859,-1.712679386,-1.737921476,0.958238304,-2.284073591,-9.900183678,-4.333331108,10.000662804,-0.044400893
56,1119.996,1786879741616.441,14529434.376,0.000000000,-0.698187768,-0.697774172,0.050549611,0.105147146,-0.176852942,0.205794841,0.118686445,-0.289351791,-0.320677787,1.757739425,1.194413781,0.047569562,-0.621128798,1.463911533,1.397423744,0.840391099,-0.379247755,-0.229709789,-0.411975026,-0.764743447,0.415334046,-1.654136300,-1.706468344,0.947445691,-2.278120756,-9.907286644,-4.370350838,9.992067337,-0.184093028
57,1139.995,1786879741636.441,14529454.376,0.000000000,-0.886235476,-0.572398841,0.143831298,0.116546787,-0.233182877,0.042438094,0.111092903,-0.158072084,-0.328295499,1.936417937,1.183492422,0.135447249,-0.685882092,1.536942005,1.617268562,0.899957359,-0.393691212,-0.191228464,-0.410032183,-0.730263472,0.440347433,-1.594248772,-1.689242482,0.911544502,-2.260906935,-9.890315056,-4.367525101,10.014996529,-0.374101996
58,1159.998,1786879741656.443,14529474.378,0.000000000,-1.176529646,-0.400025070,0.270642161,0.125390440,-0.298353970,-0.136927500,0.113239504,0.006033620,-0.299058884,2.094372511,1.181349158,0.223047897,-0.754766226,1.321874619,1.855318189,0.947916150,-0.374871641,-0.162650272,-0.442261577,-0.674875617,0.462448061,-1.524542809,-1.703249693,0.870478094,-2.235434532,-9.840964317,-4.347656727,10.015300751,-0.545169353
59,1179.996,1786879741676.441,14529494.376,0.000000000,-1.789345026,-0.072279751,0.458767533,0.034207534,-0.384760052,-0.301183075,0.104690067,0.218585759,-0.060671195,1.757751226,1.290254474,0.303065866,-0.918064654,-0.128900588,2.054394484,0.953227878,-0.330991715,-0.167304412,-0.524940014,-0.596942186,0.524369478,-1.450313926,-1.723147154,0.815766990,-2.185881615,-9.826292992,-4.366781712,10.034811020,-0.652856708
60,1199.996,1786879741696.441,14529514.376,0.000000000,-1.910835981,0.014417112,0.460948944,0.117905267,-0.355595708,-0.295487732,0.026571786,0.305964142,0.042508721,1.206088543,1.469600081,0.321963668,-1.025206327,-0.362569392,1.984740734,0.914595187,-0.294891983,-0.200857863,-0.529953003,-0.627399266,0.604525149,-1.378012300,-1.727358222,0.807289600,-2.161794424,-9.799494743,-4.427806377,10.005082130,-0.750421762
61,1219.996,1786879741716.441,14529534.376,0.000000000,-1.758151770,-0.137675732,0.405341864,0.142892987,-0.351290286,-0.246452183,-0.028419370,0.230437368,0.025288584,0.975088775,1.512193680,0.241046295,-1.095483899,-0.246675864,1.900405049,0.892992675,-0.251556963,-0.243117705,-0.518623948,-0.686529398,0.621100903,-1.436948657,-1.779994249,0.807109833,-2.164096594,-9.861076355,-4.500581264,10.012946129,-0.734070897
62,1239.995,1786879741736.440,14529554.376,0.000000000,-1.464894533,-0.463095069,0.258169770,0.142856032,-0.331387728,-0.138994396,-0.082707666,0.084477521,-0.061334521,0.951343238,1.584740281,0.052220572,-0.996763229,-0.079039454,1.592182994,0.850282133,-0.208526656,-0.254697680,-0.478992045,-0.716181695,0.608593762,-1.545885086,-1.860995054,0.855506957,-2.152519941,-10.009543419,-4.617986202,10.051844597,-0.547513962
63,1259.994,1786879741756.439,14529574.374,0.000000000,-0.985868335,-0.833926857,0.066545352,0.227864057,-0.305455714,-0.019388195,-0.200770527,-0.017381886,-0.295093745,1.159091115,1.590824962,-0.142348424,-0.789046288,0.632335603,1.122826695,0.814157784,-0.198748514,-0.254879057,-0.436984003,-0.782329142,0.580133855,-1.681054115,-1.904945731,0.889524519,-2.187933207,-10.195199966,-4.713444233,10.174101830,-0.302938163
64,1279.998,1786879741776.444,14529594.378,0.000000000,-0.565863788,-1.163548470,-0.117823467,0.358370066,-0.372321844,0.083270073,-0.341127485,-0.099226288,-0.476991564,1.330765128,1.589218259,-0.244578555,-0.555748701,1.382536173,0.601469994,0.799496233,-0.222168192,-0.260787189,-0.391084284,-0.826277554,0.494947910,-1.793233633,-1.905178547,0.937980175,-2.219856739,-10.288594246,-4.745064259,10.349489212,-0.007113539
65,1299.993,1786879741796.438,14529614.373,0.000000000,-0.305498958,-1.484488249,-0.278808355,0.381128162,-0.357072204,0.515195608,-0.430887669,-0.178184211,-0.694586337,1.482477307,1.443511367,-0.283793926,-0.363077283,1.755844355,0.020340100,0.776581943,-0.305496424,-0.243790194,-0.407633454,-0.870949268,0.403732836,-1.982418776,-1.927798033,1.038645148,-2.318402767,-10.278964043,-4.720014095,10.543457031,0.288896948
66,1319.992,1786879741816.437,14529634.372,0.000000000,-0.012575720,-1.732143760,-0.338584661,0.434420079,-0.373886347,0.922801793,-0.567335427,-0.191413164,-0.653688729,1.765705705,1.424198270,-0.238465562,-0.285096407,2.098620892,-0.564882398,0.811841547,-0.414587468,-0.273892999,-0.398160130,-0.897679210,0.275016010,-2.022246122,-1.900764585,1.054398537,-2.372506142,-10.242798805,-4.786465168,10.562243462,0.513128579
67,1339.991,1786879741836.436,14529654.371,0.000000000,0.182095721,-1.862082720,-0.365990102,0.406478614,-0.419012815,1.136611342,-0.664861083,-0.143269271,-0.599729240,2.006201982,1.330228686,-0.153419212,-0.206066087,2.417105198,-1.026226521,0.881223261,-0.539550245,-0.298083782,-0.371715009,-0.881192029,0.204429820,-1.968496561,-1.840086699,1.041482449,-2.405878067,-10.196654320,-4.928734779,10.490969658,0.648739338
68,1359.988,1786879741856.433,14529674.368,0.000000000,0.050664242,-1.699347734,-0.287828207,0.312367558,-0.432110220,1.083411098,-0.590660870,-0.105167955,-0.634423673,2.119137049,1.089761257,-0.057971429,-0.175390139,2.466803312,-0.831822515,0.914130211,-0.605604112,-0.332090735,-0.346537232,-0.778976142,0.213582292,-1.905309081,-1.802706957,1.046287775,-2.439073324,-10.269931793,-5.012363434,10.447834015,0.650135636
69,1379.993,1786879741876.438,14529694.373,0.000000000,-0.405892462,-1.095667243,-0.100242466,0.146577120,-0.365428954,0.713064790,-0.317567468,-0.070626535,-0.864185631,2.002981663,1.035191894,0.077270076,-0.275311589,2.254331827,0.674301088,0.940739572,-0.630712748,-0.370752215,-0.379292697,-0.698813617,0.299192429,-1.846052527,-1.807848454,1.029555798,-2.474956274,-10.371632576,-4.979979515,10.485858917,0.628020406
70,1399.996,1786879741896.441,14529714.376,0.000000000,-0.799869061,-0.680001199,0.151467159,0.037697226,-0.245784104,0.305324405,-0.140149653,-0.039232329,-1.170706868,1.842236161,0.945831478,0.127973184,-0.485484779,1.955753326,1.871039510,0.929454207,-0.583791316,-0.377828181,-0.488547802,-0.635790944,0.349241912,-1.923817992,-1.974948168,0.974348843,-2.518169641,-10.530446053,-4.954863071,10.627182961,0.584187865
71,1419.995,1786879741916.440,14529734.375,0.000000000,-0.995731413,-0.437623233,0.280679047,0.005423672,-0.174654812,0.012822304,-0.051670216,-0.048214883,-1.350100160,1.638377547,0.962660372,0.153594062,-0.654145598,1.750690341,2.371569872,0.937579453,-0.523362577,-0.341153383,-0.537789226,-0.583404005,0.364450693,-1.961621881,-2.141344786,0.943633258,-2.503570795,-10.664499283,-4.950386524,10.633185387,0.538812399
72,1439.995,1786879741936.440,14529754.375,0.000000000,-1.129587889,-0.294662237,0.318333685,-0.015367992,-0.112679295,-0.262723416,-0.017282629,-0.085056290,-1.345147491,1.449477077,1.068309903,0.169287398,-0.806603014,1.506428719,2.274717331,0.942400992,-0.508048952,-0.326318383,-0.499369770,-0.587837636,0.367283106,-1.905764818,-2.197686911,0.929945767,-2.474484682,-10.824857712,-4.932148933,10.548682213,0.383720845
73,1459.992,1786879741956.438,14529774.373,0.000000000,-1.173142195,-0.256782949,0.289777517,0.024062224,-0.065877371,-0.390990198,-0.021496261,-0.135049626,-1.112017274,1.334747910,1.203417301,0.188541576,-0.870368421,1.276291370,1.894319177,0.905038178,-0.482964247,-0.308997631,-0.440776348,-0.625570595,0.382969797,-1.780911565,-2.156130314,0.907379091,-2.428618908,-11.032716751,-4.925090313,10.475703239,0.281092256
74,1479.991,1786879741976.436,14529794.371,0.000000000,-1.151560068,-0.314494580,0.248448297,0.068545491,-0.035437040,-0.378685534,-0.047069989,-0.160107344,-0.812441170,1.282251477,1.278326869,0.209359422,-0.913414955,1.112934351,1.417895198,0.893373668,-0.466222405,-0.310388505,-0.409772128,-0.687546372,0.402908802,-1.675329924,-2.100560188,0.884736061,-2.417480469,-11.256239891,-4.907235146,10.375192642,0.209480494
75,1499.992,1786879741996.437,14529814.372,0.000000000,-1.045672536,-0.395430744,0.195316598,0.111330748,-0.021657936,-0.227164865,-0.080202363,-0.185421586,-0.527410567,1.278817058,1.305945516,0.222935185,-0.900067747,1.070603132,1.015298963,0.898660481,-0.436848968,-0.305212975,-0.390449375,-0.741903961,0.417907238,-1.605026007,-2.006070852,0.877619922,-2.400265932,-11.390280724,-4.880287647,10.242400169,0.164308399
76,1519.991,1786879742016.436,14529834.371,0.000000000,-0.911593974,-0.471174389,0.162755862,0.127554893,-0.032465957,-0.029456642,-0.105135761,-0.205750912,-0.327823251,1.311606526,1.299609900,0.189495727,-0.868503332,1.083952546,0.779111207,0.899114490,-0.387286097,-0.301711440,-0.380443424,-0.787645817,0.448560417,-1.591184139,-1.916354299,0.891047299,-2.384084463,-11.455849648,-4.848827839,10.126145363,0.137581021
77,1539.997,1786879742036.443,14529854.377,0.000000000,-0.803912580,-0.536541224,0.152422592,0.128743678,-0.056750946,0.147041991,-0.121977858,-0.186705977,-0.169971764,1.408978939,1.286624551,0.200821802,-0.817844152,1.070358038,0.652299345,0.908594131,-0.363438338,-0.306521535,-0.384588242,-0.816090822,0.482320666,-1.584466696,-1.844833851,0.899451196,-2.402405500,-11.483426094,-4.859461308,10.056011200,0.037382342
78,1559.995,1786879742056.440,14529874.375,0.000000000,-0.755023658,-0.569548726,0.142815426,0.123212881,-0.099814646,0.262582093,-0.129919946,-0.175876439,-0.078872636,1.483978391,1.279076576,0.180967107,-0.752239227,1.061919332,0.638964057,0.911022365,-0.355172455,-0.323244274,-0.386625469,-0.831391394,0.521444559,-1.589912891,-1.764401078,0.910121560,-2.404936790,-11.472119331,-4.899697781,10.023621559,-0.125388592
79,1579.994,1786879742076.440,14529894.375,0.000000000,-0.750541091,-0.584502935,0.128350988,0.110988081,-0.143584818,0.302174151,-0.132567436,-0.158499390,-0.057449266,1.526745915,1.265661597,0.152478293,-0.701499343,1.068596125,0.728342056,0.916571438,-0.360800266,-0.340653658,-0.391827166,-0.835416138,0.546195924,-1.612155437,-1.708903193,0.925125539,-2.396084785,-11.437092781,-4.953753471,10.031847954,-0.321759373
80,1599.995,1786879742096.440,14529914.376,0.000000000,-0.773035169,-0.590041399,0.121495977,0.097776495,-0.180223942,0.283770978,-0.134494394,-0.139498502,-0.084410876,1.543581963,1.251368284,0.119198129,-0.676828563,1.102744579,0.878670514,0.928631902,-0.378169984,-0.354021728,-0.398756623,-0.825556338,0.555993974,-1.635510206,-1.683824778,0.931253970,-2.382967472,-11.392431259,-5.015542507,10.075224876,-0.525127232
81,1619.994,1786879742116.439,14529934.374,0.000000000,-0.804466188,-0.590045571,0.122063652,0.092259191,-0.202159792,0.239753872,-0.143072695,-0.122368425,-0.140106276,1.542854667,1.245894909,0.085115239,-0.676685095,1.167432070,1.037550688,0.941301167,-0.405247480,-0.356856585,-0.401674449,-0.807477295,0.554141343,-1.657465935,-1.683045983,0.931084514,-2.367295742,-11.353590012,-5.074021339,10.132138252,-0.709588766
82,1639.996,1786879742136.441,14529954.376,0.000000000,-0.830492198,-0.583327115,0.125722170,0.096059807,-0.215229481,0.192725956,-0.157768160,-0.122379258,-0.217448562,1.520694733,1.253313899,0.028857995,-0.690609694,1.256948471,1.177958250,0.950624287,-0.424666882,-0.351844490,-0.396020621,-0.788199961,0.547004461,-1.681790352,-1.690553427,0.932629526,-2.337666750,-11.320385933,-5.103379726,10.186021805,-0.842827559
83,1659.993,1786879742156.438,14529974.373,0.000000000,-0.874995172,-0.581320107,0.145670637,0.103983715,-0.211788893,0.150360107,-0.169927150,-0.125744835,-0.308749348,1.495497823,1.259057760,0.020173121,-0.733724296,1.347554922,1.276639700,0.963090122,-0.450032800,-0.346145630,-0.388346583,-0.765785873,0.530834794,-1.699012756,-1.725906134,0.928272486,-2.327443600,-11.301074028,-5.098850727,10.237891197,-0.950470388
84,1679.995,1786879742176.440,14529994.375,0.000000000,-0.910521507,-0.598006308,0.159694776,0.113412462,-0.192673624,0.139887422,-0.172806174,-0.130691424,-0.403116643,1.493990064,1.253386378,0.017987002,-0.773411036,1.379249334,1.332729936,0.963415146,-0.457458824,-0.346552908,-0.384270370,-0.755418181,0.508337021,-1.725139499,-1.767582059,0.931942582,-2.326145411,-11.311253548,-5.068495274,10.301203728,-1.022692084
85,1699.994,1786879742196.439,14530014.374,0.000000000,-0.907764256,-0.613458574,0.156727880,0.120014496,-0.177808732,0.149083316,-0.170496196,-0.136568591,-0.494568765,1.497609735,1.270399213,0.017102171,-0.805573344,1.432035208,1.376486063,0.972686827,-0.466404289,-0.347223222,-0.381943315,-0.756821275,0.478381753,-1.747638226,-1.804157615,0.939891458,-2.323802948,-11.333018303,-5.024091244,10.352410316,-1.045825362
86,1719.992,1786879742216.438,14530034.373,0.000000000,-0.890366614,-0.625208139,0.149063140,0.123247527,-0.164679021,0.172609538,-0.168079019,-0.142331511,-0.577974081,1.503776193,1.300051332,0.019557822,-0.828483760,1.487306595,1.425091982,0.982607424,-0.471205205,-0.349627554,-0.382305801,-0.765502155,0.450868785,-1.766662121,-1.830265522,0.951858401,-2.323181391,-11.354413986,-4.972488403,10.386957169,-1.035311699
87,1739.994,1786879742236.439,14530054.374,0.000000000,-0.842671812,-0.641341090,0.127108321,0.131180018,-0.164083749,0.196810305,-0.176833659,-0.150121242,-0.650795102,1.495787621,1.363617182,0.020558108,-0.836289167,1.575441360,1.467075586,0.999582052,-0.480520278,-0.346905947,-0.379175901,-0.777199745,0.425804436,-1.773863554,-1.843746424,0.962664664,-2.317053556,-11.365611076,-4.926713943,10.403464317,-0.997414708
88,1759.991,1786879742256.437,14530074.372,0.000000000,-0.774930775,-0.687193871,0.092496797,0.152524889,-0.166885346,0.240553409,-0.212012142,-0.162986740,-0.704020679,1.493677735,1.473794580,0.005177904,-0.811023414,1.631917000,1.490593910,0.991453588,-0.480075479,-0.343041718,-0.369321615,-0.797196686,0.406778157,-1.781757951,-1.836762309,0.984454215,-2.307324648,-11.362486839,-4.905260563,10.409672737,-0.951729715
89,1779.990,1786879742276.435,14530094.370,0.000000000,-0.708999276,-0.764198303,0.056103796,0.194801390,-0.171661288,0.293482840,-0.285148829,-0.178905904,-0.712866962,1.480772018,1.653281808,0.024645258,-0.780046105,1.691741467,1.457962036,0.968922555,-0.492903382,-0.332480967,-0.346067011,-0.816612720,0.394934177,-1.765398979,-1.820906878,1.002774358,-2.307728052,-11.325306892,-4.919723988,10.384575844,-0.956645489
90,1799.996,1786879742296.442,14530114.377,0.000000000,-0.532346249,-0.985865772,-0.063189849,0.292384118,-0.184228867,0.435516387,-0.475691080,-0.218972400,-0.639305890,1.418887615,1.928494573,-0.000592481,-0.708225727,1.820269108,1.087138772,0.911792994,-0.515133798,-0.305653155,-0.291896522,-0.851801455,0.384637177,-1.746067762,-1.779631138,1.026790738,-2.285833359,-11.247577667,-4.988438129,10.299124718,-0.998964906
91,1819.996,1786879742316.441,14530134.377,0.000000000,-0.100117326,-1.694906950,-0.365978837,0.514386773,-0.269833624,0.823412895,-0.837656736,-0.201345608,-0.194377512,1.455720901,1.632755756,-0.107776061,-0.546654344,1.978846312,-1.018341303,0.797363937,-0.579813421,-0.235485747,-0.213172778,-0.898856699,0.340650260,-1.754697919,-1.728338718,1.011914134,-2.262426138,-11.223384857,-5.163356781,10.205005646,-1.087989211
92,1839.999,1786879742336.444,14530154.379,0.000000000,-0.435859919,-1.413133383,-0.240512535,0.342292279,-0.621840179,0.775453329,-0.561766684,0.102460787,-0.216029793,1.727974772,0.913767278,-0.021701407,-0.531140447,1.628496647,-0.856019378,0.840103209,-0.553920627,-0.333332062,-0.384257436,-0.693532467,0.420353055,-1.732593536,-1.640313148,0.991815746,-2.336883545,-11.139113426,-5.110520840,9.994550705,-1.177986383
93,1859.996,1786879742356.441,14530174.376,0.000000000,-0.831734359,-0.939390242,-0.122771844,0.235395789,-0.522265673,0.536771417,-0.432238728,-0.052729838,-0.242914528,1.647613645,0.860786378,0.026316274,-0.624463916,1.146847963,-0.379084706,0.814803064,-0.473181218,-0.321018577,-0.344884723,-0.680152059,0.524679959,-1.675640464,-1.598065972,0.936585009,-2.400317430,-11.154252052,-4.995710373,9.758614540,-1.266237855
94,1879.992,1786879742376.438,14530194.372,0.000000000,-1.094501615,-0.527295113,0.186794385,0.023976240,-0.293729693,0.102280363,-0.218216449,-0.157392263,-0.599938333,1.539304495,1.117208719,0.095524177,-0.766658425,1.064943314,1.280809879,0.781799734,-0.451837748,-0.313093066,-0.426499665,-0.625968397,0.554691732,-1.762671232,-1.742993355,0.918157041,-2.432981253,-11.196938515,-4.868823528,9.830266953,-1.219705701
95,1899.994,1786879742396.439,14530214.374,0.000000000,-1.161401153,-0.257495224,0.358462751,-0.067576073,-0.207570940,-0.193186924,-0.066886686,-0.068662621,-0.910721302,1.555641770,1.142366290,0.097794756,-0.960233212,1.107681155,2.297707081,0.851960003,-0.499048978,-0.292411506,-0.606549442,-0.616658986,0.504966021,-1.876178026,-1.933203697,0.942171752,-2.437503576,-11.198316574,-4.704623222,9.999868393,-1.201387048
96,1919.993,1786879742416.438,14530234.373,0.000000000,-1.184351683,-0.141129017,0.334760606,-0.071577042,-0.141082495,-0.252397209,-0.035695814,-0.053219266,-0.995069087,1.499162793,1.130884051,0.090786621,-1.022309899,1.139310598,2.556355476,0.933349192,-0.564404249,-0.283097029,-0.612720490,-0.613211513,0.434537113,-1.866127133,-2.041529417,1.009166360,-2.421324492,-11.140007019,-4.587448120,10.097970963,-1.199840665
97,1939.990,1786879742436.435,14530254.370,0.000000000,-1.239856839,-0.089686900,0.307908535,-0.065831758,-0.152056187,-0.311357766,-0.027312482,-0.030491600,-0.995167613,1.451841354,1.161627173,0.094443068,-1.009321213,1.057083011,2.475698233,0.996105969,-0.530307353,-0.277401686,-0.572573721,-0.588250101,0.451790690,-1.788359046,-2.063548803,1.004918218,-2.386307716,-11.100191116,-4.598885536,10.136497498,-1.215734363
98,1959.992,1786879742456.438,14530274.373,0.000000000,-1.255488396,-0.135429084,0.284836888,-0.020527057,-0.144675463,-0.324630022,-0.053464197,-0.029681133,-0.903349459,1.444654703,1.202783942,0.106102094,-0.961039305,0.937186420,2.283463717,1.012765050,-0.450125396,-0.302989781,-0.515210927,-0.609935105,0.481131434,-1.685800314,-2.039462805,0.958436310,-2.345240593,-11.141507149,-4.555573940,10.092980385,-1.184775829
99,1979.992,1786879742476.438,14530294.372,0.000000000,-1.228680253,-0.249966264,0.242397264,0.027953483,-0.111410759,-0.287601322,-0.083761536,-0.051513992,-0.807275474,1.429050684,1.242009521,0.141159400,-0.954034388,0.935123324,2.032875299,1.020579696,-0.445606679,-0.308490932,-0.475265682,-0.658450365,0.476928174,-1.638997912,-1.990504026,0.937639654,-2.319965363,-11.182484627,-4.548939228,10.000287056,-1.098220944
100,1999.993,1786879742496.438,14530314.373,0.000000000,-1.135945320,-0.408867717,0.208878711,0.088666134,-0.060582481,-0.127021492,-0.103945188,-0.123059787,-0.678599179,1.378942251,1.282606840,0.156024858,-0.944281340,0.939407766,1.720067263,0.975833714,-0.426828116,-0.312943101,-0.447815001,-0.742131293,0.499555945,-1.628799915,-1.957058430,0.917731702,-2.321248293,-11.229562759,-4.482819557,9.968884468,-1.003853440
101,2019.989,1786879742516.434,14530334.369,0.000000000,-0.973650992,-0.525237918,0.154166386,0.111758612,-0.029089354,0.053370032,-0.096279763,-0.199574590,-0.540919125,1.375415683,1.334556222,0.134759292,-0.903715074,1.075412869,1.484512329,0.980685651,-0.435080588,-0.305992663,-0.419628292,-0.783605874,0.480894268,-1.629159927,-1.907725573,0.944989264,-2.336637497,-11.324703217,-4.439348698,9.980757713,-0.949019730
102,2039.990,1786879742536.436,14530354.371,0.000000000,-0.832856715,-0.613985479,0.129333168,0.128775328,-0.042670749,0.163922399,-0.100629978,-0.230903551,-0.415466219,1.444314718,1.363298774,0.082293853,-0.856916547,1.107876539,1.320808172,0.910800397,-0.419118285,-0.293083131,-0.417270333,-0.826843381,0.491847396,-1.630168200,-1.803073764,0.965571404,-2.345031261,-11.308396339,-4.435673714,9.972996712,-0.955499232
103,2059.990,1786879742556.436,14530374.371,0.000000000,-0.704574049,-0.726786077,0.069502980,0.132711977,-0.088974200,0.269036710,-0.111367039,-0.247212142,-0.374456972,1.540880561,1.389386296,0.056013871,-0.786829710,1.221682310,1.218176723,0.901263058,-0.432854056,-0.278590858,-0.407285333,-0.860645294,0.464738607,-1.646212578,-1.748669386,0.992650568,-2.350842714,-11.247580528,-4.470296860,9.990528107,-0.965490222
104,2079.996,1786879742576.441,14530394.376,0.000000000,-0.670461118,-0.773503184,0.044586286,0.139105350,-0.141592950,0.324671507,-0.133263022,-0.238519117,-0.349998623,1.595187068,1.428634644,0.031926621,-0.743697524,1.299433470,1.249994755,0.899845600,-0.434915811,-0.270370066,-0.396313369,-0.863888979,0.448769271,-1.657161236,-1.703483939,1.012854576,-2.337481260,-11.127015114,-4.520676613,9.976037025,-1.009392023
105,2099.998,1786879742596.444,14530414.378,0.000000000,-0.663318217,-0.803915203,0.032704026,0.157290936,-0.188248932,0.342859507,-0.180764943,-0.219712645,-0.342640787,1.608445764,1.513741612,0.013648141,-0.720729470,1.399335027,1.325123549,0.900196433,-0.436640531,-0.255263090,-0.374526948,-0.856236279,0.441361606,-1.651646852,-1.678125143,1.027675986,-2.322324514,-10.971726418,-4.587302685,9.950619698,-1.073820710
106,2119.997,1786879742616.442,14530434.377,0.000000000,-0.637923896,-0.892756820,-0.007947817,0.182291418,-0.229268789,0.352481663,-0.249656588,-0.223083124,-0.327657372,1.602582574,1.589002490,-0.006654333,-0.656496763,1.514800072,1.275000930,0.899916112,-0.444242865,-0.233312413,-0.341099113,-0.855954885,0.443364561,-1.655471563,-1.656894565,1.030002236,-2.304957151,-10.818021774,-4.659080029,9.938679695,-1.163292050
107,2139.995,1786879742636.440,14530454.375,0.000000000,-0.512582719,-1.095212460,-0.089862600,0.267063916,-0.253096551,0.418102354,-0.395939112,-0.235163689,-0.239560008,1.602311730,1.746259093,-0.032485496,-0.593746483,1.699939370,0.853345871,0.867994726,-0.477330536,-0.192164883,-0.281994313,-0.837311804,0.428702474,-1.625982285,-1.643328667,1.025124907,-2.290825605,-10.674262047,-4.747854233,9.883333206,-1.261519194
108,2159.995,1786879742656.440,14530474.375,0.000000000,-0.196166724,-1.657099128,-0.328109682,0.442930788,-0.309010655,0.688530326,-0.653375864,-0.286559194,0.108733207,1.634051085,1.529709101,-0.130382672,-0.477112114,1.885965586,-0.774972916,0.795961797,-0.540400863,-0.123021767,-0.179335535,-0.840124428,0.372749627,-1.628507853,-1.625430703,1.005907059,-2.264970303,-10.598383904,-4.866798401,9.822568893,-1.388806343
109,2179.995,1786879742676.440,14530494.376,0.000000000,-0.350629777,-1.657178760,-0.307385206,0.417192310,-0.578477561,0.758399785,-0.557155311,-0.092188545,0.214775518,1.824124336,0.793612897,-0.110660627,-0.481014073,1.698196650,-1.158319235,0.822542548,-0.550620377,-0.182673290,-0.264925241,-0.696945369,0.383059680,-1.644459486,-1.610741496,0.984169066,-2.303028822,-10.585602760,-4.830253124,9.713914871,-1.510897040
110,2199.994,1786879742696.439,14530514.374,0.000000000,-0.808753014,-1.064369917,-0.165534571,0.273326874,-0.555714190,0.593178153,-0.389354795,-0.124690548,0.023379775,1.775447488,0.756300628,0.005131114,-0.558956623,1.238718033,-0.415802538,0.816965878,-0.530839622,-0.217889652,-0.300661027,-0.655328691,0.482346237,-1.637238979,-1.604547262,0.947620451,-2.375392675,-10.636159897,-4.710433960,9.554668427,-1.638405442
111,2219.994,1786879742716.439,14530534.374,0.000000000,-1.265301228,-0.397584230,0.176752523,0.060191996,-0.340837985,0.116391554,-0.142622471,-0.057471678,-0.559093595,1.784896731,1.168375134,0.119258747,-0.779887259,1.239045858,1.598635197,0.823977947,-0.545040309,-0.215989962,-0.502454579,-0.571199954,0.513031662,-1.705909848,-1.775690317,0.928875864,-2.398641825,-10.736893654,-4.556841373,9.658064842,-1.660474181
112,2239.993,1786879742736.439,14530554.374,0.000000000,-1.519109726,0.090120226,0.413396955,0.011341073,-0.313211143,-0.286404282,0.018650955,0.219878212,-0.998113334,2.029818296,1.153797746,0.166623160,-0.972489238,1.286997318,2.799370289,0.917032540,-0.603384674,-0.173604056,-0.690392554,-0.506373346,0.472613752,-1.817156792,-1.978342414,0.955036700,-2.387048960,-10.745316505,-4.357579708,9.858147621,-1.683552027
113,2259.994,1786879742756.439,14530574.374,0.000000000,-1.872212648,0.487413615,0.545473218,0.008947358,-0.364357024,-0.577064157,0.065514900,0.466586739,-1.195692897,2.055495501,1.095737815,0.191077068,-1.144465089,0.825759649,3.366945744,0.986082673,-0.616152465,-0.153997168,-0.761185110,-0.433532149,0.452114880,-1.797469020,-2.104204893,0.981786430,-2.334168434,-10.624442101,-4.189702034,9.955963135,-1.680543065
114,2279.992,1786879742776.437,14530594.372,0.000000000,-2.433882713,0.839136064,0.642635226,0.009157181,-0.431312084,-0.781573057,-0.095306985,0.760003388,-1.105230212,1.652026653,1.226969719,0.238610104,-1.266587734,-0.643351614,3.496678352,1.030339360,-0.541317940,-0.160812452,-0.765501201,-0.316078305,0.524167001,-1.658619642,-2.145026922,0.945888937,-2.267962933,-10.449835777,-4.222067356,9.984529495,-1.662880301
115,2299.995,1786879742796.440,14530614.375,0.000000000,-2.414492607,0.753425181,0.531777561,0.075912610,-0.296153069,-0.719997406,-0.182580918,0.830080152,-0.989201903,1.369754553,1.405563712,0.279038429,-1.274192452,-0.465270519,3.236000538,1.024623871,-0.413090259,-0.218828067,-0.676131725,-0.383870363,0.619834363,-1.490352869,-2.071712732,0.875753939,-2.248214006,-10.304970741,-4.283296585,9.811043739,-1.616748571
116,2319.991,1786879742816.436,14530634.371,0.000000000,-2.207300663,0.334313959,0.475090981,0.063309386,-0.254546076,-0.681576252,-0.214196026,0.675685704,-0.810325623,1.209719181,1.386287093,0.238452002,-1.271524429,-0.269566059,2.846436262,0.983408868,-0.349418849,-0.262669981,-0.607956827,-0.515664041,0.652209461,-1.502493501,-2.033595324,0.873688519,-2.213943720,-10.326474190,-4.357569695,9.698875427,-1.415248990
117,2339.989,1786879742836.434,14530654.369,0.000000000,-1.825972319,-0.204665422,0.305975258,0.067508869,-0.199916631,-0.469354719,-0.277964056,0.444352865,-0.717493594,1.131680369,1.395941019,0.109828874,-1.129104614,-0.039548591,2.193571329,0.931890070,-0.313684255,-0.262413681,-0.526622295,-0.655522168,0.657969773,-1.585989714,-2.054262877,0.894658506,-2.213601351,-10.475994110,-4.381151676,9.867059708,-1.064929962
118,2359.992,1786879742856.437,14530674.372,0.000000000,-1.198874354,-0.681720018,0.064041615,0.204663873,-0.149804354,-0.131607354,-0.383362025,0.180756778,-0.722313225,1.172455549,1.428564906,-0.043999743,-0.833232999,0.734105229,1.357341886,0.917682827,-0.330078095,-0.279983282,-0.441168666,-0.783778131,0.610353172,-1.675071716,-2.002160311,0.914122343,-2.284906387,-10.730774879,-4.304790020,10.200494766,-0.715803564
119,2379.992,1786879742876.437,14530694.372,0.000000000,-0.606854439,-1.027789235,-0.134798631,0.313396692,-0.166875958,0.204189971,-0.468489438,0.055462115,-0.720579088,1.329455495,1.385018229,-0.187345877,-0.548236728,1.597178936,0.602883816,0.927659094,-0.369152009,-0.290310264,-0.425499529,-0.858822644,0.543321431,-1.790531874,-1.902920961,0.966311514,-2.388260841,-10.860997200,-4.270700455,10.480109215,-0.425784528
120,2399.992,1786879742896.437,14530714.372,0.000000000,-0.315552533,-1.272663713,-0.242962286,0.292185307,-0.172128409,0.676469803,-0.494315714,-0.009358341,-0.690611660,1.524614811,1.315575719,-0.212746635,-0.409173369,2.023174286,0.166045353,0.947186112,-0.443361580,-0.282728493,-0.466181099,-0.881480992,0.456803262,-1.916980743,-1.827116609,1.058558464,-2.481220484,-10.884606361,-4.218185902,10.636547089,-0.200587779
121,2419.996,1786879742916.441,14530734.376,0.000000000,-0.001779038,-1.501781940,-0.301840782,0.328532279,-0.197301060,1.096603513,-0.595354021,0.003764046,-0.499486864,1.781921983,1.318846822,-0.153523639,-0.324278295,2.267667532,-0.385271549,0.923038661,-0.506884336,-0.341734707,-0.478918821,-0.917109907,0.362152755,-1.928611755,-1.748461246,1.065938354,-2.509858131,-10.809890747,-4.309041500,10.597466469,-0.035389803
122,2439.997,1786879742936.442,14530754.377,0.000000000,0.193938553,-1.697085023,-0.363168478,0.386776835,-0.302965879,1.339189529,-0.763818145,0.010549909,-0.362470061,1.947059751,1.268465757,-0.109272853,-0.254878819,2.388495922,-0.989052296,0.921239674,-0.580591619,-0.360121131,-0.445522130,-0.899137497,0.304594696,-1.873115063,-1.665936947,1.046005130,-2.535651207,-10.722406387,-4.482388973,10.555525780,0.016590692
123,2459.994,1786879742956.439,14530774.374,0.000000000,0.099781781,-1.637803555,-0.343546033,0.348932773,-0.395605266,1.285317183,-0.731366098,0.035610534,-0.265810460,2.005924702,0.999781191,-0.062310170,-0.251737893,2.314876318,-1.104078054,0.917468727,-0.656272471,-0.356239378,-0.405119926,-0.801664710,0.317083836,-1.803445935,-1.617866993,1.033291221,-2.544328928,-10.682467461,-4.616662025,10.530263901,-0.015239857
124,2479.994,1786879742976.439,14530794.374,0.000000000,-0.323833406,-1.255937338,-0.251130283,0.216206014,-0.365421087,0.932623744,-0.539364696,-0.038951471,-0.294017762,1.801678061,0.856627464,0.017383505,-0.327204704,2.003683090,-0.622225881,0.918085933,-0.694460094,-0.368725717,-0.366582453,-0.735819340,0.418054402,-1.720049620,-1.591972470,1.003429055,-2.539175034,-10.700148582,-4.708638668,10.498934746,-0.200070649
125,2499.992,1786879742996.438,14530814.372,0.000000000,-0.765181124,-0.757378817,-0.040215492,0.028776139,-0.227084845,0.444520086,-0.297612011,-0.103330493,-0.670309186,1.576322913,1.086320043,0.099608943,-0.475354612,1.684197187,0.825662196,0.887575030,-0.725708425,-0.367524564,-0.459166288,-0.689236104,0.441633344,-1.755003691,-1.673508883,0.957548082,-2.552809715,-10.801787376,-4.731215477,10.608458519,-0.353412777
126,2519.998,1786879743016.443,14530834.378,0.000000000,-0.993301928,-0.500008464,0.164017692,-0.062377017,-0.137664378,0.109894335,-0.174352258,-0.094081290,-0.953091741,1.476105094,1.108340383,0.129142031,-0.691728771,1.379678607,1.578277111,0.881275177,-0.677487910,-0.337618887,-0.541060388,-0.662505090,0.402595878,-1.864203095,-1.893356919,0.939415336,-2.556735754,-10.945586205,-4.725518703,10.713230133,-0.422945976
127,2539.996,1786879743036.441,14530854.376,0.000000000,-1.143171787,-0.317113519,0.275806308,-0.124740355,-0.087675236,-0.095188513,-0.086750589,-0.120491862,-1.025004983,1.398189187,1.093135238,0.164974883,-0.862442434,1.086349964,1.707206368,0.893601358,-0.629951537,-0.324631453,-0.525856793,-0.644087255,0.382113159,-1.892994642,-2.055444479,0.955668449,-2.531751156,-11.104411125,-4.732534885,10.694520950,-0.437358588
128,2559.994,1786879743056.440,14530874.375,0.000000000,-1.189617038,-0.186189383,0.301752746,-0.167943001,-0.065216415,-0.225330085,-0.042467646,-0.136635318,-0.963712811,1.337162137,1.082182288,0.160180077,-0.954949856,0.832209527,1.456765175,0.932351530,-0.571539342,-0.318129539,-0.473361254,-0.613027394,0.399139106,-1.831446052,-2.100561857,0.948712468,-2.505426884,-11.292841911,-4.771113396,10.646811485,-0.432858616
129,2579.995,1786879743076.440,14530894.375,0.000000000,-1.181145787,-0.174763620,0.248411641,-0.169493169,-0.048777692,-0.211952582,-0.064086340,-0.132786110,-0.800061524,1.352178454,1.111963511,0.102185294,-0.944095790,0.685958147,1.233959317,0.939302385,-0.510244727,-0.338977337,-0.429777801,-0.643655241,0.435860217,-1.751363039,-2.054179668,0.943135679,-2.501419306,-11.493826866,-4.776705265,10.515362740,-0.383914530
130,2599.995,1786879743096.440,14530914.375,0.000000000,-1.135701537,-0.206778437,0.202668369,-0.149086088,-0.031261258,-0.124838442,-0.091233842,-0.138913631,-0.653597116,1.374957561,1.142964602,0.079433486,-0.923698545,0.684005380,1.088947415,0.953814983,-0.489796430,-0.349909008,-0.415175736,-0.681346953,0.450829625,-1.708796501,-1.997412443,0.924987972,-2.492555380,-11.627089500,-4.777034760,10.335312843,-0.321594298
131,2619.993,1786879743116.439,14530934.374,0.000000000,-1.041999340,-0.282363594,0.173898742,-0.138679504,-0.011777364,-0.058491614,-0.109873287,-0.127856150,-0.534675360,1.402720332,1.150417924,0.080923244,-0.890100718,0.757356644,0.991570354,0.947410226,-0.448440731,-0.350073099,-0.425508350,-0.715933383,0.472013891,-1.701678991,-1.975695610,0.940694034,-2.487885237,-11.705822945,-4.761352062,10.235438347,-0.236946851
132,2639.992,1786879743136.437,14530954.372,0.000000000,-0.920961916,-0.353490710,0.145007998,-0.125222564,0.016819216,-0.002124738,-0.118228935,-0.116592392,-0.483186752,1.446190357,1.132364750,0.073522672,-0.859462261,0.850538135,0.929826081,0.943570912,-0.435369402,-0.334498465,-0.451064408,-0.725669324,0.474361598,-1.725291371,-1.977097869,0.964268267,-2.497005939,-11.758786201,-4.736967564,10.209925652,-0.167510360
133,2659.993,1786879743156.438,14530974.373,0.000000000,-0.863214493,-0.428572595,0.122685775,-0.101826139,0.021847196,0.037794922,-0.131747693,-0.101039469,-0.392307907,1.502219319,1.153003573,0.080442116,-0.817726374,0.890489340,0.893752933,0.957178652,-0.443702787,-0.333772182,-0.472037315,-0.759271920,0.497610867,-1.739645243,-1.929714918,0.965120375,-2.478674889,-11.768978119,-4.742190838,10.220290184,-0.160825163
134,2679.991,1786879743176.436,14530994.371,0.000000000,-0.830871522,-0.496762574,0.082036212,-0.093272805,0.008688726,0.071927249,-0.144919783,-0.094237722,-0.371568888,1.550218582,1.150457621,0.058728445,-0.768666148,0.902845204,0.866037607,0.958324611,-0.463595927,-0.332900345,-0.483929306,-0.772801936,0.500153840,-1.754883766,-1.880662918,0.974669039,-2.473274708,-11.758742332,-4.761176109,10.268148422,-0.178830832
135,2699.991,1786879743196.436,14531014.371,0.000000000,-0.792971969,-0.576732635,0.040441111,-0.072556190,0.001975752,0.108324289,-0.153277755,-0.074524358,-0.372435123,1.599915147,1.141948700,0.027369428,-0.722084999,0.908734739,0.875722468,0.941719413,-0.488898784,-0.335234284,-0.496774554,-0.798229277,0.481925547,-1.785973549,-1.840705276,0.981045544,-2.468423367,-11.736817360,-4.759351730,10.301520348,-0.194000751
136,2719.989,1786879743216.434,14531034.369,0.000000000,-0.778162241,-0.619856775,0.027532950,-0.073333181,-0.007728688,0.128204063,-0.162449419,-0.075339161,-0.395205796,1.618895054,1.138571501,0.005170871,-0.696390450,0.936094046,0.912856281,0.944408357,-0.500959754,-0.332567036,-0.507187247,-0.796286643,0.471910536,-1.810569525,-1.828077316,0.983318985,-2.462292433,-11.723757744,-4.756712914,10.338009834,-0.202013642
137,2739.989,1786879743236.434,14531054.369,0.000000000,-0.778876483,-0.645245373,0.028347626,-0.079702742,-0.011582725,0.138488710,-0.162757903,-0.086826369,-0.430148154,1.621827602,1.137438536,-0.013494622,-0.689275146,0.972267628,0.944746077,0.948770165,-0.510237873,-0.325861335,-0.510926604,-0.787357748,0.462273061,-1.835583329,-1.833981514,0.980807126,-2.458050251,-11.723008156,-4.751623631,10.379793167,-0.201845676
138,2759.996,1786879743256.441,14531074.376,0.000000000,-0.782629430,-0.656895936,0.037464291,-0.090083495,-0.013359986,0.145139754,-0.156168491,-0.098093793,-0.471309453,1.622765660,1.133974433,-0.026080023,-0.692315340,1.014609694,0.978751421,0.956545055,-0.519807816,-0.319262683,-0.510049224,-0.778187573,0.450123370,-1.860980988,-1.847913742,0.977111638,-2.459858656,-11.733287811,-4.740011692,10.429911613,-0.189605922
139,2779.993,1786879743276.438,14531094.373,0.000000000,-0.784031689,-0.659591198,0.045856267,-0.100955926,-0.013909809,0.154045388,-0.148505837,-0.104925752,-0.511343956,1.625864863,1.130070806,-0.030826341,-0.701143622,1.051174998,1.016139030,0.967311323,-0.528964996,-0.316633105,-0.508685827,-0.769769967,0.436235309,-1.882484198,-1.865867972,0.974051595,-2.465285778,-11.751400948,-4.718408108,10.486525536,-0.168430597
140,2799.993,1786879743296.439,14531114.374,0.000000000,-0.785414636,-0.654959977,0.053685412,-0.110070162,-0.014617793,0.162227452,-0.141352743,-0.107337132,-0.551236987,1.628988028,1.125936389,-0.027242851,-0.711699963,1.080622315,1.063135862,0.977296412,-0.538190663,-0.316933095,-0.507927299,-0.763813674,0.421470940,-1.900422096,-1.884972572,0.972316921,-2.471191168,-11.771634102,-4.688860416,10.539870262,-0.141235143
141,2819.992,1786879743316.437,14531134.372,0.000000000,-0.788572550,-0.642895639,0.059939459,-0.115834855,-0.016013764,0.164351255,-0.135839581,-0.104864351,-0.584371150,1.629069805,1.125269055,-0.018875849,-0.722134531,1.102943540,1.115991116,0.984548628,-0.544785321,-0.317947268,-0.506964207,-0.761045396,0.407749414,-1.913038969,-1.901353836,0.971493602,-2.476827145,-11.790009499,-4.656776428,10.584492683,-0.109174512
142,2839.994,1786879743336.439,14531154.374,0.000000000,-0.793806612,-0.627486169,0.065270707,-0.118803240,-0.017821811,0.161482722,-0.133966953,-0.099517092,-0.610973835,1.626247048,1.124879718,-0.008007776,-0.731970072,1.117002249,1.166272759,0.989745080,-0.546435058,-0.319198251,-0.505976021,-0.758964956,0.397926331,-1.920417070,-1.914736748,0.971591294,-2.482017279,-11.807249069,-4.624914169,10.620501518,-0.078379177
143,2859.994,1786879743356.439,14531174.374,0.000000000,-0.801469088,-0.610547781,0.069531798,-0.117876656,-0.019691609,0.152969927,-0.133974403,-0.095292658,-0.628201306,1.620576978,1.124766588,0.004256595,-0.741467357,1.116936803,1.210763931,0.992299020,-0.546617210,-0.320043921,-0.503831029,-0.757922590,0.391368270,-1.922739029,-1.922264099,0.973718405,-2.486688137,-11.824604988,-4.594277382,10.646470070,-0.052747689
144,2880.000,1786879743376.445,14531194.380,0.000000000,-0.811053455,-0.593861461,0.072302401,-0.113296375,-0.022146069,0.142951220,-0.136835337,-0.092118926,-0.634054601,1.613634348,1.128576756,0.017314423,-0.749473691,1.106117249,1.242343426,0.993367136,-0.545444608,-0.321126878,-0.501572609,-0.757032454,0.387316644,-1.918705583,-1.923517466,0.975545406,-2.489559412,-11.840250015,-4.569546223,10.656966209,-0.038029455
145,2899.996,1786879743396.441,14531214.376,0.000000000,-0.818699181,-0.575713038,0.074610829,-0.105156042,-0.026695214,0.130971491,-0.141439408,-0.088244013,-0.626226723,1.607608557,1.135561228,0.029033054,-0.755802929,1.090737224,1.264794588,0.992527306,-0.543885767,-0.322355866,-0.499458075,-0.756057739,0.384537637,-1.909012675,-1.918897152,0.976064622,-2.490073919,-11.851963043,-4.551585674,10.648457527,-0.038612388
146,2919.995,1786879743416.440,14531234.375,0.000000000,-0.825138927,-0.557995141,0.077027634,-0.093631662,-0.033504300,0.118560791,-0.146963984,-0.084143601,-0.607149541,1.601048589,1.144683480,0.037371922,-0.761652529,1.074494243,1.279523611,0.989885032,-0.540282845,-0.323746920,-0.497053742,-0.754795611,0.384498477,-1.894904375,-1.908798099,0.975778878,-2.488229036,-11.858437538,-4.540617466,10.618612289,-0.056758843
147,2939.991,1786879743436.437,14531254.372,0.000000000,-0.831854761,-0.541982949,0.080289036,-0.079641908,-0.042678975,0.107073843,-0.152370304,-0.081185691,-0.580785453,1.592755198,1.155223250,0.042887796,-0.766591132,1.062091827,1.289330244,0.986104548,-0.534443915,-0.324712574,-0.493545890,-0.753461897,0.387214780,-1.879093409,-1.895064950,0.975154877,-2.484449387,-11.859267235,-4.536407948,10.573052406,-0.090986691
148,2959.991,1786879743456.436,14531274.371,0.000000000,-0.836826146,-0.525537431,0.084844366,-0.064042963,-0.053401910,0.096506059,-0.157831222,-0.077906191,-0.549952090,1.584001184,1.167415977,0.047295738,-0.770996928,1.060856581,1.300613880,0.983155072,-0.527683377,-0.325039387,-0.488350689,-0.751322627,0.390922129,-1.863146186,-1.878879547,0.975052118,-2.479357004,-11.854468346,-4.537321568,10.516436577,-0.139710575
149,2979.990,1786879743476.435,14531294.370,0.000000000,-0.841238022,-0.511826098,0.090103835,-0.047427226,-0.065518819,0.085862592,-0.162861556,-0.074878454,-0.521859944,1.576019406,1.180625081,0.051526714,-0.776591539,1.070443630,1.316166401,0.981043696,-0.521087468,-0.325366914,-0.481308550,-0.749282420,0.394238412,-1.847812772,-1.863219261,0.975881934,-2.473530531,-11.844040871,-4.543304920,10.452822685,-0.199604481
150,2999.992,1786879743496.438,14531314.372,0.000000000,-0.846025169,-0.499543935,0.096221134,-0.030146465,-0.078690790,0.076504871,-0.167407781,-0.071595967,-0.498316884,1.570402622,1.196617246,0.055858184,-0.784510732,1.089939117,1.341463327,0.979971349,-0.513749242,-0.325602353,-0.472744942,-0.747211814,0.396753073,-1.833032131,-1.850255132,0.977234840,-2.465858459,-11.827076912,-4.553535938,10.385015488,-0.266922027
151,3019.985,1786879743516.431,14531334.366,0.000000000,-0.856375158,-0.476552248,0.106745988,-0.018305171,-0.090992950,0.068655878,-0.160089999,-0.074904203,-0.498034775,1.555553198,1.197191596,0.057838071,-0.784969687,1.104715586,1.389143944,0.982179224,-0.497155637,-0.326952875,-0.462018490,-0.740422904,0.406270444,-1.828320026,-1.840603828,0.974739850,-2.454839706,-11.809073448,-4.564894199,10.324746132,-0.340259224
152,3039.990,1786879743536.435,14531354.370,0.000000000,-0.860058665,-0.464029431,0.117067829,-0.000014793,-0.101438873,0.065432131,-0.163704008,-0.073062345,-0.493956417,1.558596015,1.217616081,0.062844262,-0.798044324,1.145140409,1.451519370,0.986364901,-0.486318916,-0.326433718,-0.448776364,-0.737043738,0.408914268,-1.816547394,-1.836002350,0.974437177,-2.444787502,-11.781306267,-4.576991081,10.264636040,-0.418368638
153,3059.987,1786879743556.433,14531374.367,0.000000000,-0.889323890,-0.431067795,0.136687979,0.011053868,-0.117673211,0.055763829,-0.186011970,-0.071036629,-0.485679209,1.561452627,1.280432343,0.077753767,-0.828557134,1.197641969,1.509681106,1.011882424,-0.477974802,-0.323065102,-0.429241896,-0.717653334,0.418252289,-1.777017355,-1.827102065,0.975767314,-2.429691315,-11.732734680,-4.600707054,10.204365730,-0.523124158
154,3079.996,1786879743576.441,14531394.376,0.000000000,-0.901608288,-0.420118034,0.147701725,0.037382498,-0.131639481,0.043083284,-0.206777543,-0.065206163,-0.492294580,1.573567986,1.353112817,0.087314710,-0.848321974,1.254701972,1.588251829,1.020408511,-0.472843587,-0.316280067,-0.407104790,-0.714671373,0.420220256,-1.749113441,-1.815828919,0.975655854,-2.408772945,-11.668329239,-4.629930019,10.136168480,-0.635221720
155,3099.994,1786879743596.439,14531414.374,0.000000000,-0.872185051,-0.451894701,0.143066898,0.088136904,-0.136569500,0.047925461,-0.234902948,-0.071129955,-0.526846051,1.575498700,1.466474652,0.082198367,-0.844194174,1.349964261,1.703660011,0.998232424,-0.467569739,-0.304191828,-0.378010571,-0.740905464,0.412634730,-1.745480895,-1.809329867,0.982421458,-2.381022453,-11.585992813,-4.658009052,10.054686546,-0.729646444
156,3119.994,1786879743616.439,14531434.374,0.000000000,-0.806809187,-0.516159832,0.114283428,0.156165153,-0.131317139,0.097677588,-0.334951192,-0.106463403,-0.579141617,1.525843382,1.761874795,0.065382168,-0.823835731,1.523846865,1.814747095,0.972046793,-0.470213175,-0.283099771,-0.330898851,-0.769350886,0.410928547,-1.728878498,-1.797810793,1.009072781,-2.343351841,-11.462096214,-4.709722996,9.953211784,-0.834970117
157,3139.994,1786879743636.439,14531454.375,0.000000000,-0.568421483,-0.787159264,-0.057041332,0.315998495,-0.101247422,0.291579694,-0.620427549,-0.177115366,-0.585251272,1.353200555,2.283783197,0.004070628,-0.734192014,1.839193583,1.676990747,0.898978889,-0.505634725,-0.244698927,-0.253982365,-0.830735981,0.400264502,-1.706827283,-1.769071579,1.060015440,-2.282109976,-11.279534340,-4.831487179,9.789043427,-0.971064687
158,3159.992,1786879743656.437,14531474.372,0.000000000,0.112180561,-1.906028748,-0.603238225,0.733843386,-0.133188337,0.952679455,-1.194306254,-0.104519904,0.100617662,1.219552875,1.806383610,-0.175893739,-0.500175476,2.100319147,-1.275615335,0.707208693,-0.628758013,-0.149516627,-0.193469524,-0.916039586,0.309376717,-1.740053415,-1.742988825,1.060665369,-2.213808298,-11.239175797,-5.099027157,9.677684784,-1.118937373
159,3179.992,1786879743676.438,14531494.373,0.000000000,-0.236733824,-1.734611273,-0.450627625,0.502642035,-0.590631127,1.032405734,-0.882051885,0.289778829,-0.107504413,1.504621387,1.257729769,-0.055060517,-0.459634304,1.873789549,-1.183711767,0.755570233,-0.623217642,-0.285991848,-0.398007572,-0.612127841,0.391130745,-1.769713402,-1.661474466,1.077158689,-2.276361465,-11.117594719,-5.094491959,9.419279099,-1.262426972
160,3199.992,1786879743696.437,14531514.372,0.000000000,-0.666283309,-1.186369658,-0.217443004,0.328865081,-0.739221394,0.701782346,-0.648500979,0.396137267,-0.236926913,1.730439544,0.762762427,0.069275305,-0.637274086,1.372427583,-0.699835062,0.803793728,-0.469517767,-0.308650911,-0.434885532,-0.503670037,0.524516404,-1.733689308,-1.623795986,1.036529899,-2.388366461,-11.172730446,-5.007504463,9.244022369,-1.446985841
161,3219.993,1786879743716.438,14531534.373,0.000000000,-1.120352030,-0.624191880,0.079799950,0.206911474,-0.652997375,0.182154328,-0.479777187,0.192754358,-0.446157247,1.825416207,0.764205039,0.171474949,-0.737654507,0.862638056,0.335763216,0.750439346,-0.349095225,-0.238549337,-0.336190641,-0.498102546,0.610563815,-1.715633154,-1.623625040,0.986463726,-2.404250622,-11.245518684,-4.854710102,9.198822975,-1.517114162
162,3239.990,1786879743736.435,14531554.370,0.000000000,-1.378363132,-0.096527725,0.373650551,0.015986200,-0.396130353,-0.357855916,-0.228300661,0.159893125,-0.906441033,1.768754959,1.104786634,0.184333876,-0.941646159,0.713936567,2.182878256,0.758605540,-0.431036592,-0.214595422,-0.700234413,-0.426319778,0.579301775,-1.820616841,-1.859813571,0.966284335,-2.421416998,-11.183340073,-4.585963726,9.450274467,-1.492885351
163,3259.988,1786879743756.433,14531574.368,0.000000000,-1.550363779,0.290588319,0.499223888,-0.030004963,-0.364959270,-0.627290964,-0.100701056,0.446799248,-1.138833523,1.935497761,1.012257338,0.189155623,-1.130691767,0.779630184,3.229740381,0.914372563,-0.496700078,-0.217566684,-0.790753722,-0.372916520,0.499045074,-1.829445124,-2.076110125,1.062621236,-2.399485826,-10.984415054,-4.289335251,9.623433113,-1.539816618
164,3279.991,1786879743776.436,14531594.371,0.000000000,-1.998453736,0.701543033,0.553763688,-0.000487611,-0.473301321,-0.805932164,-0.164496124,0.813955545,-1.028069258,1.999911189,1.005253792,0.211922929,-1.210555077,-0.024535730,3.699059010,1.020007968,-0.493486136,-0.191935912,-0.882004678,-0.309591502,0.524327993,-1.694150090,-2.113397837,1.114240050,-2.335736036,-10.702513695,-4.259347439,9.676393509,-1.627827287
165,3299.992,1786879743796.437,14531614.372,0.000000000,-2.265732527,0.851281345,0.520668924,0.080221348,-0.372508734,-0.768147230,-0.329404801,0.971477389,-0.729269207,1.588415504,1.233791351,0.288757831,-1.202812552,-0.662934422,3.616039991,1.042174935,-0.382460505,-0.211541668,-0.751386821,-0.308913767,0.626374304,-1.465959549,-2.039670229,1.026239991,-2.255016804,-10.393579483,-4.274782658,9.516010284,-1.622332096
166,3319.988,1786879743816.433,14531634.368,0.000000000,-2.282970428,0.705785334,0.489109278,0.043777805,-0.314164490,-0.781014323,-0.362460822,0.988605142,-0.595280349,1.481913328,1.288084388,0.329268277,-1.191533566,-0.596065164,3.419423342,1.059390187,-0.333536834,-0.265966177,-0.653036177,-0.390168607,0.665768802,-1.355671167,-1.938407063,0.960316181,-2.213348389,-10.207470894,-4.285491467,9.307740211,-1.485799193
167,3339.993,1786879743836.438,14531654.373,0.000000000,-2.133895397,0.308134496,0.428223252,0.067776136,-0.292529613,-0.651907504,-0.410328716,0.803394914,-0.491312921,1.312371969,1.298033834,0.314219415,-1.163212776,-0.393401980,2.997467518,1.015298605,-0.307231933,-0.300668597,-0.598083258,-0.525134027,0.695711732,-1.411965728,-1.917154312,0.920934618,-2.190596581,-10.144676208,-4.268493176,9.295413017,-1.290652990
168,3359.992,1786879743856.438,14531674.373,0.000000000,-1.795288205,-0.265716732,0.271402359,0.088259645,-0.220589072,-0.343877256,-0.412842363,0.473941386,-0.493714988,1.159073114,1.361014962,0.120289847,-1.056658387,-0.086908445,2.327293396,0.954361856,-0.260576993,-0.310729742,-0.497475624,-0.669224083,0.668816149,-1.560999155,-1.980343103,0.950927496,-2.195994616,-10.264088631,-4.249140739,9.596850395,-0.989333928
169,3379.996,1786879743876.441,14531694.377,0.000000000,-1.244758844,-0.730957508,-0.020136252,0.184701055,-0.215041727,0.046054695,-0.531730890,0.216465950,-0.469387323,1.228961229,1.672987819,-0.102586642,-0.783225656,0.233435810,1.386928320,0.895002663,-0.281321675,-0.295646608,-0.412686259,-0.785928130,0.593818367,-1.633996964,-1.912636518,0.973904073,-2.262569189,-10.469378471,-4.279701710,9.934046745,-0.690295756
170,3399.993,1786879743896.439,14531714.374,0.000000000,-0.436103940,-1.254639626,-0.320853651,0.540963233,-0.278659195,0.505192637,-0.835016787,0.034869030,-0.460135430,1.275573254,1.983659148,-0.277895033,-0.406837046,1.428216934,0.304492950,0.756354034,-0.364940584,-0.293202281,-0.345026433,-0.907922566,0.502248883,-1.712429047,-1.750209332,1.004160762,-2.292697191,-10.582687378,-4.383980751,10.124917030,-0.377888024
171,3419.993,1786879743916.438,14531734.373,0.000000000,-0.026636917,-1.734881520,-0.544538498,0.664842904,-0.450095803,1.121170521,-1.105903149,0.200151443,-0.539330065,1.458048701,1.676785469,-0.345214963,-0.181759983,2.150165558,-1.137435794,0.753551543,-0.472597748,-0.271772683,-0.462989032,-0.887322128,0.435441554,-1.937289953,-1.686205626,1.103116155,-2.328347683,-10.609426498,-4.507796764,10.327615738,-0.237718850
172,3439.989,1786879743936.434,14531754.369,0.000000000,0.082709655,-1.719007730,-0.516670883,0.536553741,-0.554824948,1.391897917,-1.065232873,0.235887021,-0.583691716,1.719652653,1.492434621,-0.214723304,-0.106162131,2.442865372,-1.166200995,0.835992992,-0.524929106,-0.371018589,-0.485597551,-0.779092014,0.389571667,-1.994494915,-1.613157272,1.136388421,-2.422511816,-10.410365105,-4.618686199,10.256066322,-0.106234513
173,3459.989,1786879743956.434,14531774.369,0.000000000,-0.000568081,-1.630905390,-0.462363124,0.414187878,-0.532395124,1.344806314,-0.982548654,0.123835534,-0.608227432,1.805435300,1.296080112,-0.108743921,-0.144186959,2.363366842,-0.956593096,0.857569695,-0.532152176,-0.403850496,-0.454261661,-0.745083749,0.388739944,-1.902737021,-1.577662945,1.121179223,-2.475096226,-10.247788429,-4.754459858,10.158223152,0.010201253
174,3479.991,1786879743976.436,14531794.371,0.000000000,-0.372316480,-1.398314714,-0.321647584,0.263023943,-0.509463012,0.991187751,-0.740381718,0.035222441,-0.650197208,1.743157983,0.993202567,0.028752137,-0.201383248,1.971073747,-0.404812396,0.800846636,-0.507541478,-0.382297754,-0.404693037,-0.724224687,0.416654468,-1.859503031,-1.616352201,1.115785837,-2.533903360,-10.256016731,-4.799669743,10.236687660,0.134235829
175,3499.990,1786879743996.435,14531814.370,0.000000000,-0.562146306,-1.085452318,-0.057936519,0.007340796,-0.350084752,0.456558883,-0.410877675,-0.092097886,-0.914837003,1.617215276,0.887197912,0.110217378,-0.366716623,1.736454129,0.947823882,0.780015826,-0.526254892,-0.380207002,-0.565137446,-0.709603608,0.413546801,-1.986174703,-1.790561318,1.049059272,-2.584097862,-10.359584808,-4.788267612,10.503800392,0.303005487
176,3519.989,1786879744016.434,14531834.369,0.000000000,-0.702061832,-0.750981510,0.107007459,-0.141538054,-0.234754056,0.159935862,-0.251362294,-0.042614162,-1.142855167,1.579141736,0.806148231,0.101101086,-0.617716074,1.569810629,1.881440043,0.846401513,-0.495358437,-0.372915268,-0.727176905,-0.721449196,0.353117168,-2.110800028,-2.001673222,1.070986748,-2.593093872,-10.506764412,-4.697202682,10.769249916,0.442514539
177,3539.995,1786879744036.440,14531854.375,0.000000000,-0.798612237,-0.526106715,0.158646867,-0.234005213,-0.177811295,0.044259463,-0.126820594,0.043797091,-1.241355658,1.588052392,0.786438048,0.059918035,-0.752261937,1.382006884,2.353101730,0.920310140,-0.458363473,-0.372989058,-0.835294724,-0.702571809,0.299621344,-2.146627903,-2.170769930,1.092690110,-2.603220463,-10.635669708,-4.699077606,10.805474281,0.569701970
178,3559.994,1786879744056.439,14531874.374,0.000000000,-0.890942037,-0.353709757,0.154956713,-0.207796305,-0.140844434,-0.108741507,-0.081197880,0.079478830,-1.185508013,1.567794681,0.818361104,0.053262044,-0.780192196,1.140081644,2.355095625,0.977795184,-0.376932293,-0.373083413,-0.811514676,-0.689576864,0.243220940,-2.052986622,-2.242637873,1.086531281,-2.573754311,-10.759280205,-4.707592487,10.676766396,0.752764344
179,3579.995,1786879744076.440,14531894.375,0.000000000,-1.005552530,-0.252471566,0.111959621,-0.145554543,-0.119397424,-0.201432377,-0.154196411,0.020474656,-0.970884919,1.521173120,0.984589815,0.061352897,-0.735995412,0.847296000,2.052567005,1.001326084,-0.357685894,-0.384826899,-0.671674669,-0.639802396,0.252734721,-1.861101508,-2.205516577,1.056486487,-2.553447962,-10.904084206,-4.688224316,10.482203484,0.958778620
180,3599.993,1786879744096.438,14531914.373,0.000000000,-1.092141390,-0.196460903,0.089483753,-0.101064481,-0.113692872,-0.235794187,-0.216502696,-0.017344134,-0.698070824,1.429348707,1.153438449,0.144019708,-0.733326435,0.608916640,1.571654320,0.988902628,-0.358841002,-0.398984492,-0.527952194,-0.645880759,0.288244843,-1.696040154,-2.107528687,1.000411034,-2.571259022,-11.106180191,-4.677388668,10.305825233,1.033543587
181,3619.992,1786879744116.438,14531934.372,0.000000000,-1.097118378,-0.245292202,0.050834283,-0.022929914,-0.081014685,-0.167330429,-0.235730231,-0.114057399,-0.468065053,1.350224018,1.264744043,0.143917724,-0.708477616,0.569581509,1.164927959,0.908488095,-0.321488440,-0.388910234,-0.449150920,-0.699525177,0.325458884,-1.664042354,-2.024420261,0.980398834,-2.564631224,-11.274348259,-4.679124355,10.163889885,1.001076698
182,3639.994,1786879744136.439,14531954.374,0.000000000,-1.012497187,-0.286152571,0.024646297,-0.000130579,-0.065387242,-0.039785441,-0.230226398,-0.161945239,-0.307392806,1.317144275,1.321223259,0.127712175,-0.676128387,0.620394826,0.893155396,0.846961319,-0.298809439,-0.369835794,-0.440866053,-0.735923350,0.391824961,-1.669383049,-1.933219314,1.008399844,-2.566151857,-11.396888733,-4.728004456,10.027294159,0.926160932
183,3659.991,1786879744156.436,14531974.371,0.000000000,-0.931530476,-0.337925851,0.025119334,0.000236653,-0.072235905,0.067195326,-0.212036014,-0.186421573,-0.163977578,1.339104176,1.334507108,0.118331775,-0.653778374,0.622985005,0.709035695,0.778392673,-0.258499116,-0.362810075,-0.464600682,-0.777800322,0.456188083,-1.683539033,-1.851951838,1.033465981,-2.562481165,-11.464323997,-4.773463249,9.908034325,0.804486454
184,3679.989,1786879744176.434,14531994.369,0.000000000,-0.825759947,-0.465212643,-0.022294939,0.002737150,-0.075162791,0.148093343,-0.178382397,-0.190234005,-0.129597023,1.436585426,1.280460954,0.069195077,-0.609228730,0.664711833,0.636479437,0.743981659,-0.243693486,-0.344681978,-0.506324828,-0.811973631,0.458102882,-1.743725300,-1.825464725,1.054449677,-2.554333925,-11.488070488,-4.829125404,9.848395348,0.726565361
185,3699.989,1786879744196.435,14532014.370,0.000000000,-0.769619465,-0.515992701,-0.043077916,-0.008451987,-0.103666954,0.201498270,-0.191998035,-0.202084765,-0.097014338,1.507681727,1.254391551,0.019631911,-0.595597506,0.672357678,0.605951428,0.719866157,-0.256926626,-0.343372345,-0.545376062,-0.821474195,0.458409131,-1.770554781,-1.800014973,1.063830018,-2.535564423,-11.466531754,-4.864340305,9.796059608,0.635368764
186,3719.990,1786879744216.435,14532034.370,0.000000000,-0.742231429,-0.554515243,-0.047908708,-0.021083366,-0.120403372,0.240909755,-0.200381517,-0.183594018,-0.113411501,1.547487020,1.209987879,-0.006147694,-0.585204124,0.756541371,0.684579313,0.740649462,-0.261741161,-0.353133798,-0.573046446,-0.818095922,0.446111679,-1.805806994,-1.806175947,1.072201133,-2.531422377,-11.438468933,-4.904360771,9.772206306,0.540884912
187,3739.987,1786879744236.433,14532054.368,0.000000000,-0.741068959,-0.571132660,-0.047133580,-0.029890310,-0.131859362,0.268402636,-0.211943537,-0.165290266,-0.174968466,1.559857011,1.190262914,-0.028191935,-0.576908410,0.879078746,0.808519483,0.770102799,-0.271250546,-0.367218316,-0.595608532,-0.805222869,0.428592443,-1.843965292,-1.829788089,1.075099707,-2.527225733,-11.411276817,-4.947061062,9.776608467,0.460951954
188,3759.990,1786879744256.435,14532074.370,0.000000000,-0.747644365,-0.595692992,-0.037064120,-0.045353953,-0.135814041,0.293785810,-0.225283235,-0.152661145,-0.268016696,1.539640784,1.181317091,-0.061062228,-0.572880030,1.004017949,0.925596118,0.769014776,-0.280235410,-0.376085639,-0.609370887,-0.779484093,0.410925865,-1.868520498,-1.876396179,1.049724817,-2.524181604,-11.388051033,-4.966619015,9.794591904,0.393360823
189,3779.993,1786879744276.438,14532094.373,0.000000000,-0.771556675,-0.603186727,-0.062651023,-0.051282030,-0.125900060,0.312114358,-0.235187799,-0.160363227,-0.382476270,1.520835996,1.154673457,-0.100881413,-0.581155717,1.063721418,1.022485137,0.776917040,-0.300844848,-0.377882659,-0.625996947,-0.799480021,0.394976914,-1.916889429,-1.920844793,1.051041842,-2.503924131,-11.424962044,-4.978847980,9.891402245,0.350786507
190,3799.993,1786879744296.438,14532114.373,0.000000000,-0.772569597,-0.594694912,-0.063683063,-0.047010850,-0.114264838,0.322675079,-0.234753698,-0.138273895,-0.480000645,1.551085114,1.146976352,-0.140676752,-0.583857656,1.103314638,1.101646185,0.780524433,-0.328830928,-0.383273065,-0.636602342,-0.803646088,0.373185158,-1.955812931,-1.944637775,1.062666297,-2.496678829,-11.478459358,-4.975152493,9.984992027,0.332508594
191,3819.992,1786879744316.437,14532134.372,0.000000000,-0.778262913,-0.579765141,-0.058457747,-0.044169411,-0.111572437,0.298534751,-0.232907534,-0.125496417,-0.563888609,1.564306140,1.142341495,-0.143389717,-0.588060975,1.136456966,1.166390657,0.788407922,-0.353672475,-0.386007428,-0.635351777,-0.796457708,0.352532327,-1.979022741,-1.968095064,1.061284900,-2.494115591,-11.542031288,-4.946826458,10.059864998,0.340215236
192,3839.994,1786879744336.439,14532154.374,0.000000000,-0.784740508,-0.578567863,-0.063187897,-0.043219611,-0.091995947,0.273438990,-0.232713252,-0.126124248,-0.644138396,1.556339622,1.121995091,-0.139191821,-0.574885726,1.159734130,1.209893465,0.780677378,-0.366175145,-0.386602521,-0.633815408,-0.787878931,0.332116187,-2.010499477,-1.986153841,1.067829370,-2.504930735,-11.596359253,-4.894746780,10.129327774,0.369638473
193,3859.994,1786879744356.439,14532174.374,0.000000000,-0.787114501,-0.564662993,-0.061262861,-0.040614035,-0.078911625,0.246040821,-0.227883428,-0.127713665,-0.708633602,1.553856969,1.115887046,-0.127489880,-0.576558948,1.179056168,1.248702407,0.780255377,-0.372938901,-0.388431847,-0.625587106,-0.785139620,0.318728983,-2.025349140,-2.007169962,1.069520354,-2.513780117,-11.643206596,-4.834828377,10.178262711,0.417632222
194,3879.993,1786879744376.438,14532194.373,0.000000000,-0.818988979,-0.519828081,-0.039703444,-0.014240496,-0.060280286,0.216455936,-0.220063537,-0.098999590,-0.782069504,1.559276938,1.144119620,-0.120820776,-0.607129812,1.199361205,1.311970234,0.837538660,-0.409407258,-0.386616647,-0.612414956,-0.765163302,0.318661332,-2.019516230,-2.022335291,1.049188733,-2.514034271,-11.665921211,-4.791243076,10.214777946,0.407802194
195,3899.991,1786879744396.437,14532214.372,0.000000000,-0.832245767,-0.488646090,-0.039281607,0.002217442,-0.055519961,0.195373505,-0.222122103,-0.085782431,-0.800183654,1.551218987,1.151734471,-0.108074740,-0.619136035,1.188398123,1.341086149,0.845777333,-0.411176234,-0.386194706,-0.593108058,-0.763680637,0.313589275,-2.006967545,-2.023742437,1.042444468,-2.515415192,-11.678227425,-4.748644352,10.224858284,0.396926165
196,3919.993,1786879744416.438,14532234.373,0.000000000,-0.848789275,-0.449488521,-0.035377160,0.021545231,-0.075356655,0.175044149,-0.224435627,-0.078714743,-0.796726763,1.538954496,1.178969383,-0.121768549,-0.645473838,1.172712684,1.372155190,0.849598467,-0.394405901,-0.390452802,-0.565703809,-0.767821968,0.326611876,-1.975723982,-2.010507584,1.035473704,-2.491910696,-11.682289124,-4.710748196,10.184746742,0.392033607
197,3939.994,1786879744436.439,14532254.374,0.000000000,-0.878634810,-0.419991076,-0.035902098,0.039638884,-0.099901669,0.193894714,-0.244252950,-0.049139567,-0.744560897,1.528798699,1.213681579,-0.123253778,-0.647709608,1.188732862,1.385199189,0.848997772,-0.373293549,-0.398864686,-0.536383927,-0.771685302,0.346463382,-1.929175138,-1.981015801,1.037744641,-2.465476274,-11.679091454,-4.700858593,10.120889664,0.329465419
198,3959.990,1786879744456.435,14532274.370,0.000000000,-0.889391482,-0.403234214,-0.029105932,0.061698288,-0.124542587,0.223788619,-0.245454758,-0.045804210,-0.704968750,1.509406447,1.206455350,-0.124210969,-0.641750574,1.221022964,1.404611707,0.851293921,-0.380393088,-0.401461363,-0.509865940,-0.779418886,0.368284762,-1.911328077,-1.941408992,1.021570563,-2.454483747,-11.662001610,-4.679679394,10.032981873,0.243762583
199,3979.989,1786879744476.434,14532294.369,0.000000000,-0.899938405,-0.390857428,-0.022280291,0.087392174,-0.163742632,0.187855810,-0.245554775,-0.024038414,-0.646667719,1.521600962,1.201159596,-0.125835791,-0.645580292,1.244258404,1.430098772,0.860637367,-0.382411838,-0.400711060,-0.483463466,-0.784837782,0.382767677,-1.894618034,-1.901612282,1.018496871,-2.423189402,-11.652251244,-4.679528713,9.954450607,0.121975042
200,3999.987,1786879744496.432,14532314.367,0.000000000,-0.906860173,-0.381326884,-0.019829988,0.123267256,-0.188252956,0.165530160,-0.252730697,-0.012971038,-0.589897275,1.536941528,1.206658959,-0.116383567,-0.647129059,1.282614946,1.432169914,0.859734356,-0.377456844,-0.397677362,-0.456802279,-0.789000154,0.394905686,-1.866847277,-1.871322870,1.016102791,-2.401760340,-11.625574112,-4.674115181,9.876318932,-0.008494399
201,4019.991,1786879744516.437,14532334.372,0.000000000,-0.955576062,-0.351360083,-0.001937777,0.154848367,-0.211883575,0.110576883,-0.253342986,0.025147883,-0.550179362,1.646674871,1.183669806,-0.108920053,-0.663322210,1.371766567,1.513893127,0.886444390,-0.390592635,-0.389081717,-0.440942287,-0.789571702,0.405674934,-1.864662886,-1.832416534,1.007184148,-2.393819094,-11.573698997,-4.650268555,9.875620842,-0.192414671
202,4039.988,1786879744536.433,14532354.368,0.000000000,-1.025134921,-0.299839556,0.025932789,0.185086370,-0.258408815,0.038336936,-0.253676385,0.078032836,-0.510228157,1.794663548,1.180305123,-0.104576841,-0.684507906,1.442994118,1.591432810,0.909178317,-0.406895578,-0.367818058,-0.424905300,-0.771957576,0.412168682,-1.814469576,-1.803019524,0.996516526,-2.354828835,-11.477114677,-4.611675739,9.859361649,-0.381028205
203,4059.993,1786879744556.438,14532374.373,0.000000000,-1.227251768,-0.186026394,0.100978509,0.203612924,-0.318829089,-0.104907542,-0.204707563,0.182180434,-0.482663929,1.958949924,1.146468759,-0.091147736,-0.721300721,1.339585185,1.785411119,0.942441046,-0.388444275,-0.331784725,-0.436598539,-0.750492930,0.445420504,-1.809384346,-1.797371745,0.976780951,-2.320282459,-11.379794121,-4.550273418,9.859842300,-0.534503818
204,4079.994,1786879744576.439,14532394.374,0.000000000,-1.798103094,0.160233319,0.291409254,0.154008806,-0.440307975,-0.346708417,-0.156509578,0.403426290,-0.201916292,1.999923706,1.194715858,-0.042694937,-0.860037565,0.139068186,2.106475115,1.004233956,-0.359152347,-0.278342307,-0.547980785,-0.664561272,0.490228236,-1.706204772,-1.742792368,0.934774697,-2.265956402,-11.302136421,-4.518504620,9.921235085,-0.682736874
205,4099.994,1786879744596.439,14532414.374,0.000000000,-2.311110258,0.492052972,0.425775528,0.122760482,-0.465414226,-0.379305691,-0.187357783,0.561761022,0.074707627,1.389663458,1.431512713,0.017417718,-1.030088067,-0.680481255,2.243321657,1.030756116,-0.333253473,-0.273707330,-0.586883068,-0.611144960,0.553474486,-1.578263044,-1.652209282,0.876853824,-2.180245161,-11.138350487,-4.523735523,9.911140442,-0.817201793
206,4119.996,1786879744616.441,14532434.376,0.000000000,-2.138423443,0.319951117,0.276417136,0.174133539,-0.381975442,-0.247360855,-0.229434684,0.460626751,0.089629054,1.053048730,1.580267310,-0.066486731,-1.051276684,-0.514542520,2.124665737,1.021945953,-0.341551214,-0.296543181,-0.570827901,-0.695861518,0.580309689,-1.579716921,-1.620495677,0.893158436,-2.166895628,-11.034107208,-4.580906868,9.845704079,-0.930422544
207,4139.995,1786879744636.440,14532454.375,0.000000000,-1.757387877,-0.183631957,0.083839670,0.175631911,-0.326747030,-0.013661589,-0.302473903,0.214297652,-0.012496619,1.020953298,1.775417924,-0.325591326,-0.956452727,-0.320146918,1.826549768,0.957041919,-0.311299413,-0.303045094,-0.496594429,-0.815778673,0.608328044,-1.718478560,-1.646368623,0.919723511,-2.109022141,-11.015610695,-4.700965405,9.882777214,-0.943732262
208,4159.995,1786879744656.440,14532474.375,0.000000000,-1.039854765,-0.876461983,-0.250838280,0.348369092,-0.287442356,0.327786416,-0.597007811,0.027825473,-0.272039890,1.229468942,2.171231270,-0.617296755,-0.601118147,0.390901327,1.207503319,0.839767039,-0.331881642,-0.267593622,-0.368846595,-0.955312371,0.564647257,-1.817669034,-1.611027718,0.995931566,-2.061833858,-10.989619255,-4.877224445,9.863718987,-0.820106745
209,4179.996,1786879744676.441,14532494.376,0.000000000,-0.332884490,-1.565994143,-0.516121507,0.644450545,-0.482010812,0.752484858,-0.923762262,0.070084669,-0.433968335,1.496982455,1.774314761,-0.742937565,-0.217995197,1.734732389,-0.776052356,0.849447906,-0.431182176,-0.319203317,-0.328183353,-1.007950187,0.475124717,-1.987543941,-1.590327024,1.014189720,-2.033987999,-10.941138268,-5.117483616,10.042794228,-0.773539305
210,4200.008,1786879744696.453,14532514.388,0.000000000,-0.142980754,-1.647542715,-0.578323722,0.728790998,-0.609669924,1.145133257,-1.008358121,0.150712073,-0.858555615,1.588567376,1.686668038,-0.752784371,0.024911299,2.397510529,-1.054809809,0.904173791,-0.516938508,-0.403478622,-0.350613773,-0.872133315,0.451753736,-2.136311769,-1.506375313,1.079166055,-2.094052792,-10.539338112,-5.169594288,10.055871964,-0.676526129
211,4219.998,1786879744716.444,14532534.379,0.000000000,-0.129722700,-1.549868464,-0.598442316,0.705718696,-0.611221433,1.238273740,-0.988826454,0.109230757,-1.030239820,1.608623981,1.560686231,-0.671369016,0.135152593,2.511418819,-0.828200579,0.959731519,-0.606030524,-0.422780633,-0.338632852,-0.840370893,0.373365283,-2.177330017,-1.423017979,1.061123252,-2.150777340,-10.174582481,-5.153662205,9.896245003,-0.470988721
212,4240.000,1786879744736.445,14532554.380,0.000000000,-0.076434433,-1.630994916,-0.549922884,0.553990722,-0.607596099,1.030799747,-0.901619732,-0.010663705,-1.044068217,1.719510913,1.207531571,-0.703831017,0.176093921,2.750248671,-0.699265003,1.052218318,-0.741725206,-0.400971889,-0.265709490,-0.867309153,0.303223789,-2.199808598,-1.363730431,1.072174191,-2.196587563,-9.948809624,-5.155405998,9.894809723,-0.205311805
213,4260.000,1786879744756.446,14532574.381,0.000000000,-0.141419828,-1.482035160,-0.370880783,0.339781761,-0.495668977,0.678667665,-0.584322691,-0.035164550,-1.056837082,1.962025881,0.792839348,-0.695255697,0.088305607,2.686102390,0.051382288,1.160325646,-0.819384754,-0.426066875,-0.308757186,-0.827079356,0.246660918,-2.202015877,-1.358184099,1.080342293,-2.194841862,-9.863178253,-5.108666897,10.123795509,-0.068130516
214,4279.994,1786879744776.439,14532594.374,0.000000000,-0.369849652,-1.139002562,-0.293407798,0.156223863,-0.361093313,0.424766541,-0.368172228,-0.109188646,-1.145921826,1.911913037,0.783788443,-0.815061808,0.033273414,2.291671991,1.156809568,1.162163138,-0.885625064,-0.440551579,-0.448619723,-0.833568990,0.239371568,-2.230296135,-1.313153267,1.043596387,-2.164309263,-9.853960991,-4.917995453,10.381348610,-0.027130447
215,4299.997,1786879744796.443,14532614.378,0.000000000,-0.582011163,-0.859820843,-0.230937853,0.014769882,-0.312723458,0.239146382,-0.204843313,-0.064461634,-1.216306210,1.968967795,0.778914273,-0.922184646,0.038863406,1.753945112,1.996765256,1.207230926,-0.891380370,-0.442442954,-0.601133466,-0.817585111,0.242666468,-2.197650433,-1.326052547,1.053190827,-2.103425264,-9.875058174,-4.852087975,10.420517921,-0.060932778
216,4319.995,1786879744816.440,14532634.375,0.000000000,-0.800607979,-0.631653666,-0.222406730,-0.051972426,-0.293022543,-0.045269918,-0.078168623,-0.040887609,-1.088849425,1.898716331,0.885199249,-0.992340684,0.041327372,1.253905773,2.178424358,1.231910825,-0.825945377,-0.421543479,-0.637293637,-0.786677957,0.240503207,-2.084044456,-1.298659563,1.002402306,-2.082204103,-9.841933250,-4.750010490,10.107903481,-0.107401989
217,4339.993,1786879744836.438,14532654.373,0.000000000,-1.016839862,-0.372407407,-0.182153702,-0.085035421,-0.262013525,-0.274287194,-0.026358152,-0.131964073,-0.957823157,1.886057496,1.079435706,-1.011835098,0.023233458,0.727300406,2.144356966,1.279376388,-0.918972790,-0.394096911,-0.537942171,-0.758523464,0.239447340,-1.880847573,-1.151333928,0.990172684,-1.998555183,-9.849650383,-4.614838600,9.666387558,-0.238323897
218,4359.994,1786879744856.439,14532674.374,0.000000000,-1.180302978,-0.273091346,-0.150278181,-0.115661256,-0.216873676,-0.367859662,0.050223239,-0.216500163,-0.727891922,1.815675855,1.311939836,-1.071575165,-0.019225538,0.161804751,1.871261835,1.309130311,-0.915345013,-0.372044206,-0.422009408,-0.790522754,0.305549145,-1.709216475,-1.040004015,0.966421425,-1.864932418,-9.871076584,-4.569686413,9.251347542,-0.443534464
219,4379.992,1786879744876.437,14532694.372,0.000000000,-1.235327721,-0.214344293,-0.116114482,-0.094480254,-0.203614712,-0.311229944,0.131022483,-0.225721359,-0.454457670,1.727753997,1.466805816,-1.036386490,-0.048326001,0.068855748,1.549672842,1.325296044,-0.996617377,-0.356948555,-0.338837326,-0.863665462,0.370991468,-1.496395588,-0.925367832,0.896266878,-1.796428204,-9.806539536,-4.514505386,8.865214348,-0.732764125
220,4399.991,1786879744896.437,14532714.372,0.000000000,-1.134186268,-0.250049889,-0.201535389,-0.153155088,-0.219217092,-0.148404986,0.188360423,-0.285812229,-0.283792228,1.674530864,1.629560709,-1.199687600,-0.011976704,0.150499508,1.421393275,1.319986463,-1.049412251,-0.348698378,-0.288044423,-0.969473660,0.401235521,-1.452098846,-0.771757782,0.917668402,-1.741893291,-9.666640282,-4.479033947,8.436610222,-1.058984995
221,4419.997,1786879744916.443,14532734.378,0.000000000,-1.000632167,-0.376009226,-0.222227141,-0.119027734,-0.295105249,0.043987516,0.157752380,-0.333464444,-0.153422922,1.733377934,1.753017902,-1.270531178,0.080163017,0.290794075,1.321606636,1.414424181,-1.094451427,-0.345766068,-0.236291125,-1.000604510,0.426010847,-1.360535622,-0.628620565,0.905934215,-1.623415709,-9.452256203,-4.445688725,8.069758415,-1.336795568
222,4439.997,1786879744936.442,14532754.377,0.000000000,-0.805224180,-0.528630555,-0.248752221,-0.032074578,-0.320521921,0.283290416,0.029335147,-0.382332057,-0.150022358,1.758698463,2.001232862,-1.402802587,0.120549813,0.435431123,1.333617568,1.471003175,-1.131606579,-0.322069526,-0.163006976,-0.965457618,0.435164452,-1.293942690,-0.478492886,0.968411446,-1.564136028,-9.153086662,-4.395778656,7.681515217,-1.582307100
223,4459.994,1786879744956.439,14532774.375,0.000000000,-0.629994214,-0.771951735,-0.306553662,0.082483672,-0.387454957,0.481248140,-0.172217876,-0.353271335,-0.116366223,1.803736210,2.181894779,-1.545667887,0.161857054,0.652110755,1.233721375,1.478214145,-1.212096095,-0.325772107,-0.101645365,-1.031433821,0.482195377,-1.323943853,-0.305330276,0.986359954,-1.471006036,-8.821299553,-4.361031532,7.383139610,-1.813223481
224,4479.994,1786879744976.439,14532794.374,0.000000000,-0.291562796,-1.210756779,-0.465817630,0.287495703,-0.498598546,0.751633108,-0.483312368,-0.302819639,0.057282731,1.827104926,2.016836166,-1.671620011,0.281417549,0.874799490,0.234647319,1.455826402,-1.247780085,-0.282084346,-0.034488156,-1.009621382,0.488754988,-1.262462497,-0.194674924,1.009121060,-1.379362822,-8.533215523,-4.485126972,7.116945744,-2.055573463
225,4499.995,1786879744996.440,14532814.375,0.000000000,0.004329275,-1.652718902,-0.616347015,0.467232287,-0.757613122,1.002493858,-0.751317859,-0.187549159,0.167260945,1.880574942,1.801305652,-1.777919412,0.397346616,1.195197225,-0.929378808,1.495486856,-1.257046342,-0.255820394,-0.036689550,-1.036949992,0.495415509,-1.317123771,-0.125930920,1.042948246,-1.328550577,-8.189201355,-4.645514011,6.981794357,-2.216151953
226,4519.997,1786879745016.443,14532834.377,0.000000000,0.101525933,-1.554825902,-0.641166329,0.508513331,-0.883850098,1.136009336,-0.899477303,-0.189520732,0.014977725,1.835177302,1.871082425,-1.869072914,0.491884232,1.452994585,-1.029495478,1.497089148,-1.317883611,-0.280110419,-0.040511355,-0.904304743,0.489387393,-1.349738598,-0.030969221,1.007897496,-1.251792908,-7.819714546,-4.777619362,6.730288506,-2.329849005
227,4539.995,1786879745036.440,14532854.375,0.000000000,-0.006679717,-1.442341566,-0.709396839,0.551837623,-0.926793337,1.263977647,-1.009445786,-0.198615998,-0.152637362,1.657215953,1.800443769,-1.968194127,0.441318631,1.654718876,-0.863686323,1.501973987,-1.378299713,-0.277029872,-0.065647833,-0.854315460,0.503383815,-1.428057194,0.050330054,0.972406328,-1.213771820,-7.598030567,-4.931172848,6.404486179,-2.421835184
228,4559.995,1786879745056.440,14532874.375,0.000000000,-0.207470149,-1.402312160,-0.638475657,0.558962822,-0.964886308,1.135226727,-1.015245199,-0.237445891,-0.186091825,1.518002629,1.617674232,-1.965280890,0.336902738,1.824512482,-0.689453244,1.561426520,-1.469743371,-0.257574618,-0.032249391,-0.856033981,0.530474603,-1.445438385,0.099604763,0.969434917,-1.192384243,-7.413974285,-5.112113476,6.190783501,-2.517019749
229,4579.995,1786879745076.440,14532894.375,0.000000000,-0.494279444,-1.218835592,-0.464295328,0.354763776,-0.939939678,0.742264032,-0.752451599,-0.273631215,-0.212134987,1.529971004,1.390772343,-1.943267584,0.202474788,1.852809429,-0.362694860,1.641057611,-1.499557614,-0.278330147,-0.008531684,-0.830313981,0.519229114,-1.429446220,0.162500039,0.911676109,-1.232223630,-7.273849010,-5.198527813,5.999908447,-2.585147381
230,4599.994,1786879745096.439,14532914.374,0.000000000,-0.896641672,-0.855705261,-0.170235604,0.145478010,-0.970371246,0.245297790,-0.332260460,-0.290068775,-0.530306816,1.688528895,1.312953830,-1.848315597,0.104107618,1.445441484,-0.017032221,1.680328727,-1.622105122,-0.315342844,-0.108279407,-0.805843174,0.490991831,-1.384521484,0.171037793,0.869430065,-1.237040639,-7.115225315,-5.140236855,5.885612488,-2.719182014
231,4619.989,1786879745116.434,14532934.369,0.000000000,-1.024528980,-0.665107608,0.070925161,0.096035868,-0.936392426,-0.124572843,-0.156390548,-0.197051466,-0.759137690,1.901621461,1.312201858,-1.768080473,0.013391614,1.040588617,0.526533127,1.734963775,-1.689517856,-0.335586071,-0.237793580,-0.768817484,0.408385217,-1.286522269,0.147076502,0.843083560,-1.187173247,-6.952283859,-4.985075474,5.707255363,-2.915252209
232,4639.992,1786879745136.437,14532954.372,0.000000000,-1.056713343,-0.522191882,0.097111717,0.120305233,-0.821247995,-0.344504207,-0.117247932,-0.209743679,-0.884163082,1.989837408,1.417724609,-1.852138400,-0.052560195,0.820884705,1.002819419,1.654345512,-1.723467827,-0.317253888,-0.291834295,-0.757673204,0.309717536,-1.210867882,0.152525052,0.872442067,-1.103244185,-6.812291622,-4.728554249,5.397804737,-3.018037319
233,4659.991,1786879745156.436,14532974.371,0.000000000,-1.006693006,-0.443512022,0.072532386,0.161868244,-0.761300862,-0.495777577,-0.097241573,-0.225549847,-0.960871100,2.005141020,1.585476995,-1.904807687,-0.066635266,0.751514673,1.282419682,1.759201527,-1.813717961,-0.303534389,-0.242118701,-0.754388869,0.218511686,-1.104459882,0.234239161,0.887850940,-1.013287067,-6.720936298,-4.515882015,5.125862122,-3.067780972
234,4679.989,1786879745176.434,14532994.369,0.000000000,-0.994335890,-0.403340816,0.008939832,0.179309011,-0.743951380,-0.560006499,-0.079129003,-0.246493101,-0.921035945,1.975900531,1.694013715,-1.960976243,0.013062611,0.653801620,1.400373816,1.741793156,-1.868555784,-0.291410983,-0.168575734,-0.784302056,0.215208247,-1.012468576,0.327038527,0.858672202,-0.949868679,-6.650704384,-4.295936108,4.887229919,-3.093368530
235,4699.990,1786879745196.435,14533014.370,0.000000000,-0.965412438,-0.428483009,-0.072438352,0.186102897,-0.739264846,-0.539907694,-0.028622085,-0.297332793,-0.788179994,1.950485587,1.718497038,-2.043549538,0.092061281,0.546813965,1.341371059,1.635808229,-1.891641259,-0.277550697,-0.107097514,-0.814808547,0.259823918,-0.937309623,0.395288616,0.832808495,-0.917407513,-6.591078281,-4.104358673,4.722943783,-3.151074409
236,4719.991,1786879745216.436,14533034.371,0.000000000,-0.947640955,-0.462009847,-0.116636358,0.166360617,-0.758257031,-0.429537505,-0.006784344,-0.303411573,-0.628379703,1.945087075,1.734012723,-2.075963020,0.153969690,0.535394490,1.150753498,1.594833374,-1.903020144,-0.286445558,-0.088247187,-0.856300235,0.320133150,-0.919601917,0.475394666,0.821402967,-0.889610171,-6.494596958,-3.935734510,4.588573456,-3.186919689
237,4739.989,1786879745236.435,14533054.370,0.000000000,-0.893081546,-0.498399794,-0.166300133,0.152618498,-0.770002604,-0.281677932,0.000197327,-0.331087500,-0.499880344,1.924038887,1.769323587,-2.152883530,0.238927856,0.618532062,0.999075234,1.585728765,-1.899366736,-0.298868239,-0.078079358,-0.863492548,0.372119427,-0.943274021,0.584988654,0.824397624,-0.842127800,-6.391314983,-3.772565365,4.464131355,-3.217320442
238,4759.992,1786879745256.437,14533074.372,0.000000000,-0.787356079,-0.580681920,-0.236812577,0.142762512,-0.795016050,-0.253857106,0.016588187,-0.382337600,-0.385671139,1.916140318,1.814277530,-2.252299547,0.327961802,0.705959082,0.864497542,1.581975341,-1.842107415,-0.304425418,-0.056849174,-0.836453855,0.423592806,-0.939344823,0.706657171,0.809658706,-0.801032901,-6.250713348,-3.615397215,4.352220535,-3.215268135
239,4779.989,1786879745276.434,14533094.369,0.000000000,-0.736963689,-0.690030575,-0.285550475,0.136713505,-0.812729716,-0.202276021,0.048239149,-0.435483843,-0.295561492,1.953718066,1.746814370,-2.266716242,0.407533109,0.674236178,0.714614272,1.547750473,-1.777036548,-0.304855108,-0.033618845,-0.844147503,0.476856947,-0.947196722,0.775291383,0.799044728,-0.780307055,-6.090362549,-3.462182045,4.287301064,-3.202576160
240,4799.990,1786879745296.435,14533114.370,0.000000000,-0.718956053,-0.774573207,-0.297694981,0.129176557,-0.865815282,-0.167860121,0.074925072,-0.492272407,-0.256853729,1.987648845,1.627584577,-2.210630655,0.470945835,0.595128059,0.447967827,1.595693231,-1.727924228,-0.309777200,-0.013939993,-0.857267141,0.513844609,-0.985604227,0.804011405,0.790747941,-0.760943234,-5.949667454,-3.352995634,4.273284912,-3.189569950
241,4819.989,1786879745316.434,14533134.369,0.000000000,-0.700393975,-0.837263227,-0.273442984,0.154985666,-0.898918450,-0.192975029,0.087413318,-0.491807729,-0.190815985,2.051481247,1.547384858,-2.119591951,0.455077767,0.506511986,0.268109143,1.606455684,-1.712563515,-0.306425095,0.000410726,-0.862302363,0.538999498,-0.940953135,0.802113295,0.769075811,-0.754575372,-5.796947002,-3.265113592,4.327134132,-3.163534880
242,4839.988,1786879745336.433,14533154.368,0.000000000,-0.683461726,-0.862319589,-0.268188447,0.156079918,-0.920776486,-0.172799170,0.067786403,-0.465894789,-0.143093258,2.089549541,1.512304425,-2.125302553,0.427266955,0.477361143,0.194791153,1.676726580,-1.753511071,-0.310305536,-0.001900973,-0.836934566,0.521223247,-0.874431193,0.795142233,0.737788975,-0.731588602,-5.694499016,-3.247438192,4.387728214,-3.181627274
243,4859.989,1786879745356.434,14533174.369,0.000000000,-0.604090869,-0.939183414,-0.316693723,0.156878173,-0.919074237,-0.207159773,0.062086634,-0.438817471,-0.132713735,2.101218939,1.517433524,-2.217096806,0.440337479,0.494079888,0.163898170,1.767840862,-1.704461813,-0.331453383,-0.015801551,-0.780036509,0.514126778,-0.813567996,0.827047825,0.733896613,-0.739719331,-5.545128822,-3.222700596,4.463903427,-3.151837349
244,4879.990,1786879745376.435,14533194.370,0.000000000,-0.586772740,-0.990127027,-0.299495399,0.188622773,-0.918831587,-0.216021895,0.055955268,-0.432879359,-0.160622329,2.134116650,1.587447047,-2.207993984,0.376137853,0.538073421,0.122820541,1.761978149,-1.734673738,-0.330015719,-0.021153839,-0.738217592,0.489165723,-0.782046735,0.791692913,0.709794044,-0.735758781,-5.381818295,-3.232243061,4.567954540,-3.144543886
245,4899.987,1786879745396.432,14533214.367,0.000000000,-0.555225253,-1.018954754,-0.273279130,0.204657525,-0.897139609,-0.240621358,0.077419855,-0.449202865,-0.277274758,2.164747477,1.626332760,-2.342434883,0.314634979,0.588668048,0.117263839,1.847746730,-1.781861663,-0.344640493,-0.029016802,-0.612991869,0.428435743,-0.820960343,0.772363245,0.653346479,-0.756133318,-5.223405838,-3.271634817,4.598714828,-3.061936617
246,4919.986,1786879745416.432,14533234.366,0.000000000,-0.529372573,-1.048800707,-0.249126896,0.194441020,-0.863968074,-0.279389948,0.073923148,-0.456327587,-0.384720236,2.208790541,1.657185435,-2.362790823,0.244102046,0.620099068,0.098378420,1.860951066,-1.815499783,-0.348154247,-0.030802431,-0.600778997,0.383763433,-0.863600194,0.745088398,0.631102741,-0.748404384,-5.078084469,-3.298536301,4.671565056,-3.024722099
247,4939.987,1786879745436.433,14533254.367,0.000000000,-0.526329398,-1.021360397,-0.239236221,0.235882521,-0.870480001,-0.255775511,0.054573841,-0.444399565,-0.422523618,2.300537825,1.701828718,-2.281374216,0.261078060,0.633486569,0.139522061,1.942413688,-1.893587589,-0.337296784,-0.042300731,-0.576963007,0.361064017,-0.720352590,0.791122675,0.562628090,-0.738858581,-4.920708179,-3.321117163,4.712219238,-2.999939442
248,4959.989,1786879745456.434,14533274.369,0.000000000,-0.544767201,-1.025276423,-0.264392912,0.212433010,-0.927340627,-0.237670243,0.039365001,-0.499577135,-0.423409253,2.331260920,1.683481216,-2.320683479,0.395034492,0.567937732,0.095592469,1.970033407,-1.939512968,-0.345127702,-0.060241319,-0.494830877,0.356078088,-0.691970289,0.854747117,0.596771300,-0.776449800,-4.818714619,-3.353354454,4.741898537,-2.911079884
249,4979.985,1786879745476.430,14533294.365,0.000000000,-0.516997337,-1.094306707,-0.235666990,0.239593506,-0.908633053,-0.306133360,0.058358319,-0.488426179,-0.372385740,2.397646666,1.693174720,-2.176957846,0.392354906,0.516093373,0.063056991,1.953130960,-1.948363900,-0.338415265,-0.065989926,-0.493984878,0.343252778,-0.563917756,0.809285581,0.566439927,-0.764527500,-4.679417610,-3.386397600,4.748780251,-2.808225155
250,4999.988,1786879745496.433,14533314.368,0.000000000,-0.514969051,-1.135965824,-0.248156652,0.284928471,-0.875396729,-0.296506971,0.090392865,-0.497146100,-0.317787021,2.527682543,1.599573970,-2.094217539,0.430780828,0.422457039,0.092820704,1.962456822,-1.913163066,-0.326191485,-0.087389566,-0.473025262,0.305976748,-0.507682264,0.791741729,0.541073382,-0.775853515,-4.611808300,-3.448739290,4.733966827,-2.693285227
251,5019.987,1786879745516.432,14533334.367,0.000000000,-0.493250698,-1.105430722,-0.208273798,0.315258175,-0.855880976,-0.338327855,0.090764113,-0.431398898,-0.251857609,2.592991114,1.690274358,-1.880723596,0.415434241,0.458482563,0.081648372,1.960342288,-1.959682107,-0.313682020,-0.109529838,-0.487201214,0.294591069,-0.361414522,0.767827809,0.490285635,-0.760025799,-4.530676365,-3.549155712,4.782936096,-2.643775463
252,5039.993,1786879745536.439,14533354.374,0.000000000,-0.541865647,-1.077723026,-0.124939598,0.340019643,-0.841953874,-0.379925042,0.053964622,-0.376191288,-0.166484386,2.686823130,1.811699271,-1.598938942,0.227770016,0.538161278,0.124124415,1.986635447,-2.010873556,-0.294688523,-0.138511702,-0.481790602,0.241977543,-0.184722677,0.699465752,0.496987194,-0.783002853,-4.423738480,-3.658947706,4.842151165,-2.574561596
253,5059.988,1786879745556.434,14533374.368,0.000000000,-0.464111090,-1.042817950,-0.092404887,0.370832562,-0.850553572,-0.392618924,0.064573504,-0.344879508,-0.101100579,2.807065248,1.929750681,-1.435933828,0.170499668,0.593506217,0.082325593,2.027776003,-2.002995968,-0.266307056,-0.161887392,-0.442063451,0.209593251,-0.090702996,0.663964748,0.476967841,-0.813911796,-4.324827671,-3.802204609,4.816264629,-2.457514763
254,5079.990,1786879745576.435,14533394.370,0.000000000,-0.466086864,-1.083028793,-0.073631525,0.379984438,-0.776189685,-0.404491037,0.054800399,-0.315179348,-0.011275405,2.956067562,1.958010674,-1.475689769,0.088679954,0.662496090,0.034462702,2.055967808,-1.994077325,-0.235328630,-0.190464720,-0.344480366,0.179519579,-0.110013098,0.622137249,0.466483146,-0.840698779,-4.214646339,-3.957319498,4.749584675,-2.348220348
255,5099.988,1786879745596.433,14533414.368,0.000000000,-0.512624204,-1.115590096,-0.018296480,0.446512789,-0.694822669,-0.439463049,0.023899531,-0.235529467,0.085778289,3.177548647,1.973717093,-1.318406701,-0.106744021,0.996957183,-0.121906176,2.101027966,-2.041542768,-0.196257874,-0.223529071,-0.324419349,0.152874306,-0.011833321,0.502632380,0.393128484,-0.835377634,-4.067667007,-4.170453072,4.715243340,-2.264787436
256,5119.993,1786879745616.438,14533434.373,0.000000000,-0.561579108,-1.138649583,0.071996562,0.501647651,-0.635289192,-0.624158740,-0.017963523,0.022549687,0.233153835,3.448042393,1.979215980,-1.080895662,-0.314845324,1.714994431,-0.196216688,2.094713211,-2.097731829,-0.162815943,-0.281566441,-0.266747832,0.126476780,0.214170516,0.469027013,0.359892666,-0.862698913,-3.804868460,-4.404533386,4.745105743,-2.168826342
257,5139.990,1786879745636.435,14533454.370,0.000000000,-0.771329224,-1.115763664,0.163967773,0.583103061,-0.583391964,-0.751400232,-0.177358896,0.324278355,0.232370794,3.712634325,1.903524399,-0.816932142,-0.428012311,2.204857826,-0.457797766,2.043159723,-2.189683437,-0.125124946,-0.292175412,-0.261710525,0.149600148,0.434658498,0.387565553,0.265217453,-0.855559766,-3.546092749,-4.651647568,4.895323753,-2.194365263
258,5159.990,1786879745656.435,14533474.370,0.000000000,-1.350009322,-1.185211897,0.348036706,0.645711899,-0.393307388,-0.971127391,-0.358228832,0.619040370,0.118236981,3.819285631,1.594980121,-0.563661575,-0.539223254,2.086997032,-1.150123239,2.049950600,-2.175092459,-0.083010986,-0.302248478,-0.214399889,0.253885716,0.529459953,0.299643487,0.157528803,-0.875730932,-3.151641130,-4.861747265,5.093865395,-2.322927237
259,5179.989,1786879745676.434,14533494.369,0.000000000,-2.435008526,-0.842100680,0.558001876,0.509295464,0.058563493,-1.247001648,-0.423323244,1.041199565,0.324775189,3.568474531,1.287569404,-0.312628418,-0.917540193,0.034470662,-1.818902850,2.158534050,-2.163750410,0.090361431,-0.397177845,-0.154710308,0.385614991,0.792910278,0.137635797,0.014854511,-0.860098898,-2.747591734,-5.103471756,5.430863857,-2.501571894
260,5199.986,1786879745696.431,14533514.366,0.000000000,-2.764511347,-0.848650157,0.685727715,0.332018405,0.390584350,-1.266236186,-0.209023207,1.059084535,0.381490678,3.173750162,0.979897916,-0.061345112,-1.375752807,-0.549275517,-2.231516361,2.172271013,-2.167107344,0.122402638,-0.348949999,-0.064308412,0.540282845,1.065802097,0.007456276,-0.200420976,-0.898110807,-2.476269007,-5.388274193,5.743696213,-2.788624287
261,5219.987,1786879745716.433,14533534.367,0.000000000,-2.762067795,-1.011526346,0.770398736,0.358710200,0.535387754,-1.032237291,-0.109644733,0.897100925,0.398074508,2.992287874,0.884022593,0.101481169,-1.800015926,-0.590453625,-2.372500896,2.174674988,-2.175556183,0.143890560,-0.215837747,-0.090114921,0.622872412,1.185727358,-0.185679793,-0.296775043,-0.856321335,-2.356692076,-5.612552166,6.001347542,-3.087565899
262,5239.987,1786879745736.432,14533554.367,0.000000000,-2.696694374,-1.184743285,0.889767170,0.311792254,0.576926470,-0.797646999,-0.080178969,0.763929367,0.475652128,2.795940876,1.032959223,0.245627388,-2.269716263,-0.537059665,-2.158159733,2.087736368,-2.116605997,0.168632582,-0.103286341,-0.124804810,0.638204277,1.401536942,-0.314991742,-0.383195549,-0.789478898,-2.267930269,-5.834611893,6.177134514,-3.314654827
263,5259.987,1786879745756.432,14533574.367,0.000000000,-2.648602962,-1.503063321,1.005732417,0.298776537,0.401611328,-0.490597814,-0.066888265,0.379272670,0.636518896,2.469957590,1.507004142,0.328945339,-2.729879856,-0.571707249,-1.831386924,1.971639395,-2.050757647,0.179028288,0.083666481,-0.219687104,0.675384343,1.555572987,-0.384834975,-0.474934667,-0.786676824,-2.290347576,-6.047660351,6.276657581,-3.518347263
264,5279.987,1786879745776.432,14533594.367,0.000000000,-2.532043695,-1.933134079,1.136321783,0.420386165,-0.175089806,0.002573233,-0.128497303,-0.169648319,0.773112595,2.139524937,2.691117287,0.424290299,-3.034939289,-0.542784691,-1.270049214,1.706621051,-1.959092140,0.169840023,0.281258970,-0.349223137,0.740508616,1.638576031,-0.396469384,-0.561297953,-0.693007708,-2.328511477,-6.238176346,6.416524410,-3.692741394
265,5299.988,1786879745796.433,14533614.368,0.000000000,-2.806885242,-1.921794891,1.140440464,0.273638070,-1.064100027,0.368980706,-0.132074326,-0.052864760,0.904146492,1.645071149,4.355007172,0.520735145,-3.279635429,-0.486749887,-0.580232143,1.376271963,-1.712010980,0.077777341,0.107066661,-0.630075395,0.935085237,1.675407648,-0.382925361,-0.644569933,-0.605161548,-2.609370232,-6.490323067,6.757685661,-3.992861271
266,5319.987,1786879745816.433,14533634.367,0.000000000,-3.342651367,-1.653967977,0.815181375,0.148379028,-0.948027730,0.572800100,0.016510820,0.819760799,1.103989124,1.179953575,4.738184929,0.425362527,-3.125684023,-0.300885379,-0.751724064,1.156976819,-1.481838942,-0.045762524,-0.010096537,-0.815517485,1.193510652,1.655655384,-0.266024470,-0.754658043,-0.569855630,-3.043716192,-6.870910168,7.088863850,-4.454033852
267,5339.986,1786879745836.431,14533654.366,0.000000000,-3.799976826,-1.683764458,0.446969867,-0.162934363,-0.343552917,0.367252707,0.138585180,1.443627357,1.134124160,0.702437043,5.074635029,0.241828337,-2.981135607,-0.076116681,-0.968940258,1.196109891,-1.440810084,-0.122041151,-0.063585684,-0.919007480,1.509183168,1.639439821,-0.130876929,-0.979086459,-0.525765359,-3.537333727,-7.077822208,7.451941490,-4.857490063
268,5359.986,1786879745856.432,14533674.367,0.000000000,-3.535855532,-2.227748394,0.497788608,-0.399984479,-0.049748890,-0.564714491,0.480801731,0.016053317,0.906497478,0.376071751,4.399756908,-0.078091040,-2.909810066,0.089575335,-1.176351905,1.213627577,-1.583513379,-0.180323467,0.168124154,-0.989180028,1.761696935,1.430159330,-0.039121624,-1.151864529,-0.454321891,-4.113874912,-7.103130341,7.790068626,-5.256597519
269,5379.987,1786879745876.433,14533694.368,0.000000000,-3.082382917,-2.780996799,0.569920123,-0.565177679,0.148198158,-1.504605889,0.733348489,-1.354133964,0.718397677,0.385598928,4.510580540,-0.243868962,-2.751759529,0.201974556,-1.244193316,1.051241159,-1.863348722,-0.161540493,0.329302251,-1.120195985,1.904226542,1.289784551,0.075924128,-1.263783693,-0.367319196,-4.349316597,-7.064146996,8.153335571,-5.928207874
270,5399.992,1786879745896.437,14533714.372,0.000000000,-2.961206436,-2.908644199,0.599674165,-0.613487959,0.542235494,-2.210303307,0.791500628,-0.938764691,0.433603078,0.570779681,3.643790483,-0.082258791,-2.833633423,0.384597421,-1.665249348,0.609012067,-2.085092068,-0.033319816,0.196999028,-1.231731176,1.778972626,1.402506351,-0.077289239,-1.402282834,-0.427851111,-4.267375469,-6.944317341,8.692723274,-6.654891491
271,5419.990,1786879745916.436,14533734.371,0.000000000,-3.074660063,-2.707399130,0.651278317,-0.398267955,0.864468515,-2.810708284,0.668272853,-0.014537083,0.057042897,0.798083305,2.404925346,-0.119213283,-3.179782867,0.533675432,-2.264333963,0.204156578,-2.376702547,0.103116825,-0.036951765,-1.246725082,1.490854502,1.540583849,-0.283614695,-1.478222013,-0.441146493,-3.924282312,-6.618516922,9.070144653,-7.220764637
272,5439.989,1786879745936.434,14533754.369,0.000000000,-3.197889328,-2.218682766,0.840855658,-0.128038347,0.754072547,-2.558887720,0.463139683,0.493453413,-0.282188475,1.153878808,1.978770494,0.011628050,-3.681279182,0.608392477,-2.710014820,0.047172360,-2.585218668,0.167486802,-0.121576592,-1.280620098,1.089273930,1.823469400,-0.383381486,-1.477134347,-0.413736105,-3.506429434,-6.454023838,9.316743851,-7.539627552
273,5459.989,1786879745956.434,14533774.369,0.000000000,-3.374787807,-1.870155811,1.176413298,0.232371271,0.613093615,-2.021489620,0.270118207,0.722604156,-0.319455236,1.593905210,1.872623801,0.242380396,-4.178672314,0.581049085,-2.883127689,0.204342842,-2.741636992,0.192144677,-0.147455335,-1.219754100,0.688279450,2.181425333,-0.495500058,-1.472615480,-0.407579005,-3.007673264,-6.574027061,9.629834175,-7.767188549
274,5479.989,1786879745976.434,14533794.369,0.000000000,-3.531705856,-1.514223576,1.522389889,0.503466904,0.497145504,-1.801368952,0.180544376,0.749979258,-0.295434803,1.999188662,2.122400284,0.379392177,-4.558313847,0.531479001,-2.800122261,0.589942038,-2.921817541,0.206658259,-0.207308397,-1.083023429,0.308948040,2.405387163,-0.600140929,-1.393136382,-0.434111685,-2.476666212,-6.741507053,10.003532410,-7.955648899
275,5499.989,1786879745996.434,14533814.369,0.000000000,-3.478706360,-1.056768417,1.811729670,0.743285537,0.426063657,-1.952662706,0.104380168,0.372358322,-0.285015643,2.411603212,2.502052307,0.175572559,-4.883075714,0.467218816,-2.522501707,1.116552591,-3.226818323,0.223614469,-0.232015952,-0.824317276,-0.023055270,2.324870110,-0.631086946,-1.233198762,-0.475299150,-1.918027639,-6.879184246,10.156176567,-8.267228127
276,5519.986,1786879746016.431,14533834.366,0.000000000,-3.435734749,-0.667062283,1.981976032,0.802589178,0.411453635,-2.183416128,0.061242796,-0.086123437,0.016416794,2.624711514,2.946097136,-0.168898627,-4.989244938,0.346470058,-2.274903774,1.563045621,-3.539204597,0.233301893,-0.165462509,-0.566540778,-0.247844741,1.974181294,-0.502771318,-1.075457692,-0.513395250,-1.489280701,-7.025041103,10.257042885,-8.853882790
277,5539.989,1786879746036.434,14533854.369,0.000000000,-3.410997391,-0.367024213,1.860438585,0.727518320,0.481470019,-2.303393602,0.064965405,-0.541482806,0.544676900,2.792659044,3.256699562,-0.254018068,-4.978737354,0.028483495,-1.925696850,2.026343822,-4.063776016,0.203952029,-0.081496999,-0.546897590,-0.182814792,1.434161186,-0.092692688,-0.977993667,-0.761904716,-1.492687821,-7.138988018,9.919637680,-9.483311653
278,5559.987,1786879746056.432,14533874.367,0.000000000,-3.586439610,-0.294315100,1.624531865,0.641315699,0.779475033,-1.878656268,0.221754611,-0.634909630,1.007291794,3.015067577,3.246769190,-0.378211796,-4.800199986,-0.244140878,-1.978215814,1.743355632,-4.260711193,0.101254866,-0.029163824,-0.371463746,-0.063384160,1.389234185,0.235427350,-0.927626669,-0.846097648,-1.579082370,-7.515600681,9.546510696,-10.142043114
279,5579.988,1786879746076.433,14533894.368,0.000000000,-3.111631632,-0.178693056,2.025787354,1.917845845,1.494478703,-1.292512894,-0.253135145,0.527801692,2.920356274,3.137716055,0.854949772,0.398541600,-3.744695187,-0.292582095,-1.130167365,1.885747790,-4.263207436,-0.075138971,-0.307528913,0.060362499,0.206199631,1.912320852,0.359589398,-0.877108514,-0.372171134,-1.413559794,-7.849110126,8.117983818,-10.458038330
280,5599.988,1786879746096.433,14533914.368,0.000000000,-2.556095839,-0.037778348,1.689925790,2.292694569,0.941645563,-0.552603126,-0.418882132,-1.253914595,2.670427561,2.851912260,1.773126006,0.442313492,-3.443620920,0.405925810,-0.125338867,2.433912754,-3.314769268,-0.173366830,0.091250151,0.544460118,1.159262776,2.705366373,-0.075385153,-0.664592326,0.071691953,-1.639786124,-7.938489914,6.574812889,-10.426859856
281,5619.988,1786879746116.433,14533934.368,0.000000000,-3.049031496,0.160968602,0.716088593,2.004270315,0.403155595,0.712241948,-0.643560767,-0.190071136,1.089096785,3.539087057,1.136314988,0.520509660,-3.135641336,0.451590776,-1.364080071,2.451732635,-2.680427313,-0.370460927,0.079831451,0.427481711,1.461838007,3.006325006,-0.351438344,-0.148892850,0.204519272,-2.499582529,-8.093600273,5.734965324,-10.386381149
282,5639.991,1786879746136.436,14533954.371,0.000000000,-2.946630478,0.595353603,0.017796606,1.294488907,0.810297787,1.031153202,-0.549194872,-0.118751109,-0.330136925,4.138013840,0.886420548,0.112307206,-3.414660931,0.277921855,-1.379263878,2.400028467,-2.860529423,-0.334595919,0.094328627,0.632903636,1.557868004,2.515258074,-0.451699525,0.060455322,0.300860852,-3.609895468,-8.296201706,5.401198387,-10.682068825
283,5659.987,1786879746156.432,14533974.367,0.000000000,-2.908623219,0.809509456,0.044991776,0.231888950,0.774585068,0.451018542,-0.075835161,-0.601573706,-1.483598828,4.202985287,0.746586621,-0.195293233,-3.660932541,0.102862477,-1.138299227,2.202802181,-3.287683964,-0.164750084,0.280411005,0.800745964,1.592258215,1.225983024,-0.351589710,0.171442658,0.194443479,-4.702183247,-8.189308167,4.639706612,-11.063307762
284,5679.988,1786879746176.433,14533994.368,0.000000000,-2.813079834,1.257815838,0.039348960,0.011341505,0.675593615,0.267760456,0.402755260,-0.632995784,-1.485954523,4.312914371,0.472335935,-0.217155784,-4.027760029,-0.026310444,-0.921160579,1.799746633,-3.615998507,-0.020298526,0.216069221,0.891261041,1.732964277,0.172048181,-0.360296965,0.400885433,0.059436493,-6.291325569,-8.361766815,4.251258850,-11.876473427
285,5699.984,1786879746196.429,14534014.364,0.000000000,-3.540116072,1.667272687,0.533921778,-0.113935255,0.623881161,-0.564115703,0.508281589,-0.502979875,-1.896225572,4.057100773,0.310801387,0.125287026,-4.315405369,-0.245230511,-0.390775084,2.070939541,-3.430526018,-0.066508040,0.431806713,1.042393446,2.003894567,0.110984892,-0.085555941,0.293021709,-0.125657693,-7.494839668,-8.540376663,4.394299507,-12.852643013
286,5719.986,1786879746216.431,14534034.366,0.000000000,-3.367072344,0.874307394,1.440063000,-0.021554522,0.435868979,-1.963554978,0.004541313,-0.150442034,-2.292410612,3.685474634,0.058682613,0.117185518,-4.422044754,-0.298356831,2.142765045,1.872791529,-3.260814428,-0.036071107,0.923210680,1.159324169,1.823872328,0.236013442,0.002798083,0.135298401,-0.409972727,-7.905134201,-8.094015121,4.260952473,-13.219684601
287,5739.987,1786879746236.432,14534054.367,0.000000000,-3.023907185,0.130290151,1.291903734,0.255295306,0.120828487,-2.074522018,-0.225499719,0.137675643,-2.325016022,3.224364519,-0.068997271,-0.226033404,-4.518793106,-0.143980041,3.318948269,1.474235892,-3.056132555,-0.128720567,0.857852161,1.023218274,1.481476307,-0.003611293,-0.147465080,0.173078984,-0.378206462,-8.289390564,-7.037923336,4.143404007,-13.193421364
288,5759.990,1786879746256.435,14534074.370,0.000000000,-2.824225903,-0.153666019,0.633094549,0.111195512,0.175540239,-1.557999730,-0.202612907,0.080081314,-1.598510146,3.000832081,0.592200339,-0.612520218,-4.206511974,-0.037637129,3.863255262,1.388886333,-3.249394178,-0.146829888,0.895929039,0.826223433,1.018505454,-0.174952000,-0.539243817,0.424834639,-0.519077718,-8.639851570,-6.221379757,4.472707748,-13.505751610
289,5779.991,1786879746276.436,14534094.371,0.000000000,-2.632307053,-0.044246674,0.189056918,-0.010186337,0.330151349,-1.142363071,0.126338869,-0.141943663,-0.835662186,2.887460232,1.271990061,-1.001043797,-4.198413849,-0.185310438,4.164518833,1.356303811,-3.382991076,-0.152851030,0.932071745,0.775602162,0.723512292,-0.485294372,-0.803910255,0.539084196,-0.768130183,-8.997090340,-5.717065334,4.698650360,-13.433944702
290,5799.991,1786879746296.436,14534114.371,0.000000000,-2.711459637,0.322379470,-0.372614026,-0.292873234,0.516355574,-0.745107889,0.296169966,-0.236757547,-0.367872119,2.900098562,1.680418611,-1.233884692,-3.711065292,-0.332141280,4.478005886,1.513085008,-3.459408045,-0.054619595,0.998947084,0.773059130,0.805400133,-0.666775823,-0.608707845,0.647188246,-0.847202957,-9.068943977,-5.375655651,4.658679008,-13.254568100
291,5819.991,1786879746316.436,14534134.371,0.000000000,-3.157639027,0.626972675,-0.226601437,-0.365530521,0.507565498,-0.630287766,0.573269784,-0.026928546,0.051021531,3.024976015,1.811321855,-1.259399056,-3.503007650,-0.543392420,4.660429955,2.003602028,-3.557801962,-0.027729079,0.931552529,0.869075000,1.038530469,-0.404128343,-0.205011562,0.751547456,-0.828925967,-8.864525795,-5.599701881,4.779282570,-13.182744980
292,5839.992,1786879746336.437,14534154.372,0.000000000,-3.591766357,0.894661546,-0.128371254,-0.414967626,0.767453849,-0.382276803,0.644291759,0.203313425,0.161459818,3.061825991,1.691471219,-1.045744061,-3.252753496,-0.654161513,4.701352119,2.549763918,-3.671609402,0.057563677,0.947001934,0.987195194,1.262888789,0.083335370,0.283166081,0.854680955,-0.746451914,-8.476452827,-6.140612125,5.005154610,-13.314562798
293,5859.989,1786879746356.435,14534174.370,0.000000000,-3.958139420,1.385274529,-0.367625892,-0.398614436,1.173684478,0.131988540,0.310695231,0.551820993,0.134504929,2.936565876,1.888792872,-0.848462224,-3.074027061,-0.586912394,4.703873634,3.050734758,-3.730014801,0.169467524,1.101618409,1.101544619,1.434122086,0.436018080,0.809321463,1.064180255,-0.653017461,-8.071948051,-6.978579044,5.423223495,-13.442683220
294,5879.992,1786879746376.437,14534194.372,0.000000000,-3.847889423,1.947835445,-1.432616472,0.411024183,1.330649495,1.623590112,-0.912225425,1.477004528,0.259442300,3.020857573,4.592192173,-0.770317078,-2.521334648,-0.210489824,3.278706312,3.393262625,-3.618969202,0.125443712,1.036688924,1.167519808,1.919120550,0.653977394,1.488342762,1.135070443,-0.528260708,-7.365233898,-7.971668720,5.836237907,-13.558669090
295,5899.989,1786879746396.434,14534214.369,0.000000000,-3.749505043,1.869796038,-2.245144367,0.748956919,0.706732750,2.011247396,-1.557246923,1.291927218,1.512076497,3.222170353,5.960840702,-0.784531713,-2.143621445,-0.459336460,0.366797268,4.194169521,-3.401645899,0.018793836,0.499815345,1.166667581,2.771859884,0.205988035,1.974828124,1.287900090,-0.643864989,-6.493472099,-8.974344254,5.729903221,-14.203647614
296,5919.989,1786879746416.434,14534234.369,0.000000000,-3.116856575,1.202445149,-1.509341240,1.108247042,0.114130355,1.910402417,-0.891279161,0.523697019,2.028271198,2.419240236,5.273808956,-0.652457118,-2.198745728,0.101825282,-0.484445155,4.415598869,-3.617618322,-0.281792819,0.407815844,1.307478666,3.313267469,-0.040561166,2.256434679,1.492115140,-0.809673250,-5.941202164,-9.647845268,5.263489723,-14.988970757
297,5939.986,1786879746436.431,14534254.366,0.000000000,-2.688652515,0.584348559,-0.960397720,1.074149966,0.082510568,2.048740625,-0.637004554,-0.030803712,2.049473524,2.386599064,5.008764744,-0.315183461,-2.309759855,0.368416786,-0.754293799,4.288685799,-3.548282862,-0.354135036,0.457585126,1.746342182,3.500972509,-0.002403710,2.494840622,1.644271970,-0.833432436,-5.436030865,-10.214476585,4.897124290,-15.510079384
298,5959.990,1786879746456.435,14534274.370,0.000000000,-2.447493553,0.669546664,-0.661303937,1.364959121,-0.106463812,1.966640830,-1.055771470,-0.083066553,1.692124486,2.227107525,4.915419102,-0.189532295,-2.628319263,0.874516308,-0.738360822,4.041986942,-3.354706049,-0.477660656,0.445100009,2.228952408,3.357209921,0.177050576,2.396614790,1.919995785,-0.924798310,-4.813800812,-10.874984741,4.534698486,-15.734461784
299,5979.986,1786879746476.431,14534294.366,0.000000000,-2.385785341,0.792022586,-0.846715033,1.312753201,-0.376080602,1.837877154,-1.380764961,0.328156143,1.325721622,2.303902864,4.723366737,-0.040711533,-2.772840500,0.859016776,-0.670470417,3.363945961,-3.264270544,-0.460211575,0.410538703,2.460087538,3.205180168,0.584901869,2.329418898,2.111794472,-1.055976629,-4.102946281,-11.150389671,4.103743553,-15.735011101
300,5999.986,1786879746496.431,14534314.366,0.000000000,-2.421399117,0.845271707,-1.318953753,1.067733765,-0.634615660,1.917475820,-1.963606954,1.088730693,0.342604965,2.631037712,4.247536182,0.200224087,-2.757609844,0.963095784,-0.604991794,2.536601782,-3.147615194,-0.563791275,0.406900674,2.527765751,3.020398378,0.509382963,2.309947014,2.289388657,-1.227092862,-3.761547327,-11.257740974,3.761809587,-15.606419563
301,6019.986,1786879746516.431,14534334.366,0.000000000,-2.400651932,0.820213079,-1.896867871,0.938656509,-1.099111795,1.006082296,-2.289391756,1.578869462,-0.476380229,3.052706480,3.632105827,0.261354029,-2.722926617,1.021035910,-0.550272226,2.043240309,-3.012697458,-0.610086143,0.417432785,2.489581347,2.975490808,0.680006623,2.268105268,2.423218489,-1.382624149,-3.466206312,-11.540542603,3.893400192,-15.378786087
302,6039.984,1786879746536.429,14534354.364,0.000000000,-2.392881870,0.885086954,-2.591445446,0.915784180,-1.515453935,-0.350193232,-2.464098692,1.607277274,-0.347080171,3.276473761,2.768977404,0.245831504,-2.441115618,1.100828648,-0.306923926,1.741114378,-3.339486122,-0.485610783,0.497831821,2.384973288,2.943460703,1.081987143,2.432253122,2.581071615,-1.544018626,-2.960917711,-11.593206406,4.011908531,-15.331512451
303,6059.987,1786879746556.432,14534374.367,0.000000000,-2.696857214,0.940933228,-3.183834791,0.844655871,-1.493320346,-1.108823419,-2.802031755,1.330107093,-0.191433862,4.093218803,2.234272242,0.113207623,-2.016659260,0.643183887,-0.126953974,1.674203634,-3.545609236,-0.145407662,0.623645961,2.365350485,2.906598330,1.309950352,2.546101570,2.720563173,-1.573953867,-2.241119385,-11.745519638,3.840934992,-15.419544220
304,6079.987,1786879746576.432,14534394.367,0.000000000,-3.013593197,0.887589574,-3.561660767,0.716304541,-1.381681323,-1.348272204,-2.888074636,1.188000202,-0.043374196,4.940676689,1.935126662,0.206267342,-1.777581811,0.337493241,-0.003457651,1.703422189,-3.756858587,0.192520097,0.720915675,2.345569134,2.971138239,1.423178554,2.523076534,2.919069529,-1.507255912,-1.094605446,-11.573930740,3.890249968,-15.640277863
305,6099.995,1786879746596.440,14534414.375,0.000000000,-3.587103605,0.535855174,-3.840757132,0.415878624,-1.267246485,-2.236334562,-2.825828314,0.671194017,-0.034814924,5.056026936,1.557147384,0.493353367,-1.393771291,0.279772580,0.116762474,1.577859640,-3.648050785,0.287719369,0.773744404,2.413601160,3.035184145,1.549186468,2.368487835,2.927737236,-1.293472171,0.415639520,-11.414678574,4.479341507,-16.615871429
306,6119.991,1786879746616.436,14534434.371,0.000000000,-3.986220837,0.344750404,-3.565097332,0.207996100,-1.374741554,-2.751786709,-2.739358187,0.224161536,-0.206342310,4.746961117,1.363301516,1.162709713,-1.178470731,0.324311793,0.130934194,1.626088262,-3.323463678,0.251260817,0.812409937,2.495802164,3.093946934,1.457605124,2.233425379,2.798635483,-1.120538354,1.806804657,-11.279391289,5.349267960,-17.657358170
307,6139.987,1786879746636.432,14534454.367,0.000000000,-4.288463593,0.274079680,-3.716384172,-0.205984712,-1.236220241,-2.291873455,-2.568813086,-0.295400113,-0.559218228,4.569016457,1.238936305,1.918104768,-1.102908015,0.140585318,-0.064767823,1.730201244,-2.935462236,0.163480535,0.924526453,2.707763433,3.028649092,1.269324541,2.032440424,2.543337584,-1.033304811,3.140237570,-11.272349358,6.329674721,-18.698993683
308,6159.989,1786879746656.434,14534474.369,0.000000000,-4.525223732,0.118573308,-3.858373880,-0.662712693,-1.135383368,-1.745943069,-2.270969629,-0.506082714,-0.559561431,4.418837070,0.998007417,2.483572006,-1.166344643,-0.092322990,-0.339227378,2.001190901,-2.683374643,0.040403679,0.944864452,3.039253712,2.897222281,1.002764702,1.962563992,2.325935125,-1.146485806,4.069122314,-11.202173233,7.019088268,-19.595779419
309,6179.990,1786879746676.435,14534494.370,0.000000000,-4.744678974,-0.241431355,-3.712701559,-0.901978970,-1.332762003,-1.412691116,-2.328601360,-0.173227161,-0.162730694,3.788392305,0.802604973,2.842194796,-1.221723199,-0.134672180,-0.485268354,2.590337753,-2.351298809,-0.146505937,0.844798982,3.387275696,2.905413389,0.684746087,2.104911804,1.929427743,-1.367624879,4.516191959,-10.899917603,7.073474407,-20.160068512
310,6199.990,1786879746696.435,14534514.370,0.000000000,-4.876064301,-0.522922337,-3.853893042,-1.252125621,-1.298529863,-1.400507331,-2.247584581,-0.161688417,0.341329604,2.916135311,0.603792250,2.935012579,-1.160812259,-0.074171111,-0.515255988,3.422636986,-1.866318107,-0.344085097,0.713846028,3.557873726,2.947744131,0.197831243,1.964695215,1.635581613,-1.584220290,4.374526978,-10.515795708,6.425043106,-20.532995224
311,6219.989,1786879746716.434,14534534.369,0.000000000,-5.118775368,-1.003681421,-3.487808943,-1.360772848,-1.188849688,-1.798710942,-2.352000475,-0.278553754,0.687223613,1.816883445,0.687773883,3.029938221,-0.980487108,0.028032616,-0.396096110,4.343139648,-1.331457257,-0.632972002,0.539563537,3.717805624,2.795128345,-0.088283569,1.840452909,1.375904202,-1.780865431,3.756980181,-10.139568329,5.672838211,-20.160848618
312,6239.989,1786879746736.434,14534554.369,0.000000000,-5.047952652,-1.273683071,-3.152922392,-1.355693102,-1.171292424,-1.877727985,-2.456911087,-0.231949151,0.913813829,1.521286130,0.741227686,2.918539047,-0.834825814,0.014173448,-0.379146695,4.527277470,-0.971511304,-0.768687367,0.479214877,3.801656961,2.558933020,-0.034385171,1.695282459,1.229116082,-1.927945375,3.158876181,-9.682291985,5.053782463,-19.388561249
313,6259.990,1786879746756.435,14534574.370,0.000000000,-4.944278240,-1.438728094,-2.504040241,-1.251141191,-1.144596100,-2.014408112,-2.612794161,-0.174137563,0.826168835,1.103073716,0.904964745,2.942165613,-0.471563816,0.182670310,-0.312529862,4.128440857,-0.382185996,-0.914355695,0.420556426,3.579141855,2.465132952,0.111707687,1.507178783,1.114407301,-1.978614450,2.789839506,-9.157443047,4.700266838,-18.376169205
314,6279.992,1786879746776.437,14534594.372,0.000000000,-4.735467911,-1.754719615,-2.064029694,-1.209760070,-0.834879160,-2.103669167,-2.401143312,-0.313963324,0.260593504,0.945807278,1.011353612,3.228710890,-0.009706065,0.438877523,-0.407932878,3.406793594,0.087350480,-0.943578780,0.324472129,3.291061878,2.399717093,-0.054281022,1.352915287,1.095621824,-2.013962269,2.851767302,-8.346594810,5.004328728,-17.453971863
315,6299.990,1786879746796.435,14534614.370,0.000000000,-4.289138317,-1.983820319,-1.843531370,-1.150181293,-0.701149344,-1.985503316,-1.769078970,-0.204628736,-0.112375826,1.617669940,0.587547839,3.492652178,0.164460093,0.233391553,-0.779251218,2.609836340,0.136690661,-0.681339085,0.250624776,2.955245256,2.275353193,0.031240765,1.354236841,1.027005315,-1.905536652,3.207926512,-7.338255405,5.818040848,-16.482433319
316,6319.990,1786879746816.435,14534634.370,0.000000000,-3.891674519,-2.271161079,-1.832513928,-1.062542439,-0.686373591,-1.698497653,-1.219763517,0.046333164,-0.119604900,2.101936579,0.349307120,3.614534616,0.314990282,0.297373801,-0.793167233,1.808504939,0.115379147,-0.511202931,0.267148912,2.734658241,2.188773870,0.283335716,1.204220533,0.983194828,-1.775027037,3.517953634,-5.911376476,6.327576160,-15.315244675
317,6339.985,1786879746836.431,14534654.366,0.000000000,-3.605209351,-2.558319330,-1.871814728,-0.899770617,-0.676101744,-1.713719964,-0.869498849,0.250035137,-0.272566170,2.013683796,0.308585882,3.568215609,0.542379677,0.521482408,-0.773194373,1.389900923,0.094081424,-0.445619643,0.270526677,2.667559385,2.095030546,0.397755682,1.016977072,0.865136087,-1.608167410,3.619173050,-4.376365185,6.737862110,-14.118801117
318,6359.988,1786879746856.433,14534674.368,0.000000000,-3.538896561,-2.635823011,-1.674835682,-0.594807863,-0.648742855,-1.957148910,-0.918677926,0.390141636,-0.114380121,1.702613592,0.549083054,3.509558201,0.753401160,0.572256863,-0.646135688,1.324878931,0.117345385,-0.381000996,0.322197527,2.622985601,1.945572138,0.547754705,0.876413345,0.819886446,-1.504043102,3.451622009,-2.888780594,6.996807098,-12.771639824
319,6379.990,1786879746876.435,14534694.370,0.000000000,-3.343102694,-2.654530287,-1.394739389,-0.303109437,-0.613778949,-2.155133963,-0.870789230,0.511521637,-0.362609237,1.477435470,0.856869996,3.421116114,0.924649835,0.707972050,-0.470564127,1.313277483,0.087056272,-0.282689929,0.357503384,2.519382954,1.785812259,0.452316135,0.761306405,0.743887246,-1.329673052,2.943329334,-1.596313953,7.032935619,-11.176383972
320,6399.992,1786879746896.437,14534714.372,0.000000000,-3.270232677,-2.609819412,-1.247149229,-0.120599069,-0.670724571,-2.227858782,-0.873002470,0.488075227,-0.458330601,1.339117169,1.130610824,3.344304323,0.930541635,0.716835380,-0.365195453,1.393668413,0.087654583,-0.237582728,0.366780877,2.397121906,1.699354410,0.323593646,0.559038460,0.739507735,-1.287434578,2.425319195,-0.712823212,6.789571762,-9.906456947
321,6419.992,1786879746916.438,14534734.373,0.000000000,-3.051120758,-2.636455059,-1.158096313,-0.095477879,-0.708264649,-1.854837298,-0.815479219,0.441897541,-0.540333688,1.361256719,1.158188224,3.158386230,0.697976172,0.605982244,-0.296544254,1.412721992,0.060148183,-0.220683441,0.333097398,2.237380743,1.637855291,0.191480577,0.304391176,0.789868593,-1.269742012,1.818801880,-0.190574199,6.427491188,-8.892988205
322,6439.990,1786879746936.435,14534754.370,0.000000000,-3.055737972,-2.589785099,-1.278283119,-0.198549986,-0.662798703,-1.257815957,-0.818088949,0.328693360,-0.780034661,1.242230654,1.184826493,2.895991564,0.460866213,0.552846014,-0.142945424,1.595116615,0.103544153,-0.216183528,0.326543629,2.194948435,1.698749542,-0.195446372,-0.035539526,0.910888553,-1.357628107,0.972351193,0.082340926,5.992823124,-8.304461479
323,6459.992,1786879746956.437,14534774.372,0.000000000,-3.197654009,-2.467932701,-1.710058451,-0.358822703,-0.595534623,-0.847265363,-0.754996955,0.152547121,-1.220262647,1.206375480,1.199280262,2.454400063,0.251925707,0.391508222,0.008169681,2.149764299,0.210957527,-0.242926642,0.337908477,2.248786449,1.931756616,-0.723494112,-0.264926374,1.012398124,-1.491194725,0.133450642,0.120409697,5.779393196,-8.122563362
324,6479.992,1786879746976.437,14534794.372,0.000000000,-3.014768600,-2.319326878,-2.106595039,-0.336146742,-0.571442068,-0.679953456,-0.647591889,0.174817950,-2.035132647,1.483592391,1.218780160,2.004115343,0.172912359,0.311588526,0.124583706,2.453925133,0.336548090,-0.239317104,0.335973114,2.165498018,2.138822794,-1.163431048,-0.534367621,0.997909606,-1.490793943,-0.559947670,0.039653510,5.652471066,-7.906799793
325,6499.993,1786879746996.438,14534814.373,0.000000000,-2.867483854,-2.360108852,-2.219048023,-0.177025527,-0.559601009,-0.704390645,-0.574450433,0.192567557,-2.604744196,1.471761942,1.298931479,1.679466844,0.199750111,0.452669501,0.204486981,2.478024006,0.419489533,-0.191988871,0.347101748,2.058718920,2.292283297,-1.247178793,-0.722403705,0.903942227,-1.399400711,-0.994020045,0.158431262,5.576848984,-7.350584507
326,6519.992,1786879747016.437,14534834.372,0.000000000,-2.663373232,-2.365216494,-2.019696712,-0.039564736,-0.515634894,-0.568799973,-0.475335091,0.119759530,-2.723055601,1.514220357,1.468883634,1.449618936,0.221246287,0.538118780,0.246485040,2.509678364,0.298698723,-0.218080565,0.347756296,1.941709995,2.307488680,-1.088719010,-0.777136505,0.753596127,-1.252067208,-1.179192066,0.609452486,5.622256756,-6.828663349
327,6539.991,1786879747036.436,14534854.371,0.000000000,-2.756860256,-2.386177063,-2.078277588,0.147101045,-0.510721266,-0.460375100,-0.501841486,0.095310956,-2.673454046,1.372723937,1.798088789,1.217462659,0.373731613,0.487658739,0.199893236,2.893469095,0.440105796,-0.274551511,0.409980685,1.773308277,2.387997627,-0.794228017,-0.780545175,0.565905213,-1.190544486,-0.996527612,1.000307798,5.955398560,-6.811749935
328,6559.990,1786879747056.435,14534874.370,0.000000000,-2.806072950,-2.402881622,-2.258347273,0.303725064,-0.526099503,-0.476063401,-0.662191689,0.162492424,-2.250225067,1.180577517,1.899054646,1.174407363,0.467503786,0.300915867,0.078721553,3.040952444,0.646663368,-0.361086667,0.453035176,1.768046379,2.448014975,-0.772311091,-0.782991588,0.416850358,-1.204813123,-0.495031148,1.427164793,6.112708092,-7.078785419
329,6579.987,1786879747076.432,14534894.367,0.000000000,-2.809051275,-2.424968719,-2.148181438,0.313567787,-0.525634050,-0.499722749,-0.912316501,0.277642101,-2.127151012,0.936473727,1.991854429,1.156871676,0.610529184,0.146375850,-0.058300063,3.414040327,0.715731323,-0.398528218,0.424220532,1.757703066,2.384034872,-0.693795741,-0.617015958,0.418617696,-1.238137960,-0.162131771,1.654496193,6.242826939,-7.429118156
330,6599.987,1786879747096.433,14534914.367,0.000000000,-2.783032656,-2.394457340,-2.229882717,0.146532953,-0.616536021,-0.399216026,-0.997171223,0.226744384,-2.103271723,0.779899478,1.908663154,1.120128989,0.747169733,0.031838611,-0.077465221,3.457026005,0.762048960,-0.444029629,0.428233027,1.701173544,2.275714159,-1.083379984,-0.560200810,0.494188368,-1.285778403,0.005979199,1.922550917,6.253339291,-7.865808964
331,6619.985,1786879747116.430,14534934.365,0.000000000,-2.644415617,-2.414407253,-2.128681898,0.118250675,-0.608076096,-0.252255887,-1.038199306,0.225832194,-2.242500067,0.743423700,1.817739606,1.015905499,0.590947330,-0.039589137,-0.023269966,3.421108007,0.698534429,-0.471515536,0.396641403,1.636261463,2.126204491,-1.287933469,-0.493328720,0.606245875,-1.251725197,-0.187693164,2.118707895,6.147170067,-8.116139412
332,6639.985,1786879747136.430,14534954.365,0.000000000,-2.538951874,-2.300457001,-2.188889265,0.047339834,-0.671145558,-0.106296301,-1.080656171,0.202714533,-2.571512938,0.730885029,1.693192482,0.937480867,0.477936268,-0.104539290,0.009634033,3.285634756,0.703177392,-0.493661404,0.418939441,1.535583138,2.036404610,-1.580817580,-0.501823127,0.745686352,-1.199087024,-0.325870425,2.258489609,5.903276443,-8.302453041
333,6659.985,1786879747156.430,14534974.366,0.000000000,-2.428965330,-2.109017372,-2.416404486,0.082829736,-0.747252226,-0.038970333,-1.038882136,0.151848018,-2.635078192,0.704040408,1.541671157,0.875530005,0.310777664,-0.129217818,-0.005061105,3.132722616,0.764458835,-0.561661899,0.456797093,1.401162267,2.032404900,-1.790683866,-0.539451301,0.877981365,-1.111418366,-0.494864523,2.274467230,5.755753994,-8.432473183
334,6679.984,1786879747176.430,14534994.365,0.000000000,-2.247285366,-2.127395630,-2.722269058,0.070286818,-0.774841607,0.069453806,-1.037551761,0.070302367,-2.640248060,0.829824448,1.379901767,0.824555278,0.330153048,-0.152340159,-0.023750499,2.925311089,0.831443965,-0.560495377,0.481925249,1.348419309,2.097231388,-2.065188885,-0.481518120,1.022056699,-1.029325604,-0.585861325,2.377077341,5.614928246,-8.503935814
335,6699.988,1786879747196.433,14535014.368,0.000000000,-2.032254457,-2.070252180,-2.914485216,0.062753491,-0.848352551,0.004004221,-1.145640016,0.023193894,-2.603420019,0.920185804,1.202538371,0.940079808,0.375329971,-0.183903202,-0.069086492,2.709854126,0.927067041,-0.586684823,0.503336906,1.262282848,2.255843163,-2.272507668,-0.455966741,1.151545882,-0.977710962,-0.636685610,2.324186563,5.558204651,-8.495504379
336,6719.989,1786879747216.434,14535034.369,0.000000000,-1.061661005,-2.692181587,1.629263401,0.941969693,0.885705948,-1.021609306,-0.425824195,-0.297840863,-0.606057823,2.369331598,1.781036019,1.420902729,-1.358180642,-0.108022645,0.651301980,0.743294179,-1.311751246,-0.581626713,0.243061885,1.883335710,0.517315745,1.006876111,0.570413053,0.475888997,-0.763455927,0.267838329,2.063915014,5.412857533,-6.378436565
337,6739.987,1786879747236.433,14535054.367,0.000000000,-0.166567683,-3.041124582,2.640078545,-0.127921045,0.756938577,-1.843379617,0.105882622,0.117572308,1.219405293,2.594886541,-0.564739406,1.189974427,-1.590373635,-0.337739468,1.907320738,-0.152345598,-1.549834132,-0.403225303,-0.399801046,1.954119802,-0.247233495,2.165926695,1.397354245,0.752159715,-1.024676919,0.455064684,1.025596023,4.153017044,-4.579913616
338,6759.987,1786879747256.432,14535074.367,0.000000000,-1.208323359,-2.106836796,2.010021925,-0.728143394,0.890373826,-1.798503637,0.058411874,0.241238028,1.840611815,1.535013676,-0.359679252,1.053445697,-1.562811732,-0.029134586,1.500271797,-0.358516276,-0.652846277,-0.300788999,-0.425645590,2.021535873,-0.363259315,1.570495486,1.322782636,1.041625977,-1.159544230,0.152404413,0.409247786,3.156415939,-3.622739792
339,6779.989,1786879747276.435,14535094.370,0.000000000,-1.448961139,-1.130885601,1.830524325,-0.539635062,0.813124537,-0.573734164,-0.311453432,-0.091362454,1.550079226,1.212611318,0.023399718,0.617113471,-2.088131905,0.297305137,0.899091065,-0.167024672,-0.236186907,-0.393542528,-0.372298002,2.036682129,-0.253552914,0.111888945,1.306837797,1.381371140,-1.092134237,-0.468019247,-0.284362704,2.758381605,-3.271521807
340,6799.986,1786879747296.431,14535114.366,0.000000000,-1.211772561,-0.595674872,2.152015448,-0.255907208,0.680461943,0.566730976,-0.784711421,-0.142526373,0.879892230,1.062782168,0.182004154,0.118297920,-2.358670235,0.607315660,0.186120182,-0.368091226,0.129759222,-0.664865851,-0.494790763,1.673430443,-0.230649188,-1.340807199,1.132834435,1.732889056,-1.124244928,-0.744427323,-1.123191118,2.559886694,-3.533958912
341,6819.987,1786879747316.432,14535134.367,0.000000000,-0.642869055,-0.251698911,2.939124107,-0.216574371,-0.049932681,1.062885284,-0.718970180,0.458403200,-0.167795748,0.658251405,0.387943387,-0.239953592,-2.314525604,0.984288216,-0.486290097,-1.097652793,0.245341972,-0.954467595,-0.883159816,0.952917755,0.150778726,-2.610700369,0.604576409,1.893612504,-0.795826733,-0.589420319,-1.531950712,1.690942764,-3.467269421
342,6839.987,1786879747336.432,14535154.367,0.000000000,1.067901134,-0.981495023,1.834985733,-0.177593708,0.430736631,1.912284851,-0.230659753,0.851038039,-2.138490438,0.126609117,0.106675245,-1.098837972,-1.786508441,2.284891844,-1.104663491,-1.096040964,0.276405931,-1.174674988,-1.126691818,-0.056954611,0.486148536,-4.186732769,0.263811201,1.722669840,-0.503636181,-0.534325242,-2.267754316,0.840557218,-3.163173914
343,6859.997,1786879747356.442,14535174.377,0.000000000,1.739596009,-0.959733188,1.743284464,-0.614140630,0.278069705,1.187098265,0.369499922,1.454739809,-3.072584867,0.614114583,-0.135742217,-1.361122489,-1.591399908,3.126991749,-0.760623932,-0.747647047,0.378431857,-0.984634042,-0.808065474,-0.720772326,0.411214888,-5.239536762,0.356122226,1.411098599,-0.406315714,-0.667603612,-3.145659447,0.397507399,-2.962954521
344,6879.992,1786879747376.438,14535194.372,0.000000000,1.709916830,-0.596199453,1.316982031,-1.464225769,0.490883499,0.304077774,0.525075555,2.260577917,-2.705579996,0.950016618,-1.495714784,-1.876224756,-1.523626089,3.360387802,0.585453391,-0.446473479,0.009983739,-0.880588531,-0.607548654,-0.655259788,0.142993852,-5.509714603,0.930527151,1.045977116,-0.474325269,-0.876187563,-4.106864929,0.946825564,-2.506969213
345,6899.992,1786879747396.437,14535214.372,0.000000000,1.622891068,-0.338504642,0.974464178,-1.861711740,0.761085033,0.464808553,0.660933554,2.677168369,-2.959775686,1.047199011,-1.851469874,-1.983392596,-1.515936136,3.828937531,1.544997334,-0.388873190,-0.534050524,-0.944364190,-0.545343757,-0.692532182,-0.179649815,-5.402155876,1.071203470,0.804139912,-0.703586280,-0.610092938,-4.828892708,1.446099281,-1.822276950
346,6919.995,1786879747416.440,14535234.375,0.000000000,1.368037581,0.130919546,0.841880560,-1.687287211,0.685905576,0.478278279,0.621068954,2.550826550,-3.367400408,1.198783278,-1.134226084,-1.710600376,-2.021750689,4.088699341,1.299215078,-0.418764949,-1.266223788,-1.210816741,-0.426187038,-0.595318854,-0.453087807,-5.102831841,0.812002242,0.532807052,-0.907780349,-0.417467028,-5.126110554,1.763920784,-1.664759874
347,6939.990,1786879747436.435,14535254.370,0.000000000,0.511684597,0.619115233,1.405723333,-1.050803065,0.373529166,-0.086936325,-0.049901031,1.811068654,-3.581460714,1.061210990,0.433967501,-1.104009151,-2.285267115,3.478596926,0.144699499,-0.591997564,-1.628045321,-1.314482093,-0.259286940,-0.522439480,-0.647372663,-4.817015171,0.461643308,0.301862806,-1.044106483,-0.119672060,-5.064946651,1.585006952,-1.809181571
348,6959.989,1786879747456.434,14535274.369,0.000000000,-0.822966337,0.829411864,2.865604639,-0.496802151,-0.092850365,-0.550519466,-0.999767542,1.489064574,-2.723084211,0.710393786,1.935788155,-0.153580904,-2.515996933,1.038438082,0.279994786,-1.019451618,-1.612432718,-0.909715652,-0.205665961,-0.459742337,-0.619045258,-4.463167667,0.173028111,0.282062083,-0.816597641,0.099397108,-4.807297707,1.479454041,-1.663858771
349,6979.993,1786879747476.438,14535294.373,0.000000000,-1.485980153,0.611338139,3.632079601,0.111465067,-0.247098893,-0.789604068,-1.235607505,0.562099874,-1.903050780,0.717186451,1.902970791,0.445465267,-2.731446266,0.037751690,0.770145416,-1.339300394,-1.547289729,-0.457910955,-0.088696137,-0.551931798,-0.338333428,-3.842363119,-0.084195971,0.209449828,-0.497467428,0.413408905,-4.574836254,1.526409626,-1.425216317
350,6999.992,1786879747496.437,14535314.372,0.000000000,-1.413351893,0.471659869,3.599575758,-0.186890125,-0.328004539,-0.581243992,-1.079294205,0.678574800,-1.040444255,0.694227815,1.201736331,0.317804575,-2.980285645,-0.179814741,1.164015889,-1.444306493,-1.475287557,-0.313912392,-0.212462470,-0.680207551,-0.087011829,-3.498376846,-0.075640574,0.200968266,-0.340930790,0.997359753,-4.505132198,1.955527544,-1.509122729
351,7019.990,1786879747516.436,14535334.371,0.000000000,-0.942721546,0.760441661,2.606908321,-0.940276861,-0.618033350,0.438167244,-0.553639472,3.383507490,-1.022111177,0.346156895,-0.141493469,-0.438026845,-2.628153324,-0.048760265,1.921974063,-1.471703768,-1.277555466,-0.467488945,-1.109727025,-0.875696182,-0.062428012,-3.156418562,0.109259039,0.140953779,-0.262094706,1.557169914,-4.751684189,2.425090551,-0.985744596
352,7039.988,1786879747536.433,14535354.368,0.000000000,-0.405241400,0.794824481,2.520713329,-0.970929503,-0.789696693,1.277461529,-0.053558268,4.298530579,-1.084802747,0.155861169,-0.884277523,-0.756459534,-2.445212364,0.233521119,2.457867622,-1.737972140,-0.929122925,-0.586350441,-1.418649197,-0.991318405,-0.070880696,-2.905933142,0.249545395,-0.043712944,-0.359349847,1.815141201,-4.912901878,2.914232492,0.003260426
353,7059.989,1786879747556.434,14535374.369,0.000000000,-0.851695120,1.346549511,1.303890467,-1.003449321,-0.939610898,1.321271062,-0.663246632,3.521256685,-0.751710355,0.274898171,-0.586736500,-1.008058906,-1.918391943,0.009552658,2.444044590,-1.247176528,-1.082388520,-0.702238023,-0.946125090,-0.817323267,-0.006085232,-2.811991215,0.545566857,-0.031737730,-0.545731366,1.228312492,-4.938560963,3.259759903,0.515453637
354,7079.989,1786879747576.435,14535394.370,0.000000000,-0.712131977,0.996864319,0.591317713,-0.578671157,-0.657866955,1.164253950,-1.388338923,2.253800869,0.052088231,0.405493200,0.054312997,-1.260406971,-1.232397318,-0.155775934,1.857429504,-0.921627343,-1.464303851,-0.795333683,-0.530157447,-0.750912488,0.030105591,-2.771568298,0.931450307,-0.039149657,-0.709277749,0.611787140,-4.559993267,3.440158606,0.488157064
355,7099.988,1786879747596.433,14535414.368,0.000000000,0.216762334,-0.341477513,0.948266387,-0.135259151,-0.296321601,0.625706613,-1.466253042,1.046471119,0.683318079,0.621310771,0.106572181,-1.641911387,-0.855228007,-0.139370665,1.085025907,-1.023139596,-1.741260529,-0.715875745,-0.283473641,-0.628205001,-0.109202623,-2.681586504,1.466275930,0.060837388,-0.867265522,0.250086337,-4.239656448,3.133636475,0.659291863
356,7119.989,1786879747616.434,14535434.369,0.000000000,0.979304492,-1.199591637,2.440621614,-0.177064419,-0.177205890,-0.175108090,-0.782240033,0.378540486,0.718163133,0.773675919,-0.089511387,-1.503772974,-0.960264921,0.001135834,1.270346284,-1.427686095,-1.599445939,-0.489960909,-0.192605928,-0.631011188,-0.350271642,-2.309706688,1.612542510,0.191422909,-0.796203434,0.071176842,-4.471789837,2.511270523,0.905796170
357,7139.985,1786879747636.430,14535454.365,0.000000000,1.205927968,-1.353633761,2.264474154,0.013289012,-0.145160750,-0.391881257,-0.631530106,0.155277967,0.570387065,0.707817078,-0.119985498,-1.384603858,-1.022785068,-0.277114868,0.966319680,-1.371816039,-1.552223325,-0.382321298,-0.162135929,-0.701987684,-0.386846900,-1.854819536,1.410241246,0.339818627,-0.710910618,-0.373789340,-4.796510220,2.331033945,0.987047315
358,7159.988,1786879747656.434,14535474.369,0.000000000,1.294340611,-1.005894899,0.694518566,0.037474193,-0.355412453,-0.128464013,-0.641690433,-0.325540870,0.335192829,0.558951855,-0.031456053,-1.860685945,-0.515206754,-0.696248055,0.578010917,-0.945530236,-1.663193583,-0.207400039,-0.164086297,-0.817469060,-0.245799735,-1.887703538,1.415070295,0.485384673,-0.755808532,-0.753476322,-4.621506214,2.417231560,0.957465410
359,7179.988,1786879747676.433,14535494.368,0.000000000,1.340769529,-0.730026841,-0.057443604,-0.269519031,-0.638874888,0.077385813,-0.384548813,-0.592283607,-0.058472484,0.636228681,0.075709917,-2.181768179,-0.329973996,-0.589832306,0.488060653,-0.638648212,-1.827673316,-0.249410436,-0.154192373,-0.855421722,-0.226993814,-1.804143667,1.294987440,0.463129312,-0.817827046,-1.172943473,-4.608506680,2.455471039,1.050565600
360,7199.987,1786879747696.432,14535514.367,0.000000000,1.374027729,-0.845654190,-0.069352776,-0.413802087,-0.528658450,0.054445896,-0.086589836,-0.653315663,-0.285518497,0.647073865,0.122889496,-2.325473785,-0.382140875,-0.594419956,0.523795366,-0.502963424,-1.652319789,-0.242380008,-0.151107773,-0.914449155,-0.328927577,-1.633885622,0.958067656,0.422686309,-0.762565494,-1.486289501,-4.821605206,2.629614115,1.106039882
361,7219.985,1786879747716.430,14535534.366,0.000000000,1.710472345,-1.042634964,0.176652029,-0.582101583,0.173863113,-0.367091924,0.411692530,-0.615725756,-0.691504776,0.481283456,0.168173701,-2.563657045,-0.849543095,0.354106963,1.394283175,-0.324886203,-1.723170877,-0.351377189,-0.345360488,-0.737587631,-0.569307625,-1.445155621,0.689519823,0.451844960,-0.681148529,-1.528520346,-5.209570408,3.029935122,0.911196232
362,7239.986,1786879747736.431,14535554.366,0.000000000,1.378628492,-0.441002011,-0.084660418,-0.720597565,0.392689466,-0.766701818,0.644006193,-0.274262577,-1.016819477,0.669391751,0.408059359,-2.796719313,-1.019874811,2.144329309,2.513901949,0.190413922,-1.898997188,-0.406635284,-0.606583297,-0.435647935,-0.646300733,-1.220296860,0.428614587,0.565034926,-0.812200487,-1.491681933,-5.411650658,3.389193535,0.516928494
363,7259.986,1786879747756.431,14535574.366,0.000000000,1.082808256,-0.250373006,-0.395279825,-0.654186726,0.710738838,-0.970956445,0.410817474,-0.462886125,-1.105194330,0.957077146,0.979560494,-2.933006525,-0.973693013,2.383630753,2.443389416,0.632189870,-1.929538369,-0.784011543,-0.534777462,-0.107471183,-0.541280329,-1.321131825,0.329221636,0.704129517,-0.986441851,-1.575521708,-5.674522877,3.698538780,0.188563764
364,7279.991,1786879747776.437,14535594.372,0.000000000,0.581703007,-0.237994701,-0.143817350,-0.178207785,0.487676710,-1.337241054,0.092496015,-0.864700615,-1.096596122,0.734276175,1.575001836,-3.143141270,-1.393293262,2.396767139,1.520513058,0.885674894,-1.876727223,-1.015296817,-0.294377625,-0.043858845,-0.231333002,-1.363646984,0.065400489,0.751763940,-0.961435497,-1.790960670,-5.852754593,3.863017797,-0.227215081
365,7299.990,1786879747796.435,14535614.370,0.000000000,0.329364300,-0.351124585,0.361554742,0.078802384,0.297915280,-1.536414027,-0.264753938,-1.115615964,-1.175284266,0.603500485,2.033255100,-3.129310608,-1.947734714,2.655462980,0.767693639,1.058617711,-1.752281070,-1.021339774,-0.148999795,0.104837045,-0.056514129,-1.421084166,-0.211310297,0.690139472,-0.836854339,-2.062452793,-6.026312351,3.712160110,-0.768669248
366,7319.991,1786879747816.436,14535634.371,0.000000000,0.132852584,-0.165886998,0.790225744,0.198247761,-0.095919959,-1.542534947,-0.441211969,-0.769113064,-1.171679020,0.892415345,1.874298215,-2.897360086,-2.480565548,2.434066772,0.880593300,1.125229001,-1.653410077,-0.652037024,-0.188755989,0.138954252,-0.010849014,-1.334941983,-0.612662792,0.670879245,-0.898435354,-2.349178553,-6.219716549,3.392381668,-1.443752289
367,7339.991,1786879747836.436,14535654.371,0.000000000,-0.204875231,0.364133775,0.982394934,0.426028609,-0.514088094,-1.021443963,-0.397465974,-0.241167545,-0.973735511,1.158850789,1.673060060,-2.744517088,-2.765703440,1.911183715,1.314980030,1.330777764,-1.568566561,-0.382334530,-0.368631899,0.109067246,0.057005689,-1.231025219,-0.945114911,0.726276994,-0.904784203,-2.646966696,-6.199425220,3.148294687,-2.121649027
368,7359.991,1786879747856.436,14535674.371,0.000000000,-0.779708922,0.869526207,1.160146356,0.563258827,-0.983979881,-0.733999074,-0.430052400,0.349237353,-0.851709366,1.419638038,1.571644902,-2.715949535,-2.908954859,1.058956385,1.972758532,1.565794706,-1.499314427,-0.234291568,-0.499669254,0.153910622,0.098885372,-1.214201331,-1.191897154,0.862073362,-0.900356114,-2.899371862,-6.133336544,3.120235443,-2.867867708
369,7379.991,1786879747876.436,14535694.371,0.000000000,-1.289762735,1.215347767,1.368448853,0.873315096,-1.364968300,-0.751746476,-0.852419555,1.000979424,-0.556686163,1.572578788,1.617344141,-2.408742666,-3.072730541,-0.830661058,2.526082516,1.722119927,-1.356392264,0.051450804,-0.632225573,0.216836318,0.150989518,-0.872580469,-1.352841854,0.874024093,-0.948681891,-3.114639521,-6.061741352,3.250310659,-3.450177431
370,7399.990,1786879747896.435,14535714.370,0.000000000,-1.495889902,1.366699100,1.425126433,0.886370659,-1.410676479,-0.527741253,-0.806546926,1.184150815,-0.637563765,1.705026269,1.729241490,-2.333632708,-3.132019520,-1.007141829,2.725841999,1.886390209,-1.448218942,0.040164456,-0.703301728,0.239368916,0.163553312,-0.676054180,-1.243699312,0.875441372,-1.053908467,-3.240011930,-5.941560268,3.524978399,-3.997329473
371,7419.986,1786879747916.431,14535734.366,0.000000000,-1.479129910,1.125879288,1.354882240,0.779231131,-1.164737344,-0.327043355,-0.507948101,0.885343850,-0.686631739,1.532793522,1.790427685,-2.273195505,-3.060427904,-0.814581633,2.462175608,1.967512727,-1.582234502,0.003417864,-0.620875537,0.215387613,0.171098873,-0.591992140,-1.171657443,0.835120380,-1.137636542,-3.212214947,-5.722464561,3.781126022,-4.455079079
372,7439.987,1786879747936.432,14535754.367,0.000000000,-1.399847269,0.718892097,1.125980496,0.673655987,-0.833995104,-0.017085049,-0.269922435,0.528307199,-0.719666660,1.277084708,1.810607553,-2.422899485,-2.894348383,-0.328477740,1.999254942,2.003938913,-1.685973287,-0.049996361,-0.465782791,0.104438230,0.159047469,-0.610886991,-1.154106140,0.789079368,-1.153207064,-3.195785284,-5.539252758,4.049580097,-4.898808956
373,7459.988,1786879747956.433,14535774.368,0.000000000,-1.508315325,0.619385600,0.863431215,0.587043881,-0.626992941,0.253233492,-0.172950193,0.264572918,-0.926654041,1.011724710,1.900474429,-2.954857588,-2.625071764,0.218344346,1.502490520,2.139387846,-1.880293489,-0.154342398,-0.318268657,0.073757857,0.100185409,-0.959693134,-1.012151718,0.819124997,-1.183613896,-3.246865273,-5.391485691,4.323412895,-5.364684582
374,7479.989,1786879747976.434,14535794.369,0.000000000,-1.540381193,0.649378896,0.669394076,0.417636156,-0.480590522,0.416615576,-0.062649064,0.014193831,-1.047914028,0.860506535,1.938192248,-3.505288601,-2.512388468,0.363136828,1.188748598,2.296123981,-2.062365294,-0.234726146,-0.211302295,0.134899959,0.007379904,-1.291856527,-0.873932123,0.838143408,-1.262659311,-3.355619669,-5.153860569,4.537973404,-5.763507843
375,7499.986,1786879747996.432,14535814.366,0.000000000,-1.405072212,0.665868282,0.584049463,0.267617643,-0.382030159,0.581118286,-0.028422261,-0.126183957,-1.058676004,1.024737120,2.041741848,-3.918607473,-2.560249329,0.679887414,1.361911774,2.438022137,-2.246299505,-0.254757881,-0.235556170,0.294489801,-0.089820772,-1.576449513,-0.762457073,0.883111835,-1.299504995,-3.448719263,-4.807564259,4.645307541,-6.175258160
376,7519.987,1786879748016.432,14535834.367,0.000000000,-1.194782734,0.624522030,0.588259697,0.110042803,-0.306285083,0.692289829,0.052839138,-0.141536832,-0.983361900,1.226549149,2.062151432,-4.073250294,-2.573863745,0.927633166,1.674465299,2.602925777,-2.310469866,-0.277453601,-0.265824318,0.437724233,-0.103913277,-1.736734271,-0.659776688,0.890030205,-1.274334908,-3.627940416,-4.497211933,4.728460789,-6.503248692
377,7539.986,1786879748036.432,14535854.367,0.000000000,-1.061954498,0.428985178,0.512826085,0.052843489,-0.171161622,0.789793730,0.138882369,-0.217321321,-1.004127145,1.289170265,2.025327206,-3.971151590,-2.564938784,1.467769384,1.774586201,2.639550209,-2.362762690,-0.314615786,-0.266835093,0.535729587,-0.119203836,-1.713433981,-0.674447000,0.924153626,-1.275614619,-3.722095490,-4.277068138,4.795270443,-6.660814285
378,7559.986,1786879748056.431,14535874.366,0.000000000,-0.939674258,0.156159550,0.394817233,0.027845211,-0.105950855,0.791742742,0.197616547,-0.308139950,-0.955417097,1.343055129,1.927568793,-3.758393049,-2.518185616,1.645390034,1.649208903,2.558156967,-2.345887423,-0.294537723,-0.226097763,0.504382908,-0.080731422,-1.501783609,-0.700351119,0.933377326,-1.256023288,-3.731936455,-4.088816166,5.046582222,-6.748935223
379,7579.994,1786879748076.439,14535894.374,0.000000000,-0.845723808,-0.108555347,0.236768529,0.014311291,-0.111824863,0.662291527,0.201981902,-0.434764564,-0.849371910,1.426487923,1.806810141,-3.523427725,-2.347170353,1.525908709,1.450933218,2.381459236,-2.315506697,-0.264375508,-0.170086682,0.330660224,-0.004436150,-1.247886181,-0.603917897,0.887368500,-1.234454751,-3.715497494,-3.911062479,5.390199661,-6.713380337
380,7599.992,1786879748096.438,14535914.373,0.000000000,-0.736786306,-0.327871203,0.119153127,0.008206166,-0.171342343,0.363745302,0.188613564,-0.489037365,-0.805043399,1.524146557,1.728145242,-3.270821571,-2.241654634,1.427174091,1.306975245,2.132684469,-2.318061113,-0.239757910,-0.142427117,0.156394258,-0.019147083,-1.075550199,-0.565785468,0.857892573,-1.223875999,-3.710705757,-3.747772932,5.757790565,-6.610436916
381,7619.991,1786879748116.436,14535934.371,0.000000000,-0.632652938,-0.397964627,0.059333146,-0.003964923,-0.228290945,0.165157616,0.129173100,-0.484523356,-0.796343029,1.618276238,1.690298438,-3.284008980,-2.164550304,1.351589322,1.298684239,2.014471054,-2.340371847,-0.204703644,-0.135816097,0.034542944,-0.045074418,-1.131633043,-0.543785691,0.790436208,-1.208258033,-3.719887495,-3.549780130,6.001289368,-6.474024296
382,7639.995,1786879748136.440,14535954.375,0.000000000,-0.602987587,-0.364749074,0.051203728,0.002154194,-0.289743006,0.035318840,0.097525187,-0.466793120,-0.865418017,1.700815082,1.686111093,-3.350357294,-2.172861099,1.317964077,1.356571555,2.010122061,-2.370934963,-0.179992244,-0.127226010,0.012024221,-0.126515433,-1.254775405,-0.613302946,0.793476582,-1.204181433,-3.762904167,-3.380790710,6.190036774,-6.328199863
383,7659.992,1786879748156.437,14535974.372,0.000000000,-0.609905601,-0.320791364,0.105803825,0.002919145,-0.312146366,-0.109703481,0.109331869,-0.420969069,-0.921729922,1.766697288,1.707979560,-3.415385008,-2.289438963,1.327520490,1.348503828,2.057174206,-2.452838182,-0.164623126,-0.114913285,0.088018879,-0.239253059,-1.306801438,-0.768156767,0.810465634,-1.211544394,-3.716630220,-3.222067118,6.289610863,-6.171777248
384,7679.990,1786879748176.435,14535994.370,0.000000000,-0.688635528,-0.286818475,0.166872948,0.002585731,-0.327593029,-0.256283969,0.117641784,-0.403881937,-1.006486297,1.742973328,1.739022374,-3.481737614,-2.507775784,1.298860908,1.351952791,2.079122543,-2.547299147,-0.156289384,-0.110122740,0.132160291,-0.350921631,-1.299193859,-0.983991563,0.840726078,-1.209071994,-3.595856428,-3.137636662,6.348031044,-6.070497513
385,7699.989,1786879748196.434,14536014.369,0.000000000,-0.775785923,-0.220018923,0.204900637,-0.004169948,-0.323096395,-0.328775465,0.138518974,-0.401801616,-1.074494600,1.757490516,1.751041889,-3.537537098,-2.667190552,1.227291942,1.412264466,2.111546993,-2.650567055,-0.146407291,-0.100370109,0.167500153,-0.453067601,-1.308034778,-1.118300676,0.842121303,-1.199402928,-3.463847876,-3.088212252,6.386394501,-5.916316509
386,7719.990,1786879748216.435,14536034.370,0.000000000,-0.862735868,-0.162426472,0.272630632,-0.026523642,-0.349954367,-0.359752506,0.127027780,-0.400586694,-1.004947305,1.757595181,1.772619367,-3.453775167,-2.685501099,1.101612210,1.437566876,2.123739243,-2.621074438,-0.141667619,-0.095772423,0.150620222,-0.450689554,-1.202032328,-1.057882547,0.821185291,-1.190570354,-3.327934504,-3.066699743,6.460426331,-5.807126999
387,7739.990,1786879748236.435,14536054.370,0.000000000,-0.904353976,-0.157155499,0.292008996,-0.054837503,-0.393415242,-0.425360173,0.119863085,-0.353697270,-0.872493088,1.717139363,1.753539562,-3.305683851,-2.593398094,0.977763593,1.456793666,2.082409382,-2.532192230,-0.136024907,-0.100413956,0.083527476,-0.384213269,-1.058367014,-0.926525235,0.802666485,-1.185161829,-3.211712122,-3.035106421,6.540172100,-5.670537949
388,7759.989,1786879748256.434,14536074.369,0.000000000,-0.897680819,-0.160767168,0.327210724,-0.064397536,-0.414393425,-0.477178842,0.113932468,-0.339342326,-0.822514355,1.710765243,1.737527251,-3.264243126,-2.553674698,0.944042981,1.489750862,2.070302963,-2.465648651,-0.122484252,-0.100907922,0.064549267,-0.322586358,-1.023261666,-0.886020601,0.781535387,-1.169787288,-3.137499809,-3.024214745,6.628482819,-5.559570789
389,7779.987,1786879748276.433,14536094.368,0.000000000,-0.877576411,-0.192480817,0.343229771,-0.039080687,-0.422764361,-0.436568350,0.087737702,-0.357102722,-0.773395419,1.713419557,1.739570022,-3.249929190,-2.504712343,1.015297651,1.487897635,2.066408634,-2.413089514,-0.113314316,-0.096856534,0.039447438,-0.261262655,-1.032632589,-0.843407452,0.785586655,-1.184639573,-3.087573290,-3.023128510,6.712147236,-5.459177494
390,7799.988,1786879748296.433,14536114.368,0.000000000,-0.818265736,-0.252025992,0.343563795,-0.022538148,-0.415430099,-0.379263908,0.091001548,-0.375260383,-0.812808454,1.729798198,1.714398623,-3.310973644,-2.510801554,1.201130748,1.501976013,2.111088276,-2.396177769,-0.108168855,-0.093795948,0.051074650,-0.258363307,-1.103126764,-0.892819107,0.797825396,-1.180630207,-3.041900158,-3.042482853,6.768776894,-5.391766548
391,7819.989,1786879748316.434,14536134.369,0.000000000,-0.755033314,-0.322102189,0.316926181,-0.005032398,-0.414607495,-0.283449024,0.102384470,-0.414144993,-0.925611496,1.756343246,1.662900090,-3.480241537,-2.547092915,1.341878772,1.483216047,2.162326336,-2.402754545,-0.113580093,-0.088938057,0.096181497,-0.296737909,-1.253623843,-0.966697395,0.806746662,-1.173660636,-3.001953840,-3.071970224,6.780319214,-5.317460537
392,7839.988,1786879748336.433,14536154.368,0.000000000,-0.712794125,-0.344142795,0.279234052,-0.002913617,-0.417599469,-0.202708721,0.102143981,-0.441482335,-1.023254037,1.786933899,1.643369555,-3.591326475,-2.601848602,1.423077822,1.439582586,2.174447536,-2.414923191,-0.119927868,-0.082799368,0.138157293,-0.345862567,-1.364593267,-1.009553909,0.815189302,-1.186297417,-2.956755877,-3.089029551,6.789239883,-5.250873566
393,7859.989,1786879748356.434,14536174.369,0.000000000,-0.742125452,-0.368011117,0.258334696,-0.010647170,-0.426983923,-0.165542632,0.101103105,-0.450830728,-1.041254044,1.787030339,1.630970836,-3.559716463,-2.612655401,1.431514502,1.393375039,2.192228556,-2.429533958,-0.124059185,-0.083925195,0.153259650,-0.380210042,-1.382698894,-1.002203226,0.805706859,-1.183808565,-2.893094301,-3.093852997,6.816347599,-5.174357891
394,7879.989,1786879748376.434,14536194.369,0.000000000,-0.774007797,-0.360579997,0.232743397,-0.027077951,-0.438339800,-0.095395178,0.098757304,-0.447820097,-1.000595570,1.785899878,1.620273352,-3.501070261,-2.566012621,1.378455639,1.342737079,2.169807196,-2.411051750,-0.129879668,-0.090144269,0.126644492,-0.368914366,-1.350741744,-0.937155545,0.793179929,-1.186037183,-2.833762884,-3.082807779,6.857925415,-5.099309444
395,7899.987,1786879748396.432,14536214.367,0.000000000,-0.778233588,-0.351569682,0.217470482,-0.046283074,-0.437208325,-0.037662078,0.108118393,-0.457517177,-0.965291917,1.771906018,1.599550962,-3.457333088,-2.498002529,1.297661543,1.291009188,2.146855116,-2.391762257,-0.134842589,-0.095455781,0.098028734,-0.347610891,-1.329417467,-0.859008729,0.791936040,-1.198652625,-2.783477545,-3.049727440,6.892826080,-5.023694992
396,7919.986,1786879748416.432,14536234.366,0.000000000,-0.792294443,-0.355444491,0.248441026,-0.071562327,-0.422344297,-0.059061330,0.136631876,-0.427004337,-0.956679642,1.779873729,1.603388906,-3.430726528,-2.426544189,1.290197611,1.299216747,2.181445122,-2.383484602,-0.135061547,-0.106007099,0.140475869,-0.347970665,-1.326593518,-0.813970149,0.790977180,-1.207001090,-2.729346275,-3.015004158,6.886544704,-4.924524784
397,7939.989,1786879748436.434,14536254.369,0.000000000,-0.800154686,-0.334900856,0.269467533,-0.078984819,-0.413337946,-0.066669926,0.127813488,-0.417112678,-0.956433535,1.769587994,1.585330844,-3.420287609,-2.420281887,1.280613422,1.312526703,2.206768036,-2.386009455,-0.133095667,-0.117895439,0.145553201,-0.341549814,-1.334382772,-0.812153399,0.784590662,-1.220114231,-2.687531710,-2.972439528,6.913440228,-4.862750530
398,7959.992,1786879748456.437,14536274.372,0.000000000,-0.798456728,-0.339071840,0.265789688,-0.089533187,-0.423668116,-0.067302793,0.125284344,-0.415823013,-0.966142237,1.761391997,1.584471941,-3.412933588,-2.432816505,1.286332250,1.298733234,2.201983213,-2.395179033,-0.133773223,-0.125757188,0.140555978,-0.358039320,-1.350002885,-0.839711368,0.790030897,-1.224171877,-2.639554977,-2.933280706,6.946099281,-4.806437492
399,7979.991,1786879748476.436,14536294.371,0.000000000,-0.792482615,-0.339767218,0.257750988,-0.095511280,-0.426575780,-0.040388104,0.112811513,-0.431030184,-0.968997061,1.764263391,1.600943208,-3.448495626,-2.430542707,1.299970865,1.260750532,2.197671413,-2.395081282,-0.135366246,-0.126503348,0.128924459,-0.361665964,-1.396085739,-0.836299121,0.793801427,-1.230388165,-2.611661196,-2.900346041,6.967526436,-4.744712830
400,7999.996,1786879748496.441,14536314.376,0.000000000,-0.776339054,-0.384739399,0.237882450,-0.102620386,-0.405272752,0.005704042,0.117244191,-0.492073715,-1.067075491,1.766722322,1.596024632,-3.599240780,-2.478339672,1.369962215,1.211782932,2.252130985,-2.435613155,-0.139614299,-0.118476905,0.199377492,-0.431028843,-1.508112907,-0.903372943,0.802686989,-1.242861271,-2.537601471,-2.867115736,7.025313377,-4.708515167
401,8019.991,1786879748516.436,14536334.371,0.000000000,-0.689244211,-0.458161533,0.227167740,-0.089894183,-0.427114159,-0.008137111,0.137212142,-0.501298904,-1.087026000,1.772839189,1.625746608,-3.605116844,-2.487370968,1.560200453,1.131327748,2.277348518,-2.475512743,-0.137780264,-0.112791300,0.221001044,-0.463512480,-1.459473729,-0.909895658,0.796365142,-1.220461130,-2.430265665,-2.854092121,7.115341187,-4.689393997
402,8039.989,1786879748536.434,14536354.369,0.000000000,-0.647248387,-0.505823135,0.195364133,-0.056706585,-0.416292638,-0.041230474,0.130818963,-0.526876569,-1.120578170,1.775560379,1.635408521,-3.576046228,-2.531501293,1.692826867,1.072272062,2.256557941,-2.513429403,-0.138423070,-0.112539157,0.215382978,-0.502506793,-1.417309523,-0.969609916,0.807653725,-1.197484493,-2.336463213,-2.881801367,7.207810402,-4.680732250
403,8059.991,1786879748556.436,14536374.371,0.000000000,-0.649699867,-0.519361079,0.173664376,-0.047481291,-0.409820706,-0.005963158,0.107512690,-0.547307849,-1.117677569,1.765617132,1.647302270,-3.539250612,-2.520608664,1.724557281,0.994747281,2.251006126,-2.534050465,-0.141345665,-0.107844405,0.193336621,-0.502620518,-1.369094133,-0.933062851,0.793827593,-1.185003877,-2.249787092,-2.894277334,7.281013012,-4.665105820
404,8079.991,1786879748576.436,14536394.371,0.000000000,-0.673221409,-0.513844609,0.168682620,-0.053407200,-0.408254743,0.050298873,0.092230447,-0.563222528,-1.093754888,1.761481166,1.649897099,-3.499799013,-2.484728575,1.683960557,0.933139443,2.236634254,-2.524583578,-0.148807511,-0.104719356,0.160041526,-0.479617953,-1.356626630,-0.880636215,0.787994802,-1.184704304,-2.197314024,-2.896924257,7.350135326,-4.649597645
405,8099.992,1786879748596.438,14536414.372,0.000000000,-0.680642724,-0.506222248,0.204638287,-0.065309592,-0.412922502,0.108705059,0.080038823,-0.585471869,-1.061128020,1.766565323,1.644885302,-3.487700701,-2.432198048,1.622100949,0.869568169,2.251408100,-2.498283625,-0.152190670,-0.103074610,0.147911802,-0.430303156,-1.378289700,-0.831613123,0.774662435,-1.175727606,-2.170021296,-2.887430429,7.413687706,-4.636548519
406,8119.995,1786879748616.440,14536434.376,0.000000000,-0.697714388,-0.491853833,0.217992425,-0.083619975,-0.413031459,0.145258829,0.081570514,-0.592048526,-1.021501541,1.760034680,1.642088056,-3.469503641,-2.406386137,1.537069321,0.819779456,2.254758835,-2.476655245,-0.152212575,-0.108997487,0.131390229,-0.400450349,-1.390736103,-0.805273235,0.760721028,-1.176594019,-2.159194231,-2.878410101,7.481017590,-4.634180069
407,8139.991,1786879748636.436,14536454.371,0.000000000,-0.726590455,-0.509587765,0.211116716,-0.088939078,-0.412344605,0.175242215,0.086805709,-0.593953133,-0.956907451,1.760233521,1.654656172,-3.446116686,-2.384379387,1.458805323,0.767777681,2.237076283,-2.457442760,-0.145898089,-0.118842490,0.107134566,-0.389690042,-1.386110067,-0.807232082,0.741870940,-1.175124884,-2.152099371,-2.892611265,7.521655083,-4.626301765
408,8159.993,1786879748656.438,14536474.373,0.000000000,-0.739131987,-0.492471367,0.232282206,-0.106532447,-0.403743625,0.173278570,0.085360207,-0.583793998,-0.943214595,1.749416471,1.651686311,-3.440819502,-2.403233290,1.370033264,0.740639687,2.250921011,-2.477859497,-0.138621375,-0.138423070,0.098072872,-0.384678721,-1.394330502,-0.819079697,0.728689134,-1.187090993,-2.145291805,-2.890576124,7.598557472,-4.625736237
409,8179.993,1786879748676.438,14536494.373,0.000000000,-0.752584279,-0.476746798,0.243902758,-0.122779764,-0.396186650,0.170460939,0.089786120,-0.579918623,-0.943157256,1.738581300,1.653867602,-3.451100111,-2.424001217,1.281752110,0.706619918,2.265035868,-2.494495153,-0.128404990,-0.155333251,0.097593322,-0.394450545,-1.401586413,-0.835314572,0.721974432,-1.199516058,-2.137991905,-2.890470505,7.673413277,-4.617894650
410,8199.991,1786879748696.436,14536514.371,0.000000000,-0.748043835,-0.486855626,0.255364656,-0.132715076,-0.391136169,0.191478550,0.100510217,-0.608471513,-0.924673259,1.735692143,1.659108758,-3.473941326,-2.428461075,1.197431326,0.637447238,2.273222923,-2.463072538,-0.113233760,-0.163211480,0.109123930,-0.409381807,-1.412027717,-0.840721011,0.720810831,-1.193008304,-2.132034063,-2.930759192,7.717442513,-4.609382629
411,8219.992,1786879748716.437,14536534.372,0.000000000,-0.738089979,-0.520548284,0.254863858,-0.145912081,-0.372602731,0.161717921,0.107953973,-0.620820522,-0.903131902,1.743021846,1.662612081,-3.463559866,-2.475976944,1.124685049,0.544626117,2.263144493,-2.495613575,-0.095993444,-0.166276902,0.107769623,-0.422914505,-1.400616050,-0.873907387,0.708924532,-1.211921692,-2.124016285,-2.981068373,7.786047935,-4.586339474
412,8239.991,1786879748736.436,14536554.371,0.000000000,-0.733623505,-0.525390625,0.262714922,-0.167081237,-0.355955154,0.143340483,0.127025247,-0.632532716,-0.906150520,1.742312908,1.642199636,-3.476535559,-2.502431154,1.038308740,0.446245492,2.270908356,-2.514967203,-0.078462824,-0.166517019,0.110308677,-0.434286475,-1.402094841,-0.890054762,0.708254695,-1.225164771,-2.116829395,-3.033586740,7.857829094,-4.556488514
413,8259.989,1786879748756.434,14536574.369,0.000000000,-0.735177577,-0.513259411,0.276234388,-0.195036978,-0.336560011,0.116398737,0.161177069,-0.650979161,-0.973320603,1.745905638,1.603842020,-3.571804047,-2.564208746,0.946554899,0.372528136,2.319745779,-2.563746691,-0.065894231,-0.161555439,0.141469955,-0.466375470,-1.474413753,-0.927347004,0.704385102,-1.236944675,-2.118753672,-3.083812237,7.919495583,-4.505968094
414,8279.990,1786879748776.435,14536594.370,0.000000000,-0.717497230,-0.508054972,0.279657245,-0.213844091,-0.299310952,0.107522294,0.205376178,-0.674427330,-1.020235896,1.773574114,1.557532310,-3.640131712,-2.591012478,0.852450907,0.379495025,2.337573051,-2.583319664,-0.058786049,-0.152487218,0.151189074,-0.485234261,-1.511765122,-0.926081240,0.700140297,-1.244719267,-2.127139568,-3.127428770,7.972577095,-4.449737072
415,8299.988,1786879748796.433,14536614.368,0.000000000,-0.774386346,-0.578305602,0.320714414,-0.260944635,-0.285058767,-0.024568591,0.317080945,-0.624093533,-1.040977836,1.725769043,1.342937350,-3.629424334,-2.631541729,0.626532495,0.072121367,2.334922314,-2.549966574,-0.051889375,-0.130177632,0.163030669,-0.471609294,-1.403222203,-0.924187720,0.718077004,-1.261286616,-2.086143732,-3.177868366,8.022632599,-4.353524685
416,8319.988,1786879748816.434,14536634.369,0.000000000,-0.838854849,-0.623594522,0.332475960,-0.301040471,-0.283064932,-0.114650235,0.387493223,-0.580611348,-1.014593482,1.671906471,1.184552431,-3.612914801,-2.678204298,0.330652595,-0.310457587,2.315844536,-2.539731979,-0.062780187,-0.105140589,0.154829100,-0.479508042,-1.324519873,-0.945052505,0.718114793,-1.289734602,-2.060214520,-3.239824772,8.116864204,-4.274370193
417,8339.987,1786879748836.432,14536654.367,0.000000000,-0.849367380,-0.619548678,0.314362645,-0.331334114,-0.255056471,-0.060305323,0.425287634,-0.537039161,-0.961658299,1.636586189,1.083293557,-3.686928988,-2.714494944,0.051826462,-0.593857646,2.324932098,-2.534242868,-0.107824817,-0.093378767,0.132303104,-0.498762667,-1.311380148,-0.925792515,0.718401790,-1.309706926,-2.067088842,-3.285947084,8.215142250,-4.197351933
418,8359.988,1786879748856.434,14536674.369,0.000000000,-0.830989718,-0.621722221,0.295935631,-0.359968096,-0.222282112,-0.072174475,0.477976233,-0.469526321,-0.905820191,1.551292419,1.031836748,-3.676944017,-2.797240734,-0.131757095,-0.703494847,2.295516968,-2.502978563,-0.157931432,-0.102538697,0.132189974,-0.535762608,-1.216415644,-0.958043158,0.686694443,-1.350431681,-2.070612669,-3.320016146,8.261935234,-4.107662678
419,8379.990,1786879748876.435,14536694.370,0.000000000,-0.994765460,-0.750277758,0.215064719,-0.321573555,-0.243238539,0.024909440,0.437544793,-0.560974360,-0.991681755,1.453646064,0.942600489,-3.704184294,-2.793887854,-0.396856487,-0.969174147,2.270063400,-2.558757067,-0.194386169,-0.053515792,0.102444701,-0.612838507,-1.138614297,-0.935494602,0.671832502,-1.373399019,-2.070704699,-3.342399120,8.341593742,-4.007225513
420,8399.988,1786879748896.433,14536714.368,0.000000000,-1.087743282,-0.779515803,0.190908596,-0.306050569,-0.276873946,0.080458328,0.408418626,-0.554667950,-0.997288585,1.426793933,0.910264730,-3.684939623,-2.835811138,-0.519785047,-1.137100220,2.262363911,-2.638425827,-0.214213029,-0.032674372,0.106583111,-0.698135674,-1.106369019,-0.930782735,0.654250503,-1.402940750,-2.017709732,-3.353067636,8.400749207,-3.909282923
421,8419.988,1786879748916.434,14536734.369,0.000000000,-1.078380108,-0.761860073,0.188739762,-0.273972839,-0.274818212,0.158818737,0.368608147,-0.473480046,-0.928499162,1.453052878,0.927472711,-3.626971483,-2.886286259,-0.563825727,-1.213070393,2.278046131,-2.698821545,-0.217567071,-0.042071730,0.095182315,-0.724878311,-1.107520700,-0.930417657,0.623247683,-1.419002891,-2.026608944,-3.385318518,8.528628349,-3.853543758
422,8439.990,1786879748936.436,14536754.371,0.000000000,-1.056217909,-0.742418110,0.193106428,-0.251900941,-0.275557280,0.231538102,0.319575340,-0.445490241,-0.867005467,1.445968628,0.976460755,-3.596768141,-2.921445370,-0.575305521,-1.192739606,2.257401228,-2.695165396,-0.213922784,-0.048532985,0.082085274,-0.720005691,-1.121966124,-0.927814066,0.604094446,-1.407325029,-2.045602798,-3.427580595,8.628203392,-3.800660610
423,8459.991,1786879748956.437,14536774.372,0.000000000,-1.048061609,-0.742965221,0.215234518,-0.234306425,-0.281220466,0.266111106,0.286321610,-0.429144889,-0.818623960,1.438214779,1.009004712,-3.577347994,-2.923539639,-0.595990241,-1.193195581,2.241042614,-2.652894258,-0.203967139,-0.047452271,0.074435495,-0.691782713,-1.131725788,-0.916253746,0.591635883,-1.383428574,-2.059390068,-3.488628149,8.700163841,-3.756404161
424,8479.990,1786879748976.435,14536794.370,0.000000000,-1.005464196,-0.750107944,0.232968852,-0.204562724,-0.262083769,0.262659490,0.233045131,-0.448811859,-0.749290168,1.421454787,1.064881921,-3.546455860,-2.881852150,-0.607342362,-1.156629562,2.223872662,-2.603975773,-0.196130261,-0.048993029,0.065236010,-0.617168963,-1.099432588,-0.877626240,0.567455649,-1.372689724,-2.081102610,-3.583429575,8.762455940,-3.733956575
425,8499.991,1786879748996.436,14536814.371,0.000000000,-0.962059796,-0.796512902,0.229298338,-0.194836050,-0.253215492,0.262166023,0.198599249,-0.540324450,-0.714515626,1.414207101,1.131690979,-3.579567909,-2.764565468,-0.624332070,-1.124229312,2.278867006,-2.590399504,-0.197709277,-0.044896215,0.083660178,-0.569169879,-1.120154142,-0.830007374,0.570249438,-1.384170175,-2.084848642,-3.677623510,8.768634796,-3.685787201
426,8519.991,1786879749016.437,14536834.372,0.000000000,-0.902705371,-0.837600946,0.237390205,-0.196518719,-0.238909990,0.252915621,0.177858859,-0.614297450,-0.682649016,1.382353663,1.182674527,-3.650609970,-2.711184025,-0.650829673,-1.113260031,2.291693449,-2.548483610,-0.206043109,-0.029973367,0.085733525,-0.530585945,-1.159611821,-0.805249989,0.543279827,-1.369284153,-2.088918924,-3.762367249,8.743678093,-3.655719042
427,8539.988,1786879749036.433,14536854.368,0.000000000,-0.850418270,-0.885334134,0.224378020,-0.206790388,-0.232016057,0.274781048,0.171522200,-0.658279181,-0.657451689,1.348616838,1.223608375,-3.660848856,-2.669625521,-0.686283767,-1.108332396,2.288916588,-2.516982079,-0.226918742,-0.022121208,0.060976807,-0.502498507,-1.133635044,-0.765878439,0.514178813,-1.354774475,-2.081487417,-3.842557669,8.724368095,-3.622494698
428,8559.989,1786879749056.434,14536874.369,0.000000000,-0.826157928,-0.969704032,0.197221816,-0.191940844,-0.221777022,0.276356697,0.177132308,-0.690064669,-0.573409855,1.354283094,1.220971227,-3.613866091,-2.657006025,-0.753589511,-1.094408751,2.194831848,-2.501743317,-0.233654663,-0.022448862,0.017364992,-0.493124306,-1.081982374,-0.751463115,0.501116753,-1.358187437,-2.060981512,-3.878699064,8.707633018,-3.563542366
429,8579.987,1786879749076.433,14536894.368,0.000000000,-0.815717995,-0.985505462,0.165349096,-0.191057354,-0.220515400,0.284839213,0.161300659,-0.714448512,-0.488304943,1.356280923,1.230803132,-3.556976557,-2.614516258,-0.804754555,-1.094228983,2.144554138,-2.528026342,-0.238330528,-0.019773060,-0.030888813,-0.495838702,-1.045320988,-0.739580810,0.508655071,-1.356001854,-2.070205212,-3.913645029,8.691144943,-3.507459879
430,8599.988,1786879749096.434,14536914.368,0.000000000,-0.821900070,-0.991064310,0.155427098,-0.198018730,-0.220887989,0.322143883,0.158957765,-0.732863665,-0.436153322,1.327426910,1.238495469,-3.540979624,-2.610011578,-0.881220758,-1.094957829,2.115180492,-2.540514708,-0.242478475,-0.010513769,-0.052189577,-0.508227587,-1.018839836,-0.734911680,0.505868316,-1.348879337,-2.072923422,-3.942294598,8.678737640,-3.453782797
431,8619.990,1786879749116.435,14536934.370,0.000000000,-0.848167896,-0.992697001,0.155692711,-0.203880519,-0.219471008,0.360182464,0.165249005,-0.739555836,-0.413873166,1.297839880,1.247403741,-3.547773361,-2.633718491,-0.956961274,-1.101936579,2.101372957,-2.557288647,-0.246668920,-0.003223756,-0.059749458,-0.527621627,-0.999168217,-0.742789149,0.501492143,-1.347012758,-2.069269896,-3.971038580,8.673485756,-3.403829575
432,8639.991,1786879749136.436,14536954.371,0.000000000,-0.874432385,-1.003710151,0.141744494,-0.205956757,-0.214621812,0.347156912,0.172800034,-0.733458519,-0.399981588,1.256519437,1.267354846,-3.514860630,-2.656446457,-1.027873755,-1.100933790,2.071285963,-2.566756964,-0.252872705,0.000248795,-0.062385518,-0.555242002,-0.959837079,-0.760842919,0.510807395,-1.350236773,-2.057677984,-4.004933357,8.690173149,-3.348657608
433,8659.991,1786879749156.437,14536974.372,0.000000000,-0.915615916,-0.990986526,0.144523695,-0.210240901,-0.207965344,0.354750544,0.174224168,-0.738599777,-0.422463715,1.225232124,1.280804753,-3.523043394,-2.685248375,-1.092570782,-1.099958658,2.069699287,-2.587704897,-0.257894874,0.004544994,-0.055163492,-0.576973855,-0.951897383,-0.775179029,0.511649668,-1.356358528,-2.043732643,-4.041546822,8.701196671,-3.294238329
434,8679.991,1786879749176.436,14536994.371,0.000000000,-0.949317753,-0.975909233,0.149919048,-0.214774013,-0.198873222,0.382280797,0.170199603,-0.743318379,-0.433340758,1.200223923,1.305312514,-3.485903263,-2.673807144,-1.146543503,-1.085502625,2.065587521,-2.577190161,-0.267292202,0.009297600,-0.057081301,-0.577426732,-0.908203661,-0.762392938,0.516513467,-1.362853765,-2.030199528,-4.078832150,8.726460457,-3.256815910
435,8699.989,1786879749196.434,14537014.369,0.000000000,-0.967621386,-0.971597135,0.147073045,-0.207828194,-0.182300597,0.379111379,0.173824742,-0.731855989,-0.471076161,1.174486041,1.320885420,-3.469683886,-2.711992741,-1.181272864,-1.069939733,2.044077158,-2.571782589,-0.279699385,0.008385999,-0.058596823,-0.591234922,-0.900670409,-0.772434890,0.519419670,-1.364937901,-2.030079126,-4.130390167,8.744566917,-3.216253042
436,8719.991,1786879749216.437,14537034.372,0.000000000,-0.990786850,-0.960541964,0.144672528,-0.209115505,-0.173136115,0.404904157,0.170175582,-0.740086615,-0.544967175,1.167105556,1.338126898,-3.507347345,-2.743484974,-1.217040777,-1.057702541,2.060815811,-2.582468987,-0.296111166,0.009625068,-0.044577498,-0.613210380,-0.930937707,-0.785406649,0.519751847,-1.367418408,-2.027554750,-4.173372746,8.740160942,-3.165443897
437,8739.989,1786879749236.434,14537054.369,0.000000000,-1.004582524,-0.953249097,0.138688743,-0.223777711,-0.171189815,0.441399515,0.172741473,-0.745742559,-0.636240363,1.155149579,1.353963017,-3.563810587,-2.760126591,-1.258957505,-1.051205993,2.103073120,-2.595786333,-0.315915644,0.009331105,-0.026085945,-0.636908412,-1.016160369,-0.809290171,0.505491734,-1.366863251,-2.035166502,-4.214456081,8.704218864,-3.096001387
438,8759.990,1786879749256.435,14537074.370,0.000000000,-0.992244303,-0.943967462,0.152201369,-0.222407579,-0.158951759,0.469012439,0.185650155,-0.756474197,-0.721752822,1.144114256,1.371073842,-3.632068396,-2.788357496,-1.285595179,-1.031651378,2.152422905,-2.581929445,-0.334967256,0.008644497,0.007284728,-0.653250039,-1.066542625,-0.839073956,0.499164850,-1.362066388,-2.025549650,-4.249522686,8.673498154,-3.027610064
439,8779.999,1786879749276.445,14537094.380,0.000000000,-1.001126885,-0.963122606,0.133110031,-0.201334327,-0.139795691,0.517499208,0.186772913,-0.765384793,-0.736475050,1.130748868,1.392783761,-3.568812370,-2.746648312,-1.330067396,-0.988618255,2.138339281,-2.547984362,-0.363005102,0.010183750,0.000119207,-0.651211679,-1.002377748,-0.821688950,0.492454171,-1.370447874,-1.974373460,-4.258591175,8.615226746,-2.907989502
440,8799.988,1786879749296.434,14537114.368,0.000000000,-1.009284616,-0.956106961,0.117262587,-0.197318673,-0.135429204,0.533644319,0.198744297,-0.768200517,-0.770481169,1.125703692,1.422695518,-3.538704157,-2.728564262,-1.368690372,-0.963845432,2.149472952,-2.563982725,-0.387260437,0.013814403,-0.005153152,-0.654122591,-0.966087759,-0.811660945,0.480374724,-1.381474137,-1.912277818,-4.267509937,8.584643364,-2.789113998
441,8819.986,1786879749316.431,14537134.366,0.000000000,-1.028457284,-0.942897737,0.111837164,-0.201378256,-0.128123045,0.554369628,0.211814061,-0.776694059,-0.798825681,1.127641082,1.435468435,-3.539135218,-2.715785503,-1.414008141,-0.959747910,2.155045271,-2.566709757,-0.408367455,0.021615421,0.000671965,-0.669141114,-0.962259591,-0.805261254,0.472967416,-1.388398170,-1.850739002,-4.274322987,8.550615311,-2.675459146
442,8839.989,1786879749336.434,14537154.369,0.000000000,-1.054618120,-0.938778043,0.119069487,-0.195372015,-0.125916064,0.568688989,0.231052667,-0.794062912,-0.834747136,1.137868404,1.430262685,-3.556676626,-2.702845097,-1.467793345,-0.971120477,2.169331074,-2.554143906,-0.426104128,0.032504417,0.001923842,-0.676982224,-0.988328457,-0.825037599,0.481714278,-1.394863248,-1.773643970,-4.267624378,8.514907837,-2.548383713
443,8859.990,1786879749356.435,14537174.370,0.000000000,-1.074667335,-0.946544349,0.120369211,-0.193663359,-0.113554634,0.570126772,0.253838718,-0.798079967,-0.815796435,1.159000039,1.441117406,-3.541549921,-2.706997871,-1.479759216,-0.976674676,2.158055305,-2.557461500,-0.440835178,0.038970642,-0.001936781,-0.685443103,-0.982978642,-0.833025455,0.483083516,-1.406157970,-1.705070257,-4.270906925,8.475647926,-2.425926685
444,8879.988,1786879749376.434,14537194.369,0.000000000,-1.105399370,-0.972714663,0.122368306,-0.183443099,-0.097311996,0.557206273,0.278500736,-0.806261897,-0.779697657,1.173691511,1.444320798,-3.506676912,-2.696044445,-1.472456574,-0.978127182,2.137781620,-2.556078672,-0.453616858,0.048584960,-0.010086986,-0.688307881,-0.957194269,-0.835186481,0.463976949,-1.409104705,-1.639569163,-4.277706623,8.416525841,-2.316893339
445,8899.991,1786879749396.436,14537214.371,0.000000000,-1.122158170,-0.970238447,0.131599158,-0.180417180,-0.079128377,0.552622855,0.305610150,-0.826706886,-0.776292980,1.163829803,1.449174762,-3.494235277,-2.679717064,-1.464937210,-0.992424726,2.128694534,-2.548506498,-0.473184824,0.064670391,-0.008049863,-0.690891504,-0.947891355,-0.829043150,0.455165207,-1.413465381,-1.583878756,-4.287972927,8.358641624,-2.216389179
446,8919.989,1786879749416.434,14537234.369,0.000000000,-1.146328926,-0.964930832,0.144297183,-0.177106768,-0.059340440,0.554267704,0.338332146,-0.855622888,-0.802558243,1.148413420,1.464117646,-3.486381531,-2.662634134,-1.455805421,-1.009930372,2.123446941,-2.536701202,-0.498701572,0.085255764,-0.003837826,-0.692062438,-0.941596925,-0.822216272,0.446628600,-1.417191267,-1.533755064,-4.300291061,8.305769920,-2.126649141
447,8939.992,1786879749436.437,14537254.372,0.000000000,-1.182325125,-0.955857456,0.161663875,-0.179761767,-0.039093219,0.553486705,0.361848265,-0.871463120,-0.774393380,1.117403507,1.524413347,-3.334737301,-2.572808504,-1.450924993,-1.007342339,2.055999279,-2.504689217,-0.534572661,0.113399491,-0.035453144,-0.655407250,-0.843380511,-0.802924931,0.401504517,-1.422585487,-1.487433434,-4.299820900,8.262639046,-2.031881332
448,8959.992,1786879749456.437,14537274.372,0.000000000,-1.230485201,-0.928203583,0.183125928,-0.159663260,-0.012750410,0.562894940,0.397938102,-0.903145909,-0.788814545,1.068965673,1.598166347,-3.269061804,-2.540133715,-1.454139352,-0.998264313,2.020734072,-2.484744787,-0.562940359,0.146888569,-0.050265078,-0.642629445,-0.808943689,-0.792933464,0.383836955,-1.421644330,-1.442311287,-4.307238102,8.210680962,-1.951446533
449,8979.989,1786879749476.434,14537294.369,0.000000000,-1.278488994,-0.876880407,0.220776901,-0.109035231,0.018990524,0.583639801,0.427728772,-0.950782001,-0.823383033,1.021230698,1.690311551,-3.262810469,-2.531635046,-1.462354541,-0.983685732,1.999597907,-2.474999189,-0.586414218,0.189743951,-0.063852787,-0.625715017,-0.809953630,-0.804451346,0.355692059,-1.395735383,-1.408678889,-4.318698883,8.171689034,-1.879293442
450,8999.992,1786879749496.437,14537314.372,0.000000000,-1.346646786,-0.794950724,0.238471553,-0.017763786,0.061692677,0.611549318,0.467717260,-0.984113693,-0.812692583,0.874006510,1.937455893,-3.214678526,-2.501702785,-1.490048409,-0.901127338,1.879112244,-2.406202793,-0.614101529,0.228821725,-0.107325733,-0.608931124,-0.790853679,-0.790911019,0.338650763,-1.401646852,-1.385653853,-4.339727879,8.123956680,-1.812371969
451,9019.989,1786879749516.434,14537334.369,0.000000000,-1.469433308,-0.657729208,0.254513562,0.167392850,0.137587965,0.780094326,0.506188571,-0.987179637,-0.876794457,0.667007148,2.465332508,-3.193777800,-2.489448309,-1.565332055,-0.711097956,1.779754996,-2.360540628,-0.641938210,0.244265661,-0.147255152,-0.614580333,-0.806303978,-0.806804895,0.326910526,-1.382725835,-1.341606855,-4.360451698,8.024710655,-1.751535773
452,9039.991,1786879749536.436,14537354.371,0.000000000,-1.725208163,-0.385624826,0.302304089,0.517700315,0.195767283,1.047354341,0.477889210,-0.715598702,-0.944443047,0.367428005,3.532129765,-3.084471703,-2.458726645,-1.634866595,-0.406285167,1.649611592,-2.344300985,-0.653426170,0.163601547,-0.244515955,-0.630074084,-0.772460043,-0.826247990,0.313841701,-1.380337596,-1.270904541,-4.352312565,7.779143333,-1.758773446
453,9059.988,1786879749556.433,14537374.368,0.000000000,-1.816488743,-0.173123613,0.338806748,0.599754214,-0.020788960,1.131227016,0.326430351,-0.249582395,-0.862423956,0.554728687,3.963191032,-2.968862057,-2.433438778,-1.366153836,-0.520442188,1.629947662,-2.449291945,-0.649855435,-0.003689604,-0.297833025,-0.640996039,-0.639734626,-0.819695711,0.285582006,-1.437359810,-1.287773848,-4.322993279,7.611930370,-1.946276426
454,9079.989,1786879749576.434,14537394.369,0.000000000,-1.568360806,-0.422230750,0.351057947,0.406827450,-0.378651291,0.810215831,0.141294956,0.037854873,-0.532546103,1.344735622,2.814480066,-2.884495735,-2.418262959,-0.844434261,-1.107736588,1.789617181,-2.565147638,-0.621952713,-0.009255560,-0.229010716,-0.657527685,-0.464998275,-0.794959247,0.210759208,-1.467318058,-1.393395662,-4.266781330,7.643023491,-2.115553856
455,9099.989,1786879749596.434,14537414.369,0.000000000,-1.080506563,-1.037626266,0.174173847,0.341086656,-0.586697996,0.636778891,-0.302484304,0.128596216,-0.101472549,2.125066757,2.001386642,-3.230736017,-2.406353712,-0.624916434,-1.468151212,1.967715025,-2.635176182,-0.548833489,0.033167474,-0.128720224,-0.688989043,-0.617398858,-0.734578192,0.191169202,-1.357455492,-1.562729836,-4.133628368,7.801026344,-2.074778080
456,9119.989,1786879749616.435,14537434.370,0.000000000,-0.932033241,-1.568966031,0.197486654,0.294321090,-0.615283012,0.356856138,-0.398619533,0.276207596,0.276628822,2.545349121,0.340683728,-3.701368093,-2.475664854,-0.435409784,-2.612210035,2.191172600,-2.777474642,-0.363582969,0.063224420,-0.003476190,-0.698084176,-0.879595876,-0.718415439,0.169206068,-1.273920894,-1.866689205,-4.063734531,8.045029640,-1.992620468
457,9139.989,1786879749636.434,14537454.369,0.000000000,-0.904527724,-1.506917477,0.140237480,0.198444545,-0.359226674,0.176632598,-0.560449302,0.213352203,0.364922792,2.564187527,-0.063846625,-3.742113829,-2.427220106,-0.496959209,-2.541612148,2.342658997,-2.810207129,-0.180716231,0.067362808,0.147572562,-0.523005426,-1.027556658,-0.693523407,0.191187426,-1.288935065,-2.088998318,-4.084589005,8.223313332,-2.009513617
458,9159.989,1786879749656.434,14537474.369,0.000000000,-1.082138777,-1.938327789,0.411751211,0.104982786,-0.309709042,-1.021971822,-0.533605158,0.598654807,-0.114991426,2.941861868,-0.707059264,-3.718667269,-2.522951365,-0.450091481,-2.982726097,2.556064844,-2.778055191,-0.104613245,-0.030366553,0.441445827,-0.415154457,-0.888503790,-0.925371289,0.068472117,-1.374816895,-1.996019244,-4.263528824,8.333895683,-2.069420338
459,9179.988,1786879749676.434,14537494.369,0.000000000,-1.068398118,-2.022330523,0.408566415,0.133783489,-0.217148989,-1.745934486,-0.524504006,0.782823563,-0.288321465,3.172898293,-0.845746815,-3.480720282,-2.754630566,-0.376513362,-3.097537994,2.425478220,-2.767607450,-0.083382815,-0.147712782,0.498481959,-0.416663706,-0.614912808,-1.175750494,0.001413492,-1.439000726,-1.801766634,-4.364350319,8.486228943,-2.072393656
460,9199.994,1786879749696.439,14537514.374,0.000000000,-1.027415037,-1.965904951,0.300633371,0.126646936,-0.225221127,-1.648574591,-0.536714613,0.640706897,-0.271835089,3.237882853,-0.647774637,-3.229786396,-2.990123749,-0.378370643,-2.786916256,2.174136400,-2.828826189,-0.105377957,-0.166769281,0.402980477,-0.539120853,-0.353668451,-1.273519754,-0.018283227,-1.504970312,-1.639081120,-4.429981232,8.657549858,-2.040838718
461,9219.994,1786879749716.440,14537534.375,0.000000000,-1.214883566,-1.614469051,0.199173003,0.030335866,-0.238682538,-1.039782166,-0.395754874,0.393558890,-0.049849018,2.878832340,0.020731188,-2.714127779,-3.319010735,-0.537534833,-2.252423525,1.964964867,-2.942231894,-0.096755639,-0.164803103,0.280870140,-0.703027070,-0.259125948,-1.329761028,0.026645882,-1.562625170,-1.576010346,-4.518417835,8.869712830,-1.942084193
462,9239.992,1786879749736.438,14537554.373,0.000000000,-1.436786175,-1.218447924,0.272351682,0.005435351,-0.140897870,-0.324783534,-0.156102508,0.170438915,0.058922276,2.530086756,0.911675394,-2.472634792,-3.540876627,-0.802174926,-1.721076965,1.695714116,-2.887055874,-0.087037757,-0.065074429,0.141800731,-0.767939627,-0.421045363,-1.264038324,0.105934173,-1.601780772,-1.543715596,-4.552603722,9.066781998,-1.781072497
463,9259.994,1786879749756.439,14537574.374,0.000000000,-1.804827571,-0.971314549,0.477307200,0.512332141,0.182940125,0.527176023,-0.052483402,-0.404594868,-0.385339528,1.444397569,3.081302166,-2.283067465,-3.525850296,-1.319374442,-0.796157598,1.189145923,-2.792643309,-0.265020549,0.219694838,-0.135186478,-0.663083851,-0.481718987,-1.168219805,0.045554981,-1.451390386,-1.258930802,-4.531342030,8.778152466,-1.946467280
464,9279.992,1786879749776.437,14537594.372,0.000000000,-2.553869963,-0.148050249,0.702429414,1.009512067,0.201314390,1.190275669,0.104730375,-0.461802036,-0.810872614,-0.353854686,4.916514397,-1.973963141,-3.038596869,-2.073151827,-0.383657932,0.729746759,-2.577409506,-0.574379325,0.102135703,-0.483457357,-0.490526259,-0.463502407,-1.071166635,0.036291137,-1.359296918,-1.207872748,-4.415825844,8.249543190,-2.510857344
465,9299.990,1786879749796.436,14537614.371,0.000000000,-2.535186052,0.127306506,0.657501876,0.902425051,0.108606003,1.526042342,0.332811087,-0.470053792,-0.682343960,-0.379949093,4.469720364,-1.838427186,-2.573143005,-1.680166841,-0.968432665,0.823925793,-2.513047218,-0.533176780,0.103957251,-0.529309571,-0.288501084,-0.295718461,-1.010945797,0.010611055,-1.371598601,-1.477418900,-4.111517429,7.764017582,-3.229288101
466,9319.989,1786879749816.435,14537634.369,0.000000000,-2.137332916,-0.096865490,0.572472632,0.601380885,0.002027072,1.389229536,0.616619051,-0.329341501,-0.510437310,0.376727909,3.394571543,-2.182183027,-2.373496532,-1.239028215,-1.349874496,1.335114717,-2.415415049,-0.598928273,0.115692452,-0.326494694,-0.192241624,-0.511421442,-0.911235988,-0.049487501,-1.363965750,-1.774965167,-3.962000370,7.700261116,-3.710381031
467,9339.991,1786879749836.436,14537654.371,0.000000000,-1.623865128,-0.623625517,0.385056078,0.325777024,-0.406623095,1.057601333,0.332895786,-0.326542526,-0.271033019,1.684065819,2.812496901,-2.830040693,-2.365533590,-0.558855772,-1.473418593,1.844516635,-2.439192057,-0.592992783,0.100439399,-0.135883987,-0.220146075,-0.885131061,-0.685285032,-0.092992544,-1.336255550,-2.034371376,-3.862666368,7.985484123,-3.838145256
468,9359.993,1786879749856.439,14537674.374,0.000000000,-1.241351366,-1.019534111,0.223702297,0.340248436,-0.534764588,0.879302025,-0.231162041,-0.278225452,-0.051004164,2.373142481,2.904660225,-3.307205200,-2.381545782,-0.267603695,-1.392512918,2.314696789,-2.532649279,-0.419572115,0.144145057,0.048561554,-0.237291411,-1.211518764,-0.611278951,-0.121239558,-1.280745864,-2.306461573,-3.795902014,8.236727715,-3.760934591
469,9379.993,1786879749876.438,14537694.373,0.000000000,-1.183575511,-1.418829918,0.187393352,0.400482029,-0.539582014,0.555155516,-0.349101335,0.000917090,0.155964628,2.511271477,1.227745652,-3.652614355,-2.377676010,-0.171465680,-2.604970932,2.597522259,-2.652643681,-0.218559638,0.116344944,0.200335845,-0.220854387,-1.412558794,-0.606084645,-0.179854557,-1.219694138,-2.655997992,-3.744073153,8.418170929,-3.550862074
470,9399.995,1786879749896.440,14537714.375,0.000000000,-1.350877881,-1.315468431,0.150837287,0.282450050,-0.359009296,0.310037524,-0.513355494,0.437196851,-0.031122087,2.424150229,0.157792181,-3.567958117,-2.327404976,-0.203543290,-2.834918261,2.844486713,-2.859467268,-0.028661475,0.081977203,0.435924023,-0.147101805,-1.436709642,-0.674260795,-0.160438985,-1.294930816,-2.900078773,-3.807299376,8.789542198,-3.494128704
471,9419.994,1786879749916.439,14537734.374,0.000000000,-1.617951989,-1.601710558,0.416219592,0.244265825,-0.348843187,-0.877955735,-0.648377240,1.025747180,-0.678587437,2.790082932,-0.422732234,-3.174767733,-2.442813396,-0.198634520,-3.239983559,3.089045763,-2.925850630,0.082148120,-0.003070543,0.717937052,-0.112741157,-0.897592962,-0.899797976,-0.276663601,-1.378609657,-2.557258844,-4.136545658,8.957148552,-3.334732533
472,9439.994,1786879749936.439,14537754.375,0.000000000,-1.760260701,-1.661928892,0.510400653,0.315169007,-0.307048768,-1.612118363,-0.658690333,1.216497779,-0.518313348,2.903193951,-0.519392669,-2.721578836,-2.859386206,-0.198938563,-3.361409903,2.818453312,-2.965352058,0.101487771,-0.086070225,0.737815559,-0.193024963,-0.235059887,-1.157606840,-0.362012714,-1.459439039,-2.116157770,-4.443673134,9.073436737,-3.234010696
473,9459.994,1786879749956.439,14537774.374,0.000000000,-1.785132170,-1.648284316,0.356138289,0.359982312,-0.338412493,-1.463171601,-0.697918355,1.053745866,-0.306712657,2.947372437,-0.283906579,-2.440756083,-3.258140087,-0.186651304,-3.031672478,2.332753658,-3.146138906,0.053119794,-0.135355636,0.521038592,-0.506531775,0.191738695,-1.325910449,-0.409447908,-1.479651332,-1.764330149,-4.696842670,9.333180428,-3.088820457
474,9479.995,1786879749976.440,14537794.375,0.000000000,-1.784902096,-1.605562329,0.145990327,0.188564330,-0.434213221,-0.720902503,-0.649115145,0.800339818,-0.124908477,3.103152752,0.008266218,-2.326840162,-3.460181952,-0.309768558,-2.606823444,1.952114820,-3.195497036,-0.044662163,-0.209928617,0.286960721,-0.764960885,0.020469606,-1.353681564,-0.300425619,-1.562733531,-1.584098577,-4.827299118,9.605717659,-2.842870474
475,9499.991,1786879749996.436,14537814.371,0.000000000,-1.615439534,-1.685908556,0.229644850,0.050447024,-0.598403454,-0.538521647,-0.589566886,0.758577585,-0.234965667,3.585453272,0.227753043,-2.224609375,-3.399666309,-0.320503891,-2.434484005,1.509186864,-3.071254492,-0.109971389,-0.172572955,0.031816047,-0.804653585,-0.283604234,-1.255868316,-0.259528041,-1.618952155,-1.472142816,-4.808894634,9.715956688,-2.561811924
476,9519.989,1786879750016.435,14537834.370,0.000000000,-1.565112948,-1.619907379,0.380318820,0.113236643,-0.573599815,-0.243084401,-0.845353961,0.388158143,-0.196025461,3.491879702,1.126268983,-1.935925961,-3.064360619,-0.468837142,-1.912378788,1.294470429,-2.857982874,-0.129990444,0.074045248,-0.159383550,-0.628386617,-0.457108349,-1.078981876,-0.207480878,-1.579305530,-1.325106621,-4.826553822,9.566357613,-2.400735378
477,9539.992,1786879750036.438,14537854.372,0.000000000,-1.540647864,-1.081505775,0.547765195,0.297696978,-0.102588549,0.652229071,-0.757719874,-0.287266165,-0.195372924,2.675390959,2.808759689,-1.796232939,-2.868305206,-0.833775938,-1.118942738,1.092374682,-2.718506575,-0.159644648,0.333335072,-0.358076930,-0.386322677,-0.822168112,-0.999134004,-0.171294481,-1.494805813,-1.194089174,-4.988197803,9.368596077,-2.425616264
478,9559.991,1786879750056.436,14537874.371,0.000000000,-2.359344482,0.099022582,0.950340211,0.781534493,0.679889798,1.449560523,0.220739037,-0.606100142,-0.421383709,0.040597357,5.803771019,-1.554735899,-2.584046841,-2.109185934,-0.166960463,0.699992120,-2.492691755,-0.579129279,0.059291676,-0.674068213,-0.157744199,-0.796277225,-1.145716667,-0.195321202,-1.391951084,-1.096196890,-4.944756985,8.858860970,-2.975835800
479,9579.991,1786879750076.436,14537894.371,0.000000000,-2.950019121,0.293307275,0.924429059,0.731401503,0.619930625,1.377694964,1.074310541,-0.878623843,-0.427715093,-1.120854497,4.845426559,-1.480912685,-2.174970150,-2.723767519,-1.052008271,0.586641848,-2.254693270,-0.748850703,0.043037876,-0.623013914,0.009863958,-0.269891351,-1.284742117,-0.240322858,-1.413839698,-1.258259892,-4.649327755,8.235743523,-3.759690762
480,9599.993,1786879750096.438,14537914.373,0.000000000,-3.114741325,0.275280327,0.811611176,0.735864520,0.784653783,1.402625442,1.477260947,-0.789937615,-0.393479943,-0.963519454,4.666601181,-1.422069192,-2.097610950,-2.408678532,-1.357373357,0.514044821,-2.387406111,-0.815006137,0.054671451,-0.675601542,-0.114218488,-0.032646682,-1.300749540,-0.361713052,-1.401152134,-1.332789660,-4.514765263,7.834911346,-4.441524029
481,9619.990,1786879750116.436,14537934.371,0.000000000,-2.589989185,-0.147774965,0.832429767,0.421835244,0.404688388,1.359619379,1.155685067,-0.534588754,-0.188372701,0.714677632,3.723861217,-1.480098128,-2.350213528,-1.148196459,-1.527452826,1.098667502,-2.642569542,-0.725857556,0.019391103,-0.612550497,-0.341791749,-0.157271534,-1.073189974,-0.482669801,-1.413306713,-1.527171731,-4.410728931,7.907093525,-4.833196163
482,9639.992,1786879750136.437,14537954.372,0.000000000,-1.716513634,-1.048564911,0.754835129,0.488248587,-0.221342057,0.903584480,-0.286913276,-0.280242622,0.341834158,2.288653612,3.310990810,-1.642507792,-2.491569281,0.177352160,-1.437592506,1.636333942,-2.829001188,-0.315016627,-0.067592457,-0.554212630,-0.451846361,0.125778735,-0.796862662,-0.692926168,-1.286625147,-1.557289004,-4.311480999,8.148762703,-4.702530384
483,9659.989,1786879750156.435,14537974.370,0.000000000,-1.346351027,-1.223790169,0.410583735,0.645364523,-0.389874101,0.777616024,-1.049039841,-0.437715232,0.648438275,2.740111828,3.308597326,-2.373597860,-2.279738903,0.060657792,-1.450216651,2.129312038,-2.747808933,-0.133785531,-0.023673320,-0.398783684,-0.327744663,-0.119964063,-0.601999640,-0.666068077,-1.102317095,-1.710840702,-4.277208805,8.265974045,-4.451160908
484,9679.994,1786879750176.439,14537994.374,0.000000000,-1.708700895,-1.275792360,-0.072637767,0.510032356,-0.474544555,1.114142179,-0.816742063,0.060940906,0.935166359,2.538774252,1.745396495,-2.658421516,-1.902410150,-0.141182318,-2.429183722,2.383247852,-2.831027269,-0.091647252,0.027316144,-0.208888948,-0.047023103,-0.392995626,-0.408265173,-0.585171521,-1.135961294,-2.141201019,-4.377763271,8.665983200,-4.273708344
485,9699.994,1786879750196.439,14538014.374,0.000000000,-1.966407299,-1.447205305,0.157328472,0.481967241,-0.584878266,0.207724094,-0.881428897,0.926776350,0.501636922,2.639627218,0.581748247,-2.556780338,-1.744193435,0.044075981,-2.774583817,2.556282043,-2.961198568,0.063785568,-0.076952375,0.009412807,0.228606299,-0.242573023,-0.432828158,-0.693336606,-1.195848465,-2.186029673,-4.743577957,9.071305275,-4.288896084
486,9719.994,1786879750216.439,14538034.374,0.000000000,-2.504448891,-1.333171606,0.885452271,0.497401029,-0.460210502,-1.812780142,-0.935009420,1.401080728,-0.621589601,2.989879608,0.007114761,-2.161953449,-1.746558309,0.090212330,-3.102117062,2.811331749,-2.936649323,0.219695359,-0.020695137,0.272018433,0.358420134,-0.185935676,-0.633342981,-0.896403670,-1.230960369,-1.832667589,-5.068169117,8.995023727,-4.285689831
487,9739.993,1786879750236.438,14538054.373,0.000000000,-2.753341675,-1.016829729,1.181495905,0.642966688,-0.279401213,-2.808757305,-0.881029427,1.534509659,-0.912966251,3.182071209,-0.059544757,-1.950530171,-2.270215511,0.075173065,-3.258673191,2.765311241,-3.103613615,0.252150655,-0.082493804,0.327075958,0.103293702,-0.129053980,-0.876081944,-0.955013454,-1.220919371,-1.507325888,-5.250901699,8.913592339,-4.236533165
488,9759.991,1786879750256.436,14538074.371,0.000000000,-2.593546629,-1.038736105,0.838909686,0.462761194,-0.176061153,-1.793943524,-0.892167568,1.091267228,-0.397797912,3.061415434,0.264281392,-1.952088475,-2.835134506,0.054051653,-2.900758743,2.467884064,-3.356814623,0.121175155,-0.233255908,0.134893060,-0.420066655,-0.095465064,-0.960484684,-0.866160870,-1.166999102,-1.296717644,-5.217333317,9.089398384,-4.072287560
489,9779.991,1786879750276.436,14538094.371,0.000000000,-2.498543262,-1.385657072,0.749854386,0.275593042,-0.374520600,-1.039644122,-0.979340971,0.912337542,-0.025170056,3.187686920,0.584117591,-1.754735708,-3.132732153,0.099304780,-2.482064962,1.839058757,-3.502826214,0.052956060,-0.219070390,-0.129001021,-0.857713640,-0.237570673,-0.960999966,-0.905727446,-1.099820733,-1.039958000,-5.111573696,9.285836220,-3.720417738
490,9799.987,1786879750296.432,14538114.367,0.000000000,-2.648068666,-1.533010483,0.965239584,0.052972145,-0.639067173,-0.906156719,-0.960844278,0.560215950,0.295266539,3.235487223,0.747394085,-1.283361077,-2.908936262,0.041567981,-2.110557318,1.157322526,-3.427678585,0.013765261,-0.174217537,-0.418669999,-0.963762701,-0.331486374,-0.771433234,-0.912825227,-1.064987898,-0.662879288,-5.033419609,9.419867516,-3.213410854
491,9819.993,1786879750316.438,14538134.373,0.000000000,-2.490806580,-1.457779646,1.152910471,0.000466622,-0.736447215,-0.477032691,-1.060873151,0.046180978,0.532304525,3.341529846,1.404106975,-0.855563104,-2.614557028,-0.045314878,-1.627724528,0.762576520,-3.230674028,-0.038631812,-0.109948397,-0.637766778,-0.896304429,-0.546929538,-0.629924476,-0.842113018,-1.067123413,-0.208296195,-5.130470276,9.586104393,-2.945888519
492,9839.993,1786879750336.438,14538154.373,0.000000000,-2.332008123,-1.302780986,1.756827712,0.456293195,-0.615739167,-1.029378414,-1.103483558,-0.645604730,0.278759301,3.355717182,2.879743099,-0.521474421,-2.426251411,-0.077714905,-0.730071664,0.615367711,-2.973390579,-0.048302338,-0.067581445,-0.811371863,-0.792452157,-0.443567485,-0.544832051,-0.838378489,-1.067818642,0.453996390,-5.310332775,9.618048668,-2.832653522
493,9859.993,1786879750356.438,14538174.373,0.000000000,-2.210173368,-0.678285182,1.832406044,0.853249907,0.240889937,-1.264274716,-0.720921934,-1.829644680,-0.226425499,2.830431700,5.875331879,-0.350979835,-2.135826111,-0.321582437,0.040200621,0.331515789,-2.704830408,-0.287205040,0.004235400,-1.022754192,-0.528430104,-0.093963146,-0.548259616,-0.779556930,-1.017784357,1.089730382,-5.661232948,9.500445366,-3.060972214
494,9879.992,1786879750376.438,14538194.372,0.000000000,-2.228114843,0.017685264,1.642960906,0.949799299,0.708152115,-1.392308474,0.499610573,-1.994421840,-0.607044339,1.964238167,6.808740139,-0.075733885,-1.520534277,-0.531650186,-0.059696093,-0.024120606,-2.414661169,-0.462283492,-0.027508991,-1.134380937,-0.066560462,0.214177400,-0.610610366,-0.696448326,-1.082261324,1.593420744,-6.093183041,8.848126411,-3.700539112
495,9899.997,1786879750396.442,14538214.377,0.000000000,-2.561086655,0.414398193,1.376045465,0.744305491,0.397598147,-1.441944003,1.061171412,-0.979074657,-0.134025306,1.561617851,5.291715145,0.071154356,-0.916357160,-0.747250736,-0.491910517,-0.124545790,-2.356834888,-0.555310845,-0.136796281,-1.030641794,0.273591220,0.301100701,-0.378634572,-0.761205196,-1.146320581,1.859420180,-6.497386456,8.167409897,-4.524882317
496,9919.996,1786879750416.441,14538234.377,0.000000000,-2.463295460,0.121070474,1.419461966,0.772949696,-0.542645216,-1.216921449,-0.148693219,0.601849616,1.190725803,2.449437141,3.147202015,0.204619870,-0.803635657,0.032012269,-0.359960139,0.455000877,-2.685542822,-0.189284608,-0.262375355,-1.012148857,0.167157516,0.107316703,0.192015052,-0.886118472,-1.139008045,1.820511222,-6.193237782,7.937309265,-4.921958447
497,9939.996,1786879750436.441,14538254.376,0.000000000,-2.330612659,-0.745906830,1.448711753,1.086206198,-1.141390681,-0.379468352,-1.221824408,-0.105238713,2.799884796,2.285608768,2.494711876,-0.028900396,-1.178989887,0.302055418,-0.356034756,1.394911766,-2.987359762,0.033736333,-0.100352004,-0.933983684,0.076919481,0.382220238,0.615510941,-0.904664278,-0.843394697,1.759345293,-6.047002316,8.068625450,-4.806307316
498,9959.992,1786879750456.437,14538274.372,0.000000000,-2.141583443,-1.080598116,1.086589813,1.048170686,-1.336851120,-0.210622132,-1.460120320,-1.503353238,2.947307825,2.248722315,2.833305120,-0.257300436,-1.217670679,0.326933384,-0.110296041,2.003483772,-2.826105118,0.095163956,0.036006615,-0.813870907,0.164413765,0.340641886,0.989353478,-0.854311645,-0.664010823,1.888798237,-6.252553463,8.271492958,-4.754635334
499,9979.992,1786879750476.437,14538294.372,0.000000000,-2.660968542,-1.367877722,0.490322769,1.127261519,-1.338707447,-0.243282884,-1.304484129,-1.178985357,2.954633474,1.902253151,1.801305294,-0.519632518,-1.398322940,0.018551961,-0.040247053,2.774069786,-2.571228266,0.035423473,-0.210279301,-0.126804680,0.213498399,2.150312901,1.189114094,-0.825008333,-0.512486100,2.990975618,-6.781423092,8.481411934,-4.690533638
500,9999.995,1786879750496.440,14538314.375,0.000000000,-3.362743855,-1.021077156,2.484982967,1.246658921,-1.210145712,-1.959316015,-1.194978952,-0.187443018,2.172204971,1.661104560,2.015316486,0.408081502,-1.549169421,0.068961486,0.107969478,2.912453651,-2.360002041,0.006021366,-0.168087110,0.225552693,0.002015159,3.344621658,1.245566368,-0.850028813,-0.409071028,4.170953751,-7.048729420,8.041787148,-4.425642490
501,10019.992,1786879750516.438,14538334.372,0.000000000,-3.579807758,-0.280765355,3.688035011,1.407511115,-0.526589751,-2.868768454,-1.119798779,-0.544018984,1.209087253,1.788089156,4.570456982,1.055405736,-1.523616433,0.219439611,0.561220288,3.144031525,-2.379554510,-0.182223871,0.042956963,0.150716990,-0.118290558,3.421609879,1.156179190,-0.623931348,-0.388920635,4.896934986,-7.027442932,7.555894375,-4.521645069
502,10039.990,1786879750536.435,14538354.370,0.000000000,-3.203807592,0.289427757,3.774785519,1.426062822,0.543082118,-2.872500658,-0.712668359,-1.559206128,0.603110135,2.038188934,6.806182384,1.586032987,-1.341514230,0.279445648,0.759008646,3.391223192,-2.428403616,-0.439268053,0.031009151,-0.126432225,0.039557025,2.905327559,1.062238574,-0.444260269,-0.522365630,4.904990673,-6.841777802,7.151097298,-5.037357330
503,10059.992,1786879750556.437,14538374.372,0.000000000,-2.732647896,-0.252953708,2.297117710,1.079772234,-0.036274008,-1.929052711,-0.030602718,-1.087682843,1.225970149,2.205052614,4.739964485,1.491888165,-1.237714052,0.021440729,0.545960009,3.502139091,-2.890890837,-0.285080373,0.084949121,-0.142883778,0.223979935,2.674607277,1.033541679,-0.440939784,-0.700990617,4.490643024,-6.381485462,6.950068474,-5.452502728
504,10079.992,1786879750576.437,14538394.372,0.000000000,-2.479379177,-0.812097132,1.397199273,0.654048085,-0.547569096,-0.267623037,0.041218929,-0.517272174,1.728238463,2.169068098,2.489151716,1.426698327,-1.102851152,-0.103916064,0.181946754,3.550415277,-3.307129145,-0.169974849,-0.020506965,-0.104661182,0.285775602,2.560350418,1.137417555,-0.335681945,-0.694801629,4.112976074,-6.269579887,6.753934860,-5.660464287
505,10099.990,1786879750596.435,14538414.370,0.000000000,-2.341711283,-0.986694574,1.675855041,0.804381013,-1.023881316,0.881926298,-0.213226855,-1.040921450,1.401773691,2.296986818,1.855418086,1.271332383,-1.056207776,-0.140695229,0.664049268,3.896234035,-3.313689470,-0.099716589,-0.233261511,0.012923446,0.139414564,2.129563093,1.180177093,-0.219375968,-0.625825107,4.050849438,-6.799298763,6.834178448,-5.640719891
506,10119.993,1786879750616.438,14538434.373,0.000000000,-1.713322878,-1.177232027,5.954035759,1.026197314,-0.141981572,-1.441912889,0.311510146,0.451444209,3.002419710,2.013106346,0.849712193,1.473304272,-2.112520218,-0.137978807,1.921250820,2.357256174,-2.792752743,-0.346847594,-0.203153312,0.573761344,-0.065708473,2.534849167,0.900228441,-0.288928866,0.036835946,4.869214058,-7.904245853,6.203626633,-4.973776817
507,10139.989,1786879750636.434,14538454.369,0.000000000,-3.019215584,-0.057660460,4.738511086,0.466716439,0.368126422,-3.923741102,-0.275004834,3.863249779,3.379396677,1.328483820,-2.318321705,1.088218927,-2.208776712,-0.275262356,0.586495280,1.595121622,-2.078141451,-0.214347377,-0.435041785,-0.174732342,-0.055515483,1.780401945,0.971687078,-0.081562132,-0.323932379,4.213652134,-7.915746212,5.826689720,-3.695132256
508,10159.992,1786879750656.437,14538474.372,0.000000000,-2.899353504,0.717677176,2.382320166,-0.360150307,2.329677582,-2.539812565,-1.125394344,-1.153808117,1.923125267,0.140297234,1.453588128,0.418349922,-2.623123884,0.331154227,0.795530200,1.493372321,-0.882124126,-0.682158709,-0.311888516,0.193424597,0.597781181,1.056510210,0.729877651,0.318236440,-0.516675293,3.453440905,-8.080399513,5.737061501,-3.568527699
509,10179.989,1786879750676.434,14538494.369,0.000000000,-1.537036777,1.581705093,1.023938298,0.026691906,2.186584234,-0.673397064,-0.471645623,-1.900514722,-1.114824772,0.447327584,3.445102930,0.224984750,-2.529981852,0.692639589,-0.061479375,0.966402948,-0.963738322,-0.822824240,-0.300164998,-0.230756596,0.621313035,-0.544074476,0.439140588,0.603378296,-0.487523735,2.510424376,-8.543501854,5.300164223,-3.379081964
510,10199.991,1786879750696.436,14538514.371,0.000000000,-0.595640957,0.761952579,2.316989422,0.358310729,0.324573487,-1.722875834,0.534724951,-0.041205704,-2.381781340,0.456377834,2.051996946,0.037906546,-2.602567196,-0.496675968,0.169131219,-0.400018394,-0.665272474,-0.738437355,-0.070256785,-1.160744190,0.376676321,-1.978173018,0.159906894,0.405554563,-0.396169573,0.833859563,-8.704427719,4.544915199,-3.047368050
511,10219.987,1786879750716.432,14538534.367,0.000000000,0.326041758,0.355136633,3.081833601,-0.751288235,0.171190590,-1.474964499,0.800598323,1.926565766,-2.091975451,0.607683659,-0.701073468,-0.506522894,-2.508236885,0.154022530,0.878748059,-1.084723949,-0.630452752,-0.605738699,-0.337584734,-1.600685120,0.217845783,-2.689178467,0.398924261,0.290901899,-0.218478590,0.143634215,-7.715540409,3.544553041,-2.456750393
512,10239.989,1786879750736.435,14538554.370,0.000000000,1.442330122,-0.400993168,-0.042304173,-0.948645234,0.568411708,0.648909867,0.642890513,1.360952735,-2.123491764,1.806878209,-0.573278189,-1.965801716,-1.927245021,1.562913775,2.488545656,-0.513286769,-1.223999977,-0.542569220,-0.132340506,-1.105864406,0.145192906,-3.421439171,0.316775352,0.513796806,-0.383006483,-0.069248021,-6.780733585,3.218223572,-2.370478392
513,10259.993,1786879750756.438,14538574.373,0.000000000,1.691544294,-0.983931482,-0.616672397,-0.881140828,0.925512850,0.875098467,0.734605908,1.611573815,-2.328213453,1.939951539,-0.673525870,-2.525779724,-1.490243316,3.693379641,2.717985630,0.241656721,-1.447514415,-0.614187479,-0.427312613,-0.982845485,0.244548663,-3.799250126,0.443487436,0.466681242,-0.896230459,0.213647768,-6.899569988,3.247799397,-2.127354145
514,10279.992,1786879750776.437,14538594.372,0.000000000,1.318617463,-1.644842863,0.515246749,-1.209804058,0.363141805,0.150938541,0.413728148,3.273538828,-0.956742227,2.468951941,-1.632792115,-2.173890829,-1.379303575,4.573322773,2.114752054,-0.072247662,-1.218081236,-0.763311148,-0.592260003,-0.669699550,0.041062310,-3.718514681,0.914098561,0.547927558,-1.356868982,0.680960298,-7.235547066,3.841758728,-1.384450555
515,10299.989,1786879750796.435,14538614.370,0.000000000,1.013898849,-1.203468680,0.595523477,-0.936285257,-0.110040113,0.571474254,0.277350903,3.993045807,-1.471572280,2.521541595,-1.786204338,-1.693059802,-1.241746187,4.323185444,1.513790607,-0.294702590,-1.046805620,-0.718097329,-0.647121966,-0.524723411,-0.160670593,-3.678327799,0.702542067,0.556870878,-1.551090956,0.647194147,-7.864693165,4.466596603,-0.591367602
516,10319.990,1786879750816.435,14538634.370,0.000000000,-0.376213312,0.171592668,0.519962430,-0.517043054,-0.347712874,1.137702465,-0.786360204,3.421689034,-1.831677556,1.121669769,-0.022903658,-1.481969476,-1.285172820,1.164677620,1.153569460,-0.303668559,-1.092433333,-0.660828948,-0.492593914,-0.521865666,-0.544552147,-3.487328529,0.042463455,0.279051900,-1.668445826,0.463508159,-8.445806503,4.765927792,-0.456048042
517,10339.990,1786879750836.435,14538654.370,0.000000000,-1.646394491,1.288679123,-0.278676629,-0.095258914,-0.517144024,1.828861833,-1.650133014,2.710188389,-1.554876447,0.924528837,1.377246857,-1.207266212,-1.430088043,-0.502901137,1.156428576,0.084167480,-1.507784009,-0.481418192,-0.494670182,-0.450555503,-0.490353167,-3.219727993,-0.107576430,0.154375225,-1.749157190,0.662191689,-8.432506561,5.104784966,-0.630818188
518,10359.986,1786879750856.431,14538674.366,0.000000000,-1.348807096,0.643968105,-0.285081565,0.421361566,-0.843905032,2.114800215,-1.717718601,1.795051932,-1.116949439,0.804843426,1.561262012,-0.927120209,-1.373425722,-0.459166288,0.361318409,0.183888555,-1.702146053,-0.254984677,-0.348469973,-0.448754489,-0.191386923,-2.484612465,-0.085329950,-0.004656108,-1.756858349,0.668052733,-7.759370327,5.212388992,-0.991304755
519,10379.991,1786879750876.436,14538694.371,0.000000000,-0.453623354,-0.665948868,0.549389839,0.677740812,-0.898177207,1.103045464,-1.010006309,0.254334658,-1.182258010,0.706444979,1.463506341,-0.652022660,-1.363954782,0.306220174,0.089239687,0.182979167,-1.562820315,-0.216252849,-0.229906783,-0.323607504,-0.034888789,-1.735124350,-0.449089915,-0.001070114,-1.571002841,0.555346429,-7.264087677,4.972883224,-1.556743503
520,10399.988,1786879750896.433,14538714.368,0.000000000,0.194595188,-1.415895462,0.673583686,0.531886995,-0.677374721,0.066253170,-0.586393118,-0.631071806,-0.863126695,0.694943905,1.569094539,-0.643830359,-1.067354441,0.321644485,-0.133662403,0.196733624,-1.019453406,-0.271867275,-0.073477350,-0.337017387,0.085501835,-1.264326334,-0.805866182,-0.054437727,-1.509254813,0.243887916,-6.989475727,4.805129528,-2.025526762
521,10419.987,1786879750916.433,14538734.368,0.000000000,0.191670388,-1.225917101,-0.040300295,0.054655537,-0.928492308,-0.542182684,-0.183328629,-0.625054538,0.126372099,1.006954432,0.995920956,-1.043990970,-0.600746512,0.107243076,-0.181787640,0.264102668,-0.760448337,-0.167431995,-0.091646835,-0.528127611,0.270101964,-1.565196276,-0.922626555,-0.060240015,-1.709029198,-0.530050635,-6.461010456,4.722888947,-2.008233547
522,10439.991,1786879750936.436,14538754.371,0.000000000,-0.024610732,-1.028162360,-0.328521073,-0.301718831,-0.790372670,-0.916322172,0.231343716,-0.594146848,0.950672209,0.924330950,0.768802643,-1.398631573,-0.506414056,0.077770010,0.109350964,0.077761285,-0.661476791,-0.099079326,-0.208550721,-0.748309672,0.500141263,-2.131072760,-1.119004369,-0.071301579,-2.000945330,-1.816242576,-6.123625278,4.611461163,-1.898509622
523,10459.988,1786879750956.433,14538774.368,0.000000000,-0.298763692,-0.937926531,-0.015846536,-0.362388879,-0.641019344,-1.012963414,0.193531096,-0.657690406,1.036499143,0.770454466,1.243096471,-1.248489022,-0.536646962,0.259987831,0.830856919,-0.246440858,-0.535949945,-0.132014617,-0.221232370,-0.924373925,0.735367835,-2.198460579,-1.158368468,-0.135166034,-2.143000126,-3.035462856,-5.895227432,4.593463898,-2.029104948
524,10479.994,1786879750976.439,14538794.374,0.000000000,-0.706502676,-0.644113421,0.475850940,-0.315034330,-0.664481699,-1.162459373,0.016336208,-0.252037793,0.802858412,0.946425319,1.234338760,-0.781022906,-0.650758088,0.709991813,1.537467122,-0.340615332,-0.310106367,-0.264442623,-0.311991662,-0.841525733,0.828781784,-1.938772082,-1.267520666,-0.092638731,-2.201212645,-3.999437094,-5.924151897,4.888413429,-2.292723656
525,10499.992,1786879750996.438,14538814.373,0.000000000,-1.303128004,-0.403796285,0.700930595,-0.047871079,-0.451893032,-1.199187636,-0.042288892,-0.001633184,0.101264700,0.784560144,0.985756218,-0.196432933,-0.703924954,0.094882399,1.367725611,-0.294585526,-0.330778599,-0.207327589,-0.306522638,-0.768242419,0.929430783,-1.369353294,-1.540387869,0.025692163,-2.139610767,-4.723573685,-5.967490673,5.482285023,-2.425138950
526,10519.990,1786879751016.435,14538834.370,0.000000000,-1.852156401,-0.568424523,0.862733364,0.156126767,-0.118936233,-1.102760911,0.054015748,-0.119331717,-0.655522168,0.199993432,0.637562990,0.231494889,-0.946167707,-0.931032002,-0.208289787,-0.379707098,-0.266402036,-0.097501650,-0.254971325,-0.752754688,1.018056512,-1.219033360,-2.000986814,0.168012664,-1.990179181,-5.359659195,-6.043631077,6.292512417,-2.472344398
527,10539.993,1786879751036.438,14538854.373,0.000000000,-1.949988604,-0.559951425,0.882697403,0.273212761,-0.008271910,-0.647592604,0.199029684,-0.232126817,-0.729517043,0.077611469,0.803814828,0.490949750,-1.465210080,-1.226132035,-1.239364862,-0.326252341,-0.303276509,-0.005640283,-0.244305253,-0.813485146,0.997642100,-1.224678993,-2.530584574,0.186906546,-1.784217238,-6.021508217,-6.025270939,7.078241825,-2.368654013
528,10559.990,1786879751056.436,14538874.371,0.000000000,-1.874318123,-0.614937484,0.819552183,0.403075546,0.155109823,-0.129160106,0.305351228,-0.278450400,-0.700751722,0.144006759,1.076403737,0.536426365,-1.871317506,-1.227402687,-1.502801418,-0.209341794,-0.251165777,0.041107818,-0.300161541,-0.761966407,0.762446821,-1.334933281,-2.868345499,0.219774872,-1.635909319,-6.635974884,-6.096958637,7.618329048,-2.191967487
529,10579.988,1786879751076.433,14538894.368,0.000000000,-1.781901956,-0.557123065,0.798776388,0.563603997,0.235838771,0.322376281,0.326571673,-0.455133349,-0.547757328,0.029521264,1.648167491,0.566187620,-2.106669664,-1.280972004,-1.382542133,-0.106201150,-0.255339146,0.047873482,-0.248957112,-0.694239855,0.525807559,-1.341091156,-3.025239706,0.305397779,-1.582433701,-7.010987759,-6.123795986,7.789370060,-1.998479605
530,10599.993,1786879751096.438,14538914.373,0.000000000,-1.600216746,-0.493176788,0.771004796,0.674257457,0.095563769,0.700735390,0.370540500,-0.615318894,-0.521807492,0.085911714,2.258285999,0.541663706,-2.105230570,-1.287214041,-1.064717531,-0.004528232,-0.276382923,0.065924004,-0.258071184,-0.661184847,0.376143217,-1.287132859,-2.973510981,0.353542358,-1.626736522,-7.206090927,-6.050197124,7.751697540,-1.646339178
531,10619.990,1786879751116.435,14538934.370,0.000000000,-1.529433489,-0.435543776,0.753664732,0.743775129,-0.120507486,1.035370708,0.408476681,-0.592889309,-0.616284192,0.256241143,2.828478336,0.613054156,-1.959544778,-1.178441882,-0.905743122,0.139976919,-0.314148456,0.001493648,-0.265453339,-0.621305525,0.229303837,-1.142442584,-2.871002197,0.389844775,-1.697357893,-7.231154919,-5.958869934,7.822712898,-1.348382711
532,10639.990,1786879751136.435,14538954.370,0.000000000,-1.417207956,-0.539146483,0.729093373,0.647548079,-0.247415543,1.063801289,0.508973062,-0.490118176,-0.494697839,0.740580499,2.535225391,0.631902456,-1.761081100,-0.908197880,-1.104181290,0.404847652,-0.425319463,-0.096366480,-0.301322013,-0.532036841,0.138505906,-0.954497516,-2.679025412,0.340968996,-1.765094042,-7.198134422,-5.925370693,7.955717087,-1.065944076
533,10659.989,1786879751156.434,14538974.369,0.000000000,-1.323655963,-0.927031636,0.620738983,0.413828164,-0.313881069,0.740687251,0.579370260,-0.135808945,0.005707526,1.573628187,0.959222436,0.534486651,-1.543216348,-0.422568262,-1.754477978,0.879807711,-0.635480940,-0.157943472,-0.440307379,-0.448407710,0.058781549,-0.820974708,-2.424477100,0.217357278,-1.797653675,-7.262763500,-5.807400227,8.193516731,-0.927199364
534,10679.991,1786879751176.436,14538994.371,0.000000000,-1.430533290,-0.829588532,0.469689190,0.464959592,-0.061412781,0.548942029,0.329724461,0.378558904,0.551943779,1.655384183,0.564547896,0.399431944,-1.260889888,-0.420829415,-1.770096898,1.267928720,-0.787775815,-0.169369742,-0.591839254,-0.286287695,0.083825216,-0.742759407,-2.153828382,0.205513567,-1.803449392,-7.227919102,-5.663929462,8.505908966,-0.846765697
535,10699.988,1786879751196.433,14539014.368,0.000000000,-1.824839950,-0.838996232,0.488514543,0.581996679,-0.136840791,-0.018227380,0.180882022,0.857333183,0.591897011,1.494796276,0.129167676,0.324661672,-1.090486646,-0.360940218,-2.254978180,1.499854922,-0.781143486,-0.196281508,-0.509732902,-0.126709670,0.239764735,-0.678761780,-2.073673487,0.149061084,-1.833693981,-7.194577694,-5.637282372,8.773113251,-0.759317458
536,10719.990,1786879751216.435,14539034.370,0.000000000,-2.020739794,-0.838193476,0.531557739,0.726207912,-0.218642831,-0.546515346,0.025053537,0.971410036,0.590102494,1.387299895,-0.027325310,0.226372704,-1.107715964,-0.237888977,-2.413143158,1.536645293,-0.738341630,-0.184580132,-0.392012745,-0.058458243,0.361013591,-0.668337762,-2.093981504,0.063875943,-1.821667552,-7.079428196,-5.611746311,8.861498833,-0.590698361
537,10739.989,1786879751236.434,14539054.369,0.000000000,-1.974916577,-0.871108592,0.473483980,0.736608684,-0.192412317,-0.697851419,-0.001889462,0.894417286,0.504781008,1.320411921,-0.042221062,0.065810516,-1.155444622,-0.143835977,-2.303752899,1.446766734,-0.709263623,-0.169343904,-0.329243690,-0.097586229,0.396951854,-0.770362496,-2.074405432,0.034381226,-1.839118123,-7.108422756,-5.454788208,8.884238243,-0.353883952
538,10760.001,1786879751256.446,14539074.381,0.000000000,-1.827692389,-0.976508617,0.361052036,0.625904441,-0.116041310,-0.677453339,0.116036005,0.650504529,0.278161913,1.233633637,0.057069518,-0.061727624,-1.205315351,-0.090125695,-2.193847418,1.275105834,-0.641777039,-0.169851318,-0.308726430,-0.205852017,0.407367706,-0.980574906,-2.147433519,0.080948114,-1.861018896,-7.260033131,-5.250957489,9.027279854,-0.025193207
539,10779.992,1786879751276.437,14539094.372,0.000000000,-1.655739069,-1.059358358,0.279390752,0.511779845,-0.027460970,-0.670073748,0.230514079,0.390081912,0.134030253,1.209110856,0.163336784,-0.209311053,-1.269770265,-0.097968459,-2.068027973,1.061351180,-0.556653440,-0.176232383,-0.316680610,-0.332967401,0.387885571,-1.234899521,-2.210330725,0.150770888,-1.918139458,-7.459743023,-5.023211002,9.249408722,0.294421643
540,10799.986,1786879751296.431,14539114.366,0.000000000,-1.525545001,-1.116196394,0.171055868,0.384110421,0.054908283,-0.591517508,0.319717377,0.178435966,-0.077297628,1.247920990,0.313303292,-0.293715954,-1.335774302,-0.162419930,-1.925050378,0.862731576,-0.521391749,-0.175332114,-0.322241545,-0.487509400,0.344267726,-1.467295170,-2.256202936,0.252596617,-1.989130974,-7.651457310,-4.794447422,9.566079140,0.700024962
541,10819.989,1786879751316.435,14539134.369,0.000000000,-1.418813586,-1.107016921,0.128461614,0.262485296,0.102214329,-0.395673722,0.454466373,-0.156971201,-0.331716925,1.175804138,0.563882530,-0.252390146,-1.317590475,-0.276470244,-1.779336691,0.737796485,-0.436650157,-0.188803270,-0.264156908,-0.564272940,0.354009509,-1.559744120,-2.277690649,0.311429441,-2.052042007,-7.799421310,-4.633931637,9.879136086,1.149227500
542,10839.990,1786879751336.436,14539154.370,0.000000000,-1.277110100,-1.152438164,0.081750236,0.278133929,0.147376448,-0.103805348,0.559729636,-0.569742024,-0.511042178,1.105669618,1.094663858,-0.184971049,-1.258169770,-0.372696340,-1.468864679,0.619751632,-0.373576373,-0.194357201,-0.204881236,-0.650012016,0.333858848,-1.561957240,-2.289495707,0.336233586,-2.064278126,-7.870707512,-4.545205593,10.034579277,1.535755038
543,10859.991,1786879751356.436,14539174.371,0.000000000,-1.206768513,-1.129893303,0.048929259,0.292026520,0.104948662,0.181763351,0.657935321,-0.834061086,-0.604076982,1.089184642,1.716604471,-0.084515676,-1.156534672,-0.456893802,-1.240118504,0.573755205,-0.339655191,-0.202076599,-0.184291974,-0.700422943,0.332103193,-1.475222588,-2.272070408,0.366255343,-2.051280022,-7.880149364,-4.527989864,10.112699509,1.816745281
544,10879.996,1786879751376.442,14539194.377,0.000000000,-1.239553690,-0.896765709,0.070937842,0.445751250,0.024050035,0.536232054,0.696738601,-0.871878147,-0.615722179,0.940352142,2.819798231,0.116591319,-1.055376291,-0.570073843,-0.965739906,0.513741136,-0.359160542,-0.214004740,-0.160665706,-0.749586344,0.321045101,-1.231919289,-2.246642828,0.387026846,-2.020421505,-7.762175083,-4.564246655,9.998153687,1.992744565
545,10899.994,1786879751396.439,14539214.374,0.000000000,-1.397700310,-0.693244159,0.091009647,0.629932404,-0.245892197,0.766285896,0.530809104,-0.498596251,-0.429495603,0.844314277,3.517468452,0.275953770,-0.949374378,-0.587973118,-0.867583811,0.480766863,-0.406382114,-0.248030946,-0.223850802,-0.779108584,0.313912213,-0.921038687,-2.178811073,0.381303519,-1.973002434,-7.618356705,-4.628643990,9.696206093,2.028333664
546,10919.991,1786879751416.436,14539234.371,0.000000000,-1.471888065,-0.733397484,0.032834113,0.602378249,-0.488540620,0.702781916,0.302412868,0.026168315,0.052260473,1.120030761,2.961777210,0.310131460,-0.889350235,-0.494780302,-1.081454515,0.584777355,-0.482353508,-0.273533881,-0.317474663,-0.742171943,0.295647740,-0.715733469,-2.102682352,0.385943204,-1.981909513,-7.650865078,-4.656550884,9.495906830,2.014082670
547,10939.991,1786879751436.436,14539254.371,0.000000000,-1.458239913,-1.246897221,0.012432337,0.405439436,-0.355262309,0.227475435,0.266179115,0.222739428,0.522134781,1.660044074,1.103148341,0.053407330,-0.901422203,-0.258994877,-2.087974787,0.864635944,-0.579696774,-0.253408551,-0.370277882,-0.688621700,0.277813137,-0.799975634,-2.051675797,0.370917648,-1.964610934,-7.826823711,-4.612164974,9.484210014,1.943457365
548,10959.987,1786879751456.433,14539274.367,0.000000000,-1.370109797,-1.438431263,-0.008306205,0.454033047,-0.358422846,0.013446424,0.072584011,0.033558771,0.812407672,1.909749627,0.110144831,-0.080664709,-0.857538640,-0.147938177,-2.247539043,1.077848673,-0.653000534,-0.239476010,-0.254310161,-0.630834222,0.334259272,-0.786528528,-1.984542370,0.252211452,-2.000310421,-7.870827198,-4.546555042,9.575716972,1.900485277
549,10979.987,1786879751476.433,14539294.368,0.000000000,-1.724202394,-1.622549415,0.080787741,0.513283432,-0.038290985,-0.257112235,-0.050536834,0.562902331,0.488576651,1.629049182,-0.338976443,-0.094655529,-0.837141037,-0.257325113,-2.624816895,1.265265822,-0.499988228,-0.250642598,-0.209027544,-0.480621219,0.434798002,-0.766470492,-1.986807346,0.273629040,-1.983614922,-7.847865582,-4.727701664,9.685499191,1.819329500
550,10999.988,1786879751496.434,14539314.368,0.000000000,-1.816802263,-1.626558661,0.143115386,0.602916718,-0.010185398,-0.660526335,0.002764320,0.789055347,0.204114199,1.589510322,-0.546431303,-0.154664472,-0.914924383,-0.245030835,-2.826681376,1.228807688,-0.436954349,-0.213305160,-0.234397694,-0.415562212,0.473586321,-0.931555092,-2.170582294,0.275610834,-2.011181355,-7.832273006,-4.962309361,9.858326912,1.832310557
551,11019.991,1786879751516.436,14539334.371,0.000000000,-1.707598209,-1.654927254,0.121888503,0.590895355,-0.024236284,-0.666750968,0.022191620,0.759271979,-0.057262167,1.630350471,-0.546296060,-0.217774406,-1.088152528,-0.160441741,-2.697125912,1.168339133,-0.422714621,-0.188397631,-0.259691179,-0.439283192,0.360832036,-1.073091865,-2.310926199,0.255309850,-2.068466187,-7.921426773,-4.993271351,10.075152397,2.052141428
552,11039.988,1786879751536.433,14539354.368,0.000000000,-1.554621935,-1.643392205,0.082954049,0.528114438,-0.014234088,-0.449755102,0.086542375,0.640702248,-0.262922943,1.663322568,-0.342341512,-0.249550715,-1.252055883,-0.120853588,-2.424921989,1.102626443,-0.393740803,-0.190706298,-0.307407945,-0.497053623,0.260797143,-1.227138758,-2.405888796,0.267145425,-2.149070501,-8.019954681,-5.000453949,10.331851006,2.332456112
553,11059.989,1786879751556.434,14539374.369,0.000000000,-1.458889008,-1.519671440,0.056568235,0.441507667,0.041490905,-0.335606068,0.193774343,0.419220477,-0.419579774,1.665166855,-0.028715588,-0.311096251,-1.331933141,-0.152398333,-2.185075521,1.039228439,-0.383755863,-0.207594439,-0.325488597,-0.500655234,0.167527080,-1.344752550,-2.440390348,0.255762368,-2.224889040,-8.091173172,-4.977320194,10.533940315,2.667732239
554,11079.988,1786879751576.433,14539394.368,0.000000000,-1.397426009,-1.481388569,0.026256993,0.426703125,0.135925144,-0.230365008,0.284872234,0.107865632,-0.571157157,1.607974529,0.384383321,-0.284179032,-1.394180179,-0.198503211,-1.957284212,0.893412650,-0.411421627,-0.249107525,-0.262992203,-0.535996377,0.064890072,-1.400328040,-2.466132402,0.306458980,-2.269908428,-8.039628983,-4.963957310,10.621190071,2.981101751
555,11099.985,1786879751596.430,14539414.365,0.000000000,-1.453144312,-1.174470425,0.065636948,0.696773529,0.225424677,0.198609501,0.398026884,-0.312907189,-0.835896194,1.235507965,1.786047339,-0.129347757,-1.343500495,-0.364342213,-1.407792807,0.706557572,-0.405890107,-0.248801932,-0.076746091,-0.621914864,0.046470344,-1.340898037,-2.457065821,0.321061999,-2.263172388,-7.805877686,-5.059666634,10.562872887,3.330966473
556,11119.985,1786879751616.430,14539434.366,0.000000000,-1.725372076,-0.466631979,0.229722962,1.147169709,-0.145562768,0.756274462,0.222048134,-0.203761622,-0.793299019,0.556514025,4.082021713,0.201457486,-1.135968685,-0.403501391,-0.698436916,0.428571552,-0.439495981,-0.335470200,-0.136042520,-0.713840902,0.094378173,-0.934065998,-2.388994694,0.268207669,-2.178121805,-7.571303368,-5.134345055,10.047417641,3.211853504
557,11139.987,1786879751636.432,14539454.367,0.000000000,-1.718830466,-0.429883301,0.282882690,1.196401954,-0.501982391,0.856277645,0.047043301,-0.034345396,-0.435696989,0.280668497,3.739603996,0.370340586,-0.950415134,-0.443817139,-0.948550105,0.327994466,-0.500185192,-0.351455927,-0.183416769,-0.771778047,0.140461788,-0.612699032,-2.237391710,0.293711305,-2.063583374,-7.357525349,-5.158972263,9.456330299,2.962242842
558,11159.989,1786879751656.434,14539474.369,0.000000000,-1.544663548,-0.738665402,0.114064962,1.035267711,-0.342872769,0.718627214,0.087968327,-0.100537889,-0.082433052,0.424362510,3.082800388,0.211900130,-0.883733034,-0.815863788,-1.276180029,0.362516403,-0.558194399,-0.352415204,-0.221061572,-0.758625209,0.166305929,-0.567497432,-2.201344252,0.291111141,-2.033513546,-7.259531021,-5.199150562,9.228369713,2.710623264
559,11179.991,1786879751676.436,14539494.371,0.000000000,-1.193453312,-1.113831282,-0.021397233,0.879612267,-0.234933138,0.493458241,0.011379814,-0.224290982,0.347566813,0.974480391,2.635927677,-0.063399628,-0.849235833,-0.828715503,-1.355804443,0.482070684,-0.596839011,-0.438951015,-0.222387835,-0.764213860,0.180728376,-0.663185179,-2.117291212,0.300072551,-1.964570045,-7.251961231,-5.220812321,9.094172478,2.396699905
560,11199.989,1786879751696.435,14539514.370,0.000000000,-1.189650893,-1.542594433,-0.092403293,0.784375310,-0.270303279,0.176522851,-0.053144924,-0.185967281,0.770720840,1.765329480,1.629925013,-0.257516533,-0.814879000,-0.415311098,-1.772827148,0.661513865,-0.608057916,-0.415479481,-0.275729001,-0.764995575,0.253755867,-0.756708384,-1.964932561,0.271949530,-1.943632364,-7.461711407,-5.263543606,9.150403023,2.103958607
561,11219.990,1786879751716.435,14539534.370,0.000000000,-1.456830382,-1.665106297,-0.006100714,0.695639610,-0.276418000,-0.054944027,-0.015653098,0.086895064,0.840701222,2.027671337,0.211699516,-0.216406301,-0.750385165,-0.108255103,-2.565190554,0.916166008,-0.643865108,-0.351475954,-0.253064126,-0.686751604,0.347513139,-0.788661182,-1.882602453,0.189332709,-1.967095375,-7.689245701,-5.397039890,9.373471260,1.854110837
562,11239.989,1786879751736.435,14539554.370,0.000000000,-1.728597879,-1.845741272,0.125919178,0.610154033,0.018348224,-0.363818496,-0.151500136,0.413800865,0.515920997,1.828998923,-0.300364494,-0.121462956,-0.775542617,-0.190988943,-2.772859097,1.194970012,-0.526302755,-0.331297755,-0.231794134,-0.445875585,0.437255859,-0.678106844,-1.966963053,0.189401150,-1.995099306,-7.781716824,-5.684869766,9.762278557,1.732441664
563,11259.990,1786879751756.435,14539574.370,0.000000000,-1.776651144,-1.891959906,0.242802247,0.653703153,-0.033893846,-0.606207430,-0.105564736,0.734262466,0.085454777,1.817871928,-0.613050401,-0.158517793,-0.933977723,-0.168196440,-2.941171646,1.270307779,-0.401923746,-0.335583270,-0.272199392,-0.305389196,0.432793915,-0.798684716,-2.153046846,0.212790489,-2.055561781,-7.814388752,-6.016917706,10.126429558,1.772621036
564,11279.990,1786879751776.436,14539594.370,0.000000000,-1.713126421,-1.906382799,0.256976664,0.601638198,-0.125673652,-0.547832429,-0.082909308,0.770735145,-0.136887804,1.888476729,-0.627161324,-0.170641139,-1.141825914,-0.071574554,-2.824858665,1.270074248,-0.356495768,-0.363834620,-0.295533717,-0.296898901,0.318768024,-0.848420799,-2.263262987,0.192115217,-2.131474018,-7.857861996,-6.252194405,10.504502296,1.943099380
565,11299.990,1786879751796.435,14539614.370,0.000000000,-1.559594393,-1.848412633,0.170901477,0.531249046,-0.152438998,-0.355390549,0.014452761,0.607996106,-0.221487999,1.858969927,-0.277816832,-0.205028072,-1.287322760,-0.067694321,-2.559642315,1.184204221,-0.370558470,-0.374215603,-0.329351723,-0.358466744,0.184941694,-0.956636310,-2.314358473,0.203148037,-2.209351301,-7.909693241,-6.370496273,10.876845360,2.195448875
566,11319.988,1786879751816.434,14539634.369,0.000000000,-1.518462777,-1.682880640,0.119401649,0.471274555,-0.035821520,-0.125239581,0.211111963,0.232649058,-0.385576844,1.605936766,0.373328447,-0.234473720,-1.375208378,-0.191865131,-2.220504284,1.059901714,-0.416668415,-0.412159443,-0.294054002,-0.412953675,0.091762275,-1.081408262,-2.352707148,0.200758696,-2.264537334,-7.902532101,-6.330585003,11.105500221,2.505416155
567,11339.987,1786879751836.432,14539654.367,0.000000000,-1.662307978,-1.333567619,0.182859436,0.681535840,0.238302082,0.331243515,0.472004265,-0.360008687,-0.666353047,1.025271893,1.716785550,-0.116490796,-1.405821919,-0.428389847,-1.633460999,0.772181749,-0.488274902,-0.483664036,-0.071220018,-0.531928480,0.036834165,-1.108111024,-2.366846800,0.210098684,-2.248850346,-7.691640854,-6.313882828,10.995524406,2.722950220
568,11359.984,1786879751856.430,14539674.365,0.000000000,-2.113534451,-0.283995360,0.466548383,1.276397347,0.190564245,1.051350355,0.542566597,-0.293814212,-1.008351326,-0.091217212,4.663739681,0.211894765,-1.256317854,-0.648740172,-0.669872224,0.414880812,-0.600082994,-0.582184970,-0.126314327,-0.734876692,0.012738004,-0.823496163,-2.391332865,0.151908278,-2.092953920,-7.190298557,-6.337784767,10.346442223,2.599689484
569,11379.985,1786879751876.430,14539694.365,0.000000000,-2.017035484,-0.222504809,0.696885586,1.326978326,-0.105498947,1.355515122,0.440143377,-0.329712927,-0.832005322,-0.485232890,4.361259937,0.494417131,-1.073982120,-0.486653328,-0.845736384,0.161747843,-0.702075481,-0.633611917,-0.114941522,-0.865661025,0.064153478,-0.379313409,-2.316825151,0.121084422,-1.987154007,-6.845457554,-6.154021740,9.498209953,2.149068117
570,11399.985,1786879751896.430,14539714.365,0.000000000,-1.599047303,-0.571928799,0.493779182,1.189159751,0.077035896,1.172410131,0.558368862,-0.364528626,-0.582341254,-0.253280818,3.358041525,0.325065255,-0.961380243,-0.704547763,-1.306308866,0.190523833,-0.731414258,-0.635337830,-0.240365312,-0.939131796,0.053999260,-0.402515203,-2.295000792,0.105928898,-1.895891070,-6.609104633,-6.032472134,8.930766106,1.700944543
571,11419.985,1786879751916.430,14539734.365,0.000000000,-1.107463360,-1.039494276,0.219026700,0.883147001,-0.012772001,0.755279660,0.444241583,-0.434630483,-0.056288064,0.640870273,2.591699123,-0.088729694,-0.958826065,-0.452960372,-1.468331337,0.352511346,-0.695926547,-0.657440543,-0.304060549,-0.925603032,0.033049852,-0.527494609,-2.243294001,0.086395055,-1.833680749,-6.505135059,-6.012009621,8.840472221,1.464472294
572,11439.984,1786879751936.429,14539754.364,0.000000000,-1.159687161,-1.247144461,-0.085826352,0.908090711,-0.280057102,0.448832601,0.025839305,-0.218401209,0.573288977,1.532427549,2.352322817,-0.330085218,-0.946629703,-0.024125434,-1.335263491,0.540615141,-0.671636343,-0.581258297,-0.306317598,-0.919628441,0.100517884,-0.502675891,-2.068387747,0.054805040,-1.807141662,-6.602353096,-5.940885544,8.828678131,1.312809110
573,11459.983,1786879751956.428,14539774.363,0.000000000,-1.440815449,-1.602084875,-0.127244398,0.923526466,-0.323742568,0.169004068,-0.162992030,0.050838053,0.971909225,1.776596427,1.379106283,-0.390176952,-0.886981368,0.132727563,-2.109744549,0.795269728,-0.714676857,-0.437189937,-0.284720153,-0.824451149,0.246948451,-0.561076283,-1.901602626,-0.003138931,-1.812528372,-6.946752071,-5.924008369,9.011860847,1.165242791
574,11479.987,1786879751976.432,14539794.367,0.000000000,-1.737539053,-1.766256213,0.024806872,0.832568944,-0.186490238,-0.176865131,-0.349045694,0.220096081,0.810769558,1.659265280,0.419422477,-0.206964508,-0.828726053,0.141037494,-2.692466259,0.950324237,-0.740619600,-0.305075049,-0.157945707,-0.607872367,0.378053010,-0.450209737,-1.853397489,-0.078030288,-1.871903896,-7.178544521,-5.996504784,9.400640488,1.047631502
575,11499.985,1786879751996.430,14539814.365,0.000000000,-1.915617943,-2.077982426,0.366229475,0.758844018,-0.213564128,-1.004356742,-0.596444786,0.797357440,0.286608785,2.104353666,-0.585994601,-0.178599969,-0.909300566,0.166649461,-3.162911415,1.134353995,-0.629625201,-0.240529761,-0.094518244,-0.322756052,0.463579774,-0.275277764,-1.952411413,-0.093910784,-1.922237754,-7.127851009,-6.242503166,9.903109550,1.016728044
576,11519.988,1786879752016.433,14539834.368,0.000000000,-1.856951952,-2.074980974,0.514021158,0.729062498,-0.357285827,-1.460859060,-0.707974851,1.165956140,0.047572643,2.522409678,-0.980072320,-0.284522474,-1.123975992,0.159443200,-3.272582054,1.261308551,-0.535301626,-0.197800592,-0.139913231,-0.219427884,0.453753412,-0.347549975,-2.093551397,-0.076359600,-1.969319344,-7.005867958,-6.500312805,10.376521111,1.086762309
577,11539.990,1786879752036.435,14539854.370,0.000000000,-1.730614901,-2.090711117,0.330633342,0.529835701,-0.499404520,-1.241461039,-0.697587252,0.983806133,0.002989130,2.894415140,-0.907490790,-0.366441786,-1.281186938,0.057159193,-3.043375492,1.393567681,-0.597718120,-0.204604134,-0.146064281,-0.190150544,0.281574219,-0.359716713,-2.186316729,-0.036082715,-2.058348179,-6.958992004,-6.697765827,10.870452881,1.365713954
578,11559.987,1786879752056.432,14539874.367,0.000000000,-1.614078283,-1.972829342,0.091998592,0.325038552,-0.493038595,-0.478647858,-0.639457524,0.663991988,0.116840243,3.002265930,-0.393400729,-0.427871406,-1.420490742,-0.168795750,-2.584383965,1.488994002,-0.723928034,-0.239590868,-0.230537429,-0.167143777,0.121785358,-0.567151010,-2.127937078,0.054722816,-2.091490030,-6.830559731,-6.698217392,11.330965042,1.837342978
579,11579.987,1786879752076.432,14539894.367,0.000000000,-1.505311966,-1.975789905,0.066148952,0.249239981,-0.361703902,0.155688122,-0.535802186,0.256863087,-0.016980244,3.073687077,0.702372491,-0.462074399,-1.459090471,-0.381323755,-2.054872036,1.274889469,-0.796688735,-0.330451131,-0.028651627,-0.201474562,0.081484869,-0.782154739,-2.073074102,0.059274346,-2.067540407,-6.493702412,-6.704506397,11.532914162,2.195056915
580,11599.986,1786879752096.431,14539914.366,0.000000000,-1.992676377,-1.007742167,0.464473665,0.946524978,0.469935507,1.354310513,0.110942937,-0.212354839,-0.716283143,1.479893565,4.518846989,-0.164515540,-1.412770391,-0.887184680,-0.734960556,0.501491547,-0.995597780,-0.460853398,0.200889304,-0.639360905,0.172676057,-0.776344538,-2.192332506,-0.079029411,-1.819962263,-5.761872768,-6.622932434,10.836871147,1.985695004
581,11619.988,1786879752116.433,14539934.368,0.000000000,-2.675198317,0.041833818,1.061336517,1.203886509,0.289149195,1.581034064,0.979167759,-0.425699979,-0.716117322,-0.976126790,5.112337589,0.281766713,-1.257423162,-1.616750956,-0.681952357,-0.096404798,-0.930885017,-0.760631561,0.000622643,-0.890742004,0.174500808,-0.409785718,-2.349796057,-0.120289624,-1.749229431,-5.317132473,-6.404134750,9.797004700,1.086643577
582,11639.991,1786879752136.436,14539954.371,0.000000000,-2.853393555,0.187486261,0.857384920,1.321967721,0.359866232,1.726458788,1.219039321,-0.374726444,-0.705240846,-1.423172355,4.738539219,0.399748564,-1.144783139,-1.767794371,-1.177684903,-0.180849850,-0.887583494,-0.814795971,-0.071505770,-0.983265936,0.203395471,-0.103046760,-2.453168154,-0.115062237,-1.766336918,-5.088510036,-6.064440250,8.935126305,0.187738210
583,11659.988,1786879752156.433,14539974.368,0.000000000,-2.390708923,-0.186351597,0.605942667,1.100303531,0.451833099,1.631205082,1.194795012,-0.413834184,-0.436150879,-0.812336922,3.842919827,0.152077377,-1.165629745,-1.456026793,-1.465539455,0.029672675,-1.011271596,-0.864150763,-0.106889412,-1.039479733,0.095458850,-0.209262058,-2.331143618,-0.133525372,-1.734874487,-4.954279423,-5.840378284,8.458425522,-0.531084776
584,11679.987,1786879752176.432,14539994.367,0.000000000,-1.848688483,-0.779554963,0.411094785,0.833640099,0.172120929,1.268772840,0.697211146,-0.448327512,0.129587233,0.678754568,2.937346935,-0.163966522,-1.311197639,-0.563794613,-1.659445882,0.341825157,-1.180187941,-0.733415782,-0.180248067,-0.975873172,-0.007753044,-0.225657076,-2.111436367,-0.209549367,-1.669096708,-5.033252239,-5.695379257,8.424887657,-0.898658872
585,11699.987,1786879752196.432,14540014.367,0.000000000,-1.459991813,-1.299950600,0.023862556,0.890492558,-0.036169864,0.986841023,-0.032039635,-0.500835359,0.524148285,1.632033467,2.731751204,-0.577166319,-1.297731519,-0.162829220,-1.637847185,0.612301528,-1.183751583,-0.571578920,-0.188017190,-0.878799379,0.034918621,-0.257599443,-1.971273661,-0.255863279,-1.558697820,-5.283844471,-5.515774727,8.508700371,-0.848181009
586,11719.989,1786879752216.434,14540034.369,0.000000000,-1.514580369,-1.640241861,-0.148144886,0.969524264,-0.209986180,0.718913674,-0.520230830,-0.065455064,0.852929652,2.047077656,1.850196362,-0.807894349,-1.114123583,0.065820768,-2.239623308,0.838370383,-1.173802495,-0.350888550,-0.215742692,-0.727085531,0.239106178,-0.322473496,-1.761749506,-0.323150724,-1.507445574,-5.687131405,-5.273546696,8.585629463,-0.778065920
587,11739.984,1786879752236.429,14540054.364,0.000000000,-2.011935711,-1.715911269,0.057615593,0.880953074,-0.234064549,0.122731358,-0.739807069,0.552785993,0.585060060,1.830581546,0.367241740,-0.481885850,-0.960599959,0.156312555,-2.935885668,0.970197320,-1.184575200,-0.196079716,-0.108825505,-0.499616146,0.429817617,-0.142386496,-1.704739690,-0.375175297,-1.602881551,-5.914738178,-5.290887833,8.821497917,-0.659575820
588,11759.989,1786879752256.434,14540074.369,0.000000000,-2.251583099,-1.857084751,0.446917892,0.855606556,-0.164543033,-1.081609011,-0.989846766,1.245314002,-0.054285794,2.111183882,-0.490748942,-0.303101331,-0.890738547,0.297333360,-3.208900690,1.124635100,-1.132432342,-0.072106436,0.026074542,-0.259883791,0.481012046,0.112204298,-1.729280353,-0.407279491,-1.663584709,-5.751955509,-5.522992134,9.092782974,-0.475732982
589,11779.986,1786879752276.431,14540094.366,0.000000000,-2.407208681,-1.753729105,0.702057958,0.826190889,-0.203389496,-2.040068388,-0.956709564,1.559467435,-0.241983771,2.361791611,-0.735438287,-0.349944949,-1.281533360,0.280773938,-3.363273859,1.314460158,-1.133367419,-0.006152555,0.076337188,-0.138583943,0.447382748,0.259954035,-1.985921979,-0.438340276,-1.743284464,-5.525807858,-5.855698109,9.448756218,-0.269630820
590,11799.986,1786879752296.431,14540114.366,0.000000000,-2.240185499,-1.801427841,0.485894024,0.604530334,-0.309457213,-1.932308793,-0.850124478,1.221216321,-0.093126118,2.493192434,-0.504290640,-0.521454632,-1.654587388,0.186545417,-3.152944803,1.397474408,-1.221529841,-0.038138315,0.089839719,-0.151948869,0.190037519,0.264578313,-2.145992041,-0.430116802,-1.819885969,-5.397403717,-6.137634754,9.939505577,0.065756820
591,11819.991,1786879752316.436,14540134.371,0.000000000,-1.932768822,-1.971760750,0.151358515,0.169242978,-0.510161519,-1.141545653,-0.817312956,0.638374686,0.064759821,3.060000658,-0.244211555,-0.700634956,-1.802939773,0.038181372,-2.752915144,1.386032104,-1.262055397,-0.147488430,0.067262605,-0.191952527,-0.055466264,-0.007163171,-2.111376762,-0.361836016,-1.851275206,-5.183004379,-6.273864746,10.517413139,0.642912567
592,11839.989,1786879752336.434,14540154.369,0.000000000,-1.717651606,-2.234584808,0.183706343,0.058867380,-0.527602017,-0.526066184,-0.973662376,0.307003319,-0.041826293,3.558906794,0.749154866,-0.775293708,-1.851429582,-0.055875398,-2.319666624,1.066303730,-1.274290204,-0.241918668,0.175501645,-0.287307590,-0.149047777,-0.341526866,-1.996300220,-0.390008420,-1.757120490,-4.681298256,-6.410157681,10.792302132,1.141779184
593,11859.985,1786879752356.430,14540174.365,0.000000000,-1.817721963,-1.471678257,0.592983007,0.398687541,0.245436698,0.971006155,-0.910452902,-0.455425173,-0.429085523,2.499583960,4.302966595,-0.468352109,-1.886427283,-0.345031857,-0.917961001,0.514367342,-1.489140511,-0.415840566,0.467373729,-0.634398282,-0.028244749,-0.516373754,-1.856293321,-0.384626240,-1.500125051,-3.825815439,-6.573291779,10.310683250,1.187636733
594,11879.985,1786879752376.430,14540194.365,0.000000000,-2.814681292,-0.000711888,1.357542753,1.207407594,0.519196153,1.831182241,0.910862625,-0.460473955,-0.468383282,-0.074132033,6.135476589,-0.008711915,-1.665089965,-1.161129236,-0.168018460,-0.036008663,-1.383234382,-0.706753731,0.106184617,-0.990442514,-0.009369865,-0.312979490,-2.042883635,-0.358352333,-1.466553688,-3.158119202,-6.457643986,9.497968674,0.176647872
595,11899.984,1786879752396.429,14540214.364,0.000000000,-3.120100498,0.310792208,1.348033786,1.530426383,0.846508980,1.950758100,1.766099691,-0.649852753,-0.883363307,-1.676809907,5.484860420,0.314806908,-1.140717387,-2.420603275,-0.973163962,-0.477295280,-1.195045710,-0.964303017,-0.072293445,-1.188294888,0.217388242,0.009408344,-2.315350294,-0.387839168,-1.417948604,-2.876144171,-6.140984535,8.489274025,-1.158330321
596,11919.986,1786879752416.432,14540234.367,0.000000000,-2.691763639,0.043647140,1.177344918,1.274690151,1.088458776,1.712000608,1.833292603,-0.701127410,-1.124027371,-1.293443441,4.694893360,0.148961350,-0.982502103,-2.121414661,-1.309504032,-0.535918772,-1.281687737,-1.074341178,-0.089159444,-1.239670277,0.212772474,0.088226795,-2.268355608,-0.448412806,-1.385556340,-2.774941683,-5.922002316,7.839711189,-2.507674456
597,11939.984,1786879752436.430,14540254.365,0.000000000,-1.816343546,-0.731155932,1.195038795,0.867339134,0.609400272,0.877088189,1.161108613,-0.470157057,-0.629044831,0.729722023,3.639001608,-0.056519505,-1.130326509,-0.489308119,-1.355141401,-0.049356826,-1.523935676,-0.747915268,-0.224488601,-1.204462171,-0.006966874,0.482278854,-1.899067283,-0.639943779,-1.286954045,-2.581016779,-5.722319126,7.752354145,-3.344727516
598,11959.987,1786879752456.432,14540274.367,0.000000000,-1.522827744,-1.183053613,1.277357459,1.231257200,0.029779963,-0.498498350,-1.040457249,-0.139460549,1.035282016,2.029702663,3.503884792,-0.534257710,-1.333741426,0.779568970,-1.100882053,0.646531284,-1.806673408,-0.129383132,-0.162062675,-1.070017576,-0.190204456,1.004213452,-1.480059385,-0.984708130,-1.072180271,-2.060618162,-5.697602749,7.716636658,-3.257447720
599,11979.985,1786879752476.430,14540294.365,0.000000000,-1.823570728,-1.585640788,0.106484160,1.107491374,-0.204527944,-0.185660630,-1.193135619,-0.593507409,2.135123014,2.184572458,2.742248297,-1.180126190,-1.183930635,0.130621567,-1.663327575,1.275950551,-2.103186131,-0.105048940,-0.020670222,-0.936843276,-0.152785406,1.077512741,-1.168481350,-0.872217834,-0.964635551,-2.109909773,-5.866097450,8.060667992,-3.019351006
600,11999.988,1786879752496.433,14540314.368,0.000000000,-2.256052732,-1.722642660,-0.340985656,0.723468959,-0.296092510,0.664110720,-0.960713208,-0.043717533,2.247432947,2.135189295,1.715855360,-1.235445857,-0.990653396,-0.128671601,-2.032574654,1.516770244,-2.378506899,-0.145002052,0.029504163,-0.723834336,0.000188783,1.031192422,-0.917991102,-0.769205689,-1.085074067,-2.321511269,-5.999575138,8.407337189,-2.930387974
601,12019.986,1786879752516.431,14540334.366,0.000000000,-2.703537226,-1.725615025,0.421344221,0.545153320,-0.293438971,0.218727469,-0.863230050,1.101523399,1.376222849,2.007422924,0.223759770,-0.898759723,-0.937437832,0.215088069,-2.616774082,1.700824380,-2.321279287,0.006752685,0.056631066,-0.518368304,0.279348314,0.668753028,-0.837871492,-0.794530690,-1.141121745,-2.367001534,-6.192204475,8.636646271,-2.943367958
602,12039.986,1786879752536.431,14540354.366,0.000000000,-3.510967970,-1.254669547,1.703116179,0.706890583,-0.427125126,-2.249405146,-1.069328427,1.964174628,-0.159473836,2.727662086,-0.233830690,-0.505393803,-1.073637962,0.420031071,-3.267956018,1.758212447,-2.186534643,0.276253045,0.132522479,-0.376195014,0.469463527,0.131788030,-1.050195217,-1.029063106,-1.104495168,-2.259609461,-6.358479977,8.684089661,-2.911371708
603,12059.983,1786879752556.428,14540374.364,0.000000000,-3.502454758,-1.056696892,1.793260098,0.649400175,-0.246089488,-2.835828543,-1.077119231,1.697313190,-0.745244920,2.769175529,-0.199072808,-0.353857577,-1.560607076,0.443681300,-3.260934114,1.631423712,-2.287076950,0.193170205,0.163651586,-0.343969166,0.290630817,0.145750999,-1.295905352,-1.021538258,-1.021716237,-2.015313625,-6.517968655,8.913577080,-2.838369370
604,12079.986,1786879752576.431,14540394.366,0.000000000,-2.959852457,-1.275853515,1.253892660,0.368178278,-0.296896428,-1.867692590,-1.154604316,0.970008135,-0.326399714,2.732671022,-0.030779339,-0.577041686,-1.974584699,0.382643759,-2.750823736,1.464954495,-2.366362333,0.049288228,-0.042566910,-0.435585052,-0.209048614,0.135892600,-1.298023462,-1.022610307,-0.973134577,-1.607465386,-6.553153038,9.410262108,-2.371745586
605,12099.984,1786879752596.429,14540414.364,0.000000000,-2.900928020,-1.766046524,1.509545803,0.236256331,-0.697193205,-1.756962180,-1.124556541,0.272435009,0.384010732,2.763473034,0.517463326,-0.474912077,-2.082880020,0.375300944,-1.865016460,1.128337502,-2.431317568,-0.022431746,-0.142173991,-0.583006084,-0.614894331,0.146149457,-1.090715647,-1.157385826,-0.931803048,-0.836374462,-6.520318508,9.624497414,-1.655044675
606,12119.985,1786879752616.430,14540434.365,0.000000000,-2.719486475,-1.875619769,2.157284498,0.330330819,-0.629929721,-1.445284843,-1.180410266,-0.949909568,0.727235496,2.499833584,2.744821072,0.124335364,-1.983509183,0.384900630,-0.574234843,0.514343858,-2.613927126,-0.177514777,-0.028766992,-0.905892551,-0.903826416,0.248599157,-0.741158187,-1.150738120,-0.851420522,0.227464780,-6.606910706,9.416428566,-1.057103872
607,12139.985,1786879752636.430,14540454.365,0.000000000,-2.323794127,-1.099027038,2.800647497,0.924437463,0.412518770,-1.715250254,-0.813427091,-2.046701908,-0.244304746,2.434477329,6.506907940,0.605276942,-1.544634104,0.400296628,0.738340735,0.181731492,-2.772680044,-0.471409559,-0.089086279,-1.293988705,-1.039623976,0.462451130,-0.483706057,-1.037644029,-0.813917398,1.522373915,-6.404427052,8.425777435,-1.440670013
608,12159.985,1786879752656.430,14540474.365,0.000000000,-2.432588816,-0.578844786,2.546220064,1.199257493,0.435528696,-2.573636770,-0.103970014,-1.738870740,-0.556893170,2.087306738,6.360012531,0.769205093,-0.879246473,0.481439531,0.622565687,0.241016746,-2.520844698,-0.446833313,-0.095446452,-1.279297829,-0.704276025,0.816117406,-0.302477211,-1.049009204,-0.856550574,2.074014187,-5.964367390,7.142735481,-2.301573753
609,12179.985,1786879752676.430,14540494.365,0.000000000,-2.704080105,-0.228089869,1.681177020,1.144952416,0.019210421,-2.958223820,-0.174595624,-0.598910213,0.491995454,1.863059640,5.374915600,0.337530613,-0.783155859,0.371227026,0.484997034,1.031386733,-2.289853334,-0.384951591,-0.052946374,-0.801418006,-0.450322807,1.882196903,-0.053313371,-1.103184938,-0.847003460,2.629420996,-5.924339771,6.304821014,-2.833832502
610,12199.986,1786879752696.431,14540514.366,0.000000000,-2.865681648,-0.518446207,1.135554671,1.239114881,-0.560385168,-2.100565434,-0.763631403,-0.022341231,2.090259552,1.654123306,3.556590557,0.177571550,-1.067310929,0.187867031,0.663455129,1.830538869,-2.491909266,-0.236619845,-0.072259977,-0.529109895,-0.464083850,2.695637226,0.234474838,-1.041101336,-0.789527297,3.240735531,-6.110162258,6.066672325,-2.945413589
611,12219.985,1786879752716.430,14540534.366,0.000000000,-2.826137543,-0.857673883,1.113528371,1.383853197,-1.044852734,-1.087755680,-1.185445905,-0.386898518,2.918356657,1.456475973,2.644585848,0.272380531,-1.274683595,0.165162012,0.715223670,2.460105658,-2.696682692,-0.194034681,-0.130171701,-0.418600023,-0.544365942,3.217184067,0.702989757,-0.876528025,-0.718433321,3.785171986,-6.652088642,6.324610710,-3.003494978
612,12239.989,1786879752736.434,14540554.369,0.000000000,-2.593599081,-0.881201208,1.487838984,1.571030498,-0.947248340,-0.515087724,-1.248991609,-1.417318940,2.569914579,1.520419598,3.421556950,0.541176081,-1.314516068,0.148718074,0.865162134,2.495908260,-2.543859005,-0.244179294,-0.036830828,-0.475924402,-0.544238985,3.558953762,0.983380258,-0.612885058,-0.669939399,4.352762222,-7.137168884,6.598487854,-3.103755474
613,12259.989,1786879752756.435,14540574.370,0.000000000,-2.972889900,-1.021227241,2.246115923,1.838605046,-1.222715259,-0.714620292,-1.086905122,-0.783639669,2.355293512,1.479945540,2.279637575,0.413063765,-1.317631006,0.111053273,1.025745392,2.706864357,-2.182207108,-0.122368500,-0.326949477,-0.422680050,-0.498369336,4.104942799,1.079138517,-0.546108007,-0.631596506,4.551077366,-7.425998688,6.695066929,-3.118449450
614,12279.991,1786879752776.436,14540594.371,0.000000000,-3.309074163,-0.788348436,3.199327946,1.823140979,-0.986517489,-1.417922139,-1.135384679,-0.793469191,1.809952140,1.633068204,3.037772894,0.664703071,-1.635989785,0.105417654,1.387078047,3.511366844,-1.937490582,-0.138628647,-0.307216614,-0.474030852,-0.456093311,4.196864605,1.014776230,-0.554189265,-0.632832587,4.886782169,-8.035791397,6.831108093,-3.475338697
615,12299.995,1786879752796.440,14540614.375,0.000000000,-3.087092400,-0.139915287,3.622609615,1.804061174,-0.025671117,-1.786824822,-1.062258363,-1.539031386,0.729596138,1.945453882,5.598577976,0.910663605,-1.686145663,0.250280321,1.401842713,4.010703087,-1.910125852,-0.340198755,-0.094247535,-0.395081937,-0.339585781,3.898965836,0.855689108,-0.416739732,-0.620512426,5.092663288,-8.179397583,6.895906448,-4.107463360
616,12319.991,1786879752816.436,14540634.371,0.000000000,-2.784430027,0.216563106,3.134149313,1.361772895,0.392347157,-1.143805146,-0.350233495,-1.778447270,0.034261480,2.000280380,6.123808384,0.901980042,-1.484855652,0.283230424,1.119594812,4.271105766,-2.061425686,-0.421487510,0.039777681,-0.362977386,-0.097562686,3.099960566,0.885699987,-0.223457903,-0.646773756,4.883141041,-8.310626984,6.681940556,-5.047203541
617,12339.993,1786879752836.438,14540654.373,0.000000000,-2.794916630,-0.287892580,2.999217033,0.983744681,-0.562882185,-0.481343776,0.138217732,-0.712117136,0.607481956,2.005975246,3.982212067,0.867431581,-1.371138930,0.186569139,1.200171351,4.188221455,-2.235349417,-0.270787477,0.019705040,-0.262244970,-0.034818932,2.688191652,1.085789204,-0.274682730,-0.590754271,4.538196564,-8.087322235,6.386166573,-5.726823330
618,12359.993,1786879752856.438,14540674.373,0.000000000,-2.764895916,-0.238955110,3.262418509,0.853333890,-1.049465895,1.243247747,-0.058692925,-0.287865430,0.728042305,2.015649796,2.498080730,1.419065356,-1.458577752,0.169558242,1.449756622,4.543260574,-1.991583824,-0.223593011,-0.198598579,-0.262652308,0.123932913,1.478836060,0.945023358,-0.016210290,-0.487790763,3.724150658,-8.291147232,6.089749813,-6.210125446
619,12379.989,1786879752876.434,14540694.369,0.000000000,-2.438721180,-0.294560254,2.940652847,1.014969349,-1.294457555,3.080702782,-0.252719015,-0.424141824,0.107800379,2.042670488,1.946407914,1.749312043,-1.367965460,0.280989885,1.571937323,4.385227203,-1.865436435,-0.286363423,-0.429594219,0.075186148,0.282084584,1.083300352,1.021978140,-0.092125215,-0.346564472,3.194168091,-9.024189949,6.437188148,-6.598951817
620,12399.991,1786879752896.436,14540714.371,0.000000000,-2.339056969,-0.553119123,4.257470608,1.367266893,-1.596006155,2.402762651,-0.227308735,-0.088600516,-0.289508551,2.175816298,1.663079381,2.242841005,-1.302696347,0.252945483,1.761932135,3.429227114,-1.248417139,-0.399280608,-0.441990137,0.193748638,0.620768130,1.288945913,1.155479670,-0.341982394,-0.196961612,3.440448046,-9.697061539,6.813494682,-6.963930607
621,12419.987,1786879752916.432,14540734.367,0.000000000,-2.342065573,-0.371168137,4.875599861,1.019390106,-0.971356511,1.006311655,-0.140216708,-0.963593006,0.109003648,2.047199726,2.805739880,2.930099726,-1.381827831,0.159064367,2.017622471,2.441150904,-0.914971173,-0.443444490,-0.225592300,0.053616505,0.753311455,1.870850325,1.292890668,-0.293293804,-0.232982665,4.286850929,-9.901178360,6.798216820,-7.539790154
622,12439.987,1786879752936.432,14540754.367,0.000000000,-2.284912109,-0.540136814,4.899479389,0.886190891,-0.373974383,-0.200401664,-0.057614498,-1.827955365,0.999548018,1.496224999,3.683418751,3.279537916,-1.523471713,0.012952253,2.026095867,2.023260593,-0.925299108,-0.496844053,-0.010020005,-0.059635092,0.715604126,2.366287231,1.488976002,-0.190612406,-0.150855094,5.089609623,-9.726325035,6.208694935,-8.171511650
623,12459.991,1786879752956.436,14540774.371,0.000000000,-2.416144371,-0.475248933,4.883619308,0.910141349,-0.486291915,-1.092899203,-0.067641519,-1.886737108,1.664832950,1.039467692,3.728395939,3.031908274,-1.844801784,-0.093809679,2.111183167,1.827027082,-0.917861640,-0.586326897,0.063044354,-0.101887703,0.618290603,2.761285543,1.619689941,-0.348893225,-0.152383253,6.114646435,-9.524333954,5.628595352,-8.459451675
624,12479.988,1786879752976.434,14540794.369,0.000000000,-2.900431871,0.613812089,-0.830457926,-0.022395581,-0.564516425,0.005304884,-0.693459272,-1.830540895,1.760820270,1.061865449,3.314951897,0.601399899,-1.313533187,-0.017311737,0.910831451,3.236079216,-2.653604984,-0.136650488,0.238281623,0.166927993,0.948664248,2.205986261,2.210502863,0.293603390,-0.510323703,5.512046337,-8.973532677,5.514249802,-9.314651489
625,12499.986,1786879752996.431,14540814.366,0.000000000,-2.594334602,0.507366776,-1.361698985,0.078157283,-1.478057981,1.082184434,-0.804015577,-1.169250488,2.563325644,1.107195497,2.643392563,-0.223793730,-0.653469145,-0.024830386,0.812591910,2.947590828,-3.335514545,-0.049616441,0.199191764,0.318678439,0.848662019,1.800022840,2.647408724,0.343651503,-0.445428997,5.823056221,-8.303619385,5.108150005,-9.459031105
626,12519.990,1786879753016.436,14540834.371,0.000000000,-2.618921280,0.448367000,-0.308684886,0.847989678,-1.846093416,0.925114095,-1.288122535,-1.012709856,2.531932354,1.331572413,2.463117599,-0.042392086,-0.635700583,0.260203779,1.028232217,3.042352200,-3.359992981,0.143488005,0.134846568,0.242470071,0.798072159,2.192570925,2.929669619,0.218935445,-0.420684963,6.063037872,-7.571039200,4.601641178,-9.040429115
627,12539.992,1786879753036.437,14540854.372,0.000000000,-2.804166794,0.526737988,0.559574246,1.390359282,-1.732615352,0.323860884,-1.792251945,-1.050800085,2.177250147,1.525124431,2.817331553,0.190204516,-0.762715459,0.442497849,1.188551903,3.291525602,-3.051322222,0.278300583,0.123357251,0.151159331,0.863404751,2.485093594,2.898061514,0.076822847,-0.446340680,6.224008083,-7.285422325,4.605676174,-8.888396263
628,12559.989,1786879753056.434,14540874.369,0.000000000,-2.790970325,0.560000896,1.233302593,1.424789310,-1.491704702,-0.103141174,-1.722029090,-1.230305791,1.723138213,1.565938115,2.764294147,0.610174298,-1.172485948,0.468153894,1.341665745,3.183605671,-2.577394962,0.265154660,0.049916133,0.126662776,0.873702705,2.560747147,2.593711615,0.027083291,-0.549038231,6.408564568,-7.296916485,4.437941551,-8.864245415
629,12579.989,1786879753076.434,14540894.369,0.000000000,-2.682202816,0.500629425,1.064468265,1.066185355,-1.139986396,0.145336136,-1.186773777,-1.424003720,1.283132076,1.669018269,2.418394804,0.790932715,-1.450339913,0.360156238,1.438777566,3.413836956,-2.379938364,0.241596743,-0.019809352,0.436604977,0.994779646,2.774039030,2.155727625,0.151065633,-0.631107271,6.359900951,-7.203391552,4.387197971,-9.169999123
630,12599.986,1786879753096.432,14540914.367,0.000000000,-2.556346893,0.403972000,1.181809425,0.831665277,-0.891303420,0.731721640,-0.752793550,-1.400573611,0.774205327,1.893582463,2.271742821,1.104885221,-1.568855524,0.279581666,1.630421877,3.258353233,-2.141001225,0.222198606,-0.022721814,0.675532937,1.134438515,2.939799309,1.664085388,0.253811955,-0.596695423,6.425291538,-7.182119846,4.043154240,-9.560198784
631,12619.988,1786879753116.433,14540934.368,0.000000000,-2.411545277,0.331080109,1.466150045,0.696328878,-0.766490459,1.034502029,-0.477166146,-1.458553433,0.323365688,2.091244936,2.051318645,1.462391376,-1.778207064,0.234735534,1.797034264,3.102815390,-2.166213274,0.221827522,-0.101362705,0.795152545,1.176152229,2.714828253,1.239849806,0.257106602,-0.553120315,6.287294865,-7.027687073,3.702919245,-9.821299553
632,12639.986,1786879753136.431,14540954.366,0.000000000,-2.284420967,0.276791185,1.996379137,0.894572437,-0.968665600,0.958198726,-0.448271960,-1.499028563,0.154912785,2.256374836,1.679812670,1.579290152,-1.878743291,0.251467407,2.012163877,2.988184929,-2.008779764,0.214941069,-0.156314030,0.871210217,1.134872437,2.521980286,0.999574602,0.214703575,-0.515861273,6.339154720,-6.777860165,3.358954668,-9.959029198
633,12659.992,1786879753156.437,14540974.372,0.000000000,-2.348838329,0.293874145,2.433260679,1.261906505,-1.022264242,0.493832439,-0.672821820,-1.695046782,0.075407013,2.263929129,1.739592433,1.732094407,-2.154459000,0.251315951,1.967653751,2.545161963,-1.833258867,0.187976286,-0.107852936,0.733648539,1.116129637,2.543951988,0.834315002,0.126290873,-0.480533630,6.628979206,-6.577119827,3.186675310,-9.914198875
634,12679.993,1786879753176.438,14540994.374,0.000000000,-2.430233002,0.434484094,2.353044987,1.306657791,-0.970731139,0.444523185,-0.740397632,-1.833330393,0.334988147,2.241680861,1.697909236,1.877917290,-2.303205967,0.187328801,1.856813669,2.553794384,-1.885289907,0.171602830,-0.099829152,0.747112572,1.064236879,2.734138966,0.922405064,0.196458951,-0.505354762,7.067636013,-6.538387775,3.017776728,-9.741024971
635,12699.992,1786879753196.438,14541014.373,0.000000000,-2.641974211,0.507252216,1.949714661,1.171385288,-1.096187949,0.342979103,-0.674864173,-1.722179770,0.558155477,2.032948732,1.562427402,1.811143517,-2.285698891,0.140939221,1.898832202,2.743701696,-2.404899120,0.183475420,-0.157213643,0.924928546,0.883584559,2.904614210,1.251200795,0.251324236,-0.540144145,7.442862988,-6.739429951,2.879789829,-9.644365311
636,12719.992,1786879753216.437,14541034.372,0.000000000,-2.848592520,0.899337292,1.457173705,1.217410922,-1.098164797,0.397977144,-0.832807779,-1.640609503,0.642624736,1.836840630,1.706394434,1.661435962,-2.241378784,-0.006746069,1.922791719,3.058424234,-2.840906382,0.156083301,-0.185485646,1.192232966,0.714262426,2.751898527,1.533751607,0.363366008,-0.583756924,7.693374634,-7.093657017,2.634204149,-9.734496117
637,12739.995,1786879753236.440,14541054.375,0.000000000,-2.975802422,1.225607634,1.157993436,1.286357880,-1.168984413,0.494528860,-0.998195648,-1.362777114,0.790314376,1.731718183,1.835846305,1.491118550,-2.215269089,-0.039556578,1.934674382,3.390121460,-3.137020350,0.169222221,-0.218495771,1.368809462,0.640264034,2.461522341,1.724334955,0.467731982,-0.594262719,7.612871647,-7.429252148,2.405121326,-9.831606865
638,12759.987,1786879753256.433,14541074.368,0.000000000,-3.053793907,1.323825002,0.836208522,1.227038503,-1.327715516,0.737214804,-1.021075964,-0.991550565,0.913697422,1.625091195,1.719656110,1.352807879,-2.159748077,0.027720138,1.937729478,3.634985924,-3.238666296,0.157902345,-0.236235723,1.493085623,0.716021717,2.094831467,1.797209024,0.543053448,-0.609746397,7.289852142,-7.625936508,2.203512430,-9.869569778
639,12779.991,1786879753276.436,14541094.371,0.000000000,-3.083465576,1.445756912,0.872488976,1.262981534,-1.508153915,0.850604892,-1.111742020,-0.787849784,1.077482104,1.500714421,1.564166903,1.400537252,-2.243996859,0.121114999,2.040363312,3.710968971,-3.048633814,0.154636994,-0.220712587,1.544306159,0.853311360,1.829493403,1.796208024,0.627246082,-0.637797892,6.936887264,-7.699333668,1.930690289,-9.808506966
640,12799.986,1786879753296.431,14541114.366,0.000000000,-3.009969473,1.459491491,1.120374918,1.472277045,-1.708826065,0.715568662,-1.281050086,-0.745296717,1.267498493,1.331286430,1.327747941,1.400506496,-2.385219097,0.187683508,2.090634108,3.612097740,-2.682606936,0.141864732,-0.226988927,1.584404826,0.953013301,1.529011250,1.697129250,0.648966908,-0.667844355,6.561800957,-7.673615932,1.723103046,-9.638644218
641,12819.990,1786879753316.435,14541134.370,0.000000000,-2.924559593,1.410927653,1.226314425,1.484782934,-1.720649958,0.514299512,-1.286509395,-0.920323014,1.384651780,1.227987409,1.274428964,1.358486891,-2.524847746,0.261693478,2.087775946,3.561672211,-2.377596617,0.116920963,-0.211048856,1.675681472,1.015505910,1.376294494,1.616488099,0.664144397,-0.744063497,6.176716328,-7.493547916,1.603923798,-9.484391212
642,12839.990,1786879753336.435,14541154.370,0.000000000,-2.769908428,1.414289594,1.206032038,1.309448957,-1.581429958,0.492991775,-1.083553553,-1.168611169,1.485227108,1.139562726,1.350138187,1.344208121,-2.659138203,0.399135709,2.065898657,3.373929501,-2.169955254,0.082566097,-0.156479076,1.717625380,1.105803728,1.308127284,1.625644922,0.647401154,-0.781529129,5.681509972,-7.312991142,1.380736113,-9.268746376
643,12859.988,1786879753356.433,14541174.368,0.000000000,-2.601736546,1.440115333,1.377681494,1.408416748,-1.566303492,0.236250311,-1.042624950,-1.261133671,1.587870598,0.950036645,1.335870504,1.172380567,-2.805536747,0.431722820,2.094938755,3.047750473,-1.992179275,0.085103229,-0.161888734,1.701274395,1.091010094,1.065997720,1.684878230,0.666303337,-0.786003530,5.332262516,-7.141189098,1.010447860,-9.006064415
644,12879.985,1786879753376.430,14541194.365,0.000000000,-2.553940058,1.511148453,1.351583004,1.374079585,-1.490920901,-0.144882232,-1.063044071,-1.278974056,1.635399818,0.799614072,1.327938676,0.903562069,-2.951959372,0.430426896,2.052401066,2.926212311,-2.038197756,0.138346657,-0.201560304,1.666041017,1.015276313,0.776881516,1.768624067,0.702037454,-0.823330581,4.936031342,-6.963449478,0.656650841,-8.711195946
645,12899.985,1786879753396.430,14541214.365,0.000000000,-2.552971125,1.548883677,1.305564880,1.234394193,-1.486809015,-0.463988692,-0.977198005,-1.351188660,1.723634362,0.716904640,1.292454600,0.721920431,-3.105587482,0.494236887,2.029155493,2.782005548,-2.148405075,0.149459109,-0.244242206,1.634180665,0.923695445,0.611241400,1.794378877,0.705537677,-0.874717534,4.566151142,-6.876742363,0.411549747,-8.424698830
646,12919.990,1786879753416.435,14541234.370,0.000000000,-2.604818344,1.949331045,1.339259386,1.277798772,-0.339832932,-1.112479210,-1.432935238,-1.502434373,2.285737038,1.043161154,2.893401623,1.234841228,-3.122314692,0.071601555,1.889000773,3.352296352,-3.340877295,-0.081876561,0.031744942,2.186653614,0.761960328,1.486217260,1.544973135,0.565969348,-0.726114631,5.009722710,-7.104518414,0.647804916,-8.258202553
647,12939.989,1786879753436.435,14541254.369,0.000000000,-2.223797083,1.323470592,2.086854458,1.652366757,-1.051991105,-2.744360209,-1.167764783,1.061436892,0.854068220,0.945357680,0.224262625,1.086039543,-3.601086855,0.812090456,2.954485655,3.193750381,-2.648569345,-0.480729580,-0.508157909,2.517982721,0.629636347,0.645686209,0.817309320,0.656232953,-0.338928133,5.461739063,-7.638749123,0.969749808,-7.293679714
648,12959.990,1786879753456.435,14541274.370,0.000000000,-2.825166702,1.695883393,3.310768843,0.114333041,-0.845806599,-4.048285484,-1.268193126,0.815348268,-0.066691101,2.175879717,-0.107590176,1.237252593,-3.854118586,0.151610002,4.352590561,3.191847324,-1.376382351,-0.443302453,-0.763798058,1.929364324,0.672517836,-0.134155780,-0.449071527,0.581181586,-0.262944579,4.989045620,-7.204036713,1.323997259,-5.860682487
649,12979.990,1786879753476.435,14541294.370,0.000000000,-2.582620144,1.687153339,2.078759432,-0.113824703,-0.613387585,-2.477992296,-1.380312681,0.034527510,-1.198431134,2.458981752,-0.020431891,0.771536112,-3.493767023,-1.232509851,4.293338776,2.753705263,-1.399608850,-0.152588651,-0.936106622,1.348067641,0.552064180,-1.050749898,-1.056415915,0.511551082,-0.330218166,4.223132133,-7.265335560,1.634686232,-5.086821556
650,12999.986,1786879753496.431,14541314.366,0.000000000,-1.740381241,1.351669312,0.289251745,0.306905925,-0.200615734,0.510287642,-1.022980213,-0.390982836,-2.155875683,1.642165780,0.723579228,0.005634475,-3.094387054,-1.006970525,3.464282513,1.472329259,-1.849895000,0.031434193,-0.642026484,0.790589273,0.346555889,-1.707989097,-1.081405163,0.476192981,-0.768590987,3.663207769,-7.586881161,2.031978607,-5.178870201
651,13019.988,1786879753516.433,14541334.368,0.000000000,-1.014973521,0.995676994,-0.353724122,0.159613341,-0.439196140,2.574843168,-0.410939008,-0.377839506,-2.627246857,1.429180503,0.984539330,-0.235286579,-2.381306410,-0.634431541,2.282294273,0.013562106,-2.083447695,-0.045057341,-0.298661351,0.083765194,0.642956793,-2.530380726,-0.802513778,0.249248952,-0.927530169,2.685686588,-7.303662777,2.487630606,-4.948158264
652,13039.987,1786879753536.432,14541354.367,0.000000000,-0.637536824,0.886147618,-0.043787621,0.108483650,-0.533676267,2.842502356,0.406854600,-0.336711556,-2.956122160,1.589119792,2.593913078,-0.202949286,-1.473395109,-0.659281194,-0.241200671,-1.233931184,-1.704898119,-0.232907966,0.135700360,-0.763120115,0.922610939,-3.140579700,-0.564939737,0.181398600,-0.886995018,1.595024824,-6.957951069,2.944129705,-4.856372356
653,13059.985,1786879753556.430,14541374.365,0.000000000,-0.743238091,-0.033407122,0.221216872,0.089260735,-1.118754387,1.399072051,0.474232912,-0.064101681,-2.648966074,1.690096855,1.893828154,-0.629693210,-0.705153584,-0.807385981,-0.609050512,-1.562384605,-0.942810297,-0.252247751,0.200567946,-1.346122503,1.131009698,-3.051289082,-0.231399104,0.101658404,-0.772285283,0.698870420,-6.433674335,3.147675276,-4.809071064
654,13079.985,1786879753576.430,14541394.365,0.000000000,-0.228514612,-1.594050765,-0.048298880,0.290691197,-1.743046165,-0.182509944,-0.383395046,0.235698044,-0.686378300,1.730697036,-0.507547975,-1.527361035,-0.521714509,-0.148597494,0.279270053,-1.074492455,-0.154376015,-0.064169630,0.147137359,-1.577062368,1.014282227,-2.953269720,0.015586766,0.212279335,-0.853511453,0.162735358,-6.069067955,3.360544682,-4.308358192
655,13099.985,1786879753596.430,14541414.365,0.000000000,0.089627177,-1.844642043,-0.668868423,0.395497531,-1.460029364,-1.098808050,-1.186478257,-0.169317856,1.698635101,0.768268764,-0.841941535,-2.051650047,-0.380217493,0.203910008,0.512733459,-0.869365990,0.413239688,-0.032638028,-0.002379538,-1.566182137,1.073344707,-2.712819815,-0.016205039,0.449989706,-1.053730369,0.149120942,-5.605506420,3.874123812,-3.602603197
656,13119.986,1786879753616.431,14541434.366,0.000000000,0.411480665,-1.608479261,-1.369034529,0.620714784,-1.161434054,-0.314431578,-1.605057597,0.176965535,2.903712749,0.464258403,-0.340446234,-2.284013510,-0.378734946,0.706307888,0.292407930,0.007401071,-0.236318201,-0.332000196,-0.093076617,-0.966410339,0.800072968,-2.214251995,0.029675614,0.711179316,-1.419988751,-0.284267724,-5.442439556,4.258805752,-3.124598503
657,13139.984,1786879753636.429,14541454.364,0.000000000,0.288555145,-1.313257575,-1.641204476,0.522200227,-0.873294592,-0.127551556,-1.288613439,0.453378946,2.888738871,0.749400377,0.230537415,-2.356260538,-0.205666751,0.081179351,0.374044597,0.897604704,-0.744002521,-0.390169203,-0.183939204,-0.408125371,0.695680380,-1.991396308,-0.072521925,0.808652103,-1.610419154,-0.828477859,-5.323418617,4.603640556,-2.683673859
658,13159.984,1786879753656.429,14541474.364,0.000000000,0.017943971,-1.309704423,-1.038680315,0.529840112,-0.761173069,-0.055056822,-0.541375816,0.137778357,2.153806210,0.722331285,0.095987618,-2.139574051,-0.310438156,-0.282332718,-0.016317144,1.217919230,-0.920655668,-0.298284292,-0.181279048,0.051433194,0.587327898,-1.940198660,-0.430207878,0.849990308,-1.679632664,-1.238968611,-5.262686729,4.970269203,-2.511896372
659,13179.985,1786879753676.430,14541494.365,0.000000000,-0.167701989,-1.639373660,-0.355189502,0.642147601,-0.244037569,0.336619854,0.085811518,-0.205108494,0.815540195,0.254275978,0.277445018,-1.776312232,-0.847511292,-0.738585472,-0.599220037,1.276680112,-0.890739501,-0.205910221,-0.272884130,0.262637973,0.372662187,-2.189456224,-1.122138977,0.639376104,-1.655757666,-1.511706948,-5.210014343,5.221982479,-2.447744131
660,13199.987,1786879753696.432,14541514.367,0.000000000,-0.677951753,-1.676659822,-0.055295207,0.736941099,0.062271342,0.834256232,0.523777902,-0.845839083,-0.698840082,-0.035753243,1.193172574,-1.225027323,-1.269686699,-1.380038142,-0.993277788,0.695045769,-0.788489521,0.000782862,-0.247266158,0.032313179,0.150408208,-2.314130306,-2.061335802,0.460668892,-1.628958702,-1.840906143,-4.942919254,5.281601429,-2.099897861
661,13219.985,1786879753716.430,14541534.365,0.000000000,-1.219818115,-0.919090629,0.097266577,0.780555844,0.376448900,1.530486703,0.819316447,-1.142176747,-2.117992163,-0.666961014,3.192591667,-0.279283166,-1.532640815,-1.468439937,-0.755725443,-0.013475664,-1.031501412,0.021881565,-0.160284340,-0.336290210,-0.229233667,-2.214095831,-2.855845928,0.388056785,-1.649975061,-2.070810080,-4.653035164,5.158789158,-1.693795443
662,13239.986,1786879753736.431,14541554.366,0.000000000,-1.009634614,-0.376853228,0.472807050,0.759574711,0.330605507,2.116506577,0.840356410,-0.932023466,-2.591231585,-0.711858511,3.765696764,0.516230702,-1.788250089,-1.146066427,-0.607225537,-0.436832011,-1.227450252,-0.003984317,-0.078549638,-0.682826936,-0.523417830,-2.092015028,-3.361244440,0.340606868,-1.634837389,-2.419992924,-4.116896152,4.979193687,-1.265026331
663,13259.986,1786879753756.431,14541574.366,0.000000000,-1.246116996,-0.254573077,0.262221277,0.773630321,-0.057596348,2.362137079,0.828851700,-0.598815024,-2.409034967,-0.457871556,3.230399132,0.826663792,-1.818022013,-0.925191522,-0.830820262,-0.521939039,-1.371423602,0.099317789,-0.086482063,-0.866934240,-0.737924576,-1.922313452,-3.496111631,0.322976917,-1.680223465,-3.034929514,-3.720885754,5.108425617,-0.786481678
664,13279.985,1786879753776.430,14541594.365,0.000000000,-1.916032553,-0.392438054,0.150433049,0.685159087,-0.490003437,1.891722798,0.629872501,0.199456722,-1.853307605,0.603208125,2.648188353,0.834975123,-1.790724754,-0.543743491,-1.232729673,-0.361102879,-1.233892083,0.085891560,-0.116768196,-0.899108410,-0.729467213,-1.254514217,-3.180480242,0.197340548,-1.754003048,-3.891302824,-3.615226030,5.718535423,-0.603506267
665,13299.984,1786879753796.429,14541614.364,0.000000000,-2.009431362,-0.912337184,0.393307149,0.718970656,-0.468820304,0.850052118,0.325265080,0.772632480,-0.820396185,1.944734097,0.975499809,0.591165483,-1.880499601,-0.115323007,-2.260015249,0.253353804,-1.179838777,-0.032929584,0.035158873,-0.850110412,-0.637994468,-1.033815265,-2.912630796,0.017002402,-1.662732840,-4.904109001,-3.567198038,6.478546143,-0.451383710
666,13319.986,1786879753816.431,14541634.366,0.000000000,-1.852060080,-1.097428322,0.650325298,0.675720215,-0.473816723,0.222049385,0.055917002,0.812304378,0.260349393,1.924573779,-1.032389283,0.311834127,-1.819515347,-0.183577761,-2.557200909,0.795297086,-1.293634534,-0.036157772,-0.117004007,-0.583107054,-0.315092862,-0.833366573,-2.748871803,-0.057551593,-1.616336942,-5.591279030,-3.494085073,7.365386963,-0.234344274
667,13339.988,1786879753836.434,14541654.368,0.000000000,-1.971709609,-0.992325306,0.714766622,0.711425245,-0.160100102,-0.757994771,-0.090089940,0.965254486,0.821005642,1.424829245,-1.035891891,0.105762616,-1.523347616,-0.477384090,-2.307308674,1.226506114,-0.944074631,-0.127106532,0.028798496,-0.262671769,0.278576821,-0.581672251,-2.407416105,0.042300791,-1.683344245,-6.207053661,-3.854568243,7.946511745,-0.374390572
668,13359.985,1786879753856.430,14541674.365,0.000000000,-2.031322718,-1.096916437,0.978795528,0.868574619,-0.137842745,-2.214033127,-0.032612257,0.754285932,1.310382605,1.057662725,-0.986139119,0.095872685,-1.398671031,-0.367741346,-2.653018236,1.377306700,-0.697911322,-0.072808936,0.046465144,0.027901759,0.671438277,-0.377007127,-2.257066250,0.021819038,-1.760380983,-6.443858624,-4.426536083,8.304296494,-0.545432866
669,13379.984,1786879753876.429,14541694.365,0.000000000,-1.954469204,-1.023629189,0.966690361,0.846943200,-0.098553896,-2.639580011,-0.014278287,0.498707741,1.499517560,0.909430563,-0.527628839,0.127590761,-1.524133801,-0.197139129,-2.594349623,1.334257483,-0.610307515,-0.048768803,-0.089142218,0.078966528,0.691851199,-0.423038930,-2.198759794,0.033695102,-1.830454350,-6.526409626,-4.791715145,8.418225288,-0.608253360
670,13399.984,1786879753896.429,14541714.364,0.000000000,-1.873244762,-1.017784238,0.701425254,0.765572608,0.057305053,-2.089757442,0.061012603,0.375506371,1.211375594,0.785731256,-0.005213685,0.037667532,-1.635311127,0.026352517,-2.272705793,1.092984080,-0.632901728,-0.080311373,-0.136510581,-0.070223838,0.544406891,-0.599691153,-2.259284019,0.098796651,-1.852640748,-6.651631355,-4.999011993,8.553325653,-0.625398695
671,13419.984,1786879753916.429,14541734.364,0.000000000,-1.816850543,-0.990801156,0.439765990,0.694573820,0.118326180,-1.405406237,0.117729910,0.352965713,0.708362043,0.760337949,0.408704996,-0.071921363,-1.719920754,0.214678571,-2.174319029,0.885724723,-0.586813331,-0.130941018,-0.176283836,-0.220627531,0.461625218,-0.816871583,-2.288357019,0.111148566,-1.852730155,-6.832451344,-5.093115330,8.745068550,-0.539895058
672,13439.988,1786879753936.434,14541754.369,0.000000000,-1.674752235,-1.136186719,0.277661622,0.606544375,0.183883369,-0.887598157,0.218474016,0.234651238,0.219910190,0.774586260,0.701112568,-0.101427928,-1.794225693,0.333394766,-2.026568890,0.650917709,-0.531161129,-0.184160575,-0.187031463,-0.382318407,0.416040003,-0.970494628,-2.286776781,0.192632854,-1.866824985,-6.905871391,-5.070556164,8.946530342,-0.414142221
673,13459.987,1786879753956.432,14541774.367,0.000000000,-1.538188815,-1.195353031,0.248771772,0.528865814,0.113893218,-0.435745537,0.314096302,-0.002777310,-0.114151351,0.869037747,1.019771576,0.057291258,-1.729857683,0.296880037,-1.804246187,0.581504881,-0.440833092,-0.244148806,-0.137732759,-0.465594918,0.426526964,-0.999784529,-2.251024008,0.228331685,-1.898280382,-6.930676937,-5.099687576,9.257299423,-0.179738194
674,13479.988,1786879753976.433,14541794.368,0.000000000,-1.380228639,-1.309165359,0.289216042,0.515808761,-0.031283833,-0.078905731,0.341832846,-0.245540053,-0.147218734,0.991694868,1.395091772,0.279791266,-1.519706607,0.302823454,-1.573957205,0.614336431,-0.375083506,-0.303250194,-0.111433424,-0.571186721,0.499497354,-0.900655866,-2.181445360,0.165798575,-1.925420284,-7.031831264,-5.025808811,9.616878510,-0.085706852
675,13499.990,1786879753996.435,14541814.370,0.000000000,-1.299158931,-1.472969055,0.223571375,0.476232737,-0.076113008,0.040791098,0.365185887,-0.182004869,-0.154914856,1.189984322,1.206250548,0.267392397,-1.392835498,0.305115879,-1.692540407,0.736656845,-0.334335953,-0.323302567,-0.187540516,-0.596461535,0.491669416,-0.995824277,-2.145767450,0.185882300,-1.894919634,-7.206803799,-5.012248993,10.026471138,0.008334734
676,13519.988,1786879754016.433,14541834.368,0.000000000,-1.308833480,-1.627262115,0.157137334,0.396572471,-0.092943780,0.122466654,0.349489838,-0.023324894,-0.207155466,1.348689914,0.796570539,0.212115750,-1.222056270,0.310232639,-1.950050235,0.797132313,-0.281746507,-0.352553785,-0.218604267,-0.599950552,0.527029514,-1.103267193,-2.095748663,0.200466856,-1.889672756,-7.383701324,-5.095954418,10.421010017,0.202865452
677,13539.988,1786879754036.433,14541854.368,0.000000000,-1.292802811,-1.669211626,0.124176487,0.356885582,-0.049909778,0.058741022,0.309753388,0.151712924,-0.211766362,1.471180201,0.446985036,0.123538569,-1.093789339,0.270157099,-2.171034098,0.935570836,-0.264877081,-0.366823018,-0.252716839,-0.555422425,0.549482167,-1.153816938,-2.069000006,0.208393887,-1.902743936,-7.566130161,-5.221331596,10.728843689,0.385188967
678,13559.985,1786879754056.430,14541874.366,0.000000000,-1.327802896,-1.610632658,0.114143789,0.346949846,-0.076304607,-0.064199090,0.288461447,0.249005735,-0.164411381,1.530922771,0.243576676,0.046852399,-1.031257987,0.245505974,-2.272313595,1.049411416,-0.288953066,-0.363004863,-0.271776915,-0.524807513,0.540869415,-1.142497540,-2.054630518,0.185424745,-1.934961319,-7.710985184,-5.332836151,10.945630074,0.589822888
679,13579.988,1786879754076.433,14541894.368,0.000000000,-1.328526258,-1.634548545,0.084195450,0.330321461,-0.087209761,-0.127700090,0.300754994,0.248740256,-0.183107808,1.560574889,0.134533197,-0.027313840,-1.012279034,0.169894099,-2.313373804,1.123267293,-0.322516143,-0.351568639,-0.275307745,-0.495744914,0.467617393,-1.140365720,-2.076417208,0.182592720,-1.991223693,-7.808454514,-5.408716679,11.093949318,0.865402400
680,13599.986,1786879754096.431,14541914.366,0.000000000,-1.312297821,-1.628490329,0.045452647,0.296917528,-0.066731505,-0.131562725,0.366360843,0.160904124,-0.144078031,1.539840579,0.162603527,-0.070460215,-1.036308646,0.115282722,-2.271437168,1.122985005,-0.360151887,-0.352004230,-0.261484444,-0.488016546,0.373645604,-1.117651224,-2.083300352,0.181340739,-2.057098627,-7.846169949,-5.469185829,11.151062965,1.175623059
681,13619.988,1786879754116.433,14541934.368,0.000000000,-1.296120405,-1.615705132,0.025156260,0.309182882,0.008480765,-0.039761346,0.454805613,-0.029639708,-0.156120360,1.418806672,0.388403356,-0.067750052,-1.075990081,-0.005167305,-2.139632702,1.068833113,-0.383995771,-0.349141479,-0.199821070,-0.490357935,0.283434689,-1.095548868,-2.097452879,0.186152413,-2.113020897,-7.818643093,-5.523994923,11.108555794,1.516021252
682,13639.987,1786879754136.432,14541954.367,0.000000000,-1.419762611,-1.402137995,0.067235567,0.420276612,0.145479292,0.218160570,0.633012056,-0.356088310,-0.264299124,1.106808543,1.135471582,-0.007032227,-1.107951522,-0.158261910,-1.825526237,0.908011138,-0.434625715,-0.351907670,-0.055875815,-0.546680152,0.229594037,-1.086154222,-2.101317644,0.197825164,-2.138439178,-7.702446461,-5.616265297,10.939448357,1.817183495
683,13659.984,1786879754156.429,14541974.364,0.000000000,-1.784102917,-0.650130570,0.220022455,0.936673403,0.302092344,0.824613452,0.793005705,-0.437472314,-0.484021753,0.348184824,3.771005154,0.214384899,-1.065496564,-0.429478109,-0.959246278,0.614575922,-0.481197864,-0.314564288,-0.039838150,-0.684760273,0.236523911,-0.895226777,-2.121292353,0.203795895,-2.061004639,-7.415703297,-5.683997631,10.441461563,1.932700515
684,13679.989,1786879754176.435,14541994.370,0.000000000,-1.858380795,-0.376686960,0.364800334,1.076051593,-0.333183557,1.078862429,0.419682890,0.047546715,-0.323179036,0.021447681,4.044820786,0.402022660,-0.950561762,-0.301823080,-0.960080326,0.399021536,-0.569828808,-0.348655343,-0.193108499,-0.744003892,0.216571242,-0.632873237,-2.080703735,0.241270155,-1.982240438,-7.226046085,-5.712586403,9.797790527,1.789437890
685,13699.985,1786879754196.430,14542014.366,0.000000000,-1.703819394,-0.626459718,0.229182392,1.022339225,-0.406349212,0.950272679,0.237883598,0.175085574,-0.035004988,0.257311165,3.115219831,0.328624099,-0.917380810,-0.395217240,-1.240144968,0.407971472,-0.621983588,-0.319533527,-0.267047793,-0.735200763,0.212985694,-0.522130609,-2.090976954,0.239873856,-1.969053030,-7.162256718,-5.645600796,9.375821114,1.626979351
686,13719.990,1786879754216.436,14542034.371,0.000000000,-1.327337265,-1.099946141,0.045683607,0.848615170,-0.279122233,0.494019479,0.103732385,0.098708577,0.230947420,0.964506388,2.565268517,-0.010568481,-1.004160166,-0.392342865,-1.419878602,0.499161929,-0.575986445,-0.390702844,-0.263139278,-0.708896816,0.187294126,-0.662786365,-2.141371250,0.229502991,-1.925673962,-7.215320110,-5.568265438,9.192558289,1.496193886
687,13739.990,1786879754236.435,14542054.370,0.000000000,-1.184115052,-1.672034860,-0.083289802,0.796817183,-0.202942163,0.009946007,-0.035548352,-0.021837102,0.640500844,1.734641433,1.418911338,-0.368499458,-1.018162012,-0.095860615,-1.964695811,0.653623283,-0.585472524,-0.368437529,-0.269102037,-0.695502102,0.215093121,-0.820231259,-2.034317732,0.204347134,-1.873903036,-7.379038334,-5.467087269,9.161803246,1.386986256
688,13759.990,1786879754256.436,14542074.371,0.000000000,-1.422899723,-1.827848673,-0.064444527,0.769151270,-0.088901408,-0.222785026,-0.116221122,0.148628935,0.744004965,1.891920090,0.217348486,-0.386002451,-0.938020647,0.109253958,-2.691714764,0.888503373,-0.649990737,-0.303021133,-0.227732137,-0.642734349,0.298758626,-0.849460721,-1.967062950,0.133719534,-1.884161234,-7.549120426,-5.493894577,9.303721428,1.249617219
689,13779.990,1786879754276.436,14542094.371,0.000000000,-1.741500378,-1.999528408,0.121451437,0.679348230,0.177709281,-0.769723952,-0.272458524,0.452069193,0.280295819,1.850218177,-0.416472524,-0.286640108,-0.875318706,0.008733630,-2.990418434,1.145646453,-0.533784509,-0.293902338,-0.281502008,-0.415806055,0.447434008,-0.713912904,-2.076454401,0.125134826,-1.895859003,-7.552992344,-5.685159206,9.624238014,1.177159786
690,13799.987,1786879754296.432,14542114.367,0.000000000,-1.779566050,-2.063099861,0.286308408,0.740184069,0.184702784,-1.308258176,-0.262177080,0.837437391,-0.225545168,1.946994305,-0.849340677,-0.342752129,-1.013176799,0.026983507,-3.234917164,1.247683644,-0.407003343,-0.289925694,-0.372577190,-0.255560637,0.494706154,-0.803877771,-2.317367077,0.117055893,-1.955770493,-7.474031448,-5.933177471,9.926756859,1.231421709
691,13819.990,1786879754316.435,14542134.370,0.000000000,-1.711895466,-2.012317419,0.268430650,0.727826655,0.122175626,-1.178588748,-0.221978992,0.926932693,-0.382457882,2.036939144,-0.818733692,-0.387901068,-1.243210673,0.094461381,-3.066042662,1.248584747,-0.390964508,-0.301976919,-0.419031113,-0.268247426,0.361029685,-0.914322436,-2.458446264,0.116471186,-2.035051823,-7.465363026,-6.064868450,10.262442589,1.438740134
692,13839.988,1786879754336.433,14542154.368,0.000000000,-1.591978431,-1.993412733,0.203183517,0.643787563,-0.008314878,-0.843382716,-0.106356822,0.774116874,-0.303890884,2.038109064,-0.464663327,-0.376252711,-1.414343715,0.147837266,-2.814812660,1.188098550,-0.419792324,-0.313575804,-0.432475597,-0.318826884,0.212696612,-0.969360471,-2.494391203,0.116368353,-2.126053810,-7.483883381,-6.125285625,10.665594101,1.678109765
693,13859.989,1786879754356.434,14542174.369,0.000000000,-1.480376840,-1.994753599,0.127260894,0.533763587,0.017520249,-0.490829617,0.090146519,0.455872446,-0.310339063,1.872715116,-0.013814189,-0.380043238,-1.493565917,0.111907825,-2.551705360,1.117191911,-0.467479438,-0.369792283,-0.430642992,-0.373856962,0.094962686,-1.020763516,-2.510525942,0.088552386,-2.184183598,-7.445629120,-6.019245625,10.952736855,1.951935172
694,13879.988,1786879754376.433,14542194.368,0.000000000,-1.404192686,-1.995773435,0.146183372,0.499387592,0.108820654,-0.129738778,0.308527946,-0.029115232,-0.450803310,1.696409464,0.412760824,-0.316588044,-1.486956358,-0.004970357,-2.283785820,0.941572130,-0.482110649,-0.464371800,-0.295764685,-0.432310432,0.041878819,-1.063968420,-2.476721764,0.106454358,-2.205447435,-7.271407127,-5.945219517,11.050520897,2.199774981
695,13899.985,1786879754396.430,14542214.365,0.000000000,-1.573356509,-1.533273816,0.321625173,0.833176494,0.443241537,0.651012301,0.624844015,-0.705577254,-0.749712646,0.812656045,2.158568621,-0.046796154,-1.317835212,-0.400622666,-1.528784037,0.654558480,-0.504477441,-0.548664689,-0.027583407,-0.627434731,0.099579424,-0.927985072,-2.458594561,0.062823325,-2.089681625,-6.840497017,-5.970726013,10.888226509,2.386415243
696,13919.989,1786879754416.434,14542234.369,0.000000000,-2.065143108,-0.233719021,0.778925061,1.410254002,0.346807778,1.408008933,0.786906421,-0.484130651,-1.092669129,-0.439028829,4.951378822,0.421591401,-1.081885934,-0.580759168,-0.714552701,0.286621839,-0.608676970,-0.641356230,-0.134149715,-0.857612610,0.107498690,-0.513693750,-2.459386587,0.008612959,-1.950006485,-6.376710415,-5.968273640,10.205254555,2.038071871
697,13939.990,1786879754436.435,14542254.370,0.000000000,-2.009963989,-0.080447108,0.895807385,1.364339590,0.097313724,1.592079997,0.703818679,-0.336141199,-0.783291519,-0.670994878,4.395967484,0.666467905,-0.974436045,-0.467137575,-1.012993932,0.097529404,-0.687419355,-0.618882418,-0.118219033,-0.979245842,0.183744460,-0.119848043,-2.348819256,0.031465262,-1.869473219,-6.113152504,-5.818320751,9.428249359,1.539514422
698,13959.989,1786879754456.434,14542274.369,0.000000000,-1.659488082,-0.580209136,0.683558464,1.016792417,0.163304925,1.099611044,0.799440265,-0.356233537,-0.363320172,0.087367930,3.171222210,0.408847749,-0.954553008,-0.403469384,-1.527630329,0.236450553,-0.727499425,-0.625609517,-0.266968071,-0.964132607,0.158870578,-0.098209575,-2.295445681,-0.033440217,-1.818368077,-5.974052906,-5.805785179,9.093874931,1.081941485
699,13979.989,1786879754476.434,14542294.369,0.000000000,-1.221391678,-1.178783894,0.321631074,0.833786011,-0.104384713,0.557213366,0.423666924,-0.301006705,0.507729113,1.240913630,2.403867245,-0.126773044,-0.992655694,0.039851345,-1.579411745,0.472218424,-0.782964408,-0.618590355,-0.330422670,-0.948176742,0.091164514,-0.178293049,-2.154656410,-0.073471636,-1.706602812,-5.902515888,-5.795122623,9.018249512,0.752336323
700,13999.986,1786879754496.431,14542314.366,0.000000000,-1.188320160,-1.680233002,-0.077761173,0.959751487,-0.256704718,0.382164270,-0.098110668,-0.188708603,1.275974512,1.769814372,1.874639630,-0.478396654,-0.992634058,0.197508901,-1.631772995,0.726447642,-0.841409504,-0.469520688,-0.328178406,-0.921740830,0.153620586,-0.189360917,-1.953522325,-0.091042817,-1.667565107,-6.044462681,-5.754638672,9.045805931,0.600176692
701,14019.988,1786879754516.434,14542334.368,0.000000000,-1.574151993,-1.807276964,-0.116884515,0.912826538,-0.277259648,0.268805593,-0.250156432,0.166309670,1.251359344,1.717338204,0.812908471,-0.488117009,-0.850088000,0.253737688,-2.605935574,0.908251524,-0.868212521,-0.339708269,-0.239841774,-0.807073712,0.303368092,-0.350598633,-1.841361880,-0.138515741,-1.697418213,-6.403439999,-5.785810471,9.208628654,0.472099036
702,14039.988,1786879754536.433,14542354.368,0.000000000,-1.966212630,-2.058415890,0.111639112,0.785077095,-0.032467164,-0.281547159,-0.556276917,0.634419084,0.825023293,1.859569430,-0.097017951,-0.383210599,-0.817207456,0.121957637,-3.043327093,1.094263434,-0.816034913,-0.244952306,-0.163593203,-0.460197270,0.416798949,-0.207316220,-1.864420295,-0.127352849,-1.771340609,-6.499681473,-6.032305241,9.648216248,0.387164861
703,14059.986,1786879754556.431,14542374.366,0.000000000,-2.007795334,-2.110091209,0.470507801,0.847734153,-0.100579910,-1.164050102,-0.732358813,1.253381133,0.223390162,2.391350508,-0.815305054,-0.515474021,-1.008144736,0.174393833,-3.425671577,1.226610541,-0.763215244,-0.144181237,-0.180274710,-0.192289308,0.461303830,-0.349622548,-1.984392166,-0.126438946,-1.820134521,-6.328124523,-6.277875423,10.051437378,0.336926609
704,14079.987,1786879754576.432,14542394.367,0.000000000,-2.027122021,-2.042902470,0.519692421,0.733791292,-0.214726061,-1.329516888,-0.752753556,1.272250175,-0.086293787,2.651359797,-0.926989138,-0.543834031,-1.283910751,0.119343810,-3.353415012,1.360007405,-0.788550973,-0.133224592,-0.127944738,-0.120740116,0.377251744,-0.380205065,-2.139406681,-0.123367757,-1.895115733,-6.204167366,-6.571578503,10.482540131,0.365476519
705,14099.989,1786879754596.434,14542414.369,0.000000000,-1.948159575,-2.007324696,0.213499472,0.469981253,-0.299010545,-0.652192354,-0.609229803,0.920264959,0.093685091,2.741858244,-0.533030748,-0.558091581,-1.516790032,-0.035676897,-2.948938370,1.463817954,-0.860777736,-0.189647362,-0.186632529,-0.124896556,0.142046645,-0.473642230,-2.207104445,-0.054889530,-2.003732920,-6.210707188,-6.770495892,10.967138290,0.648450077
706,14119.989,1786879754616.434,14542434.369,0.000000000,-1.775937080,-2.098010063,0.097903706,0.264759094,-0.356961817,-0.267489642,-0.562830746,0.742418706,0.070371807,3.093702078,-0.102549590,-0.711063623,-1.693246841,-0.143353418,-2.646410942,1.441127062,-0.912800193,-0.236182794,-0.290962547,-0.114322901,-0.012663901,-0.759616733,-2.187949896,-0.045397669,-2.052652359,-6.028795242,-6.716053486,11.330342293,1.059328318
707,14139.989,1786879754636.434,14542454.369,0.000000000,-1.604911566,-2.244562387,0.151221424,0.276782304,-0.218234003,-0.020231333,-0.476208121,0.241298705,-0.435643524,3.262848616,0.974033594,-0.658394337,-1.655454040,-0.194513813,-2.222370148,1.008406758,-0.886770666,-0.363060296,-0.007414008,-0.229031354,0.012437060,-0.834638298,-2.182434797,-0.083232209,-1.985707521,-5.586099148,-6.764970303,11.365146637,1.324010730
708,14159.991,1786879754656.436,14542474.371,0.000000000,-1.993730664,-1.179774165,0.497242093,0.867559135,0.483562499,1.136240125,-0.154103965,-0.420175582,-0.817279398,1.826290011,4.592072964,-0.327749610,-1.561971545,-0.760853291,-0.827747226,0.477279931,-1.086383581,-0.433695138,0.259667724,-0.626838386,0.115114465,-0.629590929,-2.135812521,-0.157547608,-1.746312261,-4.809927464,-6.740633965,10.698682785,1.240048885
709,14179.990,1786879754676.435,14542494.370,0.000000000,-2.658645153,-0.010554910,1.033296585,1.349787831,0.367208332,1.565447092,1.007370472,-0.513998508,-0.903161943,-0.932411730,5.372338295,0.181181565,-1.217897892,-1.634286642,-0.646465063,-0.095893688,-1.071799755,-0.739246488,-0.027295040,-0.924535096,0.098452508,-0.289082676,-2.318004370,-0.161272019,-1.704089046,-4.416393757,-6.420324802,9.788264275,0.402425617
710,14199.990,1786879754696.435,14542514.370,0.000000000,-2.890449762,0.248267114,0.901115656,1.428494334,0.493144423,1.683910131,1.308998823,-0.355536878,-0.904161990,-1.363836527,4.952118397,0.345119536,-1.042516589,-1.744963408,-1.256193161,-0.267445445,-0.982495487,-0.824679673,-0.089709088,-0.995681226,0.208443061,-0.026071545,-2.419470787,-0.169755682,-1.689659119,-4.317933083,-5.969838142,8.882846832,-0.502459288
711,14219.989,1786879754716.435,14542534.370,0.000000000,-2.369283199,-0.304155201,0.705088019,1.052806258,0.554834664,1.338799119,1.262706637,-0.426866889,-0.693918228,-0.377711892,3.877380848,0.123313412,-1.151950359,-1.182707548,-1.590990663,-0.040690608,-1.154107928,-0.851042449,-0.132639334,-0.997697413,0.110104725,-0.006985832,-2.304441929,-0.225788951,-1.661533833,-4.299940586,-5.724648952,8.478170395,-1.259147763
712,14239.990,1786879754736.435,14542554.370,0.000000000,-1.610175967,-1.174975872,0.632749557,0.833223283,0.226196557,0.602494717,0.629993677,-0.383819669,0.053339973,1.289608359,2.924311399,-0.257256985,-1.384231925,-0.142219335,-1.824697495,0.337437421,-1.306242585,-0.655523181,-0.228606358,-0.927994311,-0.028038561,0.165114120,-2.077063799,-0.383071095,-1.515912533,-4.259591103,-5.511038780,8.469382286,-1.751502156
713,14259.992,1786879754756.438,14542574.373,0.000000000,-1.163512826,-1.735627890,0.300177336,1.077629924,-0.068210013,0.034930099,-0.726619601,-0.333777636,1.203009963,2.211667299,2.788605690,-0.836486459,-1.416882873,0.379498541,-1.701570749,0.652966738,-1.399188995,-0.237896845,-0.193190545,-0.840535641,-0.003392175,0.271191031,-1.839748979,-0.513466835,-1.327154398,-4.278511524,-5.284240246,8.401175499,-1.679403782
714,14279.991,1786879754776.436,14542594.371,0.000000000,-1.628107667,-1.763165236,-0.152126536,1.050973535,-0.260242432,0.291603476,-0.900466800,-0.179964274,1.792084932,2.174559593,1.939461708,-0.936833143,-1.057599187,0.086816326,-2.234758854,0.914083302,-1.482767820,-0.162343636,-0.089886039,-0.741217434,0.205633923,0.271946222,-1.601232767,-0.459122092,-1.304950118,-4.619890213,-5.198884487,8.564406395,-1.473188519
715,14299.990,1786879754796.436,14542614.371,0.000000000,-2.305993557,-1.973732114,0.463229001,0.992910385,-0.324481755,-0.882610083,-0.961622477,0.761863112,1.108932734,2.066645384,0.115397714,-0.666202784,-0.924678326,0.334539533,-2.802311420,1.099120855,-1.585615277,-0.067620829,-0.082759522,-0.446314842,0.335994422,0.407155275,-1.577236533,-0.580051482,-1.432330847,-4.598511696,-5.429565907,8.875265121,-1.502794385
716,14319.991,1786879754816.436,14542634.371,0.000000000,-2.771093607,-1.734186172,1.008444667,0.878494740,-0.347175360,-2.153189898,-1.043456674,1.326545954,-0.012128053,2.335566044,-0.432273626,-0.339296639,-0.987643361,0.482125938,-3.145273209,1.395308614,-1.529748797,0.071423396,0.047783576,-0.230605423,0.433147848,0.399487376,-1.660442829,-0.694220126,-1.484112620,-4.311467171,-5.685141087,9.003812790,-1.482155442
717,14339.992,1786879754836.438,14542654.372,0.000000000,-2.783791065,-1.556672812,0.809867620,0.512854338,-0.259286672,-1.807244062,-0.873341560,1.264014125,-0.234146595,2.480543613,-0.358537138,-0.293939561,-1.333147883,0.349457860,-3.181744576,1.506102204,-1.603648543,-0.011579916,0.139289454,-0.205174908,0.346471906,0.403156489,-1.802968502,-0.650713682,-1.526503086,-4.185973167,-6.064424515,9.354793549,-1.304210305
718,14359.994,1786879754856.439,14542674.374,0.000000000,-2.480722666,-1.714784861,0.602380037,0.326700896,-0.321458429,-1.083725333,-0.872474670,1.048769116,-0.242058069,2.742424488,-0.039493360,-0.552788973,-1.872929454,0.172195733,-2.973602057,1.546438813,-1.689530253,-0.032234356,0.028320616,-0.223763824,-0.035651729,-0.042898212,-2.016930819,-0.643737078,-1.490827680,-3.955187321,-6.311216831,9.908669472,-1.064776540
719,14379.994,1786879754876.439,14542694.374,0.000000000,-2.214310169,-1.930626988,0.387870789,0.056994639,-0.593870223,-0.726587534,-1.040369987,0.789921761,-0.167768836,3.310465813,0.222801238,-0.853849888,-2.114934444,0.025329217,-2.693272114,1.317086577,-1.628454804,-0.073521689,-0.046936207,-0.248785198,-0.282536089,-0.425760061,-1.932494521,-0.611616135,-1.456084490,-3.555474997,-6.462414265,10.425736427,-0.560848713
720,14399.991,1786879754896.436,14542714.371,0.000000000,-2.080176830,-2.015708685,0.628355622,0.120797701,-0.605232954,-0.754081309,-1.198559880,0.239652902,-0.655829668,3.732074976,1.538434744,-0.791297495,-2.001217127,0.019140348,-2.195354939,0.824081600,-1.617910028,-0.146756217,0.160537407,-0.394216955,-0.332576394,-0.639376521,-1.747430563,-0.646780014,-1.339476705,-2.859000206,-6.741233349,10.596941948,-0.112060867
721,14419.994,1786879754916.439,14542734.374,0.000000000,-2.066210270,-0.910949826,1.168320656,0.576480269,0.589400053,0.476108819,-0.961138248,-0.857846797,-0.903393447,2.338616371,6.352115631,-0.389184713,-1.933614492,-0.289217174,-0.475467026,0.235917568,-1.946617484,-0.455331206,0.232934043,-0.922922313,-0.227211013,-0.515481353,-1.559038401,-0.632114470,-1.075980186,-1.755062938,-6.974871159,9.948596954,-0.214992493
722,14439.993,1786879754936.438,14542754.373,0.000000000,-2.589682579,-0.000378549,1.579387069,1.551036358,1.071710587,1.536461592,1.459357262,-1.077525496,-1.106376886,-1.047419190,6.216495037,0.131068543,-1.416540027,-1.996959925,-0.400879323,-0.374318421,-1.796156764,-0.958702505,-0.026051508,-1.281627893,-0.153914332,-0.193356186,-1.902890682,-0.619104683,-1.138519645,-1.126645327,-6.532538414,8.796719551,-1.542022109
723,14459.993,1786879754956.438,14542774.373,0.000000000,-2.743186235,0.118044287,1.282129765,1.371446252,1.218737364,1.472776055,2.281440496,-0.785308838,-1.322028756,-1.471346617,5.169723988,0.121573612,-0.926389575,-2.599140167,-1.066846371,-0.504241645,-1.497501731,-1.156432867,-0.131316409,-1.283035398,0.027481064,-0.031356644,-2.043883324,-0.582409680,-1.156684279,-0.912717819,-6.133553028,7.543155670,-2.895101070
724,14479.989,1786879754976.434,14542794.369,0.000000000,-1.579211831,-0.505978644,1.830523014,0.871884704,0.347911537,-0.855509520,0.912217796,0.284772158,-1.031199574,1.422076106,3.812330246,0.071921870,-0.656238198,0.449548781,-0.868672848,0.208272666,-1.630964875,-0.424319327,-0.330352932,-1.234369278,-0.134317175,0.409594148,-1.430854082,-0.892055809,-1.201091528,-0.668063819,-5.624559879,7.087454319,-3.925038576
725,14499.990,1786879754996.435,14542814.370,0.000000000,-2.043590307,-1.009430766,2.307457924,1.758864760,-0.248050272,-2.289481401,-1.737351894,-0.009082092,1.916484475,2.378523588,3.816064596,-0.347719371,-1.363717437,1.116341829,-0.852092326,1.073698878,-1.946260095,0.168552950,0.044073969,-1.128247857,-0.250742257,1.311116338,-1.007640004,-1.271905899,-0.955466866,-0.126039550,-5.743954659,7.065187454,-3.907124043
726,14519.991,1786879755016.436,14542834.371,0.000000000,-2.495957136,-1.421488762,0.541582227,1.275130272,-0.761904061,-1.226097822,-1.794633389,-0.685974598,3.595950842,2.547031641,2.517314434,-1.154397488,-1.466012716,0.359202087,-1.038339257,1.980410337,-2.663462877,0.056615576,-0.147385716,-0.856015921,-0.312441766,1.679209590,-0.575322807,-1.162407041,-0.793420434,-0.018406879,-6.304732800,7.852726936,-3.733720779
727,14539.990,1786879755036.435,14542854.370,0.000000000,-2.694499254,-1.690765381,-0.322745442,0.606726944,-0.546010733,0.846234739,-1.164442897,-0.477564692,3.426810741,2.310865164,1.821063995,-1.239679694,-1.286155581,-0.144334897,-1.344847798,2.159567118,-3.155162573,-0.150446787,-0.092218667,-0.697653770,-0.209182903,1.489145517,-0.269381255,-0.972987235,-0.894818187,-0.263015687,-6.693463802,8.452218056,-4.058050632
728,14559.989,1786879755056.435,14542874.370,0.000000000,-2.770021915,-1.642230034,0.099425793,0.346808583,-0.432142496,2.014846325,-0.739787936,0.541996062,2.210354567,2.214630127,0.953398168,-1.075674415,-1.218034029,-0.095908657,-1.985604525,2.427075148,-2.965447187,-0.077110991,-0.217048779,-0.639175057,0.074125275,0.603033721,-0.184968337,-0.936235189,-0.868465126,-0.627265096,-6.907459259,8.651354790,-4.399878502
729,14579.991,1786879755076.437,14542894.372,0.000000000,-3.381679773,-1.202781439,1.536906719,0.115852021,-0.651663959,1.168877959,-0.518195331,1.650928855,-0.019663630,2.244550467,0.616662741,-0.109658435,-0.897428751,0.268617392,-2.459753990,2.176202297,-2.575659275,0.201114908,-0.044475198,-0.735297620,0.284962475,-0.554067194,-0.152745023,-1.047943592,-0.793321550,-0.941690087,-7.024152279,8.549660683,-4.606061935
730,14599.990,1786879755096.435,14542914.370,0.000000000,-3.569529533,-1.125534296,2.713629007,0.669545233,-0.313347489,-0.838592768,-0.728837967,2.082138062,-0.836451530,2.555054903,0.645765066,0.029901195,-1.125446677,0.476885438,-2.265998840,1.623560667,-2.134849787,0.186617866,-0.191522539,-0.698931456,0.309951782,0.108769536,-0.454484880,-1.235877514,-0.714333594,-0.613429546,-6.918371677,8.558828354,-4.543743610
731,14619.989,1786879755116.434,14542934.369,0.000000000,-3.616813898,-1.117731810,2.497655630,0.877602100,-0.167152643,-2.254256964,-0.836485445,1.058508039,-0.236815870,2.248798132,0.940668762,-0.106289253,-1.459790707,0.460264325,-1.829076886,1.748056769,-2.043757677,0.114103675,-0.133177683,-0.560831964,0.038357601,1.732140660,-0.520032823,-1.330722809,-0.733764470,0.493614584,-6.926170826,8.915081978,-4.182158947
732,14640.013,1786879755136.458,14542954.393,0.000000000,-3.486943722,-1.201714993,2.753821611,1.080885172,-0.282052666,-3.210043669,-1.035656571,-0.463750958,0.612451375,1.647850394,2.962247849,0.071752116,-1.706213355,0.415747762,-0.384201467,2.112615585,-2.407093048,-0.114231929,0.132520884,-0.531199694,-0.457674682,2.643846989,-0.186885387,-1.314735413,-0.798301518,1.885139823,-6.885254383,8.594820976,-3.665279865
733,14660.004,1786879755156.450,14542974.385,0.000000000,-3.061519861,-0.448619843,2.582482100,1.295314312,0.533017397,-2.855327606,-0.843439043,-1.661028266,0.198760480,1.365920424,6.632677555,0.155705646,-1.515648961,0.457345665,0.851011097,2.365360022,-2.687956572,-0.574775934,0.011143906,-0.626632512,-0.932573020,2.903079748,0.230974853,-1.067773461,-0.883568287,3.206363916,-6.842187881,7.435396194,-3.642728567
734,14680.006,1786879755176.451,14542994.387,0.000000000,-2.850382566,-0.240157545,2.282833815,1.366583705,0.473098487,-2.853112459,-0.263799310,-1.541755557,0.318508655,1.405105472,6.306181431,0.163892493,-1.012644887,0.446361721,0.651571989,2.609608889,-2.907022238,-0.496446013,0.016639126,-0.597840011,-1.002911925,2.992874861,0.550095379,-1.011448145,-1.012255311,3.833981514,-6.307857990,6.074830532,-3.761063576
735,14700.010,1786879755196.455,14543014.390,0.000000000,-2.836294174,-0.453548372,1.998426199,1.284243703,-0.185610592,-2.256333828,-0.485652059,-0.471915990,1.444336653,1.604914784,4.979153633,0.411949784,-0.890214801,0.567534149,0.576834559,2.767442703,-3.179692030,-0.270338774,0.053570926,-0.777429581,-0.987126172,3.292853594,0.756405652,-0.967252672,-0.977379858,3.791521549,-5.615674019,5.334223747,-3.722437859
736,14720.003,1786879755216.448,14543034.383,0.000000000,-3.044108391,-0.981958985,1.655518770,1.379677057,-0.958274186,-0.780590057,-0.900369406,-0.348115504,2.732265949,1.610412240,2.973651171,0.403605878,-1.087080598,0.477509081,0.708129406,3.415046692,-3.192274332,-0.120416492,-0.094624311,-0.801273644,-0.865714014,3.750471592,0.878774464,-0.833911479,-0.803220332,3.814517260,-5.606407166,5.458664894,-3.641449690
737,14740.003,1786879755236.448,14543054.383,0.000000000,-2.870529652,-0.906795859,2.265603304,1.425462246,-1.151249647,0.175508723,-1.042200208,-1.040309906,2.668242693,1.696965098,2.902211428,0.712917030,-1.447547913,0.405888140,1.078060865,4.212137699,-2.941449404,-0.138609901,-0.174388945,-0.697844803,-0.680551887,3.417486429,0.878932416,-0.507936954,-0.781202257,3.941769600,-6.281829357,5.741244316,-3.880615950
738,14760.003,1786879755256.448,14543074.383,0.000000000,-2.971282005,-0.784902692,2.834892035,1.423296571,-1.046059728,0.607084155,-0.895140946,-1.099428177,1.858945608,1.781541944,2.717854261,0.780015767,-1.758973956,0.230030522,1.372774839,4.704804420,-2.546679020,-0.148358151,-0.392826229,-0.555294335,-0.465396702,3.270103931,0.889008641,-0.379008204,-0.711493313,3.954919100,-7.224412918,6.099370956,-4.034696102
739,14780.007,1786879755276.452,14543094.387,0.000000000,-3.054949760,-0.355718374,4.178271294,1.578890562,-0.721497893,-0.048204001,-0.869740427,-0.937466025,0.948202789,1.963162780,3.644704580,1.266763091,-1.775001645,0.342225671,1.762899995,4.845161438,-2.116110563,-0.202663824,-0.399206787,-0.488555372,-0.404239595,2.947010994,0.998068273,-0.358366966,-0.632575691,3.929758549,-7.572027683,6.021948814,-4.351871967
740,14800.005,1786879755296.450,14543114.385,0.000000000,-2.795361280,0.269479275,4.356297970,1.542528868,0.097325303,0.795122266,-0.823107183,-1.500023842,0.021845998,2.283309698,4.981450081,1.761952162,-1.906113267,0.466079772,1.836148500,5.104679108,-1.847705007,-0.320654631,-0.239155397,-0.374936432,-0.116907313,2.126977205,0.816724777,-0.176648647,-0.543574810,3.794083834,-7.840228558,5.823873520,-5.093150139
741,14820.002,1786879755316.447,14543134.382,0.000000000,-2.528282166,-0.260345161,4.131848335,1.354535103,-0.368463188,1.618511558,-0.216325074,-1.303950906,-0.663874745,2.549542427,4.041215897,2.093113184,-1.464305282,0.316077173,1.713028908,4.367140293,-1.489393592,-0.370381773,-0.154993162,-0.090740830,0.265978456,1.903067708,0.955091536,-0.316917866,-0.322772413,3.467157364,-8.156805038,5.891819000,-6.008618832
742,14840.002,1786879755336.448,14543154.383,0.000000000,-2.303066254,-0.769277573,4.287733555,1.163942456,-1.247702003,2.347164869,0.334270358,-0.555943608,-0.134960890,2.733827114,2.090268373,2.310733080,-1.144589067,0.259740710,1.741267204,3.140747547,-0.668136179,-0.359063983,-0.315283567,0.164511189,0.749175966,1.570295572,1.124397755,-0.427114815,-0.108525448,3.348238945,-8.515568733,5.832031727,-6.705344677
743,14859.997,1786879755356.443,14543174.378,0.000000000,-2.025432110,-0.836545706,4.704038620,0.861670256,-1.388874650,1.843456388,0.498707443,-0.832240343,0.643059909,2.232653856,1.483213544,2.678085089,-1.275679946,0.124860600,1.945964932,2.129900455,-0.198252782,-0.329079151,-0.340515196,0.006940601,0.901053429,1.424643278,1.192346334,-0.355824620,-0.032536440,4.026588917,-8.960735321,5.610475540,-7.262470245
744,14880.003,1786879755376.448,14543194.383,0.000000000,-2.025706291,-0.625839949,5.003105640,0.790053785,-0.822234452,0.434187144,0.247328818,-1.576498389,1.384728909,1.335030675,2.541407585,3.151742697,-1.780267119,-0.014897719,2.111807108,1.485262513,-0.385623127,-0.391250491,-0.153310910,-0.238965303,0.812204063,1.774852514,1.227286220,-0.356035292,-0.089659519,5.047965527,-9.212854385,5.150627136,-7.737345219
745,14900.005,1786879755396.450,14543214.385,0.000000000,-2.466739655,-0.208524704,4.759847164,0.896388471,-0.665488362,-0.565256834,-0.139763355,-1.642294765,1.847164512,0.663673520,3.440545559,2.941582918,-2.033720255,-0.006430045,2.029918194,1.540419459,-0.768768847,-0.488358021,-0.013470935,-0.253115594,0.665456533,2.592433214,1.467436790,-0.413019687,-0.250230968,6.033295155,-9.067470551,4.522227287,-8.036165237
746,14919.995,1786879755416.440,14543234.376,0.000000000,-2.948235035,0.085012078,3.885190725,0.815848351,-1.040447950,-0.770317197,-0.502610028,-1.344923377,2.154500961,0.422638834,3.296397448,2.600090981,-2.245575428,0.039368138,1.910950899,1.906810641,-1.262554765,-0.483907640,-0.029943036,-0.127462104,0.570996940,2.885509491,1.697394848,-0.362955391,-0.225399286,6.400059223,-8.627055168,3.852991104,-8.494755745
747,14940.006,1786879755436.451,14543254.386,0.000000000,-2.737105846,0.045245230,3.203535080,0.886569500,-1.585783005,-0.534821570,-0.404938608,-0.908230484,1.763793111,0.507023633,2.740270615,2.168798208,-1.864096165,0.173391387,1.787048578,1.679265976,-1.480834126,-0.459094822,-0.065466747,0.103535995,0.612535417,2.883769274,2.007720470,-0.366932541,-0.229735896,6.790819168,-7.990342617,3.417328358,-8.660864830
748,14960.010,1786879755456.455,14543274.390,0.000000000,-2.577545166,0.123692691,2.497993231,1.092176557,-2.001844406,-0.361600935,-0.527863801,-0.945962191,1.484109402,0.623582125,2.376348019,1.832972407,-1.536325812,0.350570798,1.660791039,1.806371212,-1.677703142,-0.406974554,-0.065009996,0.320809782,0.592931390,2.664147377,2.172498226,-0.332206637,-0.257338911,7.218889713,-7.494042873,3.074868441,-8.669974327
749,14980.004,1786879755476.449,14543294.384,0.000000000,-2.305237293,0.187966377,2.250037432,1.204751849,-2.215713739,-0.251027197,-0.567892253,-1.033994317,1.255939484,0.655967891,2.388463736,1.855777621,-1.253875852,0.638690174,1.359119415,1.474880099,-1.865150809,-0.379113078,0.030333800,0.410443604,0.579607964,2.227020741,2.323255539,-0.227089822,-0.367086381,7.480024338,-6.925184250,2.877770185,-8.684040070
750,15000.002,1786879755496.447,14543314.382,0.000000000,-2.354070425,0.226532459,2.105467558,1.073222041,-2.309798002,-0.462174803,-0.581552804,-1.282517314,1.328749895,0.805470347,2.401612282,1.984617114,-1.154154181,0.874756515,1.257115245,1.020835876,-2.371300936,-0.243055925,0.091399595,0.590005219,0.466806829,2.090832233,2.636468172,-0.143303797,-0.453276843,7.441835880,-6.207116604,2.676940203,-8.748898506
751,15020.004,1786879755516.449,14543334.384,0.000000000,-2.332821131,0.186269879,2.368464231,0.972925484,-2.281136751,-0.862689972,-0.469568908,-1.530561209,1.413179159,0.985272288,2.643166065,2.047413588,-1.216943741,1.053353429,1.238046527,0.655984700,-2.764839888,-0.117403880,0.107907906,0.856607139,0.308613896,2.191503286,2.730554819,-0.104477853,-0.473417848,7.324309826,-5.518950939,2.383605003,-9.090456963
752,15040.004,1786879755536.449,14543354.384,0.000000000,-2.478578568,0.203494966,2.404603958,0.860768139,-2.121276855,-1.278317690,-0.490340203,-1.735242248,1.429530263,1.117653966,2.923671484,1.858839631,-1.411755919,1.050890803,1.267252684,1.129552484,-3.135177374,-0.051704690,0.127344981,1.169161797,0.221444800,2.558458328,2.685582638,-0.023278216,-0.545930445,7.332218647,-5.116036892,1.983803749,-9.552535057
753,15059.998,1786879755556.443,14543374.378,0.000000000,-2.545724630,0.229020327,2.677587986,0.716413140,-2.035992384,-1.324652672,-0.406157345,-1.633300781,1.421355367,1.252369761,2.906193972,2.123570681,-1.763398170,0.999926448,1.320316195,1.151801705,-3.227373362,-0.016309962,0.070596293,1.392030120,0.207783207,2.467334270,2.431253195,0.017905382,-0.486753851,7.091810703,-4.809005260,1.466445446,-9.947446823
754,15080.001,1786879755576.447,14543394.382,0.000000000,-2.505934954,0.227980912,3.006194830,0.575972855,-1.979949117,-1.250286460,-0.241339490,-1.444802999,1.366851687,1.306112289,2.670455456,2.478793859,-2.133092165,1.057850003,1.310442448,0.894655883,-2.991453171,-0.000289306,-0.008157240,1.485164046,0.182434961,2.151017189,1.989418507,-0.024241747,-0.386684567,6.403320312,-4.415019989,0.970588505,-10.149047852
755,15099.998,1786879755596.443,14543414.378,0.000000000,-2.432711124,0.170541584,3.161325932,0.481931031,-1.931942582,-1.038301349,-0.102513783,-1.310876369,1.334132671,1.295985818,2.308859348,2.614541054,-2.425708771,1.104553103,1.261027932,0.460712373,-2.590536356,0.016762689,-0.070596084,1.524929404,0.218214855,1.940490365,1.593061805,-0.096728772,-0.337060004,5.692772865,-4.110359669,0.469452858,-10.200102806
756,15119.999,1786879755616.444,14543434.379,0.000000000,-2.424534321,0.263967276,3.242275476,0.363693208,-1.858612537,-0.887022138,-0.069105797,-1.343192220,1.272132754,1.116372824,2.207490206,2.449566603,-2.641356230,1.059997201,1.394893169,0.677774131,-2.274405241,0.011776909,-0.120217785,1.492411971,0.277354717,1.990741611,1.278699875,-0.218282267,-0.421077967,5.398889065,-4.048850060,0.070924729,-10.208779335
757,15140.001,1786879755636.446,14543454.381,0.000000000,-2.377607822,0.238087893,3.133384943,0.326227069,-1.773765922,-0.891123295,-0.039642096,-1.312292457,1.332487941,1.011039138,1.951044440,2.180759668,-2.757863045,1.043428421,1.440524936,0.643250644,-2.099651575,0.051847592,-0.152105227,1.463958740,0.320755839,1.844169497,1.146460772,-0.243829966,-0.494169623,4.922483444,-4.070502281,-0.185224712,-10.042803764
758,15160.007,1786879755656.452,14543474.387,0.000000000,-2.264707327,0.574799299,3.134093761,0.324669480,-1.713788748,-1.043369770,-0.095789067,-1.508923411,1.169056296,0.934431553,2.680502415,2.006793737,-2.932461977,1.060061336,1.214376330,0.596909225,-1.958855748,0.030296624,-0.042822435,1.458469391,0.375829875,1.783177614,1.041055679,-0.254628330,-0.630938470,4.651701450,-3.803946733,-0.499590397,-9.949145317
759,15180.001,1786879755676.447,14543494.382,0.000000000,-2.475991488,0.249449551,3.800640821,0.495457143,-1.940186143,-1.832133174,-0.080908291,-1.422878265,1.703559279,0.830043554,2.243883133,1.905808806,-3.112984657,0.950548172,1.576112151,0.575219572,-2.090912580,0.183739871,-0.220893994,1.460666418,0.452467620,1.616347551,1.168756843,-0.357969850,-0.499536157,4.197369099,-3.749745131,-0.726886332,-9.642984390
760,15199.995,1786879755696.440,14543514.375,0.000000000,-2.600401640,0.200590551,4.162390232,0.635448337,-1.874906778,-2.349604368,-0.113028981,-1.288174987,1.890989900,0.690223575,2.134818792,2.051545382,-3.283656597,0.951772928,1.724870086,0.504105210,-2.069702864,0.225712597,-0.340598851,1.627041459,0.382354021,1.601609945,1.293278337,-0.408617765,-0.379998863,3.765198469,-3.561956644,-1.049074650,-9.260528564
761,15220.038,1786879755716.483,14543534.419,0.000000000,-2.480041981,0.360808223,4.191175938,0.744577944,-1.686326027,-2.797730207,-0.087241091,-1.536517024,1.710940361,0.551896691,2.319678783,1.997071385,-3.616152763,0.915305793,1.985581875,0.662494600,-1.863873124,0.179810926,-0.391720563,1.929994226,0.384060383,1.569837332,1.288913608,-0.366936535,-0.373993039,3.527862072,-3.334081650,-1.110237598,-9.184112549
762,15240.044,1786879755736.489,14543554.424,0.000000000,-3.202459097,2.214339972,-0.470780671,0.042677239,-1.176224947,-2.298334360,-0.557990611,0.636030853,1.521345496,1.221802831,0.562288344,0.925537109,-3.054924250,-0.012330756,0.336243510,3.997952461,-3.831901550,0.024886116,0.263539791,1.473913550,0.248377353,1.073866725,1.356507778,-0.200881690,-0.482752711,2.738679171,-4.083459854,0.482503831,-9.127264977
763,15260.040,1786879755756.486,14543574.421,0.000000000,-3.211776257,2.608803988,-0.165782884,0.990522921,0.346164554,-1.933988929,-1.688190222,-0.106515944,0.558892250,0.686895072,4.469289303,0.831419706,-2.864903212,-0.688463092,0.073126733,3.887715340,-3.371945143,-0.443880856,0.522896469,1.282857299,0.701311886,1.413545966,1.091765165,-0.350932449,-0.130431086,2.923628569,-4.526157379,1.648982286,-9.026078224
764,15280.039,1786879755776.484,14543594.419,0.000000000,-1.875786185,0.372846276,2.244613409,1.577240825,-0.583827436,-1.842576504,-1.084974051,0.524791479,-0.065417632,0.859994173,1.162906647,1.307900071,-3.327459335,-0.534371614,0.232595935,2.410097599,-2.139126539,-0.678755164,0.249086365,1.577008724,0.859106004,1.647507310,0.414092213,-0.167640984,0.028614765,2.733034849,-4.755301952,2.403799534,-8.109568596
765,15300.040,1786879755796.485,14543614.420,0.000000000,-0.782822847,-0.165234432,2.784803391,1.485009551,-1.189689875,-0.732825041,-0.888622820,0.700197458,-0.004346347,1.979716182,-0.039415158,1.147445083,-3.363846779,-0.117680356,1.064118385,1.201421618,-1.456343055,-0.545609891,-0.039840832,1.210626483,0.827176869,0.997540414,-0.182051927,0.029333083,0.082110547,2.339175463,-4.892572880,2.965182066,-7.798236370
766,15320.046,1786879755816.491,14543634.426,0.000000000,-1.243209839,0.562118411,0.621534884,0.652550876,-1.062408090,1.644045949,-0.413436204,0.709316850,-0.832216084,2.073199749,-0.224774748,0.444198102,-2.720850229,-0.280559182,2.574867010,1.107120633,-1.502026916,-0.417956352,-0.157174528,0.716732442,1.137588501,0.222548693,-0.420821339,0.201059073,-0.329936594,1.146124363,-5.037296772,3.034267187,-8.218832970
767,15339.995,1786879755836.440,14543654.375,0.000000000,-1.947017908,1.038618445,-0.816047013,0.022701114,-0.641024768,2.768236876,-0.189093798,0.729370594,-1.237704635,2.204509735,0.743539870,-0.467720896,-2.124609470,-0.609354019,2.494566917,1.306901932,-1.886900544,-0.354869783,0.263118923,0.676430166,1.389523029,-1.376701951,-0.314707726,0.213744253,-0.844408333,-0.384456843,-4.856765270,3.395135641,-8.778539658
768,15359.992,1786879755856.437,14543674.372,0.000000000,-1.958983660,0.910232782,-0.461202919,-0.244154513,-0.970533788,2.565180540,-0.038885497,0.765541494,-1.631585956,2.255002499,0.977644861,-0.972912967,-1.754193902,-0.595552742,3.231364012,0.762523711,-1.849228859,-0.208534762,0.104139015,0.230169728,1.636772633,-2.836072683,-0.108847529,0.013551323,-0.811760843,-1.437734127,-4.198274136,3.417206049,-8.446784019
769,15379.989,1786879755876.435,14543694.370,0.000000000,-1.354619145,0.296132863,0.001778618,-0.203392327,-1.343449354,1.742167830,-0.124212310,1.126382589,-1.661758900,2.241306782,0.343057245,-1.431827903,-1.479233742,-0.380623519,3.885515213,0.393983781,-1.338569164,-0.092993781,-0.018874722,-0.140720233,1.621176481,-3.094066381,-0.049821910,0.111945957,-0.691419661,-2.087642431,-3.992625952,3.238574743,-7.843296051
770,15399.987,1786879755896.432,14543714.367,0.000000000,-0.864024699,-0.134314954,-0.029623136,0.091605365,-1.305557966,0.973137856,-0.414306045,1.610667109,-1.589922786,1.912358761,0.027093180,-2.201239347,-1.279958129,-0.294877350,4.328682899,0.397980809,-0.534663498,-0.066096112,-0.139547676,-0.391750067,1.545118332,-3.760511160,-0.270718724,0.225554109,-0.638357639,-2.520130396,-3.911215067,3.019133329,-7.441029072
771,15419.990,1786879755916.435,14543734.370,0.000000000,-0.396765560,-0.234453425,-0.914273858,0.311466664,-1.157610774,-0.098265886,-0.873919904,1.665313482,-0.524997830,1.061410666,0.304409146,-3.043978453,-1.158200026,0.007096075,4.038696289,0.179873794,-0.371475011,-0.006928787,-0.169500902,-0.649670064,1.356642604,-4.192613125,-0.442043900,0.341703862,-0.865898728,-2.987177134,-3.848384142,2.924651384,-6.979179859
772,15439.988,1786879755936.433,14543754.368,0.000000000,-0.186387315,-0.325809270,-1.392607450,0.400040269,-0.921034813,-0.569267392,-0.900329888,1.611627579,0.529779196,0.716432571,0.250813961,-3.487794399,-1.509051681,0.205145910,3.420086384,0.020999216,-0.581802428,-0.079419062,-0.371069431,-0.645714402,1.104845285,-4.186284065,-0.790499091,0.411940843,-1.162334442,-3.334660292,-3.800575733,2.887106419,-6.228010654
