index,time_ms,time_realtime_ms,time_monotonic_ms,ros_timestamp,q_0,q_1,q_2,q_3,q_4,q_5,q_6,q_7,q_8,q_9,q_10,q_11,q_12,q_13,q_14,q_15,q_16,q_17,q_18,q_19,q_20,q_21,q_22,q_23,q_24,q_25,q_26,q_27,q_28
0,0.000,1786879881810.471,14669628.406,0.000000000,-0.288497776,0.002434764,-0.001917043,0.657319427,-0.357862979,0.000024383,-0.288577646,0.002299611,-0.000791045,0.656516433,-0.357599169,0.000025994,-0.013980183,-0.220911399,0.458427459,0.024636341,0.218557298,0.033367056,0.637980580,-0.012029006,0.008309338,0.015103890,0.066037305,-0.048221491,0.054549046,0.647532582,0.003703178,0.016393432,0.011890087
1,19.998,1786879881830.469,14669648.404,0.000000000,-0.338780642,0.000070075,-0.055961072,0.680974364,-0.328929543,-0.006268253,-0.341259599,0.004947960,-0.021407636,0.733271718,-0.339883089,0.003387798,-0.019836735,-0.198515058,0.396165371,0.048296668,0.210811406,0.019813415,0.629375041,0.011979650,0.013034179,0.013950619,0.089735195,-0.058514003,0.057674926,0.639818966,-0.005438075,0.025118446,0.007190913
2,40.002,1786879881850.473,14669668.408,0.000000000,-0.383156717,0.002117847,-0.165656611,0.717375040,-0.322207868,-0.009706928,-0.360841215,0.009017308,-0.045605529,0.829421401,-0.322627604,-0.000240311,-0.015303414,-0.165075347,0.337903380,0.081937343,0.204363480,-0.006716061,0.600597501,0.050183948,0.020346075,0.016674060,0.112620659,-0.070647389,0.059014086,0.623891771,-0.027178824,0.049556848,-0.000063318
3,60.005,1786879881870.477,14669688.411,0.000000000,-0.427768022,0.013790256,-0.244754001,0.744056940,-0.360786170,-0.028204584,-0.345376223,0.001563080,-0.042823795,0.889016449,-0.324943215,-0.017956432,0.001570021,-0.141034633,0.269796222,0.127150178,0.196303114,-0.033730406,0.551460087,0.073221348,0.024269603,0.023459155,0.139743239,-0.080145046,0.049882170,0.577884138,-0.058544863,0.092547104,-0.000581145
4,80.008,1786879881890.479,14669708.415,0.000000000,-0.463344991,0.049039658,-0.244165778,0.739245892,-0.380276829,-0.030215465,-0.319058597,-0.003317518,-0.037812587,0.918349028,-0.344870329,-0.023279032,0.010674113,-0.116803780,0.209414169,0.175899997,0.186653122,-0.055022322,0.505983770,0.083949275,0.025555963,0.025256278,0.161662012,-0.089280434,0.032886531,0.507127166,-0.090479963,0.133620277,0.006841569
5,100.005,1786879881910.477,14669728.412,0.000000000,-0.493411720,0.113643520,-0.201893061,0.711898267,-0.348798245,-0.024057707,-0.269054860,-0.004253492,-0.051112089,0.944116294,-0.378329128,-0.016039297,0.008187458,-0.059312895,0.130474776,0.257361948,0.163723975,-0.082914554,0.439575672,0.085947581,0.027052166,0.026060253,0.178290412,-0.110132098,0.001703683,0.365087628,-0.140932128,0.188473299,0.021483714
6,120.002,1786879881930.474,14669748.409,0.000000000,-0.472583979,0.157145590,-0.174078971,0.687755585,-0.248295665,-0.019719938,-0.205300733,-0.012851425,-0.065573931,0.941740930,-0.394889325,-0.001707856,0.007173174,0.009201013,0.079214059,0.340215653,0.135285854,-0.110437937,0.370823383,0.084543355,0.027942991,0.026168589,0.156955779,-0.143154919,-0.015516929,0.217960790,-0.188819021,0.202476829,0.026712105
7,140.000,1786879881950.472,14669768.407,0.000000000,-0.414939016,0.166923627,-0.179233104,0.690505207,-0.098621793,-0.017675471,-0.134507239,-0.042050824,-0.082171887,0.899926662,-0.385486156,0.013468696,-0.000339470,0.068313330,0.069597840,0.405444592,0.109796025,-0.129325271,0.304589361,0.086807378,0.025132587,0.026136721,0.086826526,-0.182835653,-0.000302475,0.113366172,-0.231243491,0.154392451,0.018463319
8,160.000,1786879881970.472,14669788.407,0.000000000,-0.403508991,0.124271289,-0.226334900,0.809954882,-0.078353927,-0.017529104,-0.077018343,-0.097639211,-0.109625354,0.816867173,-0.332519531,0.016499346,-0.035008729,0.094478846,0.081833147,0.439313799,0.099502884,-0.133478940,0.244868532,0.095270157,0.013554652,0.026790887,-0.014092429,-0.212268725,0.038611468,0.060849704,-0.270134270,0.068210155,-0.001300271
9,180.003,1786879881990.475,14669808.410,0.000000000,-0.470711172,0.030350991,-0.262355685,1.052332520,-0.323993981,-0.011613151,-0.040043909,-0.188959390,-0.121055298,0.717623651,-0.159485236,0.000829973,-0.074768938,0.050378278,0.117636889,0.420541257,0.118521884,-0.115607582,0.194572315,0.109451398,-0.010463001,0.032169793,-0.121671952,-0.218619138,0.072113089,0.044357333,-0.295998991,-0.028190276,-0.033513796
10,200.001,1786879882010.473,14669828.408,0.000000000,-0.576717675,-0.029583415,-0.261668533,1.224976897,-0.550873101,-0.004196463,-0.033867449,-0.266626030,-0.094733089,0.704408467,-0.121976905,0.044151500,-0.081570201,-0.030322690,0.168414757,0.351690352,0.164785251,-0.085276261,0.158474430,0.136422426,-0.035821360,0.045876391,-0.208121523,-0.229451016,0.096344396,0.028435914,-0.303749233,-0.100338273,-0.069424786
11,220.001,1786879882030.472,14669848.407,0.000000000,-0.696955204,-0.002733271,-0.281426489,1.180848479,-0.546197832,-0.002985908,-0.035354320,-0.272803247,-0.123011090,0.748948276,-0.485633403,0.120781712,-0.070844844,-0.046609145,0.184610680,0.261939526,0.205568388,-0.074862018,0.148341283,0.184493497,-0.034965210,0.063563421,-0.235607713,-0.273364514,0.107719146,-0.004654734,-0.307049215,-0.135804936,-0.087504521
12,240.001,1786879882050.472,14669868.407,0.000000000,-0.814599872,0.017102720,-0.307910860,1.234037876,-0.623521030,-0.143935725,-0.072626859,-0.258538574,-0.105838224,0.768272579,-0.778913915,0.125569388,-0.013778511,-0.053015839,0.167654112,0.192323849,0.231186464,-0.075510256,0.115772046,0.251726538,-0.006702258,0.074858554,-0.220298961,-0.316808611,0.102639832,-0.047303710,-0.327464730,-0.148326799,-0.077135466
13,260.005,1786879882070.477,14669888.411,0.000000000,-0.903657615,0.033852570,-0.343868941,1.355403304,-0.682424307,-0.189414591,-0.121272974,-0.219567448,-0.074891791,0.844238102,-0.908013523,0.117961697,0.040464051,-0.041450296,0.188610926,0.137174353,0.246105641,-0.070733145,0.061139658,0.305880934,0.035719033,0.085567378,-0.206026763,-0.332767516,0.099168859,-0.086323462,-0.362073183,-0.146890864,-0.050005618
14,280.006,1786879882090.477,14669908.412,0.000000000,-0.960654914,0.050218571,-0.415542036,1.426481247,-0.712312043,-0.217229918,-0.170290679,-0.163754717,-0.100703888,0.952074170,-0.890378594,0.116409779,0.064998969,0.006463555,0.218088254,0.105754279,0.255451828,-0.068766557,-0.017953504,0.339118540,0.077768438,0.095586412,-0.175238833,-0.324047238,0.097771697,-0.135303333,-0.405015498,-0.144669607,-0.017912328
15,300.012,1786879882110.483,14669928.418,0.000000000,-1.014544368,0.051845904,-0.472344637,1.444261670,-0.717441261,-0.235101402,-0.246545881,-0.141151428,-0.158304557,1.066843987,-0.809648752,0.090898678,0.068920329,0.040164053,0.209185168,0.108374365,0.270668417,-0.067810133,-0.102941364,0.349752128,0.095130861,0.110697530,-0.122851163,-0.289077789,0.106635503,-0.175814360,-0.446995735,-0.150701910,0.016192535
16,320.007,1786879882130.478,14669948.413,0.000000000,-1.045234323,0.043087311,-0.499645680,1.437503815,-0.713488162,-0.241831169,-0.298327923,-0.140325457,-0.201401487,1.131165743,-0.778786719,0.056581609,0.054474436,0.055468451,0.190718234,0.126887843,0.282701850,-0.063314632,-0.155323237,0.349141598,0.088380650,0.128317297,-0.081355348,-0.255866677,0.122561209,-0.191540033,-0.472281724,-0.163605258,0.043008175
17,340.006,1786879882150.477,14669968.412,0.000000000,-1.049398422,0.028687865,-0.507264912,1.416325331,-0.706820250,-0.239534274,-0.344855249,-0.148467839,-0.235400602,1.171926141,-0.795371890,0.020865431,0.023942497,0.060952198,0.184909999,0.155010208,0.295869946,-0.051246155,-0.196152344,0.346985757,0.058171444,0.156960234,-0.037492622,-0.215276122,0.147368252,-0.192803666,-0.499116302,-0.190451279,0.078990042
18,360.000,1786879882170.471,14669988.406,0.000000000,-0.994639277,0.013753612,-0.490600824,1.403241634,-0.699129403,-0.227529407,-0.361984581,-0.170886636,-0.230827674,1.195926547,-0.837271035,0.008659098,-0.003934674,0.049293481,0.222035155,0.173586920,0.307300568,-0.039477497,-0.198941231,0.353766024,0.015905386,0.184181109,-0.014739896,-0.190585941,0.167738140,-0.175503567,-0.524301231,-0.222954452,0.111807205
19,380.000,1786879882190.471,14670008.406,0.000000000,-0.910106897,0.002088410,-0.462318569,1.429206610,-0.667916477,-0.218795672,-0.380686849,-0.203259155,-0.185080022,1.213881135,-0.869122386,0.008300805,-0.007692203,0.022272022,0.273145705,0.192913890,0.317737371,-0.031762782,-0.173655823,0.366349459,-0.027493805,0.205531731,-0.010095654,-0.183083192,0.181632817,-0.140648931,-0.560084105,-0.257891625,0.138772428
20,400.000,1786879882210.471,14670028.406,0.000000000,-0.863869905,-0.006397231,-0.423437297,1.506188154,-0.578548789,-0.214649245,-0.427618593,-0.226730481,-0.112133950,1.215345144,-0.884038687,0.014464030,0.002505929,-0.002145925,0.287509322,0.227491423,0.321331561,-0.030456599,-0.134106413,0.369436204,-0.068971023,0.220374823,-0.006486817,-0.186351687,0.189972878,-0.103394754,-0.614142835,-0.283408254,0.157526016
21,420.004,1786879882230.476,14670048.411,0.000000000,-0.859921634,-0.002893629,-0.387345910,1.591672897,-0.483806968,-0.170615062,-0.443726033,-0.223160371,-0.031065105,1.223573208,-0.862038553,0.064795099,0.001138196,-0.004342709,0.273945063,0.264714420,0.315714777,-0.037156891,-0.084458239,0.365526617,-0.110968038,0.230526060,0.007081584,-0.201230779,0.191080809,-0.083083145,-0.675751209,-0.290918320,0.163624138
22,440.004,1786879882250.476,14670068.411,0.000000000,-0.879485428,0.010194540,-0.380298585,1.586968899,-0.483705074,-0.101193473,-0.425654650,-0.204209268,0.007734487,1.213054299,-0.829791605,0.137845114,-0.006060255,0.015123836,0.239692360,0.281794101,0.302624196,-0.056546822,-0.028599735,0.358712941,-0.144840658,0.236836851,0.040302102,-0.232406631,0.185877442,-0.077323347,-0.717982769,-0.283397913,0.150950044
23,459.995,1786879882270.467,14670088.401,0.000000000,-0.892208815,0.017454881,-0.368416429,1.537316680,-0.544562340,-0.070629478,-0.393032163,-0.187416986,0.043345667,1.206784487,-0.795448840,0.183324084,-0.001048848,0.021798544,0.221840262,0.276742756,0.291209549,-0.078973979,0.016356038,0.353574097,-0.168624684,0.247561857,0.069454916,-0.270607024,0.182647184,-0.067604564,-0.735892415,-0.269038409,0.122663185
24,479.999,1786879882290.470,14670108.405,0.000000000,-0.891659379,0.020955291,-0.336641490,1.467734575,-0.584180653,-0.044605076,-0.361200482,-0.178424269,0.077788055,1.219831824,-0.743165433,0.206230968,0.015184427,0.009226127,0.223297939,0.256148249,0.283540517,-0.099223495,0.051199615,0.347714067,-0.189661741,0.263965189,0.086120538,-0.303019166,0.183479384,-0.048937358,-0.738570571,-0.252722114,0.090101413
25,500.000,1786879882310.471,14670128.406,0.000000000,-0.897810340,0.024096988,-0.303107083,1.375750780,-0.584862053,-0.033877786,-0.335216194,-0.163476214,0.087763503,1.247741222,-0.667294562,0.203291818,0.027827950,0.005332384,0.230818361,0.230871990,0.278837383,-0.124073625,0.075258404,0.342810690,-0.210028499,0.286992729,0.095919274,-0.331843495,0.186497688,-0.035863016,-0.737987101,-0.234979942,0.062677719
26,520.001,1786879882330.473,14670148.408,0.000000000,-0.898111820,0.031960353,-0.281825274,1.317738056,-0.540838957,-0.063925631,-0.318430543,-0.140897721,0.086810328,1.279581070,-0.583477616,0.179708183,0.041887529,0.003351185,0.236962542,0.212668568,0.284570664,-0.151887819,0.084525220,0.334764093,-0.230362386,0.314512163,0.099374443,-0.349545270,0.193158329,-0.029209089,-0.738257945,-0.221138775,0.046217624
27,540.002,1786879882350.473,14670168.408,0.000000000,-0.876233220,0.044058580,-0.283539265,1.308017731,-0.537325621,-0.124194652,-0.307494581,-0.130520597,0.074931182,1.297248840,-0.549784780,0.125515088,0.049822055,-0.016254243,0.236852154,0.206525147,0.307000577,-0.175698593,0.078619279,0.329180956,-0.247532323,0.345427960,0.095179006,-0.344541758,0.205084130,-0.026418617,-0.741921842,-0.214751109,0.040610619
28,560.013,1786879882370.484,14670188.419,0.000000000,-0.853345990,0.053779449,-0.291178048,1.289976239,-0.547584951,-0.151698902,-0.304904938,-0.127044871,0.043078002,1.282662988,-0.599904895,0.072344244,0.044547379,-0.038430657,0.235085711,0.207216591,0.339305311,-0.194146752,0.057163525,0.330630332,-0.258983523,0.375100493,0.082542956,-0.327790797,0.217633754,-0.030920291,-0.750888586,-0.218378231,0.038364168
29,580.004,1786879882390.476,14670208.411,0.000000000,-0.834564984,0.057208411,-0.306257278,1.280288339,-0.543769240,-0.168473765,-0.306104183,-0.121276781,0.015790656,1.270275950,-0.651189744,0.041232575,0.036494724,-0.045662176,0.246701956,0.207927704,0.363489211,-0.203387082,0.034510147,0.333810657,-0.268644124,0.395478487,0.064534470,-0.317549825,0.225039601,-0.038491935,-0.761384785,-0.228251919,0.036110528
30,600.005,1786879882410.477,14670228.412,0.000000000,-0.810517788,0.056464713,-0.337549388,1.275158286,-0.523930967,-0.188525558,-0.321433574,-0.110698946,-0.015848540,1.260647416,-0.707358003,0.009181386,0.025772493,-0.042606939,0.270230383,0.209842935,0.390398532,-0.209450483,0.007899676,0.340099365,-0.286444485,0.420732826,0.032329883,-0.309396744,0.232401580,-0.045400225,-0.776437044,-0.250234991,0.032612093
31,620.000,1786879882430.471,14670248.406,0.000000000,-0.792042971,0.051640756,-0.376856178,1.270743370,-0.498588413,-0.203583732,-0.362453580,-0.102450483,-0.045082450,1.250419140,-0.750935793,-0.013556364,0.012704867,-0.028215723,0.285242051,0.216689184,0.408399820,-0.209147334,-0.006215436,0.351839006,-0.306508780,0.445075959,-0.002334945,-0.305957377,0.239998817,-0.042943925,-0.787944436,-0.278020620,0.029511914
32,640.000,1786879882450.471,14670268.406,0.000000000,-0.777801156,0.046897359,-0.409367979,1.269980311,-0.468345821,-0.213149697,-0.417982399,-0.104504682,-0.072120167,1.217101216,-0.774220824,-0.026269972,-0.004150916,-0.009249431,0.291453034,0.231096089,0.416547120,-0.203529149,-0.009651683,0.366919011,-0.325771928,0.469379514,-0.035122104,-0.304981261,0.250256151,-0.031680301,-0.798763692,-0.306556851,0.025563542
33,659.999,1786879882470.470,14670288.405,0.000000000,-0.766898513,0.041568797,-0.416203290,1.280470967,-0.428461105,-0.217278898,-0.470808238,-0.121104680,-0.080910288,1.153589010,-0.750756264,-0.032459307,-0.022753108,0.000675688,0.290456116,0.254244924,0.419031948,-0.194556251,-0.009522326,0.379350811,-0.345332950,0.492138833,-0.059548397,-0.302314579,0.263372153,-0.015704609,-0.815986514,-0.330324531,0.019244604
34,680.003,1786879882490.474,14670308.409,0.000000000,-0.759934306,0.032587305,-0.392810255,1.308998466,-0.383907765,-0.204211846,-0.505901515,-0.150575161,-0.063315630,1.074416518,-0.674020350,-0.035746586,-0.039000317,-0.002808351,0.282332629,0.279639453,0.420490831,-0.189285457,-0.008400268,0.382345110,-0.370680481,0.511631250,-0.066691406,-0.298874974,0.275032401,-0.003430242,-0.840690196,-0.345179290,0.009673239
35,700.004,1786879882510.475,14670328.411,0.000000000,-0.748722911,0.034258533,-0.354858577,1.348890901,-0.370946139,-0.167793661,-0.506103098,-0.171497211,-0.034271941,1.058424592,-0.631973565,0.015409175,-0.049410548,-0.005064238,0.278689682,0.294042528,0.420604020,-0.189536303,-0.003317493,0.377323955,-0.404210120,0.524124920,-0.056423362,-0.297494233,0.279473782,0.002962181,-0.858227551,-0.350317180,-0.002112179
36,719.990,1786879882530.462,14670348.397,0.000000000,-0.741515994,0.054879937,-0.328153312,1.343397498,-0.412993729,-0.122954063,-0.479789585,-0.169799075,-0.025684884,1.074535489,-0.628693581,0.070834741,-0.053023990,0.009746197,0.273297846,0.289911598,0.412757576,-0.194124565,0.012706524,0.371737987,-0.438170612,0.528089523,-0.034533191,-0.300598115,0.278540254,0.012812142,-0.861935794,-0.345970273,-0.015646189
37,739.996,1786879882550.467,14670368.402,0.000000000,-0.736626983,0.072119541,-0.299499571,1.294558167,-0.483234197,-0.100509405,-0.454499602,-0.159274638,-0.006664651,1.103697300,-0.613727689,0.104528353,-0.043031801,0.016221350,0.280343801,0.269152582,0.405325383,-0.196432143,0.027704086,0.371142417,-0.467121929,0.528776407,-0.016877253,-0.308576226,0.278107762,0.019849725,-0.862356305,-0.332606733,-0.027263010
38,759.998,1786879882570.470,14670388.405,0.000000000,-0.745120525,0.075151972,-0.270373970,1.242776990,-0.523207366,-0.086879224,-0.435268074,-0.146890908,0.014878256,1.145213127,-0.585277379,0.126892164,-0.028745677,0.016228402,0.294639230,0.240191117,0.402619451,-0.202296555,0.040309567,0.370894611,-0.489658952,0.530787349,-0.007176133,-0.320258588,0.278051466,0.025269365,-0.861477494,-0.319778085,-0.034984395
39,780.004,1786879882590.475,14670408.410,0.000000000,-0.767543137,0.064470805,-0.246301338,1.192546368,-0.525043786,-0.079648599,-0.433939040,-0.138262287,0.026999306,1.203543663,-0.542943954,0.134859309,-0.011194481,0.012662287,0.302324831,0.212716714,0.405842662,-0.215432286,0.050420649,0.370713502,-0.505336940,0.536522806,-0.002099200,-0.332039416,0.277993232,0.029478382,-0.859386861,-0.312234491,-0.037398312
40,800.007,1786879882610.479,14670428.413,0.000000000,-0.791851044,0.050161477,-0.243161574,1.151108623,-0.456295729,-0.084385589,-0.453103483,-0.126617998,0.027343949,1.282110214,-0.483976990,0.120314360,0.008031815,0.012900504,0.299943537,0.196396694,0.413796872,-0.233991906,0.056338374,0.370619267,-0.515516341,0.547716141,-0.001214093,-0.341079503,0.278373837,0.030710397,-0.858137548,-0.311241746,-0.034720536
41,820.005,1786879882630.476,14670448.411,0.000000000,-0.786833525,0.043889061,-0.269363135,1.172152281,-0.443094015,-0.158458635,-0.469464779,-0.117743112,0.022528959,1.347164154,-0.482371718,0.078584224,0.026538320,0.006133188,0.304657549,0.190923125,0.427912802,-0.250225484,0.058505960,0.370723724,-0.519718528,0.564064622,-0.009662644,-0.337058187,0.279181391,0.033253416,-0.857879043,-0.316321254,-0.029093303
42,840.008,1786879882650.479,14670468.414,0.000000000,-0.782888114,0.043054856,-0.286453068,1.183792591,-0.468361676,-0.177667111,-0.488748401,-0.118996367,0.006910886,1.356812239,-0.539308965,0.041371856,0.029222485,-0.002165864,0.300009400,0.191755459,0.439539582,-0.259004861,0.059505511,0.375477135,-0.517380595,0.575661838,-0.017084079,-0.326307505,0.280641764,0.034969702,-0.858030915,-0.322905600,-0.026371712
43,860.008,1786879882670.479,14670488.414,0.000000000,-0.780320108,0.036953945,-0.312224209,1.202218652,-0.490712255,-0.193560973,-0.514175951,-0.125728026,-0.020460494,1.336667538,-0.633090138,-0.001122360,0.021216918,-0.008907639,0.300720394,0.191607505,0.452192903,-0.264894933,0.057211295,0.390628755,-0.508608699,0.585666716,-0.029118903,-0.311003357,0.281596601,0.034347586,-0.861009896,-0.334520131,-0.026221443
44,880.000,1786879882690.471,14670508.406,0.000000000,-0.771664023,0.025830749,-0.341537893,1.224943161,-0.500851810,-0.208259314,-0.540278792,-0.132027000,-0.042103972,1.304256201,-0.692793608,-0.031915918,0.010317114,-0.011487594,0.312802225,0.190236077,0.461805552,-0.266500264,0.051801860,0.408628166,-0.498439074,0.590466678,-0.042827085,-0.298126251,0.281911731,0.032565333,-0.869537711,-0.348550320,-0.026071034
45,900.000,1786879882710.472,14670528.407,0.000000000,-0.762974560,0.014345802,-0.366703361,1.250257611,-0.506493449,-0.220319524,-0.574186385,-0.137965277,-0.056725010,1.260704875,-0.712390840,-0.051361904,0.001406167,-0.012224705,0.320757926,0.190674692,0.467562884,-0.266962975,0.048954263,0.424898595,-0.491714299,0.593638718,-0.051246170,-0.287471324,0.282018125,0.031991683,-0.879228175,-0.362676293,-0.023320513
46,920.000,1786879882730.472,14670548.407,0.000000000,-0.754691780,0.000941679,-0.381529510,1.281797409,-0.507663786,-0.227974579,-0.605921745,-0.145049483,-0.052476574,1.232956409,-0.660428345,-0.048919231,-0.007057789,-0.015279222,0.323846072,0.194247514,0.470638722,-0.267841101,0.047484733,0.433122426,-0.489788473,0.598568439,-0.052845299,-0.279310554,0.282328516,0.031045983,-0.890684307,-0.372590393,-0.016779980
47,940.001,1786879882750.473,14670568.408,0.000000000,-0.750136673,0.001213882,-0.392599523,1.311175823,-0.511946082,-0.230997220,-0.609331131,-0.143328011,-0.050330646,1.259774566,-0.662163794,-0.012371502,-0.016752465,-0.004139295,0.319105297,0.198670790,0.465789884,-0.274204582,0.049732182,0.434072763,-0.489672184,0.606036961,-0.046725109,-0.277248740,0.281961560,0.032262754,-0.903532207,-0.374829173,-0.008138997
48,960.000,1786879882770.472,14670588.407,0.000000000,-0.743901134,0.014988407,-0.387097001,1.323197842,-0.513696849,-0.231632382,-0.607136190,-0.137911305,-0.048881792,1.266455531,-0.666885674,0.018047586,-0.003080576,0.001706925,0.305756480,0.200653851,0.457293332,-0.284555703,0.049383454,0.434011251,-0.490533173,0.616043866,-0.036674578,-0.277692586,0.279107183,0.035864744,-0.920553088,-0.367981732,0.003553032
49,980.001,1786879882790.472,14670608.407,0.000000000,-0.725095153,0.029577220,-0.375142515,1.324534655,-0.503555775,-0.230187327,-0.599590540,-0.130033582,-0.039257854,1.266560793,-0.654677808,0.044652395,0.022353474,0.000824605,0.305060953,0.198296502,0.449173629,-0.293858171,0.042656086,0.433947712,-0.496691018,0.626034856,-0.031578291,-0.279075742,0.272452980,0.035272509,-0.939667225,-0.353771120,0.019482648
50,999.999,1786879882810.470,14670628.406,0.000000000,-0.702771544,0.042381514,-0.363505453,1.329238892,-0.474276274,-0.215415224,-0.576805949,-0.118735217,-0.030947875,1.261889100,-0.629676878,0.067117289,0.038379498,0.002064273,0.320221186,0.191887245,0.444285899,-0.300412327,0.037017398,0.434460133,-0.513822973,0.633708835,-0.032515526,-0.280988336,0.263362646,0.032001749,-0.953892112,-0.336844325,0.034253750
51,1019.992,1786879882830.464,14670648.399,0.000000000,-0.691605926,0.051664706,-0.347305417,1.332324028,-0.457621992,-0.187447757,-0.553905010,-0.106530800,-0.023859959,1.261317253,-0.599775314,0.067423560,0.042549502,0.002186648,0.333727777,0.185196936,0.444137573,-0.304967135,0.036482330,0.434608877,-0.538764715,0.637679040,-0.032905184,-0.284892142,0.255803287,0.027666038,-0.960507572,-0.320332229,0.043196425
52,1040.001,1786879882850.472,14670668.407,0.000000000,-0.697048962,0.057349548,-0.321313411,1.304959536,-0.467381686,-0.158930674,-0.537763536,-0.093162201,-0.016523931,1.264828920,-0.563577831,0.064397871,0.037600692,0.000891993,0.338290185,0.180029199,0.447521091,-0.308531910,0.040393475,0.431038767,-0.565452456,0.639168084,-0.031288769,-0.292188317,0.250787884,0.023666188,-0.961758494,-0.307085663,0.046196267
53,1060.013,1786879882870.485,14670688.420,0.000000000,-0.713088751,0.060275789,-0.292078048,1.252538800,-0.472858489,-0.140175760,-0.528324187,-0.079092450,-0.010414007,1.274714231,-0.524506986,0.058157749,0.030729499,-0.001920558,0.338038057,0.176401109,0.454268813,-0.312464625,0.045524571,0.424527049,-0.587874770,0.641615093,-0.030370800,-0.300897211,0.247000232,0.021509480,-0.961813927,-0.299325854,0.046435002
54,1080.005,1786879882890.476,14670708.411,0.000000000,-0.724873543,0.060748179,-0.273102492,1.206621289,-0.459475279,-0.132403687,-0.528212845,-0.070342176,-0.009205842,1.291343212,-0.492870569,0.050280191,0.028685970,-0.004773423,0.335536093,0.176073924,0.460803956,-0.316142023,0.048325706,0.420572013,-0.600373030,0.645971239,-0.030844808,-0.306618154,0.244917929,0.020871460,-0.961134613,-0.297077388,0.046433255
55,1100.006,1786879882910.477,14670728.412,0.000000000,-0.729530811,0.060599059,-0.265497446,1.158566236,-0.414285719,-0.130475149,-0.535492480,-0.062312171,-0.018878821,1.329787135,-0.449503154,0.026476033,0.029849133,-0.004705919,0.331986368,0.181320682,0.468788356,-0.321639419,0.049701743,0.418345094,-0.612745702,0.656017482,-0.035047431,-0.312851489,0.244027376,0.019263979,-0.958361506,-0.298419267,0.046466146
56,1120.003,1786879882930.474,14670748.409,0.000000000,-0.718592584,0.061804648,-0.281686455,1.164741635,-0.441681832,-0.148835868,-0.544800997,-0.064390980,-0.035003692,1.367007971,-0.464109093,-0.009390282,0.032807779,-0.006793442,0.328648537,0.192505389,0.475523829,-0.326534629,0.050209969,0.418476403,-0.620682478,0.669395864,-0.043503076,-0.311912566,0.244265392,0.019013785,-0.955765486,-0.304673314,0.046295468
57,1139.999,1786879882950.470,14670768.405,0.000000000,-0.709916413,0.059795253,-0.295218557,1.175023317,-0.480884552,-0.169845000,-0.558248281,-0.082509711,-0.048722394,1.337970853,-0.542035520,-0.048233930,0.031553559,-0.013687224,0.322799146,0.205135062,0.479051679,-0.330099255,0.049378995,0.420638889,-0.623724699,0.682344019,-0.053809356,-0.305232286,0.244851649,0.017966731,-0.956453323,-0.313849151,0.044409510
58,1159.997,1786879882970.469,14670788.404,0.000000000,-0.704054058,0.047205936,-0.304825574,1.201205492,-0.499721527,-0.187698960,-0.573159695,-0.107479997,-0.048622269,1.288695574,-0.607527435,-0.072359331,0.028513525,-0.025515342,0.328328490,0.212574467,0.482493997,-0.330974221,0.043990333,0.425652474,-0.623889804,0.690431356,-0.066467196,-0.296402246,0.245045304,0.013452441,-0.961503506,-0.323277712,0.039973699
59,1180.002,1786879882990.473,14670808.408,0.000000000,-0.706177652,0.035934914,-0.316276640,1.239997506,-0.503985405,-0.202764347,-0.578360558,-0.122383021,-0.042104516,1.260001659,-0.616649866,-0.080969937,0.022337036,-0.028425947,0.336803019,0.213302970,0.484372139,-0.334024608,0.040952701,0.430868685,-0.623588026,0.693267584,-0.076017551,-0.288389176,0.245077103,0.008877836,-0.971938908,-0.331447184,0.035012092
60,1200.005,1786879883010.476,14670828.411,0.000000000,-0.715173185,0.033517227,-0.323446453,1.275022626,-0.501832128,-0.213794246,-0.580274761,-0.123106249,-0.040091608,1.266405225,-0.647349358,-0.061141405,0.022936214,-0.026936568,0.337174684,0.209579200,0.485282004,-0.339675605,0.040348861,0.434956878,-0.622213364,0.694362640,-0.077359751,-0.281385630,0.245360091,0.006591452,-0.986063242,-0.336610615,0.032506134
61,1220.000,1786879883030.471,14670848.406,0.000000000,-0.723757446,0.039926335,-0.327859521,1.300421119,-0.492226928,-0.221147880,-0.583376944,-0.116326101,-0.041408967,1.273140311,-0.666184604,-0.044389874,0.031640410,-0.020960320,0.336929619,0.201964170,0.483166426,-0.346556604,0.040117808,0.437326878,-0.620742917,0.698038697,-0.076514535,-0.280140042,0.246226877,0.006551585,-1.000158191,-0.337725431,0.032250471
62,1240.002,1786879883050.473,14670868.408,0.000000000,-0.726914287,0.048141554,-0.330255657,1.317240477,-0.471794575,-0.225626707,-0.586454690,-0.105803050,-0.038512953,1.277897477,-0.657018423,-0.024311140,0.044573739,-0.014927601,0.341610700,0.192298338,0.480013222,-0.351383209,0.037666425,0.441436559,-0.620649636,0.704090416,-0.075578012,-0.283745617,0.246308535,0.006550065,-1.010226369,-0.335514396,0.033168416
63,1260.003,1786879883070.474,14670888.409,0.000000000,-0.727447748,0.055045951,-0.329695761,1.325877666,-0.442261428,-0.227039546,-0.586183369,-0.097097829,-0.035183072,1.279198408,-0.633551061,-0.001736185,0.053377628,-0.011453716,0.347058505,0.184732243,0.478647947,-0.352988094,0.034263350,0.443378538,-0.625336945,0.708669126,-0.073757276,-0.289126545,0.246297583,0.006513503,-1.013566971,-0.330545813,0.034796432
64,1280.001,1786879883090.473,14670908.408,0.000000000,-0.728313625,0.062669091,-0.325712800,1.330234647,-0.410919011,-0.218128175,-0.581984580,-0.088862620,-0.032472763,1.277097583,-0.604544282,0.021184873,0.056436557,-0.009918704,0.349529415,0.180633709,0.479129881,-0.351931781,0.032940023,0.443094730,-0.636316478,0.711153328,-0.069717713,-0.293986797,0.246265486,0.006482801,-1.013787985,-0.324406654,0.035468806
65,1300.011,1786879883110.482,14670928.417,0.000000000,-0.727897227,0.071220316,-0.316098601,1.321867943,-0.405770332,-0.195833117,-0.576041698,-0.079895660,-0.029247234,1.275690317,-0.577803135,0.030835629,0.054971837,-0.011226979,0.348052144,0.179383725,0.481880486,-0.349849403,0.033703942,0.440202713,-0.651609302,0.711756527,-0.063678332,-0.297904730,0.246259823,0.006365246,-1.013628840,-0.318426967,0.035556987
66,1320.005,1786879883130.476,14670948.411,0.000000000,-0.725008130,0.076094158,-0.307302475,1.298980713,-0.424767703,-0.180887714,-0.569878697,-0.072241858,-0.026916396,1.276407480,-0.560957551,0.030106148,0.049991030,-0.012749730,0.346668541,0.179165259,0.484809101,-0.347959787,0.034793638,0.436602950,-0.664553404,0.711817086,-0.059519805,-0.301286221,0.246261254,0.005788448,-1.013474107,-0.314909726,0.035532448
67,1340.006,1786879883150.477,14670968.412,0.000000000,-0.719123006,0.080017358,-0.297682941,1.258765578,-0.444418192,-0.167291552,-0.560922861,-0.060502872,-0.024146976,1.281894207,-0.541735411,0.024891764,0.039975598,-0.014294458,0.345920056,0.179104716,0.489982158,-0.346044451,0.035693519,0.432001591,-0.681411028,0.711869061,-0.055955537,-0.306846380,0.246249378,0.004061453,-1.012933969,-0.312179655,0.035389084
68,1360.001,1786879883170.472,14670988.407,0.000000000,-0.708335459,0.084417783,-0.296805680,1.237603903,-0.452281058,-0.177487850,-0.556549549,-0.053867795,-0.025100440,1.295677662,-0.524450839,0.014261113,0.034595337,-0.019920681,0.344635934,0.179019824,0.497424841,-0.346471608,0.035741676,0.429575354,-0.693968177,0.712230086,-0.054216519,-0.309641063,0.246053010,0.003297463,-1.012000561,-0.310919970,0.035094399
69,1379.993,1786879883190.464,14671008.399,0.000000000,-0.699423015,0.087296799,-0.298383445,1.225371718,-0.451638579,-0.204351857,-0.556542397,-0.053418528,-0.031049479,1.313666463,-0.507559359,0.000041479,0.033821601,-0.027407451,0.343057513,0.178453237,0.503987074,-0.349532872,0.035417944,0.429678738,-0.700366855,0.713059485,-0.054479625,-0.309638679,0.245726451,0.003098085,-1.011793375,-0.310593933,0.034825310
70,1399.998,1786879883210.469,14671028.404,0.000000000,-0.691935122,0.085232034,-0.304415822,1.223248124,-0.451087207,-0.219790012,-0.558612108,-0.056055177,-0.038692623,1.334107041,-0.492937326,-0.018652087,0.036025435,-0.033926237,0.342674434,0.178437367,0.507738233,-0.355180591,0.035008311,0.430732340,-0.702393889,0.714402556,-0.056728832,-0.308014512,0.245142162,0.002961782,-1.011945248,-0.311889589,0.034007061
71,1420.003,1786879883230.474,14671048.409,0.000000000,-0.687135637,0.079792753,-0.315062076,1.231494784,-0.449905217,-0.225349873,-0.560849369,-0.058316730,-0.045069456,1.351304889,-0.502191067,-0.039219651,0.039549746,-0.037751295,0.342599213,0.180166140,0.508576632,-0.361490130,0.034797844,0.432423949,-0.702578306,0.715062857,-0.060599484,-0.304990679,0.244078383,0.002599047,-1.012294054,-0.316736042,0.031853769
72,1440.002,1786879883250.473,14671068.408,0.000000000,-0.687398851,0.074378595,-0.325150102,1.247458935,-0.444881171,-0.231729314,-0.562139750,-0.062489871,-0.052170284,1.335474372,-0.559418380,-0.058619592,0.042953853,-0.039585188,0.341617107,0.185472280,0.506486118,-0.365721732,0.033839747,0.434290618,-0.702572167,0.715301752,-0.066440642,-0.300799519,0.243591517,0.000320078,-1.013107419,-0.324410290,0.028195130
73,1459.997,1786879883270.468,14671088.403,0.000000000,-0.691786230,0.067001477,-0.324356467,1.272397637,-0.430873632,-0.238036215,-0.566859961,-0.077571824,-0.058638711,1.270741701,-0.614021957,-0.072390690,0.048442923,-0.046617396,0.343650311,0.192944467,0.504096508,-0.365993798,0.030338753,0.435101837,-0.702921510,0.715188265,-0.075387135,-0.296497136,0.244460642,-0.004983135,-1.015501261,-0.333069086,0.021876438
74,1480.000,1786879883290.471,14671108.406,0.000000000,-0.704745650,0.063975804,-0.318793982,1.312488317,-0.406227320,-0.240976900,-0.562730908,-0.087096900,-0.060857035,1.257423759,-0.668875694,-0.056431584,0.048096549,-0.047226094,0.350180715,0.198726729,0.502051294,-0.365321785,0.028616114,0.435315222,-0.704341173,0.714084566,-0.084715314,-0.296501100,0.247228697,-0.010965095,-1.018882513,-0.339348674,0.011278505
75,1499.999,1786879883310.470,14671128.406,0.000000000,-0.730448067,0.070652172,-0.308712959,1.367844224,-0.365570575,-0.225818962,-0.563119471,-0.084658764,-0.060172677,1.262705088,-0.683993459,-0.029207949,0.049560357,-0.038781874,0.357573688,0.200751349,0.498341382,-0.363567829,0.029027678,0.435466170,-0.705110013,0.711223185,-0.090876125,-0.302203745,0.249029040,-0.014946569,-1.020440102,-0.339486122,-0.000426984
76,1520.003,1786879883330.474,14671148.409,0.000000000,-0.756540775,0.078200601,-0.292335600,1.399741411,-0.397097200,-0.189820543,-0.564031303,-0.074992843,-0.048026416,1.271583676,-0.682919502,0.001550136,0.052478671,-0.033074845,0.365584582,0.199844584,0.495422453,-0.356879950,0.030556813,0.436559558,-0.705236197,0.708185852,-0.092257485,-0.310736626,0.249724030,-0.015399507,-1.018774748,-0.333264619,-0.009537466
77,1540.003,1786879883350.475,14671168.410,0.000000000,-0.786516011,0.084255964,-0.271371990,1.364794731,-0.440129489,-0.160103828,-0.561379671,-0.057755657,-0.034007873,1.280092955,-0.682629108,0.006680355,0.048627187,-0.026529161,0.370313495,0.197045103,0.492326856,-0.345176846,0.034778599,0.437341303,-0.705254972,0.706312418,-0.090339124,-0.322886616,0.251003116,-0.012774732,-1.015475988,-0.323851317,-0.016303707
78,1560.012,1786879883370.483,14671188.418,0.000000000,-0.819100022,0.085395046,-0.250686765,1.303138733,-0.453670561,-0.143459201,-0.558538795,-0.034947250,-0.019705340,1.295282722,-0.676461637,0.005411331,0.043180998,-0.017518960,0.370703906,0.195438802,0.489069700,-0.332529128,0.040482130,0.436553299,-0.705157399,0.706049263,-0.086987838,-0.338060677,0.253671318,-0.008886079,-1.011650801,-0.315303564,-0.019505380
79,1580.003,1786879883390.475,14671208.410,0.000000000,-0.842045307,0.080937669,-0.238425270,1.255012155,-0.442163169,-0.135280088,-0.558645010,-0.017475236,-0.011665689,1.311573029,-0.666807294,0.006536417,0.041660748,-0.009758161,0.366687298,0.195674449,0.487812340,-0.326315135,0.043628838,0.434714735,-0.704630971,0.707541347,-0.082650423,-0.349646866,0.256039947,-0.007573875,-1.009010911,-0.310222566,-0.018927321
80,1600.007,1786879883410.478,14671228.413,0.000000000,-0.862153888,0.071438566,-0.232865736,1.216539025,-0.425185114,-0.143919677,-0.558857977,0.003577184,-0.006820200,1.335045815,-0.651809990,0.009129178,0.045510892,-0.000740451,0.358208627,0.197489187,0.488500923,-0.323793739,0.044707280,0.431680113,-0.704120159,0.713992298,-0.075953580,-0.360393226,0.258572519,-0.007584874,-1.007490158,-0.305609673,-0.013627772
81,1620.002,1786879883430.473,14671248.408,0.000000000,-0.863638699,0.068134345,-0.242255896,1.224472284,-0.434235543,-0.156754419,-0.557118654,0.013510977,-0.005737735,1.351421595,-0.642785370,0.009496032,0.054917976,-0.007118630,0.349690169,0.198068306,0.495870084,-0.324117124,0.043840621,0.429712743,-0.704213262,0.726792395,-0.069976233,-0.356455624,0.260485440,-0.008075483,-1.011359692,-0.300865561,-0.001905240
82,1639.999,1786879883450.470,14671268.405,0.000000000,-0.859497845,0.066094436,-0.249136418,1.223147631,-0.441239148,-0.168231085,-0.550999165,0.014226107,-0.010994905,1.350910425,-0.644683361,0.003548628,0.057419702,-0.022189360,0.340823382,0.196094975,0.508638740,-0.327813536,0.039502352,0.429490745,-0.704203904,0.743361294,-0.064337984,-0.341744900,0.261275023,-0.012463501,-1.026322603,-0.295926303,0.013617262
83,1659.999,1786879883470.470,14671288.405,0.000000000,-0.853354454,0.061924823,-0.261268377,1.221357942,-0.440075725,-0.176991984,-0.538924038,0.016787689,-0.018649509,1.341940761,-0.647522330,-0.011785699,0.056559786,-0.031817615,0.339802474,0.189204663,0.522659481,-0.336444348,0.030445689,0.429743558,-0.704770505,0.758513868,-0.060160682,-0.328238398,0.259876132,-0.024020704,-1.048398495,-0.293181837,0.028715633
84,1680.003,1786879883490.474,14671308.409,0.000000000,-0.846129715,0.055618621,-0.276060611,1.229413748,-0.427744359,-0.185454637,-0.524697423,0.019868994,-0.024772387,1.335787416,-0.645772040,-0.031891339,0.057522252,-0.034923147,0.347751647,0.179795787,0.534735739,-0.347345710,0.020520205,0.429961145,-0.708919048,0.769421935,-0.059797764,-0.320337027,0.256233394,-0.037095182,-1.069318414,-0.294942230,0.039811615
85,1699.999,1786879883510.470,14671328.405,0.000000000,-0.839518249,0.049508866,-0.288216561,1.244061112,-0.411967635,-0.191997543,-0.513260305,0.019534905,-0.029775305,1.334496975,-0.639586985,-0.045936100,0.059928510,-0.033438373,0.356207669,0.173441723,0.542322457,-0.357351899,0.014546135,0.430256069,-0.717309654,0.776352227,-0.062213935,-0.317904472,0.252469689,-0.044120438,-1.082239747,-0.301246971,0.044498030
86,1720.002,1786879883530.474,14671348.409,0.000000000,-0.833714187,0.046170935,-0.294806212,1.259641647,-0.399584949,-0.195800737,-0.505616784,0.014620804,-0.035344224,1.336179733,-0.630245090,-0.049732067,0.061286807,-0.028780246,0.360790610,0.172919899,0.544489264,-0.364904970,0.013481028,0.430565447,-0.726996660,0.781111062,-0.066190228,-0.319132686,0.250697792,-0.043265473,-1.086330295,-0.308489233,0.045012049
87,1739.999,1786879883550.470,14671368.405,0.000000000,-0.827304184,0.045735706,-0.294218004,1.272582412,-0.389797360,-0.197496668,-0.500987053,0.005578762,-0.039662622,1.340172052,-0.616011500,-0.041111097,0.062798560,-0.024908932,0.363431215,0.175554439,0.544654667,-0.370486498,0.014203675,0.430788964,-0.735137820,0.783479452,-0.070109412,-0.321659982,0.249840870,-0.036898829,-1.086920857,-0.315218955,0.042880207
88,1760.007,1786879883570.478,14671388.413,0.000000000,-0.822329402,0.047727589,-0.289322972,1.281851768,-0.380684197,-0.198113456,-0.498653591,-0.003108059,-0.041241817,1.342238426,-0.601050735,-0.027236529,0.065248869,-0.022466630,0.362964809,0.179669261,0.544596314,-0.374464780,0.015362963,0.430856854,-0.741637707,0.783919752,-0.071377970,-0.323593259,0.248816624,-0.028220983,-1.087250710,-0.319559455,0.038946651
89,1780.001,1786879883590.472,14671408.407,0.000000000,-0.817360401,0.051136620,-0.282458544,1.285249710,-0.374715507,-0.198038489,-0.497025400,-0.010925706,-0.042217348,1.341686249,-0.588002443,-0.015390349,0.067088619,-0.021792758,0.361140519,0.184741959,0.544554591,-0.375685602,0.015742416,0.430682600,-0.747826517,0.783093333,-0.070807010,-0.324399948,0.247694373,-0.020469490,-1.087605119,-0.321244985,0.035388924
90,1800.015,1786879883610.487,14671428.422,0.000000000,-0.812010169,0.054058921,-0.276177704,1.283172369,-0.373599887,-0.197444320,-0.494996607,-0.017454674,-0.043613113,1.339059472,-0.578841567,-0.008641491,0.067062669,-0.022140291,0.359003127,0.189292938,0.544731975,-0.375413835,0.015893696,0.430034012,-0.754991472,0.781122088,-0.068212062,-0.325169414,0.246439651,-0.016249686,-1.087888479,-0.321565211,0.031838138
91,1820.009,1786879883630.480,14671448.415,0.000000000,-0.807956994,0.055363066,-0.272621304,1.279251814,-0.375235468,-0.196862862,-0.492820323,-0.021065198,-0.044676818,1.336077452,-0.574521482,-0.006400330,0.065971322,-0.022671005,0.357782930,0.191445172,0.545029700,-0.374637187,0.015979948,0.429590017,-0.760954261,0.778852105,-0.065556310,-0.326337844,0.245730698,-0.015122268,-1.088011980,-0.321641892,0.028763007
92,1840.005,1786879883650.476,14671468.411,0.000000000,-0.803290904,0.056179352,-0.269447744,1.273110747,-0.378613621,-0.196208417,-0.489667326,-0.024010180,-0.045923430,1.332086921,-0.569897652,-0.005151341,0.063467160,-0.023331676,0.357032835,0.192404553,0.545448124,-0.372797936,0.016060330,0.429259509,-0.769178450,0.775060236,-0.062617049,-0.328537017,0.245293319,-0.014837353,-1.088113070,-0.321774274,0.024401974
93,1860.001,1786879883670.473,14671488.408,0.000000000,-0.799803376,0.056387823,-0.267793894,1.267678022,-0.381176203,-0.195885792,-0.487254083,-0.025152758,-0.046826642,1.329534054,-0.563581705,-0.004205629,0.060856175,-0.023725467,0.357425451,0.191790104,0.545531213,-0.370474875,0.016065106,0.429107875,-0.776636481,0.770938039,-0.061370499,-0.330606490,0.245146230,-0.014737057,-1.088248014,-0.321983129,0.020337148
94,1879.999,1786879883690.470,14671508.406,0.000000000,-0.796896994,0.056394674,-0.267125547,1.263910294,-0.381544679,-0.195873439,-0.486179560,-0.025118124,-0.047171433,1.329679132,-0.553229988,-0.002963719,0.060025826,-0.023945451,0.359224975,0.189570099,0.545660913,-0.368991584,0.016007602,0.429123163,-0.782455146,0.767242968,-0.061375849,-0.331890047,0.244887769,-0.014648720,-1.088320017,-0.322122216,0.016585305
95,1899.999,1786879883710.470,14671528.405,0.000000000,-0.794704139,0.056386810,-0.267118186,1.262268662,-0.379359633,-0.196198180,-0.487434119,-0.024695909,-0.047456358,1.333727837,-0.537139654,-0.001539479,0.060886100,-0.024287850,0.361569017,0.187311530,0.546202064,-0.368481815,0.015784131,0.429230750,-0.786833704,0.764405429,-0.062163603,-0.332187712,0.244800642,-0.014447778,-1.088191152,-0.322634220,0.013151009
96,1920.003,1786879883730.475,14671548.410,0.000000000,-0.792597115,0.056415770,-0.267642677,1.262422204,-0.375331372,-0.197123036,-0.491590410,-0.024589233,-0.048244540,1.343018413,-0.513390899,-0.000019533,0.062936224,-0.025046518,0.364421278,0.185803428,0.547305524,-0.368425041,0.015489446,0.429385334,-0.790155530,0.762043536,-0.063964322,-0.332143962,0.244874388,-0.013738106,-1.087461591,-0.324420601,0.009611308
97,1940.002,1786879883750.473,14671568.408,0.000000000,-0.789787292,0.056473754,-0.268978268,1.263636589,-0.371310771,-0.198863298,-0.499357045,-0.025556248,-0.050602641,1.359054804,-0.479270905,0.001670538,0.065347455,-0.026298497,0.367411464,0.185182214,0.548936009,-0.368442297,0.015417458,0.429630607,-0.792318285,0.759869814,-0.066693157,-0.331878632,0.245214462,-0.011666554,-1.084788680,-0.327393770,0.005482769
98,1960.000,1786879883770.471,14671588.406,0.000000000,-0.784809291,0.056251124,-0.271241903,1.264758587,-0.369901836,-0.201791883,-0.514065623,-0.028668271,-0.054564379,1.386647701,-0.427922577,0.002370766,0.067776687,-0.028949274,0.370469898,0.185135737,0.551407337,-0.368470669,0.015446459,0.430274189,-0.792998314,0.757975221,-0.070516095,-0.331019223,0.246150345,-0.008076975,-1.078917503,-0.331350118,0.000872963
99,1980.000,1786879883790.471,14671608.406,0.000000000,-0.775191903,0.054467764,-0.280642509,1.262604713,-0.380355984,-0.207732528,-0.535313189,-0.030597258,-0.058794435,1.423564672,-0.381857157,-0.017249156,0.065822549,-0.030650821,0.373191208,0.186815143,0.553191364,-0.368465036,0.015599339,0.431685776,-0.793038368,0.757198811,-0.076555304,-0.329854071,0.247954309,-0.004708276,-1.068326473,-0.338825077,-0.004154248
100,2000.001,1786879883810.472,14671628.407,0.000000000,-0.770623565,0.052426800,-0.296131492,1.259194732,-0.401142329,-0.215075910,-0.560669065,-0.033079788,-0.059446365,1.423084497,-0.467920572,-0.048155274,0.057043046,-0.028250199,0.369138747,0.192175582,0.550650120,-0.367874563,0.016327349,0.434137166,-0.793047488,0.756409407,-0.083451889,-0.329263061,0.249990866,-0.004276698,-1.057069898,-0.350436330,-0.011348324
101,2019.992,1786879883830.463,14671648.398,0.000000000,-0.768654823,0.045415804,-0.304773748,1.262260437,-0.418022275,-0.221332833,-0.585423827,-0.054354273,-0.051039238,1.351361156,-0.550452590,-0.078770421,0.045992222,-0.027968563,0.368838340,0.197912008,0.544198394,-0.363264114,0.016016716,0.436499774,-0.793047249,0.750265300,-0.092730768,-0.330044925,0.251511723,-0.007395220,-1.052283287,-0.360889614,-0.022031814
102,2040.005,1786879883850.477,14671668.412,0.000000000,-0.771119297,0.039497815,-0.307469547,1.276787877,-0.433838427,-0.223679751,-0.591406345,-0.077443160,-0.040632032,1.313358307,-0.619468868,-0.068372332,0.031145284,-0.023826459,0.369361699,0.202580869,0.537003458,-0.356557190,0.015560197,0.437433183,-0.792982399,0.738941669,-0.097844779,-0.330828369,0.253288299,-0.010617731,-1.052325368,-0.365269870,-0.033954419
103,2060.004,1786879883870.475,14671688.410,0.000000000,-0.775527477,0.041874945,-0.306741506,1.288075924,-0.449158609,-0.224205598,-0.589356542,-0.085069090,-0.040610027,1.303550363,-0.658409357,-0.042828631,0.024784263,-0.018483860,0.366046458,0.203639269,0.532351792,-0.352316618,0.015792828,0.437375188,-0.792319179,0.730381608,-0.097865224,-0.330470085,0.254853517,-0.010836786,-1.053840160,-0.364619404,-0.041005548
104,2080.005,1786879883890.476,14671708.411,0.000000000,-0.777011275,0.048945393,-0.304592311,1.300181150,-0.464181721,-0.225363120,-0.587907672,-0.086779498,-0.042900693,1.303932667,-0.677094102,-0.018622579,0.028007584,-0.013455194,0.366200626,0.198368326,0.526133895,-0.346371561,0.015185339,0.437884092,-0.788865089,0.722324491,-0.096902102,-0.330534905,0.255884588,-0.010263896,-1.058841109,-0.359210849,-0.044941977
105,2099.999,1786879883910.470,14671728.405,0.000000000,-0.774355054,0.055661093,-0.304999530,1.309507847,-0.465177447,-0.227365226,-0.586626470,-0.082679488,-0.042156197,1.308518529,-0.672529697,0.001733934,0.038340062,-0.010125458,0.372368902,0.186088189,0.520250320,-0.341040134,0.013652035,0.442084521,-0.782839835,0.719660997,-0.096373975,-0.332733035,0.255970567,-0.009818889,-1.066524982,-0.349689424,-0.044884667
106,2119.997,1786879883930.469,14671748.404,0.000000000,-0.772335291,0.060968842,-0.308878899,1.316124082,-0.451995045,-0.228968367,-0.583019733,-0.075106248,-0.042187441,1.311118960,-0.653800964,0.020614028,0.047026444,-0.006350509,0.379559070,0.170550182,0.515431225,-0.336844325,0.013263712,0.450613350,-0.777329922,0.719467223,-0.096198671,-0.337233961,0.256004781,-0.008593116,-1.073071718,-0.340183854,-0.043558773
107,2139.994,1786879883950.466,14671768.400,0.000000000,-0.772856534,0.066620983,-0.310848176,1.320721745,-0.429072350,-0.227062449,-0.578897715,-0.065676935,-0.043335758,1.313729525,-0.631134987,0.019207882,0.052379526,-0.004472776,0.383752495,0.156200200,0.513920248,-0.335428447,0.013819982,0.454982102,-0.774710178,0.719418705,-0.095290922,-0.342052132,0.256411672,-0.006108181,-1.075516701,-0.333127350,-0.042516112
108,2160.000,1786879883970.471,14671788.406,0.000000000,-0.774846256,0.073610894,-0.310072333,1.322636247,-0.404615074,-0.220529631,-0.576140523,-0.055441674,-0.044018362,1.316825151,-0.601785541,0.016129717,0.055252701,-0.005162029,0.382583201,0.146366060,0.514239252,-0.335298091,0.016118702,0.455248296,-0.774894297,0.719314933,-0.092729822,-0.345776916,0.257633179,-0.003065833,-1.075164199,-0.327946395,-0.041829616
109,2180.002,1786879883990.473,14671808.408,0.000000000,-0.773604333,0.080702014,-0.308215678,1.315387249,-0.395673394,-0.208792493,-0.574966729,-0.046446074,-0.045102142,1.320497513,-0.569073915,0.013483558,0.055900130,-0.009124165,0.375775099,0.142278522,0.516110539,-0.335311294,0.019712705,0.453500986,-0.776977241,0.718761384,-0.088574104,-0.348210663,0.260022998,-0.000235539,-1.072984219,-0.324278146,-0.040857602
110,2199.997,1786879884010.469,14671828.404,0.000000000,-0.764943182,0.088707529,-0.306733906,1.295450091,-0.401064247,-0.202096254,-0.574037492,-0.040254124,-0.049426667,1.325935721,-0.534276426,0.010753812,0.055353351,-0.014568177,0.367592305,0.141445324,0.519185185,-0.335545272,0.024238389,0.449592829,-0.780467153,0.718091011,-0.083522238,-0.349496633,0.262185901,0.000769980,-1.068638325,-0.321584702,-0.039762259
111,2219.997,1786879884030.468,14671848.403,0.000000000,-0.750185847,0.095739953,-0.306171983,1.272637963,-0.406622171,-0.211054936,-0.573933363,-0.037355699,-0.055602379,1.339549780,-0.492242336,0.006891866,0.054401986,-0.021434834,0.364540577,0.141649872,0.525011539,-0.336379498,0.027379073,0.448177248,-0.782700360,0.718353391,-0.081026807,-0.349546641,0.262574941,0.000862177,-1.063241839,-0.321174145,-0.039228555
112,2239.996,1786879884050.468,14671868.403,0.000000000,-0.730389833,0.096381851,-0.310760051,1.253697991,-0.407398701,-0.239143923,-0.585292459,-0.040550947,-0.062622555,1.376677275,-0.429536134,-0.008949471,0.053505968,-0.030664248,0.367113650,0.142867878,0.532049298,-0.339182794,0.029005172,0.448140323,-0.782522321,0.719105244,-0.083317541,-0.349142909,0.262713075,0.001085036,-1.055232048,-0.323490918,-0.039200261
113,2260.003,1786879884070.475,14671888.410,0.000000000,-0.715793967,0.095813505,-0.328408480,1.245660901,-0.420336396,-0.246935070,-0.601763070,-0.039746858,-0.071731821,1.397866488,-0.483556390,-0.041975982,0.045864027,-0.028050767,0.367389739,0.148901328,0.531949282,-0.343193918,0.032290347,0.449510485,-0.780980945,0.720359921,-0.089483619,-0.349787951,0.262498856,0.001152611,-1.045035839,-0.331088901,-0.040418815
114,2280.000,1786879884090.471,14671908.406,0.000000000,-0.708796322,0.087595485,-0.343522280,1.247971058,-0.431182027,-0.248566031,-0.622107208,-0.055501536,-0.076596573,1.334864020,-0.557560861,-0.077411294,0.036140740,-0.026552640,0.365117043,0.159760803,0.526027679,-0.344907165,0.033013716,0.451750457,-0.776372552,0.718960345,-0.097512841,-0.349665880,0.261639059,0.000136726,-1.040063977,-0.340543807,-0.046451945
115,2300.009,1786879884110.480,14671928.415,0.000000000,-0.706308663,0.075183213,-0.342673302,1.267920613,-0.435292065,-0.248821974,-0.636486292,-0.084832549,-0.068592854,1.271882534,-0.607226610,-0.083065912,0.027440744,-0.031093547,0.364753455,0.171265796,0.520461977,-0.344977617,0.030979862,0.452632308,-0.771487713,0.714521289,-0.103102945,-0.348264277,0.261161834,-0.001868443,-1.040310621,-0.346359849,-0.055263858
116,2320.003,1786879884130.475,14671948.410,0.000000000,-0.709108174,0.073998958,-0.338662535,1.289493442,-0.439535856,-0.248290136,-0.638664901,-0.095634721,-0.062601849,1.256868005,-0.606355250,-0.073092334,0.021960801,-0.029329460,0.362434953,0.178390831,0.515926421,-0.345138490,0.030169243,0.452715665,-0.767671466,0.710520566,-0.103912294,-0.345775574,0.261130929,-0.002035061,-1.042670131,-0.347123861,-0.061012980
117,2340.002,1786879884150.474,14671968.409,0.000000000,-0.713572264,0.080186583,-0.331752092,1.316270471,-0.438221872,-0.246542558,-0.638656557,-0.093311727,-0.057037927,1.267645836,-0.621213198,-0.053619117,0.024889333,-0.025616650,0.360749215,0.180703014,0.509518683,-0.345196575,0.029547693,0.453360319,-0.759763837,0.707606196,-0.101821676,-0.341833234,0.261137992,-0.001339255,-1.048602462,-0.342878729,-0.064486377
118,2359.996,1786879884170.468,14671988.403,0.000000000,-0.718695462,0.089610510,-0.322572291,1.341922998,-0.415508121,-0.243982255,-0.637070894,-0.082153060,-0.045987699,1.275154352,-0.622679591,-0.036278781,0.036369685,-0.023938175,0.364887476,0.176416770,0.503734291,-0.344540685,0.028135868,0.456437737,-0.749534607,0.709019125,-0.100351721,-0.339974463,0.261300087,-0.000071319,-1.054616690,-0.334373564,-0.064084522
119,2379.996,1786879884190.467,14672008.402,0.000000000,-0.728368223,0.098009557,-0.312905878,1.370306015,-0.367561400,-0.231628805,-0.632324815,-0.066993177,-0.031489637,1.277221799,-0.609554946,-0.016471827,0.047930021,-0.023802919,0.373799354,0.169411913,0.500292778,-0.342184901,0.026859270,0.462528467,-0.740186751,0.713293195,-0.100201398,-0.340666175,0.261519700,0.000119818,-1.057974100,-0.324402183,-0.061985668
120,2399.997,1786879884210.468,14672028.403,0.000000000,-0.744323730,0.103229411,-0.299712300,1.393910885,-0.341656625,-0.201404408,-0.626750588,-0.052735846,-0.016481124,1.276789427,-0.590371609,0.001221038,0.054826770,-0.026590386,0.379920334,0.164315775,0.499879628,-0.338472366,0.027154002,0.464357853,-0.734339595,0.716824889,-0.098615736,-0.342480689,0.261950254,0.000148386,-1.057017207,-0.315143138,-0.060289528
121,2420.001,1786879884230.472,14672048.407,0.000000000,-0.768030167,0.106206536,-0.279166341,1.372635126,-0.380135834,-0.170358792,-0.623263299,-0.039650239,-0.009496225,1.276644826,-0.570561171,0.004538810,0.053080063,-0.026662193,0.378052056,0.162053257,0.500022709,-0.333436042,0.029160675,0.462047249,-0.731921792,0.718265235,-0.094179653,-0.346049815,0.262597442,0.000407445,-1.050987840,-0.306381285,-0.059709273
122,2440.000,1786879884250.472,14672068.407,0.000000000,-0.795176029,0.106914207,-0.257937431,1.313998699,-0.422589213,-0.154905170,-0.618716061,-0.023091109,-0.006272718,1.280254483,-0.547086120,0.004801486,0.045922559,-0.022580482,0.375796944,0.161416650,0.500906110,-0.328197032,0.032757189,0.453668594,-0.731642962,0.718783736,-0.091641657,-0.351700515,0.263928235,0.001047539,-1.042139888,-0.299253643,-0.058398515
123,2459.999,1786879884270.470,14672088.405,0.000000000,-0.817950308,0.103431456,-0.241680652,1.239865422,-0.434493333,-0.147931144,-0.615554214,-0.005738031,-0.008862232,1.291614890,-0.520304263,0.007697789,0.040201344,-0.014706288,0.373089582,0.162175730,0.503105938,-0.326512247,0.036390115,0.443935990,-0.731533229,0.721552968,-0.091063119,-0.358955234,0.265962392,0.000670041,-1.033360362,-0.294267446,-0.055237036
124,2479.997,1786879884290.468,14672108.403,0.000000000,-0.828437865,0.095464580,-0.237565786,1.194627047,-0.438152343,-0.153651088,-0.612606287,0.005429761,-0.021388011,1.311469674,-0.506710410,-0.002326328,0.040697120,-0.006592496,0.367656499,0.166552812,0.506519079,-0.328977644,0.037360739,0.436729372,-0.731742620,0.729283273,-0.090125687,-0.364627898,0.267192751,-0.002952676,-1.028250337,-0.292751372,-0.047818828
125,2499.999,1786879884310.470,14672128.406,0.000000000,-0.825561523,0.092166655,-0.246307939,1.191876650,-0.435943991,-0.153368533,-0.605566144,0.006677114,-0.037963949,1.328949690,-0.513093531,-0.015746778,0.046053708,-0.006237309,0.359446585,0.172372937,0.512778699,-0.334551185,0.037410330,0.433514327,-0.732045412,0.741336346,-0.088329911,-0.361717910,0.267779469,-0.006891555,-1.029580474,-0.292582005,-0.037289333
126,2520.000,1786879884330.471,14672148.406,0.000000000,-0.820063829,0.087532520,-0.255830139,1.205637336,-0.465681702,-0.158941135,-0.591860056,0.000336902,-0.052404612,1.337164402,-0.535652280,-0.030268865,0.048055273,-0.013261443,0.353472799,0.174488425,0.521309316,-0.342276603,0.035350323,0.434002042,-0.730432153,0.753158927,-0.085904852,-0.349180251,0.265169114,-0.011769126,-1.040416479,-0.292512655,-0.023801481
127,2540.004,1786879884350.475,14672168.410,0.000000000,-0.816327453,0.079398379,-0.264438152,1.225694060,-0.477627605,-0.165927038,-0.574067473,-0.002626318,-0.057365436,1.338965416,-0.561129570,-0.042867482,0.049668930,-0.019855903,0.354928732,0.171303421,0.528564990,-0.351427466,0.030097511,0.436452389,-0.727514803,0.761577249,-0.083509631,-0.333665460,0.258636892,-0.020007854,-1.059491396,-0.292985648,-0.008813988
128,2560.003,1786879884370.474,14672188.409,0.000000000,-0.815283954,0.071116775,-0.272046268,1.251574397,-0.472423762,-0.172434807,-0.557916343,-0.002317088,-0.056113701,1.339093804,-0.578272700,-0.049765278,0.053793572,-0.022072755,0.361435175,0.164638549,0.532581985,-0.361692160,0.024444463,0.439115882,-0.725606561,0.766524971,-0.081874780,-0.319992959,0.250155240,-0.028595703,-1.081045866,-0.295411855,0.005527695
129,2580.004,1786879884390.476,14672208.411,0.000000000,-0.815903485,0.066830002,-0.276002616,1.270489931,-0.463147670,-0.176120996,-0.549463451,-0.001633662,-0.053966802,1.338792682,-0.584187329,-0.051792961,0.057893053,-0.021143017,0.365993828,0.160517275,0.533342957,-0.368880004,0.020955604,0.440325797,-0.725265265,0.769303262,-0.081426896,-0.312109411,0.244839296,-0.032638308,-1.095518827,-0.298493862,0.014961950
130,2600.002,1786879884410.473,14672228.408,0.000000000,-0.817006469,0.064499676,-0.279553086,1.290851831,-0.450336903,-0.179202631,-0.542617142,-0.001137691,-0.052430321,1.337150455,-0.583944619,-0.051395673,0.062678188,-0.016687732,0.369825661,0.158244148,0.532671809,-0.376878142,0.017882653,0.440934777,-0.726317883,0.773467898,-0.081291176,-0.305787891,0.240865961,-0.034363665,-1.110266328,-0.303017676,0.025455076
131,2619.999,1786879884430.470,14672248.406,0.000000000,-0.817189932,0.064683281,-0.281296313,1.305050015,-0.438176185,-0.180644020,-0.539317966,-0.001454990,-0.051838968,1.334521294,-0.576504588,-0.049222350,0.066480897,-0.010384100,0.372114390,0.158312321,0.531391263,-0.382303923,0.016896270,0.441155970,-0.730356574,0.777992189,-0.080536239,-0.304242134,0.239825711,-0.034500547,-1.119495273,-0.306853116,0.033889011
132,2639.996,1786879884450.468,14672268.403,0.000000000,-0.816290855,0.065570325,-0.280253828,1.312931061,-0.425337434,-0.181005865,-0.538253367,-0.003769897,-0.051189087,1.330895185,-0.564995825,-0.045823138,0.069161192,-0.005581510,0.373328120,0.159977123,0.530996025,-0.384310007,0.016695308,0.441159278,-0.736682117,0.780991077,-0.077976309,-0.304219365,0.239535362,-0.034480914,-1.123602033,-0.309880376,0.040386226
133,2659.999,1786879884470.470,14672288.405,0.000000000,-0.814566195,0.067451030,-0.275918692,1.314224482,-0.413563251,-0.180553734,-0.538419604,-0.007885944,-0.050432637,1.324842930,-0.553507388,-0.042394042,0.070742033,-0.004035628,0.372263491,0.164024696,0.531031728,-0.383575082,0.016126763,0.440382928,-0.744563043,0.782602429,-0.073622428,-0.304225326,0.239427179,-0.034548692,-1.125446200,-0.312394023,0.045327988
134,2679.996,1786879884490.468,14672308.403,0.000000000,-0.812066853,0.069651380,-0.270227641,1.310156703,-0.404669881,-0.179557219,-0.538968563,-0.011648471,-0.048319403,1.316001177,-0.544977427,-0.040401544,0.071397468,-0.005657442,0.368439227,0.170258507,0.531388700,-0.381086588,0.014464807,0.438511699,-0.753838062,0.783258855,-0.068344198,-0.304226875,0.239418000,-0.034720518,-1.126381397,-0.314300478,0.049137887
135,2699.990,1786879884510.461,14672328.396,0.000000000,-0.807983100,0.070413537,-0.264438570,1.302563906,-0.399528384,-0.178574950,-0.538115978,-0.015204930,-0.044618044,1.305684447,-0.542009473,-0.040123716,0.070876770,-0.010672974,0.363545895,0.176792040,0.532861352,-0.377731085,0.011993883,0.436519116,-0.764846265,0.783361495,-0.063026130,-0.304619491,0.239431262,-0.035166033,-1.126696825,-0.315894604,0.050789766
136,2719.995,1786879884530.467,14672348.401,0.000000000,-0.802697480,0.070483632,-0.259959906,1.295215011,-0.397306621,-0.177822500,-0.534594953,-0.018910222,-0.042610843,1.295729876,-0.541974962,-0.040070504,0.068455696,-0.016177919,0.359865636,0.181857824,0.535460889,-0.375019848,0.009714058,0.434146941,-0.776718676,0.783303857,-0.059461460,-0.306694657,0.239429384,-0.035312437,-1.126775146,-0.317816257,0.050542250
137,2740.000,1786879884550.472,14672368.407,0.000000000,-0.796220422,0.070900999,-0.257115901,1.290196300,-0.396839172,-0.177516058,-0.528944969,-0.021909723,-0.042385492,1.287807703,-0.541795611,-0.040003765,0.065760620,-0.020190749,0.359084517,0.184227169,0.538229108,-0.373361707,0.007972692,0.432900786,-0.787725329,0.782253802,-0.058264390,-0.310654402,0.239392743,-0.035363320,-1.126572251,-0.319178432,0.048054576
138,2760.004,1786879884570.475,14672388.410,0.000000000,-0.790327907,0.071743369,-0.255111098,1.288563132,-0.396361798,-0.177581981,-0.524048090,-0.024007166,-0.042313095,1.283429623,-0.540118814,-0.039797086,0.064780407,-0.023171274,0.359613150,0.184646979,0.540247619,-0.372233689,0.006938390,0.432620615,-0.796928048,0.779452205,-0.058273777,-0.315448612,0.239335820,-0.035380021,-1.125558376,-0.319860756,0.042965338
139,2780.005,1786879884590.476,14672408.411,0.000000000,-0.785278440,0.072557092,-0.254051358,1.289863348,-0.395066947,-0.178128883,-0.520253181,-0.025638156,-0.042389218,1.282322049,-0.536056519,-0.038010802,0.064698920,-0.025476595,0.361191839,0.184667856,0.541275442,-0.371161461,0.006384047,0.432528287,-0.803976595,0.775701702,-0.059031986,-0.319767624,0.239318371,-0.035213225,-1.123076439,-0.320475936,0.035884727
140,2800.012,1786879884610.483,14672428.418,0.000000000,-0.781577170,0.073241197,-0.253707141,1.293743372,-0.391653240,-0.179269940,-0.517791629,-0.027094033,-0.042714648,1.283950806,-0.529062688,-0.034070265,0.064948767,-0.027502241,0.363537580,0.184684023,0.541746080,-0.370340347,0.006262303,0.432517767,-0.808714807,0.771788895,-0.060507532,-0.322811425,0.239358336,-0.034311756,-1.119051576,-0.321597308,0.027109010
141,2820.008,1786879884630.479,14672448.414,0.000000000,-0.779794753,0.073802769,-0.253572196,1.298026919,-0.387253523,-0.180415779,-0.517035246,-0.028293112,-0.043243211,1.286859751,-0.521627665,-0.029957822,0.065489829,-0.029159475,0.365547299,0.184704602,0.542044282,-0.370010316,0.006260298,0.432535410,-0.810766578,0.768875718,-0.061957724,-0.324027598,0.239451736,-0.032743640,-1.115114927,-0.322821319,0.019688606
142,2840.007,1786879884650.479,14672468.414,0.000000000,-0.778555334,0.074638054,-0.253487557,1.305059791,-0.378608316,-0.182244107,-0.517400146,-0.030314598,-0.044713978,1.292743444,-0.508329988,-0.023255756,0.066676222,-0.031763617,0.368465900,0.184721753,0.542502105,-0.369790643,0.006338891,0.432585210,-0.811837137,0.765026391,-0.064271405,-0.324424416,0.240015626,-0.029264959,-1.108362675,-0.324587166,0.009390769
143,2860.000,1786879884670.471,14672488.406,0.000000000,-0.778938472,0.076137602,-0.253636926,1.313362956,-0.366517931,-0.184296250,-0.519261956,-0.032333344,-0.047441907,1.300239682,-0.490421861,-0.015217909,0.068323508,-0.034359939,0.371141702,0.184708059,0.542833865,-0.369502962,0.006899829,0.432666779,-0.811962366,0.761009097,-0.066832483,-0.324441493,0.241880476,-0.024433203,-1.100047827,-0.325914115,-0.000681832
144,2880.003,1786879884690.474,14672508.409,0.000000000,-0.781168163,0.078316547,-0.254239231,1.322698832,-0.350573391,-0.186629027,-0.522525787,-0.033791617,-0.051019397,1.308535814,-0.468047529,-0.006380094,0.070966832,-0.036822554,0.373079330,0.184688136,0.542928755,-0.368912697,0.008287206,0.432782799,-0.811879218,0.756959915,-0.069024101,-0.324398369,0.244683817,-0.019211495,-1.092134356,-0.326469362,-0.009971946
145,2899.999,1786879884710.470,14672528.405,0.000000000,-0.784303069,0.080381341,-0.254871249,1.332444906,-0.330331594,-0.189233378,-0.526960552,-0.035641473,-0.055274628,1.318371058,-0.440585107,0.002308510,0.074503042,-0.039944332,0.374944448,0.184690952,0.543204486,-0.368220180,0.010029549,0.432949126,-0.811259806,0.753377497,-0.070817374,-0.324229628,0.247718766,-0.014229774,-1.084333301,-0.326597393,-0.017675547
146,2920.003,1786879884730.474,14672548.409,0.000000000,-0.787216961,0.082271054,-0.255647272,1.342508435,-0.307233810,-0.192102313,-0.533215344,-0.038080566,-0.060345113,1.332227349,-0.405297965,0.009298162,0.078285217,-0.043538503,0.377222985,0.184829250,0.544375420,-0.367629886,0.012110757,0.433130831,-0.809794784,0.749781132,-0.072679207,-0.324142158,0.250696748,-0.009770866,-1.075651169,-0.326666445,-0.023832999
147,2940.004,1786879884750.475,14672568.410,0.000000000,-0.788307846,0.083404325,-0.257248491,1.352388978,-0.284648567,-0.195716903,-0.543537080,-0.041357227,-0.065853991,1.354116201,-0.357638091,0.012456740,0.081571199,-0.047786664,0.380021155,0.185391888,0.546894252,-0.366615564,0.014762517,0.433386028,-0.807367325,0.745601296,-0.075001836,-0.324014068,0.253598243,-0.005887641,-1.065038204,-0.326778978,-0.029327128
148,2960.003,1786879884770.474,14672588.409,0.000000000,-0.785697222,0.082665771,-0.262433916,1.360491514,-0.268715650,-0.201345876,-0.558317602,-0.044272512,-0.071835898,1.384090900,-0.299745351,0.004571947,0.081274167,-0.052096542,0.383037686,0.187638298,0.550019264,-0.364329994,0.017956331,0.433701038,-0.803575635,0.741177082,-0.078737363,-0.323575556,0.257066876,-0.002594564,-1.051682472,-0.327896118,-0.034727983
149,2980.000,1786879884790.472,14672608.407,0.000000000,-0.782766640,0.082262561,-0.277423114,1.361990929,-0.271819085,-0.210040808,-0.574865937,-0.039931051,-0.074960984,1.396724463,-0.381975085,-0.020845927,0.070909999,-0.050481193,0.381154895,0.195178047,0.548871100,-0.359266937,0.022557335,0.433957160,-0.799431860,0.737428665,-0.084739029,-0.323114425,0.261159003,-0.001692218,-1.036264062,-0.333717227,-0.041231710
150,3000.000,1786879884810.471,14672628.406,0.000000000,-0.782722652,0.078340761,-0.290643632,1.358081937,-0.286274552,-0.218454614,-0.597674787,-0.049186151,-0.076569594,1.331747532,-0.476621956,-0.053066123,0.055956379,-0.048735406,0.375826001,0.205286622,0.541956782,-0.349485636,0.025782622,0.434923917,-0.793888688,0.728824079,-0.091455616,-0.323981464,0.264300972,-0.006325536,-1.027300358,-0.339815140,-0.051623903
151,3020.004,1786879884830.475,14672648.410,0.000000000,-0.784550130,0.072190933,-0.291476727,1.363172889,-0.299930811,-0.221475422,-0.612048090,-0.071584173,-0.069189638,1.259440780,-0.547006667,-0.061112545,0.042237952,-0.049242005,0.372238755,0.214137584,0.534394681,-0.337449610,0.025906803,0.435550272,-0.789332688,0.715193748,-0.094457552,-0.326357752,0.265909761,-0.015600227,-1.025900722,-0.341590106,-0.064510077
152,3040.003,1786879884850.474,14672668.409,0.000000000,-0.791296721,0.073485188,-0.288608998,1.379810929,-0.305847436,-0.221440002,-0.613123417,-0.082417987,-0.063341700,1.231989026,-0.560245216,-0.031752605,0.034906648,-0.043432169,0.369546413,0.217419297,0.527517676,-0.328201234,0.025542909,0.435600221,-0.784947515,0.701277316,-0.093957096,-0.328908384,0.266128719,-0.022314303,-1.027658701,-0.338349134,-0.076342016
153,3060.004,1786879884870.476,14672688.411,0.000000000,-0.796779633,0.079239853,-0.285152316,1.402777553,-0.288674861,-0.221280411,-0.607866287,-0.080610454,-0.060180798,1.233574867,-0.567577064,0.004079098,0.041543901,-0.036038335,0.374770045,0.211599469,0.520973146,-0.320789814,0.024945626,0.436333507,-0.777800322,0.690978646,-0.094142698,-0.332567573,0.266098887,-0.024358522,-1.031121492,-0.328166664,-0.082613461
154,3080.005,1786879884890.477,14672708.412,0.000000000,-0.800949633,0.085420378,-0.280948251,1.422322273,-0.261753976,-0.214027166,-0.601692855,-0.075136028,-0.055591207,1.235169530,-0.563499570,0.026389752,0.053485036,-0.031187745,0.381511718,0.203786477,0.516484261,-0.315439284,0.024624497,0.439440995,-0.771380901,0.686769485,-0.094390064,-0.336762846,0.266085595,-0.024296343,-1.033332109,-0.317349792,-0.083538078
155,3100.004,1786879884910.475,14672728.410,0.000000000,-0.807743549,0.092471600,-0.274022549,1.437971234,-0.290211171,-0.191199377,-0.594089925,-0.064985089,-0.048772275,1.237946153,-0.554050088,0.032005288,0.067867719,-0.027234657,0.386961490,0.193585426,0.511488676,-0.306306690,0.025499223,0.445566237,-0.763714373,0.683500826,-0.094439924,-0.342777878,0.266655475,-0.020751890,-1.034095883,-0.303126335,-0.083655700
156,3120.004,1786879884930.476,14672748.411,0.000000000,-0.824971676,0.095871992,-0.263289332,1.394664407,-0.384868860,-0.165439039,-0.587075353,-0.052713219,-0.045144442,1.242042899,-0.536575258,0.029663578,0.069405526,-0.022342261,0.387652010,0.182093576,0.508971393,-0.297374129,0.029612783,0.446773648,-0.758074224,0.681167185,-0.095163330,-0.349889994,0.268422097,-0.013650693,-1.032587767,-0.291626483,-0.084583685
157,3140.000,1786879884950.471,14672768.406,0.000000000,-0.848930538,0.095902212,-0.249249309,1.323373437,-0.436060220,-0.151593134,-0.579502225,-0.036757205,-0.042967346,1.256177902,-0.508164525,0.027308354,0.063884363,-0.014626428,0.389418364,0.170603275,0.510039449,-0.292508870,0.036241081,0.444545925,-0.753878534,0.680557609,-0.097545251,-0.358922452,0.271613389,-0.005139618,-1.027616858,-0.284366280,-0.086010568
158,3160.003,1786879884970.474,14672788.409,0.000000000,-0.874175012,0.090902090,-0.234083176,1.244542241,-0.443096995,-0.146248087,-0.579226434,-0.021076309,-0.041714787,1.281534433,-0.473471940,0.028894387,0.060663816,-0.009836246,0.385062754,0.164737448,0.513769865,-0.291636616,0.042386036,0.438915074,-0.750845492,0.681254685,-0.099532880,-0.366100043,0.275220126,0.003343407,-1.018643379,-0.281916946,-0.084027246
159,3180.004,1786879884990.475,14672808.410,0.000000000,-0.891314983,0.083046526,-0.230246946,1.176394224,-0.405869901,-0.145143613,-0.585130095,-0.007511680,-0.049943872,1.318580985,-0.440086752,0.022553951,0.061701983,-0.002988097,0.373999149,0.166391239,0.517762065,-0.296574861,0.046521429,0.430672318,-0.749487579,0.687377989,-0.100636669,-0.372043252,0.279346138,0.005717257,-1.010112762,-0.282115757,-0.076548234
160,3200.002,1786879885010.473,14672828.408,0.000000000,-0.893524945,0.076318614,-0.241820529,1.163197756,-0.377306134,-0.143129855,-0.585338354,-0.000086665,-0.063319981,1.361300707,-0.446498096,-0.000247783,0.064862199,0.004381323,0.363231391,0.174117520,0.523242414,-0.307345450,0.048034430,0.423391730,-0.749344766,0.701306701,-0.102228686,-0.373984039,0.282438844,0.002455388,-1.006359696,-0.285701632,-0.066093050
161,3220.000,1786879885030.471,14672848.406,0.000000000,-0.891509295,0.069468752,-0.244723886,1.199562669,-0.403267056,-0.141386315,-0.580780327,-0.013288265,-0.061318122,1.365446210,-0.503602147,-0.038601484,0.068625599,-0.008823778,0.362091839,0.176319048,0.533521712,-0.316635013,0.048001893,0.419202268,-0.747256517,0.717091799,-0.106570318,-0.362198472,0.281685174,-0.002105923,-1.008539796,-0.290205210,-0.055755250
162,3240.001,1786879885050.472,14672868.407,0.000000000,-0.889212668,0.060834344,-0.246922135,1.232843280,-0.426806152,-0.143185288,-0.573476553,-0.031902082,-0.055255156,1.349945307,-0.572913826,-0.062728621,0.066536918,-0.019441199,0.364893734,0.174021065,0.538921118,-0.323469698,0.045458708,0.420744240,-0.738713562,0.729783833,-0.109089553,-0.347195983,0.277786791,-0.011941327,-1.021977067,-0.293734252,-0.043874715
163,3260.002,1786879885070.474,14672888.409,0.000000000,-0.889070630,0.054621581,-0.254282981,1.263006449,-0.446012646,-0.146945745,-0.562032223,-0.044428200,-0.052372772,1.330807447,-0.626146436,-0.072428033,0.062438823,-0.019223297,0.367446989,0.168954417,0.539920032,-0.331088364,0.041982695,0.423529208,-0.728971481,0.738129318,-0.108773500,-0.333954453,0.272687048,-0.022663878,-1.041304708,-0.298319221,-0.031155061
164,3280.002,1786879885090.473,14672908.408,0.000000000,-0.888680339,0.050464753,-0.264835596,1.288862586,-0.460905910,-0.152481511,-0.548826575,-0.048084680,-0.051782850,1.322203875,-0.666777790,-0.062078908,0.061204914,-0.013700365,0.370428801,0.162525013,0.539499342,-0.338337481,0.037618961,0.426058114,-0.722236693,0.744662166,-0.106464408,-0.323862910,0.268226892,-0.032233126,-1.062593102,-0.303989410,-0.017955586
165,3300.013,1786879885110.484,14672928.419,0.000000000,-0.888002574,0.047340345,-0.275890946,1.309172869,-0.467911839,-0.158199012,-0.537766874,-0.045972854,-0.050231673,1.312450171,-0.686728835,-0.053384505,0.063856758,-0.006281414,0.373407751,0.156072885,0.538134694,-0.344965130,0.032291241,0.427206427,-0.719322979,0.751839995,-0.103018127,-0.319045931,0.265674531,-0.039577827,-1.084965706,-0.309356868,-0.004661574
166,3319.989,1786879885130.460,14672948.395,0.000000000,-0.887230456,0.045895793,-0.282771140,1.320632935,-0.466323197,-0.161482200,-0.533125639,-0.043112483,-0.046516817,1.305078506,-0.692037225,-0.047609203,0.068010107,-0.000572235,0.375632524,0.151771858,0.537011921,-0.349660784,0.026773809,0.427356094,-0.718908906,0.758152068,-0.100063495,-0.318557769,0.264261693,-0.043085195,-1.100970626,-0.312798917,0.005802525
167,3340.005,1786879885150.476,14672968.411,0.000000000,-0.885164559,0.045144755,-0.289512187,1.328691244,-0.457229137,-0.164008468,-0.530860066,-0.038858946,-0.040317968,1.294794083,-0.686831236,-0.043683827,0.074061751,0.006249538,0.377228439,0.147770435,0.536147356,-0.355212808,0.016837990,0.426818907,-0.719751835,0.766663492,-0.095087983,-0.319086969,0.261603385,-0.045226663,-1.119154096,-0.315975070,0.020984866
168,3359.999,1786879885170.470,14672988.405,0.000000000,-0.880955696,0.045274489,-0.293172032,1.326976299,-0.445789218,-0.164870113,-0.530858874,-0.035541438,-0.034174416,1.282922149,-0.673643172,-0.043226991,0.078525364,0.010646706,0.375666648,0.146517172,0.536137998,-0.358691394,0.005867357,0.424811780,-0.725085378,0.772964299,-0.087914504,-0.319535822,0.258090109,-0.046481110,-1.132142782,-0.317454964,0.036693301
169,3379.998,1786879885190.469,14673008.404,0.000000000,-0.873485744,0.045508996,-0.294268429,1.316300392,-0.438492119,-0.164909869,-0.529589951,-0.034645606,-0.029719083,1.268360138,-0.661125720,-0.044749472,0.079381570,0.011397818,0.370403767,0.147586584,0.536937773,-0.359512806,-0.002860516,0.421756297,-0.736886144,0.776519716,-0.078915022,-0.319699854,0.254152477,-0.047346998,-1.139865518,-0.318891615,0.050598845
170,3399.996,1786879885210.468,14673028.403,0.000000000,-0.862398863,0.046130374,-0.293731749,1.299714446,-0.439425498,-0.164368719,-0.525665402,-0.034983978,-0.026501385,1.252780795,-0.653993130,-0.049606863,0.076336071,0.009042640,0.362668872,0.150533959,0.539468646,-0.359553933,-0.008452662,0.416431725,-0.753723443,0.778653800,-0.069845781,-0.320263773,0.250693351,-0.048258912,-1.143472314,-0.321037561,0.061441217
171,3420.001,1786879885230.472,14673048.407,0.000000000,-0.848442256,0.046975814,-0.291651934,1.282315254,-0.446657658,-0.163266525,-0.518915296,-0.036332242,-0.023933403,1.239627004,-0.652169287,-0.056268372,0.070690654,0.004433610,0.355766773,0.153826505,0.543796480,-0.359495550,-0.011037819,0.411012173,-0.772618532,0.779975593,-0.063043527,-0.322990447,0.248534128,-0.050078753,-1.145010710,-0.323699772,0.068476304
172,3439.997,1786879885250.468,14673068.403,0.000000000,-0.832690060,0.047658071,-0.289065987,1.268117905,-0.457834840,-0.162095383,-0.509782612,-0.038686186,-0.022522228,1.231023073,-0.654056609,-0.063552275,0.064031936,-0.000736019,0.352019876,0.156181112,0.548597276,-0.359469950,-0.011737308,0.407863855,-0.789634228,0.780195296,-0.059559856,-0.328172565,0.247270107,-0.051987104,-1.145235896,-0.326812238,0.071197413
173,3459.997,1786879885270.468,14673088.403,0.000000000,-0.817619383,0.047904927,-0.287018299,1.258694649,-0.471995443,-0.161372185,-0.500603139,-0.041706998,-0.022206541,1.227232575,-0.659251690,-0.070643306,0.057908606,-0.005431023,0.350216120,0.157522395,0.552156210,-0.359599769,-0.011870944,0.407169372,-0.802636266,0.779982090,-0.058622550,-0.334474057,0.246321410,-0.053371392,-1.145099401,-0.329673380,0.071370915
174,3479.995,1786879885290.466,14673108.401,0.000000000,-0.805170000,0.047598060,-0.286190659,1.254538417,-0.487648964,-0.161165223,-0.492957771,-0.044600256,-0.022251850,1.227393627,-0.667129934,-0.076568924,0.053352471,-0.008984216,0.349426806,0.157666206,0.553661883,-0.360224754,-0.012241088,0.407061130,-0.811386585,0.778929234,-0.058718640,-0.340365022,0.245246366,-0.054043375,-1.144712567,-0.331817180,0.070094511
175,3499.997,1786879885310.468,14673128.403,0.000000000,-0.796298802,0.047001433,-0.286986113,1.254537344,-0.504331708,-0.161676899,-0.487797379,-0.046678055,-0.022400402,1.229987144,-0.677189827,-0.081598371,0.050553076,-0.010944801,0.349054903,0.157519162,0.553789914,-0.361746639,-0.013952306,0.407126218,-0.815965593,0.777282238,-0.059020828,-0.345453173,0.244753465,-0.054090850,-1.144327283,-0.333313793,0.065697283
176,3519.995,1786879885330.466,14673148.401,0.000000000,-0.790972114,0.046047490,-0.289541990,1.257121205,-0.521552742,-0.163121000,-0.485453933,-0.047914445,-0.022562439,1.234010100,-0.688602924,-0.085398890,0.049285680,-0.011398659,0.348968029,0.156935051,0.553735256,-0.364606708,-0.016888341,0.407306552,-0.817723095,0.775799155,-0.059182994,-0.349123538,0.244574279,-0.054025903,-1.143971920,-0.334845781,0.059719596
177,3540.000,1786879885350.472,14673168.406,0.000000000,-0.788383365,0.043980237,-0.293457270,1.260892391,-0.537792087,-0.165187389,-0.485416502,-0.049239509,-0.022814881,1.238946557,-0.700459123,-0.087908201,0.048805427,-0.011417254,0.349819720,0.155791312,0.553675711,-0.368055969,-0.020674206,0.407604873,-0.818122983,0.774908960,-0.059356067,-0.350738645,0.244476259,-0.053933822,-1.143607736,-0.336696059,0.053854086
178,3560.003,1786879885370.474,14673188.409,0.000000000,-0.788267016,0.040986460,-0.298084140,1.265297055,-0.551629782,-0.167394176,-0.487460107,-0.050580252,-0.022948137,1.244528294,-0.711482525,-0.089538924,0.048757445,-0.011339172,0.351814806,0.154046595,0.553636849,-0.371683240,-0.025029777,0.407937855,-0.818172693,0.774625778,-0.059788425,-0.350906819,0.244449288,-0.053875089,-1.142891765,-0.339102149,0.049510460
179,3580.004,1786879885390.475,14673208.410,0.000000000,-0.791050792,0.038915921,-0.301043034,1.270543098,-0.558093727,-0.168600693,-0.490087360,-0.051065870,-0.023155624,1.248687506,-0.718752027,-0.090659745,0.048723102,-0.010840979,0.353831530,0.152313605,0.553633690,-0.374440789,-0.028419530,0.408187240,-0.818179369,0.774577141,-0.060388938,-0.350891769,0.244464993,-0.053887993,-1.142299652,-0.341322780,0.047620848
180,3600.006,1786879885410.477,14673228.412,0.000000000,-0.797226012,0.036288343,-0.303819567,1.279145002,-0.561085522,-0.169518039,-0.493763775,-0.051224049,-0.023311138,1.253475189,-0.727178872,-0.092355020,0.048671491,-0.010301750,0.357739061,0.149387911,0.553683579,-0.377657324,-0.032969952,0.408643782,-0.818181515,0.774588823,-0.061309379,-0.350840777,0.244491220,-0.053949185,-1.141886115,-0.344278604,0.046800476
181,3620.000,1786879885430.471,14673248.406,0.000000000,-0.804260135,0.033799265,-0.306501448,1.285920978,-0.562912583,-0.170303270,-0.498770714,-0.051088814,-0.023457112,1.257742524,-0.733980477,-0.094062462,0.048633333,-0.010121167,0.360848308,0.146865100,0.553854823,-0.380024314,-0.037290260,0.409191191,-0.818202078,0.774687946,-0.061685015,-0.350799590,0.244516790,-0.054036591,-1.141564369,-0.347052187,0.047178913
182,3640.001,1786879885450.473,14673268.408,0.000000000,-0.811932981,0.031678490,-0.309408188,1.291001558,-0.564031839,-0.171123847,-0.504761159,-0.050417282,-0.023641890,1.260817528,-0.739290535,-0.095263287,0.048613179,-0.010003424,0.362348050,0.145160958,0.554339290,-0.381997168,-0.041449677,0.409556925,-0.818216681,0.775397658,-0.061708868,-0.350757360,0.244530693,-0.054230347,-1.141307592,-0.349048406,0.049164448
183,3660.001,1786879885470.472,14673288.407,0.000000000,-0.819236398,0.030071013,-0.312462568,1.294425726,-0.564361095,-0.171876565,-0.510600090,-0.049123410,-0.023795454,1.262137771,-0.743068516,-0.096228071,0.048663907,-0.009851650,0.362731636,0.144313931,0.555022657,-0.384106070,-0.045882244,0.409870654,-0.818216443,0.777583063,-0.061712291,-0.350696474,0.244527966,-0.054824185,-1.141162276,-0.349810153,0.053752378
184,3680.003,1786879885490.474,14673308.409,0.000000000,-0.825124443,0.028931545,-0.315436959,1.296325326,-0.564172387,-0.172502920,-0.515518606,-0.047390252,-0.023871729,1.262247920,-0.745272338,-0.097895175,0.048753500,-0.009770255,0.362729520,0.144175023,0.556134164,-0.386447310,-0.050853167,0.410183609,-0.818245590,0.780883670,-0.061714299,-0.350641072,0.244472697,-0.056193534,-1.141144753,-0.349904060,0.060381282
185,3700.006,1786879885510.477,14673328.412,0.000000000,-0.829178929,0.028023480,-0.318241179,1.296979547,-0.563623846,-0.172978401,-0.519090116,-0.045496758,-0.023887224,1.261569619,-0.746134102,-0.100461200,0.048801471,-0.009732685,0.362617373,0.144164652,0.557746112,-0.389019966,-0.055940699,0.410500586,-0.818333685,0.784580052,-0.061701227,-0.350598931,0.244314760,-0.058239855,-1.141237378,-0.349883676,0.068119586
186,3720.006,1786879885530.477,14673348.412,0.000000000,-0.831590831,0.027216157,-0.320769578,1.296859622,-0.562956870,-0.173302650,-0.521123946,-0.043679919,-0.023869891,1.259977579,-0.746605873,-0.103752859,0.048796725,-0.009692457,0.362093985,0.144184947,0.559599459,-0.391511738,-0.060631126,0.410803169,-0.818588853,0.787986457,-0.061667018,-0.350560486,0.243978232,-0.060497884,-1.141405582,-0.349844038,0.076132886
187,3739.979,1786879885550.450,14673368.385,0.000000000,-0.832638383,0.026445379,-0.322760314,1.296334982,-0.562400699,-0.173465893,-0.521882534,-0.042305321,-0.023858223,1.257848382,-0.747071505,-0.107329868,0.048757643,-0.009674364,0.361012310,0.144221395,0.561372876,-0.393603772,-0.064477310,0.411071807,-0.819180787,0.790701151,-0.061623190,-0.350521177,0.243368879,-0.062553771,-1.141607285,-0.349810064,0.083694294
188,3759.981,1786879885570.452,14673388.387,0.000000000,-0.832536101,0.025596118,-0.324027330,1.295653462,-0.562014699,-0.173407450,-0.521528184,-0.041683402,-0.023910450,1.255450487,-0.747835159,-0.110872485,0.048614420,-0.009677436,0.359690368,0.144264042,0.562793493,-0.395115435,-0.067403600,0.411297739,-0.819700360,0.792514324,-0.061583888,-0.350479692,0.242382079,-0.064223669,-1.141813755,-0.349789232,0.090520017
189,3779.981,1786879885590.452,14673408.387,0.000000000,-0.831394136,0.024726637,-0.324636221,1.295014858,-0.561790884,-0.173127532,-0.520119309,-0.041617136,-0.023885973,1.252884626,-0.748937488,-0.114117272,0.048363712,-0.009676007,0.358639777,0.144307241,0.563788056,-0.395972788,-0.069534436,0.411508143,-0.819946766,0.793534100,-0.061566405,-0.350435138,0.241091385,-0.065400310,-1.142009735,-0.349777073,0.096140571
190,3799.981,1786879885610.452,14673428.387,0.000000000,-0.829529226,0.023847949,-0.324793994,1.294584155,-0.561719954,-0.172584489,-0.517976582,-0.041951593,-0.023837367,1.250344396,-0.750302613,-0.117027789,0.047944445,-0.009674982,0.358073503,0.144360498,0.564386487,-0.396280617,-0.070935242,0.411711484,-0.820062697,0.794033170,-0.061556756,-0.350392729,0.239678621,-0.066132531,-1.142198682,-0.349775791,0.100570373
191,3819.979,1786879885630.450,14673448.385,0.000000000,-0.827582479,0.022944195,-0.324618459,1.294444442,-0.561755359,-0.171795964,-0.515683353,-0.042677417,-0.023896821,1.247862339,-0.752094090,-0.119744942,0.047387194,-0.009686299,0.357742608,0.144418508,0.564643085,-0.396390289,-0.071676761,0.411897272,-0.820136011,0.794279635,-0.061541971,-0.350355476,0.238320023,-0.066519380,-1.142385960,-0.349790335,0.104001284
192,3839.978,1786879885650.449,14673468.385,0.000000000,-0.826334596,0.022335229,-0.324135900,1.294463873,-0.561807275,-0.171079636,-0.514138818,-0.043500904,-0.023995085,1.245955706,-0.753913939,-0.121832192,0.047044463,-0.009812648,0.357546657,0.144462317,0.564708114,-0.396462470,-0.071911238,0.412027061,-0.820165157,0.794396281,-0.061526410,-0.350326598,0.237428710,-0.066687018,-1.142522335,-0.349814266,0.106026955
193,3859.996,1786879885670.468,14673488.403,0.000000000,-0.825189590,0.021572711,-0.323008150,1.294738889,-0.561898947,-0.170022398,-0.512451530,-0.045049064,-0.024265897,1.243308067,-0.757418334,-0.124981120,0.046696443,-0.010304333,0.357310385,0.144611731,0.564827383,-0.396542042,-0.072056115,0.412187278,-0.820173979,0.794531107,-0.061504386,-0.350293100,0.236535653,-0.066965379,-1.142683029,-0.349880993,0.108044580
194,3880.002,1786879885690.473,14673508.408,0.000000000,-0.824790597,0.020768242,-0.321620107,1.295709968,-0.562180161,-0.168950275,-0.511109531,-0.046957839,-0.024746578,1.240676880,-0.762498856,-0.128483906,0.046149138,-0.011040610,0.357205898,0.145048410,0.565174818,-0.396582574,-0.072148837,0.412328720,-0.820156157,0.794640601,-0.061480798,-0.350274622,0.235947043,-0.067599855,-1.142792821,-0.350104064,0.109207325
195,3900.002,1786879885710.473,14673528.408,0.000000000,-0.825090110,0.020169279,-0.319922924,1.297454953,-0.562755167,-0.167939037,-0.509983361,-0.049131904,-0.025458449,1.237702250,-0.769335628,-0.132037744,0.045759328,-0.011987819,0.357179433,0.145714059,0.565622509,-0.396608531,-0.072212920,0.412449002,-0.820101559,0.794723451,-0.061452210,-0.350261629,0.235563740,-0.068513967,-1.142852902,-0.350730836,0.109686762
196,3920.001,1786879885730.472,14673548.407,0.000000000,-0.826372266,0.019909013,-0.318150491,1.299962044,-0.563535690,-0.167039797,-0.509038627,-0.051352117,-0.026607879,1.233752608,-0.778086841,-0.135767207,0.045600243,-0.012877576,0.357030988,0.146556228,0.565918982,-0.396628439,-0.072276033,0.412565857,-0.820022345,0.794795811,-0.061415892,-0.350256085,0.235301137,-0.069809712,-1.142886043,-0.351808786,0.109867759
197,3939.984,1786879885750.455,14673568.390,0.000000000,-0.828641236,0.019862495,-0.316477299,1.302997947,-0.564307928,-0.166249484,-0.508102000,-0.053537998,-0.028212847,1.228350401,-0.788708568,-0.139673606,0.045547701,-0.013633932,0.356814384,0.147455394,0.566047072,-0.396650225,-0.072359003,0.412697822,-0.819926858,0.794872105,-0.061373420,-0.350252599,0.235122621,-0.071631067,-1.142915726,-0.353201985,0.110012844
198,3959.994,1786879885770.465,14673588.400,0.000000000,-0.830241084,0.019099705,-0.316936791,1.306019425,-0.564629436,-0.165679663,-0.509301901,-0.053894244,-0.028321361,1.229285121,-0.790595293,-0.139739305,0.044018723,-0.013097413,0.358578980,0.147777170,0.566109121,-0.396680653,-0.072425686,0.412869930,-0.819663823,0.794931352,-0.061339226,-0.350250661,0.234770238,-0.073764466,-1.142943740,-0.354594141,0.110133797
199,3979.998,1786879885790.469,14673608.404,0.000000000,-0.831687212,0.017116260,-0.319619626,1.308154821,-0.564177752,-0.165193781,-0.510266185,-0.053878658,-0.029774297,1.230982184,-0.788973689,-0.139791086,0.041143540,-0.011690564,0.360273600,0.148058057,0.566216946,-0.396727055,-0.072425395,0.413097203,-0.818955302,0.794960618,-0.060273368,-0.350198656,0.234610558,-0.074989147,-1.142961025,-0.356068045,0.110241950
200,3999.998,1786879885810.469,14673628.404,0.000000000,-0.833826303,0.015461285,-0.321599126,1.309001327,-0.563251078,-0.164598837,-0.512214065,-0.053748418,-0.030630916,1.231462955,-0.787282526,-0.140397847,0.040101655,-0.011250006,0.359604865,0.148622945,0.566518962,-0.396744311,-0.072414324,0.413294673,-0.818187177,0.795041800,-0.057800338,-0.350091815,0.234551683,-0.075285517,-1.142971516,-0.358019769,0.110579804
201,4019.997,1786879885830.469,14673648.403,0.000000000,-0.835397542,0.014213460,-0.323049188,1.309104085,-0.562323153,-0.163911641,-0.513692021,-0.053420544,-0.031084046,1.230845213,-0.785771132,-0.141912162,0.040026471,-0.011243371,0.358218998,0.149708301,0.567049980,-0.396734029,-0.072425157,0.413457543,-0.817676187,0.795642436,-0.055224203,-0.349963903,0.234513745,-0.075399339,-1.142980695,-0.360485226,0.111817978
202,4039.993,1786879885850.464,14673668.399,0.000000000,-0.835980892,0.013113944,-0.324234009,1.308878779,-0.561546266,-0.163134828,-0.514146864,-0.053048119,-0.031353757,1.229513288,-0.784290314,-0.143758774,0.040019296,-0.011373734,0.356956989,0.151347801,0.567951560,-0.396721631,-0.072452851,0.413623184,-0.817467928,0.796858668,-0.053277913,-0.349710673,0.234476224,-0.075512990,-1.142988324,-0.363178045,0.113652691
203,4059.999,1786879885870.470,14673688.405,0.000000000,-0.836028457,0.012467157,-0.325047225,1.308484793,-0.561013281,-0.162183940,-0.514128745,-0.052449349,-0.031323783,1.227584839,-0.782552421,-0.145546108,0.040025238,-0.011478309,0.355506450,0.153507456,0.568967998,-0.396726161,-0.072512701,0.413777292,-0.817333877,0.798252225,-0.051990762,-0.349147201,0.234420687,-0.075635388,-1.142999887,-0.365733713,0.116041973
204,4080.000,1786879885890.472,14673708.407,0.000000000,-0.835030913,0.012290454,-0.325491726,1.307892442,-0.560712993,-0.161049917,-0.513137221,-0.051659405,-0.031010583,1.224958777,-0.780461073,-0.147057876,0.040016443,-0.011495291,0.354618520,0.155660480,0.569689214,-0.396751136,-0.072607107,0.413933188,-0.817207575,0.799427152,-0.051380258,-0.348248571,0.234327286,-0.075794041,-1.143019199,-0.367745847,0.118848592
205,4100.001,1786879885910.472,14673728.407,0.000000000,-0.833244145,0.012097943,-0.325688690,1.307187438,-0.560527086,-0.159806609,-0.511362910,-0.051049173,-0.030572850,1.222009420,-0.778277934,-0.148350790,0.039960057,-0.011502543,0.354250193,0.157354936,0.570101619,-0.396788448,-0.072719343,0.414119005,-0.817082763,0.800093889,-0.051078595,-0.347233295,0.234111935,-0.076044761,-1.143043041,-0.369246632,0.121788383
206,4120.003,1786879885930.474,14673748.409,0.000000000,-0.831729114,0.011746343,-0.325779110,1.306700587,-0.560450673,-0.158834234,-0.509782732,-0.050849400,-0.030290158,1.219788313,-0.776736259,-0.149119079,0.039797466,-0.011503394,0.354070604,0.158284500,0.570259392,-0.396811336,-0.072806545,0.414255619,-0.816993713,0.800310075,-0.050905965,-0.346520036,0.233883366,-0.076241724,-1.143053055,-0.370167136,0.123872578
207,4140.001,1786879885950.473,14673768.408,0.000000000,-0.829804182,0.011059177,-0.325767666,1.306377769,-0.560488820,-0.157528624,-0.507812858,-0.050799292,-0.029814990,1.217317224,-0.774951279,-0.150380298,0.039496705,-0.011509474,0.353880197,0.159120470,0.570362806,-0.396823287,-0.072917461,0.414437026,-0.816892087,0.800459027,-0.050769553,-0.345769942,0.233491883,-0.076512478,-1.143032193,-0.371345729,0.126253977
208,4159.998,1786879885970.470,14673788.405,0.000000000,-0.828463733,0.009933871,-0.325797498,1.306926012,-0.560795009,-0.156250909,-0.506383240,-0.051023208,-0.029285576,1.215909362,-0.773715675,-0.151660427,0.038717970,-0.011464599,0.353772908,0.159667388,0.570439219,-0.396797389,-0.073015437,0.414788604,-0.816824198,0.800568819,-0.050747477,-0.345446944,0.232952520,-0.077096470,-1.142980933,-0.372671366,0.128066108
209,4179.997,1786879885990.468,14673808.403,0.000000000,-0.827501297,0.008107790,-0.326306522,1.308800697,-0.561702728,-0.155048475,-0.504765749,-0.051671855,-0.029192572,1.215475082,-0.773368478,-0.152244225,0.036692142,-0.011332930,0.354055822,0.160339117,0.570509017,-0.396729589,-0.073104024,0.416059494,-0.816797614,0.800630867,-0.050740626,-0.345270127,0.232291654,-0.077787630,-1.143023610,-0.374226838,0.129314512
210,4199.988,1786879886010.459,14673828.395,0.000000000,-0.826284885,0.006250838,-0.326963216,1.311663270,-0.563323557,-0.153906688,-0.502623618,-0.052265029,-0.029119512,1.215588689,-0.773602545,-0.152468815,0.034461971,-0.011131386,0.354806125,0.161042869,0.570537925,-0.396669239,-0.073165856,0.419019461,-0.816804945,0.800590217,-0.050682284,-0.344757289,0.231582209,-0.077921316,-1.143467069,-0.375795692,0.130290538
211,4220.000,1786879886030.472,14673848.407,0.000000000,-0.825200081,0.004383351,-0.327840179,1.315047264,-0.565375447,-0.152694792,-0.500408053,-0.052763816,-0.029195629,1.215922713,-0.774145961,-0.152634621,0.032236043,-0.010822369,0.355583370,0.161492869,0.570440531,-0.396619827,-0.073186554,0.422934473,-0.816848040,0.800221622,-0.050206669,-0.343599707,0.230700165,-0.077953286,-1.144395709,-0.377317399,0.131367639
212,4239.998,1786879886050.469,14673868.404,0.000000000,-0.824386716,0.002440743,-0.328975946,1.318373442,-0.567536056,-0.151418135,-0.498324960,-0.053155269,-0.029432407,1.216010451,-0.774724662,-0.152882561,0.030043924,-0.010420881,0.356115460,0.161594555,0.570005417,-0.396407604,-0.073209673,0.427272022,-0.816918492,0.798839390,-0.048598707,-0.341128528,0.229038239,-0.077991202,-1.144993067,-0.379103243,0.132537514
213,4259.996,1786879886070.467,14673888.402,0.000000000,-0.823936164,0.000184560,-0.330009878,1.321230769,-0.569486141,-0.150041997,-0.496674001,-0.053999517,-0.029861528,1.215981960,-0.775326967,-0.153251305,0.027651029,-0.010306220,0.356321514,0.161612108,0.568855286,-0.395814329,-0.073219813,0.431641608,-0.817007661,0.796341419,-0.045877643,-0.337224454,0.226932570,-0.078089133,-1.145343781,-0.381184101,0.133796141
214,4279.997,1786879886090.468,14673908.403,0.000000000,-0.823908627,-0.002378294,-0.331732720,1.323742867,-0.571071029,-0.148652181,-0.494965643,-0.055104155,-0.031359818,1.215250731,-0.775555432,-0.153611064,0.024539329,-0.009627291,0.356328696,0.161588728,0.567145824,-0.395344973,-0.073252216,0.434255689,-0.817093730,0.793011725,-0.042340700,-0.332785279,0.225118801,-0.078200594,-1.146384358,-0.383443862,0.135405868
215,4300.001,1786879886110.472,14673928.407,0.000000000,-0.824383616,-0.004188314,-0.333023399,1.325978279,-0.572475553,-0.147222102,-0.494165123,-0.055805940,-0.032474209,1.214302063,-0.775199533,-0.153981268,0.022176599,-0.008768712,0.355731249,0.161562607,0.565661192,-0.395268917,-0.073350154,0.434857339,-0.817177892,0.790035188,-0.038178861,-0.328480363,0.223948538,-0.078300618,-1.147950411,-0.385595977,0.137687817
216,4320.001,1786879886130.472,14673948.407,0.000000000,-0.824762344,-0.005490592,-0.333413005,1.327650070,-0.573586464,-0.145791411,-0.493907064,-0.056537356,-0.032831792,1.213287234,-0.774472713,-0.154247686,0.020661557,-0.008288866,0.355366498,0.161370188,0.564454436,-0.395187378,-0.073473744,0.435086429,-0.817261875,0.787956178,-0.034016434,-0.324783742,0.223410025,-0.078532539,-1.149664402,-0.387586892,0.140738040
217,4340.007,1786879886150.479,14673968.414,0.000000000,-0.824987471,-0.006648595,-0.333468139,1.328758478,-0.574354172,-0.144413635,-0.493673980,-0.057379398,-0.033009708,1.211892724,-0.773429334,-0.154406175,0.019507822,-0.007885330,0.355338305,0.160973206,0.562972903,-0.395079672,-0.073581621,0.435320467,-0.817350030,0.786450386,-0.029900445,-0.321817786,0.223092556,-0.078953646,-1.151678562,-0.389476925,0.144488350
218,4360.003,1786879886170.475,14673988.410,0.000000000,-0.825059533,-0.007161645,-0.333471656,1.329427242,-0.574871004,-0.143448114,-0.493435979,-0.057727270,-0.033066608,1.210544348,-0.772396803,-0.154486001,0.018888738,-0.007423820,0.355434924,0.160730317,0.561979294,-0.394995093,-0.073782720,0.435632586,-0.817421317,0.785629451,-0.027062323,-0.319925308,0.222771123,-0.079180330,-1.152919888,-0.390942663,0.147806898
219,4380.004,1786879886190.475,14674008.410,0.000000000,-0.825024128,-0.007372126,-0.333483905,1.330279231,-0.575579584,-0.142265692,-0.493026674,-0.057805907,-0.033084061,1.208523750,-0.770787239,-0.154547244,0.018263279,-0.006662358,0.355643898,0.160653919,0.561481357,-0.394876838,-0.074448526,0.436429650,-0.817531526,0.784762979,-0.023888865,-0.317519814,0.222019821,-0.079287730,-1.153855085,-0.392847329,0.152750596
220,4399.988,1786879886210.459,14674028.394,0.000000000,-0.824698806,-0.007709697,-0.333505064,1.331031919,-0.576221108,-0.141135946,-0.492332369,-0.057987068,-0.033097614,1.206533670,-0.769232869,-0.154582769,0.017381698,-0.006001094,0.356120914,0.160633549,0.561425745,-0.394377053,-0.075283095,0.437617809,-0.817835450,0.783795297,-0.021546185,-0.315318882,0.220869303,-0.079370625,-1.154762268,-0.394672841,0.157654405
221,4419.996,1786879886230.468,14674048.403,0.000000000,-0.824532747,-0.008771339,-0.333517820,1.331682801,-0.576545656,-0.139957204,-0.491721928,-0.058735624,-0.033170804,1.204878211,-0.767858863,-0.154630870,0.015421348,-0.005700083,0.356553376,0.160652861,0.561437190,-0.393409371,-0.076292418,0.438756377,-0.818319559,0.782466054,-0.020000611,-0.312903494,0.218926847,-0.079488970,-1.156196952,-0.396621108,0.161998227
222,4439.997,1786879886250.468,14674068.403,0.000000000,-0.824964821,-0.010283173,-0.333483070,1.332470179,-0.576547801,-0.138701797,-0.491643161,-0.059892561,-0.033310503,1.203640342,-0.766450226,-0.154634476,0.012538604,-0.005683271,0.356639147,0.160661906,0.561475396,-0.392647028,-0.078570127,0.439194769,-0.818456709,0.780644417,-0.018800575,-0.310144514,0.216202274,-0.079662316,-1.157267094,-0.398103684,0.165117204
223,4460.001,1786879886270.472,14674088.407,0.000000000,-0.825369477,-0.011388797,-0.333366573,1.333358407,-0.576629996,-0.137465313,-0.491646498,-0.060740232,-0.033301570,1.202425241,-0.764914632,-0.154641464,0.009595293,-0.005730492,0.356748730,0.160642028,0.561488926,-0.391968638,-0.081826225,0.439524800,-0.818559051,0.778470874,-0.017997239,-0.307321697,0.213390723,-0.079790220,-1.158445597,-0.398762167,0.167181224
224,4479.998,1786879886290.469,14674108.404,0.000000000,-0.825607896,-0.011960385,-0.333252758,1.334277749,-0.576924264,-0.136275396,-0.491658092,-0.061203279,-0.033257563,1.201187968,-0.763298750,-0.154642090,0.006753703,-0.005930184,0.356961578,0.160613492,0.561448514,-0.391340554,-0.085802004,0.439843953,-0.818679273,0.776160061,-0.017571477,-0.304163694,0.210727617,-0.079876229,-1.159935355,-0.398952335,0.168771535
225,4499.999,1786879886310.470,14674128.405,0.000000000,-0.825703859,-0.012233451,-0.333184630,1.335522532,-0.577621758,-0.135076851,-0.491540045,-0.061532382,-0.033337358,1.200154543,-0.761977136,-0.154520333,0.003904860,-0.006319033,0.357157886,0.160579801,0.561357141,-0.390775323,-0.089704514,0.440186828,-0.818973243,0.773833454,-0.017403973,-0.300867766,0.208547443,-0.079944640,-1.160818577,-0.399078816,0.170091927
226,4519.997,1786879886330.469,14674148.404,0.000000000,-0.825569987,-0.012920736,-0.333340079,1.336768866,-0.578542471,-0.133762345,-0.490880340,-0.062345825,-0.033947267,1.199017882,-0.761173368,-0.154216096,0.000748454,-0.007069626,0.357213348,0.160412401,0.560978174,-0.389964849,-0.092584901,0.440545291,-0.819645941,0.771338582,-0.017006300,-0.297604531,0.207033426,-0.079993568,-1.161125422,-0.399211884,0.171142995
227,4540.001,1786879886350.472,14674168.407,0.000000000,-0.825200081,-0.013685373,-0.333647132,1.338160276,-0.579634130,-0.132409170,-0.489904374,-0.063243523,-0.034811936,1.198003292,-0.760497272,-0.153910980,-0.002130606,-0.007913096,0.357220143,0.159785822,0.560229719,-0.388974160,-0.094036974,0.440972894,-0.820255935,0.769070208,-0.016334526,-0.294870466,0.206063867,-0.080055594,-1.161244750,-0.399529725,0.172023520
228,4560.003,1786879886370.474,14674188.409,0.000000000,-0.824983776,-0.014651540,-0.334995419,1.339714885,-0.580757022,-0.131120935,-0.488406420,-0.063915655,-0.036701262,1.196416140,-0.759737849,-0.153712109,-0.005566209,-0.008165761,0.357136041,0.158919975,0.559297442,-0.388492644,-0.094556443,0.441441268,-0.820480406,0.768000126,-0.015685113,-0.292646050,0.205639899,-0.080122896,-1.161215305,-0.400016665,0.173137352
229,4580.009,1786879886390.481,14674208.416,0.000000000,-0.825599551,-0.015449864,-0.337472856,1.341064692,-0.581632853,-0.129991129,-0.487108111,-0.063981764,-0.039607748,1.193758130,-0.758451700,-0.153692141,-0.009432874,-0.007693490,0.356290311,0.157962412,0.558223009,-0.388453633,-0.094730526,0.441847771,-0.820578575,0.767753720,-0.014962909,-0.290471405,0.205534324,-0.080210842,-1.161076069,-0.400608212,0.174514905
230,4600.004,1786879886410.475,14674228.410,0.000000000,-0.826083362,-0.015808778,-0.339284986,1.341626763,-0.582101226,-0.129195958,-0.486330837,-0.063874930,-0.041735146,1.191362262,-0.757151246,-0.153764486,-0.011773655,-0.007449927,0.355532080,0.156753913,0.557399094,-0.388461620,-0.094804995,0.442037523,-0.820635498,0.767679572,-0.014185329,-0.288698167,0.205482364,-0.080397159,-1.160971999,-0.400986433,0.175451502
231,4620.004,1786879886430.475,14674248.410,0.000000000,-0.826391160,-0.016058138,-0.341053277,1.341904044,-0.582661271,-0.128131047,-0.485502720,-0.063773207,-0.043899883,1.188093543,-0.755229414,-0.153935313,-0.013819522,-0.007407547,0.354543597,0.154303938,0.555935800,-0.388487071,-0.094865583,0.442169935,-0.820695341,0.767633915,-0.012531372,-0.286329985,0.205409467,-0.081087805,-1.160845876,-0.401443362,0.176523343
232,4639.995,1786879886450.466,14674268.401,0.000000000,-0.826436281,-0.016084338,-0.342281610,1.341862321,-0.583206654,-0.127081618,-0.484820545,-0.063632540,-0.045452286,1.184702277,-0.753150463,-0.154139772,-0.014863964,-0.007290516,0.353490800,0.151154771,0.554055572,-0.388502806,-0.094914734,0.442180842,-0.820737183,0.767620623,-0.010485019,-0.283782601,0.205313429,-0.082062043,-1.160699844,-0.401876509,0.177741647
233,4659.996,1786879886470.468,14674288.402,0.000000000,-0.826441407,-0.016180409,-0.343102038,1.341824293,-0.583762586,-0.126020655,-0.484357238,-0.063701950,-0.046654757,1.181624174,-0.751080096,-0.154357657,-0.015492116,-0.007039058,0.352326453,0.147828713,0.552384734,-0.388524979,-0.094967291,0.442162514,-0.820798159,0.767637074,-0.008489905,-0.281334937,0.205241501,-0.083128490,-1.160497665,-0.402650982,0.178945825
234,4679.998,1786879886490.470,14674308.405,0.000000000,-0.826442242,-0.016548745,-0.343425274,1.342160940,-0.584396899,-0.124914356,-0.484225154,-0.064228199,-0.047533073,1.179573417,-0.749189258,-0.154568285,-0.015846111,-0.006657014,0.351446033,0.144539490,0.551927328,-0.388545454,-0.094981365,0.442123294,-0.820894718,0.767679691,-0.007074840,-0.279799998,0.205217317,-0.084353738,-1.160045385,-0.404026151,0.179610312
235,4700.000,1786879886510.471,14674328.406,0.000000000,-0.826421320,-0.016889617,-0.343900740,1.343399882,-0.585499406,-0.123740144,-0.483872712,-0.064649843,-0.048575096,1.178083420,-0.747521996,-0.154734433,-0.016228016,-0.005221684,0.351112366,0.141522020,0.551880002,-0.388564467,-0.094945714,0.442061365,-0.820975423,0.767709851,-0.006642206,-0.279373169,0.205187768,-0.085159600,-1.158789158,-0.405695021,0.179780602
236,4719.997,1786879886530.468,14674348.403,0.000000000,-0.826413810,-0.016927185,-0.344543219,1.345714331,-0.587159276,-0.122459978,-0.483403146,-0.064633206,-0.049621813,1.177207828,-0.745940685,-0.154892579,-0.016101526,-0.002242811,0.351072222,0.137991786,0.551871121,-0.388657510,-0.094870582,0.441996723,-0.820989072,0.767646790,-0.006608108,-0.279399008,0.205118045,-0.085302025,-1.155715466,-0.406749159,0.179847702
237,4739.997,1786879886550.469,14674368.404,0.000000000,-0.826188982,-0.016945357,-0.344358683,1.348088026,-0.588745296,-0.121107109,-0.483434916,-0.065442204,-0.050823864,1.177503347,-0.744171143,-0.155006483,-0.015131014,0.000923312,0.351181120,0.133120269,0.551908135,-0.388733536,-0.094785511,0.441897690,-0.820911765,0.767373085,-0.006620717,-0.279456198,0.205058500,-0.085283801,-1.150753736,-0.407468617,0.179873064
238,4759.997,1786879886570.469,14674388.403,0.000000000,-0.825338125,-0.017406698,-0.343589425,1.350483060,-0.590312779,-0.119716138,-0.483523875,-0.067305416,-0.052172083,1.179353595,-0.742068648,-0.154752821,-0.014208592,0.003831208,0.351689398,0.127269596,0.551967502,-0.388742447,-0.094693109,0.441706747,-0.820609450,0.766560853,-0.006703808,-0.279516369,0.205008402,-0.085230492,-1.145968556,-0.408784389,0.179788381
239,4780.000,1786879886590.472,14674408.407,0.000000000,-0.824519396,-0.018641131,-0.342519104,1.352791190,-0.591723561,-0.118280061,-0.484332263,-0.069760777,-0.052792314,1.182850003,-0.739306450,-0.153182924,-0.013886253,0.006261651,0.351967454,0.120953999,0.552079737,-0.388739675,-0.094563402,0.441469401,-0.820149899,0.765301824,-0.006772361,-0.279581279,0.205000788,-0.084771521,-1.141405702,-0.410830885,0.179033801
240,4800.003,1786879886610.474,14674428.409,0.000000000,-0.823763907,-0.020139847,-0.341200411,1.354854107,-0.592889786,-0.116796136,-0.485794276,-0.072379909,-0.052721523,1.187286735,-0.735762119,-0.150299743,-0.013799128,0.008054619,0.352045178,0.114558913,0.552480042,-0.388773203,-0.094429836,0.441215277,-0.819673955,0.764286101,-0.007109988,-0.279772907,0.205054969,-0.083352037,-1.136743426,-0.413359553,0.177320316
241,4820.008,1786879886630.479,14674448.414,0.000000000,-0.822817683,-0.021320492,-0.340020299,1.356528401,-0.593849659,-0.115448490,-0.487455070,-0.074353613,-0.052052468,1.191834807,-0.731391013,-0.146925911,-0.013717163,0.009270723,0.352075636,0.108330689,0.553431630,-0.388838559,-0.094372444,0.440967619,-0.819257915,0.763941288,-0.007962962,-0.280298114,0.205237895,-0.080994926,-1.132317305,-0.415740103,0.175172001
242,4840.004,1786879886650.475,14674468.410,0.000000000,-0.821910858,-0.022031205,-0.339261979,1.357266426,-0.594317615,-0.114577018,-0.488701403,-0.075608522,-0.051493898,1.195012808,-0.727595508,-0.144129172,-0.013602985,0.009683617,0.352078408,0.103836313,0.554545641,-0.388901830,-0.094343677,0.440795988,-0.819016576,0.763874590,-0.008707058,-0.280779868,0.205475122,-0.078970462,-1.129459977,-0.416944504,0.173484370
243,4860.002,1786879886670.473,14674488.408,0.000000000,-0.820435226,-0.022785550,-0.338620275,1.357270956,-0.594479680,-0.113584645,-0.490151465,-0.077139109,-0.051206946,1.198346615,-0.721751451,-0.140037090,-0.013336682,0.009736137,0.352045476,0.098084673,0.556562901,-0.389022678,-0.094299398,0.440624803,-0.818760395,0.763860703,-0.009412028,-0.281660467,0.206015691,-0.076342374,-1.126007915,-0.417606026,0.171328053
244,4879.997,1786879886690.468,14674508.403,0.000000000,-0.818929493,-0.023244916,-0.338525623,1.356343985,-0.594211161,-0.112621479,-0.491442919,-0.078158014,-0.051239420,1.200343251,-0.714974165,-0.135615230,-0.012845744,0.009680212,0.351723254,0.092551738,0.558864594,-0.389202267,-0.094257556,0.440588921,-0.818583131,0.763930976,-0.009593660,-0.283353508,0.206818804,-0.073805675,-1.122305870,-0.417745441,0.169408306
245,4899.996,1786879886710.468,14674528.403,0.000000000,-0.817429483,-0.023590092,-0.338903427,1.354750752,-0.593519866,-0.111623213,-0.492462128,-0.078511760,-0.051232886,1.201125979,-0.707686722,-0.132093742,-0.012669219,0.009549334,0.351298362,0.087593369,0.561381996,-0.389600307,-0.094305880,0.440592915,-0.818517983,0.764087975,-0.009636962,-0.285616755,0.207483336,-0.071128368,-1.119481564,-0.417833716,0.168055847
246,4919.986,1786879886730.457,14674548.392,0.000000000,-0.815713346,-0.024288537,-0.340019345,1.352692604,-0.592446983,-0.110754490,-0.492860407,-0.078532204,-0.051580749,1.201220274,-0.700150847,-0.129891008,-0.013278583,0.009402538,0.351164609,0.082915053,0.564040661,-0.390326858,-0.094438717,0.440468490,-0.818516612,0.764237821,-0.009636182,-0.288516760,0.207671389,-0.068507195,-1.116704702,-0.417875379,0.167401150
247,4939.988,1786879886750.459,14674568.394,0.000000000,-0.814062834,-0.025382392,-0.342208445,1.350471735,-0.591059387,-0.110040702,-0.492973924,-0.079023801,-0.053768247,1.201377511,-0.691499770,-0.127693474,-0.014983601,0.009393665,0.351005733,0.078510985,0.566810429,-0.391400725,-0.094586261,0.440365762,-0.818550408,0.764527142,-0.009557215,-0.291937709,0.207988963,-0.064840399,-1.112975001,-0.417836070,0.166137904
248,4959.989,1786879886770.460,14674588.395,0.000000000,-0.812412858,-0.026286537,-0.344902217,1.348550320,-0.589904368,-0.109318718,-0.492939353,-0.080435693,-0.058354493,1.202009916,-0.682141721,-0.125729382,-0.017084779,0.009382725,0.350565702,0.074260555,0.570551932,-0.393668532,-0.094747819,0.440439165,-0.818591774,0.765326917,-0.009074253,-0.296310782,0.209042773,-0.060009573,-1.108912110,-0.417685926,0.163809747
249,4979.993,1786879886790.464,14674608.399,0.000000000,-0.810413301,-0.026828598,-0.347677588,1.346892238,-0.589103222,-0.108604193,-0.492757529,-0.081902765,-0.063549504,1.203201771,-0.672413588,-0.124011837,-0.018882059,0.009234505,0.349996179,0.069552384,0.575781167,-0.397774428,-0.094834037,0.440441757,-0.818595052,0.766344130,-0.007568955,-0.301019549,0.210855678,-0.053333629,-1.102017879,-0.417375088,0.160570040
250,4999.994,1786879886810.466,14674628.400,0.000000000,-0.807649195,-0.027759003,-0.349929333,1.345657587,-0.588723481,-0.107770093,-0.492583245,-0.084309988,-0.068775073,1.206185222,-0.662174165,-0.122134440,-0.020452322,0.008537861,0.349970907,0.063108765,0.581854165,-0.403323591,-0.093903452,0.440315008,-0.818575561,0.766624093,-0.005672514,-0.306352854,0.213429496,-0.043250669,-1.090755701,-0.417126596,0.155973062
251,5019.994,1786879886830.465,14674648.400,0.000000000,-0.805427551,-0.030703239,-0.353435487,1.345427275,-0.588321626,-0.106874242,-0.492595255,-0.087945350,-0.075172484,1.211204410,-0.650902450,-0.119583018,-0.023897378,0.008617243,0.350035310,0.053761072,0.589337051,-0.410974145,-0.091289915,0.440198690,-0.818195879,0.766568184,-0.002668878,-0.312794805,0.216159493,-0.030388616,-1.074936628,-0.416511893,0.150905058
252,5039.995,1786879886850.466,14674668.401,0.000000000,-0.804132044,-0.034242090,-0.358197808,1.346470833,-0.588500321,-0.105936170,-0.492785126,-0.089462832,-0.079556733,1.216393113,-0.639440894,-0.116844453,-0.028432846,0.010207334,0.350005120,0.042746566,0.597549319,-0.418737799,-0.088167615,0.440143764,-0.817374468,0.764801800,0.002307451,-0.319350392,0.217640892,-0.016567780,-1.059563160,-0.415752470,0.145319015
253,5060.003,1786879886870.475,14674688.410,0.000000000,-0.803121567,-0.037381336,-0.362868875,1.349309325,-0.589858532,-0.104904167,-0.493238866,-0.088671476,-0.080869265,1.222428203,-0.628631830,-0.114081018,-0.032385107,0.012790291,0.350120932,0.030780669,0.605303288,-0.424210221,-0.084195547,0.440172076,-0.816170752,0.759797096,0.009229087,-0.326348782,0.218121544,-0.002214636,-1.047622442,-0.414245725,0.138467968
254,5079.981,1786879886890.452,14674708.387,0.000000000,-0.802485049,-0.039734438,-0.365869850,1.352760196,-0.591657043,-0.103875294,-0.493795991,-0.088115618,-0.081167229,1.228184342,-0.620765746,-0.111136414,-0.034893669,0.015163979,0.350325644,0.020826463,0.610895395,-0.427099496,-0.080236532,0.440276533,-0.814522207,0.754496574,0.015722618,-0.332403541,0.218256697,0.009282155,-1.038409352,-0.412566930,0.132914349
255,5099.979,1786879886910.450,14674728.385,0.000000000,-0.800729215,-0.042820621,-0.369205594,1.358806252,-0.594915330,-0.102143101,-0.493448675,-0.087917916,-0.081573516,1.236667514,-0.610545576,-0.106439322,-0.038385779,0.018798608,0.352318078,0.005258754,0.618861973,-0.430290759,-0.073515080,0.440464437,-0.811242819,0.746428728,0.024556577,-0.341316670,0.218299240,0.027372625,-1.022261143,-0.410315007,0.124488369
256,5119.980,1786879886930.451,14674748.386,0.000000000,-0.799004555,-0.046232842,-0.371724427,1.366791010,-0.599236906,-0.099814393,-0.492842525,-0.088281132,-0.081531152,1.246410012,-0.601434648,-0.101717211,-0.042429980,0.022764571,0.354827195,-0.013539311,0.628870666,-0.433954865,-0.064063318,0.440595508,-0.807174325,0.737601101,0.033205342,-0.352003604,0.218754396,0.050295692,-1.000809312,-0.408688396,0.113595039
257,5139.980,1786879886950.451,14674768.386,0.000000000,-0.799111009,-0.049696416,-0.372764111,1.375705242,-0.604311109,-0.096393473,-0.494876891,-0.089270309,-0.080331251,1.257836342,-0.591634214,-0.095923342,-0.046852399,0.026319792,0.355519027,-0.033882346,0.640275896,-0.438612610,-0.053022388,0.440708518,-0.801182568,0.728436708,0.042684894,-0.363765746,0.219882712,0.076856390,-0.977953970,-0.406587601,0.101466626
258,5159.980,1786879886970.451,14674788.386,0.000000000,-0.798736870,-0.052251749,-0.372086585,1.384927750,-0.610088050,-0.092066355,-0.497860968,-0.091284253,-0.078989245,1.270433068,-0.579006076,-0.087788358,-0.049269799,0.030014927,0.356589347,-0.056668364,0.651517689,-0.444341272,-0.041410848,0.440788507,-0.792910993,0.717006922,0.053438354,-0.377633095,0.221027583,0.106047846,-0.955745339,-0.403799921,0.088630721
259,5179.980,1786879886990.451,14674808.386,0.000000000,-0.797605336,-0.055820607,-0.372122109,1.394897223,-0.616025865,-0.087262362,-0.500573039,-0.094965853,-0.079772182,1.285045505,-0.562799871,-0.078928493,-0.052331001,0.034721207,0.358932525,-0.084004305,0.662441790,-0.451074898,-0.027963901,0.440857053,-0.783530593,0.702962041,0.064194523,-0.394075960,0.222662210,0.140284210,-0.929763794,-0.401025325,0.075094827
260,5199.978,1786879887010.450,14674828.385,0.000000000,-0.796587050,-0.061102338,-0.373377532,1.406621814,-0.622449458,-0.081914082,-0.502236843,-0.099105038,-0.081377767,1.300606012,-0.545928895,-0.070336968,-0.057702791,0.040914122,0.361918241,-0.115286380,0.673180342,-0.458551079,-0.013839653,0.440793425,-0.773276925,0.687015712,0.075745150,-0.412940592,0.224764064,0.177077502,-0.900077939,-0.397671551,0.061019510
261,5219.980,1786879887030.451,14674848.386,0.000000000,-0.795376897,-0.069130406,-0.373561800,1.418949366,-0.628903568,-0.075423285,-0.504058480,-0.106450044,-0.082961284,1.318826795,-0.527692735,-0.060355440,-0.065175623,0.046366740,0.364691705,-0.150193945,0.683577240,-0.466917992,0.003261383,0.440610111,-0.763249278,0.669913828,0.088400386,-0.433660090,0.227783278,0.215988249,-0.867529273,-0.394054770,0.046197496
262,5239.980,1786879887050.451,14674868.386,0.000000000,-0.794131756,-0.080248207,-0.371823460,1.431827188,-0.636056364,-0.067329399,-0.511200905,-0.119043060,-0.084110335,1.346401811,-0.497531980,-0.045039110,-0.075653873,0.050122496,0.366399109,-0.186676800,0.694952488,-0.476903975,0.023288414,0.442459524,-0.751840234,0.651386201,0.102643847,-0.455695659,0.231269717,0.257769495,-0.829368174,-0.391631633,0.029349307
263,5259.979,1786879887070.450,14674888.385,0.000000000,-0.788331032,-0.090746894,-0.370844483,1.446601510,-0.645527124,-0.058646619,-0.519945502,-0.130246058,-0.083391070,1.381747961,-0.450137615,-0.028396321,-0.088193685,0.056326065,0.372091591,-0.224506170,0.706233919,-0.487340540,0.047103740,0.444764435,-0.739953876,0.629752755,0.117839962,-0.480095118,0.233875662,0.299843103,-0.788788915,-0.389918506,0.012233136
264,5279.979,1786879887090.451,14674908.385,0.000000000,-0.780048311,-0.098238856,-0.369640201,1.463340521,-0.657855749,-0.049806099,-0.534055769,-0.138421506,-0.079472892,1.423830509,-0.382275671,-0.010583848,-0.100867853,0.064579375,0.377919257,-0.261655003,0.718350828,-0.496524274,0.074470818,0.447805762,-0.726635993,0.605938137,0.133381769,-0.506391585,0.236390829,0.344136417,-0.746369004,-0.389204502,-0.005381391
265,5299.978,1786879887110.449,14674928.384,0.000000000,-0.769517720,-0.102789290,-0.368994176,1.481168866,-0.672690749,-0.041440286,-0.547859192,-0.142933026,-0.075061522,1.463304639,-0.310631871,-0.003832547,-0.115331978,0.074181162,0.383207858,-0.295154333,0.732155323,-0.503068149,0.104492627,0.451845676,-0.712259293,0.581266582,0.147355363,-0.533716559,0.239716664,0.392351925,-0.702131331,-0.389663011,-0.023718886
266,5319.979,1786879887130.450,14674948.385,0.000000000,-0.762314796,-0.104606584,-0.368075877,1.494382501,-0.684803486,-0.035417233,-0.555471778,-0.146470189,-0.073807627,1.485665321,-0.321997464,-0.005650673,-0.127315834,0.082054093,0.385021746,-0.315707922,0.742809296,-0.505691409,0.127415612,0.454822928,-0.700192928,0.563205302,0.157688215,-0.554699421,0.241824344,0.428937584,-0.669947743,-0.390529364,-0.037578136
267,5339.978,1786879887150.449,14674968.384,0.000000000,-0.752635837,-0.103361547,-0.358383954,1.508840799,-0.701103151,-0.026991602,-0.570938230,-0.159957305,-0.080265284,1.483088374,-0.411997497,-0.007147031,-0.138005495,0.089406952,0.386550874,-0.338931859,0.758083165,-0.506532609,0.154405922,0.458982050,-0.679955363,0.538613617,0.171766281,-0.582114041,0.242333800,0.474112719,-0.629587114,-0.391308010,-0.055991013
268,5359.978,1786879887170.449,14674988.385,0.000000000,-0.736669660,-0.102001324,-0.342373371,1.520220160,-0.717111290,-0.018438186,-0.588533103,-0.182829306,-0.092976049,1.465545893,-0.500139892,-0.008848920,-0.147234663,0.093352184,0.393654913,-0.361327082,0.772797704,-0.506168246,0.177407816,0.461840510,-0.655103147,0.511187255,0.185932696,-0.609292686,0.242217451,0.513826311,-0.592426956,-0.391412854,-0.074069932
269,5379.981,1786879887190.452,14675008.387,0.000000000,-0.718668461,-0.100990094,-0.327625215,1.530173898,-0.732527375,-0.010388941,-0.605439544,-0.205349609,-0.108655483,1.434794188,-0.557189167,-0.011345469,-0.160639405,0.099834211,0.401743323,-0.380629987,0.784721851,-0.505737543,0.197535351,0.463809669,-0.628743827,0.481915325,0.200009286,-0.636283100,0.242219687,0.549754500,-0.562910140,-0.391837478,-0.090393968
270,5399.981,1786879887210.453,14675028.388,0.000000000,-0.699248552,-0.100907564,-0.312403142,1.537016511,-0.746354342,-0.002881743,-0.622023463,-0.225760460,-0.120760284,1.395525694,-0.587171555,-0.012729564,-0.175923958,0.105838850,0.409547389,-0.396571130,0.795865059,-0.504884899,0.212722987,0.464183003,-0.604050577,0.451954067,0.212050945,-0.659732878,0.242231593,0.585698783,-0.541185141,-0.392099321,-0.105563864
271,5419.992,1786879887230.463,14675048.398,0.000000000,-0.678323328,-0.102458559,-0.295108646,1.539078116,-0.757489979,0.003622099,-0.637555182,-0.246090055,-0.130343422,1.348233819,-0.596153378,-0.012083284,-0.189945057,0.108181551,0.417425245,-0.410391599,0.806010485,-0.502456605,0.223957926,0.464316666,-0.583653212,0.424623609,0.220469251,-0.677046478,0.242242962,0.622819781,-0.532313764,-0.392046928,-0.119893432
272,5439.988,1786879887250.459,14675068.394,0.000000000,-0.658234417,-0.105354905,-0.277276307,1.538473010,-0.766398489,0.008131784,-0.653022587,-0.263801515,-0.136659965,1.300050974,-0.582812488,-0.010485935,-0.201661646,0.108157903,0.424232662,-0.423469424,0.812748373,-0.498873830,0.233812243,0.464117080,-0.568366110,0.401623994,0.225141793,-0.688286245,0.242392495,0.660776854,-0.531556964,-0.391085356,-0.132104680
273,5459.989,1786879887270.461,14675088.396,0.000000000,-0.640918195,-0.108795770,-0.261787176,1.538266301,-0.773554802,0.008661945,-0.666353881,-0.272881299,-0.130434170,1.271218061,-0.532484770,-0.003542521,-0.210889831,0.108284526,0.429837465,-0.437486768,0.815806746,-0.495713502,0.243317589,0.461314619,-0.557118177,0.381348819,0.227309138,-0.694350004,0.243130401,0.697728574,-0.531564295,-0.388045073,-0.141448051
274,5479.996,1786879887290.467,14675108.402,0.000000000,-0.633844137,-0.109589994,-0.242108986,1.542604089,-0.771348834,0.006457814,-0.667580009,-0.280089349,-0.113948420,1.264918447,-0.442497253,0.003219823,-0.217340693,0.108944692,0.430914313,-0.452323794,0.814900994,-0.494889468,0.254086375,0.453582257,-0.548386216,0.362615407,0.228659779,-0.696584940,0.244638368,0.734100938,-0.531577826,-0.383021623,-0.148203701
275,5499.996,1786879887310.467,14675128.402,0.000000000,-0.631757438,-0.097306348,-0.203591347,1.551959872,-0.755938351,0.003745277,-0.664991736,-0.288311630,-0.094869018,1.273221374,-0.431192338,0.031881478,-0.211020514,0.105678633,0.435161531,-0.468645811,0.812660933,-0.494769335,0.267656505,0.443116128,-0.540999532,0.346875966,0.227310702,-0.697004795,0.245694101,0.765978932,-0.531058192,-0.375926793,-0.152597517
276,5519.999,1786879887330.470,14675148.405,0.000000000,-0.631393909,-0.074312687,-0.161118209,1.561812282,-0.735339224,0.006641021,-0.660332203,-0.292702794,-0.080894180,1.283542633,-0.443197519,0.052534677,-0.199860469,0.106793478,0.443338692,-0.484056771,0.806940854,-0.494491220,0.284563750,0.434804618,-0.531467974,0.333572090,0.223232701,-0.698614180,0.245728016,0.791135550,-0.524597228,-0.366361767,-0.156976148
277,5540.003,1786879887350.474,14675168.409,0.000000000,-0.634257197,-0.049073856,-0.123062879,1.566944003,-0.720567405,0.012604967,-0.657733619,-0.298112184,-0.074347481,1.293196917,-0.454441816,0.061228819,-0.190130189,0.111250743,0.446076035,-0.496757746,0.798665166,-0.495703399,0.300016612,0.431432754,-0.518300235,0.320042193,0.219889745,-0.700317681,0.245680079,0.810949266,-0.509853065,-0.355614960,-0.162794098
278,5560.002,1786879887370.474,14675188.409,0.000000000,-0.636177421,-0.031826615,-0.099005140,1.568373203,-0.714482605,0.015431987,-0.655687213,-0.303761750,-0.073047392,1.300341964,-0.462159753,0.063762516,-0.184191763,0.114911050,0.446028024,-0.505311787,0.791838109,-0.497770339,0.309020519,0.430499613,-0.507851541,0.309822679,0.217865139,-0.701257408,0.245646968,0.823506236,-0.494736910,-0.347881883,-0.168269336
279,5580.002,1786879887390.474,14675208.409,0.000000000,-0.636253536,-0.012312159,-0.071566209,1.567248583,-0.711732388,0.019664448,-0.651829600,-0.313350052,-0.073755562,1.310306072,-0.472210526,0.065253906,-0.177399829,0.118044317,0.445320874,-0.516076326,0.782990873,-0.501886904,0.316991895,0.429874629,-0.494645685,0.297684699,0.215222090,-0.701747477,0.246016741,0.838973582,-0.470284581,-0.338705540,-0.176157534
280,5599.997,1786879887410.468,14675228.403,0.000000000,-0.633203864,0.001519759,-0.049458861,1.563918948,-0.713563621,0.025427230,-0.647450268,-0.324849248,-0.075206816,1.321908355,-0.482780337,0.065548241,-0.172095418,0.117757790,0.444657803,-0.525747955,0.776743352,-0.508165956,0.319767475,0.427871883,-0.482879907,0.288867503,0.211627513,-0.701731503,0.247026101,0.853958666,-0.442864925,-0.330980629,-0.183077440
281,5619.997,1786879887430.469,14675248.404,0.000000000,-0.628704965,0.010159099,-0.034155753,1.561414003,-0.718796372,0.028520996,-0.642641366,-0.336663932,-0.077727228,1.334657669,-0.493867487,0.065526359,-0.169162914,0.115762487,0.444133133,-0.533827603,0.771518946,-0.514346182,0.321293831,0.422795892,-0.473237216,0.283051550,0.205816031,-0.701846898,0.248744830,0.869270444,-0.416133195,-0.323085666,-0.188235432
282,5639.995,1786879887450.467,14675268.401,0.000000000,-0.624069095,0.013651529,-0.025366545,1.560178995,-0.726325452,0.028130651,-0.639945805,-0.346658528,-0.078958809,1.347541690,-0.504765332,0.065613426,-0.167231560,0.112490065,0.442524552,-0.537339985,0.765712619,-0.517691076,0.322314024,0.416167945,-0.463691562,0.280151248,0.197862461,-0.702480853,0.251420319,0.882921040,-0.393757552,-0.313815445,-0.191713259
283,5660.000,1786879887470.471,14675288.406,0.000000000,-0.619822085,0.014754480,-0.020629656,1.560298562,-0.733752608,0.027888741,-0.638594151,-0.354638755,-0.079522163,1.360126615,-0.514320433,0.066128202,-0.165725678,0.108676650,0.441939265,-0.538372874,0.758654952,-0.518119395,0.324190199,0.410639405,-0.453326672,0.279430628,0.188607141,-0.703299701,0.253381222,0.894673347,-0.376496822,-0.304607809,-0.194213167
284,5680.000,1786879887490.472,14675308.406,0.000000000,-0.615680218,0.014337533,-0.018319657,1.561373472,-0.740376234,0.027345158,-0.637410283,-0.361651421,-0.079732157,1.372358441,-0.522407651,0.067381486,-0.165364861,0.103925958,0.443711460,-0.539293647,0.752491295,-0.518185496,0.327794969,0.403985620,-0.442684978,0.279259443,0.178647086,-0.704517066,0.254457057,0.904930592,-0.364337116,-0.296741426,-0.195665285
285,5699.997,1786879887510.468,14675328.403,0.000000000,-0.612214983,0.014878086,-0.014392926,1.562433481,-0.746784568,0.025571425,-0.639032543,-0.367102087,-0.077221386,1.384812713,-0.528697252,0.069375291,-0.164182514,0.097173855,0.446742415,-0.540619850,0.748202801,-0.518198669,0.334440887,0.394191563,-0.432260454,0.279296070,0.168824434,-0.706442833,0.255570889,0.913150907,-0.356935114,-0.289693117,-0.196097642
286,5719.997,1786879887530.468,14675348.403,0.000000000,-0.609824538,0.018450469,-0.007925501,1.564245224,-0.752961576,0.022373095,-0.643786252,-0.369757622,-0.072049864,1.397394657,-0.533224106,0.071948044,-0.161824644,0.089097761,0.450483173,-0.541237116,0.746780038,-0.517640412,0.342338473,0.383061856,-0.420418978,0.279777378,0.160132602,-0.708885908,0.255984098,0.918186069,-0.351756930,-0.283549339,-0.196217686
287,5739.997,1786879887550.468,14675368.403,0.000000000,-0.610819280,0.023605805,-0.002860917,1.570331573,-0.755519629,0.018614339,-0.650317669,-0.370048970,-0.067294061,1.410422683,-0.536759377,0.073520407,-0.159012824,0.081260234,0.453718483,-0.541448355,0.747820139,-0.514663815,0.348902643,0.370050788,-0.405782610,0.279874116,0.153597862,-0.711952388,0.255941540,0.921015501,-0.349138230,-0.278815717,-0.196213767
288,5760.000,1786879887570.472,14675388.407,0.000000000,-0.613436580,0.028677464,-0.001191709,1.580180526,-0.755354464,0.015171359,-0.656022251,-0.369170517,-0.064502656,1.423677444,-0.539891899,0.074801534,-0.156870291,0.073818557,0.456742734,-0.541488111,0.751489162,-0.509460390,0.355672985,0.357277155,-0.391541988,0.281146348,0.149033338,-0.715592623,0.255205154,0.922181368,-0.347494721,-0.275444776,-0.195894226
289,5780.006,1786879887590.477,14675408.412,0.000000000,-0.616948962,0.033747941,-0.002329506,1.592675567,-0.754372835,0.011735794,-0.660307050,-0.368197352,-0.064202778,1.437273264,-0.543159962,0.076000199,-0.155982852,0.067001864,0.458528131,-0.541256249,0.755682409,-0.500601828,0.366840929,0.346348315,-0.379793257,0.282620251,0.147413582,-0.720001817,0.252809525,0.922334254,-0.346425265,-0.274358988,-0.195134848
290,5799.995,1786879887610.466,14675428.401,0.000000000,-0.619810522,0.038780857,-0.003303796,1.603196859,-0.753734767,0.008777197,-0.663789034,-0.366527468,-0.064182393,1.447961807,-0.545552671,0.076607540,-0.155079484,0.061709762,0.458612293,-0.540036440,0.758762598,-0.490598708,0.378099203,0.338096470,-0.371885985,0.284060210,0.147401378,-0.723557353,0.250499040,0.922412694,-0.346104950,-0.274249017,-0.193470493
291,5819.994,1786879887630.465,14675448.400,0.000000000,-0.622932255,0.047412544,-0.004184177,1.618423700,-0.752762556,0.004390696,-0.668451071,-0.362691909,-0.063837871,1.462649107,-0.548547804,0.076772377,-0.153592601,0.054070856,0.458112776,-0.535663724,0.763511002,-0.473859042,0.396657377,0.325105727,-0.361468077,0.287521452,0.147812739,-0.728454173,0.246407017,0.921688676,-0.345483035,-0.274176747,-0.189615503
292,5839.990,1786879887650.462,14675468.396,0.000000000,-0.624806523,0.057050109,-0.004629980,1.635815620,-0.749230504,-0.000181512,-0.671936393,-0.357790649,-0.062618256,1.477859497,-0.551504493,0.076993130,-0.152008951,0.045262780,0.458030581,-0.527281284,0.768428743,-0.453595608,0.419131070,0.309413403,-0.351469576,0.292023093,0.148895726,-0.733369470,0.240862146,0.918972313,-0.344784439,-0.274154305,-0.184639990
293,5859.997,1786879887670.468,14675488.403,0.000000000,-0.625420511,0.067794874,-0.004167877,1.658697844,-0.737757385,-0.005652550,-0.673768878,-0.350797236,-0.058708318,1.494781852,-0.554818869,0.075694114,-0.149198025,0.034235708,0.459654778,-0.512583733,0.773926616,-0.429029137,0.445477158,0.292441756,-0.342861354,0.298291624,0.149473935,-0.738469958,0.234569162,0.915146351,-0.344462007,-0.274888635,-0.179133654
294,5879.997,1786879887690.468,14675508.403,0.000000000,-0.623605490,0.079401501,-0.003525554,1.688653588,-0.715521872,-0.011720768,-0.671508551,-0.342049181,-0.052792445,1.513829350,-0.558836043,0.072045423,-0.144948334,0.021452935,0.465903819,-0.492278934,0.781560183,-0.402309626,0.474323481,0.279002845,-0.334134251,0.305139929,0.148918316,-0.744443774,0.227020159,0.910699069,-0.344372809,-0.277603596,-0.173246354
295,5899.999,1786879887710.470,14675528.405,0.000000000,-0.620399654,0.090622053,-0.001421445,1.724703670,-0.682228565,-0.017920190,-0.667547762,-0.333031952,-0.043312490,1.536436796,-0.564265847,0.066863872,-0.138583690,0.005547571,0.474602312,-0.466032684,0.791512787,-0.373866051,0.503946185,0.268411994,-0.324292630,0.309573144,0.147944525,-0.750542521,0.217617646,0.905895889,-0.344702363,-0.282365590,-0.166967005
296,5920.000,1786879887730.471,14675548.406,0.000000000,-0.622512519,0.102747120,0.000797416,1.769574046,-0.630573094,-0.025211699,-0.665880859,-0.321269184,-0.030302767,1.562184095,-0.569931030,0.061452508,-0.128655821,-0.011346883,0.483309001,-0.434632272,0.804243982,-0.345318586,0.532134533,0.257974386,-0.313105047,0.311788529,0.146363124,-0.757605374,0.207568690,0.899679184,-0.345063478,-0.288080096,-0.160426438
297,5939.999,1786879887750.470,14675568.405,0.000000000,-0.632238030,0.115277976,0.006071296,1.827484012,-0.535331488,-0.035051685,-0.665064275,-0.305652112,-0.008179716,1.592065215,-0.575548053,0.056261290,-0.111797117,-0.034110911,0.498077393,-0.400506228,0.821485460,-0.317345560,0.562834084,0.243230715,-0.303690374,0.314166486,0.139626756,-0.765516639,0.199464306,0.890621245,-0.346426487,-0.294019818,-0.152728632
298,5959.993,1786879887770.464,14675588.399,0.000000000,-0.661112845,0.127515063,0.014545246,1.898900390,-0.352639467,-0.042771429,-0.667982757,-0.282778114,0.028283020,1.626314044,-0.579870820,0.055323016,-0.084831521,-0.064062066,0.517363966,-0.363293141,0.839909613,-0.288999915,0.604139686,0.222053424,-0.295246720,0.320577592,0.123293377,-0.775657177,0.196578875,0.880726814,-0.349187642,-0.301409930,-0.143952444
299,5980.004,1786879887790.475,14675608.410,0.000000000,-0.720902622,0.140227020,-0.009606640,1.956450582,-0.246392131,-0.038993254,-0.682741582,-0.246875331,0.058802474,1.659726977,-0.583791792,0.061738834,-0.061190680,-0.081953712,0.516804039,-0.313691497,0.851035237,-0.261097550,0.655719340,0.191359550,-0.283133119,0.331319749,0.101798587,-0.790166438,0.201821133,0.871217310,-0.350426525,-0.309188306,-0.138852164
300,5999.998,1786879887810.469,14675628.405,0.000000000,-0.796398222,0.149928927,-0.076965600,1.958853364,-0.295935899,-0.020441985,-0.701894164,-0.193765223,0.076966882,1.689112902,-0.594179630,0.085888788,-0.047914345,-0.087250963,0.499789238,-0.252178311,0.857830524,-0.233983308,0.713574171,0.150472417,-0.267699510,0.345597714,0.069391914,-0.804771185,0.220380351,0.866680861,-0.350801140,-0.316596836,-0.138142020
301,6020.010,1786879887830.481,14675648.416,0.000000000,-0.868720949,0.156741977,-0.136983678,1.907850623,-0.375741899,-0.000235582,-0.720306635,-0.128087431,0.093139715,1.722837090,-0.611563802,0.079210229,-0.039557263,-0.091879919,0.481403202,-0.184288546,0.860690892,-0.208898813,0.778098762,0.098588325,-0.250695109,0.360901833,0.024279546,-0.818438232,0.253234476,0.863425374,-0.351835728,-0.322421610,-0.142009914
302,6040.001,1786879887850.472,14675668.407,0.000000000,-0.916828930,0.161124140,-0.165629655,1.857908130,-0.420105070,0.013592984,-0.730846822,-0.074350767,0.106071547,1.748732686,-0.631692648,0.072658986,-0.032543682,-0.093288980,0.471110880,-0.133126751,0.858132541,-0.193464994,0.829928696,0.055856556,-0.237731427,0.372368097,-0.013247768,-0.829794824,0.282089293,0.855880082,-0.352692723,-0.325565636,-0.148179948
303,6060.004,1786879887870.475,14675688.411,0.000000000,-0.972208023,0.163765982,-0.184552863,1.791350126,-0.462362558,0.029596480,-0.740916789,-0.005709738,0.122508615,1.780035019,-0.654331803,0.069355629,-0.019270757,-0.092033856,0.463562071,-0.069191925,0.849730611,-0.181347713,0.902309060,0.002046283,-0.221672565,0.386238664,-0.065506428,-0.845128238,0.319363713,0.838805676,-0.352999985,-0.329993933,-0.159302771
304,6079.996,1786879887890.467,14675708.402,0.000000000,-1.019994617,0.159439832,-0.188026965,1.724022746,-0.496869296,0.042999603,-0.753477335,0.051942676,0.138229311,1.809404969,-0.666425943,0.070685588,0.000939380,-0.089717902,0.460377812,-0.012825851,0.836827576,-0.177501187,0.977777600,-0.046755739,-0.208670467,0.397686988,-0.122899652,-0.858505607,0.353268564,0.820946634,-0.353090852,-0.336663336,-0.172345936
305,6100.000,1786879887910.471,14675728.406,0.000000000,-1.066851020,0.148335740,-0.182410568,1.646647096,-0.526650190,0.052744307,-0.778513312,0.087126881,0.146230459,1.840421796,-0.671763122,0.074255399,0.025615107,-0.084926918,0.455817789,0.035380624,0.820830405,-0.181892738,1.052310348,-0.093147695,-0.198303550,0.408372104,-0.186723396,-0.870719254,0.385728776,0.806915879,-0.352172703,-0.345517635,-0.186461255
306,6120.002,1786879887930.473,14675748.408,0.000000000,-1.112461805,0.127463251,-0.167770863,1.552600503,-0.545221746,0.057452656,-0.826658845,0.079141684,0.139510512,1.883843303,-0.671498179,0.069677211,0.055459529,-0.080667786,0.448499709,0.073197789,0.806080818,-0.199938744,1.120146275,-0.140073344,-0.191577867,0.421822250,-0.254274428,-0.886846244,0.419119835,0.795248210,-0.344333947,-0.356455654,-0.202223703
307,6140.002,1786879887950.473,14675768.408,0.000000000,-1.151790619,0.100945108,-0.140783876,1.441538215,-0.549321055,0.053386308,-0.892007470,0.014701929,0.102912761,1.945868611,-0.674322069,0.061713744,0.091300666,-0.078692950,0.445899814,0.105328128,0.795259297,-0.235660017,1.177031398,-0.188707739,-0.192776337,0.441649258,-0.332169592,-0.911451340,0.459920585,0.787742317,-0.324828178,-0.371071190,-0.221652836
308,6159.999,1786879887970.470,14675788.405,0.000000000,-1.191612959,0.074574582,-0.104196548,1.325093627,-0.525434554,0.040414207,-0.954123437,-0.054876920,0.083802521,2.043732643,-0.677353561,0.053224642,0.128990471,-0.076747164,0.447250128,0.143640712,0.784417033,-0.280488700,1.225914836,-0.238802001,-0.202479795,0.466141492,-0.427200407,-0.938392878,0.507822931,0.785072327,-0.301430881,-0.387902379,-0.243873283
309,6179.999,1786879887990.470,14675808.406,0.000000000,-1.248942733,0.043183263,-0.079564221,1.199458003,-0.472590059,0.023044031,-0.998190165,-0.074613057,0.148270831,2.149803162,-0.702489197,0.042877011,0.153273821,-0.062010583,0.441359848,0.195038900,0.765597641,-0.327423006,1.272660613,-0.295281470,-0.217878073,0.492334902,-0.540231347,-0.958412051,0.560072184,0.784376204,-0.278465450,-0.403041214,-0.268038481
310,6199.997,1786879888010.469,14675828.404,0.000000000,-1.319803119,0.015848311,-0.053606294,1.066315532,-0.407714486,0.002733247,-1.040115237,-0.077244639,0.197299391,2.216987133,-0.730652034,0.075323954,0.168054849,-0.030202899,0.419772387,0.251185894,0.746563792,-0.375180423,1.310202360,-0.363705635,-0.231141344,0.519867599,-0.647839844,-0.968319952,0.613972664,0.782889724,-0.251501501,-0.415549755,-0.302504361
311,6219.998,1786879888030.470,14675848.405,0.000000000,-1.365509629,0.000280428,-0.007106921,0.967597544,-0.341060817,-0.006089855,-1.089216590,-0.060355734,0.173965901,2.298439980,-0.723263323,0.091903247,0.186895519,0.012715855,0.413936257,0.301401764,0.738175631,-0.414520323,1.341746330,-0.432850838,-0.244635627,0.552450180,-0.730307102,-0.968546033,0.655915260,0.774730921,-0.232834131,-0.422226340,-0.345185816
312,6240.001,1786879888050.472,14675868.407,0.000000000,-1.391117573,-0.011436242,0.049641818,0.915314853,-0.275482416,-0.002313566,-1.128104448,-0.015057837,0.136303648,2.373516083,-0.711480319,0.100699797,0.215969369,0.049789198,0.412001133,0.346087903,0.728185534,-0.441023886,1.382646322,-0.494797438,-0.256370276,0.591742575,-0.783348858,-0.959249794,0.682751060,0.756093264,-0.227073953,-0.421944618,-0.388228297
313,6260.003,1786879888070.474,14675888.409,0.000000000,-1.393311620,-0.028595896,0.109109655,0.914876640,-0.221545428,0.008209060,-1.147832632,0.031253055,0.097407795,2.436927319,-0.702179730,0.111035071,0.248944357,0.077805623,0.419366688,0.380451441,0.709480405,-0.457970142,1.437644243,-0.543425739,-0.259547353,0.631094396,-0.811858058,-0.950965345,0.694839478,0.726179242,-0.226364747,-0.420922130,-0.423759937
314,6280.005,1786879888090.477,14675908.412,0.000000000,-1.379692912,-0.042634223,0.166407958,0.966914415,-0.185043365,0.022482615,-1.147321343,0.067287199,0.050974846,2.486752987,-0.697914004,0.122148909,0.287479609,0.110855483,0.428635001,0.401754767,0.683497369,-0.466178656,1.502407074,-0.576043844,-0.251988232,0.663747072,-0.819183111,-0.953435957,0.690485477,0.690446019,-0.226304829,-0.421817452,-0.450011671
315,6300.005,1786879888110.476,14675928.411,0.000000000,-1.362246513,-0.045450829,0.205357671,1.033205032,-0.167741686,0.033458389,-1.136471152,0.086667590,0.010987793,2.515834570,-0.696897209,0.128605708,0.323189318,0.140278235,0.432493806,0.412136555,0.666312933,-0.465822011,1.549038291,-0.588844895,-0.237971634,0.683816195,-0.814503253,-0.963192344,0.676112473,0.665979147,-0.227160454,-0.424924046,-0.465172410
316,6320.003,1786879888130.475,14675948.410,0.000000000,-1.330692768,-0.037647329,0.247747764,1.146039605,-0.153366655,0.046544440,-1.107189178,0.102009140,-0.047958653,2.544633627,-0.694759548,0.132845774,0.382219076,0.181190118,0.432080597,0.422922373,0.659406841,-0.451316625,1.596833467,-0.589851022,-0.210803717,0.705733299,-0.798004508,-0.987129033,0.641755998,0.642563999,-0.230694950,-0.431942016,-0.483377039
317,6340.000,1786879888150.471,14675968.406,0.000000000,-1.304498911,-0.018490624,0.270698458,1.262162685,-0.153963000,0.057855669,-1.073750138,0.107814677,-0.110653348,2.545566559,-0.696870208,0.136324361,0.385582715,0.250810027,0.417948842,0.426308811,0.568760335,-0.428301752,1.710997939,-0.561865807,-0.368913859,1.082391262,-0.846428990,-0.980991781,0.624543607,0.601095319,-0.251203299,-0.442632556,-0.490324527
318,6359.999,1786879888170.470,14675988.405,0.000000000,-1.271902084,0.011407596,0.282947421,1.375683784,-0.178569764,0.064110570,-1.025957584,0.109739818,-0.165306062,2.538227081,-0.704648137,0.132371560,0.405268043,0.311902821,0.411704451,0.415312678,0.530575871,-0.385781139,1.752961159,-0.534364760,-0.510218322,1.548825979,-0.882303476,-0.992369771,0.579322875,0.552460968,-0.271254420,-0.472807646,-0.520850003
319,6379.998,1786879888190.469,14676008.405,0.000000000,-1.250938892,0.035145327,0.271662027,1.479482174,-0.233362123,0.063409410,-0.968507767,0.107914075,-0.226906136,2.520322561,-0.702189684,0.122687966,0.420143932,0.359756440,0.406677306,0.389304370,0.545586526,-0.334094614,1.803633213,-0.540789306,-0.664786994,1.749836683,-0.941900849,-1.018754125,0.549658656,0.525847435,-0.305635422,-0.512441456,-0.562092960
320,6400.003,1786879888210.474,14676028.409,0.000000000,-1.244222403,0.066846341,0.256828398,1.578541160,-0.303699344,0.057036366,-0.912042260,0.117947392,-0.284800291,2.496194839,-0.716793239,0.113883488,0.427744508,0.397983134,0.410060227,0.374980181,0.561677992,-0.258753091,1.851788640,-0.549329817,-0.865311563,1.707181096,-1.029755354,-1.056837559,0.533614933,0.503660560,-0.337467670,-0.558508813,-0.605083108
321,6419.999,1786879888230.470,14676048.405,0.000000000,-1.243745327,0.108979017,0.242935330,1.675148726,-0.366120577,0.048187457,-0.853642642,0.143769503,-0.337702125,2.469238520,-0.744014740,0.102931969,0.460312307,0.422812819,0.416907728,0.377267122,0.602569759,-0.181673408,1.813758731,-0.553534865,-1.030777574,1.646705627,-1.102535963,-1.132220984,0.507012546,0.489484876,-0.348080575,-0.605055809,-0.650108218
322,6439.999,1786879888250.470,14676068.405,0.000000000,-1.248132586,0.160679117,0.226047948,1.757480502,-0.399509013,0.040372234,-0.797863007,0.181552425,-0.399643511,2.429398537,-0.761042714,0.084981039,0.503065825,0.434732258,0.421922475,0.382038206,0.660703242,-0.098512970,1.740562320,-0.542152941,-1.145915031,1.562022567,-1.159109354,-1.229027748,0.467694759,0.494697332,-0.344968528,-0.646065354,-0.690414488
323,6459.998,1786879888270.469,14676088.404,0.000000000,-1.246655583,0.232505679,0.204280958,1.823150516,-0.391089469,0.036200438,-0.752908647,0.234054834,-0.465561092,2.374505520,-0.780923784,0.061101660,0.544905066,0.429968715,0.434303641,0.374753296,0.721069038,-0.026273908,1.698683262,-0.515224576,-1.240964532,1.471598744,-1.209330440,-1.323660254,0.419914544,0.521834433,-0.338790894,-0.681504011,-0.720790029
324,6479.999,1786879888290.470,14676108.406,0.000000000,-1.242071986,0.323103756,0.174265236,1.874069810,-0.336418986,0.034773543,-0.733309150,0.298975646,-0.522930861,2.307681084,-0.816521525,0.037000638,0.584258437,0.396092743,0.454233497,0.362492949,0.778737009,0.047460590,1.697072983,-0.480613083,-1.330135584,1.387760639,-1.261114120,-1.403586984,0.373617530,0.566982985,-0.331508845,-0.720550895,-0.742760956
325,6500.000,1786879888310.472,14676128.407,0.000000000,-1.232152104,0.406667978,0.135087594,1.926318645,-0.283403933,0.033813369,-0.723228097,0.361475497,-0.566925764,2.220690727,-0.842442930,0.031569313,0.613931894,0.342975706,0.479945034,0.351996243,0.835224926,0.126078650,1.698360920,-0.453387529,-1.396362662,1.296159029,-1.317195296,-1.479300022,0.338106126,0.625898361,-0.329830110,-0.762474298,-0.759514272
326,6520.007,1786879888330.479,14676148.414,0.000000000,-1.223509312,0.471656263,0.102696031,1.990851164,-0.265211254,0.028456597,-0.715938628,0.408423185,-0.599328876,2.115440607,-0.844461262,0.032807525,0.633100331,0.277021319,0.502297640,0.346940935,0.894928873,0.193246335,1.696731210,-0.416860819,-1.441032171,1.210320830,-1.384229183,-1.556327343,0.325413436,0.696455538,-0.330696374,-0.805174649,-0.770874202
327,6540.003,1786879888350.474,14676168.409,0.000000000,-1.230876803,0.520126045,0.087457903,2.057090282,-0.299922734,0.013570919,-0.717812181,0.437393725,-0.624225974,1.996715426,-0.819014251,0.037590239,0.650949836,0.199120104,0.508751750,0.346595138,0.965012014,0.239311054,1.696895242,-0.367121220,-1.474162102,1.131849051,-1.464285970,-1.635831237,0.335244089,0.774411917,-0.330332190,-0.844609380,-0.777655244
328,6560.000,1786879888370.471,14676188.406,0.000000000,-1.240892172,0.541861296,0.079002187,2.096074820,-0.342643410,-0.005821689,-0.713014662,0.449417233,-0.640779376,1.897430301,-0.785522997,0.044899650,0.661106646,0.140915737,0.509827197,0.347784251,1.024638057,0.260483176,1.701122999,-0.325561374,-1.499383688,1.077270269,-1.529250145,-1.692239404,0.349060029,0.832902133,-0.326309472,-0.867939353,-0.781220913
329,6580.003,1786879888390.475,14676208.410,0.000000000,-1.260440111,0.550224304,0.060868468,2.128390312,-0.401113808,-0.037386157,-0.691325605,0.456424117,-0.665205359,1.750913143,-0.733480513,0.061405730,0.659827828,0.063419290,0.504637778,0.368024081,1.108480692,0.279366434,1.719392657,-0.274636626,-1.544755816,1.015773535,-1.591728687,-1.746359229,0.363067508,0.906655669,-0.307693362,-0.890075982,-0.795246065
330,6600.002,1786879888410.474,14676228.409,0.000000000,-1.288553953,0.536512613,0.020585993,2.105662823,-0.442532212,-0.071216978,-0.659886539,0.463557959,-0.696342885,1.585721612,-0.674731672,0.086998634,0.631381691,-0.018500991,0.487917364,0.430123687,1.185072899,0.298215836,1.764631391,-0.239382282,-1.591945291,0.970656931,-1.603245974,-1.768548489,0.373751968,0.971218050,-0.275160998,-0.901956320,-0.825883806
331,6619.998,1786879888430.469,14676248.404,0.000000000,-1.315154791,0.493088603,-0.029618351,2.034540415,-0.478006780,-0.092131168,-0.616229177,0.466310680,-0.732810557,1.388234019,-0.538552880,0.135304689,0.569443703,-0.106726430,0.456206918,0.523205936,1.249879479,0.323207617,1.817420244,-0.226099238,-1.618775964,0.946259022,-1.578374267,-1.762596965,0.396501333,1.018317223,-0.240922749,-0.903268576,-0.858606398
332,6639.991,1786879888450.462,14676268.397,0.000000000,-1.342358947,0.421134919,-0.043050174,1.955082297,-0.496038973,-0.098488420,-0.547806740,0.446667761,-0.774460554,1.175574064,-0.295896024,0.179437071,0.475671828,-0.202134892,0.397877485,0.612123251,1.312011361,0.355770946,1.857037187,-0.216429919,-1.624445796,0.936545193,-1.534905672,-1.738010168,0.437765181,1.045380235,-0.215750918,-0.897491813,-0.877995431
333,6660.002,1786879888470.474,14676288.409,0.000000000,-1.369024873,0.339282632,-0.003508060,1.905214190,-0.497168869,-0.095381722,-0.455235690,0.405238777,-0.800969899,1.036023617,-0.160271376,0.214052320,0.372807592,-0.286810637,0.323955595,0.659081280,1.364544511,0.396328419,1.888183951,-0.184197649,-1.624032021,0.937652469,-1.501612902,-1.709932089,0.491980255,1.055885673,-0.201899558,-0.886453927,-0.877162874
334,6679.997,1786879888490.469,14676308.403,0.000000000,-1.386786699,0.266805202,-0.004821650,1.858945131,-0.502529979,-0.085513361,-0.353650212,0.353116274,-0.854858279,1.043843627,-0.004564346,0.290624470,0.275054395,-0.286916822,0.282566100,0.660411537,1.372260809,0.439024597,1.882130027,-0.145596370,-1.625678182,0.961593211,-1.499829173,-1.684967518,0.543654859,1.055937052,-0.187157035,-0.879588306,-0.870203614
335,6700.000,1786879888510.471,14676328.406,0.000000000,-1.402548075,0.195350170,-0.040785007,1.802444458,-0.509658754,-0.071603589,-0.243612409,0.324569762,-0.875472009,1.216103554,0.198609278,0.295623660,0.169921786,-0.227881908,0.274008989,0.644520402,1.356539130,0.483390987,1.853355289,-0.099492192,-1.628054857,1.012097597,-1.499276876,-1.673859000,0.604761124,1.080862045,-0.166799828,-0.887478590,-0.875008404
336,6719.998,1786879888530.469,14676348.404,0.000000000,-1.425000191,0.145856589,-0.088779755,1.752822876,-0.492476583,-0.054489713,-0.147332102,0.319307625,-0.809026361,1.474976301,0.140212715,0.285100907,0.073504493,-0.161767289,0.280542105,0.601903319,1.359688640,0.516786754,1.829357147,-0.003027170,-1.627139688,1.110699177,-1.486490726,-1.702808619,0.719001532,1.156584501,-0.149301112,-0.910864472,-0.897428632
337,6739.998,1786879888550.469,14676368.404,0.000000000,-1.455868602,0.126450509,-0.145733193,1.706639647,-0.471295476,-0.048552033,-0.065687113,0.330837220,-0.672921419,1.688032746,0.054730564,0.277046859,-0.005984697,-0.095255628,0.289695591,0.541069865,1.379913807,0.540412009,1.802419305,0.141809508,-1.622325182,1.233959675,-1.454234958,-1.755294323,0.859985232,1.274945498,-0.146789297,-0.929897666,-0.923054636
338,6760.003,1786879888570.474,14676388.409,0.000000000,-1.492146015,0.133164614,-0.208648771,1.660207033,-0.460651666,-0.063103877,0.003872931,0.321864903,-0.498794526,1.836774707,-0.030514618,0.271197647,-0.071352005,-0.022982700,0.298548520,0.493710488,1.380358696,0.549024165,1.760936737,0.324878395,-1.618851900,1.352642417,-1.417483687,-1.802352309,0.996936560,1.412220836,-0.159795716,-0.935594797,-0.946379006
339,6780.014,1786879888590.486,14676408.421,0.000000000,-1.529265642,0.149051413,-0.271819293,1.623871446,-0.456957459,-0.087562002,0.062157527,0.267003119,-0.317073852,1.922664285,-0.108962029,0.267138928,-0.136367381,0.058448825,0.310248405,0.477880418,1.340408683,0.557414412,1.699558377,0.511780679,-1.618550420,1.432516456,-1.377434015,-1.831133366,1.102064967,1.545146942,-0.181511581,-0.930501521,-0.972367167
340,6800.004,1786879888610.475,14676428.410,0.000000000,-1.555823445,0.164473236,-0.309474528,1.615593195,-0.459470212,-0.098863162,0.096709989,0.196572468,-0.188299447,1.952443242,-0.151794985,0.265272677,-0.189285815,0.120924138,0.324390143,0.476482034,1.298161149,0.570674658,1.656334758,0.633394897,-1.618283510,1.448865891,-1.338549495,-1.840489745,1.156060219,1.634435654,-0.201838866,-0.916875660,-0.996132493
341,6820.005,1786879888630.476,14676448.411,0.000000000,-1.593389988,0.181427553,-0.345621228,1.640817165,-0.461833686,-0.104968503,0.123343304,0.087343454,-0.030141437,1.959397554,-0.186205223,0.263927817,-0.270925552,0.204401121,0.348831743,0.482231915,1.235193133,0.599247277,1.609735250,0.764178932,-1.617895484,1.409456253,-1.265708447,-1.841573477,1.197062492,1.729163766,-0.232212260,-0.887313545,-1.030763626
342,6840.000,1786879888650.471,14676468.406,0.000000000,-1.630643487,0.177898914,-0.301454037,1.703114629,-0.464144409,-0.141554758,0.130312011,-0.019089514,0.117201343,1.938515782,-0.203596994,0.260575712,-0.374895632,0.289214879,0.384220988,0.501064062,1.168550014,0.634249747,1.568300486,0.855545461,-1.617513537,1.310251713,-1.166640639,-1.830355048,1.208425164,1.790364385,-0.256168008,-0.847643018,-1.065761685
343,6859.999,1786879888670.470,14676488.405,0.000000000,-1.647132754,0.160943225,-0.236306027,1.784425974,-0.463507861,-0.123713046,0.109619632,-0.123775974,0.252443790,1.890283704,-0.222665966,0.254340827,-0.481391400,0.365165561,0.433396310,0.537880421,1.115030527,0.660071433,1.524947882,0.922390938,-1.617592216,1.189592719,-1.051370382,-1.797336578,1.206024528,1.816027284,-0.283264399,-0.796853900,-1.094439030
344,6879.998,1786879888690.470,14676508.405,0.000000000,-1.642222762,0.134941041,-0.255488425,1.859011173,-0.475011826,-0.082930379,0.058345590,-0.237327859,0.357102484,1.812107921,-0.246787831,0.250772119,-0.582719266,0.407102823,0.477219194,0.609352469,1.089834213,0.675493777,1.469956994,0.978138089,-1.619749427,1.078000188,-0.936502934,-1.722756624,1.203242540,1.800960898,-0.313445747,-0.740766048,-1.108591199
345,6900.003,1786879888710.474,14676528.409,0.000000000,-1.641491294,0.104367800,-0.296345323,1.926268220,-0.482271910,-0.080195971,-0.007253623,-0.335236311,0.405451596,1.712652445,-0.263780892,0.250392497,-0.692844391,0.429269344,0.500377059,0.712833941,1.084957361,0.672103941,1.396141529,1.023872614,-1.624655604,0.987547994,-0.835879266,-1.617903948,1.209279418,1.735298157,-0.336208910,-0.684464693,-1.109441161
346,6919.997,1786879888730.468,14676548.403,0.000000000,-1.665039778,0.069059409,-0.340808302,1.976270318,-0.490791798,-0.070824787,-0.088278547,-0.393599004,0.404398620,1.617542863,-0.275942653,0.250862449,-0.812922180,0.455444723,0.509660661,0.837275326,1.093400240,0.653157234,1.310784221,1.048651338,-1.628178120,0.906728685,-0.746728599,-1.496974707,1.219631433,1.632155180,-0.351198494,-0.630891860,-1.103337288
347,6939.998,1786879888750.469,14676568.404,0.000000000,-1.710653782,0.040398594,-0.387706041,1.997818351,-0.492952913,-0.070821434,-0.191185266,-0.429892093,0.362280071,1.528207183,-0.289199024,0.252485275,-0.929691374,0.477748513,0.520306230,0.988384306,1.129388571,0.621151745,1.212701440,1.055245519,-1.631394506,0.837071598,-0.660560727,-1.360341549,1.231089354,1.511097193,-0.363638312,-0.584034503,-1.097193599
348,6959.998,1786879888770.469,14676588.404,0.000000000,-1.770556569,0.020109298,-0.398023874,1.999621749,-0.457951903,-0.078004763,-0.307635814,-0.463892490,0.279503584,1.443375111,-0.312496126,0.253720611,-1.035252810,0.497441798,0.521753848,1.158222556,1.190537810,0.576884091,1.106049418,1.044588089,-1.632930756,0.784601569,-0.569368780,-1.214617848,1.235242128,1.395673990,-0.387394637,-0.550208628,-1.099334359
349,6979.998,1786879888790.470,14676608.405,0.000000000,-1.811005592,0.000056732,-0.415020734,1.986045480,-0.410650760,-0.077424012,-0.424468815,-0.484762639,0.191811249,1.371684790,-0.355525911,0.253150493,-1.114677548,0.497166157,0.514029562,1.336592555,1.293179512,0.544235468,1.014304876,1.016739368,-1.632291794,0.738362730,-0.465959221,-1.052824020,1.223034978,1.296167850,-0.426147908,-0.526966274,-1.109829903
350,7000.001,1786879888810.472,14676628.407,0.000000000,-1.842156887,0.008457487,-0.418432981,1.960877419,-0.349385828,-0.077030040,-0.535385787,-0.494398803,0.121991776,1.305172324,-0.427420408,0.252200544,-1.173151612,0.472588986,0.491991371,1.522805452,1.402846098,0.536183894,0.947884500,0.969133735,-1.631581783,0.714030027,-0.359372675,-0.876767457,1.190253973,1.208832264,-0.482543081,-0.513180435,-1.125334382
351,7020.014,1786879888830.485,14676648.421,0.000000000,-1.871576071,0.028676448,-0.404270351,1.920161724,-0.278700352,-0.082507402,-0.645592690,-0.488542974,0.080078885,1.236256003,-0.528506458,0.251816988,-1.232851148,0.440675467,0.458132476,1.682695389,1.468602896,0.545824051,0.910980403,0.906372011,-1.631165624,0.708034456,-0.255164921,-0.692318082,1.146375418,1.134359121,-0.544796467,-0.506207943,-1.146407604
352,7039.999,1786879888850.470,14676668.406,0.000000000,-1.895889163,0.071327314,-0.372511774,1.855794549,-0.205624059,-0.097209074,-0.771407723,-0.464530230,0.070960179,1.175372958,-0.641341627,0.249041229,-1.287718654,0.410853803,0.419535726,1.786637783,1.486713171,0.569405019,0.874787807,0.867592633,-1.581612468,0.690931141,-0.147711590,-0.501463592,1.096637845,1.069292903,-0.604282916,-0.503394961,-1.171194077
353,7060.004,1786879888870.475,14676688.410,0.000000000,-1.902357817,0.105872363,-0.337806612,1.791617393,-0.152224869,-0.109655023,-0.858970225,-0.443864733,0.066254482,1.131915092,-0.722214878,0.247627378,-1.320762157,0.388336390,0.398105413,1.827365994,1.515528679,0.573511958,0.872722387,0.841917396,-1.539957523,0.675497770,-0.055649769,-0.356631666,1.006237388,1.062128425,-0.581007481,-0.478046775,-1.177938104
354,7080.003,1786879888890.474,14676708.409,0.000000000,-1.898581386,0.165807277,-0.277661085,1.694078326,-0.084364600,-0.130690649,-0.987147570,-0.408273190,0.082309380,1.087797284,-0.806511223,0.246851951,-1.340610504,0.362846255,0.371757597,1.847745895,1.568343997,0.571349084,0.896889806,0.802573264,-1.498808265,0.648871362,0.044800617,-0.191032305,0.821314037,1.097541571,-0.484681576,-0.394475549,-1.164140224
355,7099.998,1786879888910.469,14676728.404,0.000000000,-1.858408213,0.233475253,-0.203869447,1.592355609,-0.032810729,-0.160952300,-1.133555174,-0.379336923,0.112753063,1.040035963,-0.844908476,0.244510189,-1.316627979,0.328955531,0.328086168,1.833987236,1.618938923,0.570315897,0.944869637,0.748504758,-1.481979370,0.622417986,0.092823252,-0.125974596,0.714898229,1.124838233,-0.461125106,-0.325039387,-1.137824059
356,7120.000,1786879888930.471,14676748.406,0.000000000,-1.782763124,0.307156831,-0.119054742,1.485842228,-0.021452211,-0.140799597,-1.277353287,-0.350755960,0.114749372,0.955642343,-0.820200026,0.236754775,-1.231979489,0.263417691,0.275918543,1.757134318,1.616249919,0.576369464,1.027654886,0.618305087,-1.533184528,0.629801810,0.141772062,-0.121600665,0.689376295,1.100203037,-0.444069654,-0.284655869,-1.094646931
357,7139.995,1786879888950.467,14676768.402,0.000000000,-1.682660341,0.370176226,-0.036255687,1.396037698,-0.015890583,-0.096897565,-1.415462971,-0.313898951,0.082061782,0.870094180,-0.752140641,0.227466941,-1.103873849,0.157273427,0.224570647,1.627020121,1.552211285,0.617958724,1.085258722,0.457801044,-1.602184653,0.655135930,0.201502711,-0.161235183,0.686513007,1.011079669,-0.418573201,-0.260276169,-1.024670839
358,7160.002,1786879888970.473,14676788.408,0.000000000,-1.601165891,0.401813120,0.010770144,1.334914923,0.004376665,-0.058252629,-1.539489508,-0.269138366,0.061747584,0.916028082,-0.752314210,0.218444750,-0.959159195,0.057466190,0.196219131,1.464072227,1.467748284,0.666776240,1.055349350,0.315740526,-1.625067353,0.681593716,0.263687789,-0.252535731,0.667022288,0.890664458,-0.394724369,-0.242069051,-0.942840755
359,7179.997,1786879888990.469,14676808.404,0.000000000,-1.570433736,0.442326486,0.001053758,1.285711646,-0.008074490,-0.033518147,-1.592860341,-0.208364367,0.056225337,0.999962986,-0.776007235,0.236755401,-0.780037045,0.012562232,0.191297710,1.284793854,1.362056732,0.677706420,1.029037833,0.227026716,-1.603418112,0.702795208,0.294954300,-0.382344812,0.615375698,0.808751225,-0.374636590,-0.228226721,-0.849781275
360,7199.991,1786879889010.462,14676828.397,0.000000000,-1.518005490,0.447603345,-0.001219501,1.228818893,-0.095717683,-0.034312755,-1.614624023,-0.164097026,0.006960736,0.991777420,-0.769336820,0.220731556,-0.598640680,-0.045941785,0.177163899,1.120476604,1.241724133,0.679227173,1.046174049,0.191305593,-1.528040648,0.722259462,0.285947770,-0.515572309,0.533260703,0.801319003,-0.341045827,-0.209579349,-0.751956463
361,7219.998,1786879889030.469,14676848.404,0.000000000,-1.452639222,0.411732972,-0.007270952,1.188112974,-0.179011017,-0.046326492,-1.610558987,-0.132762775,-0.066636257,0.956421912,-0.762657523,0.167790532,-0.427477777,-0.112802759,0.192161366,0.962701976,1.107439637,0.695993185,1.027561903,0.194505841,-1.293662071,0.741131067,0.246035114,-0.644100487,0.404293120,0.846158743,-0.298291504,-0.163900375,-0.662314475
362,7239.998,1786879889050.469,14676868.404,0.000000000,-1.395860791,0.356376529,-0.033505481,1.147709489,-0.226323679,-0.065496631,-1.576979756,-0.095387198,-0.145135045,0.897440612,-0.754921019,0.127144292,-0.267421663,-0.157980427,0.232556254,0.807762861,0.972327292,0.703529418,0.928929567,0.207867950,-0.901865900,0.742963970,0.172248021,-0.763724744,0.240484431,0.931365311,-0.248797640,-0.088001296,-0.589389145
363,7260.002,1786879889070.473,14676888.408,0.000000000,-1.342567325,0.285041094,-0.088018201,1.108530760,-0.252644241,-0.085550666,-1.524077892,-0.043516759,-0.203390718,0.838821948,-0.716911793,0.090980999,-0.125000000,-0.183728427,0.275349796,0.662492335,0.850929797,0.696034074,0.789257109,0.207746327,-0.495004803,0.722442269,0.057884131,-0.873336017,0.074892476,1.015538812,-0.203313097,0.028001640,-0.543060064
364,7280.000,1786879889090.472,14676908.407,0.000000000,-1.278491616,0.208572894,-0.162679255,1.105330944,-0.274840742,-0.098184712,-1.456040621,0.011800398,-0.240601584,0.801547229,-0.663212001,0.050940689,-0.005668219,-0.201173782,0.305970162,0.546133399,0.749446571,0.677916348,0.596749246,0.183218107,-0.082437605,0.695134401,-0.093519159,-0.967471719,-0.042742964,1.050627589,-0.175510824,0.190529883,-0.530968368
365,7300.003,1786879889110.475,14676928.410,0.000000000,-1.206479192,0.134342179,-0.238144666,1.105335951,-0.278687328,-0.126816183,-1.378641963,0.070006303,-0.271985561,0.793648124,-0.586282372,0.011967146,0.097431168,-0.201344728,0.312856138,0.454131782,0.671464741,0.646695197,0.367402673,0.142955467,0.316241145,0.672373772,-0.265209883,-1.037399292,-0.081486806,1.035305023,-0.172387719,0.347116590,-0.533934057
366,7320.004,1786879889130.475,14676948.410,0.000000000,-1.155572057,0.085352696,-0.291653603,1.105483651,-0.273184657,-0.150539592,-1.324289799,0.115748577,-0.296598554,0.806955874,-0.525464296,-0.010964464,0.165108368,-0.191768587,0.290326834,0.400248230,0.629758835,0.613252103,0.189354748,0.112310849,0.581771135,0.661485076,-0.393254727,-1.058770299,-0.074377969,1.007949471,-0.183523461,0.419282526,-0.537459016
367,7340.001,1786879889150.472,14676968.407,0.000000000,-1.087147355,0.036802158,-0.360119998,1.094565868,-0.250535369,-0.176971987,-1.259567738,0.179325104,-0.332253188,0.836644769,-0.469984114,-0.029959600,0.249266654,-0.172760606,0.230595797,0.348057717,0.586086214,0.559288740,-0.034859683,0.076905258,0.847181797,0.655912161,-0.554240406,-1.037193179,-0.047776151,0.983636677,-0.207216501,0.417390853,-0.542540371
368,7359.997,1786879889170.468,14676988.403,0.000000000,-1.013598084,0.003772208,-0.407974422,1.082583904,-0.204007819,-0.189665779,-1.208124876,0.239548564,-0.346616179,0.894854188,-0.436378211,-0.038950924,0.341114432,-0.154360369,0.162472621,0.297447592,0.550083399,0.497229904,-0.217363074,0.046798747,0.971821070,0.653224111,-0.714561522,-0.983494163,-0.013553670,1.006286621,-0.226958647,0.311269522,-0.537026048
369,7379.996,1786879889190.468,14677008.403,0.000000000,-0.949108243,-0.015556591,-0.413575470,1.075484157,-0.149538130,-0.191683710,-1.169677615,0.278423816,-0.348158866,0.973040581,-0.423303306,-0.037118938,0.421005875,-0.135500565,0.074815281,0.227137342,0.530599594,0.450340152,-0.284602404,0.023462979,1.094840050,0.646573901,-0.869554102,-0.868301630,0.008317124,1.153758764,-0.233797148,0.411992550,-0.651503801
370,7400.001,1786879889210.472,14677028.407,0.000000000,-0.901918888,-0.028891046,-0.416189492,1.054818749,-0.117747255,-0.184416220,-1.137575626,0.286337793,-0.357406944,1.054160118,-0.433071613,-0.021848153,0.488661587,-0.134607077,-0.027904412,0.221123576,0.452648997,0.458413452,-0.301392794,0.028052533,1.191614509,0.652362168,-0.834413290,-0.796273708,0.021325910,1.320059896,-0.251739919,0.557656825,-0.756624520
371,7420.002,1786879889230.474,14677048.409,0.000000000,-0.876220942,-0.050510377,-0.405330092,1.068170428,-0.100678019,-0.167187259,-1.114239693,0.276218265,-0.334302008,1.172798991,-0.438313901,0.000636211,0.561575890,-0.150544658,-0.102846749,0.267445594,0.361732394,0.488013983,-0.339639515,0.031279139,1.188432336,0.659798622,-0.711583793,-0.773077905,0.037794292,1.418931246,-0.270252973,0.574734092,-0.765551090
372,7439.997,1786879889250.469,14677068.404,0.000000000,-0.833947957,-0.139935642,-0.388716877,1.032314062,-0.127808750,-0.143706888,-1.136247754,0.200633004,-0.261074662,1.288443804,-0.439775378,0.025289202,0.564915121,-0.227987006,-0.146739587,0.326294005,0.289761901,0.530174315,-0.367752463,0.027956018,1.084827304,0.652122736,-0.574180365,-0.761356294,0.020377329,1.475366354,-0.286614984,0.548368335,-0.740668416
373,7459.998,1786879889270.469,14677088.404,0.000000000,-0.187568605,-0.020352995,-0.082760498,0.234281510,-0.116889678,-0.019269757,-0.227978691,0.002821122,0.015227150,0.318456173,-0.122094050,0.006757375,0.049388297,-0.015160883,-0.081212133,0.001469352,-0.004398982,0.005053603,-0.020526428,-0.008650501,-0.001843372,0.024472574,-0.027885238,-0.022709837,0.015557525,0.058202472,-0.059034947,-0.032497946,-0.054591939
374,7479.997,1786879889290.469,14677108.404,0.000000000,-0.320930660,-0.039088350,-0.125244796,0.459221393,-0.154436201,-0.052773967,-0.420990527,0.040557165,0.093598269,0.588566601,-0.140280306,-0.005639230,0.218812719,-0.074855275,-0.058927830,-0.041791122,-0.022241922,0.027841799,-0.061465502,-0.000991732,-0.007862551,0.064341396,-0.128298044,-0.077235036,0.011705035,0.208401054,-0.144162357,-0.081068173,-0.149737626
375,7500.001,1786879889310.472,14677128.407,0.000000000,-0.407755762,-0.038110338,-0.107475959,0.587942243,-0.184775576,-0.071510442,-0.570456624,0.072163805,0.110417128,0.751515806,-0.138443395,-0.020134207,0.441509694,-0.166115478,-0.037431814,-0.065519996,-0.041572578,0.051607262,-0.095431730,0.010798154,-0.023090396,0.090713613,-0.226512939,-0.130688727,-0.009316470,0.417268395,-0.187402248,-0.108832434,-0.192375004
376,7520.002,1786879889330.474,14677148.409,0.000000000,-0.445884973,-0.015400914,-0.090333343,0.662820578,-0.263229519,-0.089551330,-0.673750937,0.104711056,0.043024495,0.854149640,-0.149492130,-0.023483394,0.669716477,-0.241782442,-0.029000884,-0.050123062,-0.052619606,0.066986725,-0.127971038,0.024360491,-0.033076964,0.109344989,-0.299480885,-0.162843645,-0.041388456,0.640194237,-0.209332362,-0.109949425,-0.196074873
377,7540.008,1786879889350.479,14677168.414,0.000000000,-0.421863914,0.008526043,-0.051197566,0.679601133,-0.366498560,-0.101566002,-0.708500981,0.143450871,0.012185262,0.888963044,-0.176371023,-0.036035396,0.891473532,-0.297071129,0.001750750,-0.013994315,-0.044789199,0.081980854,-0.172590271,0.060222954,-0.022572407,0.128366336,-0.351076186,-0.164779037,-0.091736771,0.838580430,-0.224820927,-0.099909082,-0.188849941
378,7560.003,1786879889370.474,14677188.409,0.000000000,-0.370701671,0.019212930,0.007243215,0.660903394,-0.447467297,-0.098556399,-0.699837923,0.163540468,0.024450058,0.894183517,-0.244529307,-0.074586675,1.043791652,-0.311232418,0.039351009,0.032404672,-0.047872942,0.099297352,-0.225611091,0.101800747,-0.002235032,0.146035075,-0.379949659,-0.157483563,-0.128205046,0.958564699,-0.229034528,-0.088718295,-0.184776232
379,7580.000,1786879889390.472,14677208.407,0.000000000,-0.299189597,0.015961617,0.098484255,0.633874714,-0.541581273,-0.086324126,-0.670693278,0.173797920,0.057561938,0.904324055,-0.371132344,-0.129081488,1.197329521,-0.283288270,0.088392086,0.095606752,-0.053892341,0.129377350,-0.301943570,0.161046624,0.038747016,0.168329656,-0.402774751,-0.150924787,-0.153176561,1.066875815,-0.219512045,-0.073647797,-0.181506529
380,7599.996,1786879889410.468,14677228.403,0.000000000,-0.252312332,-0.010820487,0.184758723,0.668072939,-0.582880497,-0.078750350,-0.641158223,0.185305670,0.139490083,0.949051797,-0.465547562,-0.177232072,1.305279851,-0.204377025,0.148095280,0.136968166,-0.048817206,0.161776319,-0.360930145,0.210754186,0.078726612,0.182698369,-0.411853045,-0.153671771,-0.157228366,1.124872565,-0.191646159,-0.070929296,-0.168897986
381,7619.997,1786879889430.469,14677248.403,0.000000000,-0.222363889,-0.007171252,0.264025658,0.704097688,-0.608127534,-0.082771778,-0.642478466,0.227747902,0.210651010,1.005631566,-0.466462106,-0.188950777,1.389832616,-0.112800263,0.148193479,0.191309944,-0.045157190,0.187143013,-0.407231510,0.255936503,0.108920939,0.191617429,-0.390711367,-0.150068402,-0.166186437,1.167069197,-0.162450120,-0.086311065,-0.136216581
382,7640.000,1786879889450.471,14677268.406,0.000000000,-0.221940413,0.010658620,0.319195449,0.724702299,-0.611031711,-0.089048073,-0.656325042,0.286518425,0.275568545,1.011840105,-0.433689296,-0.179369137,1.455529094,-0.057648413,0.111394666,0.243723422,-0.040069081,0.210287109,-0.451480180,0.304911435,0.125616208,0.204523847,-0.358317107,-0.131107360,-0.197496489,1.214664459,-0.164006427,-0.111529820,-0.087049745
383,7660.001,1786879889470.473,14677288.408,0.000000000,-0.242138743,0.026208142,0.352384955,0.735260904,-0.568766415,-0.093209870,-0.667649508,0.358371258,0.361399144,0.967830241,-0.370245695,-0.165139601,1.523044825,-0.030358894,0.083297275,0.276788920,-0.054802153,0.231479272,-0.482158452,0.360856712,0.124178164,0.229954839,-0.334545046,-0.107867748,-0.249805748,1.260000706,-0.188811392,-0.130006850,-0.033084545
384,7679.996,1786879889490.468,14677308.403,0.000000000,-0.268140614,0.027408909,0.346827477,0.753371298,-0.481168300,-0.091524929,-0.650453269,0.422713816,0.464228988,0.886654615,-0.289618522,-0.147853762,1.567698002,0.001131642,0.077703193,0.282719940,-0.058173630,0.237226397,-0.486289054,0.404645771,0.121829383,0.267775804,-0.329847097,-0.091528326,-0.310167581,1.294107080,-0.239982232,-0.137240872,0.014552742
385,7699.995,1786879889510.466,14677328.401,0.000000000,-0.267459422,-0.001255785,0.284420311,0.777564883,-0.311213732,-0.114598863,-0.584540129,0.457822561,0.563462138,0.778387487,-0.204231888,-0.129225731,1.538967609,0.061639555,0.080053948,0.285282761,-0.055085603,0.244903937,-0.483680993,0.420921504,0.121644609,0.295989782,-0.345693171,-0.080883823,-0.349474043,1.313685060,-0.312787563,-0.138674259,0.058707871
386,7719.998,1786879889530.469,14677348.404,0.000000000,-0.256112784,-0.070430361,0.178534225,0.771309793,-0.198839515,-0.142887652,-0.514044166,0.455070376,0.653843343,0.656833470,-0.124203891,-0.116965935,1.439269662,0.106075346,0.091455698,0.284514636,-0.052307989,0.246587306,-0.495776713,0.413697213,0.120779477,0.308053315,-0.364262134,-0.069700100,-0.356091201,1.305303454,-0.399755567,-0.144982666,0.106318682
387,7740.000,1786879889550.471,14677368.406,0.000000000,-0.215063334,-0.121949054,0.085997701,0.726913273,-0.125624523,-0.194393292,-0.488161653,0.452986717,0.656966448,0.651813209,-0.132952064,-0.122048162,1.338825583,0.147536546,0.076279521,0.267756194,-0.048439208,0.205465332,-0.508198202,0.390167594,0.113958575,0.298714459,-0.360273927,-0.074847147,-0.353125960,1.271809459,-0.481589407,-0.162712842,0.150574595
388,7759.999,1786879889570.470,14677388.405,0.000000000,-0.185178816,-0.134228796,0.027142901,0.688234866,-0.120979019,-0.215284124,-0.519617856,0.402626783,0.516126454,0.735594273,-0.178478107,-0.116316855,1.286049128,0.180027932,0.021998910,0.209611624,-0.049856056,0.100426473,-0.489659309,0.359840244,0.094050378,0.258717805,-0.318559885,-0.114719652,-0.354254186,1.220067501,-0.533227682,-0.183757782,0.177333847
389,7780.009,1786879889590.480,14677408.415,0.000000000,-0.157108113,-0.123210020,0.001588223,0.674543440,-0.143555671,-0.218923375,-0.538934350,0.302126825,0.372893095,0.816285968,-0.226480141,-0.106379181,1.269137740,0.208011791,-0.045874931,0.137395442,-0.055081598,-0.049095325,-0.439445198,0.344096035,0.058382712,0.211180419,-0.269404829,-0.179979205,-0.358226120,1.177762151,-0.540695846,-0.193703547,0.184758171
390,7800.003,1786879889610.474,14677428.409,0.000000000,-0.112811446,-0.114662543,-0.002829987,0.665979922,-0.116317831,-0.217487901,-0.528665185,0.196582705,0.308193356,0.836183906,-0.273160338,-0.102602050,1.240303516,0.231495082,-0.093356751,0.088103600,-0.039034564,-0.193815067,-0.401090205,0.343661726,0.017290236,0.171768650,-0.257946193,-0.241581351,-0.349358112,1.162441254,-0.500269771,-0.190801993,0.181338906
391,7820.002,1786879889630.474,14677448.409,0.000000000,-0.059575915,-0.119160496,-0.001563733,0.654175520,-0.014139338,-0.212951392,-0.518664777,0.125893056,0.271523386,0.825107038,-0.355051398,-0.089252390,1.185604334,0.256694645,-0.100087285,0.063275240,-0.028824072,-0.268546671,-0.395451218,0.345188618,-0.013071077,0.148800567,-0.290073425,-0.275642216,-0.323030978,1.157135129,-0.449586540,-0.184587374,0.176879555
392,7839.999,1786879889650.470,14677468.405,0.000000000,0.026668053,-0.133262917,-0.006079738,0.613365650,0.057996102,-0.181797400,-0.529956341,0.049601577,0.191673353,0.816945255,-0.454472184,-0.084842250,1.041697383,0.296355277,-0.069466077,0.033103742,-0.012460875,-0.309144855,-0.411676139,0.336790919,-0.051093295,0.130798131,-0.384799272,-0.290250719,-0.260215610,1.131094456,-0.376682043,-0.178323612,0.172177434
393,7859.998,1786879889670.469,14677488.404,0.000000000,0.082973368,-0.144819379,-0.022800801,0.568720639,-0.042940944,-0.121117115,-0.563536286,0.004902512,0.117703818,0.844823837,-0.520798564,-0.060634471,0.829331458,0.329553455,-0.004961388,-0.028057726,0.012918529,-0.295214355,-0.418026298,0.307593346,-0.081155770,0.117594771,-0.496921599,-0.279109597,-0.183101282,1.065897107,-0.317989528,-0.186829567,0.163786381
394,7879.997,1786879889690.469,14677508.404,0.000000000,0.091824725,-0.133651629,-0.062630355,0.586719096,-0.104632795,-0.061521120,-0.579844475,-0.009231659,0.067738056,0.882353902,-0.531729639,-0.031478524,0.596994996,0.379809499,0.050374068,-0.122568972,0.055812798,-0.273746818,-0.380804241,0.282002419,-0.099694319,0.102114730,-0.572638214,-0.289205372,-0.117605306,0.984171450,-0.292503983,-0.217357695,0.145797372
395,7900.002,1786879889710.473,14677528.408,0.000000000,0.046178740,-0.144059896,-0.092066780,0.658505857,-0.072469570,-0.047201343,-0.595629811,-0.022926059,0.046846140,0.890164852,-0.528534651,-0.007505731,0.451845139,0.415968716,0.060186118,-0.238430709,0.104013503,-0.280061990,-0.284813017,0.290359437,-0.110345215,0.076286100,-0.579107583,-0.351691067,-0.095276073,0.906841516,-0.279529810,-0.246453851,0.112337530
396,7920.001,1786879889730.472,14677548.407,0.000000000,-0.047239188,-0.180983663,-0.096673124,0.780174494,-0.041090041,-0.072612323,-0.625734508,-0.031909652,0.056765858,0.883262813,-0.524859726,0.001172993,0.377983868,0.433908910,0.022907900,-0.335343927,0.146589264,-0.290146649,-0.175990060,0.332682341,-0.125252157,0.047680315,-0.551919281,-0.446877837,-0.103590429,0.852115870,-0.274696946,-0.251915842,0.067969374
397,7939.997,1786879889750.468,14677568.403,0.000000000,-0.124598928,-0.218044177,-0.086997524,0.911761522,-0.147648484,-0.069588773,-0.628125131,-0.039079841,0.086986274,0.873086751,-0.522261918,0.010874223,0.330280542,0.445853621,0.008658666,-0.418958038,0.182170555,-0.287137419,-0.074223042,0.391363531,-0.148017600,0.028876904,-0.520644665,-0.560853004,-0.128923535,0.817333996,-0.277462810,-0.234822631,0.016091255
398,7959.996,1786879889770.468,14677588.402,0.000000000,-0.159754634,-0.230341062,-0.068281077,1.008254886,-0.257924408,-0.048250295,-0.593285799,-0.052346759,0.121739402,0.886270940,-0.522704065,0.020376336,0.273387015,0.447772384,0.051824950,-0.503429890,0.218078181,-0.270337224,0.019093273,0.441033870,-0.170409322,0.026198396,-0.491428435,-0.678952575,-0.152691185,0.798758209,-0.286774367,-0.203215301,-0.043534648
399,7979.998,1786879889790.469,14677608.404,0.000000000,-0.176412150,-0.196747571,-0.027582752,1.070205092,-0.325938970,-0.026061876,-0.579214692,-0.069428936,0.133956403,0.984012067,-0.491713166,0.023696421,0.223117054,0.424007207,0.121160612,-0.596220493,0.259265542,-0.254277527,0.110230707,0.460739821,-0.180996642,0.040206399,-0.444440693,-0.778822124,-0.166987479,0.787640214,-0.290776402,-0.165033355,-0.112510934
400,7999.998,1786879889810.470,14677628.405,0.000000000,-0.199205935,-0.127686724,0.003585386,1.111350298,-0.368654788,-0.015240462,-0.622083306,-0.085709423,0.109690167,1.159036636,-0.371800452,0.050522413,0.191352993,0.380710363,0.173760861,-0.678977907,0.303806663,-0.239971250,0.194906607,0.462159306,-0.180369064,0.068040140,-0.380030036,-0.839798808,-0.165825099,0.774072886,-0.289741337,-0.126623869,-0.174849436
401,8020.001,1786879889830.472,14677648.407,0.000000000,-0.227708533,-0.034117226,-0.010195879,1.146143913,-0.416125447,-0.007429003,-0.685601652,-0.076963365,0.060244374,1.319804907,-0.292088270,0.040233154,0.156851381,0.336114883,0.200045213,-0.731641293,0.360359490,-0.220580801,0.262913108,0.455224931,-0.176208273,0.107906543,-0.322749883,-0.857756793,-0.129925549,0.739345968,-0.287094802,-0.092909202,-0.223038375
402,8039.996,1786879889850.468,14677668.402,0.000000000,-0.253297865,0.059566632,-0.060952425,1.180186629,-0.461058080,-0.016226295,-0.742122173,-0.037053049,0.000245922,1.394408226,-0.391400278,-0.009447593,0.118541524,0.287136286,0.208009735,-0.754323125,0.432700098,-0.193160966,0.315689683,0.449464023,-0.175568476,0.155667216,-0.288533002,-0.852859497,-0.059206422,0.680691719,-0.285297573,-0.078397982,-0.260609418
403,8060.004,1786879889870.476,14677688.411,0.000000000,-0.255731910,0.139193490,-0.106924213,1.207005620,-0.468152493,-0.042992000,-0.784023583,-0.003332949,-0.061540160,1.382231355,-0.507271469,-0.061886601,0.082568116,0.232333526,0.222457454,-0.764717460,0.510976374,-0.163931131,0.360948652,0.448983073,-0.175987333,0.201289296,-0.279368043,-0.849543631,0.015575604,0.617112637,-0.284900218,-0.088014632,-0.294327646
404,8080.006,1786879889890.478,14677708.413,0.000000000,-0.253203571,0.188575715,-0.129670635,1.226782680,-0.481575549,-0.070095152,-0.805332720,0.005337243,-0.102199972,1.330293059,-0.522055566,-0.098819263,0.055598583,0.191041559,0.234764338,-0.770093024,0.566183209,-0.147029832,0.389912188,0.451691717,-0.175921038,0.228563786,-0.282010347,-0.852909029,0.057995986,0.575519860,-0.291507959,-0.104480587,-0.319947928
405,8100.005,1786879889910.476,14677728.411,0.000000000,-0.261355072,0.230914444,-0.145400092,1.264721990,-0.525237858,-0.107750073,-0.807033718,-0.016578700,-0.129705086,1.247164726,-0.403681189,-0.132025272,0.022001203,0.135815009,0.250310034,-0.782424033,0.619875789,-0.141920477,0.421240330,0.457341462,-0.175795212,0.252830565,-0.280715048,-0.869531989,0.087539464,0.532148361,-0.315333635,-0.122347906,-0.355427265
406,8120.001,1786879889930.472,14677748.407,0.000000000,-0.288482070,0.282005906,-0.162092254,1.310927510,-0.566831470,-0.133404240,-0.771166563,-0.023740526,-0.157136068,1.292170763,-0.537459552,-0.138605818,0.004126016,0.128137872,0.277039438,-0.793305635,0.634915888,-0.149064779,0.436036736,0.457916439,-0.178521067,0.271696061,-0.277822584,-0.907578170,0.092634201,0.503613949,-0.349454641,-0.124931477,-0.387072384
407,8140.002,1786879889950.473,14677768.408,0.000000000,-0.330380857,0.310079634,-0.192930922,1.333701730,-0.603004694,-0.135819480,-0.754288137,-0.008254868,-0.160080969,1.363093376,-0.630582035,-0.138801977,0.004359629,0.156526119,0.309657514,-0.789011419,0.629191518,-0.161816627,0.429837614,0.460492194,-0.190077186,0.287308663,-0.283401638,-0.952198446,0.088897765,0.486642718,-0.388635784,-0.114173144,-0.411062300
408,8160.003,1786879889970.474,14677788.409,0.000000000,-0.369685680,0.304547668,-0.211275384,1.383147240,-0.647184134,-0.129374057,-0.755174994,0.004809268,-0.140382275,1.417294025,-0.668876648,-0.136924520,0.032801032,0.186742947,0.323161095,-0.766427100,0.608619094,-0.175440162,0.409647316,0.472389400,-0.207277611,0.292712897,-0.282985598,-0.983676016,0.075754136,0.477468878,-0.430522799,-0.099514917,-0.422524780
409,8180.005,1786879889990.476,14677808.411,0.000000000,-0.413267851,0.284710288,-0.212694123,1.418321133,-0.680833220,-0.114652388,-0.758122504,0.007948067,-0.112167649,1.437783241,-0.686403930,-0.130689248,0.065245256,0.209933266,0.317056984,-0.726473927,0.587693512,-0.181473017,0.375158846,0.492598146,-0.223145768,0.287468642,-0.279818565,-0.984909534,0.054867949,0.470313460,-0.474309921,-0.086930685,-0.421750546
410,8200.003,1786879890010.474,14677828.409,0.000000000,-0.454893291,0.260634810,-0.204274267,1.418002009,-0.694401562,-0.091323562,-0.743530035,-0.007325211,-0.091753922,1.434091926,-0.692431569,-0.121800557,0.082581341,0.222214073,0.320381343,-0.690567076,0.584563792,-0.182647854,0.326449931,0.509777486,-0.234103456,0.270690709,-0.274399579,-0.962169468,0.029962525,0.450449556,-0.517374873,-0.075563751,-0.411878347
411,8219.999,1786879890030.470,14677848.405,0.000000000,-0.489399195,0.235511735,-0.180723712,1.401268244,-0.686606765,-0.072143048,-0.717840314,-0.035712395,-0.076155894,1.421056509,-0.691526890,-0.111975707,0.090967007,0.217289075,0.334393770,-0.671917856,0.610136747,-0.181940138,0.275171787,0.514604092,-0.245767102,0.250237346,-0.275858313,-0.925086677,0.014458230,0.422292382,-0.560533762,-0.067686558,-0.394083112
412,8240.001,1786879890050.472,14677868.407,0.000000000,-0.526859641,0.215919614,-0.149427339,1.363523364,-0.651908398,-0.062607929,-0.697955728,-0.066696309,-0.069159977,1.411703348,-0.677097380,-0.101196989,0.095972650,0.205801368,0.345151067,-0.676058233,0.655262947,-0.176607177,0.244017571,0.505863845,-0.263385177,0.239749178,-0.292237997,-0.886194527,0.012209011,0.394886374,-0.604301751,-0.067812897,-0.373786509
413,8259.999,1786879890070.470,14677888.406,0.000000000,-0.557712615,0.201405123,-0.123612836,1.306792736,-0.599656641,-0.059601810,-0.686686695,-0.088702440,-0.065625079,1.429413319,-0.620634079,-0.084221020,0.097451426,0.202173173,0.362327069,-0.707579434,0.702077746,-0.169312209,0.238679484,0.492690176,-0.275607377,0.240900964,-0.321916640,-0.858580291,0.017798571,0.370864272,-0.639665008,-0.075475052,-0.362231940
414,8280.002,1786879890090.473,14677908.408,0.000000000,-0.574150741,0.178135157,-0.108534269,1.274930835,-0.581981182,-0.084423095,-0.688869298,-0.111611910,-0.059492748,1.486436367,-0.517009318,-0.064225577,0.096583210,0.197921380,0.383893102,-0.760748208,0.739091277,-0.167141363,0.256481379,0.482549578,-0.278413415,0.252783716,-0.358122081,-0.844626486,0.032462180,0.357089907,-0.658979833,-0.088390216,-0.361651480
415,8300.004,1786879890110.475,14677928.410,0.000000000,-0.582755625,0.158932224,-0.107834809,1.256211877,-0.514042139,-0.114275075,-0.699208736,-0.125996292,-0.054453183,1.555242777,-0.383548856,-0.040346850,0.089020483,0.197318718,0.396197587,-0.817557752,0.762876630,-0.170054138,0.288204819,0.478880197,-0.275189251,0.275284052,-0.396643490,-0.841012537,0.061817393,0.354104638,-0.663920760,-0.098850831,-0.368397087
416,8320.003,1786879890130.474,14677948.409,0.000000000,-0.582897544,0.150022149,-0.124284782,1.281629801,-0.492525190,-0.159413755,-0.712448955,-0.122510955,-0.056944586,1.583430290,-0.392088294,-0.028599335,0.084694669,0.192931682,0.395135820,-0.862696886,0.782162428,-0.175013810,0.316137224,0.478504807,-0.269727290,0.308420002,-0.434760749,-0.839193463,0.102737203,0.352966785,-0.660973907,-0.104437239,-0.381106287
417,8340.001,1786879890150.473,14677968.408,0.000000000,-0.580289245,0.143385127,-0.135887995,1.285524368,-0.482033104,-0.193082526,-0.725085020,-0.117129296,-0.073172152,1.561172605,-0.450149119,-0.029310087,0.081710346,0.183314472,0.389873624,-0.885604262,0.797748744,-0.176925749,0.327221543,0.478413910,-0.265837520,0.335878521,-0.461938679,-0.837632120,0.132630914,0.349473327,-0.655010819,-0.110989973,-0.391041100
418,8360.004,1786879890170.475,14677988.410,0.000000000,-0.574699759,0.130506173,-0.150217339,1.281453729,-0.481804043,-0.216889456,-0.741893113,-0.109745465,-0.105136387,1.502410769,-0.502473474,-0.041587859,0.075563975,0.165340364,0.385675669,-0.906157613,0.817368507,-0.177346677,0.326370180,0.478393018,-0.259139627,0.367271602,-0.490475327,-0.833905220,0.157202795,0.342581600,-0.645241082,-0.125853360,-0.402195126
419,8380.001,1786879890190.472,14678008.407,0.000000000,-0.567901552,0.116171055,-0.164335519,1.277592182,-0.490205169,-0.221413225,-0.757400692,-0.098491855,-0.138474390,1.434386730,-0.512346804,-0.064298846,0.067326635,0.146933630,0.387806714,-0.918176949,0.835252881,-0.177408740,0.306957364,0.478871077,-0.250389904,0.391481519,-0.510119200,-0.826765120,0.162815496,0.335614502,-0.636877358,-0.142293051,-0.410775632
420,8399.998,1786879890210.469,14678028.404,0.000000000,-0.559585750,0.101272322,-0.177483141,1.277258873,-0.502862155,-0.223479107,-0.769024432,-0.085621513,-0.163697451,1.362687588,-0.471842438,-0.084150121,0.058874950,0.130534947,0.393013567,-0.921438336,0.849032164,-0.177478880,0.273277193,0.480016828,-0.244021297,0.412260592,-0.523408771,-0.819094837,0.160553738,0.331347585,-0.631290495,-0.154683530,-0.415589720
421,8420.000,1786879890230.471,14678048.406,0.000000000,-0.551262140,0.083450675,-0.181361631,1.284813166,-0.517441452,-0.221950725,-0.772421062,-0.083926477,-0.177966312,1.287569404,-0.349476516,-0.092933074,0.051989358,0.111322939,0.398107320,-0.921591699,0.856025338,-0.179430589,0.238281786,0.480284840,-0.244034380,0.433947325,-0.532207966,-0.812561512,0.154263824,0.329542577,-0.630723417,-0.162851155,-0.414831847
422,8440.003,1786879890250.474,14678068.409,0.000000000,-0.542642415,0.076712109,-0.179851249,1.303830624,-0.539984345,-0.209881589,-0.760841548,-0.093192667,-0.183069229,1.296518445,-0.353017122,-0.117195860,0.044578753,0.107790418,0.405321866,-0.917506993,0.852187455,-0.182614401,0.210118532,0.478862286,-0.249020383,0.457845747,-0.540136933,-0.814167202,0.147378951,0.330718368,-0.630795419,-0.169227794,-0.409085095
423,8460.003,1786879890270.475,14678088.410,0.000000000,-0.533004582,0.083668433,-0.178441271,1.318952918,-0.570346594,-0.188715398,-0.744434297,-0.097409919,-0.190478593,1.317114115,-0.392286450,-0.128440514,0.045257479,0.122393250,0.412552059,-0.906761825,0.839917898,-0.184749708,0.190005228,0.476979434,-0.255819261,0.478302896,-0.548229754,-0.818300068,0.136769414,0.335405082,-0.630998552,-0.174542040,-0.399188757
424,8480.001,1786879890290.472,14678108.407,0.000000000,-0.525330305,0.084966108,-0.168494061,1.321735382,-0.600224137,-0.168761283,-0.736703992,-0.103762127,-0.188500866,1.331891418,-0.436772108,-0.133395046,0.059619196,0.126061887,0.409855962,-0.894032836,0.829371810,-0.189885169,0.173267782,0.479117393,-0.258229554,0.488339394,-0.549695373,-0.818301022,0.123289503,0.338967472,-0.631245434,-0.176785842,-0.386534750
425,8500.000,1786879890310.472,14678128.407,0.000000000,-0.524527609,0.085515276,-0.150058091,1.325768113,-0.617303729,-0.156764299,-0.732382119,-0.113549814,-0.183337808,1.342646241,-0.484251678,-0.137765333,0.078927509,0.119956113,0.404347360,-0.885998666,0.826546848,-0.196607307,0.163459465,0.479492009,-0.260384798,0.490513951,-0.549838960,-0.818527341,0.111964405,0.341548711,-0.631576419,-0.178157806,-0.373324186
426,8520.000,1786879890330.471,14678148.406,0.000000000,-0.527961433,0.086821243,-0.134219304,1.334055662,-0.624183714,-0.150839433,-0.725683749,-0.124511041,-0.182274923,1.350316525,-0.527704716,-0.143428653,0.095825151,0.112131163,0.402947277,-0.884543657,0.829065263,-0.199050099,0.159440205,0.477045268,-0.262813032,0.488480806,-0.550192416,-0.820839107,0.100725792,0.338783294,-0.631920516,-0.178684965,-0.360360771
427,8540.003,1786879890350.474,14678168.410,0.000000000,-0.535494924,0.086876854,-0.126386628,1.344891906,-0.624566734,-0.148530900,-0.721141756,-0.134928644,-0.184750542,1.359303117,-0.558632016,-0.148773581,0.109072395,0.104907840,0.403502584,-0.886755109,0.837090611,-0.197777808,0.157223940,0.474005103,-0.263247877,0.486191541,-0.552397728,-0.824930072,0.089764297,0.332495451,-0.632275164,-0.180198550,-0.349479288
428,8560.005,1786879890370.477,14678188.411,0.000000000,-0.544280350,0.086939298,-0.129489899,1.357008457,-0.621977687,-0.147035301,-0.716122448,-0.145712227,-0.196679771,1.369255900,-0.573170662,-0.152778000,0.118457317,0.103874646,0.405618936,-0.889608443,0.846371889,-0.192520380,0.154381663,0.473282069,-0.262351215,0.484295696,-0.557337284,-0.830751777,0.078415312,0.328763425,-0.633525074,-0.184459224,-0.342243731
429,8580.005,1786879890390.476,14678208.411,0.000000000,-0.552949369,0.085798457,-0.139191911,1.366380215,-0.618861198,-0.144874007,-0.708031893,-0.154955029,-0.212402657,1.373854041,-0.584648669,-0.154421315,0.126662493,0.105719723,0.405827492,-0.892975509,0.855374098,-0.186484054,0.149721637,0.473192275,-0.260680556,0.483383030,-0.560737431,-0.836656213,0.067117706,0.328818798,-0.636886060,-0.189069971,-0.339325935
430,8600.007,1786879890410.478,14678228.413,0.000000000,-0.557451606,0.083915032,-0.147153214,1.370109320,-0.617188096,-0.142426103,-0.699917972,-0.161874026,-0.224331200,1.374828815,-0.592849314,-0.154549405,0.132167324,0.106514670,0.405664980,-0.896507502,0.862469137,-0.182347834,0.145153508,0.473101974,-0.259966671,0.483331650,-0.561808228,-0.840918481,0.059768606,0.331159472,-0.640486002,-0.192302212,-0.338421524
431,8619.997,1786879890430.469,14678248.404,0.000000000,-0.560603261,0.081436247,-0.155567601,1.371644378,-0.616105318,-0.139041156,-0.687452137,-0.171110645,-0.238772780,1.374729991,-0.603307247,-0.153049901,0.138307825,0.106003389,0.404594332,-0.902318418,0.871282637,-0.177510083,0.140120938,0.472643375,-0.260581791,0.485173255,-0.562570810,-0.846397817,0.053158943,0.337268770,-0.645972729,-0.195640698,-0.336155951
432,8639.999,1786879890450.470,14678268.405,0.000000000,-0.561281860,0.080325834,-0.159575269,1.370484710,-0.616132557,-0.136810705,-0.675274909,-0.179323465,-0.249572635,1.374763250,-0.612744987,-0.149391815,0.144022182,0.103865802,0.401617080,-0.908299685,0.878099263,-0.174133062,0.140510827,0.470817387,-0.262897611,0.491535574,-0.563196957,-0.851516426,0.051226139,0.343138546,-0.651251733,-0.196300015,-0.331647456
433,8659.999,1786879890470.470,14678288.405,0.000000000,-0.560312092,0.079525284,-0.160501465,1.368844628,-0.615573168,-0.135740727,-0.663818479,-0.186076403,-0.255964756,1.375910401,-0.620807946,-0.145161971,0.148728192,0.100658342,0.398694456,-0.913428426,0.884109616,-0.172176152,0.145505711,0.466076553,-0.265992552,0.501224399,-0.565106153,-0.856200099,0.051202595,0.345135748,-0.654410958,-0.196343929,-0.325453907
434,8679.998,1786879890490.469,14678308.404,0.000000000,-0.558356106,0.078126781,-0.159368291,1.368384838,-0.612754643,-0.135335535,-0.651244581,-0.189956442,-0.256046474,1.376374006,-0.631076992,-0.139300451,0.150867119,0.096249551,0.397838056,-0.917636812,0.890008211,-0.171307579,0.154051051,0.458249152,-0.268620491,0.512079179,-0.569400847,-0.860747755,0.051905889,0.343897671,-0.655497074,-0.196561545,-0.320616424
435,8700.001,1786879890510.472,14678328.407,0.000000000,-0.557121098,0.074722797,-0.156135991,1.368261814,-0.608199298,-0.135144547,-0.640707195,-0.197254896,-0.255928785,1.379521132,-0.639810443,-0.135627851,0.151704490,0.089532822,0.397447407,-0.920530200,0.895204961,-0.170913130,0.162812009,0.449474752,-0.269433379,0.521765530,-0.574050844,-0.866154671,0.052277178,0.340358555,-0.655794382,-0.197791666,-0.318914294
436,8720.003,1786879890530.474,14678348.409,0.000000000,-0.557321489,0.072763108,-0.154106408,1.369146824,-0.604051173,-0.135132819,-0.632586718,-0.202607766,-0.256458908,1.382907391,-0.644375682,-0.132004604,0.153198957,0.084485143,0.396884441,-0.920975447,0.900283933,-0.169849977,0.168063611,0.440589637,-0.269319296,0.530081868,-0.579991519,-0.872571945,0.052346546,0.336339533,-0.655832946,-0.200408787,-0.319108367
437,8739.999,1786879890550.470,14678368.405,0.000000000,-0.560380042,0.070800282,-0.154171288,1.370170832,-0.600726783,-0.135013103,-0.625048995,-0.204115868,-0.255480140,1.381682992,-0.652808309,-0.128257096,0.154220000,0.080089681,0.395478487,-0.921016574,0.905356169,-0.169559419,0.169553801,0.431456566,-0.269107133,0.537331104,-0.586416960,-0.880293906,0.052433845,0.333681315,-0.655844271,-0.204404473,-0.320850700
438,8760.000,1786879890570.471,14678388.406,0.000000000,-0.563426495,0.070043646,-0.154776707,1.370805025,-0.599088490,-0.135180980,-0.618997157,-0.208354831,-0.260032505,1.382449031,-0.655658364,-0.125642881,0.155995652,0.077927545,0.395154774,-0.921047568,0.908403635,-0.169485703,0.169455215,0.422675699,-0.269127399,0.544210076,-0.593374789,-0.890043557,0.052604459,0.333186239,-0.655745268,-0.209265694,-0.323894382
439,8780.001,1786879890590.472,14678408.407,0.000000000,-0.567180037,0.069011629,-0.156076357,1.371120453,-0.597728133,-0.136502787,-0.614625573,-0.211379334,-0.263683826,1.382435203,-0.658103108,-0.122294895,0.158946425,0.075955808,0.394727588,-0.921060860,0.910714209,-0.169429109,0.167442352,0.416351378,-0.269118607,0.548755646,-0.599230230,-0.899675727,0.052663047,0.333302706,-0.655583143,-0.212983564,-0.327199906
440,8800.002,1786879890610.473,14678428.408,0.000000000,-0.571050823,0.066859394,-0.157955304,1.371465087,-0.596139073,-0.139009058,-0.610938311,-0.214658499,-0.267209440,1.382338524,-0.660941780,-0.119999871,0.162276208,0.073288605,0.394746721,-0.921066225,0.913523853,-0.169073597,0.162309960,0.412342072,-0.269096792,0.550664783,-0.604121208,-0.908405006,0.052662160,0.334379703,-0.655481935,-0.216085196,-0.330404103
441,8820.003,1786879890630.474,14678448.409,0.000000000,-0.574182153,0.064684138,-0.159587398,1.372017026,-0.594947517,-0.141957447,-0.607616186,-0.217577308,-0.270041794,1.382849097,-0.663274109,-0.117946103,0.165904894,0.070322901,0.395546228,-0.921045065,0.916588724,-0.167892009,0.155568779,0.408658504,-0.269213021,0.551187694,-0.608651996,-0.915571153,0.052651741,0.336275995,-0.655426323,-0.218477324,-0.332966924
442,8840.016,1786879890650.487,14678468.422,0.000000000,-0.578017771,0.062838629,-0.160990924,1.373333693,-0.593735337,-0.144786149,-0.605078459,-0.220078096,-0.272642225,1.383652329,-0.665352523,-0.115868010,0.168876663,0.067137510,0.396165401,-0.920835018,0.920058846,-0.164791673,0.148140371,0.405254215,-0.269411176,0.551253676,-0.612487972,-0.921128213,0.052602440,0.337341160,-0.655371428,-0.220058322,-0.334611803
443,8860.007,1786879890670.479,14678488.413,0.000000000,-0.581125677,0.061321538,-0.162609726,1.374611139,-0.593066871,-0.146478891,-0.602959275,-0.222012222,-0.275222152,1.384128451,-0.666858494,-0.114290230,0.170019329,0.064904444,0.396781594,-0.920804918,0.922825754,-0.161014512,0.142190501,0.402780145,-0.269483238,0.551266670,-0.615209162,-0.924462497,0.052549504,0.337785661,-0.655345678,-0.221362144,-0.335672170
444,8880.004,1786879890690.475,14678508.410,0.000000000,-0.585000753,0.058647677,-0.165131018,1.376504302,-0.592535675,-0.148406997,-0.599972963,-0.224931225,-0.278612763,1.385224104,-0.668861210,-0.111946113,0.170539141,0.061801165,0.397917449,-0.920988023,0.926609099,-0.155101836,0.134485006,0.399617702,-0.269548118,0.551337481,-0.618744254,-0.928103387,0.052493654,0.338835239,-0.655322790,-0.223573342,-0.337238342
445,8899.989,1786879890710.461,14678528.396,0.000000000,-0.588477433,0.055439539,-0.166932374,1.378312469,-0.592197418,-0.150232717,-0.597228050,-0.228398383,-0.281253308,1.386919975,-0.671018124,-0.109452643,0.170717835,0.058247659,0.399035186,-0.921601295,0.929877818,-0.149214029,0.128215343,0.397283167,-0.269572914,0.551575005,-0.621754825,-0.931333065,0.052441966,0.340186089,-0.655234516,-0.225722194,-0.338809282
446,8919.999,1786879890730.470,14678548.405,0.000000000,-0.591953456,0.052849483,-0.167498305,1.380371809,-0.591415524,-0.152292103,-0.594638884,-0.231901541,-0.283546865,1.388752818,-0.673040986,-0.107034802,0.170790911,0.054626964,0.399877489,-0.922835529,0.932990551,-0.144073501,0.123549841,0.395671576,-0.269555748,0.552344859,-0.624164402,-0.934239388,0.052382819,0.341091663,-0.655030012,-0.227285385,-0.339975804
447,8939.990,1786879890750.462,14678568.397,0.000000000,-0.594701827,0.051989000,-0.164859101,1.382817030,-0.589115977,-0.154843614,-0.592703998,-0.234432876,-0.283435613,1.391140699,-0.674271345,-0.104791902,0.171548918,0.050118085,0.401330382,-0.924700379,0.936761916,-0.139127880,0.121857300,0.394519329,-0.269523650,0.554006815,-0.627105653,-0.935616374,0.052320350,0.341224164,-0.654720724,-0.228617862,-0.340672702
448,8959.991,1786879890770.462,14678588.397,0.000000000,-0.595840752,0.051962893,-0.160846174,1.385722637,-0.585904300,-0.157614872,-0.590340137,-0.235437900,-0.281063765,1.393430233,-0.674861550,-0.102514319,0.172565326,0.045665879,0.404119462,-0.925669014,0.939814627,-0.132892832,0.121946424,0.393289119,-0.268670052,0.556691408,-0.631339073,-0.935790360,0.052300535,0.341597021,-0.654273093,-0.231035396,-0.341568917
449,8979.989,1786879890790.460,14678608.395,0.000000000,-0.597248137,0.051565561,-0.159103602,1.388883233,-0.583704889,-0.159943268,-0.587509155,-0.235729456,-0.279939771,1.394576669,-0.675209165,-0.099934563,0.172715604,0.043049257,0.405728430,-0.925816655,0.940943241,-0.127329484,0.123017743,0.392819911,-0.266065955,0.560237229,-0.634797037,-0.936120868,0.052260004,0.343099594,-0.653734267,-0.234293401,-0.343529940
450,8999.987,1786879890810.458,14678628.394,0.000000000,-0.599488020,0.050493840,-0.159088790,1.391981840,-0.583370268,-0.159703851,-0.585436642,-0.235967800,-0.279781729,1.395197630,-0.675137401,-0.097076602,0.172716662,0.041379657,0.405780226,-0.925867200,0.941104352,-0.123300143,0.123530328,0.392488837,-0.262140244,0.563637972,-0.636526406,-0.937042177,0.052176509,0.346256912,-0.653433442,-0.237579077,-0.346321225
451,9019.987,1786879890830.459,14678648.394,0.000000000,-0.601440310,0.048755467,-0.159273207,1.394479275,-0.583613753,-0.158378154,-0.583611846,-0.236780614,-0.279708475,1.395795345,-0.674755871,-0.093993410,0.172691524,0.039674342,0.405803859,-0.926049352,0.941658020,-0.120675996,0.123592690,0.390500754,-0.258633614,0.566797674,-0.637108743,-0.938216627,0.052106071,0.350892544,-0.653060734,-0.240264907,-0.348858267
452,9039.987,1786879890850.458,14678668.394,0.000000000,-0.603173971,0.046909835,-0.159347713,1.396592855,-0.584113002,-0.156592131,-0.582107782,-0.237694398,-0.279500246,1.396445513,-0.673925638,-0.091003574,0.172723666,0.038007565,0.405896038,-0.926364005,0.943294644,-0.118950866,0.123575471,0.386395156,-0.255911678,0.569260359,-0.637169540,-0.939243734,0.052080948,0.356566250,-0.651777923,-0.242026910,-0.350320458
453,9059.996,1786879890870.468,14678688.402,0.000000000,-0.604900718,0.045173522,-0.159304276,1.398566484,-0.584758997,-0.154552788,-0.581063271,-0.238453075,-0.279094785,1.397174239,-0.672694862,-0.088243388,0.172811329,0.036401592,0.406055003,-0.926765263,0.946251035,-0.117371276,0.123508848,0.381568462,-0.253561229,0.571136475,-0.637139559,-0.939774752,0.052073628,0.362126261,-0.649719656,-0.242619947,-0.350770205
454,9079.997,1786879890890.468,14678708.403,0.000000000,-0.607160985,0.043852456,-0.159069419,1.400644898,-0.585390508,-0.152268067,-0.580789030,-0.238847360,-0.278574646,1.397936583,-0.670980215,-0.085841395,0.172892645,0.035121243,0.406114757,-0.927120745,0.950123608,-0.115641363,0.123434924,0.375923216,-0.251297921,0.572882295,-0.637094796,-0.940201283,0.052062333,0.366389453,-0.647387624,-0.242741436,-0.350869626
455,9099.992,1786879890910.463,14678728.398,0.000000000,-0.609821379,0.042815797,-0.158635482,1.402478814,-0.586295605,-0.149789527,-0.581251323,-0.239076287,-0.277987927,1.398710966,-0.668840766,-0.083658427,0.172938854,0.034204319,0.406159341,-0.927454829,0.954163492,-0.113839298,0.123387426,0.369683206,-0.248695642,0.574627340,-0.637047827,-0.940987647,0.052035891,0.368667632,-0.644881248,-0.242815524,-0.350891262
456,9119.980,1786879890930.451,14678748.386,0.000000000,-0.611731172,0.042013410,-0.158237144,1.403374434,-0.587359130,-0.147871867,-0.581802368,-0.239356816,-0.277561635,1.399271965,-0.667057157,-0.082088746,0.172941178,0.033667065,0.406255573,-0.927800894,0.956800997,-0.112591602,0.123371422,0.365150601,-0.246431276,0.575886548,-0.637012541,-0.941867948,0.052003045,0.369317085,-0.642999828,-0.242886290,-0.350878954
457,9139.978,1786879890950.450,14678768.385,0.000000000,-0.614034832,0.040799141,-0.157721624,1.403902888,-0.589231730,-0.145286098,-0.582558095,-0.239956737,-0.277120888,1.399955750,-0.664487779,-0.080111459,0.172911063,0.033119015,0.406408846,-0.928422630,0.959469795,-0.111318439,0.123366483,0.359544665,-0.243207678,0.577516615,-0.636981487,-0.943388164,0.051942520,0.369527847,-0.640520155,-0.243106812,-0.350843102
458,9159.979,1786879890970.450,14678788.385,0.000000000,-0.616452575,0.039449837,-0.157070324,1.404071569,-0.591180861,-0.142662644,-0.583671331,-0.240705952,-0.276585311,1.400730252,-0.661733985,-0.078351438,0.172910854,0.032533225,0.406296611,-0.928927302,0.961346745,-0.110523820,0.123375863,0.354252130,-0.240218192,0.579306185,-0.637080908,-0.945132673,0.051881488,0.369599313,-0.638488173,-0.243747965,-0.350770265
459,9179.996,1786879890990.468,14678808.403,0.000000000,-0.619140446,0.038352188,-0.156032264,1.404300809,-0.593050838,-0.140029430,-0.585433066,-0.241174012,-0.275619388,1.401750922,-0.658771932,-0.076900400,0.173052952,0.031802397,0.406140536,-0.929120898,0.962915719,-0.109739341,0.123361230,0.348755956,-0.237687007,0.581127584,-0.637867332,-0.947154760,0.051823661,0.369578362,-0.636638463,-0.244930312,-0.350460857
460,9199.989,1786879891010.460,14678828.395,0.000000000,-0.621731818,0.037612338,-0.155380979,1.404363036,-0.595432520,-0.137548760,-0.587174654,-0.241221413,-0.275000304,1.402618408,-0.655537903,-0.075599432,0.173159629,0.031372927,0.406111777,-0.929681540,0.964274406,-0.108951926,0.123288572,0.343652993,-0.235374227,0.582438171,-0.639540493,-0.949231207,0.051726025,0.369549632,-0.633702934,-0.246276319,-0.349999070
461,9219.993,1786879891030.464,14678848.399,0.000000000,-0.624016523,0.036761578,-0.155176580,1.404253125,-0.598109365,-0.135270163,-0.588627517,-0.241221771,-0.274660617,1.403475523,-0.652283251,-0.074306168,0.173181415,0.031038227,0.406157196,-0.930315197,0.965337634,-0.108510882,0.123254888,0.339259654,-0.233331144,0.583706796,-0.641499579,-0.951016605,0.051573575,0.369574875,-0.630721569,-0.247562855,-0.349649906
462,9239.991,1786879891050.462,14678868.397,0.000000000,-0.626181960,0.035843015,-0.155039907,1.403790355,-0.600992084,-0.133095145,-0.590086341,-0.241234064,-0.274401098,1.404374838,-0.649043798,-0.073130660,0.173171639,0.030441940,0.406156212,-0.931549728,0.966350973,-0.108386785,0.123142362,0.335016191,-0.231479183,0.584505022,-0.643616021,-0.952665985,0.051330887,0.369607687,-0.628020227,-0.248879105,-0.348861873
463,9259.988,1786879891070.459,14678888.394,0.000000000,-0.628070831,0.035214309,-0.154663190,1.402602792,-0.604509413,-0.130960062,-0.591736555,-0.240899637,-0.273962557,1.405147433,-0.645707965,-0.072107650,0.173243359,0.029609401,0.405908376,-0.933024645,0.967267096,-0.108286157,0.123031534,0.330895394,-0.229884997,0.585345805,-0.645866573,-0.953878164,0.050888129,0.369662076,-0.625549614,-0.250228733,-0.347334236
464,9279.989,1786879891090.460,14678908.395,0.000000000,-0.629560769,0.035175800,-0.154042453,1.399932981,-0.609452307,-0.128874585,-0.593950987,-0.239730477,-0.273196697,1.405372500,-0.641937315,-0.071333125,0.173258916,0.028725414,0.404987335,-0.933886945,0.967850208,-0.108190037,0.123005919,0.326460660,-0.228443280,0.586630404,-0.648114562,-0.954214036,0.050143976,0.369703680,-0.623363137,-0.251610726,-0.344880164
465,9299.988,1786879891110.459,14678928.394,0.000000000,-0.630289674,0.035152342,-0.153809234,1.395196676,-0.616518378,-0.126893044,-0.596352279,-0.238129184,-0.272543967,1.404977560,-0.637844682,-0.070726350,0.172741041,0.028119270,0.403689563,-0.934144974,0.968265414,-0.108153962,0.123055682,0.321713328,-0.227063060,0.588212073,-0.650009990,-0.954272807,0.048819084,0.369678915,-0.622522116,-0.253203332,-0.341806918
466,9319.988,1786879891130.459,14678948.394,0.000000000,-0.632525444,0.032691076,-0.154719308,1.395088196,-0.614912689,-0.126427576,-0.597890258,-0.236420184,-0.270426989,1.404270411,-0.633327663,-0.070091479,0.172680780,0.027064854,0.404148936,-0.934220970,0.968831003,-0.108130209,0.123135492,0.317267895,-0.225520641,0.590021253,-0.651993930,-0.954283416,0.047396529,0.369656861,-0.622144163,-0.254616499,-0.338464916
467,9339.995,1786879891150.467,14678968.402,0.000000000,-0.634929121,0.029565683,-0.155219615,1.395949483,-0.609548569,-0.125496551,-0.599234223,-0.234333947,-0.267066896,1.402935266,-0.628378391,-0.069369920,0.173385173,0.025373058,0.404874355,-0.934153795,0.969173551,-0.108160846,0.123544559,0.313146353,-0.224033698,0.591846943,-0.653173745,-0.954234481,0.046413817,0.369635254,-0.621817589,-0.255980641,-0.334955305
468,9359.988,1786879891170.459,14678988.394,0.000000000,-0.637400925,0.026631188,-0.156033754,1.396151066,-0.604195535,-0.124007858,-0.600474179,-0.231611148,-0.263924778,1.400686860,-0.622944415,-0.068084672,0.173652679,0.024118651,0.404672474,-0.933720827,0.969208956,-0.108199216,0.125599653,0.309587747,-0.223348260,0.594404161,-0.653656423,-0.953958094,0.045802798,0.369680494,-0.621568978,-0.257306367,-0.331439614
469,9379.979,1786879891190.450,14679008.385,0.000000000,-0.639434099,0.024628390,-0.156595841,1.396134496,-0.600427806,-0.122633897,-0.601823628,-0.228770331,-0.261105448,1.398727417,-0.618352354,-0.066397347,0.173705772,0.023483684,0.403721750,-0.932452559,0.969190419,-0.108216308,0.128776938,0.307086647,-0.223267958,0.596899867,-0.653808355,-0.953474104,0.045597140,0.369754285,-0.621454358,-0.258273989,-0.329097986
470,9399.995,1786879891210.467,14679028.401,0.000000000,-0.642028213,0.022056460,-0.157038301,1.396083832,-0.595689714,-0.120548129,-0.603777587,-0.224720821,-0.256957263,1.396207690,-0.612369716,-0.064472370,0.173717350,0.023150733,0.401968390,-0.928899109,0.969139397,-0.108218804,0.134433538,0.303332955,-0.223180607,0.600550532,-0.653878987,-0.952961028,0.045497894,0.369846016,-0.621350288,-0.259632081,-0.326511890
471,9419.984,1786879891230.455,14679048.390,0.000000000,-0.644256115,0.019288961,-0.157222092,1.396047592,-0.591139078,-0.118306041,-0.605533540,-0.220788389,-0.252501816,1.393997192,-0.606845021,-0.062820084,0.173657313,0.023114765,0.400278121,-0.923922241,0.969093859,-0.108218834,0.140450686,0.299585432,-0.222666442,0.603691876,-0.653970718,-0.952824831,0.045410424,0.369920433,-0.621238172,-0.260810435,-0.324301869
472,9439.982,1786879891250.453,14679068.388,0.000000000,-0.646034300,0.016404146,-0.157186165,1.396113515,-0.586787522,-0.116020650,-0.607032299,-0.216737822,-0.247619778,1.392088056,-0.601490915,-0.061044317,0.173645660,0.023115832,0.398905933,-0.918359935,0.969074190,-0.108227253,0.145831838,0.295967907,-0.221220583,0.606067598,-0.654336751,-0.952819109,0.045199852,0.369962424,-0.621102571,-0.261642188,-0.322250813
473,9459.980,1786879891270.452,14679088.387,0.000000000,-0.647745192,0.013406551,-0.157212272,1.396476150,-0.582628667,-0.113721348,-0.608335912,-0.212868020,-0.242852166,1.390564442,-0.596560717,-0.059438493,0.173646718,0.023110695,0.397711664,-0.913091004,0.969055295,-0.108245209,0.149957329,0.292473525,-0.219055548,0.607556522,-0.654956639,-0.952841520,0.044502653,0.369977653,-0.620927989,-0.262306124,-0.320232570
474,9479.979,1786879891290.451,14679108.386,0.000000000,-0.649092138,0.010443853,-0.157014653,1.396997213,-0.578681767,-0.111501597,-0.609447658,-0.209100381,-0.237907454,1.389468431,-0.591962993,-0.057903714,0.174009159,0.022754984,0.396967947,-0.908958912,0.969034672,-0.108253695,0.153073028,0.289436400,-0.216887712,0.608384192,-0.655915976,-0.952852428,0.043389041,0.369953096,-0.620762944,-0.262765169,-0.318159640
475,9499.980,1786879891310.451,14679128.386,0.000000000,-0.649885178,0.007471995,-0.156415492,1.397444010,-0.574857056,-0.109444946,-0.610415399,-0.205373049,-0.232495666,1.388796926,-0.587705433,-0.056410916,0.174680367,0.021604540,0.396645129,-0.906208813,0.968989134,-0.108244173,0.156276032,0.286949992,-0.215346545,0.608875453,-0.657399297,-0.952819705,0.042702816,0.369895220,-0.620667994,-0.263007015,-0.315851599
476,9519.979,1786879891330.450,14679148.385,0.000000000,-0.651420593,0.004587950,-0.156195700,1.398193955,-0.571170390,-0.107540034,-0.611831248,-0.201640800,-0.227540731,1.388317227,-0.583737373,-0.055003885,0.175173447,0.020196328,0.395479977,-0.904345691,0.968824387,-0.108242489,0.159533545,0.285022050,-0.214004710,0.609270990,-0.659010470,-0.952775002,0.042400736,0.369843572,-0.620631158,-0.263397396,-0.313359499
477,9539.979,1786879891350.451,14679168.385,0.000000000,-0.653316915,0.002146325,-0.156414866,1.399246693,-0.567703903,-0.105802678,-0.613288105,-0.197594061,-0.223168463,1.387755394,-0.579862773,-0.053706329,0.175707459,0.019098066,0.393960178,-0.903045297,0.968260765,-0.108231358,0.163314015,0.283686072,-0.212988824,0.610245168,-0.660906792,-0.952750981,0.042298216,0.369838834,-0.620734096,-0.263777941,-0.310731083
478,9559.978,1786879891370.449,14679188.384,0.000000000,-0.655072570,-0.000138718,-0.157444268,1.400586963,-0.564428985,-0.104257829,-0.613959134,-0.193504497,-0.219770983,1.386899590,-0.576053381,-0.052324988,0.175932243,0.019026956,0.392709076,-0.901684582,0.966770649,-0.108241476,0.168319628,0.282549143,-0.212264776,0.611835122,-0.662772119,-0.952725291,0.042218238,0.369915932,-0.620921135,-0.263994545,-0.308149099
479,9579.978,1786879891390.449,14679208.384,0.000000000,-0.656799436,-0.002677112,-0.158725142,1.401902556,-0.561081469,-0.102742575,-0.614366531,-0.189833716,-0.216784894,1.386070967,-0.572430670,-0.050915834,0.176018357,0.019113073,0.391682237,-0.900105000,0.964709997,-0.108276948,0.173279047,0.281589240,-0.210799158,0.613271117,-0.663988054,-0.952699721,0.042128682,0.370019138,-0.621118546,-0.264121979,-0.305632949
480,9599.977,1786879891410.448,14679228.383,0.000000000,-0.658350706,-0.005212304,-0.159986734,1.403428197,-0.557887912,-0.101251900,-0.614448488,-0.185590550,-0.213540256,1.383905649,-0.561946213,-0.050329637,0.176255316,0.019245392,0.391057521,-0.898485303,0.962746263,-0.108346574,0.177719742,0.280375361,-0.209026769,0.614437044,-0.664704204,-0.952700496,0.042028543,0.370086044,-0.621339917,-0.264238417,-0.303041577
481,9619.977,1786879891430.449,14679248.384,0.000000000,-0.659437180,-0.006108285,-0.161205709,1.405504227,-0.555362463,-0.099921137,-0.614371061,-0.181268662,-0.211097866,1.383971691,-0.562352002,-0.049570374,0.177494958,0.020652458,0.390986592,-0.896540523,0.961558998,-0.108416446,0.181579947,0.279280186,-0.207595289,0.615741909,-0.665189385,-0.952710450,0.041742112,0.370094359,-0.621686280,-0.264664322,-0.300374597
482,9639.979,1786879891450.450,14679268.385,0.000000000,-0.660409629,-0.006385171,-0.162408382,1.407536626,-0.553806961,-0.099028863,-0.614353776,-0.177367344,-0.209370226,1.383701444,-0.561122417,-0.048635039,0.178451434,0.022071082,0.390925795,-0.895204961,0.961412370,-0.108476102,0.183962733,0.278944910,-0.206548244,0.616520703,-0.665227950,-0.952690780,0.041548908,0.370064408,-0.622130096,-0.265125960,-0.298125625
483,9659.979,1786879891470.450,14679288.385,0.000000000,-0.662235439,-0.007094454,-0.164189309,1.410594344,-0.551811576,-0.097854517,-0.614686489,-0.172519788,-0.207278147,1.383513689,-0.558531106,-0.047596946,0.179354519,0.023741914,0.390602767,-0.894103587,0.961401284,-0.108554341,0.186186939,0.278695136,-0.204981178,0.617407501,-0.665022075,-0.952636838,0.041287124,0.369973242,-0.623073161,-0.265645623,-0.294412911
484,9679.978,1786879891490.449,14679308.384,0.000000000,-0.664560139,-0.008634942,-0.165260926,1.413587689,-0.549742341,-0.096628696,-0.615857899,-0.168132141,-0.204250291,1.382900596,-0.550207913,-0.047066282,0.180096552,0.024055995,0.389820009,-0.893768251,0.961419046,-0.108611591,0.187967077,0.278504789,-0.203963876,0.618607461,-0.664370418,-0.952231348,0.040613480,0.369574308,-0.624469221,-0.266130805,-0.289799273
485,9699.978,1786879891510.449,14679328.385,0.000000000,-0.666702807,-0.009690270,-0.165382862,1.416270971,-0.547687113,-0.095382169,-0.617785692,-0.164256260,-0.200697571,1.384476542,-0.550627649,-0.046144992,0.181162849,0.024011793,0.389044195,-0.893126369,0.961415291,-0.108602703,0.190500349,0.278372377,-0.203779519,0.621220708,-0.663998842,-0.951029837,0.039241623,0.368249148,-0.626096070,-0.266604155,-0.284268469
486,9719.979,1786879891530.450,14679348.385,0.000000000,-0.668911099,-0.010535817,-0.165226758,1.418690205,-0.545517266,-0.094208941,-0.620072901,-0.159033269,-0.196165234,1.384835362,-0.546254158,-0.045089249,0.181886002,0.023635114,0.388134331,-0.891619921,0.961413503,-0.108562551,0.194119379,0.278232992,-0.203694671,0.624546170,-0.663799405,-0.949197471,0.037349354,0.365411341,-0.628308237,-0.267035931,-0.278456688
487,9739.978,1786879891550.449,14679368.384,0.000000000,-0.670809269,-0.012039051,-0.164435312,1.420437455,-0.543060958,-0.093028769,-0.622641563,-0.154036283,-0.190670520,1.386152506,-0.544732928,-0.043997630,0.181813002,0.022050580,0.387314856,-0.888497591,0.961449623,-0.108519115,0.197834700,0.278054386,-0.203567356,0.628101826,-0.663326383,-0.947385252,0.035501011,0.360983610,-0.632303655,-0.267509550,-0.272514105
488,9759.978,1786879891570.449,14679388.384,0.000000000,-0.672240198,-0.013126388,-0.163748682,1.421556711,-0.540404022,-0.091926306,-0.624605954,-0.148302332,-0.185247406,1.386099219,-0.540579796,-0.043139100,0.181118220,0.020481715,0.386751473,-0.883555412,0.961475790,-0.108534411,0.201448753,0.277784973,-0.203289613,0.631780446,-0.662948191,-0.945455194,0.034030955,0.356152952,-0.634699225,-0.268453807,-0.266451359
489,9779.978,1786879891590.449,14679408.384,0.000000000,-0.673772573,-0.013997657,-0.164256603,1.422777414,-0.537688732,-0.090847321,-0.625741422,-0.142865106,-0.181486189,1.385987163,-0.539806008,-0.042072490,0.179251552,0.019949915,0.386227667,-0.877459288,0.961435080,-0.108752079,0.204411253,0.277360350,-0.202408776,0.635222971,-0.662763596,-0.944129884,0.033123977,0.351133406,-0.635703623,-0.269420445,-0.260428309
490,9799.979,1786879891610.450,14679428.385,0.000000000,-0.675138891,-0.014725507,-0.165380642,1.423771501,-0.534865499,-0.089865752,-0.626129687,-0.137158364,-0.178441897,1.384209871,-0.534697473,-0.041167967,0.177160680,0.019792486,0.385801464,-0.871642768,0.960960507,-0.110079043,0.206667647,0.276899219,-0.201246589,0.638399065,-0.662545800,-0.943172216,0.032468438,0.346679807,-0.637003362,-0.270131916,-0.254908711
491,9819.978,1786879891630.449,14679448.384,0.000000000,-0.676827550,-0.015929980,-0.167389512,1.424502611,-0.531735122,-0.088929012,-0.626102209,-0.132495001,-0.176759556,1.381800771,-0.529447198,-0.040228769,0.174565837,0.020032493,0.384764522,-0.866761088,0.958482504,-0.112823434,0.210317016,0.276620239,-0.200950623,0.641733170,-0.662151814,-0.941971064,0.032080218,0.343806624,-0.640982389,-0.270498335,-0.249507755
492,9839.978,1786879891650.449,14679468.384,0.000000000,-0.678374648,-0.017297167,-0.169318691,1.424999833,-0.528475165,-0.087971635,-0.626141787,-0.128440067,-0.175216347,1.380279899,-0.527998865,-0.039079774,0.172105908,0.020210000,0.383802682,-0.862805128,0.954356909,-0.116455182,0.216066301,0.276361346,-0.200942650,0.644949555,-0.661580384,-0.940476656,0.031900290,0.341766477,-0.645728350,-0.270601213,-0.244031012
493,9859.978,1786879891670.449,14679488.385,0.000000000,-0.680192232,-0.018684860,-0.171174213,1.425672531,-0.525246263,-0.086993054,-0.626310229,-0.124623135,-0.173801377,1.378299713,-0.523807883,-0.038010992,0.169606045,0.020464361,0.382658482,-0.858666837,0.948963404,-0.120430298,0.223561034,0.276086479,-0.200911507,0.647889793,-0.660945654,-0.938405156,0.031793170,0.340569794,-0.648510218,-0.270684600,-0.238566279
494,9879.977,1786879891690.449,14679508.384,0.000000000,-0.683231711,-0.019623052,-0.172647059,1.426872492,-0.522249639,-0.085993685,-0.627817333,-0.120965533,-0.172356486,1.376807213,-0.519684434,-0.036804460,0.167881712,0.020803558,0.380474240,-0.853803217,0.941791773,-0.124097578,0.230792478,0.275973827,-0.200750753,0.650045931,-0.659565449,-0.936098099,0.030949308,0.339461952,-0.649702251,-0.270737171,-0.233562380
495,9899.979,1786879891710.450,14679528.385,0.000000000,-0.686257541,-0.019958097,-0.174021691,1.428311110,-0.519466519,-0.085133158,-0.629483163,-0.116994150,-0.170963600,1.375680089,-0.516939223,-0.035741959,0.167142883,0.021391949,0.379204750,-0.848428905,0.933436155,-0.126372278,0.234342098,0.276069075,-0.198726699,0.650916934,-0.657644272,-0.933599412,0.028143210,0.337666810,-0.651990950,-0.270776868,-0.228848144
496,9919.979,1786879891730.451,14679548.386,0.000000000,-0.688486993,-0.020045590,-0.175393894,1.429538846,-0.517481565,-0.084704608,-0.630653441,-0.113265954,-0.169885963,1.374693632,-0.514392018,-0.035169888,0.166832834,0.021689925,0.378979057,-0.844992042,0.927062511,-0.127103627,0.234435588,0.276194870,-0.196890861,0.651040435,-0.656074584,-0.931177855,0.024479158,0.335519880,-0.654600024,-0.270769954,-0.224789813
497,9939.979,1786879891750.450,14679568.385,0.000000000,-0.691519976,-0.019712012,-0.178030193,1.431561232,-0.515115976,-0.084382504,-0.632000804,-0.107064173,-0.168774903,1.373276472,-0.511760116,-0.034669250,0.166228920,0.022372222,0.378919184,-0.841406167,0.918927610,-0.127309173,0.233709350,0.276388168,-0.195520759,0.651727021,-0.654530764,-0.926798880,0.018822376,0.331243247,-0.658132076,-0.270694882,-0.218632400
498,9959.978,1786879891770.449,14679588.385,0.000000000,-0.694946051,-0.018879766,-0.180913612,1.433800220,-0.512989700,-0.084203281,-0.633787632,-0.099924035,-0.167602628,1.371869683,-0.509611785,-0.034337565,0.165140912,0.023135277,0.378137141,-0.837712169,0.911824286,-0.128075838,0.234245047,0.276621431,-0.195214614,0.654495776,-0.654243171,-0.920925319,0.014722450,0.326270401,-0.661058605,-0.270615786,-0.212733373
499,9979.981,1786879891790.452,14679608.387,0.000000000,-0.697761059,-0.017785916,-0.182511970,1.435492158,-0.510974467,-0.083993249,-0.635884404,-0.093081154,-0.165368915,1.370778799,-0.508154154,-0.033821054,0.164427191,0.023950173,0.377113074,-0.831202626,0.905324280,-0.130038276,0.237522706,0.276763707,-0.195256248,0.659042954,-0.654224634,-0.914552152,0.013274697,0.321356595,-0.663289726,-0.270634025,-0.207739204
500,9999.978,1786879891810.449,14679628.384,0.000000000,-0.699441552,-0.017189536,-0.183726996,1.436847925,-0.509036362,-0.083574004,-0.636857688,-0.087814085,-0.163434297,1.369666457,-0.507190287,-0.032824364,0.163755417,0.025758328,0.376651794,-0.821373820,0.898320138,-0.133167952,0.241568565,0.276737779,-0.195283040,0.663016975,-0.653781414,-0.907796502,0.013155906,0.318365365,-0.665500522,-0.270937175,-0.203428820
501,10019.977,1786879891830.448,14679648.384,0.000000000,-0.701017618,-0.017139694,-0.184990332,1.438097596,-0.507017732,-0.082861759,-0.637377143,-0.084283710,-0.162383765,1.368635297,-0.507007897,-0.031518027,0.163312405,0.028624717,0.376143068,-0.809763610,0.889798403,-0.137266278,0.246285096,0.276715487,-0.195276275,0.665529609,-0.651820481,-0.900821328,0.013121602,0.317456663,-0.669272959,-0.271330059,-0.199462354
502,10039.978,1786879891850.449,14679668.384,0.000000000,-0.703138709,-0.017680379,-0.185946405,1.439210534,-0.504727006,-0.082037553,-0.638474047,-0.082329072,-0.161701441,1.368251443,-0.507831633,-0.030214718,0.163160682,0.031214593,0.375835538,-0.797947764,0.881360233,-0.141734675,0.249185577,0.276653558,-0.194747284,0.666281283,-0.648362219,-0.893858433,0.012824347,0.317124039,-0.674337685,-0.271431476,-0.194745347
503,10059.982,1786879891870.453,14679688.388,0.000000000,-0.705708802,-0.018880004,-0.186619639,1.440128922,-0.502068520,-0.081293039,-0.640176177,-0.081466310,-0.161038801,1.368744850,-0.509837329,-0.029128378,0.162764832,0.032386959,0.376166850,-0.787686229,0.874223173,-0.146508723,0.249705970,0.276547223,-0.193968460,0.666533887,-0.643897176,-0.886584699,0.012472884,0.316570997,-0.680363595,-0.271468401,-0.189208552
504,10079.978,1786879891890.449,14679708.384,0.000000000,-0.709280312,-0.019909622,-0.187154517,1.441177011,-0.499269426,-0.080794320,-0.643257499,-0.079864882,-0.159820288,1.370144129,-0.513204694,-0.028490059,0.161734298,0.031759694,0.376177996,-0.778771818,0.869572937,-0.151866734,0.250209689,0.276425123,-0.194413051,0.667441130,-0.638245523,-0.878082335,0.012353464,0.314722925,-0.686178565,-0.271504253,-0.182960182
505,10099.978,1786879891910.449,14679728.384,0.000000000,-0.714748144,-0.020168711,-0.187144846,1.442576766,-0.496569812,-0.080468148,-0.648940563,-0.077476770,-0.157934472,1.372716188,-0.518553317,-0.028122701,0.160760358,0.029786255,0.374582022,-0.768911362,0.866008878,-0.156109035,0.252122134,0.276263267,-0.195955068,0.669664383,-0.630959749,-0.868955374,0.012165749,0.309587598,-0.691672325,-0.271550119,-0.175704151
506,10119.978,1786879891930.449,14679748.384,0.000000000,-0.719672322,-0.019711236,-0.187555566,1.444638014,-0.494334161,-0.080226690,-0.654054940,-0.074410692,-0.156455353,1.375686049,-0.525355458,-0.027848965,0.159447998,0.028467553,0.374148309,-0.758054852,0.862384677,-0.158342093,0.255080044,0.276082069,-0.197223753,0.672372341,-0.623721302,-0.860788882,0.011833779,0.301972538,-0.695852101,-0.272076637,-0.168041676
507,10139.977,1786879891950.448,14679768.384,0.000000000,-0.724573672,-0.018548131,-0.188555777,1.447524428,-0.492731780,-0.080074750,-0.658875048,-0.070861153,-0.155701742,1.378708601,-0.532477140,-0.027648402,0.157822907,0.028182730,0.373826385,-0.745780945,0.857417643,-0.158898383,0.258940518,0.275917649,-0.197672531,0.675352156,-0.617139578,-0.853621423,0.011014358,0.293107539,-0.699042499,-0.273276627,-0.159982964
508,10159.979,1786879891970.450,14679788.385,0.000000000,-0.728618145,-0.016443275,-0.190002203,1.450412631,-0.491614401,-0.080120392,-0.662692428,-0.066516101,-0.155470178,1.380930901,-0.539351344,-0.027450493,0.156080842,0.028564271,0.373796761,-0.732035279,0.850407481,-0.158968657,0.262405694,0.275371432,-0.197638988,0.678764462,-0.611449122,-0.845901191,0.009668498,0.283167601,-0.702427626,-0.273925692,-0.151365861
509,10179.978,1786879891990.449,14679808.385,0.000000000,-0.730936408,-0.014786069,-0.191431388,1.452116370,-0.490816146,-0.080287315,-0.664742231,-0.063032873,-0.155556723,1.381912589,-0.544652641,-0.027290564,0.154292345,0.028968308,0.373781353,-0.720166326,0.843929827,-0.159019977,0.263511300,0.274915546,-0.197460443,0.681221724,-0.607538700,-0.839170516,0.008763337,0.274996787,-0.706282556,-0.274020672,-0.144788057
510,10199.980,1786879892010.451,14679828.386,0.000000000,-0.733510196,-0.013085611,-0.193994433,1.454032540,-0.489696652,-0.080583572,-0.666440547,-0.058993865,-0.156479195,1.382467031,-0.551406026,-0.027055629,0.151187897,0.029898925,0.373585731,-0.703710496,0.833778799,-0.160002559,0.263736665,0.274542689,-0.197330043,0.683731914,-0.602294147,-0.830429852,0.008242034,0.264018297,-0.713282645,-0.274099082,-0.136072949
511,10219.980,1786879892030.451,14679848.386,0.000000000,-0.735223591,-0.011581466,-0.196882635,1.456003189,-0.488929331,-0.080886714,-0.666837692,-0.055993725,-0.158336878,1.382670522,-0.557700753,-0.026787838,0.148001373,0.031230008,0.373178840,-0.687596083,0.822959304,-0.163375527,0.263789505,0.274263263,-0.197320864,0.685192406,-0.596305847,-0.821847320,0.008096133,0.253703147,-0.720208347,-0.274151176,-0.127419621
512,10239.979,1786879892050.450,14679868.385,0.000000000,-0.735521078,-0.010069069,-0.198646620,1.457648277,-0.488528639,-0.081144013,-0.666362524,-0.054179788,-0.159808278,1.383315086,-0.563924968,-0.026471641,0.145470902,0.031831849,0.372887284,-0.671337247,0.811901093,-0.167706445,0.264188498,0.274178386,-0.197719574,0.685961246,-0.589432597,-0.812864304,0.008035691,0.244633973,-0.727475584,-0.274205804,-0.119159937
513,10259.978,1786879892070.449,14679888.384,0.000000000,-0.734867156,-0.008336452,-0.199268982,1.458999038,-0.488373250,-0.081297956,-0.665055573,-0.054163188,-0.161454514,1.384137273,-0.569141388,-0.025923148,0.143298537,0.032185819,0.372802824,-0.654591978,0.798964500,-0.171931446,0.265746355,0.274347067,-0.198434964,0.687338233,-0.581487477,-0.803333104,0.008032207,0.237151623,-0.734542549,-0.274246871,-0.111611605
514,10279.979,1786879892090.450,14679908.385,0.000000000,-0.735730767,-0.005869878,-0.199809581,1.460192204,-0.488994986,-0.081403628,-0.664556563,-0.055028681,-0.164101481,1.384285569,-0.573267102,-0.025203360,0.141020089,0.032654289,0.371363908,-0.637995541,0.784068167,-0.176548108,0.267333299,0.274880201,-0.198556930,0.689329326,-0.571867764,-0.792911410,0.007999334,0.230238259,-0.739592850,-0.274173230,-0.104160510
515,10299.978,1786879892110.449,14679928.384,0.000000000,-0.739163220,-0.002633970,-0.198822871,1.461079955,-0.491034448,-0.081485778,-0.667067766,-0.056466237,-0.166004837,1.384839773,-0.576946795,-0.024774689,0.139430866,0.031326920,0.368295729,-0.621862710,0.769954264,-0.181902602,0.267627716,0.275590122,-0.198874146,0.691076875,-0.561091602,-0.781711280,0.007946723,0.222355813,-0.744149268,-0.274043441,-0.095959924
516,10319.979,1786879892130.450,14679948.385,0.000000000,-0.743630052,-0.000307795,-0.196509883,1.461510420,-0.496120483,-0.081640176,-0.671524405,-0.058086723,-0.166100726,1.385462999,-0.579403818,-0.024492200,0.137089446,0.027539473,0.365363926,-0.603681803,0.758005083,-0.186137766,0.267610312,0.275836647,-0.200545445,0.693443120,-0.550365806,-0.768955112,0.007920784,0.212443113,-0.749060392,-0.273924440,-0.086645462
517,10339.978,1786879892150.449,14679968.384,0.000000000,-0.746933162,0.000769793,-0.195934877,1.462235332,-0.502570570,-0.081732228,-0.674074471,-0.058630425,-0.166592076,1.385303974,-0.582859159,-0.024258807,0.132109091,0.025334295,0.364883304,-0.582063913,0.747224867,-0.189311832,0.267571986,0.276009858,-0.204151079,0.696798563,-0.540600896,-0.755803227,0.007960049,0.199476063,-0.753405869,-0.273855358,-0.075105160
518,10359.978,1786879892170.449,14679988.384,0.000000000,-0.749762654,0.003127328,-0.195581317,1.463472247,-0.510574996,-0.081678078,-0.676038265,-0.057177037,-0.166825429,1.384183288,-0.584861338,-0.024213839,0.127168193,0.024915176,0.364980221,-0.558774948,0.736750841,-0.193136528,0.267537922,0.276155561,-0.207605928,0.699330747,-0.531894386,-0.742458224,0.008017801,0.185889468,-0.756757200,-0.273982614,-0.062976554
519,10379.978,1786879892190.449,14680008.384,0.000000000,-0.753116608,0.006901597,-0.195743576,1.465135932,-0.520010769,-0.081593812,-0.678065479,-0.054319177,-0.167590588,1.381823659,-0.585055351,-0.024398888,0.122802362,0.026012784,0.364510268,-0.536310911,0.726086855,-0.198111042,0.267161936,0.276526242,-0.209841162,0.700152755,-0.524335921,-0.728467584,0.008005516,0.174604118,-0.761631727,-0.274554849,-0.051366549
520,10399.977,1786879892210.448,14680028.383,0.000000000,-0.756282985,0.009950564,-0.196289361,1.466231823,-0.528597891,-0.081511118,-0.679788470,-0.052262358,-0.168890163,1.379219890,-0.585084856,-0.024795841,0.118655376,0.027147474,0.364388525,-0.516943276,0.715073287,-0.203749165,0.266790688,0.277184457,-0.211971655,0.700242996,-0.518062949,-0.713966131,0.007892716,0.166716799,-0.768929303,-0.275744945,-0.040121049
521,10419.979,1786879892230.450,14680048.385,0.000000000,-0.759105384,0.011277623,-0.196814269,1.466538668,-0.535519183,-0.081447169,-0.681402683,-0.051709343,-0.170122564,1.377075672,-0.585150957,-0.025206704,0.114262931,0.027415583,0.364466369,-0.500083983,0.704060793,-0.209629923,0.266758740,0.277597249,-0.215572834,0.700283825,-0.512535453,-0.699501336,0.007882408,0.162087977,-0.776491046,-0.277893543,-0.029053781
522,10439.979,1786879892250.451,14680068.386,0.000000000,-0.761787713,0.012457471,-0.196764380,1.466699958,-0.540535629,-0.081464961,-0.683582366,-0.050799698,-0.170333907,1.375741959,-0.585302591,-0.025483051,0.111405790,0.027418578,0.363475055,-0.487300247,0.695626915,-0.213759899,0.266811013,0.277632266,-0.219965935,0.700328231,-0.507561982,-0.688425899,0.007918539,0.158964828,-0.782363296,-0.279240102,-0.020769093
523,10459.978,1786879892270.449,14680088.385,0.000000000,-0.765666127,0.014447128,-0.195475996,1.466693997,-0.547107816,-0.081569411,-0.687679887,-0.049502097,-0.169495255,1.374785185,-0.586610913,-0.025822837,0.108296782,0.026997421,0.360874236,-0.468324900,0.682831228,-0.217488810,0.267134517,0.277391106,-0.228125468,0.700678110,-0.498752773,-0.671984434,0.008014357,0.152713776,-0.791037917,-0.279870957,-0.009980730
524,10479.978,1786879892290.449,14680108.384,0.000000000,-0.768312514,0.016564034,-0.192869723,1.466126323,-0.553572655,-0.081675366,-0.690857351,-0.050441604,-0.168849617,1.374815106,-0.589573681,-0.026008448,0.105424516,0.026118521,0.358474731,-0.446987420,0.669118524,-0.221272945,0.268008769,0.277016371,-0.237143442,0.701685488,-0.486862183,-0.654505670,0.008681163,0.144150168,-0.798589885,-0.280198216,-0.000133630
525,10499.978,1786879892310.449,14680128.384,0.000000000,-0.769149601,0.019329969,-0.189007893,1.464820623,-0.560159743,-0.081808850,-0.692311645,-0.053015467,-0.168391243,1.375682712,-0.594961882,-0.026075857,0.102666967,0.024405865,0.356895149,-0.424240023,0.655486465,-0.226124600,0.268852085,0.276702642,-0.244882464,0.702397704,-0.472844005,-0.636012673,0.010002253,0.134738594,-0.806361198,-0.281168848,0.009590542
526,10519.978,1786879892330.449,14680148.384,0.000000000,-0.769235015,0.022580270,-0.184467301,1.463600516,-0.567560494,-0.081957459,-0.692853868,-0.056146421,-0.167880774,1.377756357,-0.602833092,-0.026162464,0.099676140,0.021939393,0.355818152,-0.401663989,0.642795086,-0.232100084,0.270254165,0.276501983,-0.251627386,0.702922881,-0.458043396,-0.618164301,0.012405626,0.125293791,-0.813994646,-0.283194840,0.020092864
527,10539.978,1786879892350.449,14680168.384,0.000000000,-0.769750416,0.026737578,-0.180301443,1.463558316,-0.574895024,-0.082096979,-0.692875624,-0.059209466,-0.168195561,1.381364703,-0.613330126,-0.026297480,0.095609806,0.020338032,0.354960471,-0.380152881,0.630820632,-0.239289209,0.273242950,0.276446193,-0.257654697,0.704124451,-0.444306314,-0.601955473,0.015627125,0.116377555,-0.820967376,-0.286443979,0.031448342
528,10559.978,1786879892370.449,14680188.384,0.000000000,-0.771069527,0.030925261,-0.175768942,1.464334607,-0.582904458,-0.082273290,-0.693554401,-0.062034301,-0.167913213,1.386161447,-0.623970568,-0.026447725,0.090841368,0.018551381,0.353693545,-0.358876109,0.619315624,-0.247146189,0.276056916,0.276544064,-0.262366205,0.705433965,-0.431847543,-0.586422861,0.018739769,0.107683800,-0.830245972,-0.290436059,0.043199819
529,10579.979,1786879892390.450,14680208.385,0.000000000,-0.773512483,0.034680873,-0.171963513,1.466204762,-0.592818260,-0.082451589,-0.695182383,-0.063248806,-0.167052627,1.390379667,-0.631023228,-0.026898582,0.086348116,0.017570039,0.351644754,-0.337777764,0.607854605,-0.254852444,0.277511448,0.276690185,-0.266901255,0.705810428,-0.420378804,-0.571340799,0.020832079,0.099899434,-0.839921296,-0.295112699,0.054921869
530,10599.978,1786879892410.449,14680228.384,0.000000000,-0.777233243,0.038840592,-0.169207767,1.468384504,-0.603126943,-0.082509466,-0.698120654,-0.061725486,-0.165808573,1.392770171,-0.634289742,-0.027987259,0.082552798,0.018004833,0.348542452,-0.316024512,0.596999824,-0.261666834,0.278076530,0.276743680,-0.273033798,0.706450403,-0.409802586,-0.556589842,0.021964198,0.092896529,-0.850343525,-0.300092995,0.066792227
531,10619.978,1786879892430.449,14680248.384,0.000000000,-0.781044781,0.043719344,-0.169034228,1.469406962,-0.611350179,-0.082422227,-0.700805664,-0.055996310,-0.165054560,1.391237140,-0.635088563,-0.029167576,0.078733355,0.020836595,0.345275998,-0.292356402,0.587314069,-0.267658979,0.278101414,0.276845068,-0.281738549,0.709642649,-0.399284840,-0.541526794,0.023107994,0.085755430,-0.860974848,-0.304746807,0.079603419
532,10639.978,1786879892450.449,14680268.384,0.000000000,-0.783344626,0.045847289,-0.169374719,1.466873527,-0.614643216,-0.082375214,-0.703694820,-0.049422923,-0.162700683,1.388147354,-0.637729645,-0.030100849,0.073968314,0.022134278,0.343030959,-0.266716152,0.580284417,-0.273147523,0.278089583,0.276364625,-0.292921335,0.715050817,-0.389530241,-0.524863303,0.025220979,0.079223476,-0.873341858,-0.309321314,0.092341080
533,10659.977,1786879892470.448,14680288.383,0.000000000,-0.783607244,0.048306167,-0.168026373,1.460608840,-0.614623427,-0.082407646,-0.706514597,-0.042096399,-0.158369586,1.384099364,-0.644055247,-0.030480314,0.069846779,0.021169765,0.342016280,-0.239262581,0.575126231,-0.278011262,0.277469814,0.274616480,-0.305039406,0.720320106,-0.379930437,-0.505720615,0.027777340,0.073335186,-0.887910485,-0.314106137,0.105675593
534,10679.977,1786879892490.448,14680308.383,0.000000000,-0.783163130,0.055442110,-0.163479701,1.451494455,-0.611317098,-0.082601480,-0.709242880,-0.035745014,-0.154258057,1.380963802,-0.658219755,-0.030420326,0.068022758,0.018730147,0.341063231,-0.212269261,0.569680214,-0.281761825,0.276626587,0.272601634,-0.316576898,0.723946393,-0.369163722,-0.484861940,0.029664509,0.067481212,-0.902433276,-0.318811953,0.120567583
535,10699.980,1786879892510.451,14680328.386,0.000000000,-0.780530870,0.065758884,-0.151984394,1.443503141,-0.605936229,-0.083148204,-0.714007556,-0.035076220,-0.146941692,1.395268798,-0.675583839,-0.030147556,0.070454404,0.012161095,0.341585040,-0.193852931,0.566448212,-0.283984900,0.276314735,0.271215975,-0.324817002,0.725182474,-0.360703200,-0.469327480,0.031228917,0.062339377,-0.911549628,-0.322075546,0.132214785
536,10719.980,1786879892530.451,14680348.386,0.000000000,-0.775210679,0.084887050,-0.126873896,1.436499596,-0.595332325,-0.088375285,-0.712167740,-0.047618974,-0.136719406,1.470033884,-0.679063916,-0.032557268,0.072080091,-0.001282949,0.343649894,-0.170968309,0.561992943,-0.286119014,0.277666211,0.268961638,-0.335249633,0.724162340,-0.348380685,-0.452717096,0.034909658,0.053227995,-0.918264925,-0.327309161,0.146108851
537,10739.979,1786879892550.450,14680368.385,0.000000000,-0.775966704,0.109304130,-0.107891560,1.436584592,-0.585955441,-0.089419141,-0.684862018,-0.069050327,-0.129956245,1.572516799,-0.667343259,-0.041060511,0.062677659,-0.002895797,0.344123870,-0.151248753,0.548336446,-0.287903845,0.288247824,0.267417014,-0.345407605,0.719336033,-0.331334472,-0.446216106,0.038696498,0.040522747,-0.918900669,-0.334129333,0.154151753
538,10759.980,1786879892570.451,14680388.386,0.000000000,-0.789857209,0.129040733,-0.095726952,1.439903975,-0.582157135,-0.092198543,-0.644126713,-0.092476815,-0.119363226,1.607065320,-0.680218816,-0.049196433,0.051948342,0.001421050,0.334255487,-0.132372811,0.528694153,-0.290923119,0.303160310,0.267067760,-0.351389587,0.712081611,-0.308291703,-0.445881963,0.041464943,0.025400633,-0.916973591,-0.340051085,0.156303734
539,10779.979,1786879892590.450,14680408.385,0.000000000,-0.806854665,0.141173959,-0.076754995,1.443879008,-0.589816511,-0.084672876,-0.614548922,-0.114396110,-0.101357304,1.574971080,-0.727152109,-0.063196853,0.054197300,-0.002375105,0.320417702,-0.114022665,0.515223622,-0.295326024,0.310018688,0.265714735,-0.352922052,0.707302272,-0.288723111,-0.446365446,0.045344088,0.011331345,-0.908896208,-0.344385266,0.156476647
540,10799.978,1786879892610.449,14680428.384,0.000000000,-0.819764912,0.144226596,-0.055226840,1.452725887,-0.598632216,-0.083688654,-0.610343575,-0.135217488,-0.082602181,1.524689436,-0.756434500,-0.047280718,0.067390323,-0.013137912,0.315550834,-0.099061772,0.513476253,-0.300912231,0.307184279,0.261704713,-0.358128130,0.706841171,-0.281728089,-0.447470635,0.051393591,-0.001197165,-0.897832453,-0.348484784,0.155795187
541,10819.981,1786879892630.452,14680448.387,0.000000000,-0.822689474,0.150159955,-0.060850978,1.467692018,-0.594613492,-0.083958983,-0.618423760,-0.130558372,-0.079719074,1.535594344,-0.731563985,-0.027641965,0.072392687,-0.000027928,0.335406214,-0.089292817,0.513651013,-0.305803448,0.302565634,0.256580353,-0.369972378,0.708657503,-0.285076350,-0.451058149,0.057745270,-0.012331630,-0.891693294,-0.353144646,0.152443901
542,10839.978,1786879892650.449,14680468.384,0.000000000,-0.834050477,0.154892370,-0.079864487,1.476760030,-0.577361584,-0.085977279,-0.636535943,-0.103301302,-0.078930318,1.548236012,-0.722278178,-0.026091076,0.072125979,0.018063454,0.347260028,-0.074141949,0.515786171,-0.309199512,0.299791008,0.254419506,-0.386970669,0.713400722,-0.282643020,-0.448425055,0.067052156,-0.020366102,-0.894534886,-0.356388658,0.149003878
543,10859.979,1786879892670.450,14680488.385,0.000000000,-0.851310313,0.155327424,-0.093528390,1.473698616,-0.557069123,-0.090749107,-0.665346682,-0.078307770,-0.074353360,1.556169510,-0.728602409,-0.026184484,0.072292380,0.022096716,0.345418066,-0.052403428,0.519936323,-0.309990883,0.296499014,0.251886964,-0.405426085,0.721794665,-0.269535661,-0.436460972,0.078756623,-0.027931441,-0.908634484,-0.357683182,0.150057182
544,10879.977,1786879892690.449,14680508.384,0.000000000,-0.862784207,0.155393288,-0.104489490,1.459625483,-0.532541037,-0.096028455,-0.687582076,-0.059461448,-0.073113054,1.552614927,-0.731235564,-0.026314288,0.071299568,0.020596644,0.343023598,-0.028983276,0.521257281,-0.309927583,0.293582588,0.247100577,-0.424080849,0.736364663,-0.252193987,-0.418479800,0.088750929,-0.034790989,-0.934537351,-0.360305190,0.158729702
545,10899.978,1786879892710.449,14680528.384,0.000000000,-0.866830826,0.151290640,-0.116130888,1.439364791,-0.514076591,-0.101991557,-0.699264884,-0.049250446,-0.077427216,1.540056467,-0.730905771,-0.027605597,0.066515245,0.017074848,0.343022645,-0.004939158,0.520758212,-0.309934586,0.289217591,0.241915613,-0.442679197,0.754005194,-0.234877780,-0.399505645,0.097486280,-0.039060362,-0.962926090,-0.364201605,0.173058480
546,10919.978,1786879892730.449,14680548.384,0.000000000,-0.868449032,0.141042978,-0.128717497,1.416106939,-0.501653612,-0.108426414,-0.705887079,-0.046854917,-0.085288592,1.523665190,-0.730067432,-0.030010235,0.057202369,0.010762217,0.340827376,0.020294448,0.520595729,-0.309988290,0.281933099,0.238885805,-0.460047275,0.772314608,-0.219464272,-0.382608116,0.106035776,-0.040251411,-0.988007605,-0.368390888,0.190219909
547,10939.977,1786879892750.448,14680568.383,0.000000000,-0.869601786,0.131103411,-0.139701173,1.393146873,-0.497861296,-0.115512997,-0.710978150,-0.046888724,-0.093473591,1.507570505,-0.734343708,-0.031625822,0.047553476,0.002896294,0.334548503,0.045446131,0.520597160,-0.310353756,0.272049248,0.238312587,-0.475409359,0.789055884,-0.206294775,-0.369261503,0.113493018,-0.040769584,-1.010440826,-0.371956229,0.209182814
548,10959.980,1786879892770.451,14680588.386,0.000000000,-0.865153611,0.130552381,-0.138449967,1.376057267,-0.496295810,-0.120585628,-0.713741601,-0.047640428,-0.093835153,1.503816128,-0.750253439,-0.034626823,0.046277460,-0.007384880,0.331342936,0.061759837,0.521841228,-0.310854107,0.264898151,0.237188548,-0.487005919,0.798744142,-0.198279709,-0.361422449,0.117831469,-0.042745445,-1.023880720,-0.373475671,0.223025292
549,10979.980,1786879892790.451,14680608.386,0.000000000,-0.849019647,0.136473671,-0.120308362,1.356334567,-0.487790376,-0.126951098,-0.713966787,-0.061287191,-0.085531034,1.537347436,-0.762519300,-0.040372331,0.049501806,-0.028177653,0.334850580,0.078259178,0.523596942,-0.310364246,0.260855645,0.233838335,-0.503761888,0.805612385,-0.190311611,-0.355199158,0.122116104,-0.050467215,-1.032446027,-0.374973893,0.237160787
550,10999.978,1786879892810.449,14680628.384,0.000000000,-0.839804292,0.147485867,-0.105133943,1.347705603,-0.474945992,-0.134670109,-0.695039690,-0.086102575,-0.074619234,1.616448402,-0.751715720,-0.051109061,0.042123113,-0.036362052,0.336480677,0.092146829,0.516319573,-0.310238957,0.269688308,0.231193677,-0.517656922,0.805520475,-0.180027172,-0.355711490,0.123706602,-0.062376466,-1.031439900,-0.378694594,0.242837727
551,11019.980,1786879892830.451,14680648.386,0.000000000,-0.848603368,0.163492918,-0.094639681,1.347897887,-0.477359772,-0.127909705,-0.663296223,-0.109490871,-0.058372688,1.658414245,-0.762065232,-0.058924779,0.031278592,-0.032561194,0.324479640,0.105604216,0.500156760,-0.310636699,0.287564635,0.230714902,-0.523849666,0.801997304,-0.165121704,-0.358879387,0.124087520,-0.076104462,-1.025914073,-0.381358594,0.242831320
552,11039.978,1786879892850.449,14680668.384,0.000000000,-0.863858581,0.176774457,-0.082977958,1.354051590,-0.497736275,-0.128408238,-0.634582520,-0.127256647,-0.039019104,1.636003494,-0.800329924,-0.068107128,0.033435449,-0.032082316,0.310330212,0.116289824,0.485216081,-0.311433971,0.302221239,0.228523076,-0.524285138,0.797594428,-0.153354332,-0.361839324,0.124702856,-0.089898355,-1.017667651,-0.382891655,0.239538595
553,11059.979,1786879892870.450,14680688.385,0.000000000,-0.878147304,0.182667896,-0.071623012,1.362713099,-0.519781470,-0.127981260,-0.629956961,-0.142034933,-0.026209954,1.590439081,-0.825404823,-0.040782072,0.047271736,-0.038369793,0.305099756,0.124055333,0.479795039,-0.314143360,0.306309283,0.221198589,-0.524252295,0.795123279,-0.153683931,-0.365002006,0.127904326,-0.100752637,-1.005498409,-0.385601312,0.231248900
554,11079.979,1786879892890.450,14680708.385,0.000000000,-0.886910737,0.187972680,-0.088104725,1.373294711,-0.520902336,-0.128550485,-0.639404118,-0.135007754,-0.033974398,1.600384355,-0.806688488,-0.017265579,0.053113826,-0.023527846,0.323002845,0.126799420,0.478192747,-0.321061343,0.306542456,0.212237254,-0.524651468,0.794230878,-0.163898319,-0.371939600,0.132341504,-0.107236668,-0.995231688,-0.390105218,0.218669236
555,11099.978,1786879892910.449,14680728.384,0.000000000,-0.903310895,0.192320287,-0.116077900,1.375434279,-0.504730761,-0.132238522,-0.658599854,-0.109139070,-0.045216117,1.610777855,-0.800047159,-0.014769303,0.054870285,-0.004357589,0.335444212,0.132982537,0.480310678,-0.328856170,0.306681067,0.205494896,-0.526504755,0.793841124,-0.170198515,-0.374235511,0.139487877,-0.108256757,-0.990809619,-0.394076794,0.207480237
556,11119.978,1786879892930.449,14680748.385,0.000000000,-0.923069239,0.192494422,-0.137134895,1.365100622,-0.485506147,-0.137845501,-0.688244820,-0.085945383,-0.051210765,1.616144657,-0.805457294,-0.014796373,0.056840807,0.001967274,0.337304354,0.143847927,0.485344291,-0.333034396,0.306730986,0.199076474,-0.530101836,0.793780923,-0.167882100,-0.369141310,0.148688450,-0.108236469,-0.993951559,-0.397080302,0.202819675
557,11139.979,1786879892950.450,14680768.385,0.000000000,-0.938254237,0.190135583,-0.153171003,1.344023943,-0.461485177,-0.142764926,-0.715599179,-0.069997996,-0.057295110,1.612035155,-0.808667183,-0.015135798,0.057417195,0.002143985,0.335879385,0.157130241,0.489052862,-0.334932148,0.306749731,0.190627113,-0.534153819,0.795886815,-0.160093576,-0.358872801,0.155959263,-0.107895844,-1.009825587,-0.402095675,0.204908624
558,11159.978,1786879892970.449,14680788.385,0.000000000,-0.945346057,0.184881613,-0.166974887,1.316089749,-0.442972273,-0.151006147,-0.734931052,-0.060402229,-0.064747840,1.599285960,-0.809380233,-0.015418195,0.055999689,0.000099630,0.334804654,0.171069950,0.490847200,-0.336080909,0.306722075,0.181008518,-0.538985610,0.801999092,-0.150032565,-0.346460134,0.160730004,-0.105554961,-1.032401323,-0.408084244,0.212705866
559,11179.978,1786879892990.449,14680808.385,0.000000000,-0.946524560,0.180930391,-0.178487852,1.284422994,-0.428173840,-0.159202948,-0.747583926,-0.051914822,-0.072383016,1.580964446,-0.809454262,-0.015341865,0.053547669,-0.002956127,0.332464010,0.185724661,0.492248148,-0.336368293,0.306627840,0.173352197,-0.544321239,0.811239719,-0.139688507,-0.334131598,0.164039657,-0.100741312,-1.056942821,-0.413808614,0.224694267
560,11199.978,1786879893010.449,14680828.384,0.000000000,-0.944280446,0.194938481,-0.177766100,1.251212716,-0.408497214,-0.166697562,-0.758649468,-0.037110761,-0.074719541,1.566917062,-0.824440718,-0.012972645,0.057995845,-0.008117570,0.325960755,0.200671017,0.495809823,-0.336374313,0.306197226,0.166757181,-0.549309969,0.819721937,-0.128905803,-0.323909163,0.167048976,-0.095643580,-1.077415943,-0.417915612,0.239317164
561,11219.981,1786879893030.452,14680848.387,0.000000000,-0.933229685,0.212837324,-0.158270702,1.222507715,-0.371546984,-0.170160279,-0.767429709,-0.034849416,-0.063227296,1.606344700,-0.821123540,-0.011369512,0.066052064,-0.021989126,0.325996459,0.207855746,0.502102852,-0.336131185,0.307072878,0.160671830,-0.553822160,0.821415901,-0.120753422,-0.318908811,0.168492272,-0.094957881,-1.084642887,-0.420130491,0.247901261
562,11239.980,1786879893050.452,14680868.387,0.000000000,-0.920949042,0.248686343,-0.123958334,1.185598135,-0.304511160,-0.149779946,-0.747205794,-0.045993563,-0.048978154,1.730332017,-0.794254363,-0.011355650,0.070119418,-0.027229331,0.327560008,0.207632199,0.501569033,-0.336417735,0.323746890,0.153089523,-0.559823871,0.811654389,-0.103740208,-0.323291570,0.167666063,-0.099574640,-1.082131386,-0.423246950,0.250954092
563,11259.980,1786879893070.451,14680888.386,0.000000000,-0.928444445,0.288175434,-0.094532393,1.157418370,-0.258555263,-0.118710227,-0.696011603,-0.065159425,-0.039840743,1.812065363,-0.802721381,-0.016730534,0.071077608,-0.015712500,0.314151764,0.200458869,0.486087173,-0.337493837,0.357872546,0.144656777,-0.558584929,0.792116642,-0.079814121,-0.337055326,0.164821312,-0.104130462,-1.068416834,-0.425429076,0.246868014
564,11279.979,1786879893090.450,14680908.385,0.000000000,-0.940933943,0.315024257,-0.063375883,1.141452193,-0.268293530,-0.099158667,-0.643176138,-0.082049735,-0.024960851,1.803175926,-0.838200450,-0.026119169,0.081924461,-0.015305467,0.299121946,0.192396596,0.469445527,-0.335813969,0.385616869,0.133018017,-0.545599163,0.774451613,-0.063688710,-0.350089222,0.164223194,-0.107209004,-1.046279788,-0.425770253,0.239161685
565,11299.981,1786879893110.452,14680928.387,0.000000000,-0.952446103,0.324001938,-0.036079146,1.139837980,-0.312799096,-0.106543392,-0.612343788,-0.096978009,-0.017495427,1.744388461,-0.872570992,-0.036729213,0.100689508,-0.030481732,0.295237809,0.186269179,0.459806114,-0.331632763,0.394701362,0.121606857,-0.528777659,0.763619006,-0.065625235,-0.360116959,0.165412918,-0.114870861,-1.016216040,-0.426751465,0.230044588
566,11319.978,1786879893130.449,14680948.384,0.000000000,-0.972962976,0.322611928,-0.021694452,1.152883291,-0.347373933,-0.124013588,-0.616074383,-0.104186334,-0.013850269,1.656259418,-0.881725788,-0.044118982,0.117856942,-0.047718439,0.298275530,0.185286745,0.455875903,-0.328898013,0.393402696,0.111109734,-0.521075368,0.758776307,-0.088593900,-0.371632487,0.169995338,-0.126861766,-0.986177027,-0.430250645,0.216566741
567,11339.978,1786879893150.450,14680968.385,0.000000000,-0.989964247,0.307953149,-0.049142532,1.172754288,-0.358320564,-0.130142793,-0.638964534,-0.092403531,-0.019266916,1.683850288,-0.858947992,-0.022709286,0.107136436,-0.032727458,0.327512532,0.182854503,0.450843990,-0.331378698,0.392109782,0.100417159,-0.519762695,0.754757583,-0.122357786,-0.386657983,0.173465744,-0.138788909,-0.963473618,-0.434529692,0.198164672
568,11359.978,1786879893170.449,14680988.384,0.000000000,-1.024575114,0.292329460,-0.105741650,1.186533451,-0.363733351,-0.123781800,-0.668800116,-0.064714082,-0.047765862,1.713718295,-0.854764342,-0.006615410,0.086452916,0.004930289,0.336038202,0.186677977,0.443231791,-0.338458687,0.400605917,0.093120925,-0.519513190,0.750374854,-0.139002994,-0.394421041,0.175854504,-0.140987635,-0.952984929,-0.437935799,0.181717783
569,11379.980,1786879893190.451,14681008.386,0.000000000,-1.055731893,0.273143739,-0.147470087,1.215830922,-0.367127299,-0.124467991,-0.717309237,-0.041966394,-0.052300204,1.736258864,-0.864522755,0.006043734,0.092028998,0.014956065,0.319075763,0.196944669,0.441083342,-0.341781586,0.414887995,0.087835573,-0.517666757,0.750289202,-0.132687658,-0.386120945,0.178379253,-0.134209752,-0.955978692,-0.441010416,0.176169202
570,11399.978,1786879893210.449,14681028.385,0.000000000,-1.056111813,0.245902136,-0.178005338,1.279052496,-0.360284001,-0.126427054,-0.754372954,-0.032894168,-0.049304210,1.740929842,-0.857255936,0.014930386,0.103461653,0.007747102,0.301380098,0.210305318,0.441887021,-0.341306061,0.434296548,0.081753574,-0.514190495,0.760441899,-0.118115276,-0.369037420,0.182772085,-0.119572356,-0.970530570,-0.447281659,0.180576026
571,11419.982,1786879893230.453,14681048.388,0.000000000,-1.054241657,0.214139342,-0.210846350,1.310390949,-0.376042753,-0.141099960,-0.767512441,-0.033216611,-0.059624553,1.724952459,-0.832571387,0.019203681,0.102882616,0.003451670,0.297013193,0.223392561,0.446083397,-0.337644637,0.452271819,0.078318857,-0.507934570,0.778881967,-0.106672734,-0.353281736,0.186891705,-0.103855804,-0.992890775,-0.456208915,0.195645437
572,11439.980,1786879893250.452,14681068.387,0.000000000,-1.043090224,0.206675217,-0.211823151,1.340159893,-0.406430840,-0.149302453,-0.781854093,-0.025073158,-0.067349106,1.707801342,-0.823164523,0.025268715,0.108037807,-0.000935338,0.285813540,0.242071480,0.454561293,-0.331744075,0.463015795,0.074770793,-0.498656511,0.798234105,-0.094362251,-0.344303876,0.192439124,-0.092003591,-1.012596011,-0.464656472,0.218498603
573,11459.978,1786879893270.449,14681088.385,0.000000000,-1.026163936,0.221099243,-0.200470075,1.325043797,-0.392305225,-0.153894663,-0.799493253,-0.008110921,-0.051161710,1.754111052,-0.799032092,0.026506625,0.129581600,-0.016128331,0.283400506,0.249713451,0.468369633,-0.327007502,0.465609819,0.065186821,-0.490938723,0.805901766,-0.083122954,-0.340574026,0.193991378,-0.091232300,-1.017990351,-0.467918277,0.233818918
574,11479.978,1786879893290.449,14681108.384,0.000000000,-0.999462187,0.276086062,-0.171758279,1.281169653,-0.317315280,-0.162014276,-0.779606223,0.014165467,-0.036635254,1.908844829,-0.757958949,0.022309344,0.169642344,-0.028900594,0.297853529,0.235694557,0.482342899,-0.321834058,0.483231723,0.047235414,-0.480428457,0.798630834,-0.061989669,-0.345872015,0.189382568,-0.101252325,-1.010125279,-0.469319940,0.240365505
575,11499.978,1786879893310.449,14681128.384,0.000000000,-0.998356640,0.345503479,-0.132895738,1.213339686,-0.238430262,-0.118118800,-0.711865366,0.012454845,-0.057183009,2.014289856,-0.777067125,0.017660582,0.206907853,-0.021880668,0.293789297,0.198962495,0.473812640,-0.318524331,0.530543864,0.032532148,-0.466112882,0.772661984,-0.024860531,-0.363649398,0.179697171,-0.112062916,-0.992750049,-0.468568891,0.226669371
576,11519.979,1786879893330.451,14681148.386,0.000000000,-1.008073807,0.401984781,-0.080128543,1.112180233,-0.266152203,-0.116421588,-0.632486820,0.011193550,-0.079084300,2.022333384,-0.832014561,0.001086123,0.234226495,-0.014421553,0.269875944,0.165458933,0.453830808,-0.318163246,0.575097084,0.012994556,-0.443164736,0.744591534,0.008864517,-0.388496339,0.174491048,-0.119226187,-0.969651043,-0.467221797,0.202790365
577,11539.978,1786879893350.450,14681168.385,0.000000000,-1.016756773,0.409641147,-0.033775199,1.058898568,-0.284030348,-0.126935065,-0.571312726,-0.001266321,-0.094174035,1.944724441,-0.879073918,-0.027302952,0.255666077,-0.025683705,0.258404225,0.140472829,0.434927940,-0.320065260,0.594603002,-0.010090576,-0.419337869,0.723725379,0.018639566,-0.419050813,0.170446813,-0.126775950,-0.936328292,-0.467195809,0.176628813
578,11559.978,1786879893370.449,14681188.384,0.000000000,-1.026353121,0.393996447,0.002769011,1.040688038,-0.314222813,-0.150284737,-0.547411561,-0.019496191,-0.106594853,1.829815269,-0.883869052,-0.055904564,0.273777395,-0.043888476,0.266586095,0.127337858,0.421133935,-0.325886488,0.595772445,-0.031727623,-0.407926828,0.713067770,-0.008532624,-0.458969325,0.169833794,-0.137110069,-0.892818451,-0.468735278,0.152614176
579,11579.978,1786879893390.449,14681208.384,0.000000000,-1.035127640,0.361247301,-0.005179544,1.080880642,-0.313153803,-0.151364461,-0.568918526,-0.034274507,-0.101240382,1.806023955,-0.880629480,-0.051485319,0.264102608,-0.045684930,0.299945563,0.128411800,0.412762523,-0.334151864,0.589001715,-0.047016148,-0.407884896,0.707807660,-0.075322442,-0.501712322,0.174735963,-0.147405818,-0.851554394,-0.470493853,0.129398882
580,11599.978,1786879893410.449,14681228.384,0.000000000,-1.068276525,0.332728267,-0.057531759,1.111256123,-0.310238570,-0.139974132,-0.604707122,-0.023177620,-0.126774043,1.842269540,-0.870154858,-0.033940472,0.220562056,-0.000485849,0.321159095,0.136479110,0.400226772,-0.345821887,0.593984604,-0.059042152,-0.408742964,0.698222280,-0.135465741,-0.531384230,0.177321732,-0.147076607,-0.821727395,-0.470361859,0.102812447
581,11619.981,1786879893430.452,14681248.387,0.000000000,-1.113322854,0.310029835,-0.112391092,1.134777069,-0.313508332,-0.124690145,-0.659360230,0.002026970,-0.146686822,1.869955659,-0.877755225,-0.015050278,0.195185244,0.033980217,0.305650055,0.151557624,0.389391333,-0.348161936,0.613364995,-0.064728178,-0.407049924,0.689620018,-0.158678189,-0.532016337,0.177787974,-0.131180853,-0.810711026,-0.469159633,0.079260059
582,11639.979,1786879893450.450,14681268.385,0.000000000,-1.134558558,0.281035244,-0.159422919,1.195896864,-0.314462960,-0.104675882,-0.714359999,0.017518628,-0.133553073,1.891960740,-0.881611228,0.004805830,0.202521771,0.023859346,0.284191012,0.169205114,0.391022801,-0.338767529,0.634908676,-0.069096625,-0.401937127,0.692949891,-0.155489817,-0.513630748,0.181271702,-0.106973574,-0.814274788,-0.468713194,0.066892058
583,11659.979,1786879893470.450,14681288.385,0.000000000,-1.135265827,0.234364927,-0.210074514,1.267633200,-0.327725053,-0.093294986,-0.744938254,0.016904976,-0.126359627,1.893984437,-0.867615521,0.018859988,0.202965885,0.001153697,0.270486742,0.186399415,0.399845988,-0.321908176,0.660226047,-0.074179783,-0.392959177,0.710056245,-0.145946160,-0.494554907,0.190158129,-0.081480853,-0.831071675,-0.473343551,0.068698883
584,11679.979,1786879893490.450,14681308.385,0.000000000,-1.134179354,0.173633412,-0.266753018,1.364209056,-0.351809353,-0.087611616,-0.762947381,0.004962103,-0.137358308,1.877772331,-0.842319727,0.029233547,0.186827615,-0.015652655,0.253047913,0.207375064,0.412424475,-0.303067565,0.679784536,-0.079607800,-0.375014752,0.736292064,-0.136045054,-0.481502175,0.198841840,-0.059197154,-0.854086518,-0.485852867,0.083848059
585,11699.978,1786879893510.449,14681328.385,0.000000000,-1.129862785,0.130967557,-0.312539935,1.444885850,-0.378734976,-0.102747627,-0.783098936,0.004690306,-0.147997081,1.859974980,-0.833428025,0.044162128,0.184316337,-0.024165815,0.234728858,0.225893930,0.425606012,-0.283115625,0.684127569,-0.087254152,-0.347130388,0.761366546,-0.128047228,-0.481208235,0.202675521,-0.042526208,-0.864097893,-0.502201140,0.104417756
586,11719.981,1786879893530.452,14681348.387,0.000000000,-1.104511976,0.142422169,-0.314854831,1.464207292,-0.381587267,-0.128861755,-0.805568397,0.022967216,-0.123296395,1.933555007,-0.790262103,0.054379635,0.219691858,-0.038751446,0.236611500,0.228780776,0.442629069,-0.274732739,0.674572349,-0.097034499,-0.322994560,0.772320986,-0.122402303,-0.492495865,0.200684011,-0.038763996,-0.857652247,-0.511457324,0.113350533
587,11739.980,1786879893550.451,14681368.386,0.000000000,-1.067601562,0.226883292,-0.289855778,1.438300490,-0.333146989,-0.119570248,-0.776671052,0.071724169,-0.097481810,2.155531406,-0.723632634,0.051101759,0.303659767,-0.032149989,0.256423503,0.203235611,0.460471958,-0.278383434,0.673725009,-0.110152021,-0.293460429,0.764217317,-0.101192228,-0.529265642,0.189544559,-0.044244703,-0.833471894,-0.515582204,0.104778513
588,11759.979,1786879893570.450,14681388.385,0.000000000,-1.059896588,0.344891906,-0.224209219,1.313067794,-0.345914781,-0.085952438,-0.693261862,0.100243486,-0.115156271,2.274123907,-0.743328393,0.038448654,0.388072819,-0.023799717,0.246231735,0.154615358,0.461577833,-0.283464700,0.704431951,-0.121735446,-0.269416064,0.733142912,-0.053379625,-0.555908144,0.176845685,-0.044980261,-0.806737781,-0.504968822,0.070013836
589,11779.980,1786879893590.451,14681408.386,0.000000000,-1.067008257,0.425342411,-0.114635907,1.139218569,-0.451148003,-0.137809426,-0.600712359,0.110792294,-0.140107259,2.273371458,-0.795845747,0.018514633,0.444681287,-0.041717235,0.214530155,0.111501090,0.455417603,-0.291239023,0.734329998,-0.141517535,-0.245954722,0.699784756,-0.003820678,-0.571832001,0.174898982,-0.044709008,-0.781139612,-0.489941269,0.021522351
590,11799.978,1786879893610.449,14681428.385,0.000000000,-1.079973817,0.430713415,-0.015707150,1.049098015,-0.455464631,-0.161768943,-0.530349076,0.112297058,-0.163511917,2.195500851,-0.824630082,-0.003429638,0.479180574,-0.051038247,0.181748107,0.075541720,0.434256315,-0.317324430,0.762421191,-0.179860920,-0.229691252,0.673859000,0.029633233,-0.615766764,0.172889501,-0.048991483,-0.743222535,-0.488178730,-0.030820768
591,11819.978,1786879893630.449,14681448.384,0.000000000,-1.078871012,0.391632885,-0.036189400,1.102306128,-0.372858465,-0.131033123,-0.501751900,0.103418745,-0.148317605,2.107233524,-0.845096886,-0.021395858,0.540329754,-0.062925749,0.197639570,0.037480645,0.412580699,-0.351557553,0.797448695,-0.229114592,-0.222706810,0.656213999,0.010991366,-0.684834242,0.171173453,-0.045272112,-0.686202466,-0.496612847,-0.073896922
592,11839.978,1786879893650.449,14681468.384,0.000000000,-1.081119299,0.344232768,-0.119301036,1.180470824,-0.350314349,-0.106954716,-0.524071455,0.081278801,-0.153028235,2.088470936,-0.936236858,-0.021419784,0.547056735,-0.053147368,0.237161353,0.017492315,0.401624829,-0.378067404,0.838702619,-0.255672574,-0.217142954,0.647010684,-0.078165054,-0.756287813,0.182801411,-0.027969746,-0.632123172,-0.508954585,-0.101279072
593,11859.981,1786879893670.452,14681488.387,0.000000000,-1.104053855,0.288097322,-0.204751521,1.206979513,-0.360800803,-0.096529722,-0.570975482,0.057420764,-0.214232996,2.103162766,-0.901197851,-0.004740276,0.467008710,-0.005644189,0.274958551,0.009511569,0.399358511,-0.395942181,0.885481000,-0.267905414,-0.204041883,0.637116492,-0.181621879,-0.811337113,0.191484347,-0.002165460,-0.596927166,-0.520709872,-0.129839405
594,11879.979,1786879893690.450,14681508.385,0.000000000,-1.169325233,0.258007735,-0.235786393,1.225453138,-0.368187189,-0.062495250,-0.641342878,0.041037332,-0.260817498,2.121109962,-0.870270431,0.022878386,0.424121708,0.021675244,0.278842151,0.020209713,0.413815707,-0.398561954,0.888222158,-0.290731102,-0.170268208,0.626489043,-0.216408759,-0.845292270,0.183688909,0.028333457,-0.566931903,-0.525775671,-0.166435853
595,11899.979,1786879893710.450,14681528.385,0.000000000,-1.222865820,0.242356852,-0.253389716,1.318069935,-0.331104994,-0.022855448,-0.710059226,0.028465251,-0.253403693,2.142747402,-0.874559045,0.051647127,0.453289360,-0.003336208,0.266988814,0.049741197,0.453777999,-0.384230256,0.848045290,-0.324282944,-0.139506355,0.626425147,-0.190826774,-0.854080379,0.176402062,0.070897572,-0.539682984,-0.524171054,-0.193461135
596,11919.979,1786879893730.450,14681548.385,0.000000000,-1.242558718,0.218395457,-0.296149880,1.402570128,-0.294823527,-0.006157953,-0.742667556,0.014977626,-0.248556614,2.132879019,-0.848177552,0.072291501,0.490066648,-0.044556368,0.253762633,0.082204521,0.510934234,-0.359383404,0.809198320,-0.353892654,-0.121768638,0.640605032,-0.148642108,-0.841328561,0.182156429,0.124921359,-0.526080787,-0.520333529,-0.197592139
597,11939.978,1786879893750.449,14681568.384,0.000000000,-1.258918762,0.179777995,-0.355249763,1.444942474,-0.276449382,-0.004804885,-0.767297685,-0.008079357,-0.267333567,2.090525627,-0.781440973,0.085916556,0.509029329,-0.098354205,0.220649377,0.106650248,0.581075251,-0.331840962,0.790365934,-0.383375734,-0.106754415,0.665098369,-0.103817977,-0.812007189,0.191036984,0.183794081,-0.522970617,-0.520710111,-0.179500163
598,11959.979,1786879893770.450,14681588.385,0.000000000,-1.273122907,0.158726454,-0.382071435,1.444647074,-0.270252794,-0.012037694,-0.788956463,-0.027153766,-0.280687571,2.049980879,-0.711235762,0.092936896,0.541173935,-0.147079527,0.201311514,0.102143817,0.637752950,-0.312979311,0.783419013,-0.407368153,-0.091457590,0.683510602,-0.062827840,-0.797266662,0.185057744,0.225237831,-0.516599655,-0.527090430,-0.159133047
599,11979.985,1786879893790.456,14681608.391,0.000000000,-1.267509818,0.161548167,-0.415722638,1.461755633,-0.256155550,-0.041548822,-0.821649611,-0.049047165,-0.284652799,2.048729420,-0.600636542,0.075779960,0.648454309,-0.213002443,0.218737528,0.057177693,0.713652551,-0.297192097,0.769270360,-0.432171702,-0.066582486,0.700027823,-0.007768684,-0.808926404,0.160061836,0.279573858,-0.497809976,-0.542445540,-0.130703673
600,11999.979,1786879893810.450,14681628.385,0.000000000,-1.255040288,0.221741229,-0.430580854,1.465874434,-0.253464490,-0.086836055,-0.816121340,-0.047965091,-0.360119522,2.201891661,-0.486070573,0.041494764,0.795283437,-0.219492182,0.248863146,0.022126567,0.766268551,-0.310188234,0.692063093,-0.438018054,-0.063322894,0.714950383,0.032076530,-0.866639376,0.138155639,0.339926869,-0.482135832,-0.553922057,-0.107179850
601,12019.978,1786879893830.449,14681648.385,0.000000000,-1.244159460,0.297658563,-0.418930024,1.447270513,-0.243802324,-0.115666106,-0.770713210,-0.030465256,-0.487521619,2.402739286,-0.389648020,0.023333874,0.919063807,-0.211725906,0.233407021,0.039967239,0.778098047,-0.364515960,0.522908986,-0.385233641,-0.117158130,0.753305018,0.047798935,-0.918884039,0.138664559,0.419146240,-0.479638278,-0.548515022,-0.097076513
602,12039.978,1786879893850.449,14681668.385,0.000000000,-1.231553316,0.327293068,-0.364557773,1.398409128,-0.246798620,-0.124371238,-0.709125817,-0.020098764,-0.538253129,2.476962566,-0.310124069,0.018188337,0.975376129,-0.254428566,0.206349686,0.059566032,0.776043952,-0.398635685,0.453706026,-0.316541016,-0.251111627,0.743168175,0.023884995,-0.925111711,0.155654699,0.511882424,-0.479447871,-0.528809786,-0.099401474
603,12059.978,1786879893870.449,14681688.384,0.000000000,-1.215902090,0.313020617,-0.303072274,1.341133237,-0.260377884,-0.120038442,-0.649089575,-0.027146272,-0.472373873,2.356876850,-0.235100433,0.007669325,0.971517146,-0.321180463,0.206117079,0.063488401,0.770180821,-0.423074633,0.492870539,-0.259553134,-0.480951160,0.684168696,-0.026798209,-0.916421950,0.164184600,0.594477594,-0.471287400,-0.514613748,-0.111601025
604,12079.979,1786879893890.450,14681708.385,0.000000000,-1.200965643,0.314285338,-0.257760137,1.287669420,-0.289514035,-0.123420194,-0.602774203,-0.073711298,-0.478511572,2.295172453,-0.356970102,-0.004022885,0.960510075,-0.375437617,0.244457424,0.026693568,0.762422383,-0.455657870,0.622062087,-0.206902549,-0.770166337,0.588696957,-0.086823396,-0.926267385,0.144691065,0.665975571,-0.447837502,-0.520222366,-0.127941579
605,12099.978,1786879893910.449,14681728.385,0.000000000,-1.203018069,0.362351418,-0.245834246,1.241487741,-0.317508459,-0.121688537,-0.579587340,-0.110659920,-0.531091392,2.248508215,-0.401946872,-0.020770861,0.955889225,-0.374962896,0.285378873,-0.045443621,0.725421190,-0.495816827,0.733854771,-0.157618329,-0.978906333,0.515983880,-0.146799013,-0.959067583,0.093597278,0.739691675,-0.420419663,-0.537185490,-0.145060807
606,12119.978,1786879893930.449,14681748.385,0.000000000,-1.232877254,0.437893540,-0.247863263,1.207690477,-0.337180853,-0.114750303,-0.599156737,-0.141735971,-0.572623730,2.182405710,-0.355346560,-0.042429850,0.992624581,-0.367232442,0.318875372,-0.149515584,0.625480354,-0.523879230,0.779826224,-0.142967865,-0.964450300,0.511662662,-0.184829608,-0.994806528,0.019524010,0.821210206,-0.388548642,-0.550813317,-0.166817978
607,12139.980,1786879893950.451,14681768.386,0.000000000,-1.280172229,0.503510833,-0.281173706,1.210508466,-0.347745121,-0.112473503,-0.627688408,-0.170689613,-0.587218463,2.082626343,-0.244304657,-0.068264075,1.056952953,-0.385487407,0.352096468,-0.272214144,0.509914398,-0.534038007,0.896686375,-0.148312956,-0.900944650,0.513327420,-0.225842759,-1.017495155,-0.042329933,0.915276408,-0.363261312,-0.554223061,-0.189643726
608,12159.978,1786879893970.449,14681788.384,0.000000000,-1.319499969,0.564418256,-0.343283653,1.246417403,-0.343855709,-0.135563210,-0.581068158,-0.177954525,-0.632543504,2.123241425,-0.183540419,-0.065149397,1.103840470,-0.361104727,0.360297889,-0.344416887,0.402071416,-0.524718761,0.995992243,-0.127331987,-0.867148221,0.506028652,-0.292318106,-1.048653841,-0.061247405,0.999353707,-0.353120804,-0.549801230,-0.215143502
609,12179.980,1786879893990.451,14681808.386,0.000000000,-1.321980596,0.594023764,-0.385346740,1.273100376,-0.328324556,-0.137065664,-0.538956344,-0.182006702,-0.654631138,2.218553305,-0.169447437,-0.063028283,1.132446766,-0.374847412,0.365346372,-0.384981573,0.285465956,-0.445811957,1.093977451,-0.123076044,-0.794613540,0.509746194,-0.360652983,-1.053736687,-0.061059523,1.055928707,-0.348244101,-0.545511365,-0.253482968
610,12199.979,1786879894010.450,14681828.385,0.000000000,-1.306357861,0.599194825,-0.349333405,1.286550522,-0.324372828,-0.130413011,-0.543093443,-0.214118570,-0.643026650,2.188749552,-0.116306745,-0.075828649,1.151999950,-0.465487957,0.387607485,-0.434763283,0.153841957,-0.263524652,1.213783026,-0.150226146,-0.653163552,0.536876738,-0.397485882,-1.040188074,-0.057450332,1.077773571,-0.335305899,-0.559489965,-0.300105542
611,12219.979,1786879894030.450,14681848.385,0.000000000,-1.256899834,0.620573461,-0.281006992,1.297567248,-0.309012175,-0.121955298,-0.508513868,-0.246521160,-0.644359589,2.083268642,-0.082775854,-0.121322520,1.159519196,-0.589665651,0.455586076,-0.470202148,0.160841361,-0.127788350,1.228109479,-0.174373165,-0.437645674,0.565995812,-0.460849553,-1.049758315,-0.039400637,1.021762371,-0.318221003,-0.617047787,-0.347572327
612,12239.979,1786879894050.450,14681868.385,0.000000000,-1.205268025,0.638163149,-0.311450243,1.343337297,-0.289300203,-0.118643790,-0.411732286,-0.232739180,-0.662558615,1.997259974,-0.005505726,-0.134966344,1.165090442,-0.577971041,0.521971762,-0.479721397,0.209184259,-0.115414061,1.188681841,-0.161636367,-0.276732296,0.552514613,-0.515197992,-1.120232701,-0.033559177,0.972156763,-0.300506711,-0.658418298,-0.383037239
613,12259.983,1786879894070.454,14681888.389,0.000000000,-1.194995403,0.664137363,-0.380482405,1.404440045,-0.274564922,-0.127202839,-0.353183210,-0.205948606,-0.643348217,1.901025891,0.129486933,-0.141216785,1.166039944,-0.555216074,0.540271699,-0.427538335,0.294010848,-0.143924773,1.120433092,-0.145072162,-0.120082252,0.506399572,-0.598104119,-1.225893974,-0.022084674,0.939902186,-0.267400920,-0.698459864,-0.426670760
614,12279.985,1786879894090.456,14681908.391,0.000000000,-1.173254967,0.666244030,-0.397190660,1.448247671,-0.273057252,-0.139187872,-0.362252206,-0.225355461,-0.553025723,1.801686764,0.237475425,-0.146238923,1.234566331,-0.539696872,0.537122369,-0.333738863,0.356337219,-0.156822041,1.056151509,-0.138373792,-0.020596681,0.464829057,-0.640234828,-1.321703315,-0.019517587,0.955914795,-0.209620416,-0.718856156,-0.479367405
615,12299.982,1786879894110.453,14681928.388,0.000000000,-1.133261085,0.635863423,-0.375920296,1.460444570,-0.283306479,-0.152714089,-0.394858271,-0.279691935,-0.463764220,1.715853214,0.312930971,-0.139440089,1.361113310,-0.529988825,0.528385580,-0.228781596,0.411202222,-0.176255286,1.012204885,-0.109230891,0.037117802,0.414807945,-0.650852203,-1.389497995,-0.022441035,1.017600894,-0.150205567,-0.724687338,-0.536809504
616,12319.981,1786879894130.452,14681948.387,0.000000000,-1.086509109,0.615133882,-0.359713048,1.411006212,-0.302108288,-0.178121030,-0.410411239,-0.319482088,-0.434894979,1.711742043,0.370551616,-0.111243196,1.479760289,-0.527181566,0.514818072,-0.157269746,0.419584125,-0.250290126,1.024529219,-0.031038549,0.041726992,0.333828270,-0.715135753,-1.413097620,-0.015959581,1.075787067,-0.112201653,-0.721607804,-0.582828999
617,12339.979,1786879894150.450,14681968.385,0.000000000,-1.052125931,0.590205967,-0.360846043,1.329587936,-0.324730814,-0.201940864,-0.404425204,-0.345308542,-0.471558958,1.737657189,0.428254545,-0.083137080,1.577316999,-0.526624084,0.516832352,-0.066862620,0.411046356,-0.245120630,1.018946171,-0.039084956,0.060397509,0.337930262,-0.803297341,-1.433205605,-0.018483726,1.110312700,-0.089018725,-0.725441754,-0.627161562
618,12359.978,1786879894170.449,14681988.385,0.000000000,-1.050490022,0.536079168,-0.365517914,1.241973877,-0.343954086,-0.212081537,-0.390787512,-0.374309599,-0.542354882,1.721209645,0.456146866,-0.066687040,1.657130003,-0.525193393,0.528743804,0.031420279,0.422291785,-0.223563433,1.017400742,-0.060047910,0.109788395,0.332301676,-0.906112432,-1.459675550,-0.010983892,1.132985115,-0.081000246,-0.722201765,-0.657335520
619,12379.980,1786879894190.451,14682008.386,0.000000000,-1.054559469,0.473114103,-0.341252357,1.152652621,-0.340910763,-0.212966233,-0.356210142,-0.419879675,-0.614527822,1.672843456,0.436139077,-0.054285601,1.679833889,-0.519797325,0.528971314,0.149207443,0.447093099,-0.172518209,1.054425359,-0.073985435,0.172599360,0.317786515,-1.027346134,-1.449546933,0.009880455,1.095679879,-0.084745266,-0.715285897,-0.669966102
620,12399.980,1786879894210.451,14682028.386,0.000000000,-1.062596798,0.411798626,-0.286477894,1.070007205,-0.306678295,-0.209227800,-0.309069514,-0.488476425,-0.678148866,1.647056222,0.367102265,-0.030052241,1.662322998,-0.516085088,0.516506135,0.274436176,0.479839832,-0.110366292,1.135731459,-0.079936251,0.248973250,0.297262669,-1.101864576,-1.408413649,0.038432412,1.051050901,-0.104923278,-0.711477518,-0.677909553
621,12419.981,1786879894230.452,14682048.387,0.000000000,-1.082801580,0.361057699,-0.233724147,1.008434534,-0.254692882,-0.187178984,-0.272166133,-0.555805445,-0.713780642,1.646936297,0.318450004,-0.008386334,1.634887218,-0.515940011,0.497103781,0.402151793,0.521641493,-0.049347542,1.238342285,-0.081098445,0.327510923,0.274119437,-1.124195933,-1.371328950,0.063638605,1.033203483,-0.140682071,-0.712730348,-0.678659379
622,12439.980,1786879894250.451,14682068.386,0.000000000,-1.112154007,0.318366528,-0.198388055,0.978776395,-0.188632295,-0.157130256,-0.235520825,-0.620846927,-0.727798522,1.643910050,0.288983464,0.004837355,1.616391063,-0.508433402,0.495351374,0.530158818,0.575696528,0.022343753,1.331539035,-0.077709287,0.392221093,0.251445860,-1.136367083,-1.360462189,0.086449035,1.038121462,-0.180664614,-0.705396593,-0.672012269
623,12459.979,1786879894270.451,14682088.386,0.000000000,-1.148710012,0.286821902,-0.190174952,0.978518903,-0.117553875,-0.123563603,-0.199552730,-0.671805799,-0.729407012,1.635996819,0.260802537,0.013901588,1.605096459,-0.492136627,0.490051538,0.666159570,0.597299159,0.043887086,1.365381837,-0.032401424,0.405089706,0.138910472,-1.131820798,-1.361440539,0.102457419,1.058867335,-0.211401895,-0.682683051,-0.668334424
624,12479.980,1786879894290.451,14682108.386,0.000000000,-1.191838622,0.262994885,-0.193842411,0.989169538,-0.061154459,-0.096556254,-0.172634408,-0.715478361,-0.732119977,1.621467233,0.236975744,0.021221826,1.605042815,-0.490160763,0.486940682,0.759565353,0.591132045,0.050397199,1.425789356,-0.012508842,0.425392658,0.114446074,-1.105333090,-1.365487456,0.110308252,1.084366679,-0.228641421,-0.644640088,-0.675100207
625,12499.981,1786879894310.452,14682128.387,0.000000000,-1.213262200,0.254450262,-0.196751505,0.997732878,-0.033589236,-0.081249438,-0.152188495,-0.736165881,-0.728903472,1.603723884,0.228234857,0.023801491,1.618819714,-0.484486401,0.491629124,0.808586776,0.592640698,0.085309222,1.478561640,-0.003143698,0.450192302,0.122340411,-1.072926283,-1.375893712,0.110713154,1.104168534,-0.231592417,-0.607085347,-0.687307477
626,12519.979,1786879894330.450,14682148.385,0.000000000,-1.227487206,0.247162521,-0.199951842,1.009871006,-0.006389371,-0.062367942,-0.133342475,-0.748363018,-0.711586177,1.573940635,0.223558769,0.021050014,1.639138222,-0.471656352,0.501419842,0.894318163,0.605587602,0.187322497,1.503152490,-0.000364326,0.470068961,0.117423370,-1.038025737,-1.382587671,0.109092027,1.122624874,-0.229322314,-0.547533095,-0.704496086
627,12539.981,1786879894350.452,14682168.387,0.000000000,-1.233606577,0.230140656,-0.196960643,1.023102283,0.016755391,-0.044410549,-0.131060779,-0.758683860,-0.687937856,1.549213648,0.218834713,-0.014920706,1.655547023,-0.466171384,0.519755483,0.980150700,0.619231761,0.215769351,1.519998193,-0.000274779,0.472840190,0.111919552,-1.014354467,-1.378710151,0.102399446,1.129638910,-0.224371046,-0.485970169,-0.720080733
628,12559.978,1786879894370.450,14682188.385,0.000000000,-1.226462722,0.214427426,-0.191247463,1.033303499,0.032156549,-0.029935706,-0.153689697,-0.776675522,-0.668547869,1.566407323,0.221270978,-0.094092183,1.644882798,-0.453089625,0.518554807,1.072790504,0.637290359,0.269609988,1.518849611,-0.002532634,0.461571187,0.102129720,-0.993902326,-1.365583897,0.090438083,1.130430222,-0.219680667,-0.433483303,-0.736134350
629,12579.978,1786879894390.449,14682208.385,0.000000000,-1.215530157,0.211234823,-0.173295334,1.022100210,0.036351290,-0.012325667,-0.189413786,-0.774151564,-0.647277892,1.566678524,0.242858857,-0.131231919,1.634569645,-0.456724107,0.520335317,1.149284601,0.665777326,0.308208317,1.524335504,-0.014462556,0.442863613,0.093734346,-0.968464136,-1.351808786,0.075267762,1.138690114,-0.212270051,-0.392749488,-0.749798656
630,12599.978,1786879894410.449,14682228.385,0.000000000,-1.211431146,0.220328614,-0.151563868,1.000086427,0.036475543,0.008727517,-0.226267084,-0.758498132,-0.640407205,1.521667004,0.293088913,-0.143981442,1.638960481,-0.484087914,0.525297940,1.215608120,0.705213606,0.336519063,1.537614942,-0.038582094,0.422464520,0.088427447,-0.953374088,-1.333313584,0.068378292,1.169264436,-0.198731467,-0.357111543,-0.750535727
631,12619.978,1786879894430.449,14682248.384,0.000000000,-1.206957459,0.238473639,-0.132641479,0.972848475,0.035712078,0.024461845,-0.245639339,-0.749912441,-0.663127959,1.466206193,0.317975461,-0.142326370,1.650193334,-0.503801465,0.525531292,1.273581982,0.755759656,0.395947069,1.555294633,-0.066171512,0.404930294,0.080794550,-0.998245180,-1.306268692,0.072362691,1.191256642,-0.191804126,-0.323352218,-0.734456718
632,12639.979,1786879894450.450,14682268.385,0.000000000,-1.200454712,0.246756241,-0.137104705,0.947868466,0.035107430,0.035252109,-0.250400364,-0.743877172,-0.689624667,1.451290131,0.393532336,-0.175615758,1.654235244,-0.505816817,0.516939282,1.323522329,0.815736234,0.476319462,1.569839120,-0.089952126,0.388150841,0.071224220,-1.055546522,-1.286855578,0.074838199,1.209098220,-0.190309614,-0.296517223,-0.719667554
633,12659.980,1786879894470.451,14682288.386,0.000000000,-1.199192166,0.256072462,-0.147694632,0.930697978,0.038396228,0.040558968,-0.252521098,-0.741715372,-0.719039202,1.470394611,0.392956913,-0.156198174,1.637845397,-0.498968750,0.488284975,1.367737293,0.877670288,0.567910850,1.579048753,-0.102216214,0.371628940,0.064612858,-1.110993028,-1.271640539,0.080678456,1.226158023,-0.196045354,-0.278435469,-0.707503259
634,12679.980,1786879894490.452,14682308.387,0.000000000,-1.199418783,0.275794923,-0.146020070,0.917571008,0.048234407,0.042727862,-0.265221715,-0.747515440,-0.749366522,1.492653608,0.388347387,-0.141009659,1.633963346,-0.497232497,0.464712709,1.402034163,0.945035756,0.670739949,1.582353830,-0.107174724,0.355274349,0.063310437,-1.161572337,-1.263059139,0.090312496,1.254198194,-0.207895905,-0.269994825,-0.695738494
635,12699.983,1786879894510.454,14682328.389,0.000000000,-0.082862191,-0.006966074,0.023045238,0.129487932,-0.032070480,0.000076573,-0.104730763,-0.039102104,-0.105428196,0.167435810,-0.035868563,-0.015294282,0.059300493,-0.022175062,-0.024607209,-0.031516351,-0.009041834,0.009231794,0.039021257,-0.012597183,-0.008209421,-0.022323227,-0.010625673,-0.030755987,0.007937429,0.047588415,-0.016163627,-0.051745206,-0.040321700
636,12719.981,1786879894530.452,14682348.387,0.000000000,-0.197100803,-0.006252842,0.056655429,0.385874331,-0.083337605,-0.026868645,-0.197320089,-0.046567749,-0.006218876,0.310751647,-0.112032235,-0.070489526,0.254560888,-0.084030062,0.049310002,-0.160803422,-0.034048662,0.047010418,0.193396479,-0.028865280,-0.034645919,-0.057065092,-0.107753083,-0.174130246,0.049409401,0.258147061,-0.063520767,-0.183015883,-0.184693709
637,12739.980,1786879894550.451,14682368.386,0.000000000,-0.320043176,0.014453109,0.003488545,0.596546829,-0.061234713,-0.092268594,-0.265426576,-0.021599179,0.142684996,0.394149482,-0.119886361,-0.065035217,0.454842657,-0.134337470,0.166968569,-0.285544753,-0.025080731,0.081105046,0.358487993,-0.030412523,-0.045345291,-0.051260106,-0.255631238,-0.346403241,0.118424587,0.522632957,-0.109322987,-0.249847695,-0.277537405
638,12759.980,1786879894570.451,14682388.386,0.000000000,-0.391764075,0.063438453,-0.075767867,0.702766895,-0.055595826,-0.139139667,-0.296360105,0.014165576,0.173271298,0.444148034,-0.125690073,-0.074774228,0.594846904,-0.145675167,0.267970026,-0.355053097,0.009196781,0.102877386,0.454033971,-0.029455930,-0.023751531,-0.036009178,-0.372196019,-0.456235558,0.179634139,0.706200778,-0.133618727,-0.257393837,-0.306015283
639,12779.980,1786879894590.451,14682408.386,0.000000000,-0.446652412,0.155192316,-0.179574370,0.781042218,-0.065636426,-0.176816866,-0.315706640,0.086593032,0.248387277,0.477497131,-0.122973695,-0.074948274,0.771191716,-0.158019707,0.383539379,-0.380558848,0.089807115,0.147433057,0.528448462,-0.020421803,0.023234824,-0.011352642,-0.518227339,-0.539915860,0.255310535,0.904615343,-0.139944613,-0.241684124,-0.308197021
640,12799.980,1786879894610.451,14682428.386,0.000000000,-0.448576927,0.230310708,-0.282472998,0.832105875,-0.094267346,-0.188136965,-0.306661814,0.160630062,0.321930498,0.522487402,-0.123610385,-0.048909232,0.898944974,-0.154712260,0.479516029,-0.330119908,0.184638619,0.220892712,0.573283970,0.000024209,0.065389469,0.022550372,-0.649959862,-0.561527133,0.301874787,1.041863561,-0.122822374,-0.225858614,-0.301347256
641,12819.979,1786879894630.450,14682448.385,0.000000000,-0.452033550,0.246632710,-0.366694719,0.909285426,-0.109479785,-0.181475252,-0.269727439,0.207782120,0.336020917,0.588737130,-0.154433116,-0.052479200,0.923773468,-0.127705529,0.548861086,-0.208448261,0.264423311,0.304957896,0.598111212,0.031424969,0.113051184,0.066134617,-0.751633584,-0.553386748,0.321118504,1.109066486,-0.099207073,-0.224527001,-0.299141228
642,12839.980,1786879894650.452,14682468.386,0.000000000,-0.467742264,0.207724392,-0.406912804,1.013529897,-0.041925352,-0.166173860,-0.223275438,0.241216213,0.325439066,0.643004537,-0.193156868,-0.054685805,0.910826862,-0.094637655,0.551265121,-0.023889149,0.306551486,0.352738023,0.594908714,0.062944934,0.187972799,0.117365301,-0.776576340,-0.532943904,0.318097293,1.126545429,-0.084684357,-0.238785699,-0.297236204
643,12859.981,1786879894670.452,14682488.387,0.000000000,-0.446271867,0.101446688,-0.392726511,1.085496306,0.019473244,-0.151859239,-0.174224898,0.257651508,0.368111759,0.663339853,-0.214236528,-0.048120379,0.967292845,-0.088652357,0.540839970,0.177894637,0.322487056,0.343156219,0.517447293,0.077526696,0.282055527,0.169008136,-0.730342984,-0.520644426,0.289127231,1.125186563,-0.078192681,-0.271492809,-0.289239973
644,12879.990,1786879894690.461,14682508.396,0.000000000,-0.456321090,-0.034402236,-0.371606201,1.058330894,-0.027047450,-0.137526512,-0.149934620,0.262872308,0.447194666,0.626087666,-0.197429150,-0.034331512,1.076790333,-0.127368286,0.521157920,0.367042065,0.331558615,0.306961447,0.378921568,0.071164243,0.373224258,0.209120765,-0.651286364,-0.510373175,0.239217266,1.128237844,-0.085189275,-0.304675400,-0.264222682
645,12899.982,1786879894710.454,14682528.389,0.000000000,-0.506186306,-0.126759022,-0.402561992,0.974439621,-0.065612651,-0.139484808,-0.151479036,0.302753478,0.562623858,0.598489702,-0.162116781,-0.024280364,1.192502618,-0.167610005,0.480988324,0.541608334,0.318871766,0.266135395,0.233358711,0.052803919,0.436915874,0.238506317,-0.591557622,-0.496669024,0.190868452,1.137926459,-0.118473910,-0.320197552,-0.217258081
646,12919.990,1786879894730.462,14682548.397,0.000000000,-0.570390284,-0.137371451,-0.448469520,0.898948789,-0.067516714,-0.127614334,-0.193088487,0.295185864,0.441145122,0.697510660,-0.180329382,-0.035226360,1.224465847,-0.132115453,0.413981497,0.685182691,0.255618960,0.215637878,0.145265728,0.025376892,0.450115949,0.257617384,-0.560349882,-0.511419833,0.156002089,1.118490934,-0.190029576,-0.320385933,-0.167445004
647,12939.985,1786879894750.457,14682568.392,0.000000000,-0.625638425,-0.090071037,-0.451885879,0.837192118,-0.070516787,-0.111667715,-0.220962569,0.212765127,0.173585981,0.861083806,-0.213965714,-0.022229919,1.220995188,-0.050983317,0.331628889,0.791411996,0.186754435,0.155016050,0.115504794,-0.012072959,0.426223248,0.263245583,-0.527954757,-0.535696983,0.129449442,1.066892266,-0.260396987,-0.320145816,-0.147722572
648,12959.981,1786879894770.452,14682588.387,0.000000000,-0.676846206,-0.047968432,-0.443689346,0.772495747,-0.076437928,-0.102060691,-0.228336990,0.089600570,-0.003869804,0.988395870,-0.222413346,-0.002596383,1.224698901,-0.017207004,0.269565195,0.851976097,0.157877669,0.095427863,0.120761834,-0.040787309,0.402785331,0.261081785,-0.497007936,-0.536492109,0.104501896,1.008670807,-0.305553496,-0.332582951,-0.155213043
649,12979.984,1786879894790.455,14682608.390,0.000000000,-0.719769299,-0.031546984,-0.429185271,0.740376234,-0.103094280,-0.086645357,-0.223351300,-0.071339324,-0.130036339,0.988481402,-0.158838391,-0.016805703,1.213072419,-0.042396735,0.250378937,0.866189599,0.165738627,0.041809816,0.137278020,-0.060362138,0.396728694,0.252470821,-0.492030859,-0.506943166,0.083616436,0.958593369,-0.336878687,-0.357320517,-0.168323204
650,12999.978,1786879894810.450,14682628.385,0.000000000,-0.725279987,-0.015419233,-0.397896260,0.732440233,-0.178592399,-0.081371464,-0.208385691,-0.223866448,-0.269392073,0.950161517,-0.054630868,-0.042916317,1.166426659,-0.075111471,0.266221970,0.846523762,0.194850042,-0.015778637,0.127353296,-0.076385431,0.416037500,0.241327658,-0.517940223,-0.468283087,0.071778528,0.906490028,-0.358560801,-0.394503981,-0.175439984
651,13019.980,1786879894830.452,14682648.387,0.000000000,-0.697337091,0.004313522,-0.379336894,0.737881720,-0.213109508,-0.082206406,-0.186094195,-0.277100921,-0.371227115,0.974874318,-0.029137157,-0.040365908,1.116474628,-0.076379180,0.280235738,0.809178293,0.229164764,-0.062607169,0.095462173,-0.087614127,0.437009573,0.236453444,-0.535075963,-0.448125213,0.057542138,0.861681640,-0.370293856,-0.432906598,-0.179909945
652,13039.979,1786879894850.450,14682668.385,0.000000000,-0.656207263,0.008139119,-0.354930043,0.776109695,-0.210088342,-0.074886627,-0.187396467,-0.305817813,-0.435605973,1.031998992,-0.025381990,-0.039065134,1.069378257,-0.096343428,0.302378982,0.737542510,0.301112086,-0.114683978,0.025097065,-0.101757027,0.450059503,0.241157457,-0.530306101,-0.434750617,0.022569077,0.800199509,-0.387982935,-0.492584407,-0.185334414
653,13059.979,1786879894870.450,14682688.385,0.000000000,-0.606435180,0.008503285,-0.317875326,0.810056508,-0.193576589,-0.071546949,-0.202942878,-0.298783660,-0.440785199,1.074270487,-0.059654038,-0.038287673,1.056730509,-0.131466746,0.320754796,0.637072563,0.389217675,-0.144760355,-0.044132534,-0.119729690,0.437275916,0.263024956,-0.491089284,-0.437985152,-0.026507439,0.750413239,-0.403940588,-0.551011860,-0.186566383
654,13079.979,1786879894890.450,14682708.385,0.000000000,-0.585023940,-0.019169902,-0.343701631,0.811411202,-0.091898352,-0.036816370,-0.217946157,-0.274776280,-0.404101372,1.089130163,-0.119748428,-0.067064516,1.071865201,-0.156794488,0.364387572,0.501676798,0.459646463,-0.159382373,-0.101540074,-0.151733175,0.415367544,0.302734107,-0.453664780,-0.458193719,-0.075683162,0.723146975,-0.409981310,-0.601548910,-0.178147376
655,13099.978,1786879894910.449,14682728.385,0.000000000,-0.597076058,-0.019412331,-0.348011732,0.874422133,-0.084670469,-0.059764821,-0.218303367,-0.257657051,-0.382659286,1.094230652,-0.173705593,-0.128641665,1.107239008,-0.156771243,0.413622618,0.361971855,0.509031534,-0.174534246,-0.160046816,-0.190724120,0.388691068,0.357419044,-0.425130427,-0.486173898,-0.117751949,0.713528514,-0.420115978,-0.640475988,-0.157445192
656,13119.980,1786879894930.451,14682748.386,0.000000000,-0.660197318,-0.008663651,-0.376348704,0.984176159,-0.158919305,-0.086334638,-0.220943302,-0.236846983,-0.422567815,1.083716750,-0.205632359,-0.207781419,1.095927596,-0.161052182,0.395031303,0.261569679,0.543066740,-0.189223185,-0.201450393,-0.212018713,0.349454939,0.416194141,-0.393382788,-0.501593649,-0.129195422,0.713805974,-0.445268273,-0.667253137,-0.126547873
657,13139.979,1786879894950.450,14682768.385,0.000000000,-0.742889404,-0.000876906,-0.434855193,1.124735355,-0.227963194,-0.090877697,-0.228371099,-0.214593589,-0.489186227,1.066546917,-0.227507159,-0.276710838,1.061888695,-0.165728733,0.317247629,0.195624337,0.577602744,-0.210877493,-0.214386016,-0.221838966,0.304069340,0.466962337,-0.344552219,-0.512632430,-0.117917076,0.716351271,-0.480534524,-0.696658731,-0.093431763
658,13159.978,1786879894970.449,14682788.384,0.000000000,-0.807110727,0.004462127,-0.502310514,1.276150465,-0.275327772,-0.068468720,-0.236107513,-0.215433359,-0.542068958,1.045869827,-0.195919618,-0.279668421,1.027350426,-0.174169779,0.222100824,0.152657315,0.630155921,-0.232089356,-0.198589712,-0.229507312,0.256711811,0.503769815,-0.289164901,-0.526570320,-0.086854644,0.723929226,-0.510569811,-0.732225060,-0.064980924
659,13179.979,1786879894990.451,14682808.386,0.000000000,-0.824651718,0.016770199,-0.571555674,1.376171112,-0.333054870,-0.045451354,-0.241183460,-0.235041857,-0.578842759,1.090558052,-0.196435317,-0.267927468,0.966215014,-0.155130759,0.147786990,0.121181205,0.690239608,-0.238667116,-0.154834956,-0.231172144,0.211960256,0.528409064,-0.251499236,-0.564210057,-0.036463358,0.735398531,-0.529244483,-0.776886165,-0.046709009
660,13199.979,1786879895010.450,14682828.385,0.000000000,-0.809126556,0.080927975,-0.583138883,1.381819606,-0.384983480,-0.056395173,-0.242956564,-0.256537437,-0.592546344,1.298407674,-0.259521365,-0.223116636,0.912024379,-0.079430707,0.131599173,0.078279853,0.724070489,-0.225339964,-0.097496584,-0.231223240,0.179457456,0.540504575,-0.232912153,-0.654698372,0.018102944,0.729300499,-0.533516467,-0.823768377,-0.048664108
661,13219.981,1786879895030.452,14682848.387,0.000000000,-0.814784288,0.189448789,-0.518871963,1.426424503,-0.417390525,-0.074558891,-0.261948377,-0.231494069,-0.545005798,1.567400694,-0.327651441,-0.175395757,0.914076746,-0.019723279,0.188766897,0.016343102,0.741039515,-0.183559924,-0.033923347,-0.229670107,0.154593050,0.541955769,-0.216425583,-0.737790406,0.047870476,0.696400464,-0.530763447,-0.834154010,-0.073046058
662,13239.980,1786879895050.451,14682868.386,0.000000000,-0.830320776,0.303190678,-0.393282413,1.421784878,-0.492206216,-0.079060212,-0.301288813,-0.191674575,-0.492381424,1.757380486,-0.393497109,-0.133648813,0.941961169,-0.069907837,0.274862319,-0.046698906,0.768691003,-0.131092802,0.030953135,-0.232636333,0.134109125,0.540966630,-0.176088750,-0.749401510,0.058458623,0.648924649,-0.531006277,-0.801998436,-0.113958195
663,13259.979,1786879895070.450,14682888.385,0.000000000,-0.864225447,0.329183698,-0.304214984,1.383434892,-0.488371819,-0.137063444,-0.332379818,-0.152755126,-0.470703512,1.831701994,-0.434079587,-0.110637262,0.948723495,-0.190167621,0.311116666,-0.095704533,0.797894895,-0.119845830,0.093184896,-0.246419117,0.120382600,0.540616751,-0.093046837,-0.718644798,0.068187356,0.607158780,-0.552299976,-0.764915109,-0.156868413
664,13279.980,1786879895090.451,14682908.386,0.000000000,-0.917990506,0.278140157,-0.333084762,1.412609339,-0.449443609,-0.149223298,-0.323695868,-0.113056391,-0.448788732,1.806211948,-0.455048472,-0.105123132,0.922793210,-0.269779533,0.268671334,-0.104331233,0.797982275,-0.161523566,0.150847018,-0.261741728,0.103967562,0.548188925,0.010234944,-0.718351722,0.080769286,0.582047403,-0.597230554,-0.752029538,-0.174459100
665,13299.981,1786879895110.452,14682928.387,0.000000000,-0.946636021,0.216919303,-0.402929127,1.500814795,-0.429087311,-0.124927618,-0.292593986,-0.105541609,-0.415292680,1.735991478,-0.494717479,-0.101841681,0.879240930,-0.281890243,0.230843589,-0.077413984,0.785513818,-0.199648276,0.198490039,-0.267116845,0.077584691,0.561502993,0.052827239,-0.756004870,0.093791194,0.573369324,-0.632501185,-0.755592167,-0.172281444
666,13319.980,1786879895130.451,14682948.386,0.000000000,-0.965643108,0.143897608,-0.483074099,1.599519610,-0.459975034,-0.094139926,-0.282784313,-0.130827382,-0.377821118,1.721873164,-0.655219972,-0.018804608,0.774807274,-0.250134766,0.209183708,-0.016306333,0.763796329,-0.236757204,0.288678885,-0.263607740,0.026941076,0.582614779,0.028461099,-0.850839853,0.120655164,0.562624633,-0.662531853,-0.766784847,-0.166356131
667,13339.980,1786879895150.451,14682968.386,0.000000000,-0.973336697,0.100529835,-0.544433713,1.632772803,-0.496939689,-0.061312746,-0.313914120,-0.170603350,-0.376916766,1.779715776,-0.611783803,0.027218226,0.628560722,-0.167258024,0.226399779,0.031710368,0.744400561,-0.274656713,0.399119288,-0.254350245,-0.012773473,0.591398478,-0.046162438,-0.955386460,0.136838749,0.546236396,-0.669170022,-0.771731853,-0.177977681
668,13359.978,1786879895170.449,14682988.385,0.000000000,-1.014182806,0.093019873,-0.553907096,1.615784407,-0.482235759,-0.020870363,-0.396522671,-0.215616614,-0.363951564,1.830907822,-0.582470000,0.059311807,0.520241201,-0.123654388,0.230536595,0.068635985,0.743480384,-0.315060318,0.487235904,-0.253011376,-0.032463767,0.588573575,-0.086500928,-1.021737337,0.137509093,0.532015145,-0.657809377,-0.763984442,-0.216446340
669,13379.979,1786879895190.450,14683008.385,0.000000000,-1.061601996,0.106688730,-0.535597086,1.593797565,-0.429604322,0.018204119,-0.500523627,-0.256316930,-0.324770451,1.863593936,-0.594318390,0.088835478,0.477786183,-0.117912851,0.212001041,0.111375168,0.746343076,-0.330290556,0.535958111,-0.261977494,-0.044884831,0.586796463,-0.067932479,-1.050409079,0.137158722,0.528875291,-0.634440899,-0.745978355,-0.260681897
670,13399.978,1786879895210.449,14683028.384,0.000000000,-1.092051983,0.130415216,-0.517636538,1.568254948,-0.364640385,0.042637631,-0.569637418,-0.287455499,-0.295215487,1.856310010,-0.611005247,0.106296681,0.473401934,-0.127197802,0.183229104,0.162638590,0.755991697,-0.319929123,0.552911222,-0.275014400,-0.053740699,0.592380941,-0.011860795,-1.039487839,0.144454122,0.539777577,-0.616741717,-0.718158603,-0.288901836
671,13419.979,1786879895230.450,14683048.385,0.000000000,-1.102537870,0.152044922,-0.506551325,1.514703989,-0.296632200,0.037984461,-0.612078786,-0.316063762,-0.271153957,1.831671357,-0.647894561,0.090047196,0.494070679,-0.162604213,0.154111400,0.214191630,0.793999255,-0.300785631,0.548048794,-0.286133528,-0.058788672,0.602465808,0.052834257,-0.993715346,0.161225870,0.563839138,-0.610731184,-0.684400856,-0.295170426
672,13439.978,1786879895250.449,14683068.384,0.000000000,-1.089899659,0.197848007,-0.502491832,1.425311923,-0.245334417,-0.021533061,-0.622269690,-0.310160667,-0.223933190,1.911994338,-0.619666696,0.093939386,0.541734278,-0.194253832,0.149081334,0.243681416,0.858195424,-0.283322483,0.542883754,-0.289640397,-0.058959980,0.609871149,0.100933455,-0.954085112,0.184175655,0.583811283,-0.611398637,-0.649980187,-0.283716977
673,13459.981,1786879895270.452,14683088.387,0.000000000,-1.065328002,0.287424296,-0.454356998,1.285660982,-0.234699234,-0.101935178,-0.578213871,-0.266428828,-0.214671686,2.124185324,-0.516013563,0.093077846,0.600000322,-0.206913054,0.149004117,0.236368179,0.915629268,-0.258287966,0.581515193,-0.295832902,-0.053148665,0.595829010,0.138112947,-0.926929474,0.205896422,0.589567780,-0.627126455,-0.606199861,-0.266282856
674,13479.980,1786879895290.451,14683108.386,0.000000000,-1.034466028,0.335710645,-0.389454275,1.218581796,-0.201331824,-0.116267323,-0.519367576,-0.226779878,-0.208999380,2.260300159,-0.452396035,0.092289291,0.674067318,-0.229515046,0.144624397,0.240272567,0.939123392,-0.293321818,0.491397977,-0.272429109,-0.131402075,0.573796391,0.182864666,-0.914107144,0.213837370,0.587412417,-0.648030281,-0.558875382,-0.252231985
675,13499.979,1786879895310.450,14683128.385,0.000000000,-1.009877205,0.332725763,-0.362815887,1.226092696,-0.171252429,-0.102038428,-0.481248200,-0.209517226,-0.211957186,2.271020412,-0.422904581,0.095806770,0.742730379,-0.266924828,0.147333547,0.221343592,0.915394127,-0.331380099,0.433337122,-0.243038833,-0.281702012,0.527500212,0.202544108,-0.919387758,0.218935341,0.592159808,-0.653435647,-0.518384278,-0.236385092
676,13519.980,1786879895330.452,14683148.387,0.000000000,-0.996412635,0.302271873,-0.360095590,1.226954579,-0.179413304,-0.093286909,-0.482902914,-0.222933501,-0.217328921,2.214035988,-0.469025791,0.092191681,0.731234074,-0.261864156,0.163559213,0.150856495,0.755720139,-0.331965625,0.516254544,-0.241233647,-0.383106112,0.497624815,0.161183849,-0.973252714,0.217232659,0.572244763,-0.634676754,-0.501961529,-0.222805798
677,13539.980,1786879895350.451,14683168.386,0.000000000,-0.992845118,0.296494603,-0.347394973,1.217118740,-0.205064327,-0.083229378,-0.539650440,-0.249589622,-0.219536558,2.176939011,-0.356776536,0.096743166,0.670290172,-0.204732165,0.211711526,0.021174999,0.529854655,-0.288688570,0.688960671,-0.244400725,-0.368577451,0.497799605,0.105001032,-1.045785189,0.185352102,0.549345791,-0.589533389,-0.505568981,-0.234454960
678,13559.980,1786879895370.451,14683188.386,0.000000000,0.000000000,0.000000000,0.000000000,0.000000000,0.000000000,0.000000000,0.000000000,0.000000000,0.000000000,0.000000000,0.000000000,0.000000000,0.000000000,0.000000000,0.000000000,0.000000000,0.000000000,0.000000000,0.000000000,0.000000000,0.000000000,0.000000000,0.000000000,0.000000000,0.000000000,0.000000000,0.000000000,0.000000000,0.000000000
679,13579.979,1786879895390.451,14683208.386,0.000000000,-0.149539307,0.059334453,0.074652076,0.316193551,-0.153795913,-0.074231766,-0.285678148,-0.008659712,-0.112872854,0.561428308,-0.099759765,-0.012039361,0.307387978,-0.021596964,-0.026674565,-0.137400165,0.065097570,-0.165969893,0.147370055,-0.040071148,-0.018260507,0.058714878,0.048688978,-0.086122908,-0.040396158,0.023283202,-0.031210674,-0.118395209,-0.083371215
680,13599.980,1786879895410.451,14683228.386,0.000000000,-0.212203577,0.141388610,0.092496008,0.622701943,-0.276418984,-0.124158077,-0.446076632,0.080832645,-0.065859057,0.938795507,-0.075950272,-0.006206897,0.807761431,-0.061948795,0.042846981,-0.353468895,0.098155148,-0.391522080,0.354496211,-0.073956974,-0.007103207,0.096670926,0.123364203,-0.251867652,-0.115760639,0.112585172,-0.048240799,-0.254267633,-0.160496101
681,13619.980,1786879895430.451,14683248.386,0.000000000,-0.430827588,0.107768886,-0.043356352,0.819628298,-0.322694063,-0.128667116,-0.469537675,0.157590449,0.218536839,0.684113145,-0.122785933,-0.009505918,1.043101430,-0.259481132,0.094679624,-0.432680011,0.184367076,-0.522342205,0.423009157,-0.080493525,0.009489160,0.146039322,0.119872063,-0.381559223,-0.090169229,0.319352925,-0.104850151,-0.319235802,-0.162438780
682,13639.979,1786879895450.450,14683268.385,0.000000000,-0.583461046,0.043289494,-0.161392272,0.861494303,-0.346907616,-0.172337458,-0.404833496,0.154478192,0.503064752,0.541887581,-0.302795112,-0.067768075,1.065582395,-0.379023731,0.248750120,-0.419819206,0.295419782,-0.485435069,0.391993076,-0.027680239,0.015911235,0.209184662,-0.023344098,-0.515890062,0.006376266,0.490652680,-0.168932498,-0.331206769,-0.120446622
683,13659.979,1786879895470.450,14683288.385,0.000000000,-0.564796150,0.120866358,-0.208731830,0.865218639,-0.326466829,-0.227714598,-0.394487143,0.177359596,0.232551128,0.849008083,-0.295435160,-0.086652443,0.956389129,-0.192426428,0.368208200,-0.334261030,0.327552259,-0.350357533,0.371709168,0.073749162,0.045567919,0.267111361,-0.229161948,-0.677326202,0.095454998,0.585664928,-0.212900862,-0.339915752,-0.085096292
684,13679.979,1786879895490.450,14683308.385,0.000000000,-0.575726867,0.261821449,-0.152112305,0.868681431,-0.351336658,-0.254802287,-0.450199306,0.202110529,0.017416319,1.093294621,-0.245142028,-0.037859458,1.035507798,-0.085303277,0.382490069,-0.253850788,0.356291503,-0.322412997,0.373610079,0.112032928,0.108726680,0.285303533,-0.288471162,-0.741130233,0.087854132,0.656733215,-0.237282932,-0.360667527,-0.101893216
685,13699.979,1786879895510.450,14683328.385,0.000000000,-0.634616613,0.293096423,-0.140747383,0.895040214,-0.375920773,-0.242050648,-0.519190729,0.206061915,0.000988356,1.089851141,-0.254772663,-0.010524840,1.204847932,-0.170360655,0.342684656,-0.157074913,0.428879052,-0.307815492,0.380396664,0.106331877,0.137666568,0.295922399,-0.285035372,-0.689229667,0.055025827,0.750557423,-0.244663551,-0.368673027,-0.122199588
686,13719.979,1786879895530.450,14683348.385,0.000000000,-0.668030620,0.204585657,-0.244822741,0.950083613,-0.405089587,-0.221349478,-0.412085295,0.225224808,0.028315272,1.010521412,-0.479396015,-0.068442218,1.121135473,-0.203137279,0.297850847,0.007736290,0.515855134,-0.236832649,0.369778872,0.109419286,0.154634804,0.333539158,-0.370491415,-0.610512674,0.098417118,0.823987007,-0.278029263,-0.365479320,-0.111928418
687,13739.980,1786879895550.452,14683368.387,0.000000000,-0.619366825,0.124837697,-0.250180066,0.970160186,-0.346584141,-0.208210304,-0.300140679,0.242977470,0.038428601,1.017984152,-0.592710733,-0.134951383,0.967980623,-0.155277535,0.304278553,0.158532783,0.557530522,-0.184000611,0.349597156,0.104950622,0.209562480,0.356727898,-0.455979496,-0.568400741,0.143503785,0.824287713,-0.324541986,-0.387682796,-0.088398360
688,13759.979,1786879895570.450,14683388.385,0.000000000,-0.508263469,0.112000056,-0.175717220,0.946734965,-0.159211740,-0.205396622,-0.252594501,0.276261955,0.054746389,1.080908179,-0.596069157,-0.184437245,0.943211973,-0.092600450,0.324280053,0.243601382,0.538746893,-0.176091716,0.303958505,0.100470677,0.314637512,0.353913963,-0.475456059,-0.551615834,0.135320649,0.799044371,-0.361718684,-0.437522411,-0.058925152
689,13779.979,1786879895590.450,14683408.385,0.000000000,-0.459638447,0.103487618,-0.176172718,0.933835924,-0.224661410,-0.215010852,-0.270653069,0.309187055,0.104094490,1.126295447,-0.586211085,-0.188433215,0.970081627,-0.095341876,0.326132774,0.292076081,0.486085147,-0.164190546,0.230066389,0.105911985,0.436631769,0.348742694,-0.468342960,-0.508177519,0.091260061,0.784802556,-0.402995884,-0.474867374,-0.022944320
690,13799.982,1786879895610.453,14683428.388,0.000000000,-0.463540494,0.073451594,-0.221552908,0.958100379,-0.204010487,-0.250013202,-0.275932491,0.314797491,0.127440512,1.136204123,-0.568949401,-0.183279857,0.939177394,-0.103979468,0.360693455,0.314129770,0.409584999,-0.154129282,0.163929120,0.108723700,0.525860846,0.356666267,-0.478814632,-0.447951853,0.047987528,0.754020929,-0.474681020,-0.483668894,0.012405113
691,13819.982,1786879895630.453,14683448.388,0.000000000,-0.481961280,0.054290798,-0.259904146,0.988786697,-0.151993752,-0.266953409,-0.274434328,0.319631547,0.129078075,1.126816273,-0.549886465,-0.178636760,0.877924562,-0.097662762,0.382463276,0.328405052,0.347976148,-0.161058113,0.124008633,0.099234439,0.558634102,0.367074728,-0.486314088,-0.405016541,0.034774907,0.709240437,-0.543290079,-0.483610809,0.035374839
692,13839.981,1786879895650.453,14683468.387,0.000000000,-0.517288327,0.044194363,-0.295098960,1.029837012,-0.080078572,-0.264817804,-0.282254010,0.334675670,0.133936644,1.111354351,-0.522376716,-0.169798687,0.786278725,-0.075506374,0.392547131,0.340686768,0.265523255,-0.183172077,0.088680908,0.069098540,0.548220098,0.377614915,-0.479318857,-0.367466182,0.041560505,0.632932842,-0.625675440,-0.490020514,0.063184358
693,13859.978,1786879895670.449,14683488.384,0.000000000,-0.555180848,0.052298106,-0.314208329,1.056330442,-0.054514777,-0.242581770,-0.311640412,0.354113102,0.148917466,1.104942441,-0.509667039,-0.163243696,0.702792346,-0.048911776,0.364281952,0.358866334,0.218571022,-0.208799735,0.106256761,0.091997273,0.506224036,0.400900543,-0.447223037,-0.349569619,0.068075038,0.557231784,-0.682576358,-0.503047407,0.089702658
694,13879.983,1786879895690.454,14683508.389,0.000000000,-0.582756639,0.058343459,-0.332374513,1.055059314,-0.074184135,-0.196579382,-0.350761056,0.341912925,0.141817212,1.100074053,-0.501245737,-0.155249938,0.600985646,-0.018326662,0.313043773,0.396256596,0.213840097,-0.218778640,0.172833994,0.099862896,0.452058464,0.424376458,-0.400362939,-0.346539199,0.104540527,0.477173835,-0.725430071,-0.511344910,0.111792654
695,13899.981,1786879895710.452,14683528.387,0.000000000,-0.588490844,0.066677034,-0.329948843,1.029502511,-0.146698460,-0.151508182,-0.392852575,0.288556457,0.103514202,1.118443489,-0.512377024,-0.147617429,0.488197982,0.016873183,0.272341907,0.440223068,0.225257829,-0.220206365,0.229252875,0.076129243,0.389399797,0.431565851,-0.348087668,-0.363437623,0.133644760,0.375910401,-0.754183888,-0.505496502,0.121903524
696,13919.982,1786879895730.453,14683548.388,0.000000000,-0.578692853,0.092093311,-0.280631989,0.989520252,-0.244419619,-0.132869691,-0.434630185,0.196752533,0.034353647,1.190682650,-0.542253256,-0.141013846,0.390271276,0.050111163,0.255835801,0.477301180,0.251596481,-0.219436079,0.242565185,0.049313057,0.326458126,0.432062775,-0.295903832,-0.404925078,0.144854948,0.255723894,-0.764112294,-0.485072583,0.114406891
697,13939.980,1786879895750.451,14683568.386,0.000000000,-0.581020474,0.113696001,-0.220876232,0.983841181,-0.228258580,-0.182198018,-0.448110074,0.093163669,-0.038904235,1.296408176,-0.561307788,-0.132652208,0.316830933,0.074057229,0.268014431,0.486947268,0.285062402,-0.207690448,0.228672653,0.034027673,0.257275134,0.432649404,-0.252761394,-0.456961930,0.138225064,0.151302502,-0.761218607,-0.455772489,0.087878950
698,13959.984,1786879895770.456,14683588.391,0.000000000,-0.590089142,0.131222337,-0.142146200,1.004474044,-0.236225024,-0.176975697,-0.441731244,0.000917288,-0.079036154,1.366844654,-0.593679368,-0.128683746,0.278662473,0.064102359,0.285052598,0.470952928,0.321651071,-0.177535951,0.210968718,0.026964653,0.183756724,0.438465446,-0.218089119,-0.484572142,0.123774529,0.085883960,-0.758702040,-0.424373567,0.056577016
699,13979.982,1786879895790.454,14683608.389,0.000000000,-0.607085526,0.153356105,-0.066225030,1.013828158,-0.231378987,-0.167657405,-0.428632021,-0.074277066,-0.107171774,1.402433634,-0.642529547,-0.122654758,0.240538746,0.036811322,0.282196403,0.442634940,0.349823266,-0.136521637,0.203190610,0.019013233,0.102338970,0.453834802,-0.187522218,-0.484262943,0.116077185,0.042804487,-0.764875531,-0.395264387,0.031856801
700,13999.981,1786879895810.452,14683628.387,0.000000000,-0.639483511,0.164642870,-0.018301237,1.033293605,-0.232954785,-0.157642245,-0.413871944,-0.128868088,-0.118152149,1.413983226,-0.686654449,-0.111993365,0.194452465,0.014942905,0.263652921,0.407445610,0.368830919,-0.106676988,0.204430193,0.010308165,0.006487852,0.475503802,-0.156467751,-0.479048610,0.115082033,0.002400378,-0.781328321,-0.377851903,0.008312048
701,14019.978,1786879895830.450,14683648.385,0.000000000,-0.678411484,0.178558022,0.012781513,1.072636962,-0.255519331,-0.150760427,-0.418826610,-0.155819058,-0.113513000,1.405260324,-0.781990886,-0.053626619,0.167623490,0.008200013,0.248445421,0.362860173,0.379775167,-0.093447492,0.209576041,0.008231044,-0.098263718,0.496385366,-0.130940065,-0.483620197,0.118144244,-0.035288122,-0.789082885,-0.373989612,-0.016055094
702,14039.982,1786879895850.453,14683668.388,0.000000000,-0.712663531,0.199057311,0.032050744,1.121751070,-0.285400957,-0.144552276,-0.449828655,-0.149266899,-0.085320212,1.405053973,-0.852452278,-0.025079882,0.164084852,0.013833889,0.248140454,0.310017109,0.384950638,-0.091417693,0.219508380,0.010592823,-0.204397082,0.515082300,-0.113080576,-0.497886419,0.126320690,-0.064892478,-0.786517978,-0.376431257,-0.042033747
703,14059.978,1786879895870.449,14683688.384,0.000000000,-0.737814188,0.210786775,0.016629852,1.166917443,-0.311830252,-0.143439874,-0.487661362,-0.120720372,-0.061772298,1.444104314,-0.845053732,-0.027147556,0.153761774,0.039354250,0.261737198,0.253438532,0.383686274,-0.098637730,0.239632428,0.023473201,-0.300057381,0.533056378,-0.092825644,-0.515260935,0.136242971,-0.080452375,-0.782765448,-0.381979555,-0.065631010
704,14079.980,1786879895890.451,14683708.386,0.000000000,-0.756924152,0.214763045,0.001327517,1.190001011,-0.324523032,-0.140855640,-0.513700068,-0.101566590,-0.051715139,1.465319753,-0.836055815,-0.029629176,0.144726276,0.052704450,0.261884958,0.220888630,0.383166164,-0.105944864,0.255329758,0.039903138,-0.360226095,0.547205985,-0.071310796,-0.519841135,0.147639155,-0.082037188,-0.782273233,-0.385435075,-0.075836912
705,14099.979,1786879895910.451,14683728.386,0.000000000,-0.774608135,0.217994258,-0.008701937,1.207074881,-0.338028759,-0.132192165,-0.543154776,-0.084732510,-0.038802467,1.483523965,-0.829053164,-0.033686806,0.134199128,0.052954417,0.257349402,0.193480656,0.385169625,-0.112537727,0.268967360,0.063251100,-0.425186068,0.566921473,-0.040720042,-0.514660120,0.168556139,-0.079239868,-0.783550024,-0.388645530,-0.077663094
706,14119.978,1786879895930.449,14683748.385,0.000000000,-0.782974720,0.221878231,-0.013169310,1.214424729,-0.346781760,-0.119309165,-0.563433945,-0.070528030,-0.027122406,1.490521312,-0.815760612,-0.040880382,0.124532029,0.042919312,0.255697608,0.180185139,0.389130473,-0.118192002,0.272387922,0.081498504,-0.475350380,0.586549819,-0.014862704,-0.502050281,0.190746024,-0.075475603,-0.788776755,-0.393509269,-0.071606502
707,14139.980,1786879895950.451,14683768.386,0.000000000,-0.785054147,0.222155631,-0.022100117,1.215880752,-0.348639995,-0.109308310,-0.573699176,-0.054883718,-0.019701809,1.489256144,-0.795946777,-0.051436931,0.111828111,0.032542419,0.259780288,0.175202534,0.394626409,-0.127022758,0.269879073,0.094972320,-0.514263451,0.605071783,0.002139752,-0.488246500,0.210901022,-0.073990941,-0.795997381,-0.399569541,-0.061846469
708,14159.979,1786879895970.451,14683788.385,0.000000000,-0.783730567,0.216812968,-0.036799841,1.213517547,-0.344462335,-0.104428299,-0.576606810,-0.040292263,-0.017179497,1.485578537,-0.786083817,-0.061624341,0.096549951,0.024490563,0.268349469,0.174488813,0.401963919,-0.141049892,0.263248354,0.106616542,-0.542711079,0.621822357,0.011230554,-0.476267815,0.227447584,-0.074157245,-0.803047359,-0.405645818,-0.052997328
709,14179.978,1786879895990.449,14683808.385,0.000000000,-0.782580197,0.209335595,-0.053397465,1.208541036,-0.331808031,-0.103616416,-0.578187823,-0.028417889,-0.017828740,1.480800271,-0.777704179,-0.069128677,0.083970673,0.018647131,0.277028829,0.174737126,0.410146326,-0.161310077,0.254203737,0.113645263,-0.563684702,0.636602223,0.014779166,-0.466916293,0.240348071,-0.075216904,-0.810996652,-0.408731669,-0.046928030
710,14199.979,1786879896010.450,14683828.385,0.000000000,-0.782237291,0.202078283,-0.070032001,1.203691006,-0.313805878,-0.103462927,-0.579561412,-0.018691298,-0.020317681,1.476512432,-0.770874202,-0.074052453,0.075963385,0.015930099,0.285528064,0.175333679,0.417580366,-0.185098827,0.244920790,0.116127782,-0.580057621,0.649521649,0.012954428,-0.460833311,0.250376642,-0.076039903,-0.819685936,-0.409125030,-0.043262832
711,14219.978,1786879896030.449,14683848.384,0.000000000,-0.782698452,0.194442689,-0.084365606,1.198521733,-0.289741784,-0.104065657,-0.582574725,-0.012212437,-0.022498671,1.474588156,-0.765858710,-0.076588191,0.071858287,0.014179129,0.292769343,0.178231582,0.424085617,-0.209620863,0.234917328,0.116373375,-0.592857063,0.663306117,0.006537732,-0.456933975,0.259062499,-0.076115027,-0.828709841,-0.407919079,-0.041521572
712,14239.980,1786879896050.451,14683868.386,0.000000000,-0.784862578,0.186863840,-0.095851831,1.194223285,-0.266109973,-0.107874870,-0.588365853,-0.007568293,-0.022969019,1.475202560,-0.761673689,-0.077491269,0.069630742,0.011920473,0.297259927,0.185957387,0.430519730,-0.232902586,0.223711014,0.116509639,-0.603407383,0.679642737,-0.002948859,-0.452190459,0.267005920,-0.076005459,-0.836586237,-0.404141724,-0.039852563
713,14259.978,1786879896070.449,14683888.384,0.000000000,-0.790508091,0.183404446,-0.100903995,1.194976568,-0.268175125,-0.115387395,-0.595365465,-0.006436566,-0.023251211,1.476996064,-0.759761274,-0.078335628,0.066321164,0.005920717,0.299627870,0.197111249,0.439042360,-0.255245745,0.210651934,0.117638774,-0.612490594,0.701011062,-0.013160857,-0.442306727,0.273348451,-0.074974693,-0.846013188,-0.396826833,-0.036942247
714,14279.980,1786879896090.452,14683908.386,0.000000000,-0.797304094,0.180376306,-0.104699470,1.194368124,-0.268535405,-0.120197512,-0.601748526,-0.006395322,-0.024846649,1.477712274,-0.759280443,-0.079940423,0.062886946,0.000057935,0.300620049,0.208525568,0.447266668,-0.277043432,0.197605088,0.120855950,-0.621671677,0.724256516,-0.022035791,-0.430263042,0.277202487,-0.073986590,-0.856727302,-0.386995971,-0.032524522
715,14299.980,1786879896110.451,14683928.386,0.000000000,-0.802965581,0.177126125,-0.110022508,1.193975210,-0.269241601,-0.124680579,-0.606003344,-0.004704062,-0.026751770,1.476950049,-0.758912742,-0.082002006,0.061153706,-0.003129697,0.302553505,0.218962058,0.453962892,-0.297326863,0.185603857,0.126648098,-0.632450759,0.746983230,-0.030450735,-0.418513328,0.278367370,-0.073582701,-0.869390547,-0.376704842,-0.026054680
716,14319.978,1786879896130.449,14683948.385,0.000000000,-0.805934250,0.173452735,-0.116039954,1.194240928,-0.271436870,-0.128884256,-0.607554495,-0.001658041,-0.027751099,1.475409627,-0.758507729,-0.083985664,0.060511049,-0.004475900,0.307039171,0.228351206,0.459097147,-0.313737631,0.175749943,0.135891169,-0.645542562,0.766860008,-0.039572611,-0.407720506,0.278416842,-0.073411658,-0.884101212,-0.366735250,-0.018089237
717,14339.978,1786879896150.449,14683968.385,0.000000000,-0.807205439,0.170427322,-0.120434836,1.194847584,-0.273362428,-0.131394640,-0.607841074,0.000779558,-0.027921150,1.474262476,-0.758322537,-0.085169122,0.060003467,-0.004805118,0.311190277,0.234743357,0.462091774,-0.322978973,0.170343727,0.144699097,-0.656348467,0.779040933,-0.046273787,-0.400163591,0.278257698,-0.073361129,-0.896190584,-0.359973818,-0.011412271
718,14359.978,1786879896170.449,14683988.385,0.000000000,-0.808893740,0.165511459,-0.126339465,1.194953561,-0.271011949,-0.134100795,-0.608798862,0.003831747,-0.027556207,1.473188162,-0.758325815,-0.086102068,0.058904056,-0.004734007,0.315676361,0.242755830,0.465209424,-0.331874192,0.165348753,0.157207355,-0.670755446,0.791923404,-0.053845707,-0.390656054,0.277866602,-0.073314138,-0.913274586,-0.352260351,-0.001821180
719,14379.979,1786879896190.451,14684008.386,0.000000000,-0.811296344,0.162475243,-0.130115628,1.196834803,-0.274392635,-0.136519715,-0.609863400,0.006135333,-0.026905969,1.472605348,-0.758801997,-0.086509310,0.057262558,-0.005048809,0.319922835,0.249390483,0.468127578,-0.337276429,0.162018493,0.169515863,-0.684296668,0.801679373,-0.059505221,-0.381278396,0.277066886,-0.073280476,-0.930991054,-0.345847934,0.007928826
720,14399.979,1786879896210.450,14684028.385,0.000000000,-0.814212561,0.159839168,-0.132361785,1.198278069,-0.276508272,-0.138502687,-0.611620009,0.007538751,-0.025849978,1.472505212,-0.759816587,-0.086613104,0.055449199,-0.005963335,0.323450029,0.254266173,0.470617950,-0.339974344,0.159876332,0.180912301,-0.696710765,0.809049547,-0.062936671,-0.372773945,0.276166171,-0.073278770,-0.948586404,-0.340524882,0.017133350
721,14419.978,1786879896230.449,14684048.384,0.000000000,-0.817675829,0.157730743,-0.134159923,1.200047970,-0.278838336,-0.140400246,-0.613958776,0.009184382,-0.024451906,1.472511053,-0.761022329,-0.086493880,0.054155141,-0.006702887,0.326298922,0.257634997,0.472478598,-0.340802431,0.158086210,0.190918073,-0.708049119,0.814873993,-0.064605594,-0.365879625,0.275571555,-0.073306955,-0.965503752,-0.336191028,0.025598671
722,14439.978,1786879896250.450,14684068.385,0.000000000,-0.821480572,0.156148553,-0.135924369,1.202389240,-0.281736523,-0.142142922,-0.616514444,0.011284943,-0.022912791,1.472502589,-0.762345552,-0.086185783,0.053434208,-0.007204826,0.328764617,0.259625912,0.474172801,-0.340902716,0.156052679,0.199392870,-0.718640447,0.819993913,-0.065077834,-0.360687912,0.275387913,-0.073345512,-0.981022120,-0.332876146,0.033444066
723,14459.979,1786879896270.450,14684088.385,0.000000000,-0.825828850,0.154894218,-0.137960836,1.205232739,-0.285051107,-0.143988937,-0.619327426,0.013674944,-0.021568656,1.472434163,-0.763753951,-0.085621506,0.052907985,-0.007590121,0.330593258,0.260481447,0.476084530,-0.340923518,0.153383091,0.206555486,-0.728668094,0.824588537,-0.065041229,-0.356916279,0.275343865,-0.073363386,-0.994894087,-0.330714971,0.040903546
724,14479.978,1786879896290.449,14684108.384,0.000000000,-0.830491185,0.153914362,-0.140429437,1.208456159,-0.288718611,-0.146026045,-0.622078598,0.016309798,-0.020621015,1.472153068,-0.765183210,-0.084825277,0.052348334,-0.007917372,0.331871778,0.260604024,0.478241503,-0.340918481,0.149733752,0.212816164,-0.738090754,0.828573525,-0.064963967,-0.354223847,0.275320560,-0.073389225,-1.007162094,-0.329462379,0.047834598
725,14499.980,1786879896310.451,14684128.386,0.000000000,-0.834861279,0.153092191,-0.143266857,1.211817622,-0.292740166,-0.148225680,-0.624226153,0.019077715,-0.020037441,1.471504927,-0.766622722,-0.083867483,0.051656902,-0.008364160,0.332939625,0.260562390,0.480622888,-0.340890706,0.144952253,0.218656018,-0.746990085,0.832069337,-0.064915560,-0.352241963,0.275276393,-0.073455721,-1.018024206,-0.328868538,0.054060284
726,14519.981,1786879896330.452,14684148.387,0.000000000,-0.838371634,0.152286842,-0.146316782,1.215146661,-0.297093689,-0.150404572,-0.625326395,0.021838447,-0.019669697,1.470437765,-0.767988026,-0.082641378,0.050958741,-0.009029554,0.334189087,0.260272950,0.483132392,-0.340866089,0.139601544,0.224827781,-0.755838633,0.835364699,-0.064871944,-0.350785315,0.275194734,-0.073627271,-1.028019786,-0.328674793,0.059650525
727,14539.982,1786879896350.453,14684168.388,0.000000000,-0.841032922,0.151453570,-0.149264619,1.218323231,-0.301737309,-0.152407289,-0.625590563,0.024470186,-0.019267829,1.469082475,-0.769390106,-0.081220277,0.050430369,-0.010091483,0.335502118,0.259625196,0.485696256,-0.340847194,0.134072766,0.231276706,-0.764417529,0.838366151,-0.064799629,-0.349702150,0.275095493,-0.073850378,-1.037033558,-0.328581482,0.064567663
728,14559.982,1786879896370.453,14684188.388,0.000000000,-0.842966259,0.150541335,-0.152083635,1.221342683,-0.306592345,-0.154255852,-0.625161290,0.026927123,-0.018805310,1.467493892,-0.770815849,-0.079599589,0.050058141,-0.011473480,0.336891800,0.258587480,0.488209724,-0.340829045,0.128655836,0.237899855,-0.772529960,0.841091454,-0.064621948,-0.348902851,0.274887353,-0.074143030,-1.045058012,-0.328535438,0.068742305
729,14579.980,1786879896390.452,14684208.387,0.000000000,-0.844235837,0.149561808,-0.154904693,1.224280715,-0.311605811,-0.156019017,-0.623995423,0.029226143,-0.018426627,1.465661407,-0.772293448,-0.077950694,0.049764626,-0.012896431,0.338555962,0.257170320,0.490568280,-0.340811074,0.123489715,0.244591922,-0.780015767,0.843520224,-0.064266011,-0.348331541,0.274419457,-0.074554794,-1.052191257,-0.328536838,0.072189100
730,14599.979,1786879896410.450,14684228.385,0.000000000,-0.844932497,0.148848608,-0.156993628,1.226463437,-0.315446049,-0.157288179,-0.622842133,0.030811692,-0.018253023,1.464213490,-0.773667574,-0.077340350,0.049643684,-0.013884529,0.339877009,0.255964786,0.492174506,-0.340798408,0.119800419,0.249581054,-0.785155058,0.845123947,-0.063821353,-0.347997248,0.273816079,-0.074936457,-1.057066917,-0.328570068,0.074368246
731,14619.978,1786879896430.449,14684248.384,0.000000000,-0.845722795,0.147914901,-0.159741625,1.229325294,-0.320609808,-0.158917353,-0.621156216,0.032832108,-0.018028224,1.462102056,-0.775448978,-0.076403208,0.049548693,-0.015040193,0.341629237,0.254343510,0.494105488,-0.340781748,0.115070015,0.256076872,-0.791379690,0.846988022,-0.063006595,-0.347593307,0.272679090,-0.075492956,-1.063111663,-0.328654259,0.076838166
732,14639.978,1786879896450.449,14684268.384,0.000000000,-0.846480489,0.146937624,-0.162358090,1.232054710,-0.325735480,-0.160465568,-0.619496405,0.034702264,-0.017721223,1.459826469,-0.777105272,-0.075242952,0.049457897,-0.016095718,0.343322545,0.252828985,0.495866179,-0.340764254,0.110471398,0.262266129,-0.796951830,0.848578691,-0.062009998,-0.347153485,0.271203309,-0.076043904,-1.068828225,-0.328858197,0.078925893
733,14659.979,1786879896470.451,14684288.386,0.000000000,-0.847333372,0.145905703,-0.164789334,1.234634519,-0.330772012,-0.161910489,-0.618036211,0.036423910,-0.017276734,1.457439065,-0.778646827,-0.073960543,0.049357992,-0.017067578,0.344888151,0.251498371,0.497515798,-0.340746522,0.105954148,0.268094003,-0.801966846,0.849922717,-0.060906351,-0.346680373,0.269430578,-0.076556236,-1.074365497,-0.329378575,0.080734566
734,14679.978,1786879896490.449,14684308.385,0.000000000,-0.848344386,0.144800857,-0.167048752,1.237070203,-0.335689873,-0.163274363,-0.616835952,0.038000137,-0.016700352,1.454962730,-0.780085504,-0.072628655,0.049221311,-0.017914064,0.346305043,0.250366896,0.499097973,-0.340729892,0.101503298,0.273560286,-0.806511045,0.851042271,-0.059762303,-0.346235186,0.267416388,-0.077046402,-1.079794765,-0.330375552,0.082338385
735,14699.978,1786879896510.449,14684328.384,0.000000000,-0.849498570,0.143596053,-0.169172108,1.239361405,-0.340469599,-0.164600462,-0.615860105,0.039429437,-0.016022006,1.452399969,-0.781424046,-0.071298093,0.049003515,-0.018586364,0.347607136,0.249397382,0.500650406,-0.340714306,0.097115397,0.278704166,-0.810647130,0.851958036,-0.058644641,-0.345881104,0.265265942,-0.077556208,-1.085119724,-0.331790179,0.083796732
736,14719.978,1786879896530.449,14684348.384,0.000000000,-0.850732267,0.142283708,-0.171160623,1.241506696,-0.345106870,-0.165891066,-0.615042984,0.040716838,-0.015239962,1.449755073,-0.782652199,-0.069986410,0.048704408,-0.019070866,0.348844141,0.248527035,0.502205729,-0.340699226,0.092770517,0.283580363,-0.814420998,0.852674901,-0.057601545,-0.345639259,0.263061672,-0.078097172,-1.090297103,-0.333515286,0.085160837
737,14739.978,1786879896550.449,14684368.384,0.000000000,-0.851991236,0.140866563,-0.172988996,1.243502140,-0.349601388,-0.167129293,-0.614341915,0.041854516,-0.014337875,1.447040319,-0.783766329,-0.068664491,0.048345052,-0.019400725,0.350028187,0.247708783,0.503792882,-0.340683907,0.088440962,0.288220704,-0.817882597,0.853197098,-0.056657735,-0.345489711,0.260874569,-0.078660026,-1.095263720,-0.335433096,0.086473711
738,14759.979,1786879896570.450,14684388.385,0.000000000,-0.853269875,0.139315918,-0.174742162,1.245370507,-0.353948206,-0.168313131,-0.613709629,0.042842448,-0.013392438,1.444246531,-0.784737885,-0.067329757,0.047884312,-0.019565374,0.351130843,0.246930674,0.505432308,-0.340667397,0.084037118,0.292792857,-0.821122885,0.853544056,-0.055791616,-0.345391154,0.258693486,-0.079267420,-1.100169420,-0.337549865,0.087835416
739,14779.979,1786879896590.450,14684408.385,0.000000000,-0.854477227,0.137686774,-0.176339626,1.247073054,-0.358154237,-0.169503585,-0.613103509,0.043690559,-0.012343869,1.441387177,-0.785603404,-0.065949947,0.047377780,-0.019670403,0.352158934,0.246161550,0.507123828,-0.340651155,0.079554759,0.297204286,-0.824165523,0.853721023,-0.055016141,-0.345304042,0.256641626,-0.079864636,-1.104771256,-0.339652330,0.089193910
740,14799.980,1786879896610.451,14684428.386,0.000000000,-0.855580688,0.135998070,-0.177774876,1.248610616,-0.362221211,-0.170684859,-0.612499714,0.044410039,-0.011198048,1.438475490,-0.786357343,-0.064577617,0.046828803,-0.019761208,0.353104770,0.245367393,0.508814633,-0.340635031,0.075076558,0.301430047,-0.827015400,0.853858888,-0.054330781,-0.345206171,0.254767030,-0.080431834,-1.109005928,-0.341669112,0.090536281
741,14819.979,1786879896630.451,14684448.386,0.000000000,-0.856573343,0.134263724,-0.179079875,1.250006318,-0.366157234,-0.171841905,-0.611866415,0.045029789,-0.009971924,1.435500741,-0.787009835,-0.063163139,0.046228155,-0.019846406,0.353962094,0.244519904,0.510452271,-0.340618163,0.070688821,0.305446446,-0.829666197,0.853976548,-0.053708278,-0.345080256,0.253067881,-0.080976456,-1.112862706,-0.343579769,0.091856599
742,14839.979,1786879896650.450,14684468.385,0.000000000,-0.857244611,0.132940888,-0.179990962,1.250978827,-0.369032115,-0.172692537,-0.611357570,0.045440901,-0.009015903,1.433233142,-0.787446558,-0.062074441,0.045742687,-0.019910989,0.354547292,0.243836269,0.511624694,-0.340604901,0.067499727,0.308319151,-0.831510961,0.854050994,-0.053260352,-0.344958365,0.251895219,-0.081380978,-1.115509629,-0.344941169,0.092824377
743,14859.978,1786879896670.449,14684488.385,0.000000000,-0.858035803,0.131175011,-0.181121200,1.252207041,-0.372781515,-0.173805445,-0.610630453,0.045922853,-0.007736884,1.430203080,-0.787951827,-0.060750172,0.045068190,-0.019999890,0.355262309,0.242851511,0.513086438,-0.340587169,0.063425437,0.311968565,-0.833765864,0.854130328,-0.052663460,-0.344759583,0.250446230,-0.081926122,-1.118717074,-0.346665710,0.094068862
744,14879.978,1786879896690.449,14684508.385,0.000000000,-0.858725250,0.129423127,-0.182156727,1.253389478,-0.376452178,-0.174881369,-0.609851718,0.046341404,-0.006449159,1.427172184,-0.788394213,-0.059502840,0.044376515,-0.020097673,0.355897039,0.241789594,0.514405906,-0.340569913,0.059589222,0.315406978,-0.835767269,0.854185641,-0.052044079,-0.344521701,0.249108583,-0.082481250,-1.121568918,-0.348293692,0.095247686
745,14899.980,1786879896710.451,14684528.386,0.000000000,-0.859347761,0.127691805,-0.183115572,1.254562378,-0.380059481,-0.175912023,-0.609034181,0.046707250,-0.005163490,1.424149513,-0.788802266,-0.058289181,0.043672219,-0.020198157,0.356437117,0.240669012,0.515573680,-0.340553880,0.056000873,0.318649113,-0.837496281,0.854216635,-0.051373929,-0.344258815,0.247865796,-0.083066396,-1.124101043,-0.349828482,0.096359298
746,14919.978,1786879896730.449,14684548.385,0.000000000,-0.859924853,0.125983194,-0.184012130,1.255757928,-0.383617014,-0.176887408,-0.608183563,0.047028042,-0.003890171,1.421151280,-0.789196610,-0.057098627,0.042960808,-0.020296331,0.356886744,0.239510909,0.516596317,-0.340539962,0.052647002,0.321713090,-0.838947535,0.854223907,-0.050635606,-0.343990207,0.246705070,-0.083694465,-1.126343727,-0.351276040,0.097404420
747,14939.978,1786879896750.449,14684568.384,0.000000000,-0.860466540,0.124297880,-0.184852153,1.257001638,-0.387136281,-0.177798241,-0.607304275,0.047309019,-0.002632629,1.418199539,-0.789589763,-0.055939186,0.042252850,-0.020392563,0.357262075,0.238333210,0.517488599,-0.340528756,0.049505655,0.324611634,-0.840130389,0.854208708,-0.049822252,-0.343732983,0.245615229,-0.084372476,-1.128324032,-0.352642685,0.098389193
748,14959.978,1786879896770.449,14684588.385,0.000000000,-0.860978723,0.122632906,-0.185640916,1.258309007,-0.390623361,-0.178638592,-0.606400013,0.047553554,-0.001394409,1.415313125,-0.789988220,-0.054828271,0.041556075,-0.020487463,0.357582659,0.237152383,0.518267512,-0.340520889,0.046546418,0.327352881,-0.841058373,0.854172647,-0.048934821,-0.343498290,0.244585648,-0.085100442,-1.130067706,-0.353934735,0.099325053
749,14979.979,1786879896790.450,14684608.385,0.000000000,-0.861467779,0.120983571,-0.186385468,1.259686947,-0.394079387,-0.179409891,-0.605477333,0.047765933,-0.000180130,1.412506461,-0.790395677,-0.053799830,0.040874377,-0.020578831,0.357864559,0.235979930,0.518948555,-0.340517044,0.043743055,0.329943329,-0.841751993,0.854117632,-0.047979530,-0.343290746,0.243607000,-0.085872576,-1.131597996,-0.355156660,0.100227080
750,14999.978,1786879896810.449,14684628.384,0.000000000,-0.861934304,0.119309254,-0.187143281,1.261153579,-0.397505254,-0.180055350,-0.604516387,0.047949370,0.000949895,1.409797788,-0.790823519,-0.053065542,0.040174212,-0.020635927,0.358149827,0.234815404,0.519551814,-0.340518653,0.041020583,0.332466811,-0.842190683,0.854042888,-0.046938151,-0.343104869,0.242624566,-0.086719267,-1.132978320,-0.356353819,0.101163238
751,15019.981,1786879896830.453,14684648.388,0.000000000,-0.862394989,0.117634103,-0.187869966,1.262684226,-0.400888860,-0.180645525,-0.603572309,0.048125751,0.002055335,1.407207727,-0.791284204,-0.052602042,0.039489437,-0.020690653,0.358402580,0.233670205,0.520085216,-0.340526879,0.038389865,0.334852129,-0.842459917,0.853951395,-0.045823131,-0.342942536,0.241680920,-0.087607175,-1.134191513,-0.357475281,0.102096036
752,15039.979,1786879896850.451,14684668.386,0.000000000,-0.862851977,0.115946606,-0.188562363,1.264265299,-0.404220909,-0.181190237,-0.602643013,0.048332758,0.003193291,1.404697418,-0.791721404,-0.052118581,0.038811240,-0.020748412,0.358623505,0.232539266,0.520556331,-0.340541363,0.035874579,0.337056667,-0.842636466,0.853846014,-0.044657566,-0.342795223,0.240781173,-0.088525325,-1.135266423,-0.358516723,0.103037581
753,15059.979,1786879896870.450,14684688.385,0.000000000,-0.863293469,0.114236981,-0.189194232,1.265884876,-0.407496989,-0.181689560,-0.601741195,0.048490629,0.004309143,1.402342916,-0.792246103,-0.052036505,0.038141798,-0.020806961,0.358824968,0.231413141,0.520950377,-0.340562820,0.033489395,0.339075148,-0.842766464,0.853728652,-0.043464109,-0.342670113,0.239911452,-0.089479059,-1.136244774,-0.359489322,0.104005918
754,15079.978,1786879896890.449,14684708.384,0.000000000,-0.863710105,0.112523526,-0.189745948,1.267539620,-0.410720766,-0.182152331,-0.600865245,0.048585013,0.005417201,1.400132060,-0.792842865,-0.052278712,0.037490256,-0.020849615,0.359014660,0.230295792,0.521252275,-0.340591669,0.031235881,0.340906680,-0.842881143,0.853600979,-0.042268351,-0.342569143,0.239056885,-0.090469778,-1.137174010,-0.360405624,0.105013236
755,15099.979,1786879896910.450,14684728.385,0.000000000,-0.863983929,0.111240700,-0.190104887,1.268796921,-0.413103074,-0.182478637,-0.600244284,0.048640490,0.006199061,1.398653150,-0.793381155,-0.053414773,0.037009314,-0.020870185,0.359175354,0.229460478,0.521426499,-0.340617985,0.029624952,0.342154950,-0.842957437,0.853499174,-0.041386019,-0.342494100,0.238414466,-0.091236904,-1.137866974,-0.361061037,0.105798535
756,15119.980,1786879896930.452,14684748.387,0.000000000,-0.864270270,0.109524809,-0.190514296,1.270474553,-0.416220367,-0.182863578,-0.599457562,0.048721254,0.007155323,1.396949172,-0.794224143,-0.056645449,0.036351476,-0.020891575,0.359441817,0.228347853,0.521594763,-0.340659410,0.027586387,0.343647093,-0.843045771,0.853355050,-0.040245164,-0.342383504,0.237555757,-0.092281401,-1.138825655,-0.361899793,0.106884368
757,15139.980,1786879896950.451,14684768.386,0.000000000,-0.864457190,0.107809998,-0.190846428,1.272128701,-0.419258505,-0.183211207,-0.598713398,0.048825748,0.008019874,1.395523429,-0.795185924,-0.061866693,0.035667952,-0.020906666,0.359757900,0.227240756,0.521690428,-0.340708703,0.025687521,0.344909817,-0.843116760,0.853177965,-0.039144881,-0.342248827,0.236683905,-0.093352117,-1.139889240,-0.362711281,0.108031206
758,15159.980,1786879896970.451,14684788.386,0.000000000,-0.864565909,0.106094897,-0.191121504,1.273740172,-0.422204167,-0.183511496,-0.598028243,0.048969347,0.008778580,1.394348621,-0.796244502,-0.069140241,0.034944870,-0.020914767,0.360081077,0.226149857,0.521765769,-0.340768099,0.023928054,0.345900565,-0.843166709,0.852898657,-0.038074400,-0.342084199,0.235794246,-0.094462521,-1.141125560,-0.363509268,0.109268099
759,15179.978,1786879896990.449,14684808.385,0.000000000,-0.864624619,0.104393080,-0.191359639,1.275324702,-0.425086677,-0.183543906,-0.597388089,0.049167737,0.009402676,1.393363118,-0.797358513,-0.078426145,0.034167856,-0.020913469,0.360394537,0.225070983,0.521837413,-0.340836436,0.022304270,0.346572995,-0.843190849,0.852497935,-0.037024401,-0.341881514,0.234873965,-0.095624469,-1.142591953,-0.364312023,0.110621750
760,15199.980,1786879897010.451,14684828.386,0.000000000,-0.864672184,0.102797814,-0.191550434,1.277010560,-0.428060383,-0.182289243,-0.596673906,0.049443450,0.009811730,1.392424703,-0.798439801,-0.089489885,0.033342101,-0.020907132,0.360789686,0.223911449,0.521911085,-0.340910345,0.020838924,0.346973658,-0.843182027,0.852036536,-0.035974197,-0.341574997,0.233875424,-0.096855991,-1.144338369,-0.365131110,0.112116605
761,15219.978,1786879897030.450,14684848.385,0.000000000,-0.864691734,0.101224877,-0.191756114,1.278499484,-0.430775046,-0.180713460,-0.595992088,0.049763609,0.010081214,1.391408086,-0.799369752,-0.101700045,0.032565031,-0.020900210,0.361117840,0.222628936,0.521979034,-0.340996325,0.019593500,0.347316474,-0.843132615,0.851542890,-0.034832578,-0.341178596,0.232755527,-0.098198183,-1.146388531,-0.365998030,0.113778099
762,15239.979,1786879897050.450,14684868.385,0.000000000,-0.864676833,0.099687710,-0.191987276,1.279711604,-0.433206171,-0.179006830,-0.595341384,0.050110083,0.010282367,1.390149832,-0.800019503,-0.114168011,0.031873628,-0.020887207,0.361340702,0.221256867,0.522041500,-0.341095984,0.018539488,0.347627819,-0.843039632,0.851049900,-0.033617832,-0.340709001,0.231518745,-0.099627353,-1.148696184,-0.366955221,0.115615435
763,15259.979,1786879897070.450,14684888.385,0.000000000,-0.864576995,0.098197401,-0.192253932,1.280605674,-0.435373485,-0.177242935,-0.594638228,0.050440226,0.010450192,1.388502955,-0.800315917,-0.126068607,0.031273805,-0.020867635,0.361511201,0.219826251,0.522100568,-0.341226161,0.017606826,0.347912312,-0.842822671,0.850616276,-0.032362059,-0.340167016,0.230167374,-0.101092465,-1.151144505,-0.368018031,0.117603563
764,15279.981,1786879897090.453,14684908.387,0.000000000,-0.864284337,0.096738532,-0.192574918,1.281164050,-0.437305123,-0.175502643,-0.593748569,0.050701231,0.010577829,1.386399269,-0.800260901,-0.137023389,0.030793933,-0.020835973,0.361711234,0.218335867,0.522159934,-0.341515750,0.016683683,0.348171532,-0.842178226,0.850333571,-0.031020811,-0.339515895,0.228609771,-0.102595441,-1.153724194,-0.369260013,0.119842239
765,15299.979,1786879897110.450,14684928.385,0.000000000,-0.863856971,0.095370911,-0.192917705,1.281462908,-0.439091086,-0.173796833,-0.592714429,0.050901249,0.010714013,1.383841991,-0.799849093,-0.146563783,0.030474273,-0.020771980,0.361840785,0.216881961,0.522219598,-0.342028141,0.015776554,0.348413795,-0.841184914,0.850163639,-0.029581476,-0.338817924,0.226963013,-0.104048744,-1.156189680,-0.370588005,0.122137792
766,15319.982,1786879897130.454,14684948.389,0.000000000,-0.863323689,0.094130836,-0.193266332,1.281591535,-0.440785587,-0.172123954,-0.591569722,0.051059131,0.010872960,1.380906224,-0.799088717,-0.154708728,0.030320846,-0.020655770,0.361904979,0.215562776,0.522280395,-0.342729867,0.014883224,0.348649293,-0.840004563,0.850028694,-0.028109400,-0.338124692,0.225303277,-0.105411880,-1.158398628,-0.371980131,0.124405913
767,15339.980,1786879897150.452,14684968.387,0.000000000,-0.862717807,0.092980281,-0.193608999,1.281659961,-0.442434132,-0.170460567,-0.590333104,0.051144049,0.011047080,1.377727151,-0.798090696,-0.161640152,0.030246805,-0.020489220,0.361939788,0.214484081,0.522343397,-0.343553096,0.013990193,0.348887175,-0.838768959,0.849914193,-0.026699049,-0.337474376,0.223706141,-0.106678374,-1.160257816,-0.373434603,0.126605183
768,15359.979,1786879897170.450,14684988.385,0.000000000,-0.862243533,0.092165925,-0.193845242,1.281714439,-0.443667203,-0.169237629,-0.589385092,0.051163848,0.011203317,1.375269294,-0.797247708,-0.166190013,0.030202216,-0.020353083,0.361950427,0.213878691,0.522392988,-0.344200671,0.013323857,0.349072576,-0.837853134,0.849842608,-0.025729332,-0.337003499,0.222583830,-0.107560001,-1.161393523,-0.374566793,0.128199160
769,15379.980,1786879897190.451,14685008.386,0.000000000,-0.861636162,0.091149859,-0.194122374,1.281848788,-0.445324332,-0.167629778,-0.588159621,0.051165517,0.011471177,1.371981859,-0.796041727,-0.171550229,0.030152133,-0.020174908,0.361942440,0.213344246,0.522462726,-0.345063299,0.012455833,0.349334002,-0.836661816,0.849766672,-0.024578961,-0.336361855,0.221204683,-0.108657748,-1.162567139,-0.376121312,0.130253285
770,15399.979,1786879897210.450,14685028.385,0.000000000,-0.861125112,0.090181090,-0.194355175,1.282141805,-0.447014898,-0.166007265,-0.587038815,0.051126380,0.011809231,1.368787408,-0.794802547,-0.176202908,0.030108381,-0.020010132,0.361908823,0.213077575,0.522536457,-0.345912337,0.011622607,0.349614978,-0.835496128,0.849712670,-0.023581319,-0.335681617,0.219955578,-0.109714270,-1.163381219,-0.377712667,0.132243812
771,15419.980,1786879897230.452,14685048.387,0.000000000,-0.860842347,0.089190207,-0.194513142,1.282756805,-0.448639393,-0.163966686,-0.586037099,0.050972626,0.012132766,1.365764618,-0.793600559,-0.180247873,0.030058166,-0.019849040,0.361855894,0.212948620,0.522614777,-0.346773177,0.010855206,0.349918246,-0.834323406,0.849677622,-0.022665659,-0.334934086,0.218799844,-0.110774279,-1.163897276,-0.379315734,0.134192497
772,15439.979,1786879897250.450,14685068.385,0.000000000,-0.860745966,0.088091500,-0.194596127,1.283629417,-0.450242609,-0.161694631,-0.585143626,0.050607763,0.012400802,1.362984896,-0.792501867,-0.183794782,0.030002393,-0.019762587,0.361791432,0.212847516,0.522698700,-0.347631097,0.010167452,0.350244164,-0.833114922,0.849659324,-0.021776902,-0.334057480,0.217727944,-0.111832872,-1.164276719,-0.380918503,0.136152163
773,15459.978,1786879897270.449,14685088.385,0.000000000,-0.860724032,0.086896248,-0.194650173,1.284709811,-0.451967537,-0.159521684,-0.584315479,0.050065733,0.012629134,1.360481858,-0.791535318,-0.186969966,0.029949065,-0.019732369,0.361726761,0.212739736,0.522778392,-0.348477006,0.009577068,0.350589991,-0.831861138,0.849656522,-0.020927100,-0.333038926,0.216767639,-0.112883106,-1.164629102,-0.382530540,0.138218299
774,15479.979,1786879897290.450,14685108.385,0.000000000,-0.860762417,0.085619427,-0.194689944,1.286056995,-0.453822494,-0.157388255,-0.583523035,0.049387783,0.012826752,1.358259559,-0.790707529,-0.189862341,0.029898312,-0.019710459,0.361656815,0.212599427,0.522854030,-0.349314988,0.009097823,0.350954920,-0.830567956,0.849666119,-0.020121051,-0.331877351,0.215927452,-0.113925718,-1.164963961,-0.384162694,0.140455902
775,15499.980,1786879897310.451,14685128.386,0.000000000,-0.860948086,0.084265985,-0.194729432,1.287688851,-0.455783993,-0.155238166,-0.582848728,0.048599124,0.012999405,1.356310129,-0.790004611,-0.192509830,0.029846657,-0.019688567,0.361483127,0.212436885,0.522926092,-0.350118756,0.008702708,0.351382881,-0.829247057,0.849685192,-0.019328162,-0.330563515,0.215205237,-0.114979640,-1.165281296,-0.385824889,0.142904222
776,15519.980,1786879897330.451,14685148.386,0.000000000,-0.861309886,0.082822360,-0.194800377,1.289567232,-0.457867861,-0.153079972,-0.582318485,0.047698058,0.013119517,1.354589343,-0.789413929,-0.194925398,0.029787807,-0.019662213,0.361140519,0.212227687,0.522993565,-0.350861222,0.008326567,0.352027833,-0.827835679,0.849711955,-0.018473428,-0.329060197,0.214497223,-0.116126239,-1.165579200,-0.387604713,0.145798072
777,15539.981,1786879897350.452,14685168.387,0.000000000,-0.861674070,0.081349961,-0.194902614,1.291642547,-0.460027456,-0.150910154,-0.581755638,0.046754502,0.013207930,1.352994561,-0.788863719,-0.197120652,0.029727336,-0.019621907,0.360811561,0.211928532,0.523056030,-0.351498038,0.007939234,0.352883726,-0.826442063,0.849739194,-0.017618185,-0.327417314,0.213861972,-0.117318369,-1.165860176,-0.389413446,0.148935899
778,15559.979,1786879897370.450,14685188.385,0.000000000,-0.861975968,0.079886071,-0.195039541,1.293855548,-0.462248504,-0.148726657,-0.581102610,0.045802649,0.013263101,1.351443052,-0.788305163,-0.199123189,0.029665662,-0.019549664,0.360536993,0.211523905,0.523113251,-0.352021694,0.007514365,0.353938073,-0.825111032,0.849761784,-0.016768856,-0.325678200,0.213289261,-0.118536614,-1.166123033,-0.391230851,0.152279869
779,15579.983,1786879897390.454,14685208.389,0.000000000,-0.862202168,0.078449637,-0.195209116,1.296148300,-0.464512676,-0.146527588,-0.580352724,0.044854812,0.013282303,1.349868536,-0.787705421,-0.200950250,0.029602200,-0.019422539,0.360299319,0.211008057,0.523165226,-0.352442324,0.007038718,0.355166703,-0.823863864,0.849773884,-0.015903786,-0.323884457,0.212743923,-0.119779497,-1.166366458,-0.393052816,0.155822575
780,15599.981,1786879897410.452,14685228.387,0.000000000,-0.862352848,0.077044852,-0.195400044,1.298467040,-0.466795594,-0.144313470,-0.579517126,0.043906327,0.013268444,1.348226905,-0.787046492,-0.202614680,0.029535132,-0.019235423,0.360071540,0.210386425,0.523212671,-0.352762491,0.006499418,0.356533587,-0.822710335,0.849769473,-0.015002904,-0.322070360,0.212194160,-0.121039927,-1.166588664,-0.394874692,0.159533814
781,15619.982,1786879897430.453,14685248.388,0.000000000,-0.862429798,0.076013297,-0.195551485,1.300200701,-0.468507856,-0.142644942,-0.578851938,0.043189876,0.013237480,1.346935391,-0.786507487,-0.203749001,0.029477203,-0.019055009,0.359879225,0.209865555,0.523245573,-0.352937341,0.006046448,0.357620478,-0.821910381,0.849751890,-0.014296270,-0.320716858,0.211770505,-0.121987909,-1.166740179,-0.396238446,0.162400395
782,15639.980,1786879897450.451,14685268.386,0.000000000,-0.862484694,0.074677303,-0.195754379,1.302489758,-0.470784932,-0.140406027,-0.577921391,0.042231627,0.013173697,1.345124722,-0.785728037,-0.205135196,0.029391268,-0.018757088,0.359583825,0.209116548,0.523286521,-0.353089839,0.005374582,0.359101862,-0.820933163,0.849705100,-0.013314927,-0.318950057,0.211185664,-0.123245582,-1.166921616,-0.398050040,0.166284278
783,15659.980,1786879897470.452,14685288.387,0.000000000,-0.862643123,0.073333941,-0.196011528,1.304633856,-0.472946197,-0.138137594,-0.577078521,0.041268654,0.013082302,1.343061686,-0.784764528,-0.206148237,0.029201262,-0.018411977,0.358995408,0.208424076,0.523337185,-0.353447467,0.004461758,0.360189050,-0.819896519,0.849672437,-0.012438367,-0.317337930,0.210760474,-0.124254286,-1.167086601,-0.399708301,0.170195401
784,15679.980,1786879897490.451,14685308.386,0.000000000,-0.862865210,0.072015919,-0.196357876,1.306208134,-0.474751860,-0.135831162,-0.576312244,0.040380999,0.012987032,1.340286255,-0.783296764,-0.206618309,0.028948540,-0.018076636,0.357963741,0.207831129,0.523406208,-0.354586065,0.002885350,0.360581577,-0.818607450,0.849727392,-0.012085003,-0.316087067,0.210627601,-0.124557562,-1.167260408,-0.400915712,0.174311489
785,15699.980,1786879897510.451,14685328.386,0.000000000,-0.862800360,0.070891634,-0.196744621,1.307226062,-0.476300836,-0.133540273,-0.575325668,0.039677460,0.012873888,1.336837888,-0.781371534,-0.207132161,0.028864237,-0.017677907,0.356900007,0.207208246,0.523497343,-0.356223136,0.000735675,0.360924929,-0.817554295,0.849836409,-0.012002690,-0.315124631,0.210473314,-0.124792457,-1.167446733,-0.401505381,0.178688094
786,15719.978,1786879897530.449,14685348.384,0.000000000,-0.862304568,0.069829300,-0.197105244,1.307800889,-0.477671891,-0.131282359,-0.573973775,0.038965501,0.012727672,1.332946062,-0.779206038,-0.207661405,0.028816342,-0.017342145,0.356004864,0.206639618,0.523697853,-0.358017027,-0.001831524,0.361288697,-0.817029715,0.849970460,-0.011960228,-0.314276069,0.210165903,-0.125202671,-1.167621732,-0.401699632,0.182986051
787,15739.979,1786879897550.450,14685368.385,0.000000000,-0.861216784,0.068761453,-0.197339222,1.308133125,-0.479005277,-0.129059538,-0.572134137,0.038120490,0.012599242,1.328920841,-0.777030051,-0.208224759,0.028766284,-0.017180791,0.355502635,0.206140354,0.524125278,-0.359718651,-0.004607583,0.361702532,-0.816870511,0.850109756,-0.011919593,-0.313427478,0.209609911,-0.125807300,-1.167772770,-0.401830792,0.187000856
788,15759.978,1786879897570.450,14685388.385,0.000000000,-0.859812617,0.067672469,-0.197492465,1.308504939,-0.480421484,-0.126875624,-0.570038080,0.037145149,0.012468355,1.325014949,-0.774995863,-0.208722055,0.028683346,-0.017127248,0.355203450,0.205733851,0.524757981,-0.361178637,-0.007292010,0.362250954,-0.816782176,0.850237429,-0.011874765,-0.312600851,0.208916098,-0.126485690,-1.167894125,-0.401957572,0.190564290
789,15779.991,1786879897590.462,14685408.397,0.000000000,-0.858230889,0.066546105,-0.197619453,1.309134603,-0.482024342,-0.124779157,-0.567779660,0.036042865,0.012300795,1.321422577,-0.773216009,-0.209089369,0.028538767,-0.017097788,0.355096906,0.205385312,0.525508285,-0.362311631,-0.009597263,0.362942547,-0.816717684,0.850335062,-0.011830094,-0.311792225,0.208173737,-0.127123088,-1.167977214,-0.402089566,0.193676919
790,15799.982,1786879897610.454,14685428.389,0.000000000,-0.856721699,0.065423578,-0.197722986,1.310121179,-0.483810484,-0.122687414,-0.565619111,0.034898181,0.012131088,1.318248987,-0.771688044,-0.209425703,0.028347732,-0.017071228,0.355036259,0.205160335,0.526284993,-0.363090694,-0.011485100,0.363722980,-0.816660702,0.850403130,-0.011784420,-0.311001718,0.207519054,-0.127642944,-1.168035746,-0.402227730,0.196289331
791,15819.981,1786879897630.453,14685448.388,0.000000000,-0.855401337,0.064317867,-0.197817102,1.311452031,-0.485747665,-0.120618105,-0.563688099,0.033748716,0.011970568,1.315504074,-0.770363808,-0.209750310,0.028124947,-0.017046342,0.354976356,0.205043525,0.527011633,-0.363564163,-0.013006791,0.364545554,-0.816604793,0.850441873,-0.011736231,-0.310188949,0.207005113,-0.128043100,-1.168079257,-0.402416587,0.198487878
792,15839.980,1786879897650.451,14685468.386,0.000000000,-0.854306757,0.063248120,-0.197914302,1.313072085,-0.487797379,-0.118593171,-0.562039554,0.032627698,0.011824101,1.313145995,-0.769186318,-0.210069537,0.027914627,-0.017022042,0.354917377,0.204965383,0.527623773,-0.363794595,-0.014233205,0.365399897,-0.816547692,0.850451887,-0.011684255,-0.309298307,0.206630096,-0.128329307,-1.168114185,-0.402729303,0.200384781
793,15859.979,1786879897670.451,14685488.386,0.000000000,-0.853444874,0.062212594,-0.198033229,1.314900517,-0.489911765,-0.116627127,-0.560685515,0.031546649,0.011681163,1.311095595,-0.768101096,-0.210382432,0.027751775,-0.016997585,0.354854584,0.204842344,0.528107882,-0.363917589,-0.015265697,0.366263002,-0.816487074,0.850437462,-0.011627521,-0.308296084,0.206373200,-0.128510371,-1.168143630,-0.403213352,0.202093095
794,15879.978,1786879897690.449,14685508.385,0.000000000,-0.852951825,0.061322976,-0.198177353,1.316364408,-0.491497666,-0.115179993,-0.559846759,0.030705953,0.011578208,1.309747577,-0.767381549,-0.210609078,0.027612044,-0.016982423,0.354805559,0.204680517,0.528416395,-0.364130467,-0.016033888,0.366727024,-0.816439331,0.850399315,-0.011581151,-0.307535648,0.206236631,-0.128629282,-1.168164134,-0.403722644,0.203258201
795,15899.979,1786879897710.451,14685528.386,0.000000000,-0.852478623,0.059899908,-0.198413417,1.318414688,-0.493589371,-0.113260053,-0.558943212,0.029499238,0.011493205,1.308226466,-0.766584814,-0.210905597,0.027418245,-0.016959995,0.354738533,0.204362839,0.528752387,-0.364728034,-0.017225964,0.367056519,-0.816380858,0.850300372,-0.011519148,-0.306670725,0.206090793,-0.128817081,-1.168180108,-0.404620171,0.204607606
796,15919.978,1786879897730.449,14685548.384,0.000000000,-0.852152586,0.058453120,-0.198665872,1.320532560,-0.495666206,-0.111379221,-0.558239400,0.028325882,0.011449466,1.306885481,-0.765833557,-0.211185411,0.027318390,-0.016902700,0.354670495,0.203969181,0.528924286,-0.365423918,-0.018539468,0.367352754,-0.816341162,0.850068331,-0.011460971,-0.305906415,0.205965057,-0.129008517,-1.168171883,-0.405658603,0.205813810
797,15939.979,1786879897750.451,14685568.386,0.000000000,-0.851895213,0.057077967,-0.198982179,1.322626472,-0.497700363,-0.109560713,-0.557644188,0.027257271,0.011392422,1.305558562,-0.765011370,-0.211429387,0.027259029,-0.016790507,0.354603350,0.203534573,0.529005647,-0.366071463,-0.019898627,0.367655814,-0.816318452,0.849552155,-0.011407475,-0.305120140,0.205850929,-0.129167423,-1.168144584,-0.406714708,0.206991911
798,15959.980,1786879897770.451,14685588.386,0.000000000,-0.851610363,0.055797998,-0.199358985,1.324590683,-0.499655813,-0.107818186,-0.557079017,0.026294885,0.011312059,1.304140449,-0.764063478,-0.211631849,0.027209515,-0.016669726,0.354542106,0.203053802,0.529082179,-0.366610199,-0.021246525,0.367973357,-0.816308439,0.848769963,-0.011353118,-0.304239720,0.205744535,-0.129303753,-1.168106198,-0.407694817,0.208241388
799,15979.980,1786879897790.451,14685608.386,0.000000000,-0.851208746,0.054619234,-0.199769363,1.326353550,-0.501512527,-0.106151894,-0.556471884,0.025420621,0.011217482,1.302572727,-0.762975276,-0.211792573,0.027162904,-0.016585890,0.354488194,0.202517882,0.529179811,-0.367022127,-0.022556599,0.368302882,-0.816307306,0.847845793,-0.011295605,-0.303271651,0.205644459,-0.129432634,-1.168059826,-0.408554405,0.209592029
800,15999.979,1786879897810.450,14685628.385,0.000000000,-0.850692689,0.053521808,-0.200172424,1.327863216,-0.503277361,-0.104579702,-0.555846393,0.024649760,0.011191734,1.300841928,-0.761820614,-0.211928934,0.027137801,-0.016564270,0.354407132,0.201884478,0.529315650,-0.367279500,-0.023754429,0.369088918,-0.816311955,0.846906304,-0.011176188,-0.302269936,0.205553845,-0.129562959,-1.167936921,-0.409295619,0.210869536
801,16019.983,1786879897830.454,14685648.389,0.000000000,-0.850168943,0.052441854,-0.200510055,1.329066277,-0.504930615,-0.103087582,-0.555328965,0.023976492,0.011343619,1.298961282,-0.760680318,-0.212057337,0.027141122,-0.016583608,0.354262680,0.201045588,0.529391587,-0.367375165,-0.024621811,0.371039629,-0.816323698,0.845786035,-0.010844505,-0.301266402,0.205479130,-0.129705906,-1.167657733,-0.410028815,0.211775869
802,16039.981,1786879897850.453,14685668.388,0.000000000,-0.849577963,0.051111482,-0.200888470,1.330072045,-0.506431937,-0.101683073,-0.554775596,0.023119440,0.011458225,1.297121763,-0.759646058,-0.212137431,0.027012108,-0.016681949,0.354182839,0.199988797,0.529547632,-0.367440790,-0.025131818,0.373356342,-0.816352189,0.844217598,-0.010327728,-0.300316066,0.205419540,-0.129874557,-1.167331219,-0.410840780,0.212321326
803,16059.981,1786879897870.452,14685688.387,0.000000000,-0.849099815,0.049123719,-0.201445207,1.331097841,-0.507771850,-0.100421987,-0.554244757,0.021780042,0.011368919,1.295741916,-0.759032249,-0.212086678,0.026706750,-0.016939424,0.354119629,0.198683739,0.530096769,-0.367468953,-0.025274111,0.375562131,-0.816379666,0.842121780,-0.009731013,-0.299631149,0.205387935,-0.130041569,-1.166897297,-0.411862910,0.212483108
804,16079.981,1786879897890.453,14685708.388,0.000000000,-0.848715842,0.047189187,-0.202086940,1.332392454,-0.509240210,-0.099202886,-0.553788304,0.020537876,0.011249208,1.294708371,-0.758602142,-0.211939797,0.026541088,-0.017110525,0.354067296,0.197471485,0.530891836,-0.367484212,-0.025366031,0.377291620,-0.816384912,0.839931130,-0.009358553,-0.299222648,0.205381647,-0.130149126,-1.166286111,-0.413051218,0.212591216
805,16099.982,1786879897910.453,14685728.388,0.000000000,-0.848256826,0.045111541,-0.202859268,1.333810091,-0.510818601,-0.097973600,-0.553168237,0.019113507,0.010887148,1.293862820,-0.758363605,-0.211679369,0.026210425,-0.017349010,0.354061782,0.196376055,0.532003224,-0.367521405,-0.025456330,0.378925562,-0.816367567,0.837960720,-0.009248498,-0.299063474,0.205392942,-0.130192116,-1.165802002,-0.414292485,0.212659374
806,16119.981,1786879897930.452,14685748.387,0.000000000,-0.847768784,0.043558557,-0.203476459,1.334864974,-0.512052894,-0.097091116,-0.552547693,0.018025389,0.010543969,1.293265820,-0.758247793,-0.211446986,0.025945691,-0.017665105,0.354068816,0.195545137,0.533177674,-0.367569357,-0.025527706,0.380266011,-0.816345930,0.836584151,-0.009212452,-0.299033910,0.205394834,-0.130184367,-1.165551901,-0.415108800,0.212682575
807,16139.979,1786879897950.451,14685768.385,0.000000000,-0.846940935,0.041802913,-0.204396367,1.336295009,-0.513794601,-0.096036769,-0.551571310,0.016915942,0.010107038,1.292382002,-0.758019567,-0.211160228,0.025761701,-0.018089853,0.354069352,0.194460958,0.534934402,-0.367641270,-0.025626320,0.381995916,-0.816312015,0.834861577,-0.009171076,-0.299014002,0.205390424,-0.130146429,-1.165229678,-0.415934920,0.212688670
808,16159.979,1786879897970.451,14685788.386,0.000000000,-0.845953822,0.040392440,-0.205454543,1.337688804,-0.515595198,-0.095105156,-0.550450921,0.016179834,0.009653269,1.291299462,-0.757652283,-0.210904360,0.025687063,-0.018462414,0.354053557,0.193466797,0.536662221,-0.367717206,-0.025730878,0.383595973,-0.816275954,0.833361864,-0.009131511,-0.298997611,0.205390692,-0.130094796,-1.164901733,-0.416504711,0.212676555
809,16179.979,1786879897990.450,14685808.385,0.000000000,-0.844859183,0.039233759,-0.206628859,1.338933110,-0.517367184,-0.094262369,-0.549239695,0.015699904,0.009150008,1.289959550,-0.757103503,-0.210658669,0.025631139,-0.018794226,0.354020476,0.192569003,0.538203061,-0.367797077,-0.025844488,0.385114253,-0.816239238,0.832157016,-0.009090865,-0.298981607,0.205398262,-0.130037770,-1.164566517,-0.416869998,0.212654755
810,16199.980,1786879898010.451,14685828.386,0.000000000,-0.843662858,0.038249258,-0.207822725,1.339925647,-0.519039690,-0.093487255,-0.547991157,0.015358642,0.008647378,1.288371086,-0.756375730,-0.210406065,0.025584925,-0.019153904,0.353983164,0.191748485,0.539518774,-0.367881328,-0.025968881,0.386577666,-0.816203952,0.831240535,-0.009048974,-0.298966706,0.205411747,-0.129975691,-1.164225936,-0.417080402,0.212629050
811,16219.978,1786879898030.449,14685848.385,0.000000000,-0.842375875,0.037362557,-0.208978295,1.340652943,-0.520588398,-0.092773207,-0.546735585,0.015054945,0.008165976,1.286603570,-0.755519390,-0.210129380,0.025544485,-0.019580750,0.353955567,0.190973625,0.540657043,-0.367971689,-0.026101841,0.387970507,-0.816173494,0.830549598,-0.009006652,-0.298957616,0.205427602,-0.129907757,-1.163883567,-0.417217731,0.212600857
812,16239.979,1786879898050.451,14685868.386,0.000000000,-0.841034889,0.036536865,-0.210103929,1.341188073,-0.522043109,-0.092115581,-0.545485616,0.014751497,0.007684297,1.284726024,-0.754591048,-0.209810913,0.025506375,-0.020028360,0.353941232,0.190246388,0.541660011,-0.368066847,-0.026244022,0.389282823,-0.816150308,0.830026984,-0.008965353,-0.298956782,0.205443501,-0.129834965,-1.163544655,-0.417338103,0.212569654
