index,time_ms,time_realtime_ms,time_monotonic_ms,ros_timestamp,dq_0,dq_1,dq_2,dq_3,dq_4,dq_5,dq_6,dq_7,dq_8,dq_9,dq_10,dq_11,dq_12,dq_13,dq_14,dq_15,dq_16,dq_17,dq_18,dq_19,dq_20,dq_21,dq_22,dq_23,dq_24,dq_25,dq_26,dq_27,dq_28
0,0.000,1786752485723.025,29443645.425,0.000000000,0.181873247,0.000897913,0.002908868,-0.424085349,4.747946262,-0.000507655,0.181608677,-0.000899558,-0.003171419,-0.422942430,4.744819164,-0.000358181,0.000000919,0.000018723,-0.658508301,0.111158930,0.171000153,-0.003279709,-0.149099618,0.007553657,-0.019038662,-0.001315773,0.111254923,-0.172709808,0.003251438,-0.149447933,-0.007551276,-0.019526277,0.001334614
1,19.991,1786752485743.015,29443665.415,0.000000000,-4.535545826,-0.021736708,-4.169831276,6.704197407,5.439424515,-1.217414975,-2.927126646,1.158742428,1.781710625,3.115355968,3.737477303,0.074009292,-1.530228257,1.038971305,-2.117052555,0.736271024,-0.033463784,0.652503014,-1.152079105,0.575422049,0.005378055,-0.015237602,-0.870632768,0.097128198,-0.728987813,-0.612718165,-0.191580415,0.954171360,0.115593776
2,39.990,1786752485763.015,29443685.415,0.000000000,-4.061386108,1.830571413,-3.692008972,5.962776661,5.888645649,-0.878030360,-2.900390148,-0.255934715,2.216369390,2.023333073,6.417042732,-0.323933244,-1.299854636,1.051992178,0.214028701,0.357342392,-0.204562962,1.829755664,-2.845373154,0.661792994,0.416146755,0.031737324,-3.285405874,0.739729464,-1.865382433,-1.179271936,0.551648855,1.826043963,0.082947046
3,59.988,1786752485783.013,29443705.413,0.000000000,-3.152200699,3.535426855,-2.966382504,4.220521927,4.416674614,-0.794223428,-1.743259430,-1.307047009,2.176734447,1.060331821,5.033994675,-0.442897499,-0.833522022,0.548957884,2.698896170,-0.016207241,-0.105796151,2.346432209,-4.836573601,0.060336005,0.394838125,0.324452341,-5.042935371,0.768523932,-1.755140543,-2.327314138,1.216068149,2.076773882,-0.194469243
4,79.994,1786752485803.018,29443725.418,0.000000000,-1.978515863,3.975212812,-2.357011080,3.404468536,2.717137098,-0.576459944,-0.111453965,-2.573212862,2.788065195,-0.632475495,3.270517349,-0.325399995,-2.000649452,-1.299700975,4.590533733,4.509415150,0.013130144,2.786096811,-8.714612961,-0.578945756,1.008660078,1.081689477,2.613564730,1.633262992,-0.176283389,-8.795506477,2.360604763,5.264739990,-0.823046267
5,99.994,1786752485823.018,29443745.418,0.000000000,1.202384114,-0.402620554,-7.280614376,2.075450420,0.441334337,0.177831218,-1.205474377,-2.552871704,2.575430393,-1.007671952,1.713833451,0.020169478,-3.475971460,-0.829340935,3.410701513,8.764014244,-0.688891292,2.347095013,-6.939825058,-0.146827966,-2.781525373,1.253939748,3.771463633,0.468878478,0.515147388,-5.876943588,2.551694870,1.657458544,-0.571191728
6,119.990,1786752485843.015,29443765.415,0.000000000,0.419362456,1.402812004,-3.265884876,3.565438032,0.842338681,0.383496583,-0.254854798,-1.494294882,1.114192486,-0.701548576,2.338613749,0.365806609,-4.109857559,-0.031731442,4.265605927,6.352732182,0.329985529,2.351357222,-2.446980238,0.817393661,-3.117894650,0.537062168,0.679645717,-1.187623143,1.280015349,-1.519635439,3.075261593,1.322577953,-0.823058188
7,139.989,1786752485863.014,29443785.414,0.000000000,-2.434531689,4.348376751,3.011523485,1.865026355,1.272722602,0.227332354,1.790886402,-0.218664765,2.950585842,-0.741194367,1.343511105,0.294712454,-2.459828377,-0.587821126,3.172725439,2.954269171,2.547909975,1.993652344,0.152663931,0.516236484,0.289046794,-0.308166325,-0.220828295,-1.977083802,1.525445580,0.916463733,2.395001888,1.294673204,-1.363686919
8,159.989,1786752485883.013,29443805.413,0.000000000,2.667052031,10.642436981,6.358940125,7.002895832,6.270531178,-0.861892819,4.136741161,4.245429039,2.547235489,3.821060181,11.407392502,-2.273568392,7.031702518,2.186086178,1.987687469,-3.071177721,5.967136860,2.573969841,-1.746050477,1.691701293,4.848938942,-2.666314840,-2.640344620,-4.033051014,-1.038246870,2.664265394,0.533844531,7.180010796,-2.198326588
9,179.988,1786752485903.013,29443825.413,0.000000000,-13.772412300,1.455110073,-0.066908017,19.888120651,-10.430803299,-1.478236437,-10.499646187,0.559124172,0.076947801,11.037562370,-5.134519577,-0.365987092,2.295107126,0.024366671,-2.757020235,-0.786961079,0.023259280,0.662975967,-1.726239085,-1.843000054,0.494403124,-0.053980239,-3.119630814,-3.166372061,0.612397075,0.618173420,2.975721836,1.132376194,-2.426470995
10,199.992,1786752485923.016,29443845.417,0.000000000,-10.988222122,-1.638369679,-8.252136230,17.016363144,-0.873448968,-0.931374192,-8.383995056,-0.852385819,0.258616745,10.328180313,-3.816117048,0.263852417,1.511094332,-0.918503344,-0.214581147,-0.038449526,1.109171748,1.232121229,-3.422544956,-2.458987713,0.009975309,0.898316085,-5.546173573,-4.222932339,1.407464862,0.839878261,4.191367149,2.054054499,-2.411551952
11,219.988,1786752485943.013,29443865.413,0.000000000,-5.112150192,-0.774094522,-7.969826221,13.655439377,-1.222952485,-0.522602081,-3.384732246,-0.042458113,4.586035252,9.091161728,-7.251125336,1.922891498,-1.059507251,-0.367065609,2.342971325,1.679051518,2.904753447,1.807575703,-3.831279039,-2.282558203,-0.997333705,1.912203431,-6.187361240,-3.162243366,2.421604872,0.240103871,3.877917528,2.081116199,-2.040450573
12,239.988,1786752485963.012,29443885.413,0.000000000,-1.829931140,1.108382821,-7.123622417,10.291069031,-2.405114412,-0.579790294,-0.022768350,-1.623045683,1.508267045,6.368454933,-4.625503540,-0.072025433,-3.428117275,0.376596361,0.807777822,3.521868229,3.188948393,2.184016466,-1.713140845,-1.330114007,-1.624567151,1.883139729,-3.641598701,-1.150577664,3.192676067,-0.064646713,2.657043457,0.231485382,-1.805576801
13,259.988,1786752485983.012,29443905.412,0.000000000,0.793164015,3.637833357,-4.304054260,5.469604969,-2.405080557,-0.081965469,2.683024645,-2.415564537,0.462239683,3.822262287,-8.700877190,3.011187315,-3.515419960,0.489232123,0.154980034,3.550592422,1.794185996,2.188016176,0.871557117,-1.124204755,-1.046392083,1.817977667,-0.994620323,0.051282473,3.372677803,-0.073543191,1.236854911,-1.065143466,-1.617767453
14,279.989,1786752486003.014,29443925.414,0.000000000,1.252037644,3.828913450,-1.233356714,4.343483448,-1.025682688,0.621687114,2.629208088,-2.969801188,-0.246258929,1.003303051,4.445343971,2.185371876,-1.414121509,0.415788263,0.186077669,1.664649248,-0.414010197,1.316829801,3.007030487,-0.257047981,0.222376198,1.375300646,0.823851764,-0.511676490,2.675490618,-0.245331615,0.271454483,-1.221007228,-1.518416643
15,299.989,1786752486023.014,29443945.414,0.000000000,1.469790936,2.023451328,-1.118640542,4.178750992,-1.150680304,0.127118036,3.203449249,-1.603444815,-0.617766738,3.127515316,-5.263327122,3.822310686,-0.408022672,1.762450337,2.619786024,-1.222790599,-2.296329021,-0.289805800,5.234323025,0.516373217,0.983276069,1.081777811,1.652352571,-2.279327154,1.429626226,-0.169321805,-0.203419641,-0.583480299,-1.459506512
16,319.989,1786752486043.014,29443965.414,0.000000000,-0.127172083,1.130065918,1.530527711,3.432032108,-2.050120831,-0.197723180,1.149432898,-2.100259304,1.379016519,2.765014410,-2.924032927,1.981709599,1.990284562,0.900382340,1.794433594,-1.802275181,-2.003556252,-1.431820273,4.969097137,1.332457066,1.892353892,0.246524140,2.622509480,-3.174203157,0.463871896,0.002113764,-0.732620895,0.371486694,-1.254588962
17,339.991,1786752486063.015,29443985.415,0.000000000,-1.709240675,1.875956535,1.582234025,2.800902367,-1.356552362,-0.557248354,-0.813379765,-0.546767116,4.388079166,3.318843603,-0.826287150,0.421786726,3.267570734,0.585448265,1.445990205,-1.467346787,-0.692809641,-2.062664270,3.627638340,1.318150401,1.823090672,-0.496776491,2.614236116,-3.158656120,-0.161712572,0.492511481,-1.829283834,1.053806067,-0.778321803
18,359.990,1786752486083.015,29444005.415,0.000000000,-2.578055143,1.967140198,0.377021790,1.022539735,0.050223257,-0.029351568,-0.054725733,0.134582072,4.987086296,2.722949266,-0.533908010,-0.227704346,2.576406956,-0.237243086,1.501964927,-1.311591029,0.655297279,-2.047530651,2.814907789,0.549324811,1.161487818,-0.888970733,2.446315289,-2.485141993,-0.159652010,0.951325536,-2.332724094,1.713041544,-0.756062329
19,379.988,1786752486103.013,29444025.413,0.000000000,-2.283957720,2.224618196,0.108382046,-0.826569438,2.943315983,0.479154676,-1.592130899,-0.050094377,3.369476795,5.618356705,2.681080103,1.062743187,2.328275919,-0.895994306,1.605001211,-1.268376470,1.460276127,-1.622078538,2.463721037,-0.350576907,0.340721667,-0.510678053,1.757890463,-1.881291509,0.424448520,1.037018299,-1.561409473,2.045783281,-0.588998556
20,399.991,1786752486123.016,29444045.416,0.000000000,-0.964156747,2.124992132,-0.577826202,-2.117058992,4.322235584,0.759451330,-3.614045620,0.167608768,1.048628569,8.666838646,8.983655930,2.542391539,1.621986985,-0.433565855,2.064370632,-1.171952248,1.544023156,-1.166900396,2.220269680,-0.350034952,0.042421188,0.071930856,0.737853885,-1.598455667,0.917661190,0.766731739,-0.549116015,1.838949203,-0.098379016
21,419.991,1786752486143.016,29444065.416,0.000000000,-1.015041709,0.938317657,-1.509617329,-1.375969768,2.998979568,0.571795940,-4.438791752,0.203447491,-1.882860661,4.796579838,4.315019131,-2.709617376,0.533191919,0.062794395,0.385025769,-0.149407193,1.390663505,-0.782921672,1.494773746,-0.285319358,0.157578498,0.507589161,0.501141071,-1.132376671,1.018156886,0.173523083,0.051548954,0.949367464,0.293611676
22,439.991,1786752486163.015,29444085.415,0.000000000,-0.846937120,-0.700244725,-1.577637553,0.399553239,1.617085814,0.602561235,-3.725653648,-0.284898371,-3.299971342,3.474491358,-6.694716930,-1.637560010,-0.283548445,0.310324967,-0.156604171,0.224540442,1.069116592,-0.541775465,0.591497660,-0.323033184,0.612476885,0.523478270,0.724544168,-1.032759666,0.485472918,-0.573805869,0.029386153,0.247633919,0.348794490
23,459.989,1786752486183.014,29444105.414,0.000000000,0.400407493,-1.074719548,0.113404512,1.905590177,1.550580859,0.750789762,-4.532245159,-0.173595339,-5.187119007,-0.478926361,-6.318722725,-1.095872164,0.499680072,-0.022174653,-0.491132379,0.696934044,1.001575470,-0.108543739,-1.231552958,-0.329858154,1.027475834,0.350691319,0.626201272,-0.772483110,-0.277003229,-1.271092892,0.249088600,-0.221104160,0.494930983
24,479.991,1786752486203.016,29444125.416,0.000000000,0.975493670,-1.650766253,0.051672507,2.995293856,-1.222782373,0.350608915,-3.502677441,0.687902272,-6.609817982,-1.862413049,-0.622828901,-1.903945088,0.074432470,-0.049959145,-0.035950080,0.617062569,1.510827661,-0.057054091,-1.811955333,-0.079649702,0.153996736,0.158246294,-0.020833118,-0.484641403,-0.597670019,-0.999865532,0.028908601,-0.808407664,0.433482647
25,499.989,1786752486223.014,29444145.414,0.000000000,0.478707552,-2.849009752,-1.639921427,2.993550539,-3.419255972,0.110353686,-0.975829422,1.248503089,0.186286300,3.233417988,2.518836737,-0.570011377,-2.062675714,0.607552350,0.710473180,-0.307725310,1.793280840,-0.596939623,-0.293316931,0.168146193,-1.017058015,0.088237599,-0.260511935,-0.486994565,-0.694132388,-0.141128168,-0.854471982,-0.933894634,0.092065707
26,519.990,1786752486243.015,29444165.415,0.000000000,0.580986857,-0.535898805,-0.568233192,1.743169546,-5.368473530,-0.021902548,0.201265991,-0.079752900,0.114396341,2.521414995,-1.555415750,1.870065093,-0.361804664,1.246829987,0.669569612,-1.498195887,1.396533251,-1.774345040,1.525815010,0.594305575,-0.817155778,0.193209097,0.287351012,-0.762883782,-0.865232766,0.926998138,-1.245917678,-0.605851293,-0.320992410
27,539.990,1786752486263.015,29444185.415,0.000000000,0.585130394,0.569465578,1.358654261,1.601531148,-5.293599129,-1.237532020,-0.968019247,0.305696756,2.138432026,1.423597217,-0.394049287,0.904759526,2.071797609,-0.151920512,-0.024599569,-1.477446675,1.483810186,-2.311063290,1.547546864,0.304554850,-0.032293744,0.157934561,0.325912297,-0.340804368,-0.226106420,2.205228090,-1.405994534,-0.059486516,-0.230490834
28,559.989,1786752486283.013,29444205.413,0.000000000,0.046652507,0.257908672,0.555418253,1.877943158,-3.149720907,-1.732521415,0.149288192,0.002033103,2.104035616,0.014129790,0.540560901,-0.359274447,1.399316907,-0.467276663,0.766966343,-1.049218535,1.348741174,-1.739438176,1.283858180,0.030338030,0.027962361,0.020323245,-0.384996265,-0.058635280,0.548738301,2.696734428,-1.504989386,0.251609206,0.166873768
29,579.990,1786752486303.014,29444225.414,0.000000000,-1.423070550,0.744575918,-1.020112634,0.401385427,-0.740329146,-1.293273687,1.820340872,-0.022500193,0.674945116,-2.142959118,1.550126672,-0.454855174,-0.165490597,0.422278225,1.209717751,-0.699404836,0.852912247,-0.702797353,1.416606784,0.004015762,0.176385596,-0.128987148,-0.743586123,0.209709123,0.793856084,2.467327833,-1.351913691,0.295916557,0.602659583
30,599.989,1786752486323.014,29444245.414,0.000000000,-2.324508667,0.699831009,-1.242418766,-1.559310436,0.206569299,-1.087327838,1.826274991,-0.207199588,0.917091370,-4.167520523,1.513285398,0.150439501,-0.427540034,-0.228505880,0.583439887,-0.366578877,0.843982995,0.128680035,1.388299227,-0.007015056,0.360116839,-0.235158265,-0.663033664,0.839053392,0.664304733,1.992570162,-0.873526573,0.449642241,0.922611833
31,619.991,1786752486343.015,29444265.415,0.000000000,-1.420016050,0.904986560,-1.658016324,-1.934689879,-3.640314102,-2.858239651,1.357800484,-0.771474183,0.217597172,-4.564817905,3.323192596,-0.036487900,-0.110616803,-0.605713606,0.617037714,-0.235607371,0.779886663,0.822559774,1.309838533,-0.126941726,0.285252124,-0.091570526,-0.743390560,0.924070656,0.464056045,1.351081133,-0.283018947,0.381743044,1.155242920
32,639.988,1786752486363.013,29444285.413,0.000000000,-0.475159973,0.809425473,-1.061982989,-3.325938463,1.206825972,0.355340093,0.717608750,-1.750882149,0.046646614,-4.935034275,3.291555405,-0.859331787,0.093001321,-1.243660092,0.300262749,-0.054191127,1.001983404,1.060620189,0.799156904,-0.059254061,0.423633784,0.010846984,-0.422464818,0.743639231,0.068611473,0.334673226,-0.057057377,0.078849472,1.176800489
33,659.990,1786752486383.014,29444305.414,0.000000000,-0.512786031,1.187918186,1.030655980,-2.561846256,2.504691839,2.401156664,0.396957308,-2.144388676,-0.464134276,-3.688062668,3.088635683,-1.006539464,0.269657224,-1.397181034,0.230259120,0.011402508,1.362075686,0.933424175,-0.046282083,-0.137584135,0.672231555,0.082906350,-0.065829717,0.216849923,-0.092192233,-0.682229459,-0.179289296,-0.164419547,1.002613902
34,679.990,1786752486403.015,29444325.415,0.000000000,-0.810978174,1.230847359,2.170407295,0.503862858,-3.973885059,-2.251518488,1.082951903,-1.789330006,-2.513511658,-0.514867067,1.152616501,0.647922099,0.111787893,-0.883160472,1.189515829,-0.300946176,1.700446606,0.671478510,-1.089098454,-0.030965956,0.724241555,0.264231980,0.024530115,-0.361188293,-0.402510077,-1.503264189,-0.518587172,-0.655219615,0.531394482
35,699.989,1786752486423.014,29444345.414,0.000000000,-0.349528193,-0.432690948,2.622831583,1.209579110,-0.120480388,-2.690147161,0.889296830,-1.339139819,-2.171492338,1.029692411,0.262310147,0.424570680,0.844313443,-1.864573359,1.786957979,-0.695062995,2.019532204,0.462940037,-1.637717962,0.404124796,0.554253221,0.408817202,0.000420850,-0.114280857,-0.537630856,-1.365575075,-0.406069934,-1.000851154,-0.062300708
36,719.990,1786752486443.014,29444365.414,0.000000000,-0.933333337,-0.706174910,3.364364624,0.454138994,2.288538933,-2.943677187,-0.051263180,-0.152631164,-1.877302527,1.004487634,-1.195064425,-0.049832225,1.352557540,-2.435181141,0.728767574,-0.476815253,1.825676560,0.477206588,-1.344127178,0.637910068,0.011297559,0.494103998,-0.061921384,0.378829092,-0.165708378,-0.652306020,0.055420622,-1.200029254,-0.403337538
37,739.990,1786752486463.014,29444385.415,0.000000000,-2.155599356,-2.696986675,3.310862541,0.659436643,3.452830315,1.300899744,-0.780681252,-0.235316679,1.133224010,-0.559364855,-0.863718212,-0.431415886,0.096452512,-2.527156591,0.074641310,-0.432308257,1.102486491,0.429048479,-0.577174842,0.259211808,-0.534902573,0.531844735,-0.109042495,0.484185517,-0.148138255,-0.117143944,0.702835917,-1.464288116,-0.385512501
38,759.989,1786752486483.014,29444405.414,0.000000000,-2.738408327,-3.361524820,2.934369087,1.668573022,6.027642250,1.171718717,-1.132531166,-1.746285200,0.072673455,-1.591518402,-1.658444881,-0.736589432,0.370750695,-1.982987881,-0.412412643,-0.253803700,0.295741618,0.113183372,-0.154011413,-0.465220869,-0.617107272,0.608447969,-0.047671456,0.046556327,-0.222934812,0.211446226,1.397653341,-1.688481212,-0.228907734
39,779.990,1786752486503.014,29444425.414,0.000000000,-3.087981462,-0.734633565,-2.870603800,4.226662636,1.133531094,1.503349304,0.223662123,0.937633276,-0.860369682,-2.696743965,2.426094770,-0.631528974,0.456826687,1.930380106,-1.523985386,0.823719919,-0.401445806,-0.412416309,-0.285280824,-1.211664677,-0.470094919,1.032431960,-0.392089576,-0.829452932,0.108520031,0.689211965,1.730225682,-1.677342534,0.121725634
40,799.991,1786752486523.016,29444445.416,0.000000000,0.048686817,0.473986655,-6.923875809,3.299614906,-2.870414495,2.645814657,1.295641541,-1.404780746,-4.854138374,-3.723965645,5.164153099,-1.341804385,0.378921777,2.126811266,-1.838295817,1.836012006,0.413914502,-0.616255462,-1.000723243,-1.147008777,-0.032112669,1.070689917,-0.973750889,-0.358726740,0.840764105,1.479620695,2.063053846,-1.473227978,0.207066908
41,819.990,1786752486543.015,29444465.415,0.000000000,3.306105852,0.942203045,-5.314262390,-2.040764570,-1.473470330,1.913555026,2.327039242,-1.516248345,-3.897536039,-1.125298858,1.123429060,0.041391399,-0.887589157,1.023728967,-1.004289746,2.232038021,1.134808540,-0.058147073,-1.512232780,-0.781828940,0.393804789,0.831709385,-1.537727952,0.202888697,1.505160570,1.026731491,1.387577891,-0.802899361,0.318527818
42,839.989,1786752486563.014,29444485.414,0.000000000,3.229336500,1.262486577,-1.053987145,-4.581804752,0.816027641,1.513442993,2.017896652,-0.024370560,0.339250565,3.621566534,-0.848289013,1.055140376,-1.938021898,1.535793900,-0.138702482,1.191726923,0.301842630,-0.031526316,-0.477611333,-0.637416661,0.048308901,0.290003031,-1.037399292,-0.785030067,1.134229898,-0.304190218,0.156034857,-0.737923086,0.086159617
43,859.988,1786752486583.012,29444505.413,0.000000000,1.877129674,2.418281078,2.709991455,-1.251245141,-8.542692184,-3.188582659,1.504299879,1.158274055,2.684693813,5.222528458,-2.271524429,0.859550893,-0.115845509,0.657872736,0.132555813,-0.916656256,-0.185706124,-0.747048497,0.936774909,-0.692446113,-0.248705938,-0.306858540,0.321702302,-1.230503559,0.134158313,-0.723061323,-0.007684513,-0.998438478,-0.536541820
44,879.992,1786752486603.016,29444525.416,0.000000000,1.119794369,0.190705776,4.720767975,0.922702312,0.303024590,-2.417453051,0.457319796,1.743828177,4.394195080,3.932536602,-3.912368774,0.093786605,3.584294558,-2.055781841,0.701992512,-2.430469036,-0.083689190,-0.917947233,1.731211662,-0.767958105,-0.029155659,-0.760574698,1.235581636,0.036356237,-0.680984974,-0.003772730,-0.003416796,-0.887499809,-1.028648615
45,899.991,1786752486623.016,29444545.416,0.000000000,-1.004149199,-0.775363505,5.174088478,0.395309687,1.800902247,0.403999209,-0.511857748,0.388409197,2.007590055,1.536728263,-4.830835819,0.673906863,3.692546606,-3.558344364,-1.031125665,-1.858424187,0.051174607,-0.585617959,1.750163198,-1.258549094,-0.003013657,-0.910138667,1.789802313,1.315089822,-0.853450537,0.512832224,-0.038536664,-0.647845387,-0.767924786
46,919.991,1786752486643.015,29444565.415,0.000000000,-3.362032413,-1.290490270,1.640441656,2.204334736,1.113777876,1.439808607,-1.619548678,0.631177306,1.306167006,-0.956754029,-1.382864714,2.978233337,1.861715198,-2.355978012,-2.108132362,-0.387699455,-0.026109004,-0.161300421,0.699046671,-1.827948451,0.159655213,-0.417340070,1.067609787,0.946028173,-0.644660175,0.297362149,-0.229453400,-0.357904643,0.106608100
47,939.991,1786752486663.015,29444585.415,0.000000000,-1.546046853,-1.842956901,-5.389818192,4.451581001,-1.068417668,3.470957518,0.847342670,-1.746164441,-1.891375422,-2.580921888,4.456178188,0.843643606,-0.858132780,1.388017297,-0.440758973,0.337230444,-0.060779240,-0.796489835,0.150302023,-1.313334703,0.081462234,0.280347824,-0.313689858,-0.582757294,-0.435413778,0.179620177,-0.079422042,-0.588145494,0.776676476
48,959.989,1786752486683.013,29444605.413,0.000000000,0.782971144,0.458065420,-7.449458122,2.903725147,-2.286589861,3.186468601,1.581974387,-4.024993896,-4.394154549,-4.546460152,7.851466179,-0.162092492,-0.981528997,1.975452542,-0.828018963,1.227455020,0.674692690,-1.164388299,-0.331668913,-0.148552850,0.554396808,0.312640637,-0.680170834,-0.485645145,-0.069517486,0.879053891,0.004999087,-0.720193565,1.174530387
49,979.989,1786752486703.014,29444625.414,0.000000000,2.077081442,1.822096348,-5.416052341,-1.692817926,-0.092285477,1.859637737,3.126006365,-3.963546276,-5.341155052,-9.549313545,-3.199619055,-4.620360851,-1.245959282,1.351377964,-1.008368611,2.070862532,1.167773128,-0.385388821,-1.060839057,0.587570667,0.789724469,0.055933908,-0.704965949,-0.092438743,0.104500920,1.214734077,-0.122756474,-0.621936381,1.326729536
50,999.989,1786752486723.014,29444645.414,0.000000000,1.551559329,0.828086078,-2.643105268,-0.552529752,-2.325661898,-7.793891430,1.457663774,0.441384107,0.071010560,4.661224365,-0.081316695,-0.902486742,-1.278487206,2.363738298,2.171693325,0.938591957,1.220380425,0.448882639,-0.823127747,0.516454518,0.069875799,0.007411525,-1.732767344,-1.471688747,0.238914639,0.192064136,-0.055953894,-0.697000325,0.889709353
51,1019.988,1786752486743.013,29444665.413,0.000000000,1.447563291,1.230080605,1.892105460,0.897442162,1.663163543,-2.042840481,-0.353108436,3.478590727,5.003451347,9.258454323,-1.701552987,-0.098775454,2.448649168,0.476134807,3.629485846,-0.646986663,1.327002525,0.568329930,0.721562207,0.646500349,-0.198682398,-0.123806648,-0.879043818,-0.931645989,-0.224780083,0.057908978,-0.308321208,-0.674339592,0.098738447
52,1039.989,1786752486763.013,29444685.413,0.000000000,-1.887477279,2.183011055,4.783397675,-0.544069409,3.329212904,0.205838412,-1.656773567,3.912602425,4.789312840,7.087051392,-6.191352844,0.431396902,4.330152988,-1.965617418,0.400754720,-0.655992687,0.437433720,0.831058323,2.116758347,0.254617542,-0.215309128,-0.301851273,1.173718095,-0.022758149,-0.112066261,0.197615430,-0.574241698,-0.394993961,-0.327223778
53,1059.989,1786752486783.013,29444705.413,0.000000000,-2.984742165,2.089179754,5.414855957,-2.434972763,3.620297670,-3.853133917,-0.656011283,3.128519773,3.454789400,4.764078140,-5.844564915,1.413859248,3.792495012,-3.372514725,-0.991150081,-0.408607185,-0.399677157,0.900240004,2.879864216,-1.244863629,-0.311654508,-0.277708650,2.037500858,0.599085093,-0.189746782,0.394446045,-0.502900958,-0.395542949,-0.322461843
54,1079.990,1786752486803.015,29444725.415,0.000000000,-3.487815619,-0.561782181,4.768449306,-1.186881781,3.465840578,2.759802818,0.724177003,0.822585166,0.444790512,0.774375737,-3.902589083,1.199531317,1.544206142,-2.498766422,-1.312401414,0.614482045,-1.124389172,0.194314867,2.143768787,-1.930880547,0.239736721,0.019378452,1.609694362,-0.137023270,-0.272288561,0.175996214,-0.513188362,-0.201429337,0.031604443
55,1099.988,1786752486823.012,29444745.413,0.000000000,-1.639362454,-2.921737432,-1.168943048,1.670437336,0.393727660,1.616001010,-1.095572352,1.566276312,1.844379663,-0.402223527,-0.919404447,0.765950084,-1.044234991,1.613907814,0.060529772,1.764264584,-1.693393230,-0.654168189,0.458698511,-2.279608727,0.571190357,0.399571180,-0.286506027,-1.992542624,-0.583697140,-0.451835424,-0.180403218,-0.012481907,0.635937393
56,1119.989,1786752486843.013,29444765.413,0.000000000,-2.320922375,-3.158100128,-3.979551315,2.881459951,-1.240004301,2.375026941,-1.405077696,-1.368403673,-1.334028482,-2.294543743,2.379433632,-0.298550427,-2.502825499,2.415154457,-1.742053986,2.196583509,-1.034967661,-2.086006641,0.067269452,-1.865918875,0.540763557,0.282196015,-0.085918225,-2.117266417,-0.651882231,-0.127323270,0.145621553,0.000007506,0.351219207
57,1139.989,1786752486863.014,29444785.414,0.000000000,-0.090287425,-0.818520546,-4.267404079,1.738926172,-2.964888811,2.231855631,-0.078522660,-4.577311516,-3.842145443,-4.321971416,4.458928108,-0.236203894,-1.717333794,2.062949419,-1.216901064,1.286874652,0.458758801,-2.734022141,-0.388724506,-1.283056974,0.639993429,0.077743426,0.130550757,-1.380959272,-0.918021500,0.772757530,0.624689400,0.002338243,0.034567520
58,1159.990,1786752486883.014,29444805.415,0.000000000,-1.044244528,0.401043415,0.700996041,0.324621439,2.225555658,1.628587246,2.189153910,-4.571797371,-4.236458302,-5.874523163,2.165872574,-0.727363944,0.163604558,1.192851424,0.759394407,0.700550973,1.945154905,-1.826714873,-0.637706459,-0.948162377,0.134648576,0.001001300,-0.529213607,-0.526444495,-0.394594759,1.820493817,0.459079504,0.221510023,-0.005582338
59,1179.988,1786752486903.013,29444825.413,0.000000000,0.602378905,0.427098453,1.160084367,-0.896955252,3.858803034,2.359176159,0.373750567,-0.879925072,-0.034664363,2.754112005,2.909383774,-0.028155558,0.726789415,-0.114374638,1.746531129,0.344067603,3.475975752,-0.394492775,-0.053757954,-0.449556172,-0.510890603,0.018022543,-1.431199551,0.132397786,0.518694580,1.891971469,0.062194746,0.594678640,0.004794444
60,1199.989,1786752486923.014,29444845.414,0.000000000,0.393866509,0.270925254,1.148436666,-1.960719585,5.711937428,1.213071227,-0.768878758,1.284997582,1.586563110,8.015706062,2.897672176,-0.014856499,1.119140029,-1.542109728,0.208266303,-0.156438380,4.008374691,0.154518053,1.594331145,-0.294532925,-0.598699212,0.243786469,-0.411357373,0.310811937,0.895378292,1.610554457,-0.390534818,0.314405888,-0.175030529
61,1219.989,1786752486943.013,29444865.413,0.000000000,-0.054282714,0.761661708,1.853231668,-2.565457106,5.500630379,0.270933986,-0.705504000,1.894593716,1.618900657,5.695827007,0.351127207,-0.015845517,2.097985029,-2.717122793,-1.490944982,-0.439203054,3.179227352,1.040166616,2.891639471,-0.674227953,-0.468082100,0.632065773,1.123125076,0.037582219,0.824384511,1.150637388,-0.708779633,0.044821791,-0.310155243
62,1239.988,1786752486963.013,29444885.413,0.000000000,0.333170354,0.743397057,1.557632089,-2.281105995,3.979648829,0.132310316,1.157960057,2.138906002,0.539596200,2.385426521,-1.265936017,-0.255940884,2.241207838,-1.969407201,-1.279636860,-0.242530689,1.894246697,1.829467416,2.625997782,-0.910254836,-0.344347924,1.202105284,1.701976657,-1.096716642,0.511021137,0.550376594,-0.573124707,-0.393495858,-0.254631430
63,1259.989,1786752486983.014,29444905.414,0.000000000,0.490758210,-0.077684656,0.913422704,-1.667877674,2.625743866,0.279128224,2.205439091,1.763610005,-0.508560300,0.322375089,-1.467033625,-0.500788629,1.501805186,-0.629721820,-0.738896251,0.582577288,1.042689323,1.592254400,1.554100633,-0.427110374,-0.274606079,1.534057856,1.331449747,-2.322918177,0.101582743,0.358472854,-0.510773003,-0.726854563,-0.134443685
64,1279.989,1786752487003.013,29444925.413,0.000000000,1.055556536,-0.378328711,0.755955100,-2.159690619,0.114042215,0.167730823,1.599728107,1.045448899,-0.732403874,-1.596005797,-0.712671101,-0.816609740,1.286881566,0.438543260,-0.016788207,1.453205705,0.139648855,-0.037760977,-2.521589518,-0.971633732,-1.759916544,-0.730453432,0.524410009,-3.010385990,-0.700280845,0.587395191,-0.640547574,-0.646045327,-0.147490844
65,1299.989,1786752487023.014,29444945.414,0.000000000,1.156357288,-0.360946953,0.621028125,-1.651477098,2.252588034,1.071670413,-0.312078804,0.793159485,0.162232146,-1.254606128,1.141666055,-0.263675541,0.531409562,2.164270163,1.080819011,0.022065874,-1.774800301,-2.333674192,-4.515239716,0.120358050,-2.335024834,-0.813605368,-0.696241915,-3.404923201,-1.130860209,0.938199043,-0.761382043,-0.392712981,-0.367344260
66,1319.991,1786752487043.016,29444965.416,0.000000000,0.810753584,0.748528063,1.231220007,-2.917280197,-0.271212965,0.040381640,-1.722760081,0.143396094,0.593839288,0.457422376,1.330053687,-1.304535866,0.326163530,1.093014956,0.572521865,-2.125737429,-2.095558167,-3.024183512,-1.335796833,1.247770548,-1.877784371,-1.017988324,-1.094078302,-2.019231558,-1.184228420,1.681309581,-0.715050340,-0.280139744,-0.737503350
67,1339.987,1786752487063.012,29444985.412,0.000000000,0.343922198,2.005350113,2.129974604,-2.988307238,-0.052383389,-0.114921793,-2.162741661,0.022666253,0.030246232,1.824230671,1.870927453,-1.160813689,-0.797782898,2.594562531,-1.119568467,-6.227936268,-8.821956635,-1.520780921,7.788172722,2.054365158,1.657079935,1.049447894,-2.121380329,-1.635006189,-0.931762934,0.200457960,-0.924101830,-0.595794022,-0.500089288
68,1359.989,1786752487083.013,29445005.413,0.000000000,0.000000000,0.000000000,0.000000000,0.000000000,0.000000000,0.000000000,0.000000000,0.000000000,0.000000000,0.000000000,0.000000000,0.000000000,0.000000000,0.000000000,0.000000000,0.000000000,0.000000000,0.000000000,0.000000000,0.000000000,0.000000000,0.000000000,0.000000000,0.000000000,0.000000000,0.000000000,0.000000000,0.000000000,0.000000000
69,1379.989,1786752487103.013,29445025.413,0.000000000,-5.908921719,-0.378890812,-6.121775627,15.536363602,-7.840418816,-2.551213264,-5.604105473,0.064421959,1.890033484,17.449226379,-8.259054184,2.454295397,5.052361488,-0.723098099,3.448774099,-5.800191879,4.936241627,-6.681479931,6.928053379,-3.599992990,-1.950631022,4.066337585,-1.192310333,-6.262252331,2.363271236,3.765356302,0.248829037,-5.042539120,-4.418593884
70,1399.991,1786752487123.015,29445045.416,0.000000000,-8.559595108,1.057464361,-3.746331692,14.283091545,-0.827700436,-0.339205980,-2.966201782,-1.482497573,0.426525176,4.363790512,-2.701275587,1.239935517,2.695889950,-1.533987999,-0.345097750,-3.789549351,6.253295422,-7.085331917,7.216792583,-4.037497997,-0.532034814,1.979914069,-0.560818613,-8.490543365,5.111699104,5.712090492,1.768913746,-2.980362654,-2.372279882
71,1419.991,1786752487143.015,29445065.415,0.000000000,-5.977047920,0.595000744,-6.427929878,13.093024254,-4.388348579,-0.860908628,-0.433607221,-2.097293854,3.109241962,1.470343113,-0.031951275,0.198984325,2.503929615,-3.106317997,1.368640780,-2.524391174,6.260293007,-4.382289410,4.829919815,-3.706201315,1.288059473,0.639789462,-1.292011023,-7.254463673,5.683030128,4.224905491,2.517800570,0.149745524,-0.443397731
72,1439.989,1786752487163.014,29445085.414,0.000000000,-2.207424164,2.663161278,-8.136104584,8.861326218,-3.266546011,-0.954214990,0.829290390,-2.404107809,-3.112829208,3.824358702,1.537077069,0.385591000,0.713921726,-1.956929326,2.653827429,0.072924636,5.807234764,0.007322559,2.273545265,-3.076231718,2.020047188,0.660172999,-2.135736227,-4.656573296,4.727379322,1.771321177,3.050045013,2.255833626,0.216099724
73,1459.989,1786752487183.014,29445105.414,0.000000000,-0.801143646,4.759366989,-6.766837120,4.516023636,-0.903893411,0.748885810,1.407406569,0.450252026,-2.952497244,4.405409813,-6.155684948,0.529994607,-1.229980946,-0.096119963,2.410613298,2.767598867,4.871597767,2.888459921,0.655632734,-2.185486078,1.995642185,1.535034537,-2.080941916,-2.702349663,2.619107723,-0.665775537,2.487576008,2.893815756,-0.362170905
74,1479.990,1786752487203.014,29445125.414,0.000000000,-2.660869122,2.823174238,-3.281725645,4.269883156,-1.031161070,0.585601568,0.496141672,-0.233121112,-1.763410926,4.173457623,-4.234085083,-0.778618753,-2.314832449,0.659670949,1.300175071,4.038971901,2.340888262,3.456845760,0.450208157,-0.937770605,1.501164794,1.497624874,-0.799558640,-2.942031384,0.602858484,-2.629122019,1.382141590,2.384835958,-1.404567719
75,1499.991,1786752487223.016,29445145.416,0.000000000,-2.214740276,1.349602938,-0.497201294,4.133706570,-0.847229719,0.291735262,0.261844188,-0.055169579,0.273020923,4.555527210,-2.624376774,2.536956072,-1.360490441,2.513461113,1.287336349,3.490371227,-1.304818988,2.915870428,1.390270233,0.974613726,0.620232701,0.814535141,0.233699784,-3.876149654,-0.770930529,-2.412063837,0.220867813,1.404981017,-1.674750328
76,1520.002,1786752487243.026,29445165.427,0.000000000,-0.865438282,0.849654019,0.150537953,2.306499004,-1.796128988,0.985751510,0.048875351,1.050177813,2.562837362,3.048838377,-0.786079049,4.951084137,-0.412147313,3.815842390,-0.070817031,3.420617580,-3.542058706,2.218528509,1.557096243,2.105037212,0.137067258,0.074222706,0.613657355,-3.410171747,-0.981499672,-0.698306799,-0.141678587,1.254150391,-1.636227846
77,1540.005,1786752487263.029,29445185.429,0.000000000,0.791868269,0.089538112,-0.209595963,-0.204962760,-1.023514390,1.043331385,-0.925508916,3.067197561,7.574695587,3.912683249,1.070339561,0.494737804,-0.477142125,2.730769157,-0.409351975,3.912008047,-3.151053905,2.080934286,0.129825532,2.318096161,-0.029950339,-0.589523911,-0.623862684,-1.753935337,-0.269496500,0.184700534,-0.244761467,1.634930611,-1.688395739
78,1559.998,1786752487283.022,29445205.423,0.000000000,1.473784208,-1.537943006,-1.128477693,-0.732881486,-0.347331047,0.580523908,-0.521255791,0.978330374,4.856450558,4.216806412,2.079904079,-1.197640300,-2.234727383,1.580649376,0.542860389,3.594375849,-2.647521496,1.736285329,-0.741537154,1.826220274,-0.277819961,-0.789438367,-1.617505431,-0.289735705,0.380901366,0.436810195,-0.477509111,1.659227967,-1.727386236
79,1579.991,1786752487303.016,29445225.416,0.000000000,1.210720062,-0.568324387,-0.356010079,-1.261847258,0.599995255,0.655335426,-1.141370058,0.874481738,4.027580738,5.388428688,3.276770115,0.373717010,-2.345480919,1.130041838,1.050655842,2.714189053,-2.112968445,1.230488181,-0.631164134,0.862454057,-0.689791739,-0.769229829,-1.744885683,0.312365323,0.844605625,0.091038644,-0.761182308,1.677060127,-1.825985312
80,1599.995,1786752487323.020,29445245.419,0.000000000,0.476370096,-0.276642531,0.860391498,-1.350481987,1.742561936,0.646431029,-1.458428144,-0.024586372,2.300271749,5.847954273,4.787830830,0.063896783,-2.538385630,0.295614302,1.379912138,1.124619961,-1.288776159,0.642689407,-0.081979133,0.350209981,-0.717800081,-0.810036719,-1.045183063,0.769597530,0.951804578,-0.335454136,-0.906120718,1.296160460,-1.560451269
81,1619.993,1786752487343.017,29445265.417,0.000000000,-0.814386725,-0.234002113,1.353383303,-0.473152190,1.297901034,0.118332036,-1.797249794,-1.771339774,0.346708059,1.696975708,-2.212569952,-2.413697481,-2.084315538,0.097165152,0.067119338,0.124328062,-0.773505151,0.242056698,0.149825230,0.265742093,-0.286483169,-0.780855417,0.037341874,0.643357217,0.829656184,-0.697881520,-0.797365367,0.930851996,-0.959967375
82,1639.990,1786752487363.014,29445285.414,0.000000000,-0.867506504,-0.342058510,1.995103955,1.692910552,0.902874231,-0.342768490,-2.179270744,-3.838310480,-0.945977986,-2.083678961,-3.177080393,-1.696500540,-0.384393275,-0.165382937,-0.694926023,-0.474538147,-0.171432883,0.058250904,-1.036820531,0.182995528,0.502806127,-0.837033629,0.725467145,0.334894657,0.144828334,-1.275136828,-0.890228868,0.958010375,-0.414864689
83,1659.991,1786752487383.015,29445305.416,0.000000000,-0.637329578,0.664165974,2.515088081,2.230960369,1.333992243,-0.275181413,-1.166228533,-3.823887587,-0.709568262,0.024903195,-3.570252657,2.614150524,0.625595212,0.363545597,0.151685506,-1.284008622,0.426421672,-0.112524137,-2.486246824,0.044549629,0.691928864,-0.788585305,0.701837242,0.084135674,-0.575440764,-1.380990505,-0.941033363,1.039106369,-0.138648614
84,1679.993,1786752487403.017,29445325.417,0.000000000,-0.758067429,2.287366152,2.802692652,0.821390927,0.722020090,-0.752963245,-0.676068544,-2.133314610,-0.602360129,-0.428200871,-2.857903957,0.480478734,1.582785964,0.962673426,0.751181304,-2.616777420,0.946142912,-0.436840177,-1.999359369,0.108187005,-0.182027012,-0.666016400,0.438112706,0.050327677,-0.686468899,-0.744717360,-0.677139163,0.946176887,-0.184012428
85,1699.990,1786752487423.014,29445345.414,0.000000000,-1.522502422,1.948226690,1.389959097,1.820119858,-3.671846867,-1.587545633,-0.568071604,-0.888932586,0.370093614,-0.891762435,-3.012986183,-1.138123989,1.845752716,0.458674222,0.167422846,-3.371329069,1.348431706,-0.474136382,-0.827298403,0.047103781,-0.759161532,-0.419623971,0.059993770,0.365688801,-0.093266003,0.060541976,-0.123077601,0.845314980,-0.054413453
86,1719.993,1786752487443.018,29445365.418,0.000000000,-1.615145326,0.958763182,0.863885641,2.392566442,-5.756156445,-2.159482956,-0.707710028,-0.608342171,1.795878053,-0.525365651,-1.694677830,-0.458096296,1.539093375,-1.381460071,0.042525996,-3.549159050,1.890682817,-0.088496178,-0.223588869,0.088841468,-0.512851357,-0.075782277,-0.461653948,1.391188383,0.489188582,0.701620758,0.269551963,0.555194199,0.117299564
87,1739.992,1786752487463.017,29445385.417,0.000000000,-1.693198562,0.589800656,0.211128846,1.433280468,-5.066249847,-1.305674911,0.700200081,-0.188016132,0.899816036,-0.236481145,1.094467163,-1.361404061,-0.150096238,-1.159575462,0.999227464,-3.543807745,1.394333363,0.232821777,-0.009137576,0.107797973,0.066112056,0.142657772,-0.651559591,1.536512494,0.402255148,0.592197657,0.039453804,0.191151381,0.518261135
88,1759.989,1786752487483.014,29445405.414,0.000000000,-2.249777079,0.083058156,0.451052397,1.746647358,-1.389988780,-2.981070757,0.896103203,-1.006268501,0.475532025,-2.652448416,0.818073809,-1.547959924,0.204756409,-1.076753020,0.346634537,-2.939638376,0.567381024,0.031372633,0.026912773,0.019173672,0.412290603,0.362426162,-0.092609636,1.279432774,0.057687003,0.254577816,-0.360866696,-0.130368456,0.910781264
89,1779.989,1786752487503.014,29445425.414,0.000000000,-1.499022961,1.140808702,1.060401917,2.818778515,-0.991758227,-1.339490891,0.385204792,-1.220649123,0.528288960,-3.513654470,2.689659834,0.300251812,1.258546829,-0.618931949,0.455098987,-1.571694016,0.068017334,-0.000345834,-0.310197920,0.154332712,0.311068714,0.572372258,-0.169964820,1.050451517,-0.166493431,0.048332043,-0.798063576,-0.508864105,1.608566642
90,1799.993,1786752487523.017,29445445.417,0.000000000,-0.880358279,0.888629079,1.351587176,2.739758968,-1.611253381,-0.945508838,0.014762038,-3.626428604,-1.456130147,-6.384961605,13.247714996,-3.762923717,0.700935304,-0.514894247,0.045647770,-0.114559263,0.121354640,-0.302756518,-0.663852274,0.415700555,0.327087611,0.766194940,-0.012178653,1.218024254,-0.406650066,0.036517587,-1.000045061,-0.857857049,1.929548502
91,1819.989,1786752487543.014,29445465.414,0.000000000,-0.650680780,0.114345163,0.727783442,2.625267744,-1.219006538,-0.195820451,0.704209745,-4.707671642,-3.881237030,-6.673804283,6.876776218,-3.690832138,-0.187837765,-0.439755857,0.019183211,0.461675495,0.466409206,-0.350289643,-0.903048098,0.389990419,0.441611081,0.697735429,0.023673579,1.346408367,-0.416519731,0.063830115,-0.994743466,-1.029678941,1.976281881
92,1839.989,1786752487563.013,29445485.413,0.000000000,0.388875902,0.476221234,0.188062131,1.256945252,0.023666248,-2.199259758,1.035531998,-1.229109526,-2.003438711,-1.249388695,2.930266619,0.341092736,0.466494530,-0.728582859,0.851611435,-0.138582647,1.269366384,-0.413924158,-0.752136350,0.516318381,0.482722849,0.316071868,0.405284345,1.711532950,-0.795824945,-0.156322330,-0.971764088,-1.213475704,1.615566015
93,1859.989,1786752487583.013,29445505.414,0.000000000,-0.076938622,-0.358357936,0.931212187,0.131390274,0.909409106,-0.288928747,0.423525929,-0.060240272,-2.655466318,1.343087316,0.492258430,1.293078542,0.945210159,-1.705370188,0.663790345,-0.624575615,1.289181948,-0.475492716,-0.415365487,0.648443580,0.387048364,0.118881851,1.182013869,1.697208047,-1.007030368,-0.225009874,-0.812318444,-1.428575873,1.244866371
94,1879.989,1786752487603.014,29445525.414,0.000000000,-0.750341117,-0.821470201,2.100845814,-0.739952803,1.597519636,2.629372358,-0.051717438,0.775174320,-2.983216763,1.905641675,-1.427298069,0.913979709,1.172961950,-2.451666117,0.515903056,-0.479252070,0.967013538,-0.159063309,-0.112000704,0.656205058,-0.113731414,0.116214000,1.205737710,1.481878638,-0.788878679,-0.050613988,-0.499709398,-1.502710342,0.998140097
95,1899.988,1786752487623.012,29445545.412,0.000000000,-1.706581712,-2.590832949,2.656376123,-1.809309602,2.589858770,1.354786634,-0.689927280,0.842386186,0.883315086,0.067738973,-1.828189969,-1.212977886,0.122271590,-3.369312525,-0.099427029,0.012661668,0.758657455,-0.004621649,0.319718540,0.070584118,-0.493847430,0.404631823,1.022473216,1.269305468,-0.564237475,0.310181648,0.019815238,-1.781631827,0.821109831
96,1919.988,1786752487643.012,29445565.412,0.000000000,-3.516379118,-1.504305005,0.616118789,-0.151222751,1.719323397,-0.755164385,-1.880602002,0.161101580,-2.227447987,-0.620051742,-1.064887404,-0.365722775,-0.337113917,-1.013867617,-1.343012214,0.880095243,0.004808388,-0.168173909,0.343264580,-1.132550955,-0.294369131,1.005365133,0.732258976,-0.432977736,-0.237701774,0.062675983,0.752234817,-1.839255810,0.899052382
97,1939.988,1786752487663.012,29445585.412,0.000000000,-2.208807707,0.184181988,-4.973253250,3.571319818,-0.224810436,0.680026889,-1.194962740,1.499689341,-2.010898590,-1.967390060,2.406532526,-0.899098814,0.166853219,2.060000420,-1.092612267,1.724467874,0.008071844,-0.640702963,0.262886733,-1.568540573,-0.208300829,1.500325084,-0.419237196,-1.650527596,0.102076106,0.607322216,1.449559450,-2.005299091,1.057436585
98,1959.990,1786752487683.015,29445605.415,0.000000000,1.085455179,0.545381606,-7.273542404,3.291199923,-2.675577879,1.899293900,-0.175560191,-1.030806184,-3.515340805,-3.363986969,4.802583218,-1.266596317,-0.226291120,1.492762685,-1.413267612,2.568220139,0.777799606,-0.606659353,0.044521019,-0.990278959,0.375342429,1.368096113,-0.852231085,-0.617677927,0.488842040,1.485306621,1.870508075,-1.572934747,0.922090709
99,1980.001,1786752487703.025,29445625.425,0.000000000,3.242074251,0.853351295,-5.403139591,-2.193469286,-1.074466348,1.699982405,1.492079973,-1.417385101,-4.005715847,-2.378067732,0.829463840,-0.820979536,-1.528760910,1.072205067,-0.925317705,2.454281569,1.124122381,-0.144215867,-0.656057894,-0.265521288,1.275868058,0.819814086,-0.625235081,-0.000216014,0.375148058,0.802622616,1.113811374,-0.866064847,0.525798857
100,2000.006,1786752487723.031,29445645.431,0.000000000,2.130604982,0.149363279,-2.138817310,0.130092755,-3.821949005,-6.114080429,1.944961429,-0.079811469,-3.634280205,8.331650734,0.265467823,0.406679332,-1.612982273,1.712689400,2.225058079,0.737718046,1.200197101,-0.188504875,-0.469147533,-0.194675893,0.921030343,0.324399114,-1.106465578,-0.922416210,0.032851659,-0.025574856,0.785805881,-1.202525020,0.393607467
101,2020.001,1786752487743.026,29445665.426,0.000000000,2.422522783,-0.298073649,2.691465855,0.645424366,2.623876810,-3.394075394,0.290265948,1.412788033,1.437230825,7.230573177,-2.121379614,0.619991004,1.718379974,-1.693375468,2.938722849,-0.550874531,1.573518753,-0.151332244,0.623527050,-0.048966147,0.500336170,-0.376403838,-0.365781009,0.307315439,-0.709926546,0.027355514,0.192707673,-0.986561954,0.193379000
102,2039.991,1786752487763.015,29445685.415,0.000000000,0.225847811,-0.558603585,4.767031670,0.132692084,3.114460707,0.708760083,-1.186078668,1.683556080,1.245994210,4.874664783,-5.388567448,1.037312388,2.584557772,-3.146336079,0.772584379,-0.591512740,1.257365227,-0.180795193,1.059915662,0.116610169,0.620570421,-0.769074440,0.733980715,0.813410997,-0.947406530,0.178067744,-0.338405401,-1.015488982,0.089347392
103,2060.029,1786752487783.053,29445705.454,0.000000000,-1.969241738,-2.002352953,5.549207211,0.951436996,6.803612232,1.913096428,-3.235789776,1.583274007,4.317080975,1.674053073,-4.656975746,2.901565313,2.816310883,-3.947749853,-0.033616606,-0.446130157,0.910468578,-0.407146126,0.750987828,0.047889058,0.567021072,-0.639128447,0.937332511,0.063404247,-1.059539080,0.202761039,-0.971835077,-1.156351566,0.322524846
104,2080.037,1786752487803.062,29445725.461,0.000000000,-2.814999104,-2.615395308,-0.191997305,4.207110882,10.268552780,0.509212613,-1.403864980,0.821668386,2.684538364,1.092042208,-0.891307712,0.403144985,0.779650807,-0.089386635,0.926840484,-0.209773839,0.502524734,-1.445327997,0.544438243,-0.723300815,0.015210926,0.111483663,0.167203292,-2.233371258,-0.992009640,0.338205606,-0.831939697,-1.227153063,0.529159427
105,2100.036,1786752487823.060,29445745.461,0.000000000,-2.809611797,-1.468186975,-4.479358673,5.396137714,2.414144278,2.388017416,-1.561151862,-2.391823053,-4.481024742,-2.191720963,2.574547529,-1.446169496,0.245271891,1.200894356,-1.049968958,0.329060167,1.305812001,-2.371829271,1.180629849,-1.528824687,-0.479412228,0.599569440,-0.175343663,-2.560206652,-0.503334641,1.870942831,-0.157540426,-1.348385811,0.470955849
106,2120.023,1786752487843.048,29445765.448,0.000000000,-1.239947915,-1.038782358,-6.593075275,2.824073792,-0.448083043,2.028511524,0.672246635,-1.967120886,-3.410269022,-4.260297298,-0.833885610,-1.458540082,-0.960418284,0.752215207,-1.306495667,0.750462711,2.235442162,-1.490313530,1.990032554,-0.904416978,-0.403085142,0.792590857,-1.356730580,-1.677144170,0.585793078,3.241756678,0.454049468,-0.985365808,0.302312702
107,2140.022,1786752487863.047,29445785.447,0.000000000,-0.021771524,0.204955801,-4.354870796,-0.201405182,-0.209493384,0.496337920,1.216784596,-0.814926267,-2.022889137,-0.781498969,-1.268575788,-0.563373089,-1.390317082,0.390935957,-0.249391824,0.480446100,2.408279657,-0.150930211,3.034253597,-0.168548539,-0.139593422,0.945728540,-2.236751795,-1.739642143,1.537385345,2.973834991,1.621639371,-0.753214836,0.064940251
108,2160.024,1786752487883.049,29445805.449,0.000000000,0.924924731,1.971326470,0.200549409,-1.476459861,1.284102798,-0.387687147,0.898915172,-0.143428639,-2.495129824,5.947040558,2.126931667,0.413666070,-0.772478998,0.761081457,1.405335307,-0.408382952,1.741081476,0.711358309,4.460118294,0.372395366,-0.207863614,0.887628675,-2.492011070,-2.549494267,1.593695879,1.909560442,1.791340232,-0.817019761,-0.057127971
109,2180.019,1786752487903.043,29445825.443,0.000000000,1.513803244,2.483837366,1.943609118,0.457249612,-2.552649498,-3.032847881,0.009824038,1.086019993,-0.679639697,5.563168526,2.518862963,0.098935544,1.324226022,0.184337810,1.677246809,-0.987913787,0.672325015,1.014329553,5.747371674,1.241361976,-0.253124565,0.662105739,-1.676634192,-2.461209297,0.893103838,1.339026570,0.917809725,-0.880303741,-0.559643686
110,2199.994,1786752487923.018,29445845.418,0.000000000,1.244557381,0.695044100,4.015919685,1.697768450,1.907437205,0.267409325,-0.935280442,1.076896310,1.589468122,1.003344297,0.252278388,-0.007574683,3.470927954,-1.561408043,1.557384253,-0.451152205,0.171849847,1.208309889,5.659079075,1.938002110,-0.177516446,0.374401450,-0.618429661,-1.701499581,0.068143316,0.922430933,-0.167420343,-0.625771880,-0.916076839
111,2219.992,1786752487943.017,29445865.417,0.000000000,-0.440638244,-0.990718603,1.465919137,1.951863408,5.541038036,1.086447358,-0.202959016,1.963271856,3.363509893,-0.149142846,0.533467889,1.413532734,1.333084822,0.205816552,1.051183939,0.889041662,-0.048780493,0.416882187,4.740443707,1.413246036,0.098049581,0.163885683,-0.127238557,-1.442495108,-0.145034224,0.416120499,-0.694001913,-0.198776379,-0.751917005
112,2239.991,1786752487963.016,29445885.416,0.000000000,-1.022612453,-0.094230980,0.382524520,1.099217534,5.292335510,1.312306166,0.040270798,1.797811031,1.335429788,-0.452353954,0.630502880,0.498900115,0.747037232,0.686782002,-0.519009471,1.797922492,0.166892052,0.024619995,4.306371689,0.214625910,0.245927170,-0.155056342,0.569239199,-0.321214765,-0.161740243,0.753750265,-0.765684545,-0.270778328,-0.618045151
113,2259.989,1786752487983.013,29445905.413,0.000000000,0.298062265,1.554345965,0.982361615,-0.069376931,4.489956379,1.168661952,-0.086876534,1.612711430,-0.379223108,-1.809241295,1.346125484,0.861339927,2.141747952,0.296286672,-0.990542889,1.957266092,0.466092408,0.363912255,3.708772182,-0.007854576,0.596751094,-0.368461668,1.078000903,0.536967754,-0.299589694,1.021880746,-0.605898857,-0.147984460,-0.377682239
114,2279.992,1786752488003.016,29445925.416,0.000000000,1.444652677,1.701918006,1.271888494,-0.672909617,4.556577682,1.114857912,0.648392320,1.707724094,-1.013453722,-2.927594185,1.803972721,-3.032314062,2.803191900,0.358030945,-0.767144680,1.825176477,0.390054852,0.782038450,3.299215078,0.190255821,0.591558874,-0.442004293,1.121387124,0.505094171,-0.373391271,1.142404795,-0.808976352,-0.076006129,-0.148797810
115,2299.998,1786752488023.022,29445945.423,0.000000000,1.595206976,1.182729244,1.310694814,-1.098552227,4.525021553,0.125689000,1.047938466,0.633068502,-2.746296883,-2.357849836,0.219897240,0.284759194,3.105308056,1.305217385,-1.649784207,1.031728983,-0.423828185,2.043248892,-1.936496735,-0.607719600,-2.787021399,-1.372566462,1.753027558,-0.461096853,-0.737152040,1.014071107,-1.355971932,-0.183910728,0.012460977
116,2319.996,1786752488043.021,29445965.421,0.000000000,0.843347251,1.544855595,1.679449201,-3.571665764,3.478943348,-1.784206271,0.636490464,0.302947640,-2.995507956,0.638334215,0.739930272,0.233651444,1.804549098,2.674485922,-2.756757975,0.531096995,-2.520188570,0.179725334,-2.960102081,0.310744196,-1.541556358,-1.460253239,0.789484441,-1.456248283,-0.628799021,0.968888223,-1.989725351,-0.603061140,0.442611486
117,2339.989,1786752488063.013,29445985.413,0.000000000,0.274166137,1.984990120,2.650054693,-5.243098736,-0.084514305,-1.727301121,-0.796711445,0.052305363,-0.810592294,3.383382797,0.199550718,-0.081011727,1.046207547,2.198714018,-2.449720860,-0.575931132,-3.284675360,-0.345816106,0.146122620,1.357441425,-3.306233644,-1.581572771,-0.286602437,-2.067391634,-1.083611250,1.153491974,-2.417028666,-1.343559980,0.289149672
118,2359.989,1786752488083.014,29446005.414,0.000000000,-0.039651249,2.846240759,2.798538446,-5.207870483,-1.402915478,-1.508081198,-2.079629183,0.268243581,1.115308166,5.234512329,0.075547241,-0.053921830,1.846078992,1.841459870,-1.640663385,-1.704524517,-3.516909361,-0.076963626,2.253873110,1.957246065,-5.859929085,-1.960131288,-0.210676879,-3.026245356,-2.208182096,1.180193186,-2.500379324,-1.732872128,-0.395110667
119,2379.989,1786752488103.013,29446025.413,0.000000000,-0.288386106,2.486255407,1.748509407,-4.455541134,-1.397399068,-1.128829598,-1.929246306,0.182699546,1.734192252,5.188836098,-0.193663821,-0.074358352,2.498006821,1.348160028,-0.835117221,-2.289949179,-3.123998880,-0.149428919,3.764073133,2.526715040,-9.027139664,-2.444714546,0.153597251,-3.677323580,-2.759593248,1.683719993,-2.074547291,-1.415565014,-1.382572412
120,2399.989,1786752488123.013,29446045.413,0.000000000,-9.986267090,1.503894329,0.211615503,18.134780884,-9.895870209,-3.576247931,-10.979724884,-0.280283988,-1.812479615,19.470756531,-7.410490513,2.106752634,10.679600716,-0.435758293,-0.839325190,-6.083462238,2.175465107,-5.786164284,9.291223526,0.249629617,-3.419532061,1.364632130,1.080662370,-5.892508984,-0.229658201,2.178813219,-1.290104628,-7.105492592,-4.881867409
121,2419.988,1786752488143.012,29446065.412,0.000000000,-9.992575645,4.438291073,0.322291434,16.057825089,2.076860666,-1.365830660,-2.921314716,2.531845331,2.210839510,-0.650195599,-14.692508698,2.446291447,9.853096962,0.502341747,-0.414169371,-6.503306866,2.149022341,-6.211180687,15.088629723,0.529141963,-6.271019459,1.191958785,0.698938549,-10.104669571,1.721718550,5.277731895,-0.123115994,-6.315930843,-4.181621075
122,2439.992,1786752488163.016,29446085.416,0.000000000,-7.104496479,3.294028997,-4.166378975,10.605497360,4.059213161,-0.329468042,-1.001372695,-0.574062288,-5.305079937,1.637718558,-4.927512169,-0.160839796,2.223040104,1.927874446,2.964287996,-3.620661259,3.884165287,-3.055353165,11.967905045,-0.124898121,-4.088634968,1.358071327,-4.761883736,-10.807705879,6.070075035,6.621992588,1.586131454,-2.681409597,-0.905772448
123,2459.991,1786752488183.016,29446105.416,0.000000000,-5.082674503,1.297866940,-6.181056499,8.691966057,1.140554547,0.131849855,2.891142845,-0.775100112,-7.343437672,2.305372953,-2.945466042,1.245446444,-5.337740898,4.598343372,5.178863049,-0.011027538,4.624450684,-0.312307745,8.565074921,0.250424981,0.946200848,0.335063308,-7.910703182,-7.818984509,7.203629017,5.851563454,1.546622634,-0.513598859,1.099636197
124,2479.988,1786752488203.012,29446125.413,0.000000000,-3.991672993,0.616354048,-2.617733479,8.003496170,-1.167868853,0.413903445,1.893173575,-0.310852736,-2.606418610,4.035448074,-1.088467956,2.566930294,-5.107986450,2.300966978,4.542726517,2.622835875,4.235511780,1.028271556,6.821891785,0.511041403,4.193205833,-0.529208899,-6.090673447,-3.424122572,4.476410866,3.826968908,1.364634871,0.692019165,0.974603415
125,2499.986,1786752488223.011,29446145.411,0.000000000,-0.478146702,1.645568371,-2.659813166,5.636450768,-2.027627468,-0.027424583,-0.538691938,3.922277689,10.302770615,9.977336884,4.970702648,2.129256725,-4.046533108,1.773471475,5.857609272,5.412220478,3.388941050,3.588590145,3.415206432,0.242659777,3.832002878,-0.889930427,-5.259352207,-1.923479676,2.288647175,0.449920505,1.836387515,2.220592737,0.006812367
126,2519.987,1786752488243.012,29446165.412,0.000000000,-1.884987831,1.638432026,-1.879637718,1.562923670,4.042688847,0.765080154,-3.789317846,1.830439448,9.718028069,14.777536392,-0.370580316,-1.416199684,-3.959443331,-0.400001198,3.007178783,7.886374950,2.540380478,6.145860195,1.439815402,0.766509056,2.739009857,-1.757728338,-4.210527420,-1.616019845,2.644627810,-1.682045817,1.942273855,2.857386827,-2.062659025
127,2539.987,1786752488263.012,29446185.412,0.000000000,-4.791810989,2.605382919,-1.228749514,1.705832362,4.181824207,0.597334027,-2.506893396,-0.249633729,7.573331356,8.852781296,-0.876623869,-0.236430556,-4.748814106,0.136547163,0.263578564,8.895000458,0.433313966,7.107315063,0.424374312,0.546110451,1.566715598,-2.372113705,-2.980470181,-3.094950199,3.456523657,-2.958821297,1.126082420,2.291403770,-3.838596582
128,2559.988,1786752488283.012,29446205.412,0.000000000,-5.668600082,2.445608139,0.364896029,3.692109823,2.077338696,0.973538280,-0.780877233,-1.189282775,9.080426216,4.487372875,1.985719800,0.365505904,-4.378504276,0.020690814,-1.020197868,8.257565498,-0.689571500,7.351684093,-0.420002729,0.014614511,0.956165314,-2.855231524,-2.384600639,-4.197551250,3.610247135,-3.077722788,1.360216022,2.208451271,-3.984380960
129,2579.988,1786752488303.012,29446225.412,0.000000000,-4.745781422,-0.080444537,0.622190714,4.065076828,0.258916736,2.299826622,1.020889640,-2.615055799,7.588523865,-0.343590170,5.464593887,-0.228036299,-4.645299911,-0.614200354,-1.924029589,6.953420639,-0.610927284,6.562346935,-0.982381880,-0.248134807,0.471635312,-2.618793726,-1.732643723,-3.575002909,2.480967283,-2.250781775,2.263749123,2.394044399,-3.683579206
130,2599.987,1786752488323.012,29446245.412,0.000000000,-3.244913340,-0.484483302,0.621687233,2.982989311,0.092367247,2.669442892,0.755888522,-1.508760810,3.314819336,-1.747982502,8.613707542,-0.047203202,-3.628568888,-0.778398097,-2.536681890,5.364273071,0.600419998,4.388869286,-0.845351219,-0.609483480,-0.596310914,-1.542226672,-0.486460984,-2.015261650,0.657330811,-1.343090534,2.595918417,2.537451267,-3.484918118
131,2619.989,1786752488343.014,29446265.414,0.000000000,-1.408594251,-0.616232693,-0.296249300,1.065059662,-0.519754231,2.890139103,1.269478202,1.426423073,0.049218830,3.921789885,-0.269541442,5.276648045,-3.193405867,0.306153089,-0.909359753,2.699268579,1.281326413,2.899584055,-0.348416090,-0.320253402,-1.060285449,-0.330978692,0.302592844,-1.367423892,-0.458559126,-0.467094779,1.755521178,2.191472530,-3.376020670
132,2639.987,1786752488363.012,29446285.412,0.000000000,-0.436537951,-1.720639586,-4.101922035,4.560765743,-11.211898804,0.708601832,2.153464079,2.178778648,-2.208083391,4.039793491,-1.832103729,1.201474309,-1.778090000,1.554872155,1.107742667,-1.604921937,1.278401256,1.714689851,0.934849083,-0.147768572,-1.213394761,0.580474496,1.505820990,-1.703895926,-0.832960904,0.737409353,0.548722684,1.516137838,-3.403350353
133,2659.989,1786752488383.013,29446305.413,0.000000000,-1.775833249,-1.169044614,-4.204495430,3.386013508,-9.255521774,1.168514490,0.551868141,2.848182917,-2.877110958,2.579603434,1.486476660,-0.151244745,-0.114184752,2.147254229,0.042368948,-4.247058868,1.115644097,1.099932551,1.785539389,-0.453497112,-1.250023842,0.844238400,2.785334110,-1.084435463,-0.119552217,1.812444329,0.179310217,1.514960051,-2.622151613
134,2679.988,1786752488403.012,29446325.412,0.000000000,-2.952086926,-0.826840997,-2.498663187,2.257407665,-8.552265167,0.430733740,-0.371533275,3.431501150,-3.294447899,1.780578613,5.690670967,-0.266360462,0.372369200,1.735319376,-0.247500628,-5.161277294,1.100112319,0.114446610,1.523621798,-0.645339370,-1.117754936,0.815908551,3.870857000,0.095865451,-0.425553799,1.855154037,0.012928013,1.590646863,-1.202340245
135,2699.988,1786752488423.013,29446345.413,0.000000000,-3.254832983,-1.540028453,-1.075803876,1.889453292,-2.661467552,0.044144064,-0.702877104,3.206747770,-3.020498991,0.804157376,8.000402451,-0.327695876,0.933637083,0.439204663,-0.240026742,-5.077881336,0.923775554,-0.309627771,0.766910017,-1.204619050,-0.861012340,0.737832189,3.998195887,1.413469195,-0.402183145,1.580088377,-0.689748466,1.455038786,-0.044577733
136,2719.987,1786752488443.012,29446365.412,0.000000000,-2.705704212,-0.731859148,-0.275815457,1.720236182,1.813105464,-0.013379934,-0.495895922,2.565551758,-0.857196391,0.212160036,7.988443851,-0.280943215,2.135315418,-2.418258190,-0.273181260,-3.962611198,1.152369142,-0.193419784,0.340497345,-1.371847153,-0.625877082,0.823910952,2.949030161,3.547338963,-0.129046351,1.182604194,-1.622427583,1.043283224,1.081482649
137,2739.991,1786752488463.016,29446385.416,0.000000000,-4.036742210,-1.036243796,2.781429529,-0.378759921,2.054806948,-0.639465034,0.727664769,3.663175344,-0.600207150,-1.697128773,5.149460793,-0.132912800,-0.529870510,-2.450585127,-0.507315695,-2.049813747,1.172796845,-0.071278870,0.038707972,-0.927367270,-0.101900518,0.732669294,1.361612678,4.198317051,0.084372662,0.261826426,-2.086314917,0.202380702,1.970817804
138,2759.989,1786752488483.014,29446405.414,0.000000000,-3.684589148,0.313605696,4.472851753,-1.116657376,3.570121288,-1.967238426,0.749147236,5.505256653,3.040015459,1.423490524,-4.370348454,-0.120092578,-0.908807993,-2.833324194,-0.405498177,-0.153881311,1.252047062,0.048763752,-0.716344476,-0.035192169,0.246113628,0.724689364,-0.749192953,3.688604832,0.771485269,-0.331663996,-1.847808480,-0.530792415,2.142255783
139,2779.988,1786752488503.013,29446425.413,0.000000000,-3.675478697,-0.741576493,2.679207087,1.936780334,-0.425655276,-0.140118569,0.431894094,5.366576195,6.836672306,9.354285240,-12.410134315,-0.252721429,-2.566509247,-3.083316326,0.140432075,3.018405914,0.314295501,1.201280475,-2.272725344,0.693850338,0.676053882,0.585123241,-4.622920036,2.076165438,2.280504227,-0.917281866,-0.246590972,-1.238321424,2.022282600
140,2799.991,1786752488523.015,29446445.415,0.000000000,-4.798815727,-1.705180287,3.722600698,1.830845714,0.712197006,-0.457490832,0.096212588,-0.126550213,4.798527241,8.554644585,-10.549139977,-1.103940010,-3.843528509,-1.022091985,0.546161592,2.944831610,-2.006208897,2.365735054,-2.703273296,0.872187555,1.079899311,0.359071344,-6.061883450,-0.562229395,2.067893744,-0.926993072,1.048124075,-1.859177470,1.006185889
141,2819.989,1786752488543.013,29446465.413,0.000000000,-4.961840153,-1.566336870,3.954662323,0.041846521,-1.712172508,0.046247013,-0.212715864,-2.938582659,-0.050981879,0.122688532,-3.576591253,-0.585688055,-3.155203819,1.963998675,2.719094038,0.570676744,-2.822177887,2.220754862,-2.677055836,1.035028934,1.043744445,0.337834299,-6.042338371,-2.803366423,1.139710188,0.219223499,0.880039036,-1.663688421,-0.226331085
142,2839.988,1786752488563.012,29446485.413,0.000000000,-2.997469425,-0.985664845,4.545563221,0.525025487,-0.896827996,0.250837803,-0.773641706,-5.264135361,-5.680868626,-6.288418770,-0.378491431,-0.588538885,-1.441984057,1.009622097,3.395215750,-0.503112197,-0.667716205,0.959792435,-2.665190935,0.841590762,0.766618192,0.908837020,-4.855703831,-2.451082468,0.688505948,2.403363228,0.149627402,-0.568710983,-1.272381544
143,2859.988,1786752488583.013,29446505.413,0.000000000,-1.228266716,-1.038955569,4.995060921,-0.383930147,-2.410398006,1.024084926,-0.757684112,-4.223925114,-8.160562515,-6.996374607,0.479596883,-0.027537361,-0.668208718,-0.624430299,1.336989999,0.678531945,2.088420630,0.148327440,-3.188726187,0.862382472,0.801133633,1.617831469,-2.851836920,-0.273210377,0.956249654,4.235144615,-0.815815091,0.984946787,-1.316935062
144,2879.990,1786752488603.014,29446525.414,0.000000000,-0.973611057,-2.495672703,5.840753555,-0.783947051,-1.326480508,2.830476046,-0.049717531,-1.429218531,-5.999330997,-5.707376003,2.510838032,0.364410460,-2.388985634,-1.099210382,-1.827972651,6.935966492,0.929694533,0.230535522,-10.908710480,0.189444602,-0.100555211,-2.838340044,-1.905041695,2.505380869,1.671549439,3.802375793,-1.752900481,2.441341400,-0.838950932
145,2899.991,1786752488623.016,29446545.416,0.000000000,0.719085217,-2.635877848,7.200168133,-1.660914421,-2.836062193,0.462577611,0.315365613,0.813685238,-1.741996408,-1.346022487,3.899093151,1.468264461,-4.139242172,-2.988268375,-3.760788679,7.984098911,1.574786901,-0.011406253,-9.200963974,-0.046545234,-2.686444283,-2.511908293,-1.329352140,4.698483944,1.898562789,2.735773087,-1.304260373,2.102999449,-0.582684577
146,2919.989,1786752488643.013,29446565.413,0.000000000,0.764437377,-0.870107472,7.283124924,-1.064710736,-2.661053181,0.041783847,-0.553030312,1.852874637,0.540262699,3.918523550,0.863172293,0.412090868,-4.929298401,-1.879789591,-3.814466953,10.058650970,-1.953087687,0.585838139,-10.447548866,-0.980524480,-2.935086012,-2.578468561,-3.560635328,4.806181431,3.667820692,0.941122830,0.352251440,1.412145138,-0.313880354
147,2939.989,1786752488663.013,29446585.413,0.000000000,0.710310519,-0.804361105,5.549717426,-0.163111404,-1.362133861,-1.088952422,-0.308582664,1.219315052,-0.672595203,4.135319233,-0.516353011,-0.130419314,-4.625796318,0.368831903,-1.076204062,7.747729778,-3.882009506,-0.531436741,-7.513375759,-0.728293836,-4.629398346,-0.571399748,-5.536742210,4.075787544,4.160761833,0.039493170,0.261240929,0.411929071,-0.368762761
148,2959.989,1786752488683.013,29446605.413,0.000000000,-0.051789545,0.153103203,1.225385547,0.097725168,-0.585557461,-2.243815184,-0.623381793,0.145980895,-1.560204148,3.277842283,-0.722419083,-0.176141903,-2.813199282,2.571300983,3.009155273,5.379060745,-3.969136000,-1.644454002,-4.250007629,-0.289675385,-5.816884518,0.762320220,-6.613340855,5.255264759,2.707413197,0.224500641,-1.471843839,-0.012856646,-0.242757574
149,2979.990,1786752488703.014,29446625.414,0.000000000,-0.122418426,-1.361580968,1.170844555,-0.705795288,0.236445889,-3.199072361,-0.688893318,-1.441521883,-2.294386625,2.619157553,-0.663978815,-1.315563083,-5.267323494,1.886197209,3.319489479,5.980403900,-2.976635933,-2.211513042,-3.065192461,0.958480060,-5.724281788,1.148595095,-5.682892323,7.074929714,1.328263879,0.414548457,-3.599377155,-0.116319023,-0.051361654
150,2999.991,1786752488723.015,29446645.415,0.000000000,0.032844804,-1.037795544,1.307807565,-0.678461075,1.344800234,-3.156359911,-1.005664349,-1.428481102,-1.586530209,1.594814777,-1.907823086,-1.808434248,-6.665779114,0.882896423,3.227743626,6.896584034,-0.705957949,-2.716924667,-2.403117657,2.965164900,-5.068802357,0.721285582,-3.456528187,8.447247505,0.114183344,0.420982599,-5.249406338,-0.670480013,-0.179231048
151,3019.988,1786752488743.013,29446665.413,0.000000000,-0.077611163,-0.232070833,1.351837397,-0.565065861,2.005685568,-2.293492556,-2.255818605,-0.782876492,-0.289014697,0.643557250,-3.035723448,-1.420361400,-6.504274368,1.101653218,2.316193342,6.388568401,2.900402784,-3.341220856,-1.802004337,5.082297325,-4.301675320,-0.004112397,-0.725696981,8.139228821,-0.374609530,0.224000126,-5.296451092,-1.577130795,-0.198914841
152,3039.989,1786752488763.014,29446685.414,0.000000000,-0.323716551,-1.309810519,0.252202541,-0.139154211,1.320960522,1.000461698,-3.271292686,-1.364805818,1.679645181,0.783279419,-3.222594023,-0.698981762,-4.006849766,0.516855538,0.411289841,4.802947044,8.432230949,-3.053638697,-1.834019184,5.328753948,-4.458667755,-1.529128194,2.028079033,6.548229218,-0.518048346,0.026497342,-4.518175602,-2.315258980,-0.175665900
153,3059.994,1786752488783.018,29446705.418,0.000000000,0.109243073,-1.598055005,-1.525715351,-1.409130096,0.306325108,-0.039620958,-4.437121391,-2.524600983,3.569482803,-0.086929098,-2.544049740,-0.001200880,-1.249990582,-1.991081715,-3.385183811,4.021343708,11.568519592,-0.985839367,-1.354011059,2.704904079,-7.087329388,-3.022989988,4.494376183,6.094736576,-0.197570086,0.362917125,-3.334897757,-2.470277071,0.079154350
154,3079.990,1786752488803.014,29446725.414,0.000000000,0.443724394,-1.530315399,-2.985865831,0.379863858,0.031627405,0.506865323,-3.882464886,-2.281144857,2.866307497,-3.417955160,-1.646172166,0.952966928,-2.586047888,-2.482403994,-4.462683201,2.714364290,8.859350204,-1.169641018,-0.278889716,0.398518562,-11.460188866,-2.541919947,2.919828176,1.696178079,5.702164650,-1.608817697,-1.262382269,-2.640452623,1.131583333
155,3099.990,1786752488823.014,29446745.414,0.000000000,0.001832694,-0.941642463,-0.593264580,-1.958362460,-1.379090548,-1.484818220,-1.969320416,-1.078688860,2.615021467,-5.081015587,-1.276368976,1.213957667,-6.094748497,-0.585573673,-5.042766094,4.605446815,-0.612447381,-1.627251506,-3.833516836,-1.217235446,-3.441522121,2.257375956,1.048664451,-0.330993772,7.479984760,-2.240954876,-0.924872160,-3.260077000,1.834190011
156,3119.989,1786752488843.014,29446765.414,0.000000000,0.000000000,0.000000000,0.000000000,0.000000000,0.000000000,0.000000000,0.000000000,0.000000000,0.000000000,0.000000000,0.000000000,0.000000000,0.000000000,0.000000000,0.000000000,0.000000000,0.000000000,0.000000000,0.000000000,0.000000000,0.000000000,0.000000000,0.000000000,0.000000000,0.000000000,0.000000000,0.000000000,0.000000000,0.000000000
157,3139.988,1786752488863.013,29446785.413,0.000000000,-18.093650818,0.073806711,-6.681382656,24.365787506,-4.643727303,-0.049615409,-7.477693558,3.757903576,3.647563934,16.972848892,-5.295367718,3.991819859,-22.900522232,7.800680637,-1.386597157,4.995767117,3.069289684,7.869900227,0.158182010,4.105034828,-2.792515516,3.764659166,-10.225196838,-3.884880543,13.855273247,9.527001381,-1.659076452,-0.755101740,-7.597906113
158,3159.989,1786752488883.014,29446805.414,0.000000000,-8.736635208,2.837570429,0.413470060,8.640728951,-1.468513727,-1.733401060,-6.293684959,-1.428656459,1.463632107,15.818038940,-6.504089355,1.093319297,-1.694826722,2.726710558,-1.450275898,-1.388756871,4.919309139,0.855808258,10.379331589,3.318344831,-1.638774991,3.274077892,-3.444473505,-4.370221138,7.614645004,4.685684204,-1.977243304,-1.034744859,-6.593902111
159,3179.988,1786752488903.013,29446825.413,0.000000000,-5.227139473,3.768067837,-3.252531052,2.894902706,-0.082185447,-3.398009062,-3.197781563,-2.914333820,5.578281403,6.872486591,-5.382703781,0.623915315,5.610535622,0.280758023,-3.199943542,-1.842763186,3.916789293,-2.101426125,8.871421814,1.701537967,3.574771166,1.375944614,-0.190889984,-3.664272308,2.864629984,2.926800251,-0.884288073,-0.165712953,-3.862638474
160,3199.987,1786752488923.012,29446845.412,0.000000000,-3.674269199,6.849762440,-3.788555622,0.110350519,1.628353834,-2.024876356,0.406753927,-3.237093210,4.215671062,2.216838837,-3.813758612,0.806088686,3.748854637,0.027797492,1.496282101,0.042931564,3.758033991,-1.786861539,3.484574318,0.030971516,4.353857040,0.802261174,-0.744437516,-1.685767293,-0.710178137,1.079043031,-1.335997581,1.001530170,-1.385967612
161,3219.988,1786752488943.012,29446865.412,0.000000000,-3.413380146,9.642804146,0.318918496,-0.289335400,1.181511879,1.277166486,1.788840771,-4.530497551,2.099158525,-1.659358144,1.648174524,0.834701121,3.387261391,-0.316606224,4.538016796,0.322503388,3.919644833,-1.219782352,2.272794008,-0.684326053,2.545033216,0.948973119,-1.474978209,-1.585494637,-1.811783671,-0.603973746,-1.296700597,1.316293597,-1.169290304
162,3239.988,1786752488963.013,29446885.413,0.000000000,-3.114858627,9.244050026,2.002413750,-0.058989864,3.346313477,3.057806969,-0.372949570,-5.086392879,2.424271822,-0.886310577,4.243942738,0.175607920,3.669739962,-1.496932864,4.852958679,0.588837445,3.861924648,0.236467138,2.977650642,-1.135497212,0.662209034,0.912720203,-2.101001024,-2.120298386,-1.263203859,-1.740498543,-0.306132674,1.223794818,-1.048952818
163,3259.988,1786752488983.012,29446905.413,0.000000000,-1.672708988,4.034832001,0.322498024,3.643123150,0.307391137,1.857279897,-1.469782710,-5.941013336,2.162086010,-1.389120460,8.889925957,-0.008307341,2.334949017,-2.926328421,3.913821936,1.019594908,2.795503378,1.628540277,4.231273174,-1.150259137,0.199352428,0.870675862,-2.449331999,-2.857948542,-0.126777068,-1.674160242,1.043314695,0.973826587,-0.355333418
164,3279.989,1786752489003.014,29446925.414,0.000000000,-0.600386024,0.181595117,1.520597577,6.794223785,-0.784554601,0.989454567,-3.960047245,-7.062530518,-3.206520081,-2.653056860,8.614197731,-0.511317432,1.846212506,-3.637195349,1.588298440,1.411616087,1.599998116,2.045228481,5.037169933,-0.732236147,-0.167715475,0.585804582,-1.896812201,-3.524737597,0.232284173,-1.621287823,3.247000933,0.401508510,0.334471643
165,3299.992,1786752489023.017,29446945.417,0.000000000,2.876899719,-2.443116665,3.259816170,3.182795763,-2.194131374,-0.461050332,-6.143345356,-7.567527771,-4.819809437,2.925547600,-5.665278435,2.265180349,4.207238674,-2.472405195,1.851248145,-1.178400993,-0.891512394,2.052279949,3.879367352,-0.457656503,0.721131086,-0.166885778,-0.444378406,-5.693612099,-1.942720652,-1.907145619,4.193317413,-0.625510514,0.862330496
166,3319.990,1786752489043.015,29446965.415,0.000000000,4.901107788,-3.671040773,-2.320861578,4.563007832,-3.917252302,-4.988046169,-5.252182007,-1.861591458,5.701409340,0.067298695,-2.168324709,4.239748955,7.296466827,-3.831221581,5.765652180,-1.676476359,-1.990010262,2.190443039,-2.476098537,0.658872366,3.011216164,-0.319725901,-0.978260577,-4.964068413,-3.432248116,0.979046404,2.888271332,-1.701854467,1.700580597
167,3339.990,1786752489063.015,29446985.415,0.000000000,4.903198242,-9.007690430,-6.937530994,3.900222540,-0.541788936,-0.138490647,-3.007367373,1.641318560,8.151558876,-2.850684643,4.230962753,-0.208325624,4.331979275,-2.165288925,7.114953041,0.354925454,-4.825331688,1.276052713,-6.224421024,2.536448002,2.802019596,-0.182762355,-3.432079792,-2.525693178,-2.449535370,3.914472580,0.272816062,-1.372661829,2.866636276
168,3359.990,1786752489083.014,29447005.414,0.000000000,4.507172585,-7.281641483,-5.555356503,5.313241005,8.729485512,-2.316998482,1.955902696,5.609185219,8.099921227,-6.473050117,6.212382317,-7.538464546,3.216307878,-0.692183614,8.858370781,1.815817237,-5.715921402,0.084112689,-7.607191563,2.650552988,1.868141294,-0.571478665,-5.640538692,1.376400471,-2.435948133,3.976683855,-1.974975944,-0.556783974,2.698869467
169,3379.989,1786752489103.013,29447025.413,0.000000000,0.452628702,-4.257748127,-4.304442406,3.224720240,19.719072342,-0.231116220,0.653114915,7.021966934,5.327477932,-7.048048973,7.420378208,-7.872348309,1.779338121,-0.248918325,0.198079377,3.699483633,-4.483914852,-0.800072610,-4.918405533,1.125926852,1.824485898,-0.942961812,-2.705039024,5.952049255,-0.988385201,4.351582527,-2.280585766,-0.089278467,1.669264555
170,3399.989,1786752489123.013,29447045.413,0.000000000,3.471570492,-0.306812257,-1.985689282,1.232350826,13.188166618,2.277318478,-0.905174494,8.426360130,-6.275013447,3.263932943,5.843831062,-0.429063737,3.987644196,1.621494412,-0.614336967,2.517981768,-2.388151884,-1.765539885,-4.812452793,-1.475022554,2.676431417,-1.177666903,1.348393798,4.564221859,0.093076453,1.592167497,-0.266590446,-0.299575955,1.082651377
171,3419.986,1786752489143.010,29447065.411,0.000000000,0.869033515,1.643878818,0.124845669,1.734889388,-13.723484993,0.510539651,-3.596844912,5.716508865,-10.335361481,10.005900383,-1.625914574,-0.530206919,5.427169323,1.496145964,-3.497317791,1.300677896,-0.615036070,-1.854813695,-5.313847542,-2.631353855,2.130838871,-1.428480506,5.742879391,1.250915766,0.580521464,-1.135791421,0.114791609,-1.326137543,1.014432430
172,3439.987,1786752489163.011,29447085.412,0.000000000,1.194631338,0.763399959,-1.889442325,3.826777935,-2.874747992,0.599626243,-0.740105748,2.454988241,-6.156147003,10.620926857,-4.213837624,0.175431848,3.623080254,0.036305796,-3.146632910,0.413894475,1.337887883,-2.098468304,-5.078396797,-2.855837584,0.660442889,-0.961671174,5.860256672,0.133394569,0.681722701,-1.672732592,-0.076225013,-1.388211608,1.327552915
173,3459.988,1786752489183.013,29447105.413,0.000000000,2.088821173,0.715067863,-0.415508687,1.155057549,-2.417403460,-0.788708627,1.670515895,0.369738579,-4.052553177,9.091285706,-2.975925207,0.941343427,2.103105545,-0.322529733,-1.329448938,-0.451265872,2.244233847,-2.401998043,-4.970522404,-3.117147684,0.255816728,-0.453925222,4.800282001,-0.340111852,0.166912556,-2.272508144,-0.361199975,-0.830857694,1.706678629
174,3479.992,1786752489203.016,29447125.417,0.000000000,2.372823477,0.125813141,0.079776548,1.728147030,-1.110892057,-1.093595028,1.625010490,-1.154154897,-2.153039694,6.191926479,-2.546918869,1.499084711,1.775148034,-1.132557750,-1.135995388,-1.224246025,2.732915640,-2.774160385,-4.143157959,-2.696887970,-0.098308682,-0.171458989,4.334936619,-0.988873422,-0.528209686,-2.953057528,-0.513042331,-0.477401882,1.504628897
175,3499.988,1786752489223.012,29447145.413,0.000000000,1.742466331,-0.660928249,0.811576128,1.803798676,-0.857538223,-1.284259200,1.130966187,-1.401287794,-0.964753330,0.473843068,-4.321883678,2.103293896,2.327579975,-1.905322552,-1.763013482,-1.839765310,2.145760536,-2.744509935,-2.988778114,-2.107133627,-0.120106310,0.056139208,3.832325220,-1.260165691,-1.195182085,-2.865279436,-0.445380479,-0.410634965,0.922443092
176,3519.992,1786752489243.017,29447165.417,0.000000000,1.840805411,-1.643060446,1.218905568,1.625398517,0.668045461,-0.116919145,-0.313126534,1.857653856,2.436126232,-1.873862505,1.235700965,6.620785713,1.965857387,-1.659394622,-1.444968700,-2.029428244,0.255626321,-1.797546983,-1.931718349,-1.551736116,0.208522245,0.847645998,1.281776547,-0.923484325,-1.200372458,-1.361632347,0.171724916,-0.593550861,0.887461126
177,3539.990,1786752489263.015,29447185.415,0.000000000,0.092556931,-4.047363281,-1.303379536,2.020317554,0.273275644,2.582201958,0.993655801,1.417186141,2.763728142,-4.090340137,3.698492527,6.221933842,-2.650735140,-0.480471104,-1.772954106,-1.667527795,-1.404737115,-1.242550850,-0.033894517,-0.894875407,0.088894479,1.509427190,-1.271039486,-0.223341003,-0.771454811,0.768269122,0.080451831,-0.956406832,1.027919412
178,3559.990,1786752489283.014,29447205.414,0.000000000,-0.709298968,-4.688663006,-2.359124422,1.737406731,-2.773418665,2.332055330,2.655461073,-0.345366597,2.516115665,-6.809459209,4.297274590,3.656126976,-4.875985622,0.370162338,-1.443293214,-1.979017615,-1.320262671,-1.734542847,1.477193117,-0.492711723,-0.391277969,1.065996170,-1.528052449,0.010399369,-1.072981715,1.529547453,-0.062226739,-1.188114166,0.722767532
179,3579.993,1786752489303.018,29447225.418,0.000000000,-2.001688719,-3.897220373,-1.563614368,0.773891687,-5.224112511,1.256330848,3.190351009,-1.094857454,4.105991364,-10.718002319,7.971170425,-1.647566319,-3.731034994,-0.710537612,-1.503172040,-2.588176250,-0.208770081,-1.950400949,1.518553615,-0.620775521,-0.768500268,0.090988435,-0.371621668,-0.014177401,-1.661525249,1.425864935,-0.000366852,-1.235157251,0.474186569
180,3599.990,1786752489323.014,29447245.414,0.000000000,0.054938074,1.352994323,-0.890435278,-0.278339565,-7.470357418,-1.034149885,0.578631878,1.865723133,0.457411110,1.477877736,-1.066936255,-4.826859951,-0.961485267,2.185301781,1.474275112,-3.816896677,-1.133473873,-0.498982906,1.062807798,-0.162447840,-1.174341321,-0.623978794,-1.470952272,-1.906810760,-0.994164526,0.511312187,0.506617427,-0.587843597,0.492102146
181,3619.989,1786752489343.013,29447265.413,0.000000000,-0.682776213,5.627890110,-0.617719412,-1.312317371,-8.026097298,-2.437798262,-1.248735785,4.430572033,-5.015509129,10.357858658,-1.967892170,-2.291481495,1.003665805,4.407571793,0.929045200,-4.132281303,-2.180306196,-0.068750151,1.617046952,-0.242217168,-1.140223145,-0.818590522,-0.714961708,-3.464491129,-0.543940067,-0.720061719,0.304373562,-0.211758643,0.322839767
182,3639.990,1786752489363.014,29447285.414,0.000000000,1.088057995,4.290820599,4.225965023,-2.542244196,-6.693145275,-2.685110807,-1.952172041,3.221588135,-2.607307673,9.164091110,-3.626871347,-1.798773170,6.313567162,0.782812834,0.958118975,-3.277754068,-2.109605789,-0.527422667,0.746503294,-0.030294012,-0.111726746,-0.932206571,0.814190626,-2.552968502,-1.425463796,-0.895701826,0.496309549,-0.052528072,0.196231425
183,3659.989,1786752489383.014,29447305.414,0.000000000,-0.109110259,1.875395417,4.369764805,-2.716876745,-2.548108101,-3.456824303,0.235913128,1.373763204,-1.566061139,6.556441307,-3.388478279,-0.609680712,4.985959530,-0.518443823,-0.275875628,-0.427108854,-1.551667929,-1.002697825,-0.498705149,0.101440199,-0.261867851,-0.483502239,0.612907290,-0.854386628,-0.958972037,-0.585403144,0.622039557,0.260150433,0.412056237
184,3679.990,1786752489403.015,29447325.415,0.000000000,-1.823200822,-1.575555444,2.757749557,-1.074937820,4.465473175,-5.714404583,2.610709906,-1.602849364,-2.557290077,2.507027388,-2.331536293,0.238898158,2.046230555,-0.510454595,-0.654842496,1.580003619,-0.416653961,-1.285988927,-0.358418047,-0.411430120,-0.996665120,-0.161136359,-0.526634037,0.149123564,-0.072476976,-0.488871217,0.070091397,0.029395184,0.882974386
185,3699.989,1786752489423.013,29447345.413,0.000000000,-2.996250153,-3.434853792,3.145771265,0.377593070,7.692998409,-1.390891075,2.471117258,-3.373303413,-3.094793558,0.636031151,-3.419662714,0.832690477,1.123973966,-0.964921772,-0.845350087,2.264748573,0.326674134,-0.978750646,0.329712331,-0.975155473,-1.165382624,-0.091692738,-1.013952374,0.609837770,0.244046196,-0.776738822,-0.566503406,-0.279610872,1.214544296
186,3719.989,1786752489443.014,29447365.414,0.000000000,-3.264553070,-4.426826000,3.630526543,0.744566381,10.653264046,0.149960592,1.647076488,-3.720619678,-1.945100546,-1.335044980,-3.048009872,0.815378606,0.854646802,-1.244390845,-0.703520238,2.361951590,1.039467931,-0.365995765,1.258794785,-1.171143889,-0.986958325,0.094966203,-1.449955106,0.966610491,0.353919297,-1.432456493,-1.167364478,-0.476185054,1.246471286
187,3739.990,1786752489463.015,29447385.415,0.000000000,-2.973470926,-3.365608454,-0.848125935,1.509310961,-2.227844954,2.771483660,1.179185271,-1.241182566,0.694833815,-3.510756731,-1.520139098,-0.087658815,-1.432025194,0.507212579,-1.688876271,2.377249479,1.263646483,0.005226758,1.672620296,-1.155340791,-0.927831650,0.802790046,-2.068404913,0.711708844,0.680033565,-2.074145079,-1.299171567,-0.390822381,0.995861590
188,3759.992,1786752489483.017,29447405.417,0.000000000,-1.566632628,-2.128248692,-5.376849174,-0.036985625,-6.858215332,2.480620623,1.233577132,-1.069336772,0.488446385,-3.793735981,-2.782879114,0.686040342,-5.032417774,1.710866451,-0.751229167,1.743288398,1.796826243,0.288469464,1.216766715,-0.705232799,-1.053777695,1.522190094,-3.575414658,0.045121651,1.743682265,-1.784670711,-0.536275804,-0.567217469,0.175774768
189,3779.991,1786752489503.016,29447425.416,0.000000000,0.103560686,0.212711468,-5.383776665,-1.879130125,-4.687180519,1.958981037,1.073127031,-2.386148930,-1.914389253,-1.257506371,3.254239798,1.706654429,-7.352093697,2.698040724,1.864847422,0.454010665,1.949349999,0.308610946,1.243828416,-0.475335717,-1.239724278,1.664386034,-3.910537720,-1.130867958,2.005074978,-1.726807594,0.123587556,-0.140935123,-0.694967449
190,3799.990,1786752489523.015,29447445.415,0.000000000,-1.116192341,3.638608217,-1.242424846,-3.417493582,-2.075316191,2.479221821,-0.214777723,-1.636759520,-1.120661855,-1.359260678,3.054491997,3.483459473,-4.653841019,1.023546338,0.867700279,-0.362177104,1.443644762,-0.013739471,2.160372257,-0.613618731,-1.105829716,0.875467718,-0.317495883,-1.819539070,0.301716596,-1.892865062,0.800603390,0.174806520,-1.369623780
191,3819.988,1786752489543.012,29447465.413,0.000000000,-1.920209408,4.649122715,1.131877661,-4.290111542,-0.945757627,3.620793819,-1.815351009,-0.630079508,0.281703323,-2.885461569,3.293986320,6.578795433,-0.763801157,-0.557493269,-2.358966589,-0.345482349,-0.059471663,-0.535067558,3.216634274,-0.255398393,-0.544882059,0.230924472,4.518771172,-1.788686633,-1.770000696,-1.346374393,1.032285929,0.316383213,-1.425192475
192,3840.003,1786752489563.028,29447485.428,0.000000000,-0.274693072,3.822992325,1.216199994,-3.801081657,-0.940274119,2.862218618,-1.920796990,-0.502889812,-0.037994567,-3.704996109,3.168000460,0.440016747,1.293095827,-0.977616549,-3.227124453,0.373637468,-1.016870618,-1.011828661,2.690093756,-0.030413324,0.118614532,0.279693961,6.572636604,-0.365856856,-2.744778633,-0.193989977,0.271463722,0.807739556,-1.146874428
193,3859.993,1786752489583.017,29447505.418,0.000000000,1.768434644,1.854517937,-0.447371900,-2.702652693,-0.792458057,1.633722067,-0.175768465,-1.124090910,-1.285585999,-5.383267879,2.192698479,-0.300405324,0.717992187,-0.384543002,-2.395416737,1.481764197,-0.631828129,-1.491186142,0.898927569,-0.018360522,0.698322475,0.191182166,5.254973888,1.320834517,-1.884216070,0.808895588,-0.258859754,1.433068275,-0.600688934
194,3879.991,1786752489603.015,29447525.415,0.000000000,3.331699133,1.360166550,-2.398689508,-2.866933107,-0.667448699,0.192837015,0.886194944,-0.943801284,-2.326643467,-4.864957333,-1.136498451,-0.527758658,-0.349876553,0.704527795,-0.616418481,1.716732502,0.489494950,-1.420247078,-0.821115494,-0.537574887,0.603225768,-0.306261837,2.198714495,1.901608586,-0.443922937,0.726413727,-0.560446084,1.604758501,-0.031435538
195,3899.992,1786752489623.016,29447545.416,0.000000000,3.315991163,1.723661780,-1.959790587,-2.583250046,-0.112407647,-0.922373831,1.193364859,0.132872105,-0.711759508,6.248900414,2.033404350,-4.449125290,-2.284482241,2.722798109,2.918426037,0.035285730,1.168148041,-1.138708472,-1.746883988,-1.206915379,0.431209832,-0.965129733,-0.057928674,0.583293736,-0.158872917,-0.578213096,-0.643813968,1.026046872,0.361716151
196,3919.994,1786752489643.019,29447565.419,0.000000000,-0.071500048,2.110731125,0.932519555,-2.241969585,0.204121470,-0.873644292,-0.022640357,-0.464078158,-0.994028032,10.562500000,0.347390950,-3.044759035,-1.081943035,2.172827005,1.293416023,-1.491943717,1.257102132,-1.557256699,-0.817674875,-1.847194076,0.295481652,-1.434107304,1.688415408,-0.363437504,-1.029741168,-1.712925553,-0.078873515,0.316008955,0.039588589
197,3939.989,1786752489663.014,29447585.414,0.000000000,-1.086980104,3.426517248,2.429166794,-1.877231121,-2.719942331,-4.114202976,-0.956336081,0.587368250,0.473466724,8.656531334,-2.818306923,-1.664629102,2.009782076,0.625854909,-0.352890193,-2.178743124,1.081257820,-1.378872991,0.177742943,-2.623087645,-0.007981049,-1.351312518,2.784325123,-0.165162504,-1.067402244,-1.667501688,1.276405454,-0.026217368,-0.646179020
198,3959.993,1786752489683.017,29447605.417,0.000000000,-0.595824122,0.545256078,2.348700285,-0.608150244,1.685930014,-9.203495026,-1.022665739,0.121418677,1.715974689,4.831938267,-4.739601135,-0.556063831,4.371432781,-2.459596395,-0.202421680,-2.549834728,0.806287050,-0.604019463,0.925111234,-2.835739613,-0.296346635,-0.727289915,2.193919897,0.620791793,-0.200256944,-0.431587219,2.050536394,-0.686319828,-0.945611298
199,3979.991,1786752489703.015,29447625.415,0.000000000,-2.468345642,-2.157904625,0.446838826,3.831586123,-0.179157436,0.633813381,0.798458517,-1.793198466,-1.003695726,0.927355707,-3.461642742,0.104002744,2.674141645,-2.609657764,-0.437427968,-1.361296058,0.298100770,-0.064408511,0.544973314,-2.344627380,-0.541347265,0.186869875,0.621730030,0.038045913,1.134819150,0.408974946,1.005713463,-0.758539200,-0.311701477
200,3999.998,1786752489723.022,29447645.422,0.000000000,-2.599071503,-2.108563423,-1.378620267,7.736792564,-2.715429544,2.899329185,1.891923666,-2.091252804,-2.747927666,0.606102824,-2.954072237,1.277691960,1.056264520,-1.764670372,-0.985873699,0.037177783,0.835193694,-0.159952760,-0.199675411,-1.549917817,-0.805793643,0.943119347,-0.884864688,-0.765686929,2.191968203,0.691309392,0.278618187,-0.821548879,0.395216852
201,4019.996,1786752489743.020,29447665.420,0.000000000,-0.929731905,-0.557856381,-1.599605680,5.527016640,-3.925395012,2.394016743,1.959703684,-2.533261299,-3.747295856,-1.798616052,-5.000174522,1.320849419,-0.033914033,-1.888605356,-0.731905580,0.452726990,2.030669212,-0.042206530,-0.182655826,-0.792239487,-1.021347642,1.250453830,-2.236222506,-0.773223579,2.489592552,0.341746062,0.374958903,-0.809434354,0.706016719
202,4040.004,1786752489763.028,29447685.428,0.000000000,0.686484694,0.474257052,-2.896740437,-0.429562330,-2.955032587,2.282409430,1.438350916,-2.407075405,-2.933693647,0.374456078,3.156721830,2.444701910,-4.120534897,1.774928451,1.992739797,-0.397185504,1.827048898,0.314037591,1.017627716,0.421235561,-0.947154760,1.181521535,-3.121222496,-1.542857885,1.575619102,-0.414565802,0.166221842,-1.086495280,0.415783137
203,4060.002,1786752489783.026,29447705.427,0.000000000,-1.906108141,-1.011095643,-1.693565011,-0.412146270,2.921439886,-1.975845695,-1.206377625,-2.675517082,-1.890529871,0.462482452,2.053658724,0.947957218,-3.560315847,0.699334800,0.600754142,-0.193197906,1.726400137,-0.032240316,1.764304638,1.091703176,-0.231348738,0.818702817,-0.720733583,-1.364563346,0.246773943,-0.431216687,0.305533975,-1.735792041,-0.181987330
204,4080.000,1786752489803.025,29447725.425,0.000000000,-2.225620985,-1.178459525,0.274927557,2.524329185,2.463108301,1.237308145,-2.860080719,-1.573015690,1.005242229,-0.013437981,0.066457853,0.146438479,-0.143347517,-0.724882305,0.222050130,0.955755830,1.615211010,0.330497086,1.234512925,1.586604714,-0.126756474,0.658614337,1.215418458,-0.374276906,-0.335868329,0.456521600,0.090689719,-1.488607764,-0.341472208
205,4100.000,1786752489823.024,29447745.425,0.000000000,-2.899979115,-1.226910353,0.218529940,2.129986763,2.074019909,1.858162284,-1.869167447,-2.703530073,-0.804886341,-1.992236137,0.844143450,0.164600894,-0.296683103,-0.863183618,-1.914876461,3.119011164,1.041273713,1.095702767,0.559562862,1.610662222,-0.559722424,0.662773073,2.842282295,0.565101981,-0.123083495,1.712150097,-0.365483075,-0.603394032,-0.037371151
206,4120.005,1786752489843.030,29447765.430,0.000000000,-1.149873734,-1.173010945,-0.859752953,2.474000692,2.698738337,1.031229377,0.364909142,-1.686163425,-0.367834896,-10.372634888,-5.895910740,-0.986915827,0.446351320,-0.684497237,-2.822070837,4.629845142,0.701785266,1.474132776,0.076400824,1.171704412,-0.726200163,1.010032415,2.935177565,0.908111691,0.491725743,2.773272514,-0.144232437,0.172478944,0.496774495
207,4140.008,1786752489863.033,29447785.433,0.000000000,2.750231743,2.510703325,-2.501382589,-4.507767677,4.343831062,-0.796388626,1.664779663,3.207054615,3.224050999,5.425711155,6.934493542,-2.082395792,-0.542820692,2.481389761,1.244798183,3.401505470,1.523250103,1.423837185,0.286931187,1.332061887,-0.829686344,1.082060814,0.185868278,-0.507027388,1.587491035,1.838061810,-0.404456377,0.926015913,0.245645598
208,4160.060,1786752489883.084,29447805.484,0.000000000,3.169011831,2.599522829,1.124483705,-2.922456264,9.391732216,-3.743319273,0.117946707,2.773148060,4.678119659,7.544995308,4.510600090,-1.026184082,2.814542294,-0.104573965,0.593629062,1.106094599,2.331812859,0.126475617,1.584491968,-0.768073499,0.164763272,-0.015406242,2.953347921,-0.202867612,0.196229503,0.538656652,-0.769438326,1.107728004,-0.726058662
209,4180.022,1786752489903.047,29447825.447,0.000000000,2.798251629,3.267805099,2.715536118,-1.953097105,2.641861200,-5.129919052,0.714042425,3.689579487,4.192017555,4.756094456,1.060114384,-0.864265323,4.758513927,-1.315574050,0.145293072,0.184776694,2.321211338,0.162566856,2.330908537,-1.301514387,0.250556409,-0.421723813,3.566605806,0.829578698,0.019085506,0.370354086,-0.794989467,1.456382632,-1.155550122
210,4199.991,1786752489923.015,29447845.415,0.000000000,1.097468376,0.700550318,3.236707687,-2.505378246,3.090840101,-0.777635336,2.196773052,0.608116627,1.545284867,1.660009503,-1.590751529,-0.252600938,2.995771408,-3.076132059,-0.026679318,0.274477273,2.169601679,0.693035841,1.975764751,-1.297570586,0.460312992,-0.301252782,2.674412966,1.662041187,0.518417239,0.495383292,-1.135783434,1.435489774,-1.015549302
211,4219.990,1786752489943.014,29447865.414,0.000000000,-1.207944632,-1.161676407,1.607564330,-1.123623848,1.000829339,1.878760457,3.416369438,-0.984631658,-1.006620884,-0.249013886,-0.819741905,-0.178326547,0.814561665,-2.315686703,-0.225213274,0.662435949,1.477079272,0.335273892,0.672325075,-1.469895482,0.644906819,0.052150697,1.807619452,0.313045353,0.467599809,0.025605142,-1.240089536,0.966776669,-0.556171060
212,4240.021,1786752489963.046,29447885.446,0.000000000,-1.522171378,-0.891261160,0.410019606,0.191004694,0.343373150,2.746111393,2.529414415,-0.387403935,-1.769666076,-0.110607781,0.490753889,-0.566407919,1.099058747,-0.853865504,-0.143564999,0.489205807,0.781457722,-0.695411325,-0.259722948,-1.956107140,0.383111030,0.027795849,1.131257176,-1.388725996,-0.228527978,-0.096224189,-0.775081158,0.220418155,-0.248007312
213,4259.992,1786752489983.017,29447905.417,0.000000000,-0.622980952,-0.172210783,-0.827897608,0.942749202,0.160628602,2.132991076,-0.057507373,0.617730558,-0.005839700,-0.941690743,3.777934790,3.424610138,2.273331642,0.258729011,0.247176558,-0.104201555,0.324409217,-1.805306792,-0.669110835,-1.368763089,0.065393783,-0.005122216,0.510302842,-2.496609449,-1.056075931,0.426267982,-0.241689861,-0.003975152,-0.269314468
214,4280.019,1786752490003.043,29447925.443,0.000000000,-0.229031861,0.043661319,-1.872454882,0.423288405,0.923895895,1.405690312,-0.790757120,0.074256085,-0.376454800,-0.210493729,1.878215551,0.335483164,1.035926580,1.671788216,1.256553173,-0.693178117,0.217606530,-2.149984121,-0.388084233,-0.447838396,-0.362498909,-0.086484380,-0.458732039,-2.929459572,-1.278839350,1.564164877,-0.065490991,0.006389702,-0.546060264
215,4299.988,1786752490023.013,29447945.413,0.000000000,-1.310286403,0.137838930,-0.230212167,-0.690305710,2.323786736,0.292521328,-0.881084323,-0.689191282,-0.748350620,0.518135726,0.356322914,-0.636391759,0.991910875,1.123556137,1.278229117,-1.143652320,0.638570070,-1.982152224,0.446804374,0.051661830,-0.374039292,-0.309644371,-0.540583014,-2.205744267,-1.246606469,2.714051247,-0.135192588,0.257039398,-0.721559703
216,4319.988,1786752490043.013,29447965.413,0.000000000,-1.355102777,0.966989994,1.349894404,-0.889508486,0.781078696,0.609909713,-1.311814070,-0.458808184,-0.478734165,2.173840046,0.126958624,-1.409704328,3.335704088,-0.494035870,0.378119826,-1.836685896,1.259753227,-1.706282496,1.383726716,0.028578913,-0.048455816,-0.603996754,0.978583694,-0.562566936,-1.707097769,3.908422709,-0.105176039,0.309127033,-0.620244145
217,4339.989,1786752490063.013,29447985.413,0.000000000,-1.477769613,1.265697598,1.633541226,-0.006503548,0.356669933,0.467190892,-1.782265902,0.339322001,0.298501343,-0.029083049,0.969183743,-1.054942489,5.025671959,-1.389421344,-0.279382229,-1.914123774,1.394925714,-0.887209952,1.531127930,-0.003612711,0.049607255,-0.489825100,2.165100574,0.312494248,-1.798019290,4.786897182,-0.015203215,0.344232351,-0.192650557
218,4359.989,1786752490083.014,29448005.414,0.000000000,-1.106137395,1.414652467,1.583738565,-1.144150496,0.502353907,0.172634214,-1.714252234,1.207369566,-0.060835168,-0.537833810,0.409619182,-0.919334292,3.045980692,3.610858440,-1.642640710,-9.122751236,-10.971016884,-3.521209717,10.038806915,0.247723937,1.346745968,0.634481609,2.162720680,-2.381706238,-2.478879452,0.434704751,-0.083925433,0.144504294,0.096822180
219,4379.988,1786752490103.012,29448025.412,0.000000000,0.000000000,0.000000000,0.000000000,0.000000000,0.000000000,0.000000000,0.000000000,0.000000000,0.000000000,0.000000000,0.000000000,0.000000000,0.000000000,0.000000000,0.000000000,0.000000000,0.000000000,0.000000000,0.000000000,0.000000000,0.000000000,0.000000000,0.000000000,0.000000000,0.000000000,0.000000000,0.000000000,0.000000000,0.000000000
220,4399.987,1786752490123.012,29448045.412,0.000000000,-6.364469051,2.429537058,3.524010658,19.443660736,-14.045636177,-5.839280128,-13.575072289,0.784280539,1.475300670,29.693941116,-0.104103491,0.037930075,19.799663544,-2.606320381,3.469476700,-9.312359810,1.919458628,-8.582521439,7.542090893,-5.790321827,-0.311886847,1.567668319,2.162410736,-4.265918732,-4.729879856,0.084027767,1.395037293,-5.957052708,-2.429881573
221,4419.987,1786752490143.012,29448065.412,0.000000000,-7.405534267,2.476132393,-1.164362311,17.658023834,0.080625966,-1.441558838,-4.928052902,6.395970345,15.124917984,0.890115857,4.370678902,0.268253714,24.188680649,-4.863397598,2.642626286,-9.332045555,0.381325185,-11.169671059,9.732677460,-3.215831518,1.276882052,0.229299471,5.558914185,-6.397977829,-5.820424080,5.699357510,0.004329300,-6.067011833,-1.672532558
222,4439.987,1786752490163.012,29448085.412,0.000000000,-8.927969933,-0.569231689,-5.692631721,7.526073456,2.025764942,-1.183452487,-0.027637424,0.548523128,14.734475136,-9.831573486,-6.993197441,-0.822888553,17.125957489,-9.797566414,4.856619358,-3.797383785,1.743726850,-6.277785778,4.792264938,-0.253050536,1.433316112,-0.007872306,1.721557021,-4.264041424,-1.394442081,12.232621193,-1.782116055,-1.790547967,0.186365351
223,4459.988,1786752490183.012,29448105.412,0.000000000,-2.049198627,1.613436460,-9.114305496,1.317006111,3.379607916,-2.315994740,2.212145567,1.123568296,3.535223961,-3.236217499,3.880489349,-0.164557546,6.967968464,-0.591912687,3.983096838,2.825904608,1.750486970,3.688814163,1.750362515,1.199517965,-0.016476844,0.399078548,-5.296582222,-4.996935844,3.053215742,12.804875374,-2.180952072,2.539303303,1.956454039
224,4479.987,1786752490203.012,29448125.412,0.000000000,3.051346540,4.847567081,-5.252762318,-0.627511084,-0.420017749,-2.293704033,1.568637967,4.432917595,-5.523051262,9.587678909,-2.030470610,0.484974712,2.635618210,6.746227741,0.296779156,5.069995880,0.903375387,6.634138584,2.079305649,0.937681437,1.132389188,1.432901263,-5.912993908,-3.125867128,1.972678661,8.798475266,-1.641637444,3.438097000,0.786882102
225,4499.988,1786752490223.012,29448145.412,0.000000000,0.824096918,1.616255641,2.114883423,0.281754196,-0.955070019,-0.979024053,-2.730835915,-2.956948280,-8.994696617,10.017570496,0.793502629,0.697338045,7.162112713,3.390792847,2.230902672,4.218564510,1.823428869,4.259110928,1.222358108,0.019128092,2.613388300,1.164378166,-2.054743290,-0.106767975,-1.520289183,5.277108669,-0.560196817,2.044556856,-0.625088274
226,4519.987,1786752490243.012,29448165.412,0.000000000,-2.103654623,-0.483904064,2.418020248,1.739023566,-0.357870132,-0.853000820,-2.391297102,-2.242656708,0.220581606,7.204244614,-0.823941290,-0.743915498,7.395536423,0.501073956,1.019191146,5.739172459,3.313171387,3.986907482,-1.896600127,-0.309901178,1.919167280,0.747150719,-0.900511265,1.775306940,-3.256018400,4.759234428,-1.242408514,0.934960067,-0.185588211
227,4539.988,1786752490263.012,29448185.412,0.000000000,-4.315968513,-3.538165808,-0.838160396,0.982451797,0.514896452,0.536441505,-0.588483512,-1.355669618,6.060317516,-0.631187260,-3.963515043,-0.615880847,5.501222134,-3.015080690,0.655786455,7.032033443,5.370139599,4.139122486,-4.784849167,-0.603877485,0.870290697,0.876130283,-1.558922172,3.357157946,-3.483764648,4.323518276,-0.571386755,0.845338464,0.601059794
228,4559.989,1786752490283.013,29448205.413,0.000000000,-2.778577566,-3.587778807,-2.534769535,-1.402507305,2.750225544,1.025713444,-2.232224703,0.483414173,5.183284760,1.458056450,-4.251464844,2.120838881,4.052649975,-4.600706100,-0.014167271,8.695695877,4.923412323,5.937150478,-4.866625786,-0.949505985,0.424996316,1.996142983,-3.540072918,3.472269535,-0.460129708,3.688204527,-0.331618726,0.790139437,1.472487807
229,4579.988,1786752490303.013,29448225.413,0.000000000,0.499140799,-4.826275349,-3.927858829,-2.752082586,2.308770418,0.482495308,-0.683493972,0.081391260,3.632705212,0.223995790,-0.459897429,2.087527990,0.109646060,-2.785511732,-1.401704550,9.910060883,1.087183356,7.236602306,-2.953018188,-1.254615903,1.315555930,2.832382202,-4.794804573,3.321429968,2.295619249,2.098837852,-0.773277760,0.731849432,1.978515506
230,4599.988,1786752490323.012,29448245.412,0.000000000,1.284289479,-4.074555874,-3.501013756,-2.767406702,2.845215797,-1.364245772,0.256604224,-0.171617642,2.167352676,-1.121881127,0.710282564,1.940809011,-3.721494913,-0.885310113,-2.756028175,8.564377785,-3.546279430,6.365251541,-0.478970826,-1.989436746,1.754447341,2.223712921,-4.908387184,2.970219851,3.380342484,0.236012265,-1.571304202,0.145790473,1.637737274
231,4619.988,1786752490343.012,29448265.412,0.000000000,0.361919433,-3.189518690,-2.461930037,-1.105334520,1.629953146,-0.171038851,0.008691621,-0.184212103,1.015102863,-1.562637568,1.206659913,1.638744712,-5.185349464,0.196970537,-2.526151419,5.873769760,-5.815779209,4.234354019,0.363472432,-2.378474236,2.091672659,1.679663181,-4.295221329,2.374359369,2.928691864,-1.189553499,-1.959797740,-0.542455018,1.494803429
232,4639.988,1786752490363.012,29448285.413,0.000000000,0.383526742,-1.870327473,-0.376133412,-0.445750803,1.061346889,0.619346976,-0.154416785,0.128664598,1.498514295,-1.909997940,1.914469957,1.411979675,-3.522772551,1.687162876,0.229172960,1.637193799,-7.171511650,1.278337955,0.162160337,-1.765427113,1.812339067,0.582062721,-3.579227448,1.086813211,1.434917688,-2.598991632,-2.032667160,-1.346388578,1.250790834
233,4659.988,1786752490383.012,29448305.412,0.000000000,1.329910159,-0.845746517,0.176670164,-0.140780196,0.093104228,0.082718991,0.897917330,0.308042258,1.527035356,-2.661948681,2.513483524,1.159922838,-2.077505350,3.306581020,1.891578794,-0.824856400,-7.250004292,-1.869807482,-0.745517373,-0.734796584,0.730008900,-0.381840944,-2.838710308,-0.249669924,0.226897895,-3.210684776,-1.858603477,-1.048265457,1.001705289
234,4679.988,1786752490403.012,29448325.412,0.000000000,0.723059297,0.555536807,-0.233061239,2.723022699,-2.725391150,-0.262052089,2.013170481,2.282687426,-1.237453580,5.182359695,3.279774189,-3.350367069,-3.655713081,5.457971096,0.424146831,-1.195761681,-6.590356827,-5.006840706,-2.385874987,-0.120735936,-0.092774741,-1.541283369,-1.580869675,-1.802075982,-0.979189754,-3.568641663,-1.669410229,-0.353467077,1.002294064
235,4699.988,1786752490423.012,29448345.413,0.000000000,-3.300731659,2.007917404,1.181204319,4.307666302,-1.931790590,0.412039816,-1.101570725,-0.103288859,-6.278883457,6.175748348,-3.069602489,-0.115548313,0.746872962,2.584880114,0.058231831,-2.730448246,-0.060110305,-9.008650780,-2.190273046,-0.370316267,-0.467000067,-3.325006247,1.961930037,-3.466179371,-3.029423952,-4.045681000,-0.563805342,-0.606960535,0.032091066
236,4719.988,1786752490443.012,29448365.413,0.000000000,-2.322351217,4.141260147,2.982552767,3.419004679,-0.299183547,0.003778610,-1.018318176,-1.673074603,-3.942753792,5.122161388,5.095488548,-0.795420229,7.438966274,0.419814169,0.944314003,-2.775268078,2.113596916,-8.854361534,-3.159916639,-0.905783176,-2.111587286,-3.635300636,3.332898617,-3.920106411,-3.931438684,-1.796349049,1.403522730,-0.533154190,-0.428933531
237,4739.990,1786752490463.014,29448385.414,0.000000000,-1.537321687,5.231034756,2.226992369,2.513733387,1.229958177,0.016837474,-2.343729258,-3.311580658,-3.807790041,-0.819340467,-1.801000714,1.164032936,9.077306747,-2.788232565,1.243375778,-1.589273095,1.516307950,-5.834547520,-3.438621521,-2.519958735,-2.402835131,-2.423197746,2.475868940,-1.975878477,-3.068735838,0.748232663,1.820532441,0.073488489,-0.248919591
238,4759.989,1786752490483.014,29448405.414,0.000000000,1.126709342,3.063600063,-0.444603711,2.280906439,1.874815464,-0.360544473,1.277573586,-3.017123938,-3.743276596,-3.916010141,-6.148711681,-0.156247571,2.313224077,-2.049278498,-0.656855822,-0.771115541,0.802597821,-3.031868935,-1.856357336,-3.722577095,-1.600857973,-0.748816133,-0.710447550,0.370953351,-0.330414057,1.493804932,0.426955849,0.807293117,0.453238189
239,4779.990,1786752490503.014,29448425.414,0.000000000,1.798145533,-1.259534597,-0.151800975,-0.365251660,3.915380001,0.389102578,2.265847445,-1.002017856,1.731498241,-3.379427195,-5.946636200,-1.654858708,-5.258562088,-1.819773912,-0.168345883,-0.685635269,0.771320641,-1.179200530,-1.096655369,-3.698858023,-0.890988886,1.298888087,-3.976248741,2.752067327,1.925467372,0.431951433,-0.362365842,0.057364114,1.080891371
240,4799.989,1786752490523.014,29448445.414,0.000000000,1.249478340,-3.311833858,-0.452673733,-0.046528127,-4.236273289,-0.911114156,1.432464004,-0.609483242,6.889396191,-2.246098995,-4.126736641,-2.555635691,-5.378773689,-0.279693365,2.272058010,-2.555191517,1.415677309,0.544167995,-0.802036524,-2.958365202,-1.464692950,2.571812153,-4.023145199,2.877549648,2.099907637,-0.858178854,-0.339270264,-1.697738290,1.161978960
241,4819.989,1786752490543.013,29448465.413,0.000000000,-0.626711547,-4.101970673,-1.013653159,1.431457162,1.524024725,-0.182184994,0.091990292,-2.217183113,2.334100962,-2.007388115,-0.639564097,-1.294081330,-7.186073303,0.273456991,1.003256798,-3.712999582,1.808136106,1.549694538,1.233129978,-1.936909676,0.586213231,2.232075453,-3.056223631,2.998526335,2.377955914,-0.472561032,-1.178857207,-2.801515341,0.930507004
242,4839.991,1786752490563.016,29448485.416,0.000000000,-2.712762356,-2.275960684,-2.335608482,2.679485798,3.024845839,0.082320094,-1.637859702,0.033997633,-0.357345432,-1.776832223,2.683000803,-1.159142375,-8.783026695,-1.418745995,-2.369331121,-2.342377186,2.809638023,2.370237350,0.623329759,-0.806456387,1.233601213,2.770210743,-1.323928356,3.552573919,2.403221369,-0.471049160,-1.279979348,-2.868931532,1.007611275
243,4860.006,1786752490583.031,29448505.431,0.000000000,-2.613791704,-0.428947717,-2.911096096,2.465196371,-0.275967717,1.209876895,-2.289178848,0.922560215,-2.559494495,-2.716233253,3.433915615,-2.851625204,-8.360464096,-1.926246047,-4.106794357,-1.235545754,3.283974886,2.539328814,-0.355996728,-0.132226512,1.027322888,3.239686012,0.555773914,2.849570036,2.029399157,-1.247664452,-0.354144067,-2.674794674,1.168182850
244,4880.007,1786752490603.031,29448525.431,0.000000000,0.633347631,0.168070346,-3.118027687,3.694111347,-4.727308750,1.292880535,-1.655096650,-0.216468096,-6.972219467,-0.800405860,4.214377880,-0.783326507,-6.666678429,1.634539723,-3.352852106,-0.901667058,1.912861705,2.360783100,-0.776038408,0.177831411,0.210305333,3.004215240,1.982274413,-0.384336829,1.615297556,-2.095681429,0.184501991,-1.952507615,0.939577162
245,4900.003,1786752490623.028,29448545.428,0.000000000,3.557953596,1.909612298,-0.526732981,3.505647898,-3.803972721,0.731388509,-0.442682236,0.716737509,-6.662431717,10.906530380,0.960007668,1.113598108,-3.610165596,5.450152397,-0.586995482,-1.518737316,0.195400953,1.596620083,-1.373243690,0.628673375,-0.671074390,2.027217150,2.304902077,-4.337530613,1.252940059,-2.730900526,0.358560205,-0.618966043,-0.117889039
246,4919.992,1786752490643.017,29448565.417,0.000000000,1.013330460,3.169232130,1.187720299,2.738422394,-4.603607178,-0.793144763,-0.762164831,0.758391857,-2.595765829,12.859855652,-0.263515443,1.543039680,0.477679223,2.814210176,-0.632568002,-2.393759012,0.225099564,-0.142399237,-1.488020539,0.530655205,-1.484263062,0.334373921,5.185110569,-6.727835655,-0.186229140,-3.257748604,1.056854010,0.253756225,-1.991492152
247,4939.991,1786752490663.016,29448585.416,0.000000000,-1.054171801,1.857195020,2.940741777,0.879313827,-2.715052128,-4.410664558,-1.279488206,-1.896327257,0.423021644,2.748450994,4.371354103,0.881604731,4.973862648,-3.221373558,0.073363677,-3.362482071,0.576797366,-1.299704790,-0.866226494,-0.243957847,-1.893418908,-1.214798927,8.092490196,-5.703694820,-2.215466261,-1.389719963,2.386527300,0.874688387,-3.080423355
248,4959.991,1786752490683.016,29448605.416,0.000000000,-3.049576044,-2.240592480,1.038991809,0.901389658,-1.932683229,0.329466969,-0.968315899,-6.411456585,-2.972332716,-10.785811424,6.073614120,-1.576597095,2.994340897,-7.334339142,0.027130922,-2.040222168,1.017065883,-1.159476399,-0.600422680,-0.413324386,-2.199315786,-1.437759638,7.371332645,-1.689148068,-1.494720459,1.640688658,2.446030855,2.060965776,-2.204310417
249,4980.030,1786752490703.055,29448625.455,0.000000000,-0.056357563,-1.939123034,-2.873126745,2.094249487,-3.093058109,0.603774726,3.348717690,-4.845987320,-6.710106850,-7.136635780,-5.986158848,1.143825531,-3.611756325,-2.206247091,-2.491422653,0.463784009,0.232860610,0.141630158,0.347321063,0.403226465,-2.388103962,-0.756334782,3.020184994,-0.277954131,1.284776449,2.285507441,1.113199353,2.456291199,-0.774705887
250,4999.997,1786752490723.021,29448645.422,0.000000000,1.704684377,-0.602575719,-3.145481825,0.553157687,-4.941988945,0.428869009,2.371335983,-2.083719969,-4.241353035,-2.878319263,0.726435602,2.760947466,-8.619662285,1.258273244,-2.897450686,1.033799767,1.114452839,1.020961881,1.979130507,1.693712950,-1.622239470,0.290210068,-0.334657103,-0.198509201,2.882062912,0.489798993,0.458148956,1.319594264,-0.500330687
251,5019.993,1786752490743.017,29448665.417,0.000000000,1.898146749,-0.412354022,-1.366164446,-1.162359953,-5.205319881,2.480255365,1.823002100,-2.696451426,-2.867231607,-3.187069178,5.450195312,1.296259046,-8.275241852,1.706861496,-0.324707806,-0.728980005,3.291245461,-0.236713320,3.527731180,2.382254362,0.115455121,0.526763856,-0.031742979,-0.636852264,2.463521719,-0.592918336,0.108489543,-1.403401136,-0.948657870
252,5039.991,1786752490763.015,29448685.415,0.000000000,0.530012131,-0.576563299,-0.139468953,-1.106381774,-2.983883619,2.060073853,2.340644836,-2.565623522,-1.608822823,-9.797023773,-4.770896912,-3.783944130,-5.526237488,0.667675436,0.221699223,-1.682664156,4.302569389,-1.840197086,3.719350576,2.423705816,1.442611694,0.102100864,2.092190981,-1.483076572,1.415504217,-0.512249291,0.465509713,-3.011589766,-0.951556623
253,5059.990,1786752490783.014,29448705.414,0.000000000,1.476016283,2.423185349,-2.958122969,1.189443350,1.380009651,-0.076237880,-0.097516023,2.440153360,0.889460027,13.079017639,-2.238063812,-1.337040663,-4.589650154,6.805300236,1.163451314,-2.277981281,1.867921472,-1.975536466,1.900288701,1.415822625,1.926126838,0.269798666,2.146889448,-5.299833775,1.346599221,-1.006329536,1.040597916,-3.026587248,-0.590751827
254,5079.989,1786752490803.013,29448725.413,0.000000000,0.102147751,3.593009472,0.016165053,1.684516072,0.619046450,-7.966832638,-3.970350027,3.253812790,3.250959635,14.415671349,-1.804729462,-0.556240380,2.404396534,2.898234367,0.941695809,-3.701558828,2.408273935,-2.981984138,0.672570705,0.011555736,1.941936016,-0.018724438,5.126527786,-4.121690273,-0.634822726,-0.473009199,2.033655882,-2.161414146,-1.485585928
255,5099.988,1786752490823.013,29448745.413,0.000000000,-0.521625042,4.149845123,2.956661224,0.702367187,0.767553926,-0.215237737,-3.328230619,4.296659946,3.697248697,8.681213379,-1.067017436,-0.475223571,6.536886215,-1.970457792,-0.061908253,-3.215677261,2.464570522,-2.024742842,-0.512599528,-1.495156884,0.653473377,-0.241019785,5.990433216,-0.123161636,-0.283596218,1.240074039,2.513267040,0.370135218,-1.880233049
256,5119.990,1786752490843.014,29448765.414,0.000000000,-0.849080563,1.205420017,1.844264269,-1.481289744,2.741073608,-0.161865935,0.207500488,1.764769912,1.039220452,3.293490887,-0.722028732,-0.138597906,3.682605267,-5.660160065,0.149530575,-1.763030648,3.183582067,-0.405264080,-1.272015691,-2.271665335,-0.129083693,-0.188748404,3.687510014,3.340782642,1.842846155,1.471193433,2.069181919,1.843945146,-1.497779608
257,5139.991,1786752490863.016,29448785.416,0.000000000,-2.119325399,-2.300479650,-2.074748039,0.868072093,1.682022452,0.893765748,2.720939398,-1.113843560,-2.174320936,-0.936696529,0.443195850,-0.461115152,-0.683818042,-5.753727913,-1.648439884,0.074553728,3.356903076,0.040140547,-1.294618845,-2.119450569,-0.091097876,0.125786930,2.869626284,2.870108366,2.469551086,-0.024361245,0.545968533,1.027607322,-0.297479451
258,5159.989,1786752490883.013,29448805.413,0.000000000,0.137634799,-1.564625263,-4.118084908,6.129270077,0.342573702,3.498358488,5.934884548,-1.381815195,-3.496013165,-3.877842665,1.301470399,-0.172522530,-3.159137011,-0.343968958,-2.310950041,2.369541168,1.745087862,1.271784663,-0.563935280,-0.509165525,-0.515816987,0.470055044,0.986675560,-0.938898742,2.312583923,-1.084981918,-0.157571122,-0.233396232,0.479060978
259,5179.988,1786752490903.012,29448825.413,0.000000000,1.796869755,-0.055498429,-2.348182917,1.345346570,1.421175957,3.704006910,4.664729595,-3.418205023,-3.143923759,-5.149352551,3.487676382,-0.172721788,-4.273850441,1.664588809,-0.007950540,2.921719551,1.277943730,2.611286640,1.037621617,1.025508523,-0.752756774,0.512311101,-2.801188946,-3.611281872,2.267273426,-1.493668556,-0.050220795,-0.903580606,0.299154967
260,5199.988,1786752490923.012,29448845.412,0.000000000,1.950664163,2.779148102,0.696107566,-6.963560104,0.779778779,2.699386597,2.063103914,-0.910832644,-0.969495475,0.178715587,-1.409409642,5.381049156,-5.201797485,5.230492115,3.363227367,1.394580603,-0.247782201,2.740444183,3.449368238,1.940676332,-0.400339395,0.269527972,-6.011240005,-6.034111500,1.779524922,-2.121371746,0.191084385,-1.527330637,-0.226379842
261,5219.989,1786752490943.013,29448865.413,0.000000000,0.162188113,-0.362918645,0.022334555,0.956902444,3.444458485,-2.833632469,-2.543414831,-0.673029482,2.306178808,4.125005722,1.532541990,1.611576915,-2.660992146,4.195143700,4.457409382,-0.864330947,0.185488135,-0.235202476,4.264620781,0.895744264,0.319328547,0.094218813,-5.073204994,-6.219925880,0.910611689,-1.820466399,0.603364229,-2.077113390,-1.646474838
262,5239.991,1786752490963.015,29448885.416,0.000000000,-1.996398926,1.336463690,1.605615020,1.318534255,4.552372456,0.583323658,-4.358113289,0.190080494,2.884850264,4.860207558,0.231138840,0.856622100,1.407186627,0.761411369,0.951676786,-1.214755654,1.267525077,-2.754698753,2.578471899,0.077480271,0.611286044,0.367917687,-0.841903865,-3.273944616,-0.254759550,-0.291432232,0.086965874,-1.109501839,-2.571890354
263,5259.990,1786752490983.015,29448905.415,0.000000000,-2.272252083,1.925043225,0.575932145,0.799353361,4.951884747,1.878141165,-2.899764538,0.456251830,1.734522462,2.883270979,2.158704996,3.619374275,1.783784032,-0.184750989,-1.650975347,0.296736628,0.777816474,-2.520268917,0.713720202,-0.002286945,0.070387326,0.751204967,1.591088653,-1.514859319,0.047318313,0.436730444,-0.177763060,0.543124437,-2.179203749
264,5279.989,1786752491003.013,29448925.413,0.000000000,-0.164900482,1.212477326,0.150070071,0.060822155,4.690158844,1.214352250,-0.538173616,-0.460292608,0.553420186,0.798447549,1.698760986,2.322678328,1.315207362,-0.363054991,-1.445483088,1.457538486,0.391704410,-1.400233388,0.057277087,-0.116702408,-0.318083376,0.801621199,1.910550237,-0.485648125,0.711106300,0.252666980,-0.414823830,1.730696321,-1.474371552
265,5299.987,1786752491023.012,29448945.412,0.000000000,0.594910622,0.485656917,0.354125082,-0.886553645,4.390312672,-0.144051880,-0.004769569,-1.211125493,0.191783667,0.884435952,0.122416176,0.456512183,0.765169740,-1.202061772,-0.837853670,1.629437923,0.570033371,-0.594981611,0.247072980,-0.071430475,-0.070015512,0.358414769,1.642931104,0.248817593,0.831312299,0.006797355,-0.837798536,1.801983476,-0.814196348
266,5319.989,1786752491043.013,29448965.413,0.000000000,0.545996547,1.148064256,1.595447421,-4.218993187,2.484697342,0.984741271,0.753329396,-1.191962600,-0.140659124,0.814198613,-0.528213620,0.083232783,0.307047844,-1.371691346,0.038375337,1.099857569,0.696418047,-0.320605695,0.864002347,-0.006572651,0.111695394,-0.097519860,1.214923859,0.503728986,0.461427242,-0.089075699,-1.143117189,1.685974121,-0.353875279
267,5339.989,1786752491063.014,29448985.414,0.000000000,0.063798569,1.328392744,1.425232887,-2.363919258,4.366539001,0.505498052,0.822402418,-0.315057844,0.359746248,1.035906315,-0.705980659,-0.395261794,1.093982458,-0.986162901,0.761713743,0.230126321,0.525600195,-0.634505332,1.676853061,0.334502041,0.432757229,-0.679233849,1.269811988,0.061721828,-0.428771794,-0.061067246,-1.425398707,1.461620331,0.052492097
268,5359.991,1786752491083.015,29449005.415,0.000000000,-1.595764041,2.337335587,3.070063829,-4.284416676,0.302279025,1.043066502,0.261976838,-0.120902769,-0.163996309,1.543075562,-0.804640055,-1.186916590,1.523506641,-0.724910080,0.402092040,-0.489127725,0.194259539,-1.137747884,2.258790970,0.519468844,0.491601765,-1.274948835,2.092245340,-0.535850644,-1.850656390,0.100711927,-1.282075167,1.454023719,0.574357510
269,5379.990,1786752491103.015,29449025.415,0.000000000,-1.927245855,2.660387754,3.583256006,-1.417326808,0.325307220,0.649542272,-2.150181055,0.623277009,1.810126066,2.170254707,-0.399304867,-0.754537642,5.066524982,-0.567357183,0.836568832,-1.807331204,-0.316222072,-1.848966718,2.418323755,0.277304918,0.479939759,-1.696828365,4.021244049,-1.096816659,-3.873730659,1.031881690,-0.834441185,1.184746504,0.780962110
270,5399.992,1786752491123.016,29449045.416,0.000000000,-2.323774815,2.771101713,2.831103802,0.832183063,0.526932895,0.137249023,-5.144178391,2.004633427,3.369741201,1.891675472,-0.007915302,-1.651702046,5.024294853,2.319663763,-0.770800591,-11.062760353,-12.376346588,-2.399409294,21.877834320,0.650867462,3.327978134,2.156615496,3.265602112,-3.308074474,-4.967473030,-0.524759293,-0.180046305,0.360070705,0.878893793
271,5419.990,1786752491143.014,29449065.414,0.000000000,-14.777264595,-1.402314186,-6.549946308,19.147287369,-2.265888453,-1.089294076,-16.227849960,0.022461245,3.416864872,19.807418823,-5.887003899,0.872363091,6.619811058,-0.987820446,-8.528616905,-1.030308962,1.717734098,-4.953207493,2.074388266,-2.842041254,0.381118149,1.950545430,3.151647806,-1.373249650,-1.218245387,0.049361508,-0.445158511,-2.988890171,-1.185628414
272,5439.989,1786752491163.014,29449085.414,0.000000000,-6.396485329,1.985355854,5.386265755,17.170537949,-0.860035717,-2.380482435,-3.958593845,3.932220697,16.338527679,0.744466901,1.824673057,-1.696435094,23.210100174,-4.190739632,3.570354223,-8.415596008,1.804295421,-11.057273865,6.184650421,-3.327037573,0.524819970,0.887113214,4.694240093,-5.363195419,-5.805820465,1.696512222,0.083563320,-6.390598774,-2.380203962
273,5459.989,1786752491183.013,29449105.413,0.000000000,-7.691884995,1.184919477,-1.123493910,10.188186646,1.891637325,-1.168845773,-5.779685020,1.165294886,9.814250946,-4.545488834,6.282471657,0.706584632,22.789985657,-7.322910309,4.446666718,-4.646148682,0.764028311,-6.527944088,4.370726585,-1.015472651,-0.282851845,-0.107974589,2.442859411,-5.444382668,-3.325701475,8.486669540,-0.536837637,-4.144825935,-0.569192708
274,5479.989,1786752491203.013,29449125.413,0.000000000,-1.621683955,3.223853588,-11.155126572,5.255798817,1.725455880,-2.225842714,0.284950763,4.541786194,-1.513942480,4.274052143,-0.826729059,0.010559984,5.846736908,3.608757734,2.407539845,1.619381905,0.606754780,1.723899722,2.479724646,1.157367826,-0.211542457,0.298417717,-5.191641331,-6.534288883,2.008948803,12.309757233,-1.617885828,0.334532171,1.210720301
275,5499.990,1786752491223.014,29449145.414,0.000000000,0.333986253,5.066749573,-4.145546913,1.672946215,-0.162952304,-2.914445162,-1.724420428,1.971775889,-8.688013077,11.702541351,-3.659132242,1.945100546,6.724287510,4.407253265,1.911855936,1.530862093,0.250480354,2.762268782,3.659332037,0.164048240,1.533665895,0.181993514,-4.328341007,-3.460040808,0.418634504,9.814422607,-0.710471988,2.054621458,0.452010602
276,5519.993,1786752491243.017,29449165.418,0.000000000,-1.148659706,2.639905691,0.962035656,2.053845644,-2.296834230,-2.044403791,-1.631501079,-2.200603247,-2.814185858,10.984107018,-1.807934523,-0.224168584,9.205391884,1.346702099,2.724931955,1.714769721,0.684186637,2.513510227,2.224567413,-0.398497254,2.602736235,0.073981978,-1.699336052,-0.440471977,-2.377038479,7.563253403,0.007339664,2.392127752,-0.123647019
277,5539.989,1786752491263.014,29449185.414,0.000000000,-3.333975554,0.286279529,-0.949849546,2.719722271,-1.218681693,-0.438384295,-1.491042137,-2.855358839,0.446475029,7.435124874,-9.180270195,0.374821484,7.614429951,-0.759574890,1.823157907,3.397140741,1.987128735,3.041414022,-0.439818323,-0.686513901,2.091483116,0.017888498,-1.366011381,1.229863405,-3.078604221,6.401411533,-0.141627535,2.822849989,0.053194623
278,5559.988,1786752491283.013,29449205.413,0.000000000,-3.671012163,-0.800852180,-2.263462782,1.340216994,1.714656830,0.390732527,0.875900745,0.276076913,6.092904091,-0.242250636,-8.941931725,1.548357964,4.635265827,-3.584920645,1.162493825,5.794275284,4.660126209,4.324970245,-3.619856596,-0.565337420,0.758468449,0.876582801,-3.779629946,3.073080778,-1.983933449,5.567092419,-0.216700509,2.650078297,0.720321774
279,5579.988,1786752491303.013,29449225.413,0.000000000,-0.102447420,-2.218193531,-1.827653408,0.720952690,5.505417824,0.412427068,-1.550655842,1.427901030,5.635066986,3.010174274,-3.129048109,1.467130899,2.371763468,-3.189281702,1.291034460,8.130824089,4.383513927,6.120719433,-3.235966444,-0.506578505,0.279375285,2.154838562,-6.347925186,3.109997272,0.813783407,3.967098475,-0.134681731,1.960886598,1.629320621
280,5599.991,1786752491323.016,29449245.416,0.000000000,1.632839680,-5.448584557,-4.177641392,-0.675531805,3.893688440,1.047793150,-0.225821510,0.152811185,2.522290468,1.776188254,0.178247839,1.394799113,-3.806573629,-1.954368114,-0.482692987,9.440995216,1.728987575,6.605187416,-1.091142178,-1.197387815,1.952937484,2.589270830,-6.266749859,3.941149950,2.911002874,1.513714314,-1.262051225,0.648925245,1.832618594
281,5619.990,1786752491343.015,29449265.415,0.000000000,-0.709230900,-6.894147396,-9.911860466,3.695707798,-2.878370047,1.032091260,4.293179512,-3.097391367,-8.429726601,-1.394622564,-0.232180864,-0.264693111,-17.931205750,2.479413033,-7.455609322,10.503172874,-1.599998713,3.426545382,0.820386052,-0.546986163,3.184573650,2.150911570,-3.997000933,3.148656130,6.084858894,-1.297484159,-1.724484563,0.359371424,1.609894276
282,5639.989,1786752491363.014,29449285.414,0.000000000,-0.275681078,-5.644848347,-5.547452450,2.050822735,-2.668550253,2.756711721,5.834630489,-3.185786724,-10.006296158,-1.086805940,1.252259612,2.455059528,-21.871940613,7.093050957,-2.232660294,8.245976448,-2.185338020,-1.689153910,-0.644109786,-1.449673772,4.305485249,0.492193341,-4.928350449,1.580062985,6.479584694,-2.971625805,-2.163609028,-1.449256182,1.360920906
283,5659.989,1786752491383.013,29449305.413,0.000000000,0.299032629,-2.126065254,2.280709267,0.358910531,-4.367951393,2.302947044,0.392146736,-2.194224834,-0.585628569,1.554753423,6.890978813,0.704103351,-9.537006378,2.842113018,5.186360359,1.215689063,0.655801475,-4.303557873,-0.922367275,-2.540641069,3.623370647,-1.833353043,-3.374312878,-1.289291143,3.142290592,-4.233531952,-1.866584897,-3.484911203,0.103904121
284,5679.988,1786752491403.013,29449325.413,0.000000000,-1.980520368,0.018857660,2.888329506,4.240366936,-6.165137768,1.087047577,-4.235330582,-2.411917925,1.695363641,3.573133230,2.878405333,-1.172865391,-0.239006981,0.049746517,2.959380627,-3.130844355,1.882089853,-3.238014460,-0.259539992,-2.250863791,1.789756298,-2.667907715,-0.251317173,-4.303145885,0.107632928,-3.347546577,-0.381988287,-3.085153818,-1.040338874
285,5699.988,1786752491423.013,29449345.413,0.000000000,-3.826569080,0.672601461,-1.645801783,7.830787659,-4.283077717,0.091015063,-2.698881865,-2.465816021,-1.193283319,0.587686479,3.162198067,-1.678259611,-0.486412138,0.142586619,-1.346418023,-2.537893534,1.231799126,-1.159759045,-1.822271347,-0.628382146,0.159411222,-1.502420783,2.152415991,-4.943543911,-0.330702513,-2.156713724,0.496012658,-0.969984949,-1.803884029
286,5719.988,1786752491443.012,29449365.412,0.000000000,-2.578454018,2.262945652,-2.231271982,5.946431637,-0.905036151,0.014868760,-0.843985558,-3.160125494,-4.153139591,-1.464513659,7.046415329,-1.211345792,-0.389158696,-0.461473227,-1.811347604,-1.929414988,0.566458583,0.450947970,-4.155002117,-0.653655469,-1.026020050,0.106689550,2.987567186,-4.389028072,-0.054346886,-1.633178473,1.450862288,0.621291339,-1.952476263
287,5739.988,1786752491463.012,29449385.412,0.000000000,-0.348518491,4.062415600,-0.727609813,2.039121151,0.430786312,0.183341205,0.064692177,-1.877917171,-3.444450378,-1.514985800,-2.993694305,3.449578047,0.506263733,-1.104871631,-0.696295261,-2.748372793,-0.046168696,0.427203745,-4.138142586,-1.509217620,-3.021016359,1.080101371,3.017258167,-3.486609459,0.419906199,-1.617418647,2.407100677,1.331720352,-1.447183371
288,5760.009,1786752491483.034,29449405.434,0.000000000,1.809076905,3.663702250,1.310375571,-0.374424875,0.262524933,-0.058532678,0.825490773,-0.009091013,1.266393542,-1.852248788,-3.099939346,0.583334267,-0.251205653,-0.958534420,0.891738653,-4.188170433,-0.783263505,-0.441829741,-2.759937286,-1.231001019,-3.252267599,1.144091725,2.295161009,-2.243514776,0.240658045,-1.925931573,2.135073423,1.116229773,-0.473534465
289,5779.992,1786752491503.017,29449425.417,0.000000000,0.962878823,1.881631613,0.903101623,-0.555217981,-6.273141861,-0.668945491,1.672751307,0.964544356,3.568625212,-2.916542292,-3.982012033,-2.854328871,-2.819258451,-0.486264855,0.261214465,-4.963697910,-0.869286418,-1.261941671,-1.215602160,-0.215798184,-2.606984615,0.861788392,2.084458113,-1.296006083,0.018931618,-2.195781708,0.913488865,0.626856267,-0.055097107
290,5799.991,1786752491523.015,29449445.415,0.000000000,0.015293603,-0.916811705,0.492084533,0.645874918,-4.146351814,-5.184370041,2.650396585,-0.470501781,2.493312359,-2.111087322,-0.245297208,-1.397059441,-4.706785202,1.094514847,1.370974183,-6.803298473,-0.960902214,-1.791981459,1.231850028,1.404374599,-1.170867682,0.206997484,1.446506381,-0.838917911,-0.154629603,-2.256977558,0.135401204,-0.088726781,0.156641021
291,5819.992,1786752491543.017,29449465.417,0.000000000,-1.525464654,-1.884128213,2.509702921,1.485822201,2.403564930,-8.390458107,0.960754454,-1.089176536,4.238648415,-3.185504675,1.249357343,-0.935096681,-3.253206491,-0.654911160,0.186082885,-6.901399612,0.108692966,-1.109191895,2.475732327,1.619365096,-0.002124408,-0.392066777,1.589824796,0.536716402,0.151924789,-1.308562994,0.709823906,-0.852915943,0.312530935
292,5839.992,1786752491563.017,29449485.417,0.000000000,-2.587606192,-2.264269352,3.993632793,3.343400478,4.691997528,0.584610760,-1.514967203,-2.350784540,2.759630680,-4.000197887,2.671545029,-2.254437447,-0.932383895,-1.924097419,-1.731378078,-5.124646664,0.708683133,0.101851724,2.245208979,1.372678280,0.260304868,-0.528173506,1.869427443,1.650614142,0.698659778,-0.356093019,1.223140478,-1.104435802,0.798312068
293,5859.991,1786752491583.015,29449505.416,0.000000000,-2.008669853,-3.063608885,3.682548285,4.296614170,9.110181808,0.412889779,-1.543030262,-3.889069080,-0.875210285,-5.566205978,3.393033028,-3.760091782,-0.231778532,-1.957897305,-1.838851213,-2.476798773,1.438119054,1.473533154,1.084181190,0.408419549,-0.482191980,-0.087912753,1.626549482,2.050500631,1.253375053,-0.009297224,0.602549732,-0.964548886,1.380209088
294,5879.991,1786752491603.016,29449525.416,0.000000000,-0.280583143,-0.490646631,-2.233893156,5.473870754,-2.357268810,3.035630703,0.810357034,-0.994786799,-1.506432295,-4.903032303,6.336637974,-3.833786011,-2.280686378,1.854683042,-2.349498034,-0.040886048,2.207896471,2.201410532,0.238277480,0.028492909,-1.552470207,0.957568288,1.313987374,0.784428060,2.205777884,-0.469579279,-0.231497258,-0.900696099,1.621185541
295,5899.991,1786752491623.015,29449545.416,0.000000000,2.777692318,2.060839653,-7.926269531,3.012977362,-3.380809069,3.144581795,1.190259814,-0.841556847,-5.544300556,4.216534138,1.670913577,1.345837593,-3.990303278,3.205858231,-0.855849624,0.368702590,3.794511080,2.298976660,0.561789513,-0.165073514,-2.357749939,1.854763150,0.959594071,-0.787388086,3.056203604,-1.104436040,-0.111128159,-1.217076063,0.938562930
296,5919.993,1786752491643.018,29449565.418,0.000000000,3.296877146,4.706264019,-4.362833977,-5.769095421,3.240963697,2.389816284,1.405921817,-0.254224151,-2.069902182,10.150794029,-3.083396196,2.586506844,-3.138000727,2.081773996,1.004531264,-0.989029646,3.625419378,1.728697181,2.495534658,-0.718618453,-2.631973743,1.776434183,2.177503109,-2.836369038,2.726943254,-2.685352325,0.115492515,-1.023193955,-0.420662016
297,5939.995,1786752491663.020,29449585.419,0.000000000,0.923446178,4.906620979,2.173230648,-2.815601349,-1.287637353,-0.481299907,0.399921298,-0.849299371,0.352224052,7.942439556,-4.060081959,2.107156038,-0.650826633,0.975974739,-0.387921512,-1.078447461,1.490134716,0.673360348,3.152786970,-1.507411361,-2.112944841,1.166910052,4.272474766,-4.824067116,1.383483887,-3.800493717,0.351445943,-0.407032847,-1.397204041
298,5959.996,1786752491683.021,29449605.421,0.000000000,0.580870986,4.007274151,4.634544849,1.199680924,-3.313521862,-3.031350374,0.951794744,-0.009193558,2.519775152,5.219088078,-3.956265450,1.440899134,0.973568320,-0.546699047,0.226879537,-0.976011038,0.368465543,0.004717670,2.709192276,-1.642010093,-1.802777529,0.642930508,4.590310574,-3.960245848,0.009503076,-3.157525063,0.717151821,0.343213588,-2.543483019
299,5979.995,1786752491703.020,29449625.419,0.000000000,0.173624456,1.320486307,3.683106899,-0.863344014,-1.578045726,-5.759179592,0.088479400,0.161756650,1.347001553,3.410204411,-4.606373310,1.346960068,0.929747701,-2.519263029,-0.657246828,-0.270577848,0.079048909,-0.668810308,2.175465107,-1.423103929,-1.481687903,0.074382260,4.343157768,-1.418422341,-0.703443944,-2.056755543,1.096652389,0.967321038,-2.686376572
300,5999.994,1786752491723.019,29449645.419,0.000000000,-0.118416682,-1.216822863,3.129421711,-1.509258151,-1.895540476,-0.459303945,-0.910889924,-0.420990020,-0.105426550,1.892771363,-4.265332222,0.790154278,0.931169510,-3.710976601,-0.746101558,-0.086364739,-0.080685429,-0.958533704,1.700024247,-1.355204582,-0.992596984,-0.415413380,3.686950684,0.319133729,-1.332336903,-1.525116444,0.588684320,1.035555363,-2.285737038
301,6019.994,1786752491743.019,29449665.419,0.000000000,0.533419847,-4.639392376,2.155926704,-2.144166708,0.000201469,0.122934639,-1.949959159,-1.745928168,-0.134767920,-0.169675663,-3.532542229,-0.251273781,1.504263401,-4.935324192,0.816496372,-0.084964119,-0.331964076,-0.717666388,0.502987862,-1.140103817,-0.185451522,-0.887772918,1.994203091,1.859512568,-2.043198347,-1.223739862,0.308820307,0.912259221,-1.527110934
302,6039.993,1786752491763.017,29449685.417,0.000000000,-0.413713694,-4.479909897,-2.043967724,-0.294177353,-0.513433039,0.392021805,-0.839002252,0.004657334,-0.576411366,-2.608743668,0.868425786,-0.162834778,0.464280009,-1.889839292,1.131840944,0.964328051,-1.225552082,-0.204904988,-0.662238121,-0.089013293,0.047865041,-0.924340725,-0.106839694,1.079300404,-2.325537443,-1.621389270,-0.028844904,0.957804799,-0.447655976
303,6059.988,1786752491783.012,29449705.412,0.000000000,-0.476694942,-1.139658809,-6.327906132,2.947060823,-2.796730757,5.012438774,0.943971694,0.617552459,-1.962124825,-2.650484562,6.736065865,3.278378963,-3.482060671,3.811068535,1.940065622,1.728378057,-1.955842137,-0.637833178,-0.945198536,1.648248792,0.032873854,-0.403856248,-2.385179281,-0.786726534,-1.966609120,-1.630527854,-0.585513651,0.859041631,-0.038063351
304,6079.988,1786752491803.013,29449725.413,0.000000000,-1.128043056,2.878723383,-4.271648407,2.108142614,-2.420306206,3.422091246,0.374841720,-2.524013042,-4.804755211,-2.970887661,7.290319920,1.159559369,-3.607152224,4.101908207,1.110892892,1.733747244,-1.024317741,-1.848265409,-0.178480193,2.293434858,0.105238356,-0.255179495,-3.303215981,-0.969419003,-0.368810624,-0.616331995,-0.154716209,0.608111262,-0.199620098
305,6099.992,1786752491823.016,29449745.416,0.000000000,-1.470289707,4.192979813,-1.182842970,0.342939436,-0.899631560,2.662847757,-1.160027385,-4.282787800,-4.167916298,-2.898615599,5.482333660,0.702935219,-2.011456013,2.110987186,-0.560262263,1.849898815,-0.238529220,-2.208504200,0.787229836,1.390512228,0.227143019,-0.394339085,-3.006239414,-0.201540366,1.216324568,0.355500787,0.420439154,0.600844026,-0.295252860
306,6119.990,1786752491843.014,29449765.414,0.000000000,-0.961531341,3.406276941,0.681776702,-1.452334166,1.865935445,2.032036304,-1.711985946,-3.456516504,-2.109078646,-2.978787899,2.459190607,0.080104202,-1.089386582,0.692839205,-1.732935786,2.134503365,-0.107006721,-1.773338914,1.170296311,0.449411690,0.533154964,-0.444722027,-1.920358658,0.493818045,1.816534877,0.543475688,0.201440692,0.636144757,-0.153978333
307,6139.989,1786752491863.014,29449785.414,0.000000000,-0.214078650,3.319583893,2.671054602,-4.630524158,3.629897356,0.794165015,-1.185532808,-0.826653481,0.120050676,-1.626838326,-1.774709582,0.479366183,-0.452453405,0.391053140,-1.060234547,1.695968747,0.254858971,-1.309127569,0.511166334,0.060949609,0.971943676,-0.310513169,-0.685589015,0.389913350,1.438383102,-0.265051484,-0.168933108,0.487182707,-0.085944749
308,6159.991,1786752491883.015,29449805.416,0.000000000,0.505185843,3.493825912,0.781929731,-1.675248623,-4.814379215,-3.133591175,0.245958045,3.911815643,4.740981102,9.879593849,-0.366309077,-1.635403037,0.045788299,0.963686466,2.156749964,-0.593211710,1.134697437,-1.603116035,0.561543763,0.299288064,1.055127501,-0.159672558,0.290782034,0.102623083,0.621433616,-0.796578348,-0.575217009,0.060758647,-0.555143416
309,6179.990,1786752491903.015,29449825.415,0.000000000,0.990677655,1.301277161,2.293378830,-1.840600371,2.788404942,-8.110993385,-1.099286437,4.445737362,5.102458954,8.680060387,-2.314634085,-1.734273434,4.487768650,-2.709927559,0.584069729,-1.717237353,1.336592197,-1.387737751,1.908518076,0.048862610,1.294542074,-0.453568071,2.132108688,1.850260139,0.396290928,0.375351727,-0.056479495,-0.058031004,-0.948594213
310,6199.990,1786752491923.014,29449845.414,0.000000000,-0.888930798,1.090993643,3.282257557,-1.849318266,3.190666437,-0.364331394,0.170920298,3.596601248,0.902680755,4.812399387,-5.201431751,-0.278509825,4.678277016,-3.525763512,-0.928085506,-1.017699957,0.527163208,-0.273300678,2.332228899,-0.255009234,1.127415657,-0.080583021,1.997078657,2.375282526,0.666078389,0.822342217,0.037130639,0.253194004,-0.200564086
311,6219.991,1786752491943.015,29449865.415,0.000000000,-3.261281013,-0.224904999,1.513563156,0.205511704,0.606346488,2.395437479,0.239956021,2.351002693,0.118544877,0.599578381,-3.448844910,4.100182056,1.837995887,-1.911083221,-1.090678215,0.426087111,0.025160797,-0.113188237,1.066205263,-0.640834093,1.027229309,0.723170519,0.597944081,0.617915928,0.423686653,0.021365782,0.004092693,0.150707543,0.640294611
312,6239.990,1786752491963.014,29449885.414,0.000000000,-3.736662626,-1.892412663,-1.904896379,2.929472685,1.418573976,1.797927737,0.744135618,1.008275509,-0.540171742,0.571240246,-1.964330792,1.066175818,-0.894968867,1.141292453,0.373199791,0.695363343,-0.288483351,-0.736912131,0.386035413,-1.160675764,0.818506658,1.118634820,-0.653221250,-1.459785223,-0.023047872,-0.667737961,0.008870053,-0.064804122,0.822548628
313,6259.994,1786752491983.018,29449905.418,0.000000000,-3.498704910,-1.151314497,-3.805785894,4.221846104,-1.331069469,2.919609308,0.367766887,-2.455361128,-3.608833551,-1.131357551,2.846765995,-0.139274403,-1.073622108,2.703820944,-0.443282634,0.428774536,-0.018184785,-2.252731323,0.632093728,-1.168457747,0.739744008,0.932412028,-0.400465101,-2.537768364,-0.581489027,-0.202864096,1.080938458,-0.565580428,0.532326698
314,6279.993,1786752492003.018,29449925.418,0.000000000,-1.219166636,0.491247386,-3.533683300,2.709576130,-1.899817586,2.445275068,0.291579098,-5.045174599,-4.690405369,-3.287174702,6.184813499,-0.032439064,0.581796646,1.694923282,-0.905998409,0.353787899,0.755527079,-2.303479195,0.511172533,-0.443545491,0.862316251,0.605578482,0.060622957,-1.571882129,-0.780810118,1.345533729,1.217803836,-0.495889753,0.433979064
315,6299.990,1786752492023.014,29449945.414,0.000000000,-1.015324116,0.460843146,-2.092239618,1.031595111,2.164021969,-3.379975557,2.290605545,-4.682256222,-5.113157749,-10.948909760,-6.510041237,-3.872519493,1.192130327,0.115450256,-1.463127971,1.374924660,1.492940664,-0.893454492,0.081685975,-0.054192029,0.336603492,0.361820787,0.012303917,-0.013977094,-0.368119270,2.836422443,0.508266866,-0.078203648,0.727518082
316,6319.989,1786752492043.014,29449965.414,0.000000000,1.431841731,-0.132614627,-0.997102559,-0.249041364,3.896675110,-0.245565012,3.005921841,-0.048846778,-0.227557406,0.979153156,0.139512122,-2.659071922,0.482394427,1.339164495,3.199722052,1.330297470,2.396373034,0.915079415,-0.561483264,0.315851539,-0.145761594,0.595671594,-2.392129898,-0.302826107,0.524986088,2.298762321,0.060432039,0.318820566,0.929316640
317,6339.989,1786752492063.014,29449985.414,0.000000000,1.997012496,-0.001252063,-0.235402331,-1.822298050,6.465208530,-0.845054626,0.654644072,2.397881031,2.341961384,9.447866440,2.521605730,-0.495991260,0.941458583,0.161403477,2.657575607,0.934194982,3.393368721,0.751684546,-0.012107854,0.239134416,0.181616113,0.619272888,-1.727556229,0.060425170,0.768498659,1.336870909,-0.030992555,0.151189402,0.220015392
318,6359.988,1786752492083.013,29450005.413,0.000000000,0.508684933,0.737700939,1.904563785,-3.002793789,7.388532639,-1.848634720,-1.440044880,2.599217892,2.102036715,7.436362267,-0.722194314,-0.072992697,2.717624664,-2.294719696,-0.621853828,0.562701523,2.909310341,0.905376792,1.763380408,-0.139953971,0.036229804,0.188291460,0.460613430,0.491003811,1.042761087,0.893821478,-0.020641891,-0.050931334,-0.662442744
319,6379.990,1786752492103.014,29450025.415,0.000000000,-0.499719203,-0.068707846,2.804337502,-1.799675465,2.157124043,-0.190713540,0.049615271,1.383798361,0.342123091,2.435766459,-2.446899891,0.009270579,2.420994997,-3.072002888,-1.092778325,0.622761011,1.628213644,1.881859422,2.539936066,-0.764900982,-0.034602694,0.319773078,1.038349390,0.117744729,1.123867869,0.380149037,-0.013229485,-0.149306208,-0.584180772
320,6399.990,1786752492123.014,29450045.414,0.000000000,-1.021757722,-1.308930516,1.878775358,-0.382785976,1.213162661,2.259055138,1.187952280,1.035874724,-0.646461844,0.491770834,-1.844058275,0.040978022,0.984160841,-1.524073362,-0.735420823,1.559909105,0.739437580,1.615659952,1.334207416,-1.003031492,0.086499661,0.855698824,0.367834508,-1.217952967,0.643454432,-0.104102075,-0.014459490,-0.454720557,-0.059310522
321,6419.989,1786752492143.014,29450065.414,0.000000000,-0.974375784,-1.469051361,0.952112079,0.278678894,0.804223657,1.590186834,0.871612489,1.252783060,-0.509397447,0.080744974,-0.795744777,0.007419105,0.232181147,0.267767072,-0.402229428,2.059010983,0.193307310,0.373088092,0.383483142,-0.916811407,0.087264225,0.828352094,-0.721518159,-2.365356445,0.042030554,-0.056327723,-0.013052770,-0.674557865,0.037834235
322,6439.989,1786752492163.014,29450085.414,0.000000000,-0.088351533,-1.207400203,0.535710454,0.069416568,1.862553954,1.849962234,-0.574823201,0.866742671,1.180036187,-0.467232168,1.342670202,0.546787500,0.086580835,1.856850266,0.892295539,1.238545656,0.006732118,-0.843144238,0.023680104,-0.707858264,0.015424157,0.439818025,-1.231459618,-2.891911745,-1.036605835,0.248912156,-0.249345094,-0.663759530,-0.138456702
323,6459.997,1786752492183.021,29450105.421,0.000000000,0.059527554,-0.155475378,1.062453508,-0.614269435,2.530146360,1.617465734,-1.452076912,0.113529682,0.937972009,0.881975293,1.493347287,-1.110061049,1.153799057,1.350938797,0.783436894,0.023885554,0.827324927,-1.496172547,0.287407964,-0.141386345,-0.164396390,0.049156688,-0.524517298,-2.175128222,-1.752838135,1.303582191,-0.562148690,-0.589653611,-0.617637753
324,6479.991,1786752492203.016,29450125.416,0.000000000,0.319544584,0.140121147,1.354875207,-1.872582674,1.118849277,0.502708435,-1.152757645,-0.535674632,-0.168232426,2.583519459,2.021950245,-1.599878907,1.612360239,1.037848711,0.018349998,0.843729734,0.920966744,-2.731159925,-6.360823154,-1.040782452,-1.766136050,-0.724678814,0.440120161,-1.581263781,-1.877622843,1.907955885,-0.741104782,-0.213383526,-0.956817508
325,6499.992,1786752492223.017,29450145.417,0.000000000,-0.474770218,0.665523350,1.950564623,-1.629387379,1.656460762,0.936797440,-1.044467211,-0.276259869,-0.256792068,3.283824444,1.576190114,-1.036132693,2.310459375,-0.056631561,-1.700827122,-0.687774181,-0.325864524,-2.968024015,-5.002678871,0.297762871,-2.982799530,-1.371059656,1.047550440,-0.531283677,-1.167503119,2.949909925,-0.736606777,-0.002451814,-0.788509369
326,6519.995,1786752492243.019,29450165.419,0.000000000,-0.278801948,1.644920230,2.323941469,-1.735787868,-1.869627357,-0.266892612,-1.405533791,0.254890800,0.968051434,0.835516155,1.061040640,0.679859877,2.654933691,-1.189432621,-1.983838320,-2.069563150,-2.165129900,-1.705604672,-1.005320191,0.579211473,-3.432623148,-2.127311707,0.463446856,0.079353720,-0.302060664,3.464253426,-0.680328965,0.023114955,-0.225160062
327,6539.993,1786752492263.017,29450185.417,0.000000000,0.721117854,2.178972483,2.804210901,-2.066233158,-2.222411394,-0.639541566,-2.167801619,0.401348561,1.407840848,-1.304857373,0.181252226,0.036040973,-0.670235753,3.254406452,-1.191043019,-6.127573013,-11.518267632,-0.343254566,10.271451950,0.695986867,2.579495192,1.251001716,-2.903418303,-1.677367449,-0.086169466,-0.455222666,-0.969757617,-0.908262253,0.065905012
328,6559.992,1786752492283.016,29450205.417,0.000000000,-14.561526299,-1.020778298,-5.517393112,19.394298553,-3.764566183,-0.794480503,-14.934450150,-0.279582947,1.492539406,19.003162384,-5.827642441,2.007408142,4.198717594,-0.765427649,-7.809294224,-1.298012972,1.824482083,-3.823009253,3.040726662,-2.367194653,-0.417425722,1.933885336,2.156937838,-1.907968044,0.287689418,0.972737193,-0.550589204,-3.190422058,-2.431472301
329,6579.990,1786752492303.014,29450225.414,0.000000000,-5.995049000,2.399266481,2.194538593,14.909799576,0.457428843,-4.742559910,-3.876286983,2.378247738,7.996342182,6.394561768,-1.738635421,-0.711693108,13.197933197,-2.268763542,2.978825808,-7.892982960,3.552232742,-7.568867683,7.886838436,-3.518561840,0.021323403,1.239810586,1.147418022,-6.778465271,-0.392685175,3.607652903,0.006087155,-5.583051205,-3.902565718
330,6599.989,1786752492323.014,29450245.414,0.000000000,-7.254533291,1.300263882,-2.250931025,12.505462646,-1.025761962,-3.294906855,-4.991184235,1.428426027,6.436197281,0.455184460,-0.369344294,-0.613525331,16.027816772,-5.629078388,3.208878279,-7.510209560,2.955012560,-5.789805889,7.127132416,-3.016226530,1.338099122,0.110661946,0.512653530,-6.915760517,0.022197893,6.115453720,0.730685353,-3.203301668,-1.384107351
331,6619.989,1786752492343.014,29450265.414,0.000000000,-5.032407284,2.604690790,-11.737626076,10.382114410,-2.511206150,-2.390907288,-1.116175771,1.904054761,-4.932844162,6.917253971,-4.950188637,0.805577934,3.492508173,0.197537154,3.807538748,-2.789536715,3.672580242,-0.112933941,3.413415194,-1.429297566,1.314336061,0.707601070,-4.905127525,-6.582859516,3.513830185,7.439662457,0.604918182,0.115821913,1.270024061
332,6639.992,1786752492363.016,29450285.416,0.000000000,-5.557544708,3.277011633,-8.899544716,4.399541855,-3.227394342,-0.783322394,1.828954816,1.743936300,-1.365953207,1.730006337,-3.994172096,0.993173063,-3.966566086,0.748916268,0.446366996,2.174296856,5.574129105,2.165043831,0.905586481,-1.037494421,1.627464175,1.441250086,-5.915240288,-3.055791378,4.250312805,5.470217228,1.514808059,1.597588658,2.080143929
333,6659.990,1786752492383.015,29450305.415,0.000000000,-0.569684744,3.338151693,-2.321030855,1.994102955,-2.889212370,-0.278700352,0.623611331,-1.380342841,-3.447413683,7.918128490,-6.002926350,-0.063936442,0.136599869,1.773251414,2.988277674,3.613475323,3.772694826,2.634028912,-0.715404510,-1.666062236,2.632194757,1.669124842,-3.875391722,-2.183387518,1.728316665,1.230655909,2.731126070,1.514261723,0.828860581
334,6679.989,1786752492403.014,29450325.414,0.000000000,-2.334358454,-0.413981766,-2.394358873,5.626737595,-2.836371899,0.358998418,-0.628256321,0.361421227,0.535167336,4.313056946,-4.675653458,0.471873134,-1.342276454,1.073853612,-0.298247933,6.134586811,2.008072615,2.298120260,-1.383703589,-1.588950276,1.951775312,1.494101882,-1.239465117,-1.349906325,1.316563606,-0.230501384,2.079005003,0.621074378,-0.284810483
335,6699.989,1786752492423.014,29450345.414,0.000000000,0.076900139,-0.962490439,-1.064228535,5.201394081,-3.177900553,0.893124342,-0.073297381,0.623547733,0.835940242,4.769922256,-2.628174782,0.991140068,-1.204181194,2.011396885,0.254154772,6.512295246,0.498616487,1.950546861,-1.422286630,-0.404652655,1.441079021,1.193698883,-0.461091876,-1.001770735,0.701439202,-0.207558528,0.569355786,0.109469615,-0.140978321
336,6719.995,1786752492443.020,29450365.420,0.000000000,1.584055781,-2.274870157,-0.370641410,4.090878487,-4.960545063,1.919545770,1.410216808,0.044502374,0.862744093,2.489829779,-1.528560996,1.100311995,-2.255110502,1.651717663,0.364194870,6.506519318,-0.262713581,0.928347826,-1.701362848,0.869992554,1.179517031,0.578903556,0.354047388,0.143512174,-0.025146615,0.406001180,-1.561927557,0.217726842,0.185163379
337,6739.991,1786752492463.016,29450385.416,0.000000000,1.948341370,-1.648924351,0.671331048,1.789904714,-3.794209242,2.326102972,1.417167544,-0.004870607,1.852654815,0.800063014,-0.590837896,1.141035438,-2.104526758,0.328011006,0.007450083,5.961803913,-0.368628114,0.060824979,-2.209108114,1.371307731,1.126020908,0.066083156,0.931746721,1.195433378,-0.291053325,0.762075007,-2.841971159,0.638482034,0.105313860
338,6759.991,1786752492483.016,29450405.416,0.000000000,0.849166453,-0.947401524,-0.232341334,0.318534464,-1.965377569,2.191613197,0.933996260,0.392749012,2.092572451,-0.726859391,0.316040188,0.930726230,-2.586183071,-0.005170109,-0.880040169,4.842733383,-0.898952842,-0.468465000,-2.170207500,0.718854129,0.657151222,-0.286000550,1.478767157,1.245848298,-0.177573934,0.221700311,-3.225390434,1.153462172,0.021138152
339,6779.992,1786752492503.017,29450425.417,0.000000000,0.089238137,0.779595554,-0.895686090,-1.258927822,0.102187708,1.477443218,0.838376999,2.376401186,4.542654514,-1.053157210,1.319029570,1.754749298,-2.920458555,0.812116444,-0.572996438,2.787485838,-1.665568113,-0.393579125,-1.460353494,0.228940189,-0.148748934,-0.907443404,1.198975444,0.522941589,-0.028428193,-0.421786696,-3.517790556,1.101099133,0.017475892
340,6799.991,1786752492523.015,29450445.415,0.000000000,-0.377396852,1.713800430,-0.765981972,-1.496584296,1.328654766,0.545557380,-0.329410106,2.306071997,3.832435608,0.980199158,2.877114296,1.645763755,-2.484169483,1.250433564,0.530875266,0.454283386,-1.424619198,0.613498569,-0.261565268,1.447145104,-0.518394172,-1.580792904,0.745604098,-0.513760805,-0.016285576,-1.149492383,-2.612113237,0.894267142,-0.038399991
341,6819.990,1786752492543.015,29450465.415,0.000000000,-1.417338252,0.314088851,-0.015760388,0.431579828,2.545402527,0.243429467,-1.729964137,-2.673730373,-1.437194943,1.426532149,4.244676590,-2.738618135,-1.901865840,0.241446137,0.632258415,-0.715354919,0.270885050,1.146501184,0.939856470,1.742763519,-0.865671754,-1.313256145,0.930218697,-1.506462097,-0.001231348,-1.560954332,-1.438450336,0.608811378,-0.133542612
342,6839.994,1786752492563.018,29450485.419,0.000000000,-1.967528462,1.013084650,1.239718080,1.507972002,2.933658123,0.424203873,-1.747134805,-4.479727745,-3.402944803,2.046473265,-2.244014025,-0.279026926,-1.183167458,0.213793725,0.306124181,-1.458061695,0.504256666,1.102993488,1.001598597,0.245794207,-1.063062072,-0.386111408,0.870841086,-2.180981636,-0.002740815,-1.704031110,-0.996892691,0.613645315,-0.267220914
343,6859.993,1786752492583.017,29450505.417,0.000000000,-1.470198035,1.643387198,1.800817728,1.270202994,2.211391926,0.918055892,-1.496014833,-3.903373718,-2.263139725,1.281856894,-1.326529145,1.758540273,-0.735936344,0.265743703,-0.071683899,-1.527655244,0.550755322,1.015308261,0.050254732,-0.223723099,-0.786085486,0.198597461,0.476829648,-2.021285772,-0.074206449,-1.787495017,-0.482661515,0.794403970,-0.337737173
344,6879.992,1786752492603.016,29450525.416,0.000000000,-0.930801332,1.863141298,1.569978952,0.726462424,0.811092079,0.706324637,-1.531524301,-1.752198935,0.496878147,1.189568162,-0.774961352,1.886419177,-0.687703788,0.576890528,-0.379586518,-1.621613383,0.549079299,0.483466893,-0.688198209,-0.495870024,-0.939106524,0.562454104,0.086985558,-1.523465276,-0.089314826,-1.769851208,-0.031485170,0.800808847,-0.629950464
345,6899.989,1786752492623.014,29450545.414,0.000000000,-0.699993551,1.386829734,1.056051016,0.276496768,0.156242743,0.295234472,-0.757601261,-0.527039051,2.195765972,0.282610595,-0.575040221,1.719855666,-1.228767514,0.871998429,-0.403722048,-2.002501726,0.357180476,0.013343750,-0.855094135,-0.103283718,-1.154876471,0.557541132,-0.027176889,-0.960970938,-0.023483066,-1.558527589,0.379003167,0.632605791,-1.041521311
346,6919.994,1786752492643.018,29450565.418,0.000000000,-0.463197857,0.745874465,1.048988461,0.369630873,-0.074239291,0.095560074,-0.168118700,-0.852769077,2.332371235,-0.351567179,-0.761615932,0.536291003,-1.400961161,0.564545691,-0.244020015,-2.660771847,0.312889099,-0.353844374,-0.355670959,-0.383445770,-1.441196084,0.501802027,0.028986579,-0.413133949,0.177342042,-1.217797041,0.552150071,0.456635445,-1.289079785
347,6939.992,1786752492663.017,29450585.417,0.000000000,-0.451134235,0.840933383,1.153876662,0.086586244,-0.164508700,0.019455243,-0.008644871,-1.241620898,1.937108874,-0.926803172,-0.812171519,-0.769273937,-1.142065883,0.191410527,-0.320819885,-3.248167992,0.298001021,-0.506567180,0.350297213,-0.748900294,-1.400881529,0.396169215,0.087831616,0.050262157,0.566663325,-0.760903776,0.371626139,0.341435730,-1.251938462
348,6959.992,1786752492683.016,29450605.416,0.000000000,-0.463676870,1.154745698,0.895030797,-0.226003006,-0.005439925,0.025421415,-0.167228669,-1.308255792,1.365119338,-1.004220963,0.177532285,-0.536366999,-0.907803893,0.182008088,-0.281903535,-3.605781794,0.178652495,-0.532247305,1.051498890,-0.816944718,-1.401883841,0.297580093,0.155901060,0.244654104,0.765607059,-0.538219333,0.255723238,0.229274929,-1.062311292
349,6979.989,1786752492703.014,29450625.414,0.000000000,-0.120295487,1.155492902,0.488991767,-0.880931139,0.775289118,0.081330955,0.024860065,-1.373731852,0.911278725,-1.157263398,1.159700036,-0.909685671,-0.921404600,0.052721471,0.141691208,-3.771311045,0.102698915,-0.562629282,1.600786209,-0.706269979,-1.094239950,0.310066342,0.309167147,0.523041725,0.838578582,-0.417730957,0.324639261,0.131724760,-0.790053427
350,6999.993,1786752492723.017,29450645.418,0.000000000,-0.031042546,1.032144308,0.294346809,-1.179206014,1.265579462,0.084186301,-0.393044502,-2.231599092,0.017967252,-1.653343558,1.227193832,-1.499786496,-0.697915912,-0.349076658,-0.081858873,-3.329351425,0.157608017,-0.662326694,1.509288430,-0.540991366,-0.624671102,0.413320631,0.663520277,0.657519519,0.846191943,-0.536534429,0.330232888,0.101607136,-0.483273238
351,7019.991,1786752492743.016,29450665.416,0.000000000,0.569827318,1.093962312,0.081107274,-0.920028567,0.659965754,-0.011880669,-1.277364969,-3.647461176,-1.353328228,-2.449784279,4.894408703,-3.083733082,0.034331512,-0.811166942,-0.084638052,-2.741906404,0.392878979,-0.652443528,0.760965109,-0.443486273,-0.157309026,0.421748966,0.847256660,0.625501335,0.672295690,-0.804244518,0.408771515,0.019050959,-0.116259232
352,7039.990,1786752492763.014,29450685.415,0.000000000,0.540738046,1.190726876,-0.896681130,0.865710497,-6.627264500,-2.019176483,-1.998434782,-3.412723064,-4.200930595,1.054277301,3.399732351,-1.122889996,0.164947167,-0.238445967,0.706119657,-2.455959797,0.582867146,-0.420859754,-0.053385124,-0.379900098,-0.059898254,0.419105113,0.508074343,0.366004854,0.467310160,-1.128389478,0.613858283,-0.052629381,0.010138661
353,7059.989,1786752492783.014,29450705.414,0.000000000,0.180253521,0.950417519,-0.431801528,3.373570442,-2.295387745,-3.485445499,-1.335117102,-1.176799178,-4.226728439,5.523697376,-0.493815750,1.191440940,1.009213328,-0.507619977,2.604643345,-2.411271095,1.048344970,-0.065350331,-0.641309023,-0.107346378,-0.051230218,0.472044349,-0.140183300,0.854634762,0.138301283,-1.353720188,0.591804147,-0.051514052,0.148089588
354,7079.990,1786752492803.014,29450725.414,0.000000000,-0.533690512,0.340516299,0.818086445,3.231868744,0.137286097,-0.098921962,-1.248792052,1.040710092,0.103597417,2.967005730,-2.264428854,0.747745097,1.460267067,-1.771279693,1.609619975,-1.026029468,1.036476254,0.182050794,-0.696174383,0.194375619,-0.024802893,0.411092788,0.129729122,1.820554137,0.168662548,-1.300500512,0.415699750,-0.125595883,0.350267082
355,7099.989,1786752492823.014,29450745.414,0.000000000,-1.752965569,-1.117149353,0.865029156,2.113976240,1.206663847,0.041338064,-1.681190491,0.211985633,1.616865635,1.763203740,-3.078691959,1.206592202,0.153629988,-2.459964991,0.427131295,0.263890237,0.668047965,0.098808564,-0.683893144,0.750929654,0.288135409,0.273242801,0.898058116,1.972486973,0.068794951,-1.510868192,0.152244359,-0.514730692,0.596028388
356,7119.991,1786752492843.016,29450765.416,0.000000000,-1.460559011,0.262349546,1.358205318,1.385933042,1.878482103,-1.525012493,-1.272591829,-0.077287562,-3.348470211,4.968239784,-1.075764656,1.055991173,0.404371411,-1.494906545,0.065902382,1.469828367,0.212872416,0.007576987,-0.721453488,0.961849213,0.675654590,0.199540913,1.119394541,1.266897321,0.093712986,-1.501997590,0.137894392,-1.044429541,0.849546731
357,7139.990,1786752492863.015,29450785.415,0.000000000,-2.047535419,0.704834402,2.898429871,1.377413630,3.286205769,-3.197843313,-1.030635953,0.047911003,-0.968854368,2.486706495,-2.374132156,0.382244289,0.182063490,-1.517040014,-0.480788380,2.255493402,-0.076890640,-0.182607263,-0.256763339,0.666456521,0.538790762,0.194728285,0.884493947,0.566689789,0.018950045,-0.917595327,0.745016277,-1.480949879,0.816899300
358,7159.989,1786752492883.013,29450805.414,0.000000000,-2.914537191,-1.447528481,1.095467567,2.880871058,2.577932119,0.599829972,-0.407474369,-1.900372505,0.133807704,-0.108899280,-0.741345406,-0.128453821,-1.119910479,-0.387349427,-0.925839245,2.408256769,-0.527776122,-0.832689583,0.309897214,0.061896797,0.352306813,0.336540729,0.605078399,-0.984684885,-0.148541003,-0.314087301,1.533150077,-1.659958720,0.604834080
359,7179.990,1786752492903.015,29450825.415,0.000000000,-2.734368563,-0.871512413,-2.028964996,3.614474535,-0.803052306,2.835300207,0.592202663,-1.840749741,-1.422323108,-2.862482548,4.336622715,0.634362400,-0.733032823,1.238238811,-1.684804797,2.458226204,-0.663577020,-1.406048417,0.993102729,-0.164050937,0.151090100,0.546076059,0.257183492,-1.563426018,-0.096075833,0.880930185,2.066329718,-1.707397461,0.529956818
360,7199.990,1786752492923.014,29450845.415,0.000000000,-0.177798420,-0.196273968,-4.628395081,2.391219378,-2.954895973,2.212777138,0.455675006,-2.185296774,-1.538392663,-4.128970146,6.193830967,1.777611494,0.516206324,0.914398313,-1.782831907,2.546614170,0.068291292,-1.266553402,1.176605463,-0.047693100,0.386346668,0.550267100,-0.546918750,-0.799746215,0.097543232,2.436475039,1.665354252,-1.217407942,0.587987840
361,7219.989,1786752492943.013,29450865.413,0.000000000,2.749658108,-0.549946904,-5.805500507,0.159718752,-2.299476385,1.685070276,1.351944804,-2.929000616,-2.084809780,-5.257881641,5.286710262,1.691282868,0.301186413,0.260569572,-0.592998207,2.641097307,0.649988472,-0.230794132,1.100893378,0.301232934,0.558429718,0.374478668,-1.527706146,0.067574568,0.293273270,3.042974472,0.543124616,-0.503614902,0.645613432
362,7239.993,1786752492963.018,29450885.418,0.000000000,3.275167227,0.711890578,-4.642380238,-3.917936325,2.108945608,0.730438948,1.368315935,-0.902437150,-1.735092878,-4.525024891,-4.184035778,-1.990058780,-0.055405241,0.502891541,0.093913071,2.498225689,0.988488376,0.787687838,1.005235076,0.321866363,0.618660092,0.081299372,-1.916148663,0.055618249,0.422225177,2.171684980,-0.012054163,-0.106539465,0.490839571
363,7259.992,1786752492983.017,29450905.417,0.000000000,2.192410231,1.555091619,-1.380427837,-2.635175705,-2.971375227,-0.929934502,-0.184661850,1.491266370,2.437993526,6.136934280,-0.014107147,-0.998297870,-0.420629263,1.695651889,2.528358459,0.920403659,0.916452765,0.790748656,0.613726318,0.186453313,0.956531525,0.005935486,-1.641757011,-1.647036076,-0.050160032,-0.223239869,-0.295541555,-0.074877910,0.007463438
364,7279.998,1786752493003.022,29450925.423,0.000000000,0.678217411,0.913420916,0.908182442,1.702521682,-0.475653291,-3.442326546,-0.353086323,2.885454178,4.060531616,10.205763817,-0.476961374,-0.914175272,2.444738150,0.422246397,3.270361185,-0.619273126,1.017735481,0.327156097,0.773610353,0.043558244,1.146748900,-0.230860874,-0.121491373,-1.567602038,-0.535875440,-0.748502016,-0.107639343,-0.101317979,-0.835075319
365,7299.991,1786752493023.015,29450945.415,0.000000000,-1.190460205,2.426978588,3.679023504,0.642879307,1.464297056,-0.847557187,-0.441139936,3.740105391,3.325853109,7.068872452,-4.867284775,-0.507339597,4.834933758,-1.473402858,0.761364639,-0.361994654,0.747000039,0.706179619,1.010373235,-0.006146071,0.985497117,-0.450941950,1.224342346,0.062355723,-0.172073141,-0.083212502,-0.014859427,0.219997138,-1.060904264
366,7319.993,1786752493043.018,29450965.418,0.000000000,-2.358765602,1.875293732,4.402608871,-1.663979769,4.881506443,-3.668510199,0.597713411,2.157692909,0.880081892,3.925694942,-5.246407986,0.695611596,4.062119484,-3.120139360,-0.775782287,0.404141396,0.732122362,0.825171828,0.261397779,-0.360318184,1.051060200,-0.322287381,1.571617723,1.431282640,0.000488153,0.013269263,0.010001238,0.463344812,-0.630988836
367,7339.990,1786752493063.015,29450985.415,0.000000000,-3.015296221,-0.552622795,3.826299191,-0.897277296,1.893495560,-3.443762779,1.646738052,-0.161794603,-1.813012600,0.190402135,-4.249292374,1.061922908,1.688929677,-2.887483597,-0.941624880,1.272482038,0.639005780,0.153327882,-1.475811839,-0.873631775,1.300104499,-0.306630999,1.049091458,0.962925136,-0.333100885,-1.063347459,0.013332414,0.667244494,-0.058447119
368,7359.991,1786752493083.015,29451005.415,0.000000000,-3.155957937,-3.339559555,0.247366130,1.467960596,0.480265290,0.946917117,0.330613941,0.005466464,0.849665582,0.026467007,-1.273401499,1.426269412,-2.156213284,1.292140484,1.044497252,1.546706915,-0.389444560,-0.096189864,-2.779713154,-1.520452619,0.860727012,-0.544691443,-0.637752354,-1.533961177,-1.049974084,-2.466219902,-0.010734738,0.610213876,0.722740591
369,7379.990,1786752493103.015,29451025.415,0.000000000,-3.999531507,-2.841587305,-2.230255127,2.784199476,-0.766062796,3.550269127,-0.856383324,-2.569561243,-1.919940710,-1.690173388,2.704211235,-0.301993638,-2.512753248,2.564869404,-1.765214801,1.127782345,-0.173935145,-1.502925754,-1.411991358,-1.521429181,-0.118370481,-0.661647499,-0.472239554,-2.059672117,-0.903788984,-0.814711809,0.757453084,-0.194091350,0.377779633
370,7400.003,1786752493123.027,29451045.427,0.000000000,-2.045524836,-1.103366137,-3.064431190,3.137760878,-2.230833292,3.046002150,-0.695281148,-4.355681896,-2.692946434,-3.434634924,5.884037971,-0.221842676,-0.898671269,1.884143114,-2.664851189,0.347516805,0.627673209,-1.937386870,0.402206272,-0.922026992,-0.835895002,-0.148408860,-0.751742482,-1.142902136,-0.146697804,1.770492315,1.236344099,-0.547274768,0.252683043
371,7419.990,1786752493143.014,29451065.414,0.000000000,-0.528005123,-0.201368436,-2.943704128,2.067598820,0.856202900,-3.408137083,1.199426770,-4.118524551,-3.471150637,-4.524031639,5.559551716,-0.107165866,-0.511700213,1.543685317,-1.683225989,0.028897915,0.984259725,-1.133749485,1.403056264,-0.689613044,-1.177125096,0.085673019,-1.381584048,-0.138138980,0.334983587,3.167877913,0.658361971,-0.380500376,0.395544201
372,7439.988,1786752493163.013,29451085.413,0.000000000,0.962233663,-0.232667118,-0.632469714,0.448393613,1.594152331,-1.460471272,2.001432180,-4.042391777,-3.737999439,-9.572299004,-5.535879612,-3.860869169,0.250299633,-0.544542611,-0.795362294,0.037864946,1.555907249,0.180679664,2.041374207,-0.382085264,-1.210201502,0.366771162,-1.525531530,0.959459901,0.611236870,3.532443285,0.030683104,0.020247599,0.613486052
373,7459.987,1786752493183.012,29451105.412,0.000000000,1.546824336,0.754410565,-1.497476578,-0.643277526,4.351100922,-1.732570767,0.838823855,2.172277451,1.500251770,2.556725502,-0.542601764,-0.255506963,0.202334046,1.617211461,2.454071760,-0.985739648,1.773990870,1.080415249,2.048376322,-0.061165221,-0.875154912,0.663654387,-2.385329485,-0.334460586,0.766616285,1.882126093,-0.120567106,0.066055723,0.625536919
374,7479.988,1786752493203.012,29451125.412,0.000000000,1.974404573,2.126954556,-0.131532967,-2.283597231,6.350749969,-2.352561712,-1.006229877,4.484157085,2.637530565,10.867297173,0.169234037,-1.246960044,2.424856424,0.386364102,2.298606157,-2.548694134,2.232431412,0.481125891,2.656263828,-0.434100628,-0.142536342,0.599140942,-0.267223120,-0.445022494,0.087575942,0.534621477,-0.393440396,-0.109911285,-0.244105339
375,7499.987,1786752493223.012,29451145.412,0.000000000,0.924539804,2.695376635,3.353765726,-2.200537443,2.412765741,2.511342525,-1.361060381,4.809020519,2.958303452,7.637843132,-3.520839691,-1.342837930,5.107567310,-2.544578552,0.488569349,-3.043938637,1.634524703,0.277614743,2.739652634,-0.883776486,0.026555428,0.440386027,2.310265779,0.330427498,-0.434622586,0.066653870,-0.328186601,-0.189054355,-0.910248995
376,7519.989,1786752493243.013,29451165.413,0.000000000,0.272975355,1.247829318,4.820053577,-3.386921883,3.144049644,3.051992655,0.635601401,3.629617929,1.446950793,3.446960449,-4.486730576,-0.252992988,4.494605064,-4.046703339,0.070703059,-2.133445978,0.775159299,0.430340379,1.547085524,-1.283522129,-0.004124351,0.463258982,2.839770079,0.953497291,-0.431633532,-0.002097105,-0.046100568,-0.182532385,-0.846610367
377,7539.988,1786752493263.012,29451185.413,0.000000000,-1.782858372,-1.512643099,3.429260254,-3.324950695,-2.108829737,-2.205515385,1.901436090,1.097617626,-1.451231718,-1.051601171,-2.453958750,-0.038152706,1.231403232,-3.297988415,-1.311789632,0.093247034,-0.262169033,-0.000411634,0.307917923,-1.397707582,-0.044104431,0.575081646,2.257591248,0.242461815,-0.131676465,-0.079962268,0.011716321,-0.264281809,-0.262174964
378,7559.988,1786752493283.013,29451205.413,0.000000000,-2.307695150,-2.326455355,-0.968651175,1.804359198,-0.834714055,-0.029490471,1.347450733,0.756622434,-2.141911507,-1.145075917,-0.221743137,0.017102644,0.212532163,0.246350333,-1.477538824,1.548872948,-0.993514240,-1.291290998,0.041001767,-2.108970404,-0.144288808,0.685853660,0.402887970,-2.196053505,-0.128979743,-0.058716569,-0.082252517,-0.693540394,0.286748558
379,7579.990,1786752493303.014,29451225.414,0.000000000,-0.466856033,-1.483193755,-4.187082767,3.344137669,-2.001417637,0.655975878,-0.440811992,-0.632024050,-2.268117905,-1.415879965,-0.019308610,0.517445505,0.500857294,1.441815376,-0.913909435,1.827487707,-0.773977637,-2.095862150,0.768563569,-2.163938761,-0.162344530,0.719981849,-1.873178482,-3.059038877,-0.159084380,0.715239286,0.002143125,-1.043909073,0.278478980
380,7599.989,1786752493323.013,29451245.413,0.000000000,0.494099736,-1.489372253,-4.201266289,0.785251081,-2.651557446,0.888460815,-1.075856805,-2.011040926,-0.745345414,-2.808012009,3.384883165,4.971028805,-1.405925632,1.490141869,0.025359631,1.551508784,-0.165378511,-2.209364891,1.088524938,-1.455552220,0.096436240,0.841080189,-3.247265577,-2.762220383,-0.168683633,1.145764470,0.126313329,-1.143952489,-0.144169480
381,7619.991,1786752493343.015,29451265.416,0.000000000,-1.261644006,-1.489990115,-0.832563996,-0.856381893,4.388631821,2.046419621,0.838862002,-2.613522768,-2.321515322,-2.468222380,2.718240261,0.136458665,-2.189385891,2.385297537,1.160850763,0.682045102,0.301178426,-2.098790407,0.648483396,-0.847361863,0.340849876,0.626263380,-2.213782787,-2.452836514,-0.660161734,1.185631514,0.095762342,-1.049227953,-0.976680636
382,7639.990,1786752493363.015,29451285.415,0.000000000,-1.289959669,-0.244633049,1.828093529,-0.932552278,3.550843954,2.076592922,-0.719597518,-1.903009534,-0.317314476,-1.907681823,0.727092505,-0.286486626,0.379532844,0.354062200,0.903469563,0.350096762,1.331734061,-1.549367189,0.117642470,-0.808187962,0.199266016,0.422857672,-0.628512323,-1.465321302,-1.022257090,1.361260056,0.033568032,-0.691497982,-1.287991285
383,7659.990,1786752493383.015,29451305.415,0.000000000,-0.466139972,0.271310687,1.749369621,-1.072118044,3.029616356,-0.254959255,-1.443414927,-0.339980811,1.595849395,2.901994467,1.925821662,-1.104674697,1.378400683,-0.269332230,0.703868151,0.222376764,2.046809435,-0.633593917,0.091889627,-0.183715954,-0.103398226,0.509864032,0.119467989,-1.206189513,-0.399614125,1.497002959,-0.087017260,-0.087896779,-1.110347152
384,7679.989,1786752493403.013,29451325.414,0.000000000,-0.270282954,0.866221547,0.868235350,-2.044382334,2.395260334,-0.702357173,-0.656997263,0.865711629,1.360052824,6.909279823,2.844511271,-1.358294010,1.721434712,-0.530971944,-0.787880659,-0.016225507,2.205447435,-0.132441550,0.888576448,-0.001311094,-0.144324988,0.646891356,1.443314075,-0.663943052,-0.195111334,1.720106840,-0.562107801,0.059164152,-1.045477748
385,7699.989,1786752493423.013,29451345.413,0.000000000,0.100605227,1.264577985,1.559650302,-1.911671519,2.976153851,-0.022803038,0.129608124,0.939938009,1.272083759,5.459276199,2.455463886,-1.135549307,2.984587431,-1.139260292,-1.886523485,0.564457774,1.635501862,-0.091833301,-2.959825754,-1.758469105,-1.201610208,-0.831559956,3.083999634,-0.327688485,-0.439392895,1.715887427,-0.782693923,0.158640206,-0.804648042
386,7719.988,1786752493443.012,29451365.413,0.000000000,1.047328472,1.073637724,1.823334455,-2.034740448,0.598488271,-0.394161820,0.873595595,0.786971450,1.335889459,2.653778315,1.215932131,-1.012826920,3.368566036,-1.358011007,-2.144004345,0.300824225,-0.704668283,-0.451017499,-5.069792747,-0.769277334,-2.186593056,-1.554762959,3.012032270,-0.232685015,-0.257063627,1.950972557,-0.741119623,0.165688351,-0.112718157
387,7739.988,1786752493463.013,29451385.413,0.000000000,0.811698794,0.769896865,1.936619043,-1.741958857,0.023597095,-0.120508634,1.527588964,0.606197655,0.703745067,0.113524191,0.613824725,-0.813270092,2.122875452,-1.069361925,-1.810707808,-0.486014962,-2.774454355,-0.083533250,-1.917741179,0.289083302,-2.118196011,-1.808547735,1.195619226,-0.411787927,0.010494306,2.186309576,-0.636583447,-0.020191416,0.638116300
388,7759.988,1786752493483.012,29451405.413,0.000000000,2.167423248,0.605918527,1.113390326,-1.727494955,-0.672250271,-0.086307846,-0.665467620,0.192894712,1.057400107,-2.469682693,4.155990124,2.400188208,0.119360738,3.166467428,-0.502801120,-4.753003597,-10.513148308,0.404423535,6.506126404,1.172480106,2.300671816,1.663247228,-1.493422985,-2.923845291,-0.282817751,0.079695046,-0.819155037,-0.752205431,0.585822701
389,7779.990,1786752493503.015,29451425.415,0.000000000,1.542994499,1.425512671,1.577106595,-1.451305509,-0.115486935,-0.089254737,-2.428235769,-0.161026984,1.135308862,-0.998582304,-0.235662803,-1.063676834,0.593660653,2.457603216,0.810031056,-6.274509907,-11.315437317,3.514746189,9.994566917,1.705756664,2.617740393,1.792185068,-1.449912071,-2.500329018,-1.936840057,0.353469551,-1.049598575,-1.741773963,-0.344935924
390,7799.987,1786752493523.012,29451445.412,0.000000000,-8.227321625,0.051801007,-1.680017233,16.617574692,-8.309501648,-3.731486559,-12.338783264,-0.223574787,1.862919807,23.292757034,-15.847006798,-0.778142035,10.944106102,-1.649514198,-0.553896308,-5.702953339,3.703928232,-6.978491783,5.268573284,-3.923350811,-0.302173108,2.902987242,1.326302052,-3.471553087,-0.989953637,1.375896573,-0.222951546,-5.675328732,-4.047533989
391,7819.988,1786752493543.012,29451465.413,0.000000000,-10.137170792,1.459918380,2.192261934,15.515385628,0.472330958,-1.842142224,-4.736248016,1.639293075,12.253629684,-2.114140987,-2.215075493,1.100062370,13.840215683,-5.372428417,-0.247638330,-7.187825680,5.527056217,-9.510495186,6.883086681,-4.271308422,0.277104825,1.169466734,2.225619316,-6.531676292,-0.341554582,5.250442505,0.048809357,-6.058848381,-3.497930050
392,7839.989,1786752493563.013,29451485.414,0.000000000,-5.943160057,2.423223019,-6.768718243,10.315430641,-1.059865713,-3.415445089,-5.221435070,0.023066495,-2.250380278,6.523350239,-1.727820992,2.232336760,13.199005127,-3.518960238,5.172914505,-7.196986675,3.762400150,-5.495652199,5.660924911,-3.438260317,0.573982954,0.152708173,-0.922887027,-7.656517029,1.007968783,6.865317822,1.247048616,-2.941907644,-0.973058403
393,7859.988,1786752493583.012,29451505.413,0.000000000,-5.934158802,3.634266138,-12.619352341,7.085364819,-2.220514297,-1.335460424,-0.070363276,3.083599091,-3.601444960,0.846374750,-0.238054350,-0.307243198,-0.468250960,1.523255825,0.673564494,0.353137493,4.340996265,1.151077271,2.923002481,-0.933344543,0.323333353,1.232295036,-5.356576920,-6.384079456,5.776987553,8.676339149,1.092806578,0.135253727,1.604203582
394,7879.988,1786752493603.013,29451525.413,0.000000000,-1.464399219,4.542406082,-7.388175964,0.859748363,-2.047678709,-1.013348341,1.127482891,2.981475592,-1.509542704,6.545858383,-4.474888802,2.136835098,-2.267582893,3.861010075,3.480417490,2.296408892,4.037895203,3.665858269,2.207094193,-1.158990264,0.920349717,2.095941305,-7.011993408,-4.329990864,5.350831985,6.466071129,1.679730058,1.332223535,2.248379946
395,7899.987,1786752493623.012,29451545.412,0.000000000,-1.380445004,2.958785772,0.480666578,1.589697957,-4.421605587,-1.002982259,-0.839708209,-1.818162441,-1.207428932,13.260805130,0.182206288,0.502202690,0.481568664,1.754970074,3.463428974,2.867812395,2.395873785,2.400164366,2.105360746,-1.890775084,2.313257456,1.772859454,-2.693486452,-2.381592989,1.672914624,2.283397436,2.105609417,1.285662055,0.894328773
396,7919.988,1786752493643.012,29451565.412,0.000000000,-1.805178761,0.706231058,2.349696159,5.678824425,-1.970197320,-0.346157283,-1.548281193,-3.196841240,3.875469923,10.558856964,-2.454843521,0.149774864,4.171682358,-0.413612247,0.654270649,3.864788771,0.770743787,0.566218793,0.812452376,-1.787883997,2.347766161,0.869688690,2.496150017,-1.432719469,-1.283093929,0.306026250,0.730517149,0.920085549,-0.271013081
397,7939.990,1786752493663.015,29451585.415,0.000000000,-1.323638797,-1.336874366,-0.665783465,6.416370392,-1.920620918,1.093358159,0.730721831,-4.846148014,2.279473305,2.190612078,-6.932991505,2.862411261,2.716847420,-0.776506782,-1.662337065,6.601023197,0.970331669,0.430601060,-1.974123001,-1.739287257,1.260846019,0.643061042,3.360919952,-0.264331520,-1.014919519,0.426814705,0.048783988,1.549652219,-0.137382418
398,7959.989,1786752493683.013,29451605.414,0.000000000,1.463344932,-2.166084766,-2.852785110,2.834866047,-1.698060632,1.209426284,2.229918003,-2.954711437,0.605951965,1.595738530,-9.004840851,1.679537535,-0.897280395,-0.320354491,-1.222259402,8.284550667,1.601729155,1.226147890,-3.922018766,-0.244002312,0.800245464,0.638675690,0.348370254,0.780653596,0.179091915,0.620885015,-1.261846185,2.187476635,0.557521105
399,7979.988,1786752493703.012,29451625.413,0.000000000,3.152958632,-1.657389045,-2.109788895,0.523324311,-1.579614401,1.024651408,0.702673912,-1.001734376,2.175536633,3.551137209,-3.743837118,1.118224502,-3.317017794,0.496304959,0.127359420,8.219505310,0.207193822,1.505543947,-4.059284210,0.445040226,0.895585001,0.349744946,-2.066622972,0.756144404,0.550128579,-0.719821751,-2.587003231,2.255131960,0.737352490
400,7999.988,1786752493723.013,29451645.413,0.000000000,2.463441610,-2.016216278,-1.882151127,0.222413093,-0.554994345,1.414053917,0.880969524,-0.753313839,1.130940437,2.567479372,-1.264992476,1.081720114,-5.904290199,1.499727964,0.901829720,6.710064411,-1.847464561,0.253145248,-3.797837019,0.848413765,1.227914214,-0.163476989,-2.124325991,0.411868513,0.116945297,-2.526843309,-3.293985128,1.494575500,0.234233335
