index,time_ms,time_realtime_ms,time_monotonic_ms,ros_timestamp,q_0,q_1,q_2,q_3,q_4,q_5,q_6,q_7,q_8,q_9,q_10,q_11,q_12,q_13,q_14,q_15,q_16,q_17,q_18,q_19,q_20,q_21,q_22,q_23,q_24,q_25,q_26,q_27,q_28
0,0.000,1786878880296.440,13668114.375,0.000000000,-0.294076711,0.003160385,-0.002286804,0.657648444,-0.358022094,0.000027981,-0.294154465,0.003033772,-0.001267824,0.656540930,-0.357714623,0.000029022,-0.014619691,-0.218385980,0.448349208,0.028540552,0.217362076,0.031428613,0.638096213,-0.011770709,0.008455290,0.014376282,0.070609130,-0.049887273,0.054540642,0.646800399,0.003639628,0.016371887,0.011843681
1,19.990,1786878880316.430,13668134.365,0.000000000,-0.334187210,0.000098986,-0.036636628,0.672750771,-0.340509951,-0.004435233,-0.337855726,0.004364778,-0.014358576,0.705060303,-0.348066062,0.002316640,-0.018884754,-0.198456272,0.386835754,0.053181704,0.208638653,0.019541243,0.633553207,0.002276164,0.011171328,0.012149150,0.097078033,-0.060862787,0.055899363,0.639739037,-0.001976972,0.021268014,0.009323131
2,39.989,1786878880336.429,13668154.364,0.000000000,-0.378592849,0.000407658,-0.146789446,0.708178639,-0.323463976,-0.010583334,-0.366209775,0.009305104,-0.046865288,0.808080912,-0.323710322,0.000957283,-0.020085683,-0.161157414,0.324759185,0.088322073,0.200518072,-0.004528771,0.610303819,0.043384343,0.018021233,0.012407282,0.122327089,-0.074750744,0.057019271,0.625527382,-0.022171166,0.042387024,0.001902148
3,59.990,1786878880356.430,13668174.365,0.000000000,-0.421032101,0.004185524,-0.254380077,0.738743424,-0.355971456,-0.023533460,-0.359023541,0.006098213,-0.044760421,0.884791553,-0.324165374,-0.014910539,-0.007769633,-0.135235310,0.255856723,0.135795489,0.196266934,-0.033865634,0.565524697,0.071294345,0.023594368,0.016188473,0.149682254,-0.083643518,0.051066708,0.589310706,-0.051899470,0.080655992,-0.001421567
4,79.989,1786878880376.428,13668194.363,0.000000000,-0.471632153,0.056773301,-0.251742095,0.725959599,-0.406035215,-0.021077160,-0.324690729,0.000035418,-0.037761901,0.932465672,-0.355268091,-0.020454295,-0.002106108,-0.102143586,0.172875389,0.204334438,0.185658857,-0.060415328,0.503388286,0.082921281,0.026751876,0.017864030,0.182589903,-0.093982413,0.029408313,0.490530670,-0.098490119,0.140159220,0.009028804
5,99.989,1786878880396.429,13668214.364,0.000000000,-0.491564423,0.121288948,-0.203770742,0.692077279,-0.418848634,-0.014046767,-0.268307835,-0.005100816,-0.043225970,0.962246239,-0.386552483,-0.008824838,0.003479231,-0.048900358,0.105935775,0.281718463,0.163974032,-0.086960360,0.434694141,0.081202850,0.028128197,0.018819282,0.198421612,-0.115607575,-0.000229317,0.341622293,-0.149264321,0.194051683,0.021645142
6,119.992,1786878880416.431,13668234.366,0.000000000,-0.457544208,0.164588481,-0.173738629,0.659813821,-0.368624717,-0.010822311,-0.195588782,-0.020670103,-0.055700179,0.959803343,-0.397684842,0.006400725,0.011058571,0.011939656,0.078005537,0.353559583,0.136357963,-0.111419551,0.363312066,0.074001580,0.027860135,0.019882854,0.170040101,-0.152491301,-0.011405325,0.201116085,-0.192725182,0.197025105,0.022532506
7,139.989,1786878880436.429,13668254.364,0.000000000,-0.398460746,0.177798077,-0.167427957,0.646343708,-0.265423268,-0.010081961,-0.116081305,-0.058117956,-0.081740528,0.920071542,-0.383654326,0.023366567,-0.002395105,0.059768189,0.088964209,0.408892572,0.113717660,-0.128843203,0.292034179,0.070626624,0.022512352,0.021850953,0.094776228,-0.195504025,0.011879773,0.105950326,-0.231947929,0.143812805,0.010641230
8,159.989,1786878880456.428,13668274.363,0.000000000,-0.366246223,0.168135121,-0.183350146,0.660009146,-0.137167484,-0.010351980,-0.064865008,-0.092765443,-0.104684412,0.867178977,-0.361519367,0.032813333,-0.026736690,0.078088403,0.107777223,0.434093744,0.106633142,-0.136580050,0.243242115,0.075905703,0.012688537,0.025065644,0.021905893,-0.221017942,0.046554204,0.068288945,-0.262874335,0.082654424,-0.002872729
9,179.988,1786878880476.428,13668294.363,0.000000000,-0.389904380,0.124133393,-0.218119919,0.778651834,-0.292792708,-0.057482395,-0.024422307,-0.153179124,-0.135474652,0.773686647,-0.327383578,0.034558248,-0.073220044,0.055567816,0.135329783,0.433178127,0.120511860,-0.133647412,0.192786366,0.092333160,-0.010148887,0.033786703,-0.078108594,-0.225370571,0.093649909,0.058157269,-0.303456366,-0.008420235,-0.024777060
10,199.987,1786878880496.427,13668314.362,0.000000000,-0.454203278,0.060377061,-0.224248871,0.955500901,-0.485278130,-0.085800909,-0.012512737,-0.219172388,-0.129623145,0.714681149,-0.331174374,0.045340646,-0.097806498,-0.020556597,0.194826201,0.382639319,0.159356505,-0.109739631,0.157098472,0.119986422,-0.039619725,0.048694409,-0.168172449,-0.202182189,0.124319777,0.060907960,-0.336166114,-0.085724495,-0.048933800
11,219.989,1786878880516.428,13668334.363,0.000000000,-0.521912098,0.041501626,-0.248736203,1.093044400,-0.637006819,-0.135916799,-0.019775465,-0.236308441,-0.126124188,0.780916333,-0.580106080,0.097924650,-0.111681536,-0.059073970,0.246991783,0.313341767,0.199055269,-0.087572977,0.144468889,0.170942515,-0.050361134,0.070279196,-0.215717778,-0.185839117,0.153746679,0.059752237,-0.367593795,-0.135042012,-0.060983740
12,239.988,1786878880536.427,13668354.362,0.000000000,-0.604559183,0.055487465,-0.275962234,1.214455962,-0.706272364,-0.189613894,-0.055642910,-0.212873921,-0.105901852,0.835335970,-0.770539701,0.101725772,-0.080027513,-0.068479508,0.268112481,0.248159066,0.239076793,-0.086396873,0.122162342,0.228707507,-0.028515344,0.089168556,-0.198340818,-0.175472379,0.172918305,0.044399396,-0.401063293,-0.156296983,-0.052291274
13,259.988,1786878880556.428,13668374.363,0.000000000,-0.653292060,0.082009584,-0.313769668,1.288343549,-0.736106098,-0.221825182,-0.098029450,-0.170938700,-0.090631425,0.906705439,-0.843614101,0.090281181,-0.029357325,-0.057634696,0.289517611,0.199482009,0.269779056,-0.093721315,0.072962567,0.285078943,0.001516889,0.101767778,-0.143220276,-0.169743434,0.182432905,0.009835618,-0.445887923,-0.156935006,-0.016177021
14,279.987,1786878880576.427,13668394.362,0.000000000,-0.692708015,0.104000457,-0.370317161,1.328030825,-0.753809273,-0.234290153,-0.136835486,-0.118330494,-0.097720020,0.968212605,-0.838456750,0.070465349,0.008533274,-0.018746335,0.290190101,0.171694383,0.281472236,-0.104258418,0.011706374,0.325338274,0.018238943,0.113394201,-0.065460570,-0.170190796,0.182163402,-0.036285307,-0.505890608,-0.155892223,0.035271283
15,299.988,1786878880596.427,13668414.362,0.000000000,-0.734513879,0.102746218,-0.422721177,1.351029158,-0.751073539,-0.233553916,-0.184385657,-0.084898695,-0.109380722,1.021406174,-0.792103589,0.069441006,0.026506668,0.022825241,0.259054244,0.170086771,0.278428465,-0.111949369,-0.047038212,0.345506757,0.014794101,0.133425817,0.013733270,-0.169269294,0.176677987,-0.074784026,-0.572044671,-0.162780121,0.091966942
16,319.988,1786878880616.428,13668434.363,0.000000000,-0.752776921,0.074370101,-0.450973094,1.375326037,-0.711726964,-0.221110269,-0.227688313,-0.086600460,-0.107368924,1.079510808,-0.737685561,0.057643570,0.031968489,0.040719222,0.231371135,0.188003317,0.273621321,-0.111060023,-0.094166815,0.352388501,-0.009590377,0.169065118,0.065655142,-0.163692668,0.171843022,-0.092992410,-0.629046082,-0.181639791,0.146666646
17,339.988,1786878880636.428,13668454.363,0.000000000,-0.736938536,0.040469445,-0.466304153,1.394342184,-0.658340871,-0.209956244,-0.266081542,-0.102055311,-0.092738800,1.130245328,-0.762668014,0.031769581,0.030385816,0.045354929,0.219174907,0.218223780,0.271166682,-0.102568798,-0.120845065,0.353666365,-0.050455257,0.210510418,0.084566697,-0.159160599,0.171411559,-0.093193814,-0.666202962,-0.209484637,0.188995108
18,359.988,1786878880656.428,13668474.363,0.000000000,-0.701065898,0.021348061,-0.455513030,1.414128184,-0.588163555,-0.201520517,-0.306205958,-0.124677978,-0.083875701,1.114720702,-0.811203361,0.015154905,0.031109223,0.040829964,0.226802140,0.251965851,0.272235423,-0.086635143,-0.124641091,0.354060769,-0.103452682,0.246099383,0.076730199,-0.158269882,0.175268829,-0.087932959,-0.695463657,-0.239044562,0.211921647
19,379.986,1786878880676.426,13668494.361,0.000000000,-0.674634278,0.012984076,-0.404136896,1.445767045,-0.488532871,-0.186650947,-0.337492526,-0.150707841,-0.061624121,1.068637848,-0.797441721,0.007096003,0.029051837,0.020405380,0.243287727,0.280626804,0.283029586,-0.072302006,-0.107157119,0.350079358,-0.162854910,0.272840530,0.058137227,-0.162705049,0.183983669,-0.082801022,-0.724467456,-0.263877124,0.212691233
20,399.987,1786878880696.427,13668514.362,0.000000000,-0.675435781,0.013276054,-0.368352026,1.463398457,-0.465925127,-0.153390780,-0.338787794,-0.157994092,-0.031522941,1.067469001,-0.795576990,0.033880126,0.015046185,0.012249874,0.242483318,0.291467488,0.294358611,-0.073820129,-0.077534065,0.341374487,-0.205253750,0.285326272,0.053799246,-0.173999965,0.188717768,-0.080717355,-0.742765367,-0.274647474,0.200927973
21,419.986,1786878880716.426,13668534.361,0.000000000,-0.703517377,0.023260444,-0.351250917,1.425740123,-0.495002061,-0.103766277,-0.325432986,-0.145496488,-0.004539596,1.068657398,-0.761262536,0.093619615,-0.005652713,0.021213595,0.231073409,0.280506313,0.303964138,-0.091726661,-0.026583401,0.327838123,-0.248542279,0.293774605,0.063007005,-0.201569289,0.187437013,-0.080000885,-0.755856037,-0.274163067,0.172460347
22,439.987,1786878880736.427,13668554.361,0.000000000,-0.738091290,0.029196739,-0.334896028,1.370699048,-0.533279300,-0.076541305,-0.305450976,-0.124254033,0.027721621,1.090681672,-0.707806647,0.146813646,-0.006105424,0.024854334,0.232972860,0.248101041,0.306754410,-0.115939111,0.021439996,0.323333234,-0.276908994,0.304356784,0.074899219,-0.236041576,0.182368219,-0.073309228,-0.757235825,-0.265382022,0.135459408
23,459.987,1786878880756.427,13668574.362,0.000000000,-0.768540919,0.029545540,-0.303312361,1.312584281,-0.555851877,-0.061198626,-0.289512783,-0.112220287,0.052174043,1.135069966,-0.653426766,0.150245085,0.016122049,0.011854838,0.242739394,0.213000253,0.304650873,-0.141105205,0.061307240,0.325163454,-0.295381248,0.323375285,0.081377022,-0.266008139,0.179482788,-0.052406684,-0.758578598,-0.256431192,0.098903626
24,479.998,1786878880776.438,13668594.372,0.000000000,-0.794078171,0.028580561,-0.274670273,1.242563128,-0.535330176,-0.054424532,-0.284936965,-0.103517421,0.061698239,1.188180208,-0.584429681,0.145364612,0.042624813,-0.003666710,0.247203648,0.193769112,0.301630020,-0.166001320,0.087858796,0.329644322,-0.307883918,0.350628912,0.081884161,-0.285418034,0.181403965,-0.024272975,-0.762527227,-0.250613779,0.072376668
25,499.988,1786878880796.428,13668614.363,0.000000000,-0.809781909,0.034339610,-0.263288975,1.160410643,-0.434893876,-0.051789265,-0.292653948,-0.088161066,0.054730330,1.247804761,-0.500294328,0.131801009,0.061639857,-0.008444550,0.242458001,0.196741864,0.303894669,-0.191135019,0.098795593,0.330615848,-0.319120646,0.383045942,0.078961879,-0.294683218,0.188608259,-0.004026585,-0.766260445,-0.248638004,0.057884209
26,519.991,1786878880816.431,13668634.366,0.000000000,-0.804613411,0.051240977,-0.272488862,1.157474399,-0.363526285,-0.091500387,-0.305767685,-0.076828219,0.039406884,1.310838223,-0.500061870,0.093692385,0.074370727,-0.010988547,0.236452147,0.216866717,0.317085683,-0.213245794,0.097306460,0.328448832,-0.331201732,0.417822957,0.068818830,-0.293454826,0.202873006,0.005124604,-0.768370509,-0.253010124,0.050776910
27,539.989,1786878880836.428,13668654.363,0.000000000,-0.786339462,0.066280521,-0.280947775,1.167397261,-0.401754379,-0.133215100,-0.322349876,-0.088035159,0.015221123,1.323868752,-0.601168931,0.047254588,0.066051707,-0.023540638,0.236576274,0.236774012,0.338614583,-0.225800812,0.091218479,0.326277971,-0.338603139,0.446156800,0.047698565,-0.283232987,0.223046228,0.012243416,-0.768742144,-0.267002046,0.040061269
28,559.987,1786878880856.427,13668674.362,0.000000000,-0.770487249,0.065527596,-0.304226428,1.172779441,-0.425083160,-0.166737050,-0.345517486,-0.103775352,-0.009439068,1.309766650,-0.674811363,0.011743156,0.045190603,-0.029259456,0.247562766,0.246627837,0.359789550,-0.231797397,0.082105592,0.332571387,-0.340632290,0.463929266,0.024732059,-0.275735617,0.240409657,0.013632120,-0.772975802,-0.287895858,0.024877917
29,579.991,1786878880876.431,13668694.366,0.000000000,-0.759400189,0.057635937,-0.338108361,1.178173423,-0.433998823,-0.192217365,-0.387727082,-0.118419126,-0.027487081,1.289690971,-0.725184739,-0.011635635,0.027405372,-0.027352480,0.260978162,0.249406651,0.378989995,-0.234550416,0.074016951,0.346698850,-0.343669474,0.477468163,0.003391994,-0.272126943,0.254219353,0.014924787,-0.780286968,-0.312742680,0.011773794
30,599.988,1786878880896.427,13668714.362,0.000000000,-0.754120290,0.046919003,-0.373915642,1.188976049,-0.434942961,-0.211526379,-0.443696737,-0.135198787,-0.043679241,1.254194856,-0.745088577,-0.025152663,0.013463601,-0.020153394,0.269549578,0.252007693,0.394215882,-0.234934270,0.068115093,0.362504065,-0.350900590,0.491882920,-0.012499638,-0.271386594,0.265411526,0.017302537,-0.791937232,-0.337711543,0.003746880
31,619.990,1786878880916.430,13668734.365,0.000000000,-0.749991417,0.037634432,-0.392803878,1.202897310,-0.433180243,-0.221171618,-0.483598471,-0.151597708,-0.050608579,1.213065982,-0.731281757,-0.029603763,0.005613902,-0.016530108,0.274542063,0.255373389,0.403714538,-0.234919593,0.063662030,0.371204883,-0.359013051,0.505007267,-0.019783054,-0.271255404,0.272340864,0.019770628,-0.804991782,-0.353548378,-0.000166362
32,639.989,1786878880936.429,13668754.364,0.000000000,-0.743242383,0.025127800,-0.401795417,1.225718141,-0.435940593,-0.229054272,-0.526335061,-0.176131576,-0.047802888,1.165106654,-0.669276714,-0.019711060,-0.004666503,-0.017587567,0.275653988,0.263468593,0.413755089,-0.234870881,0.056398012,0.376309812,-0.374317944,0.524862528,-0.021715349,-0.270702541,0.281537503,0.024344983,-0.825879633,-0.367519319,-0.003606523
33,659.991,1786878880956.431,13668774.366,0.000000000,-0.738116562,0.026887884,-0.401215613,1.247616529,-0.450685143,-0.226729989,-0.535553336,-0.183548719,-0.043178052,1.193419576,-0.665477455,0.027278459,-0.016873725,-0.007478377,0.271384865,0.267474234,0.414587408,-0.238870025,0.054488048,0.374531567,-0.394689232,0.544216692,-0.013847339,-0.270855218,0.286264032,0.032312900,-0.846760571,-0.372087449,-0.005104644
34,679.991,1786878880976.431,13668794.366,0.000000000,-0.730637670,0.039834507,-0.388575286,1.252832055,-0.470481426,-0.220241711,-0.532696605,-0.185997561,-0.043526240,1.208162546,-0.672495067,0.055867136,-0.008620334,0.000496904,0.260165483,0.262109667,0.409517676,-0.249700829,0.053541306,0.370341361,-0.415181488,0.561186016,0.001370627,-0.271604985,0.285000205,0.040678028,-0.866392910,-0.365717530,-0.003362564
35,699.990,1786878880996.429,13668814.365,0.000000000,-0.711291671,0.049814213,-0.375624180,1.249756217,-0.480245918,-0.212811217,-0.521159649,-0.184398353,-0.035496265,1.214588404,-0.674076915,0.075149946,0.010836064,0.002047634,0.264187753,0.248065159,0.402910441,-0.260491431,0.048125908,0.369944096,-0.438564450,0.576367438,0.009704849,-0.272877514,0.278812021,0.044455595,-0.887676656,-0.353404522,0.003941754
36,719.990,1786878881016.430,13668834.365,0.000000000,-0.688177824,0.057906337,-0.364901364,1.244820476,-0.479537040,-0.203890651,-0.505319417,-0.179261833,-0.024924004,1.221438646,-0.662318051,0.096267812,0.028630612,0.002648228,0.281318277,0.229244202,0.398629278,-0.271069556,0.043111116,0.370081007,-0.468953848,0.590596855,0.009301794,-0.275950968,0.271257788,0.044275951,-0.904235184,-0.340553075,0.012902642
37,739.992,1786878881036.431,13668854.366,0.000000000,-0.672858357,0.064577051,-0.357100606,1.239259005,-0.470356226,-0.198486358,-0.495790482,-0.172708094,-0.016579889,1.234382510,-0.638923764,0.111848600,0.038241923,0.002897874,0.296946585,0.211609408,0.400108874,-0.282615244,0.042208958,0.370181084,-0.503648043,0.603889465,0.005002116,-0.280667722,0.265388459,0.042810947,-0.915053725,-0.330591053,0.019434251
38,759.996,1786878881056.436,13668874.371,0.000000000,-0.667208612,0.071240351,-0.351069361,1.232684374,-0.456638634,-0.196502909,-0.493424267,-0.165430188,-0.012727136,1.250587821,-0.612639487,0.111277193,0.040543485,0.001984446,0.305678397,0.198233306,0.406855226,-0.295063168,0.043184161,0.370171577,-0.535642862,0.614884257,0.000485256,-0.285441130,0.261701792,0.041342925,-0.921035349,-0.323793858,0.022793610
39,779.989,1786878881076.429,13668894.364,0.000000000,-0.667687416,0.078283779,-0.345781147,1.222367525,-0.442078114,-0.198865503,-0.496079475,-0.156969383,-0.009637835,1.262341857,-0.590405166,0.102864802,0.041014999,-0.001844310,0.306258559,0.189966008,0.416934311,-0.308268934,0.044029627,0.370453000,-0.562404156,0.625599086,-0.002025498,-0.287582695,0.259216845,0.040567908,-0.926709771,-0.320157140,0.023669552
40,799.989,1786878881096.429,13668914.364,0.000000000,-0.667349041,0.083963864,-0.341100216,1.208535671,-0.429376930,-0.202761441,-0.498071104,-0.150127947,-0.008125610,1.269476771,-0.576029897,0.087399893,0.041054323,-0.009012570,0.305684775,0.185087785,0.428535730,-0.320541471,0.044090744,0.372174680,-0.584775507,0.636600852,-0.004939992,-0.287311703,0.258305043,0.040427811,-0.931083620,-0.319271833,0.023776950
41,819.988,1786878881116.427,13668934.362,0.000000000,-0.667046964,0.089695506,-0.336155444,1.196307182,-0.418256819,-0.205425695,-0.499508351,-0.146313995,-0.011351978,1.275571108,-0.567759275,0.065343618,0.041081738,-0.016621167,0.305957615,0.182703972,0.439531714,-0.331438810,0.043687377,0.375226527,-0.603134692,0.647564828,-0.009535479,-0.286244839,0.258243024,0.040366951,-0.933338881,-0.320277393,0.023834366
42,839.991,1786878881136.431,13668954.366,0.000000000,-0.668466568,0.095813371,-0.331886619,1.190459371,-0.406384677,-0.207455426,-0.500326157,-0.144572169,-0.018953379,1.281383395,-0.562362134,0.043630548,0.041160244,-0.022095757,0.307628214,0.182333574,0.448439151,-0.341959298,0.042227298,0.378407240,-0.616549432,0.658148587,-0.016198104,-0.285738945,0.258198857,0.040314697,-0.934818625,-0.322645426,0.023915254
43,859.992,1786878881156.432,13668974.366,0.000000000,-0.671026528,0.100463554,-0.329106838,1.190984726,-0.395448953,-0.209455058,-0.500782609,-0.143330440,-0.024796659,1.285129905,-0.558990121,0.031920739,0.042168431,-0.024695475,0.309606493,0.182339177,0.453255743,-0.349815011,0.040917911,0.380806327,-0.624045193,0.665414274,-0.022022387,-0.285709709,0.257917523,0.040274281,-0.935955346,-0.324370712,0.023961795
44,879.989,1786878881176.429,13668994.364,0.000000000,-0.675574064,0.106117681,-0.325592577,1.197867870,-0.376464754,-0.211947083,-0.501075029,-0.141024411,-0.030160621,1.289553523,-0.554036617,0.023747876,0.045473970,-0.027244532,0.314146787,0.182353348,0.457320511,-0.359033734,0.039296992,0.383984476,-0.632148862,0.673815072,-0.030618463,-0.285753906,0.257105410,0.040225409,-0.937688053,-0.325952023,0.023798337
45,899.990,1786878881196.429,13669014.364,0.000000000,-0.681297541,0.110890441,-0.320922732,1.211009860,-0.351056337,-0.213157758,-0.501208723,-0.139042288,-0.032757279,1.294404984,-0.547702789,0.021992508,0.050744217,-0.029965376,0.320966125,0.182371810,0.459858894,-0.366749763,0.038299028,0.386412472,-0.639144242,0.681090534,-0.039329533,-0.285864592,0.255936980,0.040201079,-0.939423978,-0.326641411,0.022669645
46,919.989,1786878881216.429,13669034.364,0.000000000,-0.690408766,0.115310699,-0.314786494,1.230845690,-0.316620559,-0.212751284,-0.502016783,-0.137171164,-0.033377908,1.300622821,-0.537666559,0.026569167,0.056538075,-0.032678638,0.328502178,0.182764813,0.461953819,-0.372869253,0.038126331,0.388326764,-0.645047724,0.687123835,-0.046701927,-0.286300600,0.254865319,0.040258657,-0.939878821,-0.326780617,0.019352322
47,939.988,1786878881236.428,13669054.363,0.000000000,-0.705060005,0.120129228,-0.307782590,1.257771850,-0.271901280,-0.207204819,-0.503347874,-0.134378701,-0.033077266,1.307823062,-0.522554100,0.038703654,0.062656865,-0.034501698,0.335031748,0.183396354,0.463957548,-0.377161562,0.038367771,0.389549762,-0.649717093,0.690962672,-0.051231273,-0.287271619,0.253870070,0.040618148,-0.939981401,-0.326521754,0.013586774
48,959.989,1786878881256.429,13669074.364,0.000000000,-0.722857416,0.125066087,-0.298780084,1.289586544,-0.220499977,-0.189361975,-0.504291534,-0.131107002,-0.031087182,1.316790104,-0.504254699,0.053688616,0.070460118,-0.037086096,0.340733409,0.184834599,0.466553181,-0.379071116,0.039420575,0.389866680,-0.654353201,0.692999005,-0.053066321,-0.288683206,0.253358752,0.042198602,-0.939806044,-0.325356156,0.006395327
49,979.990,1786878881276.430,13669094.365,0.000000000,-0.740180433,0.127715200,-0.286480933,1.312768936,-0.219226792,-0.163396016,-0.506152570,-0.128673121,-0.029211478,1.328015566,-0.486905664,0.062557705,0.077302791,-0.041056477,0.342328280,0.187410727,0.469945252,-0.379246771,0.042579748,0.389867365,-0.659599543,0.694174528,-0.051945794,-0.290819079,0.253301442,0.045639649,-0.938004434,-0.322943747,-0.001129813
50,999.991,1786878881296.431,13669114.366,0.000000000,-0.757962525,0.125585601,-0.259381115,1.287074566,-0.277915686,-0.142207742,-0.507340848,-0.126276627,-0.032075677,1.340903282,-0.470636755,0.061864365,0.077339441,-0.042338572,0.342086941,0.187437013,0.473085821,-0.378818661,0.047659617,0.389668137,-0.664748490,0.694752157,-0.048997603,-0.296180069,0.253101408,0.049037293,-0.932807922,-0.319212884,-0.008858719
51,1019.988,1786878881316.428,13669134.363,0.000000000,-0.773059607,0.119608998,-0.227683902,1.221470594,-0.326382518,-0.131050691,-0.510329366,-0.119891100,-0.039401624,1.362505198,-0.443383694,0.058673024,0.073805794,-0.036589868,0.344667137,0.185954586,0.475837290,-0.378529042,0.050977048,0.389397323,-0.668452919,0.696363270,-0.048448749,-0.305896759,0.252982020,0.051235538,-0.927139580,-0.316273332,-0.014858005
52,1039.999,1786878881336.438,13669154.373,0.000000000,-0.775221884,0.107202910,-0.220565885,1.167108774,-0.357205391,-0.133193836,-0.529672861,-0.112609476,-0.048451632,1.411972761,-0.388457358,0.044815537,0.074125648,-0.026994035,0.348268390,0.186320618,0.479595482,-0.378742546,0.051032074,0.389512062,-0.671842277,0.702314794,-0.051689651,-0.316179365,0.252986103,0.051388115,-0.920505047,-0.317222834,-0.016722225
53,1059.987,1786878881356.427,13669174.362,0.000000000,-0.767344713,0.098221347,-0.250847548,1.160915613,-0.404804856,-0.171604425,-0.555499971,-0.108336769,-0.055815507,1.450316429,-0.431422800,0.008051026,0.075285159,-0.022417877,0.349998266,0.189009920,0.486445129,-0.378907382,0.050785445,0.391741127,-0.673539758,0.713856518,-0.057787374,-0.317238450,0.253068507,0.051023643,-0.917660713,-0.321613789,-0.016673902
54,1079.988,1786878881376.427,13669194.362,0.000000000,-0.768609285,0.087515615,-0.275386423,1.164684176,-0.431624472,-0.216428325,-0.587177098,-0.117476493,-0.060781036,1.399023890,-0.527580857,-0.034112800,0.075381950,-0.025735568,0.346022218,0.193237394,0.491707027,-0.377628803,0.047691438,0.397337168,-0.670915723,0.724916875,-0.063255481,-0.312518358,0.252842486,0.045507170,-0.923786640,-0.328505307,-0.016461357
55,1099.989,1786878881396.428,13669214.363,0.000000000,-0.773865223,0.076311648,-0.285849154,1.183050752,-0.444227070,-0.225432217,-0.600673318,-0.127584815,-0.054088268,1.373699307,-0.586927414,-0.048700873,0.070379913,-0.028956594,0.348312080,0.194701985,0.495220721,-0.375807494,0.042956281,0.402064413,-0.667412102,0.729775727,-0.067019351,-0.307027906,0.252098948,0.038290411,-0.936496317,-0.333523989,-0.015979657
56,1119.989,1786878881416.428,13669234.363,0.000000000,-0.787777841,0.067899741,-0.300393134,1.214955091,-0.452851087,-0.231626868,-0.599394381,-0.128002152,-0.048899528,1.370474696,-0.649558246,-0.037165448,0.060619116,-0.022538705,0.349459171,0.192740008,0.496285379,-0.375825524,0.040698528,0.406967103,-0.662418664,0.731959403,-0.068043657,-0.297529727,0.249477506,0.030749628,-0.962260246,-0.338105291,-0.012674035
57,1139.991,1786878881436.430,13669254.365,0.000000000,-0.800972760,0.066520445,-0.308747262,1.239682198,-0.449829459,-0.237471491,-0.598473907,-0.121341690,-0.044680562,1.364363313,-0.673754275,-0.024164723,0.063721187,-0.017396796,0.347967476,0.186217830,0.495375365,-0.377626866,0.038597479,0.409691125,-0.656335831,0.734268725,-0.066175573,-0.286372721,0.245819345,0.026301753,-0.993525028,-0.338297993,-0.002447068
58,1159.989,1786878881456.429,13669274.364,0.000000000,-0.807882428,0.068820946,-0.315304279,1.258292675,-0.432835162,-0.243310392,-0.599889040,-0.110118784,-0.036964998,1.357643127,-0.673884392,-0.013711620,0.075580776,-0.012867794,0.350518584,0.177784190,0.492934495,-0.380548209,0.031833176,0.411430329,-0.651221931,0.742767990,-0.065315321,-0.279565364,0.243506566,0.022365229,-1.026628256,-0.334779769,0.013585549
59,1179.988,1786878881476.427,13669294.362,0.000000000,-0.808813453,0.073153637,-0.323287874,1.270885825,-0.407549143,-0.245630383,-0.599664807,-0.096659340,-0.031379707,1.350205660,-0.652734280,-0.001784308,0.087277487,-0.005421880,0.355826885,0.170998871,0.489369869,-0.382435828,0.022934692,0.415590793,-0.652143002,0.756283283,-0.065199882,-0.279060543,0.242863119,0.019390846,-1.052951694,-0.329867125,0.029975735
60,1199.988,1786878881496.428,13669314.363,0.000000000,-0.805556655,0.077477828,-0.328072965,1.275568366,-0.383023083,-0.238241315,-0.598606348,-0.086209550,-0.028137488,1.343812823,-0.620837331,0.011028849,0.093807243,-0.000138898,0.358638346,0.168691427,0.488241494,-0.382018000,0.015885811,0.418471068,-0.661655366,0.769226909,-0.063853711,-0.281122148,0.242828399,0.018922186,-1.067360163,-0.326219767,0.042422123
61,1219.987,1786878881516.427,13669334.362,0.000000000,-0.798438847,0.082687929,-0.327253640,1.273984313,-0.363928854,-0.224225253,-0.594860196,-0.079769745,-0.027067134,1.339142680,-0.587269783,0.022187971,0.094449215,0.001091845,0.359041035,0.169437379,0.490645945,-0.380052179,0.013847660,0.417602122,-0.679190040,0.777449548,-0.060241167,-0.284503818,0.242799073,0.018730426,-1.071842194,-0.323538870,0.049148276
62,1239.988,1786878881536.427,13669354.362,0.000000000,-0.787966073,0.089011401,-0.322176993,1.265680432,-0.352836728,-0.211568341,-0.589637876,-0.075610019,-0.026570745,1.336311698,-0.558481753,0.025910271,0.090901919,-0.002811569,0.356326014,0.173497826,0.496509224,-0.376811087,0.014279293,0.413895160,-0.698724985,0.780387163,-0.055388104,-0.288296759,0.242790535,0.018632868,-1.072006226,-0.322240621,0.051275656
63,1259.989,1786878881556.428,13669374.363,0.000000000,-0.773206651,0.096355535,-0.315522283,1.249242663,-0.352200419,-0.207135245,-0.582095563,-0.072780892,-0.027095117,1.333559155,-0.539810479,0.021149218,0.084949680,-0.010350391,0.352062821,0.178501308,0.504701912,-0.374303401,0.017276142,0.408124804,-0.718210936,0.780749738,-0.050742533,-0.292295098,0.242842719,0.018094212,-1.071717143,-0.321611941,0.050501682
64,1279.989,1786878881576.429,13669394.364,0.000000000,-0.757398069,0.103335246,-0.309114784,1.232442379,-0.355445921,-0.207375795,-0.571416557,-0.071252130,-0.029841332,1.330926895,-0.529475629,0.011618980,0.078072771,-0.018072344,0.349956661,0.181565598,0.513352931,-0.373527080,0.021643255,0.405198932,-0.734045088,0.780775309,-0.047910191,-0.297581971,0.242814749,0.016942009,-1.071391106,-0.321413994,0.046533193
65,1299.987,1786878881596.427,13669414.362,0.000000000,-0.745407581,0.108719774,-0.303792119,1.221473098,-0.357745260,-0.209659621,-0.561344802,-0.071003184,-0.033910006,1.330071568,-0.524876893,0.001203377,0.072262608,-0.024624402,0.348861933,0.183103353,0.520049810,-0.373793781,0.025292130,0.404870450,-0.744794846,0.780088365,-0.047139533,-0.303647429,0.242496878,0.016091933,-1.071073055,-0.321427464,0.039853405
66,1319.986,1786878881616.426,13669434.361,0.000000000,-0.737942576,0.112277724,-0.299780667,1.218128204,-0.357628256,-0.213319510,-0.553468943,-0.071298666,-0.037139446,1.331298351,-0.523889244,-0.005939066,0.069859609,-0.029539445,0.348610431,0.183379233,0.523540020,-0.374809623,0.027402397,0.404940277,-0.750847876,0.778079808,-0.047352415,-0.309363812,0.240964949,0.015518430,-1.070785046,-0.321716100,0.031460281
67,1339.991,1786878881636.430,13669454.365,0.000000000,-0.734749556,0.113585815,-0.297963351,1.220004797,-0.355870038,-0.217128411,-0.549192846,-0.072008230,-0.038895868,1.333802104,-0.523765564,-0.007977086,0.069740430,-0.032166377,0.349194586,0.183413401,0.524146855,-0.375747204,0.028166715,0.405029267,-0.753017545,0.776333153,-0.048329029,-0.313037127,0.239521995,0.015451445,-1.070598483,-0.322186857,0.024636230
68,1360.023,1786878881656.462,13669474.397,0.000000000,-0.733129025,0.114345036,-0.296700537,1.227092385,-0.350555062,-0.223112658,-0.545548737,-0.072784550,-0.040117849,1.339024782,-0.522335172,-0.007017439,0.070938781,-0.034319833,0.351591378,0.183422327,0.524201155,-0.377721131,0.028386315,0.405128241,-0.753802598,0.774431527,-0.050606407,-0.316416323,0.237656206,0.015512929,-1.070147872,-0.323165327,0.015239495
69,1380.021,1786878881676.460,13669494.396,0.000000000,-0.734505713,0.114640430,-0.296057582,1.238347054,-0.340280920,-0.228549659,-0.544283509,-0.072991312,-0.040267084,1.346115828,-0.517053425,-0.002217257,0.073112234,-0.035326775,0.355763942,0.183414698,0.524141610,-0.380086392,0.028701222,0.405213773,-0.753826141,0.773075104,-0.053223114,-0.317455500,0.236457705,0.015877197,-1.068736196,-0.324113756,0.005748236
70,1400.021,1786878881696.460,13669514.395,0.000000000,-0.739009559,0.114934124,-0.295333028,1.252534866,-0.324631691,-0.231764659,-0.545156777,-0.073015712,-0.040244065,1.354156375,-0.507502139,0.005941665,0.076113440,-0.035745967,0.360744536,0.183397263,0.524082780,-0.382204264,0.029623514,0.405330300,-0.753703177,0.772227287,-0.055360377,-0.317411244,0.236309186,0.016702889,-1.065950513,-0.325659931,-0.003257315
71,1420.019,1786878881716.459,13669534.394,0.000000000,-0.746236026,0.115461513,-0.293991029,1.268381357,-0.303623170,-0.232721940,-0.547764003,-0.073008366,-0.040315438,1.362581730,-0.494532496,0.015129961,0.079932794,-0.036450699,0.365672380,0.183570638,0.524064541,-0.383210152,0.031395007,0.405476153,-0.753503025,0.771867096,-0.056549102,-0.316805601,0.236512154,0.017923139,-1.062504530,-0.327959925,-0.011039698
72,1439.990,1786878881736.429,13669554.364,0.000000000,-0.755442441,0.116408199,-0.292125881,1.284382343,-0.278617978,-0.232691839,-0.551948011,-0.072583750,-0.040610492,1.371318936,-0.480399400,0.019219415,0.084337845,-0.037971284,0.369595289,0.183848232,0.524195731,-0.383316487,0.034329664,0.405580431,-0.753341019,0.771760166,-0.057097290,-0.316438794,0.237198159,0.019274939,-1.059340119,-0.330197603,-0.017488472
73,1459.989,1786878881756.429,13669574.364,0.000000000,-0.765466750,0.118137136,-0.289882302,1.300004482,-0.250638396,-0.231210098,-0.556783676,-0.071320951,-0.041163929,1.380616903,-0.463691503,0.019450827,0.088819496,-0.040013801,0.372905493,0.184079140,0.524745941,-0.383228213,0.038375277,0.405608594,-0.753001213,0.771673381,-0.057281725,-0.316391945,0.238148779,0.020868897,-1.055319190,-0.331506491,-0.022744928
74,1480.023,1786878881776.462,13669594.397,0.000000000,-0.774863064,0.120658554,-0.287511349,1.314661264,-0.221003309,-0.227742881,-0.561946750,-0.069533877,-0.042145725,1.391293764,-0.441179574,0.019374868,0.093416341,-0.042508282,0.375964016,0.184341073,0.525550842,-0.382843882,0.043217950,0.405643195,-0.751976728,0.771287501,-0.057387788,-0.316394746,0.238975540,0.023177166,-1.050201297,-0.331750304,-0.026949026
75,1500.022,1786878881796.462,13669614.397,0.000000000,-0.782212794,0.122813903,-0.285987020,1.327146888,-0.191590711,-0.224309862,-0.569511771,-0.068086989,-0.043414596,1.406332731,-0.408383280,0.019153262,0.098269716,-0.045944169,0.378358752,0.184684649,0.526682854,-0.381948680,0.048525453,0.405717015,-0.749780893,0.769724667,-0.057420544,-0.316403836,0.239494398,0.026031066,-1.044163942,-0.331728429,-0.030328460
76,1519.994,1786878881816.434,13669634.369,0.000000000,-0.785004318,0.123434857,-0.285951346,1.336165309,-0.164955035,-0.223732278,-0.582080960,-0.068454690,-0.044912115,1.430232406,-0.358245224,0.018409811,0.102548085,-0.051139776,0.380851001,0.185452700,0.528421283,-0.380252481,0.053939279,0.405893743,-0.746193349,0.767319441,-0.057781335,-0.316372365,0.240476355,0.028711433,-1.036874413,-0.331664771,-0.033442985
77,1540.022,1786878881836.461,13669654.396,0.000000000,-0.780922532,0.120626681,-0.292379737,1.339008808,-0.146717891,-0.236665189,-0.598302186,-0.069572188,-0.047889356,1.460259318,-0.302857369,0.004645944,0.101379454,-0.057412975,0.382825047,0.189405516,0.529766321,-0.376472324,0.059336767,0.406122595,-0.741677642,0.765405416,-0.060181543,-0.316048563,0.243653849,0.030038783,-1.026764274,-0.333002508,-0.036500923
78,1560.021,1786878881856.460,13669674.395,0.000000000,-0.779101193,0.119488180,-0.307823718,1.336566091,-0.150694996,-0.249141440,-0.616217256,-0.066267349,-0.051396571,1.462875009,-0.383584052,-0.021209070,0.090679929,-0.057204947,0.376070350,0.199758053,0.525307298,-0.369899899,0.067288317,0.406620115,-0.738226712,0.763400972,-0.064335696,-0.316039681,0.247450575,0.029144039,-1.015307426,-0.339651614,-0.041934490
79,1580.020,1786878881876.460,13669694.395,0.000000000,-0.778029859,0.116580591,-0.318108141,1.332419515,-0.165907741,-0.253197938,-0.631583869,-0.073872276,-0.055005439,1.397831202,-0.463094234,-0.043933354,0.080807060,-0.056013621,0.370223105,0.209112838,0.517665088,-0.362227380,0.072581418,0.406841546,-0.735672176,0.758309543,-0.068439782,-0.317199677,0.248690814,0.023762491,-1.010671020,-0.344751537,-0.048922293
80,1600.027,1786878881896.466,13669714.401,0.000000000,-0.778468907,0.112313181,-0.320681512,1.336684585,-0.190105930,-0.248247415,-0.640462577,-0.094069190,-0.053072210,1.325229168,-0.538892448,-0.050873667,0.067993589,-0.055013780,0.365958869,0.220863998,0.507881939,-0.350106001,0.074527338,0.406309575,-0.733280718,0.745658219,-0.070844539,-0.320616126,0.248919249,0.011341462,-1.010184884,-0.347213358,-0.062348712
81,1619.988,1786878881916.428,13669734.363,0.000000000,-0.787802219,0.118888922,-0.315239310,1.356004000,-0.205793217,-0.235651284,-0.633735776,-0.104405567,-0.056406379,1.298550725,-0.595298469,-0.017433820,0.059651289,-0.048206721,0.363202512,0.227733314,0.501218677,-0.340940207,0.074909233,0.404158175,-0.732964158,0.732066691,-0.071547680,-0.323838472,0.248963490,0.003867211,-1.010425687,-0.345672816,-0.077871710
82,1640.023,1786878881936.463,13669754.398,0.000000000,-0.795659840,0.130662665,-0.305440515,1.386383414,-0.201207519,-0.212183386,-0.626423001,-0.102974802,-0.055460002,1.298985720,-0.619061708,0.020326434,0.065248631,-0.041018352,0.372520119,0.224782512,0.496966839,-0.333250701,0.074367948,0.402310133,-0.731590033,0.720613778,-0.074843146,-0.327426255,0.248985320,0.002840385,-1.010481238,-0.337262064,-0.090109527
83,1659.994,1786878881956.433,13669774.368,0.000000000,-0.801462948,0.138125092,-0.294414550,1.414206624,-0.230426788,-0.181230515,-0.620477617,-0.090562731,-0.042773612,1.310191035,-0.629623473,0.018687284,0.078255802,-0.036625370,0.387632549,0.215291992,0.493561804,-0.324606925,0.073569976,0.403639108,-0.727572799,0.712642968,-0.078208134,-0.333002448,0.249203414,0.004918365,-1.010491610,-0.323069453,-0.095800646
84,1680.020,1786878881976.460,13669794.395,0.000000000,-0.820005238,0.139755681,-0.275105596,1.387763858,-0.317378283,-0.156278849,-0.615913510,-0.073616855,-0.032534517,1.318570614,-0.631193221,0.011851817,0.081459746,-0.029045168,0.392805278,0.204562843,0.488444000,-0.314245582,0.073578566,0.406561911,-0.720930338,0.706765115,-0.078754671,-0.341383725,0.250063509,0.009407581,-1.010268092,-0.308434516,-0.097191229
85,1700.021,1786878881996.461,13669814.396,0.000000000,-0.848092675,0.136119843,-0.251991987,1.329862595,-0.378327250,-0.142629325,-0.611119211,-0.050409205,-0.025371114,1.329993606,-0.619161725,0.006905484,0.077597246,-0.015622967,0.393070787,0.194246277,0.483528852,-0.306323498,0.074060507,0.405975074,-0.714050055,0.703921497,-0.079185329,-0.352851301,0.252285719,0.014976919,-1.008594394,-0.297433525,-0.097195119
86,1720.020,1786878882016.459,13669834.394,0.000000000,-0.875765920,0.121575840,-0.229866609,1.264591455,-0.392836809,-0.136306420,-0.613377571,-0.028256986,-0.019296661,1.348948836,-0.596773446,0.006269003,0.076570205,-0.006031901,0.385819048,0.187406242,0.482796013,-0.304294348,0.075364321,0.401995063,-0.710086405,0.705169499,-0.079193428,-0.361957878,0.255689144,0.021418996,-1.004637837,-0.291675329,-0.092600852
87,1739.994,1786878882036.434,13669854.369,0.000000000,-0.893518150,0.100726828,-0.217754722,1.203718543,-0.372736245,-0.134220257,-0.615730345,-0.007783848,-0.019757688,1.368827105,-0.575793386,0.006477496,0.078340702,0.001877885,0.373462290,0.187370226,0.484767199,-0.306391031,0.075948335,0.396025091,-0.709460378,0.711688578,-0.079247959,-0.367266625,0.260105103,0.023967173,-1.003322124,-0.289748996,-0.080538452
88,1760.026,1786878882056.466,13669874.401,0.000000000,-0.896529973,0.089123420,-0.226757482,1.187238097,-0.351376534,-0.144092888,-0.611279607,0.009585312,-0.025176240,1.385650158,-0.565799654,0.004566360,0.084792264,0.004057642,0.363387346,0.190155461,0.493519813,-0.312100112,0.075979486,0.389786541,-0.711940885,0.726811707,-0.080211729,-0.364086896,0.264093757,0.022042735,-1.007405162,-0.289546281,-0.063871786
89,1779.994,1786878882076.434,13669894.369,0.000000000,-0.891896665,0.085439034,-0.237120360,1.202156544,-0.371938080,-0.155825391,-0.598822832,0.010958178,-0.033813283,1.394381523,-0.570619226,-0.004059284,0.086957417,-0.010358673,0.361446381,0.187378600,0.511594117,-0.318908781,0.075313985,0.388343781,-0.713816524,0.747624755,-0.081334144,-0.347293168,0.264775097,0.017458102,-1.019954562,-0.289188713,-0.046091743
90,1799.993,1786878882096.433,13669914.367,0.000000000,-0.887968779,0.080379769,-0.246446580,1.211634755,-0.386876076,-0.165119573,-0.584037602,0.010400806,-0.042422485,1.391714334,-0.583075345,-0.021233056,0.085487857,-0.023778185,0.361503243,0.178796515,0.528118908,-0.328731030,0.073357575,0.392173827,-0.713939965,0.767698348,-0.080050647,-0.329520613,0.262569457,0.007824117,-1.040555120,-0.289026856,-0.027992705
91,1820.000,1786878882116.440,13669934.375,0.000000000,-0.886650920,0.076611072,-0.255471349,1.220586300,-0.389692158,-0.170732096,-0.572910428,0.012413319,-0.047876082,1.386599541,-0.590422451,-0.033824813,0.084749334,-0.027351918,0.363401502,0.170633480,0.536933184,-0.338669866,0.069607072,0.395662218,-0.713987768,0.780374885,-0.078530245,-0.320246190,0.259371430,-0.001936763,-1.058454037,-0.289760709,-0.014834863
92,1839.990,1786878882136.430,13669954.365,0.000000000,-0.885421574,0.072005555,-0.267681867,1.237930298,-0.383908987,-0.176945537,-0.558881581,0.015934872,-0.052784599,1.380675554,-0.593650520,-0.046007402,0.084784068,-0.025282335,0.369009048,0.161494136,0.543968797,-0.352929860,0.061958425,0.399298668,-0.715917826,0.794452786,-0.078133412,-0.313490212,0.254294783,-0.013769483,-1.080577374,-0.293012738,0.001044621
93,1860.000,1786878882156.440,13669974.375,0.000000000,-0.883854628,0.069168068,-0.275707513,1.256303191,-0.375442445,-0.180649444,-0.547499061,0.017454537,-0.054761816,1.375813961,-0.593266368,-0.052113205,0.085711256,-0.019190038,0.373146713,0.157338127,0.545488596,-0.365302831,0.054621648,0.402844936,-0.722057104,0.805712521,-0.078093462,-0.311649591,0.249787271,-0.021302702,-1.097306728,-0.298189014,0.013744541
94,1880.010,1786878882176.449,13669994.384,0.000000000,-0.880869508,0.067635953,-0.278505027,1.270816088,-0.368886083,-0.182118163,-0.539379120,0.014866050,-0.055120829,1.372002125,-0.591062665,-0.053448640,0.086606711,-0.012716422,0.373975158,0.157287851,0.545322537,-0.376202554,0.048975322,0.404286951,-0.731000781,0.814558387,-0.077688932,-0.311769247,0.246108577,-0.023378253,-1.109369755,-0.303835720,0.023232192
95,1899.993,1786878882196.432,13670014.367,0.000000000,-0.876672566,0.066663221,-0.276901841,1.279608846,-0.364095747,-0.182302192,-0.534340024,0.008824524,-0.054190651,1.368416429,-0.587434530,-0.052049391,0.087090544,-0.007685201,0.372419745,0.159074023,0.544904768,-0.384649098,0.044569768,0.404581934,-0.740438759,0.820948303,-0.075956300,-0.312016040,0.242280170,-0.023259891,-1.118462682,-0.308430225,0.030588938
96,1920.003,1786878882216.443,13670034.378,0.000000000,-0.871782005,0.066870160,-0.271607995,1.282527685,-0.361493975,-0.181592017,-0.531868994,0.002552061,-0.050046600,1.363289237,-0.585066080,-0.050447568,0.087877259,-0.005236582,0.368715376,0.162525937,0.544848740,-0.389273047,0.040138982,0.404503077,-0.749831080,0.824808478,-0.072865732,-0.312083393,0.238809720,-0.022863228,-1.125887394,-0.311837554,0.035923321
97,1940.000,1786878882236.440,13670054.375,0.000000000,-0.865187705,0.066831894,-0.264512181,1.279639006,-0.362756193,-0.179839775,-0.529310048,-0.003351547,-0.043305311,1.355391264,-0.587743461,-0.050141431,0.087950461,-0.005485895,0.364711076,0.166365504,0.544916630,-0.390297413,0.035945412,0.404072225,-0.759917021,0.826336622,-0.068930209,-0.312107801,0.235494167,-0.022853727,-1.130552292,-0.315129071,0.038983777
98,1960.001,1786878882256.440,13670074.376,0.000000000,-0.857161939,0.065398000,-0.257763803,1.272775054,-0.369134545,-0.177539796,-0.524892390,-0.009255899,-0.036210883,1.344980597,-0.597441375,-0.050618369,0.086225964,-0.007290668,0.361437678,0.169174388,0.545272291,-0.389712870,0.032793161,0.403298914,-0.771414399,0.826627195,-0.065211147,-0.312794864,0.232714504,-0.023001622,-1.133110166,-0.318619281,0.039902490
99,1979.998,1786878882276.438,13670094.372,0.000000000,-0.849304259,0.062938720,-0.252815187,1.265164256,-0.380262107,-0.175162390,-0.518756747,-0.015237631,-0.031556372,1.334027052,-0.612479925,-0.052221768,0.081455454,-0.008826107,0.359644502,0.170686647,0.546110690,-0.388229191,0.030294314,0.402778506,-0.784244299,0.826627791,-0.063916735,-0.316290528,0.231870055,-0.023110708,-1.133913517,-0.322669059,0.039936606
100,2000.022,1786878882296.462,13670114.397,0.000000000,-0.843649924,0.060486004,-0.250094622,1.259334087,-0.393950284,-0.173318550,-0.513853610,-0.019712975,-0.028166872,1.324798346,-0.628573477,-0.053865064,0.076229490,-0.009146314,0.358536839,0.170724869,0.547487617,-0.387363315,0.026660826,0.402501881,-0.795521200,0.826262414,-0.063853651,-0.321727782,0.231671125,-0.023657076,-1.134053588,-0.326545984,0.039169826
101,2020.002,1786878882316.442,13670134.377,0.000000000,-0.840078354,0.057922427,-0.249185890,1.256284714,-0.407792926,-0.172418207,-0.511018813,-0.022483530,-0.024308924,1.318387985,-0.644087791,-0.055360321,0.072634548,-0.009156293,0.358402699,0.169760093,0.549072683,-0.386966497,0.021421179,0.402384400,-0.804804742,0.825428307,-0.063975796,-0.327510983,0.231534272,-0.024606830,-1.134053469,-0.329597354,0.037225340
102,2040.075,1786878882336.514,13670154.449,0.000000000,-0.838195741,0.055460718,-0.249519244,1.255851388,-0.420770168,-0.172163472,-0.510010123,-0.023969399,-0.020045727,1.314577937,-0.658522904,-0.056977939,0.070975631,-0.009158997,0.359036058,0.168007150,0.550438702,-0.386861831,0.015476719,0.402437896,-0.812404394,0.824392319,-0.064271435,-0.332593322,0.231463134,-0.025115060,-1.134007454,-0.332118511,0.034577545
103,2060.023,1786878882356.463,13670174.398,0.000000000,-0.837501287,0.053524259,-0.250650913,1.256937861,-0.429725438,-0.172276258,-0.509932041,-0.024605539,-0.017095918,1.313105822,-0.668564737,-0.058511838,0.070439987,-0.009153027,0.360161185,0.166426823,0.551204979,-0.386816651,0.010940928,0.402555853,-0.817241073,0.823874116,-0.064628005,-0.335601568,0.231443569,-0.025226541,-1.133967400,-0.333912432,0.032522757
104,2080.027,1786878882376.466,13670194.401,0.000000000,-0.837907135,0.050750047,-0.253816038,1.260053754,-0.440452099,-0.173134163,-0.510665417,-0.024934229,-0.014299713,1.312377810,-0.680757701,-0.060610343,0.069997534,-0.008836890,0.361818314,0.164194509,0.551825583,-0.386777908,0.005295562,0.402763933,-0.822725475,0.823525846,-0.064983889,-0.338455737,0.231469050,-0.025285536,-1.133894563,-0.336273402,0.029979959
105,2100.032,1786878882396.471,13670214.406,0.000000000,-0.839860916,0.047847863,-0.258839160,1.263696671,-0.450212836,-0.174858540,-0.512567341,-0.025088919,-0.013510828,1.312204242,-0.691485405,-0.062440015,0.069753692,-0.008292235,0.362843961,0.161573440,0.551955581,-0.386746496,0.000358312,0.403001070,-0.826768100,0.823273003,-0.065048315,-0.339796633,0.231539622,-0.025276765,-1.133788228,-0.338203520,0.028126393
106,2120.025,1786878882416.465,13670234.400,0.000000000,-0.842519164,0.044891130,-0.264489263,1.266587734,-0.459397256,-0.176887080,-0.515427113,-0.025184548,-0.013505387,1.312222719,-0.701137781,-0.064055555,0.069670305,-0.008265908,0.363330007,0.158796594,0.552023947,-0.386754006,-0.004219803,0.403257817,-0.829571843,0.823171735,-0.065076128,-0.339938909,0.231716618,-0.025284739,-1.133651972,-0.339812607,0.027420228
107,2140.026,1786878882436.466,13670254.401,0.000000000,-0.845426142,0.041737106,-0.270386785,1.269322515,-0.467405617,-0.178822771,-0.518206060,-0.025196750,-0.013920275,1.312268972,-0.710096240,-0.065748826,0.069453567,-0.008422179,0.363914579,0.155812517,0.552165389,-0.386804968,-0.008084767,0.403475791,-0.831932783,0.823123693,-0.065200090,-0.339962959,0.232113108,-0.025349282,-1.133468509,-0.341234654,0.027308032
108,2160.012,1786878882456.451,13670274.386,0.000000000,-0.848325074,0.038555074,-0.276348561,1.271808743,-0.474748045,-0.180519268,-0.520629585,-0.025047563,-0.014714252,1.312211037,-0.718667269,-0.067896962,0.068899281,-0.008528674,0.364536166,0.153008118,0.552662849,-0.386890113,-0.011718490,0.403705776,-0.833954871,0.823121786,-0.065256499,-0.340005517,0.232285216,-0.025457198,-1.133324981,-0.342469007,0.027417269
109,2180.027,1786878882476.466,13670294.401,0.000000000,-0.850966513,0.035600431,-0.282025665,1.273976922,-0.481697738,-0.181989074,-0.522808313,-0.024495739,-0.015242451,1.312106967,-0.726808429,-0.070496865,0.068262421,-0.008610941,0.365076661,0.150635496,0.553615093,-0.386990339,-0.015370853,0.403932422,-0.835754097,0.823180318,-0.065296039,-0.340071768,0.232351691,-0.025655946,-1.133231640,-0.343013644,0.028168194
110,2200.024,1786878882496.463,13670314.398,0.000000000,-0.853431761,0.032780398,-0.287319571,1.275874972,-0.488124728,-0.183212712,-0.524816990,-0.023708651,-0.015439604,1.311781049,-0.734766304,-0.073876217,0.067551486,-0.008663762,0.365251362,0.148894608,0.554973364,-0.387174308,-0.019236377,0.404142082,-0.837258637,0.823438108,-0.065328628,-0.340161532,0.232352555,-0.026161337,-1.133239865,-0.343131304,0.030707236
111,2220.028,1786878882516.468,13670334.403,0.000000000,-0.855472088,0.030176278,-0.292037725,1.277345061,-0.494014472,-0.184193105,-0.526468098,-0.023000002,-0.015482225,1.311051011,-0.742458224,-0.077557079,0.066842869,-0.008692667,0.365280032,0.147699416,0.556621730,-0.387561589,-0.023345167,0.404342920,-0.838397145,0.824247599,-0.065358758,-0.340291113,0.232314765,-0.027033504,-1.133354425,-0.343171507,0.034510843
112,2240.041,1786878882536.481,13670354.416,0.000000000,-0.857024193,0.027795760,-0.296162188,1.278299332,-0.499336153,-0.184940115,-0.527721822,-0.022475010,-0.015425128,1.309761643,-0.749879777,-0.081430018,0.066120200,-0.008718115,0.365256906,0.147033244,0.558411121,-0.388148606,-0.027646467,0.404530823,-0.839213789,0.825744092,-0.065388061,-0.340414375,0.232253835,-0.028328091,-1.133571148,-0.343187481,0.039163899
113,2259.991,1786878882556.430,13670374.365,0.000000000,-0.858089745,0.025656309,-0.299703717,1.278724432,-0.504129171,-0.185459599,-0.528539777,-0.022160726,-0.015299802,1.307768703,-0.757148743,-0.085484885,0.065354280,-0.008738872,0.365200669,0.146835968,0.560181439,-0.388843477,-0.031939737,0.404703170,-0.839831173,0.827688456,-0.065418422,-0.340512425,0.232176423,-0.029947812,-1.133877397,-0.343199700,0.044276122
114,2280.023,1786878882576.463,13670394.398,0.000000000,-0.858819842,0.023789151,-0.302653283,1.278789043,-0.508378446,-0.185816199,-0.528929889,-0.022058312,-0.015139217,1.304971099,-0.764562964,-0.089866079,0.064618349,-0.008749454,0.365063041,0.146792740,0.561831653,-0.389668256,-0.035925504,0.404857546,-0.840327799,0.829818845,-0.065447129,-0.340627134,0.232083157,-0.031730652,-1.134337544,-0.343220562,0.049480472
115,2299.991,1786878882596.431,13670414.366,0.000000000,-0.859345675,0.022631161,-0.304487646,1.278718948,-0.511279464,-0.186005995,-0.529064298,-0.022043590,-0.014979796,1.302294135,-0.770451128,-0.093505353,0.064131923,-0.008751198,0.364739686,0.146779984,0.562952161,-0.390336096,-0.038636189,0.404957175,-0.840594351,0.831380069,-0.065465622,-0.340743959,0.232008144,-0.033088882,-1.134885311,-0.343250543,0.053294089
116,2319.989,1786878882616.429,13670434.364,0.000000000,-0.860040069,0.021457613,-0.306458533,1.278403401,-0.515050948,-0.186153427,-0.529031694,-0.022062471,-0.014686043,1.297796488,-0.779020190,-0.098721832,0.063574895,-0.008753860,0.363989383,0.146773472,0.564248323,-0.391180485,-0.041879527,0.405064911,-0.840795577,0.833273709,-0.065489262,-0.340976834,0.231900439,-0.034922268,-1.135930896,-0.343312055,0.058135010
117,2339.988,1786878882636.428,13670454.363,0.000000000,-0.861717761,0.020436298,-0.307235479,1.279176593,-0.516504705,-0.186222762,-0.528466403,-0.022513099,-0.014530649,1.292271376,-0.788585067,-0.104183652,0.062717661,-0.008942230,0.363285333,0.146752298,0.565499067,-0.391697526,-0.044706635,0.405160815,-0.840918839,0.834810019,-0.065544724,-0.341250211,0.231782660,-0.036784366,-1.137224913,-0.343395114,0.062430046
118,2359.989,1786878882656.429,13670474.364,0.000000000,-0.863673508,0.018712677,-0.307168275,1.280673146,-0.515535235,-0.186109632,-0.526526153,-0.023844138,-0.014652681,1.285660505,-0.799560428,-0.110046357,0.061194319,-0.009719112,0.363275349,0.146710142,0.567344010,-0.391794145,-0.046727825,0.405229241,-0.841013670,0.835972250,-0.065580755,-0.341416389,0.231673345,-0.038369704,-1.138433695,-0.343609303,0.065853558
119,2379.989,1786878882676.429,13670494.364,0.000000000,-0.865593731,0.017083447,-0.306515336,1.281701565,-0.514641345,-0.185882702,-0.523545504,-0.025463114,-0.014801460,1.276873350,-0.813047171,-0.116453856,0.059669573,-0.010861020,0.362976104,0.146697611,0.569966316,-0.391823053,-0.047667984,0.405209213,-0.841063678,0.836763740,-0.065566182,-0.341609895,0.231572002,-0.039501458,-1.139307857,-0.344289571,0.068541400
120,2399.989,1786878882696.429,13670514.364,0.000000000,-0.867533803,0.015884003,-0.305289388,1.282804608,-0.513752341,-0.185350597,-0.520295680,-0.027123123,-0.014732259,1.267298460,-0.826993287,-0.121659271,0.058583189,-0.012025153,0.362688661,0.146664560,0.572880149,-0.391821921,-0.047890741,0.405154288,-0.841038287,0.837208569,-0.065562934,-0.341958165,0.231259719,-0.040498205,-1.140468240,-0.345617741,0.070554949
121,2419.990,1786878882716.430,13670534.365,0.000000000,-0.867196739,0.014516125,-0.306054860,1.283950329,-0.512811184,-0.184645399,-0.519199014,-0.027525390,-0.014827433,1.266731501,-0.827683032,-0.121789448,0.056085307,-0.011092449,0.365145624,0.146632761,0.574918509,-0.391818583,-0.047936607,0.405203789,-0.840844691,0.837360561,-0.065595277,-0.342404783,0.230389014,-0.040933572,-1.142463446,-0.347430557,0.071951419
122,2439.997,1786878882736.437,13670554.372,0.000000000,-0.866578817,0.013039218,-0.307675391,1.284411669,-0.511427164,-0.183567718,-0.518279731,-0.027455790,-0.015622873,1.266584158,-0.825089335,-0.122196242,0.053284686,-0.009351437,0.366974533,0.146831051,0.575896323,-0.391874582,-0.047915664,0.405350506,-0.840441585,0.837444007,-0.064642921,-0.342766285,0.229523644,-0.040938303,-1.144848943,-0.349224091,0.073720455
123,2459.991,1786878882756.430,13670574.365,0.000000000,-0.866598070,0.011987161,-0.308182269,1.283912182,-0.509814978,-0.182106197,-0.518456161,-0.027418649,-0.015492466,1.265611529,-0.822620094,-0.123348013,0.051830284,-0.008729644,0.366475433,0.147522718,0.576440096,-0.391911596,-0.047917578,0.405487210,-0.840156734,0.837631583,-0.062566020,-0.342840970,0.229042456,-0.040880531,-1.147002459,-0.351472259,0.075914346
124,2479.989,1786878882776.429,13670594.364,0.000000000,-0.866612673,0.011099371,-0.308305502,1.282878876,-0.508181810,-0.180528060,-0.518604696,-0.027418479,-0.015124679,1.263760209,-0.820354342,-0.124978818,0.050825655,-0.008668918,0.364921659,0.148613334,0.576768398,-0.391945362,-0.047931958,0.405606419,-0.840000927,0.838224769,-0.060346071,-0.342875361,0.228912726,-0.040833082,-1.148634195,-0.354524761,0.078289784
125,2499.988,1786878882796.428,13670614.363,0.000000000,-0.866472363,0.010216066,-0.308311492,1.281686783,-0.506642461,-0.178872168,-0.518546820,-0.027446887,-0.014703593,1.261512160,-0.818153083,-0.127119318,0.049920693,-0.008748285,0.363027543,0.149851546,0.577117324,-0.391983867,-0.047946613,0.405711681,-0.839860141,0.839245737,-0.058468174,-0.342892140,0.228827193,-0.040812485,-1.149562120,-0.358210027,0.080605030
126,2519.989,1786878882816.429,13670634.364,0.000000000,-0.865591109,0.009099795,-0.308185011,1.280458689,-0.505231738,-0.177137464,-0.517719686,-0.027723584,-0.014225432,1.259183049,-0.816076756,-0.129426122,0.048935529,-0.009018187,0.361876965,0.150833264,0.577785611,-0.392012268,-0.047969468,0.405801266,-0.839639425,0.840442479,-0.057363771,-0.342890620,0.228749856,-0.040812686,-1.149986863,-0.362038642,0.082697175
127,2539.991,1786878882836.431,13670654.366,0.000000000,-0.864642382,0.008108116,-0.308038056,1.279682755,-0.504304111,-0.175788745,-0.516757190,-0.028090863,-0.013853234,1.257527113,-0.814637899,-0.131037861,0.048145600,-0.009291952,0.361416101,0.151382133,0.578486025,-0.392028660,-0.047991205,0.405878365,-0.839331686,0.841318667,-0.057014704,-0.342882633,0.228691891,-0.040822215,-1.150218844,-0.364803225,0.084163047
128,2559.991,1786878882856.431,13670674.366,0.000000000,-0.863407373,0.006641669,-0.307862848,1.279106140,-0.503349662,-0.173952147,-0.515363216,-0.028707448,-0.013399697,1.255596042,-0.812948525,-0.132973805,0.047081683,-0.009556257,0.360961497,0.151946038,0.579480827,-0.392047524,-0.048016451,0.406003445,-0.838655889,0.842384398,-0.056922570,-0.342867464,0.228603706,-0.040853254,-1.150474548,-0.368169397,0.085966602
129,2579.992,1786878882876.431,13670694.366,0.000000000,-0.862269759,0.004919864,-0.307707250,1.279074192,-0.502737761,-0.172128469,-0.513914227,-0.029558027,-0.013009582,1.254094839,-0.811614156,-0.134709418,0.046048552,-0.009710739,0.360628396,0.152293473,0.580371320,-0.392057538,-0.048024748,0.406133652,-0.837707818,0.843349576,-0.056890845,-0.342839837,0.228503704,-0.040900141,-1.150673151,-0.371117264,0.087511368
130,2599.991,1786878882896.431,13670714.366,0.000000000,-0.861361682,0.002972516,-0.307534784,1.279547572,-0.502411246,-0.170335352,-0.512600541,-0.030598778,-0.012609513,1.253059983,-0.810609758,-0.136309966,0.045064948,-0.009816055,0.360308826,0.152499571,0.581021190,-0.392054290,-0.048018660,0.406269282,-0.836620629,0.844292164,-0.056857664,-0.342799604,0.228406832,-0.040940300,-1.150808334,-0.373805821,0.088925816
131,2619.990,1786878882916.430,13670734.365,0.000000000,-0.860841930,0.000855554,-0.307382971,1.280541062,-0.502334356,-0.168559626,-0.511575460,-0.031747561,-0.012210288,1.252476931,-0.809894383,-0.137821406,0.044081762,-0.009860868,0.359853834,0.152641535,0.581329644,-0.392040342,-0.048004691,0.406425953,-0.835494876,0.845171094,-0.056823507,-0.342745662,0.228318989,-0.040976591,-1.150883079,-0.376357526,0.090295248
132,2639.993,1786878882936.433,13670754.368,0.000000000,-0.860547900,-0.001333700,-0.307280928,1.281966805,-0.502502978,-0.166838050,-0.510694683,-0.032925311,-0.011827201,1.252236128,-0.809399486,-0.139180481,0.043142401,-0.009887499,0.359459817,0.152707174,0.581418514,-0.392014116,-0.047989562,0.406600863,-0.834438026,0.845881164,-0.056795541,-0.342674881,0.228238985,-0.041018255,-1.150910378,-0.378821135,0.091627210
133,2659.992,1786878882956.432,13670774.366,0.000000000,-0.860345483,-0.003432500,-0.307253659,1.283732176,-0.502925873,-0.165194795,-0.509844899,-0.033994306,-0.011446163,1.252170324,-0.809026778,-0.140249729,0.042340934,-0.009910683,0.359278470,0.152754247,0.581477940,-0.391976863,-0.047972657,0.406792313,-0.833532453,0.846395135,-0.056771263,-0.342556596,0.228160426,-0.041066512,-1.150894403,-0.381210089,0.093000986
134,2679.990,1786878882976.430,13670794.365,0.000000000,-0.860260606,-0.005356766,-0.307325751,1.285730362,-0.503579557,-0.163636297,-0.509081662,-0.034884673,-0.011083312,1.252161622,-0.808702230,-0.141069248,0.041732918,-0.009934300,0.359206408,0.152799040,0.581534624,-0.391932696,-0.047948074,0.407001495,-0.832760394,0.846718431,-0.056740660,-0.342300147,0.228079349,-0.041117609,-1.150844336,-0.383481145,0.094568685
135,2699.990,1786878882996.430,13670814.365,0.000000000,-0.860310853,-0.006874024,-0.307409436,1.287845254,-0.504436016,-0.162231028,-0.508575678,-0.035348974,-0.010535432,1.252167702,-0.808323383,-0.141964018,0.041491318,-0.009971251,0.359092891,0.152936995,0.581599951,-0.391896188,-0.047958821,0.407228917,-0.832183659,0.846939623,-0.056706861,-0.341580123,0.227982655,-0.041192982,-1.150859594,-0.385602474,0.096591726
136,2719.998,1786878883016.438,13670834.372,0.000000000,-0.860616148,-0.008098533,-0.307516664,1.290277958,-0.505442739,-0.160912320,-0.508421957,-0.035468560,-0.009866122,1.252470016,-0.807985246,-0.143307522,0.041343212,-0.010023101,0.358967483,0.153369173,0.581742883,-0.391876698,-0.048033599,0.407863259,-0.831959426,0.847317696,-0.056686603,-0.340479046,0.227900654,-0.041348007,-1.150980830,-0.387869209,0.098679915
137,2739.991,1786878883036.431,13670854.366,0.000000000,-0.861355603,-0.009630711,-0.308155119,1.293436527,-0.506734371,-0.159726784,-0.508350849,-0.035606705,-0.009597285,1.253157139,-0.807921350,-0.144303590,0.040431466,-0.009870472,0.358883053,0.154229119,0.581912398,-0.391829938,-0.048125215,0.409456253,-0.831900775,0.847630382,-0.056673765,-0.339642882,0.227822363,-0.041854672,-1.151149750,-0.390382230,0.100980558
138,2759.989,1786878883056.428,13670874.363,0.000000000,-0.862378180,-0.011354782,-0.309239447,1.297185898,-0.508344531,-0.158660084,-0.508289337,-0.035690192,-0.009623704,1.254131079,-0.808115661,-0.144973084,0.038915213,-0.009620918,0.358880877,0.155281976,0.582018971,-0.391759098,-0.048197541,0.411840081,-0.831891239,0.847745001,-0.056652248,-0.338932127,0.227727264,-0.042694978,-1.151319742,-0.392690361,0.103628792
139,2779.990,1786878883076.430,13670894.365,0.000000000,-0.863013864,-0.012416398,-0.310012788,1.300161123,-0.509791732,-0.157828912,-0.508118331,-0.035640758,-0.009620788,1.254851580,-0.808296561,-0.145291314,0.037877016,-0.009441499,0.359040320,0.155891925,0.582038403,-0.391728848,-0.048231822,0.413843811,-0.831892729,0.847764790,-0.056623377,-0.338336617,0.227529928,-0.043337569,-1.151505947,-0.394182444,0.105926052
140,2799.990,1786878883096.429,13670914.364,0.000000000,-0.863623083,-0.013286348,-0.310902983,1.304093719,-0.511943460,-0.156657919,-0.507733643,-0.035301629,-0.009541414,1.255460382,-0.808349252,-0.145652771,0.036778141,-0.009114434,0.359273762,0.156245083,0.581964672,-0.391736150,-0.048267376,0.416747749,-0.831906676,0.847715437,-0.056453727,-0.337164283,0.226975963,-0.044144917,-1.152069688,-0.395709664,0.109596051
141,2819.990,1786878883116.429,13670934.364,0.000000000,-0.863951504,-0.013956046,-0.311839104,1.307815790,-0.514115691,-0.155491352,-0.507062316,-0.034798726,-0.009488408,1.255601048,-0.808203638,-0.146135926,0.035698574,-0.008675292,0.359479368,0.156287000,0.581859291,-0.391748399,-0.048340205,0.419585377,-0.831960082,0.847490191,-0.055886623,-0.335480511,0.225944385,-0.045090746,-1.152859807,-0.396834493,0.113813959
142,2839.992,1786878883136.432,13670954.366,0.000000000,-0.863960147,-0.014778378,-0.312810987,1.311153054,-0.516198099,-0.154274195,-0.506016493,-0.034356989,-0.009510548,1.255277753,-0.807963610,-0.147220582,0.034376368,-0.008173541,0.359596163,0.156279296,0.581646383,-0.391741246,-0.048448715,0.422049314,-0.832046270,0.846951008,-0.054580320,-0.333192676,0.224214271,-0.046237063,-1.153305173,-0.397818655,0.118203230
143,2859.991,1786878883156.431,13670974.366,0.000000000,-0.863899708,-0.015704777,-0.314038336,1.313884497,-0.518062294,-0.152982086,-0.504780948,-0.033906206,-0.009879282,1.254180551,-0.807454407,-0.148925856,0.032729425,-0.007306124,0.359587282,0.156240597,0.580944180,-0.391602963,-0.048636295,0.424608469,-0.832142591,0.846055865,-0.052248020,-0.330361217,0.221781060,-0.047945224,-1.153911471,-0.398597300,0.122567780
144,2879.990,1786878883176.429,13670994.364,0.000000000,-0.863632679,-0.017239125,-0.315145522,1.315603018,-0.519404888,-0.151591837,-0.503342390,-0.034263369,-0.010604302,1.252491832,-0.806851089,-0.150612459,0.030474305,-0.006602187,0.359646022,0.156010851,0.579554379,-0.391220659,-0.048752706,0.426953942,-0.832242072,0.844254255,-0.048734270,-0.326690763,0.218926817,-0.050286423,-1.154663801,-0.399153888,0.126935691
145,2899.990,1786878883196.430,13671014.365,0.000000000,-0.862978458,-0.019085255,-0.315730095,1.316562176,-0.520329058,-0.150096998,-0.501686037,-0.035389591,-0.011286625,1.250507712,-0.806139529,-0.151699558,0.027897246,-0.006274705,0.359832525,0.155451939,0.577424526,-0.390731156,-0.048810367,0.428147286,-0.832335413,0.841746747,-0.044687081,-0.322589189,0.216307089,-0.052699890,-1.156415343,-0.399958760,0.131238341
146,2919.993,1786878883216.433,13671034.367,0.000000000,-0.862177491,-0.020466045,-0.316118568,1.317493796,-0.521235347,-0.148532510,-0.499907881,-0.036429804,-0.011948345,1.248180270,-0.805031657,-0.152092338,0.025534514,-0.005488288,0.359930098,0.154609919,0.574884415,-0.390485495,-0.048865110,0.428414673,-0.832419455,0.839224577,-0.040679440,-0.318803459,0.213963583,-0.054751642,-1.159577847,-0.401257664,0.135630578
147,2939.995,1786878883236.434,13671054.369,0.000000000,-0.861250162,-0.021252070,-0.316203028,1.318286777,-0.522111833,-0.146954268,-0.498216242,-0.037141889,-0.012256591,1.245559454,-0.803543091,-0.152325064,0.023900345,-0.004373338,0.359967798,0.153406724,0.572026730,-0.390297621,-0.048942775,0.428608596,-0.832504511,0.837027133,-0.036685005,-0.315739363,0.211912781,-0.055886816,-1.162521601,-0.402631015,0.139882207
148,2959.992,1786878883256.432,13671074.367,0.000000000,-0.859828174,-0.021757053,-0.316099703,1.318785548,-0.522902787,-0.145489842,-0.496180296,-0.037697870,-0.012327850,1.242718339,-0.801886261,-0.152532995,0.022215769,-0.003340850,0.360556871,0.152454510,0.569719017,-0.389787912,-0.049335267,0.428955138,-0.832628131,0.835259557,-0.033379000,-0.312740535,0.209651828,-0.056250069,-1.165771604,-0.404420227,0.144726112
149,2979.989,1786878883276.428,13671094.363,0.000000000,-0.858205438,-0.022257723,-0.315882921,1.318934560,-0.523597419,-0.144040272,-0.493979901,-0.038341377,-0.012347684,1.239660263,-0.800277472,-0.152672708,0.019981604,-0.002631744,0.361295611,0.152269289,0.568663001,-0.388917387,-0.050095186,0.429440171,-0.832921445,0.833659232,-0.030652529,-0.309277326,0.206959188,-0.056348462,-1.169131398,-0.406278789,0.149795145
150,2999.993,1786878883296.433,13671114.368,0.000000000,-0.857451200,-0.022494586,-0.315514266,1.318900943,-0.524110794,-0.142601013,-0.492876798,-0.038878962,-0.012240068,1.236719012,-0.798460424,-0.152791485,0.018054742,-0.002113665,0.361053467,0.152239263,0.568504632,-0.388040423,-0.051001299,0.429800838,-0.833485723,0.831882894,-0.027748169,-0.305851549,0.204199448,-0.056421001,-1.171153903,-0.407783866,0.154115930
151,3019.989,1786878883316.429,13671134.364,0.000000000,-0.857305765,-0.022512291,-0.315274626,1.318876386,-0.524330854,-0.141529754,-0.492553234,-0.039148498,-0.012173380,1.234614372,-0.796890199,-0.152858272,0.016665274,-0.001811174,0.360784501,0.152229145,0.568507671,-0.387276053,-0.052276552,0.429928333,-0.833807528,0.830467522,-0.025808433,-0.303500533,0.202262521,-0.056515794,-1.171798229,-0.408807099,0.156657144
152,3039.993,1786878883336.433,13671154.368,0.000000000,-0.857344925,-0.022519721,-0.314994246,1.318871975,-0.524475098,-0.140100375,-0.492367744,-0.039515462,-0.012159655,1.231917024,-0.794662654,-0.152914301,0.014607009,-0.001667038,0.360519350,0.152211994,0.568552256,-0.386588544,-0.055250984,0.430030167,-0.833945572,0.828660667,-0.023641888,-0.300581425,0.199855208,-0.056776617,-1.172412753,-0.410055399,0.159243137
153,3059.992,1786878883356.432,13671174.367,0.000000000,-0.857628345,-0.022594087,-0.314803958,1.319032431,-0.524641573,-0.138681293,-0.492350698,-0.039922543,-0.012273141,1.229388952,-0.792529523,-0.153000876,0.012066025,-0.001688484,0.360371083,0.152198792,0.568574965,-0.386406660,-0.059360202,0.430183172,-0.834058583,0.826978683,-0.022032896,-0.297825783,0.197633371,-0.057125073,-1.173057437,-0.411147028,0.161130011
154,3079.989,1786878883376.429,13671194.364,0.000000000,-0.858176529,-0.022669602,-0.314945400,1.319681764,-0.525134027,-0.137296274,-0.492329746,-0.040160198,-0.012656936,1.227048993,-0.790776432,-0.153127536,0.008745383,-0.001712009,0.360298634,0.152206779,0.568521738,-0.386343062,-0.064293191,0.430429131,-0.834252715,0.824929893,-0.021047752,-0.294874936,0.195541993,-0.057478718,-1.173928380,-0.412095994,0.162816450
155,3099.989,1786878883396.429,13671214.364,0.000000000,-0.858759046,-0.022697752,-0.315126598,1.320872903,-0.526030004,-0.135930151,-0.492310911,-0.040356934,-0.013056009,1.225174785,-0.789397359,-0.153250501,0.005236134,-0.001870069,0.360242665,0.152186930,0.568427265,-0.386284173,-0.069158494,0.430722475,-0.834749699,0.822510719,-0.020288005,-0.291868627,0.193757102,-0.057792161,-1.174470067,-0.412753582,0.164246559
156,3119.988,1786878883416.428,13671234.363,0.000000000,-0.859314680,-0.022710811,-0.315257341,1.322511315,-0.527273297,-0.134583220,-0.492313623,-0.040569264,-0.013379187,1.223783135,-0.788332760,-0.153346613,0.001897960,-0.002225373,0.360123098,0.152144104,0.568284273,-0.386216670,-0.073373988,0.431037217,-0.835381567,0.820021331,-0.019439397,-0.288876534,0.192283243,-0.058112562,-1.174830794,-0.413231045,0.165482804
157,3139.989,1786878883436.428,13671254.364,0.000000000,-0.860332787,-0.023055961,-0.316353053,1.324619293,-0.528713465,-0.133317769,-0.492119372,-0.040712472,-0.014700836,1.222170234,-0.787395656,-0.153435946,-0.002026401,-0.002003543,0.359540254,0.152080387,0.567865431,-0.386184871,-0.076393239,0.431363761,-0.836093724,0.817953646,-0.018464694,-0.286329448,0.191446275,-0.058386050,-1.175047636,-0.413554758,0.166607901
158,3159.992,1786878883456.432,13671274.367,0.000000000,-0.861842573,-0.023872184,-0.319033891,1.326755643,-0.530043364,-0.132129729,-0.491412550,-0.040675230,-0.017680673,1.219527245,-0.786160648,-0.153620109,-0.007030606,-0.000860230,0.358544350,0.151356190,0.567171156,-0.386228353,-0.077799186,0.431683362,-0.836841106,0.816843271,-0.017641811,-0.284502894,0.191305757,-0.058462042,-1.175038338,-0.413997740,0.167720884
159,3179.989,1786878883476.429,13671294.364,0.000000000,-0.862967670,-0.024464846,-0.321131200,1.328411579,-0.531230211,-0.130954131,-0.490884990,-0.040626965,-0.019995548,1.216979861,-0.784724057,-0.153995335,-0.010846855,-0.000397639,0.357673377,0.149530649,0.566839099,-0.386293650,-0.078252107,0.431999505,-0.837291777,0.816428661,-0.016764419,-0.282909364,0.191230148,-0.058534387,-1.174937367,-0.414722979,0.168741181
160,3199.987,1786878883496.427,13671314.362,0.000000000,-0.863682032,-0.024988271,-0.322064102,1.329779983,-0.532300413,-0.129760325,-0.490879655,-0.040895678,-0.021079859,1.215324044,-0.783408701,-0.154707655,-0.012853814,-0.000784231,0.357214183,0.146575153,0.566754997,-0.386357725,-0.078332551,0.432190865,-0.837487817,0.816295862,-0.015966456,-0.281822532,0.191182524,-0.058679745,-1.174741745,-0.415783137,0.169172421
161,3219.987,1786878883516.427,13671334.362,0.000000000,-0.864373446,-0.025398357,-0.322246879,1.331270695,-0.533534765,-0.128517836,-0.491383493,-0.041374568,-0.021440085,1.214412808,-0.782395542,-0.155507311,-0.013507851,-0.001320473,0.356867254,0.142928317,0.566583574,-0.386409253,-0.078342326,0.432250857,-0.837593079,0.816263199,-0.015201367,-0.281223714,0.191150174,-0.059011180,-1.174466133,-0.417114198,0.169306979
162,3239.987,1786878883536.427,13671354.362,0.000000000,-0.865278959,-0.025606224,-0.322282761,1.333096862,-0.534968734,-0.127319008,-0.492232591,-0.041764189,-0.021601612,1.213845730,-0.781489134,-0.155994371,-0.013692369,-0.001477154,0.356429160,0.139117807,0.566449344,-0.386442959,-0.078304499,0.432207108,-0.837659597,0.816316247,-0.014576511,-0.280638635,0.191117421,-0.059585974,-1.173654079,-0.418455780,0.169432476
163,3259.990,1786878883556.430,13671374.365,0.000000000,-0.865995646,-0.025939070,-0.322342843,1.335062385,-0.536440194,-0.126189739,-0.492866784,-0.042246580,-0.021764392,1.213410974,-0.780715704,-0.156223148,-0.013733102,-0.001309679,0.356240749,0.135080367,0.566424727,-0.386463612,-0.078235134,0.432096690,-0.837676585,0.816430330,-0.014337263,-0.279986769,0.191085160,-0.060367033,-1.172637939,-0.419668138,0.169537172
164,3279.997,1786878883576.436,13671394.371,0.000000000,-0.866413593,-0.026363688,-0.322457135,1.336629748,-0.537588716,-0.125345156,-0.493142754,-0.042708959,-0.021963213,1.213168621,-0.780267656,-0.156321511,-0.013758993,-0.000921917,0.356176317,0.131952286,0.566413879,-0.386488438,-0.078191750,0.432017922,-0.837668955,0.816573918,-0.014299594,-0.279567450,0.191061407,-0.061162364,-1.171987414,-0.420552343,0.169587776
165,3299.992,1786878883596.432,13671414.367,0.000000000,-0.867056012,-0.027146596,-0.323144823,1.338934064,-0.539107025,-0.124273345,-0.493302763,-0.043324910,-0.022835914,1.212830901,-0.779557943,-0.156403959,-0.013926467,0.000424748,0.355971485,0.127525464,0.566392124,-0.386733294,-0.078056350,0.431926906,-0.837621391,0.816791058,-0.014277830,-0.279223025,0.191022977,-0.062077019,-1.170142055,-0.421635419,0.169620827
166,3320.022,1786878883616.461,13671434.396,0.000000000,-0.867894471,-0.027934832,-0.324839473,1.341524959,-0.540508211,-0.123306401,-0.493304998,-0.043666888,-0.024880057,1.212360859,-0.778148592,-0.156491056,-0.013855987,0.003471935,0.355667770,0.121690720,0.566367328,-0.387464523,-0.077876315,0.431863368,-0.837413192,0.816841722,-0.014275004,-0.279174179,0.190966114,-0.062283281,-1.166350126,-0.422311574,0.169637188
167,3339.992,1786878883636.431,13671454.366,0.000000000,-0.868305743,-0.028268497,-0.326153457,1.344141006,-0.541999042,-0.122254513,-0.493270278,-0.043720741,-0.026446138,1.212023973,-0.776431322,-0.156580120,-0.013030206,0.007240933,0.355479896,0.114533328,0.566334248,-0.388452142,-0.077793829,0.431824952,-0.837085068,0.816811681,-0.014314954,-0.279139042,0.190921023,-0.062406190,-1.162611127,-0.422862202,0.169679880
168,3359.989,1786878883656.429,13671474.364,0.000000000,-0.868060350,-0.028414806,-0.326220453,1.346253991,-0.543370485,-0.121038713,-0.493187547,-0.044564206,-0.027563477,1.211804628,-0.775095165,-0.156641752,-0.011634367,0.010517962,0.355333239,0.106810227,0.566304624,-0.389298677,-0.077757582,0.431760013,-0.836731434,0.816719770,-0.014369952,-0.279082686,0.190919682,-0.062497571,-1.159322143,-0.423623115,0.169733286
169,3379.989,1786878883676.428,13671494.363,0.000000000,-0.867010474,-0.028498920,-0.324481189,1.347455382,-0.544425964,-0.119599476,-0.493360162,-0.046815757,-0.028111598,1.212223053,-0.774011791,-0.156498820,-0.009657549,0.012296028,0.355292797,0.099193379,0.566311479,-0.389776915,-0.077730872,0.431617707,-0.836347640,0.816588104,-0.014423438,-0.279037029,0.190960273,-0.062508233,-1.156035185,-0.424754560,0.169747025
170,3399.990,1786878883696.430,13671514.365,0.000000000,-0.865617514,-0.028551906,-0.321690530,1.348412037,-0.545387924,-0.118033268,-0.493848920,-0.049754821,-0.028020250,1.213387609,-0.772990584,-0.155641973,-0.007817728,0.012981579,0.355291247,0.092568308,0.566505313,-0.389882565,-0.077681936,0.431401998,-0.836127877,0.816483855,-0.014569019,-0.279049188,0.191007793,-0.062381428,-1.152596235,-0.426314116,0.169677615
171,3419.989,1786878883716.429,13671534.364,0.000000000,-0.864142835,-0.028556589,-0.318882167,1.349387407,-0.546258748,-0.116539359,-0.494307101,-0.052403159,-0.027409554,1.214587331,-0.771991968,-0.154104173,-0.006689769,0.013096592,0.355273157,0.087129988,0.567217469,-0.389970839,-0.077677689,0.431146830,-0.835968792,0.816457450,-0.015094582,-0.279155761,0.191071272,-0.062034957,-1.149427652,-0.427911460,0.169423640
172,3439.989,1786878883736.428,13671554.363,0.000000000,-0.862699449,-0.028543364,-0.316680342,1.350271106,-0.547004521,-0.115215726,-0.494518191,-0.054355919,-0.026585754,1.215272188,-0.770783424,-0.152067721,-0.006197740,0.013082416,0.355225295,0.082493700,0.568504632,-0.390444696,-0.077692337,0.431013048,-0.835803986,0.816478431,-0.015842494,-0.279537529,0.191161498,-0.061009649,-1.146638751,-0.429145396,0.168310955
173,3459.992,1786878883756.432,13671574.367,0.000000000,-0.861199915,-0.028548609,-0.314986467,1.350852847,-0.547559202,-0.114027955,-0.494539142,-0.055888273,-0.025873911,1.215521455,-0.769287884,-0.150481626,-0.005842203,0.012947502,0.355179429,0.078259364,0.570209324,-0.391435146,-0.077690147,0.431033373,-0.835688174,0.816498876,-0.016555527,-0.280533701,0.191374645,-0.059069704,-1.143439531,-0.429812402,0.166690528
174,3479.990,1786878883776.430,13671594.365,0.000000000,-0.859920681,-0.028695092,-0.314097643,1.351163030,-0.547836363,-0.112992950,-0.494475543,-0.057164844,-0.025845921,1.215287685,-0.767408013,-0.149306446,-0.005760855,0.012922593,0.354952067,0.074447066,0.572097838,-0.392601311,-0.077678338,0.431105167,-0.835603178,0.816512108,-0.016895210,-0.282458842,0.191676050,-0.056801487,-1.140054464,-0.430067033,0.164920151
175,3499.989,1786878883796.429,13671614.364,0.000000000,-0.859396756,-0.029352434,-0.313873976,1.350882530,-0.547546446,-0.112081818,-0.494909704,-0.058541242,-0.026481777,1.214554787,-0.765391767,-0.148726746,-0.005998536,0.012605007,0.354009241,0.070915408,0.574271858,-0.393930495,-0.077682331,0.431300938,-0.835523844,0.816503584,-0.016581494,-0.284917295,0.192090154,-0.054123659,-1.135996819,-0.430126607,0.162895262
176,3519.989,1786878883816.429,13671634.364,0.000000000,-0.859401405,-0.030331567,-0.314248860,1.350163341,-0.546792746,-0.111313075,-0.494952947,-0.059946660,-0.027915893,1.212886691,-0.764134765,-0.148267224,-0.006736022,0.012258050,0.353127003,0.068107426,0.576103032,-0.395207018,-0.077724956,0.431345135,-0.835453808,0.816518068,-0.016052488,-0.286995500,0.192601606,-0.051617566,-1.132362485,-0.430130303,0.161073565
177,3539.989,1786878883836.429,13671654.364,0.000000000,-0.859519005,-0.031918854,-0.315450966,1.348329186,-0.545066416,-0.110270783,-0.494805664,-0.061204094,-0.029610487,1.209770560,-0.761584044,-0.147457436,-0.008371806,0.011637389,0.351988107,0.063862607,0.579523683,-0.397859514,-0.077889718,0.431285590,-0.835341930,0.816823840,-0.014953617,-0.290359110,0.193734676,-0.047487695,-1.127028465,-0.430103421,0.158537537
178,3559.989,1786878883856.429,13671674.364,0.000000000,-0.859527469,-0.033723231,-0.316712856,1.345277548,-0.542559028,-0.109387264,-0.494709760,-0.062394485,-0.031169446,1.205962658,-0.758448660,-0.147293001,-0.010052936,0.010187957,0.350803196,0.058764894,0.583627403,-0.401653141,-0.078049466,0.431505501,-0.835150361,0.817712128,-0.012749924,-0.293929905,0.195247129,-0.042935982,-1.120251060,-0.430014431,0.155997545
179,3579.988,1786878883876.427,13671694.363,0.000000000,-0.859460354,-0.034943312,-0.318135470,1.342157960,-0.540038645,-0.108667046,-0.494560748,-0.063192762,-0.033050261,1.201818228,-0.754779458,-0.147267669,-0.011450027,0.008729701,0.349578321,0.053604815,0.588257015,-0.406193256,-0.078306362,0.431674212,-0.834954739,0.818933189,-0.009690654,-0.297793001,0.197415322,-0.038556565,-1.114219189,-0.429896593,0.153142020
180,3599.992,1786878883896.431,13671714.366,0.000000000,-0.859549701,-0.036448359,-0.321005225,1.340321541,-0.537978947,-0.108009316,-0.493981034,-0.064911351,-0.038153093,1.198674083,-0.749963880,-0.146911412,-0.013516372,0.008724270,0.348571122,0.048602521,0.593848407,-0.411233872,-0.078339256,0.431646496,-0.834457338,0.819540739,-0.005886844,-0.303359091,0.200490773,-0.033326868,-1.107942343,-0.429674953,0.149423003
181,3619.991,1786878883916.430,13671734.365,0.000000000,-0.859805703,-0.039443471,-0.325108588,1.339625478,-0.536291540,-0.107208289,-0.492130488,-0.070166215,-0.049372915,1.195943832,-0.745926797,-0.146861270,-0.016779678,0.009748741,0.347642630,0.042688262,0.601473868,-0.417719871,-0.078150488,0.431308925,-0.832825720,0.819643080,-0.001415542,-0.310694247,0.203994542,-0.025561905,-1.098566055,-0.429436743,0.145433083
182,3639.988,1786878883936.428,13671754.363,0.000000000,-0.859227240,-0.042584211,-0.328090847,1.340017319,-0.535483360,-0.106060825,-0.489253014,-0.073378272,-0.055892102,1.193172812,-0.744320333,-0.147763610,-0.020403609,0.010267165,0.347832322,0.035418738,0.610516727,-0.424499065,-0.077500783,0.430746228,-0.830797732,0.819224060,0.002591857,-0.317840844,0.206602350,-0.014843562,-1.088994384,-0.429306209,0.141049773
183,3659.989,1786878883956.429,13671774.364,0.000000000,-0.858264089,-0.046000123,-0.330401331,1.342969298,-0.536250651,-0.104664810,-0.486118883,-0.074800745,-0.058417171,1.192787170,-0.744205952,-0.148713946,-0.024628662,0.011205222,0.348894536,0.026750771,0.620426536,-0.430300772,-0.075403415,0.430192232,-0.828918278,0.816382468,0.006397932,-0.325823724,0.208323225,-0.001501125,-1.079304338,-0.429193377,0.134976223
184,3679.990,1786878883976.429,13671794.364,0.000000000,-0.858743072,-0.049539011,-0.333693445,1.348629713,-0.538138807,-0.103078417,-0.483902633,-0.075797655,-0.061761674,1.194543242,-0.743804693,-0.149074391,-0.029272016,0.014451913,0.349508196,0.016668025,0.629794657,-0.434569687,-0.071843274,0.429834187,-0.825776637,0.809926808,0.011589816,-0.335208535,0.208805457,0.013804429,-1.067976236,-0.428690881,0.127542585
185,3699.987,1786878883996.427,13671814.362,0.000000000,-0.859600246,-0.053205926,-0.336554706,1.355060220,-0.540223539,-0.101034977,-0.482839674,-0.077555127,-0.065487117,1.198399901,-0.742151916,-0.149217337,-0.033519913,0.017931016,0.350692600,0.003617671,0.639368832,-0.438103020,-0.066732645,0.429271370,-0.821097076,0.801537335,0.017630210,-0.344602138,0.208880112,0.033345953,-1.052403092,-0.427080452,0.118447296
186,3719.987,1786878884016.427,13671834.362,0.000000000,-0.861057818,-0.057531688,-0.339703381,1.362498641,-0.543083966,-0.098589994,-0.482399344,-0.079524159,-0.069379553,1.203300238,-0.739671648,-0.149134263,-0.037594829,0.022539008,0.351414770,-0.013903053,0.648356616,-0.442386329,-0.057545185,0.428758740,-0.815192461,0.791262925,0.025664955,-0.355204493,0.208966851,0.057280362,-1.033051729,-0.424816638,0.107499085
187,3739.990,1786878884036.430,13671854.365,0.000000000,-0.862790942,-0.062671080,-0.342487693,1.370827198,-0.546835184,-0.095748313,-0.482736558,-0.082038887,-0.072748594,1.209615469,-0.736715019,-0.148883477,-0.041096881,0.027441565,0.351488799,-0.034229685,0.656088412,-0.446619540,-0.046175517,0.428655207,-0.807155490,0.779873133,0.035552837,-0.366891444,0.209281176,0.084083632,-1.013106704,-0.421724796,0.096990548
188,3759.990,1786878884056.430,13671874.365,0.000000000,-0.863265812,-0.069153510,-0.343776107,1.378875971,-0.550565481,-0.091963664,-0.483792156,-0.087919056,-0.077180982,1.219707489,-0.731336594,-0.146595433,-0.044125143,0.030611340,0.352023363,-0.057716265,0.664244771,-0.451753974,-0.033697899,0.428576112,-0.797421396,0.767856538,0.046627250,-0.379919052,0.210871831,0.114674263,-0.988947988,-0.418479860,0.086379103
189,3779.988,1786878884076.427,13671894.362,0.000000000,-0.863241315,-0.076609522,-0.346845299,1.387582898,-0.554120183,-0.087953351,-0.484890401,-0.093935169,-0.083002545,1.232437134,-0.721327066,-0.141313642,-0.048369303,0.035442118,0.353083521,-0.085985914,0.673113704,-0.459465533,-0.018585604,0.428283185,-0.786573172,0.755121648,0.058676943,-0.395952493,0.214111567,0.149050966,-0.960723698,-0.415733904,0.075079449
190,3799.989,1786878884096.428,13671914.363,0.000000000,-0.862472177,-0.082996696,-0.349714190,1.394804358,-0.557136595,-0.084624000,-0.485991299,-0.098289594,-0.086666688,1.244775891,-0.710263610,-0.135085449,-0.052758902,0.039961997,0.354758739,-0.109741651,0.679874659,-0.466184974,-0.005381408,0.427521735,-0.778035820,0.744402707,0.067988351,-0.409746855,0.216825545,0.176373824,-0.938378632,-0.414150983,0.066806734
191,3819.989,1786878884116.429,13671934.364,0.000000000,-0.860461771,-0.093175896,-0.352805227,1.404938340,-0.561937451,-0.079391159,-0.489372820,-0.106347792,-0.091125183,1.267070889,-0.689381480,-0.123560078,-0.060498279,0.045523092,0.357369751,-0.143463299,0.687725008,-0.475036740,0.014660589,0.426620901,-0.765817463,0.728272915,0.080927275,-0.428974450,0.219983459,0.215418980,-0.906717539,-0.412613511,0.055609688
192,3839.996,1786878884136.436,13671954.371,0.000000000,-0.858931959,-0.105218425,-0.355525672,1.415830255,-0.567394435,-0.072542101,-0.495806694,-0.116457023,-0.095178016,1.293908834,-0.661972880,-0.107895486,-0.070052795,0.051457953,0.358062625,-0.178358361,0.695063114,-0.485352099,0.036708161,0.426805824,-0.752094269,0.710385859,0.096706487,-0.449173003,0.221890807,0.256432414,-0.873318732,-0.411290348,0.042851910
193,3859.992,1786878884156.432,13671974.366,0.000000000,-0.854275525,-0.117011711,-0.358420074,1.428465724,-0.574950039,-0.064799719,-0.502466917,-0.125922173,-0.097658195,1.325389981,-0.625344276,-0.088777497,-0.080294684,0.059620034,0.361292511,-0.215318277,0.702348471,-0.497199774,0.060442634,0.428786665,-0.737485826,0.690515101,0.114573531,-0.472071856,0.222534001,0.297428280,-0.837701261,-0.409988612,0.028931953
194,3879.989,1786878884176.428,13671994.363,0.000000000,-0.845544934,-0.126624629,-0.357609868,1.441177607,-0.580595970,-0.056805588,-0.511231899,-0.135522798,-0.095359631,1.363322258,-0.578921616,-0.066665761,-0.088969663,0.066118769,0.366498202,-0.252439648,0.711138606,-0.507024467,0.086327344,0.433103323,-0.723644018,0.668835461,0.133128747,-0.496685237,0.223033607,0.339736342,-0.800293565,-0.409386456,0.013555284
195,3899.990,1786878884196.430,13672014.365,0.000000000,-0.835235894,-0.133685455,-0.355747551,1.456637263,-0.592866063,-0.048590083,-0.523184896,-0.144421890,-0.091487505,1.407026291,-0.519139111,-0.043428402,-0.099309064,0.072667100,0.371941358,-0.287614137,0.722380280,-0.513830245,0.115186065,0.439060748,-0.710024774,0.646210074,0.150255784,-0.522252262,0.224302530,0.385464132,-0.760314167,-0.409147024,-0.003226556
196,3919.988,1786878884216.428,13672034.363,0.000000000,-0.822661102,-0.140938327,-0.355807632,1.472957969,-0.606487155,-0.040566005,-0.535577118,-0.151714236,-0.087686658,1.452174902,-0.450538754,-0.028302938,-0.114453949,0.079561688,0.377648175,-0.319314152,0.734715819,-0.517917454,0.146886036,0.445818692,-0.694917083,0.622524858,0.165637702,-0.547842085,0.226464912,0.435938090,-0.715153098,-0.409415275,-0.021473030
197,3939.995,1786878884236.435,13672054.370,0.000000000,-0.810588777,-0.143487886,-0.354327142,1.489485145,-0.622302473,-0.033398192,-0.548429072,-0.156311870,-0.083807357,1.488310218,-0.438702017,-0.023870736,-0.128800899,0.086474232,0.380195826,-0.345480233,0.750383437,-0.519664168,0.177783236,0.454222471,-0.677262127,0.597684383,0.180490822,-0.569444776,0.224779725,0.476563543,-0.649556220,-0.423660517,-0.050254390
198,3959.992,1786878884256.432,13672074.367,0.000000000,-0.797157824,-0.142044038,-0.350243777,1.503497958,-0.638914406,-0.027559567,-0.563677430,-0.167068824,-0.090699896,1.486210465,-0.517950356,-0.021940691,-0.142503858,0.094577260,0.382733554,-0.365415603,0.766290545,-0.518976867,0.205591068,0.460932314,-0.654951632,0.568757951,0.190137640,-0.591448545,0.224661469,0.505606234,-0.600421786,-0.429066628,-0.073678583
199,3979.993,1786878884276.433,13672094.368,0.000000000,-0.779105604,-0.139568523,-0.342221498,1.514928818,-0.654400945,-0.022299787,-0.580900788,-0.185601875,-0.102994017,1.464082003,-0.581078351,-0.021183725,-0.156544998,0.101997569,0.388861179,-0.382272065,0.780454457,-0.516454101,0.227747396,0.464183301,-0.629245281,0.534963012,0.197565660,-0.614959359,0.225348622,0.534516990,-0.562684298,-0.430008531,-0.091655537
200,3999.994,1786878884296.434,13672114.369,0.000000000,-0.758780479,-0.136113644,-0.331346899,1.524004936,-0.669115245,-0.016953403,-0.600046754,-0.205381975,-0.114747457,1.432759404,-0.612541974,-0.021125009,-0.170355797,0.108808041,0.395179331,-0.396057189,0.792519510,-0.513055086,0.244186327,0.464530557,-0.603904784,0.499891967,0.204086661,-0.637260258,0.226520419,0.566761076,-0.534380972,-0.430126101,-0.107518308
201,4019.989,1786878884316.429,13672134.364,0.000000000,-0.734043002,-0.134260923,-0.319631189,1.529987693,-0.682954252,-0.011059914,-0.614347816,-0.226836368,-0.127162769,1.392026544,-0.620860040,-0.020588301,-0.184808820,0.114393443,0.404480010,-0.409729093,0.801275849,-0.509934902,0.258833557,0.464631587,-0.583282351,0.467790216,0.208532304,-0.657007456,0.228362188,0.603424966,-0.517562747,-0.429805756,-0.121862896
202,4039.989,1786878884336.428,13672154.363,0.000000000,-0.715103149,-0.133924842,-0.309976667,1.532592773,-0.692459464,-0.007007719,-0.624424756,-0.242403746,-0.134134948,1.358810902,-0.612279832,-0.018757457,-0.195083186,0.117267877,0.410981804,-0.419935107,0.805155039,-0.508311212,0.270842642,0.464386165,-0.571941018,0.446559072,0.210215598,-0.669305563,0.230634242,0.633134246,-0.512044966,-0.427848339,-0.130830944
203,4059.987,1786878884356.427,13672174.361,0.000000000,-0.690710545,-0.133372679,-0.294680089,1.534183502,-0.704176724,-0.002966611,-0.637823522,-0.260066062,-0.138694540,1.312672496,-0.590717673,-0.015454561,-0.204636499,0.118637964,0.418349177,-0.433710665,0.807554007,-0.506953120,0.286500961,0.462729365,-0.560361981,0.420868337,0.210684538,-0.681223035,0.234578893,0.673658550,-0.509803951,-0.421894073,-0.140201449
204,4079.988,1786878884376.428,13672194.363,0.000000000,-0.669493079,-0.134081364,-0.281005859,1.536202431,-0.714863718,-0.000807189,-0.647201180,-0.269319385,-0.126405552,1.292722821,-0.535826981,-0.003444314,-0.211899623,0.120255187,0.424402535,-0.447404921,0.806954086,-0.506434560,0.298661917,0.457543582,-0.551155984,0.397709221,0.210893720,-0.689511240,0.239033759,0.712625742,-0.509469628,-0.413501740,-0.146579549
205,4099.988,1786878884396.427,13672214.362,0.000000000,-0.658366203,-0.134837687,-0.266293645,1.538281322,-0.722688377,-0.000250598,-0.647996008,-0.278988659,-0.113706373,1.279453158,-0.479236960,0.005765530,-0.214864284,0.123133548,0.423092544,-0.458427995,0.803768337,-0.506705105,0.307434082,0.448942661,-0.544884562,0.377482623,0.211130753,-0.694036841,0.241183206,0.749859273,-0.509458601,-0.403874755,-0.149819225
206,4119.987,1786878884416.427,13672234.362,0.000000000,-0.652193367,-0.128818065,-0.237250775,1.541086912,-0.724961698,-0.001042673,-0.649627686,-0.291391581,-0.095932640,1.281401396,-0.429022580,0.030774707,-0.205770433,0.120253108,0.421960860,-0.470221132,0.802233756,-0.506966889,0.313917220,0.439421833,-0.541541219,0.359805614,0.210542247,-0.695881903,0.241463289,0.782050908,-0.509252012,-0.393593937,-0.152017877
207,4139.988,1786878884436.428,13672254.363,0.000000000,-0.649278164,-0.103198990,-0.196513861,1.542402267,-0.726022005,-0.000285427,-0.646025479,-0.298065782,-0.085635528,1.293885946,-0.441239148,0.057408623,-0.198296964,0.122919105,0.431359112,-0.484925896,0.800435603,-0.507027090,0.322947502,0.429287106,-0.538408101,0.345949620,0.206733480,-0.698862493,0.241425648,0.805751324,-0.506715834,-0.381694674,-0.154956236
208,4159.989,1786878884456.429,13672274.364,0.000000000,-0.653025270,-0.073154896,-0.155727163,1.542315960,-0.724960268,0.007467077,-0.641880989,-0.306994528,-0.085247986,1.306915998,-0.456428319,0.067978732,-0.195710734,0.129227474,0.440159917,-0.500345290,0.797010779,-0.508117557,0.332044363,0.422061056,-0.531345725,0.333172888,0.204217806,-0.702285707,0.241095066,0.822696388,-0.498548985,-0.369817585,-0.159327075
209,4179.987,1786878884476.427,13672294.362,0.000000000,-0.659667730,-0.048382856,-0.119538061,1.542994857,-0.722836614,0.012766793,-0.642570913,-0.317142397,-0.084505238,1.322022080,-0.469555259,0.068966947,-0.190361768,0.133150965,0.444168061,-0.515263140,0.793636739,-0.511599779,0.337488502,0.417828023,-0.520041823,0.321481645,0.203563303,-0.704080820,0.240105808,0.836391985,-0.484359592,-0.359177321,-0.164454311
210,4199.993,1786878884496.433,13672314.368,0.000000000,-0.663173497,-0.030549902,-0.089648023,1.542835355,-0.721983790,0.019159257,-0.644983232,-0.327193528,-0.081349432,1.338089705,-0.481476724,0.068635888,-0.181843162,0.133446619,0.445576519,-0.527936459,0.790612876,-0.517338276,0.339512289,0.413359195,-0.506053567,0.312478334,0.202670023,-0.704514623,0.240029454,0.849953234,-0.460736006,-0.350701094,-0.169223875
211,4219.987,1786878884516.427,13672334.362,0.000000000,-0.664141595,-0.023518369,-0.073235400,1.544900298,-0.720644891,0.025282621,-0.646036804,-0.337180644,-0.079350777,1.353301406,-0.492789596,0.068374187,-0.175006777,0.132582977,0.445734322,-0.536468923,0.786574244,-0.523515880,0.341203868,0.405895323,-0.492082506,0.307274967,0.199266464,-0.704943419,0.240388259,0.864177704,-0.435317487,-0.343206882,-0.172721297
212,4239.988,1786878884536.427,13672354.362,0.000000000,-0.661580622,-0.024042059,-0.066407323,1.547366023,-0.722250700,0.025464755,-0.644982755,-0.347312421,-0.078309439,1.367529631,-0.503564000,0.068381384,-0.171555489,0.129818916,0.445978314,-0.540000141,0.781614244,-0.527800441,0.343770087,0.397607565,-0.478353620,0.304324627,0.192023933,-0.705225348,0.241623193,0.879694879,-0.411347628,-0.336475998,-0.174774259
213,4259.987,1786878884556.427,13672374.362,0.000000000,-0.658014596,-0.028636459,-0.063235424,1.550201058,-0.723176539,0.025761837,-0.644615173,-0.356892347,-0.075570546,1.381530762,-0.513345897,0.069329664,-0.169287980,0.124142513,0.445630133,-0.540378809,0.775919974,-0.529504001,0.347123832,0.391598850,-0.464736760,0.302343547,0.182420701,-0.705199540,0.243529618,0.896394432,-0.390256733,-0.330190033,-0.176015601
214,4279.989,1786878884576.428,13672394.363,0.000000000,-0.655154467,-0.031807687,-0.061303649,1.552350044,-0.724065185,0.025648819,-0.644692063,-0.362849087,-0.072939813,1.391372800,-0.519611537,0.070434578,-0.168029860,0.119072348,0.445800364,-0.540366292,0.771340787,-0.530009151,0.351025671,0.387781471,-0.454929382,0.301251709,0.174676299,-0.705461621,0.244914159,0.908080935,-0.377346545,-0.325196803,-0.176652431
215,4299.989,1786878884596.429,13672414.364,0.000000000,-0.650555432,-0.033644598,-0.057324234,1.555367351,-0.725524485,0.024622936,-0.645814657,-0.368010938,-0.067404740,1.404022098,-0.526487052,0.071786493,-0.165356949,0.111097746,0.447399139,-0.540443063,0.765671670,-0.530113518,0.358743340,0.380989075,-0.442870200,0.300448805,0.164147168,-0.706746578,0.247646242,0.921220839,-0.364302635,-0.317782223,-0.177574858
216,4319.989,1786878884616.429,13672434.364,0.000000000,-0.645962477,-0.032298904,-0.051340945,1.559013486,-0.727102220,0.021990368,-0.649140537,-0.369990081,-0.059310347,1.416631937,-0.531909764,0.074154831,-0.160769179,0.101403497,0.449937880,-0.540442646,0.761300743,-0.529709101,0.370136976,0.370560348,-0.431906015,0.300433487,0.154730991,-0.709252834,0.251369119,0.929285586,-0.356548846,-0.309554219,-0.178362578
217,4339.989,1786878884636.429,13672454.364,0.000000000,-0.643994570,-0.029617336,-0.048048079,1.564907312,-0.728667498,0.018375840,-0.652811408,-0.370610952,-0.053955525,1.428903222,-0.536412716,0.077614009,-0.158034340,0.092392579,0.452675134,-0.540434241,0.759421468,-0.527313709,0.382485062,0.358761877,-0.419886529,0.300501972,0.147686675,-0.712602496,0.253111154,0.932010710,-0.351860911,-0.302169919,-0.178528801
218,4359.993,1786878884656.433,13672474.368,0.000000000,-0.643701911,-0.026695834,-0.047432374,1.572637081,-0.730251253,0.014387235,-0.655786455,-0.371304303,-0.051641025,1.441341996,-0.540747166,0.081063546,-0.157421216,0.083377779,0.455330402,-0.540449023,0.761366069,-0.523772776,0.392423660,0.348012954,-0.406205326,0.300993115,0.142788723,-0.716029882,0.253305554,0.932356596,-0.348418593,-0.296647429,-0.178633317
219,4379.993,1786878884676.433,13672494.368,0.000000000,-0.644736946,-0.021575904,-0.048579872,1.582474947,-0.732517183,0.009800867,-0.658595681,-0.370383084,-0.051704984,1.453831077,-0.544665754,0.083864182,-0.156963930,0.075613126,0.456664830,-0.540117443,0.764425457,-0.517342567,0.403985292,0.338941187,-0.394182533,0.302034229,0.140237555,-0.720367312,0.252792776,0.932021737,-0.346334547,-0.292987108,-0.178713590
220,4399.994,1786878884696.433,13672514.368,0.000000000,-0.646360874,-0.013445496,-0.050766252,1.594078541,-0.735889673,0.004987442,-0.661522329,-0.367040753,-0.053424016,1.466108322,-0.547647834,0.086106941,-0.155245751,0.069740079,0.456884235,-0.538432717,0.766374886,-0.505320609,0.418560863,0.329187512,-0.384242207,0.303395480,0.140067071,-0.726204216,0.251458526,0.931563735,-0.345942080,-0.291207999,-0.178727105
221,4419.991,1786878884716.431,13672534.366,0.000000000,-0.646600723,-0.003894698,-0.052134708,1.606048465,-0.739691913,-0.000149071,-0.664648116,-0.362436950,-0.054214861,1.479017615,-0.550181687,0.087207615,-0.152857170,0.062699571,0.456969887,-0.533815563,0.768812835,-0.488634020,0.435303330,0.316535652,-0.374865234,0.305863112,0.140219465,-0.732032895,0.248984799,0.931002557,-0.345663249,-0.289875597,-0.178116292
222,4439.991,1786878884736.431,13672554.366,0.000000000,-0.644841433,0.007964659,-0.052534197,1.619513869,-0.743560970,-0.006370523,-0.666830420,-0.356244832,-0.054356098,1.493145823,-0.552558839,0.086701043,-0.150761753,0.054740641,0.458222508,-0.525165319,0.771785080,-0.467433244,0.456288844,0.300918788,-0.366795063,0.309816837,0.140385225,-0.737905502,0.244018152,0.927632034,-0.345382690,-0.288866371,-0.176046759
223,4459.991,1786878884756.430,13672574.365,0.000000000,-0.642444372,0.020631447,-0.052378282,1.635881782,-0.745471537,-0.013172398,-0.668171465,-0.349832088,-0.054099306,1.509184241,-0.555196762,0.084103785,-0.149569407,0.045788776,0.460374475,-0.512103975,0.775809109,-0.442836374,0.481417090,0.288435131,-0.358922392,0.314808518,0.140374973,-0.744162202,0.236847937,0.922446370,-0.345246434,-0.289161235,-0.172739580
224,4479.989,1786878884776.428,13672594.363,0.000000000,-0.638683796,0.033941515,-0.050422478,1.659781218,-0.737385035,-0.020255407,-0.666430473,-0.342743367,-0.051383235,1.528319836,-0.558731914,0.077945419,-0.146988884,0.034406073,0.467989504,-0.495191693,0.782730520,-0.415500998,0.507938981,0.276745617,-0.351015866,0.318302959,0.139006093,-0.750886321,0.228197575,0.917166054,-0.345350564,-0.291049987,-0.168686628
225,4499.991,1786878884796.430,13672614.365,0.000000000,-0.635482013,0.045762692,-0.045346867,1.692854285,-0.713467956,-0.027075931,-0.664220333,-0.335776925,-0.042801153,1.551812053,-0.563998520,0.070654958,-0.140803874,0.017822240,0.479217678,-0.472806752,0.793612957,-0.386098802,0.532194555,0.265052289,-0.340771466,0.320175439,0.135882199,-0.756577075,0.218894839,0.912928104,-0.345522702,-0.295202404,-0.164037049
226,4519.991,1786878884816.430,13672634.366,0.000000000,-0.635899365,0.058328420,-0.037860334,1.735807657,-0.670653880,-0.033671983,-0.662806511,-0.326333433,-0.028821319,1.578626394,-0.570874035,0.064522393,-0.131459951,-0.002018010,0.491493702,-0.443149507,0.808262467,-0.355651170,0.554779112,0.253285348,-0.330108225,0.322194070,0.130500898,-0.761463344,0.208749041,0.908237696,-0.346677721,-0.301059693,-0.157649562
227,4539.996,1786878884836.436,13672654.371,0.000000000,-0.640323400,0.070563443,-0.029953681,1.777155161,-0.617242754,-0.039031096,-0.663063586,-0.314158410,-0.012781371,1.600958467,-0.575760901,0.060453378,-0.119735718,-0.018497560,0.502206445,-0.416834623,0.820917726,-0.332549006,0.574138224,0.242759496,-0.323047251,0.324533969,0.123551808,-0.766029000,0.202080324,0.903513134,-0.348948717,-0.306859851,-0.151576206
228,4559.992,1786878884856.431,13672674.366,0.000000000,-0.656408429,0.086903848,-0.018776078,1.844308734,-0.500370026,-0.049485363,-0.665818095,-0.292037755,0.016949000,1.633592367,-0.580863774,0.057299390,-0.097042121,-0.042954206,0.518739641,-0.377943695,0.837944806,-0.302403778,0.606712878,0.224710837,-0.313606113,0.329788655,0.107780732,-0.774915397,0.197065964,0.897141635,-0.353110909,-0.316432565,-0.142730415
229,4579.989,1786878884876.429,13672694.364,0.000000000,-0.694135725,0.101431496,-0.009433793,1.915216446,-0.318429112,-0.060413741,-0.677800059,-0.264334142,0.054373678,1.669090271,-0.585814238,0.060722169,-0.070459895,-0.069420688,0.524714112,-0.330302358,0.851608217,-0.275136977,0.650537074,0.198938996,-0.301293939,0.338606238,0.086091593,-0.785091341,0.197907194,0.890383065,-0.356899410,-0.325992942,-0.134879351
230,4599.989,1786878884896.429,13672714.364,0.000000000,-0.748369575,0.115971461,-0.027840327,1.972994685,-0.179998770,-0.062182829,-0.696906686,-0.223436385,0.085895799,1.702353120,-0.593619823,0.076813407,-0.048374150,-0.086180232,0.511248350,-0.269029140,0.858649671,-0.251201570,0.702680171,0.163739845,-0.284332365,0.351208955,0.061889697,-0.796711087,0.206884682,0.881023705,-0.359675944,-0.334580928,-0.131324142
231,4619.989,1786878884916.429,13672734.364,0.000000000,-0.815511405,0.121850036,-0.092371635,1.981992126,-0.239475161,-0.037148785,-0.718414605,-0.165741146,0.104679003,1.732547402,-0.599505246,0.085032336,-0.035809308,-0.094493128,0.488791347,-0.202451199,0.863650382,-0.229147434,0.762334466,0.118382700,-0.267156273,0.365609974,0.029498545,-0.806805849,0.228207201,0.873026550,-0.360574543,-0.343000978,-0.132740587
232,4639.993,1786878884936.432,13672754.367,0.000000000,-0.879788935,0.126667887,-0.152749643,1.933767200,-0.332761407,-0.011624248,-0.735130310,-0.098839253,0.120494843,1.765628934,-0.617010236,0.072794311,-0.025618128,-0.103236616,0.475168377,-0.136083782,0.864397228,-0.204592615,0.828868330,0.065498851,-0.248498052,0.381152213,-0.014686161,-0.816608846,0.261974037,0.865428209,-0.361683011,-0.350635707,-0.138675660
233,4659.990,1786878884956.429,13672774.364,0.000000000,-0.940545022,0.134184092,-0.191909924,1.865351081,-0.402156383,0.009452678,-0.743790150,-0.029737635,0.131179109,1.795474648,-0.638773978,0.065965436,-0.015112788,-0.103933185,0.471900195,-0.073145770,0.858467937,-0.186830044,0.898364246,0.013192073,-0.228704095,0.396772623,-0.065283857,-0.831665158,0.301284790,0.851551414,-0.361943126,-0.355325013,-0.147723556
234,4679.990,1786878884976.429,13672794.365,0.000000000,-0.998966455,0.136612043,-0.208816126,1.792968392,-0.451573640,0.027556896,-0.755371809,0.032001872,0.142265812,1.823736787,-0.653082669,0.065327831,0.001348224,-0.101084217,0.470991105,-0.016887372,0.846653283,-0.180335805,0.972972989,-0.035359785,-0.212255836,0.410043269,-0.119725063,-0.848910451,0.338209122,0.832854986,-0.361892998,-0.358619124,-0.158669338
235,4699.989,1786878884996.428,13672814.363,0.000000000,-1.057722092,0.131491870,-0.211652011,1.706850171,-0.490886003,0.041913912,-0.780778885,0.073085018,0.148508757,1.853897095,-0.660701156,0.069634363,0.023961058,-0.094638258,0.465313613,0.031708281,0.829842269,-0.183996752,1.049879432,-0.082429461,-0.200420320,0.421164542,-0.180241808,-0.866588891,0.374268085,0.816352189,-0.359573364,-0.362596869,-0.173191339
236,4719.994,1786878885016.434,13672834.368,0.000000000,-1.113882422,0.114038579,-0.201514095,1.601603746,-0.514968693,0.049057268,-0.826514900,0.070557959,0.143930942,1.894830465,-0.664610922,0.063654430,0.050985325,-0.088534735,0.454097629,0.072635919,0.812998474,-0.202089146,1.120907903,-0.130870074,-0.192958087,0.434730291,-0.246346742,-0.886394441,0.411306739,0.803379893,-0.348990917,-0.368219554,-0.190139666
237,4739.991,1786878885036.431,13672854.366,0.000000000,-1.161634684,0.085281685,-0.174697921,1.478231907,-0.521303952,0.048519030,-0.887508571,0.013318439,0.124089591,1.961325765,-0.669916093,0.055818167,0.079436153,-0.085795447,0.444631934,0.110125162,0.800511360,-0.237775743,1.179625392,-0.181754604,-0.190941319,0.454609990,-0.322627664,-0.911112666,0.455186427,0.794446170,-0.328264505,-0.376979530,-0.211339578
238,4759.990,1786878885056.429,13672874.364,0.000000000,-1.205100894,0.056774836,-0.132878348,1.345112920,-0.498453140,0.037650041,-0.947689056,-0.056432467,0.105216421,2.048986912,-0.681992829,0.046744131,0.110459916,-0.082208991,0.437916875,0.151772037,0.789453924,-0.286401093,1.228962541,-0.237014532,-0.197213218,0.480049819,-0.414142430,-0.936885893,0.507692873,0.791105270,-0.302814215,-0.388884038,-0.237727448
239,4779.990,1786878885076.429,13672894.364,0.000000000,-1.243774891,0.036393955,-0.102243423,1.241519570,-0.464385897,0.027365120,-0.984908640,-0.081543721,0.122847341,2.115160942,-0.707552731,0.042365406,0.132989645,-0.073845461,0.429369539,0.188306510,0.778426766,-0.325930297,1.264503598,-0.282553077,-0.207130089,0.500432312,-0.492279947,-0.952179730,0.550561249,0.791687250,-0.282764733,-0.397760123,-0.259550035
240,4799.989,1786878885096.429,13672914.364,0.000000000,-1.299075365,0.004692111,-0.064223148,1.103520989,-0.407655120,0.013356116,-1.030593157,-0.088707455,0.157375678,2.191632032,-0.737978876,0.044847474,0.156263158,-0.054262683,0.415929794,0.241635799,0.761757255,-0.376403302,1.309381723,-0.347894549,-0.222060859,0.527222157,-0.599412620,-0.964052081,0.606536925,0.791938722,-0.254173279,-0.407323807,-0.291243315
241,4819.987,1786878885116.427,13672934.361,0.000000000,-1.340841293,-0.020460567,-0.017837534,0.988809884,-0.345282763,0.003857628,-1.075889468,-0.072568327,0.141467616,2.273122787,-0.738582373,0.058491852,0.176062077,-0.013884199,0.413608491,0.290436149,0.746794105,-0.421787649,1.351627827,-0.414628804,-0.235835791,0.554962993,-0.691223741,-0.968012214,0.652017593,0.789842129,-0.228344813,-0.413649887,-0.328621358
242,4839.990,1786878885136.430,13672954.365,0.000000000,-1.371274948,-0.035311155,0.037523266,0.917240262,-0.282279074,0.002721115,-1.110326171,-0.028918810,0.104098141,2.343724966,-0.732581258,0.071374699,0.205863863,0.035676196,0.409395248,0.334924102,0.727582455,-0.456820756,1.399229765,-0.477412462,-0.249212831,0.587331176,-0.754065096,-0.963529825,0.681945801,0.779374719,-0.214870095,-0.412694007,-0.368848830
243,4859.989,1786878885156.428,13672974.363,0.000000000,-1.383462787,-0.049348045,0.097681463,0.901842833,-0.227287635,0.006807766,-1.132513642,0.017930986,0.066330120,2.403302431,-0.724632025,0.085077591,0.243814677,0.075427622,0.409982294,0.375880182,0.703151166,-0.479407877,1.456003904,-0.528470159,-0.256565988,0.622083485,-0.790720582,-0.955932558,0.699304163,0.757061660,-0.209821448,-0.409431964,-0.404907882
244,4879.989,1786878885176.429,13672994.364,0.000000000,-1.377431512,-0.061937477,0.157287821,0.938746393,-0.184547096,0.015623702,-1.137975931,0.053311210,0.027743224,2.451439619,-0.721253753,0.097829640,0.286650032,0.109953418,0.415973306,0.408966899,0.674244523,-0.490214497,1.520344853,-0.565253913,-0.253583342,0.653959751,-0.805191875,-0.953882039,0.701541245,0.725886106,-0.209281996,-0.408497244,-0.433458954
245,4899.987,1786878885196.427,13673014.362,0.000000000,-1.358749151,-0.066693336,0.212033644,1.014457822,-0.155090094,0.026864566,-1.128489256,0.073179424,-0.017075846,2.487037420,-0.720418036,0.106016062,0.335757375,0.145933747,0.419438183,0.434553981,0.649368823,-0.487930834,1.580830455,-0.585628867,-0.237126410,0.680595934,-0.803264141,-0.962378263,0.689434111,0.692872465,-0.211144835,-0.409960091,-0.455923229
246,4919.987,1786878885216.427,13673034.362,0.000000000,-1.328345895,-0.060908657,0.254831284,1.120368123,-0.138084024,0.038682565,-1.098568439,0.079409264,-0.071581185,2.510350466,-0.721550584,0.107953265,0.393262267,0.185812131,0.420279652,0.454154700,0.641740441,-0.467198879,1.623623490,-0.586316824,-0.209437937,0.701745629,-0.790420890,-0.984441280,0.659941912,0.666280746,-0.217295095,-0.415703923,-0.475459278
247,4939.987,1786878885236.427,13673054.362,0.000000000,-1.301311970,-0.044351570,0.276235789,1.233827353,-0.138455182,0.050060190,-1.061881185,0.078046151,-0.132475451,2.507621288,-0.729917586,0.108791769,0.394890636,0.251137674,0.413670689,0.457873285,0.550870419,-0.434201956,1.730316520,-0.560395956,-0.348971725,1.051781774,-0.840865493,-0.977651834,0.642527103,0.622610748,-0.237379164,-0.426331103,-0.484060824
248,4959.999,1786878885256.438,13673074.373,0.000000000,-1.268728137,-0.017900012,0.282105237,1.351997018,-0.174695849,0.055888422,-1.007661104,0.075287864,-0.190464944,2.493919373,-0.738698602,0.102845177,0.406564265,0.314688802,0.417805970,0.445174456,0.505666494,-0.382684916,1.765190601,-0.529210448,-0.460366786,1.503129601,-0.885344148,-0.989477754,0.601290703,0.573588967,-0.261629701,-0.459540367,-0.518254459
249,4979.992,1786878885276.432,13673094.366,0.000000000,-1.250984550,0.005752808,0.267242700,1.463961959,-0.233021230,0.054056950,-0.947804213,0.072514877,-0.254710525,2.472815037,-0.741148770,0.092096508,0.420369953,0.365587145,0.417350084,0.409590811,0.523617387,-0.326220632,1.811156511,-0.540462732,-0.568086565,1.713296652,-0.946424603,-1.020146489,0.573155761,0.547239900,-0.295809895,-0.502359390,-0.564073205
250,4999.989,1786878885296.428,13673114.363,0.000000000,-1.248190880,0.039902724,0.250252843,1.572254896,-0.300347269,0.047462832,-0.890734375,0.083653450,-0.313208163,2.450489521,-0.768124521,0.081957586,0.433238328,0.406017244,0.420605838,0.374500066,0.560961366,-0.248606682,1.874422312,-0.572064638,-0.722896755,1.690787673,-1.031541705,-1.063369870,0.558165133,0.525414169,-0.322424829,-0.546399236,-0.608798325
251,5019.988,1786878885316.428,13673134.363,0.000000000,-1.253564358,0.081861280,0.231702060,1.672508001,-0.358261794,0.039257199,-0.832875729,0.108694911,-0.366896003,2.421317101,-0.797307014,0.070480078,0.461589605,0.436227947,0.424143612,0.369957298,0.595756471,-0.175219595,1.858863354,-0.574963272,-0.874510467,1.657304049,-1.108953118,-1.133102536,0.536682308,0.505663991,-0.329134166,-0.589584708,-0.652370989
252,5039.992,1786878885336.432,13673154.367,0.000000000,-1.260143876,0.133118823,0.211773038,1.757355094,-0.389709651,0.033640917,-0.777247250,0.145970330,-0.422908694,2.378740549,-0.812550902,0.055172745,0.503696799,0.452063292,0.425433248,0.378784150,0.642327607,-0.100787036,1.796534538,-0.564637721,-1.010877967,1.617105961,-1.170846343,-1.222663760,0.500815451,0.500618041,-0.328492105,-0.630406499,-0.692918241
253,5059.990,1786878885356.430,13673174.365,0.000000000,-1.259368300,0.182030469,0.196168140,1.810450673,-0.393920898,0.031766098,-0.740803957,0.183027059,-0.464540422,2.338284254,-0.825369954,0.039567471,0.541111767,0.449545294,0.430300862,0.382846028,0.683728814,-0.040258974,1.746725321,-0.548242450,-1.098322153,1.570845127,-1.208302975,-1.295068264,0.465616673,0.511331916,-0.326037675,-0.659236312,-0.718129635
254,5079.990,1786878885376.430,13673194.365,0.000000000,-1.255784750,0.255695194,0.171274468,1.866272807,-0.376085252,0.029968942,-0.707875967,0.240054622,-0.517480731,2.274548769,-0.861926556,0.015380016,0.587684810,0.417557687,0.443869472,0.381337643,0.743919969,0.045903653,1.704233527,-0.521544755,-1.196694255,1.483334064,-1.252824903,-1.386341095,0.417429805,0.546813428,-0.319649279,-0.696981847,-0.743812978
255,5099.990,1786878885396.430,13673214.365,0.000000000,-1.252411842,0.328124315,0.141218022,1.914921522,-0.342262089,0.026638178,-0.690767646,0.296934932,-0.562187612,2.191339970,-0.886409342,-0.002426060,0.617831647,0.353577405,0.468804568,0.377634704,0.804777801,0.117309883,1.704834580,-0.491982311,-1.275939465,1.404473782,-1.304691911,-1.464481115,0.379964650,0.598664522,-0.315554529,-0.733894229,-0.761311889
256,5119.988,1786878885416.428,13673234.363,0.000000000,-1.248001695,0.390625954,0.106629528,1.973356247,-0.316811830,0.020186879,-0.676435709,0.349441528,-0.597916186,2.084182024,-0.884394169,-0.005132230,0.634921908,0.276414901,0.499195158,0.376711339,0.867222428,0.182162106,1.718889594,-0.462524801,-1.335279822,1.334277391,-1.369036436,-1.539624453,0.360556364,0.661693990,-0.315223098,-0.771334529,-0.771128297
257,5139.989,1786878885436.429,13673254.364,0.000000000,-1.255734682,0.433051854,0.078162290,2.037260056,-0.329817861,0.005843357,-0.665752888,0.385681540,-0.629593432,1.963646054,-0.881018400,-0.001224696,0.644044936,0.193301737,0.517391741,0.380348444,0.937094688,0.235152021,1.737417340,-0.426956415,-1.382339001,1.256929040,-1.449207783,-1.617245078,0.365616053,0.733836889,-0.314663261,-0.808631599,-0.775532663
258,5159.989,1786878885456.429,13673274.364,0.000000000,-1.277613521,0.453358203,0.055802666,2.093626499,-0.377141118,-0.017177196,-0.654765308,0.407051980,-0.661134243,1.831761122,-0.873075128,0.009586074,0.651220024,0.113728411,0.517188907,0.385753393,1.016772389,0.265631288,1.752512336,-0.386718541,-1.422680736,1.180875421,-1.537791252,-1.693873286,0.384674817,0.806553602,-0.312022090,-0.839843392,-0.777761459
259,5179.989,1786878885476.429,13673294.364,0.000000000,-1.304398417,0.449022651,0.029865669,2.122703791,-0.427473962,-0.046087943,-0.631372333,0.418008029,-0.698397934,1.685959220,-0.863055468,0.027938494,0.645210207,0.040398333,0.502900422,0.407148570,1.102267265,0.278897583,1.765746713,-0.349838138,-1.461631417,1.109693408,-1.605157375,-1.751062870,0.400016844,0.873315871,-0.299731106,-0.862438083,-0.787788928
260,5199.990,1786878885496.429,13673314.364,0.000000000,-1.327434421,0.420954049,-0.023268105,2.085558891,-0.469882131,-0.074110359,-0.595439553,0.427173734,-0.744501591,1.523098826,-0.842084289,0.056148812,0.613260627,-0.029565813,0.477199376,0.463468105,1.183825135,0.288684934,1.791894555,-0.322370678,-1.503543258,1.047036409,-1.625565410,-1.776811242,0.411545098,0.928257227,-0.275726855,-0.877283812,-0.815351188
261,5219.988,1786878885516.427,13673334.362,0.000000000,-1.341621757,0.362912476,-0.062301345,2.022645712,-0.504905164,-0.089141227,-0.543510139,0.417718798,-0.803726315,1.341855049,-0.761559546,0.102398835,0.541495085,-0.104482874,0.440402269,0.549065053,1.254373670,0.309520781,1.839895010,-0.304234833,-1.550710678,0.995640934,-1.605219364,-1.774960041,0.434667736,0.971537113,-0.251059383,-0.889751792,-0.850485027
262,5239.994,1786878885536.434,13673354.369,0.000000000,-1.352308989,0.283519983,-0.046609670,1.950519323,-0.523120463,-0.084787481,-0.458973199,0.375186145,-0.883049607,1.137363791,-0.538566530,0.165504038,0.436595231,-0.186114922,0.387599647,0.630209804,1.318487048,0.352113396,1.901798844,-0.272748530,-1.595979571,0.958430409,-1.555627465,-1.757490516,0.472574770,1.011291504,-0.233182922,-0.901726842,-0.876803160
263,5259.989,1786878885556.428,13673374.363,0.000000000,-1.353531718,0.199324831,0.014854898,1.892777681,-0.527710676,-0.072558992,-0.357606053,0.306564629,-0.940777838,1.073999286,-0.211876094,0.225433826,0.324476451,-0.255009651,0.332798541,0.679855466,1.366175294,0.399860770,1.941550493,-0.226468191,-1.623733044,0.954261661,-1.520084381,-1.729730606,0.526499927,1.036348820,-0.221495003,-0.904291570,-0.880119681
264,5279.987,1786878885576.427,13673394.362,0.000000000,-1.355168700,0.136627346,0.042454112,1.841222525,-0.527989566,-0.059254095,-0.253794700,0.261435926,-0.929694951,1.214217186,-0.044655960,0.261075407,0.214059889,-0.264764130,0.292573154,0.680213690,1.380621672,0.427546412,1.939953089,-0.182154223,-1.629332542,0.995415211,-1.513846993,-1.708277464,0.598411381,1.050539255,-0.202269629,-0.910593450,-0.878165543
265,5299.985,1786878885596.425,13673414.360,0.000000000,-1.364282608,0.105976112,0.015556551,1.784971237,-0.523221850,-0.046209257,-0.162155762,0.260896474,-0.847585320,1.428007722,-0.028027300,0.271924615,0.113723882,-0.232974410,0.277492791,0.635891199,1.385334373,0.443153352,1.920220971,-0.115717798,-1.628575563,1.082484961,-1.514311671,-1.717704177,0.688005686,1.091227055,-0.179399654,-0.930491805,-0.888011038
266,5319.987,1786878885616.427,13673434.361,0.000000000,-1.380163789,0.096991934,-0.035240125,1.741252899,-0.509007931,-0.044963356,-0.104169980,0.285416186,-0.758420885,1.577812433,-0.048355695,0.270623356,0.043803472,-0.193002880,0.278231800,0.586756587,1.392231345,0.456057250,1.896045208,-0.037640575,-1.626323938,1.174282193,-1.509055972,-1.744089723,0.763586402,1.149863482,-0.167319357,-0.946743846,-0.903370082
267,5339.990,1786878885636.430,13673454.365,0.000000000,-1.415755987,0.102336966,-0.124521688,1.686919570,-0.485423923,-0.059955865,-0.037976611,0.325904667,-0.623107553,1.743598223,-0.091582760,0.268031210,-0.041192856,-0.121808127,0.289337724,0.522097766,1.395103216,0.469167322,1.848651290,0.110145733,-1.624492645,1.317753553,-1.489141703,-1.789711475,0.866691113,1.261924028,-0.159604609,-0.962186158,-0.931886911
268,5359.988,1786878885656.428,13673474.363,0.000000000,-1.462368011,0.130751327,-0.211045399,1.635469317,-0.474033237,-0.090844773,0.013391874,0.336804003,-0.476228535,1.866874814,-0.142595649,0.262405366,-0.111785598,-0.039556701,0.305749267,0.478639364,1.364238143,0.468038410,1.772767544,0.298038661,-1.624963522,1.469594717,-1.458325624,-1.831976295,0.962130249,1.394865513,-0.163588002,-0.968299627,-0.964770138
269,5379.992,1786878885676.432,13673494.367,0.000000000,-1.512609363,0.167944923,-0.287283570,1.599566221,-0.473859966,-0.123421662,0.054749236,0.304161251,-0.318708152,1.952729464,-0.181506082,0.254479855,-0.176011220,0.053722579,0.329292685,0.445147127,1.309048176,0.477207929,1.692507863,0.476541638,-1.623233557,1.549469590,-1.418164730,-1.858047962,1.039896965,1.530627847,-0.171948612,-0.961935997,-0.998224437
270,5399.987,1786878885696.427,13673514.362,0.000000000,-1.563229918,0.200233638,-0.340615630,1.594942689,-0.474217415,-0.142152369,0.084191069,0.233157083,-0.156269997,2.005450726,-0.201952606,0.247964635,-0.249746591,0.149989530,0.356838107,0.420067787,1.240029812,0.502406299,1.632957816,0.627633452,-1.619231343,1.533210635,-1.362149477,-1.863660812,1.098895073,1.649741769,-0.179223090,-0.940667570,-1.032439590
271,5419.987,1786878885716.427,13673534.362,0.000000000,-1.615742803,0.215982705,-0.318175435,1.627238512,-0.487159491,-0.181164861,0.097740628,0.143626407,0.013795663,2.036246061,-0.205779508,0.244098991,-0.343564570,0.242751330,0.387481034,0.409803271,1.169179320,0.527375937,1.595778942,0.744395733,-1.618083715,1.449753165,-1.278199077,-1.850032449,1.131121755,1.740716696,-0.187890306,-0.907147050,-1.064639211
272,5439.989,1786878885736.428,13673554.363,0.000000000,-1.658790708,0.212079018,-0.203327984,1.703041315,-0.487665057,-0.183435887,0.097750805,0.060599897,0.190089643,2.034953833,-0.210875317,0.240883201,-0.447130293,0.338083595,0.434121639,0.420178086,1.106307507,0.552359819,1.558519483,0.825368702,-1.617383361,1.311641216,-1.173547029,-1.818767428,1.133935690,1.796757221,-0.205902353,-0.863521993,-1.092298865
273,5459.988,1786878885756.428,13673574.363,0.000000000,-1.667738676,0.203733712,-0.160166949,1.787290931,-0.491569668,-0.129271075,0.068760626,-0.049346462,0.346386492,1.992333293,-0.231472015,0.236298621,-0.534946084,0.398866147,0.482103616,0.461258352,1.075914979,0.575271845,1.511890054,0.898805857,-1.617222071,1.167602181,-1.069684148,-1.749520659,1.130395532,1.815131664,-0.247194260,-0.808901846,-1.105190754
274,5479.988,1786878885776.427,13673594.362,0.000000000,-1.663025379,0.181001216,-0.191473380,1.857231617,-0.493295640,-0.099943183,0.011719666,-0.171197072,0.440934420,1.905587673,-0.257766038,0.235166952,-0.625739336,0.418562859,0.513870955,0.544370413,1.079129338,0.591954112,1.442242265,0.966527820,-1.619717598,1.043072701,-0.970406294,-1.639310002,1.131180644,1.774233222,-0.297929674,-0.747356296,-1.100766778
275,5499.989,1786878885796.429,13673614.364,0.000000000,-1.689377308,0.137848780,-0.210625991,1.910392761,-0.482168853,-0.105168626,-0.072504051,-0.249796897,0.454931319,1.800562501,-0.281233221,0.237984210,-0.740789473,0.443291456,0.523906052,0.672175407,1.086631656,0.596361279,1.339235067,1.008224726,-1.624977350,0.946355879,-0.879414737,-1.510361075,1.137333751,1.666948676,-0.336407632,-0.682938874,-1.084707141
276,5519.997,1786878885816.437,13673634.372,0.000000000,-1.737066388,0.090241767,-0.226653919,1.942443490,-0.461470813,-0.116641946,-0.177120775,-0.293429196,0.432190001,1.701627493,-0.305517316,0.241656199,-0.857957721,0.466425955,0.523834467,0.821713984,1.115541339,0.587780714,1.234139681,1.021138072,-1.627315640,0.854162931,-0.796091795,-1.362714291,1.150100708,1.535487771,-0.364221454,-0.624127388,-1.065219760
277,5539.988,1786878885836.428,13673654.363,0.000000000,-1.788014770,0.040863674,-0.252694994,1.959057689,-0.426402211,-0.120139286,-0.290766716,-0.328123808,0.383389980,1.601954818,-0.329639733,0.246794075,-0.970166683,0.475873709,0.523275673,1.000607610,1.154827714,0.565868974,1.117154241,1.007010937,-1.630277514,0.789121628,-0.716974378,-1.199362159,1.166133881,1.407391071,-0.386171550,-0.576455235,-1.055789590
278,5559.997,1786878885856.437,13673674.372,0.000000000,-1.825631261,0.002289516,-0.263140798,1.974397421,-0.364440352,-0.127784818,-0.390888691,-0.361916363,0.310113728,1.504125595,-0.361289382,0.253123790,-1.078380466,0.460925817,0.522736907,1.189792752,1.212187052,0.547428966,1.010213852,0.975349307,-1.630719066,0.735347509,-0.632883310,-1.024024248,1.176941991,1.296008825,-0.414759547,-0.541004062,-1.060621858
279,5579.991,1786878885876.431,13673694.366,0.000000000,-1.853987098,-0.019997535,-0.284470975,1.974377990,-0.315580815,-0.133410469,-0.483566195,-0.383292109,0.226885855,1.415954471,-0.413133502,0.256802052,-1.175918579,0.426814437,0.517059743,1.387404323,1.285894156,0.540063202,0.918671370,0.934181035,-1.630684495,0.696538568,-0.540136576,-0.844174623,1.181387186,1.200770378,-0.457700044,-0.517859340,-1.079075217
280,5599.988,1786878885896.428,13673714.363,0.000000000,-1.872734785,-0.020539282,-0.289848357,1.973980546,-0.263001919,-0.145775378,-0.560939252,-0.393012077,0.171864003,1.356293797,-0.467422843,0.257922411,-1.251531005,0.397304475,0.510705709,1.523888230,1.301074505,0.539151788,0.858287692,0.876716018,-1.617930770,0.674487770,-0.475783855,-0.711241364,1.181531310,1.133309007,-0.500526488,-0.511476398,-1.100732207
281,5619.988,1786878885916.427,13673734.362,0.000000000,-1.890013576,-0.012736400,-0.290628821,1.960875273,-0.191023797,-0.170757890,-0.669518411,-0.398350537,0.118563429,1.283194900,-0.548290968,0.258161396,-1.358599067,0.355407149,0.502829909,1.639004469,1.260443091,0.539166093,0.798825145,0.796360433,-1.565100789,0.659617782,-0.381856173,-0.541232288,1.172627330,1.045279980,-0.562378943,-0.510710180,-1.139675975
282,5639.989,1786878885936.428,13673754.363,0.000000000,-1.904862046,-0.007036172,-0.283792168,1.928229213,-0.113951765,-0.207325101,-0.781112313,-0.396461934,0.075432643,1.213648915,-0.623032272,0.254756272,-1.440702200,0.321338803,0.479198098,1.711473227,1.251894832,0.545014501,0.768558919,0.720717490,-1.507039309,0.633969605,-0.246053651,-0.379257709,1.106075764,1.001308560,-0.580680311,-0.458237410,-1.187578917
283,5659.989,1786878885956.429,13673774.364,0.000000000,-1.916646719,0.010427111,-0.273788095,1.883421421,-0.036798745,-0.250081778,-0.896108329,-0.373794854,0.044610959,1.155869603,-0.683583856,0.249570802,-1.489853501,0.289820582,0.455873936,1.779029965,1.282087445,0.556739688,0.756185532,0.654224396,-1.475963116,0.602703571,-0.122498788,-0.222718000,0.929663658,1.019750953,-0.510452449,-0.340390980,-1.216562033
284,5679.991,1786878885976.431,13673794.366,0.000000000,-1.910646081,0.047502104,-0.256840438,1.830455303,0.044070490,-0.279847354,-1.003622651,-0.337138027,0.026507525,1.121026397,-0.731496871,0.247293323,-1.508446693,0.242445365,0.428462148,1.832119346,1.336620212,0.581062198,0.778489470,0.600482702,-1.462073207,0.574222565,-0.059956562,-0.129127935,0.796104789,1.051578045,-0.494999200,-0.258919060,-1.206438899
285,5699.990,1786878885996.430,13673814.365,0.000000000,-1.892781734,0.095217638,-0.233033538,1.762805343,0.131510794,-0.277769625,-1.106972575,-0.288526565,0.011357638,1.092655182,-0.770902872,0.246770769,-1.505368948,0.192487806,0.402841240,1.854914188,1.410608292,0.606980681,0.843153000,0.566955805,-1.471649528,0.554721415,-0.035214338,-0.104786269,0.728635490,1.068600535,-0.496527076,-0.240871325,-1.180891156
286,5719.989,1786878886016.428,13673834.363,0.000000000,-1.853538990,0.142431915,-0.193178475,1.672254086,0.216461137,-0.270889044,-1.203232050,-0.243277535,-0.000020741,1.065008402,-0.798627615,0.246523306,-1.489997268,0.136779249,0.372484744,1.843105555,1.510797858,0.625607193,0.959930301,0.553954959,-1.505578756,0.547365189,-0.004469251,-0.103754625,0.710061252,1.064276814,-0.500904143,-0.243405312,-1.155606508
287,5739.991,1786878886036.431,13673854.366,0.000000000,-1.782382131,0.179904342,-0.125122622,1.561995983,0.292209208,-0.254083902,-1.294101954,-0.215679839,0.008365507,1.043076634,-0.811092496,0.246403411,-1.468894601,0.073931940,0.326036066,1.778111339,1.622829080,0.615767181,1.107581496,0.547351480,-1.543867588,0.548323572,0.045309499,-0.108290136,0.715572357,1.040296912,-0.506605685,-0.246480867,-1.118345261
288,5759.988,1786878886056.428,13673874.363,0.000000000,-1.683103204,0.196217254,-0.041278001,1.442901373,0.340386957,-0.229916483,-1.386058331,-0.203239888,0.032489743,1.023145556,-0.813581467,0.244416967,-1.432061791,0.006565072,0.273070842,1.624818683,1.670148730,0.579989731,1.211868763,0.485349447,-1.544829607,0.568500519,0.101527900,-0.118190616,0.720135272,0.996585310,-0.505256593,-0.240630388,-1.055597901
289,5779.992,1786878886076.432,13673894.367,0.000000000,-1.565940261,0.204438552,0.044818360,1.324120283,0.353673637,-0.206459656,-1.467783451,-0.189879164,0.062978387,1.013117552,-0.808317602,0.234918192,-1.369548559,-0.064153731,0.234722391,1.413128972,1.658143759,0.543230295,1.209424019,0.375997275,-1.502359748,0.601593375,0.151207253,-0.138259843,0.711998641,0.935724795,-0.493421823,-0.221336573,-0.968609750
290,5799.996,1786878886096.436,13673914.371,0.000000000,-1.447659016,0.210437968,0.111731857,1.219275355,0.347454309,-0.183884770,-1.525065422,-0.170773938,0.080466889,1.026021242,-0.790191770,0.218883783,-1.282939315,-0.134863734,0.238208711,1.177043200,1.625467539,0.489361644,1.096760988,0.266098887,-1.448932886,0.626832783,0.179195374,-0.174066231,0.693706632,0.872013152,-0.473112881,-0.196284145,-0.875352025
291,5819.989,1786878886116.429,13673934.364,0.000000000,-1.335675597,0.205556184,0.154672384,1.132653713,0.332122058,-0.166383415,-1.550216317,-0.167226687,0.096049681,1.088023186,-0.809897661,0.206485540,-1.201214314,-0.199776262,0.273966610,0.959625661,1.573861122,0.407047361,0.982387841,0.195176378,-1.391138673,0.643614054,0.181955725,-0.223466083,0.666292191,0.820311785,-0.457436919,-0.168259412,-0.785490334
292,5839.990,1786878886136.430,13673954.365,0.000000000,-1.224221349,0.175963536,0.179062769,1.057010770,0.280844122,-0.163127109,-1.500251889,-0.211102426,0.106807895,1.118712068,-0.804082870,0.212307051,-1.147532821,-0.268338561,0.308458030,0.801034927,1.515258908,0.315931380,0.890491605,0.161488563,-1.323440194,0.655086935,0.164664239,-0.257587403,0.620191038,0.804265916,-0.463181466,-0.138508230,-0.704150140
293,5859.990,1786878886156.429,13673974.364,0.000000000,-1.121441007,0.117508560,0.204521120,0.985299289,0.217444316,-0.163483486,-1.411334157,-0.284686148,0.115053579,1.084753871,-0.894137621,0.228989422,-1.123255014,-0.340166330,0.285266846,0.702345431,1.450830221,0.228850409,0.795821071,0.157120645,-1.135437131,0.662768006,0.150038302,-0.258712053,0.557879806,0.828612268,-0.483249366,-0.106554776,-0.639254153
294,5879.991,1786878886176.431,13673994.366,0.000000000,-1.064214230,0.088706054,0.215738177,0.959688783,0.156521574,-0.158094272,-1.356881738,-0.312480301,0.135062233,1.059503198,-0.925959289,0.238560170,-1.087470055,-0.383493811,0.247411355,0.638383031,1.399742365,0.165920809,0.699836493,0.168074563,-0.909075677,0.660752356,0.138743758,-0.242981508,0.504224598,0.855983675,-0.496025890,-0.079972051,-0.596777439
295,5899.992,1786878886196.431,13674014.366,0.000000000,-0.993526459,0.052169472,0.205229133,0.973361731,0.079782858,-0.144769371,-1.259313345,-0.342046648,0.174563289,1.028301001,-0.785047352,0.231227979,-1.033252239,-0.438631594,0.200939506,0.547574759,1.322427869,0.082710080,0.579217792,0.195823878,-0.622750998,0.640494525,0.120341808,-0.217222020,0.433413714,0.880260110,-0.507103324,-0.047494199,-0.540771544
296,5919.990,1786878886216.430,13674034.365,0.000000000,-0.936687768,0.031696845,0.174239814,0.999897838,0.030111754,-0.130950883,-1.132689834,-0.353113145,0.226282328,1.042784095,-0.634234369,0.205673158,-0.980814278,-0.462155849,0.157816470,0.467007250,1.229590654,0.005005552,0.467419446,0.243921548,-0.391394913,0.603478432,0.106544189,-0.201432839,0.375321805,0.889576316,-0.513185978,-0.028772902,-0.493341804
297,5939.991,1786878886236.430,13674054.365,0.000000000,-0.910225809,0.040749360,0.132558256,1.019406915,-0.001770516,-0.118113577,-0.984930813,-0.337758988,0.253949285,1.047729492,-0.091626279,0.146923557,-0.928275287,-0.433173269,0.109446347,0.399375588,1.136598468,-0.071543805,0.374834687,0.315940380,-0.245204836,0.549398363,0.109970532,-0.205045983,0.336411744,0.891390562,-0.505353868,-0.026454350,-0.461690158
298,5959.990,1786878886256.430,13674074.365,0.000000000,-0.918491483,0.100877076,0.088701278,1.047243834,-0.055435617,-0.107036054,-0.878671348,-0.255942345,0.225077018,1.056315660,0.155629948,0.108424738,-0.836401045,-0.355309367,0.067306004,0.323932797,1.081769347,-0.154827863,0.313115656,0.399723440,-0.201257735,0.499005139,0.127231896,-0.234859511,0.318396032,0.879112780,-0.470347494,-0.038815893,-0.448415637
299,5979.989,1786878886276.428,13674094.363,0.000000000,-0.909038186,0.186591849,0.045753077,1.078078032,-0.122984409,-0.099309340,-0.847554207,-0.142929971,0.171119526,1.056756496,0.052193191,0.077702031,-0.694857419,-0.288654536,0.064685106,0.229762450,1.086617708,-0.213367596,0.271662235,0.466080159,-0.208819047,0.477569759,0.114678733,-0.281856000,0.303629488,0.850712180,-0.410212427,-0.064979330,-0.446005493
300,5999.988,1786878886296.428,13674114.363,0.000000000,-0.860867977,0.238503039,0.023377679,1.103228092,-0.163795158,-0.095629983,-0.873762190,-0.063454121,0.157818347,1.068547726,-0.053140827,0.049614951,-0.556509912,-0.265442878,0.099264912,0.129688427,1.112903237,-0.192365840,0.256256431,0.499593168,-0.233234450,0.474258363,0.034561854,-0.345160842,0.282346219,0.828523159,-0.346983671,-0.094833158,-0.443605304
301,6019.987,1786878886316.427,13674134.362,0.000000000,-0.812703431,0.254884064,0.008174995,1.117368937,-0.169266686,-0.100349508,-0.923711538,-0.025722310,0.152350366,1.091047764,-0.107468419,0.027792374,-0.453562230,-0.232396707,0.171251491,0.075797908,1.119436145,-0.156836569,0.249097139,0.491592348,-0.311703891,0.442801327,-0.118999086,-0.439622760,0.255624264,0.844228208,-0.299939752,-0.119766235,-0.443477869
302,6039.992,1786878886336.432,13674154.367,0.000000000,-0.759270608,0.263807744,0.014871557,1.110337615,-0.151871711,-0.124707744,-0.983371675,-0.008439203,0.147445381,1.111709237,-0.124433704,0.007005913,-0.345497459,-0.181234986,0.253866822,0.068010204,1.073204637,-0.136597916,0.246250957,0.511324167,-0.444447219,0.414483905,-0.318538249,-0.557866633,0.219623744,0.915347040,-0.255225956,-0.133014232,-0.442919254
303,6059.992,1786878886356.432,13674174.367,0.000000000,-0.675585866,0.268971235,0.057964556,1.100438595,-0.112836055,-0.175796807,-1.060974479,0.034323454,0.153352857,1.092437506,-0.093480386,-0.020715691,-0.131228268,-0.149111494,0.317875445,0.048637055,0.944546521,-0.085553601,0.231368482,0.548246026,-0.545468628,0.358024120,-0.520522177,-0.691770256,0.169955373,1.037724137,-0.195381269,-0.116636358,-0.438085198
304,6079.997,1786878886376.436,13674194.371,0.000000000,-0.600711584,0.241544783,0.079593539,1.092081666,-0.060297165,-0.220833823,-1.139490008,0.111885972,0.115744211,1.017142415,-0.025354199,-0.047889754,0.162486106,-0.156060606,0.342386991,0.074029677,0.755655944,0.026087422,0.148983553,0.588310182,-0.531819165,0.336907238,-0.619612038,-0.793380857,0.155232027,1.211251378,-0.143897906,-0.122880705,-0.495297462
305,6099.988,1786878886396.427,13674214.362,0.000000000,-0.598822057,0.164768264,-0.043748062,1.099532843,-0.012814345,-0.225980282,-1.147025228,0.150521576,0.002152190,0.993833184,0.030649958,-0.077506818,0.322367162,-0.173033610,0.322344303,0.187301293,0.553493977,0.172647074,0.012834146,0.586384475,-0.445414245,0.366490811,-0.569125950,-0.738841951,0.186853200,1.395926356,-0.126874194,-0.137638673,-0.634991884
306,6119.988,1786878886416.427,13674234.362,0.000000000,-0.651995957,0.079729713,-0.207177728,1.164781928,0.009546403,-0.211686283,-1.106712818,0.157626852,-0.076328196,1.056837559,0.013299586,-0.088215947,0.329867423,-0.133256808,0.271027744,0.280237377,0.440640956,0.235647619,-0.034176484,0.604844511,-0.383110464,0.360517204,-0.649636090,-0.647064805,0.189984396,1.575234175,-0.125246093,-0.014193781,-0.606281340
307,6139.990,1786878886436.430,13674254.365,0.000000000,-0.708858848,0.016993469,-0.302881896,1.193188667,0.009445484,-0.199321896,-1.068990469,0.156347051,-0.112795331,1.086998582,-0.017611833,-0.084159844,0.308954895,-0.090437517,0.216639251,0.340067625,0.414640129,0.226901487,-0.016250627,0.619625986,-0.366912007,0.331039786,-0.704736888,-0.600738883,0.165784851,1.632122397,-0.120264962,0.140820757,-0.527293921
308,6159.989,1786878886456.429,13674274.364,0.000000000,-0.782432377,-0.071277648,-0.380911887,1.217787743,-0.003734383,-0.183182210,-1.031933069,0.155314788,-0.131825224,1.142581344,-0.075252146,-0.068036065,0.320311606,-0.051545266,0.162830785,0.397577941,0.399672031,0.187472403,0.013411630,0.605883777,-0.357618183,0.281756431,-0.709195256,-0.580424607,0.131956309,1.617581367,-0.115452826,0.375822991,-0.428635240
309,6179.989,1786878886476.428,13674294.363,0.000000000,-0.787991047,-0.118097432,-0.404857427,1.178115368,-0.052654862,-0.167759925,-1.045140982,0.142355323,-0.106476888,1.179160357,-0.133326069,-0.050219484,0.365080833,-0.066955090,0.101270787,0.430098236,0.380182236,0.149045974,0.033673014,0.576591194,-0.351598173,0.223932758,-0.665899277,-0.587075531,0.103436507,1.573249340,-0.118581623,0.569675505,-0.361084223
310,6199.989,1786878886496.429,13674314.364,0.000000000,-0.771663249,-0.150585562,-0.425126493,1.230936885,-0.045226358,-0.157582432,-1.042589784,0.132424772,-0.067572773,1.222122669,-0.180728137,-0.038780477,0.403117716,-0.075724751,0.101515055,0.454360574,0.321967781,0.133952349,0.022963427,0.544671357,-0.334119171,0.178068250,-0.611231863,-0.609503150,0.093359366,1.549710989,-0.146205202,0.566716015,-0.354499966
311,6219.989,1786878886516.429,13674334.364,0.000000000,-0.751541317,-0.176102951,-0.432063252,1.279422760,-0.010860580,-0.153739929,-1.039177418,0.124347113,-0.029507201,1.295619965,-0.196245924,-0.036317378,0.453022122,-0.073048040,0.111601397,0.464093596,0.245537609,0.116505824,-0.003038499,0.522970915,-0.278570801,0.122378811,-0.564576149,-0.647770941,0.090153262,1.538399100,-0.179300204,0.488419116,-0.357540488
312,6239.991,1786878886536.430,13674354.365,0.000000000,-0.731906533,-0.192396343,-0.435602427,1.288247943,0.022900051,-0.152450547,-1.028893471,0.121082969,-0.009558584,1.344797492,-0.195935547,-0.038364492,0.510787547,-0.058199733,0.112876438,0.463377297,0.150893480,0.108045779,-0.026627529,0.511520505,-0.213010639,0.054956611,-0.545496643,-0.688938797,0.078273885,1.560336590,-0.199520543,0.446871579,-0.342780232
313,6259.989,1786878886556.429,13674374.364,0.000000000,-0.727408767,-0.204766110,-0.440903991,1.283024669,0.040320542,-0.150709018,-1.021778464,0.119887426,-0.013411501,1.371262431,-0.186456844,-0.045166958,0.558623016,-0.042794455,0.109716699,0.471898258,0.050764464,0.103585623,-0.050096791,0.499460965,-0.157527134,0.012192127,-0.548868775,-0.726927340,0.060313735,1.599238396,-0.219510049,0.415104300,-0.336258501
314,6279.989,1786878886576.429,13674394.364,0.000000000,-0.728998125,-0.223689422,-0.448309302,1.283271670,0.044587795,-0.149512142,-0.999684155,0.115210578,-0.030874468,1.380614638,-0.170931265,-0.052875869,0.592047274,-0.023222113,0.106307939,0.481870979,-0.032146364,0.087907478,-0.058860917,0.473154992,-0.120687976,-0.004514268,-0.558752596,-0.767270923,0.049520385,1.638887048,-0.231682315,0.385835260,-0.327696353
315,6299.991,1786878886596.430,13674414.366,0.000000000,-0.740919650,-0.248479962,-0.454665750,1.288187146,0.046043150,-0.148178399,-0.971177161,0.111656368,-0.050084531,1.379151106,-0.153615862,-0.056740701,0.621977508,-0.009735259,0.099406578,0.494017899,-0.085852690,0.065946296,-0.057783097,0.437224150,-0.097509198,-0.017601665,-0.569179177,-0.806631863,0.058883708,1.682808757,-0.231469184,0.353369504,-0.318021625
316,6319.989,1786878886616.429,13674434.364,0.000000000,-0.758572698,-0.273148417,-0.456147969,1.293150663,0.052515123,-0.147200227,-0.943919003,0.106764138,-0.070527256,1.374026418,-0.138843045,-0.056796163,0.661586285,-0.010627576,0.091155812,0.500036538,-0.082214758,0.044751845,-0.053098243,0.405031532,-0.084532186,-0.064777546,-0.579088330,-0.842221141,0.100055665,1.735169053,-0.217262566,0.316534281,-0.303804249
317,6339.990,1786878886636.429,13674454.364,0.000000000,-0.777390957,-0.286589444,-0.442371994,1.297886968,0.070795424,-0.146953642,-0.915334165,0.103197820,-0.087936141,1.365708113,-0.132087320,-0.056579083,0.712884605,-0.018523535,0.090681762,0.506633520,-0.078428388,0.048385978,-0.056547824,0.376107246,-0.073418088,-0.158688813,-0.599446058,-0.874158442,0.149868399,1.785194397,-0.210058242,0.283460468,-0.288168758
318,6359.992,1786878886656.432,13674474.367,0.000000000,0.000000000,0.000000000,0.000000000,0.000000000,0.000000000,0.000000000,0.000000000,0.000000000,0.000000000,0.000000000,0.000000000,0.000000000,0.000000000,0.000000000,0.000000000,0.000000000,0.000000000,0.000000000,0.000000000,0.000000000,0.000000000,0.000000000,0.000000000,0.000000000,0.000000000,0.000000000,0.000000000,0.000000000,0.000000000
319,6379.989,1786878886676.429,13674494.364,0.000000000,-0.191714808,-0.006738160,-0.030392133,0.296196997,-0.116092816,-0.048945319,-0.261962652,0.005759674,0.011860003,0.354296565,-0.113890827,-0.010645588,0.195964709,-0.016537154,-0.036460746,-0.071555816,-0.073206231,0.025996886,0.008205457,0.037987746,0.034842085,0.002065254,-0.054412398,-0.088125065,0.016485754,0.086747155,-0.054352876,-0.056908738,-0.099947646
320,6399.990,1786878886696.429,13674514.364,0.000000000,-0.296765983,-0.020413209,-0.040902056,0.501049936,-0.149384916,-0.067431629,-0.412712336,0.006141651,0.011225588,0.533999860,-0.116946176,-0.021574652,0.438214689,-0.064714104,0.012285181,-0.117108159,-0.085629776,-0.009962288,-0.013746765,0.086145364,0.049807768,0.030766413,-0.156639218,-0.206289902,0.041165046,0.243481129,-0.099329077,-0.103562571,-0.178956479
321,6419.989,1786878886716.429,13674534.364,0.000000000,-0.411689132,-0.045439363,-0.047151122,0.709966123,-0.106338829,-0.099566482,-0.534482598,0.008659269,0.004690933,0.641826391,-0.168682978,-0.044523757,0.688471735,-0.134406939,0.109874599,-0.129149988,-0.070678286,-0.022840431,-0.064373948,0.169899449,0.047665354,0.051515549,-0.364862293,-0.356094092,0.133905247,0.566861868,-0.152034864,-0.130874395,-0.222515509
322,6439.989,1786878886736.429,13674554.364,0.000000000,-0.464153796,-0.060051695,-0.072915778,0.808828712,-0.051615588,-0.124303907,-0.578409016,0.037572075,-0.006381021,0.658687830,-0.234000191,-0.071258657,0.865667880,-0.168222070,0.199331582,-0.118287116,-0.061612990,0.021168469,-0.103101589,0.244992271,0.055876821,0.069606528,-0.580000222,-0.419915408,0.226617023,0.909002066,-0.197512716,-0.118969575,-0.208635077
323,6459.992,1786878886756.432,13674574.367,0.000000000,-0.441589564,-0.064827368,-0.080816589,0.872040570,-0.118001178,-0.153944626,-0.568150878,0.118915424,0.051894188,0.660162330,-0.228244126,-0.148935571,0.986233234,-0.162823603,0.265520751,-0.095726974,-0.056910340,0.097873211,-0.141080946,0.304497033,0.097175367,0.094809450,-0.737670243,-0.397146106,0.239583731,1.165285468,-0.223029017,-0.088896669,-0.188964173
324,6479.991,1786878886776.431,13674594.366,0.000000000,-0.370516688,-0.042077791,-0.067670174,0.886445403,-0.234472454,-0.140392572,-0.554499567,0.208990768,0.133165076,0.701714873,-0.168242171,-0.201341853,1.075082660,-0.137983009,0.294074237,-0.069982596,-0.051961515,0.167672038,-0.179014921,0.343095481,0.163943157,0.122861221,-0.799391627,-0.352087319,0.205021903,1.299472332,-0.224254876,-0.072459228,-0.190375954
325,6499.989,1786878886796.429,13674614.364,0.000000000,-0.302192628,-0.009361838,-0.055729803,0.883180559,-0.318185568,-0.149407417,-0.534129262,0.281882018,0.179891810,0.733118713,-0.177233174,-0.223526865,1.160196185,-0.119785599,0.294984728,-0.039868135,-0.054225378,0.213206246,-0.235384837,0.360612094,0.233637422,0.146100864,-0.777896702,-0.312037408,0.166061103,1.342203856,-0.209471092,-0.081810065,-0.192176983
326,6519.989,1786878886816.429,13674634.364,0.000000000,-0.249207661,-0.009159978,-0.072248213,0.888489008,-0.312898695,-0.141700223,-0.492742926,0.344482362,0.243417934,0.724046528,-0.165387899,-0.231821895,1.244891882,-0.109720960,0.304844618,-0.014354396,-0.053352937,0.239018038,-0.309868157,0.370502830,0.294878215,0.167982772,-0.719864905,-0.276058316,0.129172117,1.333208442,-0.202663392,-0.113717020,-0.177028179
327,6539.989,1786878886836.429,13674654.364,0.000000000,-0.214427441,-0.033605784,-0.099853046,0.930675328,-0.231311113,-0.150601491,-0.427346915,0.388049155,0.314250201,0.698831439,-0.142120078,-0.231885344,1.294184446,-0.079861805,0.324060231,0.023356384,-0.052651357,0.252177089,-0.399737746,0.376282603,0.339891672,0.192241117,-0.664296448,-0.243723974,0.092105918,1.307503223,-0.212514758,-0.153719395,-0.140496388
328,6559.995,1786878886856.435,13674674.369,0.000000000,-0.198438913,-0.072665207,-0.129902571,0.987637699,-0.093355596,-0.160015270,-0.354008943,0.407559305,0.373141587,0.668270946,-0.117895119,-0.224447191,1.288424611,-0.032778863,0.332461268,0.075973898,-0.050865993,0.253097236,-0.494050205,0.372837663,0.370402664,0.217172757,-0.606870055,-0.220246419,0.046870828,1.267408013,-0.260256678,-0.192072913,-0.085345142
329,6579.988,1786878886876.427,13674694.362,0.000000000,-0.199873045,-0.121572755,-0.163122699,1.010128379,0.030618904,-0.203162268,-0.307078242,0.417678893,0.432454020,0.640525997,-0.095939033,-0.207988143,1.275341630,-0.004810364,0.315306693,0.117892429,-0.052124884,0.240072027,-0.572295427,0.353630632,0.374033004,0.231810734,-0.532735288,-0.212335661,-0.003379461,1.219419837,-0.326124996,-0.222812802,-0.030864907
330,6599.988,1786878886896.427,13674714.362,0.000000000,-0.199170634,-0.170168564,-0.209562883,1.017864704,0.069991887,-0.238516033,-0.286545515,0.417783350,0.473223984,0.625774920,-0.087131403,-0.179131970,1.257395148,0.011957778,0.276912540,0.121423982,-0.052745640,0.213158220,-0.613983333,0.327101380,0.341807067,0.234275728,-0.453083068,-0.229652837,-0.044285864,1.174357653,-0.386340350,-0.239564955,0.014286429
331,6619.987,1786878886916.427,13674734.361,0.000000000,-0.195980787,-0.191576093,-0.235402554,1.000958681,0.035176229,-0.256540656,-0.307638735,0.377550215,0.416124195,0.662412107,-0.114332564,-0.156986654,1.215743065,0.038521331,0.228035748,0.105720662,-0.053566940,0.153896898,-0.622718215,0.309418023,0.284009755,0.228717193,-0.380876273,-0.279594839,-0.071650393,1.133437395,-0.431302220,-0.243703902,0.050130703
332,6639.987,1786878886936.427,13674754.362,0.000000000,-0.190738767,-0.182024822,-0.223046035,0.974392235,-0.007477106,-0.261558026,-0.331561208,0.310434848,0.327568233,0.714735687,-0.172246903,-0.120761171,1.194656253,0.067341544,0.185173631,0.082434691,-0.052149374,0.082481064,-0.606194913,0.303495437,0.235390335,0.215819567,-0.322948575,-0.336936325,-0.092442222,1.103218079,-0.450616211,-0.244179651,0.065352745
333,6659.988,1786878886956.427,13674774.362,0.000000000,-0.177613243,-0.161088184,-0.174884096,0.934877992,-0.082207106,-0.263295978,-0.354953021,0.225397944,0.268560737,0.752943039,-0.231279463,-0.091425702,1.216008186,0.099430040,0.123015143,0.036614340,-0.054715037,-0.029883752,-0.558370590,0.302589566,0.168939769,0.194118872,-0.244236737,-0.422263116,-0.125836760,1.075553656,-0.451648653,-0.244962126,0.068778761
334,6679.987,1786878886976.427,13674794.361,0.000000000,-0.151053026,-0.153857142,-0.135840788,0.879237235,-0.153456688,-0.257855624,-0.377957106,0.211690649,0.295376927,0.773459077,-0.263970852,-0.148172870,1.252222776,0.115741968,0.068413891,0.002556382,-0.042132784,-0.124617986,-0.510357380,0.299792439,0.103719674,0.188785255,-0.211228043,-0.490005821,-0.150321797,1.073657751,-0.429949433,-0.243903190,0.066531941
335,6699.989,1786878886996.429,13674814.364,0.000000000,-0.112037040,-0.166583285,-0.130347535,0.829481363,-0.173880488,-0.253460586,-0.394515485,0.228846878,0.345052600,0.787776530,-0.252150714,-0.160617039,1.233375549,0.145845607,0.036361590,-0.014432180,-0.033349555,-0.167786896,-0.482834578,0.289996862,0.050794277,0.197429627,-0.254933655,-0.533928573,-0.161184877,1.073968649,-0.408464938,-0.243691429,0.069938928
336,6719.993,1786878887016.433,13674834.368,0.000000000,-0.083090618,-0.191401869,-0.166797087,0.813049555,-0.166412786,-0.244359270,-0.393260807,0.226366684,0.353868544,0.786289573,-0.237189129,-0.150154501,1.113142133,0.202142447,0.042978063,-0.044744760,-0.023415649,-0.166605651,-0.465536863,0.275916666,0.016245542,0.214846805,-0.362574160,-0.557066202,-0.160466447,1.055834174,-0.413495988,-0.255527824,0.077783562
337,6739.999,1786878887036.439,13674854.374,0.000000000,-0.072786242,-0.210841447,-0.202604577,0.811489940,-0.149493113,-0.221868873,-0.391297787,0.203049883,0.331297934,0.783518434,-0.226020917,-0.143287301,0.943774998,0.251372099,0.092448056,-0.140499562,-0.012617519,-0.134240255,-0.425067544,0.267427355,-0.002524519,0.226414368,-0.481359422,-0.569146156,-0.154057503,1.019397974,-0.432678968,-0.288937300,0.082806058
338,6759.994,1786878887056.434,13674874.369,0.000000000,-0.076946087,-0.213647947,-0.215213791,0.804342091,-0.163375199,-0.185037911,-0.402453423,0.186545923,0.309340924,0.783907950,-0.217693701,-0.141450539,0.802336276,0.266637534,0.141445369,-0.288487405,0.010690961,-0.096730746,-0.349570036,0.270696580,-0.013315574,0.229327738,-0.562830567,-0.582676053,-0.150804400,0.983916342,-0.449118704,-0.335693687,0.082475275
339,6779.993,1786878887076.432,13674894.367,0.000000000,-0.091103040,-0.196158424,-0.211004272,0.806874216,-0.185614526,-0.135591000,-0.418247014,0.193608418,0.294179887,0.780899584,-0.211342216,-0.145205811,0.699197292,0.263340116,0.160998285,-0.443698078,0.042774156,-0.066154845,-0.248516023,0.289146096,-0.025867712,0.229403347,-0.600554228,-0.599942029,-0.150966108,0.959961474,-0.457523853,-0.374160528,0.079596475
340,6799.991,1786878887096.430,13674914.366,0.000000000,-0.114915088,-0.169491202,-0.201564237,0.826233566,-0.201736301,-0.094917960,-0.430327058,0.221128136,0.291623116,0.771529913,-0.196071133,-0.151741758,0.608996987,0.248932585,0.164146557,-0.575241625,0.088298418,-0.043278415,-0.140045136,0.325532824,-0.047580991,0.233728737,-0.609537959,-0.611569464,-0.149585158,0.938275635,-0.463458717,-0.389915705,0.074398562
341,6819.990,1786878887116.430,13674934.365,0.000000000,-0.146087766,-0.138337031,-0.191892222,0.863855302,-0.214610994,-0.092175044,-0.441427618,0.251819164,0.286395729,0.766213536,-0.200875804,-0.158077061,0.511860371,0.230773106,0.163052112,-0.671112597,0.148296550,-0.028179683,-0.041973513,0.366724193,-0.074572086,0.245261967,-0.599065185,-0.616395950,-0.143709049,0.900749385,-0.469010741,-0.380976200,0.066079974
342,6839.992,1786878887136.431,13674954.366,0.000000000,-0.170716405,-0.101837978,-0.173368976,0.897764444,-0.223280802,-0.106367528,-0.455301523,0.269617975,0.263883740,0.766208827,-0.216041431,-0.158186376,0.421644509,0.213782355,0.162497476,-0.738571048,0.210330129,-0.022033302,0.041042197,0.395919561,-0.098266721,0.256515533,-0.570479989,-0.625901759,-0.140119225,0.847307265,-0.476004720,-0.360304266,0.055009868
343,6859.991,1786878887156.430,13674974.366,0.000000000,-0.187753305,-0.058489323,-0.138214797,0.932668567,-0.243971765,-0.109931812,-0.486196876,0.260346055,0.202926487,0.788749278,-0.255721748,-0.130417347,0.355121255,0.203380734,0.166789368,-0.791546822,0.265760124,-0.025289055,0.111499622,0.407419086,-0.119003981,0.268422753,-0.534106135,-0.652035773,-0.141597152,0.786688209,-0.485372692,-0.336930484,0.039739721
344,6879.988,1786878887176.428,13674994.363,0.000000000,-0.195959821,-0.014877969,-0.090120219,0.979416728,-0.260032058,-0.102648467,-0.537809312,0.208522454,0.102794312,0.882810950,-0.330884486,-0.087323427,0.315092653,0.194863275,0.187291324,-0.841505527,0.317558438,-0.037661824,0.177065507,0.401735395,-0.142429113,0.283171862,-0.505050659,-0.695314527,-0.149398386,0.733520269,-0.497332633,-0.320275486,0.016255192
345,6899.990,1786878887196.430,13675014.365,0.000000000,-0.205309868,0.010413145,-0.064721130,1.032320976,-0.273368269,-0.098938324,-0.571045876,0.142429113,0.048528194,0.984416485,-0.400655687,-0.071265586,0.286578357,0.185153857,0.205237642,-0.872427464,0.354463935,-0.051451016,0.225957200,0.390592933,-0.163555935,0.295022607,-0.489243329,-0.733662307,-0.154786617,0.705672145,-0.506071985,-0.313972771,-0.008185889
346,6919.988,1786878887216.427,13675034.362,0.000000000,-0.234559700,0.040970527,-0.055861130,1.111029863,-0.278880149,-0.088236794,-0.594874859,0.041079927,0.044852793,1.086060166,-0.489873886,-0.070183881,0.243191093,0.167646825,0.214610294,-0.895297945,0.399132401,-0.070929885,0.288101703,0.372588426,-0.193756163,0.308949471,-0.471095234,-0.786265910,-0.153132021,0.683206439,-0.512806773,-0.311118156,-0.047040373
347,6939.989,1786878887236.429,13675054.364,0.000000000,-0.266255587,0.075314105,-0.049872022,1.192807794,-0.321897835,-0.085129611,-0.630319893,-0.058184475,0.027003085,1.151577950,-0.490379930,-0.085230283,0.228246018,0.146594658,0.217226192,-0.900000513,0.439815581,-0.084197149,0.337092072,0.352383465,-0.220758498,0.319831163,-0.460785449,-0.839744627,-0.138029575,0.671963394,-0.509013534,-0.310771972,-0.088750057
348,6959.989,1786878887256.429,13675074.364,0.000000000,-0.288597405,0.126668245,-0.070343696,1.276311159,-0.403081417,-0.084930144,-0.659475863,-0.073511302,0.001639734,1.236626387,-0.541158974,-0.077578582,0.220656157,0.150038525,0.242727712,-0.891763151,0.479660243,-0.086497895,0.368647873,0.330085665,-0.245586380,0.334191561,-0.464905798,-0.892185390,-0.110614769,0.666130364,-0.499312431,-0.310822368,-0.134138003
349,6979.991,1786878887276.430,13675094.365,0.000000000,-0.336110502,0.161163867,-0.109256364,1.328738570,-0.485691518,-0.077171154,-0.670735002,-0.060387719,-0.009804685,1.287264585,-0.568341255,-0.080274113,0.195030719,0.152093813,0.270897120,-0.867759049,0.519912302,-0.085009418,0.382249624,0.316980958,-0.265993685,0.352110147,-0.464262456,-0.932275653,-0.081212021,0.660130858,-0.497787058,-0.311284781,-0.182639524
350,6999.993,1786878887296.433,13675114.368,0.000000000,-0.400707513,0.178889394,-0.129550591,1.353920937,-0.545361161,-0.061253533,-0.681310654,-0.048191309,-0.012749561,1.317935348,-0.585881114,-0.081308775,0.172832161,0.139478877,0.295276821,-0.834315538,0.558328450,-0.076795012,0.377977788,0.314405113,-0.277253598,0.366301894,-0.452436715,-0.953036189,-0.060229950,0.648970366,-0.503450394,-0.309689462,-0.223998725
351,7019.989,1786878887316.429,13675134.364,0.000000000,-0.471068323,0.186797723,-0.138280615,1.360045552,-0.576102197,-0.045671068,-0.690119386,-0.034105953,-0.015233692,1.333000660,-0.594483852,-0.086235531,0.154607713,0.121579438,0.310377300,-0.793701947,0.597563565,-0.059643976,0.362253457,0.314141601,-0.282374918,0.375261396,-0.439022660,-0.954366744,-0.043753173,0.632221818,-0.518712103,-0.303840846,-0.251862854
352,7039.991,1786878887336.431,13675154.366,0.000000000,-0.534049451,0.190379143,-0.139878884,1.355136514,-0.586919785,-0.036335271,-0.690360665,-0.017719606,-0.021128228,1.340578914,-0.599374652,-0.093316793,0.138462305,0.107058823,0.321587324,-0.754554391,0.639699578,-0.036776662,0.344494045,0.314332813,-0.284720063,0.380163699,-0.431636512,-0.945484698,-0.029568903,0.607144713,-0.543119311,-0.294453919,-0.267155021
353,7059.988,1786878887356.428,13675174.363,0.000000000,-0.582431197,0.188790470,-0.136190400,1.340201259,-0.582921445,-0.033732019,-0.682278991,-0.003920635,-0.030209519,1.351664305,-0.606638372,-0.092227347,0.123648003,0.098247714,0.333060354,-0.726063550,0.685135126,-0.012995475,0.330303907,0.318420678,-0.285554230,0.382195264,-0.436281472,-0.937467694,-0.017224269,0.570861101,-0.578566551,-0.281200409,-0.273030132
354,7079.986,1786878887376.426,13675194.361,0.000000000,-0.616164148,0.182187095,-0.126111045,1.318564057,-0.574913561,-0.033610161,-0.668832660,0.003377737,-0.042716183,1.371587753,-0.619191587,-0.087714672,0.112924695,0.092988059,0.343706489,-0.717378974,0.728378534,0.006451230,0.322814077,0.327663988,-0.286636233,0.382414877,-0.452906430,-0.936504841,-0.006806035,0.528714180,-0.614328206,-0.269792765,-0.276078254
355,7099.991,1786878887396.430,13675214.366,0.000000000,-0.638787389,0.171559438,-0.116182067,1.296275973,-0.567452729,-0.036050554,-0.651651680,0.005019811,-0.061948080,1.399492860,-0.636179984,-0.080429412,0.107627101,0.093610242,0.350599140,-0.728563607,0.762505412,0.017233502,0.321643978,0.334658474,-0.291354865,0.384960592,-0.483091950,-0.940557778,0.004237652,0.494686991,-0.642846346,-0.264979839,-0.284790933
356,7119.989,1786878887416.428,13675234.363,0.000000000,-0.653446376,0.157520086,-0.108967952,1.276226759,-0.564551592,-0.041990902,-0.630204260,-0.002009272,-0.091453113,1.424490809,-0.667704701,-0.060188707,0.111919247,0.099686183,0.350906372,-0.753721595,0.784195006,0.017229477,0.326924354,0.336520642,-0.303553611,0.394123226,-0.523192406,-0.945681453,0.018078199,0.477632284,-0.659459651,-0.265863121,-0.301627010
357,7139.989,1786878887436.428,13675254.363,0.000000000,-0.656646073,0.144505039,-0.107759759,1.262237668,-0.565241814,-0.049261890,-0.611631572,-0.002117187,-0.106558047,1.445367455,-0.686793923,-0.047034740,0.119227864,0.107177742,0.352309197,-0.777781665,0.793827116,0.010974215,0.334718376,0.336605638,-0.317727894,0.407344133,-0.556437373,-0.947542369,0.029861193,0.476218045,-0.664478660,-0.268215865,-0.318507195
358,7159.988,1786878887456.428,13675274.363,0.000000000,-0.653214097,0.118320465,-0.122483179,1.275230289,-0.531560898,-0.069721162,-0.584202945,-0.000448590,-0.118046306,1.469984412,-0.711730897,-0.028165860,0.134035662,0.116749160,0.354239494,-0.808511794,0.800068617,-0.005649203,0.347940147,0.335784614,-0.341209918,0.432098597,-0.595015645,-0.946417689,0.047025669,0.485438555,-0.666304469,-0.271830052,-0.344087243
359,7179.990,1786878887476.430,13675294.365,0.000000000,-0.644387841,0.095283829,-0.131672129,1.286048532,-0.517087638,-0.082364373,-0.566405416,-0.001359778,-0.121487290,1.487726808,-0.733281434,-0.025031449,0.152942538,0.117074169,0.347291023,-0.826706052,0.805686712,-0.024649635,0.358169347,0.333829612,-0.366865814,0.460617125,-0.620291770,-0.937945724,0.065539405,0.497207850,-0.668880939,-0.273727834,-0.366720945
360,7199.995,1786878887496.435,13675314.370,0.000000000,-0.637367547,0.078754969,-0.139704496,1.294766068,-0.510202110,-0.092208415,-0.550422788,-0.005418994,-0.128808782,1.496222854,-0.751165867,-0.031713556,0.163942367,0.117068894,0.340775222,-0.836008012,0.811324477,-0.040984087,0.362085998,0.332608908,-0.389178604,0.487049699,-0.631757200,-0.930145681,0.080472663,0.501778424,-0.675860584,-0.273952574,-0.381469250
361,7219.988,1786878887516.428,13675334.363,0.000000000,-0.626953006,0.067454539,-0.145050019,1.300176144,-0.505923450,-0.098220550,-0.534305513,-0.010151247,-0.134069905,1.500184774,-0.764217854,-0.041595247,0.171958894,0.116549559,0.344438195,-0.842101932,0.818524241,-0.053326491,0.357509196,0.332412750,-0.405198842,0.508894384,-0.634558082,-0.927383780,0.089049459,0.497262090,-0.685169578,-0.273958564,-0.389477402
362,7239.990,1786878887536.429,13675354.364,0.000000000,-0.619019747,0.059948247,-0.147244662,1.302643418,-0.504581630,-0.100473508,-0.523580372,-0.015872888,-0.137444064,1.501990318,-0.772931218,-0.054822888,0.178833932,0.114289686,0.353276759,-0.846465170,0.828103542,-0.060907423,0.343245685,0.332581699,-0.414331764,0.524899662,-0.633714020,-0.927452922,0.092050008,0.485324085,-0.692157149,-0.273173034,-0.392290980
363,7259.988,1786878887556.428,13675374.363,0.000000000,-0.618426561,0.055639859,-0.148596138,1.302651048,-0.503055573,-0.101593576,-0.519770563,-0.021881154,-0.142372981,1.501902580,-0.777712226,-0.067174040,0.184049845,0.113053329,0.362802088,-0.851448238,0.837748468,-0.062754206,0.320424408,0.332951963,-0.417993784,0.535515130,-0.632471919,-0.930063009,0.091144972,0.466573596,-0.695140004,-0.270778954,-0.391641438
364,7279.991,1786878887576.431,13675394.366,0.000000000,-0.623466492,0.053122841,-0.150055304,1.301723003,-0.500010967,-0.102270931,-0.521308601,-0.027737359,-0.148252755,1.501217365,-0.779514670,-0.074896879,0.189258575,0.113240972,0.372349232,-0.860301018,0.846809208,-0.062701955,0.295685142,0.333258122,-0.419926852,0.543834031,-0.632912159,-0.934548497,0.086030945,0.443853647,-0.696062207,-0.268613607,-0.389119595
365,7299.990,1786878887596.430,13675414.365,0.000000000,-0.633230269,0.051245123,-0.151423171,1.300076723,-0.492696047,-0.102649853,-0.528019547,-0.032904439,-0.153682128,1.500859618,-0.779322982,-0.079811320,0.194760501,0.113447554,0.378346086,-0.871618807,0.854338944,-0.061121646,0.274970472,0.333648264,-0.422031462,0.550846398,-0.637369812,-0.938232899,0.079247758,0.421588182,-0.696237862,-0.267706037,-0.383954376
366,7319.990,1786878887616.430,13675434.365,0.000000000,-0.642411530,0.048296805,-0.151884481,1.297238231,-0.481960684,-0.103128836,-0.535332859,-0.038345244,-0.157424390,1.501365066,-0.779135644,-0.084687352,0.200188011,0.112113483,0.382928044,-0.885293186,0.859725475,-0.058774650,0.261792928,0.334369779,-0.423629582,0.556668282,-0.647436678,-0.940418303,0.074144490,0.403257608,-0.696366906,-0.267526865,-0.379173309
367,7339.990,1786878887636.429,13675454.364,0.000000000,-0.650046766,0.042789135,-0.153629661,1.294997931,-0.473186970,-0.105023019,-0.540229619,-0.045368545,-0.161707893,1.502296329,-0.780204833,-0.088305891,0.203515723,0.109939128,0.386314154,-0.900450885,0.862777174,-0.057880096,0.256400228,0.334890068,-0.424078524,0.561539233,-0.661857605,-0.941715360,0.072343402,0.393277168,-0.696429908,-0.268970758,-0.377327442
368,7359.993,1786878887656.432,13675474.367,0.000000000,-0.656483471,0.036120664,-0.156226084,1.294064403,-0.470853955,-0.110114545,-0.542693555,-0.053246867,-0.166677698,1.502808809,-0.782415092,-0.091792315,0.205277890,0.107120588,0.387905270,-0.914156497,0.863676667,-0.057812802,0.256011754,0.335079193,-0.424090266,0.565607011,-0.676928401,-0.942234337,0.072231479,0.390927136,-0.696363091,-0.271278530,-0.376952529
369,7379.990,1786878887676.429,13675494.365,0.000000000,-0.660922945,0.029873686,-0.158225968,1.292903185,-0.469016552,-0.116222568,-0.543047309,-0.060969420,-0.171290264,1.502893925,-0.785416007,-0.095196068,0.206710204,0.103125393,0.388828248,-0.924634635,0.864133656,-0.057809006,0.257386982,0.335234046,-0.423639983,0.569615841,-0.689460874,-0.942262888,0.072295897,0.391610622,-0.696190000,-0.272118449,-0.376782596
370,7399.992,1786878887696.432,13675514.367,0.000000000,-0.662376344,0.025779419,-0.158832833,1.291975856,-0.467720002,-0.120654888,-0.541714191,-0.066351518,-0.174011618,1.502906799,-0.787944078,-0.097666249,0.207756206,0.099243566,0.390272051,-0.930262506,0.865189075,-0.057824776,0.258852541,0.335388929,-0.422957331,0.572971940,-0.696964920,-0.942229152,0.072580308,0.393313468,-0.695775926,-0.272285700,-0.376723766
371,7419.990,1786878887716.429,13675534.365,0.000000000,-0.662815750,0.021646336,-0.158436269,1.291237116,-0.466513455,-0.125721857,-0.538819134,-0.072522752,-0.176612124,1.502999663,-0.791455269,-0.100242704,0.209335253,0.093363270,0.392669499,-0.934380591,0.868065119,-0.057847980,0.260947436,0.335585743,-0.421302140,0.577776909,-0.704216719,-0.942124546,0.073561020,0.396292984,-0.694145441,-0.272396833,-0.376690328
372,7439.991,1786878887736.431,13675554.366,0.000000000,-0.663533151,0.019065412,-0.157517314,1.291437268,-0.466117084,-0.129646614,-0.536233544,-0.077511743,-0.178872451,1.503015399,-0.794995487,-0.101483107,0.211616501,0.087349914,0.393870085,-0.934985101,0.871850610,-0.057888400,0.261786491,0.335650384,-0.418116808,0.582167029,-0.706921279,-0.942077696,0.074672751,0.399394691,-0.691018522,-0.272475183,-0.376710057
373,7459.989,1786878887756.428,13675574.363,0.000000000,-0.665827870,0.017316068,-0.157519564,1.293110013,-0.466052085,-0.132283166,-0.534288764,-0.081418149,-0.182054922,1.502685070,-0.798074841,-0.102863841,0.213126689,0.082206316,0.394159019,-0.933905959,0.876928926,-0.057904013,0.261894137,0.335521460,-0.413904727,0.586611867,-0.707132101,-0.942055166,0.075806126,0.401753247,-0.687945247,-0.272514880,-0.376661569
374,7479.997,1786878887776.437,13675594.372,0.000000000,-0.668983221,0.016092082,-0.158149078,1.296222448,-0.466136694,-0.133752614,-0.532336533,-0.084501572,-0.185920045,1.502096415,-0.800453246,-0.105607145,0.213462308,0.078501657,0.395018101,-0.931896925,0.883144677,-0.057890899,0.261878103,0.335290372,-0.409083694,0.591247857,-0.707115173,-0.942074776,0.076915950,0.403020173,-0.685654223,-0.272550195,-0.376440018
375,7499.989,1786878887796.429,13675614.364,0.000000000,-0.672799408,0.014868392,-0.158822119,1.300074100,-0.466306567,-0.134712175,-0.530856252,-0.087339237,-0.189800665,1.501472116,-0.802083373,-0.110761657,0.213435739,0.075735100,0.396391302,-0.929774821,0.889269829,-0.057884432,0.261343479,0.335002869,-0.403428465,0.595025539,-0.706973612,-0.942110956,0.077261463,0.403239995,-0.682630241,-0.272656322,-0.376140505
376,7519.987,1786878887816.427,13675634.362,0.000000000,-0.677442193,0.013331732,-0.159333035,1.304294109,-0.466523826,-0.135314018,-0.530214608,-0.090266794,-0.193539768,1.500793219,-0.802986085,-0.119123302,0.213373989,0.073175460,0.397729963,-0.928372502,0.894837379,-0.057885833,0.259185195,0.334701806,-0.397030532,0.597275138,-0.706883311,-0.942156792,0.077292949,0.403214395,-0.677648783,-0.272804618,-0.375973880
377,7539.991,1786878887836.430,13675654.365,0.000000000,-0.682995260,0.012064587,-0.159637794,1.309044123,-0.466964751,-0.135626584,-0.530496001,-0.092494465,-0.196852028,1.499809623,-0.803105772,-0.130723566,0.213616505,0.071051218,0.398541123,-0.927856386,0.899615943,-0.057895292,0.255111307,0.333896458,-0.390700847,0.598471403,-0.706874549,-0.942309916,0.077240020,0.402904660,-0.672854125,-0.272943735,-0.375768691
378,7559.995,1786878887856.435,13675674.370,0.000000000,-0.689020693,0.011695387,-0.159687921,1.314126134,-0.467808396,-0.135886922,-0.531978905,-0.093430020,-0.198837548,1.499310374,-0.803301752,-0.137653396,0.214357257,0.069677815,0.398755223,-0.927794635,0.903538644,-0.057882711,0.249645755,0.331751078,-0.385258049,0.599480093,-0.706917644,-0.942636311,0.077147275,0.401482075,-0.668935895,-0.273063838,-0.375174642
379,7579.991,1786878887876.430,13675694.365,0.000000000,-0.694969416,0.011557952,-0.159760982,1.318628073,-0.468310237,-0.136092216,-0.534064770,-0.093790375,-0.200035408,1.498765707,-0.803458095,-0.140832603,0.214775190,0.068646699,0.398768902,-0.927820683,0.906841040,-0.057878405,0.244319379,0.329395741,-0.380698144,0.600615442,-0.706979394,-0.942733943,0.076889038,0.398695737,-0.665868223,-0.273205549,-0.373639137
380,7599.990,1786878887896.430,13675714.365,0.000000000,-0.700477898,0.011080568,-0.159846187,1.322121859,-0.468378782,-0.136235386,-0.536259055,-0.093942925,-0.200643867,1.497487664,-0.803045213,-0.144297391,0.214696735,0.067503460,0.398834229,-0.928052962,0.909871042,-0.057943925,0.239806011,0.326921910,-0.376487970,0.601346016,-0.707022965,-0.942755699,0.076233514,0.394959003,-0.664593220,-0.273509949,-0.371696919
381,7619.988,1786878887916.427,13675734.362,0.000000000,-0.705290377,0.010319158,-0.160026461,1.324735284,-0.467885613,-0.136282489,-0.538069129,-0.093958177,-0.200946197,1.495406866,-0.801941931,-0.147613540,0.213983789,0.066381589,0.399406463,-0.929090619,0.913311720,-0.058567025,0.236426741,0.324016124,-0.372012138,0.601809859,-0.707055807,-0.942766607,0.074761935,0.390587181,-0.664324701,-0.274160057,-0.369688630
382,7639.988,1786878887936.428,13675754.363,0.000000000,-0.708483934,0.009698512,-0.160167053,1.326248646,-0.467109889,-0.136266634,-0.539094865,-0.093952417,-0.201104790,1.493373871,-0.800628185,-0.149602816,0.213104069,0.065631740,0.400077224,-0.930526435,0.916179299,-0.059709571,0.234599382,0.321692944,-0.368235230,0.602104604,-0.707074702,-0.942778766,0.073206261,0.387476534,-0.664243400,-0.274801463,-0.368382633
383,7659.988,1786878887956.428,13675774.363,0.000000000,-0.712386966,0.008988215,-0.160288766,1.327870131,-0.465732634,-0.136227518,-0.540249348,-0.093911208,-0.201224670,1.490237832,-0.798137069,-0.151105464,0.211741343,0.064865135,0.400850207,-0.932968915,0.920104980,-0.062072914,0.232982814,0.318504810,-0.362851083,0.602472842,-0.707091630,-0.942805231,0.070884839,0.384213269,-0.664204121,-0.275559485,-0.367016047
384,7679.989,1786878887976.429,13675794.364,0.000000000,-0.715762317,0.008568786,-0.160311475,1.329224110,-0.464201301,-0.136238694,-0.541215062,-0.093891911,-0.201249376,1.487068653,-0.794551134,-0.150098115,0.210370615,0.064475887,0.401406944,-0.935471654,0.923845410,-0.065031737,0.232164457,0.315289944,-0.357432336,0.602935135,-0.707101703,-0.942839146,0.068717256,0.382322907,-0.664192617,-0.275984675,-0.366085500
385,7699.988,1786878887996.427,13675814.362,0.000000000,-0.718731105,0.008226227,-0.160224825,1.330430031,-0.462589234,-0.136326000,-0.541854382,-0.093906127,-0.201102868,1.483738184,-0.790690422,-0.147516772,0.208888039,0.064264461,0.401657730,-0.937469721,0.927347898,-0.068213664,0.231823936,0.311965913,-0.352100343,0.603601933,-0.707089603,-0.942876697,0.067007557,0.381822139,-0.664181590,-0.276157916,-0.365443915
386,7719.987,1786878888016.427,13675834.362,0.000000000,-0.721503258,0.007784268,-0.159840748,1.331584930,-0.460928947,-0.136510089,-0.542467892,-0.094119862,-0.200604498,1.480584741,-0.786861598,-0.143898606,0.207311928,0.063921571,0.401685268,-0.938733935,0.930824459,-0.071348548,0.231622472,0.308407426,-0.346871197,0.604567230,-0.707021654,-0.942923605,0.065578349,0.381750047,-0.664159298,-0.276240051,-0.364739001
387,7739.987,1786878888036.427,13675854.362,0.000000000,-0.724002182,0.007211035,-0.158721507,1.332553506,-0.459189594,-0.136902332,-0.543302178,-0.094682813,-0.199369922,1.477926016,-0.783166885,-0.139635444,0.205989704,0.063098118,0.401694626,-0.939399004,0.934097707,-0.074255407,0.231487170,0.304371119,-0.341694325,0.605664432,-0.706899583,-0.942961037,0.064170875,0.381711960,-0.664100647,-0.276310414,-0.364036202
388,7759.999,1786878888056.439,13675874.374,0.000000000,-0.726437390,0.006510307,-0.157117918,1.333310723,-0.457275122,-0.137659431,-0.544438481,-0.095515057,-0.197641030,1.475607514,-0.779479802,-0.134978011,0.204969659,0.062081728,0.401639193,-0.939700007,0.936658442,-0.076634951,0.231271729,0.299575716,-0.336204499,0.606733918,-0.706849813,-0.942977786,0.062464152,0.381647646,-0.663967431,-0.276384145,-0.363334298
389,7779.989,1786878888076.429,13675894.364,0.000000000,-0.729244351,0.005427255,-0.155746132,1.334307313,-0.455263644,-0.138560727,-0.545682490,-0.096705653,-0.196192890,1.473554969,-0.775909305,-0.129955426,0.203649238,0.061180368,0.401393980,-0.939900398,0.938863873,-0.078794040,0.230799973,0.295186609,-0.330320656,0.608114541,-0.706783354,-0.943030775,0.060481392,0.381560773,-0.663804650,-0.276467085,-0.362879455
390,7799.988,1786878888096.428,13675914.363,0.000000000,-0.732040167,0.004155385,-0.154550776,1.335803390,-0.453476667,-0.139802545,-0.546714604,-0.098062478,-0.194892138,1.471952558,-0.772602320,-0.124589190,0.202182978,0.060301255,0.401286006,-0.939979911,0.941098332,-0.080860496,0.229734436,0.291942656,-0.324527472,0.609685659,-0.706686616,-0.943264723,0.058522336,0.381514728,-0.663673043,-0.276560009,-0.362689883
391,7819.988,1786878888116.428,13675934.363,0.000000000,-0.734924734,0.003576938,-0.153053835,1.337973833,-0.452222586,-0.141668007,-0.548267961,-0.098645821,-0.192891270,1.470938921,-0.769299030,-0.119183578,0.201747090,0.059556991,0.400940657,-0.939879596,0.942678094,-0.082236633,0.228508204,0.289364159,-0.319390178,0.611117184,-0.706591010,-0.943903804,0.056515574,0.381519318,-0.663568616,-0.276699513,-0.362561822
392,7839.997,1786878888136.436,13675954.371,0.000000000,-0.737853706,0.003301728,-0.151726529,1.340685725,-0.451286793,-0.144304261,-0.549991310,-0.098766156,-0.190730825,1.470331788,-0.765964925,-0.113794506,0.201744735,0.059128698,0.400831282,-0.939724088,0.944104493,-0.082953736,0.227141514,0.287144005,-0.314694524,0.612401426,-0.706562400,-0.945284367,0.054365009,0.381517142,-0.663403451,-0.276887923,-0.362486720
393,7859.987,1786878888156.426,13675974.361,0.000000000,-0.741069853,0.002734567,-0.150637612,1.343950391,-0.450715095,-0.145750076,-0.551698387,-0.099033915,-0.188820899,1.470005035,-0.762759566,-0.108379222,0.201592132,0.058716401,0.400841475,-0.939544439,0.945470452,-0.083331391,0.225495249,0.285089463,-0.310007751,0.613410652,-0.706504643,-0.947048247,0.052123625,0.381554306,-0.663157880,-0.277019650,-0.362437904
394,7879.989,1786878888176.429,13675994.364,0.000000000,-0.744611144,0.001639084,-0.149666235,1.348164678,-0.450447559,-0.141963124,-0.553078771,-0.099448554,-0.187163576,1.469707727,-0.759619534,-0.103025243,0.201292381,0.058030613,0.401192486,-0.939484894,0.946940958,-0.083556183,0.223421142,0.283160061,-0.305190176,0.614080369,-0.706359863,-0.948648632,0.049777720,0.381626338,-0.662841260,-0.277118415,-0.362399429
395,7899.990,1786878888196.430,13676014.365,0.000000000,-0.746982396,0.000757873,-0.148787647,1.351205945,-0.450136960,-0.138560250,-0.553986967,-0.099743843,-0.185722679,1.469542265,-0.757274568,-0.099082090,0.201181889,0.057035711,0.401653707,-0.939456224,0.948243976,-0.083633445,0.221989095,0.281640440,-0.301914275,0.614431858,-0.706264436,-0.949419320,0.048196964,0.381683201,-0.662591159,-0.277171761,-0.362355739
396,7919.989,1786878888216.429,13676034.364,0.000000000,-0.749768317,-0.000364057,-0.147386134,1.355047941,-0.449698597,-0.134079978,-0.555123091,-0.100073114,-0.183504909,1.469458222,-0.754207790,-0.093934178,0.201162532,0.055097278,0.402208328,-0.939419985,0.949940205,-0.083685577,0.221231416,0.279532522,-0.298005670,0.614753187,-0.706146359,-0.949856758,0.046700280,0.381733954,-0.662258089,-0.277235627,-0.362262696
397,7939.989,1786878888236.429,13676054.364,0.000000000,-0.752380788,-0.001400285,-0.146409765,1.358960748,-0.449318856,-0.129778281,-0.555919528,-0.100181788,-0.181654409,1.469255567,-0.751127839,-0.088931702,0.201115489,0.053320974,0.402601033,-0.939324856,0.951096654,-0.083738841,0.221100897,0.277620137,-0.293551564,0.614954174,-0.706016362,-0.950228989,0.045876563,0.381775588,-0.661868095,-0.277306050,-0.362135708
398,7959.988,1786878888256.428,13676074.363,0.000000000,-0.754903138,-0.002442902,-0.145875871,1.363035798,-0.448977172,-0.125577986,-0.556393564,-0.100167826,-0.180210069,1.468986988,-0.748033941,-0.084031291,0.201052830,0.052061625,0.402963251,-0.938989341,0.951710582,-0.083817162,0.221074462,0.275861084,-0.288556546,0.615176499,-0.705977619,-0.951203942,0.045683116,0.381792814,-0.661281168,-0.277398229,-0.361837775
399,7979.990,1786878888276.429,13676094.364,0.000000000,-0.757517636,-0.003585510,-0.145740315,1.367219448,-0.448580563,-0.121448576,-0.556733251,-0.100142412,-0.179162607,1.468683600,-0.744933963,-0.079209492,0.200992689,0.051288605,0.403191984,-0.938468754,0.951858938,-0.083932385,0.221049070,0.274194837,-0.283449352,0.615365744,-0.705953121,-0.952555180,0.045559749,0.381805629,-0.660128236,-0.277498156,-0.361185908
400,7999.992,1786878888296.432,13676114.366,0.000000000,-0.760114431,-0.004808527,-0.145795301,1.371340275,-0.448049188,-0.117376730,-0.556989729,-0.100127302,-0.178312123,1.468355179,-0.741807580,-0.074489295,0.200970158,0.050742634,0.403421789,-0.937917054,0.951931596,-0.084098853,0.221006170,0.272547007,-0.278503209,0.615536451,-0.705938160,-0.953927517,0.045305967,0.381820202,-0.658472359,-0.277594984,-0.360215634
401,8019.990,1786878888316.429,13676134.364,0.000000000,-0.762651145,-0.006056082,-0.145958424,1.375299573,-0.447350204,-0.113362156,-0.557206333,-0.100077659,-0.177559212,1.467953444,-0.738607228,-0.069855548,0.201034784,0.050270014,0.403635293,-0.937464356,0.952093601,-0.084432609,0.220946178,0.270715266,-0.273808390,0.615901709,-0.705926180,-0.955180764,0.044978179,0.381845146,-0.656735003,-0.277672976,-0.359044522
402,8039.994,1786878888336.433,13676154.368,0.000000000,-0.765090585,-0.007215061,-0.146173954,1.379060030,-0.446510702,-0.109426253,-0.557414949,-0.099898525,-0.176828578,1.467432261,-0.735300303,-0.065339126,0.201334491,0.049766902,0.403755516,-0.937126696,0.952602983,-0.085155301,0.220871031,0.268468618,-0.269422889,0.616741896,-0.705913365,-0.956575513,0.044863161,0.381882817,-0.655400753,-0.277724773,-0.357702762
403,8059.989,1786878888356.429,13676174.364,0.000000000,-0.767434716,-0.008282464,-0.146570057,1.382650018,-0.445564538,-0.105636172,-0.557567418,-0.099530898,-0.176220626,1.466749907,-0.731879354,-0.061079808,0.201708615,0.049319342,0.403790802,-0.936586380,0.953615367,-0.085973270,0.220796630,0.265644610,-0.265641600,0.617797315,-0.705891609,-0.957862973,0.044766415,0.381908089,-0.654573679,-0.277772039,-0.356085867
404,8079.992,1786878888376.431,13676194.366,0.000000000,-0.769469082,-0.009414085,-0.146981150,1.385903358,-0.444525063,-0.102029689,-0.557585597,-0.099138677,-0.175541371,1.465933919,-0.728396416,-0.057020389,0.201918975,0.048910435,0.403842032,-0.934688210,0.955442190,-0.086618848,0.220722526,0.262052029,-0.262785524,0.618990123,-0.705654263,-0.958410919,0.044635534,0.381932169,-0.654382944,-0.277823001,-0.353907198
405,8099.993,1786878888396.432,13676214.367,0.000000000,-0.771236777,-0.010765242,-0.147205159,1.388559580,-0.443117082,-0.098407738,-0.557574332,-0.098953560,-0.174691662,1.464934707,-0.724772513,-0.053059220,0.202176854,0.048310913,0.403883517,-0.932049751,0.957163572,-0.087199874,0.220658824,0.258817494,-0.260242015,0.620158195,-0.704604745,-0.958482683,0.044438388,0.381949872,-0.654301286,-0.277875334,-0.351172864
406,8119.990,1786878888416.430,13676234.365,0.000000000,-0.773000181,-0.012395299,-0.147339791,1.390719533,-0.441273332,-0.094753809,-0.557671905,-0.099081032,-0.173860997,1.463866591,-0.721080840,-0.049215544,0.202457279,0.047506902,0.403890699,-0.929417670,0.958095670,-0.087796308,0.220618740,0.255741388,-0.257857978,0.621497512,-0.702796996,-0.958517909,0.044301387,0.381943762,-0.654383123,-0.277905613,-0.347796768
407,8139.991,1786878888436.431,13676254.366,0.000000000,-0.775031030,-0.014183408,-0.147407845,1.392571330,-0.439060867,-0.091178074,-0.558158934,-0.099401429,-0.173042953,1.462907434,-0.717372656,-0.045547586,0.202766225,0.046355054,0.403786302,-0.927183926,0.958217740,-0.088598959,0.220599011,0.252866149,-0.255549997,0.623252869,-0.700614810,-0.958535790,0.044205107,0.381893426,-0.654622197,-0.277930915,-0.343602270
408,8159.988,1786878888456.428,13676274.363,0.000000000,-0.776834309,-0.015438270,-0.147511944,1.393934965,-0.437269241,-0.088602439,-0.558860779,-0.099538900,-0.172470897,1.462262869,-0.714537263,-0.042947631,0.203036383,0.045395471,0.403615803,-0.925833941,0.958242476,-0.089418024,0.220584288,0.251077145,-0.253834128,0.624624431,-0.699047089,-0.958542705,0.044081341,0.381824762,-0.654832006,-0.277954221,-0.339972407
409,8179.989,1786878888476.428,13676294.363,0.000000000,-0.779502332,-0.016988365,-0.147814825,1.395799756,-0.434770465,-0.085323744,-0.560066104,-0.099572569,-0.171860263,1.461480498,-0.710693538,-0.039665449,0.203372255,0.044106677,0.403380275,-0.924602389,0.958270669,-0.090614319,0.220562011,0.249142274,-0.251503289,0.626267314,-0.697248876,-0.958552837,0.043720890,0.381611705,-0.655118525,-0.277981460,-0.334692568
410,8199.989,1786878888496.428,13676314.363,0.000000000,-0.782390416,-0.018476715,-0.148377821,1.397761345,-0.432191879,-0.082234390,-0.561417103,-0.099505432,-0.171511248,1.460777283,-0.706829667,-0.036559578,0.203590795,0.042881124,0.403127611,-0.924048126,0.958299816,-0.091833696,0.220540866,0.247513145,-0.249100924,0.627656221,-0.695760608,-0.958559692,0.042866129,0.381141007,-0.655405521,-0.278012544,-0.329099119
411,8219.989,1786878888516.428,13676334.363,0.000000000,-0.784934938,-0.019445192,-0.149251238,1.400007963,-0.429869264,-0.079367317,-0.562375546,-0.098782502,-0.171317682,1.459964395,-0.702890158,-0.033720892,0.203855157,0.042153776,0.403141499,-0.923910201,0.958357453,-0.092985481,0.220553011,0.245797008,-0.246722728,0.629144967,-0.694781959,-0.958568454,0.041727427,0.380402356,-0.655692577,-0.278050035,-0.323486209
412,8239.988,1786878888536.428,13676354.363,0.000000000,-0.787010908,-0.019549392,-0.150525451,1.402866364,-0.428193241,-0.076724887,-0.562825561,-0.096978471,-0.171211660,1.458996058,-0.698879123,-0.031151056,0.204239905,0.042121850,0.403001457,-0.923820496,0.958551645,-0.094452120,0.220615789,0.244099647,-0.244328231,0.631215453,-0.693893492,-0.958570004,0.040846828,0.379160643,-0.655977368,-0.278090358,-0.318031430
413,8259.987,1786878888556.427,13676374.362,0.000000000,-0.789068639,-0.019534407,-0.151782453,1.405934811,-0.426771015,-0.074209437,-0.563393652,-0.095037989,-0.170983389,1.458245993,-0.695017815,-0.028650817,0.204492539,0.041919623,0.402359635,-0.923632085,0.959122598,-0.096269473,0.220681161,0.243481293,-0.242022946,0.633707166,-0.692276537,-0.958547711,0.039904051,0.376531512,-0.656267047,-0.278118879,-0.312515616
414,8279.989,1786878888576.429,13676394.364,0.000000000,-0.790749609,-0.019528873,-0.152461484,1.408702612,-0.425364107,-0.071770459,-0.564059794,-0.093238704,-0.170145839,1.457728386,-0.691334128,-0.026204642,0.204597607,0.041093886,0.401588440,-0.922697067,0.959583104,-0.097620651,0.221000925,0.243200585,-0.240410119,0.636764646,-0.690045118,-0.958484411,0.038928114,0.372693330,-0.656592846,-0.278191477,-0.306916773
415,8299.989,1786878888596.429,13676414.364,0.000000000,-0.791831374,-0.019528069,-0.152566299,1.410989761,-0.423869044,-0.069347948,-0.564601541,-0.091502644,-0.168651611,1.457216620,-0.687685668,-0.023720995,0.204589918,0.039800238,0.400813580,-0.920298338,0.959711850,-0.098492369,0.222237125,0.242937908,-0.239673436,0.640585005,-0.687250733,-0.958433568,0.037931383,0.368371606,-0.657080054,-0.278331786,-0.301286429
416,8319.987,1786878888616.427,13676434.362,0.000000000,-0.792602956,-0.019538155,-0.152447969,1.413020611,-0.422272027,-0.066903695,-0.565049589,-0.089655273,-0.166796729,1.456647396,-0.683942974,-0.021077024,0.204178780,0.038377892,0.399971575,-0.916288197,0.959777772,-0.099359654,0.224180952,0.242631853,-0.238609359,0.645045877,-0.684713066,-0.958432496,0.036990307,0.364447355,-0.657737315,-0.278888524,-0.295540065
417,8339.989,1786878888636.429,13676454.364,0.000000000,-0.793411851,-0.019566787,-0.152595714,1.414864540,-0.420549273,-0.064554647,-0.565424025,-0.087823771,-0.165299803,1.455873489,-0.680167794,-0.018796025,0.203299984,0.037149534,0.399089634,-0.911477268,0.960171044,-0.101107314,0.225842491,0.242228910,-0.236506045,0.649629951,-0.682437956,-0.958437562,0.035446208,0.361530364,-0.658069491,-0.279883683,-0.289647132
418,8359.988,1786878888656.427,13676474.362,0.000000000,-0.793932915,-0.019598745,-0.152965665,1.416441202,-0.418576568,-0.062267698,-0.565527797,-0.085912101,-0.163970083,1.454772949,-0.675982237,-0.016522827,0.201795653,0.036264699,0.398692340,-0.906123757,0.960810781,-0.103744291,0.229734436,0.240935326,-0.235588282,0.654551446,-0.681077957,-0.958437920,0.034519788,0.359756827,-0.658210635,-0.280591995,-0.283864081
419,8379.987,1786878888676.427,13676494.362,0.000000000,-0.794703543,-0.019573443,-0.153665870,1.417915940,-0.416345835,-0.060058143,-0.565832317,-0.083812855,-0.162865743,1.453348875,-0.671372175,-0.014256217,0.199824199,0.036146529,0.398312896,-0.899571121,0.961129904,-0.106967032,0.235856757,0.238603130,-0.235308275,0.659058928,-0.679964125,-0.958398759,0.034342144,0.358314157,-0.658332467,-0.280869752,-0.278209388
420,8399.987,1786878888696.427,13676514.362,0.000000000,-0.795527935,-0.019549614,-0.154032871,1.418883801,-0.413833797,-0.058033954,-0.566587329,-0.081841119,-0.161429584,1.451868296,-0.666593850,-0.012148420,0.198025823,0.035731621,0.398141354,-0.892123044,0.961203694,-0.110305920,0.241255254,0.236581653,-0.234220415,0.662415862,-0.678043723,-0.957712889,0.033787549,0.356301755,-0.659365833,-0.280960709,-0.272606820
421,8419.990,1786878888716.429,13676534.364,0.000000000,-0.796316504,-0.019450435,-0.154160082,1.419211507,-0.411717534,-0.056703363,-0.567567647,-0.080350228,-0.160199255,1.450614095,-0.662809014,-0.010667134,0.196804687,0.035035610,0.397920519,-0.886437654,0.961182296,-0.113157645,0.244882181,0.235519648,-0.233406737,0.664635241,-0.676317155,-0.956306756,0.033259742,0.354719132,-0.660855830,-0.281000972,-0.268424809
422,8439.992,1786878888736.432,13676554.367,0.000000000,-0.798519611,-0.019417524,-0.154517531,1.419424534,-0.408537775,-0.055149049,-0.570088029,-0.078415319,-0.158726782,1.448872089,-0.657518744,-0.008864433,0.195164666,0.033811644,0.396575361,-0.878849804,0.960563123,-0.117675446,0.249530718,0.233816698,-0.232627764,0.667560816,-0.673753560,-0.953614712,0.032935347,0.352449566,-0.662822187,-0.281022996,-0.262696654
423,8459.990,1786878888756.430,13676574.365,0.000000000,-0.801678240,-0.019879324,-0.155528650,1.419715405,-0.404912233,-0.053384814,-0.573200703,-0.076764926,-0.157969788,1.447111607,-0.652152896,-0.007165237,0.193510994,0.032951441,0.394754410,-0.872534573,0.957492113,-0.122480683,0.253339380,0.231499836,-0.231192976,0.670097530,-0.670958400,-0.951276600,0.032319829,0.349434376,-0.664056242,-0.281026632,-0.256591231
424,8479.990,1786878888776.430,13676594.365,0.000000000,-0.805011392,-0.020136911,-0.157051951,1.420359612,-0.401343167,-0.051839087,-0.576130748,-0.074874803,-0.157760918,1.445245147,-0.646675944,-0.005545042,0.192229971,0.032721002,0.393353641,-0.867568314,0.952266634,-0.126706406,0.255903304,0.230537772,-0.229212463,0.671887517,-0.667895079,-0.949381948,0.030122802,0.345220536,-0.665515840,-0.281039089,-0.250438094
425,8499.989,1786878888796.428,13676614.363,0.000000000,-0.808240831,-0.020150129,-0.158663154,1.421397448,-0.398071229,-0.050662536,-0.578977048,-0.072797127,-0.157600850,1.443679452,-0.641332328,-0.004132696,0.191433445,0.032595396,0.392541140,-0.863645494,0.946480811,-0.130699560,0.256533593,0.230327845,-0.226829022,0.673183799,-0.665142536,-0.947730541,0.026553292,0.339688092,-0.667821646,-0.281029135,-0.244625300
426,8519.989,1786878888816.429,13676634.364,0.000000000,-0.810261130,-0.020048965,-0.159971222,1.422890306,-0.395343959,-0.049788315,-0.580813944,-0.070820473,-0.157151490,1.442772746,-0.636512697,-0.002782283,0.190975457,0.032398239,0.393047750,-0.860898435,0.941328049,-0.135411307,0.257121235,0.230242759,-0.225459799,0.674338579,-0.664031565,-0.946284950,0.023298200,0.334172398,-0.669896007,-0.281036884,-0.239905238
427,8539.989,1786878888836.429,13676654.364,0.000000000,-0.811587512,-0.019350458,-0.161546722,1.425270915,-0.393575639,-0.049232218,-0.581782758,-0.068130590,-0.156720564,1.442021608,-0.632018626,-0.001257581,0.190856472,0.033106349,0.393156022,-0.857239366,0.935752749,-0.140686005,0.259209812,0.230167761,-0.225312114,0.676034033,-0.663927138,-0.944511175,0.021691253,0.330083400,-0.671144187,-0.281062484,-0.236488894
428,8559.998,1786878888856.438,13676674.373,0.000000000,-0.813445210,-0.017766930,-0.163949728,1.428624034,-0.392732590,-0.048961021,-0.582921803,-0.064110070,-0.156659618,1.440920472,-0.627429724,0.000177183,0.190629378,0.035451159,0.391364664,-0.850725174,0.929171562,-0.145579487,0.262875706,0.230073854,-0.225292400,0.678801537,-0.663896501,-0.940933764,0.021324363,0.326388240,-0.672428250,-0.281045765,-0.233278513
429,8579.991,1786878888876.430,13676694.365,0.000000000,-0.814628839,-0.016459120,-0.166389048,1.431912422,-0.392315239,-0.048783429,-0.583650649,-0.060055830,-0.156352311,1.439740300,-0.622927129,0.001477116,0.190324962,0.038076602,0.389507592,-0.842114687,0.922492802,-0.150150642,0.267086536,0.229900494,-0.225233883,0.681848407,-0.663697004,-0.935322821,0.021251433,0.323596030,-0.675700605,-0.281064004,-0.230323181
430,8599.995,1786878888896.435,13676714.370,0.000000000,-0.815336704,-0.016565315,-0.168109655,1.433894873,-0.391214460,-0.048623927,-0.584380090,-0.057749044,-0.155741587,1.438766241,-0.618869603,0.002758052,0.189578608,0.039261822,0.388058186,-0.832569659,0.915541828,-0.154620856,0.271475345,0.227905229,-0.225227833,0.684681177,-0.662088454,-0.927802563,0.021146063,0.321394175,-0.681802094,-0.281059980,-0.227255300
431,8619.990,1786878888916.429,13676734.364,0.000000000,-0.816676617,-0.017316235,-0.169370949,1.434870243,-0.389237046,-0.048467018,-0.586037576,-0.056443829,-0.155063972,1.438282967,-0.616975248,0.004058135,0.188653827,0.039297424,0.386386454,-0.822180450,0.907708824,-0.158078462,0.275258124,0.224091947,-0.225201324,0.686841369,-0.658425391,-0.919201910,0.020862702,0.318908244,-0.688868582,-0.281057447,-0.222831234
432,8639.992,1786878888936.432,13676754.366,0.000000000,-0.818862140,-0.018374452,-0.170982078,1.435600996,-0.386927128,-0.048386753,-0.588729858,-0.054849550,-0.154414102,1.438307285,-0.617405057,0.005317034,0.188242391,0.038962945,0.385044038,-0.812643468,0.900005519,-0.161184147,0.277244747,0.221966654,-0.224483997,0.688119829,-0.652551532,-0.911434233,0.019968584,0.315163463,-0.695156753,-0.281070560,-0.217036501
433,8659.991,1786878888956.431,13676774.366,0.000000000,-0.821283698,-0.018988363,-0.173264384,1.436229944,-0.384333879,-0.048440326,-0.591817319,-0.051648784,-0.153674498,1.438303471,-0.619305551,0.006291646,0.188220039,0.038698848,0.384767741,-0.804769635,0.893487215,-0.164738446,0.278834999,0.221197054,-0.224121079,0.689942300,-0.645503342,-0.904571652,0.018960310,0.310348749,-0.698911369,-0.281119168,-0.210679755
434,8679.991,1786878888976.431,13676794.366,0.000000000,-0.824283838,-0.018832589,-0.175481752,1.436881423,-0.382504791,-0.048582412,-0.595403373,-0.048004866,-0.153153330,1.438274503,-0.621826231,0.006720604,0.188216418,0.038794111,0.383596510,-0.798740268,0.889053524,-0.167452440,0.281318545,0.220659941,-0.224162370,0.692080379,-0.639883280,-0.899192870,0.018470362,0.306192994,-0.700688660,-0.281153977,-0.205777436
435,8699.988,1786878888996.428,13676814.363,0.000000000,-0.827792227,-0.018694323,-0.178196028,1.437055707,-0.378137350,-0.048984427,-0.600649476,-0.042967446,-0.151814401,1.438659906,-0.626637816,0.007081115,0.188236490,0.038783465,0.382596046,-0.789449215,0.884110689,-0.170046657,0.285849303,0.220165357,-0.224397272,0.695524275,-0.632807076,-0.891980529,0.018027650,0.298691303,-0.702739954,-0.281188458,-0.198672235
436,8719.997,1786878889016.436,13676834.371,0.000000000,-0.830409288,-0.018576359,-0.179369017,1.437104464,-0.376089215,-0.049112391,-0.605773032,-0.039304495,-0.149581432,1.439816713,-0.632971168,0.007472822,0.187850296,0.037753183,0.382569045,-0.778144300,0.879933596,-0.171359301,0.292527229,0.219768673,-0.224584177,0.699235380,-0.626403689,-0.884745657,0.017761653,0.288583964,-0.704894543,-0.281262726,-0.190639153
437,8739.995,1786878889036.434,13676854.369,0.000000000,-0.832982242,-0.018869523,-0.181388721,1.437102199,-0.372038603,-0.049415626,-0.610530794,-0.036381956,-0.148473635,1.441202998,-0.641141057,0.008077938,0.186777368,0.037674729,0.382167906,-0.765799105,0.874402881,-0.171972960,0.299525619,0.218895957,-0.223735824,0.702251792,-0.620414197,-0.879077971,0.017367370,0.276651889,-0.709358513,-0.281416297,-0.181933269
438,8759.991,1786878889056.431,13676874.366,0.000000000,-0.835046828,-0.019423803,-0.184428453,1.437688589,-0.370106101,-0.049871892,-0.614361644,-0.033304770,-0.148158818,1.441970825,-0.649062395,0.008855940,0.185507402,0.038159296,0.381937146,-0.752718925,0.868288159,-0.173020124,0.303408176,0.215484083,-0.222103417,0.704603314,-0.615260780,-0.874111295,0.016968634,0.263509005,-0.714525580,-0.281461239,-0.173185483
439,8779.990,1786878889076.429,13676894.364,0.000000000,-0.836328447,-0.021285497,-0.188905910,1.438828588,-0.371500671,-0.050456736,-0.616501749,-0.031038873,-0.149293259,1.441547871,-0.655811250,0.009885978,0.183140293,0.039276183,0.381634533,-0.738902569,0.860905886,-0.175896704,0.306088150,0.209535077,-0.221737668,0.707540095,-0.611191869,-0.867855370,0.016925862,0.251433104,-0.717981577,-0.281493902,-0.165365845
440,8799.987,1786878889096.427,13676914.362,0.000000000,-0.837670147,-0.023387289,-0.193882659,1.440654755,-0.376471639,-0.050750896,-0.617575109,-0.030375661,-0.152094081,1.440127611,-0.660800457,0.010948509,0.180021748,0.041049518,0.380397201,-0.723697066,0.852033973,-0.180845603,0.307941616,0.206228629,-0.222174808,0.710632861,-0.606770039,-0.859750986,0.016942505,0.240464121,-0.719027042,-0.281487495,-0.158578515
441,8819.988,1786878889116.428,13676934.363,0.000000000,-0.838159800,-0.024479592,-0.196048021,1.441771388,-0.383681148,-0.050870124,-0.618877590,-0.031169342,-0.153279573,1.438686490,-0.663845003,0.011915753,0.178351223,0.041524850,0.378514946,-0.705009222,0.840110958,-0.184686616,0.311910927,0.205692664,-0.225310758,0.713788807,-0.600964069,-0.849515021,0.016988430,0.229699194,-0.719314396,-0.281518221,-0.152278870
442,8840.003,1786878889136.443,13676954.378,0.000000000,-0.838536382,-0.026618116,-0.197110578,1.442781925,-0.394917667,-0.050687533,-0.619705021,-0.034839071,-0.154769093,1.437023997,-0.666105628,0.013444516,0.175662503,0.041281816,0.376875550,-0.683129728,0.825918078,-0.187048912,0.318983972,0.205357417,-0.230315104,0.716778159,-0.594606221,-0.838318169,0.017078282,0.219591454,-0.719647169,-0.281842023,-0.145662725
443,8859.989,1786878889156.429,13676974.364,0.000000000,-0.839552104,-0.029009392,-0.199424729,1.444347501,-0.409689516,-0.050232965,-0.619612157,-0.038692951,-0.157938465,1.434021831,-0.667918503,0.015686063,0.171129093,0.042066950,0.376389533,-0.660946071,0.811064363,-0.189155325,0.326814950,0.205153376,-0.233139753,0.718496323,-0.589221954,-0.827289641,0.017114593,0.211263075,-0.722169757,-0.282928050,-0.138991103
444,8879.987,1786878889176.427,13676994.362,0.000000000,-0.841993332,-0.031089008,-0.202618182,1.445900679,-0.426156133,-0.049827978,-0.620579600,-0.041060288,-0.161459699,1.430517554,-0.670626938,0.017596753,0.166363448,0.042579148,0.376414418,-0.640172720,0.798255682,-0.192560241,0.331255496,0.205116570,-0.233612433,0.718765318,-0.584619939,-0.816595376,0.017108465,0.204433709,-0.727193415,-0.284052670,-0.131879985
445,8899.987,1786878889196.427,13677014.361,0.000000000,-0.845938325,-0.032431401,-0.206251174,1.447318435,-0.443527341,-0.049697865,-0.623201251,-0.041909885,-0.164984345,1.426831841,-0.672971785,0.018471926,0.162631303,0.042589627,0.376473814,-0.621773899,0.787803769,-0.197515771,0.331063122,0.205281541,-0.233634695,0.718677461,-0.579728782,-0.807126641,0.017062088,0.198097304,-0.732026339,-0.285319120,-0.123759247
446,8919.987,1786878889216.427,13677034.362,0.000000000,-0.849400878,-0.032881416,-0.209517136,1.448545575,-0.457706213,-0.049858619,-0.625424027,-0.041530959,-0.167937651,1.423639059,-0.674247622,0.018782189,0.160121545,0.042860650,0.376518220,-0.609396160,0.780582428,-0.201349065,0.329503089,0.205373302,-0.233969375,0.718531013,-0.575796962,-0.800230503,0.017016953,0.193618238,-0.735149860,-0.286367625,-0.117056079
447,8939.998,1786878889236.437,13677054.372,0.000000000,-0.854855955,-0.032524783,-0.214052320,1.450432062,-0.479850292,-0.050739776,-0.629137993,-0.039276388,-0.171489567,1.418708801,-0.676139355,0.019117041,0.157188952,0.043335695,0.374956995,-0.592916012,0.770958602,-0.206296474,0.327042103,0.205287173,-0.235724270,0.718218446,-0.569028616,-0.789251626,0.016842619,0.187476948,-0.739235401,-0.287378043,-0.107446194
448,8959.989,1786878889256.429,13677074.364,0.000000000,-0.860295832,-0.032026567,-0.218403921,1.452240109,-0.506605923,-0.052246828,-0.632846653,-0.036494512,-0.174653888,1.413053989,-0.678852201,0.019440448,0.154406562,0.043928858,0.371724337,-0.576129317,0.760055661,-0.210261434,0.326293141,0.205163017,-0.238253355,0.717411101,-0.560061216,-0.774965346,0.016272517,0.180971265,-0.744256377,-0.287690878,-0.096829981
449,8979.989,1786878889276.429,13677094.364,0.000000000,-0.863753915,-0.031854361,-0.221456438,1.452658772,-0.534698784,-0.053556040,-0.634636641,-0.035634462,-0.177764684,1.407327294,-0.683797240,0.019857332,0.151227772,0.044205740,0.369160324,-0.559644341,0.747370005,-0.212824449,0.326354682,0.205128610,-0.239279613,0.715995431,-0.549533427,-0.757647932,0.014742098,0.174055338,-0.752906322,-0.287830114,-0.084909022
450,8999.989,1786878889296.428,13677114.363,0.000000000,-0.865729928,-0.031426083,-0.221675470,1.450436831,-0.559909582,-0.054716993,-0.636178493,-0.036007121,-0.178886354,1.402430773,-0.691546619,0.020512002,0.148159519,0.042731948,0.366705477,-0.542789578,0.732697129,-0.213238090,0.327840000,0.205118671,-0.240336344,0.715007067,-0.537983298,-0.736789167,0.012378378,0.166423321,-0.765015602,-0.287959874,-0.071492203
451,9019.992,1786878889316.431,13677134.366,0.000000000,-0.868106425,-0.031232730,-0.220643401,1.445630193,-0.579819024,-0.055812042,-0.638224065,-0.037647706,-0.179669067,1.398032427,-0.702520013,0.021569416,0.144135445,0.040922165,0.363151580,-0.524406016,0.716963112,-0.213508561,0.330839574,0.205058590,-0.242179289,0.714805424,-0.524783492,-0.715429068,0.010422803,0.157105595,-0.778681278,-0.288744986,-0.057362713
452,9039.990,1786878889336.430,13677154.365,0.000000000,-0.870708048,-0.030011483,-0.218084291,1.439066768,-0.595154583,-0.056619518,-0.640331745,-0.039899729,-0.180209249,1.394439340,-0.716450632,0.022688374,0.140199691,0.039471332,0.359790742,-0.505142987,0.701821804,-0.215202361,0.332791835,0.205032572,-0.243166417,0.714370668,-0.510605574,-0.696167409,0.009001311,0.147072911,-0.792953134,-0.290845931,-0.042632096
453,9059.989,1786878889356.428,13677174.363,0.000000000,-0.873404622,-0.026379794,-0.213916719,1.431634307,-0.606283665,-0.057656180,-0.642070472,-0.041722059,-0.180528551,1.391388059,-0.731304348,0.023651563,0.136851147,0.038722731,0.357158333,-0.485661834,0.689161777,-0.218959302,0.332928747,0.204988092,-0.243941084,0.713284612,-0.496242791,-0.678872108,0.007879194,0.137069955,-0.806819975,-0.293620080,-0.027424226
454,9079.990,1786878889376.430,13677194.365,0.000000000,-0.877074778,-0.020034134,-0.207953334,1.423478842,-0.613278866,-0.057759497,-0.644667864,-0.042030204,-0.179896802,1.388945699,-0.745888889,0.024643205,0.134294480,0.038337063,0.353433907,-0.465027571,0.678133070,-0.223679826,0.332910597,0.202855840,-0.246372402,0.712178469,-0.481126338,-0.662519753,0.007227052,0.128501996,-0.817161620,-0.296592116,-0.012761825
455,9099.990,1786878889396.429,13677214.364,0.000000000,-0.880783260,-0.010922047,-0.200239629,1.413562298,-0.615991890,-0.057644580,-0.647630215,-0.039770018,-0.177558005,1.386248589,-0.760463476,0.026304359,0.132523775,0.037979256,0.349146664,-0.443119794,0.666798711,-0.228456125,0.332945883,0.196243674,-0.249087855,0.711658537,-0.465620220,-0.646312237,0.006690629,0.120485410,-0.823610485,-0.298746824,0.003593584
456,9119.988,1786878889416.428,13677234.363,0.000000000,-0.883451998,0.001476506,-0.190830335,1.402034640,-0.616855383,-0.057560354,-0.648876667,-0.035930786,-0.174917787,1.382813811,-0.775212288,0.028563509,0.130823836,0.037962444,0.345953763,-0.421563298,0.654413640,-0.233588725,0.333790362,0.190687343,-0.250641584,0.711499274,-0.450196058,-0.630061507,0.006162477,0.113035411,-0.829891086,-0.300329238,0.019892232
457,9139.991,1786878889436.430,13677254.366,0.000000000,-0.886858761,0.021956373,-0.175355598,1.388321042,-0.616136312,-0.055796202,-0.651107311,-0.030191991,-0.170302600,1.380936146,-0.792526841,0.030625407,0.131932274,0.036656961,0.341839969,-0.400858641,0.641681910,-0.240606338,0.335522771,0.187254176,-0.251207709,0.710081637,-0.433741301,-0.613303125,0.005566901,0.105626285,-0.837284446,-0.301616281,0.036026999
458,9159.989,1786878889456.429,13677274.364,0.000000000,-0.884265304,0.060113247,-0.141878486,1.373143196,-0.612869561,-0.052268434,-0.660435975,-0.023189999,-0.159295693,1.439550281,-0.780411124,0.029508255,0.142572865,0.029597400,0.343997270,-0.385854959,0.630833983,-0.250614643,0.339307249,0.184155613,-0.251232088,0.703962207,-0.417967975,-0.597101092,0.004438581,0.097581476,-0.840829134,-0.302750438,0.051264800
459,9179.988,1786878889476.428,13677294.363,0.000000000,-0.880648136,0.096327856,-0.112238333,1.361749530,-0.597629130,-0.056824923,-0.658655584,-0.016552459,-0.157583296,1.533602476,-0.758786500,0.018428277,0.151557148,0.026459562,0.346253008,-0.377761483,0.619357884,-0.260426909,0.347240984,0.182852045,-0.251635998,0.694810629,-0.402476668,-0.587608516,0.002663004,0.089363210,-0.841172218,-0.303645670,0.060170572
460,9199.989,1786878889496.429,13677314.364,0.000000000,-0.878007829,0.138965398,-0.076991186,1.344157696,-0.561380744,-0.078076571,-0.632475853,-0.006436793,-0.159311116,1.646885753,-0.748635590,-0.005990618,0.162301853,0.027052643,0.342392772,-0.366444051,0.594223261,-0.275167823,0.366889149,0.181450918,-0.254228830,0.678243339,-0.371106654,-0.579904437,-0.002171839,0.073150560,-0.841170073,-0.305542797,0.067228049
461,9219.991,1786878889516.430,13677334.365,0.000000000,-0.884259224,0.158587128,-0.045336306,1.328363538,-0.534874797,-0.123949811,-0.593748689,-0.001877390,-0.150982916,1.672429323,-0.771650493,-0.035245899,0.172728807,0.019655414,0.323146164,-0.347447187,0.566538990,-0.290536463,0.393243968,0.176308051,-0.258907884,0.662878513,-0.334512949,-0.574000120,-0.005852132,0.057654433,-0.837969124,-0.309860975,0.070990361
462,9239.991,1786878889536.431,13677354.366,0.000000000,-0.896945477,0.154730961,-0.014291625,1.324911237,-0.540399313,-0.175728858,-0.562417269,-0.007956154,-0.124570735,1.614507198,-0.828696012,-0.062194977,0.179528877,0.001134483,0.302048683,-0.320168197,0.552429974,-0.303377748,0.412714869,0.165874571,-0.262721688,0.655882776,-0.315264136,-0.572575510,-0.003295335,0.048271056,-0.827378392,-0.318521976,0.074868336
463,9259.990,1786878889556.430,13677374.365,0.000000000,-0.916742146,0.140307054,0.008218223,1.340187192,-0.552306056,-0.191866159,-0.552043200,-0.023305677,-0.090933666,1.507237911,-0.904248059,-0.058115702,0.180677265,-0.015325257,0.296618283,-0.291914254,0.555775344,-0.310898066,0.419630885,0.151071057,-0.268159270,0.657259226,-0.327156454,-0.582202852,0.005719552,0.042777728,-0.813357472,-0.330625892,0.077469677
464,9279.990,1786878889576.430,13677394.365,0.000000000,-0.918522060,0.116429165,-0.039097648,1.403429747,-0.546583176,-0.168383598,-0.561234474,-0.034924254,-0.083811022,1.527267933,-0.878900588,-0.019964777,0.166218191,0.001403318,0.328808606,-0.269312024,0.563250184,-0.309971571,0.423324943,0.136212111,-0.277371943,0.664970756,-0.363928258,-0.605574071,0.017787231,0.039694231,-0.802437007,-0.343208402,0.077710614
465,9299.988,1786878889596.428,13677414.363,0.000000000,-0.925174713,0.092420600,-0.141963005,1.480847836,-0.549042583,-0.138986394,-0.588311195,-0.031326044,-0.103293374,1.553424478,-0.844275832,0.001369208,0.137693733,0.036370937,0.337478489,-0.236166298,0.566761255,-0.302770466,0.434111446,0.126900658,-0.286512822,0.675760686,-0.390395105,-0.622344971,0.034454197,0.042792965,-0.798609734,-0.352360576,0.077267475
466,9319.988,1786878889616.428,13677434.363,0.000000000,-0.922885656,0.066540509,-0.237425581,1.551820993,-0.562285960,-0.119526632,-0.637047350,-0.030173481,-0.116645895,1.566268802,-0.813319266,0.019029289,0.116010197,0.049398176,0.318922013,-0.194828689,0.568280160,-0.286032408,0.447391033,0.120437361,-0.290863991,0.687787950,-0.389798790,-0.622939646,0.051861092,0.047127791,-0.802398682,-0.356695533,0.078315608
467,9339.988,1786878889636.427,13677454.362,0.000000000,-0.888670802,0.048743088,-0.299859196,1.574711323,-0.603240311,-0.104028821,-0.681292415,-0.028081328,-0.124484755,1.562834620,-0.775964618,0.032309536,0.095936067,0.048445977,0.308629215,-0.154622078,0.570499063,-0.259556949,0.451378882,0.113980033,-0.289028794,0.703805029,-0.381836295,-0.616847217,0.068958491,0.051256325,-0.811684430,-0.362379879,0.086164005
468,9359.986,1786878889656.426,13677474.361,0.000000000,-0.887206078,0.047888193,-0.320057869,1.574448109,-0.623234332,-0.142613366,-0.709789395,-0.014526743,-0.123473249,1.562199831,-0.767370880,0.039844606,0.091712788,0.045072310,0.326686203,-0.128527686,0.576580644,-0.235182196,0.436460793,0.101243794,-0.279956698,0.720990896,-0.379481316,-0.615543783,0.080289081,0.052349746,-0.817564309,-0.370370865,0.099469118
469,9379.986,1786878889676.426,13677494.361,0.000000000,-0.893319786,0.079846017,-0.277235299,1.567162037,-0.623710632,-0.150540546,-0.753779888,-0.007112169,-0.088657260,1.660766363,-0.742732823,0.028182087,0.129858464,0.005231658,0.349218398,-0.117453538,0.588207960,-0.218509272,0.412974030,0.082853988,-0.270749927,0.730200231,-0.367567182,-0.604461491,0.083691090,0.047224738,-0.818569899,-0.373897761,0.111296274
470,9399.998,1786878889696.438,13677514.372,0.000000000,-0.919067562,0.131976306,-0.242305711,1.544964790,-0.573172688,-0.166821793,-0.764529526,-0.015548250,-0.096944205,1.801439524,-0.737741768,0.020140527,0.159374639,-0.018014073,0.346116304,-0.115932040,0.574927449,-0.208183229,0.415573210,0.072222553,-0.267701745,0.724530518,-0.333779961,-0.588581324,0.084103011,0.034329325,-0.818638086,-0.373142034,0.115233734
471,9419.990,1786878889716.429,13677534.364,0.000000000,-0.940615594,0.176850110,-0.226726204,1.521858215,-0.528013825,-0.175085872,-0.736542583,-0.019869968,-0.118883900,1.870505214,-0.759190679,0.015430255,0.175508738,-0.017313892,0.336513251,-0.118092015,0.548995197,-0.206302479,0.434485167,0.069636814,-0.267222375,0.712150097,-0.301290363,-0.578636229,0.084793724,0.021429610,-0.818619311,-0.370496392,0.110941626
472,9440.000,1786878889736.439,13677554.374,0.000000000,-0.965523183,0.229259804,-0.202441931,1.484087229,-0.496786505,-0.145979181,-0.672923386,-0.020202190,-0.138098881,1.899690032,-0.803847194,0.006659279,0.189868927,-0.009397883,0.319990546,-0.114144124,0.510128379,-0.213197961,0.460771024,0.066677004,-0.262048185,0.690599084,-0.260517031,-0.566675246,0.089009017,0.003529837,-0.818499625,-0.365235656,0.098740980
473,9459.987,1786878889756.427,13677574.362,0.000000000,-0.988977253,0.246387810,-0.177280098,1.451195121,-0.495231122,-0.135069340,-0.609740973,-0.027228944,-0.138469175,1.859887958,-0.857751608,-0.003418188,0.190667272,-0.005471843,0.302479625,-0.096461631,0.479432672,-0.229174778,0.468458623,0.062559448,-0.255008221,0.671192765,-0.234079421,-0.560666502,0.095047474,-0.014504359,-0.818397403,-0.362425983,0.086318180
474,9479.991,1786878889776.430,13677594.365,0.000000000,-1.007596374,0.244896635,-0.146868870,1.427364707,-0.506911755,-0.126238912,-0.568735838,-0.038913701,-0.125987127,1.766463876,-0.894103646,-0.014597571,0.189939529,-0.002953113,0.292357087,-0.072006255,0.459007472,-0.248299479,0.461080283,0.057441216,-0.258810431,0.660510957,-0.231642023,-0.565267384,0.099366717,-0.033372298,-0.818093657,-0.362643123,0.077592872
475,9499.989,1786878889796.428,13677614.363,0.000000000,-1.016601205,0.234079421,-0.110142030,1.408980727,-0.508869410,-0.125692099,-0.561434329,-0.057039723,-0.094660394,1.634169817,-0.894304037,-0.021354754,0.192107379,-0.005459245,0.299607545,-0.046715856,0.451252043,-0.265330851,0.444023579,0.051060755,-0.277961403,0.659455538,-0.259281188,-0.578386426,0.105159104,-0.048961859,-0.817842245,-0.363691777,0.068345346
476,9519.992,1786878889816.432,13677634.367,0.000000000,-1.007293105,0.210887313,-0.112465188,1.398184538,-0.495243013,-0.119114071,-0.576878250,-0.070948660,-0.091095641,1.656336546,-0.882749021,-0.005394370,0.161448151,0.027497778,0.344703376,-0.027478078,0.446717948,-0.278888434,0.432527810,0.045204084,-0.309792072,0.661825120,-0.304460824,-0.598363578,0.112831950,-0.055993341,-0.820416868,-0.364177972,0.053962875
477,9539.993,1786878889836.433,13677654.368,0.000000000,-1.023097992,0.193638533,-0.144905940,1.388907433,-0.480145246,-0.105062596,-0.605250955,-0.065506704,-0.112624541,1.679691315,-0.877406418,0.009445863,0.122580931,0.075141802,0.357881963,-0.000481925,0.441915631,-0.288903832,0.434695780,0.041437313,-0.342088372,0.663517356,-0.324421674,-0.604156077,0.120506607,-0.051919125,-0.832069159,-0.363418609,0.041093536
478,9559.990,1786878889856.429,13677674.364,0.000000000,-1.043012857,0.178224787,-0.168958262,1.386561632,-0.475605309,-0.097055860,-0.654822052,-0.057230048,-0.112334274,1.691437840,-0.875638962,0.020186270,0.113928065,0.086707361,0.338546664,0.033403371,0.444362611,-0.289933115,0.441225052,0.036093406,-0.366314828,0.670789182,-0.310951084,-0.585776448,0.128040463,-0.041675098,-0.854319096,-0.359158158,0.039652880
479,9579.996,1786878889876.436,13677694.371,0.000000000,-1.032094359,0.151365831,-0.195776775,1.423577070,-0.459475309,-0.093310751,-0.690298557,-0.059518095,-0.101476982,1.687011480,-0.863809884,0.024934212,0.115411565,0.066982500,0.321173698,0.068068154,0.455083132,-0.284310907,0.453382224,0.031673990,-0.384656429,0.692123234,-0.285970181,-0.550086081,0.138383374,-0.027351379,-0.885980487,-0.356749207,0.056396607
480,9599.992,1786878889896.432,13677714.367,0.000000000,-1.000823140,0.120838553,-0.223025292,1.460789204,-0.456187159,-0.091796190,-0.710808873,-0.068504460,-0.105445124,1.665291429,-0.850867391,0.025816170,0.105670221,0.042394396,0.301392168,0.101938300,0.469744951,-0.275892049,0.469405085,0.029648671,-0.394640654,0.720338881,-0.259033322,-0.512037218,0.152494282,-0.013453267,-0.922531962,-0.359040558,0.087214887
481,9619.991,1786878889916.430,13677734.366,0.000000000,-0.967330217,0.114089496,-0.238575697,1.461421490,-0.475428373,-0.105907843,-0.727768123,-0.063205659,-0.121880755,1.637438774,-0.851749539,0.027073415,0.095023625,0.030432496,0.280082881,0.130877227,0.485112458,-0.267233014,0.476561010,0.029629134,-0.396247596,0.748199224,-0.236218810,-0.487412065,0.164702848,-0.008217174,-0.955411077,-0.367997199,0.124542497
482,9639.991,1786878889936.430,13677754.366,0.000000000,-0.939296901,0.138847560,-0.224533334,1.424646378,-0.449728519,-0.131424874,-0.742265224,-0.045967977,-0.096899882,1.710452795,-0.807590246,0.028655805,0.115102693,0.004763735,0.295601577,0.138255253,0.506289661,-0.259164691,0.469164789,0.025294021,-0.396231622,0.764631987,-0.224518046,-0.478655577,0.168209836,-0.016277365,-0.970448256,-0.379116088,0.154354438
483,9659.989,1786878889956.428,13677774.363,0.000000000,-0.929061651,0.175133809,-0.203809068,1.393890262,-0.409200162,-0.142261088,-0.731337965,-0.038759779,-0.079647928,1.817032695,-0.781971037,0.026059147,0.136607215,-0.007108573,0.308832914,0.128075033,0.512303293,-0.256515563,0.472675145,0.022378039,-0.396390289,0.763685048,-0.209253773,-0.482551277,0.165753543,-0.029271787,-0.971524239,-0.385341018,0.163940564
484,9679.989,1786878889976.428,13677794.363,0.000000000,-0.941741467,0.240096495,-0.171232924,1.342349529,-0.362934142,-0.118139423,-0.687501192,-0.037407529,-0.083369434,1.914834142,-0.797006667,0.020034812,0.165404767,-0.006045442,0.304231942,0.100712672,0.498378992,-0.256483823,0.497494161,0.020885427,-0.395024896,0.749220371,-0.173329040,-0.492717922,0.157924414,-0.049385790,-0.966976464,-0.388486624,0.160434976
485,9699.988,1786878889996.428,13677814.363,0.000000000,-0.965072870,0.301961303,-0.130584016,1.283571839,-0.350364178,-0.090558194,-0.625750899,-0.031420253,-0.092336863,1.931988478,-0.835828483,0.007195439,0.191433474,-0.004782810,0.290496439,0.074176848,0.473251283,-0.259089500,0.521016359,0.015302418,-0.386475474,0.731778264,-0.138321444,-0.497542441,0.150696009,-0.066719830,-0.955609977,-0.388661951,0.144648239
486,9719.992,1786878890016.432,13677834.366,0.000000000,-0.985232830,0.328237593,-0.089068718,1.225905776,-0.361813545,-0.103601664,-0.574853599,-0.029681379,-0.104221374,1.882512212,-0.875233710,-0.014727204,0.210005313,-0.015789803,0.280706078,0.057873715,0.450741768,-0.267680526,0.524284005,0.005699276,-0.374995112,0.720545113,-0.121849544,-0.499458104,0.147877112,-0.080743030,-0.938233435,-0.389328331,0.124784946
487,9739.990,1786878890036.429,13677854.364,0.000000000,-1.005640388,0.326191813,-0.056139622,1.187760949,-0.384908199,-0.139745533,-0.547814250,-0.032808445,-0.116141707,1.798434377,-0.883167207,-0.036369834,0.219282225,-0.026745453,0.278534144,0.053123388,0.433276564,-0.284082592,0.517073095,-0.003887206,-0.375289947,0.716805816,-0.133486047,-0.508503437,0.149324074,-0.094288915,-0.916174650,-0.393105358,0.106450349
488,9759.989,1786878890056.428,13677874.363,0.000000000,-1.021271944,0.311682999,-0.046553165,1.192501664,-0.388680637,-0.158735886,-0.542940557,-0.032043971,-0.108489275,1.687176943,-0.884193122,-0.050137345,0.220268279,-0.029530760,0.289279997,0.059519194,0.423067838,-0.303958923,0.505413651,-0.015023391,-0.386388540,0.716482401,-0.178223357,-0.525429368,0.155502319,-0.105294198,-0.894598782,-0.400303811,0.090297818
489,9779.988,1786878890076.428,13677894.363,0.000000000,-1.023129821,0.277088165,-0.065846756,1.207927108,-0.378962219,-0.153775856,-0.578017235,-0.045599658,-0.102479652,1.693536997,-0.881011605,-0.033743255,0.190937787,-0.016142040,0.319723964,0.069642171,0.420079380,-0.324326485,0.494511038,-0.027930316,-0.403676718,0.715776563,-0.238069043,-0.542573333,0.163159832,-0.110933036,-0.881545007,-0.405406415,0.072444469
490,9799.993,1786878890096.433,13677914.368,0.000000000,-1.053081870,0.250392348,-0.106421761,1.203404188,-0.378430188,-0.138535053,-0.607859313,-0.046275970,-0.139141113,1.716161847,-0.874509096,-0.011896702,0.140649959,0.038283531,0.338840902,0.080872610,0.411813915,-0.344606072,0.502080739,-0.036479365,-0.420841962,0.712956548,-0.273486286,-0.555238247,0.164929524,-0.107954971,-0.880319297,-0.407816470,0.055688810
491,9819.989,1786878890116.429,13677934.364,0.000000000,-1.088444591,0.232566833,-0.145715371,1.218529463,-0.373224318,-0.120682284,-0.662169874,-0.030312920,-0.150165036,1.731077909,-0.871387005,0.007601559,0.126282364,0.069052853,0.323892713,0.099923454,0.407022923,-0.352800936,0.526249528,-0.040108677,-0.433334142,0.714242697,-0.270345002,-0.546116412,0.165438861,-0.092999034,-0.883063138,-0.408533335,0.047902249
492,9839.990,1786878890136.429,13677954.365,0.000000000,-1.093389630,0.201684564,-0.189914227,1.288737774,-0.361121595,-0.103709735,-0.718991756,-0.023718687,-0.131063849,1.738939762,-0.868099272,0.022713168,0.137259439,0.052887715,0.297479093,0.124565549,0.412121177,-0.347968936,0.559171319,-0.043712441,-0.436825812,0.726409197,-0.241933852,-0.513724566,0.170266718,-0.068446219,-0.894395351,-0.409446687,0.052891929
493,9859.990,1786878890156.429,13677974.365,0.000000000,-1.076278687,0.152997106,-0.242768571,1.377506375,-0.374303162,-0.111668468,-0.749709725,-0.035488687,-0.131347984,1.722485185,-0.839680374,0.033490773,0.126284987,0.030006405,0.274264753,0.155858830,0.422618508,-0.334375530,0.589549839,-0.042384170,-0.429788560,0.750597060,-0.210048452,-0.476141840,0.180023432,-0.043223467,-0.921785831,-0.415732026,0.079701915
494,9879.989,1786878890176.429,13677994.364,0.000000000,-1.058771014,0.131818220,-0.275864094,1.429847717,-0.409278244,-0.127089128,-0.764133275,-0.031839922,-0.139028817,1.702481508,-0.830822825,0.048499100,0.118155457,0.018240573,0.266164929,0.185668752,0.438832402,-0.318967342,0.600976944,-0.041177381,-0.413837731,0.775740683,-0.186568305,-0.453549474,0.189729124,-0.029024875,-0.946075857,-0.427015752,0.118851371
495,9899.989,1786878890196.428,13678014.363,0.000000000,-1.032216072,0.167854145,-0.253009439,1.419050455,-0.402962863,-0.156838492,-0.795423567,-0.002933786,-0.093040146,1.817385197,-0.765673876,0.059772339,0.158494279,-0.009529140,0.274032563,0.198271200,0.465843648,-0.311204374,0.597227633,-0.047349360,-0.396670133,0.786098838,-0.162745595,-0.452109694,0.192340717,-0.034872741,-0.952226400,-0.439552248,0.149624661
496,9919.989,1786878890216.428,13678034.363,0.000000000,-1.020648122,0.260523081,-0.204323292,1.371511698,-0.341046959,-0.100968517,-0.771364927,0.034581382,-0.066402115,2.006026506,-0.746469855,0.050161358,0.222100511,-0.011328591,0.281055838,0.177190959,0.477216542,-0.310576856,0.613443375,-0.057355452,-0.378776640,0.768937826,-0.118223689,-0.470480829,0.181890875,-0.053155299,-0.940948069,-0.447002798,0.155712038
497,9939.990,1786878890236.429,13678054.365,0.000000000,-1.020843863,0.343026638,-0.157243162,1.317583323,-0.301509559,-0.063591331,-0.717643201,0.056198217,-0.070040241,2.089604139,-0.770201623,0.036811266,0.277279496,-0.009571905,0.276363254,0.143482402,0.473310083,-0.310567051,0.641285002,-0.065481469,-0.363017768,0.744051099,-0.072892584,-0.481406271,0.169962823,-0.063015386,-0.924989581,-0.446610361,0.142234117
498,9959.990,1786878890256.429,13678074.364,0.000000000,-1.024148464,0.416630179,-0.085763127,1.234170675,-0.294197619,-0.066844545,-0.639312387,0.070989460,-0.089178510,2.103088856,-0.817360699,0.013009804,0.340730011,-0.027678179,0.257398725,0.097475477,0.461560220,-0.312329561,0.677484512,-0.079304241,-0.338344008,0.710675478,-0.017429732,-0.486770451,0.160829946,-0.066245958,-0.897468090,-0.443305135,0.109171078
499,9979.988,1786878890276.428,13678094.363,0.000000000,-1.032123208,0.421966881,-0.026322609,1.168523669,-0.320357800,-0.113582350,-0.579748511,0.063345157,-0.121839046,2.028511763,-0.866573632,-0.022979636,0.371365041,-0.058995686,0.239559785,0.065174110,0.447026819,-0.322026730,0.697243094,-0.096577145,-0.318117976,0.690392017,0.008312482,-0.500535667,0.159323767,-0.069354258,-0.862802863,-0.444300592,0.076098241
500,9999.989,1786878890296.428,13678114.363,0.000000000,-1.047633171,0.392809510,0.000460011,1.158519387,-0.347315609,-0.148157939,-0.548353732,0.049220748,-0.150973901,1.900842309,-0.884997666,-0.063412614,0.374990344,-0.071933255,0.242514700,0.049334578,0.428905427,-0.340025574,0.706379831,-0.107962392,-0.310599238,0.683673978,-0.012955626,-0.540114224,0.159651980,-0.082524419,-0.820314527,-0.450456619,0.053179611
501,10019.990,1786878890316.430,13678134.365,0.000000000,-1.062265873,0.345476776,-0.015116743,1.199073315,-0.370953858,-0.153548047,-0.561171114,0.032063060,-0.153088793,1.819073439,-0.878408551,-0.078876279,0.351155370,-0.063953653,0.279148608,0.047206167,0.414609671,-0.357895851,0.706797898,-0.110021666,-0.310428828,0.682184815,-0.087288424,-0.593214810,0.161132187,-0.098715022,-0.776886821,-0.458830416,0.036891520
502,10039.988,1786878890336.427,13678154.362,0.000000000,-1.087535024,0.298303694,-0.090652011,1.256458163,-0.362344623,-0.132716849,-0.601249874,0.033757493,-0.176749334,1.851725817,-0.866432667,-0.054958776,0.293809861,-0.007869084,0.315559238,0.054525346,0.397182137,-0.370489955,0.716583371,-0.112196378,-0.310823768,0.674128175,-0.166443601,-0.635249496,0.160020381,-0.098310232,-0.741974354,-0.467460811,0.018003948
503,10059.989,1786878890356.429,13678174.364,0.000000000,-1.132220745,0.262414098,-0.160966381,1.273429513,-0.353045464,-0.110746458,-0.671937644,0.048957013,-0.195672959,1.876981497,-0.881962001,-0.018788110,0.254866600,0.029218767,0.295908928,0.073458783,0.384049624,-0.369809598,0.743957281,-0.122797512,-0.307376444,0.662859619,-0.196636379,-0.638623238,0.158830225,-0.068891883,-0.723159134,-0.473537832,-0.001583945
504,10079.988,1786878890376.428,13678194.363,0.000000000,-1.159941912,0.222325712,-0.221737176,1.323789716,-0.333068520,-0.076843575,-0.741222501,0.060302787,-0.180511430,1.888701677,-0.887907147,0.020378003,0.259441346,0.020070670,0.258654326,0.099502176,0.382477075,-0.353391886,0.767071307,-0.141135588,-0.295942813,0.660946548,-0.179773152,-0.622763216,0.162789494,-0.026372246,-0.715070128,-0.474505931,-0.011651937
505,10099.987,1786878890396.427,13678214.362,0.000000000,-1.149376988,0.170059517,-0.290900975,1.409428596,-0.321161091,-0.053753980,-0.784400344,0.055727553,-0.157026365,1.878830791,-0.879454672,0.052590016,0.274235845,-0.018226963,0.223264933,0.129594505,0.391504675,-0.324804962,0.784231365,-0.157908320,-0.277265340,0.673627257,-0.142740324,-0.601349890,0.176483110,0.021123476,-0.718443274,-0.476450622,-0.002112878
506,10119.987,1786878890416.427,13678234.362,0.000000000,-1.121044993,0.116876602,-0.368735641,1.475420475,-0.327643573,-0.065428413,-0.800366700,0.041238956,-0.166722894,1.844268918,-0.876765072,0.079245299,0.262656122,-0.040064964,0.185098872,0.166976303,0.406133711,-0.295948267,0.787644565,-0.166392162,-0.248131841,0.699082553,-0.110195942,-0.587751687,0.195811361,0.063777849,-0.729444325,-0.485695451,0.031247376
507,10139.990,1786878890436.429,13678254.364,0.000000000,-1.078235984,0.143691123,-0.354931444,1.451118350,-0.324500948,-0.097898886,-0.811425388,0.052707460,-0.132377371,1.970403314,-0.766122103,0.092908733,0.315053105,-0.056425910,0.201691687,0.174288630,0.431358755,-0.288329124,0.764527261,-0.177241057,-0.211070448,0.714595139,-0.083454348,-0.613391042,0.196237430,0.075518891,-0.721767306,-0.503254771,0.059597813
508,10159.990,1786878890456.429,13678274.364,0.000000000,-1.038047194,0.266099185,-0.285362393,1.372932315,-0.320650101,-0.107650474,-0.783940554,0.100127727,-0.105618037,2.203279018,-0.667803347,0.078361094,0.444850832,-0.057910558,0.216120377,0.146979332,0.451777279,-0.299274206,0.756014943,-0.197310969,-0.178744137,0.696548581,-0.032864917,-0.655314505,0.183640599,0.085404865,-0.695784092,-0.511636853,0.052001070
509,10179.990,1786878890476.430,13678294.365,0.000000000,-0.997364700,0.395269483,-0.183562875,1.202480197,-0.340215951,-0.125562951,-0.705549777,0.141391680,-0.118604422,2.336761951,-0.633087337,0.054641675,0.593701959,-0.071481571,0.202014431,0.104731716,0.462034523,-0.313686609,0.763426304,-0.227925673,-0.149184451,0.650614917,0.037061304,-0.677034259,0.174239293,0.114448458,-0.662625849,-0.501297653,0.010641583
510,10199.990,1786878890496.429,13678314.364,0.000000000,-0.973630786,0.425195664,-0.108016372,1.082685351,-0.311003536,-0.135826439,-0.593946517,0.145560503,-0.141146019,2.337686539,-0.613811433,0.031812612,0.698341012,-0.086869724,0.165770471,0.082354307,0.458934933,-0.337518156,0.771460712,-0.269116223,-0.130813479,0.603629291,0.102786914,-0.705719054,0.174265876,0.148310259,-0.635941029,-0.487524450,-0.039540518
511,10219.987,1786878890516.427,13678334.362,0.000000000,-0.976987183,0.381859809,-0.104683138,1.088244438,-0.263776094,-0.119520716,-0.520078778,0.116586104,-0.152970567,2.267574787,-0.622422695,0.022884937,0.738913715,-0.106975034,0.154017717,0.081779473,0.459943622,-0.359063745,0.779109299,-0.300726026,-0.124838024,0.580417156,0.117488883,-0.738394737,0.182612687,0.171898291,-0.614878654,-0.482342213,-0.068495311
512,10239.987,1786878890536.427,13678354.361,0.000000000,-0.995696485,0.308659315,-0.139396578,1.135185361,-0.266649097,-0.094806686,-0.471458644,0.052132264,-0.196581364,2.112660170,-0.662990510,0.015686223,0.749863267,-0.135685056,0.179039195,0.085731603,0.470904350,-0.385849208,0.800623775,-0.327964157,-0.115581870,0.564943194,0.068626501,-0.800685585,0.197815418,0.194155231,-0.574040055,-0.486725658,-0.094942994
513,10259.989,1786878890556.429,13678374.364,0.000000000,-1.028723478,0.257237792,-0.191161796,1.188620090,-0.329979986,-0.072930738,-0.467185915,-0.005279899,-0.256165028,2.053202629,-0.840818644,-0.008797999,0.707887411,-0.142069310,0.230797589,0.085839480,0.487388790,-0.410182744,0.835530937,-0.334599644,-0.090463623,0.555083752,-0.039047770,-0.875836492,0.202111483,0.214874849,-0.526566207,-0.503948867,-0.119450055
514,10279.995,1786878890576.434,13678394.369,0.000000000,-1.064957857,0.235467523,-0.249685898,1.235157967,-0.374053091,-0.047936298,-0.508565009,-0.036768258,-0.324968725,2.067318916,-0.801084340,-0.012400381,0.630543530,-0.110912926,0.281392425,0.087612607,0.517310023,-0.431193888,0.850363076,-0.334934086,-0.044762231,0.543136775,-0.143260658,-0.937089026,0.182601780,0.248271644,-0.480560243,-0.519873261,-0.151610255
515,10299.990,1786878890596.430,13678414.365,0.000000000,-1.110700369,0.239144847,-0.299757779,1.284560561,-0.362392604,-0.015678374,-0.583514214,-0.044278499,-0.367347568,2.082482576,-0.770214915,0.013648476,0.600949883,-0.099093840,0.298666298,0.098049887,0.572934985,-0.437768370,0.823192656,-0.342326880,0.004351954,0.535432339,-0.176069990,-0.964035749,0.139931619,0.293273330,-0.437276453,-0.522267997,-0.189557716
516,10319.987,1786878890616.427,13678434.362,0.000000000,-1.158313990,0.249267265,-0.310166866,1.314304829,-0.361573905,-0.010946430,-0.677839518,-0.047624219,-0.358903706,2.089322805,-0.755876005,0.046014298,0.650558174,-0.128848806,0.294644952,0.112346135,0.646761179,-0.421811730,0.763754189,-0.364007145,0.031214040,0.540117264,-0.134602115,-0.968849778,0.094667993,0.351150602,-0.397791713,-0.515569568,-0.221719250
517,10339.988,1786878890636.428,13678454.363,0.000000000,-1.206949949,0.259437770,-0.320588946,1.367787957,-0.314706504,-0.003286266,-0.747753859,-0.040714994,-0.331050217,2.056877851,-0.672758996,0.070042871,0.765355527,-0.163589835,0.280266255,0.133880451,0.706096947,-0.432606727,0.597772300,-0.405991256,-0.009633681,0.515823781,-0.052266490,-0.956838965,0.062616393,0.425442159,-0.369752824,-0.504107714,-0.231057674
518,10359.989,1786878890656.429,13678474.364,0.000000000,-1.254727602,0.262059331,-0.369113266,1.403599620,-0.238751054,-0.006242902,-0.810205162,-0.050775815,-0.306989521,1.980320573,-0.533010960,0.078171223,0.903604329,-0.255358756,0.254371136,0.117901191,0.754083216,-0.467487097,0.469137818,-0.423654169,-0.069494814,0.499142647,0.016270941,-0.891379356,0.056026366,0.526319027,-0.361459225,-0.491406143,-0.211423159
519,10379.989,1786878890676.429,13678494.364,0.000000000,-1.290201426,0.263746679,-0.444129944,1.385010481,-0.199544832,-0.043784689,-0.835758507,-0.076714464,-0.321635365,1.876888752,-0.473408669,0.044325873,1.016217351,-0.353070289,0.247568294,0.063414149,0.774275780,-0.506087303,0.434461772,-0.428055018,-0.179172546,0.477032185,0.041746527,-0.827750206,0.064817049,0.627779245,-0.366430730,-0.491041869,-0.170127511
520,10399.988,1786878890696.428,13678514.363,0.000000000,-1.297363520,0.328796417,-0.505082846,1.344514132,-0.185450330,-0.104509383,-0.806686580,-0.089693718,-0.410166532,1.986025333,-0.375657350,0.028746003,1.100821137,-0.363516718,0.246613011,0.017287850,0.750005364,-0.540648460,0.467188120,-0.400324762,-0.350845903,0.427770346,0.024309888,-0.825494826,0.071400188,0.717103660,-0.396128416,-0.505656421,-0.132840887
521,10419.989,1786878890716.429,13678534.364,0.000000000,-1.305700302,0.405811489,-0.498680443,1.263727784,-0.158857122,-0.131762996,-0.746490538,-0.094350867,-0.518523574,2.192042828,-0.269197345,0.024311706,1.169119239,-0.397906035,0.245371610,-0.033468984,0.732676625,-0.581180811,0.557505429,-0.354722500,-0.560173571,0.349212199,0.004130175,-0.820244551,0.058715589,0.805222034,-0.424885213,-0.505816758,-0.123997621
522,10439.989,1786878890736.428,13678554.363,0.000000000,-1.286999583,0.437710106,-0.449968576,1.206898570,-0.132788360,-0.136423618,-0.688492954,-0.109752931,-0.551010609,2.309196234,-0.171586603,0.024292236,1.253263474,-0.484011412,0.298958510,-0.118159123,0.719649255,-0.632819772,0.675701916,-0.319042206,-0.750393748,0.256911069,-0.005881240,-0.809719026,0.030772308,0.889374197,-0.429414064,-0.488091558,-0.130369499
523,10459.987,1786878890756.427,13678574.362,0.000000000,-1.272101760,0.444060802,-0.414269507,1.187504172,-0.122040056,-0.130942002,-0.646210313,-0.139144182,-0.533279777,2.290572166,-0.061512437,0.011482834,1.340563297,-0.549003839,0.361095190,-0.225119442,0.594479918,-0.662623763,0.834059715,-0.332357764,-0.783593357,0.254219860,-0.003440870,-0.822596967,-0.017029669,0.964106500,-0.417099565,-0.473978281,-0.141993165
524,10479.994,1786878890776.433,13678594.368,0.000000000,-1.259308577,0.456620991,-0.406505704,1.196871042,-0.127874717,-0.128284082,-0.590338647,-0.165393710,-0.530544400,2.225335836,0.011087893,-0.001933055,1.398953795,-0.550043702,0.418698847,-0.290539920,0.471612692,-0.629256308,0.987761497,-0.330502540,-0.767432630,0.263029009,-0.006089655,-0.860836864,-0.058389403,1.023610115,-0.406998575,-0.469547838,-0.156424344
525,10499.990,1786878890796.429,13678614.364,0.000000000,-1.270015001,0.487161011,-0.413238972,1.213256955,-0.151628688,-0.132630676,-0.547188520,-0.208432809,-0.550543249,2.160953999,0.005481909,-0.036475517,1.458160639,-0.539811850,0.479451209,-0.352393329,0.348565608,-0.578916907,1.147022486,-0.288212478,-0.704057276,0.252456814,-0.027517218,-0.934520304,-0.101365678,1.112945914,-0.398605376,-0.464631140,-0.182774127
526,10519.987,1786878890816.427,13678634.362,0.000000000,-1.310043216,0.566808879,-0.420589596,1.232108951,-0.193740681,-0.141853333,-0.498044699,-0.229794115,-0.594881117,2.118875504,0.009537537,-0.049858090,1.505836010,-0.538861811,0.550641835,-0.379509240,0.221508309,-0.404732794,1.260830998,-0.278177470,-0.637801945,0.291430712,-0.056543194,-1.043895125,-0.125002474,1.161523819,-0.379275411,-0.493087858,-0.221939132
527,10539.987,1786878890836.427,13678654.362,0.000000000,-1.358688593,0.654928684,-0.473772585,1.261462808,-0.233477026,-0.146872804,-0.424419731,-0.218854398,-0.641111672,2.123681307,0.103685260,-0.042166840,1.506856680,-0.536318958,0.554144144,-0.328250319,0.245413288,-0.325170636,1.286589384,-0.248523071,-0.548256516,0.305811256,-0.156165272,-1.160240769,-0.121472202,1.194607973,-0.347821325,-0.502515554,-0.261511743
528,10559.991,1786878890856.430,13678674.365,0.000000000,-1.351074338,0.706538260,-0.506651878,1.307256579,-0.263889372,-0.153658643,-0.396515161,-0.228007808,-0.627004564,2.087584734,0.190905809,-0.032138046,1.509280205,-0.532109141,0.549273252,-0.255131662,0.323669374,-0.283525050,1.345057964,-0.194256291,-0.408601016,0.291015416,-0.328601211,-1.242896557,-0.111501917,1.213330388,-0.286878884,-0.496567458,-0.311696768
529,10579.995,1786878890876.435,13678694.370,0.000000000,-1.301059365,0.701422811,-0.486613452,1.375996351,-0.277080983,-0.164600551,-0.413286358,-0.265951633,-0.578013539,1.944412231,0.258938432,-0.029673783,1.542416096,-0.528501511,0.544624209,-0.171499774,0.402073532,-0.226318225,1.409420848,-0.148479655,-0.225593060,0.278544158,-0.472380698,-1.284495711,-0.105014890,1.219507337,-0.195900440,-0.501822531,-0.385127425
530,10599.992,1786878890896.432,13678714.367,0.000000000,-1.207520843,0.673557043,-0.391383231,1.412419915,-0.271812230,-0.172883838,-0.457618088,-0.324228436,-0.526449502,1.741735339,0.326880574,-0.033985563,1.651361585,-0.515382469,0.540131390,-0.072011456,0.477272213,-0.159811541,1.433499217,-0.128028810,-0.054744989,0.294505209,-0.541650474,-1.305560946,-0.090386622,1.237745404,-0.095417656,-0.519118369,-0.462361962
531,10619.990,1786878890916.429,13678734.364,0.000000000,-1.110854268,0.643450439,-0.290295720,1.372210860,-0.252996892,-0.183039874,-0.502951622,-0.366989285,-0.508928120,1.641936541,0.367306471,-0.028219711,1.811208129,-0.484566063,0.510803401,0.078375846,0.532030463,-0.210058182,1.344347835,-0.026564283,0.030323345,0.242847279,-0.582443953,-1.318287134,-0.055207662,1.278413415,-0.016329974,-0.531694651,-0.523693860
532,10639.989,1786878890936.429,13678754.364,0.000000000,-1.087242365,0.588419199,-0.275416613,1.267013431,-0.235261038,-0.196091354,-0.531045377,-0.373426020,-0.548961759,1.668845057,0.378252208,-0.016912643,1.956342101,-0.472071171,0.427663684,0.246390641,0.597138286,-0.169667795,1.276822209,-0.028209733,0.083351523,0.243608177,-0.622104526,-1.317201138,-0.008500249,1.342378259,0.024790633,-0.534426987,-0.568536580
533,10659.989,1786878890956.428,13678774.363,0.000000000,-1.128999949,0.478753179,-0.275754541,1.127616525,-0.221899807,-0.195578024,-0.562345088,-0.409072369,-0.599616528,1.687218189,0.391352087,-0.011995650,2.041441679,-0.504431665,0.402415395,0.397071451,0.688140810,-0.073125988,1.293838143,-0.070583805,0.120491646,0.238089338,-0.745674431,-1.306388259,0.047099434,1.387064338,0.026567452,-0.535691917,-0.592089295
534,10679.988,1786878890976.427,13678794.362,0.000000000,-1.170261979,0.371312916,-0.260276914,1.022677660,-0.185768217,-0.182623312,-0.524570704,-0.461246163,-0.646822095,1.651658654,0.368273318,-0.011642254,2.075922966,-0.516668081,0.401604325,0.540288568,0.781046927,0.048960328,1.357602596,-0.108187370,0.170284718,0.235804185,-0.862658739,-1.294332743,0.090550110,1.392153859,0.015112740,-0.526515245,-0.601354539
535,10699.988,1786878890996.428,13678814.363,0.000000000,-1.243728399,0.294488966,-0.210896313,0.969656587,-0.120760277,-0.163218126,-0.484956443,-0.535992086,-0.688311338,1.620447993,0.325450838,-0.011896700,2.080894947,-0.524766684,0.426796913,0.703282416,0.872403741,0.166504577,1.425342321,-0.131975502,0.232449204,0.221556723,-1.015344381,-1.283563495,0.136823818,1.355937362,-0.022210648,-0.506621778,-0.595872462
536,10719.987,1786878891016.427,13678834.362,0.000000000,-1.313992143,0.251665413,-0.172106698,0.945731699,-0.036108732,-0.138927773,-0.430690169,-0.606691539,-0.732855976,1.582498431,0.270555913,-0.010967514,2.081800222,-0.521859467,0.456405431,0.885838389,0.949763954,0.282302827,1.479717255,-0.137774438,0.288625062,0.209580049,-1.141143441,-1.271644831,0.161324352,1.303176045,-0.080875166,-0.485488087,-0.592066705
537,10739.989,1786878891036.429,13678854.364,0.000000000,-1.360949993,0.235723138,-0.167181015,0.939240038,0.028708361,-0.115161382,-0.386883229,-0.649624765,-0.769354999,1.562116623,0.230534419,-0.010025525,2.078023911,-0.517337143,0.467192531,1.032241344,0.990779400,0.377355427,1.518590569,-0.128597051,0.320106745,0.203020498,-1.213822365,-1.255423903,0.169761747,1.269334197,-0.139860198,-0.467709154,-0.594240785
538,10759.987,1786878891056.427,13678874.362,0.000000000,-0.116051205,-0.020432085,-0.033086326,0.157850966,-0.013174209,0.003267613,-0.116465822,-0.052749466,-0.148640037,0.178470999,-0.087502189,0.008729640,0.016743926,-0.020866087,-0.042413902,-0.022275893,-0.005695887,0.013012633,0.032639932,-0.004308610,-0.006697267,-0.015408707,-0.012494355,-0.033580676,0.018804885,0.054128744,-0.030525679,-0.049323305,-0.037083931
539,10779.993,1786878891076.433,13678894.367,0.000000000,-0.257551134,-0.038372520,-0.029465972,0.423451036,-0.080384612,-0.024525505,-0.239025950,-0.107268475,-0.197167292,0.424240351,-0.124747671,0.013962520,0.136081487,-0.080163032,0.019940715,-0.164602116,-0.030934168,0.062260281,0.194082811,-0.003481843,-0.028562389,-0.045983288,-0.107530050,-0.208024949,0.096137360,0.281118006,-0.110972837,-0.185853526,-0.196540564
540,10799.991,1786878891096.431,13678914.366,0.000000000,-0.356000245,0.010322718,0.006948866,0.597215772,-0.034975294,-0.084468640,-0.314277053,-0.061337616,-0.004589628,0.522496283,-0.143079415,0.016154574,0.380396962,-0.133399069,0.140244767,-0.343987375,-0.044144426,0.091731004,0.430999458,0.015520555,-0.050618231,-0.046190988,-0.208447799,-0.416941822,0.176124707,0.550345302,-0.157955393,-0.266378284,-0.298552126
541,10819.991,1786878891116.430,13678934.365,0.000000000,-0.439973801,0.092128165,-0.078083590,0.687419951,-0.028131468,-0.157854050,-0.389787465,0.009514273,0.095385335,0.618152082,-0.150712729,-0.012401578,0.658237219,-0.160937846,0.270995408,-0.491570681,-0.032529209,0.093646914,0.619752526,0.014521920,-0.016737165,-0.025082791,-0.282163590,-0.586563945,0.247045383,0.782230079,-0.187101275,-0.265716195,-0.326619744
542,10839.993,1786878891136.432,13678954.367,0.000000000,-0.477831453,0.190996885,-0.211451203,0.734609127,-0.048312232,-0.205125093,-0.415798098,0.093292274,0.141584769,0.711783409,-0.150730819,-0.049350403,0.877759993,-0.157354310,0.401107073,-0.533529162,0.023418805,0.093279772,0.665535867,0.020336684,0.038585246,0.000348766,-0.364777148,-0.680871785,0.303593844,0.949386537,-0.194674656,-0.216158286,-0.311925381
543,10859.989,1786878891156.429,13678974.364,0.000000000,-0.470350653,0.266380668,-0.309411913,0.758347034,-0.088635631,-0.223989934,-0.387474537,0.151447132,0.186381996,0.762178004,-0.177500889,-0.084651135,1.028882146,-0.139456555,0.510310054,-0.471181244,0.115242839,0.107372098,0.638324618,0.038044900,0.063167639,0.024127578,-0.461295098,-0.710982502,0.328848630,1.056381583,-0.175508082,-0.162028387,-0.299228728
544,10879.990,1786878891176.430,13678994.365,0.000000000,-0.475428671,0.306844205,-0.375267565,0.805981696,-0.104162179,-0.214955866,-0.316986293,0.191881508,0.209333494,0.787070930,-0.305808693,-0.095788106,1.072706819,-0.098731555,0.549560130,-0.319160014,0.207720533,0.154496804,0.609136701,0.063807853,0.076755278,0.049916759,-0.561771989,-0.701337874,0.339859515,1.111893058,-0.139560640,-0.122485742,-0.297267377
545,10899.989,1786878891196.429,13679014.364,0.000000000,-0.496660560,0.281219065,-0.422574073,0.918545365,-0.009373371,-0.189943567,-0.261471927,0.233966440,0.199542537,0.845488906,-0.361983001,-0.101744391,1.033162594,-0.037730873,0.543174207,-0.104937956,0.274223357,0.197067395,0.577164292,0.084203504,0.121918447,0.094036080,-0.645865619,-0.668852210,0.342915356,1.121193767,-0.119190402,-0.122230172,-0.295053095
546,10919.990,1786878891216.430,13679034.365,0.000000000,-0.520847380,0.170858845,-0.418453783,1.011397958,0.069833517,-0.172637850,-0.240694180,0.249409944,0.214071959,0.879972994,-0.381341308,-0.097055845,1.018895149,-0.031380717,0.535958171,0.103501461,0.325808913,0.190793470,0.529693842,0.077616677,0.199064434,0.141287699,-0.669339240,-0.631876707,0.327040493,1.107023478,-0.119519629,-0.165397584,-0.285251886
547,10939.989,1786878891236.428,13679054.363,0.000000000,-0.535846293,0.031520184,-0.388333857,1.014380574,0.027918894,-0.153814360,-0.239029720,0.258503139,0.272360474,0.877094686,-0.374963671,-0.084052287,1.072280645,-0.064437732,0.530177474,0.283915937,0.359688193,0.157807797,0.429066271,0.045019530,0.307858318,0.183629885,-0.645268202,-0.600662351,0.287754685,1.096635222,-0.136228800,-0.222199291,-0.258932024
548,10959.989,1786878891256.429,13679074.364,0.000000000,-0.565730572,-0.065267511,-0.396105498,0.954653978,-0.017765446,-0.151937321,-0.245935589,0.297086418,0.356663793,0.843500793,-0.338642657,-0.062424071,1.163957953,-0.099731736,0.505534768,0.441621155,0.365620166,0.122883148,0.297229916,0.011992512,0.422728151,0.224082112,-0.612784684,-0.568965256,0.236502141,1.089539886,-0.171359777,-0.265754849,-0.213694945
549,10979.989,1786878891276.428,13679094.363,0.000000000,-0.597054422,-0.096538737,-0.437299222,0.914468706,-0.033304755,-0.156709284,-0.262000769,0.319928706,0.359113157,0.853543580,-0.330545127,-0.071374632,1.207596064,-0.099181548,0.469276577,0.547324955,0.340308398,0.094210170,0.213780940,-0.009312899,0.489278078,0.251239628,-0.601943135,-0.551564515,0.204608738,1.074087024,-0.217154354,-0.285245299,-0.175257698
550,10999.989,1786878891296.428,13679114.363,0.000000000,-0.635315001,-0.086212158,-0.483216345,0.873460531,-0.048043590,-0.150531083,-0.274999291,0.277972907,0.218999952,0.942334056,-0.317748487,-0.073937953,1.189943314,-0.037282083,0.396006763,0.670758545,0.268187016,0.048337903,0.138318181,-0.047157500,0.547804356,0.276910454,-0.596224070,-0.541992486,0.182012931,1.025539756,-0.295591056,-0.299261779,-0.138789400
551,11019.992,1786878891316.432,13679134.367,0.000000000,-0.677986085,-0.036461297,-0.488446862,0.820896447,-0.062304813,-0.137865290,-0.271443784,0.176271453,0.025613796,1.052528858,-0.333132416,-0.050768778,1.133484244,0.032426074,0.309698790,0.765177548,0.199688450,0.000063730,0.096363083,-0.090547867,0.578251719,0.285537273,-0.580087125,-0.528999329,0.178595081,0.950194418,-0.361981958,-0.312834799,-0.135057285
552,11039.993,1786878891336.433,13679154.368,0.000000000,-0.710857153,0.002636552,-0.467116296,0.770680845,-0.077088013,-0.130587757,-0.267297715,0.038183779,-0.089372829,1.125301003,-0.322955847,-0.029104019,1.096423507,0.049522035,0.256588042,0.808436394,0.172047466,-0.047901276,0.084392086,-0.124695487,0.582107246,0.279420823,-0.554863572,-0.503177226,0.175393671,0.870702088,-0.406892538,-0.338232249,-0.152957499
553,11059.992,1786878891356.431,13679174.366,0.000000000,-0.718945622,0.022082621,-0.421856314,0.749551475,-0.116967440,-0.125217363,-0.276399523,-0.125030965,-0.156409130,1.091423869,-0.251126140,-0.034347173,1.071059108,0.010851172,0.252175540,0.800071180,0.184313163,-0.091857068,0.079491697,-0.148477465,0.570522845,0.264081329,-0.541604877,-0.463859946,0.170240581,0.802611649,-0.433093131,-0.372967005,-0.171041459
554,11079.991,1786878891376.430,13679194.365,0.000000000,-0.687855899,0.047416739,-0.369843602,0.746528029,-0.190401077,-0.124557577,-0.266762108,-0.235619366,-0.266743183,1.098119140,-0.217319995,-0.006743594,1.002941608,-0.017524661,0.264228582,0.759066224,0.225401595,-0.140131995,0.052284732,-0.163567841,0.552225113,0.251797408,-0.544133306,-0.421534330,0.162735522,0.737715304,-0.453673571,-0.412433952,-0.179007918
555,11099.991,1786878891396.431,13679214.366,0.000000000,-0.641401172,0.061925385,-0.334633410,0.739096463,-0.198764831,-0.125436202,-0.240758121,-0.270553112,-0.375087202,1.141604900,-0.217721239,0.005734596,0.902068377,-0.026871365,0.270731002,0.690006971,0.297650039,-0.185378447,-0.002195252,-0.171156809,0.520990491,0.248478964,-0.528110385,-0.394988537,0.137560070,0.667582393,-0.477072924,-0.456717402,-0.181445897
556,11119.994,1786878891416.433,13679234.368,0.000000000,-0.614049673,0.049608305,-0.356191903,0.746425927,-0.075418569,-0.119531281,-0.235811412,-0.253827095,-0.346751720,1.177499175,-0.234675914,0.010510969,0.862774551,-0.030563742,0.345710516,0.559760451,0.373854101,-0.202983931,-0.049649123,-0.175665766,0.457599193,0.256143421,-0.507879913,-0.398974717,0.085773692,0.593526959,-0.495891333,-0.496319681,-0.176122949
557,11139.990,1786878891436.430,13679254.365,0.000000000,-0.622347295,0.101967685,-0.323374897,0.782389879,-0.063880287,-0.119104378,-0.249071181,-0.212242216,-0.302884430,1.189146757,-0.230592325,-0.001305823,0.848393023,-0.035316266,0.396914482,0.424020052,0.423243165,-0.188628927,-0.068935342,-0.176619157,0.385462224,0.289447397,-0.472483486,-0.394139200,0.043498646,0.529690862,-0.500872374,-0.513767838,-0.155397668
558,11159.988,1786878891456.427,13679274.362,0.000000000,-0.652621806,0.203213364,-0.253619850,0.801342607,-0.082766436,-0.124916650,-0.286212206,-0.179243743,-0.307548136,1.228196859,-0.224240392,-0.032248117,0.824959636,-0.046531454,0.408508629,0.303761125,0.448112875,-0.166230544,-0.074692123,-0.173622087,0.328776360,0.346289247,-0.411090016,-0.381593853,0.027329613,0.458562046,-0.507929981,-0.512056768,-0.127655819
559,11179.989,1786878891476.429,13679294.364,0.000000000,-0.666356444,0.323521227,-0.161998406,0.811515450,-0.124042824,-0.115568392,-0.341880471,-0.139059901,-0.332727313,1.395462275,-0.246394575,-0.069728792,0.818191171,-0.048488609,0.411939263,0.191477165,0.460539639,-0.164957747,-0.082782827,-0.163569257,0.277438700,0.405526936,-0.317621469,-0.391443163,0.025087560,0.367595106,-0.518182993,-0.506122351,-0.103943504
560,11199.991,1786878891496.430,13679314.366,0.000000000,-0.717795432,0.396095335,-0.137386754,0.862906039,-0.182634756,-0.160188138,-0.389688492,-0.074484892,-0.363414824,1.595102310,-0.283999443,-0.090823852,0.829224646,-0.064776413,0.353579909,0.090848170,0.467451304,-0.202838719,-0.077049688,-0.158886403,0.218769431,0.437608331,-0.162283659,-0.422844946,0.014265818,0.287465602,-0.530683041,-0.510008037,-0.092154115
561,11219.989,1786878891516.429,13679334.364,0.000000000,-0.787618935,0.391950160,-0.174721122,0.972262681,-0.210707247,-0.155667201,-0.388275862,-0.031207241,-0.369346887,1.646536708,-0.293072075,-0.101304270,0.842219114,-0.091578193,0.271857053,0.032001089,0.461065412,-0.248919562,-0.049004216,-0.162900284,0.165426180,0.443075269,-0.026154015,-0.455886245,0.005347824,0.258854777,-0.544836998,-0.516611576,-0.082697853
562,11239.989,1786878891536.429,13679354.364,0.000000000,-0.849887908,0.330106437,-0.219152093,1.168527842,-0.237038612,-0.120785154,-0.349805027,-0.015963273,-0.295051217,1.557319403,-0.273806691,-0.115731344,0.849495113,-0.155847505,0.193141267,-0.021788007,0.459454775,-0.299206167,0.023986561,-0.162692100,0.083284378,0.446373761,0.100755163,-0.507803082,0.010631395,0.256818444,-0.569746256,-0.524634659,-0.057954993
563,11259.988,1786878891556.428,13679374.363,0.000000000,-0.870804906,0.246914774,-0.272083461,1.303895116,-0.320616126,-0.095157340,-0.316618294,-0.045245752,-0.226701066,1.479215622,-0.388853252,-0.067093879,0.790379822,-0.198553294,0.148798659,-0.041137479,0.473812312,-0.314682871,0.134776264,-0.142404795,0.005427747,0.457725734,0.129282087,-0.590268075,0.038517997,0.259858280,-0.585174799,-0.541378081,-0.026593560
564,11279.991,1786878891576.431,13679394.366,0.000000000,-0.874075890,0.187690139,-0.366993189,1.385609865,-0.432478577,-0.072517075,-0.296142101,-0.074981488,-0.246530354,1.476582766,-0.567380965,-0.013695054,0.651904047,-0.157542169,0.116506673,-0.037103597,0.492662966,-0.302773535,0.277929008,-0.111825302,-0.044200215,0.473239005,0.081182234,-0.696338058,0.063043311,0.248127177,-0.584852517,-0.569828510,-0.015124916
565,11299.994,1786878891596.433,13679414.368,0.000000000,-0.863478363,0.163425937,-0.435952038,1.446556449,-0.504089713,-0.046461899,-0.336172909,-0.097805701,-0.251828909,1.510354280,-0.631381154,0.040771842,0.521046937,-0.086370215,0.134608448,-0.038342576,0.524691463,-0.293648928,0.425659567,-0.085690245,-0.063521221,0.483261198,-0.003504112,-0.802032888,0.070023283,0.214261323,-0.574986219,-0.597158432,-0.043082435
566,11319.991,1786878891616.430,13679434.365,0.000000000,-0.852909386,0.150824264,-0.474085659,1.474110603,-0.522726834,-0.024565678,-0.416453719,-0.106977619,-0.240040824,1.571117640,-0.631566703,0.056012470,0.400958717,-0.014671565,0.180341959,-0.031514905,0.560121238,-0.290484667,0.549355745,-0.070752874,-0.067429230,0.485886991,-0.083643720,-0.883605838,0.069864564,0.184819862,-0.560359716,-0.624732614,-0.104931608
567,11339.990,1786878891636.429,13679454.364,0.000000000,-0.860002279,0.136056557,-0.492454052,1.456459284,-0.494000047,-0.052873444,-0.517735004,-0.109772727,-0.222791657,1.617818356,-0.697370112,0.074586563,0.317825973,0.029582534,0.213266104,-0.000236041,0.580340266,-0.273840666,0.622372210,-0.069465488,-0.065099195,0.488862693,-0.124420308,-0.922359824,0.068698235,0.186273366,-0.549123287,-0.657539308,-0.178161532
568,11359.991,1786878891656.431,13679474.366,0.000000000,-0.865073025,0.143915832,-0.487614989,1.416781664,-0.451631993,-0.151672378,-0.600761890,-0.102645844,-0.185802355,1.632554889,-0.759969056,0.086976081,0.301109642,0.042383239,0.260539889,0.047156043,0.589173555,-0.234072432,0.626466691,-0.080903053,-0.064437896,0.498616457,-0.132007107,-0.910507619,0.069697134,0.217971995,-0.549266279,-0.679369271,-0.235422686
569,11379.990,1786878891676.429,13679494.364,0.000000000,-0.876694441,0.199372485,-0.448838592,1.331787944,-0.425316751,-0.292892396,-0.693667173,-0.087811761,-0.133002952,1.677814126,-0.774731934,0.074410446,0.328725576,0.012150304,0.284546256,0.098238289,0.604646027,-0.195184425,0.594512939,-0.097641841,-0.074015796,0.514627695,-0.115399450,-0.843160272,0.079630241,0.257411927,-0.568683267,-0.670996845,-0.260287404
570,11399.989,1786878891696.429,13679514.364,0.000000000,-0.903730214,0.305226803,-0.378936559,1.124328732,-0.476955444,-0.289613783,-0.726507306,-0.064152256,-0.118743964,1.859545350,-0.730355144,0.063836403,0.349672824,0.008432476,0.279823840,0.128312156,0.607887864,-0.175735936,0.563036144,-0.109447345,-0.093085125,0.520940244,-0.071238875,-0.779205203,0.089902602,0.259271801,-0.614055872,-0.627674401,-0.258296251
571,11419.988,1786878891716.428,13679534.363,0.000000000,-0.921040118,0.403342813,-0.272193521,0.934146285,-0.461787432,-0.260548145,-0.689010441,-0.017927287,-0.108334959,2.040071726,-0.707741678,0.054917626,0.391161710,0.034491498,0.233026832,0.143839598,0.579480290,-0.178566590,0.548005283,-0.141933709,-0.120363653,0.513176560,-0.004313385,-0.749629498,0.107880309,0.243308142,-0.664510190,-0.580042481,-0.243553981
572,11439.993,1786878891736.433,13679554.368,0.000000000,-0.894981742,0.428572923,-0.194264486,0.884496391,-0.360054135,-0.210244983,-0.613403678,0.027991049,-0.068586573,2.128292561,-0.700911224,0.044543281,0.461097717,0.035460725,0.178025171,0.160032600,0.539606750,-0.192386210,0.557945848,-0.202990234,-0.153461441,0.501362085,0.041670408,-0.742491484,0.143227786,0.238552213,-0.706829965,-0.542610228,-0.222784042
573,11459.993,1786878891756.433,13679574.368,0.000000000,-0.849412560,0.398052007,-0.148440868,0.889126897,-0.291405767,-0.163600251,-0.510840476,0.034416512,-0.058359474,2.098888397,-0.729078948,0.040255982,0.493921012,0.026069658,0.157113343,0.182122454,0.510335386,-0.218365163,0.592233777,-0.266312987,-0.185576767,0.496220767,0.032004423,-0.753951013,0.189799920,0.234414503,-0.727260709,-0.515225053,-0.204652876
574,11479.992,1786878891776.432,13679594.367,0.000000000,-0.832174599,0.362967014,-0.108326860,0.907104194,-0.279371589,-0.143061906,-0.454252779,0.017820943,-0.075304948,2.050377846,-0.755761325,0.035376318,0.492156565,0.010500139,0.160285652,0.196082100,0.507378995,-0.255597264,0.628296614,-0.301475644,-0.200248450,0.494070530,-0.001607372,-0.771903872,0.216234267,0.220303133,-0.724904478,-0.501563311,-0.199912041
575,11499.990,1786878891796.429,13679614.365,0.000000000,-0.835565090,0.304449260,-0.075113319,0.939734519,-0.297492653,-0.119562134,-0.434981793,-0.018050078,-0.087518036,2.030178547,-0.883606195,0.026092637,0.478145421,-0.014199676,0.196960747,0.196514130,0.518202603,-0.318686754,0.676700234,-0.332483709,-0.204494148,0.486948073,-0.064173207,-0.812008917,0.224138632,0.188702434,-0.700664401,-0.489609808,-0.209518462
576,11519.988,1786878891816.428,13679634.363,0.000000000,-0.875420749,0.250825018,-0.105271108,0.994984925,-0.300649136,-0.088585347,-0.490095288,-0.046151344,-0.108081624,2.099369764,-0.879666328,0.027391694,0.438542336,-0.007083680,0.266384453,0.182954073,0.536953747,-0.378796816,0.713385999,-0.352105767,-0.201822624,0.480132878,-0.130760521,-0.869169295,0.212724939,0.160350263,-0.652921021,-0.477253079,-0.235844091
577,11539.990,1786878891836.430,13679654.365,0.000000000,-0.967368484,0.226782724,-0.142821819,1.064086318,-0.271234304,-0.048234429,-0.574885905,-0.082727306,-0.164447889,2.155538321,-0.849675417,0.035503071,0.407263070,-0.005312252,0.287730515,0.175233588,0.567595601,-0.419116437,0.736458600,-0.365210563,-0.191201761,0.480934978,-0.148939341,-0.911161184,0.195676342,0.154759645,-0.595867395,-0.460691094,-0.270298511
578,11559.990,1786878891856.430,13679674.365,0.000000000,-1.063275933,0.214936391,-0.191112101,1.150353312,-0.243332177,-0.011178292,-0.664503217,-0.131574184,-0.202542782,2.204962969,-0.871765614,0.050823741,0.428181559,-0.036719639,0.274879992,0.188578755,0.617926300,-0.424897254,0.721516192,-0.386100918,-0.175543979,0.494634897,-0.121821783,-0.928988218,0.187155649,0.173744217,-0.549135983,-0.442026019,-0.296433032
579,11579.993,1786878891876.433,13679694.367,0.000000000,-1.134507298,0.211556181,-0.252512127,1.254131675,-0.220198721,0.007584139,-0.717743397,-0.178383932,-0.237367034,2.225897312,-0.892817140,0.047496457,0.473217934,-0.079340383,0.249528289,0.217798039,0.679769754,-0.404889792,0.694236636,-0.405194640,-0.163006052,0.524875224,-0.077714354,-0.919411778,0.194213808,0.208729982,-0.517230153,-0.422403336,-0.296861708
580,11599.989,1786878891896.428,13679714.363,0.000000000,-1.172841311,0.203012809,-0.314062595,1.333671570,-0.194328263,0.009042509,-0.731703222,-0.218600467,-0.280035287,2.207502365,-0.871447146,0.023036659,0.514621258,-0.121287443,0.215873614,0.243057609,0.740268111,-0.372761756,0.688326478,-0.420632780,-0.149924248,0.563400090,-0.032152910,-0.886536598,0.205362633,0.251005411,-0.500883102,-0.408291578,-0.274471760
581,11619.990,1786878891916.429,13679734.364,0.000000000,-1.189254522,0.188095689,-0.354779661,1.359025121,-0.168067411,0.007398822,-0.731657505,-0.250643253,-0.325516701,2.159723759,-0.810980558,0.008350848,0.552251875,-0.167521685,0.177135006,0.250759035,0.798920453,-0.337454915,0.698521078,-0.436540514,-0.131859541,0.599357903,0.019418042,-0.845774889,0.203545839,0.296665609,-0.494109780,-0.405627638,-0.243173629
582,11639.994,1786878891936.434,13679754.369,0.000000000,-1.189854980,0.177800193,-0.362663925,1.351946592,-0.142346039,0.002838160,-0.743443012,-0.273643553,-0.345614254,2.105399132,-0.731303394,0.020595351,0.619641244,-0.220372319,0.159424484,0.247617245,0.849498332,-0.329623759,0.595619798,-0.430724084,-0.191885158,0.602820933,0.079892501,-0.826805770,0.182136387,0.344607592,-0.485653192,-0.410838813,-0.212199315
583,11659.991,1786878891956.430,13679774.365,0.000000000,-1.166548014,0.201182976,-0.347414732,1.328353643,-0.104963787,-0.037796650,-0.766179681,-0.281060189,-0.333213925,2.142265081,-0.606360078,0.036632963,0.735383868,-0.254263729,0.192680970,0.199481457,0.869525075,-0.353926688,0.476724327,-0.379183501,-0.286441773,0.584774077,0.128130600,-0.851822317,0.147837400,0.410240203,-0.470583439,-0.425085604,-0.179997176
584,11679.995,1786878891976.435,13679794.370,0.000000000,-1.161812544,0.265014946,-0.323464036,1.280427814,-0.077855766,-0.088422842,-0.764337420,-0.260415435,-0.351990581,2.292361021,-0.458643287,0.045624990,0.839019954,-0.276586860,0.208592117,0.131600335,0.860429943,-0.390432566,0.454349875,-0.321603179,-0.468407452,0.519412041,0.147983894,-0.881628096,0.123767979,0.512923419,-0.462171882,-0.432755530,-0.151236013
585,11699.990,1786878891996.430,13679814.365,0.000000000,-1.164461493,0.324842393,-0.299848676,1.236021876,-0.073084220,-0.117016345,-0.740438700,-0.234922022,-0.381790578,2.417711258,-0.337737560,0.049032558,0.929776669,-0.320849180,0.219984487,0.042703968,0.835310817,-0.436796844,0.449215382,-0.295876890,-0.605935693,0.452900410,0.149680451,-0.889271319,0.099366076,0.629545212,-0.452787101,-0.422481954,-0.131321698
586,11719.991,1786878892016.431,13679834.366,0.000000000,-1.168701410,0.352609724,-0.300828338,1.214130044,-0.094553873,-0.121422417,-0.714221418,-0.221969008,-0.399451226,2.440467596,-0.238067940,0.049646791,0.984038532,-0.337502450,0.219429985,-0.076811925,0.711717486,-0.480734915,0.469582468,-0.320146590,-0.515827715,0.444455296,0.126981661,-0.906016529,0.065085307,0.714626610,-0.436937660,-0.412807971,-0.124791935
587,11739.989,1786878892036.429,13679854.364,0.000000000,-1.170657277,0.369909167,-0.307045668,1.211515665,-0.145952046,-0.118738845,-0.682385027,-0.221818969,-0.427016467,2.394803762,-0.255461067,0.028429793,0.987408578,-0.360952467,0.236904770,-0.172202662,0.555367410,-0.443216830,0.644057274,-0.311598152,-0.452275425,0.440157354,0.038300075,-0.919787228,0.049986821,0.788385153,-0.418632209,-0.409058899,-0.133924991
588,11759.991,1786878892056.431,13679874.366,0.000000000,-1.170619726,0.378425926,-0.318398595,1.225393057,-0.201835603,-0.114185654,-0.654185832,-0.227699205,-0.450692028,2.347053766,-0.347930431,0.000169183,0.950806975,-0.360835493,0.260927975,-0.232546911,0.469381899,-0.403083622,0.795686781,-0.283197790,-0.406894088,0.443005472,-0.053615954,-0.937687099,0.048585150,0.825341880,-0.407495707,-0.409322202,-0.147405446
589,11779.990,1786878892076.429,13679894.365,0.000000000,-1.179145932,0.403082043,-0.320848018,1.247434735,-0.283095032,-0.110472590,-0.627551496,-0.235354841,-0.487990588,2.268168926,-0.382045031,-0.026486456,0.891647100,-0.345915079,0.298278660,-0.314001679,0.379373163,-0.367130011,0.935770333,-0.200057551,-0.361284852,0.425010204,-0.163123295,-0.967811942,0.042124089,0.846902192,-0.388657212,-0.417456686,-0.172885641
590,11799.989,1786878892096.429,13679914.364,0.000000000,0.000000000,0.000000000,0.000000000,0.000000000,0.000000000,0.000000000,0.000000000,0.000000000,0.000000000,0.000000000,0.000000000,0.000000000,0.000000000,0.000000000,0.000000000,0.000000000,0.000000000,0.000000000,0.000000000,0.000000000,0.000000000,0.000000000,0.000000000,0.000000000,0.000000000,0.000000000,0.000000000,0.000000000,0.000000000
591,11819.989,1786878892116.428,13679934.364,0.000000000,-0.183878601,0.064375326,0.087137051,0.364271969,-0.177688792,-0.053423319,-0.266587019,0.024051093,-0.005166426,0.388043404,-0.065385878,-0.025730807,0.291028798,-0.007929997,-0.054259919,-0.129840165,0.064030357,-0.163787052,0.166226849,-0.029922307,-0.025656760,0.064087734,0.047402877,-0.083015881,-0.038989257,0.042190559,-0.017245011,-0.142661825,-0.076684617
592,11839.989,1786878892136.429,13679954.364,0.000000000,-0.259550542,0.129296929,0.145767495,0.678011894,-0.250972122,-0.083030634,-0.417196512,0.127531350,0.206063852,0.553012908,-0.059139125,-0.064174347,0.829445422,-0.080493085,0.021457456,-0.346660346,0.088657588,-0.383678377,0.384757340,-0.050694540,-0.012114057,0.112594686,0.115664393,-0.237434953,-0.116525657,0.154286638,-0.017930042,-0.318137258,-0.148996711
593,11859.990,1786878892156.430,13679974.365,0.000000000,-0.446263731,0.073336422,0.033408672,0.839972258,-0.284767687,-0.102288239,-0.486090630,0.147344917,0.528001904,0.394337267,-0.025915481,-0.115117259,1.145160079,-0.276563585,0.135763258,-0.436890364,0.137865916,-0.481341958,0.452088147,-0.044316079,0.018727733,0.158310130,0.094626002,-0.367523968,-0.102569833,0.378589034,-0.065934159,-0.409475535,-0.155885473
594,11879.994,1786878892176.434,13679994.368,0.000000000,-0.515909255,0.077561930,-0.188707381,0.862443268,-0.291657507,-0.143601730,-0.528824627,0.186110198,0.498978019,0.515091658,-0.085201927,-0.077158965,1.206835270,-0.282987952,0.241436914,-0.392226368,0.200294569,-0.402840108,0.416353911,-0.002142916,0.029253712,0.214192063,-0.085829206,-0.505369246,0.009715627,0.614098012,-0.134371713,-0.423643619,-0.124618113
595,11899.992,1786878892196.432,13680014.367,0.000000000,-0.535452545,0.142292216,-0.390190125,0.845363379,-0.304133147,-0.146631911,-0.530236185,0.227094069,0.177965134,0.873418152,-0.218123019,-0.078063913,1.023910642,-0.120638415,0.253378391,-0.253195941,0.269327283,-0.276336759,0.354088485,0.043490387,0.046307206,0.263444752,-0.317475826,-0.604097545,0.163530469,0.761904716,-0.188038915,-0.395326614,-0.093424030
596,11919.993,1786878892216.433,13680034.368,0.000000000,-0.689202905,0.168681785,-0.401497155,0.781129122,-0.360410005,-0.131227225,-0.489979953,0.221214458,-0.004015076,0.974877834,-0.245668262,-0.010925381,0.797747910,-0.061033260,0.248273253,-0.130771354,0.392389923,-0.231169805,0.346662194,0.046391349,0.052662659,0.284779847,-0.441138983,-0.624414623,0.263011575,0.791669130,-0.210724697,-0.373534530,-0.098828323
597,11939.990,1786878892236.430,13680054.365,0.000000000,-0.765001476,0.161199436,-0.256846547,0.693765998,-0.479745656,-0.148272693,-0.478676826,0.207727343,0.009101540,0.992334902,-0.240874171,0.013897366,0.782032549,-0.117583439,0.262909204,-0.072434284,0.500692546,-0.235313714,0.401693851,0.033484105,0.075535208,0.279574901,-0.431205690,-0.636254907,0.290292770,0.768878937,-0.187596798,-0.376448333,-0.121869676
598,11959.993,1786878892256.433,13680074.368,0.000000000,-0.791184306,0.128741160,-0.256625324,0.759023905,-0.489109069,-0.151066944,-0.459759772,0.186589003,-0.054721199,1.070857763,-0.376737833,-0.012348521,0.812635183,-0.127299368,0.241301432,-0.007766223,0.557270706,-0.252422214,0.438376009,0.016450241,0.128953800,0.282784343,-0.380922824,-0.647786677,0.289511710,0.754025698,-0.169877484,-0.383901298,-0.134796157
599,11979.988,1786878892276.428,13680094.363,0.000000000,-0.791684866,0.071161121,-0.332201838,0.890948057,-0.435410410,-0.149092078,-0.413119256,0.168610424,-0.131789789,1.133593440,-0.505665362,-0.063088655,0.779066503,-0.118093349,0.218129143,0.095867313,0.605585635,-0.265476465,0.409452409,0.011595642,0.199244037,0.303348154,-0.357778877,-0.627741933,0.276410669,0.744643629,-0.208138317,-0.380915761,-0.136770174
600,11999.989,1786878892296.429,13680114.364,0.000000000,-0.781752408,0.034922026,-0.382620454,0.958989620,-0.416087329,-0.150017515,-0.382043988,0.182187155,-0.142062441,1.164089561,-0.595451057,-0.092746302,0.714954317,-0.118210129,0.207842991,0.183784813,0.629644692,-0.265259624,0.355614305,0.018695761,0.266506165,0.318705320,-0.352388620,-0.601836741,0.261710614,0.717252374,-0.266797721,-0.374437630,-0.129907519
601,12019.990,1786878892316.430,13680134.365,0.000000000,-0.786055326,0.009601763,-0.420150697,1.023556709,-0.361278147,-0.203570306,-0.352114469,0.226036087,-0.106745414,1.188784361,-0.697023332,-0.129120409,0.627227426,-0.116465718,0.217778102,0.268804222,0.618985653,-0.253180057,0.275306791,0.029815467,0.366694629,0.327066571,-0.341765672,-0.578870177,0.235982791,0.643006563,-0.358101785,-0.368166596,-0.111360677
602,12039.990,1786878892336.430,13680154.365,0.000000000,-0.773288667,0.034188673,-0.415632665,1.082618117,-0.304021657,-0.213934332,-0.329359770,0.255005747,-0.088581905,1.240933418,-0.717807233,-0.130214959,0.589030266,-0.088242076,0.255728304,0.300622195,0.563734353,-0.244670093,0.211585924,0.025614303,0.451783746,0.328549057,-0.318132162,-0.570852578,0.205370188,0.545310020,-0.441504300,-0.366949081,-0.089412056
603,12059.989,1786878892356.428,13680174.363,0.000000000,-0.748694360,0.081306003,-0.401776314,1.108310461,-0.260910660,-0.223495603,-0.311355084,0.286263704,-0.063620582,1.269771218,-0.707859933,-0.128425553,0.564613342,-0.060924590,0.284771770,0.306042224,0.499338567,-0.247081563,0.154326871,0.007803199,0.514434993,0.338613451,-0.282884449,-0.552436352,0.187383980,0.449660659,-0.496315420,-0.363618106,-0.060175505
604,12079.989,1786878892376.429,13680194.364,0.000000000,-0.745705724,0.127323285,-0.396333039,1.107820868,-0.237379685,-0.227155522,-0.311336488,0.313464403,-0.054677982,1.264155269,-0.684362054,-0.138965204,0.508090794,-0.043729287,0.281685442,0.305780232,0.446698219,-0.259443849,0.096745454,-0.016064368,0.544956803,0.361640900,-0.236088559,-0.523726761,0.192279786,0.356196195,-0.537132919,-0.353876263,-0.024275439
605,12099.992,1786878892396.431,13680214.366,0.000000000,-0.768590212,0.177530572,-0.358693242,1.098499656,-0.263568819,-0.221066609,-0.343607396,0.305149555,-0.061741583,1.280403495,-0.670219898,-0.158165708,0.440897644,-0.049100269,0.259253442,0.295135528,0.408843756,-0.267123848,0.066251822,-0.050975204,0.507769585,0.387991637,-0.183069795,-0.500322223,0.212844342,0.262078524,-0.571202755,-0.340470314,0.014075249
606,12119.991,1786878892416.431,13680234.366,0.000000000,-0.776903391,0.249073833,-0.279395163,1.089593410,-0.312273711,-0.213510156,-0.375430375,0.255835742,-0.091784820,1.356955528,-0.669009268,-0.156361490,0.394069105,-0.048947502,0.246126175,0.277620733,0.408069074,-0.276529193,0.095981501,-0.031832047,0.421770036,0.411309719,-0.129456103,-0.501054168,0.227724597,0.163943872,-0.603641868,-0.332828104,0.046895131
607,12139.991,1786878892436.431,13680254.366,0.000000000,-0.775139570,0.299808323,-0.213341892,1.080507278,-0.342101336,-0.192132786,-0.381532282,0.197858214,-0.128090590,1.443898678,-0.674127996,-0.144762635,0.343849897,-0.026366577,0.234287918,0.268225342,0.426444024,-0.272229970,0.159375280,-0.037684914,0.305217415,0.429917127,-0.065856390,-0.525477886,0.217110753,0.058714215,-0.641804993,-0.327493697,0.066358842
608,12159.990,1786878892456.430,13680274.365,0.000000000,-0.780393720,0.310072422,-0.165426239,1.069115400,-0.356601954,-0.167144403,-0.374835610,0.138076529,-0.139767230,1.460618258,-0.705850840,-0.147475615,0.297112226,-0.005816510,0.212178349,0.261711359,0.430764437,-0.260907084,0.203961730,-0.052961498,0.173960000,0.441071630,-0.001241318,-0.554975033,0.182255968,-0.039582834,-0.688817203,-0.315833300,0.074323677
609,12179.993,1786878892476.433,13680294.368,0.000000000,-0.779196799,0.296533048,-0.119609430,1.065192938,-0.380657971,-0.152579099,-0.371628165,0.074508518,-0.128934979,1.434503675,-0.730598569,-0.149367899,0.267077893,0.005251135,0.200182095,0.257671326,0.428913713,-0.251451075,0.219978556,-0.052959912,0.047765497,0.459072709,0.030097203,-0.578227818,0.143711597,-0.116385549,-0.731821179,-0.301237881,0.076669261
610,12199.989,1786878892496.429,13680314.364,0.000000000,-0.775856495,0.275914907,-0.080518842,1.069675088,-0.395583212,-0.144292653,-0.375374019,0.010759187,-0.120472483,1.388435125,-0.738404095,-0.146363169,0.245426208,0.017887197,0.205027983,0.252884597,0.425147384,-0.246356487,0.220625237,-0.051120527,-0.078805290,0.483039707,0.019227171,-0.592874885,0.114779145,-0.169071048,-0.768920720,-0.290075034,0.071457848
611,12219.989,1786878892516.429,13680334.364,0.000000000,-0.776885152,0.255653560,-0.055243500,1.077474833,-0.386025816,-0.132054508,-0.404667139,-0.034633517,-0.099515587,1.398049116,-0.751575768,-0.104269244,0.216209322,0.037110258,0.226852238,0.245051190,0.424145907,-0.242775396,0.219126463,-0.048914094,-0.204293281,0.507777214,-0.023470821,-0.597863853,0.103688739,-0.198881865,-0.802328289,-0.285959154,0.055672523
612,12239.992,1786878892536.432,13680354.367,0.000000000,-0.791319788,0.244929582,-0.055996411,1.082952142,-0.367616802,-0.122153409,-0.440763295,-0.048206139,-0.088613600,1.435961366,-0.764946342,-0.080540605,0.182412654,0.062348451,0.237077132,0.236670777,0.424166083,-0.242738068,0.227358699,-0.044338893,-0.290869862,0.523704708,-0.052844353,-0.593999743,0.104981184,-0.206552267,-0.824477792,-0.287778348,0.037715945
613,12259.989,1786878892556.429,13680374.364,0.000000000,-0.818661153,0.239927411,-0.055352956,1.078618646,-0.338809460,-0.120714195,-0.496189892,-0.055891674,-0.075800210,1.479320407,-0.801898956,-0.056325775,0.147927403,0.085874572,0.230905294,0.223383680,0.425725520,-0.242930189,0.253169298,-0.033929709,-0.387121320,0.544266641,-0.070109785,-0.575407803,0.115401626,-0.199944869,-0.849497080,-0.294470042,0.011960985
614,12279.991,1786878892576.430,13680394.365,0.000000000,-0.835328281,0.243253693,-0.046114001,1.061619878,-0.309744477,-0.118635215,-0.541928291,-0.059668113,-0.063027978,1.509193897,-0.850158155,-0.040273283,0.128537729,0.094232254,0.224811435,0.206975594,0.428955704,-0.242048144,0.286245674,-0.021162683,-0.455953658,0.568363190,-0.070855193,-0.548797369,0.132148147,-0.177536368,-0.869274437,-0.306300372,-0.008808913
615,12299.990,1786878892596.430,13680414.365,0.000000000,-0.837485790,0.248563096,-0.033423241,1.034221053,-0.287327111,-0.118779995,-0.573440075,-0.066180974,-0.055081140,1.522852540,-0.876300454,-0.030802939,0.117367223,0.089577481,0.229603961,0.191733912,0.434102982,-0.239587039,0.314795256,-0.008215039,-0.499734133,0.595933199,-0.066812739,-0.521736085,0.152560458,-0.146786794,-0.883397162,-0.321084946,-0.017753471
616,12319.989,1786878892616.428,13680434.363,0.000000000,-0.835147560,0.249479979,-0.024317723,1.001697540,-0.272125661,-0.119180478,-0.598746777,-0.073635139,-0.052560844,1.525911450,-0.877962947,-0.028025942,0.107435435,0.074081242,0.240381226,0.184432238,0.442793310,-0.237836093,0.327485025,0.001825775,-0.523606896,0.626086771,-0.064536236,-0.496862590,0.175882354,-0.116769001,-0.893496156,-0.334867954,-0.015450235
617,12339.989,1786878892636.428,13680454.363,0.000000000,-0.835523129,0.247735992,-0.022990905,0.970259607,-0.260766208,-0.120647103,-0.620851219,-0.076733112,-0.055864029,1.524740219,-0.876716375,-0.029492412,0.097470954,0.055113439,0.250957668,0.185391366,0.452583253,-0.238038555,0.327346563,0.010136806,-0.536787033,0.654397964,-0.063814633,-0.475319088,0.198798016,-0.095572300,-0.901943982,-0.345370263,-0.004931583
618,12359.987,1786878892656.427,13680474.362,0.000000000,-0.839898169,0.247436166,-0.027021397,0.944044292,-0.254274100,-0.125862420,-0.639909446,-0.075004429,-0.064314984,1.521545768,-0.875771940,-0.033139359,0.090151340,0.038190443,0.258919775,0.190904662,0.460071564,-0.241544947,0.321624935,0.016566804,-0.543698072,0.678965509,-0.062865347,-0.458576858,0.218595922,-0.085010856,-0.907057106,-0.353057891,0.007898418
619,12379.989,1786878892676.428,13680494.363,0.000000000,-0.844791412,0.249469966,-0.033514064,0.921116769,-0.249920741,-0.129060611,-0.654803038,-0.070029579,-0.075428545,1.518459320,-0.875251710,-0.037533939,0.087704636,0.024609704,0.265014619,0.197668150,0.465649456,-0.251460999,0.313527763,0.020444980,-0.545360088,0.700497925,-0.062034559,-0.446037799,0.234102115,-0.082726605,-0.909144342,-0.358705252,0.019459872
620,12399.988,1786878892696.428,13680514.363,0.000000000,-0.847651958,0.254500031,-0.036635380,0.902689159,-0.244270191,-0.128803015,-0.664272189,-0.064338438,-0.086053103,1.518523097,-0.875102639,-0.042008761,0.089777030,0.012378399,0.271330416,0.204627544,0.469930589,-0.266519815,0.306261152,0.021873822,-0.545524657,0.719067991,-0.062400825,-0.434706599,0.245428577,-0.083340198,-0.909312010,-0.363672316,0.028099705
621,12419.988,1786878892716.428,13680534.363,0.000000000,-0.851786315,0.266025126,-0.028131204,0.892881572,-0.239300340,-0.127551034,-0.672968507,-0.056908198,-0.090458691,1.529031396,-0.875821769,-0.039007235,0.096759520,-0.001478639,0.275064588,0.212104544,0.474347353,-0.284811944,0.301341802,0.022882124,-0.545582414,0.735667706,-0.062844992,-0.422194809,0.253830552,-0.086500876,-0.907434404,-0.366228968,0.037278179
622,12439.989,1786878892736.429,13680554.364,0.000000000,-0.855190158,0.289240122,0.001581104,0.894651473,-0.233489692,-0.108720303,-0.678082168,-0.046009071,-0.082831025,1.612973690,-0.867941260,-0.035131194,0.107068777,-0.017253852,0.278854936,0.218617871,0.480096936,-0.303735912,0.301662236,0.024603359,-0.546786785,0.746983111,-0.061911289,-0.410217375,0.260102451,-0.094405487,-0.899099290,-0.366931647,0.046818692
623,12459.991,1786878892756.430,13680574.365,0.000000000,-0.867615521,0.312678576,0.028037541,0.910008669,-0.216717526,-0.106400870,-0.652568877,-0.034394845,-0.071122579,1.728683949,-0.860854566,-0.049077161,0.112743750,-0.020934155,0.278361917,0.218518242,0.478120714,-0.324431300,0.318447709,0.026179997,-0.547292948,0.750183284,-0.054688565,-0.404461920,0.262134999,-0.105210222,-0.885551095,-0.367143303,0.052534759
624,12479.990,1786878892776.430,13680594.365,0.000000000,-0.890555024,0.326673210,0.051386464,0.936631501,-0.213786781,-0.123175614,-0.611152411,-0.029609315,-0.046581741,1.766424537,-0.879071534,-0.069707379,0.126141071,-0.024434049,0.269776940,0.212747797,0.467677146,-0.342969507,0.347394913,0.026372671,-0.543836176,0.749998689,-0.044584379,-0.403858721,0.260645747,-0.115535349,-0.869909465,-0.367139786,0.055461396
625,12499.989,1786878892796.429,13680614.364,0.000000000,-0.935521841,0.329149365,0.064784326,0.984230101,-0.232702330,-0.147726297,-0.590893507,-0.033990104,-0.012946839,1.661425591,-0.887754560,-0.092470214,0.148040920,-0.035525125,0.252328455,0.210056305,0.455705553,-0.356357038,0.372051924,0.021996902,-0.535241783,0.753298640,-0.046932723,-0.407572031,0.259581238,-0.123201191,-0.849805474,-0.369902939,0.059918389
626,12519.989,1786878892816.429,13680634.364,0.000000000,-0.959690630,0.308594853,0.043808721,1.046097040,-0.241602406,-0.156161532,-0.608009815,-0.052461162,-0.001271941,1.669060469,-0.859145224,-0.071752436,0.151809812,-0.044219516,0.261783600,0.209546670,0.450587511,-0.363077879,0.383557379,0.013278266,-0.529172897,0.758780658,-0.066388004,-0.413671285,0.259492874,-0.127922744,-0.834853053,-0.374789000,0.064038120
627,12539.993,1786878892836.433,13680654.368,0.000000000,-0.998575270,0.282900631,-0.026360966,1.117506981,-0.264212459,-0.153148279,-0.622813880,-0.048636582,-0.033594426,1.722182393,-0.847743630,-0.038773116,0.123741023,-0.007350943,0.284320593,0.210185543,0.436343998,-0.372195482,0.412674159,0.003235184,-0.517908573,0.762819707,-0.094518378,-0.424580067,0.259038538,-0.126010075,-0.823963940,-0.381743103,0.069272131
628,12559.991,1786878892856.431,13680674.366,0.000000000,-1.044531345,0.257517904,-0.094900846,1.179570436,-0.309787720,-0.144540563,-0.652809739,-0.019900478,-0.053279970,1.765375853,-0.855545878,-0.017618330,0.109333761,0.022627590,0.295922101,0.215728506,0.429405361,-0.373737961,0.444944918,0.002302190,-0.498569369,0.763010442,-0.109060906,-0.424177319,0.258790106,-0.118983351,-0.824511290,-0.384278208,0.078203171
629,12579.990,1786878892876.429,13680694.364,0.000000000,-1.064962387,0.232441038,-0.152634859,1.288410425,-0.334276199,-0.137349606,-0.702944934,0.007034796,-0.034251776,1.806575298,-0.875004530,-0.003554053,0.129763186,0.011070165,0.294801652,0.229209900,0.435587496,-0.365759552,0.464701980,0.000684635,-0.471418738,0.764057219,-0.106781818,-0.412017882,0.261091769,-0.111424007,-0.832913399,-0.384373307,0.093451656
630,12599.989,1786878892896.429,13680714.364,0.000000000,-1.074257612,0.196457297,-0.206100404,1.396123886,-0.356927902,-0.124733448,-0.747446001,0.017316870,-0.025881626,1.823178768,-0.859046757,0.008049208,0.142933682,-0.006366950,0.285646737,0.244992241,0.444954455,-0.354425192,0.480250567,-0.003180741,-0.444321185,0.769713819,-0.095449291,-0.399231732,0.263942808,-0.105620712,-0.850780129,-0.385999560,0.115718402
631,12619.992,1786878892916.432,13680734.367,0.000000000,-1.082984567,0.160574064,-0.261910290,1.469130516,-0.390655726,-0.142798141,-0.770603955,0.017663240,-0.048411183,1.810549617,-0.814207435,0.017594088,0.136138484,-0.003032965,0.281339526,0.257784009,0.453363478,-0.342929035,0.491859674,-0.006351950,-0.419452429,0.779875994,-0.083837390,-0.393626958,0.262734443,-0.101905167,-0.874593318,-0.391287118,0.143131897
632,12639.990,1786878892936.430,13680754.365,0.000000000,-1.089713812,0.143094882,-0.302552462,1.507048130,-0.433925539,-0.168381765,-0.794256330,0.024692990,-0.067880504,1.797812700,-0.796849072,0.028222930,0.140247598,0.002522305,0.276663035,0.267503232,0.465264469,-0.330931336,0.488889575,-0.015059571,-0.394727707,0.790190279,-0.072964311,-0.394838512,0.257882506,-0.101779498,-0.891578794,-0.396443397,0.172539249
633,12659.989,1786878892956.429,13680774.364,0.000000000,-1.083017468,0.169245169,-0.302326590,1.497951269,-0.432973474,-0.197863579,-0.823500693,0.042238604,-0.059098192,1.846138835,-0.783095777,0.025034690,0.182750702,-0.012675807,0.279384702,0.264483094,0.482653886,-0.318836570,0.475788027,-0.032468680,-0.371807754,0.793317378,-0.062545918,-0.400373250,0.249437168,-0.108127870,-0.890541494,-0.398550391,0.194425404
634,12679.992,1786878892976.432,13680794.367,0.000000000,-1.066999435,0.242147222,-0.258714646,1.451224685,-0.343392015,-0.184067070,-0.803703368,0.045534808,-0.064584479,1.985131264,-0.770628810,0.015831009,0.244978696,-0.031051746,0.292541802,0.227994606,0.489844322,-0.310128301,0.496121079,-0.046905305,-0.359190971,0.770650625,-0.036300868,-0.407790929,0.233607262,-0.122038871,-0.877337754,-0.392623365,0.191242367
635,12699.992,1786878892996.431,13680814.366,0.000000000,-1.068306088,0.329985380,-0.208797157,1.385691166,-0.265283376,-0.117720343,-0.728965402,0.049993835,-0.086638734,2.082650185,-0.808904588,0.012927708,0.294717401,-0.028982427,0.286926061,0.178487256,0.473401397,-0.304544657,0.550400555,-0.057054598,-0.349685580,0.731520832,-0.000667893,-0.420017034,0.222480938,-0.131389767,-0.858669400,-0.382219344,0.166619658
636,12719.990,1786878893016.430,13680834.365,0.000000000,-1.081842780,0.379713267,-0.159875333,1.323962688,-0.238879904,-0.098312117,-0.635960340,0.047882196,-0.099058300,2.081084251,-0.870951951,0.005661633,0.318928301,-0.030955750,0.267368674,0.137131408,0.446399122,-0.305370718,0.604674637,-0.070951380,-0.336140215,0.692738473,0.025115594,-0.437819779,0.219316334,-0.133436412,-0.835840285,-0.374301016,0.133388028
637,12739.989,1786878893036.429,13680854.364,0.000000000,-1.097288847,0.378303140,-0.114946447,1.280163884,-0.250348687,-0.113317832,-0.563549280,0.030006072,-0.109606318,1.995369792,-0.897390485,-0.003680944,0.320352286,-0.038811408,0.254768342,0.110087641,0.418798149,-0.314692408,0.640045643,-0.088387705,-0.327102721,0.665175796,0.022683071,-0.470476568,0.219218343,-0.135676757,-0.805692196,-0.372170001,0.102080859
638,12759.991,1786878893056.431,13680874.366,0.000000000,-1.113237143,0.366127074,-0.091903172,1.265399933,-0.275022030,-0.126178682,-0.542883098,0.020056479,-0.112369180,1.922099352,-0.902235746,-0.009504647,0.313846201,-0.036955364,0.254918694,0.101234473,0.399355114,-0.325160384,0.652970672,-0.101107083,-0.326464623,0.652209759,-0.006300191,-0.507598996,0.222349629,-0.139653355,-0.778102517,-0.372118771,0.081982858
639,12779.991,1786878893076.430,13680894.365,0.000000000,-1.120777965,0.339439750,-0.107875556,1.263569474,-0.299642295,-0.131934568,-0.559569299,0.018045254,-0.117074452,1.909635425,-0.915287912,-0.004045825,0.279022306,0.006142051,0.290675253,0.095529944,0.371101886,-0.337983817,0.659605324,-0.113686949,-0.330074519,0.639584303,-0.081624493,-0.563808858,0.226807415,-0.142691955,-0.743909299,-0.372271776,0.058714654
640,12799.989,1786878893096.428,13680914.363,0.000000000,-1.143970609,0.312835157,-0.144346818,1.252335668,-0.311213285,-0.121206142,-0.597453952,0.028069815,-0.145155817,1.915881872,-0.894468427,0.006454501,0.228433296,0.064029530,0.313871831,0.101297289,0.351376861,-0.347736746,0.664292574,-0.120853558,-0.336240739,0.625783682,-0.143183887,-0.596151471,0.227723002,-0.136581346,-0.722772002,-0.371501654,0.036759742
641,12819.988,1786878893116.428,13680934.363,0.000000000,-1.169180512,0.288164616,-0.184830651,1.257100821,-0.313670307,-0.100177333,-0.658855259,0.042407021,-0.151656330,1.918438315,-0.877442360,0.021998633,0.205612317,0.083594911,0.301736981,0.118107267,0.346268356,-0.344434649,0.676101089,-0.127017394,-0.341343731,0.614356816,-0.166987732,-0.591789246,0.228423476,-0.115068316,-0.716494441,-0.370775014,0.020396786
642,12839.991,1786878893136.431,13680954.366,0.000000000,-1.177073002,0.257843763,-0.220499605,1.290009260,-0.307315707,-0.079072468,-0.714040041,0.049301315,-0.135929048,1.915693164,-0.873214424,0.039649013,0.203141868,0.060028329,0.280280054,0.139897630,0.356272995,-0.326209933,0.693939686,-0.137011051,-0.344045252,0.614126086,-0.165930003,-0.565490305,0.233367652,-0.085330300,-0.723291337,-0.371846825,0.016060755
643,12859.990,1786878893156.429,13680974.365,0.000000000,-1.166273355,0.211355299,-0.264482170,1.336913466,-0.310454518,-0.066310920,-0.752002776,0.041547719,-0.124566153,1.897291660,-0.861895978,0.055464152,0.193174765,0.017996317,0.256975353,0.161306456,0.376964003,-0.302084208,0.722005725,-0.147868291,-0.342296213,0.628916144,-0.156122267,-0.535909295,0.241880417,-0.054756977,-0.744042993,-0.379380673,0.026153199
644,12879.987,1786878893176.427,13680994.362,0.000000000,-1.157066584,0.157924563,-0.312435895,1.398112059,-0.332050920,-0.079724841,-0.772362113,0.028815929,-0.130478933,1.866664052,-0.848481596,0.068624772,0.173024073,-0.011683861,0.240493193,0.181895196,0.401024938,-0.278385252,0.739894271,-0.154609516,-0.328492403,0.657181084,-0.150470287,-0.521476686,0.245736599,-0.034339394,-0.769026756,-0.396384031,0.050703164
645,12899.989,1786878893196.429,13681014.364,0.000000000,-1.137445331,0.141449869,-0.331762910,1.457969666,-0.363432348,-0.106067978,-0.794110358,0.033243425,-0.120031230,1.908667088,-0.818184853,0.082935147,0.185168490,-0.034917749,0.238314241,0.195325151,0.429154187,-0.263418972,0.733837545,-0.162160546,-0.305264711,0.687255085,-0.148819357,-0.530375540,0.241166100,-0.031210752,-0.778410673,-0.416039079,0.075948551
646,12919.988,1786878893216.427,13681034.362,0.000000000,-1.105210423,0.219598219,-0.297296137,1.429944277,-0.342574328,-0.104200818,-0.780382276,0.070667833,-0.108441636,2.082367659,-0.772448003,0.071180873,0.263698459,-0.040944699,0.262763351,0.174858108,0.455866814,-0.267266423,0.721660554,-0.171523303,-0.277227938,0.696106076,-0.132802308,-0.563834012,0.221293122,-0.047002234,-0.762281775,-0.424406379,0.077215120
647,12939.989,1786878893236.428,13681054.363,0.000000000,-1.096505404,0.346483141,-0.211459428,1.301701427,-0.386173993,-0.080570817,-0.721342981,0.106909052,-0.140723452,2.195740223,-0.783824980,0.042546298,0.356576920,-0.033588283,0.264575362,0.133199275,0.466278404,-0.279037535,0.721570253,-0.178143561,-0.251940340,0.683447599,-0.090321392,-0.593261838,0.196976915,-0.062492929,-0.740637004,-0.418720841,0.048923969
648,12959.995,1786878893256.435,13681074.370,0.000000000,-1.085315228,0.440390468,-0.067793682,1.087309361,-0.527732253,-0.168956518,-0.647361755,0.135336727,-0.193212897,2.217876911,-0.810027301,0.009933536,0.423199445,-0.022695025,0.229697183,0.095536143,0.457068384,-0.302951485,0.726778030,-0.192345843,-0.234122217,0.661674738,-0.034976684,-0.620763481,0.179714382,-0.072150700,-0.716492116,-0.411318600,0.000941573
649,12979.993,1786878893276.433,13681094.367,0.000000000,-1.079978347,0.441959918,0.004199704,1.025341630,-0.454908371,-0.162818596,-0.582356691,0.158068210,-0.211228937,2.184237003,-0.796018779,-0.020928992,0.492008448,-0.009162710,0.187963367,0.060043085,0.431688815,-0.347414941,0.742417634,-0.232841551,-0.228089750,0.639006317,0.016375978,-0.666654229,0.158162341,-0.074731886,-0.680435777,-0.416775852,-0.051596176
650,12999.991,1786878893296.430,13681114.365,0.000000000,-1.065758705,0.384829760,-0.036891114,1.086852789,-0.356458098,-0.133304343,-0.532780945,0.149010852,-0.189248994,2.108694077,-0.814686775,-0.035211541,0.552215576,-0.022907348,0.190764189,0.033422302,0.419387043,-0.386998802,0.771804750,-0.275730371,-0.232045233,0.628420532,0.002930145,-0.713776112,0.154901326,-0.052629761,-0.640242577,-0.431447327,-0.091098800
651,13019.990,1786878893316.430,13681134.365,0.000000000,-1.067981839,0.331677049,-0.088279687,1.139194131,-0.336847514,-0.122382656,-0.516608119,0.123259842,-0.191046670,2.030506611,-0.879326105,-0.032493487,0.548329890,-0.038544897,0.204691842,0.029115951,0.423243672,-0.405354917,0.802700341,-0.292632848,-0.234547153,0.627710342,-0.057815950,-0.748043239,0.171848729,-0.027430089,-0.617560744,-0.446196735,-0.111003928
652,13039.991,1786878893336.430,13681154.365,0.000000000,-1.085930943,0.269398183,-0.149715424,1.181891203,-0.359778553,-0.115517274,-0.547620237,0.085162200,-0.221264705,2.037715435,-0.907571554,-0.018800369,0.482228547,-0.027592793,0.244690835,0.023049934,0.432687372,-0.418458104,0.852579951,-0.301593870,-0.229183868,0.627520442,-0.164252311,-0.800197661,0.190995753,-0.000657458,-0.596939981,-0.466663092,-0.136470810
653,13059.992,1786878893356.431,13681174.366,0.000000000,-1.136572361,0.237522632,-0.199642435,1.209127903,-0.374881834,-0.087271579,-0.592522144,0.067852393,-0.283906788,2.058297634,-0.853188694,0.001437018,0.408819795,0.023378680,0.283711523,0.015176690,0.443980485,-0.424079686,0.888944805,-0.305605739,-0.205756873,0.626599610,-0.232702881,-0.854256868,0.188862860,0.017041415,-0.576409698,-0.480426967,-0.169472545
654,13079.993,1786878893376.433,13681194.368,0.000000000,-1.198586106,0.227778673,-0.234604806,1.286803484,-0.341139972,-0.043950927,-0.663984179,0.056324404,-0.301514834,2.082977772,-0.832926989,0.029229002,0.408569187,0.027385147,0.287283361,0.025881214,0.477833182,-0.417157739,0.873973250,-0.320398360,-0.172819749,0.627710760,-0.227207273,-0.881725788,0.175321251,0.048172172,-0.551895320,-0.487491190,-0.205572829
655,13099.992,1786878893396.432,13681214.367,0.000000000,-1.240113735,0.223798364,-0.268757463,1.387675762,-0.298520625,-0.013691235,-0.724535108,0.039201602,-0.287455857,2.100273132,-0.850244343,0.055361871,0.455739379,-0.017266534,0.268616408,0.055721298,0.532244027,-0.389794648,0.825173378,-0.342318624,-0.151126981,0.637455702,-0.174571544,-0.878411114,0.174247772,0.097429283,-0.533073246,-0.486933410,-0.226491064
656,13119.990,1786878893416.429,13681234.364,0.000000000,-1.266503811,0.208165646,-0.310010552,1.439751029,-0.279140323,-0.008262724,-0.745016575,0.022203909,-0.299082786,2.076450348,-0.833956420,0.074026853,0.484416038,-0.059863061,0.240249351,0.089531228,0.593867183,-0.353049278,0.785626411,-0.360726684,-0.141432971,0.658543348,-0.122112997,-0.852399528,0.190376475,0.157521069,-0.528698623,-0.483617008,-0.219056860
657,13139.989,1786878893436.429,13681254.364,0.000000000,-1.284976125,0.178538844,-0.354703397,1.474164009,-0.261134118,-0.008398235,-0.758970201,-0.001806126,-0.317641824,2.027644873,-0.774132073,0.089441344,0.509040356,-0.115275234,0.204761013,0.104399331,0.660732329,-0.319005370,0.772663951,-0.380458474,-0.132290512,0.683753729,-0.070911989,-0.815832078,0.200172186,0.216445163,-0.528494895,-0.486793220,-0.189510196
658,13159.990,1786878893456.429,13681274.364,0.000000000,-1.287392259,0.161804974,-0.383353323,1.492036104,-0.247185573,-0.018316260,-0.782239616,-0.036090206,-0.318362325,1.977809191,-0.686590433,0.087066144,0.572956681,-0.196081042,0.193947688,0.074631654,0.732730806,-0.291036159,0.773660839,-0.407034636,-0.114815414,0.701884627,-0.016192570,-0.791576266,0.185268730,0.268920094,-0.526313961,-0.500042498,-0.153165981
659,13179.993,1786878893476.433,13681294.368,0.000000000,-1.276985765,0.180578947,-0.401168674,1.501336813,-0.243999615,-0.054130584,-0.779800236,-0.056292344,-0.339684814,2.049652576,-0.575945675,0.050932173,0.682194054,-0.228591517,0.227408394,0.014857685,0.795217574,-0.283815742,0.765549839,-0.425247461,-0.086710051,0.708262801,0.027183218,-0.822007477,0.154651806,0.317742825,-0.515413702,-0.521528184,-0.119658932
660,13199.991,1786878893496.431,13681314.366,0.000000000,-1.257737756,0.240963489,-0.427787751,1.500227928,-0.231265888,-0.084679075,-0.754386961,-0.047715168,-0.416163743,2.243277788,-0.466525286,0.022322688,0.811628044,-0.219250128,0.241939053,0.013421236,0.824086308,-0.344635934,0.599136531,-0.400907546,-0.114597246,0.767629623,0.055133108,-0.881787360,0.135878921,0.381640196,-0.504109085,-0.529883921,-0.103673123
661,13219.990,1786878893516.430,13681334.365,0.000000000,-1.243556023,0.292666495,-0.415807426,1.460584998,-0.228733838,-0.094879672,-0.715888441,-0.040588766,-0.498274773,2.376225471,-0.373110175,0.013572708,0.903552711,-0.245298058,0.233128205,0.026557105,0.833217442,-0.394068182,0.471695036,-0.328457713,-0.211103380,0.795367897,0.046947561,-0.912585199,0.140858606,0.469452828,-0.496065199,-0.518045247,-0.100491919
662,13239.991,1786878893536.431,13681354.366,0.000000000,-1.228906751,0.304754704,-0.383900434,1.401405931,-0.247045919,-0.094730742,-0.665923774,-0.045310151,-0.531419337,2.354942560,-0.280258596,0.008229329,0.934185505,-0.298595935,0.238416165,0.038015619,0.830140412,-0.411254853,0.458170325,-0.248668402,-0.408220023,0.758290470,-0.004876588,-0.916188240,0.149911359,0.559222519,-0.485077858,-0.501307547,-0.101446308
663,13259.989,1786878893556.429,13681374.364,0.000000000,-1.216845512,0.306306064,-0.355553925,1.356334090,-0.266006351,-0.096733682,-0.625723004,-0.058373395,-0.535812259,2.273045540,-0.222323567,0.004682069,0.927869678,-0.333570451,0.255494505,0.037800964,0.820416987,-0.420417517,0.519480646,-0.191968098,-0.622131586,0.699458599,-0.061250400,-0.921298087,0.146919906,0.618257225,-0.473171800,-0.497225493,-0.106736481
664,13279.990,1786878893576.430,13681394.365,0.000000000,-1.207185030,0.329119533,-0.317240894,1.301204801,-0.288470536,-0.105972268,-0.585099697,-0.087825187,-0.560281396,2.224990368,-0.299435019,-0.010525079,0.901991367,-0.353294551,0.283673435,0.010271955,0.795775235,-0.437330872,0.689208150,-0.123141684,-0.942768574,0.592054188,-0.147618517,-0.943012416,0.122788548,0.688510060,-0.455969512,-0.505237162,-0.120189786
665,13299.988,1786878893596.428,13681414.363,0.000000000,-1.206034184,0.384643346,-0.294117004,1.259994507,-0.297217250,-0.107379660,-0.571158051,-0.115826137,-0.588636160,2.188837767,-0.326243818,-0.016945643,0.890754044,-0.314911783,0.295922548,-0.036928497,0.692491353,-0.464910656,0.725286961,-0.096051298,-1.003301144,0.565169871,-0.212205902,-0.987455368,0.064565763,0.747102022,-0.434596926,-0.519702196,-0.141690820
666,13319.988,1786878893616.428,13681434.363,0.000000000,-1.224845290,0.458033979,-0.264832616,1.232506514,-0.297316968,-0.105494730,-0.599113464,-0.150730327,-0.595868170,2.146390200,-0.286486715,-0.027652424,0.925016105,-0.298097193,0.296212494,-0.132529929,0.547503650,-0.490432918,0.822459877,-0.082413785,-0.956938982,0.546803594,-0.243857056,-1.018758416,-0.012988567,0.813030243,-0.407175601,-0.529587507,-0.171070114
667,13339.988,1786878893636.427,13681454.362,0.000000000,-1.251115084,0.529057503,-0.250908703,1.236111760,-0.288210094,-0.123331860,-0.619624257,-0.182397857,-0.596156716,2.137254953,-0.242875546,-0.042258501,0.986372352,-0.302214831,0.297252953,-0.239350721,0.405902326,-0.503724635,0.975902736,-0.087970413,-0.864202917,0.539716780,-0.269286156,-1.041499734,-0.070191272,0.891335249,-0.383280993,-0.532640100,-0.203421280
668,13359.989,1786878893656.429,13681474.364,0.000000000,-1.268943310,0.576784313,-0.290959388,1.259661198,-0.271432072,-0.130203739,-0.601359367,-0.195622236,-0.604461253,2.212242842,-0.241462812,-0.054457605,1.045774221,-0.307132810,0.292844504,-0.319978327,0.269268185,-0.452857167,1.123258114,-0.085206509,-0.714837611,0.539704978,-0.295179307,-1.059238672,-0.091998227,0.965059519,-0.364323258,-0.528885126,-0.236835107
669,13379.989,1786878893676.429,13681494.364,0.000000000,0.000000000,0.000000000,0.000000000,0.000000000,0.000000000,0.000000000,0.000000000,0.000000000,0.000000000,0.000000000,0.000000000,0.000000000,0.000000000,0.000000000,0.000000000,0.000000000,0.000000000,0.000000000,0.000000000,0.000000000,0.000000000,0.000000000,0.000000000,0.000000000,0.000000000,0.000000000,0.000000000,0.000000000,0.000000000
670,13399.990,1786878893696.430,13681514.365,0.000000000,-0.191441953,0.031363659,0.036135707,0.338719428,-0.149900779,-0.045278639,-0.253686845,-0.010560752,-0.077223778,0.419139743,-0.096956946,-0.020749314,0.198675856,-0.010355406,-0.034896623,-0.125898957,0.083660908,-0.143669486,0.162064016,-0.017363561,-0.037696902,0.067111969,0.009952583,-0.089622088,-0.009723412,0.072113678,-0.033935893,-0.153187841,-0.094768964
671,13419.996,1786878893716.435,13681534.370,0.000000000,-0.351548195,0.052279934,-0.024349941,0.642905593,-0.242505789,-0.071911983,-0.346463859,0.049973786,0.046916105,0.538893342,-0.163325399,0.036942914,0.387277663,-0.052226294,0.014737386,-0.296107948,0.209254831,-0.331782371,0.370050818,-0.041481417,-0.073353082,0.130669132,-0.011815115,-0.273297250,0.030923577,0.242352188,-0.061346497,-0.335260272,-0.200303003
672,13439.991,1786878893736.430,13681554.365,0.000000000,-0.532880843,0.041973788,-0.114754461,0.825403869,-0.317601591,-0.120457619,-0.412064761,0.037262622,0.082442291,0.574655116,-0.176140457,0.014714903,0.506682277,-0.165333942,0.077490434,-0.426016480,0.326473713,-0.448321640,0.502454460,-0.058338951,-0.055260424,0.169180781,-0.048160385,-0.463647664,0.125741616,0.420583099,-0.082871757,-0.446661979,-0.246427238
673,13459.990,1786878893756.430,13681574.365,0.000000000,-0.655150175,0.092614666,-0.288353741,0.944275618,-0.410056561,-0.154190108,-0.439744145,0.074229874,0.017395135,0.637407064,-0.231108546,-0.041337889,0.607728302,-0.200472921,0.174822211,-0.491450548,0.419947058,-0.447042018,0.557294726,-0.058696825,-0.016644003,0.216526493,-0.114782557,-0.628414094,0.225224882,0.555854738,-0.098496936,-0.502659738,-0.236673817
674,13479.991,1786878893776.431,13681594.366,0.000000000,-0.732554853,0.171893343,-0.454782873,0.989642203,-0.510329545,-0.153552219,-0.447213650,0.146904454,-0.047660239,0.792144775,-0.285167485,-0.063374452,0.638501465,-0.179222837,0.253179014,-0.468952537,0.539905548,-0.391925216,0.551458418,-0.048464615,0.019354526,0.280622691,-0.207640499,-0.743726194,0.312473863,0.639800549,-0.129774049,-0.523774445,-0.202973455
675,13499.993,1786878893796.433,13681614.368,0.000000000,-0.786546648,0.211476654,-0.532867789,1.000981569,-0.557651222,-0.145624131,-0.428968430,0.179222107,-0.111745253,0.877042592,-0.307442725,-0.047354680,0.632979333,-0.161431909,0.290370226,-0.414604723,0.634404838,-0.358848691,0.533744335,-0.043018419,0.044659685,0.322724223,-0.254452169,-0.795194030,0.348619193,0.672152281,-0.156091377,-0.529948771,-0.188999489
676,13519.990,1786878893816.430,13681634.365,0.000000000,-0.842079222,0.207927108,-0.536527038,1.024933338,-0.588381767,-0.141843855,-0.380833954,0.179880783,-0.139176086,0.918633401,-0.458766252,-0.043278702,0.634074986,-0.184994608,0.318330526,-0.310518593,0.743461311,-0.332147628,0.500212550,-0.042548835,0.080485113,0.364283174,-0.270468116,-0.820248485,0.366834700,0.693363965,-0.182148039,-0.526401222,-0.189001590
677,13539.989,1786878893836.429,13681654.364,0.000000000,-0.843024194,0.182480782,-0.487709105,1.050645232,-0.642168820,-0.143465340,-0.335113943,0.181658491,-0.144326210,0.971968293,-0.575279057,-0.106147438,0.634415686,-0.188441887,0.322654784,-0.175188065,0.800488651,-0.315328419,0.435215145,-0.035869665,0.140879929,0.395820320,-0.258579075,-0.818935215,0.365144134,0.699863076,-0.206757799,-0.510356843,-0.195281625
678,13559.990,1786878893856.429,13681674.364,0.000000000,-0.795525312,0.164855361,-0.430284739,1.030385137,-0.683964133,-0.144823372,-0.299059838,0.199924365,-0.178156316,1.044624448,-0.620724440,-0.121758282,0.597040772,-0.128292829,0.283469707,-0.029823387,0.791245937,-0.317468375,0.346685857,-0.027257940,0.241820112,0.408629179,-0.236604705,-0.801035821,0.348911107,0.700561166,-0.239670247,-0.491366923,-0.193582281
679,13579.994,1786878893876.433,13681694.368,0.000000000,-0.725774527,0.143492505,-0.375009269,0.976062894,-0.584495306,-0.155641392,-0.298346728,0.221476912,-0.172454193,1.107909083,-0.646494508,-0.119853944,0.579613507,-0.081856698,0.209800944,0.094404772,0.730836987,-0.330397129,0.257044613,-0.010662832,0.358549714,0.408149540,-0.198957607,-0.751831830,0.304541111,0.700889647,-0.290923476,-0.478856891,-0.176469460
680,13599.993,1786878893896.433,13681714.368,0.000000000,-0.655657947,0.112559058,-0.369673073,0.957983017,-0.312353611,-0.194560170,-0.296928883,0.234267801,-0.075958356,1.168291330,-0.659089386,-0.119814403,0.622038722,-0.078997083,0.203969076,0.184668660,0.634150743,-0.313368231,0.190566972,0.014752747,0.445788711,0.410327077,-0.199213207,-0.664084792,0.246035531,0.692911923,-0.363072455,-0.461797893,-0.136428177
681,13619.992,1786878893916.431,13681734.366,0.000000000,-0.601415217,0.097809240,-0.370916039,0.959437728,-0.134441406,-0.227782503,-0.286243737,0.251827300,0.005022435,1.201274395,-0.659641325,-0.111068748,0.591192186,-0.063354194,0.212063625,0.280268878,0.518389046,-0.284791827,0.160113931,0.034036677,0.474182695,0.421454966,-0.238831595,-0.573039114,0.219826385,0.648790002,-0.473574400,-0.445766360,-0.076888308
682,13639.993,1786878893936.433,13681754.368,0.000000000,-0.595943272,0.077843711,-0.385209620,0.994236648,-0.125099704,-0.214998305,-0.276966572,0.253479868,0.023229918,1.216242552,-0.658762813,-0.099854402,0.451289147,-0.038732640,0.237625048,0.347707957,0.429562956,-0.281811565,0.168352544,0.028079927,0.429147840,0.432181031,-0.282809883,-0.506273687,0.222787708,0.558751047,-0.602652788,-0.451685965,-0.024015395
683,13659.988,1786878893956.428,13681774.363,0.000000000,-0.624537587,0.071043298,-0.383159578,1.027832150,-0.164387986,-0.174100280,-0.310350209,0.251284808,0.041406013,1.248709440,-0.662411809,-0.094424725,0.338706881,-0.029936356,0.254485369,0.364114344,0.384311974,-0.299329311,0.196777612,0.011755800,0.321738899,0.438268900,-0.278904915,-0.488623410,0.224375367,0.435349047,-0.718298793,-0.469819099,0.000102291
684,13679.992,1786878893976.432,13681794.367,0.000000000,-0.674410880,0.096439816,-0.361725479,1.054381013,-0.188027263,-0.168708161,-0.375431538,0.253782272,0.061133262,1.294087052,-0.675135493,-0.096248962,0.274630874,-0.018460512,0.251493633,0.353143245,0.382752776,-0.303972334,0.233341455,0.027500022,0.223727793,0.454258591,-0.244306952,-0.510061622,0.219863787,0.303516299,-0.797603071,-0.470264941,0.006040769
685,13699.992,1786878893996.432,13681814.366,0.000000000,-0.725669146,0.132910967,-0.324612021,1.078015924,-0.188931614,-0.199631900,-0.442532688,0.226127639,0.052417777,1.338043451,-0.676671565,-0.097029768,0.237448335,-0.000355829,0.249893069,0.336314946,0.400655389,-0.299246788,0.260976642,0.037832350,0.140827671,0.456578404,-0.198756739,-0.546795964,0.204210609,0.176702842,-0.840440810,-0.442763060,0.006357374
686,13719.991,1786878894016.430,13681834.365,0.000000000,-0.766472578,0.171992794,-0.278852820,1.094525576,-0.180364564,-0.225337282,-0.497786909,0.169312403,0.017932106,1.392640471,-0.666322768,-0.094186723,0.215082645,0.013804681,0.253020465,0.316986144,0.412585020,-0.275772512,0.261952043,0.031924777,0.058535241,0.468744397,-0.151333570,-0.570433140,0.177794114,0.062700890,-0.861167908,-0.394489020,0.008807852
687,13739.989,1786878894036.428,13681854.363,0.000000000,-0.790930510,0.194740936,-0.244380027,1.108461380,-0.174167469,-0.216057643,-0.519378126,0.120234720,-0.020420980,1.435121179,-0.664747238,-0.092004478,0.199505389,0.020112639,0.254685074,0.302301049,0.416219652,-0.255440772,0.253217489,0.031300139,0.000800288,0.486376107,-0.119297571,-0.569738686,0.156630799,-0.010808971,-0.873806894,-0.354816884,0.014090897
688,13759.987,1786878894056.427,13681874.362,0.000000000,-0.816065848,0.211569265,-0.200290427,1.124119401,-0.177565098,-0.200263664,-0.524557650,0.058156107,-0.062466606,1.476290703,-0.706902027,-0.090977915,0.177097499,0.020403413,0.248261347,0.282399267,0.413986534,-0.235107377,0.236877114,0.030066838,-0.077522598,0.513722360,-0.083647579,-0.545385063,0.133272901,-0.092599303,-0.892906368,-0.309770048,0.024522567
689,13779.991,1786878894076.431,13681894.366,0.000000000,-0.833961248,0.212088063,-0.159394234,1.138468623,-0.193325579,-0.186607838,-0.510058165,0.005274367,-0.083063893,1.475061297,-0.778466165,-0.095275275,0.156398788,0.016393162,0.235563219,0.258467615,0.402513057,-0.227430493,0.223872796,0.026410062,-0.164544880,0.536961555,-0.059840586,-0.509339869,0.117148146,-0.156017825,-0.908838332,-0.284087241,0.031591494
690,13799.989,1786878894096.429,13681914.364,0.000000000,-0.836329222,0.201625884,-0.134642705,1.156246781,-0.217530385,-0.174276978,-0.517424881,-0.022289915,-0.066604368,1.495176196,-0.806965590,-0.061775837,0.137933806,0.025157472,0.242792055,0.221818238,0.385787129,-0.234157935,0.219508544,0.023908453,-0.256949514,0.553896129,-0.052882276,-0.484313995,0.106893636,-0.202183589,-0.917456090,-0.276446521,0.028593471
691,13819.992,1786878894116.432,13681934.367,0.000000000,-0.836302340,0.192970708,-0.129473224,1.177526474,-0.246649742,-0.161638588,-0.527184069,-0.026494129,-0.051645242,1.520139456,-0.797473967,-0.050581090,0.118022859,0.052645944,0.258768022,0.180761948,0.372004986,-0.256065935,0.228711963,0.025867835,-0.347137183,0.569018364,-0.053195175,-0.477401346,0.106463432,-0.228477135,-0.921095848,-0.278304935,0.016424792
692,13839.990,1786878894136.430,13681954.365,0.000000000,-0.842387378,0.195705160,-0.115978517,1.190325737,-0.273127258,-0.152512148,-0.552265763,-0.018310409,-0.025222613,1.540364027,-0.788739741,-0.045236573,0.109632626,0.069661133,0.259958953,0.152703136,0.370173633,-0.279420346,0.246372655,0.035350043,-0.426564872,0.586337328,-0.054932009,-0.474411994,0.119462162,-0.231819108,-0.922558546,-0.286821336,0.003360862
693,13859.988,1786878894156.428,13681974.363,0.000000000,-0.846784472,0.203638226,-0.095914535,1.190869093,-0.290979564,-0.145334139,-0.579722166,-0.007524127,0.003872809,1.556083918,-0.795592010,-0.042203378,0.104163691,0.072422765,0.258890748,0.139191717,0.377745003,-0.294034779,0.263423592,0.047805257,-0.487143934,0.607268929,-0.055037994,-0.468990475,0.139300615,-0.223109365,-0.923598230,-0.298712760,-0.004164444
694,13879.991,1786878894176.430,13681994.365,0.000000000,-0.849725246,0.215661332,-0.078830399,1.180919409,-0.296283841,-0.141686067,-0.602707922,0.002164401,0.023313425,1.563823223,-0.811040819,-0.039209433,0.097197935,0.069749378,0.260229170,0.137884781,0.389845163,-0.300319105,0.275718391,0.058331035,-0.528280377,0.631539345,-0.052335855,-0.459548295,0.158031806,-0.208876386,-0.927226126,-0.313097239,-0.005688850
695,13899.989,1786878894196.428,13682014.364,0.000000000,-0.851362050,0.229468763,-0.068064906,1.161795497,-0.289128661,-0.141271010,-0.620691180,0.010801528,0.031183721,1.562186599,-0.821553409,-0.037070241,0.089625053,0.065536715,0.265731603,0.143185958,0.403759897,-0.300987542,0.281871766,0.065534942,-0.552343190,0.656493545,-0.049636506,-0.446603745,0.173724174,-0.192194760,-0.931079626,-0.327284992,-0.002483051
696,13919.987,1786878894216.427,13682034.362,0.000000000,-0.853821337,0.239975289,-0.064074673,1.138961673,-0.281266659,-0.141287938,-0.635629892,0.018900800,0.031164015,1.554100871,-0.825827777,-0.036863666,0.082420431,0.059059191,0.274424732,0.150721669,0.419170260,-0.299833775,0.282804877,0.070465475,-0.564277589,0.679377019,-0.048899926,-0.432790369,0.187835008,-0.176751733,-0.932268202,-0.337590992,0.005535701
697,13939.989,1786878894236.429,13682054.364,0.000000000,-0.859292209,0.243339553,-0.067323975,1.116029382,-0.279272139,-0.141249180,-0.648883998,0.024851553,0.025056852,1.541740894,-0.823881149,-0.037932254,0.074567758,0.050767075,0.283486366,0.158785596,0.433911711,-0.298928738,0.279561877,0.073666118,-0.567577243,0.699570775,-0.050294653,-0.421051502,0.200994521,-0.165196419,-0.932483196,-0.343775779,0.017753955
698,13959.988,1786878894256.427,13682074.362,0.000000000,-0.867717683,0.241138145,-0.075221069,1.094599962,-0.282973975,-0.141824245,-0.661026835,0.026926057,0.014000347,1.527890682,-0.818964541,-0.039507207,0.065893367,0.041541811,0.290631890,0.167578012,0.445902377,-0.299267977,0.272810161,0.074364960,-0.567516923,0.717432380,-0.053192437,-0.411895543,0.213238418,-0.158530906,-0.932583928,-0.345995635,0.032721423
699,13979.992,1786878894276.431,13682094.366,0.000000000,-0.874791265,0.238226682,-0.081211910,1.080804110,-0.290796995,-0.143582821,-0.669422567,0.025877712,0.004325230,1.518607497,-0.815900624,-0.040711664,0.060412087,0.033694729,0.294395179,0.174600378,0.452670574,-0.300615400,0.265588760,0.074507780,-0.566767871,0.730115354,-0.055314366,-0.405989408,0.221176714,-0.156410530,-0.932551980,-0.346173942,0.044227093
700,13999.991,1786878894296.430,13682114.366,0.000000000,-0.884599209,0.233195573,-0.087793298,1.066467285,-0.305747509,-0.145829633,-0.679284394,0.020656200,-0.009297463,1.508799314,-0.812605381,-0.042213641,0.054640278,0.022155838,0.296804607,0.184842914,0.458864182,-0.305168420,0.253249317,0.074645177,-0.565784812,0.747034550,-0.057345752,-0.398043007,0.229466826,-0.155365735,-0.932449043,-0.346176654,0.059129421
701,14019.988,1786878894316.428,13682134.363,0.000000000,-0.894520223,0.227858409,-0.093906626,1.058303475,-0.322395682,-0.148300067,-0.686840534,0.013117979,-0.023363192,1.501811981,-0.809687436,-0.043278210,0.051079966,0.012026512,0.296656221,0.196202651,0.461571693,-0.313155144,0.239756301,0.074987881,-0.565960228,0.763566136,-0.058229677,-0.389508396,0.234840542,-0.154746234,-0.932524741,-0.346171707,0.073651247
702,14039.988,1786878894336.428,13682154.363,0.000000000,-0.903240085,0.223593816,-0.099874355,1.056762457,-0.338835329,-0.152906850,-0.691909373,0.007059058,-0.035678081,1.498156071,-0.810423791,-0.043699004,0.050982971,0.004639498,0.295751899,0.207455799,0.462071806,-0.323595732,0.229312360,0.075805977,-0.568116665,0.777999878,-0.058392923,-0.379893333,0.237424791,-0.153587893,-0.932918012,-0.346458763,0.088332549
703,14059.988,1786878894356.427,13682174.363,0.000000000,-0.911716223,0.219525903,-0.105498590,1.059518933,-0.351423264,-0.158824146,-0.696992695,0.002638706,-0.045364182,1.497195840,-0.813492715,-0.043589916,0.053025573,-0.000793782,0.293231517,0.219056875,0.462160021,-0.335079789,0.224610582,0.076401934,-0.572122276,0.790140331,-0.058351658,-0.369001448,0.238060072,-0.151878521,-0.934852421,-0.347389221,0.104267366
704,14079.988,1786878894376.428,13682194.363,0.000000000,-0.919705749,0.214443862,-0.113739751,1.064482927,-0.360665619,-0.159576163,-0.702227056,0.000630402,-0.052797806,1.497351289,-0.817618191,-0.042690460,0.056171846,-0.003537180,0.290990323,0.230930716,0.462557942,-0.345929116,0.224782601,0.076777808,-0.574581444,0.799867451,-0.058427140,-0.357657462,0.237419099,-0.150491148,-0.939396918,-0.349775076,0.121070921
705,14099.988,1786878894396.427,13682214.363,0.000000000,-0.926815450,0.210493237,-0.122967817,1.069332480,-0.365762025,-0.159743145,-0.707669556,0.000207322,-0.059186034,1.497410178,-0.822220087,-0.040609296,0.059044942,-0.003708577,0.289831996,0.242782250,0.463795453,-0.355066031,0.228542343,0.077081263,-0.574876308,0.807071626,-0.058458172,-0.345949948,0.235457659,-0.149372414,-0.946396172,-0.354641676,0.138654366
706,14119.991,1786878894416.430,13682234.365,0.000000000,-0.933473110,0.208772629,-0.130884826,1.071880460,-0.367166519,-0.159357041,-0.713786483,-0.000032804,-0.065108873,1.497168779,-0.827536225,-0.037136752,0.060467090,-0.002781831,0.289454937,0.253508925,0.466154605,-0.361839026,0.235920951,0.077390268,-0.574015081,0.811006010,-0.058309775,-0.334864497,0.232789651,-0.148328155,-0.955201387,-0.361769855,0.156553134
707,14139.990,1786878894436.429,13682254.364,0.000000000,-0.939644217,0.213051260,-0.133891925,1.070543766,-0.362961352,-0.156554982,-0.720475137,0.001558773,-0.069717780,1.497013688,-0.835769176,-0.032142732,0.062462289,-0.001755328,0.289674670,0.261218816,0.469161987,-0.365979105,0.245591477,0.077624984,-0.569675744,0.811274648,-0.057028141,-0.324893236,0.229251489,-0.147308439,-0.963759542,-0.370161772,0.174366146
708,14159.991,1786878894456.430,13682274.366,0.000000000,-0.938451171,0.243627056,-0.106232658,1.062828064,-0.340132624,-0.152117014,-0.728089452,0.009509631,-0.065333620,1.542205334,-0.840990067,-0.029396741,0.078819945,-0.010962935,0.294441760,0.262890965,0.476907432,-0.367107242,0.254596293,0.077638589,-0.561561227,0.804756820,-0.053209264,-0.314032316,0.224378139,-0.148951665,-0.967136323,-0.377888709,0.191386238
709,14179.996,1786878894476.436,13682294.371,0.000000000,-0.930302262,0.284276664,-0.056203414,1.045713782,-0.290109724,-0.122209646,-0.712574720,0.006232581,-0.069176644,1.648038864,-0.835122168,-0.036945224,0.095530972,-0.019263919,0.303665817,0.253180355,0.480227023,-0.367800206,0.273829848,0.077703834,-0.553547680,0.783874571,-0.042418942,-0.309436202,0.216422230,-0.156001672,-0.962711990,-0.384157181,0.200789973
710,14199.994,1786878894496.434,13682314.369,0.000000000,-0.933764875,0.315986454,-0.018829210,1.035082936,-0.246821210,-0.104214236,-0.665156484,-0.003477030,-0.077900589,1.713967562,-0.844778895,-0.051239859,0.107184462,-0.008683518,0.304267555,0.233533949,0.465915054,-0.369112670,0.310041577,0.077888466,-0.543200672,0.751174867,-0.022539107,-0.316467136,0.204223737,-0.163370088,-0.950170457,-0.389068335,0.201432467
711,14219.988,1786878894516.428,13682334.363,0.000000000,-0.945999026,0.324007660,0.013543212,1.039904118,-0.244240582,-0.110552959,-0.616518974,-0.024875540,-0.072055101,1.700304985,-0.870193124,-0.067673847,0.117689438,-0.007155838,0.297206968,0.218465537,0.446032971,-0.368080497,0.343408316,0.075844787,-0.530276716,0.722899437,-0.009675534,-0.328304291,0.196675822,-0.165376723,-0.931355298,-0.391602099,0.199417397
712,14239.989,1786878894536.428,13682354.363,0.000000000,-0.962872684,0.320419043,0.034083474,1.058247447,-0.263948679,-0.127629638,-0.595782936,-0.041304730,-0.054993618,1.650972366,-0.881740689,-0.079891786,0.124756761,-0.014098446,0.289942324,0.215923458,0.434094131,-0.366538465,0.357940763,0.071202904,-0.523005009,0.708962321,-0.012753484,-0.339108080,0.196191549,-0.165788516,-0.915230513,-0.393301755,0.198297530
713,14260.003,1786878894556.443,13682374.377,0.000000000,-0.983678460,0.307684630,0.048101917,1.095672011,-0.286598384,-0.143052727,-0.605958164,-0.058271751,-0.026948061,1.640073180,-0.864930034,-0.066122226,0.124765135,-0.023036942,0.298411161,0.219044179,0.425932825,-0.364391804,0.362905711,0.061801940,-0.520257056,0.698215425,-0.039441627,-0.355385512,0.199055046,-0.167545691,-0.895192504,-0.396295160,0.195195720
714,14280.026,1786878894576.466,13682394.401,0.000000000,-1.012862325,0.301970720,0.020445028,1.136603951,-0.298020929,-0.142703205,-0.625427783,-0.044468611,-0.029992430,1.684928179,-0.856467664,-0.041471642,0.107966945,0.005121622,0.315743029,0.222425699,0.416842252,-0.366204649,0.369887829,0.055446446,-0.519974709,0.690167010,-0.067893535,-0.373283207,0.200235277,-0.167189449,-0.881572306,-0.397785157,0.187604055
715,14299.994,1786878894596.433,13682414.368,0.000000000,-1.051059961,0.297390968,-0.017925264,1.168707967,-0.311368436,-0.138270423,-0.658350766,-0.013797980,-0.034221768,1.718553662,-0.855312169,-0.027410766,0.101373330,0.029653059,0.313325554,0.227530554,0.413621485,-0.366802394,0.384584427,0.054694135,-0.519416988,0.686651587,-0.078340858,-0.379090458,0.200877190,-0.161751702,-0.877241194,-0.397405475,0.180405512
716,14319.990,1786878894616.430,13682434.365,0.000000000,-1.079388499,0.287266225,-0.052877225,1.196525693,-0.326043963,-0.137320921,-0.693140090,0.014459017,-0.028062124,1.739871383,-0.852128983,-0.018703524,0.109376155,0.031138210,0.304615080,0.233286157,0.418674111,-0.362321287,0.400775373,0.054207094,-0.516067207,0.690723658,-0.075361446,-0.372661382,0.203500152,-0.152340159,-0.880911291,-0.396234363,0.178215772
717,14339.989,1786878894636.429,13682454.364,0.000000000,-1.087465882,0.270055830,-0.089018695,1.247225046,-0.328844041,-0.137865797,-0.720925331,0.031821758,-0.019829428,1.748202920,-0.841807306,-0.011858048,0.121240169,0.016970400,0.293877929,0.241060361,0.430034846,-0.355735302,0.415608585,0.051528241,-0.509292543,0.705237210,-0.065280713,-0.360031277,0.208453968,-0.142049998,-0.894450128,-0.396735340,0.182798758
718,14359.991,1786878894656.431,13682474.366,0.000000000,-1.088567734,0.242583990,-0.125324309,1.275097847,-0.345681667,-0.131914929,-0.737918913,0.035458781,-0.023559107,1.742257714,-0.826904953,-0.005980631,0.123311184,0.002011774,0.284905821,0.248655379,0.444982767,-0.349147171,0.424472570,0.047095396,-0.499182343,0.728058279,-0.053872209,-0.348157734,0.212244123,-0.135819167,-0.914292991,-0.399244130,0.195370927
719,14379.989,1786878894676.429,13682494.364,0.000000000,-1.083173871,0.216396943,-0.164657623,1.288465381,-0.375595808,-0.130244106,-0.744263291,0.036115665,-0.036026198,1.727171302,-0.813486278,0.000374432,0.122618638,-0.005502091,0.281809717,0.255396008,0.460371435,-0.341022283,0.424538702,0.044874910,-0.489534467,0.753553629,-0.044238210,-0.341711462,0.211999431,-0.135191441,-0.934832454,-0.403059036,0.212163225
720,14399.992,1786878894696.432,13682514.367,0.000000000,-1.070855737,0.229025587,-0.178973958,1.271660209,-0.377434582,-0.114400201,-0.755748570,0.051368780,-0.039275650,1.720199943,-0.824679494,0.002267018,0.144137874,-0.016167309,0.277878255,0.254811823,0.479452878,-0.333496988,0.418495506,0.037187982,-0.479563743,0.772386014,-0.032357942,-0.337173164,0.209125116,-0.139342874,-0.943061054,-0.402732342,0.226702482
721,14419.988,1786878894716.428,13682534.363,0.000000000,-1.043417096,0.270965785,-0.154360086,1.230445504,-0.316594154,-0.127658039,-0.751186788,0.053372998,-0.044629928,1.790728688,-0.814385891,-0.008400986,0.183507919,-0.036956880,0.291015029,0.230687141,0.498458713,-0.328978181,0.420188338,0.024548007,-0.472093195,0.775420368,-0.015199499,-0.335695058,0.200263441,-0.152972713,-0.937856436,-0.399188429,0.229347050
722,14439.991,1786878894736.431,13682554.366,0.000000000,-1.026024699,0.329460770,-0.116627738,1.177779555,-0.249267176,-0.102463685,-0.706754863,0.047558624,-0.076731376,1.899394989,-0.809789360,-0.018595466,0.219965205,-0.035195116,0.295892119,0.189147145,0.495844722,-0.328694403,0.450337589,0.016294228,-0.466928184,0.761273205,0.012475977,-0.345168799,0.188004583,-0.167635292,-0.923652589,-0.396511346,0.217344105
723,14459.990,1786878894756.429,13682574.364,0.000000000,-1.023737907,0.369761795,-0.082314901,1.129603505,-0.216486603,-0.091751002,-0.639815807,0.042029198,-0.109453134,1.935420275,-0.844733655,-0.037568055,0.243203789,-0.024923954,0.286090523,0.149218678,0.476147026,-0.330686510,0.492216915,0.007337103,-0.458048314,0.740617037,0.035811592,-0.362954021,0.179928198,-0.173933655,-0.905153155,-0.395757943,0.196620479
724,14479.991,1786878894776.431,13682594.366,0.000000000,-1.025857568,0.371385425,-0.048835695,1.097708344,-0.228610128,-0.116934173,-0.582348585,0.025607040,-0.126837194,1.885839224,-0.887785852,-0.063474573,0.255086452,-0.028718183,0.276910990,0.122576855,0.454775095,-0.336270243,0.521346450,-0.010927903,-0.448373497,0.725610375,0.039404780,-0.388201594,0.177166015,-0.174941912,-0.881741107,-0.397554040,0.175095841
725,14499.989,1786878894796.428,13682614.363,0.000000000,-1.034847736,0.358316809,-0.029093420,1.093107939,-0.252601653,-0.141875744,-0.559606969,0.009831007,-0.129236907,1.816793680,-0.890352011,-0.080493830,0.257352382,-0.036004312,0.273510039,0.116109133,0.441815823,-0.341701657,0.530682504,-0.027646543,-0.445298165,0.720274091,0.022666162,-0.413993865,0.179436743,-0.175550699,-0.861771226,-0.401063383,0.160704553
726,14519.988,1786878894816.428,13682634.363,0.000000000,-1.046052814,0.331303418,-0.023936313,1.124049664,-0.270361334,-0.158778906,-0.565341711,-0.011051998,-0.114685260,1.763558030,-0.884891987,-0.082080744,0.248198733,-0.043265790,0.283934325,0.121547349,0.432281911,-0.349187821,0.530918241,-0.047969788,-0.447056860,0.717840970,-0.027448047,-0.451483816,0.187667876,-0.176363498,-0.836192727,-0.406432897,0.142771423
727,14539.988,1786878894836.427,13682654.362,0.000000000,-1.065188408,0.307090491,-0.056190699,1.158752084,-0.286136389,-0.154400498,-0.590639770,-0.012076128,-0.124851391,1.795373678,-0.879444897,-0.056106593,0.209664255,-0.010912879,0.302873939,0.132835731,0.423452079,-0.358490139,0.534717321,-0.061676480,-0.451464474,0.713671565,-0.081121631,-0.482437134,0.194216073,-0.174271747,-0.818073690,-0.409763694,0.123952925
728,14559.988,1786878894856.427,13682674.362,0.000000000,-1.106348753,0.293722510,-0.102418661,1.190902948,-0.307432026,-0.138372123,-0.625942171,0.010022054,-0.144470185,1.817584276,-0.876993060,-0.033722501,0.179804042,0.032394949,0.302647918,0.147755265,0.414652526,-0.362638652,0.550133884,-0.064280033,-0.454574853,0.708762825,-0.110370442,-0.494822055,0.195454508,-0.165093496,-0.813153625,-0.411499172,0.107051618
729,14579.995,1786878894876.434,13682694.369,0.000000000,-1.127868295,0.279988199,-0.154579848,1.265481353,-0.312209070,-0.119017914,-0.675602138,0.031632293,-0.129811853,1.836757064,-0.876365662,-0.014943006,0.186156049,0.036082987,0.290789157,0.165350124,0.415893584,-0.357305557,0.571850479,-0.065181680,-0.453923255,0.709953904,-0.117132217,-0.485913366,0.198420316,-0.146256283,-0.816169739,-0.413126111,0.097561106
730,14599.993,1786878894896.433,13682714.367,0.000000000,-1.131030440,0.247646779,-0.204436734,1.341958046,-0.327779084,-0.103522211,-0.718883812,0.033666357,-0.112007864,1.842746139,-0.868347108,0.002538569,0.189689696,0.014263415,0.276812404,0.184837729,0.424201995,-0.341881812,0.597472131,-0.066998221,-0.447598755,0.720461011,-0.114903979,-0.467767984,0.206207946,-0.124114230,-0.830811024,-0.418113381,0.098230317
731,14619.991,1786878894916.430,13682734.365,0.000000000,-1.122922421,0.200217873,-0.258202285,1.435469389,-0.355950922,-0.100921147,-0.739247739,0.020775566,-0.117903911,1.826182961,-0.845475376,0.016909681,0.173128426,0.001396658,0.270005673,0.205180213,0.435411543,-0.324372917,0.615663826,-0.067377962,-0.431780964,0.740517974,-0.109896846,-0.454606920,0.211932629,-0.106680736,-0.853767574,-0.428641051,0.108341321
732,14639.989,1786878894936.429,13682754.364,0.000000000,-1.114804745,0.149685085,-0.309705585,1.516238451,-0.402914315,-0.126808733,-0.756935775,0.002909422,-0.135741308,1.801042080,-0.821270108,0.031777479,0.152230978,-0.003074727,0.260775417,0.226438537,0.449356049,-0.305978566,0.613571882,-0.067680374,-0.407365471,0.763913691,-0.103910215,-0.450214922,0.213540882,-0.095670752,-0.870535195,-0.439415008,0.126748055
733,14659.990,1786878894956.429,13682774.364,0.000000000,-1.104102015,0.160036027,-0.318319410,1.535664678,-0.454542965,-0.136951759,-0.783265114,0.022092149,-0.126952827,1.861981988,-0.793552399,0.046615858,0.178575128,-0.003502118,0.261960387,0.235329166,0.469875246,-0.296205014,0.592573881,-0.076074556,-0.380575389,0.778960764,-0.098120324,-0.463740438,0.213606223,-0.097040072,-0.863747954,-0.443648130,0.140029222
734,14679.989,1786878894976.428,13682794.364,0.000000000,-1.081437469,0.225308269,-0.288916945,1.512519717,-0.423689693,-0.139703587,-0.777170777,0.051453967,-0.113403037,2.008276224,-0.773898244,0.035045434,0.252711982,-0.006622708,0.280527830,0.212489352,0.486931562,-0.295549929,0.579946876,-0.087882973,-0.355614543,0.772679329,-0.079749398,-0.486359507,0.205558002,-0.109806255,-0.844367623,-0.438878506,0.135690838
735,14699.989,1786878894996.428,13682814.364,0.000000000,-1.071913123,0.294674069,-0.241285846,1.467789888,-0.387621790,-0.106657520,-0.740524828,0.064034007,-0.118372768,2.095286369,-0.789165556,0.020577786,0.314030528,-0.015776679,0.288063407,0.178899065,0.490460515,-0.294436485,0.589284718,-0.093145311,-0.340375453,0.755942106,-0.054547701,-0.493789941,0.198743954,-0.118417270,-0.832461178,-0.428886980,0.119823925
736,14719.988,1786878895016.428,13682834.363,0.000000000,-1.081605554,0.370520383,-0.163880989,1.356508732,-0.394321859,-0.095947437,-0.668635666,0.072814465,-0.142354801,2.141214609,-0.839668512,0.003067755,0.361394495,-0.029976128,0.273685485,0.136186585,0.481908649,-0.294505686,0.617420852,-0.097921811,-0.323689640,0.727580249,-0.022562744,-0.496508777,0.198680639,-0.125145435,-0.820674896,-0.415531665,0.089023657
737,14740.001,1786878895036.440,13682854.375,0.000000000,-1.097874999,0.394713610,-0.082867220,1.233244538,-0.415152401,-0.134322166,-0.596543908,0.074822694,-0.165296778,2.110056162,-0.886881232,-0.021879375,0.372676641,-0.040428955,0.246996775,0.103109084,0.459990948,-0.304624587,0.645144641,-0.110754170,-0.311285287,0.702138603,-0.005050659,-0.513553619,0.200057849,-0.131172106,-0.803849161,-0.412073612,0.053824391
738,14759.992,1786878895056.432,13682874.367,0.000000000,-1.101122379,0.374486089,-0.031860266,1.196424842,-0.387943476,-0.154360175,-0.549815059,0.068976313,-0.165108070,2.023656607,-0.888966680,-0.048346668,0.381537199,-0.045167189,0.233873874,0.078388505,0.430153280,-0.326488018,0.669787228,-0.135177523,-0.308850855,0.684514999,-0.016635492,-0.557640672,0.199217960,-0.135779098,-0.770332098,-0.416016966,0.020479025
739,14779.991,1786878895076.431,13682894.366,0.000000000,-1.100778341,0.337965071,-0.036839928,1.226161122,-0.373168379,-0.151164532,-0.539291859,0.057964552,-0.155208245,1.941504717,-0.892752826,-0.056963116,0.382637262,-0.039109945,0.250542909,0.064197697,0.404032677,-0.346022129,0.689894974,-0.159179032,-0.313085407,0.674708128,-0.078776486,-0.615877211,0.203329489,-0.134812072,-0.727467477,-0.420088232,-0.004828325
740,14799.990,1786878895096.430,13682914.365,0.000000000,-1.116017222,0.296352774,-0.064542569,1.243353248,-0.374917567,-0.137387976,-0.560927153,0.043248232,-0.169709355,1.959570289,-0.887765646,-0.030793577,0.334541589,0.014084341,0.299900532,0.054517698,0.382859826,-0.361072153,0.708734035,-0.171633944,-0.319175839,0.666170180,-0.169561505,-0.674097955,0.207453355,-0.129816860,-0.693809032,-0.420567334,-0.029154267
741,14819.992,1786878895116.432,13682934.367,0.000000000,-1.152218461,0.272791684,-0.121302553,1.276062489,-0.339108884,-0.105357669,-0.615452528,0.039577957,-0.194055170,1.984663248,-0.867989898,-0.008969126,0.297634065,0.057566375,0.310334265,0.055800565,0.376991242,-0.371300489,0.734088302,-0.184502870,-0.322141618,0.654006779,-0.216509089,-0.697883725,0.206607714,-0.111873649,-0.674670935,-0.418659061,-0.055824649
