index,time_ms,time_realtime_ms,time_monotonic_ms,ros_timestamp,tau_0,tau_1,tau_2,tau_3,tau_4,tau_5,tau_6,tau_7,tau_8,tau_9,tau_10,tau_11,tau_12,tau_13,tau_14,tau_15,tau_16,tau_17,tau_18,tau_19,tau_20,tau_21,tau_22,tau_23,tau_24,tau_25,tau_26,tau_27,tau_28
0,0.000,1786876812233.054,11600050.989,0.000000000,6.304211140,-1.111484170,0.206043303,-2.009556532,-0.052974455,-0.000780233,5.942573547,-1.193572998,0.110887378,-0.989974439,-0.147820324,-0.001563767,1.543168783,8.658540726,-10.105973244,2.286519051,-0.655577719,-0.589468002,-0.620830834,0.110272594,-0.131090611,-0.327220827,1.310727954,-2.724538803,-1.125987887,-0.727578580,-0.049617320,-0.310762078,-0.192151189
1,19.989,1786876812253.043,11600070.978,0.000000000,-13.155380249,28.985244751,-18.996234894,-7.617378235,1.440153360,0.304617971,41.898899078,-9.023042679,0.945251584,22.987915039,3.426575422,0.217280746,16.574411392,1.216395855,-11.873143196,4.418837547,-0.015839025,-0.667345166,-1.139537096,1.662881851,-0.076358356,-0.102682509,-8.091324806,-0.134147674,0.223242253,-3.496687412,-0.706449449,-0.562000990,-0.359031588
2,39.988,1786876812273.042,11600090.977,0.000000000,-27.095119476,18.094589233,-10.796030045,-4.420675278,-1.320496440,0.122593634,42.328514099,-26.931156158,16.689544678,7.532837868,0.086981721,-0.700564981,19.871631622,-0.715415657,-18.553852081,5.098501682,0.609719396,-0.596037030,-1.652303457,0.227036074,-0.389201105,0.035592567,-13.180390358,0.313758075,-0.613780856,-7.741483212,-0.540002048,-2.130050182,-0.096335903
3,59.989,1786876812293.043,11600110.978,0.000000000,-31.902286530,1.308754325,2.095371485,-10.924484253,-2.279303789,-0.408059955,46.667407990,-21.559423447,16.614244461,7.228760719,-0.392977148,-0.693683505,11.794724464,8.758659363,-22.396842957,4.877011776,-0.597357333,-0.315944791,-1.776279330,-0.077111423,-0.497152686,-0.069528371,-16.869117737,-2.057106495,-2.115878820,-12.704219818,-0.430764288,-3.966766834,-0.194758013
4,79.986,1786876812313.040,11600130.975,0.000000000,6.630522728,-13.920441628,18.127651215,-4.381764889,0.344846815,-0.064383730,11.383208275,7.397942066,-9.316545486,6.681835651,-0.542348802,0.787194312,0.141391098,20.375072479,-19.296344757,1.871685386,-0.735820770,0.085091963,-1.982548118,-0.404241800,-0.500739098,-0.127416745,-17.715538025,-3.362977505,-3.257743597,-15.607292175,-0.601570427,-5.000000000,-0.582839131
5,99.987,1786876812333.041,11600150.976,0.000000000,36.751998901,-16.583993912,9.075674057,8.986357689,1.229871154,-0.068974368,-28.949598312,11.397265434,-9.974983215,-6.554247856,-0.958352685,0.331288993,-3.009268522,16.315807343,-10.851679802,-2.625903368,-0.544975221,-0.397015065,-2.009166002,-0.571496129,-0.689207554,-0.189206168,-13.920059204,-1.432193875,-1.037826657,-10.704833031,-0.056626476,-5.000000000,-0.742957592
6,119.986,1786876812353.041,11600170.976,0.000000000,29.842016220,-6.071137905,2.898821831,10.703989029,0.445138037,0.095480457,-38.062374115,7.961481571,-6.370882988,-13.020129204,-1.011443496,0.197187945,-10.015939713,0.401885241,3.036623955,-6.666637421,0.269781142,-0.210471392,-1.325568318,-0.148283392,-0.616676867,-0.195485517,-3.341983557,1.080600977,2.596912384,-3.277379274,0.269025743,-4.168347836,0.052333336
7,139.988,1786876812373.042,11600190.977,0.000000000,11.227793694,3.204796553,-1.912169218,6.533521652,-0.181783512,0.241366878,-30.541711807,7.440708637,-3.657733440,-11.319108009,-0.644984245,0.129382074,-11.602379799,-15.780074120,13.709669113,-9.048099518,1.469946265,0.557824969,-0.709121346,0.198313504,-0.264568359,0.183192700,7.318250656,2.348083019,3.581762314,2.980257988,0.087550119,0.286996722,0.814884782
8,159.987,1786876812393.041,11600210.976,0.000000000,-19.227407455,6.652839661,-1.097202897,0.622249365,-0.611550570,0.024040351,-18.360439301,-3.332365751,5.371414185,-10.713887215,-0.501074493,-0.392094135,-2.003905058,-30.978170395,30.256734848,-9.068977356,2.247851610,2.338010311,0.983174741,0.299967319,0.230897963,0.675466120,12.165593147,3.198161602,2.983844042,7.563049793,-0.042351227,2.959428787,1.129575610
9,179.986,1786876812413.041,11600230.976,0.000000000,-19.615102768,12.326658249,-8.952845573,6.124835014,10.844778061,1.915437341,-14.595638275,-0.189325452,1.849334359,-5.449561119,-0.740078807,-0.208770603,5.663619518,-32.266372681,33.028247833,-5.311186314,1.333181858,2.397249937,2.386383057,0.467569411,0.745646656,0.744631886,12.881633759,1.479317188,3.316874027,8.012351036,-0.022821659,3.641322613,1.537608385
10,199.989,1786876812433.043,11600250.978,0.000000000,-25.378057480,9.582306862,-11.833864212,-52.337425232,-5.880864143,0.345188141,3.095803976,17.548480988,-13.170359612,4.803846359,7.295004368,0.081519186,6.127168179,-12.935175896,11.793231964,-0.590004206,0.158283338,1.123463750,0.918120623,0.987854123,0.414148867,0.726413608,8.658000946,-1.116793752,2.666325569,3.627995014,-0.398125827,2.847569466,1.477750421
11,219.987,1786876812453.042,11600270.976,0.000000000,-18.884159088,-5.829951763,1.825375199,-46.439910889,4.091495991,0.689104795,13.766456604,12.009524345,-3.096263170,-27.496183395,50.000000000,-12.752449989,13.029866219,-2.391370535,-7.102498055,5.363884926,-1.056300640,-0.579980493,-2.789685011,0.446375281,-0.753863633,0.534566581,3.981921673,0.293667346,2.728200912,1.312587023,-0.893549621,1.619741678,1.219698071
12,239.986,1786876812473.041,11600290.975,0.000000000,77.021507263,-2.867578983,9.860457420,-63.233226776,50.000000000,6.270824909,-11.428339958,10.919932365,-2.838224411,-14.415874481,50.000000000,-11.384455681,-0.862545431,23.609317780,-40.893547058,4.662907600,0.842706919,-0.902214527,-10.068171501,0.672430515,-2.263577461,0.096454903,0.711836040,-2.346066236,-0.295305669,-5.307417393,-0.724256158,-0.495510042,0.798768044
13,259.988,1786876812493.043,11600310.978,0.000000000,88.000000000,-6.623790264,19.813251495,-83.552551270,50.000000000,-0.365526438,-19.761236191,42.150817871,-19.156173706,0.000377207,50.000000000,-8.511137962,-12.770958900,44.137744904,-50.000000000,0.591484904,1.248083949,-0.752508104,-14.763964653,-0.088487037,-4.011224747,0.291745096,-1.468080997,-4.503392220,-4.219530582,-9.700969696,-0.065617427,-2.365601063,-0.389248848
14,279.987,1786876812513.041,11600330.976,0.000000000,88.000000000,-21.045225143,40.408432007,-59.364906311,50.000000000,3.034805536,-31.114484787,32.584598541,-20.125654221,-16.156562805,50.000000000,-8.226622581,-13.300848961,42.142543793,-50.000000000,-1.017088652,1.805305362,0.200447202,-12.309109688,-0.320984036,-4.606619358,0.688039720,-1.396895170,-4.309232235,-5.165683746,-9.282255173,-0.102194913,-3.000548601,-1.512024045
15,299.987,1786876812533.041,11600350.976,0.000000000,88.000000000,-10.779846191,42.911735535,-32.859214783,50.000000000,3.230431795,-33.444557190,18.343255997,-13.924597740,-19.037643433,22.511594772,-5.778272152,-20.834386826,34.203647614,-43.263324738,-1.414818048,1.052954316,0.211548224,-7.589803219,-0.449945420,-3.511446476,0.766073942,-1.122480154,-4.300315857,-4.857796669,-7.117707729,0.739054024,-2.667195320,-1.678978324
16,319.987,1786876812553.041,11600370.976,0.000000000,88.000000000,8.537374496,29.777439117,-17.457300186,50.000000000,4.635672092,-36.318965912,8.478023529,-8.438730240,-17.271158218,-1.983692527,-0.311098903,-25.898061752,25.148511887,-37.167327881,-1.132736564,-0.168334737,-1.129996896,-3.346163511,0.013242726,-2.207614422,0.288582176,0.036585987,-5.771116257,-5.778902054,-5.648720264,1.089516997,-1.858585596,-1.903570652
17,339.986,1786876812573.041,11600390.975,0.000000000,88.000000000,25.286640167,10.870985031,-0.157829553,50.000000000,6.793226242,-28.552665710,-1.730291009,-1.788257599,-9.294342041,-2.123551369,0.536643684,-25.478164673,14.966524124,-34.231494904,-0.690072894,-0.785895288,-2.295798302,-0.363419473,0.377453476,-1.193660378,-0.518690228,0.996053576,-6.737811089,-6.189602375,-3.974016190,0.917211473,-1.165055752,-1.942546964
18,360.000,1786876812593.054,11600410.989,0.000000000,85.076461792,38.083034515,-12.514551163,18.175727844,50.000000000,9.113459587,-30.050354004,-13.535834312,1.951009393,-9.051467896,-1.400837660,0.362291723,-20.752162933,6.443208694,-30.826028824,-0.016127737,-0.864559174,-2.980097771,1.278282881,0.181395322,-0.528998792,-0.898551047,2.698314190,-5.728386879,-5.224890709,-1.181159973,0.263819695,-0.381916225,-1.670684338
19,379.988,1786876812613.042,11600430.977,0.000000000,44.597869873,35.859363556,-19.248834610,10.353237152,42.295558929,8.609655380,-11.271628380,-18.861627579,7.070232391,-7.674931049,-0.321426272,0.057108935,-14.739841461,-0.566895962,-22.427516937,-0.631975353,-0.633366108,-2.060911655,0.173773512,0.220267728,-0.180234626,-0.704063177,1.680269718,-4.288466454,-5.033521652,-1.371908545,-0.288199544,0.371156782,-1.304221153
20,399.990,1786876812633.044,11600450.979,0.000000000,-2.240431786,21.948602676,-16.094058990,-17.024665833,19.702220917,7.591145039,16.248025894,-15.872833252,7.446652412,-22.797918320,12.797161102,-3.926567078,1.282674551,-8.595463753,-16.168647766,0.580789924,-0.551239669,-0.562172174,-0.539085567,-0.297175139,-0.260837555,0.074988522,-0.623471141,-2.463046551,-2.673108101,-2.747090578,0.016814636,0.069026932,-1.114373922
21,419.990,1786876812653.044,11600470.979,0.000000000,-29.883823395,-3.526157379,-3.326158047,-23.885013580,-3.222516298,-0.116814747,36.609584808,-5.156096458,4.296096325,-17.399267197,43.424606323,-10.596712112,16.620727539,-15.392754555,-13.091606140,1.447389126,0.637882113,1.813365221,-1.947508335,-0.615047514,-0.387838662,0.933437943,-4.753134727,-1.168835282,-0.803325713,-4.035087109,0.342726856,-0.520659804,-0.806236267
22,439.989,1786876812673.043,11600490.978,0.000000000,-28.695302963,-7.633775711,0.233199820,-18.542926788,-1.066626430,0.189224049,37.026382446,-5.258789062,7.103152275,-11.356213570,50.000000000,-12.752193451,15.761659622,-17.589256287,-11.306613922,0.540051818,1.377298474,1.801615834,-2.353036404,-0.410046697,-0.676025450,0.951526463,-7.197677135,0.579400361,0.866901219,-3.923246145,0.388963550,-1.031483054,-0.464332074
23,459.992,1786876812693.046,11600510.981,0.000000000,-21.244329453,-6.250687599,1.992262602,-7.004044056,-0.935636342,-0.131848574,26.547702789,-6.687791348,4.279321194,-15.889649391,50.000000000,-13.632221222,14.790875435,-16.989599228,-8.232502937,-0.031531267,1.462219596,1.336682916,-2.696899652,-0.363967210,-0.923431039,0.884618998,-8.035777092,2.125754356,1.391180634,-4.678458691,0.588023067,-1.356359124,-0.622266233
24,479.987,1786876812713.041,11600530.976,0.000000000,-9.514694214,-7.536752224,5.880523682,0.342643827,0.124926738,-0.123965055,11.910087585,-1.106943965,-1.727244496,-21.479709625,41.786643982,-12.049423218,10.248864174,-14.425292969,-6.436517239,-0.410977095,1.944590211,0.968838453,-2.892554045,-0.182539418,-1.164737940,0.711239517,-7.276989460,2.819225550,1.278327107,-5.234780312,0.668040693,-1.672454834,-0.525664389
25,499.991,1786876812733.045,11600550.980,0.000000000,6.603115082,-5.123000145,3.519318819,-1.016806245,2.157658577,-0.236662209,-1.782728672,5.490723133,-5.305885792,-17.855655670,21.663974762,-6.956933022,3.285632372,-6.519884109,-8.463358879,-0.938207567,2.141587019,0.352414072,-3.013035536,-0.234412894,-1.317459941,0.551930308,-5.469280243,2.548069954,0.791256666,-5.845473289,0.544664919,-1.898014665,-0.552833200
26,519.987,1786876812753.042,11600570.977,0.000000000,31.526477814,18.833768845,-3.888527393,-51.940586090,35.396793365,9.248503685,-15.591444969,6.057212353,-8.953220367,-19.776220322,0.250871629,-0.927013993,-5.733303070,7.270135880,-18.375732422,-0.744767547,1.713625550,-0.382669240,-5.123481750,0.070971511,-1.639223456,0.322688967,-3.036317348,1.363504052,-0.109910257,-7.218454838,0.220036611,-2.170525074,-0.750736117
27,539.988,1786876812773.042,11600590.977,0.000000000,40.939281464,19.323736191,-7.873835087,-53.641090393,50.000000000,5.251496792,-16.859519958,6.264655590,-7.685297966,-9.567341805,-4.143544674,0.185245439,-7.487444878,22.513542175,-21.410429001,0.085192032,1.111806989,-0.011573032,-6.284819126,0.524107873,-2.043522120,0.355704874,-1.553876042,-0.654349267,-1.112086654,-6.327445507,0.139619872,-2.106839895,-0.883090019
28,559.988,1786876812793.042,11600610.977,0.000000000,45.283889771,13.529537201,-6.913376808,-27.419069290,50.000000000,2.625957012,-14.036365509,1.914471626,-2.844850063,4.063482761,-0.364414513,0.162042946,-5.053164959,28.756757736,-20.285869598,1.098208308,0.996364832,0.281444281,-5.119112492,0.433385432,-1.931753993,0.491765141,-0.365777999,-1.988309383,-1.234246731,-3.178013563,-0.083000660,-1.557739139,-0.663120449
29,579.987,1786876812813.041,11600630.976,0.000000000,53.451702118,9.571560860,-9.344606400,-20.869146347,50.000000000,2.474920511,-21.829668045,-1.158498168,0.181538403,-0.011042957,-0.349544138,-0.044354193,-6.945499897,29.297803879,-20.030994415,1.605003119,1.127953529,0.521757662,-2.759420156,0.405479133,-1.418786168,0.447753161,1.602485180,-2.551531553,-1.232839823,-0.339302421,-0.095245972,-0.698404610,-0.412665963
30,599.993,1786876812833.047,11600650.982,0.000000000,60.174041748,12.131278038,-8.117708206,-14.513261795,50.000000000,3.255398750,-28.529775620,-4.675347328,0.945780456,-6.139571190,-0.671471357,-0.062707007,-11.407584190,26.329627991,-19.347339630,1.258864164,0.803407788,0.519743443,-1.942913771,0.436430097,-0.740376294,0.290468037,4.066952705,-2.930972338,-1.147465706,0.760888696,-0.069755137,0.076540805,-0.290237933
31,619.992,1786876812853.046,11600670.981,0.000000000,56.618175507,16.798294067,-6.881569862,-4.160523415,44.087570190,3.875833035,-26.015550613,-11.279556274,4.721114635,-8.054237366,-0.751196921,-0.206388354,-14.167667389,20.607261658,-18.229965210,0.691475153,0.380726308,0.215577081,-1.904255867,0.273118526,-0.730661094,0.165763199,5.382729053,-2.969299316,-1.297420263,0.753701687,-0.033858806,0.245953634,-0.344769835
32,639.990,1786876812873.044,11600690.979,0.000000000,34.390766144,16.967517853,-4.534798145,1.544332623,30.825399399,3.407973528,-5.030945778,-15.211766243,10.549518585,-2.466203213,0.013090036,-0.397201270,-10.741929054,11.933655739,-18.213634491,0.630425215,0.054379363,0.313082725,-1.705189109,0.073241584,-0.865813375,0.222507745,5.163383007,-2.480830431,-1.266584396,0.477930784,-0.126373604,0.281166792,-0.378100216
33,659.988,1786876812893.042,11600710.977,0.000000000,3.943807602,11.424194336,-6.467354298,-7.397573471,12.597658157,3.807557583,19.283445358,-10.095006943,9.990899086,8.345128059,0.323906779,-0.027635423,-0.741110325,4.090218067,-16.200258255,0.877089977,-0.258954525,0.612164140,-1.366206646,-0.457761496,-0.832378566,0.423738360,2.678065300,-1.694322467,-0.748401582,-0.172313944,-0.069428720,0.140143037,-0.344688654
34,679.989,1786876812913.043,11600730.978,0.000000000,-25.984905243,0.932056010,-3.331797838,-23.776796341,-2.306252480,0.177258655,34.883842468,-9.554471016,3.945110798,-16.302820206,35.258228302,-9.728407860,13.468352318,-6.732922554,-14.593456268,2.195771217,-0.397623867,1.007690191,-0.870472252,-0.655473053,-0.484291196,0.599843383,-1.569114327,-0.594382942,0.196741387,-1.253060579,0.068765901,-0.173287630,-0.134958372
35,699.988,1786876812933.042,11600750.977,0.000000000,-31.992351532,-5.507541180,1.292171836,-12.257482529,-2.467947960,-0.226503640,41.516212463,-10.722286224,8.434181213,-5.090044498,40.301364899,-11.073651314,19.049942017,-14.544887543,-10.275863647,2.161051035,-0.045436136,0.996026039,-0.750566244,-0.478408575,-0.445995659,0.715072811,-5.172948360,-0.156079426,0.827622056,-3.010401249,0.080589853,-0.457572639,-0.130934343
36,719.988,1786876812953.042,11600770.977,0.000000000,-25.581001282,-6.724725246,1.997627854,-4.419864655,-0.405048430,0.005459459,35.053600311,-8.417391777,8.398356438,-4.321499348,38.778610229,-10.821824074,13.663089752,-15.110464096,-8.681159019,1.854050040,0.759249687,0.445516169,-0.405528098,-0.150397718,-0.376625657,0.529310465,-6.147716045,0.575943291,0.809495151,-3.696045160,0.324659288,-0.863758683,-0.265841186
37,739.995,1786876812973.049,11600790.984,0.000000000,-14.239972115,-6.881269455,2.886630535,-1.060971260,0.627160668,0.074934460,21.087285995,-4.561826229,4.806902409,-9.531110764,30.184156418,-9.051663399,7.303880692,-11.169611931,-7.988132954,1.270617723,1.611094117,-0.071802691,-0.667525828,-0.184963897,-0.487151951,0.336849928,-5.211473942,0.937432826,0.100073464,-4.260494709,0.576551378,-1.152411342,-0.443058759
38,759.989,1786876812993.043,11600810.978,0.000000000,-1.028725743,-5.036718845,1.278515935,3.066263914,1.532244802,0.129042670,7.716840267,-1.964222074,2.351256847,-10.105569839,17.817602158,-5.688718319,2.660747290,-6.050950527,-7.916524410,0.575518727,2.083172321,-0.519253492,-0.826989532,-0.177416965,-0.562312126,0.169611484,-3.837051153,1.135848403,-0.365216166,-4.107593060,0.598191857,-1.132509232,-0.521694601
39,779.988,1786876813013.042,11600830.977,0.000000000,16.408008575,11.590393066,-6.543982029,-22.777519226,-2.844154596,2.250374794,-8.287006378,-1.783378720,-1.881795883,-10.468452454,4.499252319,-2.003039122,-5.059765339,1.923932433,-11.449686050,-0.489649087,1.147059083,-0.801412702,-1.466842055,-0.084258668,-0.691396713,0.064614579,-2.315550804,0.794302583,-0.976600587,-4.118268013,0.354611933,-1.041011810,-0.568747401
40,799.989,1786876813033.043,11600850.978,0.000000000,32.820983887,23.208177567,-13.071969032,-45.172363281,36.691398621,1.972434282,-20.677141190,0.421743691,-5.010990143,-16.483612061,-3.137556076,-0.254172742,-10.996930122,13.647664070,-14.786410332,-1.323613644,0.004243776,-0.601013660,-3.208615541,0.501757622,-0.945909262,-0.010208752,-0.125412941,-0.798841417,-1.476348162,-3.677473545,0.518438935,-0.930846393,-0.709570825
41,819.991,1786876813053.045,11600870.980,0.000000000,43.825309753,21.022640228,-11.858002663,-25.710422516,47.785598755,0.311081797,-16.634572983,-0.174192280,-2.450046778,0.041570727,-0.427322417,0.022303089,-8.321115494,20.801710129,-16.482397079,-0.375689238,0.018534794,-0.275068134,-4.533310890,0.718298793,-1.256922007,0.106200047,1.206632257,-1.874541283,-0.861473382,-2.606114626,0.020539863,-0.945962965,-0.583346725
42,839.990,1786876813073.044,11600890.979,0.000000000,50.376663208,17.617273331,-12.337037086,-23.960727692,47.078742981,-0.033485193,-18.710651398,-0.352292091,-1.422608495,0.234077469,-0.224377260,0.011332700,-7.734125137,22.910703659,-19.978385925,0.981572509,0.081157684,-0.475603253,-3.985472679,0.505641699,-1.503984928,0.227014571,2.339538336,-2.407454014,-0.723100066,-1.724731088,-0.100030549,-0.866007507,-0.193363965
43,859.990,1786876813093.044,11600910.979,0.000000000,54.136764526,15.478255272,-12.929406166,-22.888336182,43.925617218,0.544953704,-20.136854172,-1.530257702,-0.322542131,-2.051244974,-0.445137590,-0.063320152,-8.574481964,22.364068985,-22.593782425,1.496923447,-0.077642441,-0.531327844,-3.342796803,0.437522054,-1.340934873,0.288364202,3.282448292,-2.759979725,-0.790957093,-1.105566740,-0.028278859,-0.611561954,-0.100676380
44,879.989,1786876813113.043,11600930.978,0.000000000,49.152793884,14.821183205,-10.458550453,-13.247982979,39.645030975,0.847638428,-15.013829231,-6.234010220,3.271157265,-3.175081491,-0.446269751,-0.182100028,-7.815671921,18.792968750,-23.365468979,1.813323259,0.013379065,-0.387760580,-3.046522379,0.209720150,-1.361254692,0.399363399,2.980036259,-2.782328844,-1.013664961,-1.128136039,-0.000274146,-0.448848963,-0.220086977
45,899.989,1786876813133.043,11600950.978,0.000000000,38.292106628,14.786600113,-8.300433159,-10.241725922,33.089637756,0.930738628,-5.602310658,-7.826074600,5.134829044,-0.220051348,-0.050060954,-0.255615026,-6.431275845,13.965234756,-23.370201111,1.637094617,-0.140100121,-0.288375199,-2.950097561,0.169681862,-1.361938715,0.411315739,2.171016216,-2.302904129,-1.148627877,-1.193366289,-0.015983663,-0.344179541,-0.290629357
46,919.988,1786876813153.043,11600970.978,0.000000000,22.442180634,9.395882607,-1.963155746,-13.231605530,23.980270386,0.595069408,2.224359751,-7.198842525,2.224276781,-23.471029282,9.271607399,-3.816090107,-1.042312145,7.097697258,-22.605463028,1.340813041,-0.371472180,-0.214087233,-2.913852930,-0.197849795,-1.454308391,0.432050407,0.602711082,-1.548106432,-1.036342502,-1.710515141,-0.010565714,-0.302145481,-0.282927245
47,939.987,1786876813173.041,11600990.976,0.000000000,17.934133530,0.553924859,4.850449085,-11.935216904,19.675304413,0.030705674,4.312105179,-5.907104015,-0.008437807,-27.226753235,28.663770676,-7.622450352,5.542583942,0.199311078,-21.115461349,0.943753421,0.335146189,0.030826855,-3.593107939,-0.372521490,-1.723997831,0.607641995,-1.929734468,-0.972360313,-1.123849869,-3.294965267,-0.022148300,-0.388235480,-0.260023892
48,959.990,1786876813193.044,11601010.979,0.000000000,13.574310303,-7.525368214,7.641129494,-11.127191544,19.574420929,-0.145919740,8.384583473,2.185784340,-1.530021310,-21.572340012,35.103294373,-8.538187981,3.760321140,-2.536763191,-19.650758743,0.581119895,1.198019385,0.417316794,-3.393252373,0.060832024,-1.643131733,0.488830894,-2.981953859,-0.543104231,-1.445988894,-4.268046856,0.170788363,-0.569605708,-0.411470771
49,979.987,1786876813213.041,11601030.976,0.000000000,9.238842964,-10.637669563,9.588160515,-12.569409370,17.981723785,-0.174659342,9.938249588,6.516187668,-2.464279413,-19.143568039,33.462207794,-8.102297783,1.957567692,-3.543872118,-18.026723862,0.347015887,1.810648561,0.558005810,-2.680245876,0.123575479,-1.355756521,0.420147121,-2.816539288,-0.489582688,-1.379546165,-4.606603146,0.365007371,-0.687676191,-0.585034549
50,999.987,1786876813233.042,11601050.977,0.000000000,6.504237175,-10.144382477,10.088882446,-12.813371658,16.400245667,-0.360676438,10.521720886,6.346752167,-2.873482466,-17.712287903,29.882505417,-7.237771034,1.451854944,-3.745693207,-16.583639145,0.433074623,2.301314354,0.695279241,-1.782660842,-0.039806716,-1.089212537,0.406182498,-2.265300274,-0.660526633,-1.219011188,-4.411198139,0.362576872,-0.822979987,-0.668395758
51,1019.992,1786876813253.046,11601070.981,0.000000000,6.265881538,-8.672086716,9.429821014,-12.991689682,15.646423340,-0.391932875,8.957043648,5.902664185,-3.062096119,-16.199201584,24.681894302,-6.422526836,0.960395336,-2.791185141,-15.262829781,0.667865634,2.027997971,0.462244362,-1.567614436,-0.199435815,-0.941138983,0.375477165,-1.883253336,-0.608807743,-1.117606997,-4.030835629,0.292486995,-0.805921137,-0.635594726
52,1039.988,1786876813273.042,11601090.977,0.000000000,9.362883568,-6.157339573,8.394485474,-11.958681107,16.459194183,-0.479740649,4.321563721,5.525218010,-3.878771544,-14.524250984,19.113439560,-5.255872250,0.313630521,-0.436869323,-13.938929558,0.832945287,1.432746053,0.228843868,-1.452271700,-0.164248481,-0.865248322,0.325098246,-1.613040805,-0.411177099,-0.970875144,-3.536534071,0.246652350,-0.743416548,-0.563215494
53,1059.989,1786876813293.044,11601110.979,0.000000000,13.849528313,-4.004129410,7.490869999,-9.501514435,17.783664703,-0.517450213,-1.167829156,5.193340302,-5.176181316,-12.325414658,13.757310867,-3.801299810,-0.551127732,2.832295418,-12.283011436,0.481175870,0.685450673,-0.069104187,-1.672954679,-0.031971030,-0.796306908,0.275010616,-1.434499264,-0.007586115,-0.655985236,-3.132815123,0.292726040,-0.687943518,-0.537302554
54,1079.987,1786876813313.041,11601130.976,0.000000000,16.378286362,-3.941791296,7.084852219,-7.569128513,18.660175323,-0.442398906,-4.488835335,5.668021202,-5.541186810,-10.256994247,10.202211380,-2.460060835,-1.549038172,5.121837616,-10.878011703,0.316727996,0.466551393,-0.210378617,-1.703590274,0.143770650,-0.768118739,0.185008690,-1.016455054,0.031877000,-0.384689808,-2.512817144,0.194946200,-0.578294456,-0.438848346
55,1099.987,1786876813333.041,11601150.976,0.000000000,17.290273666,-4.366512299,7.098784924,-5.915701866,18.594781876,-0.389342487,-5.775944233,5.619352818,-5.114685535,-9.656040192,8.574569702,-1.999624610,-1.958544970,5.971309185,-9.938544273,0.224820837,0.241575509,-0.282038927,-1.734695196,0.221963137,-0.734677672,0.144302741,-0.645889163,-0.142400891,-0.209519044,-1.841214180,0.182997391,-0.497822881,-0.423259228
56,1119.988,1786876813353.042,11601170.977,0.000000000,17.750831604,-5.068512440,7.167309284,-5.716026783,19.301414490,-0.284844130,-5.876871109,5.720399857,-4.720104218,-9.994465828,8.851861954,-2.117511988,-1.987778664,6.304790020,-9.994424820,0.383966327,0.503690362,-0.132007211,-1.860256553,0.195159733,-0.747837424,0.168531120,-0.447848737,-0.464299798,-0.253006846,-1.598304987,0.272079974,-0.450346172,-0.400324166
57,1139.988,1786876813373.042,11601190.977,0.000000000,17.359231949,-5.282891273,7.177683830,-6.413180351,19.993757248,-0.258994848,-4.570723534,4.937275410,-4.037991047,-11.024033546,11.062537193,-2.795680761,-1.648434043,5.981439114,-10.690312386,0.433007151,0.731886685,0.111930415,-1.958100677,0.166690826,-0.776654601,0.165496349,-0.349468797,-0.743733943,-0.369861573,-1.654215813,0.344265997,-0.458739311,-0.413071930
58,1159.989,1786876813393.044,11601210.979,0.000000000,16.584711075,-4.909408569,7.038644314,-6.490348339,21.085851669,-0.219070241,-2.379501104,3.526166201,-2.982417583,-11.900756836,13.921345711,-3.194581270,-1.399560690,5.291241646,-11.819277763,0.394557565,1.040957332,0.340799034,-1.984507799,0.140963212,-0.811294615,0.173083961,-0.355103195,-0.966564417,-0.486622334,-1.751142979,0.447132558,-0.537864804,-0.503951430
59,1179.987,1786876813413.042,11601230.977,0.000000000,15.524313927,-4.071533680,6.662545204,-7.488991261,21.254220963,-0.057573631,-0.409524888,2.299474239,-1.978729963,-13.304736137,16.614557266,-3.829973221,-0.951101780,4.533301353,-13.194778442,0.406788379,1.242782712,0.522520602,-2.022741795,0.116880588,-0.871494412,0.202353388,-0.420173466,-1.048460722,-0.552727103,-1.935824633,0.487386584,-0.574427903,-0.554745495
60,1199.988,1786876813433.042,11601250.977,0.000000000,14.325387955,-3.302957296,6.293428421,-8.828158379,20.564628601,0.152638450,1.738996863,1.492417455,-1.115779400,-14.520107269,18.830942154,-4.446383953,-0.460608751,3.933127642,-14.357361794,0.477628410,1.296010137,0.640157819,-2.093769789,0.110103548,-0.960031211,0.242874742,-0.584682047,-1.037770987,-0.524313986,-2.171780109,0.507280827,-0.592335939,-0.593228161
61,1219.989,1786876813453.043,11601270.978,0.000000000,13.120416641,-2.825520754,6.294414997,-8.915757179,20.199338913,0.418801308,3.704791307,0.279561937,-0.160207525,-15.257132530,20.505023956,-5.042962074,-0.187270850,3.167110920,-15.409056664,0.576792955,1.387606502,0.683613837,-2.104428053,0.084857792,-1.020213842,0.271723956,-0.787889361,-1.038897872,-0.511298060,-2.416554213,0.545240104,-0.600432873,-0.613344967
62,1239.988,1786876813473.042,11601290.977,0.000000000,11.604863167,-2.515113592,6.669880390,-8.016906738,19.154975891,0.719114542,6.219086170,-1.342705727,1.046614408,-16.309759140,22.002706528,-5.678421497,0.136801794,2.147917747,-16.242771149,0.634945512,1.301460385,0.728679121,-2.060044527,0.063842975,-1.033110023,0.263047814,-1.043742061,-0.972552776,-0.513785541,-2.674813032,0.492658526,-0.542467773,-0.632457912
63,1259.989,1786876813493.043,11601310.978,0.000000000,7.136619091,-3.386884451,7.325291157,-4.803627491,15.194953918,1.158809185,10.753631592,-4.012181282,3.341682673,-17.478067398,24.423660278,-6.658598423,1.582338691,0.332390130,-16.213943481,0.880157948,1.420538783,0.925356448,-1.924685836,-0.026987799,-1.021026850,0.259433210,-1.437791586,-0.855605543,-0.545476377,-2.811423302,0.551522315,-0.511044502,-0.657097876
64,1279.987,1786876813513.041,11601330.976,0.000000000,-13.730162621,-7.562066555,7.702027798,-9.918980598,-1.695165634,0.554928541,23.678081512,-8.230443001,7.912940979,-16.125223160,29.170499802,-8.422396660,5.783466816,-2.730920076,-12.371498108,1.114848971,1.680674791,1.456144214,-1.496752977,-0.289178520,-0.922383845,0.344650596,-2.673903942,-0.554354072,-0.434723765,-2.700714350,0.635328531,-0.505849063,-0.621127725
65,1299.993,1786876813533.047,11601350.982,0.000000000,-28.590795517,-8.066300392,5.368364811,-19.248872757,-3.891832352,-0.035153188,34.177234650,-7.844969749,11.411280632,-8.557008743,31.120269775,-8.427902222,9.114497185,-2.476597309,-9.320258141,1.378286004,1.970081091,1.640024900,-0.858572364,-0.533961713,-0.701962888,0.384516805,-4.249116898,-0.317585558,-0.101350881,-2.444615602,0.537197948,-0.511897385,-0.458823323
66,1319.988,1786876813553.043,11601370.978,0.000000000,-18.807090759,-5.128592014,2.633748293,-6.041373730,-0.578916430,0.074481145,27.265296936,-7.576951504,10.138971329,-7.912885666,27.748252869,-7.571000576,6.943856239,-1.414591074,-8.728971481,1.327033997,1.570994735,0.988059282,-1.070851922,-0.401239514,-0.666779757,0.299707234,-4.304318428,0.231833786,-0.011864948,-2.546717644,0.357658923,-0.614171505,-0.389940143
67,1339.990,1786876813573.045,11601390.980,0.000000000,-1.465251327,-2.502446175,-0.024276434,3.725661755,0.259344280,0.170318440,13.217437744,-7.727013588,7.364095211,-8.688367844,20.096704483,-6.205957890,1.971051931,0.014594465,-10.197270393,-0.007529383,1.281157613,0.323985308,-1.707171202,-0.179680526,-0.815315843,0.298102677,-3.218545198,0.668128252,-0.051714212,-2.802998304,0.449646473,-0.720397890,-0.455194324
68,1360.000,1786876813593.054,11601410.989,0.000000000,26.067071915,7.792819977,-3.448988914,-10.197035789,13.070779800,-0.146936432,-4.530310631,-9.831777573,4.800451756,-12.523225784,9.454227448,-3.491364717,-5.798109055,2.106850386,-15.572885513,-1.741473556,0.496879041,-0.420380116,-2.444355011,0.097670034,-0.933597744,0.086328104,-0.318742722,0.586975157,-0.213856786,-2.671017885,0.402433634,-0.774113774,-0.406747848
69,1379.994,1786876813613.048,11601430.983,0.000000000,45.548480988,19.829011917,-9.454998016,-23.882722855,32.001560211,-0.102460392,-25.660324097,-8.467866898,2.965797663,-22.602357864,-2.394523144,-0.068199687,-10.996763229,10.838188171,-20.130508423,-2.002298832,-0.560405493,-0.578800797,-4.286638737,0.564220965,-1.256062627,0.102309629,1.859324217,-0.690585911,-0.475174785,-3.230900526,0.055461135,-0.949744701,-0.433276057
70,1399.991,1786876813633.045,11601450.980,0.000000000,50.662227631,19.491477966,-10.255315781,-15.955568314,35.019145966,-1.333685994,-23.460062027,-6.945177555,-0.903573692,-25.933176041,1.136358023,-1.478252769,-11.757655144,16.491281509,-23.802652359,-1.408892512,-0.425296068,-0.068383597,-4.913668633,0.674957871,-1.364255905,0.033021688,2.890117645,-1.534242749,-0.853682458,-2.895869493,-0.511028349,-0.864951968,-0.322192252
71,1419.988,1786876813653.043,11601470.977,0.000000000,58.644279480,16.732521057,-9.268388748,-6.507574558,38.441524506,-1.010392904,-30.278627396,-6.509117603,-1.383177161,-17.708396912,-0.458863020,-0.160458565,-10.141857147,17.330036163,-23.478151321,-0.877747178,0.290409952,-0.098140456,-4.768805981,0.326419771,-1.636293411,0.162258819,2.783989668,-1.901363254,-1.309372067,-2.547817230,-0.276526123,-0.826477110,-0.207476899
72,1439.987,1786876813673.041,11601490.976,0.000000000,65.767189026,10.861461639,-7.964028835,0.621938229,40.816394806,-0.392674148,-36.353557587,-4.420655727,-2.065148830,-29.721008301,2.094677687,-1.396184921,-7.987345695,16.402788162,-22.652862549,-0.193077266,0.489535093,0.189581111,-4.353955269,0.312868625,-1.690793872,0.319504589,2.372623205,-2.126734018,-1.454524994,-2.582131863,-0.022525601,-0.739446640,-0.300874591
73,1459.989,1786876813693.043,11601510.978,0.000000000,55.745170593,1.553206682,-0.597600460,0.696752548,36.301017761,-0.708418310,-24.367668152,-1.100391507,-3.377434731,-29.475549698,16.754920959,-4.969670296,-4.802814960,11.921847343,-24.395980835,0.644638598,0.902957022,0.717471600,-3.578429222,0.214742675,-1.585545063,0.474027872,1.300829887,-2.702689171,-1.425594449,-2.526274204,-0.024138706,-0.555728137,-0.406227946
74,1479.987,1786876813713.041,11601530.976,0.000000000,42.881000519,-4.488824368,5.477033615,-4.397782326,28.234926224,-0.687753975,-12.255931854,0.720164835,-3.522575617,-30.218492508,29.738601685,-7.019101143,-2.349013567,6.598176479,-25.674341202,0.880285203,1.345879793,0.754825234,-3.574073076,0.212854907,-1.596473217,0.666284740,0.446604371,-2.857851744,-1.638702154,-2.772226095,0.127393961,-0.460774839,-0.468246847
75,1499.986,1786876813733.041,11601550.976,0.000000000,30.473243713,-9.491832733,9.186295509,-7.082764149,22.075439453,-0.389183611,-0.880821347,2.843975067,-2.413929462,-27.905532837,35.085521698,-8.379403114,0.382362068,1.200961590,-25.649276733,0.961201251,1.517916679,0.857325077,-3.455320835,-0.034185715,-1.651119232,0.600693822,-0.485470593,-2.414403200,-1.493825316,-3.304319143,0.430719346,-0.480756581,-0.600385308
76,1519.990,1786876813753.044,11601570.979,0.000000000,19.887727737,-10.898800850,10.976584435,-9.323215485,17.554531097,-0.181815192,7.048458576,4.757994175,-2.572807312,-24.235498428,33.569030762,-8.206951141,1.680530548,-2.664062023,-24.456104279,0.812778473,1.391243815,0.738203585,-2.917879105,-0.331335425,-1.588741541,0.435079187,-1.241111159,-1.525913119,-1.247132421,-3.642719507,0.557048619,-0.511884809,-0.726982057
77,1539.988,1786876813773.042,11601590.977,0.000000000,14.549113274,-11.248830795,11.518948555,-9.647798538,15.049807549,-0.089306928,8.995430946,6.415234566,-3.164294243,-20.796363831,28.580404282,-7.201067924,2.387585402,-4.967490673,-21.925455093,0.900063396,1.117748260,0.544347107,-2.395327330,-0.205921322,-1.435785174,0.336232960,-1.778754115,-0.835014999,-0.983785748,-3.874888420,0.525949001,-0.653266847,-0.678200841
78,1559.987,1786876813793.042,11601610.977,0.000000000,10.019005775,-10.567446709,10.339807510,-9.838874817,13.174722672,-0.090155505,8.355302811,8.601757050,-4.588891029,-15.930766106,21.919214249,-5.730247021,2.892951965,-4.213543415,-17.950994492,1.353004575,0.970556736,0.341220975,-1.593908310,-0.201548800,-1.057796478,0.315425247,-2.249984741,-0.534884512,-0.531808019,-3.884524345,0.563493490,-0.789823174,-0.655638218
79,1579.992,1786876813813.046,11601630.981,0.000000000,9.647371292,-9.123771667,9.406923294,-6.899584293,12.564188004,-0.212108031,4.563386440,8.517866135,-5.295777798,-12.703631401,17.020446777,-4.307267666,2.596431017,-1.793060422,-13.706249237,1.518080115,0.833715558,0.062245529,-1.170543432,-0.129203111,-0.780889571,0.224189162,-2.537879944,-0.282067358,-0.424559802,-3.450207710,0.483258724,-0.749362469,-0.715624511
80,1599.987,1786876813833.042,11601650.976,0.000000000,11.856479645,-7.856185436,8.577116966,-3.821008444,13.076736450,-0.261054486,0.304836243,6.903587818,-5.286787510,-11.810962677,13.938273430,-3.484696150,1.780919790,0.818593442,-11.392044067,1.342178583,0.602163076,-0.230779856,-1.177140713,-0.051581055,-0.660834253,0.051576555,-2.350536108,-0.058960643,-0.303089738,-2.916104555,0.512233019,-0.621335208,-0.670110345
81,1619.986,1786876813853.040,11601670.975,0.000000000,15.207726479,-7.203325272,8.109198570,-1.715398073,14.602674484,-0.234264612,-3.334119081,5.501536846,-4.731990814,-12.615011215,12.697611809,-3.212514877,0.962065101,3.123289824,-10.621646881,1.190287948,0.496659577,-0.413907170,-1.318972468,-0.065167584,-0.664994836,-0.065606572,-1.747623682,0.126677617,-0.069949806,-2.397467852,0.497628093,-0.591514170,-0.580539286
82,1639.988,1786876813873.042,11601690.977,0.000000000,18.158020020,-7.156437874,7.608890533,0.240509376,15.823241234,-0.281544179,-5.723845005,3.937880278,-3.931953430,-13.694660187,12.989151001,-3.361703157,0.279020756,4.437094212,-10.493340492,0.891951025,0.447958857,-0.450265676,-1.504214168,0.025463976,-0.666902363,-0.123238944,-1.340320587,0.153885856,0.065202221,-1.911744952,0.435015917,-0.630230010,-0.569549799
83,1659.988,1786876813893.042,11601710.977,0.000000000,20.373807907,-6.371322155,7.560447216,-0.026188349,16.430986404,-0.302114516,-7.369604588,2.481820345,-3.600604057,-16.469930649,14.041133881,-3.746492147,-0.478252888,4.964818001,-10.931279182,0.662700891,0.367121994,-0.446070105,-1.823357344,0.067587189,-0.710795462,-0.084750175,-0.912580609,0.011463351,0.114390284,-1.675843239,0.437593818,-0.653903902,-0.500525177
84,1679.987,1786876813913.042,11601730.976,0.000000000,20.425920486,-6.374015808,7.364397049,-0.926928461,16.924074173,-0.322954655,-7.391438007,1.708705544,-3.051347971,-18.968572617,15.798248291,-4.025343418,-0.587774932,4.803335190,-11.586928368,0.508547902,0.502550960,-0.163295791,-1.995642424,0.108111165,-0.802466333,-0.026003381,-0.637715995,-0.182984561,0.053827472,-1.692463875,0.431255996,-0.658871591,-0.473655999
85,1699.988,1786876813933.042,11601750.977,0.000000000,19.883790970,-6.402086735,7.193005562,-2.234704494,17.468803406,-0.233574063,-6.390596867,1.280947685,-2.561646223,-20.611639023,17.626037598,-4.464256287,-0.417124718,4.238825321,-12.432715416,0.369139165,0.700054705,0.162234575,-2.082866192,0.077300213,-0.850507319,0.079432227,-0.546677947,-0.378680050,-0.041507863,-1.869854808,0.463011116,-0.666821897,-0.473847240
86,1719.989,1786876813953.043,11601770.978,0.000000000,19.193960190,-6.188094139,7.009622574,-3.648536444,18.045301437,-0.081729129,-5.269420624,1.102546453,-2.313131571,-21.676548004,18.805320740,-4.873085976,-0.312078625,3.662728548,-13.422558784,0.241124973,0.873662055,0.415949941,-2.139956474,0.041376431,-0.837597966,0.170047954,-0.575168848,-0.564059138,-0.174495175,-2.133593321,0.489363581,-0.687959015,-0.491810739
87,1739.988,1786876813973.042,11601790.977,0.000000000,18.942647934,-5.743609905,6.743083000,-4.800015926,18.722139359,0.128255725,-4.067686081,1.087207556,-2.203753233,-22.121953964,19.385484695,-5.129309177,-0.239626169,3.261308193,-14.433320045,0.161770478,1.011834145,0.584219396,-2.178067684,0.027323060,-0.849107921,0.223479941,-0.722111762,-0.721910894,-0.339711159,-2.398562431,0.492632151,-0.712922215,-0.524950504
88,1759.988,1786876813993.043,11601810.978,0.000000000,19.272703171,-5.130411148,6.348169327,-5.816683292,19.414091110,0.373426110,-3.125730991,1.215515018,-2.261665821,-21.817533493,19.426986694,-5.214659691,-0.269981205,3.253442049,-15.509672165,0.140370041,1.095671058,0.642407954,-2.245021582,0.051006474,-0.882148504,0.243014663,-0.888953686,-0.827243328,-0.517170727,-2.628391266,0.494570643,-0.733590782,-0.566149771
89,1779.989,1786876814013.044,11601830.979,0.000000000,20.450695038,-4.183264256,5.569144249,-7.139842033,20.310029984,0.675405324,-2.663295984,1.597694993,-2.500965118,-20.251979828,18.682525635,-5.041655064,-0.632424474,3.734617233,-16.611749649,0.143316314,1.074180126,0.568791449,-2.349858999,0.126713708,-0.913901567,0.228871629,-1.020545483,-0.898925364,-0.707354784,-2.807812691,0.502460063,-0.750702202,-0.615376234
90,1799.989,1786876814033.043,11601850.978,0.000000000,23.795639038,-1.222633362,2.877062559,-8.856434822,22.018457413,1.240305305,-3.468827963,2.398985147,-3.347198248,-15.936875343,15.234962463,-3.939713001,-2.130364180,5.125513077,-17.523380280,-0.000057373,0.912337720,0.345312834,-2.370218992,0.204500273,-0.939832270,0.164157778,-0.947293937,-1.075727582,-0.881082416,-2.843392134,0.525581777,-0.770628214,-0.699138105
91,1819.990,1786876814053.045,11601870.980,0.000000000,35.603694916,6.675427914,-4.294937611,-10.684893608,26.129024506,2.395944357,-18.650295258,1.176706195,-4.279512882,-13.309050560,-0.100031376,-0.375385612,-7.246261597,9.227101326,-15.460531235,-0.433427662,0.223701790,-0.070405401,-2.539821625,0.332027406,-0.931022048,0.064797521,-0.153637484,-1.438747525,-1.159561038,-2.656481504,0.546737850,-0.717698693,-0.757449448
92,1839.988,1786876814073.042,11601890.977,0.000000000,43.847072601,14.357135773,-9.755233765,-4.387932777,28.426425934,3.120164394,-33.606399536,-11.143542290,2.920552969,-21.558141708,-2.424706221,-0.095261358,-11.210680008,13.264883995,-11.270714760,-1.068310499,0.062272843,0.027537338,-2.764000177,0.377270579,-0.956119239,-0.013802904,0.788953006,-1.714319944,-1.284766436,-2.271323442,0.489633441,-0.495999515,-0.748343468
93,1859.990,1786876814093.044,11601910.979,0.000000000,31.939750671,7.642099857,-3.700927734,1.969716907,23.296636581,1.873494744,-16.344987869,-10.444891930,5.759729862,-8.558546066,-0.242731050,-0.124120131,-6.301865578,11.874104500,-12.685544968,-0.390560150,0.597480357,1.016229153,-2.523437262,0.168040022,-0.884261489,0.038401749,0.789819837,-1.632921338,-0.720469594,-1.651441216,0.072694547,-0.325110376,-0.558100879
94,1879.987,1786876814113.042,11601930.976,0.000000000,18.988075256,1.585121870,1.254585862,-4.087834835,16.831205368,1.831672311,-5.365962029,-4.468098640,1.611757040,-11.207613945,2.395412922,-0.589460075,-1.861630917,6.925063133,-13.903162956,0.010751806,0.648923755,0.906187296,-2.101930380,-0.231161356,-0.950071752,0.118741594,0.273648411,-1.028713822,-0.267732948,-1.276945710,-0.080462828,-0.251791507,-0.339001834
95,1899.987,1786876814133.042,11601950.976,0.000000000,8.242605209,-7.769415379,6.434893608,-6.928989887,14.875819206,1.988706112,13.535203934,1.298853755,-0.641538262,-14.136092186,30.321208954,-7.333306313,4.942258358,0.258865356,-17.695552826,0.739609063,0.740150273,1.261063695,-2.161703587,-0.429447502,-0.974359334,0.347046793,-1.100994349,-1.041334987,-0.043016609,-2.011546612,0.055333562,-0.237823471,-0.285313070
96,1919.988,1786876814153.042,11601970.977,0.000000000,4.820807457,-13.456661224,10.310296059,-7.165328503,15.437790871,2.254770041,22.029561996,3.170932770,0.824422479,-17.687969208,41.802867889,-9.801858902,7.014089584,-4.144546986,-22.030075073,1.125165224,1.337866306,1.335961342,-2.666875601,-0.251901060,-1.023969531,0.560805857,-2.159138918,-1.155861974,-0.441228330,-3.244470119,0.150860891,-0.372952819,-0.402854681
97,1939.987,1786876814173.041,11601990.976,0.000000000,3.339231730,-14.769851685,12.407446861,-12.713804245,15.227468491,2.572675705,23.534944534,3.741066217,-0.197534561,-23.319551468,43.646831512,-7.046947956,5.980845928,-4.805819988,-24.618272781,1.298619747,1.430988312,1.286786199,-2.609050512,0.112309389,-1.129138947,0.504536629,-2.825374603,-1.072832108,-0.685841024,-4.265429974,0.222235322,-0.705911398,-0.690679073
98,1959.988,1786876814193.042,11602010.977,0.000000000,3.122607946,-14.131259918,13.219434738,-12.637989044,13.976657867,2.774336815,22.339452744,3.115538597,0.086410396,-25.670881271,41.410842896,-5.706820011,5.074944973,-5.110886097,-24.839956284,1.451061010,1.658890963,1.138016820,-2.460070610,-0.013673198,-1.181593537,0.453025550,-2.755529404,-0.618948400,-0.598385870,-4.716503143,0.364128530,-1.055908799,-0.848277152
99,1979.987,1786876814213.041,11602030.976,0.000000000,3.485472441,-12.852049828,12.445742607,-10.470017433,12.092611313,2.614682674,19.794044495,2.633984566,0.370830864,-25.482049942,37.748500824,-4.951573372,4.722393513,-5.197665215,-23.225551605,1.591516852,1.913626313,0.759922504,-2.092199802,-0.210422248,-1.159971356,0.435783893,-2.628327131,-0.242948577,-0.552943170,-4.804807663,0.579426765,-1.139689803,-0.799534082
100,1999.988,1786876814233.042,11602050.977,0.000000000,5.107219219,-12.320765495,11.390622139,-10.962267876,10.663704872,2.653932333,15.127664566,3.230577707,-0.491505444,-24.826831818,31.973056793,-4.531254292,3.497443199,-4.058025837,-20.873905182,1.550799489,1.596144676,0.386191130,-2.237519979,-0.224427208,-1.136176586,0.379523218,-2.668070078,-0.081866786,-0.592343748,-4.509845257,0.576831281,-1.116187215,-0.674542010
101,2019.987,1786876814253.041,11602070.976,0.000000000,7.324182510,-11.053412437,10.713320732,-11.868244171,11.027130127,2.708636999,9.783951759,4.756951809,-2.723499775,-20.733165741,24.981338501,-3.993309259,2.276210070,-0.665457606,-17.868230820,1.360475659,1.130346417,-0.023278335,-2.177660465,-0.241583914,-1.215777993,0.335469842,-2.537856102,-0.010606647,-0.510084152,-4.183286190,0.456622779,-0.976608694,-0.612361372
102,2039.989,1786876814273.043,11602090.978,0.000000000,12.163064957,-10.292310715,10.216037750,-8.667808533,14.571329117,3.528591156,4.731024742,5.708014011,-3.723288298,-15.745697021,20.265016556,-3.492138624,0.451719910,2.832054138,-15.653625488,1.037468195,1.063379765,-0.286703616,-2.094732523,0.039689060,-1.231823444,0.249785483,-2.132380962,-0.128831252,-0.729925990,-3.618983984,0.318596423,-0.799134970,-0.575512528
103,2059.989,1786876814293.043,11602110.978,0.000000000,16.524585724,-7.748085976,7.844884872,-5.402228832,16.647058487,3.879313231,0.762102962,5.248612404,-3.969636679,-10.791125298,15.538749695,-3.361485720,-1.746681333,5.584349155,-14.146722794,0.833828211,0.726936579,-0.499867320,-1.919377565,0.191708297,-1.055445313,0.085883230,-1.165845871,-0.349602222,-0.726979017,-2.490999222,0.451220334,-0.673591077,-0.532791734
104,2079.990,1786876814313.044,11602130.979,0.000000000,30.115997314,0.515367031,1.268517971,-4.125005245,20.216262817,4.855803967,-18.956726074,3.211373568,-5.261708736,-11.599868774,-0.329618365,-0.279777825,-7.525818348,10.159788132,-10.131358147,-0.140331015,-0.196799383,-0.914032221,-1.943486571,0.315793753,-0.897134542,-0.072271988,0.205332428,-0.695476532,-1.071872473,-1.700916409,0.442079514,-0.519456804,-0.575392187
105,2099.987,1786876814333.041,11602150.976,0.000000000,37.377124786,8.607796669,-4.036948681,2.138279438,20.886903763,5.455055714,-33.542259216,-10.228892326,2.316318989,-20.417501450,-2.008533955,-0.115592465,-11.547477722,13.563778877,-5.447124481,-1.240247726,-0.133813351,-0.573122680,-2.076581001,0.400353611,-0.816610038,-0.122387871,1.339891553,-0.971262634,-1.195280433,-1.114198923,0.404112577,-0.273824632,-0.602820933
106,2119.989,1786876814353.043,11602170.978,0.000000000,27.135608673,5.101860046,-0.878996372,7.059996128,16.321170807,4.165831566,-18.709403992,-10.262355804,4.777116776,-8.805621147,-0.444737494,-0.121913143,-7.199455738,11.640474319,-6.560067654,-0.929771364,0.414721817,0.533988118,-2.057480097,0.239683881,-0.739338756,-0.104130417,1.529491305,-0.871350348,-0.655592561,-0.610019982,0.004853318,-0.101766817,-0.393180132
107,2139.988,1786876814373.043,11602190.978,0.000000000,10.695707321,-0.101915486,2.753165483,5.253966808,11.098356247,3.186509848,2.941905499,-4.163725853,1.527988672,-16.104152679,11.533658028,-3.885013580,-2.053617954,6.066234112,-8.951094627,-0.405617028,0.596927702,0.917065799,-1.649933457,-0.225908697,-0.721846938,-0.025012299,1.151902556,-0.383634835,0.173323855,-0.252456784,-0.092512779,-0.075397193,-0.281549752
108,2159.988,1786876814393.042,11602210.977,0.000000000,0.763019145,-11.494839668,8.947498322,-2.318969727,9.870347977,2.531143188,18.475639343,-1.899649382,3.566332579,-15.452185631,32.815376282,-7.906549931,5.949480057,-1.615149140,-15.021336555,0.465628594,1.091850042,1.462244749,-1.852635026,-0.437294364,-0.708392203,0.480426192,0.002273012,-0.508905172,0.450929284,-1.333840847,0.082278974,-0.237354517,-0.060490537
109,2179.989,1786876814413.043,11602230.978,0.000000000,-9.475592613,-15.298460007,11.223093033,-5.462688446,5.534083366,1.243468523,32.343559265,-3.249046803,7.908355713,-18.998672485,44.697380066,-10.730482101,8.324757576,-6.223564148,-19.263748169,1.255708933,1.851548672,1.933313251,-1.999440432,-0.288461924,-0.706804156,0.696394682,-1.393044233,-0.695931077,0.073167197,-2.673532486,0.334252805,-0.500810564,-0.215649724
110,2199.987,1786876814433.041,11602250.976,0.000000000,-24.117261887,-15.016538620,11.403436661,-18.930648804,-1.682936430,0.591866493,41.919593811,-4.604592800,11.387976646,-21.916036606,48.227745056,-8.304381371,8.806424141,-7.741846085,-19.211311340,1.560861826,2.264167547,2.137372732,-1.606448770,-0.212659493,-0.697103322,0.713080585,-2.702417612,-0.776825190,-0.163273007,-3.562681437,0.572829783,-0.772586763,-0.481055349
111,2219.991,1786876814453.045,11602270.980,0.000000000,-24.439268112,-12.687083244,8.351845741,-9.222837448,-1.124398828,-0.127263144,42.473533630,-6.798790932,14.856040001,-20.405151367,45.611419678,-7.318573475,9.174989700,-8.360417366,-18.253787994,1.884774804,2.654756069,1.950168014,-1.251244664,-0.465278864,-0.690917850,0.717072964,-3.314116955,-0.112176806,0.058431279,-3.845927715,0.437242538,-1.038921952,-0.575173855
112,2239.987,1786876814473.042,11602290.976,0.000000000,-14.164796829,-9.798310280,5.625007153,-1.134663582,0.411903113,0.008971207,31.506980896,-9.333292961,14.382001877,-24.091686249,41.162128448,-6.836349010,7.860846996,-8.357275009,-17.061788559,1.562237978,2.593001604,1.215934634,-1.438724875,-0.507707536,-0.784941256,0.630019188,-3.380784988,0.667661190,0.070819065,-4.052632809,0.452087909,-1.099312663,-0.426459342
113,2259.988,1786876814493.043,11602310.978,0.000000000,-1.181389928,-6.645817280,2.537812471,4.165032387,1.174768209,0.130605549,18.139829636,-9.898188591,11.616413116,-28.505262375,34.222091675,-6.237029076,4.318696499,-7.378849506,-17.345733643,0.726967275,2.283833265,0.655864775,-1.975398540,-0.184181988,-0.962639809,0.510962427,-3.005959034,0.919140637,-0.283556700,-4.261623859,0.344704002,-1.078016043,-0.327720165
114,2279.988,1786876814513.043,11602330.977,0.000000000,18.730167389,-3.657666922,6.223122597,-13.437311172,18.367671967,0.826135516,1.259446025,-4.995971680,3.000195265,-34.332160950,24.389368057,-5.160156250,-1.731700301,-1.822698593,-21.388856888,-0.219578475,1.626846313,-0.245298371,-3.156477451,0.044817995,-1.153813004,0.391925573,-1.638119459,0.613834858,-0.512278020,-5.005811691,-0.069438756,-1.023453116,-0.441892296
115,2299.988,1786876814533.042,11602350.977,0.000000000,30.938348770,-3.807503223,8.217526436,-9.491561890,24.569549561,1.544038653,-8.071811676,1.374829054,-2.210288525,-34.513599396,20.833429337,-4.890933514,-5.416247845,5.363363266,-23.045503616,-0.955212176,1.195890665,-0.324026287,-4.392437458,0.519149244,-1.595597267,0.225897253,-0.285347939,-0.190671042,-0.976876020,-4.782127380,-0.114809498,-1.035112381,-0.659693480
116,2319.989,1786876814553.043,11602370.978,0.000000000,39.101116180,-6.362998009,9.497108459,0.600168288,26.989233017,0.031190326,-14.517792702,1.908460855,-3.130625248,-29.861248016,17.930362701,-4.764897346,-6.258803844,10.130457878,-22.029003143,-0.829967320,0.581187069,-0.377986193,-4.629580498,0.502752185,-1.754982591,0.176220760,0.349450529,-0.806871116,-1.344576836,-3.821321487,0.001442382,-0.796703339,-0.676807582
117,2339.987,1786876814573.041,11602390.976,0.000000000,42.979015350,-7.187688828,10.118966103,6.470778942,26.361583710,-0.628672361,-17.905099869,0.318673313,-2.604388952,-27.550373077,15.489819527,-4.624996662,-6.083208561,12.078889847,-20.706531525,-0.354388684,0.417907089,-0.262632966,-4.019345760,0.393073678,-1.675826192,0.173050314,0.564896822,-1.462561727,-1.473197103,-2.810497761,0.100185692,-0.577448964,-0.617334545
118,2359.989,1786876814593.044,11602410.979,0.000000000,41.430912018,-7.051951408,9.929838181,6.249125957,23.293935776,-0.783909857,-18.692556381,-0.058462426,-3.178241968,-27.274549484,14.504978180,-4.269017220,-6.201859951,11.223607063,-19.368417740,0.071338885,0.374810427,-0.193164557,-3.340679646,0.301860482,-1.464570165,0.188765362,0.811664701,-1.914284229,-1.496830344,-1.995808721,0.162797779,-0.387139648,-0.512788475
119,2379.989,1786876814613.043,11602430.978,0.000000000,36.998947144,-7.568711758,9.648013115,5.136955261,20.006530762,-0.874189079,-16.832820892,0.150133863,-3.442183256,-26.138378143,14.842206001,-4.174035549,-5.596321583,9.701695442,-17.571498871,0.438598871,0.579339564,-0.012809927,-2.785169125,0.303019404,-1.327813387,0.246238291,0.854435325,-2.023417950,-1.385942101,-1.714099169,0.175780579,-0.321386904,-0.456766993
120,2399.987,1786876814633.041,11602450.976,0.000000000,32.707443237,-7.380546570,8.884912491,3.414465904,18.521911621,-0.847165883,-14.864651680,0.402578205,-3.169381857,-24.830554962,15.183199883,-4.065990448,-4.284902096,7.592644215,-15.652148247,0.625226021,0.808874369,0.200542882,-2.410680294,0.177063152,-1.124632120,0.204889119,0.777481854,-1.874138832,-1.277529001,-1.592487097,0.131796554,-0.294074416,-0.413252234
121,2419.988,1786876814653.042,11602470.977,0.000000000,28.383819580,-7.778843403,8.611766815,1.414968491,17.340957642,-0.763051927,-12.836722374,0.893637538,-3.224779129,-24.650131226,15.522755623,-4.028292656,-3.149039984,5.589325905,-14.636606216,0.622200370,0.894115150,0.359438121,-2.286016226,0.039066799,-0.973924339,0.209014967,0.576287389,-1.566277862,-1.096252322,-1.834568620,0.082284629,-0.355828702,-0.434178293
122,2439.992,1786876814673.046,11602490.981,0.000000000,24.839262009,-8.257702827,8.345536232,-1.075943828,16.622991562,-0.633806765,-10.230448723,2.185735941,-3.254752874,-23.609912872,15.769739151,-3.948873520,-2.001110315,4.361404419,-13.704336166,0.507641613,0.785876930,0.450989664,-2.216360092,-0.014074894,-0.931233287,0.170397684,0.240555272,-1.186273932,-0.830226541,-2.170753241,0.113807313,-0.513809800,-0.413963646
123,2459.990,1786876814693.044,11602510.979,0.000000000,21.057041168,-9.212779999,8.217639923,-3.537202835,15.829883575,-0.661062837,-7.757832527,3.281165600,-3.846958876,-21.905229568,15.569410324,-3.875415087,-1.222408295,3.339066744,-13.272467613,0.378540277,0.798881292,0.392996073,-2.275981188,-0.058798313,-0.943907917,0.127367094,-0.187559903,-0.900274575,-0.516109645,-2.382410288,0.074950360,-0.626514852,-0.442485720
124,2479.989,1786876814713.043,11602530.978,0.000000000,19.053533554,-9.311910629,8.200294495,-3.668303967,15.114966393,-0.621750474,-6.113810539,4.432286263,-4.112819672,-19.880304337,15.252257347,-3.809184551,-0.906773984,2.513919115,-12.811703682,0.166437358,0.703137040,0.389079452,-2.340059042,-0.068037376,-0.975891888,0.078368887,-0.587485254,-0.962680340,-0.502231359,-2.512680054,0.036251795,-0.681372046,-0.497294277
125,2499.989,1786876814733.043,11602550.978,0.000000000,17.853746414,-9.960628510,8.257359505,-4.115205288,15.607686043,-0.703877568,-4.881044865,5.790411472,-4.299657822,-18.046247482,15.338895798,-3.876775980,-0.135511339,2.232272148,-12.377100945,0.194077328,0.583792448,0.435885638,-2.338710070,0.017206216,-0.961970568,0.030979492,-0.907162428,-0.908787727,-0.413373142,-2.654822111,0.185228407,-0.655722022,-0.550792336
126,2519.989,1786876814753.043,11602570.978,0.000000000,18.306713104,-10.151116371,8.288598061,-3.445870876,16.606496811,-0.765238345,-4.126800060,5.940830708,-4.512845039,-16.937545776,16.011442184,-3.928004026,0.420408964,2.490648270,-12.809966087,0.369716853,0.599854469,0.330758870,-2.294649124,-0.055408515,-0.983753920,0.000558386,-1.254718661,-0.842280447,-0.364203542,-2.768723488,0.324712813,-0.652127385,-0.583933473
127,2539.986,1786876814773.040,11602590.975,0.000000000,20.028947830,-9.555468559,8.065601349,-3.366992712,18.050168991,-0.767603695,-3.872531652,6.009184361,-4.945043564,-16.893001556,16.982793808,-4.032311916,0.531035185,2.773097277,-13.742779732,0.583279848,0.536837161,0.322688192,-2.280827761,0.017251765,-0.977539778,0.058906842,-1.343039870,-0.803474009,-0.362973928,-2.787329912,0.433632642,-0.623850465,-0.575032413
128,2559.985,1786876814793.040,11602610.975,0.000000000,21.685895920,-9.226298332,7.771616936,-3.220890284,19.237485886,-0.793801129,-4.674173832,6.133123875,-5.209024429,-17.614597321,17.831062317,-4.184784412,0.224850699,2.878169775,-14.951569557,0.705143690,0.579116881,0.305520177,-2.350023508,0.081915520,-1.007120848,0.103497550,-1.219414592,-0.811301827,-0.359728217,-2.858394384,0.474014670,-0.634527683,-0.579396784
129,2579.985,1786876814813.040,11602630.974,0.000000000,23.520336151,-9.053440094,7.674227715,-3.064707518,19.985069275,-0.849783778,-5.375130177,6.224557400,-5.300459385,-18.444938660,18.486686707,-4.342280388,-0.081821598,2.871990442,-15.982685089,0.687250376,0.660203576,0.281611115,-2.420424938,0.124499522,-1.038515806,0.118134141,-1.077036500,-0.873848677,-0.375982672,-2.944004774,0.483700156,-0.650547802,-0.593360305
130,2599.985,1786876814833.039,11602650.974,0.000000000,25.028785706,-9.011598587,7.757666588,-2.731593132,20.435901642,-0.892476380,-5.881767273,6.250401020,-5.202496529,-19.175815582,19.040372849,-4.480010033,-0.396131039,2.898056984,-16.797849655,0.629315972,0.733225822,0.256841421,-2.494318724,0.142356858,-1.069399714,0.119936645,-0.964780152,-0.968448758,-0.430527031,-3.025416851,0.487017542,-0.668027818,-0.610370398
131,2619.986,1786876814853.040,11602670.975,0.000000000,25.863538742,-9.173467636,7.929860115,-2.312406301,20.651010513,-0.915909648,-6.227751255,6.185034752,-5.098609924,-19.653005600,19.474229813,-4.600159168,-0.658746541,2.969131947,-17.408500671,0.560599864,0.816617250,0.244712025,-2.555510283,0.133218735,-1.093625307,0.129344404,-0.863674283,-1.060041666,-0.504131198,-3.061008453,0.499044508,-0.679455638,-0.619260430
132,2639.987,1786876814873.041,11602690.976,0.000000000,26.492076874,-9.312983513,8.232019424,-2.172407866,20.756984711,-0.894853890,-6.262363911,6.042524338,-4.979896545,-20.122381210,19.834592819,-4.682073593,-0.823537707,3.064933300,-17.739297867,0.515122354,0.877951682,0.240041494,-2.599546194,0.113744497,-1.112472892,0.130971774,-0.790627241,-1.122330546,-0.584953725,-3.064431667,0.500248611,-0.664592505,-0.613783002
133,2659.987,1786876814893.041,11602710.976,0.000000000,26.635707855,-9.463399887,8.548991203,-2.192852497,20.677846909,-0.861291170,-6.330680370,5.927933693,-4.920168877,-20.415338516,20.025159836,-4.724924088,-0.930345058,3.231081724,-17.926719666,0.482971847,0.924594879,0.236587346,-2.652964830,0.099376239,-1.129992127,0.148304462,-0.734642506,-1.168591380,-0.665347457,-3.058499336,0.496669799,-0.645229161,-0.576652646
134,2679.986,1786876814913.041,11602730.976,0.000000000,26.577003479,-9.662737846,8.861694336,-2.231356621,20.488969803,-0.818765938,-6.376910210,5.852310181,-4.857276440,-20.553426743,20.076431274,-4.729011059,-0.999639094,3.444676161,-17.961120605,0.455954194,0.954292178,0.234850526,-2.697743416,0.080994703,-1.146284580,0.186247289,-0.688332558,-1.199571967,-0.733491719,-3.059228897,0.495425940,-0.627741158,-0.531025529
135,2699.991,1786876814933.045,11602750.980,0.000000000,26.332920074,-9.911924362,9.187850952,-2.261240244,20.262763977,-0.774845004,-6.361540318,5.762930393,-4.818160534,-20.568639755,20.105140686,-4.727582455,-1.029034972,3.695814371,-17.872253418,0.432921410,0.974834502,0.229984313,-2.735203266,0.059582610,-1.156241059,0.226637647,-0.650963962,-1.213452101,-0.760308683,-3.062233686,0.467684776,-0.613000035,-0.488432467
136,2719.989,1786876814953.043,11602770.978,0.000000000,26.027404785,-10.135063171,9.478106499,-2.315604210,20.036323547,-0.727983057,-6.369795322,5.719772339,-4.785512924,-20.599969864,20.159830093,-4.722872734,-1.028309703,3.928963661,-17.760013580,0.421731830,0.978483379,0.218806952,-2.767124414,0.048178934,-1.151489377,0.265427440,-0.623034179,-1.212682843,-0.743513048,-3.063480377,0.429828078,-0.601345301,-0.460022569
137,2739.987,1786876814973.041,11602790.976,0.000000000,25.675563812,-10.357493401,9.719927788,-2.310069084,19.782196045,-0.683156490,-6.343986034,5.732825279,-4.775820732,-20.686494827,20.215635300,-4.712391853,-1.016904950,4.080831528,-17.645502090,0.419045240,0.976783752,0.209910139,-2.786418438,0.040781211,-1.140538216,0.303149670,-0.595162868,-1.191127658,-0.706079364,-3.052706480,0.394539863,-0.593429625,-0.442736685
138,2759.989,1786876814993.043,11602810.978,0.000000000,25.780164719,-10.394013405,9.643960953,-2.419327259,19.841928482,-0.647196591,-6.035449982,5.683625221,-4.778755665,-20.044616699,20.097690582,-4.661084175,-1.176009774,4.225981236,-17.430805206,0.458533823,0.981336534,0.209113657,-2.688412666,-0.020098472,-1.125664711,0.320371836,-0.442530215,-1.187075377,-0.698648095,-2.906106949,0.399478883,-0.580908298,-0.425592333
139,2779.986,1786876815013.040,11602830.975,0.000000000,25.714628220,-10.134352684,9.557256699,-2.758391380,20.000638962,-0.575627089,-5.991287231,5.543532848,-4.928453445,-19.872001648,20.081926346,-4.620594978,-1.212168455,4.185607910,-17.377473831,0.291222245,0.936909497,0.210533142,-2.717641830,-0.010227700,-1.098194599,0.312108517,-0.414922833,-1.100642204,-0.649733722,-2.809357643,0.472467035,-0.563953161,-0.412732184
140,2799.987,1786876815033.041,11602850.976,0.000000000,25.595106125,-10.001152992,9.546779633,-2.750901461,19.879692078,-0.520319819,-6.079596043,5.387641430,-4.910944939,-20.028684616,19.967058182,-4.601454258,-1.170349002,4.093621254,-17.272348404,0.276651949,0.891904473,0.195998907,-2.719357967,-0.012755389,-1.074487925,0.309300095,-0.426295817,-1.049152732,-0.630924165,-2.790316105,0.463050812,-0.552749693,-0.417557836
141,2819.986,1786876815053.040,11602870.975,0.000000000,25.352420807,-10.015172005,9.557867050,-2.750089407,19.611698151,-0.467519581,-6.158112526,5.287089825,-4.908878803,-20.081119537,19.845340729,-4.569188118,-1.153090477,3.971459389,-17.129629135,0.292422771,0.856618643,0.175012812,-2.703553200,-0.016394122,-1.053320289,0.302842498,-0.452770144,-1.015885353,-0.625410795,-2.793014526,0.445585310,-0.545468509,-0.422788769
142,2839.987,1786876815073.041,11602890.976,0.000000000,25.010900497,-10.079773903,9.591097832,-2.713947296,19.292324066,-0.417134941,-6.172596931,5.297249794,-4.929434299,-20.049119949,19.753221512,-4.535259247,-1.136315584,3.838368654,-16.978937149,0.303536445,0.827557325,0.158350363,-2.682379723,-0.019546311,-1.036476731,0.296149820,-0.484543025,-1.008127451,-0.626861811,-2.800123930,0.431545138,-0.539873481,-0.426482916
143,2859.991,1786876815093.045,11602910.980,0.000000000,24.726036072,-10.209057808,9.673007965,-2.669331789,18.950445175,-0.371711850,-6.128301620,5.353039742,-4.987767696,-20.017723083,19.682868958,-4.520776272,-1.108233809,3.711503267,-16.824619293,0.315408409,0.805620372,0.146611840,-2.665594578,-0.026569758,-1.025370717,0.298292696,-0.510538280,-1.013546705,-0.630316079,-2.812015533,0.423389345,-0.534044027,-0.422484905
144,2879.989,1786876815113.044,11602930.979,0.000000000,24.459785461,-10.364092827,9.770184517,-2.516174316,18.657672882,-0.317987740,-6.049849033,5.462942600,-5.042324066,-19.980796814,19.691059113,-4.501605034,-1.075945020,3.612225056,-16.647365570,0.317992985,0.790964425,0.141218096,-2.647894144,-0.033128779,-1.018335462,0.295230716,-0.529426336,-1.022976041,-0.630785346,-2.820233345,0.419061422,-0.528837383,-0.420668870
145,2899.987,1786876815133.042,11602950.977,0.000000000,23.874380112,-10.565997124,9.950811386,-2.323632479,18.370138168,-0.263987362,-5.671774387,5.597850800,-5.265262127,-20.095716476,19.860143661,-4.500076771,-0.852874339,3.848773718,-16.563770294,0.261957765,0.767605841,0.095670775,-2.672395945,-0.114691585,-1.006363153,0.277962148,-0.602516413,-1.081123590,-0.571580470,-2.797240734,0.422404826,-0.515342116,-0.417916745
146,2919.990,1786876815153.044,11602970.979,0.000000000,23.802942276,-10.846349716,10.230161667,-2.193635464,18.169141769,-0.226121664,-5.575957775,5.702494144,-5.169913769,-20.096496582,20.031112671,-4.527328491,-0.801551759,3.807849646,-16.406616211,0.257268012,0.757403195,0.112101831,-2.667305470,-0.131921783,-0.996282160,0.280808210,-0.607287347,-1.067429543,-0.567843497,-2.801176310,0.428141475,-0.505265296,-0.413140476
147,2940.004,1786876815173.059,11602990.994,0.000000000,23.741502762,-11.083086967,10.474768639,-2.043705463,18.078672409,-0.176167846,-5.562581062,5.707969189,-5.095961571,-20.263540268,20.213079453,-4.557221413,-0.761406362,3.699196815,-16.261423111,0.253233761,0.764538407,0.133675396,-2.652318001,-0.140560880,-0.984661877,0.286629200,-0.594702899,-1.041755199,-0.564404666,-2.823056459,0.429216504,-0.498065352,-0.407696784
148,2960.004,1786876815193.058,11603010.993,0.000000000,23.492544174,-11.628617287,11.027442932,-2.083489180,17.828681946,-0.137432694,-5.440915585,5.592413425,-5.174416542,-21.294599533,20.470016479,-4.629928589,-0.544690371,3.518604517,-16.375038147,0.237442285,0.802959561,0.178539678,-2.712805033,-0.179739714,-0.978520930,0.303575456,-0.540591538,-0.977927029,-0.501931310,-2.858535051,0.435545146,-0.492480695,-0.394348741
149,2979.999,1786876815213.053,11603030.988,0.000000000,22.968595505,-12.029318810,11.145683289,-1.652982116,17.876396179,-0.096668035,-5.441821098,5.608506203,-4.947573185,-20.736763000,20.919010162,-4.676712036,-0.376414031,3.544441938,-15.996489525,0.240933195,0.887173593,0.199714199,-2.641581297,-0.220071912,-0.972870231,0.325470805,-0.632398605,-0.949741662,-0.440655023,-2.917366266,0.464621127,-0.507652104,-0.411338121
150,2999.998,1786876815233.052,11603050.988,0.000000000,23.052261353,-12.052008629,11.314816475,-1.355905533,17.858116150,-0.027944488,-5.606216908,5.578418732,-4.710077286,-20.831201553,21.413398743,-4.645221710,-0.307259202,3.466376305,-15.886397362,0.264714420,0.967357814,0.240114301,-2.607778072,-0.203321651,-0.958437979,0.320945621,-0.660037100,-0.950903416,-0.447743446,-2.943053007,0.449011594,-0.522280514,-0.411741346
151,3020.005,1786876815253.059,11603070.994,0.000000000,23.300951004,-12.156221390,11.372292519,-1.044495106,17.863590240,0.071650125,-5.747030735,5.521854877,-4.545696259,-21.053361893,22.145303726,-4.702966213,-0.305865109,3.326048851,-15.944169044,0.279964864,1.044400930,0.268283695,-2.596321344,-0.199856192,-0.937878013,0.319698066,-0.671977699,-0.962005138,-0.472475916,-2.959978342,0.419783264,-0.536956906,-0.413728923
152,3040.006,1786876815273.061,11603090.995,0.000000000,23.396160126,-12.346729279,11.427146912,-0.689342082,17.948242188,0.203372493,-4.311453819,5.591302395,-4.579471588,-23.480682373,22.487670898,-5.431870937,-0.314441711,3.080857277,-16.169395447,0.300773233,1.119447470,0.297553509,-2.606248617,-0.195794851,-0.911553144,0.318967760,-0.666444540,-0.960520566,-0.495843947,-2.977092505,0.382447839,-0.552497566,-0.415206373
153,3060.003,1786876815293.057,11603110.992,0.000000000,22.139909744,-12.646927834,11.881842613,-0.873556733,17.668800354,0.291581422,-4.017365932,5.093417645,-3.889073372,-26.855020523,21.537576675,-5.751021385,0.118001521,2.353728533,-17.000108719,0.368353009,1.162679553,0.387101233,-2.655328751,-0.200429410,-0.952214777,0.349397928,-0.696526706,-0.885384500,-0.497981489,-3.036293745,0.364734650,-0.570568144,-0.413565934
154,3079.991,1786876815313.045,11603130.980,0.000000000,21.838703156,-12.433233261,12.101530075,-0.949743211,17.155099869,0.350189358,-4.330187798,4.788170338,-3.499008656,-27.525712967,20.724115372,-5.619288445,0.259995162,1.810500264,-17.283481598,0.344989151,1.162523866,0.417836994,-2.672293901,-0.225364283,-0.975165904,0.394140720,-0.869322658,-0.832902253,-0.501649320,-3.154223204,0.363494575,-0.599814594,-0.440153092
155,3099.988,1786876815333.042,11603150.977,0.000000000,21.865217209,-12.615683556,12.282771111,-0.682394326,16.844089508,0.339480609,-4.554450512,4.541712761,-3.501682758,-28.042438507,19.837310791,-5.571590900,0.172197133,1.749320507,-17.276517868,0.374476522,1.121171951,0.350999326,-2.778053999,-0.193790153,-0.991860569,0.393068939,-0.994359374,-0.743432522,-0.542718232,-3.234405041,0.344354540,-0.604680955,-0.438975841
156,3119.988,1786876815353.043,11603170.978,0.000000000,22.101432800,-12.501535416,12.186094284,0.197490379,16.583742142,0.358346045,-4.850936413,4.722031116,-3.470141411,-27.706991196,19.006771088,-5.500213146,-0.011406521,1.931073070,-17.003782272,0.385066092,1.149299264,0.331509292,-2.780879259,-0.192408770,-1.004880667,0.365715653,-1.082640171,-0.714116752,-0.590785027,-3.254175186,0.319187135,-0.601243973,-0.449140877
157,3139.987,1786876815373.041,11603190.976,0.000000000,23.372251511,-12.056252480,12.396725655,0.687210321,16.217306137,0.456851989,-5.666513920,5.017208576,-3.434048414,-27.829824448,17.974292755,-5.457088470,-0.450541854,1.571077585,-16.735218048,0.390221953,1.166709661,0.380355924,-2.766859531,-0.091868758,-0.976061344,0.340892345,-0.960624695,-0.635962188,-0.745898843,-3.249779463,0.258196920,-0.582790315,-0.454181671
158,3159.988,1786876815393.042,11603210.977,0.000000000,23.513109207,-11.668086052,11.877352715,1.227382779,16.076824188,0.512947023,-6.529677868,5.275771141,-3.750306606,-26.409553528,17.231781006,-5.149018764,-0.764594972,1.724633217,-16.073989868,0.359095037,1.139998555,0.324768424,-2.631324530,-0.036710013,-0.935774267,0.311540067,-0.959732652,-0.656128407,-0.857288837,-3.208586216,0.222144887,-0.560444355,-0.478609473
159,3179.989,1786876815413.043,11603230.978,0.000000000,23.703454971,-11.466206551,11.405264854,1.974519014,16.070325851,0.482937634,-6.576509953,4.839488983,-4.359282494,-25.628377914,17.060146332,-4.940383911,-0.807058334,2.119448185,-15.830051422,0.398227483,1.190179229,0.303271800,-2.591882229,-0.151662678,-0.915187955,0.303448468,-0.984482706,-0.678016126,-0.932769001,-3.108413696,0.110015504,-0.534868479,-0.462186754
160,3199.987,1786876815433.042,11603250.977,0.000000000,23.759738922,-11.488524437,11.325998306,1.914264441,15.939706802,0.490600675,-6.804031372,4.551082134,-4.507465839,-25.302391052,16.679069519,-4.822950363,-0.571591914,2.321410418,-15.489204407,0.414249271,1.157410502,0.300578386,-2.554941654,-0.181377634,-0.895056546,0.301439106,-0.922452867,-0.672904968,-0.894479454,-2.983790874,0.106512703,-0.519807577,-0.445218444
161,3219.988,1786876815453.042,11603270.977,0.000000000,23.697130203,-11.454728127,11.394487381,1.659426808,15.719456673,0.536338389,-7.133151531,4.354123592,-4.546291351,-25.564346313,16.201910019,-4.780779839,-0.457780063,2.328631639,-15.196884155,0.418588728,1.101915240,0.306141645,-2.528585911,-0.177771464,-0.872107208,0.302821785,-0.882730424,-0.659369051,-0.838967264,-2.886248589,0.133553296,-0.516029596,-0.422387779
162,3239.987,1786876815473.041,11603290.976,0.000000000,23.485143661,-11.457918167,11.452569962,1.357779741,15.426397324,0.579025984,-7.502135277,4.203431606,-4.634610176,-25.967206955,15.670656204,-4.775477886,-0.461564749,2.263913631,-14.980160713,0.409542024,1.069584727,0.313192278,-2.496916533,-0.176881358,-0.859976470,0.299026638,-0.848728418,-0.637712419,-0.796279907,-2.852550983,0.160504580,-0.524202645,-0.402539104
163,3259.989,1786876815493.044,11603310.979,0.000000000,23.506736755,-11.934697151,11.187724113,1.571565628,14.617165565,0.528425813,-8.119252205,4.254298210,-4.528962612,-28.116325378,14.947051048,-4.986191273,-0.891736090,2.314255953,-14.692430496,0.249117315,0.946267843,0.368662745,-2.519247770,-0.093124092,-0.865697086,0.291320860,-0.609721899,-0.458571315,-0.860538125,-2.896248102,0.191252604,-0.539816022,-0.399273485
164,3279.987,1786876815513.042,11603330.977,0.000000000,23.495218277,-11.775290489,11.439890862,1.071834445,13.588974953,0.581132591,-8.793021202,3.886779308,-4.609055042,-29.349546432,13.693211555,-5.038738728,-1.029109955,2.358159781,-14.204982758,-0.003244336,0.635664344,0.431883663,-2.407294750,-0.020039350,-0.878971636,0.268640071,-0.548255444,-0.290362060,-0.799777985,-2.976316214,0.130511537,-0.570373952,-0.409729630
165,3299.987,1786876815533.042,11603350.977,0.000000000,23.316991806,-11.534343719,11.454565048,0.750248432,12.925087929,0.592919767,-9.300912857,3.916600227,-4.722234249,-30.101322174,12.757461548,-4.991202354,-0.824839473,2.389529228,-13.937531471,-0.013131631,0.630676687,0.487644553,-2.348398209,-0.026373252,-0.893692672,0.243692100,-0.696863890,-0.297711313,-0.730760872,-2.996796846,0.105514199,-0.605046690,-0.406487674
166,3319.987,1786876815553.042,11603370.976,0.000000000,22.832044601,-11.429123878,11.537492752,0.258347362,12.178497314,0.624001861,-9.752756119,3.917929888,-4.936518192,-31.016250610,11.719190598,-4.959436893,-0.876067400,2.410087109,-13.712114334,0.029861594,0.737078130,0.498769790,-2.350109577,-0.014836228,-0.900880277,0.208430842,-0.799568355,-0.407286406,-0.790422320,-3.012374878,0.089036331,-0.628234744,-0.404382706
167,3339.987,1786876815573.041,11603390.976,0.000000000,22.557687759,-11.436404228,11.610563278,-0.285671651,11.654688835,0.685019314,-10.130025864,3.963018179,-5.026352406,-31.253799438,11.012024879,-4.916268349,-0.673773944,2.396583557,-13.618633270,0.069996633,0.822634757,0.554101646,-2.316374302,-0.025650155,-0.897504032,0.194637641,-0.945301592,-0.449313045,-0.847011089,-3.050074100,0.096880548,-0.652824402,-0.394085497
168,3360.000,1786876815593.055,11603410.989,0.000000000,22.509340286,-11.454582214,11.649714470,-0.914606392,11.242876053,0.726107776,-10.257480621,4.127036095,-5.217431068,-31.459772110,10.585291862,-4.848511696,-0.504305184,2.419466019,-13.623569489,0.114234567,0.912143111,0.604041815,-2.298133373,-0.034642555,-0.891638219,0.202826753,-1.098448396,-0.467813849,-0.904930174,-3.087202311,0.107543781,-0.667436302,-0.405669183
169,3379.988,1786876815613.043,11603430.977,0.000000000,22.579946518,-11.491007805,11.695870399,-1.594814897,10.928007126,0.757020473,-10.275907516,4.392261505,-5.397160530,-31.519876480,10.339567184,-4.784439564,-0.422314376,2.485777617,-13.734262466,0.154776812,0.972050488,0.638938487,-2.301815987,-0.029593661,-0.892467558,0.221124843,-1.207405567,-0.472426683,-0.948862195,-3.129039764,0.120175593,-0.663536668,-0.418090582
170,3399.987,1786876815633.041,11603450.976,0.000000000,22.383831024,-10.895335197,11.713521957,-1.271286011,11.221137047,0.752154350,-9.173487663,4.153798103,-5.673197746,-30.305246353,10.756415367,-4.721438408,-0.863640010,2.103205681,-13.964488983,0.117326714,0.935903430,0.529741287,-2.295821190,0.009082087,-0.902818620,0.215435639,-0.952701449,-0.585769892,-0.938694537,-3.095969200,0.102621809,-0.666232646,-0.442941934
171,3419.988,1786876815653.042,11603470.977,0.000000000,21.639081955,-10.676101685,11.727045059,-1.189458489,11.499679565,0.701715946,-8.734548569,4.134968281,-5.258038521,-30.015695572,11.592875481,-4.758775234,-0.705783188,1.873909354,-13.851514816,0.108043231,0.859076381,0.561765254,-2.298265219,0.112351291,-0.910970509,0.226188526,-0.837482810,-0.624697506,-1.002736926,-3.012210846,0.122420363,-0.638809979,-0.438789845
172,3439.987,1786876815673.041,11603490.976,0.000000000,22.466484070,-10.178161621,11.983920097,-1.296200395,11.312470436,0.733827412,-9.306305885,4.431889534,-5.060635567,-31.582448959,11.854190826,-4.905658722,-0.894365430,1.765847206,-13.900971413,-0.013205771,0.474276811,0.364767104,-2.641606808,0.073814936,-0.939785421,0.211031303,-0.729591191,-0.414668888,-0.952139199,-2.873428822,0.118603319,-0.596038878,-0.398913443
173,3459.988,1786876815693.042,11603510.977,0.000000000,22.664735794,-10.405346870,11.960842133,-1.598429203,11.437478065,0.678240061,-9.376634598,4.481910229,-5.148694038,-31.431314468,12.014108658,-4.890009880,-0.875847995,1.905668974,-14.087974548,-0.045647494,0.508732915,0.340176076,-2.733141184,0.107344396,-0.962650239,0.200955123,-0.710575402,-0.396954387,-0.878864586,-2.957970619,0.107382782,-0.599125266,-0.389378399
174,3479.987,1786876815713.042,11603530.977,0.000000000,22.990627289,-10.611295700,11.978796005,-2.383209944,11.694706917,0.605571568,-9.452932358,4.804284573,-5.439826488,-30.849025726,12.213104248,-4.720849037,-0.640155733,2.326440096,-14.346340179,-0.057510700,0.610231936,0.438207567,-2.724180222,0.034714099,-0.961327016,0.182921752,-0.893268943,-0.302322358,-0.858377576,-3.094979763,0.139625207,-0.631906092,-0.427779973
175,3499.987,1786876815733.041,11603550.976,0.000000000,23.217552185,-10.629336357,11.894439697,-2.657070160,11.765755653,0.502073467,-9.429431915,4.958940983,-5.731848240,-29.904438019,12.263217926,-4.561499596,-0.585983932,2.526289701,-14.513320923,-0.019416260,0.736616790,0.483346671,-2.695699692,0.019704508,-0.964190245,0.167760685,-0.989500165,-0.361214042,-0.850648820,-3.167751074,0.139847741,-0.669563174,-0.447770506
176,3519.987,1786876815753.042,11603570.977,0.000000000,23.424797058,-10.531270981,11.768141747,-2.873301983,11.699900627,0.387393773,-9.412111282,5.069855213,-5.993868351,-28.966920853,12.226685524,-4.410145760,-0.596478164,2.622676134,-14.583959579,0.009135309,0.812077165,0.518752515,-2.646502733,0.008939132,-0.966981173,0.147092029,-1.028152585,-0.427765608,-0.873479187,-3.184811592,0.150149405,-0.684967399,-0.456205755
177,3539.991,1786876815773.045,11603590.980,0.000000000,23.694976807,-10.423473358,11.608419418,-3.527128935,11.840447426,0.243045613,-9.430964470,5.338898659,-6.756965637,-28.829263687,12.348020554,-4.341327190,-0.981081307,2.774250984,-14.860331535,-0.272249997,0.736965299,0.503676355,-2.696063757,-0.052323610,-0.989957929,0.130426630,-0.841808975,-0.417609245,-0.800485373,-3.151021481,0.238857001,-0.688443005,-0.442788541
178,3559.990,1786876815793.044,11603610.979,0.000000000,24.885301590,-10.229923248,11.632082939,-3.059474707,11.530734062,0.126875833,-9.891834259,5.310563087,-6.832292557,-28.561393738,12.387007713,-4.284907341,-1.313812852,2.955495119,-14.957889557,-0.432537317,0.692555070,0.448227972,-2.756262064,-0.010549032,-1.019874692,0.133121848,-0.651350737,-0.407210767,-0.821285307,-3.110247850,0.276404411,-0.699117005,-0.412707210
179,3579.987,1786876815813.041,11603630.976,0.000000000,25.132778168,-10.209692955,11.522608757,-3.014676809,11.329164505,-0.008506375,-9.996947289,5.230211258,-6.927248955,-28.148286819,12.406455994,-4.207949162,-1.234551549,3.013700485,-14.924767494,-0.402194262,0.682708621,0.433453351,-2.757017136,0.004938741,-1.041790009,0.124863036,-0.619453430,-0.451160759,-0.827956378,-3.085442066,0.275690049,-0.690447867,-0.410960913
180,3599.987,1786876815833.041,11603650.976,0.000000000,24.561607361,-10.256091118,11.490783691,-3.815581560,10.836221695,-0.120018281,-10.018040657,5.523420811,-7.290218830,-28.992626190,12.295037270,-4.273283482,-1.285637379,3.210628986,-14.853734970,-0.484683901,0.712779224,0.299014628,-2.876989365,0.019314509,-1.080418706,0.133365214,-0.690045714,-0.420086414,-0.794912159,-2.994262934,0.305791467,-0.676560581,-0.411738962
181,3619.987,1786876815853.041,11603670.976,0.000000000,24.646940231,-10.324549675,11.616001129,-4.101545811,10.336009979,-0.258089036,-10.124664307,5.478801250,-7.200907707,-28.591243744,12.201945305,-4.217394829,-1.051259041,3.250192881,-14.736398697,-0.411617696,0.703130603,0.313772351,-2.875983715,0.011476025,-1.107476234,0.136822924,-0.737015605,-0.447227269,-0.808964133,-3.005078793,0.302216560,-0.682516515,-0.413227499
182,3639.986,1786876815873.040,11603690.975,0.000000000,24.276140213,-10.004055023,11.677586555,-4.195625782,10.324586868,-0.361588299,-9.840783119,5.583316803,-6.742136478,-26.573987961,12.468650818,-4.001441956,-0.839322329,3.636060476,-14.393939018,-0.409781605,0.685575247,0.255265146,-2.830858707,-0.014457968,-1.107272267,0.149644911,-0.843704879,-0.538784206,-0.683765352,-2.857583761,0.425454587,-0.698560476,-0.453274429
183,3659.987,1786876815893.041,11603710.976,0.000000000,24.118461609,-10.013243675,11.595527649,-4.867443562,10.219164848,-0.471708417,-9.688778877,5.609573364,-6.750635147,-26.118860245,12.514895439,-3.905443192,-1.072132826,3.676701069,-14.464228630,-0.387800336,0.592915535,0.231625035,-2.974630594,-0.025123434,-1.109535217,0.135950372,-0.900555074,-0.509517968,-0.682662308,-2.929187536,0.431297660,-0.680101573,-0.439350635
184,3679.987,1786876815913.042,11603730.977,0.000000000,23.874050140,-9.895443916,11.492376328,-5.138195038,10.313024521,-0.631176412,-9.102196693,5.522575378,-6.781143188,-25.331571579,12.799585342,-3.817432404,-0.957959354,3.652015686,-14.615125656,-0.248817042,0.766115665,0.268514335,-2.800599575,-0.023092952,-1.109076619,0.131145522,-0.881831765,-0.603970051,-0.679256022,-2.977966547,0.480082721,-0.662261605,-0.445411652
185,3699.989,1786876815933.043,11603750.978,0.000000000,22.997041702,-10.057115555,11.304630280,-5.709287167,10.287663460,-0.810938418,-8.707109451,5.225346565,-6.930960655,-24.872594833,13.175621986,-3.809930086,-0.667367876,3.846250057,-14.457268715,-0.138519719,1.012969494,0.317312628,-2.607538939,-0.051785782,-1.083317876,0.100383900,-0.882456660,-0.734803140,-0.653195739,-2.880703449,0.524920762,-0.648956656,-0.448823392
186,3719.988,1786876815953.042,11603770.977,0.000000000,23.089248657,-9.812618256,11.191442490,-6.464096069,10.128906250,-0.949845076,-8.589124680,5.373353481,-6.904841900,-24.445941925,13.300264359,-3.785478830,-0.693321884,3.713297367,-14.458733559,-0.069601379,1.029104948,0.314145446,-2.592947960,-0.059871834,-1.077686310,0.101750836,-0.830771208,-0.754627347,-0.640105188,-2.831116676,0.555768430,-0.659032941,-0.450032741
187,3739.988,1786876815973.043,11603790.978,0.000000000,23.083597183,-9.440259933,10.772026062,-6.874447823,10.000009537,-0.986907423,-8.302529335,5.697464943,-6.753026009,-24.385168076,13.410126686,-3.766743898,-0.833536565,3.168326378,-14.437032700,-0.138586566,1.136106133,0.452342331,-2.564671993,-0.206327036,-1.044718981,0.124668457,-0.666658580,-0.932175457,-0.705208421,-2.698247433,0.601396978,-0.647525489,-0.457896411
188,3759.987,1786876815993.041,11603810.976,0.000000000,23.414825439,-9.027729988,10.144823074,-7.500970364,10.417690277,-1.035025477,-8.013669014,5.886454582,-6.847621918,-23.550933838,13.799212456,-3.692505360,-1.174184680,3.044102430,-14.592379570,-0.274440318,1.094143867,0.406777203,-2.570084333,-0.191378072,-1.006336927,0.114115991,-0.396139592,-0.963464141,-0.663161516,-2.477809906,0.603974998,-0.612262785,-0.456841052
189,3779.989,1786876816013.044,11603830.979,0.000000000,23.949913025,-8.838453293,9.616763115,-7.651967525,11.524566650,-1.118710399,-7.824118614,6.238700867,-6.740477085,-22.628889084,14.670536041,-3.580451488,-1.122327328,3.179457188,-15.066859245,-0.274585068,1.084378242,0.309493184,-2.655977011,-0.141865060,-0.985273302,0.108648106,-0.324105173,-1.057575464,-0.592306912,-2.389359236,0.525932074,-0.594922423,-0.461462349
190,3799.988,1786876816033.042,11603850.977,0.000000000,24.717948914,-8.635342598,9.266384125,-7.544192791,12.295666695,-1.154019475,-7.763852596,5.984678745,-6.770372391,-22.184726715,15.174282074,-3.526315451,-1.411232233,3.199991703,-15.373172760,-0.349838585,0.991530240,0.264507055,-2.681803465,-0.157693744,-0.946960211,0.133404493,-0.114773259,-1.246590853,-0.573423088,-2.279175282,0.606961548,-0.573811054,-0.467162222
191,3819.993,1786876816053.047,11603870.982,0.000000000,25.481252670,-7.927213192,9.314579964,-7.127286911,13.060674667,-1.224789023,-7.924368382,5.786826134,-6.905223370,-21.804237366,15.647055626,-3.467968702,-1.582391739,2.864949942,-15.755540848,-0.462678045,0.918001235,0.256507099,-2.838856459,-0.079999246,-0.927907467,0.198432490,-0.123246334,-1.211201429,-0.553916574,-2.487736702,0.580179930,-0.602807999,-0.461321592
192,3839.988,1786876816073.042,11603890.977,0.000000000,25.499776840,-7.856550694,9.176098824,-6.385398388,13.433535576,-1.288119555,-8.322489738,5.396605968,-6.660676003,-21.431369781,15.894319534,-3.431460142,-1.771788001,2.762230873,-15.565679550,-0.426938623,0.880819917,0.160926804,-2.886574030,-0.035022967,-0.921078086,0.260691226,-0.129889697,-1.112525702,-0.543201447,-2.534221649,0.539755940,-0.606332958,-0.464939862
193,3859.989,1786876816093.043,11603910.978,0.000000000,25.708335876,-7.713616848,8.988388062,-6.147653580,13.738309860,-1.356794596,-8.434095383,5.462715626,-6.487593651,-21.382606506,15.911067009,-3.424360037,-1.653578758,2.844551325,-15.746411324,-0.422988147,0.814555705,0.119325057,-3.001542568,-0.025698330,-0.945385039,0.279888928,-0.256556064,-0.993864596,-0.515700161,-2.741147280,0.533255816,-0.598549187,-0.442269564
194,3879.986,1786876816113.040,11603930.975,0.000000000,25.180759430,-8.172233582,9.132382393,-6.996072769,12.960625648,-1.493007421,-8.250130653,5.628945351,-6.234003544,-21.790058136,15.341349602,-3.420595169,-2.035369873,2.902409315,-15.600629807,-0.391769081,0.944635272,0.146921083,-2.911016464,0.043408286,-0.969111264,0.247709215,-0.224566281,-0.934351623,-0.519336700,-2.772421598,0.507068038,-0.601266444,-0.433065921
195,3899.986,1786876816133.040,11603950.975,0.000000000,24.115873337,-9.269512177,9.604702950,-7.099044800,11.511909485,-1.702023268,-6.890736103,5.685595989,-6.093513012,-22.499652863,14.653818130,-3.476715803,-1.415332913,3.095051050,-15.543705940,-0.448129267,0.979580164,0.231965065,-2.891519785,-0.068464108,-0.979602516,0.237643704,-0.378323406,-0.933022976,-0.510433555,-2.598561764,0.529419541,-0.642506421,-0.481212378
196,3919.987,1786876816153.041,11603970.976,0.000000000,23.390398026,-9.292193413,9.752048492,-7.411609173,10.433952332,-1.806433916,-6.712024689,5.849120617,-6.089135170,-22.161779404,14.193109512,-3.472341061,-1.078926325,3.207913876,-15.188752174,-0.409597486,0.956562042,0.283984244,-2.801825047,-0.120119542,-0.972933650,0.223539546,-0.511805117,-0.935363173,-0.494348973,-2.517512798,0.554027200,-0.671735704,-0.521220148
197,3939.992,1786876816173.046,11603990.981,0.000000000,23.086650848,-9.150171280,9.582632065,-8.348849297,9.500076294,-1.933719039,-7.091039658,5.977632523,-6.739275455,-20.991712570,13.927212715,-3.268962622,-1.074734926,3.217433214,-14.740428925,-0.362426937,0.972862184,0.266621500,-2.659415483,-0.184035510,-0.965973496,0.185994282,-0.444542795,-0.869167387,-0.408192247,-2.322657824,0.561641216,-0.657331884,-0.567240238
198,3959.989,1786876816193.043,11604010.978,0.000000000,22.519943237,-9.245402336,9.673137665,-9.344088554,7.811108112,-2.056266069,-7.660762787,6.158798218,-7.703166962,-21.609024048,13.321426392,-3.057672977,-0.819884598,3.228050470,-14.233655930,-0.475380749,1.007205963,0.238135666,-2.600733995,-0.137765318,-0.960338533,0.128567904,-0.351968318,-1.092246175,-0.353330910,-2.096069098,0.469872355,-0.614813805,-0.513902962
199,3979.988,1786876816213.042,11604030.977,0.000000000,22.689079285,-9.464095116,9.914934158,-8.955081940,6.410048008,-2.136382103,-9.219483376,6.319944859,-7.630063534,-21.364053726,13.303117752,-3.069319963,-1.752787590,3.657919884,-13.531137466,-1.321000218,0.919947922,0.257425964,-2.661758661,-0.018138546,-0.938871384,0.004349289,-0.410869896,-1.351754904,-0.550636828,-1.914727449,0.497350782,-0.542447209,-0.484257311
200,3999.987,1786876816233.041,11604050.976,0.000000000,23.164459229,-9.669577599,9.892724037,-9.265107155,6.031170845,-2.299932241,-9.816786766,6.675320148,-7.411875725,-20.018882751,13.974316597,-2.990622520,-2.066685200,3.413847446,-13.155734062,-1.408589244,1.051720619,0.509192884,-2.551225662,-0.137861475,-0.889008760,0.034550950,-0.095232315,-1.390231133,-0.570354939,-1.895917773,0.550444722,-0.517782211,-0.477357209
201,4019.989,1786876816253.044,11604070.979,0.000000000,22.757171631,-9.976065636,10.129205704,-9.955191612,5.641403675,-2.384766102,-9.920886040,7.451630116,-7.813833237,-21.969785690,14.495984077,-3.117164373,-2.127745152,2.960584402,-13.417945862,-1.254841328,1.381160021,0.623058915,-2.702026367,-0.063335039,-0.876885533,0.091214813,0.429387748,-1.492374182,-0.530847132,-2.078293800,0.667135358,-0.564914763,-0.507783771
202,4039.988,1786876816273.042,11604090.977,0.000000000,22.782800674,-9.799891472,10.445016861,-10.156492233,4.381362915,-2.524472237,-9.460702896,8.010522842,-8.278619766,-22.691471100,14.254734039,-3.092163086,-2.268377066,3.136081934,-13.460783958,-1.214755416,1.572817206,0.836946487,-2.269518137,-0.150605887,-0.782395601,0.128295481,0.758279920,-1.624958873,-0.588473439,-1.799233794,0.514671624,-0.523160636,-0.513586819
203,4059.990,1786876816293.045,11604110.980,0.000000000,22.939111710,-11.003617287,10.946328163,-10.233077049,3.569704056,-2.610621214,-9.828766823,6.662729740,-7.841253281,-21.721727371,15.247407913,-3.069846153,-2.238217115,3.643409014,-12.978065491,-1.077118516,1.897629380,0.700915515,-2.119854212,0.061608098,-0.742325068,0.115885444,1.128835201,-1.839530945,-0.612801850,-1.163053751,0.477667004,-0.441964090,-0.450847328
204,4079.987,1786876816313.041,11604130.976,0.000000000,22.985086441,-11.013634682,11.250239372,-11.598317146,3.200834274,-2.794373274,-9.899199486,7.421810150,-8.481369019,-21.678312302,15.536207199,-3.034869194,-2.678086519,3.550510883,-13.239283562,-1.689401269,1.374711990,0.824667573,-2.444046974,0.122900516,-0.751451015,0.083150715,0.879225373,-1.599890471,-0.665085375,-1.394910693,0.412920833,-0.398786873,-0.353823334
205,4099.990,1786876816333.045,11604150.980,0.000000000,22.681892395,-10.828790665,11.554132462,-11.195085526,3.002806902,-3.014720440,-8.840671539,8.734655380,-7.938091755,-19.181041718,15.501648903,-2.796863556,-3.405716419,3.532284975,-13.373010635,-2.121322632,1.575615644,1.060655236,-2.135765553,0.112885348,-0.724541664,0.088900939,0.689137816,-1.858228683,-0.928146064,-1.500938296,0.593304694,-0.358474463,-0.410376906
206,4119.992,1786876816353.046,11604170.981,0.000000000,22.759613037,-11.092863083,12.898060799,-13.276804924,1.298533440,-2.914234877,-9.424039841,8.636292458,-8.739489555,-19.633869171,15.439739227,-2.747277737,-3.852449656,2.935864925,-13.604500771,-2.679377794,1.445091724,0.893379092,-2.616708994,0.027626758,-0.731723189,0.143071264,0.956089437,-2.216289520,-0.831312239,-1.334136009,0.622874320,-0.332532734,-0.477166086
207,4139.991,1786876816373.045,11604190.980,0.000000000,22.120336533,-11.959015846,13.401113510,-14.208673477,0.442051053,-2.977822781,-10.194890976,9.983667374,-9.592076302,-20.324161530,15.548634529,-2.749024868,-3.492799044,3.117054701,-13.510769844,-3.168558121,1.502081990,1.138047576,-3.061576843,-0.239076078,-0.850551188,0.100284182,0.826216817,-2.455515146,-1.040705919,-1.442242622,0.484571904,-0.262621939,-0.465925485
208,4160.000,1786876816393.054,11604210.989,0.000000000,23.861776352,-11.708957672,12.812290192,-14.820672035,-0.398469180,-2.971303940,-9.685531616,11.051080704,-10.062669754,-18.409893036,16.519975662,-2.592937708,-3.884241581,2.849858284,-14.004778862,-3.306349993,1.285118461,1.363600016,-2.966590643,0.001085467,-0.944212139,0.121734589,1.199883819,-2.563021898,-1.178439140,-0.967870593,0.460464716,-0.236355811,-0.391322911
209,4179.990,1786876816413.044,11604230.979,0.000000000,23.552288055,-11.688535690,13.474411964,-14.948167801,-1.806489825,-3.144772053,-10.060634613,11.944928169,-11.105422974,-17.955768585,16.746877670,-2.460655689,-4.484902382,2.403870344,-14.268446922,-3.930490971,1.324164391,1.471981883,-3.287051439,0.118835770,-1.020666122,0.229737222,1.302943349,-2.661284924,-1.408236623,-1.101780415,0.480656803,-0.166963220,-0.379550427
210,4200.028,1786876816433.082,11604251.017,0.000000000,24.038381577,-11.028088570,12.971923828,-18.654340744,-1.925898075,-3.375475168,-9.868220329,13.429824829,-10.956751823,-14.896862030,16.243659973,-2.054626226,-5.291600704,3.305128336,-13.862256050,-3.319552183,1.167119265,1.158780813,-2.622011185,-0.194074929,-0.885790706,0.237719432,1.636211991,-2.975781202,-1.330214858,-0.999710619,0.387895674,-0.184759945,-0.393694758
211,4219.990,1786876816453.045,11604270.980,0.000000000,23.506855011,-11.151557922,11.874847412,-23.507429123,-2.732751369,-3.356865406,-10.026841164,14.770171165,-10.834132195,-13.077881813,16.416170120,-1.861459732,-5.145242691,3.789361000,-13.317057610,-3.224219322,0.941579163,1.167211771,-2.564286947,0.055579580,-0.757528007,0.192635044,1.711089373,-2.603070259,-1.313533306,-1.096274376,0.414350092,-0.229922041,-0.388381064
212,4239.988,1786876816473.042,11604290.977,0.000000000,22.928867340,-10.192117691,10.359888077,-27.107440948,-4.090436459,-3.086126328,-8.598443985,15.255751610,-10.882881165,-11.474674225,16.249946594,-1.850249052,-5.233529568,3.935170412,-13.651314735,-2.804232597,1.347110748,0.935405314,-2.521343946,0.226330027,-0.811005235,0.154173493,2.166042328,-3.113962173,-1.312995195,-0.807641566,0.444783032,-0.264761835,-0.370886326
213,4259.989,1786876816493.043,11604310.978,0.000000000,24.199722290,-7.254535198,6.341135502,-31.795995712,-6.206743717,-2.605600119,-8.260532379,14.646298409,-11.573833466,-6.262523174,15.363738060,-1.310615420,-5.120152473,4.662894726,-13.895850182,-3.193162203,1.898316622,1.470238924,-2.012462378,0.062783822,-0.659653604,0.093928136,2.003620863,-3.548695564,-1.660438776,-0.507149816,0.547807992,-0.231718630,-0.452504188
214,4279.990,1786876816513.045,11604330.980,0.000000000,24.309480667,-5.022261620,1.347205043,-36.583229065,-7.067878723,-2.017212629,-8.712684631,13.688235283,-10.338320732,-3.548624516,12.754044533,-0.988665879,-5.875175476,4.851272583,-13.824359894,-3.347262144,2.307651520,1.517774582,-1.762325644,0.091945022,-0.506570995,0.194640651,1.967313409,-4.067742348,-1.765777826,-0.256083786,0.528909862,-0.181925967,-0.528704405
215,4299.992,1786876816533.046,11604350.981,0.000000000,26.280164719,-2.622911215,-5.394702435,-41.630603790,-8.128376961,-1.509295464,-10.513953209,11.490852356,-10.202024460,-4.994503021,7.856122494,-0.487051845,-7.126605988,5.421817303,-13.428079605,-3.784374952,1.454102397,1.514137864,-1.919998765,0.007643707,-0.449072212,0.182564184,2.364804506,-4.861655235,-1.391565561,1.177450299,-1.266260266,0.950180233,-0.284140348
216,4319.988,1786876816553.042,11604370.977,0.000000000,32.588314056,3.377557516,-13.471983910,-48.762962341,-8.741582870,-0.989791334,-21.191606522,4.905373096,-7.389916897,-8.251505852,-0.517074347,0.085406668,-8.893634796,7.767731667,-12.791260719,-4.857137203,1.267878532,2.102656841,-2.513150692,0.169261381,-0.486221701,0.136264563,3.816597939,-5.532648563,-1.518404126,2.673751116,-0.292142540,1.034244895,0.102462932
217,4339.987,1786876816573.041,11604390.976,0.000000000,35.026020050,8.077989578,-19.621915817,-52.695930481,-8.432371140,-1.068103433,-24.975973129,-3.185129166,-1.599020481,-7.367162228,-2.808274508,0.193549573,-9.083330154,10.731042862,-11.639783859,-4.800658226,1.162722230,2.222167730,-3.347425699,-0.088155836,-0.720899463,0.293285847,4.461812496,-5.706188679,-1.667223334,2.534174681,0.269792348,0.741700649,-0.095364429
218,4359.997,1786876816593.051,11604410.986,0.000000000,31.795024872,11.945596695,-23.622493744,-53.406761169,-5.487368107,-2.117521763,-19.395599365,-4.899221897,0.842208803,-2.539724588,-0.749434471,0.145726249,-8.465044975,11.634548187,-12.673881531,-4.561523914,0.908731878,2.145949602,-3.540831089,-0.312066942,-0.844249189,0.374170661,4.439282417,-5.061173916,-1.282166004,1.920085311,0.067564271,0.510359824,-0.084643848
219,4379.994,1786876816613.048,11604430.983,0.000000000,27.212430954,14.158862114,-26.683122635,-55.509578705,-2.634876013,-2.561120749,-13.781803131,-5.947489262,3.043939829,0.261861920,-0.043843035,-0.024942840,-5.652946472,12.066509247,-13.661664009,-4.662803173,1.572579622,2.203058958,-3.955967188,-0.234569952,-1.088553667,0.462640405,3.039196253,-3.404525757,-0.381805003,0.893462658,-0.032053757,0.233220264,-0.027514158
220,4399.988,1786876816633.043,11604450.978,0.000000000,22.225330353,16.093301773,-28.224264145,-59.282318115,0.739759743,-3.006654501,-10.729533195,-7.715568542,3.308145046,0.219030917,0.241821975,0.161695346,-2.463249922,10.021762848,-13.277173042,-3.802397013,1.912358165,2.169563532,-3.725387096,-0.283319652,-1.214957833,0.557592988,1.489662170,-2.108117104,0.044436257,0.013664869,-0.245136648,-0.089518696,0.075998485
221,4419.989,1786876816653.043,11604470.978,0.000000000,18.070171356,17.727737427,-29.982929230,-58.332141876,4.263497829,-3.290200233,-9.661384583,-6.593530655,3.058997393,1.634628773,-0.040372934,0.142257169,-1.210262418,7.805984497,-11.109657288,-3.101007938,1.286942601,1.706344128,-2.886595011,-0.239655182,-1.072346330,0.594591737,0.162203640,-1.137378573,0.171862707,-1.011095524,-0.136102825,-0.441723198,0.059729561
222,4439.987,1786876816673.041,11604490.976,0.000000000,13.876657486,18.976255417,-29.738128662,-55.625129700,8.076342583,-3.648081064,-7.762721539,-5.877982140,3.155400276,2.762317181,-0.074399821,0.139769122,-0.303506821,6.126651287,-9.508897781,-2.787082434,1.030047894,1.244104266,-2.229612112,-0.133477300,-0.795456469,0.415210187,-1.080395341,-1.147352099,0.120276608,-2.001974106,-0.240058854,-0.828725219,-0.064962566
223,4459.986,1786876816693.040,11604510.975,0.000000000,9.983727455,20.726539612,-27.717126846,-50.051567078,12.513703346,-4.444343090,-4.732456207,-6.484372616,3.182673931,2.631319523,-0.125601202,0.153998256,1.703916788,3.591942310,-9.296979904,-2.640697718,0.711424232,1.413587570,-1.926473260,-0.341066837,-0.573963702,0.393048346,-2.249208450,-1.505787969,-0.295842469,-2.714956522,-0.189190015,-1.141438127,-0.218989849
224,4479.986,1786876816713.040,11604530.975,0.000000000,5.786965847,19.791259766,-23.969928741,-45.237270355,15.881793022,-4.930279732,-1.001393795,-4.982901096,2.377386570,2.675330400,-0.105821989,0.172049627,3.291685104,0.637167394,-9.468072891,-2.322461605,1.194275498,1.297666669,-1.640375137,-0.443366528,-0.483250886,0.332749546,-3.130806684,-2.128657579,-0.972254276,-2.982301950,-0.067113668,-1.270740151,-0.358286917
225,4499.988,1786876816733.042,11604550.977,0.000000000,1.862869263,18.244026184,-17.789073944,-39.443969727,21.526874542,-5.246298313,1.401227236,-7.132520676,-0.258900732,-16.105379105,-5.246334076,-1.356624842,6.995132446,-3.072911501,-10.693193436,-1.971221805,2.016265631,1.338316202,-1.339931846,-0.471399993,-0.363229692,0.305097938,-3.319211245,-3.151653290,-1.561889291,-2.828379869,-0.042928152,-1.201243401,-0.365835518
226,4519.987,1786876816753.041,11604570.976,0.000000000,0.467493743,16.394815445,-12.498341560,-30.989433289,24.380067825,-5.421094418,6.344498158,-5.322929859,-0.320291579,-13.127607346,-4.765201092,-1.706637502,7.383257866,-5.375574589,-11.676548004,-1.132811069,2.317388773,1.315239787,-0.927292347,-0.543070912,-0.250451744,0.370255381,-2.931394577,-3.932827950,-2.095137119,-2.453956366,0.067244649,-1.018960834,-0.462588996
227,4539.987,1786876816773.041,11604590.976,0.000000000,-2.478272676,14.300522804,-8.683179855,-26.696811676,25.558853149,-5.265139103,13.446583748,-4.694533348,1.712167382,-14.318950653,-5.057206631,-3.226177692,7.199248791,-6.506845474,-13.553264618,-0.998977304,2.845937014,1.347963095,-0.946205676,-0.636316419,-0.185804501,0.358032823,-2.130971193,-4.704255581,-2.352889538,-1.771869183,0.118237391,-0.722707033,-0.550663412
228,4559.988,1786876816793.042,11604610.977,0.000000000,-3.103304386,11.508552551,-8.030780792,-27.838998795,24.788888931,-5.796524525,16.700054169,-4.716954708,2.485670805,-17.537363052,2.078000069,-6.086831570,5.358191967,-5.577560902,-15.061971664,-0.935907066,2.817515850,1.193587899,-0.925053537,-0.430312872,-0.254052162,0.297857553,-0.935530901,-5.304783344,-2.356958151,-1.052379608,0.163401619,-0.412543088,-0.556956649
229,4579.989,1786876816813.044,11604630.979,0.000000000,-0.011908184,8.535500526,-7.740997314,-29.171911240,22.081600189,-5.706863403,14.943062782,-2.803826809,1.861227155,-17.356042862,2.305634737,-5.375180244,4.819344997,-5.612308502,-17.805187225,-1.208002329,2.925681591,1.129360676,-1.279629230,-0.397136360,-0.385592669,0.281417996,-0.174937442,-5.153102398,-2.091564894,-0.718980432,0.385037929,-0.249813616,-0.464714944
230,4599.997,1786876816833.051,11604650.986,0.000000000,4.453669548,6.993451118,-7.070320606,-27.113019943,21.132154465,-5.433440685,11.347515106,-1.143509269,0.015215124,-17.983446121,2.192437887,-4.877145290,2.644034147,-5.691668987,-19.364124298,-2.497132301,2.853670597,1.507606983,-1.990924954,-0.354398787,-0.601443052,0.377491802,0.843191922,-4.448404312,-1.774756312,-0.112843521,0.604434848,-0.108337663,-0.381337523
231,4619.987,1786876816853.042,11604670.976,0.000000000,7.189613819,7.580914974,-7.373723507,-26.039699554,21.239524841,-5.330621243,8.165397644,1.457058787,-2.011603117,-17.738531113,1.336079359,-4.477482796,0.885104179,-5.299925804,-19.265508652,-3.189946413,3.058393717,2.044086695,-1.804392815,-0.596806288,-0.610954762,0.506238520,1.510450244,-4.058771133,-1.345509768,0.108707786,0.421716511,-0.032872390,-0.246497110
232,4639.985,1786876816873.040,11604690.975,0.000000000,10.575519562,7.047127724,-6.986778736,-22.426853180,20.750436783,-5.089365482,3.915773630,1.631325722,-3.478715181,-17.778583527,1.106801152,-3.930801630,-0.193723306,-6.061917782,-17.807048798,-3.565672636,2.592800140,2.349525690,-1.780727029,-0.664527416,-0.495961875,0.614788890,1.805386424,-3.974135876,-1.345962405,0.394764811,0.359765559,0.060665008,-0.205721974
233,4659.986,1786876816893.040,11604710.975,0.000000000,12.793383598,6.739512444,-7.548818111,-20.632354736,21.135299683,-4.930719376,0.726914167,3.072708130,-4.100251675,-17.829694748,1.213963389,-3.633578777,-1.331421375,-6.428365231,-16.846202850,-3.875868797,2.379179955,2.370579243,-1.656895638,-0.640157044,-0.388887346,0.665952325,1.933227658,-4.251440525,-1.368681431,0.345789760,0.329180539,0.073054716,-0.254517347
234,4679.986,1786876816913.040,11604730.975,0.000000000,14.631505013,6.557925224,-8.122222900,-20.579347610,21.592075348,-4.851754189,-3.020522356,3.490558386,-4.643025398,-20.154790878,1.097069979,-3.572948933,-2.371906757,-5.833532333,-15.557518959,-4.284570694,2.460534573,2.350405455,-1.514851451,-0.569514453,-0.292942971,0.639992177,2.178856134,-4.197142601,-1.321259141,0.492221534,0.321681499,0.089885183,-0.254241347
235,4699.985,1786876816933.040,11604750.975,0.000000000,14.310944557,6.516615868,-7.229535580,-18.637655258,21.342277527,-4.950119019,-3.638171434,2.733204126,-4.844216347,-21.095769882,1.181644797,-3.413566113,-1.593223691,-6.560927868,-14.820234299,-4.131865978,2.354020596,2.598052740,-1.527218223,-0.504108608,-0.282815784,0.690075576,1.988745093,-3.990395069,-1.196615219,0.290083736,0.247442707,0.029037632,-0.233722791
236,4719.987,1786876816953.041,11604770.976,0.000000000,14.089538574,6.823420525,-7.352350712,-17.517011642,21.093784332,-4.959415436,-2.595178604,2.026304245,-4.457709789,-21.940788269,0.986918151,-3.663593531,-1.278010964,-6.838883877,-14.990033150,-4.152961731,3.018397808,3.132633924,-1.170789242,-0.667108595,-0.158905879,0.759481072,2.361141443,-4.171997547,-1.293671489,0.332071751,0.207966194,-0.007404795,-0.186016232
237,4739.999,1786876816973.053,11604790.988,0.000000000,13.876223564,6.778666019,-6.227235317,-17.499977112,21.204095840,-5.077677727,-0.660002589,0.020203084,-3.520546436,-22.569000244,0.886339664,-3.961558342,-0.616935670,-5.833952427,-16.330274582,-4.325659752,3.812427044,3.000198603,-1.535369158,-0.721740782,-0.177070811,0.861525595,2.316675901,-4.357719421,-1.296010256,0.325274110,0.242932096,-0.008837063,-0.191095725
238,4759.991,1786876816993.045,11604810.980,0.000000000,12.699286461,5.801374435,-5.761252403,-17.582967758,20.208387375,-4.933506489,-0.065337442,-0.876982927,-2.598655224,-25.733699799,0.421940297,-4.384181976,-0.191664591,-4.934163570,-16.747310638,-4.400314808,3.999767065,3.109239817,-1.622450113,-0.546906769,-0.288195819,0.863364100,2.054292202,-4.673182487,-1.445140123,0.371866822,0.244068563,0.024426289,-0.217112750
239,4780.033,1786876817013.088,11604831.023,0.000000000,12.008187294,6.369753838,-5.367129803,-15.619198799,19.177118301,-4.602023125,-0.314766109,-1.840629578,-2.542659044,-28.458742142,0.620831966,-4.959224701,-0.523489952,-4.851643085,-15.546025276,-3.311392069,3.941998005,3.181898832,-0.630103946,-0.557434499,-0.231602341,0.839690030,2.757919073,-4.633583069,-1.443750620,0.519857287,0.009478193,0.064293668,-0.241636887
240,4800.033,1786876817033.088,11604851.023,0.000000000,12.390983582,5.443215847,-5.816706181,-15.705078125,19.579099655,-4.615052223,-1.068794012,-2.251442194,-1.395173430,-28.598627090,0.984054446,-5.179066658,0.513513386,-4.294893265,-14.729797363,-2.677220106,4.156866074,2.912611723,-0.447337747,-0.584139049,-0.020289231,0.745815635,2.568112135,-4.705953121,-1.281536341,0.475986183,-0.034519054,0.069462657,-0.170826435
241,4820.034,1786876817053.088,11604871.023,0.000000000,12.749858856,4.717084408,-5.234703064,-15.655254364,20.239189148,-4.684747696,-0.409216225,-3.137974501,-0.937939286,-28.731204987,0.475171119,-5.272120476,0.349080503,-2.850720882,-15.434632301,-3.026208162,4.321721554,2.807371378,-1.342171550,-0.607100844,-0.135656998,0.687984765,2.315955400,-4.504221439,-1.348046064,0.301274568,0.003518368,-0.017070062,-0.133581609
242,4840.032,1786876817073.086,11604891.021,0.000000000,12.949199677,6.159377098,-5.590805054,-16.082250595,20.753253937,-4.695967197,-0.379267901,-4.045024872,-0.129648760,-27.265729904,-0.079300821,-5.127562046,0.599718332,-2.376023531,-14.765563011,-0.889683902,4.141204357,2.162021637,-0.045516811,-0.545906901,-0.126234278,0.616291165,2.127111197,-4.469649315,-1.382817507,0.151827514,0.014073672,-0.123150758,-0.194764957
243,4860.001,1786876817093.055,11604910.990,0.000000000,12.735032082,5.739172459,-6.261926651,-14.280172348,21.904582977,-4.495074272,0.673833609,-5.066572189,1.752404332,-25.260257721,0.200565070,-5.076952934,2.070280075,-1.978793263,-14.346920013,-0.372169644,4.209885597,2.011666059,-0.150076434,-0.372105896,0.017337576,0.510246634,1.129087925,-4.367554188,-1.485918641,-0.157933190,0.007920158,-0.224720612,-0.229331240
244,4880.005,1786876817113.060,11604930.994,0.000000000,12.535449982,6.205161572,-7.245814800,-14.320528030,21.879661560,-3.820130587,1.301261187,-7.386110306,2.808876753,-24.621572495,0.987455785,-4.973569870,2.870791912,-1.242449164,-14.164461136,-0.063061588,4.162521362,1.822207808,0.014200372,-0.376554847,0.043933123,0.435704231,0.799266875,-4.210999012,-1.459828973,-0.258653134,-0.104195699,-0.234574869,-0.267455161
245,4900.004,1786876817133.058,11604950.993,0.000000000,13.382027626,6.009823799,-8.761610031,-15.812858582,20.288097382,-3.235677004,-1.021030784,-7.314942837,3.101696730,-27.395372391,0.918160021,-4.974411488,2.745385647,-0.956250787,-13.852207184,-0.536362112,4.142086029,1.745661259,-0.200260982,-0.281214654,0.006844726,0.443341196,0.421546400,-4.166272163,-1.480713844,-0.522156954,-0.068189286,-0.295848399,-0.295713484
246,4919.999,1786876817153.053,11604970.988,0.000000000,12.140751839,6.185393333,-9.414218903,-14.691628456,19.316295624,-3.150822401,-0.132794723,-8.698553085,5.800375462,-31.780488968,-1.298991919,-5.432485104,3.393438339,-1.941942692,-14.091859818,-0.376993865,3.715681553,1.521642208,-0.152055413,-0.405076176,0.008026408,0.437354088,-0.305440396,-4.076732635,-1.440635085,-0.890725970,-0.073300637,-0.403897285,-0.310978889
247,4939.998,1786876817173.052,11604990.988,0.000000000,6.807696342,4.894622326,-11.509365082,-9.698534012,14.134013176,-2.723464489,4.036422253,-8.833763123,11.943531036,-39.061649323,-1.512441635,-5.734325409,6.613551140,-3.833674908,-13.263852119,0.259098083,3.838633299,1.447875619,0.630202353,-0.431875110,0.222941682,0.396111429,-1.910232902,-4.498826504,-1.856333733,-1.381273508,0.039797273,-0.506337881,-0.453077227
248,4959.992,1786876817193.046,11605010.981,0.000000000,-20.185798645,3.859164953,-13.733783722,-15.148919106,-4.784409523,0.436755002,20.329887390,-5.182158947,23.977216721,-44.879974365,-4.639269829,-7.402843952,10.816505432,-8.123815536,-8.260994911,1.204720497,4.092606544,1.433932781,1.748216867,-0.746136069,0.530537605,0.476210207,-3.655348301,-4.002215385,-1.525337458,-2.038994551,0.084018029,-0.736237705,-0.608044565
249,4979.987,1786876817213.042,11605030.977,0.000000000,-30.992088318,-0.267235249,-1.757167220,-19.050680161,-3.962551117,0.351342976,31.824497223,0.098672554,26.015071869,-56.818073273,-13.759872437,-6.612314224,11.969647408,-7.415354252,-11.319156647,1.704013109,4.223874569,1.645444393,1.488901377,-0.760673523,0.680324912,0.441870749,-4.861820698,-4.129977226,-1.197724223,-2.779038906,0.118115142,-1.117853761,-0.688093424
250,4999.988,1786876817233.042,11605050.977,0.000000000,-24.376720428,-5.999374390,9.133435249,-5.431762218,-0.678963065,-0.069051929,27.466499329,3.369654655,21.411861420,-72.111160278,-19.054775238,-5.240407467,11.924320221,-6.061201572,-13.253140450,1.852637410,4.238015175,1.377220035,1.392410874,-0.592785597,0.550425649,0.419634670,-5.406958580,-4.618940830,-1.408081770,-3.598281860,0.181006655,-1.367652416,-0.904985726
251,5019.988,1786876817253.043,11605070.978,0.000000000,-16.153598785,-11.877993584,10.970542908,5.400477409,0.191012040,-0.080317952,17.036781311,3.175432682,17.724433899,-83.644012451,-20.373819351,-4.530426502,14.249738693,-8.720099449,-12.024094582,1.764968157,4.358803749,1.354632854,1.380456567,-0.738626540,0.393113911,0.431796521,-5.684624672,-4.374698162,-1.646827698,-4.171286106,0.092968859,-1.546606898,-1.023647904
252,5039.988,1786876817273.042,11605090.977,0.000000000,-12.026661873,-10.117884636,9.304368019,5.053397655,-0.273005515,-0.021742795,8.788722038,-0.077058114,13.247458458,-85.319488525,-20.107698441,-3.750372410,14.526986122,-8.466014862,-9.459528923,1.323055744,4.265543938,1.042831540,1.004928827,-0.380714536,0.223781615,0.428628266,-6.388398170,-4.127305508,-1.710574985,-4.249517918,0.202574596,-1.594819427,-1.013838768
253,5059.988,1786876817293.042,11605110.977,0.000000000,-9.574500084,-8.616197586,7.068417072,3.540606976,-0.426348925,0.028745292,3.689054728,-3.338004827,10.260341644,-77.922912598,-17.906250000,-3.049517155,15.331181526,-7.016714096,-6.858638763,1.386350393,3.818973064,0.950216949,0.948015392,-0.339688927,0.078159980,0.459836721,-7.593235970,-3.845964670,-1.781987071,-3.916285992,0.244119868,-1.489095569,-0.955080986
254,5079.988,1786876817313.042,11605130.977,0.000000000,-6.029115200,-5.091726780,5.728660107,-0.294407606,-0.787046313,0.051153753,-3.769998312,-9.206042290,3.318265676,-62.359889984,-13.933819771,-1.996558547,15.497990608,-4.433802128,-2.922206402,1.159524918,2.993264914,0.283184975,0.654899836,-0.387371182,-0.052101400,0.468779147,-8.919447899,-3.113977909,-1.610695601,-3.837383270,0.283678979,-1.374240994,-0.828947246
255,5099.988,1786876817333.042,11605150.977,0.000000000,0.589049101,-0.410825342,3.012073517,3.464711189,-0.437118351,0.092964031,-8.562047958,-13.276021957,-6.834254742,-32.425376892,-7.364033699,-0.147163615,16.368606567,0.030538429,0.819046319,1.635252714,1.574715614,-0.003281479,0.408885241,-0.192540556,-0.081123784,0.349039733,-9.686661720,-2.289302111,-1.638734341,-3.965219259,0.606133461,-1.259699941,-0.715162456
256,5120.028,1786876817353.082,11605171.017,0.000000000,-5.453089237,1.914018273,2.704907656,2.201057911,-0.674750447,-0.299120814,-1.013241649,-12.410921097,-9.789659500,-1.026292682,-0.880369842,0.638877690,16.406963348,3.974053621,4.114008427,2.535714626,-0.134242490,-0.630203605,0.549021840,-0.086748064,-0.258100748,0.242331550,-9.702803612,-0.494564384,-1.136982322,-3.590936899,0.646775723,-1.166347742,-0.651045740
257,5139.988,1786876817373.042,11605190.977,0.000000000,-19.622211456,-2.289763451,4.029507637,0.568300188,-0.520412445,-0.274997056,14.130174637,-2.951302767,6.293353558,4.804803848,0.324687183,-0.344483405,10.144193649,5.614161491,3.755867958,2.650530100,-1.507305264,-0.625800908,0.472408533,-0.100145213,-0.245931327,0.128839150,-7.567835808,1.065099239,-0.911237299,-3.483504295,0.533710778,-1.264664888,-0.691565692
258,5159.998,1786876817393.052,11605210.987,0.000000000,-25.202293396,-6.152351856,3.398964405,-1.663591862,-0.950228214,-0.170268506,18.381261826,4.272668362,13.775884628,1.419222474,0.212350428,-0.738200307,2.509119034,4.102140427,4.338591576,0.880113780,-1.183035016,-0.512695014,0.088674791,-0.255016208,-0.217444539,0.071432136,-4.497706413,2.005199194,-0.204732537,-3.043148518,0.399034560,-1.318067789,-0.549865603
259,5180.028,1786876817413.083,11605231.018,0.000000000,-10.363245010,-9.884348869,7.909804344,-0.670312941,-0.419428617,-0.355078399,7.018270493,9.331155777,-6.385283947,-10.997925758,-1.063328743,0.349839628,2.003599644,-4.586812019,-0.251791775,-1.196388960,-0.315746754,-0.348009169,-1.215579987,-0.520058930,-0.664456725,0.206176594,-1.711630464,1.715618253,0.690980732,-2.578178167,0.334112972,-1.318952918,-0.563109517
260,5199.989,1786876817433.043,11605250.978,0.000000000,-0.020943865,-9.902823448,9.743598938,4.001423359,0.037262678,-0.335407645,7.016878605,19.327060699,-18.653335571,-32.896457672,-9.153492928,1.085764289,3.074945688,-14.704442978,-5.056547642,-2.788201332,-0.837132752,-0.165997908,-1.920562387,-0.161333442,-0.907463431,0.210033908,0.319742560,0.711235940,0.872681558,-2.098046303,-0.046212513,-1.162476420,-0.295479864
261,5219.994,1786876817453.048,11605270.983,0.000000000,2.395237923,-12.561941147,7.407263756,8.616580009,0.577395976,0.168529853,4.586137772,21.788953781,-2.632107496,-101.848754883,-21.467836380,0.201927289,5.837257385,-27.675632477,-11.611679077,-2.001840353,-2.817831993,-0.203284010,-0.949215174,-0.372122347,-0.603017449,0.245817438,-0.982476175,-0.615971625,0.163478181,-2.997049093,-0.413932592,-1.149801135,-0.172736362
262,5240.027,1786876817473.081,11605291.016,0.000000000,3.468322754,-4.361621380,2.155892372,12.460284233,0.840524912,0.206545010,7.155466080,13.874818802,11.700934410,-129.846359253,-26.854360580,-1.373457909,6.684173107,-34.061653137,-14.940789223,-1.685099959,-4.360652924,-0.426085711,-0.895049453,0.101426370,-0.147609383,-0.073972456,-4.778080463,-3.715545416,-1.328994393,-3.871374607,-0.091186218,-1.310766816,-0.314858824
263,5259.990,1786876817493.044,11605310.979,0.000000000,-1.064680099,5.887998104,-2.446567297,10.844557762,0.880903006,0.243204653,12.766668320,2.903665304,19.804956436,-137.947433472,-29.001707077,-3.056341410,9.014539719,-32.370975494,-17.067756653,-1.616976023,-4.271486759,-0.550275147,-0.966659248,0.255160660,0.046182144,-0.335841656,-9.463398933,-6.180757046,-4.069500446,-3.828320980,0.263850361,-1.253258228,-0.790565491
264,5279.988,1786876817513.042,11605330.977,0.000000000,-9.706358910,14.639097214,-5.772176743,5.046454430,0.566731691,0.264301628,15.693288803,-3.392944813,22.890426636,-135.483840942,-28.791620255,-4.896645546,12.053297997,-29.295654297,-15.861384392,-1.659186244,-2.672934055,-0.369084239,-1.229569197,0.489680052,0.052427601,-0.270303458,-13.624676704,-7.634398937,-6.316179276,-4.005241394,0.448374540,-1.095023274,-1.319060326
265,5299.987,1786876817533.041,11605350.976,0.000000000,-18.216703415,18.591257095,-7.678864002,0.548020422,0.280902445,0.272033364,21.059112549,-3.673828125,21.592794418,-121.241928101,-26.222028732,-6.305222511,14.514631271,-29.410102844,-13.082809448,-2.251276731,-0.161788300,0.226283789,-1.611688852,0.514352262,-0.184110984,-0.175087824,-16.853889465,-8.659630775,-8.007658005,-3.714488983,0.538493156,-0.977726042,-1.678532600
266,5319.988,1786876817553.043,11605370.978,0.000000000,-20.282096863,20.862136841,-8.539676666,-0.421679825,-0.114543319,0.270402431,28.316698074,1.639770746,12.378241539,-99.706855774,-21.955856323,-6.490864277,20.156185150,-35.158832550,-10.234635353,-4.789380550,5.036952019,2.770254612,-5.723640919,-0.793403029,5.000000000,-5.000000000,-17.060955048,-10.938199997,-9.858983994,-2.541939259,1.070535541,-0.886590898,-2.544685125
267,5339.987,1786876817573.042,11605390.977,0.000000000,-26.831892014,13.325389862,-8.607979774,-8.380640984,-0.738759995,0.355829537,34.799034119,-0.483966172,1.349073529,-72.389373779,-15.848263741,-5.296418667,24.692081451,-42.670150757,-7.059178829,-5.977678776,11.288453102,0.716003895,-10.122697830,0.703578711,5.000000000,-5.000000000,-15.101856232,-14.062981606,-9.097171783,1.111832261,1.040322185,0.424005896,-2.257144213
268,5359.986,1786876817593.040,11605410.975,0.000000000,0.000000000,0.000000000,0.000000000,0.000000000,0.000000000,0.000000000,0.000000000,0.000000000,0.000000000,0.000000000,0.000000000,0.000000000,0.000000000,0.000000000,0.000000000,0.000000000,0.000000000,0.000000000,0.000000000,0.000000000,0.000000000,0.000000000,0.000000000,0.000000000,0.000000000,0.000000000,0.000000000,0.000000000,0.000000000
269,5379.986,1786876817613.040,11605430.975,0.000000000,-72.681854248,14.098059654,-4.903614998,-15.133468628,7.017411709,0.234262794,61.986629486,22.132877350,-8.795953751,27.324661255,4.259047031,0.732645988,43.275993347,6.815286636,25.891479492,24.170492172,10.405053139,5.273275375,23.159439087,-0.576756537,5.000000000,3.214012861,-16.454622269,-24.381919861,-2.998796940,8.696222305,-1.023344159,0.616261184,-2.885083675
270,5399.986,1786876817633.040,11605450.975,0.000000000,-53.792343140,-1.016084194,4.477654934,-28.762521744,-2.966359138,-0.344322145,9.953480721,-27.600698471,21.579637527,-31.691802979,-5.508264542,-0.631308138,10.464994431,-16.796291351,29.268241882,21.294298172,12.624521255,8.608330727,10.956480980,0.390738696,5.000000000,1.336094141,-9.233901978,-9.537986755,-4.297811508,1.939278722,0.926330030,2.297222614,0.683034241
271,5419.989,1786876817653.043,11605470.978,0.000000000,-16.306081772,6.723674297,1.124515891,-1.420215607,-1.494710803,-0.243255258,-0.596141815,-27.812490463,7.724034309,-22.461292267,4.751971245,0.710468709,10.037693024,-25.375951767,10.464576721,14.932215691,11.476404190,8.508789062,8.205730438,0.206530660,5.000000000,1.214151859,-6.953768730,-0.354349017,-3.783776760,-6.416716099,1.630594730,0.690959692,-0.132499173
272,5439.987,1786876817673.041,11605490.976,0.000000000,17.050102234,17.619186401,-16.486797333,4.352713585,1.538460255,0.750909507,3.504759312,-8.678738594,-7.410121441,3.388490677,2.436673880,0.689223409,-2.481673002,-18.186910629,-8.407555580,9.259428024,10.123799324,7.294651508,5.843088150,-0.375270426,3.015324354,1.512567043,-4.890638351,3.111851931,-4.533245087,-6.529462814,1.775863171,-1.306851983,-1.397201061
273,5459.987,1786876817693.041,11605510.976,0.000000000,27.660129547,2.858643532,-7.871945381,7.868339062,1.215853691,0.658147633,2.453543425,13.359490395,-9.614468575,4.334949970,-0.422005892,0.341738403,-13.612624168,-13.911856651,-21.731342316,5.676547527,5.700509548,4.637383461,0.803581715,0.014293404,0.524390578,1.234205723,-3.768548489,0.765401185,-5.088935375,-5.134483814,1.640876889,-2.186869621,-2.892849445
274,5479.987,1786876817713.042,11605530.977,0.000000000,14.977608681,-30.546083450,29.408229828,14.788947105,-0.175045386,-0.357485980,14.954163551,26.517253876,-5.467035770,-2.906060457,17.124362946,4.937201023,-7.266853809,-13.547096252,-25.172826767,2.229108572,2.831616163,2.207779408,-4.402647018,-0.623629272,-2.095668793,0.825532734,-6.419057846,-6.565963745,-6.119091511,-4.888546944,0.490079373,-2.209068298,-2.996623755
275,5499.988,1786876817733.042,11605550.977,0.000000000,7.820334435,-37.953399658,42.137519836,6.694772243,-0.433870465,-0.746730745,18.471637726,28.229177475,-6.688688278,-19.743120193,50.000000000,11.913210869,5.914694309,-7.933416367,-30.289525986,0.351612538,1.082463503,1.139653921,-7.975128651,0.634659111,-4.217586994,0.728801906,-9.133464813,-9.706409454,-6.293141365,-2.463856220,-0.003604401,-1.695127964,-2.330646515
276,5519.987,1786876817753.041,11605570.976,0.000000000,2.686411142,-21.348073959,23.342311859,-5.997387409,-1.174055576,-0.413912475,26.016111374,-10.291272163,4.869204521,-30.584941864,50.000000000,13.189581871,23.466804504,-10.520294189,-39.459632874,0.296777278,2.482862711,0.115355678,-7.594516277,-0.951261222,-4.640050888,0.548883319,-10.968485832,-6.679113865,-5.271057129,-1.044807434,0.657594442,-0.671041667,-1.139137506
277,5539.986,1786876817773.040,11605590.975,0.000000000,19.974290848,-2.172344923,-8.377642632,-12.016895294,-0.378250480,-0.019178851,11.418042183,-29.548151016,14.055777550,-28.795503616,50.000000000,9.557669640,15.709604263,-9.937932968,-36.236621857,-0.507835388,2.224814653,-0.345949769,-5.489816189,0.102391727,-4.047652245,0.385533571,-12.385241508,-2.081307173,-3.699468851,-3.749555826,-1.447856307,-0.489148766,-0.035783175
278,5559.988,1786876817793.042,11605610.977,0.000000000,18.873121262,1.634190917,-10.001584053,0.640820682,-0.139273912,0.214404613,8.269577980,-42.420013428,20.891098022,-50.070392609,50.000000000,16.359458923,3.070217371,-11.800951004,-36.178432465,-4.251910210,1.647365451,-1.645504355,-5.697148323,1.050507188,-3.000540495,-0.309894532,-10.042661667,0.772796810,-2.354655266,-6.368983269,-1.273050427,-1.899708867,0.527214646
279,5579.987,1786876817813.041,11605630.976,0.000000000,13.844347000,3.583884716,-7.886543751,8.837425232,0.443542510,0.110360838,16.463478088,-31.375850677,19.326581955,-34.294853210,50.000000000,10.178163528,-6.912840843,-15.097597122,-34.562454224,-7.844619751,0.449926019,-2.566147089,-5.109188557,1.178802848,-2.463163376,-0.621649384,-7.789031029,-0.496021330,-2.383588314,-6.426431656,-1.839557409,-2.546203852,0.224918991
280,5599.986,1786876817833.041,11605650.975,0.000000000,1.289718270,-0.337294549,4.175163269,9.808320999,0.392881304,-0.123167939,22.940853119,-21.602516174,23.221630096,-32.233085632,50.000000000,7.239082813,-13.809192657,-15.301178932,-29.133897781,-12.332126617,-0.958745241,-3.108302832,-6.710434437,0.662166953,-2.561893702,-0.840858161,-7.848667622,-1.725882411,-3.016051531,-6.781610966,-1.557288885,-2.763174772,-0.195864812
281,5619.987,1786876817853.041,11605670.976,0.000000000,-20.037351608,-8.192616463,13.698372841,5.622787952,-0.113338798,-0.199667707,34.641757965,-18.586418152,34.122707367,-37.688892365,50.000000000,6.010428429,-15.136322021,-13.119706154,-22.358825684,-13.770791054,-0.397491425,-3.378235817,-7.093935013,0.802017450,-2.776962757,-0.928289175,-7.106542110,-2.812522173,-3.298364639,-4.628021717,-0.768590391,-1.869213462,-0.492168397
282,5639.986,1786876817873.040,11605690.975,0.000000000,-44.125217438,-15.728769302,18.776966095,6.558134556,-1.434784532,-0.322186828,45.374530792,-21.850862503,44.438621521,-42.932746887,50.000000000,3.930876493,-8.120924950,-10.295250893,-11.231470108,-12.279817581,1.053054929,-2.771345377,-5.648835659,1.161502719,-2.413458824,-0.790036142,-8.014751434,-4.016016006,-3.587638378,-1.879343390,0.094949178,-1.147461414,-0.473847032
283,5659.987,1786876817893.041,11605710.976,0.000000000,-52.822063446,-14.795353889,15.899110794,-2.312400103,-0.587690949,-0.494427115,48.779369354,-16.592618942,45.919288635,-45.382385254,50.000000000,5.170693874,-7.277606010,-2.756709576,-6.453142166,-8.772179604,1.572698474,-2.153690338,-5.006232262,1.114646912,-2.299793959,-0.452240229,-7.429583549,-4.917531490,-3.583197117,0.563509405,0.616295815,-0.338206589,-0.787868083
284,5679.986,1786876817913.041,11605730.976,0.000000000,-48.892704010,-8.415811539,1.938556314,-10.227890015,-0.397678405,0.302668720,46.988578796,-6.656621456,48.908893585,-29.986259460,50.000000000,5.363484859,-15.035840034,4.792733669,-2.559146881,-5.015221119,1.231705666,-1.536349535,-3.394615173,1.893889070,-1.987977862,-0.129401639,-5.303740501,-5.255955696,-3.380010128,2.687800646,1.072395802,0.250504494,-1.091883421
285,5699.986,1786876817933.040,11605750.975,0.000000000,-44.110046387,15.822573662,-20.538242340,-6.540811539,0.356605500,0.649427354,53.117813110,-8.895317078,61.202411652,33.200283051,6.854842186,-0.963708103,-38.057586670,18.889873505,-5.238124847,-3.708782434,2.885523558,-0.979807198,-3.142087698,1.369745493,-1.237767696,-0.129538357,0.505373597,-4.974480629,-1.412688255,4.749835968,1.537502050,0.630862117,-1.398865581
286,5719.988,1786876817953.042,11605770.977,0.000000000,-38.666385651,33.955532074,-33.885219574,-5.549019814,-0.640606046,0.374581903,35.878593445,-37.389846802,50.730709076,43.213043213,-6.964212418,-1.150551677,-55.563255310,26.082511902,2.719430208,-4.518023968,8.658666611,-0.947412074,-5.953369617,0.442305356,-1.029983401,-0.061240427,7.351911545,-3.669613361,2.120604753,6.493762493,0.856552303,0.723052263,-1.552978754
287,5739.988,1786876817973.042,11605790.977,0.000000000,-21.073808670,39.985385895,-12.399841309,-18.450998306,-0.928576529,-0.373689085,-2.943237305,-45.968158722,21.244703293,-7.823578358,-3.776754379,-0.200059831,-37.160072327,23.948583603,10.730651855,-5.167167664,11.353433609,0.679344594,-6.623636246,0.670581818,-1.710157514,0.146046162,8.780804634,-5.476420403,4.389258862,5.845266819,-0.665872335,0.661427855,-0.550801039
288,5759.987,1786876817993.041,11605810.976,0.000000000,3.585429430,28.726612091,-13.030854225,-31.020397186,2.508584976,-0.261835337,-25.546260834,-26.544128418,-8.981935501,-1.643839359,-1.907129884,0.519560158,-13.974517822,23.723537445,15.954697609,-3.376020193,11.576442719,4.153567791,-4.795565128,-0.613888204,-1.191268444,1.291576862,7.555487633,-4.855331421,4.353724003,6.062651157,-1.054947615,0.858218908,0.814512432
289,5779.987,1786876818013.042,11605830.976,0.000000000,17.975057602,24.223365784,-29.213941574,-42.660705566,13.066930771,-2.310776234,-21.927555084,-6.279582977,-19.839475632,12.528632164,-0.373762697,0.520996988,-3.957697392,18.261875153,12.037385941,-2.356060266,10.776421547,4.906315327,-0.499522328,-1.142234802,0.462781370,-2.129906178,5.776545525,0.809028268,2.865047216,3.293681145,-1.111402869,0.743517280,1.142335653
290,5799.987,1786876818033.041,11605850.976,0.000000000,21.105709076,18.828641891,-34.539459229,-36.838531494,17.517179489,-1.491780162,-18.251018524,6.580609798,-9.733900070,20.494094849,0.668379426,0.113318600,-17.835769653,4.871444225,6.097386360,-5.515286922,4.913414955,0.191935644,5.703890800,0.760167003,5.000000000,-3.206588745,5.673836231,6.026792049,2.589456558,0.159776330,-1.052104950,0.264651835,1.005866289
291,5819.991,1786876818053.045,11605870.980,0.000000000,16.528200150,27.013090134,-51.687282562,-29.756895065,15.081175804,1.037408590,-8.034494400,0.472457111,8.352090836,21.388938904,0.769460618,-0.117268026,-36.016407013,-9.908250809,-1.808294535,-7.274359703,-2.111067295,-4.905421257,5.828236580,3.451487064,5.000000000,-0.540353298,5.273714066,6.944305420,2.349435806,-1.495926380,-1.394138575,-0.743212879,0.655649185
292,5839.988,1786876818073.042,11605890.977,0.000000000,22.595209122,34.184242249,-63.382648468,-35.284893036,22.571384430,1.042184234,-2.092257977,-3.684867382,12.226063728,20.093873978,0.195055962,-0.158506736,-43.152229309,-24.282781601,-5.433854103,-9.200485229,-2.808639526,-9.782874107,3.250049591,4.974322796,5.000000000,-1.029296398,4.639946938,6.037310123,2.786533833,-2.304243565,-2.079145670,-1.378005385,0.922569752
293,5859.989,1786876818093.043,11605910.978,0.000000000,30.210077286,37.063522339,-66.961563110,-30.452707291,20.338960648,2.165302753,-10.995858192,1.519351959,4.116907597,17.660215378,-0.131252840,0.089491576,-41.417800903,-34.179058075,-5.499996662,-9.050819397,-2.511336088,-12.533098221,0.888077617,5.833299637,5.000000000,-1.535624504,4.502204895,1.851603508,2.582943916,-2.494764090,-2.600824356,-1.601241231,1.157732368
294,5879.989,1786876818113.044,11605930.978,0.000000000,35.907081604,65.997695923,-63.822231293,-14.712692261,13.349062920,1.827439308,-9.060419083,5.378793240,-1.248672128,13.427996635,0.050625708,0.255224198,-36.929355621,-38.834064484,-8.112724304,-9.021904945,-1.900148273,-13.073580742,0.206552774,6.939331532,5.000000000,-1.688412189,3.602093935,-0.459577352,1.483036637,-2.788534403,-2.278028965,-1.507353187,0.920566916
295,5899.987,1786876818133.041,11605950.976,0.000000000,34.518417358,64.593238831,-62.300079346,1.251073003,12.833584785,3.733424187,2.258285522,2.660202980,-5.675592899,11.342769623,0.083129987,0.304578662,-41.716625214,-37.963138580,-13.566418648,-7.561213493,-1.969843268,-11.900371552,2.483670235,9.079244614,5.000000000,-2.836778879,1.398853660,-3.170914173,0.961737514,-1.977035046,-0.796727121,-0.635485530,0.409783274
296,5920.035,1786876818153.090,11605971.025,0.000000000,12.001832008,54.700820923,-58.473213196,-0.500558794,9.821717262,3.729719162,-8.491830826,3.681701899,-13.196070671,6.278339386,0.233426526,1.523012996,-51.298706055,-45.170986176,-17.388528824,-9.742474556,-1.080106497,-10.591902733,6.931927204,7.927959442,5.000000000,-0.740795791,2.634934664,-4.808032990,-0.204071030,-0.000894712,0.903929710,0.024479993,-0.730534494
297,5939.989,1786876818173.043,11605990.978,0.000000000,-10.948346138,40.583488464,-50.683052063,-7.671065331,4.134157181,1.975932360,-1.660999060,5.096033096,-17.216497421,0.074750118,-0.453626752,2.728820801,-47.333049774,-45.933704376,-17.645393372,-6.621219158,-2.337996960,-11.167794228,3.405029058,4.816003799,5.000000000,0.294613242,3.018553495,-8.358457565,-0.481904328,1.942166448,1.019106865,-0.213802978,-1.686386108
298,5959.989,1786876818193.043,11606010.978,0.000000000,-31.537538528,24.304380417,-43.482540131,-15.116593361,2.454403400,0.894152761,1.048939347,7.676110744,-16.386346817,-0.088613093,-1.122794390,3.487398148,-45.478855133,-41.948955536,-19.244544983,-2.595021009,-1.795042992,-9.293749809,0.789805770,3.085504770,5.000000000,-1.035725832,4.365248680,-10.746910095,-1.257082582,3.538987398,1.056450009,-0.283596843,-2.631958723
299,5979.990,1786876818213.044,11606030.979,0.000000000,-41.994575500,10.612250328,-40.832221985,-29.561965942,2.841461420,0.037885975,-0.487224668,6.070827007,-6.690689564,-4.922397137,-1.184287548,3.311423779,-39.131710052,-41.205181122,-16.880233765,-2.411400557,5.039086819,-9.342839241,6.927551746,2.127341509,5.000000000,1.396542549,5.414352417,-12.095201492,-0.822772026,5.665916920,0.930959404,0.604730666,-2.145008802
300,5999.990,1786876818233.044,11606050.979,0.000000000,-51.062740326,-1.065343261,-42.512466431,-51.674804688,2.202810526,0.183506712,-0.997054994,-0.198236749,3.908891439,-4.752573967,-1.337929368,2.532474518,-32.754669189,-38.455951691,-9.524891853,-2.615393877,8.983510017,-6.616853237,6.694803715,-0.188022390,5.000000000,-0.157042310,4.372830391,-13.466468811,-1.394608378,6.042961121,0.348017246,0.553378880,-1.756677270
301,6019.987,1786876818253.042,11606070.977,0.000000000,-52.026737213,-10.312147141,-44.494865417,-75.760345459,4.012493134,0.586891174,-3.513502359,-3.172162533,7.701656342,-3.825668573,-1.100396037,1.506856799,-24.636297226,-39.136775970,-4.459014416,-3.741051435,11.348018646,-4.705879211,3.036578894,-1.490374684,5.000000000,-0.286764771,2.531738043,-12.609356880,-2.103203297,4.585922241,0.331639230,0.688916326,-1.484599233
302,6039.988,1786876818273.042,11606090.977,0.000000000,-50.440086365,-17.766622543,-45.105800629,-81.530181885,9.094303131,0.994892180,-3.126062155,-1.862541676,3.685561180,1.531164765,-0.687365830,-0.132505804,-8.694333076,-40.941780090,-0.207225248,-3.943783045,13.679460526,-3.474507570,1.045662880,-2.024432898,5.000000000,0.393087924,0.065736458,-11.227166176,1.887858748,0.806917608,-2.773350239,-5.000000000,1.316435099
303,6059.987,1786876818293.041,11606110.976,0.000000000,-42.644813538,-14.638401031,-48.430599213,-83.716232300,15.692186356,0.231217638,3.887623072,-7.060193062,4.730847836,5.566767693,-0.427584291,-0.182713687,10.686909676,-39.210739136,3.217865705,-5.685770988,11.230841637,-4.447714329,1.362013936,-2.298798800,5.000000000,1.080486774,-1.121592402,-7.641544819,5.122723103,0.015703935,-4.721568584,-4.165057659,2.581766367
304,6079.987,1786876818313.041,11606130.976,0.000000000,-39.650066376,-10.376989365,-44.696758270,-73.910850525,16.920322418,0.496828765,7.748349190,-9.443118095,3.528949738,11.121360779,-0.488627911,-0.031058228,19.586057663,-39.665519714,4.696351528,-6.147109509,4.511732578,-5.411408901,2.278727055,-2.275947571,2.019200563,0.543251514,0.160545617,-4.440295219,5.817202091,-1.325067639,-4.440375805,-5.000000000,2.409672260
305,6099.987,1786876818333.041,11606150.976,0.000000000,-37.537769318,-11.157014847,-32.047286987,-69.061996460,16.480562210,-4.595849037,8.744595528,-0.260916173,-0.727676332,10.576501846,-0.628412426,0.046808310,28.145137787,-38.058246613,5.280151844,-5.666817188,-4.108069420,-8.601295471,3.345511675,-2.722618818,-2.907876015,1.420174241,0.145696819,-2.015976906,3.450251818,-0.733363032,-3.141111374,-2.614048004,1.859176397
306,6119.990,1786876818353.044,11606170.979,0.000000000,-31.884723663,-10.798726082,-16.139104843,-39.510841370,9.896211624,-1.882696271,9.851354599,-0.302797467,1.345692754,6.344421387,-1.487723947,-0.066775605,30.007600784,-33.957645416,3.245793104,-2.775477409,-11.392834663,-9.999760628,5.567558765,-3.108449221,-3.665152311,1.974784136,-0.492562413,-1.877909541,1.723547935,-0.015406764,-1.514815092,0.085538030,1.721470952
307,6139.988,1786876818373.043,11606190.978,0.000000000,-16.083610535,-7.769107342,-9.586969376,-18.878215790,3.895281315,0.391673684,8.795877457,-2.936436415,3.973946333,8.999865532,-0.383218735,-0.147874162,32.580257416,-27.013515472,3.971144915,1.971640944,-16.674955368,-8.549142838,7.207382679,-2.580361843,-3.161566257,1.497902751,-0.257066309,-2.644000530,2.782341003,-0.052695736,-1.788464189,-2.704064608,0.926644981
308,6159.988,1786876818393.043,11606210.978,0.000000000,-14.297179222,-2.983657598,-9.608838081,-22.092098236,0.736558139,0.740732074,9.280181885,-3.909331560,2.126057625,9.850912094,-0.087201230,0.190433130,30.216945648,-21.559747696,3.650916338,4.741991997,-19.685852051,-7.442411423,9.012501717,-1.519516110,-1.959719896,0.807836413,1.795196295,-1.316682696,1.907647967,-0.126839623,-0.845752299,0.027469818,0.917574763
309,6179.991,1786876818413.045,11606230.980,0.000000000,-8.365352631,2.669226885,-10.288930893,-23.124496460,-1.406719089,0.943900883,10.021914482,-7.246252060,3.605556965,10.748978615,0.381738663,0.102938712,32.158756256,-20.496463776,3.648667812,4.345505714,-23.696451187,-4.731853008,8.954015732,0.409153193,-2.816862345,-0.681749821,2.021112204,-1.001845121,0.116925322,0.376067996,0.066521905,0.720795810,1.366525888
310,6200.002,1786876818433.056,11606250.991,0.000000000,-5.402372837,5.091745853,-9.792667389,-25.918832779,-0.313412458,0.607891083,6.553716183,-11.996973038,4.976053238,7.978054523,0.317810893,-0.275457025,35.871097565,-16.111913681,1.067926049,4.010078907,-25.000000000,-3.444457531,7.017821789,0.011687368,-1.889907241,-1.127545118,1.096961379,-2.259105444,-1.667248607,0.382799596,0.480153322,0.902890563,0.835046709
311,6219.989,1786876818453.043,11606270.978,0.000000000,-18.042827606,1.021536708,-10.925104141,-24.839187622,1.263746738,0.174999163,8.144693375,-13.642812729,4.747984409,5.996807098,0.222393975,-0.236185387,34.334964752,-9.584453583,-3.018805027,3.445935011,-25.000000000,-2.830509424,5.468060493,0.154916942,-2.110367298,-0.962069809,0.033334780,-2.787755966,-1.814109802,0.252356410,0.909781992,0.862400532,0.195894971
312,6239.992,1786876818473.046,11606290.981,0.000000000,-24.290416718,-3.455140829,-10.673007011,-26.122732162,-0.261989295,0.339679956,12.315405846,-10.614428520,5.486779213,6.634690285,0.091393322,-0.264389217,31.484039307,-0.011939815,-6.856567860,1.092134714,-25.000000000,-4.261368752,-0.009382540,-0.150824293,-1.161682606,-1.530508876,-1.125418067,-2.568581581,-1.368416667,-0.250011593,0.668919325,0.570857882,-0.157967299
313,6259.987,1786876818493.041,11606310.976,0.000000000,-29.826448441,-10.034079552,-8.634769440,-24.888002396,-2.366643429,0.815355957,19.736434937,-7.391844273,4.502811909,8.035152435,0.375138581,-0.272283912,33.175605774,8.119736671,-15.756537437,-2.217060328,-22.889431000,-4.378083706,-3.132815123,0.260234088,-1.842265964,-1.440113783,-2.277785540,-1.886509776,-1.146885991,-1.024288535,0.367411166,0.293915242,-0.460372001
314,6279.987,1786876818513.041,11606330.976,0.000000000,-33.002803802,-14.373311996,-3.237389565,-15.935096741,-6.623202801,1.238736153,32.968044281,-2.725975037,1.555353999,10.707589149,0.202810019,-0.177730218,30.481168747,16.434181213,-25.734848022,-4.716830730,-17.996419907,-3.346188784,-6.982347012,-0.096961185,-2.385378361,-1.148210406,-3.009658813,-0.704083443,-0.543277502,-1.298234105,-0.014580666,-0.260478586,-0.781115055
315,6299.986,1786876818533.040,11606350.975,0.000000000,-4.456828594,-13.865665436,3.704374552,-5.836464405,-4.228370190,0.994745374,60.531589508,-3.000195026,0.961908877,17.944246292,0.585564375,-0.176995188,25.364837646,12.704972267,-36.686408997,-12.641975403,-15.931426048,-6.829288960,-10.421071053,0.658833086,-4.032784462,0.185648441,-3.225832939,1.573438764,0.504021108,-1.007025838,0.020460192,-0.480134845,-0.219274938
316,6319.986,1786876818553.040,11606370.975,0.000000000,7.244976521,-7.756215572,4.455509663,2.890311956,-0.003779536,0.014758280,65.239852905,-7.600453377,0.865738273,20.617649078,0.931472838,-0.149585083,25.559522629,12.980581284,-41.956241608,-16.256509781,-16.213016510,-6.417119026,-10.508153915,0.687879384,-3.823080778,1.068348765,-3.075882196,1.594372034,0.355392545,-0.691021919,0.226815149,-0.305024803,0.010760461
317,6339.986,1786876818573.040,11606390.975,0.000000000,14.115858078,-6.340386868,6.469150543,4.466781139,0.055549089,-0.012680318,65.645004272,-11.875535011,1.567181706,21.405296326,1.050951362,-0.154109642,26.126062393,13.039447784,-42.400238037,-18.026805878,-16.653705597,-5.197719574,-9.187081337,0.429052949,-3.094964027,1.392370343,-3.016911983,1.078362823,0.040609892,-0.334898293,0.472555876,0.020552145,0.043208465
318,6360.000,1786876818593.055,11606410.990,0.000000000,18.499382019,-4.936992168,6.233426094,4.906154633,0.585248351,-0.002125182,63.445354462,-13.509781837,3.237345934,22.714344025,1.129586816,-0.206179738,26.439302444,13.096797943,-40.636955261,-19.007635117,-16.014186859,-4.476770401,-7.058237553,-0.039428577,-2.263303041,1.651287794,-2.899918079,0.215539157,-0.200984001,0.130246937,0.592082500,0.446297824,0.201185480
319,6379.990,1786876818613.045,11606430.980,0.000000000,19.435363770,-3.258274555,5.527417660,-5.301587582,0.319062442,0.028902922,59.502429962,-11.436310768,4.569275379,16.410881042,1.076411724,-0.275820076,25.393831253,13.849765778,-39.645889282,-16.703783035,-15.900743484,-0.845107079,-4.200720310,-0.083855838,-0.803402007,1.465359449,-3.128813505,0.873391509,-0.268000722,-0.912868083,4.766947269,1.456514835,2.325016022
320,6399.987,1786876818633.041,11606450.976,0.000000000,13.297184944,-4.003408432,1.461242676,-1.210235357,0.048187714,-0.218332648,52.567226410,-11.052718163,1.093230844,14.206182480,0.855336189,-0.178861335,23.715436935,15.056020737,-39.239311218,-11.168458939,-12.750938416,3.215438128,0.513110101,-1.739582181,0.274001420,1.021822095,-2.403996944,1.959967613,-0.117899284,0.835692167,2.570838213,1.564350605,1.659522772
321,6419.988,1786876818653.042,11606470.977,0.000000000,6.720237255,-1.468124747,-1.544740438,1.636081934,-0.382805198,-0.206889644,49.454051971,-12.895027161,-0.108989216,11.829717636,0.526105464,0.308725774,15.241584778,16.813076019,-34.292358398,-8.091012955,-9.099220276,3.621787071,2.449980497,-0.574304402,0.150807440,0.787732959,0.011195770,2.273203373,0.163214162,0.948412836,0.291417927,0.839542031,0.247403994
322,6439.986,1786876818673.040,11606490.975,0.000000000,4.488772392,0.524212897,-3.417681217,1.307945371,-0.716842473,-0.102777146,41.878711700,-7.292993069,0.636021733,10.133366585,0.316885948,0.211643100,8.445414543,15.886282921,-26.557287216,-8.657856941,-7.114651203,2.547807932,-0.626555681,-0.277170956,0.456865907,1.012660623,2.421221972,2.543368578,0.192925721,0.988554955,-0.184090883,0.628790140,-0.308390051
323,6459.986,1786876818693.041,11606510.976,0.000000000,2.619706392,-1.620139480,-1.819069624,-0.436295241,-0.566829026,-0.071638241,31.065212250,-1.820600748,-1.340957284,7.753786087,0.068552032,0.234050795,5.853234291,15.686162949,-20.365413666,-5.369745731,-2.850493193,2.319453001,-0.426419765,-0.364826322,0.641970932,0.877091527,3.102706671,2.379396915,0.822642922,2.540498495,0.040825021,0.764878690,-0.075686701
324,6479.987,1786876818713.041,11606530.976,0.000000000,-3.709069729,-4.926414013,-2.436380625,-4.845733166,-1.409833789,0.705646336,22.102760315,2.306264877,-5.517181873,5.631997585,-0.182302475,0.327289015,6.236375332,15.960403442,-14.930745125,-2.822150707,-0.582939148,1.752236247,-2.425928593,0.421927929,-0.063479222,0.678322971,3.664737701,1.563707232,0.950883329,2.190927029,0.329223931,0.848934233,-0.106753819
325,6499.986,1786876818733.041,11606550.976,0.000000000,-6.743768215,-4.162703514,-6.907347679,-13.820475578,-0.309832752,0.429710209,21.956811905,4.829245567,-6.911559105,7.401061535,-0.074047975,0.387538791,10.914561272,13.916565895,-14.478486061,0.995225728,1.438234329,0.336615711,-3.910118341,0.852229774,-0.809471071,0.140653685,2.278743982,1.895535350,2.006932259,2.876368999,0.317463487,1.052992940,0.196955040
326,6519.987,1786876818753.041,11606570.976,0.000000000,-11.367370605,1.521000028,-9.074209213,-17.260648727,1.542839289,0.518503368,20.504594803,4.257778168,-5.725343704,9.682575226,0.199253604,0.271319062,12.460265160,12.577647209,-20.711805344,2.376891851,0.349677563,-2.357047796,-6.410137177,0.942123473,-2.058189869,-0.628304899,1.059649229,1.779893160,2.846685410,2.780433893,0.612843394,0.493327439,1.051616907
327,6539.986,1786876818773.041,11606590.975,0.000000000,0.000000000,0.000000000,0.000000000,0.000000000,0.000000000,0.000000000,0.000000000,0.000000000,0.000000000,0.000000000,0.000000000,0.000000000,0.000000000,0.000000000,0.000000000,0.000000000,0.000000000,0.000000000,0.000000000,0.000000000,0.000000000,0.000000000,0.000000000,0.000000000,0.000000000,0.000000000,0.000000000,0.000000000,0.000000000
328,6559.988,1786876818793.042,11606610.977,0.000000000,18.172712326,19.171588898,-9.330312729,23.523298264,15.335081100,1.049364328,-8.629920959,14.250435829,-9.541202545,-9.822113991,3.997560263,0.496982604,32.275177002,-13.368375778,10.308508873,11.366419792,4.867546558,10.670540810,10.841981888,-0.206065848,2.775593758,3.098000765,-3.894034624,-6.855267048,-0.115290783,9.169074059,-0.609610856,3.138232946,-0.433181465
329,6579.989,1786876818813.043,11606630.978,0.000000000,10.960579872,-25.559450150,7.249776363,11.804183006,8.878049850,-1.919057012,-28.161550522,8.311044693,-0.952967823,-36.938339233,2.799375057,2.650650024,17.196651459,-15.285457611,17.334114075,12.280463219,1.657018781,8.895869255,10.023215294,0.301705867,4.210534096,2.149773598,-1.754702210,-4.043083668,-4.004322052,8.458737373,-0.520413637,3.139471054,0.968795717
330,6599.987,1786876818833.041,11606650.976,0.000000000,-13.601401329,-24.096019745,4.141048908,-14.761560440,-0.872639418,0.203706816,-13.430889130,18.876310349,-6.723259449,-15.676648140,-0.338473290,0.728344738,-4.393087864,-5.223371029,18.448537827,10.635440826,2.539686680,6.323850155,4.208155632,0.926120639,3.151147842,1.321075201,-0.097540557,0.679937303,-3.686799049,4.256567001,0.228676870,2.133884430,0.333558351
331,6619.987,1786876818853.042,11606670.977,0.000000000,-24.753301620,-7.871319294,-2.885802984,-18.282432556,-0.293091327,0.077670075,11.869894028,10.469435692,-7.080038071,-7.285200119,7.131469727,-0.552877426,0.187348843,5.234879971,11.958899498,7.838006973,3.665639639,2.730156660,-2.232684612,0.774966419,0.964717388,0.287466317,0.167262748,1.555920601,-2.619979143,-0.242366329,0.445049316,0.392283708,-0.658319652
332,6639.990,1786876818873.044,11606690.979,0.000000000,-26.118644714,8.262172699,-8.022902489,-14.198848724,-0.331440091,-0.051917709,16.924150467,-5.581594467,-0.769974530,10.716995239,2.358070850,0.175373867,10.869655609,10.982859612,4.486340046,5.297415733,0.637357652,-0.427780062,-6.657642841,0.857737839,-1.342620730,0.032436743,-0.175119355,2.157011509,-0.725242615,-3.633444548,-0.159961581,-1.264817238,-0.981836319
333,6659.988,1786876818893.042,11606710.977,0.000000000,-18.289552689,16.702838898,-10.174051285,-43.123867035,11.805689812,-2.314818621,13.863528252,-35.752674103,13.232005119,5.632574081,2.911566019,-0.151891038,12.516146660,16.282758713,-13.284412384,1.963061810,-3.306170225,-4.476797104,-11.178466797,0.163839042,-3.366932869,-0.515212536,-0.486474544,2.845914841,2.335608482,-5.724399567,1.510373950,-2.089342356,-0.165512741
334,6679.988,1786876818913.043,11606730.977,0.000000000,22.710901260,5.661768913,0.096051879,-51.499275208,39.412494659,-6.876358509,-10.088093758,-45.738471985,12.275410652,-42.279354095,-11.840872765,-2.080160618,-16.914260864,22.182277679,-40.422542572,-6.297674179,-2.234909534,-8.462681770,-15.853003502,-0.460664213,-5.000000000,-0.736758351,0.396828055,2.723045826,2.673512936,-6.191588879,1.155927420,-2.690964460,0.118475929
335,6699.997,1786876818933.052,11606750.987,0.000000000,35.434886932,-14.865941048,7.658689022,-18.152423859,44.608699799,-8.817665100,-20.723758698,-28.790737152,39.596920013,-43.776565552,-12.367692947,0.035061687,-10.630947113,10.829374313,-49.429935455,-11.738829613,-0.570622504,-10.501690865,-16.099447250,-0.922375262,-5.000000000,-0.395574868,0.275688767,1.660882950,0.908819556,-3.723024607,0.323565930,-2.878459454,0.078006804
336,6719.989,1786876818953.044,11606770.979,0.000000000,40.782855988,-19.407583237,14.982450485,-6.184166431,42.783603668,-9.385864258,-28.223649979,-31.974559784,39.757129669,-66.895538330,-0.124059170,-0.183429807,-25.724916458,8.300341606,-48.905700684,-15.210371971,-0.041350126,-9.421854973,-14.523757935,-0.912938416,-5.000000000,0.344248474,0.519511342,-3.314107895,-1.043555856,-1.154363632,0.023980344,-1.779363394,0.096245833
337,6740.121,1786876818973.175,11606791.110,0.000000000,48.809406281,-30.247045517,22.044445038,-4.295156956,39.984500885,-9.979732513,-43.745662689,-27.328540802,45.745239258,-69.109954834,13.556598663,0.435086668,-31.527194977,6.425119400,-50.000000000,-17.501523972,-0.841704726,-8.726327896,-11.215119362,-1.235397577,-5.000000000,0.071665011,-0.324343145,-7.444778442,-2.789328814,-1.728802681,-0.997881830,-1.131254077,-0.258506179
338,6760.032,1786876818993.086,11606811.021,0.000000000,46.857318878,-18.421693802,20.968976974,-4.014873028,33.472808838,-9.076496124,-42.446498871,-30.416225433,40.808883667,-39.727687836,7.605442524,1.195163012,-34.892948151,4.434000969,-50.000000000,-15.611296654,-0.127191603,-7.505014420,-7.364142418,-1.143452764,-5.000000000,-0.638548136,-3.016803980,-12.373393059,-4.191183090,-4.040768147,-0.327308446,-1.064454675,-1.753363729
339,6780.032,1786876819013.086,11606831.021,0.000000000,26.730388641,-22.982381821,7.591938019,6.351961136,17.385728836,-2.795798302,-15.890864372,-29.136001587,43.150951385,-27.525371552,-2.667663813,-0.191652820,-27.769769669,-2.655065775,-46.951168060,-13.279699326,0.111346699,-6.234304428,-5.421117783,-1.124090433,-5.000000000,-1.011963725,-4.715727329,-14.780466080,-4.904251575,-5.394800663,0.024975862,-1.491468549,-2.421391487
340,6800.031,1786876819033.086,11606851.021,0.000000000,-31.725917816,-16.890689850,-15.093981743,-30.399120331,-7.576564789,-1.775334597,34.759887695,-43.203540802,26.597875595,-1.223866940,11.085501671,0.694785297,-0.757951558,-6.565729141,-32.465412140,-6.915528774,-4.546002388,-4.855368137,-5.358872890,-0.633593857,-5.000000000,-0.538493633,-8.446990013,-13.009530067,-3.902805805,-5.792000294,0.931710422,-1.478391767,-2.096323729
341,6819.993,1786876819053.047,11606870.982,0.000000000,-53.891376495,11.927817345,-32.985717773,-39.575244904,-13.658265114,0.431331724,63.217754364,-51.626556396,21.176937103,45.450325012,8.619585037,-1.234818339,17.030212402,0.382730991,-21.472438812,-0.815686345,-7.722285748,-4.973380566,-1.566501141,-0.466878861,-5.000000000,-0.537493050,-10.154584885,-10.019333839,-1.419877887,-5.439455986,1.674882650,-1.240644574,-1.410999417
342,6840.033,1786876819073.087,11606891.022,0.000000000,-53.109001160,34.057605743,-25.326528549,-43.225502014,-10.064398766,1.625450492,48.649932861,-53.864139557,8.328495026,31.902307510,14.627754211,-1.427661538,9.952778816,6.336821556,-17.621784210,-0.459659189,-8.401971817,-2.287391424,-0.530550659,-0.154715300,-1.645682096,-0.320675880,-11.040308952,-7.140457630,-1.184090376,-4.915038109,0.730842888,-0.886325121,-1.103089452
343,6860.002,1786876819093.056,11606910.991,0.000000000,-21.771604538,13.741562843,-11.396201134,-18.791316986,-2.854512691,0.544427156,3.184968472,-37.485122681,19.829530716,-6.347664356,4.644788265,-0.087104961,17.782060623,4.553686619,-12.233109474,-2.191010237,-10.604205132,0.168933749,-2.304840088,0.404024750,0.812242389,0.236273453,-12.476857185,-0.849015474,-0.441991061,-5.133474350,0.704490483,-1.267928600,-0.665764093
344,6880.034,1786876819113.088,11606931.023,0.000000000,-10.095499039,-7.166927338,-7.903885365,-23.512903214,1.569528103,0.160204694,-5.012785912,-33.772212982,38.360935211,-60.453037262,15.892299652,-6.843320370,11.188547134,6.879961491,-9.073394775,-4.325886726,-11.535087585,3.074637890,-1.882748127,0.229572192,1.018913388,0.940756261,-13.576229095,3.548306704,0.536725402,-5.010520935,0.728551447,-1.973429561,0.038669094
345,6900.029,1786876819133.083,11606951.018,0.000000000,-25.095603943,-1.814848065,-9.125238419,-9.858654976,0.204853415,0.158453718,16.527252197,-41.676078796,38.855670929,-50.011177063,13.205782890,-6.607067585,-11.253178596,10.805987358,-3.177663803,-6.731922150,-10.359668732,2.855516195,-1.033342481,0.007177279,-0.472523391,2.682503939,-9.777579308,2.028589249,0.645441830,-5.734240532,0.320228279,-2.666949749,0.152069539
346,6920.035,1786876819153.090,11606971.025,0.000000000,-33.995944977,16.549779892,-12.105876923,-10.052026749,-2.471360683,-1.372405648,24.701177597,-31.820707321,24.857828140,-12.868623734,9.008151054,-4.730932713,-20.404651642,12.898478508,2.937165022,-8.654398918,-8.714791298,0.120969206,-1.980847001,0.116374359,-0.781375229,1.742375255,-5.794958115,-0.410602599,0.299429327,-5.291262150,0.066354521,-2.612948656,-0.092168927
347,6940.030,1786876819173.084,11606991.019,0.000000000,-22.318269730,26.485170364,-12.351345062,-5.394977570,-0.526961148,-1.226728320,14.541507721,-15.117563248,11.780350685,14.594960213,8.267844200,-2.564201593,-17.661745071,9.780814171,7.256247044,-11.359375000,-7.036121368,-1.884377360,-2.798120975,0.322003394,-0.733776987,-0.282002121,-0.251729250,-2.500741005,-0.336738795,-1.660412431,-0.144097239,-1.430719733,-0.270898759
348,6960.000,1786876819193.054,11607010.989,0.000000000,8.670062065,16.051654816,-3.837355614,5.650287628,1.106108665,0.252403706,-9.394866943,-1.089945436,-0.991143942,4.936233997,4.118931770,-0.925360918,-0.455065370,0.857796967,5.635792255,-10.871036530,-7.799890041,-2.938941956,-1.999505639,0.091081314,-1.361427069,-1.034892201,3.653459311,-2.631983757,-0.780685842,2.052039146,-0.497906685,0.292421103,-0.144212186
349,6979.998,1786876819213.052,11607030.988,0.000000000,39.699539185,-1.614688039,7.223748684,18.672847748,1.727505565,0.071799740,-19.456195831,1.006072044,-1.384271502,-9.823528290,0.753358066,-0.709913075,15.522953987,-9.942447662,-0.989050508,-5.282888412,-8.458973885,-2.403507948,-0.519087195,0.253121078,-1.398802519,-0.609071314,3.773396015,-1.564885497,-1.092380285,2.934617996,0.140872315,1.165035963,0.139759883
350,6999.995,1786876819233.050,11607050.985,0.000000000,45.547702789,-9.057456017,8.367304802,15.555608749,1.003638744,-0.142279878,-19.674934387,6.698534489,0.875386775,-10.005899429,-0.998901546,-0.059782650,-1.512528539,-18.592311859,-2.238879681,-2.121563673,-8.241291046,-0.495436788,0.761348426,0.291538149,-0.128664523,-0.909838021,3.705419779,-0.156954214,-0.488507479,1.800224543,0.405345231,0.926180065,0.108246729
351,7020.005,1786876819253.059,11607070.994,0.000000000,20.321876526,-6.183679104,6.989370346,3.242675543,0.154478475,-0.090401851,-0.153233141,11.288906097,-2.495891809,2.442041397,0.618881047,-0.101733707,-25.618026733,-19.984218597,-5.285926342,-3.890230656,-6.011718273,-1.294405460,2.377762556,-0.037553258,0.708118260,-0.282693863,7.027068615,-1.839886189,-0.361271739,1.310689807,0.085433774,0.379311979,0.023840524
352,7040.004,1786876819273.059,11607090.993,0.000000000,11.387590408,-16.310827255,9.861651421,0.148005009,0.228709608,-0.111591525,5.992166519,15.571934700,-2.503766298,-6.496049404,8.547748566,1.112755060,-24.985235214,-19.112100601,-5.387841225,-4.996516228,-5.168236732,-1.897898674,2.716933727,0.218738720,1.015351772,-0.501021683,8.197686195,-4.631155014,-1.338792324,1.373725772,-0.250441134,0.257903785,-0.160246104
353,7059.998,1786876819293.052,11607110.987,0.000000000,14.349377632,-27.938562393,14.057754517,7.805178165,20.694087982,-4.553588867,11.038075447,22.874492645,-3.820035219,-24.057811737,17.090505600,-0.539602399,-20.472448349,-19.078975677,-7.220901012,-6.238067627,-2.562478542,-0.871554375,0.477830619,0.283821940,0.580526114,-0.329538792,4.879089832,-5.810503960,-2.768153906,0.287898272,0.187382415,0.072807930,-0.642092645
354,7079.992,1786876819313.046,11607130.981,0.000000000,10.032354355,-34.417541504,17.641052246,12.088678360,33.221237183,-7.591225624,19.864139557,25.411764145,2.173698664,-37.382259369,16.374816895,-2.890294552,-25.610866547,-21.804014206,-14.479172707,-7.861727715,2.083176374,0.360696316,-1.218206406,0.364957929,0.043682966,-0.116025060,4.514521599,-7.045186043,-3.698484182,0.144967556,-0.238572478,-0.007124385,-1.131576896
355,7099.991,1786876819333.045,11607150.980,0.000000000,9.712224960,-27.266309738,14.280186653,0.017495442,29.886936188,-5.854537010,22.081897736,19.575979233,1.359969378,-32.323974609,7.351259708,-2.824487448,-24.591323853,-25.988935471,-17.563192368,-7.597037792,3.425452709,0.290914536,-2.253936291,0.753100336,-0.740634620,0.078709550,4.987208843,-8.614809990,-3.180758715,-0.169808477,-0.388592899,0.005110372,-1.108558536
356,7119.991,1786876819353.045,11607170.980,0.000000000,9.967174530,-11.907983780,9.873152733,-4.274750233,26.453300476,-2.977068186,21.212310791,12.780297279,-4.159606934,-18.512798309,3.104193449,-2.595875502,-17.668626785,-24.362287521,-20.839563370,-6.219112396,1.825645208,0.110821128,-3.112821341,0.510182559,-1.199026346,0.288177013,3.757518530,-8.492211342,-2.879734516,-0.438258767,-0.044348892,0.136233732,-0.958467960
357,7139.987,1786876819373.041,11607190.976,0.000000000,12.161775589,-0.300279468,4.897149086,-4.339978218,22.394786835,-2.899996996,19.445066452,5.041191101,-11.052163124,-4.375155926,4.892423153,-1.929026961,-5.722033501,-19.186115265,-21.897375107,-4.466746330,-0.072093531,0.872895479,-3.279334784,0.186419934,-1.402632713,0.596326828,-0.410524249,-6.658330441,-2.323705196,-1.715208292,0.221629590,-0.005021410,-0.802249372
358,7159.988,1786876819393.042,11607210.977,0.000000000,11.534913063,5.900317669,0.666917920,0.365150183,15.566304207,-2.415610790,22.526306152,-6.944307327,-14.376606941,1.029071093,9.419000626,-0.607627571,10.500004768,-15.504443169,-19.327131271,-2.471850634,-0.292275608,2.209526300,-3.875680923,-0.211923391,-1.385254741,1.026702762,-5.764878273,-2.702436447,-0.662274778,-4.098343849,0.456027836,-0.784369409,-0.620219350
359,7179.989,1786876819413.043,11607230.978,0.000000000,3.014343739,10.739219666,-5.702886105,4.538526535,5.404973507,-1.126762033,27.635122299,-15.392568588,-2.287746429,5.232434273,15.133585930,0.604061842,22.781192780,-15.174468994,-16.597970963,-0.749594033,0.946832895,2.979548454,-4.059097290,-0.200543463,-1.379229784,1.524086118,-10.803780556,1.851618052,1.633128881,-6.703011990,0.426606506,-2.053696632,-0.374923319
360,7199.987,1786876819433.041,11607250.976,0.000000000,-18.857673645,21.867715836,-15.841361046,-5.738865376,-5.072229385,0.716569245,45.460868835,-35.850769043,10.220784187,14.620553017,22.285482407,2.252725601,27.547004700,-12.723044395,-12.891016006,1.988512754,1.241890669,2.401221037,-2.737422943,-0.201137632,-1.237472177,1.556863189,-12.609030724,5.535634995,3.515038490,-8.034206390,-0.078998402,-3.242338181,-0.013785027
361,7220.029,1786876819453.083,11607271.018,0.000000000,-33.986515045,18.980493546,-12.668482780,-9.735581398,-1.346449852,0.448041737,59.735713959,-45.550304413,21.257816315,0.029800570,29.564495087,5.780455112,26.342773438,-12.705800056,-16.880712509,2.308643103,0.648148477,1.080776691,-2.247004986,-0.068182476,-1.010935903,0.982398033,-11.131238937,6.461137772,5.174426079,-8.429430008,-0.682101965,-3.881642342,0.444839418
362,7240.033,1786876819473.087,11607291.022,0.000000000,-29.501708984,7.573013783,-4.340132236,-5.036315441,-0.415615201,0.216852084,62.103973389,-52.255527496,18.910203934,-17.882589340,30.711130142,10.562955856,29.196041107,-10.333499908,-20.606327057,1.760598660,2.840351105,1.366295695,-1.974105835,-0.044320859,-0.657285511,0.594986975,-10.152602196,7.072193146,5.736300468,-8.610387802,-0.288081020,-4.010578632,0.885956466
363,7260.000,1786876819493.054,11607310.989,0.000000000,-19.941078186,-2.245588779,1.451114893,0.663167119,-0.312719911,-0.241929755,52.877498627,-47.662685394,14.839922905,-27.418025970,32.522449493,11.783413887,28.265232086,-6.976972103,-22.355396271,0.431964070,5.089027405,2.105316639,-1.790319085,-0.132863015,-0.436416417,0.580171347,-8.633855820,6.790636063,5.569803715,-7.647376060,-0.321077734,-3.671820402,0.897114694
364,7279.990,1786876819513.045,11607330.980,0.000000000,-11.415018082,-7.953586578,4.691350937,3.657169104,-0.249016717,-0.279172778,41.128807068,-41.437885284,10.482563019,-33.773593903,30.827102661,11.799060822,23.442127228,-4.051467896,-22.400888443,-2.052730799,5.958772659,2.593117714,-2.094043493,-0.092500679,-0.431920588,0.652638316,-7.457140923,5.422729015,4.516344547,-6.543871880,-0.401980847,-3.184695482,0.662233770
365,7299.987,1786876819533.041,11607350.976,0.000000000,-3.881972790,-10.475262642,7.628458023,5.564818859,-0.248701811,-0.249142230,30.107967377,-34.631256104,6.060378551,-37.222240448,27.824640274,10.745166779,17.841115952,-4.105572224,-22.812227249,-5.836732388,6.589229584,3.530586481,-3.176553726,-0.129947379,-0.629767895,0.880505145,-7.084117889,2.947996140,3.025819063,-5.672469616,-0.432559371,-2.569621563,0.385873020
366,7319.987,1786876819553.041,11607370.976,0.000000000,0.469089955,-10.236386299,8.126064301,4.745328903,0.302203983,-0.134006321,23.147787094,-28.064767838,2.575172663,-33.525745392,24.117021561,8.962930679,12.996865273,-4.627011776,-22.486562729,-8.376736641,6.928701878,3.915251970,-4.101827145,-0.022643415,-0.931722462,1.041013360,-7.018951416,0.011418867,1.405805588,-5.209202766,-0.507998049,-2.133917332,-0.001891347
367,7339.986,1786876819573.040,11607390.975,0.000000000,1.804643989,-8.176701546,5.864708424,4.554275036,0.207417518,-0.092249520,19.928220749,-19.735515594,3.913223505,-25.349334717,23.286542892,6.996006012,9.156575203,-3.492491484,-21.218482971,-9.669991493,6.282801151,3.803364754,-4.332551479,-0.205221578,-1.162692428,1.129744053,-7.550863743,-2.176252127,-0.128932208,-4.647295475,-0.335490197,-1.584474206,-0.376817733
368,7359.998,1786876819593.052,11607410.988,0.000000000,0.676350415,-4.485083103,4.566198349,3.077746868,0.222882003,-0.175382301,17.443063736,-16.130527496,5.834846973,-19.879796982,23.700431824,5.356680393,6.883069038,-3.550491333,-21.029975891,-9.153097153,5.812931061,3.713809252,-3.993301153,-0.155587241,-1.187384129,1.139231801,-7.395267010,-3.371590376,-1.522736430,-4.261279106,-0.232800215,-1.092698455,-0.699359238
369,7379.987,1786876819613.041,11607430.976,0.000000000,-0.072858028,-4.738528728,2.749561310,1.748829603,0.212070271,-0.258117259,20.276529312,-15.189907074,7.630262375,-19.549133301,25.804159164,6.376484871,4.501515865,-3.971102715,-20.893342972,-9.704198837,5.508779526,3.783921003,-4.639155865,-0.138682008,-1.104250431,1.147768617,-7.336329937,-4.642902851,-2.291088581,-4.379745007,-0.029486705,-0.814647198,-0.935585737
370,7399.986,1786876819633.040,11607450.975,0.000000000,-1.133834720,-4.072402477,3.112486362,2.439684153,0.217199311,-0.267292112,19.791399002,-15.801493645,9.155343056,-22.252281189,30.556104660,6.702867985,4.234017849,-4.709641933,-21.369554520,-9.815600395,5.545638561,3.414126635,-4.964138985,-0.208046809,-1.186861753,1.175504923,-5.765604973,-4.585707664,-2.212258816,-2.887114525,0.216244042,-0.536307573,-0.989505589
371,7419.986,1786876819653.041,11607470.976,0.000000000,-0.514739692,-5.468585968,2.997957945,3.110617876,0.219778329,-0.239412889,19.518926620,-17.397129059,10.587010384,-28.332355499,34.702686310,8.372432709,3.005661964,-6.949220181,-19.717153549,-8.120080948,5.176744938,2.971733570,-3.546060324,-0.494436264,-0.979438424,1.148564935,-4.204129696,-4.029254436,-1.856376529,-1.784373879,0.166461647,-0.204959378,-0.750872016
372,7439.985,1786876819673.040,11607490.975,0.000000000,-0.247957751,-5.004759312,3.681168079,3.605368853,0.267152280,-0.265465260,14.504944801,-16.786533356,12.850931168,-37.160076141,38.127651215,8.696407318,2.205919027,-10.311510086,-17.436065674,-5.725509644,4.424056530,2.508377790,-2.101849079,-0.777253151,-0.491724402,0.978315294,-2.126360416,-3.315306902,-1.414221883,-1.067272186,0.062047321,-0.013044032,-0.502375364
373,7459.999,1786876819693.053,11607510.988,0.000000000,-5.791792870,-1.287158370,4.680473328,-17.783800125,-5.496980667,1.602256179,13.780372620,-15.314577103,12.439125061,-42.388820648,40.774314880,9.369315147,0.001178550,-11.748929024,-15.058432579,-4.185314178,3.860206842,1.934343815,-0.641183734,-0.654390872,0.043569677,0.721415222,-0.659364522,-2.882814884,-0.863356590,-0.800286472,0.003483605,0.008348600,-0.277469248
374,7479.991,1786876819713.045,11607530.980,0.000000000,-14.266595840,0.082458906,5.764751434,-24.914207458,8.167107582,2.581758738,20.640083313,-13.325675964,11.154830933,-41.228195190,41.430587769,10.132616997,0.411254346,-11.515400887,-14.684624672,-3.288603544,3.887849092,1.680353999,0.184245005,-0.428936630,0.459574789,0.336930364,-1.509689689,-3.755637646,-1.047045946,-1.371078968,-0.113854915,-0.062577553,-0.200727776
375,7499.997,1786876819733.051,11607550.986,0.000000000,-17.891119003,-4.156009674,7.330324173,-20.057012558,3.829726219,2.072517633,28.425525665,-9.254494667,9.031482697,-34.317504883,41.921272278,9.674732208,5.302215576,-11.993066788,-15.741777420,-3.094011545,4.843772888,2.403295040,-0.086356863,-0.406028360,0.517246664,0.353195846,-3.939049721,-4.210536480,-1.878743172,-2.480826616,-0.081130095,-0.184775352,-0.499493569
376,7519.992,1786876819753.047,11607570.982,0.000000000,-17.091691971,-6.063817024,7.211588860,-16.936426163,6.913918018,1.705033422,30.709917068,-6.390908718,7.383212090,-29.098974228,41.670566559,9.559006691,9.229884148,-12.098690033,-16.635353088,-3.106651068,5.300711632,2.874715090,-0.264376491,-0.610392094,0.440999806,0.528446853,-6.724367142,-4.573646545,-2.554128647,-3.444126129,0.002561571,-0.398015261,-0.734145582
377,7539.989,1786876819773.043,11607590.978,0.000000000,-14.534518242,-7.290869713,7.247268200,-11.168112755,6.169992924,1.601422906,32.059913635,-4.151014328,5.907210350,-25.689174652,41.522949219,9.520167351,10.845301628,-12.172368050,-18.824214935,-3.567172766,5.329201698,3.068492889,-0.653389692,-0.653257906,0.291798234,0.643042624,-8.574739456,-4.577799320,-3.273241997,-4.264047623,0.087432422,-0.595679224,-0.916484714
378,7559.988,1786876819793.042,11607610.977,0.000000000,-13.322725296,-7.620084286,6.678214073,-8.184626579,5.626847267,1.502589464,32.880256653,-4.087823391,6.183205128,-24.252449036,40.491973877,9.330661774,11.190054893,-12.699910164,-20.495365143,-3.677992821,5.237174034,2.998538971,-0.684283614,-0.656484842,0.340779722,0.711401343,-9.289445877,-4.705904484,-3.538965225,-4.621922493,0.227824092,-0.682537556,-1.013790011
379,7579.988,1786876819813.042,11607630.977,0.000000000,-11.898005486,-8.269285202,6.578097820,-7.496733189,5.592594624,1.441752911,32.575244904,-3.983796597,6.157148361,-24.760492325,39.503196716,9.228986740,10.788341522,-13.189293861,-21.306938171,-3.631555319,5.046460629,2.815062523,-0.607456028,-0.678521156,0.407803625,0.709739387,-8.857606888,-4.575977325,-3.293950081,-3.968176603,0.294757396,-0.677087009,-1.004809737
380,7599.987,1786876819833.042,11607650.977,0.000000000,-10.222619057,-8.574252129,6.551198959,-6.742785454,5.868758202,1.432775140,31.386693954,-4.277639389,7.124970913,-27.329319000,38.124591827,9.160282135,10.153928757,-13.406397820,-22.353523254,-4.061634064,5.160543919,3.117119312,-1.031447172,-0.484166563,0.358865798,0.723456621,-8.163779259,-4.408284664,-3.229672670,-3.541177034,0.259637862,-0.670302331,-0.927512407
381,7619.989,1786876819853.043,11607670.978,0.000000000,-7.210031033,-7.531464577,5.118444920,-5.796052933,6.468568802,1.643205285,27.412322998,-4.295705318,8.506826401,-28.561723709,34.903121948,8.595069885,8.389182091,-12.325189590,-21.661172867,-4.436641216,5.162453651,3.121733189,-1.268142104,-0.598686337,0.237689078,0.776907146,-7.295291424,-4.135220528,-2.964627266,-2.896131277,0.307000071,-0.576009810,-0.842198312
382,7640.027,1786876819873.081,11607691.016,0.000000000,-0.180371061,-3.783257723,2.274728298,-4.996021271,8.538910866,1.886736274,22.432130814,-3.930943489,7.644382954,-22.047264099,31.263875961,7.921230316,4.890362263,-10.543486595,-21.969463348,-5.131055355,5.174223423,3.246410608,-1.576679230,-0.399584770,0.143851802,0.785164416,-6.231390476,-4.396609306,-3.011668921,-2.789222002,0.332247913,-0.543048799,-0.802454770
383,7659.997,1786876819893.051,11607710.986,0.000000000,13.061695099,3.293545723,-3.792437315,-3.265885353,12.877303123,2.188632488,9.584683418,-3.048108339,5.560966492,-15.366886139,23.303678513,6.076696873,-0.968462229,-6.901797295,-21.285192490,-5.813057423,4.322227001,3.028842211,-1.909936786,-0.152029216,0.073564552,0.753762305,-5.700464725,-4.634965420,-3.142833233,-3.019467115,0.488819957,-0.527167976,-0.803810537
384,7679.990,1786876819913.044,11607730.979,0.000000000,41.312641144,15.230134964,-13.854108810,2.034505129,20.310613632,3.679647684,-37.855670929,-12.602643013,6.422611713,-44.537025452,-5.805254936,1.631167293,-10.298614502,0.504897475,-13.597847939,-6.162961006,3.278923988,2.145034313,-2.175334692,-0.413730085,-0.100595042,0.580619276,-4.175739288,-4.070399761,-2.892707586,-2.677132368,0.566527247,-0.532557011,-0.838028491
385,7699.987,1786876819933.041,11607750.976,0.000000000,46.800327301,12.635910988,-10.711220741,4.855907917,24.502462387,2.704975843,-27.888904572,-10.352809906,0.491348505,-11.462506294,-0.773995578,-0.171584427,-10.230666161,1.994472146,-19.173879623,-5.851762772,2.527799606,2.046008825,-2.460386038,-0.299258798,-0.314675957,0.403998017,-1.488190532,-3.439651251,-2.225495577,-1.155306339,0.586570561,-0.039065000,-0.601685762
386,7719.988,1786876819953.042,11607770.977,0.000000000,39.898708344,12.504688263,-8.697685242,-2.305245876,27.294128418,2.122698307,-14.105083466,-1.632630467,-2.454891443,1.712379098,0.317346722,-0.098759644,-8.590196609,2.198411942,-22.970293045,-5.604186535,2.222214222,2.033483505,-3.145881176,-0.254757673,-0.637714148,0.540024519,-0.005402822,-2.621945381,-1.728585482,0.083205260,0.366779655,0.337860495,-0.409177244
387,7740.027,1786876819973.081,11607791.016,0.000000000,27.604434967,7.964008331,-4.792125702,-12.251770020,25.940626144,2.076179981,-3.177536011,4.442249298,-3.560182095,-2.388055086,2.867561102,0.843801320,-5.428773403,0.508498013,-24.034696579,-5.385251999,2.379389286,2.196693182,-2.982151508,-0.412243962,-0.659752369,0.656453609,-0.112894066,-2.499833584,-1.211056471,0.293022484,0.234390944,0.240987301,-0.141908348
388,7759.990,1786876819993.044,11607810.979,0.000000000,14.858546257,-1.834587455,4.281333447,-14.017307281,19.887928009,1.951776385,5.111444950,-0.413466603,0.208427146,-33.934143066,11.986562729,4.200666428,1.064602971,-3.759904385,-25.318229675,-5.047891617,3.382531643,2.751260757,-2.422712564,-0.458759099,-0.452583969,0.747451425,-1.921120524,-3.120172739,-1.274389744,-0.536272645,0.121931553,0.029745759,0.002966836
389,7779.987,1786876820013.042,11607830.977,0.000000000,8.476906776,-6.904994965,8.622748375,-7.235218525,13.119876862,1.622135639,10.646458626,-3.819029331,4.638782978,-44.668415070,12.466494560,4.376645088,2.621434450,-5.628886700,-24.112857819,-4.649684429,3.951170206,2.862277031,-1.337360382,-0.346883029,-0.051950615,0.686764300,-4.275069714,-3.784806252,-2.059407949,-2.034270048,0.022298500,-0.158124506,-0.222126976
390,7799.987,1786876820033.041,11607850.976,0.000000000,3.737739801,-8.292294502,9.592199326,-4.046574593,9.162522316,1.472406149,14.287935257,-5.628705502,9.298620224,-50.419910431,11.349925995,3.121920347,1.978207469,-4.426325321,-23.110216141,-4.751691818,4.207484245,2.627880812,-0.843600333,-0.404387087,0.203891516,0.528332531,-5.263347149,-3.952847004,-2.699619770,-2.595385313,0.065731399,-0.245676950,-0.446786255
391,7819.993,1786876820053.047,11607870.982,0.000000000,1.320361376,-7.537440300,11.341259003,-6.646338463,7.206729889,2.024972916,15.437188148,-5.437933445,10.996351242,-48.898853302,10.432249069,1.358330011,1.149618030,-3.139092922,-22.207294464,-5.215621471,4.506291389,2.680197477,-0.913590789,-0.558973432,0.295143604,0.407845497,-5.467065811,-4.009842873,-3.100842953,-2.998182535,0.112754278,-0.269669592,-0.577261388
392,7840.027,1786876820073.082,11607891.016,0.000000000,-1.657727242,-6.096660614,11.051497459,-6.950526714,5.929224968,1.964015722,16.936067581,-7.074766159,12.214316368,-47.390617371,11.059749603,0.882767320,0.022864522,-3.211240053,-21.803894043,-5.419425488,4.583317280,2.677150726,-0.678115606,-0.460789979,0.305143356,0.417569607,-5.694291115,-4.658918858,-3.654639721,-3.066065311,0.097558104,-0.179273367,-0.647102535
393,7860.000,1786876820093.054,11607910.989,0.000000000,-3.857090473,-5.710376740,10.233569145,-7.893952847,5.372035027,1.778960228,19.435026169,-8.069287300,13.536814690,-45.701084137,11.078254700,0.941057384,0.300492465,-3.282228470,-22.382843018,-5.769325733,4.498765469,2.752437353,-0.837629557,-0.504094839,0.182564348,0.507545412,-6.187804699,-4.877157211,-3.685482979,-2.976450443,0.125374198,-0.064371265,-0.741213024
394,7879.991,1786876820113.045,11607930.980,0.000000000,-4.634056091,-7.407803059,10.228943825,-8.850404739,6.072442532,1.466953874,20.845504761,-5.942698479,13.738971710,-43.823440552,8.402463913,0.734551370,0.726428151,-2.704134464,-23.415771484,-6.982116699,4.827941895,3.090229034,-1.884593248,-0.396864295,-0.031175395,0.639109135,-7.087619781,-5.218121529,-3.764243364,-3.587983131,0.181254059,-0.177984700,-0.848656476
395,7899.988,1786876820133.042,11607950.977,0.000000000,-3.671390057,-7.326547623,11.289276123,-9.954246521,6.118982792,2.122946024,21.728242874,-3.409900904,12.908677101,-42.120033264,5.936395168,0.579103172,1.122483730,-2.646783113,-24.762790680,-8.253684044,5.318787098,3.508671045,-3.110533476,-0.301501662,-0.330555528,0.758867979,-7.199520588,-5.361248970,-3.754941225,-3.561743975,0.250989676,-0.345857233,-0.897250354
396,7920.034,1786876820153.088,11607971.023,0.000000000,-3.521681547,-8.204603195,11.423209190,-9.876617432,6.038367271,1.812763572,22.216445923,-1.678829312,13.028866768,-41.540046692,4.332951546,0.461345077,0.517265797,-2.690898418,-25.036132812,-8.196945190,4.977691174,3.605787516,-3.075192213,-0.409035385,-0.461849630,0.874699235,-6.862487316,-5.227176666,-3.512290001,-2.975128174,0.234357536,-0.271395564,-0.780083418
397,7939.986,1786876820173.040,11607990.975,0.000000000,-3.789525032,-7.569649696,11.592388153,-10.071362495,5.775680065,2.002402306,22.061372757,-0.770644426,12.530478477,-39.892986298,3.844941378,0.405285299,0.246064276,-2.367395163,-24.446371078,-7.358821869,4.572231770,3.511742353,-2.422325850,-0.431129813,-0.360822797,0.896310329,-6.084116459,-4.566839695,-3.108580589,-2.212139606,0.069365107,-0.072031707,-0.622231603
398,7959.989,1786876820193.043,11608010.978,0.000000000,-4.067722797,-7.626865387,11.161454201,-10.602562904,5.823539734,1.810026288,21.059652328,-0.117984824,12.060212135,-38.682491302,3.678709507,0.404289335,-0.098480307,-1.985376358,-22.881862640,-6.811000347,4.617820263,3.367502451,-2.125172138,-0.399253964,-0.191233322,0.769423664,-5.226262569,-4.381095409,-2.891600370,-1.744619012,0.046095282,0.069126569,-0.516735375
399,7979.987,1786876820213.041,11608030.976,0.000000000,-3.684538603,-7.607711315,10.703495979,-11.045537949,6.590991974,1.489967704,19.559682846,0.481330186,11.327442169,-37.205459595,3.659031630,0.333269507,-0.219931617,-1.612855434,-21.213970184,-6.357671261,4.441308975,3.136106491,-1.936045885,-0.405592710,-0.136317268,0.681707740,-4.536249161,-4.095643520,-2.598968029,-1.378205538,0.011778360,0.073481485,-0.447130203
400,7999.984,1786876820233.039,11608050.974,0.000000000,-2.988116026,-6.900001049,10.606850624,-12.100450516,6.966533661,1.470921040,17.549152374,0.869648099,10.252120972,-35.840476990,3.581455708,0.279472619,-0.565751970,-1.195649028,-19.816556931,-5.981257915,4.211239815,2.875528097,-1.760840178,-0.384480953,-0.109843887,0.605588675,-4.065393448,-3.824060202,-2.333179235,-1.232698679,0.002162254,0.085677817,-0.405562997
401,8019.989,1786876820253.043,11608070.978,0.000000000,-2.094438553,-6.761686802,10.249606133,-12.123085976,7.300874233,1.255027652,15.770608902,1.353953958,9.350451469,-34.334327698,3.700693607,0.174939156,-0.716756344,-1.366067648,-19.012826920,-5.968348503,3.852144718,2.830554008,-1.903844237,-0.330130219,-0.127798438,0.529423773,-4.206141949,-3.759009361,-2.374214888,-1.420969009,-0.004118328,0.028356422,-0.427291989
402,8039.988,1786876820273.042,11608090.977,0.000000000,-1.232951760,-6.399715900,10.603545189,-12.795080185,7.824754715,1.023393631,14.461093903,1.487504959,8.530164719,-34.151199341,3.489745855,0.131296366,-0.823815584,-1.810447454,-18.479244232,-5.904713631,3.634374857,2.842374563,-2.068490744,-0.341086894,-0.144386202,0.530642986,-4.125021458,-3.931728363,-2.425631523,-1.442366958,0.060500763,-0.003366726,-0.457968384
403,8059.990,1786876820293.045,11608110.980,0.000000000,-0.880632401,-6.126155376,10.193769455,-12.497697830,8.161023140,0.876318455,13.614698410,2.101624012,7.865812302,-33.970561981,3.329514742,0.065802425,-1.180419803,-1.961600900,-18.086902618,-5.646795273,3.445921421,2.667849541,-1.874399543,-0.322903842,-0.157929733,0.516643822,-4.412573814,-4.062199116,-2.551030159,-1.657335639,0.159549281,-0.055765972,-0.508269906
404,8079.988,1786876820313.043,11608130.978,0.000000000,-0.129582703,-6.075327873,9.912111282,-12.637361526,8.624653816,0.727466166,13.028736115,2.346148968,7.401020527,-33.514450073,3.233172178,-0.047574203,-1.127686501,-1.851619244,-18.016674042,-5.587996960,3.421902657,2.582794428,-1.690902710,-0.308437943,-0.104944482,0.473625302,-4.602560043,-4.055945396,-2.600349903,-1.825197816,0.251702309,-0.100358918,-0.555671394
405,8099.986,1786876820333.040,11608150.975,0.000000000,0.353332579,-6.023084164,9.672876358,-12.843142509,8.913765907,0.553507149,12.658183098,2.417273521,6.976721287,-33.168846130,3.041966677,-0.126280636,-1.132580638,-1.742824197,-18.057332993,-5.516487598,3.433188200,2.506047010,-1.608765483,-0.306737065,-0.061550587,0.440450162,-4.710730553,-4.151322842,-2.638128757,-1.817055583,0.296262741,-0.116454296,-0.586078703
406,8119.989,1786876820353.044,11608170.979,0.000000000,0.876977086,-5.834086895,9.523829460,-13.072318077,9.191539764,0.376822382,12.296302795,2.527845144,6.630262375,-32.828506470,2.821263313,-0.211823151,-1.051012397,-1.755081296,-18.138740540,-5.440025330,3.434602022,2.456015587,-1.559564829,-0.318958133,-0.042642314,0.421129346,-4.763333797,-4.260282040,-2.667256594,-1.749472976,0.326572776,-0.101189591,-0.605192304
407,8139.987,1786876820373.041,11608190.976,0.000000000,1.633403301,-5.574616432,9.422598839,-13.375452995,9.686359406,0.236282796,11.873828888,2.478929043,6.407070160,-31.989479065,2.793773651,-0.371688604,-1.248004079,-1.861855865,-18.314378738,-5.325177670,3.481647491,2.406429529,-1.491097808,-0.327278197,-0.031964842,0.401698709,-4.784173489,-4.414317131,-2.707252264,-1.717083573,0.386367202,-0.106584810,-0.610541821
408,8159.986,1786876820393.040,11608210.975,0.000000000,2.127710104,-5.334160328,9.075146675,-13.701139450,9.932863235,0.085377783,11.206437111,2.938552141,6.123154640,-31.815204620,2.492844343,-0.434349865,-1.380435705,-2.383445263,-18.503656387,-5.120928764,3.385228872,2.415786505,-1.435507178,-0.280732363,-0.024184024,0.415261894,-4.849700928,-4.490085602,-2.809498310,-1.779341698,0.402077496,-0.125410661,-0.616400003
409,8179.988,1786876820413.043,11608230.977,0.000000000,2.472446918,-5.020996094,9.034908295,-13.473525047,9.719830513,-0.073604085,10.614744186,3.357465267,5.793132782,-33.068355560,2.044901848,-0.452777028,-1.467327237,-2.334922791,-18.980411530,-5.368150234,3.354392767,2.442037106,-1.653890133,-0.313954443,-0.064854063,0.417296231,-4.975300789,-4.622312546,-2.929616451,-1.796049118,0.436550140,-0.131156877,-0.614993632
410,8199.986,1786876820433.040,11608250.975,0.000000000,2.621405840,-5.241719246,9.085770607,-13.797111511,9.476488113,-0.228094503,10.559251785,3.073551416,5.609172821,-33.541069031,1.417734623,-0.462915182,-1.238733292,-2.272525787,-19.441064835,-5.618731499,3.509200335,2.542696476,-1.846137047,-0.299264044,-0.124993302,0.444290102,-5.152189255,-4.721554279,-3.023632765,-1.856989026,0.444467992,-0.135636449,-0.611921966
411,8219.987,1786876820453.042,11608270.976,0.000000000,2.987339735,-5.273931980,9.227969170,-14.427588463,9.411808968,-0.364628345,10.520779610,3.029765606,5.332754135,-33.704074860,0.749981463,-0.516636670,-1.175371766,-2.192539215,-20.039834976,-5.904238701,3.707913637,2.727735996,-1.912613630,-0.314853489,-0.154223129,0.491841555,-5.450014114,-4.897330761,-3.221452236,-2.101479769,0.465081006,-0.134429559,-0.608883381
412,8239.986,1786876820473.041,11608290.976,0.000000000,3.414970160,-5.603935242,9.259124756,-14.685572624,9.137092590,-0.511109412,10.749030113,3.158764839,5.434014797,-33.589523315,0.357570171,-0.553371012,-1.335813999,-1.867063522,-20.355548859,-6.157659531,3.809866667,2.767157555,-1.936342478,-0.300276697,-0.166511223,0.502648115,-5.630403042,-4.991540909,-3.266895056,-2.104579687,0.412008822,-0.121644460,-0.605419159
413,8259.987,1786876820493.041,11608310.976,0.000000000,3.456754446,-5.604661942,9.246376038,-15.189636230,8.848158836,-0.658850253,10.778981209,3.152500868,5.442827702,-33.372642517,0.045065258,-0.587919533,-1.269572139,-1.494597077,-20.497779846,-6.098333359,3.849330902,2.755345345,-1.883005261,-0.307376534,-0.155775741,0.515840411,-5.608738899,-4.991784573,-3.260909796,-2.056752920,0.408022612,-0.107295915,-0.604643703
414,8279.986,1786876820513.040,11608330.975,0.000000000,3.948219776,-5.688211918,9.142426491,-15.407875061,8.274065971,-0.836335480,10.274873734,3.189773798,5.623591900,-33.702785492,-0.356851757,-0.655269921,-1.546110749,-0.803142071,-20.385219574,-6.041582108,3.846648932,2.656442881,-1.851100564,-0.297756284,-0.150970787,0.529389322,-5.316669941,-4.852653503,-3.147797108,-1.838971496,0.411370844,-0.092561632,-0.580521941
415,8299.987,1786876820533.042,11608350.977,0.000000000,4.266805649,-5.738006592,8.808015823,-15.813622475,7.760531425,-0.976093054,9.820344925,2.791471243,5.501988411,-34.071174622,-0.850556135,-0.658674896,-1.005493641,-0.341193765,-20.234649658,-6.083421707,3.953202248,2.663286448,-1.886182189,-0.315183043,-0.144917265,0.553161144,-4.997409821,-4.697238922,-2.940953493,-1.631883740,0.448241621,-0.068130411,-0.528456748
416,8319.986,1786876820553.041,11608370.976,0.000000000,4.325121880,-5.705506325,8.581637383,-16.409694672,7.353030205,-1.121233821,9.305407524,2.406117678,5.476480961,-34.312366486,-1.241436362,-0.703605235,-1.018363595,-0.053467937,-19.964263916,-6.034404278,3.956773043,2.626823664,-1.839379787,-0.322878957,-0.149264425,0.563463628,-4.895653725,-4.608483315,-2.863725424,-1.528204083,0.430158228,-0.047088150,-0.489765674
417,8339.987,1786876820573.041,11608390.976,0.000000000,4.251335144,-5.534645081,8.388506889,-16.912857056,6.963926315,-1.253975034,8.672432899,2.211993456,5.510311127,-34.502758026,-1.615016937,-0.762859404,-1.109987974,0.139077142,-19.697431564,-5.976277351,3.916078568,2.578560352,-1.757791281,-0.313420027,-0.148153260,0.545194626,-4.895164013,-4.597313404,-2.856442213,-1.550463915,0.427094370,-0.033166204,-0.486928731
418,8359.987,1786876820593.042,11608410.976,0.000000000,4.223836899,-5.323209286,8.209603310,-17.379940033,6.544847965,-1.371881366,8.139370918,2.121843338,5.532022953,-34.684284210,-2.001985312,-0.824538589,-1.205729723,0.218412668,-19.533634186,-5.951322079,3.881917953,2.549057484,-1.709135771,-0.300223678,-0.151549339,0.524790227,-4.951881886,-4.619890213,-2.905175447,-1.643709064,0.427589148,-0.027472539,-0.498982221
419,8379.987,1786876820613.042,11608430.976,0.000000000,4.392839909,-5.042867661,8.019761086,-17.884437561,6.227668762,-1.500669003,7.673813343,2.174737215,5.797701359,-34.509731293,-2.268410444,-0.931325972,-1.327529669,0.426384538,-19.516613007,-5.842359066,3.877599001,2.476630211,-1.577596903,-0.291658968,-0.151148632,0.514884233,-5.146369934,-4.777475834,-2.983773947,-1.772627711,0.413016617,-0.025638247,-0.519624770
420,8399.987,1786876820633.041,11608450.976,0.000000000,4.367432594,-4.904445648,7.755038261,-18.410209656,5.867108822,-1.621980906,7.399177551,2.131618261,5.725239754,-34.433036804,-2.600068569,-1.000494480,-1.449277163,0.422301590,-19.545846939,-5.815895557,3.834202051,2.454203606,-1.537255168,-0.287087470,-0.161584377,0.501812816,-5.225554943,-4.823626518,-3.053044796,-1.821121812,0.417653173,-0.024013551,-0.533137083
421,8419.988,1786876820653.042,11608470.977,0.000000000,4.459459782,-4.753879547,7.522125721,-18.925298691,5.478704929,-1.741731644,7.236115932,2.167799234,5.546475410,-34.360702515,-2.934567690,-1.049717307,-1.488828540,0.404763758,-19.575922012,-5.823395729,3.800030708,2.441184759,-1.518370986,-0.282907605,-0.170070991,0.493788153,-5.266836643,-4.853818417,-3.103173256,-1.850026608,0.424518079,-0.022691073,-0.534749150
422,8439.986,1786876820673.040,11608490.975,0.000000000,4.897153854,-4.822061539,7.319591522,-20.119586945,5.027602196,-1.903683066,6.511379719,2.484288454,5.452603817,-35.004428864,-3.208404064,-1.152042270,-1.907730460,0.296904445,-19.531229019,-5.907937050,3.812283516,2.362718105,-1.450721145,-0.292092592,-0.172492847,0.482694238,-5.258367062,-4.756982803,-3.131286621,-1.982253194,0.336372018,-0.026295895,-0.544347048
423,8459.987,1786876820693.041,11608510.976,0.000000000,5.137237072,-4.760545731,7.123242855,-20.392293930,4.626040459,-2.015914679,6.307796001,2.479560137,5.148408413,-34.916793823,-3.495378733,-1.176761389,-1.930828094,0.328488737,-19.577472687,-5.952256203,3.787531853,2.340479374,-1.468137264,-0.265910357,-0.164730594,0.468017340,-5.288612366,-4.781351566,-3.162044764,-2.032429457,0.318229347,-0.029202171,-0.557857931
424,8479.989,1786876820713.043,11608530.978,0.000000000,5.318054676,-4.401432991,6.865692616,-20.384744644,4.333956242,-2.076778412,5.892746449,2.498885632,5.002571583,-34.255676270,-3.567032099,-1.227495074,-2.035488129,0.337914973,-19.201745987,-5.836007118,3.675324202,2.255994081,-1.420312881,-0.283590615,-0.152919844,0.445650309,-5.328933716,-4.829122066,-3.181348562,-2.098852873,0.348092169,-0.033273011,-0.574195802
425,8499.986,1786876820733.041,11608550.976,0.000000000,5.775988579,-3.998615980,6.517232418,-20.786371231,4.014778614,-2.179023027,5.284028530,2.450978041,4.916670322,-34.087131500,-3.689992905,-1.276213169,-2.254546642,0.062609054,-18.868097305,-5.512336731,3.475098372,2.106676340,-1.237380266,-0.261737078,-0.111698240,0.410233945,-5.211966991,-4.790979862,-3.159713268,-2.043200493,0.383388072,-0.020694580,-0.556643724
426,8519.986,1786876820753.040,11608570.975,0.000000000,5.987946033,-3.886879921,6.236046791,-20.984779358,3.693612337,-2.270809412,5.183553219,2.151148558,4.603641033,-33.722576141,-3.898802280,-1.363319397,-2.192530155,0.074286819,-18.902898788,-5.481480598,3.434947491,2.075478554,-1.331524014,-0.242119223,-0.129983366,0.403689981,-5.152441502,-4.769610882,-3.148054123,-1.984688878,0.391535193,-0.008852299,-0.551720262
427,8540.030,1786876820773.084,11608591.019,0.000000000,5.827669144,-3.818455935,6.080649376,-20.407283783,3.364638329,-2.355213165,5.260063648,2.088642120,4.853588104,-33.271736145,-3.859489679,-1.315252066,-1.863420963,0.261269003,-18.598035812,-5.064229012,3.302082062,1.989837170,-1.339391589,-0.234166592,-0.175373033,0.406268775,-4.976297379,-4.677170753,-3.052235365,-1.823160410,0.320546567,-0.007383453,-0.536000192
428,8559.989,1786876820793.043,11608610.978,0.000000000,5.823363781,-3.606899977,5.823495388,-20.307136536,2.950172901,-2.439738989,5.199500561,1.765543938,4.708808422,-33.434272766,-3.973709106,-1.341726661,-1.628050327,0.429206550,-18.732288361,-5.190718174,3.361222029,1.997164249,-1.549252152,-0.174676836,-0.216044918,0.411873132,-4.904953003,-4.556508541,-2.966922760,-1.958917737,0.334479034,0.005119925,-0.520087183
429,8579.992,1786876820813.046,11608630.981,0.000000000,5.671854019,-3.495187521,5.844988823,-20.600952148,2.553390026,-2.549120665,5.268057823,1.648323178,4.737136841,-34.877864838,-4.313269138,-1.359855533,-1.748069286,0.623459280,-18.934951782,-5.353234768,3.413255215,2.072020292,-1.470521212,-0.280972809,-0.233193398,0.454325467,-5.167292595,-4.586735725,-3.006222248,-2.283289194,0.393533140,-0.009426666,-0.554288268
430,8599.989,1786876820833.043,11608650.978,0.000000000,5.753668308,-3.656339645,5.912216663,-20.960662842,2.235776663,-2.658288479,5.187591076,1.296293855,4.827552795,-34.850833893,-4.640480518,-1.431265354,-1.704484344,0.593024313,-19.081470490,-5.626117706,3.509653091,2.205859900,-1.558820963,-0.253108650,-0.217908502,0.460225374,-5.312878132,-4.624182701,-3.069900513,-2.331797838,0.395057946,-0.030216863,-0.580652535
431,8619.987,1786876820853.042,11608670.977,0.000000000,5.855933666,-3.886274338,5.370830536,-20.715953827,1.856233358,-2.728424549,5.065004349,0.933867693,4.969531059,-34.397018433,-4.971526623,-1.541784167,-2.035254002,0.755986989,-18.918643951,-5.359522820,3.486663580,2.139349222,-1.336008906,-0.190746948,-0.219422475,0.453394949,-5.399751186,-4.615260124,-3.137202501,-2.347278357,0.374073774,-0.048539877,-0.570433438
432,8640.028,1786876820873.082,11608691.017,0.000000000,5.926772594,-3.813070297,4.866871357,-21.720651627,1.470003247,-2.857699394,4.485311508,0.921739221,5.104873657,-33.496383667,-5.238340855,-1.573016524,-1.881042838,0.796518028,-18.201103210,-5.187409401,3.284432411,1.981309175,-1.211278558,-0.169068441,-0.198978394,0.411253601,-4.940319061,-4.456900597,-2.928277731,-1.910790086,0.449243128,-0.025442954,-0.530716240
433,8659.998,1786876820893.052,11608710.987,0.000000000,5.950560093,-3.580535173,4.488956928,-22.141813278,0.943441749,-2.953989267,4.083994865,0.850189149,4.800264835,-33.442947388,-5.494581223,-1.566855788,-1.779211164,1.015272498,-18.064327240,-5.310620785,3.283534765,2.115621567,-1.418287158,-0.165010884,-0.191577822,0.420532018,-4.732436657,-4.373733997,-2.871378660,-1.721732855,0.444667101,-0.007784087,-0.494530171
434,8679.990,1786876820913.044,11608730.979,0.000000000,6.584780216,-3.174507856,4.313010216,-22.891113281,0.378990471,-3.096060991,3.778610945,0.773955584,4.289500237,-34.020130157,-5.996330261,-1.523658872,-1.573891282,1.074588180,-18.329486847,-5.548279285,3.162227154,2.238327026,-1.542146206,-0.176234901,-0.206464246,0.446919978,-4.850821018,-4.320094109,-2.886333227,-1.853529572,0.367044568,-0.002193117,-0.471717149
435,8699.988,1786876820933.042,11608750.977,0.000000000,6.453294277,-3.178462982,4.267602921,-23.256744385,-0.075418338,-3.169466257,3.041308403,0.359790415,4.144359112,-34.511550903,-6.317460060,-1.528708339,-1.475567818,1.206148267,-17.961795807,-5.608078003,3.275380135,2.304362297,-1.560005307,-0.179015785,-0.226479664,0.447176874,-4.840657711,-4.227409840,-2.863595247,-1.831556678,0.388595134,-0.008439681,-0.491070360
436,8719.988,1786876820953.042,11608770.977,0.000000000,6.742248058,-3.157292128,4.259375095,-23.371980667,-0.520400643,-3.246761560,2.736217737,0.249740690,4.064855099,-34.582496643,-6.628035069,-1.544707656,-1.487640262,1.331063986,-18.096473694,-5.892684460,3.436388969,2.426386118,-1.752300501,-0.173286051,-0.277083099,0.441327691,-4.933756351,-4.261840820,-2.947926998,-1.932182550,0.378297955,-0.015810540,-0.510624588
437,8740.026,1786876820973.081,11608791.016,0.000000000,7.169109821,-2.965341568,4.138581753,-22.969202042,-0.914503098,-3.294517279,2.742384672,0.153995737,4.056761742,-33.979793549,-6.810894966,-1.578775406,-1.539400339,1.449129224,-18.484111786,-6.232120037,3.466454744,2.521485329,-1.987951159,-0.125126094,-0.358928174,0.438569605,-5.157734394,-4.296118736,-3.077798605,-2.094565392,0.423024893,-0.030932410,-0.545829713
438,8759.991,1786876820993.045,11608810.980,0.000000000,7.341033459,-2.536372185,4.052544117,-23.519914627,-1.289088845,-3.355103731,2.610920668,-0.066900760,3.721696138,-33.206844330,-7.787338257,-1.559922934,-1.369897008,1.504234314,-18.605953217,-6.466948032,3.561749458,2.613046885,-2.029664516,-0.143996969,-0.391864508,0.447425693,-5.313328743,-4.331192017,-3.069134712,-2.119813204,0.286205828,-0.039867301,-0.555716395
439,8779.989,1786876821013.043,11608830.978,0.000000000,7.756208420,-2.402688265,4.036650181,-24.675498962,-1.746424437,-3.512579441,2.235781908,0.236088395,3.675768614,-34.067214966,-7.141125679,-1.600617409,-1.801077485,1.592385769,-18.743339539,-6.479791641,3.451767683,2.561736822,-1.924954772,-0.124048188,-0.368435174,0.456544936,-5.356865883,-4.266447067,-3.070703030,-2.061874866,0.218792006,-0.040801615,-0.533770621
440,8799.988,1786876821033.042,11608850.977,0.000000000,8.177799225,-2.440227747,4.262145996,-24.811824799,-2.054775000,-3.573422909,1.842125058,0.231236815,3.652843475,-34.144901276,-7.295862675,-1.626831651,-2.058964014,1.449660778,-18.856796265,-6.386152267,3.403294086,2.508584023,-1.751444101,-0.198201627,-0.299547672,0.468375385,-5.464221954,-4.439182281,-3.183114052,-2.116328955,0.175014526,-0.041069530,-0.544117033
441,8820.030,1786876821053.084,11608871.019,0.000000000,8.096725464,-1.568855166,4.068541050,-24.690759659,-2.192517042,-3.587988138,2.007001400,-0.320561737,3.716857672,-33.391845703,-7.378205776,-1.628957868,-2.584913492,1.379431605,-18.250854492,-5.618422031,3.162453651,2.164048433,-1.031059980,-0.246541068,-0.240527302,0.453715324,-5.117613792,-4.455316067,-3.192695379,-1.816253781,0.204474300,-0.031248035,-0.562325716
442,8840.030,1786876821073.084,11608891.019,0.000000000,7.725115776,-1.330709934,3.783613443,-25.545618057,-2.405470610,-3.663458586,1.679593682,-0.865574598,3.620588303,-32.981960297,-7.557698727,-1.605518818,-2.587112665,1.086388350,-17.806436539,-4.949131489,3.013867855,2.073189020,-0.868376315,-0.308313817,-0.192392543,0.439241827,-4.963642120,-4.532586098,-3.230101824,-1.747270584,0.191989928,-0.024639677,-0.542328417
443,8859.992,1786876821093.046,11608910.981,0.000000000,7.482522964,-0.874243855,3.485743046,-25.750236511,-2.670622110,-3.704996824,1.926821589,-1.209118485,3.515178442,-32.243141174,-7.830557823,-1.573017478,-2.769976139,1.375450850,-16.958452225,-4.443410873,2.702424526,1.817806363,-0.829945922,-0.326387346,-0.193980008,0.427359372,-4.547837734,-4.354089737,-2.997397661,-1.450053334,0.155298054,-0.009571848,-0.521023333
444,8880.029,1786876821113.083,11608931.019,0.000000000,7.556584835,-0.491076559,3.043031454,-25.513301849,-3.006849766,-3.719833612,0.299482107,-1.284738541,3.624750614,-32.487861633,-7.881706238,-1.641183734,-2.930623293,1.377882004,-16.048959732,-4.234144688,2.413827896,1.686843038,-0.916215003,-0.255212843,-0.203581423,0.382854104,-4.338234425,-4.460200310,-2.935559750,-1.409238577,0.093761630,0.005216370,-0.485985875
445,8899.988,1786876821133.042,11608950.977,0.000000000,7.827821732,0.310073048,2.702260017,-25.916263580,-3.390454531,-3.777272940,-0.090207957,-1.596462488,3.720245361,-33.225242615,-7.964812279,-1.723827124,-3.097156048,1.720469356,-16.038099289,-4.339099407,2.524544477,1.496551871,-1.190449834,-0.254319012,-0.227414086,0.352985740,-4.371231079,-4.269325733,-2.823303461,-1.647532582,0.210235372,0.020320956,-0.480958104
446,8920.030,1786876821153.084,11608971.019,0.000000000,8.479156494,-0.081269227,2.502247334,-26.994895935,-3.954138994,-3.933802366,-0.399718553,-2.042214632,3.748608589,-33.152751923,-8.287237167,-1.800402164,-3.160020590,1.465593338,-16.625762939,-4.973346233,2.765703678,1.625537753,-1.969680786,-0.149780363,-0.356267601,0.361412317,-4.503318310,-4.240411282,-2.890550613,-1.951181412,0.229578540,0.009374571,-0.485874295
447,8939.987,1786876821173.041,11608990.976,0.000000000,8.976357460,0.108183064,2.129316092,-27.667125702,-4.513733387,-4.057579517,-0.513065100,-1.950910568,3.622338772,-33.595401764,-8.432299614,-1.855206013,-3.192111969,1.738789797,-16.911026001,-5.185027122,2.549567223,1.744553924,-1.980041027,-0.086883098,-0.469512343,0.382851809,-4.443410873,-3.896656990,-2.795261383,-1.966331720,0.114035323,0.005848779,-0.493672132
448,8960.004,1786876821193.058,11609010.993,0.000000000,9.319385529,-0.098464102,2.123967886,-27.715688705,-4.988560677,-4.139789581,-0.373809606,-1.961301208,3.614278555,-33.027248383,-8.326649666,-1.895992756,-3.061358213,2.326554537,-17.642026901,-5.815012932,2.857726812,1.956152439,-2.230829239,-0.093416072,-0.520883203,0.433930010,-4.800848007,-4.124620438,-2.911898136,-2.041265726,0.048387654,0.002655386,-0.511694551
449,8979.999,1786876821213.053,11609030.988,0.000000000,9.988563538,-0.240559936,2.317377567,-27.914506912,-5.253740788,-4.242360592,-0.150610402,-1.808660746,3.466883421,-32.300128937,-8.141673088,-1.957414508,-2.798004150,2.753610134,-18.585832596,-6.591289043,3.186972618,2.287128687,-2.652445555,-0.123064943,-0.630719841,0.511904657,-5.064981937,-4.131676197,-2.989287138,-2.082318306,0.082549982,-0.012060127,-0.543098629
450,9000.031,1786876821233.085,11609051.020,0.000000000,10.434514046,-0.536149025,2.659024477,-28.075403214,-5.611671448,-4.362472057,0.083207719,-1.721796513,3.144431829,-31.716999054,-8.086065292,-1.997352004,-2.905763149,3.093582153,-19.483915329,-7.166518688,3.590947151,2.543864012,-2.977349997,-0.113233350,-0.626601636,0.537277579,-5.317378521,-4.334616184,-3.171517372,-2.148127556,0.071115039,-0.020572981,-0.580419660
451,9020.034,1786876821253.088,11609071.023,0.000000000,10.550854683,-0.718014240,3.002034664,-27.783863068,-5.882355213,-4.440124989,0.735472858,-1.472292423,3.261990309,-31.063417435,-8.272382736,-2.057642221,-3.846739054,3.088183403,-20.093437195,-7.267093658,3.708760023,2.502387285,-3.001715183,-0.138665169,-0.624582648,0.584576488,-5.370072842,-4.863891125,-3.353047609,-2.230174065,0.044793945,-0.014436167,-0.613327682
452,9040.031,1786876821273.085,11609091.020,0.000000000,11.288003922,-0.399445713,3.174599409,-28.176403046,-6.310035229,-4.555248737,0.422692627,-0.785473526,3.277173758,-31.376020432,-8.523159027,-2.040519953,-3.952644348,3.187797546,-20.444427490,-7.201335907,3.759265423,2.455102682,-2.944765568,-0.191433132,-0.607134700,0.588731885,-5.400536060,-4.893543243,-3.373424768,-2.279164076,0.078985073,0.002827490,-0.635551512
453,9059.999,1786876821293.053,11609110.988,0.000000000,11.810254097,0.349076182,2.788540125,-29.858779907,-6.973478794,-4.679211140,-1.057496905,-0.960842073,3.264290571,-31.852224350,-8.457968712,-2.000183821,-4.180963516,2.845917940,-19.511808395,-6.439810276,3.021229506,2.224585772,-2.296915054,-0.164288163,-0.530401766,0.567971706,-4.947568893,-4.197959900,-3.051221609,-2.048058271,0.092499234,0.051904421,-0.605569482
454,9080.033,1786876821313.087,11609131.022,0.000000000,11.772097588,0.213318139,2.169128656,-30.951065063,-7.926776886,-4.751924038,-1.872959852,-1.758962512,2.715152502,-32.695034027,-8.590916634,-1.906613827,-4.609075546,3.669926167,-18.767341614,-5.847970963,2.859064341,1.925415397,-2.044713497,-0.149221525,-0.480482578,0.543281913,-4.105318069,-4.162159443,-2.801622391,-1.463923931,0.133099943,0.109793194,-0.534877062
455,9100.033,1786876821333.087,11609151.022,0.000000000,12.140432358,0.631092012,2.180022955,-31.020254135,-8.937310219,-4.773259163,-2.524149179,-2.023498058,2.809994698,-32.297245026,-8.601355553,-1.802967548,-4.529500961,4.190176487,-18.323204041,-5.372035027,2.521220684,1.786647797,-2.029824018,-0.168350995,-0.482403487,0.490554988,-4.099266052,-4.112586975,-2.743933201,-1.605651021,-0.077139117,0.144862831,-0.468519390
456,9120.035,1786876821353.089,11609171.024,0.000000000,12.099392891,0.173454612,2.352922201,-32.177631378,-9.810928345,-4.855606556,-3.083647251,-2.740954638,2.692305326,-32.444309235,-8.443830490,-1.790810704,-4.462315559,4.586035252,-18.183473587,-5.379897594,2.703556299,1.725280404,-2.267107248,-0.245297641,-0.538102806,0.476608068,-4.334114075,-4.312672138,-2.772086143,-1.936525941,0.067546204,0.112503663,-0.488112241
457,9140.033,1786876821373.087,11609191.022,0.000000000,11.681669235,0.176133499,2.513349056,-33.000823975,-10.386634827,-4.907014370,-2.902526617,-3.170981169,2.701503754,-30.114858627,-7.733590126,-1.751032591,-4.693573952,5.214596748,-16.978202820,-4.921299458,2.465218067,1.455784917,-1.698240042,-0.184740141,-0.571710587,0.405762434,-4.251173496,-4.150176048,-2.596404791,-1.735213041,-0.013165669,0.109406136,-0.502146542
458,9160.002,1786876821393.056,11609210.991,0.000000000,10.964191437,0.328622341,2.507398129,-35.498149872,-10.808050156,-4.926508427,-2.942006111,-3.053191662,2.115900040,-27.974290848,-7.020276070,-1.756195903,-4.958044529,4.667630672,-16.144777298,-4.426963329,2.435034513,1.366852880,-1.376411796,-0.201378405,-0.547488630,0.323583990,-4.004040718,-4.188699722,-2.531701803,-1.513996840,-0.026712803,0.124905586,-0.441989839
459,9180.031,1786876821413.085,11609231.020,0.000000000,10.122827530,0.526992738,2.521270752,-34.745609283,-10.998473167,-4.863309860,-2.280592680,-2.493958473,1.133186460,-27.342065811,-6.924455643,-1.727709413,-4.776700974,4.552527905,-16.623010635,-4.869072914,2.563298941,1.542447209,-1.991629004,-0.023385843,-0.570558488,0.328209519,-4.038507938,-4.086075783,-2.696695805,-1.897727728,-0.006803513,0.119661100,-0.467767358
460,9200.031,1786876821433.085,11609251.020,0.000000000,10.461142540,0.217981577,2.558900595,-35.617397308,-11.035441399,-5.031702042,-2.237860203,-1.596353769,0.850617766,-26.768489838,-6.829109669,-1.691748738,-4.471001148,3.890029192,-16.729206085,-4.911884308,2.738343477,1.767978907,-1.976284146,0.026459135,-0.644053400,0.424822122,-4.044750690,-4.116058826,-2.788459539,-1.857919455,0.013905077,0.117612578,-0.511846960
461,9220.033,1786876821453.087,11609271.022,0.000000000,10.111655235,0.742646992,2.214982271,-36.273662567,-11.073530197,-5.070366859,-2.240703821,-1.005423784,0.215301022,-27.106065750,-6.922663212,-1.582929015,-4.484833717,3.567764521,-16.531608582,-5.043341637,2.597081184,1.725157261,-1.651503205,-0.127728805,-0.572603405,0.434494793,-4.259204865,-4.137915134,-2.719606400,-1.795455217,0.040050328,0.118951112,-0.534013093
462,9240.030,1786876821473.084,11609291.019,0.000000000,10.441253662,0.786538720,2.079117537,-35.715190887,-10.762838364,-5.038333416,-2.009779215,-0.540471017,-0.007791186,-25.598638535,-6.618738651,-1.506381035,-4.216157436,3.718899012,-16.812969208,-5.297783852,2.488416195,1.882120132,-2.110068083,-0.084734634,-0.678481638,0.456987500,-4.642862320,-4.286822319,-2.944963932,-1.847981095,0.076689944,0.050996404,-0.569827497
463,9260.004,1786876821493.058,11609310.993,0.000000000,11.065416336,0.047907140,2.488511086,-37.099636078,-11.026508331,-5.192456722,-1.565856695,-0.090566128,0.006260797,-25.707437515,-6.545114517,-1.513481975,-4.125728130,4.241406441,-18.046918869,-5.867196083,2.583811522,1.799371600,-2.960644960,0.022984670,-0.837797165,0.427512378,-5.032327175,-4.286564827,-2.917605877,-2.084738255,0.055301670,-0.026231481,-0.583350718
464,9280.032,1786876821513.087,11609331.022,0.000000000,12.057176590,0.053828489,2.544215441,-37.199810028,-11.054114342,-5.254265785,-0.935161889,0.115978219,-0.701844275,-25.648088455,-6.496060848,-1.493877530,-3.965925694,4.823676586,-19.912689209,-6.699431896,2.932753563,1.986734509,-3.522056818,0.236444533,-0.936194241,0.366299361,-5.521756172,-4.232143879,-3.096781015,-2.604365826,0.079131588,-0.088128187,-0.628899038
465,9300.032,1786876821533.086,11609351.021,0.000000000,12.206929207,0.605740249,2.332353115,-36.962108612,-10.884266853,-5.389081955,-0.295577347,0.204014555,-0.490020812,-23.339248657,-6.088978767,-1.438981295,-4.502297878,4.945098877,-19.956132889,-6.059738636,2.839036226,1.809484720,-3.260677814,0.254288673,-0.998292029,0.385519713,-5.088007450,-4.234358788,-2.882586718,-2.385577440,0.075655133,-0.132316232,-0.661324978
466,9320.034,1786876821553.088,11609371.023,0.000000000,11.950106621,0.480759948,2.694330454,-37.421794891,-11.018791199,-5.515699387,0.427976668,0.455010027,-0.311134398,-22.048547745,-5.807435036,-1.332708836,-4.565274715,5.317483425,-19.987360001,-5.740989685,2.943213463,1.908740640,-3.165569782,0.189922974,-1.006030202,0.392263263,-4.550971031,-4.227437973,-2.795865774,-2.069834709,0.038654294,-0.139377430,-0.594599724
467,9340.034,1786876821573.088,11609391.023,0.000000000,11.889750481,0.767360926,3.032104492,-38.658771515,-11.163719177,-5.803983688,0.671258152,0.821734607,-0.301450670,-19.986507416,-5.436902046,-1.229220271,-5.328366756,6.500789165,-19.531093597,-5.701355934,2.518820047,2.009622097,-2.972323179,0.106323294,-0.949531674,0.365669012,-3.958499432,-3.466852665,-2.623430014,-2.054141283,0.048372783,-0.143566638,-0.518587887
468,9360.001,1786876821593.055,11609410.990,0.000000000,12.040451050,2.522069693,3.251456976,-40.889392853,-11.546742439,-5.962463856,-0.549375176,0.518771589,-1.015572309,-20.055835724,-5.164478302,-0.978451967,-5.934790611,6.310853004,-18.772018433,-5.455547810,2.026087046,1.616990089,-2.473426342,0.199006841,-0.873081744,0.274142683,-3.424698114,-3.065422535,-2.300363302,-1.823435426,-0.055602986,-0.135138258,-0.410196215
469,9379.988,1786876821613.042,11609430.977,0.000000000,11.140024185,1.928674340,2.575133801,-44.732173920,-11.964232445,-6.369787216,0.554399371,1.142159581,-1.876399994,-17.740283966,-4.992139339,-0.723103404,-5.879555225,6.293562889,-19.202518463,-5.110860348,1.889781713,1.494581819,-2.599532604,-0.002861753,-0.871339262,0.264006466,-3.680183649,-3.425209761,-2.507384300,-2.115404606,0.057209857,-0.146131858,-0.404203326
470,9400.032,1786876821633.086,11609451.021,0.000000000,10.282119751,1.737003684,2.528368711,-46.226184845,-11.738862038,-6.652004242,1.510220289,1.702392697,-2.283768177,-14.263915062,-4.279981136,-0.551195979,-4.991472244,6.915695190,-18.578878403,-4.230401039,2.039291859,1.138801932,-2.403945923,0.091539584,-0.910954535,0.218576923,-3.657126427,-3.695526838,-2.472224236,-2.148413658,-0.003401340,-0.216351554,-0.452775866
471,9420.034,1786876821653.088,11609471.023,0.000000000,9.575123787,0.943634212,3.084956884,-45.899784088,-11.250200272,-7.017720699,2.450232744,3.426439762,-2.634865046,-12.188749313,-3.814681530,-0.253958434,-4.785436153,6.768135548,-18.440567017,-4.217885494,2.199477196,1.292000175,-2.738483191,0.097960301,-0.966334403,0.233500347,-3.833313942,-3.748334885,-2.534702778,-2.247204065,-0.085061125,-0.235400200,-0.470749855
472,9440.030,1786876821673.084,11609491.019,0.000000000,10.143763542,0.100389391,3.945996761,-43.246612549,-10.401590347,-7.214951038,2.644371748,4.174051762,-3.853520393,-13.998805046,-4.049451828,-0.109456092,-4.003163815,6.360032082,-18.730970383,-4.404421806,2.146122932,1.385088444,-2.971646547,0.137953341,-1.018481970,0.258929789,-4.116626263,-3.650935888,-2.674777031,-2.267246008,-0.045754857,-0.216245726,-0.494624019
473,9459.999,1786876821693.053,11609510.988,0.000000000,11.746549606,-1.515709877,5.251105309,-39.004943848,-9.407288551,-6.886147022,0.187122539,4.589121819,-4.008751869,-15.865319252,-4.230658531,-0.147000909,-3.881829977,6.203326702,-18.057119370,-4.309390068,2.423833132,1.562918305,-2.724776983,-0.133459464,-0.972463071,0.330042005,-4.137702942,-3.774601460,-2.753885031,-2.425715685,0.052285708,-0.224767357,-0.548537314
474,9479.988,1786876821713.042,11609530.977,0.000000000,13.237709999,-2.034926176,6.017316341,-37.607826233,-9.065641403,-6.810010433,-1.545766830,5.365555763,-4.298726559,-19.551689148,-5.000443935,0.130142123,-4.250853062,5.301468849,-17.906000137,-4.183829308,2.470217466,1.574754357,-2.357811689,-0.154786080,-0.895577192,0.358615100,-4.280091763,-3.768310308,-2.855799913,-2.552765369,0.132374600,-0.248507842,-0.565056026
475,9500.032,1786876821733.087,11609551.021,0.000000000,13.582571030,-2.115253687,5.880473137,-37.584651947,-8.978611946,-6.713476181,-2.147152424,5.113977432,-5.338336945,-20.432800293,-5.184798241,0.522130430,-4.156817913,4.849506378,-17.829561234,-4.365456104,2.241835594,1.504908562,-2.322491169,-0.100906439,-0.843518555,0.328496158,-4.424179077,-3.721722364,-2.855038404,-2.660316467,0.125103310,-0.273622781,-0.659418344
476,9520.030,1786876821753.084,11609571.019,0.000000000,12.981128693,-1.167094707,5.173519135,-41.423088074,-9.637698174,-7.054137707,-0.781946838,6.011122704,-6.920372486,-17.242086411,-4.564718246,1.254534125,-3.724514723,5.467714310,-18.380210876,-4.587143421,2.224663019,1.501350760,-2.585964680,-0.040731765,-0.900841057,0.320573837,-4.503882408,-3.532980680,-2.781153917,-2.769101381,0.110310473,-0.303542554,-0.648637772
477,9540.032,1786876821773.086,11609591.021,0.000000000,8.450159073,1.955303311,2.727613926,-51.646614075,-11.609564781,-7.797728062,6.696942329,7.951660633,-8.252870560,1.652106881,-0.727546811,1.267116666,-3.731765032,7.514126301,-19.680824280,-4.323863029,1.861153364,1.251183510,-2.988805056,0.023172991,-0.969650865,0.303213984,-4.540132999,-3.477915287,-2.623393297,-2.843779325,0.094015978,-0.363096267,-0.654614687
478,9559.999,1786876821793.053,11609610.988,0.000000000,-4.377520084,10.325421333,-6.306952477,-68.819114685,-14.948528290,-8.795781136,27.161827087,10.838064194,-4.425336838,26.560869217,2.041326523,0.022441152,-3.235151529,12.639046669,-22.530431747,-2.598458052,0.608304381,1.036591768,-2.458055019,-0.112993203,-0.982714772,0.302842617,-4.327978611,-3.225763798,-2.608134270,-3.139395952,0.358217567,-0.510533810,-0.758995771
479,9579.992,1786876821813.046,11609630.981,0.000000000,-2.838067293,6.741034031,-8.419092178,-72.773681641,-16.321851730,-8.650578499,17.202203751,1.665189743,1.395281315,4.177753925,-0.038929563,-0.181530342,0.836713791,10.389228821,-22.003421783,-1.765822649,1.448624253,1.008776546,-2.163418770,-0.103443921,-0.910266638,0.345287174,-4.848829269,-3.697912216,-2.514212847,-3.425911188,0.318777889,-0.605611205,-0.750926137
480,9600.047,1786876821833.101,11609651.036,0.000000000,8.857064247,0.749690294,-6.836535931,-56.752529144,-14.168343544,-7.791008949,-0.194254667,-2.606860876,2.730154753,-16.670398712,-1.667654276,-0.287432730,1.762061238,6.752086163,-18.718791962,-1.524155259,2.359743595,1.056898475,-1.881507039,-0.274386317,-0.866604090,0.385297298,-4.746734619,-3.793998003,-2.410616398,-3.150009394,0.572532773,-0.564934731,-0.728408575
481,9619.990,1786876821853.044,11609670.979,0.000000000,23.124952316,0.332175076,-9.363152504,-28.309349060,-9.352848053,-4.986122131,-15.755193710,-4.053378105,2.025756359,-13.528958321,-1.120159149,-0.209026456,-2.930993319,4.379755020,-13.898861885,-3.689766884,3.000919104,1.664060116,-2.437517405,-0.291470379,-0.915283084,0.518247426,-5.001705170,-3.665416956,-2.665295362,-2.751756668,0.726125538,-0.337371945,-0.665193796
482,9640.087,1786876821873.141,11609691.076,0.000000000,31.726156235,4.253427029,-14.341064453,-3.689913750,-2.851522207,-1.213135242,-30.213798523,-8.047862053,1.427646279,-16.499214172,-1.651011944,-0.106446683,-8.470109940,3.570309639,-6.470283508,-5.345952988,2.942438602,1.679432392,-2.062890053,-0.050981656,-0.959490418,0.431123167,-3.434330463,-3.428797483,-2.793864489,-1.586696625,0.581118405,-0.045822635,-0.656838179
483,9659.998,1786876821893.052,11609710.988,0.000000000,30.299940109,4.630409241,-15.765081406,10.952839851,1.995280385,1.159198642,-34.662509918,-12.827351570,8.053948402,-23.118919373,-3.206218004,-0.299148470,-7.933363438,1.168682218,-0.654679120,-5.689589024,2.970870972,1.689148068,-1.474142313,-0.272591054,-0.818732560,0.442887574,-2.505561113,-3.687644482,-2.740316868,-0.662419260,0.428319931,0.200235829,-0.562046349
484,9679.988,1786876821913.043,11609730.978,0.000000000,30.257123947,6.448847294,-20.560358047,26.498821259,3.460211039,1.438036919,-25.880329132,-19.396106720,14.579272270,-88.507057190,-17.778709412,-2.176942825,-3.807158232,-4.960867882,-2.679635048,-4.058368206,2.928857803,1.991681576,-0.073350951,-0.414502293,-0.260389835,0.598022938,-0.971212029,-2.881481886,-1.870870113,-0.058084492,0.081554040,0.302403003,-0.220647261
485,9700.053,1786876821933.107,11609751.042,0.000000000,20.767190933,3.382797956,-13.296731949,1.686117411,-0.646173418,0.464539349,-28.867210388,-17.786029816,21.561012268,-115.808372498,-20.815198898,0.336338162,0.332692564,-11.478931427,-7.387739182,-2.566523790,4.464151382,3.365540743,0.379865170,-0.299975425,0.201964185,0.778631926,-1.134750128,-2.290065765,-0.627290010,-0.402477682,-0.214045703,0.076328911,0.078447729
486,9720.032,1786876821953.086,11609771.021,0.000000000,19.404174805,-0.168862864,-1.060808420,8.935129166,0.003843837,0.062359497,-27.173246384,-20.871555328,16.229106903,-121.614891052,-23.111389160,2.437809706,1.508986473,-13.723539352,-8.174171448,-2.591925383,4.500690937,3.407161474,-0.645477593,-0.588116586,0.021096749,0.952982247,-1.853896856,-2.429019213,-0.599614382,-2.238550425,-0.191662803,-0.393423647,0.062064812
487,9739.992,1786876821973.046,11609790.982,0.000000000,7.275504589,-2.345828533,9.214868546,-6.545774937,-1.030470729,-0.135720223,-14.073894501,-9.527503014,5.504707336,-82.501808167,-16.467077255,4.402840137,0.407460302,-5.822440624,-6.445217133,-3.411142349,3.454913139,2.435209751,-2.531980038,-0.348677248,-0.483077556,0.847280383,-4.745706081,-2.965635061,-1.335040092,-3.144376516,0.163769975,-0.795391440,-0.181860819
488,9759.990,1786876821993.044,11609810.979,0.000000000,-15.747193336,-3.470201254,11.692136765,-10.058610916,-0.792277336,-0.389375508,20.833395004,1.957908392,0.800129652,0.531159580,-1.198923349,1.806607842,1.448683858,5.332971573,-8.466352463,-4.463971615,0.136541486,0.610532939,-4.695812702,0.022274436,-1.378279209,0.392229766,-6.977654457,-2.065961838,-1.782724738,-3.405261278,0.362117559,-0.819663465,-0.686382830
489,9779.989,1786876822013.043,11609830.978,0.000000000,-32.279949188,13.877362251,8.504651070,-90.100219727,-19.990001678,0.634296298,48.797828674,0.168939218,2.396566868,27.767381668,2.184899807,0.346418113,2.975540876,13.301592827,-18.589956284,-1.377908707,-3.597254753,-1.043560982,-3.651648998,0.115741052,-1.521340966,-0.030360296,-6.043332100,-0.847004294,-1.727084637,-3.505822420,0.776846349,-0.645828843,-0.915737629
490,9799.990,1786876822033.044,11609850.979,0.000000000,-30.431041718,7.742498875,1.457943439,-109.417854309,-23.755172729,1.707553148,38.358295441,2.530108929,1.420919061,9.563604355,0.248762310,-0.160912961,-0.624564111,15.898003578,-21.080656052,-0.904385924,-3.212656260,-1.167407036,-2.793370724,0.376352608,-1.287374258,-0.361430347,-6.222556114,-1.717835188,-2.039062023,-4.178915024,0.488591969,-0.500452697,-1.200371623
491,9819.988,1786876822053.042,11609870.977,0.000000000,-7.962882519,0.751684189,2.049138546,-100.241935730,-24.082416534,1.160068989,10.318356514,2.216117620,1.882263184,-5.041364193,-0.383142620,-0.265097678,-4.627613068,20.181253433,-18.601144791,-1.686701059,-0.714897931,-0.837612092,-3.976484299,0.405030847,-1.442334294,-0.279461145,-6.195785522,-2.692849636,-2.660664797,-3.806192636,0.719067097,-0.309541434,-1.163510084
492,9839.989,1786876822073.043,11609890.978,0.000000000,15.582976341,-3.655087948,1.341845870,-74.102523804,-19.836336136,-0.788288593,-12.557544708,3.035996199,-0.911386490,-14.255993843,-1.169487834,-0.241727024,-9.738843918,23.368417740,-17.595630646,-4.744413853,1.847899199,-0.185245931,-6.932798862,0.456952631,-2.147022724,0.031315457,-5.097467422,-3.634095430,-3.393303156,-3.209757566,0.650651753,-0.006869243,-1.193530679
493,9859.989,1786876822093.044,11609910.978,0.000000000,33.943367004,-2.916670322,0.639327049,-33.518253326,-11.606127739,-3.567186594,-26.183828354,2.014457464,-4.724116802,-7.383757114,-1.111756921,-0.112224989,-13.138376236,19.869915009,-15.998649597,-8.039111137,2.860197783,1.042310357,-7.732625484,0.677302480,-2.788112164,0.490739763,-4.648054600,-4.116503239,-4.228052139,-2.854086399,0.744276166,0.036621213,-1.103674650
494,9879.988,1786876822113.043,11609930.978,0.000000000,38.801883698,-1.773661971,-0.532701433,0.465846539,-1.648097515,-1.983809590,-37.752189636,-2.020666361,-1.953463078,-25.443773270,-3.067909718,-0.166763529,-12.166821480,11.714908600,-8.722601891,-8.405698776,3.353590727,1.769088387,-4.649517536,0.175730094,-2.434772968,0.570744038,-3.959290266,-3.954230547,-3.972186327,-1.556344748,0.719598472,0.173983574,-1.001197338
495,9899.988,1786876822133.043,11609950.978,0.000000000,27.073631287,3.762621880,-4.305726528,2.531872511,-0.367028266,-1.319370985,-18.561393738,-2.499354839,3.913521528,-77.133613586,-17.930973053,-1.350310922,-9.672034264,5.973781109,-5.654606342,-5.837900162,3.712030649,1.712032676,-2.237684488,-0.255353898,-1.468154311,0.645857871,-2.186682463,-3.628743172,-2.664124012,-0.306706399,-0.039675515,0.254206002,-0.717255950
496,9919.987,1786876822153.042,11609970.977,0.000000000,12.854765892,0.816868067,-4.368561745,-3.419901133,-1.920756578,-1.072055340,-15.529750824,-7.844194412,16.849576950,-111.805358887,-20.157991409,-0.703186452,-1.773820281,-7.080319405,-10.767288208,-3.181163311,5.108480453,3.020631552,-0.688835382,-0.323561877,-0.589086950,0.881603599,-1.038836360,-2.141969204,-1.231589079,-0.777579725,-0.356385291,0.112786621,-0.292209715
497,9939.988,1786876822173.042,11609990.977,0.000000000,11.742327690,0.087791346,-3.249305010,4.860149384,-0.540434301,-0.348232746,-13.635238647,-13.584319115,23.718217850,-126.879455566,-23.551307678,0.367771327,4.819809914,-18.591445923,-12.681896210,-2.837248087,5.621105671,4.017417431,-0.658454537,-0.905425608,-0.283484608,1.227414727,-2.802464724,-1.805634975,-0.572959304,-3.069281816,-0.458730131,-0.450004339,-0.084895417
498,9959.988,1786876822193.042,11610010.977,0.000000000,13.552122116,0.796992183,-3.151140690,15.226049423,1.599819779,0.062323369,-12.289745331,-14.107056618,22.324117661,-127.248924255,-22.828340530,0.290069729,4.850588322,-21.717004776,-14.036781311,-3.488572836,5.251035690,3.352842808,-1.590615869,-0.634592652,-0.474755675,1.260085821,-5.505299568,-1.913173318,-1.386141539,-4.672802448,-0.085412435,-0.871095777,-0.195455253
499,9979.988,1786876822213.042,11610030.977,0.000000000,13.857050896,1.000544548,-1.032343388,11.088059425,1.051401854,0.072896436,-11.596997261,-14.599099159,14.950304985,-116.212867737,-20.038618088,-0.214490220,2.578111172,-18.472059250,-15.122314453,-3.743499517,4.116041660,2.344092369,-2.086912632,-0.306880802,-0.824706018,0.911617458,-7.017128944,-1.732075214,-2.281854868,-5.240880966,0.133004814,-0.884404242,-0.481692314
500,9999.988,1786876822233.042,11610050.977,0.000000000,6.878017426,-0.440919280,3.653570890,3.599474430,0.022961115,-0.287290514,-6.344178677,-9.060951233,8.271812439,-94.080726624,-17.537614822,1.044008970,2.059821129,-12.372751236,-13.449161530,-3.857680559,3.616041183,1.959596992,-2.851452112,0.036083370,-1.132626772,0.584648430,-7.853502274,-1.978474140,-2.986832142,-5.300760269,0.420670450,-0.775641441,-0.806487858
501,10019.989,1786876822253.043,11610070.978,0.000000000,4.511486530,-1.177191615,9.480216026,0.218914270,-2.119981289,1.190100908,2.352721453,-2.577161074,4.152380943,-50.118412018,-9.767218590,3.456077337,2.186135054,-3.384826422,-11.843132019,-3.750711918,2.019671679,1.314492106,-3.782424688,0.199277818,-1.421424747,0.286324918,-8.442833900,-2.002792835,-3.131764174,-4.783073902,0.509917676,-0.630899608,-1.102990866
502,10039.989,1786876822273.043,11610090.978,0.000000000,-30.346031189,8.580544472,9.129837036,-52.653678894,-12.700388908,-1.512116551,47.387756348,5.359794140,3.758468390,35.123542786,2.115773439,0.047389656,3.540086985,13.563028336,-16.288288116,-0.779120922,-2.268145323,-0.110259369,-2.178829908,-0.170926824,-0.957354367,-0.022929233,-8.241399765,-1.905016422,-2.929584503,-4.526129246,0.773812592,-0.682735503,-1.307659030
503,10059.989,1786876822293.043,11610110.978,0.000000000,-26.313072205,0.105128668,10.909218788,-56.993049622,-14.733304024,-6.158450603,28.923183441,-5.709570408,3.582542658,0.904474318,-0.365510106,-0.015261358,10.525134087,15.188592911,-12.253960609,2.583087444,-2.873979330,-0.656881869,-0.315416574,-0.095124513,-0.529481769,-0.037037462,-7.209851265,-1.321470976,-1.606989861,-3.518109322,0.745147884,-0.582752287,-1.218677878
504,10079.988,1786876822313.043,11610130.977,0.000000000,-2.604772091,-10.388149261,12.649295807,-43.247974396,-14.561811447,-7.355555058,0.318866342,2.240760565,-0.825441599,-14.213111877,-0.888642848,-0.183992475,5.649302483,13.877104759,-7.668268681,2.848383665,-1.509629607,-1.109981894,-1.146234751,-0.087780796,-0.568583548,-0.054888532,-6.329250336,-0.473201245,-1.308190227,-3.105587244,0.791611969,-0.572833478,-1.037909031
505,10099.988,1786876822333.042,11610150.977,0.000000000,18.892269135,-10.488212585,7.851691246,-10.152865410,-7.170777798,-4.632268906,-20.502595901,6.170238018,-6.209542751,-12.481769562,-0.762917280,-0.028637199,-2.204205751,9.650647163,-3.560739994,0.134979114,-0.156563506,-1.058576584,-1.969904184,0.087487727,-0.722786784,-0.138898373,-4.557780743,-0.315437973,-1.465000987,-2.356050491,0.715753078,-0.316544592,-0.861257851
506,10119.989,1786876822353.044,11610170.978,0.000000000,25.378320694,-2.523356199,-2.582530737,16.960353851,1.164735794,-0.598013043,-24.796400070,0.647761047,-3.653953075,-5.414752483,-0.178385377,-0.078418225,-8.764456749,5.627482891,0.166996434,-1.887827516,1.067075014,-0.598779082,-1.756760597,0.192877024,-0.783246577,-0.230832458,-2.455693722,-0.388227552,-1.497618914,-0.880656183,0.649288774,-0.065367728,-0.747864068
507,10139.989,1786876822373.044,11610190.979,0.000000000,27.530767441,0.073505357,-7.231563568,17.517702103,2.401962996,0.703644395,-32.376712799,-1.465599775,0.573966682,-20.230960846,-2.901025534,0.123388380,-10.286313057,2.813299656,3.483478069,-3.689840078,2.441095829,0.242560282,-2.138700962,0.161206827,-0.825554311,-0.209444985,-0.446601808,-0.854548573,-1.236911774,-0.151627630,0.393199295,0.205875844,-0.526152730
508,10159.995,1786876822393.050,11610210.984,0.000000000,19.585567474,2.900431156,-6.761322498,12.029771805,2.085028410,0.884193063,-17.520603180,-3.037579536,1.017079473,-76.062583923,-17.589673996,-0.919434071,-6.145528316,1.095521688,1.932639360,-3.377271652,2.998845816,1.264744997,-1.309131622,-0.231114000,-0.696554303,0.259187579,1.139751315,-1.565576792,-0.937404037,0.059327826,-0.035482187,0.214885458,-0.287696660
509,10179.993,1786876822413.048,11610230.983,0.000000000,19.758745193,-1.624440551,-5.710022449,13.093838692,1.488250494,0.700926542,-21.955448151,-6.842128277,14.764485359,-115.827507019,-21.699449539,0.614344001,1.651273727,-8.451130867,-6.964440823,-1.440430045,4.524451256,2.793158531,-0.568063796,-0.307531267,-0.585666776,0.799877048,1.426023841,-0.927342832,0.109623156,-0.159836799,-0.282380760,-0.021063713,0.156808436
510,10199.990,1786876822433.045,11610250.979,0.000000000,22.267416000,-2.464168787,-3.861666203,20.338592529,1.938789964,0.337143511,-22.179077148,-16.598371506,25.863605499,-138.579116821,-25.587970734,1.120247841,5.570141315,-18.928024292,-11.699528694,-1.939390182,5.669310570,3.672016859,-0.891443074,-0.506971836,-0.539367676,1.280372977,-0.641482711,-0.981593847,0.364291281,-2.134963751,-0.255173624,-0.632823646,0.216897458
511,10219.989,1786876822453.044,11610270.978,0.000000000,22.514877319,0.776632786,-4.746245384,29.081291199,3.327630520,0.490396798,-19.684772491,-18.067626953,26.087802887,-137.554443359,-25.009370804,0.862730563,1.808044076,-19.984767914,-12.290575981,-2.411096811,5.519307613,3.316137314,-0.683382571,-0.434846908,-0.515934169,1.131941199,-3.093702555,-2.162408113,-0.964585364,-3.803082705,-0.250988156,-1.018411636,0.085449502
512,10239.987,1786876822473.041,11610290.976,0.000000000,20.509296417,4.018368721,-2.910225868,15.389587402,0.572760880,0.233616635,-21.307641983,-20.173807144,21.268907547,-122.964012146,-21.676874161,-0.466633439,-3.823492765,-12.470274925,-12.163289070,-3.593494177,5.012619972,2.689623833,-1.531283617,-0.118268259,-0.424948364,0.839208186,-5.068414688,-2.695241451,-2.810872555,-4.642028332,0.122268029,-0.931707680,-0.292583197
513,10259.990,1786876822493.044,11610310.979,0.000000000,18.804283142,7.047304153,-1.546707273,20.173839569,2.206491232,-1.689999580,-17.528429031,-14.503866196,14.823207855,-89.847328186,-17.113813400,1.426148415,-3.566987514,-2.098474026,-8.867005348,-4.063902378,4.334574699,2.276025534,-2.814360142,0.220265523,-0.775957406,0.549611509,-6.438675880,-3.102737427,-3.814297199,-4.238076687,0.524522305,-0.669412494,-0.730315983
514,10279.988,1786876822513.042,11610330.977,0.000000000,14.715214729,6.890742302,1.183219433,-1.772093654,0.187742412,-0.448177814,-2.556198359,-4.085760593,6.386909962,-8.116946220,-3.727622032,1.684315085,-0.136848122,8.888439178,-13.480543137,-3.133372784,0.851702750,0.823804736,-4.144857883,0.031964514,-1.068953395,0.135401204,-6.638071537,-2.897581816,-3.530988455,-3.852280140,1.103513598,-0.443948597,-1.154092431
515,10299.989,1786876822533.043,11610350.978,0.000000000,-37.544429779,13.121344566,14.383176804,-77.684822083,-18.411861420,-4.515964508,57.948036194,7.971670151,1.072443366,43.434234619,2.784040689,0.331213534,7.376948833,20.811376572,-18.377147675,0.435912907,-3.121797323,-0.783038855,-1.794190526,-0.016223779,-0.884076118,-0.274840146,-6.994771004,-2.617460012,-3.231774807,-3.673886061,1.168808103,-0.438676924,-1.292041063
516,10319.988,1786876822553.042,11610370.977,0.000000000,-37.782253265,-2.372577906,27.905349731,-108.701271057,-28.392135620,-5.799142361,38.581031799,5.259632587,-5.410002232,-2.217407465,-0.461285830,0.041036606,5.694998741,19.618537903,-15.933906555,3.410319090,-3.712057114,-1.300578356,-0.767544389,-0.096557379,-0.658941686,-0.095429957,-6.138111115,-1.765957832,-2.179968357,-4.249390602,0.781518698,-0.381871551,-1.293398380
517,10339.988,1786876822573.042,11610390.977,0.000000000,-15.440649033,-16.597686768,31.097841263,-95.113426208,-28.016910553,-13.905413628,9.720620155,15.083714485,-8.183982849,-10.140960693,-0.484898537,-0.004065500,-0.574804902,21.101066589,-12.574905396,2.358637094,-3.501948357,-1.915473461,-2.367834568,0.171511441,-0.920336425,-0.209622249,-6.400845528,-2.127241611,-2.596602440,-4.669982910,1.057912350,-0.548717260,-1.322823167
518,10359.989,1786876822593.043,11610410.978,0.000000000,12.477747917,-17.491592407,22.506523132,-38.510028839,-14.266653061,-8.248638153,-18.497020721,13.600996971,-9.651124001,-12.395150185,-0.819755197,0.052968152,-3.641371727,20.472621918,-7.741074085,0.043857265,-2.133769035,-1.758904696,-3.247697115,0.299628496,-1.318392515,-0.166956916,-6.814057827,-2.842890024,-3.703751802,-3.554825306,0.936593950,-0.277223319,-1.205067635
519,10379.988,1786876822613.042,11610430.977,0.000000000,29.282623291,-5.121500492,3.206464052,11.442267418,-0.242374361,-1.231118798,-31.789340973,-0.705648601,-3.089623451,-9.213198662,-0.809322417,0.007838728,-8.384629250,15.304285049,-3.190958023,-2.305087566,0.345950216,-0.816384017,-2.416263342,0.432097524,-1.171555281,-0.166828632,-5.381119251,-2.597352028,-4.043780804,-1.744630456,0.853587508,0.149132952,-1.008139014
520,10399.989,1786876822633.043,11610450.978,0.000000000,36.732215881,4.026292801,-14.640263557,27.014068604,3.444825172,1.444933295,-42.921733856,-12.323462486,9.193980217,-21.389743805,-8.823520660,-0.374351829,-14.674556732,10.997473717,3.643471241,-4.504645348,2.692339897,0.654159546,-2.147613764,0.167413220,-1.108549833,-0.040537693,-3.387588739,-1.760062099,-3.324450016,-0.551909149,0.782924891,0.459273189,-0.774145961
521,10419.988,1786876822653.042,11610470.977,0.000000000,19.198419571,13.909467697,-14.017334938,7.311406612,1.026669621,0.725358188,-20.574350357,-12.060927391,17.703638077,-80.977493286,-21.481060028,-1.178884625,-13.523339272,10.599225998,0.674118340,-4.404782772,3.999583244,1.722042322,-1.673592329,-0.109854743,-0.894121766,0.226683393,0.512432635,-1.466216207,-2.051186800,0.644936383,0.195414707,0.588710487,-0.524595201
522,10439.988,1786876822673.042,11610490.977,0.000000000,18.513002396,3.670071840,-12.851820946,10.061637878,2.170351505,1.227392197,-19.449071884,-13.204842567,33.591991425,-127.057548523,-23.435710907,0.117733717,0.200394303,-4.591710567,-9.536158562,-1.560968280,5.176150322,3.372110128,-0.407351524,-0.246231541,-0.746314645,0.803510189,2.163186550,-0.729175687,-0.622590065,0.803710282,-0.456149876,0.277918816,0.035952009
523,10459.989,1786876822693.043,11610510.978,0.000000000,12.786406517,3.149654388,-9.807474136,14.754961967,1.602745295,0.492301613,-11.683700562,-19.895261765,43.521343231,-139.000000000,-27.277942657,0.352083296,8.271023750,-24.135429382,-11.631526947,-1.664831877,5.521459579,3.942417145,0.004014133,-0.955934107,-0.472519040,1.221358061,-0.000095227,-1.652905583,0.029992871,-1.917027235,-0.189850405,-0.391641855,0.221759304
524,10479.988,1786876822713.042,11610530.977,0.000000000,7.924401283,0.711554587,-6.789274693,17.001153946,1.485281467,0.431778729,-7.641066074,-15.558974266,34.718601227,-139.000000000,-25.352052689,0.813318372,3.921424627,-26.450773239,-10.417307854,-2.493511915,5.113240719,3.134308815,-0.024340335,-0.389959157,-0.353030592,1.155641437,-3.791466236,-3.444158077,-1.059371710,-3.854517937,-0.345627397,-0.987409651,0.095479287
525,10499.987,1786876822733.041,11610550.976,0.000000000,11.760818481,2.372735262,-2.790680408,14.445603371,0.289816469,0.213165984,-16.478487015,-16.242948532,23.327142715,-129.105346680,-22.666465759,-0.397675365,-1.543923020,-19.602956772,-8.380501747,-4.155086994,4.237464428,1.910464764,-1.652451038,-0.159819275,-0.379032165,0.876289546,-6.575264454,-4.213706493,-3.228403807,-4.964943409,0.157663137,-1.135391951,-0.262335539
526,10519.987,1786876822753.041,11610570.976,0.000000000,22.213497162,3.915551662,-6.257445335,23.374681473,1.947412133,-0.016955098,-26.262784958,-14.385991096,11.488897324,-78.826995850,-15.473762512,0.981022477,-1.684709072,-7.946852207,-4.600250244,-4.897882462,2.280296087,0.838235855,-3.909717798,0.283707112,-0.798231423,0.314905614,-8.198122025,-4.041692734,-4.548054218,-4.382537365,0.944543004,-0.996018291,-0.795656204
527,10540.030,1786876822773.084,11610591.020,0.000000000,-3.053224325,8.667984009,-6.112059116,-13.611862183,-0.495295733,-0.011405421,23.411340714,10.608522415,-6.054444790,43.400962830,1.915702224,0.256953806,5.481477737,9.018783569,-16.482915878,-2.600637674,-3.236112118,-1.315210581,-3.611966133,0.207443520,-1.008604288,-0.624403536,-8.904297829,-4.650139332,-4.535843849,-2.945321321,1.464838266,-0.387004644,-1.276645184
528,10560.002,1786876822793.057,11610610.992,0.000000000,-30.922685623,3.569145918,31.797025681,-94.484092712,-23.713529587,-10.828471184,41.366794586,4.403412342,-10.137647629,2.172325850,0.441550821,0.181928039,12.504379272,16.160259247,-19.073017120,2.514157057,-6.668153763,-2.527705908,-2.298640728,0.259139180,-0.893805444,-0.716447115,-8.268488884,-2.093553066,-3.293289661,-4.246476650,1.046323538,-0.224042714,-1.664786696
529,10580.031,1786876822813.085,11610631.020,0.000000000,-19.457736969,-17.202190399,37.431297302,-103.416023254,-29.669578552,-16.508363724,25.773042679,15.059345245,-8.251914978,-13.550857544,-0.681793690,0.099786557,3.688536406,18.435392380,-23.203792572,4.369437695,-7.680853844,-3.377819300,-1.955239177,0.233161107,-0.821354330,-0.710158706,-5.939404488,-1.000360966,-2.095692873,-5.305512428,0.957427204,-0.721464634,-1.529580593
530,10600.032,1786876822833.086,11610651.021,0.000000000,3.135979652,-22.583988190,30.601947784,-34.979736328,-14.239821434,-10.471236229,-0.776480854,14.297121048,-2.304730654,-12.964416504,-0.738551199,-0.122001626,-0.165574685,18.887674332,-16.565343857,2.958359957,-5.372099400,-2.950687885,-1.367583990,0.033142071,-0.553691328,-0.490707010,-5.927886963,-1.982621312,-3.073120117,-4.047334671,0.894441843,-0.733314157,-1.340346694
531,10619.998,1786876822853.052,11610670.987,0.000000000,23.245599747,-13.759170532,-5.168578625,46.433761597,8.150350571,1.717002630,-24.495328903,-14.772642136,14.972730637,-19.675951004,-0.281779110,-0.662366688,5.911994934,2.923885822,2.370585442,1.464720011,-0.896683276,-1.675255179,1.934094906,-1.196192265,0.158142909,-0.197688892,-7.137669086,-2.806292534,-4.163012981,-1.203104615,0.939143181,-0.087378688,-0.985965669
532,10640.033,1786876822873.088,11610691.023,0.000000000,20.058967590,18.006231308,-22.948217392,17.201457977,0.338401318,0.975105286,-40.883255005,-20.909162521,1.457250953,-20.587001801,-3.160455704,0.438164353,-8.662243843,-1.300762057,20.449813843,-2.381329536,3.809962749,0.528659165,1.919484138,-0.169052467,0.672927678,0.169326216,-6.503736019,-2.406212807,-3.670608044,-0.274990320,1.385062933,0.133298367,-0.601979017
533,10660.001,1786876822893.055,11610710.990,0.000000000,5.915899754,18.075689316,-12.578245163,-0.656846285,-2.676395655,0.410741508,-38.054279327,-10.585150719,-0.715294540,-17.126260757,-2.415874958,0.409685969,-27.784046173,6.957491398,24.096055984,-5.751931190,6.514814854,2.230275869,2.283129454,0.166811526,0.680806458,0.503043056,-1.232893229,-3.309801340,-3.436463594,1.553292036,0.563890755,0.312581092,-0.744158864
534,10679.991,1786876822913.045,11610730.980,0.000000000,0.671060145,8.968502998,-9.498517990,11.705395699,3.073421240,1.845934987,-28.348201752,2.812244415,29.516775131,-116.826103210,-11.567176819,-2.168875456,-17.928529739,13.111944199,16.254709244,-6.227358818,8.620267868,3.702008963,1.205198407,0.335844994,0.267662197,0.965647161,2.906595230,-3.381285667,-2.071144104,1.820115685,-0.068545528,0.548494220,-0.562147439
535,10699.989,1786876822933.043,11610750.978,0.000000000,-3.495556593,0.978573382,-8.013603210,10.380055428,2.042126417,0.633635521,-1.699885726,-12.723530769,57.690528870,-139.000000000,-27.571285248,-1.958555698,13.323984146,-13.602220535,-2.838076115,-3.591334820,9.580063820,3.967374802,-3.111339808,-0.731761754,-0.959324181,1.216210246,3.637631655,-2.011910677,0.501165450,2.662858725,-0.093869597,0.701802611,0.376132667
536,10719.988,1786876822953.042,11610770.977,0.000000000,-13.514582634,-0.987373352,-8.304025650,3.896068096,0.781050920,0.279128820,25.594741821,-11.659715652,57.241748810,-139.000000000,-28.427583694,-2.139816046,22.195461273,-29.329385757,-14.414934158,-0.438194335,5.858346939,3.245422363,-3.008431196,-0.426961750,-1.637593627,1.141049862,-0.952012539,-3.393497705,1.675394773,-0.678236306,-0.241310120,0.163959578,1.060100555
537,10739.989,1786876822973.043,11610790.978,0.000000000,-6.595517635,-1.735439062,-7.494368076,4.120531082,1.547299862,0.444249839,16.691410065,-3.616756678,44.961360931,-139.000000000,-22.882390976,-5.677083969,11.427584648,-20.729236603,-14.990056992,-1.321192861,1.632819295,1.234472990,-1.927969217,-0.112213016,-1.078681231,0.878077805,-6.698570251,-5.562313080,-1.813893676,-3.128499031,0.011820550,-0.477444589,0.662244380
538,10759.988,1786876822993.043,11610810.978,0.000000000,-3.055933475,0.701953888,-3.530696630,-2.066692114,-0.049552247,0.221731469,-2.428813219,-15.680091858,30.511587143,-119.059951782,-20.844820023,-6.441798687,11.584005356,-14.561770439,-4.891571999,-0.067077741,-2.677349806,-0.454457492,0.532531202,-0.560101151,0.189438343,0.529810548,-9.532193184,-7.704015732,-5.206836700,-3.411948442,0.775323927,-0.666971922,-0.071043104
539,10779.988,1786876823013.042,11610830.977,0.000000000,-0.270050764,-2.403755903,-3.802480221,1.024104238,0.344827831,-0.000857288,-9.740557671,-14.139070511,3.125666857,-58.008522034,-11.213384628,-5.011657238,20.662868500,-10.304040909,4.529181480,5.295228958,-7.500249863,-1.932247996,1.296882868,-0.567714036,1.376169324,-0.175197378,-11.574616432,-9.452449799,-7.481242180,-2.523344517,0.900544226,-0.439655155,-0.624149978
540,10799.988,1786876823033.042,11610850.977,0.000000000,3.469282150,-2.202573061,-7.254305840,4.113091469,1.299731374,1.260212064,6.093199253,14.140311241,-24.565675735,42.640472412,1.795471191,0.668659508,21.682558060,-12.579479218,-3.993991137,10.879790306,-9.249674797,-3.348319054,6.568271160,0.911155045,3.940354347,0.195752263,-11.661442757,-8.508575439,-7.971113682,-0.711444020,1.162589312,0.687898159,-1.590380549
541,10819.989,1786876823053.043,11610870.978,0.000000000,2.925071955,-5.701712132,5.678764343,-3.820272207,-0.067661978,-0.130371064,21.421915054,24.948904037,-20.386589050,26.821901321,1.588702917,0.574188113,6.302307606,-28.127143860,-8.821067810,9.949016571,-3.513789892,0.326831937,17.938171387,-2.205010176,5.000000000,-2.877153397,-8.292697906,-6.153457165,-7.929072380,-0.671947598,1.208198190,1.150926471,-2.423859835
542,10839.989,1786876823073.044,11610890.979,0.000000000,-6.720858097,-7.429418564,8.092258453,2.392726421,-0.264302641,-0.273044527,21.403413773,12.839191437,8.548478127,-12.858788490,-1.113155961,-0.410510927,-10.571039200,-27.482538223,1.884472132,7.216904640,1.765817761,2.674803734,19.619771957,-3.821080685,5.000000000,-0.504926860,-4.130630970,-5.807685375,-7.122782230,-1.731984854,1.557136893,0.525519371,-2.629440784
543,10859.989,1786876823093.044,11610910.979,0.000000000,-16.859308243,4.584261417,-3.855452538,6.620889664,-0.458918810,0.250754535,6.064496517,-12.375508308,27.621694565,-45.482650757,-4.211253643,-1.172314167,-17.003364563,-10.449992180,19.089670181,5.179367065,5.498806953,3.719900846,17.785621643,-3.716426849,5.000000000,2.392030716,-2.376896381,-7.705857754,-6.451638222,-2.008523703,1.583669543,-0.213754848,-2.352935314
544,10879.991,1786876823113.045,11610930.980,0.000000000,-16.742511749,17.195543289,-16.258436203,2.248311520,-0.397993147,0.480153918,-10.245306969,-23.294290543,11.150407791,-24.109487534,-3.264884949,-0.370755404,-7.310470104,6.041883945,25.192380905,6.748120785,7.504097462,4.596975327,14.307645798,-3.652258873,5.000000000,4.516160011,-1.577435732,-6.834845543,-4.916074276,-0.566583276,1.352469325,-0.320253432,-1.555546165
545,10899.991,1786876823133.045,11610950.980,0.000000000,-6.806937218,16.898681641,-14.772180557,0.325369775,-0.144150048,-0.016281087,-12.644520760,-9.390569687,-8.963809967,-22.862728119,18.732080460,0.505516171,3.727197647,10.585109711,15.781121254,9.532992363,8.258267403,4.807179451,13.547937393,-3.090446472,5.000000000,4.494111061,-1.120678902,-3.459842920,-3.290655375,0.379841626,1.095569372,-0.496941417,-1.117358088
546,10919.990,1786876823153.044,11610970.979,0.000000000,-14.402213097,5.356750488,-4.889350414,-1.500547647,-0.936973929,0.297915339,-11.888774872,-21.725738525,9.167258263,-78.856109619,16.076650620,-3.601939917,9.517286301,8.238185883,13.251902580,9.620854378,13.651131630,5.688608646,20.757070541,-2.806456566,5.000000000,1.122971416,-2.039395332,0.512950003,-0.471065700,-0.368743569,0.466607749,-0.721634269,-0.358821481
547,10939.987,1786876823173.042,11610990.977,0.000000000,-8.607750893,-7.225710392,-11.061015129,7.247597218,1.118256807,0.735170245,2.830350399,-17.292798996,17.267910004,-56.612361908,9.938503265,-3.231076002,26.622440338,-0.272841066,10.493445396,13.467099190,21.444574356,5.016475677,18.065532684,-2.293930054,5.000000000,0.800634384,-4.114631176,1.507754326,1.165697813,-2.434146881,-0.048171915,-1.552687049,0.062664047
548,10959.989,1786876823193.043,11611010.978,0.000000000,-4.427192211,-15.354438782,-10.778613091,13.244075775,4.701276302,4.185585976,19.103210449,7.866395473,1.448702216,28.763750076,2.906330109,-0.056141295,29.361661911,-2.851323605,-1.623636365,16.330007553,25.000000000,4.595723629,13.091171265,-0.278896481,5.000000000,0.264721066,-4.118617535,0.816170812,1.005713820,-4.098582268,0.009937900,-2.108135462,-0.248975843
549,10979.990,1786876823213.044,11611030.979,0.000000000,2.481574774,-21.376401901,11.790889740,-2.746854305,0.944941878,-0.407196879,17.743934631,38.626125336,-13.734695435,52.450839996,3.249577045,0.705294967,22.108625412,-0.029963180,-11.972663879,16.104459763,25.000000000,3.721234560,10.761075974,-1.520623922,5.000000000,1.425742984,-1.619042516,0.499538362,0.287589461,-3.981487751,0.215995491,-2.589673519,-1.073817968
550,10999.989,1786876823233.043,11611050.978,0.000000000,-0.520623922,-28.595272064,24.284173965,-0.099635579,-0.243989795,-0.097527809,4.575193405,17.704381943,-1.767936945,-12.071561813,0.584998429,0.128924772,18.855144501,6.019021034,-7.913089752,14.790243149,25.000000000,-1.190003037,7.592113972,0.899963260,5.000000000,-1.471389651,0.397410512,-0.323213696,0.420198232,-1.821995616,0.292440683,-2.049101114,-0.927479148
551,11019.989,1786876823253.043,11611070.978,0.000000000,-16.698715210,-43.215042114,7.629413128,4.334594727,0.452284873,0.428210348,-19.513498306,-3.037125111,13.452298164,-25.857711792,0.122195214,-0.866490841,26.367345810,29.432178497,-11.799901009,18.738756180,25.000000000,-4.262874126,2.756750584,2.686723471,5.000000000,-2.470462561,2.612674713,2.857669353,0.685677171,1.821464181,0.724129200,2.149440289,-0.290146649
552,11039.988,1786876823273.043,11611090.978,0.000000000,-11.744428635,-27.192041397,11.511092186,-6.685590267,-0.014489795,-0.114786536,-37.432006836,-27.242685318,16.035650253,-43.562114716,1.763151288,0.401823044,26.796163559,41.085052490,-23.181005478,19.638505936,21.788906097,0.554187238,5.189512253,0.175376043,-0.016272286,0.011350465,4.444396496,10.026436806,2.723480463,2.935883999,0.569507897,1.003330588,0.580491126
553,11059.989,1786876823293.043,11611110.978,0.000000000,11.408504486,-31.821210861,21.460544586,-4.036596298,0.596494377,-0.579501033,-39.124309540,-45.914566040,11.637207031,-39.430877686,-4.719887257,-0.628198206,41.604724884,43.410400391,-14.138352394,17.012269974,14.249542236,3.743515491,6.403325081,-1.374648690,-0.471835732,2.590776682,8.760759354,12.731643677,3.649185419,2.689912558,0.115159258,-0.618685782,0.275042564
554,11079.989,1786876823313.043,11611130.978,0.000000000,1.035554886,-32.404548645,19.580286026,-8.285817146,-0.056510966,-0.405867308,-16.657033920,-4.536793709,-10.411344528,3.422626734,-0.603223264,0.366541952,47.777935028,27.862157822,-7.837305069,20.246938705,7.449824333,2.958277702,7.843350887,-0.784857452,0.929872334,2.674919844,6.836167812,14.420804024,5.106591702,3.055110455,-1.452968359,0.095839284,1.462937713
555,11099.988,1786876823333.042,11611150.977,0.000000000,-13.459477425,-28.606338501,12.408145905,-17.368055344,-1.470419049,-0.266154855,9.813569069,39.859504700,-27.047037125,39.352058411,3.578532696,0.758360267,43.967102051,10.737899780,1.135059834,23.749044418,3.932027340,6.220251083,9.917628288,-4.651097298,2.914013386,5.000000000,2.377003431,13.865135193,4.974171638,0.684295714,-1.435186148,0.287085950,1.637930393
556,11119.990,1786876823353.044,11611170.979,0.000000000,-21.984792709,-20.253852844,11.784411430,-9.635828972,-1.282282472,-0.355404079,19.921518326,28.581212997,-13.767768860,22.239425659,2.138077974,0.429091245,33.643554688,-0.970052779,12.563608170,19.621307373,4.422415733,4.990358829,12.573630333,-3.495398045,5.000000000,5.000000000,-0.615490079,12.857021332,4.154562473,-1.498446107,-1.585912347,-0.058139477,1.576050520
557,11139.988,1786876823373.042,11611190.977,0.000000000,-10.907872200,-16.778255463,8.437932968,-3.290115118,-0.819879413,-0.270002425,18.179422379,0.932764649,9.562305450,-9.584598541,-1.062921643,-0.111829825,20.405902863,-1.496808171,6.798684597,14.974865913,0.139932334,0.827865720,11.844573021,-0.786892354,5.000000000,1.357453108,7.508442402,14.226682663,2.136702061,3.147500515,-0.948302984,0.165932983,0.285069376
558,11159.990,1786876823393.045,11611210.980,0.000000000,-7.234926224,-4.286128044,8.859745026,5.136231422,0.533623040,-0.419982731,1.548694372,-13.033415794,18.369890213,-12.687762260,-1.879632473,-0.321540058,-1.461915016,6.367805958,1.628793240,9.829791069,-4.503968239,4.074334621,7.614652634,-4.436473846,5.000000000,2.408274174,12.656389236,10.213367462,3.423971176,7.311166763,-1.264424920,1.460739136,0.719556630
559,11179.988,1786876823413.042,11611230.977,0.000000000,1.265893579,7.820250034,5.084841251,4.117794991,0.728144288,0.107409351,-2.296850681,-18.702085495,8.890377998,-15.754444122,-1.870830178,0.180178016,-19.155139923,11.874431610,1.137640119,3.366000175,-3.922159433,1.485113025,6.432785511,-1.078570724,5.000000000,0.464576840,16.136211395,5.842747211,2.562225103,10.073008537,-1.053039551,2.366415262,0.534897625
560,11199.989,1786876823433.043,11611250.978,0.000000000,0.956045508,17.395944595,-5.911382198,3.476438046,0.934968174,0.320171744,-14.332458496,-15.274442673,7.331975937,-3.460254908,-1.143802166,0.050330404,-23.458742142,12.946020126,0.644059598,0.250214338,-4.078384876,-0.299531251,1.278648734,-0.066333592,1.938302636,-0.365497828,14.904284477,2.167008162,1.719871640,11.786310196,-0.988927901,3.292535782,0.359250426
561,11219.995,1786876823453.049,11611270.984,0.000000000,-1.287543416,16.340091705,-13.174288750,-0.431114733,0.210155994,0.693043292,-6.299330235,-5.390418053,1.164487958,8.016953468,1.349641681,0.129675567,-13.510812759,3.365626574,5.098578930,-1.266767859,-2.633407593,0.271066219,-0.886076987,-0.006451866,-0.212508693,-0.359361261,12.465793610,-1.715216637,-0.851186812,12.715677261,0.376602232,3.802820206,-0.283422261
562,11239.993,1786876823473.047,11611290.983,0.000000000,1.440814137,12.206527710,-10.226695061,2.166890144,0.355023921,0.423721045,0.854817986,-0.180022255,-1.273874998,4.232776165,0.603788078,-0.064050235,-5.646919727,0.072253622,7.863241196,-1.683456898,-1.678707838,1.152743578,-2.042663813,0.180421188,-1.002218723,-0.601901829,8.407831192,-3.215648413,-2.032499790,10.329633713,1.455441594,4.015729427,-0.850804865
563,11259.990,1786876823493.044,11611310.979,0.000000000,7.358144283,3.160010099,-2.638016701,5.333822727,0.471012890,0.227570668,-2.206469536,8.505147934,-1.619942904,3.353370905,0.263303071,0.215859532,-7.624940395,-4.081378460,7.072657585,-2.196645975,-1.915817261,1.183422089,-3.026504755,0.256308049,-1.358227730,-0.933374047,6.195909500,-4.293584824,-2.093296051,8.188600540,1.608978868,3.531787872,-1.093421459
564,11279.990,1786876823513.044,11611330.979,0.000000000,13.572713852,-4.001979351,1.006649137,6.486697674,0.492194235,0.113912411,-4.364038944,10.333191872,-1.955697894,-0.447164595,-0.345161438,-0.112223230,-8.045124054,-6.752911091,6.338107109,-4.334094048,-4.547708988,0.833887458,-3.701717377,-0.303355426,-1.706726432,-0.984112144,4.635884762,-3.489262342,-1.568129659,5.560430050,1.371182203,2.619796515,-1.073516846
565,11299.990,1786876823533.044,11611350.979,0.000000000,19.549322128,-5.454351902,4.013332367,6.471976757,0.595297456,-0.034441099,-5.518107891,9.446762085,-6.645290852,-7.749104500,-0.343584090,-0.264010072,-3.984333992,-7.932578564,4.586583614,-6.882314205,-8.458270073,0.475711644,-3.061599970,-0.782634735,-1.549256563,-1.150040030,3.294487238,-0.850446045,-1.403306484,2.683053970,0.673160791,1.357385874,-0.704511523
566,11319.991,1786876823553.045,11611370.980,0.000000000,21.751176834,-6.519426346,4.058828831,4.423370838,0.359189957,0.026624141,-6.112477779,11.644741058,-10.130694389,-5.849568844,-0.087547608,-0.120726503,4.375953674,-6.963678837,1.447886586,-6.901294231,-6.684373856,11.118532181,-4.514933586,-3.149226427,-1.752012491,-4.002952099,1.614479899,0.029147862,-0.773744583,0.503784657,0.026425289,0.081781283,-0.229139939
567,11339.990,1786876823573.044,11611390.979,0.000000000,16.182331085,-6.874411583,4.206633091,4.591384888,0.377949059,0.065938249,-2.337738514,20.545473099,-10.523811340,-2.059820175,-14.535931587,7.817050934,5.284096718,-7.874263763,-0.926041663,-9.217364311,-6.590066433,2.890522718,-3.861860991,-2.219681501,-1.721904397,-2.439371824,0.618393123,0.743392348,0.036810856,-0.952264249,-0.442190319,-0.799845040,-0.071774222
568,11359.990,1786876823593.045,11611410.980,0.000000000,0.000000000,0.000000000,0.000000000,0.000000000,0.000000000,0.000000000,0.000000000,0.000000000,0.000000000,0.000000000,0.000000000,0.000000000,0.000000000,0.000000000,0.000000000,0.000000000,0.000000000,0.000000000,0.000000000,0.000000000,0.000000000,0.000000000,0.000000000,0.000000000,0.000000000,0.000000000,0.000000000,0.000000000,0.000000000
569,11379.992,1786876823613.046,11611430.981,0.000000000,-77.885124207,34.320224762,-12.442788124,-8.855206490,12.815251350,2.507804632,70.690460205,-12.827517509,-9.791941643,41.223758698,32.211303711,3.263112783,70.764198303,-19.520320892,28.500276566,25.000000000,5.855445862,9.069344521,18.103750229,-0.788658142,5.000000000,2.420274019,-17.703933716,-11.047165871,0.791568220,11.117314339,-0.382819206,3.569976330,-0.985491991
570,11399.991,1786876823633.045,11611450.980,0.000000000,-88.000000000,25.858140945,-5.443430424,-33.835418701,-2.792419672,0.196891442,63.711311340,-40.615184784,27.692741394,-2.243645430,9.905239105,2.432072639,4.209130764,-24.072120667,18.784185410,23.681913376,15.869601250,6.077390194,9.850667000,1.586896539,5.000000000,1.700963497,-11.597811699,-4.360730171,-1.313876748,3.013170958,-0.350707054,3.133983612,1.629350424
571,11419.991,1786876823653.045,11611470.980,0.000000000,-48.973232269,6.080976963,-6.367195606,-16.910493851,-2.215807915,-0.098627679,40.472198486,-20.816740036,9.289228439,-2.274937868,21.398056030,-1.408599973,23.096826553,-17.899974823,10.071191788,20.859437943,14.302371025,7.241606236,7.332500935,0.112143725,5.000000000,2.185240746,-10.405517578,7.760367393,0.670453548,-4.634056568,0.148629904,0.427241415,0.847073615
572,11439.989,1786876823673.043,11611490.978,0.000000000,-7.911263943,-8.517502785,-7.503611565,-2.292902470,-0.355056345,0.112128049,35.240226746,-2.860371828,-19.366855621,26.845062256,25.432098389,-8.604690552,26.356449127,-4.900112629,-1.046408534,21.206182480,10.939763069,7.383172512,6.096148968,0.568932235,2.921741962,2.049978495,-8.320634842,11.525907516,2.235298634,-8.582332611,1.479432464,-2.093379021,-0.064567655
573,11459.991,1786876823693.045,11611510.980,0.000000000,-9.172949791,-21.573596954,8.961435318,-3.612427711,0.258407295,-0.168068618,53.796283722,-8.852568626,-20.670711517,44.838947296,12.269843102,-0.527015090,13.117222786,0.222880706,-27.312730789,18.169395447,3.609311581,2.860176086,3.626165628,1.322515488,1.389704347,1.042709351,-4.135426998,8.974495888,1.060979366,-9.192627907,0.118116401,-3.871867180,-0.836548507
574,11479.989,1786876823713.043,11611530.978,0.000000000,-0.744345605,-28.836830139,26.975517273,2.191796064,0.413914502,-0.894725621,45.502048492,-18.321838379,-6.836798668,23.514024734,3.269176006,0.092513166,4.392508030,-3.111123800,-47.596092224,10.540716171,-4.389697075,-2.294385433,-4.117464066,0.605175495,-0.730694771,-0.597903490,-1.031618953,2.741922617,-0.993126988,-7.441132545,0.250108004,-3.804980516,-1.269272804
575,11499.989,1786876823733.044,11611550.979,0.000000000,27.392959595,-50.336578369,36.124362946,10.413872719,-0.040251780,-0.304553270,8.396486282,-15.635100365,12.441728592,-7.652414322,4.997399330,0.957073927,-12.123778343,-13.286660194,-43.474857330,-3.734749317,-5.908937931,-3.928440094,-13.109352112,-0.526732266,-4.030465126,-1.257630467,-1.276246667,-4.033596992,-2.615391254,-6.220161438,-0.182312295,-3.177666426,-1.159554839
576,11519.991,1786876823753.045,11611570.980,0.000000000,30.686857224,-51.631504059,31.261329651,4.449010372,-0.707976639,-0.265161425,-41.553211212,-0.231533244,30.718545914,-68.318946838,36.131816864,6.935951233,-31.452133179,-5.500296593,-25.868295670,-16.615274429,-8.663668633,-6.154279232,-16.760658264,-1.847072363,-5.000000000,-1.445784211,-0.939055324,-9.665858269,-1.910272479,-3.490041018,-0.009446505,-2.554118156,-0.465476424
577,11539.989,1786876823773.043,11611590.978,0.000000000,42.694747925,-25.106101990,20.619159698,4.578586578,1.134632230,-0.155445620,-68.168266296,0.098887525,36.483078003,-98.455032349,37.178993225,-1.282550335,-32.636302948,5.994187832,-18.182689667,-22.190629959,-10.545564651,-8.889104843,-17.861431122,-2.158339262,-5.000000000,-2.318530321,-0.032407172,-8.970432281,-2.004346371,-0.421773642,-0.998355269,-1.125824213,-0.133869246
578,11559.989,1786876823793.043,11611610.978,0.000000000,41.679183960,-11.111461639,7.408181190,9.526271820,0.344238281,-0.478011370,-72.397712708,-19.126909256,53.374240875,-102.608497620,30.600362778,-4.037250519,-30.374301910,2.626309633,-9.484553337,-24.298873901,-10.301589966,-9.942531586,-19.251602173,-1.342867732,-5.000000000,-2.103827715,-0.238409340,-3.251633406,-1.778192163,0.187654510,-1.035900474,0.295809358,0.636943877
579,11579.988,1786876823813.042,11611630.977,0.000000000,28.146205902,7.714220047,-1.916868567,16.375850677,0.330988795,-0.001898446,-55.999462128,-38.850563049,55.842185974,-80.961036682,22.371074677,-5.542409420,-35.782520294,7.656281471,-8.184187889,-23.862741470,-8.494571686,-8.328700066,-14.680664062,-1.469252825,-5.000000000,-2.201140165,-0.954068244,-2.325272799,-1.460920215,-0.698590219,-0.165940762,0.143056795,-0.086042225
580,11599.988,1786876823833.042,11611650.977,0.000000000,10.597282410,16.652359009,-3.005796194,10.370214462,0.033952292,-0.081149317,-39.700469971,-48.322746277,61.574951172,-61.299118042,11.223827362,-9.533542633,-45.729644775,12.753265381,-5.913266659,-22.966548920,-4.725121021,-6.200151920,-10.995628357,-1.639631152,-5.000000000,-1.868117332,0.482288629,-4.334659576,-1.530257702,-1.773208380,0.048186496,-0.702797949,-0.569671035
581,11619.991,1786876823853.045,11611670.980,0.000000000,3.161683798,20.321634293,-3.458603144,10.762790680,0.298293114,-0.195757732,-26.312791824,-61.357707977,66.381347656,-39.406379700,4.336091042,-12.208691597,-40.215545654,14.096799850,-8.250356674,-19.226657867,-0.021296611,-3.656428814,-8.563473701,-1.131214857,-5.000000000,-1.392238021,1.678788185,-6.797125816,-2.643467665,-1.120856643,0.675395250,-0.784431100,-1.063556910
582,11639.989,1786876823873.043,11611690.978,0.000000000,-0.897157192,34.741210938,-11.212717056,8.899381638,0.333077997,-0.007695693,-4.857541561,-71.650733948,54.762519836,-2.897646427,1.757362962,-10.991649628,-32.098331451,9.160832405,-16.083196640,-14.898112297,3.832182169,-1.063727617,-6.907040596,0.000178971,-5.000000000,-0.608423948,3.827741146,-6.587650299,-3.107477665,-0.401830554,0.775377870,-0.367585063,-1.337288380
583,11659.989,1786876823893.044,11611710.978,0.000000000,-12.321690559,48.289707184,-19.385847092,2.794218302,0.045441937,0.480566442,34.469566345,-60.351100922,22.400035858,30.399902344,4.042964935,-0.837701917,-17.571010590,-4.233940601,-24.883665085,-11.246037483,6.670508862,2.808559656,-4.960139275,1.159441948,-5.000000000,0.229324296,4.554080486,-6.002305031,-3.293390512,-0.105262540,0.630061984,-0.012216684,-1.301564097
584,11679.990,1786876823913.044,11611730.979,0.000000000,21.591247559,45.841514587,9.499545097,-31.477931976,-11.893196106,1.721412420,34.256134033,-2.560784101,-17.891864777,22.857791901,8.350529671,-0.917309880,-3.608786106,-15.182789803,-32.818405151,-8.350952148,6.956730843,4.188338280,-4.461677074,1.181042433,-4.451966763,0.511793733,3.797018290,-4.735459328,-2.177110434,-0.956894577,1.038664699,0.306278646,-1.129447460
585,11699.990,1786876823933.044,11611750.979,0.000000000,26.671104431,18.016172409,23.221370697,-71.586868286,-26.783292770,-1.075539708,9.054037094,28.349224091,-28.762590408,-3.848584175,-0.176528051,1.033313513,-15.500013351,-13.712963104,-44.002426147,-5.755618095,0.590454280,4.789328575,-6.741958141,-4.710286140,-5.000000000,1.066251516,5.745933533,-3.632994175,-1.039757133,-1.918089747,1.235907912,0.255416662,-0.611999393
586,11719.990,1786876823953.044,11611770.979,0.000000000,12.459296227,-20.488819122,25.991394043,-65.160926819,-29.157896042,-0.100498639,3.181687832,27.116853714,-16.433952332,-10.230928421,-0.867438912,0.704269230,-29.555343628,-5.091654778,-37.710227966,-8.138083458,-3.804426908,4.420727730,-10.757801056,-2.700320482,-4.855002403,0.974618435,6.621364594,-6.380752563,-2.839789867,-2.250062704,-0.243471473,-0.277051896,-0.521023870
587,11739.990,1786876823973.045,11611790.980,0.000000000,7.667154789,-27.202869415,23.750654221,-45.468559265,-20.276126862,-1.550708771,-6.652666092,20.663290024,-4.334195137,-9.957414627,-1.384466052,0.139140114,-24.111263275,9.461994171,-31.314363480,-10.598609924,-5.959991932,3.568225384,-12.594029427,-1.518318415,-5.000000000,1.054981947,4.440387726,-8.052548409,-4.774300575,-2.098778963,-0.557818890,-0.602538645,-0.647084475
588,11759.991,1786876823993.045,11611810.980,0.000000000,15.628015518,-17.235572815,14.396381378,-17.592344284,-9.415949821,-2.979890823,-14.798709869,7.631884575,2.259555817,-4.995127201,-1.162883520,-0.492072940,-9.468446732,22.719104767,-28.305072784,-10.237019539,-7.981517792,4.161758423,-12.272596359,-1.196899414,-5.000000000,1.217535377,0.430764526,-6.041193485,-5.373683929,-1.571895361,0.009347945,-0.428060412,-0.941488385
589,11779.989,1786876824013.043,11611830.978,0.000000000,17.505620956,-3.572982550,3.427309036,-0.942239761,-3.531157255,-3.847369432,-11.689676285,-9.095432281,6.509437561,-3.213185310,-1.123025656,-0.468505085,-0.700815618,25.578874588,-23.572191238,-9.405364990,-7.631111622,5.648722649,-9.620427132,-1.627761722,-5.000000000,1.403937817,-2.655997038,-1.129408836,-3.421606064,-1.891616702,0.525828063,-0.459420562,-0.961930573
590,11799.989,1786876824033.043,11611850.978,0.000000000,11.447275162,5.267090797,-3.799211025,5.280948162,-0.757722080,-1.367884994,-7.457573891,-17.962459564,8.430306435,-5.348769188,-1.031600237,-0.300596803,0.483519495,19.283195496,-12.913469315,-9.232476234,-2.600108385,5.373677731,-7.788900375,0.650002778,-5.000000000,1.600077510,-3.872757435,4.106826305,0.640390515,-2.475276232,0.309712917,-1.075620532,-0.753226936
591,11819.988,1786876824053.043,11611870.978,0.000000000,3.872582436,8.510932922,-8.318286896,3.505220175,0.373928905,0.113466568,-10.269988060,-18.520124435,12.201821327,-7.765921593,-0.357105225,-0.046912346,-2.152276278,12.000401497,-1.194146633,-9.722582817,1.924841642,5.221032143,-7.055263042,0.420031548,-5.000000000,1.664093018,-3.778252840,7.207121372,4.083481789,-3.063171148,-0.045921635,-1.886237979,-0.135528773
592,11839.989,1786876824073.043,11611890.978,0.000000000,3.200175285,4.878996372,-6.676749229,1.162037969,0.072637752,0.303931683,-15.746501923,-7.406331062,4.418174267,-7.406310558,-0.224530682,-0.030379022,-2.054781675,5.351281166,8.526941299,-10.255002022,3.187731743,5.192350864,-5.134748459,0.485981196,-3.351191998,1.546026945,-3.013766050,6.848952770,5.383802414,-3.608134031,-0.189241886,-2.512809515,0.239707991
593,11859.990,1786876824093.045,11611910.980,0.000000000,0.990338385,-2.190176487,-0.604122221,-2.842655897,-0.492613554,0.067492142,-20.439521790,1.861016512,-7.729720116,-15.270049095,-0.663427949,0.164005041,7.608937740,-0.257503778,12.057130814,-8.107219696,2.233494520,4.613212585,-4.246146679,-0.599576175,-1.890968800,1.624079585,-3.133365631,5.132655621,5.837680340,-3.082962751,-0.405613601,-2.366009235,0.590870798
594,11879.989,1786876824113.043,11611930.978,0.000000000,-8.187962532,-12.317113876,12.377077103,-4.793470383,-0.606296659,-0.276148170,-5.150041103,0.546124637,-12.771533012,-99.072280884,-21.114807129,3.625168800,16.037208557,-10.070517540,2.805644035,-5.571969986,1.940806031,4.109203815,-6.544309139,-0.270600259,-2.265598059,1.613079906,-1.043745875,5.523822784,6.583429813,-1.686219573,-0.571904123,-1.754889965,1.273400545
595,11899.988,1786876824133.042,11611950.977,0.000000000,-1.967404842,-22.113424301,14.741032600,-6.242237568,-3.978751659,3.039230347,-9.298641205,-2.021069288,5.815605640,-137.925537109,-28.262519836,4.228642464,20.688562393,-22.694524765,-2.892606020,-6.477678299,0.039296597,4.950893402,-8.884529114,-1.328750968,-3.436663151,2.543921947,-3.255404711,5.906165123,7.497879982,-3.070698500,-0.258541614,-1.629115343,1.309861898
596,11919.990,1786876824153.044,11611970.979,0.000000000,-2.742505312,-15.375135422,15.323003769,-5.994701862,-3.452075005,0.787612379,-1.983459353,-4.451621532,12.035544395,-138.031753540,-26.912601471,3.792205572,15.935894012,-23.225999832,-10.998301506,-7.590452194,-1.002992511,2.856897116,-8.447194099,0.357937187,-3.264027596,1.378722668,-6.517992020,4.626891613,5.915404797,-5.467397213,-0.277651846,-1.923537612,1.183880925
597,11939.989,1786876824173.043,11611990.978,0.000000000,0.176205024,-11.091948509,13.824346542,1.263348579,-1.080748677,0.332203835,1.331337333,-5.587511063,16.358858109,-116.128135681,-19.738756180,2.923273325,7.444009781,-12.808109283,-15.518178940,-7.635416508,-2.085746527,0.150083765,-7.660289764,0.645975828,-3.031910181,0.528291106,-9.839489937,2.111488819,2.199743986,-7.407255173,-0.200969249,-2.213462830,0.470433980
598,11959.989,1786876824193.043,11612010.978,0.000000000,1.264301538,-9.021563530,14.836941719,2.846122265,-0.793046236,-0.352702707,4.161550999,-7.762255669,17.195240021,-78.238342285,-13.348294258,1.055527210,2.468934536,-2.506845713,-15.669227600,-5.294929504,-3.518148422,-2.167586803,-7.076779842,0.552159727,-2.785749435,-0.109699726,-11.794897079,-0.067159869,-0.971200347,-8.650767326,-0.292436600,-2.351337671,-0.245473847
599,11979.990,1786876824213.045,11612030.979,0.000000000,1.718162417,-7.103050709,16.958791733,-1.421226621,-1.946920395,-0.417313039,7.209113598,-4.562634468,9.948401451,-38.766601562,-6.849694252,0.843557954,1.089797139,4.389790058,-15.115343094,-1.339924335,-5.041485310,-4.099337101,-5.220446587,0.030167436,-2.308067322,-0.563908577,-11.922507286,-1.932746768,-3.291789770,-8.735142708,0.190174788,-2.149912119,-0.956696570
600,11999.989,1786876824233.043,11612050.978,0.000000000,-7.617482185,-3.795408726,17.025583267,-12.090342522,-3.819507122,0.423542917,29.014636993,4.499567509,0.875716805,23.239837646,1.655743718,-0.043988161,3.959528923,10.688419342,-16.311002731,3.432084799,-6.517279148,-5.411284924,-1.776557326,-0.126360536,-1.266159415,-1.122198701,-10.797420502,-2.750438213,-4.397208214,-7.372352123,1.027067542,-1.516223907,-1.545460343
601,12019.988,1786876824253.042,11612070.977,0.000000000,-16.478206635,-3.860974312,14.395541191,-24.736394882,-6.183946609,1.906019330,31.179962158,0.069658481,0.812264264,16.595645905,0.878871918,-0.200417146,10.409805298,11.767339706,-14.772940636,6.867380619,-6.697863579,-5.002600193,0.885758460,-0.204986453,-0.240011245,-1.038215160,-9.098303795,-2.379831791,-4.252800465,-5.283515453,1.161496282,-0.772129476,-1.726105928
602,12039.988,1786876824273.042,11612090.977,0.000000000,-3.106568575,-8.633940697,10.633769989,-18.411073685,-7.759167671,1.592299223,2.794205189,-2.917702436,2.733292818,-22.136087418,-1.269230247,-0.192745045,7.974915981,6.095239639,-6.580092430,7.529251575,-3.863792419,-3.500058889,1.579462767,-0.197101146,0.274054736,-0.532135427,-7.389865398,-1.844381809,-3.556463242,-3.370975018,1.080900431,-0.065860458,-1.501344562
603,12059.988,1786876824293.042,11612110.977,0.000000000,14.359956741,-6.183499336,1.937433600,0.658706546,-3.109363079,-1.764963269,-20.657003403,-0.192403883,-1.006287098,-17.517784119,-1.023330688,0.074927792,0.210438609,2.114552259,2.883016109,4.404450417,-0.916760802,-2.038839817,1.112340808,0.009300338,0.504126549,-0.307059020,-5.157889843,-1.503145218,-3.019933224,-2.050912619,1.050452948,0.280962855,-1.036281347
604,12079.989,1786876824313.043,11612130.978,0.000000000,18.249143600,-4.485101700,-2.120952129,10.025872231,0.511270940,-0.262085706,-30.529756546,-1.324501276,-3.449974775,-22.482009888,-13.325849533,0.295859277,-1.047525167,-2.433285236,8.018651962,1.862154007,1.901627064,-0.623403847,0.805799544,-0.001508452,0.486152142,-0.144158989,-3.033534050,-1.775496721,-2.469498634,-0.347420156,0.666788161,0.500859261,-0.748387277
605,12099.990,1786876824333.044,11612150.979,0.000000000,5.173460007,-4.021334648,1.495455742,-2.916975737,-1.567196369,-1.007146120,-15.018574715,1.875603676,-0.594161093,-99.048019409,-19.433280945,-0.854720414,4.831756115,-8.680990219,2.097196579,2.620186567,4.613769054,1.401087642,0.985274374,-0.188707158,0.283501327,0.353503108,-0.486756653,-1.438550472,-1.017801285,0.507027864,0.154393539,0.548084021,-0.258070230
606,12119.991,1786876824353.045,11612170.980,0.000000000,6.418976307,-6.581173420,3.996072054,2.903967381,-1.762308359,-1.363685966,-17.146005630,-4.272669792,8.511518478,-129.079513550,-24.449279785,-0.656272650,10.560986519,-19.736450195,-1.982988358,2.241676331,6.335913181,3.627254486,1.010567546,-0.628493488,0.136144251,1.131375432,-1.487143159,-1.397526622,-0.011818580,-1.723339081,0.190726891,-0.048910405,-0.009320911
607,12139.989,1786876824373.043,11612190.978,0.000000000,7.221210480,-5.431139469,4.690713882,9.021399498,-0.099160373,-1.190221429,-15.087497711,-6.775946617,13.794643402,-131.536666870,-24.816808701,-1.417287946,9.268296242,-19.725080490,-4.919088364,1.499753594,6.361006737,3.960890293,-0.026014356,-0.409421444,-0.090452000,1.427826524,-3.851227045,-1.014590025,-0.557733536,-3.684722424,-0.106081367,-0.563125432,-0.042219590
608,12159.990,1786876824393.044,11612210.979,0.000000000,12.940626144,-4.934790134,4.673183918,16.531570435,1.156747460,0.093358204,-17.220975876,-11.396597862,14.516984940,-121.982719421,-21.333511353,-2.139487505,5.928432465,-12.305442810,-6.137820721,0.866812587,6.149535656,3.278727293,-0.373237014,-0.262794346,-0.358845830,1.260867476,-5.120019436,-1.152309060,-2.013496876,-4.679779530,0.055413593,-0.931676090,-0.362338632
609,12179.989,1786876824413.043,11612230.978,0.000000000,13.325305939,-7.144388676,6.562583923,9.566510201,0.344454974,-0.348655432,-17.654506683,-10.417589188,10.419174194,-103.157890320,-18.561763763,-2.321954012,3.166000605,-5.394895077,-7.635753155,0.497047812,5.537919998,2.578684568,-1.297110558,-0.163637310,-0.464262098,1.002139688,-5.627310753,-1.188522935,-2.671359062,-5.090629578,0.275122374,-0.976071596,-0.735556006
610,12199.988,1786876824433.042,11612250.977,0.000000000,15.529042244,-4.206268787,12.333114624,8.368868828,-1.110443592,-1.145839930,-11.511339188,-4.726107121,2.867910147,-71.464408875,-13.646528244,-1.254777551,1.653569579,1.375054002,-10.258433342,-0.052985981,4.001753330,1.879861712,-2.294846058,0.093092002,-0.788628757,0.735027254,-5.728068352,-1.356706381,-3.179358721,-4.918752670,0.401190996,-0.745634377,-0.824630499
611,12219.989,1786876824453.044,11612270.979,0.000000000,0.745624959,-2.076913834,20.620357513,-26.633583069,-7.438355446,-2.587032795,19.046552658,9.393960953,-10.511442184,12.314520836,-0.084265389,0.795265436,3.239620924,12.575217247,-18.004486084,0.675172925,0.751353025,0.458703309,-2.467552662,-0.053614631,-0.852905989,0.242248237,-5.479948997,-1.346520305,-2.785644054,-4.369800568,0.820616663,-0.577943742,-0.897067904
612,12239.988,1786876824473.042,11612290.977,0.000000000,-23.150812149,0.863870323,20.172266006,-58.233001709,-14.473846436,-5.201021194,47.951721191,6.036087990,-5.463500977,43.414436340,3.248950720,-0.232776895,11.261245728,20.710071564,-21.969966888,2.575007439,-2.669531345,-0.580849171,-0.637656569,-0.248681605,-0.713732839,0.013577553,-5.285017967,-1.417645931,-2.074244976,-3.493264914,0.852961957,-0.586225390,-1.030483246
613,12259.988,1786876824493.043,11612310.978,0.000000000,-15.793239594,-7.919886589,17.863576889,-57.278842926,-17.287824631,-9.065140724,25.935428619,3.684479475,0.137739897,-0.310797870,-0.831718445,-0.197588339,9.039286613,20.250169754,-17.929510117,4.447082043,-2.236346960,-0.684912264,0.595164657,-0.336682349,-0.497094244,-0.044662949,-5.283322811,-1.126855254,-1.159236670,-2.778121233,0.731355965,-0.392997801,-0.854345322
614,12279.989,1786876824513.043,11612330.978,0.000000000,7.116877079,-17.034509659,17.708208084,-33.309669495,-16.014291763,-8.832633018,-5.978244781,7.397599220,-0.796212733,-25.657144547,-2.120066881,-0.342166603,2.627603054,14.072201729,-11.137581825,3.042390585,-0.446278960,-0.559512496,-0.779739976,-0.381301194,-0.362438619,0.096259184,-5.004189014,-1.081960797,-1.289128780,-2.609983444,0.740856647,-0.351123184,-0.751110077
615,12299.989,1786876824533.043,11612350.978,0.000000000,24.886285782,-10.592321396,8.180484772,3.185363770,-4.978806973,-4.074192047,-27.735261917,4.164478302,-4.145748615,-18.740037918,-1.067302823,-0.005938264,-5.461091518,9.646510124,-2.353420973,-0.298463672,0.742390692,-0.483737528,-1.573069572,-0.022278022,-0.583476782,-0.047266334,-3.985697031,-1.368513346,-2.146134853,-2.264111042,0.766121566,-0.240915999,-0.795676291
616,12319.989,1786876824553.043,11612370.978,0.000000000,30.900501251,1.513683677,-5.066329002,19.280691147,1.901866317,-0.075134411,-36.594882965,-2.522409201,-1.681321979,-9.778964996,-0.982534826,-0.057881016,-14.564238548,8.499803543,5.027580738,-3.456439018,1.790282488,-0.861269653,-1.081095099,0.603521287,-0.055860445,-0.493380189,-1.652059913,-1.336633682,-2.125332117,-0.948071182,0.640144110,0.103674680,-0.742623687
617,12339.989,1786876824573.044,11612390.979,0.000000000,22.711034775,7.077090263,-8.003972054,10.936786652,1.198699355,0.183340997,-25.731824875,-4.154847145,6.330548763,-71.298103333,-20.437162399,-1.381279349,-12.597127914,6.482036114,5.441379547,-4.383887768,2.343183994,0.149448484,-1.737350821,0.181221545,-0.619960725,-0.219981119,0.769535542,-1.514509320,-1.633305669,-0.182762623,0.362056851,0.202970818,-0.547850192
618,12359.989,1786876824593.044,11612410.979,0.000000000,20.062191010,3.306864977,-8.432166100,9.733416557,0.755033314,0.528059185,-27.494632721,-7.430884361,20.308691025,-126.257797241,-24.429395676,-0.355014294,-2.994879484,-5.984450340,-2.426409245,-2.862853289,3.326611280,2.008369207,-1.440351129,-0.115821041,-0.837412298,0.438660562,1.409883618,-0.990263939,-0.824782073,-0.497611165,0.090009026,0.032219492,-0.204821035
619,12379.989,1786876824613.043,11612430.978,0.000000000,23.251205444,2.671695471,-11.785545349,24.572141647,2.788487434,0.910767674,-25.247741699,-17.769248962,36.609848022,-139.000000000,-27.041061401,-0.401954263,4.255267620,-18.766422272,-7.215538502,-3.244998455,3.877347469,3.280987263,-1.837493539,-0.177847773,-0.762459993,0.920244694,-0.963458419,-1.114874363,-0.573811293,-2.295912504,-0.017929697,-0.414627433,-0.046385653
620,12399.990,1786876824633.044,11612450.979,0.000000000,13.861529350,6.963193893,-9.435671806,13.084504128,0.887244940,0.435111642,-17.233165741,-22.109447479,35.544776917,-139.000000000,-25.728570938,-0.845106423,2.971805096,-20.329408646,-9.757490158,-3.985374451,3.987088442,2.754553795,-2.082382441,-0.333462805,-0.791369617,0.939248264,-3.923106432,-1.828917146,-1.158567667,-4.117706776,-0.008953650,-0.784313500,-0.162138492
621,12419.989,1786876824653.044,11612470.979,0.000000000,16.743679047,4.079027653,-4.368399620,18.379545212,1.267369986,0.315617055,-21.996059418,-20.362535477,26.861970901,-136.945205688,-23.606460571,-2.045546532,-4.986136913,-12.318421364,-8.218812943,-4.899324894,4.387056351,2.281832933,-2.614937782,0.114471428,-1.015174866,0.766093671,-5.038243771,-2.347893238,-2.792529345,-4.772358418,-0.008902658,-1.039768100,-0.442556709
622,12439.988,1786876824673.042,11612490.977,0.000000000,21.822057724,2.908111572,-0.787654817,18.871120453,0.692059398,-0.188246474,-29.553846359,-20.803525925,22.722339630,-120.507675171,-22.155145645,-3.565609932,-5.736766338,-7.672684669,-7.490933418,-5.995006084,4.335533142,2.202998638,-4.269579887,0.165478408,-1.273055911,0.581082523,-5.753761292,-2.586278677,-3.738967657,-4.898822308,0.498777151,-0.844947815,-0.802799642
623,12459.989,1786876824693.044,11612510.979,0.000000000,27.234844208,7.793832302,-6.219623566,17.787956238,1.747238994,-1.850583673,-28.972459793,-11.510020256,12.241390228,-75.897850037,-14.976077080,-1.119912982,-3.779226780,2.013546467,-5.537062645,-6.089550018,2.863282681,1.748259664,-5.110515118,0.449855179,-1.541321635,0.280865520,-6.525344372,-2.947553158,-3.773387432,-3.908563614,1.026965022,-0.637089789,-1.005733967
624,12479.995,1786876824713.050,11612530.984,0.000000000,12.327638626,11.078813553,0.309722543,-9.603321075,-0.147686496,-0.472236931,10.979091644,6.135779381,-4.421028137,41.860103607,1.472725153,0.368182302,4.172630310,13.174329758,-16.904851913,-3.675811052,-1.515758395,-0.776284456,-4.775435925,0.057470504,-1.312547565,-0.485127062,-6.306633472,-3.050381660,-3.055724382,-3.144752979,1.604083776,-0.484231234,-1.219162822
625,12499.991,1786876824733.045,11612550.980,0.000000000,-28.164707184,12.943531990,35.139511108,-113.916618347,-25.067947388,-6.512209892,44.128829956,6.591941357,-11.630846977,17.593198776,1.609523654,-0.102807067,8.710493088,18.839548111,-21.117961884,0.651904166,-5.229095459,-2.175060749,-1.872152209,0.210012332,-1.091758013,-0.709302962,-4.524503231,-1.279480457,-1.948138475,-4.086886883,1.064118981,-0.260693580,-1.607623577
626,12519.990,1786876824753.044,11612570.979,0.000000000,-38.444309235,-9.765841484,37.948974609,-121.102577209,-30.929185867,-14.335830688,40.498519897,14.205815315,-6.005858898,-1.955474019,0.040454559,0.020136945,-2.693722248,20.535161972,-19.648820877,3.368678570,-5.225406647,-2.172569990,-0.450945586,0.078211099,-0.434540838,-0.397024423,-3.896490097,-1.180095196,-1.432866454,-4.908726215,0.717157960,-0.784987688,-1.211726904
627,12539.988,1786876824773.042,11612590.977,0.000000000,-18.213270187,-19.912643433,34.963935852,-86.517364502,-24.143100739,-12.633342743,12.393026352,19.416624069,-3.845041037,-7.824260235,-0.177755564,-0.179246113,-3.833584070,23.450008392,-13.994047165,2.816292524,-3.967447996,-2.356190205,-1.663693428,0.036554441,-0.524507403,-0.255765945,-4.403656006,-2.792009354,-2.510073900,-4.085320473,0.750380933,-0.877928853,-1.049388766
628,12559.988,1786876824793.042,11612610.977,0.000000000,6.077145576,-14.983491898,18.027160645,-12.071277618,-5.456525803,-4.184337616,-15.456111908,4.136156082,2.376830101,-13.337181091,-0.756390631,-0.251221657,-1.611896038,20.922758102,-3.727353573,1.843337774,-1.022924304,-1.472486973,-1.316435814,0.026482001,-0.627833366,-0.051438477,-5.648220539,-3.603932381,-3.741711378,-1.925978541,0.773372948,-0.192963719,-0.907005608
629,12579.987,1786876824813.042,11612630.977,0.000000000,29.372426987,-0.841357708,-4.543471336,16.179515839,1.443068624,0.136219636,-38.643581390,-7.206088543,-1.449348569,-8.558393478,-4.203225136,-0.053564899,-6.305173397,13.875721931,3.493284225,-0.791307569,2.508935690,0.114648104,-0.532537818,-0.069065407,-0.509686649,0.067452766,-4.472971439,-2.457591295,-3.770571709,-0.337418586,0.819610775,0.372228801,-0.687687337
630,12599.990,1786876824833.044,11612650.979,0.000000000,32.652900696,7.585794449,-20.105558395,26.881309509,3.357332468,2.226437330,-45.628524780,-13.715353012,4.713503838,-18.961894989,-11.235208511,-0.176218808,-13.790709496,9.705664635,11.210477829,-3.394508362,5.381928921,1.671886921,-0.284392774,-0.002723841,-0.554802537,0.310950428,-1.860746622,-1.526073217,-2.415867090,1.135917783,0.725154817,0.696018457,-0.459709138
631,12619.990,1786876824853.044,11612670.979,0.000000000,17.139669418,11.758552551,-15.518267632,14.224151611,3.200911522,1.908871651,-28.868394852,-14.902908325,20.726284027,-106.465171814,-21.669073105,-1.245161653,-8.945589066,3.552300215,5.479249477,-2.440996647,6.502003670,2.582584858,0.849241257,-0.476009548,-0.291199476,0.606395483,2.245708704,-1.170817137,-1.018247843,1.478705764,0.067142032,0.621037960,-0.246793360
632,12639.991,1786876824873.045,11612690.980,0.000000000,10.725686073,4.936525822,-10.624339104,5.752936840,1.131931186,0.515104532,-16.654081345,-15.418621063,37.927021027,-139.000000000,-25.176160812,-0.547656059,6.644326210,-16.900781631,-5.753678799,-0.221628353,6.259083271,4.049289703,0.988234937,-0.798759282,-0.057960123,1.108604789,2.065578938,-1.962731242,-0.157391533,0.357092708,-0.340945840,0.095018432,0.140501887
633,12659.990,1786876824893.045,11612710.980,0.000000000,5.390773773,-0.083705671,-9.883341789,20.872402191,3.435848236,1.495212317,-1.639470577,-13.263244629,40.089862823,-139.000000000,-26.894115448,-0.490443230,10.942045212,-26.436038971,-9.937883377,0.004238732,6.388207912,3.723134279,0.003329090,-0.539492011,-0.257660002,1.207814813,-1.642062426,-2.995966673,-0.033077896,-2.401022434,-0.341498286,-0.627886415,0.393011659
634,12679.989,1786876824913.044,11612730.979,0.000000000,-0.979117930,2.659275770,-5.305557251,7.923587799,0.497759759,0.248176768,1.492918134,-12.198419571,35.879268646,-137.177627563,-24.521697998,-1.948613286,8.023501396,-25.266141891,-10.828304291,-1.840783238,5.541410923,2.547040939,-0.902993262,-0.340372473,-0.333732575,1.110854745,-6.594976425,-4.510598660,-2.268190861,-4.211789608,-0.042788830,-0.994977713,-0.004873313
635,12699.989,1786876824933.043,11612750.978,0.000000000,6.804476261,-0.695885897,-7.986446381,23.684236526,3.520835400,1.092441797,-8.543968201,-12.836009026,27.735052109,-124.334228516,-22.129333496,-2.332394123,3.228538990,-17.426687241,-8.408410072,-3.716501236,3.503863811,1.412757635,-2.232077837,-0.128786594,-0.562725544,0.796674430,-9.565257072,-4.944782257,-4.705905914,-4.651422977,0.465380877,-1.067182302,-0.481133580
636,12719.989,1786876824953.044,11612770.979,0.000000000,11.027712822,5.735833168,-8.600049019,18.632404327,1.163115025,0.290667683,-16.039508820,-21.095975876,20.078620911,-89.947166443,-16.833454132,-2.719107628,4.333503246,-14.539930344,-5.663235664,-4.929344654,0.451523870,0.453984916,-3.689998627,-0.195376143,-0.678100288,0.306496561,-10.577728271,-5.084977627,-6.292910099,-3.814085960,1.207146049,-0.666711211,-0.911612630
637,12739.989,1786876824973.043,11612790.978,0.000000000,12.053140640,7.234166622,-10.342961311,-9.427409172,-0.660966575,-0.037659269,-7.110177994,1.500126958,-7.432314396,8.740339279,-1.443740845,-0.042046644,7.046582699,0.430363685,-7.523054123,-2.592650175,-3.768276215,-1.588026404,-4.003745556,0.441004306,-0.582933724,-0.560885370,-10.195507050,-5.735503674,-5.830153465,-2.413877249,1.953007460,-0.310847163,-1.128510475
638,12759.988,1786876824993.042,11612810.977,0.000000000,0.065428726,3.626946926,11.769099236,-16.500537872,-1.974345088,-3.185767889,37.251094818,29.605497360,-25.169948578,71.550086975,3.993481398,0.373478055,12.017798424,6.725378990,-27.641641617,2.012519121,-8.069050789,-3.796049356,-2.563016653,0.411375582,-0.589312017,-1.238051057,-7.919753075,-3.875841141,-5.072344780,-2.208603144,0.973386347,0.134744719,-1.454753399
639,12779.988,1786876825013.042,11612830.977,0.000000000,-11.482013702,-14.408332825,46.507671356,-93.675834656,-25.711961746,-15.236998558,26.165521622,15.316553116,-8.811127663,-27.329240799,-1.882801294,0.128384128,2.659265995,7.067830563,-27.614479065,4.882738590,-9.837996483,-4.057782173,-0.793098629,-0.052106753,0.008341042,-1.281890154,-4.196575642,-1.485914826,-2.907634974,-3.942215919,0.902853906,-0.164236382,-1.701446176
640,12799.987,1786876825033.041,11612850.976,0.000000000,-12.335866928,-23.546089172,43.654499054,-54.738784790,-19.458322525,-13.440286636,21.629972458,11.147501945,7.258295536,-28.297513962,-1.141294956,-0.382819712,4.029600143,5.256481647,-23.609212875,6.106004238,-10.306353569,-4.236641407,-1.204835892,-0.225893170,0.132373452,-1.006950259,-3.336783171,-1.829340935,-2.670434237,-4.114736557,0.753242314,-0.897460759,-1.403793931
641,12819.987,1786876825053.041,11612870.976,0.000000000,-2.992068529,-4.881191730,4.798915386,24.492059708,2.147877693,0.223150969,-2.883789778,-15.021313667,20.797714233,-21.339395523,-1.234856248,-0.669869483,-3.084573507,1.812039256,-0.397154689,3.311745644,-6.814150333,-3.255348206,0.941636741,-0.592211127,0.730856419,-0.536329746,-4.311078072,-2.552018166,-4.004245281,-2.118602753,0.650158405,-0.449255645,-1.087042332
642,12839.991,1786876825073.045,11612890.980,0.000000000,6.050841331,23.078451157,-27.962686539,14.797283173,0.309673816,1.132975101,-36.794719696,-25.436664581,-2.626485825,-13.360450745,-2.643496037,0.815415382,-6.880363941,-0.561632633,29.791360855,-0.902311802,-0.831335664,-1.298892021,2.632254124,-0.733324111,1.205507994,-0.131739721,-7.370697975,-4.102493286,-4.284299850,0.200284943,1.384881735,-0.126632616,-0.718989611
643,12859.988,1786876825093.042,11612910.977,0.000000000,4.905129433,27.449916840,-22.690027237,6.687668324,-1.830601692,0.724221945,-44.025550842,-22.294176102,-5.988075256,-18.504539490,-2.563748598,0.113539718,-21.025142670,5.502365112,34.584655762,-5.549757481,4.823193073,1.029127121,2.703964472,0.098073296,1.249728799,0.262344062,-5.552248478,-4.739388466,-4.032064915,2.518063784,1.280053496,0.674335718,-0.664449036
644,12879.989,1786876825113.043,11612930.978,0.000000000,0.203593388,15.689565659,-7.911246777,-0.766100049,-1.254277706,0.208793774,-38.516353607,-15.722184181,6.558028221,-73.376396179,16.123861313,-3.322217703,-22.629735947,13.368953705,23.974403381,-7.749832630,8.858472824,2.952065945,-0.358334243,0.814936876,0.206930041,0.726619244,-1.427785158,-3.245517492,-3.045678377,2.486980200,0.566082656,1.133536577,-0.709714413
645,12899.990,1786876825133.045,11612950.980,0.000000000,-7.764980316,6.774133205,2.859813929,0.973411560,0.265009999,-0.020509049,-24.411344528,-6.525939941,36.469627380,-116.653686523,-9.820348740,-7.562582016,-9.150572777,18.376485825,6.600687504,-8.974211693,12.247321129,5.715938091,3.149042845,0.626759589,0.735022902,-0.935234845,-0.388395816,-1.148136497,-1.447091341,0.564759314,0.401866972,0.472645909,-0.500403464
646,12919.988,1786876825153.043,11612970.978,0.000000000,-14.642054558,-8.801005363,0.473701626,-0.395136118,1.084238887,0.129617974,11.684202194,-2.476367235,51.930244446,-116.500389099,-25.077348709,-4.715047836,18.490774155,-8.315351486,-5.381000996,-3.177075624,11.981451035,8.324748039,15.248657227,-2.193928242,3.250401258,-1.144172192,-1.630190849,-0.165663093,0.587313473,-0.357687861,-0.050870601,-0.094656713,0.068792552
647,12939.989,1786876825173.043,11612990.978,0.000000000,-8.024409294,-10.945667267,-12.705206871,16.798746109,4.626614094,1.958061099,23.508857727,-0.942775607,48.151954651,-111.614700317,-24.071083069,-5.740865707,33.443004608,-29.764625549,-4.138971806,3.619050741,9.430610657,8.062333107,18.174512863,-2.748410702,5.000000000,2.104513884,-4.802912712,-0.852153897,0.556609929,-3.487413406,-0.011257725,-0.749243855,0.762814879
648,12959.990,1786876825193.044,11613010.979,0.000000000,-12.067908287,-6.891221523,-9.808326721,-1.021535397,0.287340820,-0.053469315,28.187973022,-2.559211016,20.003665924,-77.066207886,-17.488016129,-5.564980984,29.685092926,-34.329509735,0.683244348,7.606245518,10.523850441,6.717294693,18.362514496,-2.665959597,5.000000000,3.673148394,-6.879678249,-5.013114452,-1.842037797,-4.269057751,-0.150394931,-1.415425777,0.492479712
649,12979.990,1786876825213.044,11613030.979,0.000000000,-4.675850391,-5.702970028,-10.247739792,-1.005893350,1.052269697,2.573655844,27.298639297,14.612043381,-22.552703857,38.912101746,-0.840000689,-2.438723326,15.977895737,-21.845491409,-1.742256403,10.184874535,13.033064842,5.744101048,17.266895294,-1.862446904,5.000000000,4.065726757,-6.879673958,-8.785667419,-5.644607067,-3.231574297,0.280653805,-1.512419939,-0.795642972
650,12999.988,1786876825233.042,11613050.977,0.000000000,0.334395736,-7.811755657,5.456190586,-7.219077587,-0.111295685,-0.008899378,23.539455414,32.912105560,-15.739676476,50.005779266,4.347983360,0.342153102,5.239498138,-16.060531616,-11.249142647,10.281724930,14.080688477,5.738425732,16.152835846,-1.847135305,5.000000000,4.776996613,-2.284274578,-9.491572380,-7.413169861,-1.030648232,0.695759714,-0.403188676,-2.258403778
651,13019.989,1786876825253.043,11613070.978,0.000000000,-1.839172840,-13.522166252,11.556135178,4.173481941,0.151778668,-0.268411428,8.352207184,7.568246365,7.371736050,-11.041241646,-1.016513467,-0.394515574,4.016155720,-8.846221924,-2.254585505,10.443770409,13.729377747,5.939716816,14.047759056,-2.830514431,5.000000000,5.000000000,0.677532494,-10.289856911,-6.370623112,0.671886086,1.182254195,0.496214747,-2.094425201
652,13039.987,1786876825273.042,11613090.977,0.000000000,-7.432193279,-3.258534431,0.920396745,8.082418442,0.350323647,0.153944150,-5.932715893,-18.011589050,15.226294518,-39.407588959,-3.986948013,-0.639655054,4.745956898,4.960798740,12.167177200,15.139476776,23.232652664,3.376864433,6.916297436,-0.695855141,5.000000000,0.498041093,0.105176367,-9.298848152,-4.454887390,1.308194637,1.109703779,1.060796618,-1.408633828
653,13059.987,1786876825293.041,11613110.976,0.000000000,-17.737142563,3.809192419,-3.858536720,-1.443815231,-0.216715753,0.172940865,-9.590279579,-18.648729324,6.688090801,-41.875080109,15.174892426,-1.255825996,4.990995884,27.630708694,12.298739433,15.082039833,25.000000000,-0.898128152,6.544241428,1.234209418,5.000000000,-1.197739005,-2.006649494,-6.542502403,-3.023097038,0.094639882,0.962633550,0.378097981,-1.164664745
654,13079.989,1786876825313.043,11613130.978,0.000000000,-23.909036636,-3.242148638,-3.162093401,-5.849112511,-0.348236680,0.024690704,-12.079444885,-19.957445145,9.560222626,-41.631118774,10.890388489,-3.465465069,19.648195267,28.924228668,5.119325638,16.007137299,25.000000000,0.809399486,6.907909870,0.829552412,2.822984457,-0.170860544,-4.178488731,-2.655435801,-1.603406906,-0.476121992,0.914763808,-0.608886898,-0.886881888
655,13099.991,1786876825333.045,11613150.980,0.000000000,-28.279788971,-36.103820801,-6.331860542,-5.047985554,0.061475035,0.144723564,-8.768346786,-9.363529205,7.580246925,13.294161797,2.893342733,-1.267319798,43.723667145,16.138519287,-13.618961334,22.547977448,25.000000000,-5.030436993,0.975801528,2.122385502,1.512013316,-3.182714939,-3.725457430,4.727558136,0.323742807,3.795279741,0.605521142,2.394328833,-0.150183454
656,13119.989,1786876825353.044,11613170.979,0.000000000,21.492576599,-41.717601776,21.313932419,-7.339219570,-0.544645488,-0.629594266,-18.281955719,-16.542955399,-0.638569295,5.711120129,0.330044955,0.191589803,65.789093018,19.596826553,-20.777908325,21.013378143,25.000000000,1.555323124,6.740681171,0.147709623,0.557685614,0.126571760,-1.655332804,10.007356644,1.364757299,0.389376909,1.511236191,0.554187059,-0.517296910
657,13139.989,1786876825373.043,11613190.978,0.000000000,15.228296280,-48.251445770,37.160167694,5.702029705,0.224491209,-0.566735089,-38.622146606,-1.945086241,-9.711408615,-21.167171478,-2.758534670,0.457244098,52.082927704,25.562023163,-13.182529449,18.574041367,18.868700027,4.308749199,9.773117065,-0.587013841,1.229005694,2.637645006,3.618688583,13.398777008,3.310240746,0.326351881,0.656930208,-0.983128846,-0.634215534
658,13159.989,1786876825393.043,11613210.978,0.000000000,7.688953876,-44.520736694,39.790157318,-3.977039814,-0.422600001,-0.747113287,-37.405746460,10.653047562,-19.755134583,-18.323503494,-2.052617073,0.673525810,46.683353424,25.762134552,-5.926929474,17.637474060,10.872718811,3.317454338,10.230293274,-0.492911011,2.888778925,2.847044706,5.186548710,16.096305847,5.281488419,0.527784228,-0.636920869,-1.294660211,0.635879874
659,13179.990,1786876825413.044,11613230.979,0.000000000,-2.461059809,-33.346702576,28.077033997,-17.687210083,-1.154383540,-0.576249838,-19.266942978,9.263463974,-18.647119522,-13.879972458,-1.454429984,0.111348078,40.959980011,18.716455460,3.237104654,20.258049011,2.093633413,0.430899680,6.345236301,-0.287459999,2.681471586,1.234731078,1.512482285,15.845529556,6.100932598,-1.542516947,-1.643968940,-1.313769102,1.916236401
660,13199.989,1786876825433.043,11613250.978,0.000000000,-10.081447601,-29.195167542,13.418728828,-19.237827301,-1.049169660,-0.252286375,11.511550903,8.445617676,-4.973700523,16.800838470,0.948351204,0.295142025,46.494506836,7.998695850,8.444309235,17.611883163,-4.069388866,4.268736362,10.682408333,-4.395807743,5.000000000,5.000000000,3.661228180,14.328828812,4.183051586,-0.131858215,-1.517790437,-0.645927906,1.329622269
661,13219.988,1786876825453.042,11613270.977,0.000000000,-30.100791931,-9.501949310,4.106974602,-16.259881973,-1.055899620,-0.368982643,31.482574463,14.603215218,8.182188034,29.500896454,1.592975736,0.195099309,20.525037766,3.013380766,7.765270710,13.324654579,-6.534726620,0.486678541,10.285699844,-1.017575860,4.550987720,1.003494740,2.841789722,12.130530357,4.428350449,0.505813122,-2.444375753,-0.044558052,1.658760309
662,13239.987,1786876825473.042,11613290.977,0.000000000,-25.102968216,1.849922895,-1.937808275,-3.993357420,-1.077238083,-0.078963690,37.947875977,9.673632622,11.280103683,7.964269161,1.103119135,0.061199717,-4.912155628,2.090580225,8.746055603,6.195948124,-6.181535721,2.231970310,9.718366623,-2.304675341,5.000000000,1.868572474,8.938220978,7.850397110,2.655893564,3.431810379,-1.094270706,0.626775682,0.843733668
663,13259.987,1786876825493.042,11613310.977,0.000000000,-6.993435383,14.180293083,-3.612177610,7.519999027,0.376545668,0.129748672,8.709186554,-14.267901421,21.780450821,-8.854872704,-0.919520974,-0.385429263,-18.313871384,-0.049131874,7.223953724,0.313454121,-4.116489410,0.145512849,4.341066837,-0.659362435,3.036895275,0.000931652,12.821597099,4.769176483,1.465008616,7.199122429,-0.834335327,1.749907017,0.498398721
664,13279.987,1786876825513.042,11613330.976,0.000000000,2.168078423,19.632976532,-9.377358437,7.623038292,0.418442607,0.242774457,3.321757555,-18.723833084,15.278881073,-14.612388611,-1.154010415,-0.254164457,-23.781595230,4.029883385,7.168862820,-2.617942095,-3.029080391,-0.374466896,-1.436310053,-0.073086753,0.226266757,-0.429262102,14.164333344,2.450091362,0.237080619,9.426219940,0.249672651,2.625449657,-0.007586453
665,13299.988,1786876825533.042,11613350.977,0.000000000,3.576049089,22.744796753,-13.327662468,4.109194756,0.304494262,0.339060813,-2.516204119,-15.775774956,6.748145580,-5.154188633,-0.495333791,-0.008944845,-19.664535522,0.144001603,8.071246147,-4.545292377,-3.756086826,0.023643050,-4.030931473,0.161405772,-1.223416209,-0.725045145,12.753005981,-0.175501123,-0.844120860,10.465338707,0.577161849,3.344593287,-0.399072647
666,13319.987,1786876825553.041,11613370.976,0.000000000,9.675120354,18.037504196,-11.740454674,4.058511257,0.200884834,0.324315280,-3.922818899,-5.845388412,-0.588868201,0.989792466,0.106577516,0.211654738,-14.509107590,-5.613503933,8.386239052,-5.785790443,-5.549848080,0.255164653,-4.268129826,-0.030769633,-1.583685160,-1.025412917,10.363410950,-2.853431702,-1.548918128,10.127033234,1.122376800,3.686386347,-0.763105154
667,13339.987,1786876825573.041,11613390.976,0.000000000,18.824769974,8.079052925,-4.570601940,5.501280308,0.192637756,0.159991786,-8.883739471,8.431448936,-7.313837528,7.352778435,0.691584349,0.289079338,-16.540861130,-10.422176361,6.769744873,-8.865206718,-6.280105114,0.693412423,-3.261501551,-0.428945839,-1.197302341,-1.251628995,8.655577660,-5.417098045,-1.691344857,8.981538773,0.885359406,3.269711971,-0.812183976
668,13359.991,1786876825593.045,11613410.980,0.000000000,24.698740005,0.059610218,0.740255296,9.702630997,0.540405929,0.164543822,-12.699281693,11.285794258,-7.806915760,1.755707502,0.390819132,0.061225247,-18.319526672,-12.212504387,5.208461761,-11.583395958,-6.711179733,1.326847196,-4.589462757,-0.653958976,-1.600662947,-1.645019531,6.517263412,-6.667608261,-1.865144491,7.323145866,0.816248357,2.917577267,-0.985848904
669,13379.991,1786876825613.045,11613430.980,0.000000000,26.410209656,-4.130243778,3.767363548,9.843130112,0.747352958,0.018940933,-11.134105682,9.248167992,-6.278579235,-4.458636284,0.065020829,-0.276595056,-12.593062401,-11.445930481,3.546482563,-13.452086449,-8.854603767,1.070365548,-5.274172306,-1.088595867,-2.085079670,-1.923566461,4.855650902,-6.038714409,-2.368665695,5.097136021,0.860711277,1.985613704,-0.804918528
670,13399.989,1786876825633.043,11613450.978,0.000000000,24.068592072,-3.290669680,3.618840933,6.711431980,0.604577839,-0.023997227,-8.648224831,9.175122261,-8.483028412,-7.850365639,-0.229282409,-0.242003992,-6.584333897,-10.355875015,3.171677589,-14.119896889,-10.032975197,1.227660298,-5.555210114,-1.395499110,-2.373389244,-1.977829814,2.370035172,-5.028699875,-2.351116419,2.811277866,0.612765789,1.176719189,-0.595685840
671,13419.988,1786876825653.043,11613470.978,0.000000000,16.140357971,-4.600937366,4.319835186,5.536826134,0.342480391,0.023202317,-9.255680084,11.104165077,-8.406696320,-2.349076509,-0.133764550,-0.039555397,-2.093461990,-9.477686882,0.891272724,-14.427543640,-9.870754242,1.369773269,-4.550247669,-1.478105783,-1.965274215,-2.297877550,1.026714087,-3.509909153,-1.381339788,1.083126307,0.245803177,0.575661004,-0.312552959
672,13439.990,1786876825673.044,11613490.979,0.000000000,0.000000000,0.000000000,0.000000000,0.000000000,0.000000000,0.000000000,0.000000000,0.000000000,0.000000000,0.000000000,0.000000000,0.000000000,0.000000000,0.000000000,0.000000000,0.000000000,0.000000000,0.000000000,0.000000000,0.000000000,0.000000000,0.000000000,0.000000000,0.000000000,0.000000000,0.000000000,0.000000000,0.000000000,0.000000000
673,13459.990,1786876825693.044,11613510.979,0.000000000,-73.420806885,39.461563110,-10.980523109,-1.335120678,12.533136368,0.850793302,58.994331360,-7.170406818,-3.537961721,42.779232025,32.816127777,1.103778362,70.188751221,-15.042631149,25.062566757,25.000000000,2.751070738,8.749612808,18.511651993,-1.348107338,5.000000000,2.693636179,-16.758901596,-12.581879616,-0.614285469,10.968686104,0.551108062,3.160668135,-1.206976652
674,13479.989,1786876825713.044,11613530.979,0.000000000,-85.161865234,24.624126434,-9.030529022,-35.159732819,-0.893527150,0.262296855,56.778572083,-31.865531921,40.682304382,-25.431369781,17.775691986,5.118408680,0.408782959,-26.491868973,18.297084808,22.511133194,11.694153786,8.596038818,10.446485519,2.748188734,5.000000000,1.406337380,-11.354497910,-2.979460716,-1.831390142,3.512501240,0.104302198,3.075683117,1.841026068
675,13499.988,1786876825733.042,11613550.977,0.000000000,-49.939407349,4.453359127,-3.062150717,-18.174919128,-3.727944374,0.002203208,37.238220215,-21.636003494,13.180832863,5.660444736,4.145724297,-0.976179779,12.831997871,-20.428895950,12.024945259,17.531944275,11.398785591,7.210947037,7.562972546,0.298511535,5.000000000,2.545839310,-8.777775764,7.246269226,-1.513921261,-6.204341888,0.521587253,-0.225676000,-0.162241191
676,13519.988,1786876825753.042,11613570.977,0.000000000,-8.202092171,-6.265352249,-5.613807201,-3.463724613,-0.195572868,0.366785496,30.752714157,5.976905823,-23.288553238,26.311473846,27.558313370,-2.876837254,21.821714401,-5.820916176,0.065396778,18.635530472,8.442924500,6.626016140,6.440072060,0.391988724,2.962728977,2.024041653,-7.397850037,10.617198944,0.471710235,-8.992478371,1.022906899,-2.654865265,-1.177314401
677,13539.987,1786876825773.042,11613590.977,0.000000000,2.250523329,-18.798015594,8.348329544,1.005909681,0.308348745,-0.143727183,31.955093384,-6.479357719,-17.325675964,26.115509033,15.202103615,1.815924764,12.669695854,-1.686026335,-27.682022095,15.260855675,2.013499260,1.495752454,1.513963223,0.663419962,0.757515311,0.409424543,-4.196207523,8.178233147,0.668954730,-9.228242874,0.207346469,-4.103786469,-1.286226034
678,13559.988,1786876825793.043,11613610.977,0.000000000,6.873924255,-32.954963684,23.864868164,5.108562946,0.266093075,-0.717205703,33.022693634,-7.974808216,-0.722604454,10.221323013,2.246489048,0.195044890,2.993345499,-7.213595867,-46.364913940,7.226942062,-4.592852116,-2.726422071,-5.180064201,0.041054200,-2.083207369,-1.117903709,-2.313055515,1.668367267,-0.795047343,-7.491008282,0.029274264,-3.771474838,-1.315806866
679,13579.987,1786876825813.042,11613630.977,0.000000000,28.115056992,-34.013397217,30.700670242,8.873506546,1.058103919,-0.558874130,-2.397193432,-6.068737507,8.104575157,-5.991628647,5.659754753,0.666358709,-24.712080002,-9.154908180,-45.086017609,-8.191659927,-5.412706375,-4.116240978,-11.324742317,-0.491700321,-4.512879372,-1.642533064,-0.334560484,-6.148043156,-2.020444155,-5.555974960,-0.311875254,-3.301232815,-1.353182912
680,13599.989,1786876825833.043,11613650.978,0.000000000,48.828010559,-50.967052460,30.422197342,18.433610916,3.574326038,-0.153877020,-51.920986176,3.528011322,25.248569489,-69.962570190,28.695941925,5.327495575,-36.113975525,-2.969210863,-32.138481140,-18.285211563,-6.744355679,-6.593636036,-17.340274811,-1.385804057,-5.000000000,-1.699070215,1.475631237,-9.298589706,-2.527013302,-1.917879581,-0.113466956,-2.235143185,-0.735673547
681,13619.990,1786876825853.044,11613670.979,0.000000000,25.865980148,-39.379917145,22.515441895,-6.558229446,-3.659071445,-0.136081442,-47.434841156,8.112397194,43.615859985,-106.584068298,38.159694672,-1.033401370,-36.722099304,5.458068848,-23.654109955,-23.857133865,-7.450120926,-8.193176270,-19.545173645,-1.784820914,-5.000000000,-1.926975131,2.162625790,-8.566523552,-2.093970299,0.890792727,-0.985314131,-0.532842219,-0.082355142
682,13639.989,1786876825873.043,11613690.978,0.000000000,8.623725891,-19.307634354,7.220677853,0.203766793,-2.096541405,-0.214888617,-35.580696106,-25.281383514,69.168617249,-112.683357239,33.840450287,-3.509639025,-24.279296875,-0.289450467,-11.141861916,-24.094734192,-5.812086105,-8.035147667,-19.282764435,-0.987901509,-5.000000000,-1.514331460,0.565703630,-2.557175159,-1.513102412,0.955313563,-1.008608460,0.779462993,0.852874458
683,13659.989,1786876825893.043,11613710.978,0.000000000,-8.570740700,8.942702293,-8.754205704,4.133218288,-1.050959349,-0.120895460,-15.318178177,-48.506614685,72.568183899,-88.533645630,32.686985016,-4.248142719,-26.706176758,3.623051643,-7.760950565,-22.323970795,-4.646799564,-6.048451900,-14.098880768,-1.354585052,-5.000000000,-1.445513368,-1.073648930,-0.400944650,-0.790801167,-0.889875829,-0.746601403,0.588887095,0.628886044
684,13679.989,1786876825913.043,11613730.978,0.000000000,-16.091659546,29.100767136,-16.143114090,2.460606337,0.185139179,0.004117669,-7.360425949,-57.771816254,70.545005798,-61.384567261,20.773019791,-6.861792564,-38.224052429,11.689381599,-9.041312218,-20.201177597,-2.623116016,-4.202933788,-10.339477539,-1.516519070,-5.000000000,-1.158295393,-0.996424973,-2.233794212,-0.292966425,-2.050765276,-0.552437007,-0.539966524,0.177160949
685,13699.989,1786876825933.043,11613750.978,0.000000000,-8.451220512,33.051353455,-12.301708221,6.284302235,0.659534931,-0.115487896,-13.269679070,-61.804290771,72.718475342,-45.354751587,7.450138092,-8.527338982,-45.188846588,15.785355568,-11.013840675,-17.603878021,1.397012711,-1.261465788,-7.665604591,-0.903337955,-5.000000000,-0.747491956,0.732976556,-6.067475319,-1.236895323,-2.193116426,0.362620711,-1.215999365,-0.699875534
686,13719.988,1786876825953.042,11613770.977,0.000000000,2.264522314,37.113857269,-9.576880455,11.082017899,0.303106666,-0.091515489,-7.483236313,-68.129753113,60.516296387,-8.571207047,-0.548552513,-10.047188759,-41.295204163,12.726874352,-17.114068985,-14.026695251,5.710754395,1.556187272,-5.944616318,0.384321332,-5.000000000,-0.017550040,4.126993656,-8.132437706,-2.981965780,-1.376850963,0.627828956,-1.002198458,-1.348378301
687,13739.987,1786876825973.041,11613790.976,0.000000000,10.222875595,40.926666260,-7.733794689,4.434996605,-1.715438724,0.344247967,19.033765793,-51.624622345,26.940187454,27.128524780,0.571291864,-3.474851608,-30.917797089,3.535844326,-28.235786438,-10.571715355,8.300537109,4.463187218,-3.717633486,1.392524838,-5.000000000,0.586496592,6.517066956,-8.968975067,-4.405717850,-0.968486547,0.777114749,-0.369009107,-1.707025766
688,13759.987,1786876825993.041,11613810.976,0.000000000,13.640214920,21.054077148,12.792817116,-20.924835205,-13.169096947,8.695690155,22.530670166,-7.614295483,-5.907816410,12.934530258,1.004242539,0.592152536,-13.511689186,-9.767058372,-35.293022156,-8.131007195,5.043679714,5.991536140,-3.876874685,-1.961228848,-5.000000000,1.102363825,5.540730476,-7.268766880,-4.228830338,-0.588341475,1.102968574,0.137467146,-1.577136517
689,13779.988,1786876826013.043,11613830.977,0.000000000,28.251420975,3.868652344,22.744010925,-61.952575684,-30.229320526,0.593924224,5.270792484,21.017482758,-19.165159225,-6.747784615,-0.507997870,0.622238040,-11.277032852,-8.569985390,-39.180526733,-5.639539719,-2.723887920,5.560498714,-6.732367992,-2.657198906,-5.000000000,0.999584258,4.703116894,-4.947165966,-2.475254059,-0.627600372,0.898697019,0.452080309,-0.755051374
690,13799.987,1786876826033.041,11613850.976,0.000000000,14.212763786,-13.699794769,20.342309952,-65.308715820,-27.297807693,0.280435979,5.702414513,30.831750870,-18.022853851,-1.105491757,-0.467174828,0.436483175,-16.642755508,0.735401332,-35.700592041,-7.494810581,-7.778358936,2.650994062,-10.791593552,-1.848062515,-5.000000000,0.592617273,3.614265442,-4.828257084,-2.506299734,-0.992286921,0.054672532,0.177244172,-0.465364635
691,13819.987,1786876826053.041,11613870.976,0.000000000,12.060268402,-19.519752502,12.908616066,-47.055984497,-18.181392670,-6.462991714,-1.062881708,24.028503418,-10.347339630,1.412602782,-0.342557162,0.234513000,-10.764532089,10.029012680,-29.344291687,-8.768124580,-10.231218338,-0.856764913,-11.897325516,-0.947686017,-5.000000000,0.099720336,0.290729642,-3.713597775,-2.664288282,-1.773226738,-0.225497454,-0.269873828,-0.416548431
692,13839.987,1786876826073.042,11613890.976,0.000000000,15.280610085,-10.743388176,3.844744444,-23.338836670,-11.747323036,-4.512207985,-8.538873672,8.104925156,-2.450088263,-5.478554249,-0.842866361,-0.116430901,-0.074734144,14.428116798,-22.522232056,-8.373215675,-10.827287674,1.399176240,-9.993439674,-2.539173365,-5.000000000,0.809549570,-3.623843908,-0.613329828,-2.049295902,-2.734941483,-0.170572862,-0.680869460,-0.473768413
693,13859.989,1786876826093.044,11613910.979,0.000000000,13.242766380,-0.045113146,-4.567976952,-10.085207939,-6.785248756,-3.775856018,-7.598150730,-6.064914227,2.396426678,-4.247243881,-0.810473442,-0.289596975,4.259680748,13.700449944,-14.712801933,-8.399360657,-7.787795067,3.457481861,-7.530426502,-1.601222992,-5.000000000,1.274758697,-6.126613617,3.341362238,0.019789731,-3.807393789,0.211578816,-1.242897630,-0.491572857
694,13879.988,1786876826113.042,11613930.977,0.000000000,3.596740723,6.735610485,-9.784217834,-6.372669220,-3.939867973,-1.729014397,-1.379195213,-12.901186943,7.727906227,-3.143359661,-0.777041078,-0.105446830,4.862220287,10.427531242,-7.973947525,-8.161807060,-3.174409866,4.806801319,-6.178413868,-1.030662656,-5.000000000,1.711788416,-5.989785194,5.985930443,2.726379395,-4.090295792,0.119931050,-1.897045135,-0.439963847
695,13899.991,1786876826133.046,11613950.981,0.000000000,-3.033204556,8.311585426,-12.317149162,-5.227638721,-2.515727282,-0.288740933,0.661208451,-13.844793320,11.310500145,-1.962878108,-1.168358207,0.060770843,2.626497030,6.557006836,-1.333363056,-8.983066559,0.581632555,6.158018589,-6.021969795,-0.810129762,-3.822623730,2.033646822,-4.132235050,6.684864521,4.816687107,-3.823659182,-0.325687319,-2.387869596,-0.067607373
696,13919.990,1786876826153.044,11613970.979,0.000000000,-3.360000849,3.366167784,-9.612275124,-6.530889034,-2.153199196,0.339787245,-8.009749413,-7.644181728,4.512404442,-8.141017914,-1.585587621,0.231873423,4.419573307,1.278970838,6.512553215,-9.006058693,2.709800243,6.270359516,-4.456989765,-0.933453619,-2.582419634,2.344798326,-3.568275928,5.123635292,5.389352798,-3.229777098,-0.125433937,-2.554234505,0.263145924
697,13939.989,1786876826173.043,11613990.978,0.000000000,-3.444191217,-1.694894075,-0.077482030,-3.566051483,0.117645636,0.402661800,-5.031520367,-9.137916565,-10.855184555,-79.487541199,-14.802486420,2.217268467,12.029067993,-3.822478294,7.673485756,-7.400009632,2.335761070,5.387907505,-4.232332230,-1.013014674,-1.875705004,2.577963829,-3.603251934,3.438626766,4.833924770,-2.339950562,-0.545875967,-2.004642487,0.505166769
698,13959.992,1786876826193.047,11614010.982,0.000000000,-2.889498472,-11.406346321,7.915379524,-9.224427223,-4.205459595,1.561810613,-11.702676773,-7.899335861,-3.214825630,-110.419021606,-19.736024857,2.444550991,18.768138885,-12.792094231,1.580724597,-5.731528282,3.198420763,4.756503582,-6.187127590,-0.056310132,-2.018209934,1.985831261,-4.056707382,3.792935848,5.478330612,-1.588928342,-0.437490106,-1.410448074,0.973472416
699,13979.989,1786876826213.044,11614030.978,0.000000000,-3.637624502,-12.529680252,12.933972359,-13.967192650,-5.688411713,1.870898724,-10.521387100,-4.710436344,6.242500305,-121.082008362,-23.064397812,1.434376836,15.825571060,-17.355136871,-3.633453608,-6.052971363,1.105877042,4.052536488,-6.544133663,-0.107056096,-2.479393721,1.863341570,-6.419994354,3.444077015,4.876436234,-3.726183414,-0.159952074,-1.321821928,0.959113777
700,13999.988,1786876826233.042,11614050.977,0.000000000,-4.042759418,-10.625082016,13.719754219,-8.308614731,-3.917437553,1.183345199,-2.162774086,-2.654212475,10.670601845,-111.621589661,-19.967645645,1.120939493,9.221012115,-13.924440384,-9.265151978,-6.147096157,-0.457064688,1.620470405,-6.524273396,0.375348747,-2.481409311,0.931868553,-8.394474983,2.024040937,2.462489843,-5.815394402,0.072001010,-1.699084520,0.400810957
701,14019.989,1786876826253.043,11614070.978,0.000000000,-0.884514391,-10.935546875,14.751909256,-2.823020220,-2.672665834,0.944394529,1.575233459,-2.830036163,14.100742340,-93.199188232,-17.042268753,0.322051018,3.866935253,-6.922805786,-13.634521484,-4.855844975,-1.749794722,-0.454149395,-6.415177345,0.432483315,-2.428748131,0.122279085,-9.407226562,0.443281412,-0.310002685,-6.988453865,0.144654259,-1.915195823,-0.412910879
702,14039.988,1786876826273.042,11614090.977,0.000000000,0.841498077,-11.809588432,16.107093811,-0.055043533,-1.937216163,0.435105473,3.567954302,-2.593688726,14.504673958,-76.585815430,-13.535193443,-0.526260257,2.730530739,-1.817086458,-14.788169861,-1.740252376,-2.565807819,-2.013429642,-5.146613598,0.134671956,-2.113540173,-0.333053946,-9.962096214,-1.026020050,-2.195031404,-7.227540016,0.303818405,-1.845784664,-0.948694706
703,14059.987,1786876826293.042,11614110.977,0.000000000,4.395523071,-12.518478394,16.763599396,2.130908489,-1.803936005,0.135986313,1.598370433,-1.482617259,11.487761497,-66.343826294,-11.829949379,-0.841316521,3.084569693,1.419743538,-14.250238419,1.263424277,-2.549964666,-2.728659391,-3.426282406,0.141058996,-1.508253336,-0.527193546,-9.751466751,-2.079087973,-3.646805048,-6.752504826,0.594042778,-1.400407791,-1.320729733
704,14079.987,1786876826313.042,11614130.976,0.000000000,6.997019768,-12.967247963,16.811641693,3.758797646,-1.438544512,0.160849854,-1.156414270,-1.278661728,8.733402252,-59.879695892,-10.941109657,-1.177754045,3.543800116,3.690495968,-12.644165039,3.482486725,-1.817212224,-2.549154997,-1.805870891,0.118541852,-0.838422537,-0.513604045,-8.817993164,-2.163318157,-4.251919270,-5.723720551,0.797286093,-0.872180998,-1.477202535
705,14099.987,1786876826333.041,11614150.976,0.000000000,9.795500755,-12.637268066,16.377033234,4.091579437,-1.343089581,0.328711927,-4.863283634,-1.279561162,3.895000219,-57.590991974,-10.604796410,-1.224834681,4.744900227,4.340085030,-10.641450882,4.714337349,-0.686561465,-1.841668367,-0.492005974,-0.061419599,-0.299781710,-0.219849631,-7.510374546,-1.653830171,-3.954395533,-4.754504681,0.793067873,-0.532201052,-1.422292948
706,14119.989,1786876826353.043,11614170.978,0.000000000,11.465882301,-12.008296013,14.668337822,5.858051300,-0.906257808,0.463750154,-9.887386322,-1.677224040,2.714348555,-61.500167847,-11.574253082,-1.801004767,4.586503983,2.786673546,-7.558943272,4.252447605,0.989421368,-0.942748427,-0.078677937,-0.103276886,-0.147930875,0.052214198,-6.434700966,-1.201414108,-3.376896858,-3.795609236,0.785989046,-0.326202720,-1.221639752
707,14139.990,1786876826373.044,11614190.979,0.000000000,12.083071709,-11.753133774,12.544800758,8.085691452,-0.474985629,0.340180010,-12.727993011,-2.513399124,1.867811799,-68.311996460,-12.969179153,-1.822029948,4.709008217,-0.001475711,-6.072816372,3.609109402,1.948563218,0.153786123,-0.024528798,-0.191518560,-0.118538767,0.292335480,-5.341554165,-0.560087562,-2.623693228,-3.044079781,0.509517252,-0.214348540,-0.912762702
708,14159.988,1786876826393.042,11614210.977,0.000000000,12.727807045,-11.156294823,11.135208130,8.414199829,-0.354466319,-0.988599122,-14.155707359,-2.342139244,0.241981655,-73.699569702,-14.108763695,-1.767434239,5.227636337,-2.910975933,-5.087262154,2.865024567,3.079631329,1.015412331,0.023176778,-0.152986154,-0.134051993,0.502044380,-4.614752293,-0.589789271,-1.960110784,-2.672324657,0.245666325,-0.117556572,-0.650219560
709,14179.989,1786876826413.043,11614230.978,0.000000000,13.678896904,-10.524355888,10.679110527,10.536487579,-0.225293800,-1.383579016,-15.308873177,-1.974337459,-1.104925752,-77.119026184,-14.603878975,-1.791017056,5.025849819,-5.229560852,-4.515822411,2.095135450,3.819955587,1.598473072,-0.059462305,-0.274985880,-0.209448472,0.625198066,-3.898837090,-0.727733672,-1.577645659,-2.582003593,0.122768573,-0.094641559,-0.454953939
710,14199.987,1786876826433.041,11614250.976,0.000000000,14.796341896,-10.748069763,11.539763451,10.696961403,0.016608626,-1.615869761,-15.977619171,-1.123076081,-2.891278267,-77.516265869,-14.648076057,-1.646839380,4.231493950,-6.030053616,-4.930313587,1.411184788,3.945133924,1.907424331,-0.271653324,-0.208795562,-0.272340029,0.684616506,-3.454124928,-0.821770728,-1.421020508,-2.608491898,0.086854145,-0.239886925,-0.349701941
711,14219.988,1786876826453.042,11614270.977,0.000000000,15.214124680,-11.016867638,13.712234497,8.845202446,-0.292149127,-2.246475935,-15.798614502,0.971459866,-5.754987717,-73.539230347,-13.926594734,-1.303003669,3.615696192,-5.406987190,-5.757318020,1.253679156,3.655055046,1.917292476,-0.260935009,-0.161014155,-0.317647487,0.682196021,-3.397398710,-0.864059329,-1.492515564,-2.800253391,0.089808859,-0.414877176,-0.333872437
712,14239.988,1786876826473.042,11614290.977,0.000000000,15.024658203,-12.059749603,16.599323273,5.640678883,-1.245486379,-3.042514086,-13.500975609,4.534660339,-9.321269035,-63.828060150,-12.193032265,-0.739162207,3.100262403,-3.114425182,-7.381584644,1.197604895,2.996984959,1.619822860,-0.498490125,-0.059762497,-0.348936319,0.629469335,-3.483860016,-0.853540480,-1.592193365,-3.007325172,0.139098346,-0.514007866,-0.356881261
713,14259.988,1786876826493.043,11614310.978,0.000000000,12.552266121,-12.850016594,20.348791122,-2.699151516,-3.399685383,-4.389468670,-5.885047913,10.171517372,-13.879947662,-40.555042267,-8.405493736,0.172755048,2.797109365,0.970560730,-10.107217789,1.351021647,2.027855396,1.031150699,-0.658938348,0.031619985,-0.299886018,0.493194789,-3.530395508,-0.851408601,-1.733009934,-3.250521660,0.207175106,-0.553073406,-0.411973149
714,14279.987,1786876826513.042,11614330.977,0.000000000,-0.516627312,-11.440556526,21.133716583,-20.939266205,-7.883047581,-6.859238148,20.395404816,17.952331543,-15.125973701,14.026266098,1.038874626,-0.189503103,3.628822088,8.824668884,-15.286998749,2.246118784,0.008225638,0.100027628,-0.201728940,0.074009024,-0.229928538,0.282027572,-3.481141806,-0.970718265,-1.646337867,-3.206678152,0.387759447,-0.600555420,-0.592665017
715,14299.988,1786876826533.042,11614350.977,0.000000000,-10.737333298,-5.479377747,13.493926048,-32.735969543,-10.677677155,-6.879692554,30.606389999,7.913203716,-1.397532821,18.384780884,1.153321862,-0.134641975,7.167097092,14.536368370,-17.399789810,3.750957966,-1.492087841,-0.439593852,0.650722384,0.056788046,-0.015027385,0.124937475,-3.646292210,-1.300888300,-1.582076669,-2.786143064,0.550748229,-0.584664941,-0.611354351
716,14319.987,1786876826553.041,11614370.976,0.000000000,4.038980007,-7.342698574,7.214740276,-22.955204010,-9.570640564,-5.643531322,2.951346397,-2.493405104,4.661208153,-15.146035194,-0.856838882,-0.191432238,7.119857311,12.027586937,-12.624526978,4.260085106,-0.512281835,-0.081374153,0.386824489,0.018149704,-0.028411563,0.226815253,-3.986069441,-1.232375145,-1.283905149,-2.474458694,0.595424294,-0.512003899,-0.517756224
717,14339.987,1786876826573.041,11614390.976,0.000000000,18.561899185,-3.543538332,0.088501915,6.895640850,-2.076767921,-1.853899002,-16.858703613,-7.030961037,5.880098343,-16.478998184,-0.867830753,-0.183546588,-1.875257373,6.971184254,-3.950276613,1.352997184,0.822271466,-0.190173686,-0.533750117,-0.168262571,-0.241067469,0.086267158,-3.226409912,-0.650503337,-1.518040180,-2.128840685,0.701967001,-0.385914356,-0.517674685
718,14359.989,1786876826593.043,11614410.978,0.000000000,29.506050110,0.147482678,-7.552434921,20.349899292,1.781319976,0.515814900,-39.954246521,-9.386623383,4.890437126,-31.769542694,-3.111799955,-0.144505739,-12.426074028,3.327215672,7.111196995,-2.839162111,2.079624891,-0.388710707,-1.140435100,0.634791732,0.420466721,0.036743801,-2.071444273,-1.070071459,-1.814456105,-1.147977829,0.815087438,-0.084396534,-0.480865687
719,14379.989,1786876826613.043,11614430.978,0.000000000,25.185276031,4.348190784,-10.376070976,15.811614990,2.043102503,1.243865013,-36.439094543,-4.085152626,8.028508186,-102.275039673,-22.285068512,-2.528966904,-11.789768219,0.454065800,7.384850502,-4.097002029,2.958546162,-0.064620279,0.761322975,0.656549275,1.586619973,-0.191943541,-0.153385222,-1.441999912,-1.492491961,-0.594149947,0.343815953,0.011192986,-0.351959407
720,14399.989,1786876826633.043,11614450.978,0.000000000,24.145719528,-0.547333956,-10.809487343,13.997349739,0.727580786,0.849331737,-38.167388916,-5.327552795,19.936780930,-129.967407227,-25.036182404,-2.961381674,-4.338522911,-11.862289429,2.775366306,-2.952453613,4.577024460,1.838750124,1.642511129,0.161856309,1.353600979,0.364744991,0.312493652,-0.838893652,-0.717079937,-1.183163643,0.091782004,-0.099977516,-0.211611137
721,14419.988,1786876826653.042,11614470.977,0.000000000,25.049234390,2.200373173,-11.397401810,23.571004868,2.520178318,0.822591901,-34.833465576,-14.531720161,28.091567993,-139.000000000,-27.235263824,-3.599377871,1.531776071,-23.123907089,-1.217055082,-2.623927116,4.807665348,2.998799801,1.532368302,-0.277011573,1.244555235,0.802020609,-1.476817966,-1.004243135,-0.527469814,-3.016963959,0.027987272,-0.521426320,-0.191295773
722,14439.987,1786876826673.042,11614490.977,0.000000000,19.453111649,4.900375843,-10.921493530,20.902908325,2.534938574,1.012748837,-27.804891586,-17.069103241,26.217729568,-139.000000000,-25.593334198,-3.986092329,1.012631178,-23.955305099,-3.715380907,-2.507615566,4.582517624,2.654225588,1.787239313,-0.447335511,1.377489090,0.729512334,-3.827523947,-1.780055523,-1.437062383,-4.350094795,0.088925965,-0.770259202,-0.334923178
723,14459.989,1786876826693.043,11614510.978,0.000000000,20.478261948,4.189750671,-5.930178642,23.049232483,2.552371979,0.341311693,-27.688264847,-18.413024902,19.532238007,-130.935241699,-23.913877487,-4.612593174,-2.021984816,-15.882379532,-4.546098232,-2.358443499,4.204174995,2.070207596,-0.173293546,-0.322705775,0.361289024,0.617266297,-4.668990135,-2.163350821,-2.954311848,-5.039712906,0.211639330,-0.901804209,-0.648565769
724,14479.989,1786876826713.044,11614530.979,0.000000000,21.176713943,2.346757174,-1.134685636,14.041553497,0.465175599,-0.082833804,-29.665180206,-17.483329773,16.201652527,-116.865509033,-22.441780090,-5.395502090,-2.572001696,-7.606131554,-6.062318325,-2.748027563,3.826026678,1.922075033,-2.852382898,-0.073183842,-0.670976222,0.533185899,-5.110426426,-2.363192081,-3.741595984,-4.713115215,0.651836812,-0.742015541,-0.889606893
725,14499.991,1786876826733.045,11614550.980,0.000000000,24.095607758,3.431898355,-4.074438572,6.372946262,-0.014582685,-0.152697384,-28.581399918,-12.342092514,7.924347878,-76.057182312,-15.311307907,-3.368799686,-0.951900542,2.292256594,-6.739009857,-3.042151928,2.775712013,1.735826135,-4.406931877,0.488461375,-1.470929861,0.373258382,-5.735358715,-2.416789055,-3.594509363,-3.688247442,0.904713035,-0.393820107,-0.947822213
726,14519.990,1786876826753.044,11614570.979,0.000000000,19.804164886,4.226251125,1.870182157,-8.063925743,-3.584434509,-1.191254854,-1.174202800,0.079115272,-7.002775669,12.372076035,-0.079756767,0.305078954,4.139162064,13.395071030,-14.167575836,-1.192876101,-0.011512293,0.290641367,-4.270180702,0.310899347,-1.817259908,0.094806537,-5.786755085,-2.115330219,-2.523041248,-2.789474010,1.084104896,-0.487799823,-0.900410295
727,14539.990,1786876826773.044,11614590.979,0.000000000,-23.071269989,1.722972393,27.906343460,-109.541168213,-26.441898346,-5.401422024,41.920524597,11.949242592,-9.676665306,23.948017120,1.760269046,0.127585888,6.229846954,25.808870316,-24.420482635,2.818446159,-4.412407398,-1.644247532,-2.546025753,0.062793843,-1.396442652,-0.111986898,-4.955435753,-1.172886729,-1.429906487,-4.196811199,0.912482619,-0.651477933,-1.128860354
728,14559.989,1786876826793.044,11614610.978,0.000000000,-29.249240875,-8.448926926,35.155273438,-111.192466736,-28.120666504,-7.824440956,33.285583496,13.067766190,-2.374047041,-0.953845561,0.005897888,-0.122040100,-3.264044523,27.690801620,-20.927879333,3.596440315,-4.226669312,-1.709975243,-1.545367360,0.299938083,-0.996563852,-0.228870079,-3.808955193,-0.779349566,-1.406262159,-4.499696255,0.721244216,-0.777790546,-1.162316918
729,14579.988,1786876826813.042,11614630.977,0.000000000,-12.234511375,-14.877180099,34.617927551,-80.550621033,-22.592327118,-12.476568222,7.875921726,13.313913345,-0.703547955,-8.549051285,-0.212154880,-0.264687687,-5.512193680,28.436973572,-13.983823776,2.342710257,-2.463238955,-1.786389470,-2.078841448,0.185918421,-0.892617285,-0.210358471,-4.366708279,-2.177978754,-2.455374956,-3.799838066,0.771240294,-0.713842690,-1.076205492
730,14599.988,1786876826833.043,11614650.978,0.000000000,8.325472832,-13.247068405,21.997589111,-28.955181122,-10.425076485,-7.639268398,-15.726696014,5.266476631,0.114165768,-16.414312363,-0.924825549,-0.273013145,-5.792142391,24.318773270,-6.651568890,1.037812948,0.099506237,-1.007831931,-1.893325448,-0.088056214,-0.982316077,-0.047526103,-5.079526901,-3.239224434,-3.386089325,-2.087650776,0.830385983,-0.293813407,-1.089815259
731,14619.991,1786876826853.045,11614670.980,0.000000000,27.965578079,-4.000222683,4.176548481,0.765371919,-3.525895596,-3.052006006,-33.297294617,-0.065145977,-3.607551336,-9.963810921,-5.068806648,-0.111892380,-9.625294685,19.089626312,-1.522812009,-1.318098903,2.111875772,-0.042941004,-1.729561567,0.043214269,-1.038479328,0.100347489,-3.726342678,-2.909014702,-3.396021843,-0.584449232,0.944322765,0.252392292,-0.763290465
732,14639.990,1786876826873.044,11614690.979,0.000000000,35.342044830,3.994451046,-10.729794502,17.594255447,1.455449700,0.469347030,-44.135375977,-12.255374908,5.115616322,-27.786680222,-15.972097397,-0.344124883,-12.765091896,12.094327927,3.122926235,-3.671978712,3.538252115,1.058797717,-1.926216483,-0.006739093,-1.149336100,0.148015916,-1.222073197,-2.052482128,-2.658787251,0.417413473,0.641826928,0.586089909,-0.528350353
733,14659.990,1786876826893.044,11614710.979,0.000000000,19.714197159,9.442243576,-14.107192039,10.544151306,2.354943514,1.200966597,-26.708196640,-12.182403564,21.886285782,-113.930168152,-20.595148087,-1.833521366,-4.845413685,-0.563348830,-1.968084931,-2.786195755,4.661054611,2.289996147,-1.245987177,-0.138046116,-0.991767228,0.452752799,1.094082355,-1.347861886,-1.386302352,0.369881123,0.052708413,0.432826370,-0.304353774
734,14679.989,1786876826913.043,11614730.978,0.000000000,13.421249390,4.603250027,-14.599639893,15.320924759,2.998213530,1.497100234,-9.575421333,-17.382310867,38.271476746,-137.602539062,-24.736587524,-0.761806786,7.162425518,-21.933572769,-13.103824615,-1.574316025,5.703092575,3.952078819,0.045646187,-0.670504391,-0.604285240,0.858168185,-0.120988078,-1.571668863,-0.759711981,-0.855838835,-0.187314197,0.137617141,0.003520034
735,14699.989,1786876826933.043,11614750.978,0.000000000,3.861609459,6.057412148,-11.093995094,12.658823967,1.173804760,0.438737512,3.633703947,-17.137950897,41.297912598,-139.000000000,-26.593280792,-1.115177989,8.598143578,-31.002407074,-16.196943283,-1.804693460,6.182868958,3.880841732,-0.000538682,-0.629987121,-0.412393123,1.023347020,-3.510030985,-2.263286591,-0.630962849,-3.498638630,-0.166950360,-0.486947536,0.027943240
736,14719.991,1786876826953.045,11614770.980,0.000000000,0.903815627,2.872354269,-5.980255604,8.188746452,0.356487632,0.259227037,1.055355310,-12.632404327,32.219608307,-129.532226562,-23.859800339,-1.106054664,2.889662981,-24.116882324,-13.175065994,-2.865757942,5.729637146,2.847928047,-0.516774118,-0.229140028,-0.475887418,0.991204143,-6.648135185,-3.779223204,-2.676371813,-5.027974606,0.032033402,-1.048620462,-0.251480073
737,14739.989,1786876826973.043,11614790.978,0.000000000,12.015933037,1.991811275,-4.860295296,23.566535950,3.410185099,0.570782363,-16.053791046,-11.428194046,25.560554504,-114.771575928,-21.191061020,-1.904795408,-0.245971605,-14.286379814,-7.019836903,-4.981884003,4.162894249,1.848424315,-2.643745184,-0.004805569,-0.858207762,0.604511976,-8.545954704,-3.991385937,-4.410692692,-5.349945545,0.522342026,-0.891678274,-0.958222628
738,14759.989,1786876826993.043,11614810.978,0.000000000,17.976490021,5.468550205,-4.715613365,15.312109947,1.124460936,-0.015898162,-27.908254623,-17.876859665,19.248378754,-94.110229492,-18.045909882,-2.070962906,-1.282179117,-8.495347977,-3.641996861,-6.232885361,1.222938657,0.931072593,-4.153307915,0.166805640,-1.349747419,0.207100362,-8.651379585,-3.379034519,-5.008787632,-4.485619545,0.863441825,-0.631485105,-1.271421432
739,14779.991,1786876827013.045,11614830.980,0.000000000,15.633032799,6.825764656,-6.242005825,-7.459665775,-0.542078435,0.078542106,-21.990581512,-4.618180275,-2.478903770,-23.325101852,-5.991147518,1.290001988,-1.311437964,7.099909306,-3.007855177,-4.446247578,-1.914431572,-0.765148818,-4.317286968,0.514252007,-1.316414356,-0.341979712,-7.627641201,-3.378925085,-4.095726490,-2.846987009,1.199270606,-0.483423203,-1.162382841
740,14799.990,1786876827033.044,11614850.979,0.000000000,-8.538990021,3.277245998,14.146539688,-24.407749176,-6.820100307,-3.137117624,34.573959351,20.175271988,-13.371152878,59.592102051,3.209812403,0.210764125,7.805534840,19.048448563,-16.084835052,0.194508806,-5.072993279,-2.625460386,-2.745959044,0.404715329,-0.932119429,-0.765083253,-5.821866989,-2.727400780,-2.731030226,-1.782722354,0.738598883,-0.373215824,-1.009319305
741,14819.992,1786876827053.046,11614870.981,0.000000000,-29.900264740,-5.965630054,51.696002960,-133.517257690,-33.690410614,-7.404035568,33.783054352,8.106007576,-10.968570709,-24.946493149,-1.775406003,0.221962363,4.680739880,20.667259216,-20.871574402,3.880651951,-7.746259689,-3.292357206,-1.800585866,0.007144681,-0.575691879,-0.678368747,-3.693310976,0.211569637,-0.506438196,-4.278761387,0.717462122,-0.531452715,-1.127687573
742,14839.991,1786876827073.045,11614890.980,0.000000000,-30.458196640,-20.553255081,52.177303314,-122.342750549,-31.343330383,-15.875111580,30.378417969,18.465534210,-4.344998360,-21.737335205,-1.617007852,-0.059501741,-6.297916889,24.461977005,-23.108943939,3.533596039,-8.261258125,-3.645486832,-1.750309110,0.204163685,-0.521461725,-0.824848950,-2.953088045,-0.770750225,-1.203537226,-5.260962963,0.433975488,-1.041404843,-1.558536530
743,14859.990,1786876827093.044,11614910.979,0.000000000,-5.658360958,-23.750843048,35.506099701,-34.865997314,-12.758516312,-11.635676384,1.753184319,12.729748726,3.097231865,-15.011414528,-0.512457073,-0.360268474,-6.702069283,24.514968872,-13.854117393,1.681954741,-4.829492092,-2.842771292,-1.029679298,-0.133359864,-0.414438099,-0.423735619,-4.850190163,-3.283234358,-3.519232035,-3.071442604,0.627557635,-1.042505741,-1.491795063
744,14879.989,1786876827113.044,11614930.979,0.000000000,28.164325714,-7.535179615,-15.139053345,43.737777710,7.319202423,1.784127355,-30.694007874,-14.372636795,15.866916656,-10.869230270,0.443435133,-0.714186966,4.183097363,7.314292431,2.755368233,1.161584020,0.277212828,-0.841473341,2.550654888,-1.259761453,0.269051820,-0.018332753,-6.317776680,-3.539999962,-4.802408695,0.364162356,0.837482691,0.117217995,-0.820416749
745,14899.989,1786876827133.044,11614950.979,0.000000000,29.707065582,21.711790085,-34.082859039,23.572158813,0.705895543,1.290742993,-45.404331207,-25.986484528,-8.780560493,-14.371312141,-2.873417854,0.920588911,1.766215205,-7.547017574,19.694431305,-2.675193310,6.917811394,1.640026808,2.668009043,-0.846100748,0.699297965,0.263486475,-6.715824127,-2.718684196,-3.992140770,1.734398127,1.555871844,0.886136293,-0.343557149
746,14919.989,1786876827153.043,11614970.978,0.000000000,7.237953663,16.312746048,-15.284053802,1.053848624,-2.490643024,0.436229974,-41.147575378,-14.373039246,-0.583655059,-31.149742126,-3.181572437,0.352664828,-23.848958969,2.707705498,25.002912521,-4.546732903,9.348600388,3.020002127,3.024311781,0.082383022,0.737428963,0.884555697,-1.501430392,-3.920592785,-3.167917967,2.577319622,0.444920748,0.980510056,-0.378856093
747,14939.990,1786876827173.044,11614990.979,0.000000000,-8.655501366,12.568356514,1.667671084,-10.680846214,-0.587038219,0.015871875,-28.090515137,-0.245474979,20.719894409,-139.000000000,-17.174688339,-0.078484975,-13.523264885,10.927865982,15.097908020,-2.102991343,10.144776344,3.796156883,3.335913420,0.249648243,0.451638460,1.319580197,2.210942507,-4.911421299,-1.803400636,1.063494444,-0.404093504,0.484031320,-0.340151548
748,14959.989,1786876827193.043,11615010.978,0.000000000,2.093016624,-12.079830170,-0.562485456,12.034075737,2.018214941,1.364996791,-17.475511551,-4.837873459,44.094303131,-139.000000000,-26.872354507,-0.866424918,8.542685509,0.818809867,-0.024807030,1.443425417,9.567537308,3.570582867,-1.906932354,-0.470804244,-0.502345145,1.201189280,3.055877209,-2.713966131,0.345312834,1.585507154,0.077644624,0.180843651,0.316082001
749,14979.991,1786876827213.045,11615030.980,0.000000000,1.249583602,1.028711200,-10.064757347,32.158279419,5.303433895,1.616485357,13.107535362,-17.333921432,57.323322296,-139.000000000,-27.797473907,-3.990481853,31.870876312,-24.792095184,-11.886959076,1.129321337,6.656782627,2.853970289,-3.856976032,-0.740761042,-1.414527416,1.033180356,-2.287931681,-1.916111231,0.990540087,-1.056748748,0.279305935,0.072895817,0.826033711
750,14999.989,1786876827233.043,11615050.978,0.000000000,-7.972578526,0.366296768,-13.326181412,-0.219116181,0.373735130,0.375287682,27.802637100,-11.775251389,38.993698120,-128.648162842,-25.452432632,-5.990766048,28.491979599,-35.954391479,-17.244983673,0.671210647,2.367902279,1.364801407,-0.646550357,-0.317824721,-0.909866869,0.763851225,-8.852750778,-3.374210119,-0.452678561,-2.903752804,-0.089739069,-0.140720710,0.555217445
751,15019.990,1786876827253.044,11615070.979,0.000000000,-7.143789768,2.814402819,-5.306345940,-4.356961727,-0.767526507,0.204260528,17.459060669,-8.572195053,14.145059586,-102.576904297,-21.542736053,-5.050989151,13.027938843,-28.703210831,-10.123810768,1.615305424,-2.236636639,-0.467001826,1.628858447,-0.331146419,0.597345769,0.351381510,-9.985488892,-6.796319008,-4.538934708,-3.885382652,0.501414299,-0.566905260,-0.316873223
752,15039.988,1786876827273.042,11615090.977,0.000000000,5.420766830,-1.472145319,-7.951351166,4.138180256,0.533223510,0.331920952,0.720876157,0.690306425,-11.812745094,-7.439561367,-3.072295189,-1.439303756,15.937693596,-19.798471451,-0.061305046,6.262959003,-6.883605957,-1.862129092,1.557880402,-0.325631350,1.413127065,-0.369517386,-11.062830925,-9.572211266,-7.534430504,-2.930590153,0.958725274,-0.526644945,-1.147874594
753,15059.988,1786876827293.042,11615110.977,0.000000000,5.164439678,-3.421525002,4.543419838,-5.124610901,0.255144686,-0.112786904,16.437479019,35.655128479,-35.254199982,62.184520721,3.735791683,0.577506721,13.655317307,-22.243497849,-10.021039009,7.987290859,-7.710826397,-0.573780715,12.652130127,-0.793554723,4.622292042,-5.000000000,-9.332273483,-8.129268646,-7.822692394,-0.764997900,1.076390505,0.469890356,-1.861494303
754,15079.988,1786876827313.042,11615130.977,0.000000000,1.754618883,-5.878679276,14.645198822,-3.590737581,-1.556372881,-1.177632093,23.082994461,26.521791458,-19.001865387,14.062812805,0.590769291,0.584789813,-1.496174812,-34.223007202,-5.670336246,7.361965656,-1.688124180,1.960299015,19.065921783,-3.117291927,5.000000000,-4.850599289,-7.036197186,-6.949368477,-7.851250648,-0.602010787,0.982962132,0.774116099,-2.600939274
755,15099.989,1786876827333.043,11615150.978,0.000000000,-6.928494453,-4.248085499,8.319848061,1.883313894,-1.354602814,-0.752162039,15.811585426,4.479136944,14.840603828,-33.516548157,-2.415241003,-0.073908433,-17.117357254,-27.843843460,8.048387527,6.714016438,2.871674061,3.324398994,21.016313553,-4.517354488,5.000000000,-1.328964710,-3.515552044,-7.844820023,-7.282971382,-1.379845738,1.399924874,0.297142029,-2.715058327
756,15119.993,1786876827353.047,11615170.983,0.000000000,-22.776992798,8.207248688,-8.814522743,2.717128038,-0.715913951,0.509816527,3.704743862,-21.047979355,38.363864899,-66.194244385,-4.402384758,-1.636084914,-22.612541199,-4.734014511,22.041063309,5.302909851,6.324905396,3.437118292,19.243976593,-3.748796701,5.000000000,2.136245251,-1.570178032,-10.397772789,-7.149523735,-0.587582946,1.562936187,-0.082429685,-2.328470945
