2026-08-14 22:53:28.778 | WARNING  | gear_sonic.utils.config_utils:register_rl_resolvers:20 - Warning: Some resolvers already registered: resolver 'eval' is already registered
/srv/sonic/GR00T-WholeBodyControl/gear_sonic/eval_agent_trl.py:61: UserWarning: 
The version_base parameter is not specified.
Please specify a compatability version level, or None.
Will assume defaults for version 1.1
  @hydra.main(config_path="config", config_name="base_eval")
/srv/sonic/env_isaaclab/lib/python3.11/site-packages/hydra/_internal/hydra.py:119: UserWarning: Future Hydra versions will no longer change working directory at job runtime by default.
See https://hydra.cc/docs/1.2/upgrades/1.1_to_1.2/changes_to_job_working_dir/ for more information.
  ret = run_job(
[32m2026-08-14 22:53:29.020[0m | [1mINFO    [0m | [36m__main__[0m:[36mmain[0m:[36m90[0m - [1mLoading training config file from /srv/sonic/ultimate-bots-G1/exports/v3/robust/evaluations/realready_final_step_000100/contexts/hardware_nominal/config.yaml[0m
Setting seed: 0
[WARN][AppLauncher]: There are no arguments attached to the ArgumentParser object. If you have your own arguments, please load your own arguments before calling the `AppLauncher.add_app_launcher_args` method. This allows the method to check the validity of the arguments and perform checks for argument names.
[INFO][AppLauncher]: Using device: cuda
[INFO][AppLauncher]: Loading experience file: /srv/sonic/env_isaaclab/lib/python3.11/site-packages/isaaclab/apps/isaaclab.python.headless.kit
[2026-08-14 22:53:29,760][asyncio][DEBUG] - Using selector: EpollSelector
[2026-08-14 22:53:31,403][h5py._conv][DEBUG] - Creating converter from 7 to 5
[2026-08-14 22:53:31,403][h5py._conv][DEBUG] - Creating converter from 5 to 7
[2026-08-14 22:53:31,404][h5py._conv][DEBUG] - Creating converter from 7 to 5
[2026-08-14 22:53:31,404][h5py._conv][DEBUG] - Creating converter from 5 to 7
[2026-08-14 22:53:31,484][matplotlib][DEBUG] - matplotlib data path: /srv/sonic/env_isaaclab/lib/python3.11/site-packages/matplotlib/mpl-data
[2026-08-14 22:53:31,490][matplotlib][DEBUG] - CONFIGDIR=/home/danniel/.config/matplotlib
[2026-08-14 22:53:31,492][matplotlib][DEBUG] - interactive is False
[2026-08-14 22:53:31,492][matplotlib][DEBUG] - platform is linux
[2026-08-14 22:53:31,638][matplotlib][DEBUG] - CACHEDIR=/home/danniel/.cache/matplotlib
[2026-08-14 22:53:31,639][matplotlib.font_manager][DEBUG] - Using fontManager instance from /home/danniel/.cache/matplotlib/fontlist-v390.json
cat: '/sys/devices/system/cpu/cpu*/cpufreq/scaling_governor': No such file or directory
[2026-08-14 22:53:33,672][filelock][DEBUG] - Attempting to release lock 124582983497616 on /tmp/isaaclab_app_launcher.lock
[2026-08-14 22:53:33,673][filelock][DEBUG] - Lock 124582983497616 released on /tmp/isaaclab_app_launcher.lock
[32m2026-08-14 22:53:35.577[0m | [1mINFO    [0m | [36mgear_sonic.utils.motion_lib.torch_humanoid_batch[0m:[36m<module>[0m:[36m40[0m - [1mUsing Humanoid Batch[0m
[DEBUG] Instantiated events: EventCfg(physics_material=None, add_joint_default_pos=None, add_hand_joint_default_pos=None, base_com=None, push_robot=None, randomize_rigid_body_mass=None)
Setting seed: 0
[INFO]: Base environment:
	Environment device    : cuda:0
	Environment seed      : 0
	Physics step-size     : 0.005
	Rendering step-size   : 0.02
	Environment step-size : 0.02
[INFO] Generating terrains randomly took : 2.662678 seconds
[2026-08-14 22:53:38,371][trimesh][DEBUG] - 2 items cleared from cache: ['face_normals', 'triangles']
cat: '/sys/devices/system/cpu/cpu*/cpufreq/scaling_governor': No such file or directory
[2026-08-14 22:53:39,984][AutoNode][DEBUG] - Defining data type 'any' as 'Any'
[2026-08-14 22:53:39,985][AutoNode][DEBUG] - Defining data type 'bool' as 'Bool' and array 'BoolArray
[2026-08-14 22:53:39,985][AutoNode][DEBUG] - Defining data type 'bundle' as 'Bundle'
[2026-08-14 22:53:39,985][AutoNode][DEBUG] - Defining data type 'colord[3]' as 'Color3d' and array 'Color3dArray
[2026-08-14 22:53:39,985][AutoNode][DEBUG] - Defining data type 'colorf[3]' as 'Color3f' and array 'Color3fArray
[2026-08-14 22:53:39,985][AutoNode][DEBUG] - Defining data type 'colorh[3]' as 'Color3h' and array 'Color3hArray
[2026-08-14 22:53:39,985][AutoNode][DEBUG] - Defining data type 'colord[4]' as 'Color4d' and array 'Color4dArray
[2026-08-14 22:53:39,985][AutoNode][DEBUG] - Defining data type 'colorf[4]' as 'Color4f' and array 'Color4fArray
[2026-08-14 22:53:39,985][AutoNode][DEBUG] - Defining data type 'colorh[4]' as 'Color4h' and array 'Color4hArray
[2026-08-14 22:53:39,986][AutoNode][DEBUG] - Defining data type 'double' as 'Double' and array 'DoubleArray
[2026-08-14 22:53:39,986][AutoNode][DEBUG] - Defining data type 'double[2]' as 'Double2' and array 'Double2Array
[2026-08-14 22:53:39,986][AutoNode][DEBUG] - Defining data type 'double[3]' as 'Double3' and array 'Double3Array
[2026-08-14 22:53:39,986][AutoNode][DEBUG] - Defining data type 'double[4]' as 'Double4' and array 'Double4Array
[2026-08-14 22:53:39,986][AutoNode][DEBUG] - Defining data type 'execution' as 'Execution'
[2026-08-14 22:53:39,986][AutoNode][DEBUG] - Defining data type 'float' as 'Float' and array 'FloatArray
[2026-08-14 22:53:39,986][AutoNode][DEBUG] - Defining data type 'float[2]' as 'Float2' and array 'Float2Array
[2026-08-14 22:53:39,986][AutoNode][DEBUG] - Defining data type 'float[3]' as 'Float3' and array 'Float3Array
[2026-08-14 22:53:39,986][AutoNode][DEBUG] - Defining data type 'float[4]' as 'Float4' and array 'Float4Array
[2026-08-14 22:53:39,986][AutoNode][DEBUG] - Defining data type 'frame[4]' as 'Frame' and array 'FrameArray
[2026-08-14 22:53:39,987][AutoNode][DEBUG] - Defining data type 'half' as 'Half' and array 'HalfArray
[2026-08-14 22:53:39,987][AutoNode][DEBUG] - Defining data type 'half[2]' as 'Half2' and array 'Half2Array
[2026-08-14 22:53:39,987][AutoNode][DEBUG] - Defining data type 'half[3]' as 'Half3' and array 'Half3Array
[2026-08-14 22:53:39,987][AutoNode][DEBUG] - Defining data type 'half[4]' as 'Half4' and array 'Half4Array
[2026-08-14 22:53:39,987][AutoNode][DEBUG] - Defining data type 'int' as 'Int' and array 'IntArray
[2026-08-14 22:53:39,987][AutoNode][DEBUG] - Defining data type 'int[2]' as 'Int2' and array 'Int2Array
[2026-08-14 22:53:39,987][AutoNode][DEBUG] - Defining data type 'int[3]' as 'Int3' and array 'Int3Array
[2026-08-14 22:53:39,987][AutoNode][DEBUG] - Defining data type 'int[4]' as 'Int4' and array 'Int4Array
[2026-08-14 22:53:39,987][AutoNode][DEBUG] - Defining data type 'int64' as 'Int64' and array 'Int64Array
[2026-08-14 22:53:39,987][AutoNode][DEBUG] - Defining data type 'matrixd[2]' as 'Matrix2d' and array 'Matrix2dArray
[2026-08-14 22:53:39,987][AutoNode][DEBUG] - Defining data type 'matrixd[3]' as 'Matrix3d' and array 'Matrix3dArray
[2026-08-14 22:53:39,988][AutoNode][DEBUG] - Defining data type 'matrixd[4]' as 'Matrix4d' and array 'Matrix4dArray
[2026-08-14 22:53:39,988][AutoNode][DEBUG] - Defining data type 'normald[3]' as 'Normal3d' and array 'Normal3dArray
[2026-08-14 22:53:39,988][AutoNode][DEBUG] - Defining data type 'normalf[3]' as 'Normal3f' and array 'Normal3fArray
[2026-08-14 22:53:39,988][AutoNode][DEBUG] - Defining data type 'normalh[3]' as 'Normal3h' and array 'Normal3hArray
[2026-08-14 22:53:39,988][AutoNode][DEBUG] - Defining data type 'objectId' as 'ObjectId' and array 'ObjectIdArray
[2026-08-14 22:53:39,988][AutoNode][DEBUG] - Defining data type 'path' as 'Path'
[2026-08-14 22:53:39,988][AutoNode][DEBUG] - Defining data type 'pointd[3]' as 'Point3d' and array 'Point3dArray
[2026-08-14 22:53:39,988][AutoNode][DEBUG] - Defining data type 'pointf[3]' as 'Point3f' and array 'Point3fArray
[2026-08-14 22:53:39,988][AutoNode][DEBUG] - Defining data type 'pointh[3]' as 'Point3h' and array 'Point3hArray
[2026-08-14 22:53:39,988][AutoNode][DEBUG] - Defining data type 'quatd[4]' as 'Quatd' and array 'QuatdArray
[2026-08-14 22:53:39,988][AutoNode][DEBUG] - Defining data type 'quatf[4]' as 'Quatf' and array 'QuatfArray
[2026-08-14 22:53:39,989][AutoNode][DEBUG] - Defining data type 'quath[4]' as 'Quath' and array 'QuathArray
[2026-08-14 22:53:39,989][AutoNode][DEBUG] - Defining data type 'string' as 'String'
[2026-08-14 22:53:39,989][AutoNode][DEBUG] - Defining data type 'target' as 'Target'
[2026-08-14 22:53:39,989][AutoNode][DEBUG] - Defining data type 'texcoordd[2]' as 'TexCoord2d' and array 'TexCoord2dArray
[2026-08-14 22:53:39,989][AutoNode][DEBUG] - Defining data type 'texcoordf[2]' as 'TexCoord2f' and array 'TexCoord2fArray
[2026-08-14 22:53:39,989][AutoNode][DEBUG] - Defining data type 'texcoordh[2]' as 'TexCoord2h' and array 'TexCoord2hArray
[2026-08-14 22:53:39,989][AutoNode][DEBUG] - Defining data type 'texcoordd[3]' as 'TexCoord3d' and array 'TexCoord3dArray
[2026-08-14 22:53:39,989][AutoNode][DEBUG] - Defining data type 'texcoordf[3]' as 'TexCoord3f' and array 'TexCoord3fArray
[2026-08-14 22:53:39,989][AutoNode][DEBUG] - Defining data type 'texcoordh[3]' as 'TexCoord3h' and array 'TexCoord3hArray
[2026-08-14 22:53:39,989][AutoNode][DEBUG] - Defining data type 'timecode' as 'Timecode' and array 'TimecodeArray
[2026-08-14 22:53:39,989][AutoNode][DEBUG] - Defining data type 'token' as 'Token' and array 'TokenArray
[2026-08-14 22:53:39,990][AutoNode][DEBUG] - Defining data type 'uchar' as 'UChar' and array 'UCharArray
[2026-08-14 22:53:39,990][AutoNode][DEBUG] - Defining data type 'uint' as 'UInt' and array 'UIntArray
[2026-08-14 22:53:39,990][AutoNode][DEBUG] - Defining data type 'uint64' as 'UInt64' and array 'UInt64Array
[2026-08-14 22:53:39,990][AutoNode][DEBUG] - Defining data type 'vectord[3]' as 'Vector3d' and array 'Vector3dArray
[2026-08-14 22:53:39,990][AutoNode][DEBUG] - Defining data type 'vectorf[3]' as 'Vector3f' and array 'Vector3fArray
[2026-08-14 22:53:39,990][AutoNode][DEBUG] - Defining data type 'vectorh[3]' as 'Vector3h' and array 'Vector3hArray
[INFO]: Time taken for scene creation : 6.351503 seconds
[INFO]: Scene manager:  <class InteractiveScene>
	Number of environments: 1
	Environment spacing   : 2.0
	Source prim name      : /World/envs/env_0
	Global prim paths     : []
	Replicate physics     : True
[INFO]: Starting the simulation. This may take a few seconds. Please wait...
[INFO]: Time taken for simulation start : 1.620461 seconds
[32m2026-08-14 22:53:43.938[0m | [1mINFO    [0m | [36mgear_sonic.utils.motion_lib.motion_lib_base[0m:[36m__init__[0m:[36m235[0m - [1mLoaded skeleton from gear_sonic/data/assets/robot_description/mjcf/g1_29dof_rev_1_0.xml[0m
[32m2026-08-14 22:53:43.938[0m | [1mINFO    [0m | [36mgear_sonic.utils.motion_lib.motion_lib_base[0m:[36m__init__[0m:[36m236[0m - [1mLoading motion data from /srv/sonic/ultimate-bots-G1/data/motion_lib/s_batido_v3_recovery.pkl...[0m
[32m2026-08-14 22:53:43.940[0m | [1mINFO    [0m | [36mgear_sonic.utils.motion_lib.motion_lib_base[0m:[36mload_data[0m:[36m472[0m - [1mLoaded 1 motions[0m
Loading Meshes ... ━━━━━━━━━━━━━━━━━━━━━━━━━━━━━━━━━━━━━━━━ 100% 0:00:00
Loading Geoms... ━━━━━━━━━━━━━━━━━━━━━━━━━━━━━━━━━━━━━━━━ 100% 0:00:00
[32m2026-08-14 22:53:44.492[0m | [1mINFO    [0m | [36mgear_sonic.utils.motion_lib.motion_lib_base[0m:[36mload_motions[0m:[36m1091[0m - [1mLoading 1 motions...[0m
[32m2026-08-14 22:53:44.492[0m | [1mINFO    [0m | [36mgear_sonic.utils.motion_lib.motion_lib_base[0m:[36mload_motions[0m:[36m1092[0m - [1mSampling motion: tensor([0], device='cuda:0'), ....[0m
[32m2026-08-14 22:53:44.493[0m | [1mINFO    [0m | [36mgear_sonic.utils.motion_lib.motion_lib_base[0m:[36mload_motions[0m:[36m1093[0m - [1mCurrent motion keys: ['s_batido_v3_recovery_sonic'], ....[0m
[32m2026-08-14 22:53:44.493[0m | [1mINFO    [0m | [36mgear_sonic.utils.motion_lib.motion_lib_base[0m:[36mload_motions[0m:[36m1120[0m - [1mIncreased file descriptor limits from 2450/1048576 to 1048576/1048576[0m
[32m2026-08-14 22:53:44.572[0m | [1mINFO    [0m | [36mgear_sonic.utils.motion_lib.motion_lib_base[0m:[36mload_motions[0m:[36m1140[0m - [1mLoading motions with 1 jobs...[0m
Loading motions... ━━━━━━━━━━━━━━━━━━━━━━━━━━━━━━━━━━━━━━━━ 100% 0:00:00
Gathering results for non-navigation dataset... ━━━━━━━━━━━━━━━━━━━━━━━━━━━━━  
Processing motions... ━━━━━━━━━━━━━━━━━━━━━━━━━━━━━━━━━━━━━━━━ 100% 0:00:00
[32m2026-08-14 22:53:44.616[0m | [1mINFO    [0m | [36mgear_sonic.utils.motion_lib.motion_lib_base[0m:[36mload_motions[0m:[36m1577[0m - [1mLoaded 1 motions with a total length of 3.600s and 181 frames.[0m
[INFO] Command Manager:  <CommandManager> contains 1 active terms.
+----------------------------------+
|       Active Command Terms       |
+-------+--------+-----------------+
| Index | Name   |       Type      |
+-------+--------+-----------------+
|   0   | motion | TrackingCommand |
+-------+--------+-----------------+

[INFO] Event Manager:  <EventManager> contains 0 active terms.

[INFO] Recorder Manager:  <RecorderManager> contains 0 active terms.
+---------------------+
| Active Recorder Terms |
+-----------+---------+
|   Index   | Name    |
+-----------+---------+
+-----------+---------+

[INFO] Action Manager:  <ActionManager> contains 1 active terms.
+------------------------------------+
|  Active Action Terms (shape: 29)   |
+--------+-------------+-------------+
| Index  | Name        |   Dimension |
+--------+-------------+-------------+
|   0    | joint_pos   |          29 |
+--------+-------------+-------------+

[INFO] Observation Manager: <ObservationManager> contains 3 groups.
+---------------------------------------------------------+
| Active Observation Terms in Group: 'policy' (shape: (930,)) |
+-------------+---------------------------+---------------+
|    Index    | Name                      |     Shape     |
+-------------+---------------------------+---------------+
|      0      | base_ang_vel              |     (30,)     |
|      1      | joint_pos                 |     (290,)    |
|      2      | joint_vel                 |     (290,)    |
|      3      | actions                   |     (290,)    |
|      4      | gravity_dir               |     (30,)     |
+-------------+---------------------------+---------------+
+------------------------------------------------------------+
| Active Observation Terms in Group: 'critic' (shape: (1645,)) |
+-----------+-----------------------------------+------------+
|   Index   | Name                              |   Shape    |
+-----------+-----------------------------------+------------+
|     0     | command_multi_future              |   (580,)   |
|     1     | motion_anchor_pos_b               |    (3,)    |
|     2     | motion_anchor_ori_b               |    (6,)    |
|     3     | body_pos                          |   (42,)    |
|     4     | body_ori                          |   (84,)    |
|     5     | base_lin_vel                      |   (30,)    |
|     6     | base_ang_vel                      |   (30,)    |
|     7     | joint_pos                         |   (290,)   |
|     8     | joint_vel                         |   (290,)   |
|     9     | actions                           |   (290,)   |
+-----------+-----------------------------------+------------+
+-----------------------------------------------------------+
|       Active Observation Terms in Group: 'tokenizer'      |
+-------+----------------------------------------+----------+
| Index | Name                                   |  Shape   |
+-------+----------------------------------------+----------+
|   0   | encoder_index                          |   (3,)   |
|   1   | command_multi_future_nonflat           | (10, 58) |
|   2   | command_z_multi_future_nonflat         | (10, 1)  |
|   3   | command_z                              |   (1,)   |
|   4   | motion_anchor_ori_b                    |   (6,)   |
|   5   | motion_anchor_ori_b_mf_nonflat         | (10, 6)  |
|   6   | command_multi_future_lower_body        |  (240,)  |
|   7   | vr_3point_local_target                 |   (9,)   |
|   8   | vr_3point_local_orn_target             |  (12,)   |
|   9   | smpl_joints_multi_future_local_nonflat | (10, 72) |
|   10  | smpl_root_ori_b_multi_future           | (10, 6)  |
|   11  | joint_pos_multi_future_wrist_for_smpl  | (10, 6)  |
+-------+----------------------------------------+----------+

[INFO] Termination Manager:  <TerminationManager> contains 2 active terms.
+------------------------------------+
|      Active Termination Terms      |
+-------+-----------------+----------+
| Index | Name            | Time Out |
+-------+-----------------+----------+
|   0   | time_out        |   True   |
|   1   | anchor_ori_full |  False   |
+-------+-----------------+----------+

[INFO] Reward Manager:  <RewardManager> contains 28 active terms.
+-----------------------------------------------------+
|                 Active Reward Terms                 |
+-------+----------------------------------+----------+
| Index | Name                             |   Weight |
+-------+----------------------------------+----------+
|   0   | tracking_anchor_pos              |      0.5 |
|   1   | tracking_anchor_ori              |      0.5 |
|   2   | tracking_relative_body_pos       |      1.0 |
|   3   | tracking_relative_body_ori       |      1.0 |
|   4   | tracking_body_linvel             |      1.0 |
|   5   | tracking_body_angvel             |      1.0 |
|   6   | action_rate_l2                   |     -0.1 |
|   7   | joint_limit                      |    -10.0 |
|   8   | undesired_contacts               |     -0.1 |
|   9   | anti_shake_ang_vel               |   -0.005 |
|   10  | tracking_vr_5point_local         |      2.0 |
|   11  | feet_acc                         | -2.5e-06 |
|   12  | support_contact                  |      0.5 |
|   13  | takeoff_contact                  |      0.5 |
|   14  | takeoff_pelvis_vertical_velocity |      2.0 |
|   15  | airborne_right_leg_position      |      2.0 |
|   16  | airborne_right_leg_orientation   |      1.0 |
|   17  | airborne_right_leg_joint_pose    |      1.0 |
|   18  | airborne_pelvis_orientation      |      1.0 |
|   19  | landing_pelvis_tracking          |      0.5 |
|   20  | recovery_double_foot_contact     |      1.5 |
|   21  | recovery_upright                 |      2.0 |
|   22  | recovery_low_base_velocity       |      1.0 |
|   23  | recovery_center_of_support       |      1.5 |
|   24  | support_contact_overload         |     -0.2 |
|   25  | landing_contact_overload         |     -0.1 |
|   26  | joint_velocity_overload          |    -0.05 |
|   27  | dangerous_body_contact           |     -1.0 |
+-------+----------------------------------+----------+

[INFO] Curriculum Manager:  <CurriculumManager> contains 0 active terms.
+----------------------+
| Active Curriculum Terms |
+-----------+----------+
|   Index   | Name     |
+-----------+----------+
+-----------+----------+

[INFO]: Completed setting up the environment...
[32m2026-08-14 22:53:46.914[0m | [1mINFO    [0m | [36mgear_sonic.trl.modules.universal_token_modules[0m:[36m__init__[0m:[36m250[0m - [1mMotion Encoder and Quantizer initialized with embedding dim: 64 (num_tokens=2, token_dim=32)[0m
[32m2026-08-14 22:53:46.940[0m | [1mINFO    [0m | [36mgear_sonic.trl.modules.universal_token_modules[0m:[36m__init__[0m:[36m319[0m - [1mInitialized g1 encoder with input features: ['command_multi_future_nonflat', 'motion_anchor_ori_b_mf_nonflat'][0m
[32m2026-08-14 22:53:46.963[0m | [1mINFO    [0m | [36mgear_sonic.trl.modules.universal_token_modules[0m:[36m__init__[0m:[36m319[0m - [1mInitialized teleop encoder with input features: ['command_multi_future_lower_body', 'vr_3point_local_target', 'vr_3point_local_orn_target', 'motion_anchor_ori_b'][0m
[32m2026-08-14 22:53:46.992[0m | [1mINFO    [0m | [36mgear_sonic.trl.modules.universal_token_modules[0m:[36m__init__[0m:[36m319[0m - [1mInitialized smpl encoder with input features: ['smpl_joints_multi_future_local_nonflat', 'smpl_root_ori_b_multi_future', 'joint_pos_multi_future_wrist_for_smpl'][0m
[32m2026-08-14 22:53:47.049[0m | [1mINFO    [0m | [36mgear_sonic.trl.modules.universal_token_modules[0m:[36m__init__[0m:[36m409[0m - [1mInitialized g1_dyn decoder with input features: ['token_flattened', 'proprioception'] and output features: ['action'][0m
[32m2026-08-14 22:53:47.072[0m | [1mINFO    [0m | [36mgear_sonic.trl.modules.universal_token_modules[0m:[36m__init__[0m:[36m409[0m - [1mInitialized g1_kin decoder with input features: ['token'] and output features: ['command_multi_future_nonflat', 'motion_anchor_ori_b_mf_nonflat'][0m
RunningMeanStd:  (1645,)
[2026-08-14 22:53:48,272][torio._extension.utils][DEBUG] - Loading FFmpeg6
[2026-08-14 22:53:48,341][torio._extension.utils][DEBUG] - Successfully loaded FFmpeg6
[2026-08-14 22:53:48,460][datasets][DEBUG] - PyTorch version 2.7.0 available.
/srv/sonic/GR00T-WholeBodyControl/gear_sonic/trl/trainer/ppo_trainer.py:15: TRLExperimentalWarning: You are importing from 'trl.experimental'. APIs here are unstable and may change or be removed without notice. Silence this warning by setting environment variable TRL_EXPERIMENTAL_SILENCE=1.
  from trl.experimental.ppo import ppo_trainer
[32m2026-08-14 22:53:48.635[0m | [1mINFO    [0m | [36m__main__[0m:[36mmain[0m:[36m433[0m - [1mLoading checkpoint from /srv/sonic/ultimate-bots-G1/exports/v3/robust/evaluations/realready_final_step_000100/contexts/hardware_nominal/s_batido_v3_realready_step_000100.pt[0m
[32m2026-08-14 22:53:48.784[0m | [1mINFO    [0m | [36m__main__[0m:[36mmain[0m:[36m449[0m - [1mModel parameterization: std[0m
[32m2026-08-14 22:53:48.784[0m | [1mINFO    [0m | [36m__main__[0m:[36mmain[0m:[36m450[0m - [1mCheckpoint parameterization: std[0m
[32m2026-08-14 22:53:48.786[0m | [1mINFO    [0m | [36m__main__[0m:[36mmain[0m:[36m462[0m - [1mSuccessfully loaded policy state dict[0m
/srv/sonic/GR00T-WholeBodyControl/gear_sonic/utils/inference_helpers.py:131: TracerWarning: torch.tensor results are registered as constants in the trace. You can safely ignore this warning if you use this function to create tensors out of constant variables that would be the same every time you call this function. In any other case, this might cause the trace to be incorrect.
  tokenizer_feature_dim += torch.prod(torch.tensor(feature_dims)).item()
/srv/sonic/GR00T-WholeBodyControl/gear_sonic/utils/inference_helpers.py:131: TracerWarning: Converting a tensor to a Python number might cause the trace to be incorrect. We can't record the data flow of Python values, so this value will be treated as a constant in the future. This means that the trace might not generalize to other inputs!
  tokenizer_feature_dim += torch.prod(torch.tensor(feature_dims)).item()
/srv/sonic/GR00T-WholeBodyControl/gear_sonic/utils/inference_helpers.py:141: TracerWarning: torch.tensor results are registered as constants in the trace. You can safely ignore this warning if you use this function to create tensors out of constant variables that would be the same every time you call this function. In any other case, this might cause the trace to be incorrect.
  feature_size = torch.prod(torch.tensor(feature_dims)).item()
/srv/sonic/GR00T-WholeBodyControl/gear_sonic/utils/inference_helpers.py:141: TracerWarning: Converting a tensor to a Python number might cause the trace to be incorrect. We can't record the data flow of Python values, so this value will be treated as a constant in the future. This means that the trace might not generalize to other inputs!
  feature_size = torch.prod(torch.tensor(feature_dims)).item()
/srv/sonic/GR00T-WholeBodyControl/gear_sonic/trl/modules/universal_token_modules.py:616: TracerWarning: Converting a tensor to a Python boolean might cause the trace to be incorrect. We can't record the data flow of Python values, so this value will be treated as a constant in the future. This means that the trace might not generalize to other inputs!
  (obs.shape[-1] in (9, 12) and obs.ndim < max_ndim) for obs in obs_list
/srv/sonic/env_isaaclab/lib/python3.11/site-packages/vector_quantize_pytorch/finite_scalar_quantization.py:265: TracerWarning: Converting a tensor to a Python boolean might cause the trace to be incorrect. We can't record the data flow of Python values, so this value will be treated as a constant in the future. This means that the trace might not generalize to other inputs!
  assert z.shape[-1] == self.dim, f'expected dimension of {self.dim} but found dimension of {z.shape[-1]}'
/srv/sonic/env_isaaclab/lib/python3.11/site-packages/vector_quantize_pytorch/finite_scalar_quantization.py:222: TracerWarning: Converting a tensor to a Python boolean might cause the trace to be incorrect. We can't record the data flow of Python values, so this value will be treated as a constant in the future. This means that the trace might not generalize to other inputs!
  assert zhat.shape[-1] == self.codebook_dim
/srv/sonic/GR00T-WholeBodyControl/gear_sonic/trl/modules/universal_token_modules.py:747: TracerWarning: Converting a tensor to a Python boolean might cause the trace to be incorrect. We can't record the data flow of Python values, so this value will be treated as a constant in the future. This means that the trace might not generalize to other inputs!
  assert index == output.shape[-1], f"{index=}, {output.shape[-1]=}"
Loading user config located at: '/srv/sonic/env_isaaclab/lib/python3.11/site-packages/isaacsim/kit/data/Kit/Isaac-Sim/5.1/user.config.json'

|---------------------------------------------------------------------------------------------|
| Driver Version: 580.173.02    | Graphics API: Vulkan
|=============================================================================================|
| GPU | Name                             | Active | LDA | GPU Memory | Vendor-ID | LUID       |
|     |                                  |        |     |            | Device-ID | UUID       |
|     |                                  |        |     |            | Bus-ID    |            |
|---------------------------------------------------------------------------------------------|
| 0   | NVIDIA H100 80GB HBM3            | Yes: 0 |     | 81559   MB | 10de      | 0          |
|     |                                  |        |     |            | 2330      | caddc900.. |
|     |                                  |        |     |            | 8d        |            |
|=============================================================================================|
| OS: 24.04.4 LTS (Noble Numbat) ubuntu, Version: 24.04.4, Kernel: 6.11.0-1016-nvidia
| Processor: Intel(R) Xeon(R) Platinum 8468
| Cores: 8 | Logical Cores: 16
|---------------------------------------------------------------------------------------------|
| Total Memory (MB): 201291 | Free Memory: 197543
| Total Page/Swap (MB): 0 | Free Page/Swap: 0
|---------------------------------------------------------------------------------------------|

|---------------------------------------------------------------------------------------------|
| Driver Version: 580.173.02    | Graphics API: Vulkan
|=============================================================================================|
| GPU | Name                             | Active | LDA | GPU Memory | Vendor-ID | LUID       |
|     |                                  |        |     |            | Device-ID | UUID       |
|     |                                  |        |     |            | Bus-ID    |            |
|---------------------------------------------------------------------------------------------|
| 0   | NVIDIA H100 80GB HBM3            | Yes: 0 |     | 81559   MB | 10de      | 0          |
|     |                                  |        |     |            | 2330      | caddc900.. |
|     |                                  |        |     |            | 8d        |            |
|=============================================================================================|
| OS: 24.04.4 LTS (Noble Numbat) ubuntu, Version: 24.04.4, Kernel: 6.11.0-1016-nvidia
| Processor: Intel(R) Xeon(R) Platinum 8468
| Cores: 8 | Logical Cores: 16
|---------------------------------------------------------------------------------------------|
| Total Memory (MB): 201291 | Free Memory: 196502
| Total Page/Swap (MB): 0 | Free Page/Swap: 0
|---------------------------------------------------------------------------------------------|
Exported graph: graph(%obs_dict : Float(1, 1770, strides=[1770, 1], requires_grad=0, device=cpu),
      %module.encoders.smpl.module.0.weight : Float(2048, 840, strides=[840, 1], requires_grad=1, device=cpu),
      %module.encoders.smpl.module.0.bias : Float(2048, strides=[1], requires_grad=1, device=cpu),
      %module.encoders.smpl.module.2.weight : Float(1024, 2048, strides=[2048, 1], requires_grad=1, device=cpu),
      %module.encoders.smpl.module.2.bias : Float(1024, strides=[1], requires_grad=1, device=cpu),
      %module.encoders.smpl.module.4.weight : Float(512, 1024, strides=[1024, 1], requires_grad=1, device=cpu),
      %module.encoders.smpl.module.4.bias : Float(512, strides=[1], requires_grad=1, device=cpu),
      %module.encoders.smpl.module.6.weight : Float(512, 512, strides=[512, 1], requires_grad=1, device=cpu),
      %module.encoders.smpl.module.6.bias : Float(512, strides=[1], requires_grad=1, device=cpu),
      %module.encoders.smpl.module.8.weight : Float(64, 512, strides=[512, 1], requires_grad=1, device=cpu),
      %module.encoders.smpl.module.8.bias : Float(64, strides=[1], requires_grad=1, device=cpu),
      %module.decoders.g1_dyn.module.0.bias : Float(2048, strides=[1], requires_grad=1, device=cpu),
      %module.decoders.g1_dyn.module.2.bias : Float(2048, strides=[1], requires_grad=1, device=cpu),
      %module.decoders.g1_dyn.module.4.bias : Float(1024, strides=[1], requires_grad=1, device=cpu),
      %module.decoders.g1_dyn.module.6.bias : Float(1024, strides=[1], requires_grad=1, device=cpu),
      %module.decoders.g1_dyn.module.8.bias : Float(512, strides=[1], requires_grad=1, device=cpu),
      %module.decoders.g1_dyn.module.10.bias : Float(512, strides=[1], requires_grad=1, device=cpu),
      %module.decoders.g1_dyn.module.12.bias : Float(29, strides=[1], requires_grad=1, device=cpu),
      %onnx::MatMul_338 : Float(994, 2048, strides=[1, 994], requires_grad=0, device=cpu),
      %onnx::MatMul_339 : Float(2048, 2048, strides=[1, 2048], requires_grad=0, device=cpu),
      %onnx::MatMul_340 : Float(2048, 1024, strides=[1, 2048], requires_grad=0, device=cpu),
      %onnx::MatMul_341 : Float(1024, 1024, strides=[1, 1024], requires_grad=0, device=cpu),
      %onnx::MatMul_342 : Float(1024, 512, strides=[1, 1024], requires_grad=0, device=cpu),
      %onnx::MatMul_343 : Float(512, 512, strides=[1, 512], requires_grad=0, device=cpu),
      %onnx::MatMul_344 : Float(512, 29, strides=[1, 512], requires_grad=0, device=cpu)):
  %/Constant_output_0 : Long(1, strides=[1], device=cpu) = onnx::Constant[value={1}, onnx_name="/Constant"](), scope: gear_sonic.utils.inference_helpers.export_universal_token_module_as_onnx.<locals>.UniversalTokenWrapper:: # /srv/sonic/GR00T-WholeBodyControl/gear_sonic/utils/inference_helpers.py:126:0
  %/Unsqueeze_output_0 : Float(1, 1, 1770, strides=[1770, 1770, 1], requires_grad=0, device=cpu) = onnx::Unsqueeze[onnx_name="/Unsqueeze"](%obs_dict, %/Constant_output_0), scope: gear_sonic.utils.inference_helpers.export_universal_token_module_as_onnx.<locals>.UniversalTokenWrapper:: # /srv/sonic/GR00T-WholeBodyControl/gear_sonic/utils/inference_helpers.py:126:0
  %/Constant_1_output_0 : Long(1, strides=[1], requires_grad=0, device=cpu) = onnx::Constant[value={2}, onnx_name="/Constant_1"](), scope: gear_sonic.utils.inference_helpers.export_universal_token_module_as_onnx.<locals>.UniversalTokenWrapper:: # /srv/sonic/GR00T-WholeBodyControl/gear_sonic/utils/inference_helpers.py:133:0
  %/Constant_2_output_0 : Long(1, strides=[1], requires_grad=0, device=cpu) = onnx::Constant[value={0}, onnx_name="/Constant_2"](), scope: gear_sonic.utils.inference_helpers.export_universal_token_module_as_onnx.<locals>.UniversalTokenWrapper:: # /srv/sonic/GR00T-WholeBodyControl/gear_sonic/utils/inference_helpers.py:133:0
  %/Constant_3_output_0 : Long(1, strides=[1], requires_grad=0, device=cpu) = onnx::Constant[value={840}, onnx_name="/Constant_3"](), scope: gear_sonic.utils.inference_helpers.export_universal_token_module_as_onnx.<locals>.UniversalTokenWrapper:: # /srv/sonic/GR00T-WholeBodyControl/gear_sonic/utils/inference_helpers.py:133:0
  %/Constant_4_output_0 : Long(1, strides=[1], requires_grad=0, device=cpu) = onnx::Constant[value={1}, onnx_name="/Constant_4"](), scope: gear_sonic.utils.inference_helpers.export_universal_token_module_as_onnx.<locals>.UniversalTokenWrapper:: # /srv/sonic/GR00T-WholeBodyControl/gear_sonic/utils/inference_helpers.py:133:0
  %/Slice_output_0 : Float(1, 1, 840, strides=[1770, 1770, 1], requires_grad=0, device=cpu) = onnx::Slice[onnx_name="/Slice"](%/Unsqueeze_output_0, %/Constant_2_output_0, %/Constant_3_output_0, %/Constant_1_output_0, %/Constant_4_output_0), scope: gear_sonic.utils.inference_helpers.export_universal_token_module_as_onnx.<locals>.UniversalTokenWrapper:: # /srv/sonic/GR00T-WholeBodyControl/gear_sonic/utils/inference_helpers.py:133:0
  %/Constant_5_output_0 : Long(1, strides=[1], requires_grad=0, device=cpu) = onnx::Constant[value={2}, onnx_name="/Constant_5"](), scope: gear_sonic.utils.inference_helpers.export_universal_token_module_as_onnx.<locals>.UniversalTokenWrapper:: # /srv/sonic/GR00T-WholeBodyControl/gear_sonic/utils/inference_helpers.py:134:0
  %/Constant_6_output_0 : Long(1, strides=[1], requires_grad=0, device=cpu) = onnx::Constant[value={840}, onnx_name="/Constant_6"](), scope: gear_sonic.utils.inference_helpers.export_universal_token_module_as_onnx.<locals>.UniversalTokenWrapper:: # /srv/sonic/GR00T-WholeBodyControl/gear_sonic/utils/inference_helpers.py:134:0
  %/Constant_7_output_0 : Long(1, strides=[1], requires_grad=0, device=cpu) = onnx::Constant[value={9223372036854775807}, onnx_name="/Constant_7"](), scope: gear_sonic.utils.inference_helpers.export_universal_token_module_as_onnx.<locals>.UniversalTokenWrapper:: # /srv/sonic/GR00T-WholeBodyControl/gear_sonic/utils/inference_helpers.py:134:0
  %/Constant_8_output_0 : Long(1, strides=[1], requires_grad=0, device=cpu) = onnx::Constant[value={1}, onnx_name="/Constant_8"](), scope: gear_sonic.utils.inference_helpers.export_universal_token_module_as_onnx.<locals>.UniversalTokenWrapper:: # /srv/sonic/GR00T-WholeBodyControl/gear_sonic/utils/inference_helpers.py:134:0
  %/Slice_1_output_0 : Float(1, 1, 930, strides=[1770, 1770, 1], requires_grad=0, device=cpu) = onnx::Slice[onnx_name="/Slice_1"](%/Unsqueeze_output_0, %/Constant_6_output_0, %/Constant_7_output_0, %/Constant_5_output_0, %/Constant_8_output_0), scope: gear_sonic.utils.inference_helpers.export_universal_token_module_as_onnx.<locals>.UniversalTokenWrapper:: # /srv/sonic/GR00T-WholeBodyControl/gear_sonic/utils/inference_helpers.py:134:0
  %/Constant_9_output_0 : Long(1, strides=[1], requires_grad=0, device=cpu) = onnx::Constant[value={2}, onnx_name="/Constant_9"](), scope: gear_sonic.utils.inference_helpers.export_universal_token_module_as_onnx.<locals>.UniversalTokenWrapper:: # /srv/sonic/GR00T-WholeBodyControl/gear_sonic/utils/inference_helpers.py:142:0
  %/Constant_10_output_0 : Long(1, strides=[1], requires_grad=0, device=cpu) = onnx::Constant[value={0}, onnx_name="/Constant_10"](), scope: gear_sonic.utils.inference_helpers.export_universal_token_module_as_onnx.<locals>.UniversalTokenWrapper:: # /srv/sonic/GR00T-WholeBodyControl/gear_sonic/utils/inference_helpers.py:142:0
  %/Constant_11_output_0 : Long(1, strides=[1], requires_grad=0, device=cpu) = onnx::Constant[value={720}, onnx_name="/Constant_11"](), scope: gear_sonic.utils.inference_helpers.export_universal_token_module_as_onnx.<locals>.UniversalTokenWrapper:: # /srv/sonic/GR00T-WholeBodyControl/gear_sonic/utils/inference_helpers.py:142:0
  %/Constant_12_output_0 : Long(1, strides=[1], requires_grad=0, device=cpu) = onnx::Constant[value={1}, onnx_name="/Constant_12"](), scope: gear_sonic.utils.inference_helpers.export_universal_token_module_as_onnx.<locals>.UniversalTokenWrapper:: # /srv/sonic/GR00T-WholeBodyControl/gear_sonic/utils/inference_helpers.py:142:0
  %/Slice_2_output_0 : Float(1, 1, 720, strides=[1770, 1770, 1], requires_grad=0, device=cpu) = onnx::Slice[onnx_name="/Slice_2"](%/Slice_output_0, %/Constant_10_output_0, %/Constant_11_output_0, %/Constant_9_output_0, %/Constant_12_output_0), scope: gear_sonic.utils.inference_helpers.export_universal_token_module_as_onnx.<locals>.UniversalTokenWrapper:: # /srv/sonic/GR00T-WholeBodyControl/gear_sonic/utils/inference_helpers.py:142:0
  %/Constant_13_output_0 : Long(4, strides=[1], requires_grad=0, device=cpu) = onnx::Constant[value=  1   1  10  72 [ CPULongType{4} ], onnx_name="/Constant_13"](), scope: gear_sonic.utils.inference_helpers.export_universal_token_module_as_onnx.<locals>.UniversalTokenWrapper:: # /srv/sonic/GR00T-WholeBodyControl/gear_sonic/utils/inference_helpers.py:143:0
  %/Reshape_output_0 : Float(1, 1, 10, 72, strides=[720, 720, 72, 1], requires_grad=0, device=cpu) = onnx::Reshape[onnx_name="/Reshape"](%/Slice_2_output_0, %/Constant_13_output_0), scope: gear_sonic.utils.inference_helpers.export_universal_token_module_as_onnx.<locals>.UniversalTokenWrapper:: # /srv/sonic/GR00T-WholeBodyControl/gear_sonic/utils/inference_helpers.py:143:0
  %/Constant_14_output_0 : Long(1, strides=[1], requires_grad=0, device=cpu) = onnx::Constant[value={2}, onnx_name="/Constant_14"](), scope: gear_sonic.utils.inference_helpers.export_universal_token_module_as_onnx.<locals>.UniversalTokenWrapper:: # /srv/sonic/GR00T-WholeBodyControl/gear_sonic/utils/inference_helpers.py:142:0
  %/Constant_15_output_0 : Long(1, strides=[1], requires_grad=0, device=cpu) = onnx::Constant[value={720}, onnx_name="/Constant_15"](), scope: gear_sonic.utils.inference_helpers.export_universal_token_module_as_onnx.<locals>.UniversalTokenWrapper:: # /srv/sonic/GR00T-WholeBodyControl/gear_sonic/utils/inference_helpers.py:142:0
  %/Constant_16_output_0 : Long(1, strides=[1], requires_grad=0, device=cpu) = onnx::Constant[value={780}, onnx_name="/Constant_16"](), scope: gear_sonic.utils.inference_helpers.export_universal_token_module_as_onnx.<locals>.UniversalTokenWrapper:: # /srv/sonic/GR00T-WholeBodyControl/gear_sonic/utils/inference_helpers.py:142:0
  %/Constant_17_output_0 : Long(1, strides=[1], requires_grad=0, device=cpu) = onnx::Constant[value={1}, onnx_name="/Constant_17"](), scope: gear_sonic.utils.inference_helpers.export_universal_token_module_as_onnx.<locals>.UniversalTokenWrapper:: # /srv/sonic/GR00T-WholeBodyControl/gear_sonic/utils/inference_helpers.py:142:0
  %/Slice_3_output_0 : Float(1, 1, 60, strides=[1770, 1770, 1], requires_grad=0, device=cpu) = onnx::Slice[onnx_name="/Slice_3"](%/Slice_output_0, %/Constant_15_output_0, %/Constant_16_output_0, %/Constant_14_output_0, %/Constant_17_output_0), scope: gear_sonic.utils.inference_helpers.export_universal_token_module_as_onnx.<locals>.UniversalTokenWrapper:: # /srv/sonic/GR00T-WholeBodyControl/gear_sonic/utils/inference_helpers.py:142:0
  %/Constant_18_output_0 : Long(4, strides=[1], requires_grad=0, device=cpu) = onnx::Constant[value=  1   1  10   6 [ CPULongType{4} ], onnx_name="/Constant_18"](), scope: gear_sonic.utils.inference_helpers.export_universal_token_module_as_onnx.<locals>.UniversalTokenWrapper:: # /srv/sonic/GR00T-WholeBodyControl/gear_sonic/utils/inference_helpers.py:143:0
  %/Reshape_1_output_0 : Float(1, 1, 10, 6, strides=[60, 60, 6, 1], requires_grad=0, device=cpu) = onnx::Reshape[onnx_name="/Reshape_1"](%/Slice_3_output_0, %/Constant_18_output_0), scope: gear_sonic.utils.inference_helpers.export_universal_token_module_as_onnx.<locals>.UniversalTokenWrapper:: # /srv/sonic/GR00T-WholeBodyControl/gear_sonic/utils/inference_helpers.py:143:0
  %/Constant_19_output_0 : Long(1, strides=[1], requires_grad=0, device=cpu) = onnx::Constant[value={2}, onnx_name="/Constant_19"](), scope: gear_sonic.utils.inference_helpers.export_universal_token_module_as_onnx.<locals>.UniversalTokenWrapper:: # /srv/sonic/GR00T-WholeBodyControl/gear_sonic/utils/inference_helpers.py:142:0
  %/Constant_20_output_0 : Long(1, strides=[1], requires_grad=0, device=cpu) = onnx::Constant[value={780}, onnx_name="/Constant_20"](), scope: gear_sonic.utils.inference_helpers.export_universal_token_module_as_onnx.<locals>.UniversalTokenWrapper:: # /srv/sonic/GR00T-WholeBodyControl/gear_sonic/utils/inference_helpers.py:142:0
  %/Constant_21_output_0 : Long(1, strides=[1], requires_grad=0, device=cpu) = onnx::Constant[value={840}, onnx_name="/Constant_21"](), scope: gear_sonic.utils.inference_helpers.export_universal_token_module_as_onnx.<locals>.UniversalTokenWrapper:: # /srv/sonic/GR00T-WholeBodyControl/gear_sonic/utils/inference_helpers.py:142:0
  %/Constant_22_output_0 : Long(1, strides=[1], requires_grad=0, device=cpu) = onnx::Constant[value={1}, onnx_name="/Constant_22"](), scope: gear_sonic.utils.inference_helpers.export_universal_token_module_as_onnx.<locals>.UniversalTokenWrapper:: # /srv/sonic/GR00T-WholeBodyControl/gear_sonic/utils/inference_helpers.py:142:0
  %/Slice_4_output_0 : Float(1, 1, 60, strides=[1770, 1770, 1], requires_grad=0, device=cpu) = onnx::Slice[onnx_name="/Slice_4"](%/Slice_output_0, %/Constant_20_output_0, %/Constant_21_output_0, %/Constant_19_output_0, %/Constant_22_output_0), scope: gear_sonic.utils.inference_helpers.export_universal_token_module_as_onnx.<locals>.UniversalTokenWrapper:: # /srv/sonic/GR00T-WholeBodyControl/gear_sonic/utils/inference_helpers.py:142:0
  %/Constant_23_output_0 : Long(4, strides=[1], requires_grad=0, device=cpu) = onnx::Constant[value=  1   1  10   6 [ CPULongType{4} ], onnx_name="/Constant_23"](), scope: gear_sonic.utils.inference_helpers.export_universal_token_module_as_onnx.<locals>.UniversalTokenWrapper:: # /srv/sonic/GR00T-WholeBodyControl/gear_sonic/utils/inference_helpers.py:143:0
  %/Reshape_2_output_0 : Float(1, 1, 10, 6, strides=[60, 60, 6, 1], requires_grad=0, device=cpu) = onnx::Reshape[onnx_name="/Reshape_2"](%/Slice_4_output_0, %/Constant_23_output_0), scope: gear_sonic.utils.inference_helpers.export_universal_token_module_as_onnx.<locals>.UniversalTokenWrapper:: # /srv/sonic/GR00T-WholeBodyControl/gear_sonic/utils/inference_helpers.py:143:0
  %/Concat_output_0 : Float(1, 1, 10, 84, strides=[840, 840, 84, 1], requires_grad=0, device=cpu) = onnx::Concat[axis=-1, onnx_name="/Concat"](%/Reshape_output_0, %/Reshape_1_output_0, %/Reshape_2_output_0), scope: gear_sonic.utils.inference_helpers.export_universal_token_module_as_onnx.<locals>.UniversalTokenWrapper:: # /srv/sonic/GR00T-WholeBodyControl/gear_sonic/trl/modules/universal_token_modules.py:635:0
  %/Constant_24_output_0 : Long(3, strides=[1], requires_grad=0, device=cpu) = onnx::Constant[value= -1  10  84 [ CPULongType{3} ], onnx_name="/Constant_24"](), scope: gear_sonic.utils.inference_helpers.export_universal_token_module_as_onnx.<locals>.UniversalTokenWrapper:: # /srv/sonic/GR00T-WholeBodyControl/gear_sonic/trl/modules/universal_token_modules.py:638:0
  %/Reshape_3_output_0 : Float(1, 10, 84, strides=[840, 84, 1], requires_grad=0, device=cpu) = onnx::Reshape[onnx_name="/Reshape_3"](%/Concat_output_0, %/Constant_24_output_0), scope: gear_sonic.utils.inference_helpers.export_universal_token_module_as_onnx.<locals>.UniversalTokenWrapper:: # /srv/sonic/GR00T-WholeBodyControl/gear_sonic/trl/modules/universal_token_modules.py:638:0
  %/smpl/Constant_output_0 : Long(2, strides=[1], requires_grad=0, device=cpu) = onnx::Constant[value=   1  840 [ CPULongType{2} ], onnx_name="/smpl/Constant"](), scope: gear_sonic.utils.inference_helpers.export_universal_token_module_as_onnx.<locals>.UniversalTokenWrapper::/gear_sonic.trl.modules.base_module.BaseModule::smpl # /srv/sonic/GR00T-WholeBodyControl/gear_sonic/trl/modules/base_module.py:554:0
  %/smpl/Reshape_output_0 : Float(1, 840, strides=[840, 1], requires_grad=0, device=cpu) = onnx::Reshape[onnx_name="/smpl/Reshape"](%/Reshape_3_output_0, %/smpl/Constant_output_0), scope: gear_sonic.utils.inference_helpers.export_universal_token_module_as_onnx.<locals>.UniversalTokenWrapper::/gear_sonic.trl.modules.base_module.BaseModule::smpl # /srv/sonic/GR00T-WholeBodyControl/gear_sonic/trl/modules/base_module.py:554:0
  %/smpl/module/module.0/Gemm_output_0 : Float(1, 2048, strides=[2048, 1], requires_grad=0, device=cpu) = onnx::Gemm[alpha=1., beta=1., transB=1, onnx_name="/smpl/module/module.0/Gemm"](%/smpl/Reshape_output_0, %module.encoders.smpl.module.0.weight, %module.encoders.smpl.module.0.bias), scope: gear_sonic.utils.inference_helpers.export_universal_token_module_as_onnx.<locals>.UniversalTokenWrapper::/gear_sonic.trl.modules.base_module.BaseModule::smpl/torch.nn.modules.container.Sequential::module/torch.nn.modules.linear.Linear::module.0 # /srv/sonic/env_isaaclab/lib/python3.11/site-packages/torch/nn/modules/linear.py:125:0
  %/smpl/module/module.1/Sigmoid_output_0 : Float(1, 2048, strides=[2048, 1], device=cpu) = onnx::Sigmoid[onnx_name="/smpl/module/module.1/Sigmoid"](%/smpl/module/module.0/Gemm_output_0), scope: gear_sonic.utils.inference_helpers.export_universal_token_module_as_onnx.<locals>.UniversalTokenWrapper::/gear_sonic.trl.modules.base_module.BaseModule::smpl/torch.nn.modules.container.Sequential::module/torch.nn.modules.activation.SiLU::module.1 # /srv/sonic/env_isaaclab/lib/python3.11/site-packages/torch/nn/functional.py:2380:0
  %/smpl/module/module.1/Mul_output_0 : Float(1, 2048, strides=[2048, 1], requires_grad=0, device=cpu) = onnx::Mul[onnx_name="/smpl/module/module.1/Mul"](%/smpl/module/module.0/Gemm_output_0, %/smpl/module/module.1/Sigmoid_output_0), scope: gear_sonic.utils.inference_helpers.export_universal_token_module_as_onnx.<locals>.UniversalTokenWrapper::/gear_sonic.trl.modules.base_module.BaseModule::smpl/torch.nn.modules.container.Sequential::module/torch.nn.modules.activation.SiLU::module.1 # /srv/sonic/env_isaaclab/lib/python3.11/site-packages/torch/nn/functional.py:2380:0
  %/smpl/module/module.2/Gemm_output_0 : Float(1, 1024, strides=[1024, 1], requires_grad=0, device=cpu) = onnx::Gemm[alpha=1., beta=1., transB=1, onnx_name="/smpl/module/module.2/Gemm"](%/smpl/module/module.1/Mul_output_0, %module.encoders.smpl.module.2.weight, %module.encoders.smpl.module.2.bias), scope: gear_sonic.utils.inference_helpers.export_universal_token_module_as_onnx.<locals>.UniversalTokenWrapper::/gear_sonic.trl.modules.base_module.BaseModule::smpl/torch.nn.modules.container.Sequential::module/torch.nn.modules.linear.Linear::module.2 # /srv/sonic/env_isaaclab/lib/python3.11/site-packages/torch/nn/modules/linear.py:125:0
  %/smpl/module/module.1_1/Sigmoid_output_0 : Float(1, 1024, strides=[1024, 1], device=cpu) = onnx::Sigmoid[onnx_name="/smpl/module/module.1_1/Sigmoid"](%/smpl/module/module.2/Gemm_output_0), scope: gear_sonic.utils.inference_helpers.export_universal_token_module_as_onnx.<locals>.UniversalTokenWrapper::/gear_sonic.trl.modules.base_module.BaseModule::smpl/torch.nn.modules.container.Sequential::module/torch.nn.modules.activation.SiLU::module.1 # /srv/sonic/env_isaaclab/lib/python3.11/site-packages/torch/nn/functional.py:2380:0
  %/smpl/module/module.1_1/Mul_output_0 : Float(1, 1024, strides=[1024, 1], requires_grad=0, device=cpu) = onnx::Mul[onnx_name="/smpl/module/module.1_1/Mul"](%/smpl/module/module.2/Gemm_output_0, %/smpl/module/module.1_1/Sigmoid_output_0), scope: gear_sonic.utils.inference_helpers.export_universal_token_module_as_onnx.<locals>.UniversalTokenWrapper::/gear_sonic.trl.modules.base_module.BaseModule::smpl/torch.nn.modules.container.Sequential::module/torch.nn.modules.activation.SiLU::module.1 # /srv/sonic/env_isaaclab/lib/python3.11/site-packages/torch/nn/functional.py:2380:0
  %/smpl/module/module.4/Gemm_output_0 : Float(1, 512, strides=[512, 1], requires_grad=0, device=cpu) = onnx::Gemm[alpha=1., beta=1., transB=1, onnx_name="/smpl/module/module.4/Gemm"](%/smpl/module/module.1_1/Mul_output_0, %module.encoders.smpl.module.4.weight, %module.encoders.smpl.module.4.bias), scope: gear_sonic.utils.inference_helpers.export_universal_token_module_as_onnx.<locals>.UniversalTokenWrapper::/gear_sonic.trl.modules.base_module.BaseModule::smpl/torch.nn.modules.container.Sequential::module/torch.nn.modules.linear.Linear::module.4 # /srv/sonic/env_isaaclab/lib/python3.11/site-packages/torch/nn/modules/linear.py:125:0
  %/smpl/module/module.1_2/Sigmoid_output_0 : Float(1, 512, strides=[512, 1], device=cpu) = onnx::Sigmoid[onnx_name="/smpl/module/module.1_2/Sigmoid"](%/smpl/module/module.4/Gemm_output_0), scope: gear_sonic.utils.inference_helpers.export_universal_token_module_as_onnx.<locals>.UniversalTokenWrapper::/gear_sonic.trl.modules.base_module.BaseModule::smpl/torch.nn.modules.container.Sequential::module/torch.nn.modules.activation.SiLU::module.1 # /srv/sonic/env_isaaclab/lib/python3.11/site-packages/torch/nn/functional.py:2380:0
  %/smpl/module/module.1_2/Mul_output_0 : Float(1, 512, strides=[512, 1], requires_grad=0, device=cpu) = onnx::Mul[onnx_name="/smpl/module/module.1_2/Mul"](%/smpl/module/module.4/Gemm_output_0, %/smpl/module/module.1_2/Sigmoid_output_0), scope: gear_sonic.utils.inference_helpers.export_universal_token_module_as_onnx.<locals>.UniversalTokenWrapper::/gear_sonic.trl.modules.base_module.BaseModule::smpl/torch.nn.modules.container.Sequential::module/torch.nn.modules.activation.SiLU::module.1 # /srv/sonic/env_isaaclab/lib/python3.11/site-packages/torch/nn/functional.py:2380:0
  %/smpl/module/module.6/Gemm_output_0 : Float(1, 512, strides=[512, 1], requires_grad=0, device=cpu) = onnx::Gemm[alpha=1., beta=1., transB=1, onnx_name="/smpl/module/module.6/Gemm"](%/smpl/module/module.1_2/Mul_output_0, %module.encoders.smpl.module.6.weight, %module.encoders.smpl.module.6.bias), scope: gear_sonic.utils.inference_helpers.export_universal_token_module_as_onnx.<locals>.UniversalTokenWrapper::/gear_sonic.trl.modules.base_module.BaseModule::smpl/torch.nn.modules.container.Sequential::module/torch.nn.modules.linear.Linear::module.6 # /srv/sonic/env_isaaclab/lib/python3.11/site-packages/torch/nn/modules/linear.py:125:0
  %/smpl/module/module.1_3/Sigmoid_output_0 : Float(1, 512, strides=[512, 1], device=cpu) = onnx::Sigmoid[onnx_name="/smpl/module/module.1_3/Sigmoid"](%/smpl/module/module.6/Gemm_output_0), scope: gear_sonic.utils.inference_helpers.export_universal_token_module_as_onnx.<locals>.UniversalTokenWrapper::/gear_sonic.trl.modules.base_module.BaseModule::smpl/torch.nn.modules.container.Sequential::module/torch.nn.modules.activation.SiLU::module.1 # /srv/sonic/env_isaaclab/lib/python3.11/site-packages/torch/nn/functional.py:2380:0
  %/smpl/module/module.1_3/Mul_output_0 : Float(1, 512, strides=[512, 1], requires_grad=0, device=cpu) = onnx::Mul[onnx_name="/smpl/module/module.1_3/Mul"](%/smpl/module/module.6/Gemm_output_0, %/smpl/module/module.1_3/Sigmoid_output_0), scope: gear_sonic.utils.inference_helpers.export_universal_token_module_as_onnx.<locals>.UniversalTokenWrapper::/gear_sonic.trl.modules.base_module.BaseModule::smpl/torch.nn.modules.container.Sequential::module/torch.nn.modules.activation.SiLU::module.1 # /srv/sonic/env_isaaclab/lib/python3.11/site-packages/torch/nn/functional.py:2380:0
  %/smpl/module/module.8/Gemm_output_0 : Float(1, 64, strides=[64, 1], requires_grad=0, device=cpu) = onnx::Gemm[alpha=1., beta=1., transB=1, onnx_name="/smpl/module/module.8/Gemm"](%/smpl/module/module.1_3/Mul_output_0, %module.encoders.smpl.module.8.weight, %module.encoders.smpl.module.8.bias), scope: gear_sonic.utils.inference_helpers.export_universal_token_module_as_onnx.<locals>.UniversalTokenWrapper::/gear_sonic.trl.modules.base_module.BaseModule::smpl/torch.nn.modules.container.Sequential::module/torch.nn.modules.linear.Linear::module.8 # /srv/sonic/env_isaaclab/lib/python3.11/site-packages/torch/nn/modules/linear.py:125:0
  %/smpl/Constant_1_output_0 : Long(3, strides=[1], requires_grad=0, device=cpu) = onnx::Constant[value=  1   2  32 [ CPULongType{3} ], onnx_name="/smpl/Constant_1"](), scope: gear_sonic.utils.inference_helpers.export_universal_token_module_as_onnx.<locals>.UniversalTokenWrapper::/gear_sonic.trl.modules.base_module.BaseModule::smpl # /srv/sonic/GR00T-WholeBodyControl/gear_sonic/trl/modules/base_module.py:557:0
  %/smpl/Reshape_1_output_0 : Float(1, 2, 32, strides=[64, 32, 1], requires_grad=0, device=cpu) = onnx::Reshape[onnx_name="/smpl/Reshape_1"](%/smpl/module/module.8/Gemm_output_0, %/smpl/Constant_1_output_0), scope: gear_sonic.utils.inference_helpers.export_universal_token_module_as_onnx.<locals>.UniversalTokenWrapper::/gear_sonic.trl.modules.base_module.BaseModule::smpl # /srv/sonic/GR00T-WholeBodyControl/gear_sonic/trl/modules/base_module.py:557:0
  %/quantizer/Constant_output_0 : Long(4, strides=[1], requires_grad=0, device=cpu) = onnx::Constant[value=  1   2   1  32 [ CPULongType{4} ], onnx_name="/quantizer/Constant"](), scope: gear_sonic.utils.inference_helpers.export_universal_token_module_as_onnx.<locals>.UniversalTokenWrapper::/vector_quantize_pytorch.finite_scalar_quantization.FSQ::quantizer # /srv/sonic/env_isaaclab/lib/python3.11/site-packages/einops/_backends.py:96:0
  %/quantizer/Reshape_output_0 : Float(1, 2, 1, 32, strides=[64, 32, 32, 1], requires_grad=0, device=cpu) = onnx::Reshape[onnx_name="/quantizer/Reshape"](%/smpl/Reshape_1_output_0, %/quantizer/Constant_output_0), scope: gear_sonic.utils.inference_helpers.export_universal_token_module_as_onnx.<locals>.UniversalTokenWrapper::/vector_quantize_pytorch.finite_scalar_quantization.FSQ::quantizer # /srv/sonic/env_isaaclab/lib/python3.11/site-packages/einops/_backends.py:96:0
  %/quantizer/Constant_1_output_0 : Float(32, strides=[1], requires_grad=0, device=cpu) = onnx::Constant[value=<Tensor>, onnx_name="/quantizer/Constant_1"](), scope: gear_sonic.utils.inference_helpers.export_universal_token_module_as_onnx.<locals>.UniversalTokenWrapper::/vector_quantize_pytorch.finite_scalar_quantization.FSQ::quantizer # /srv/sonic/env_isaaclab/lib/python3.11/site-packages/vector_quantize_pytorch/finite_scalar_quantization.py:155:0
  %/quantizer/Add_output_0 : Float(1, 2, 1, 32, strides=[64, 32, 32, 1], requires_grad=0, device=cpu) = onnx::Add[onnx_name="/quantizer/Add"](%/quantizer/Reshape_output_0, %/quantizer/Constant_1_output_0), scope: gear_sonic.utils.inference_helpers.export_universal_token_module_as_onnx.<locals>.UniversalTokenWrapper::/vector_quantize_pytorch.finite_scalar_quantization.FSQ::quantizer # /srv/sonic/env_isaaclab/lib/python3.11/site-packages/vector_quantize_pytorch/finite_scalar_quantization.py:155:0
  %/quantizer/Tanh_output_0 : Float(1, 2, 1, 32, strides=[64, 32, 32, 1], requires_grad=0, device=cpu) = onnx::Tanh[onnx_name="/quantizer/Tanh"](%/quantizer/Add_output_0), scope: gear_sonic.utils.inference_helpers.export_universal_token_module_as_onnx.<locals>.UniversalTokenWrapper::/vector_quantize_pytorch.finite_scalar_quantization.FSQ::quantizer # /srv/sonic/env_isaaclab/lib/python3.11/site-packages/vector_quantize_pytorch/finite_scalar_quantization.py:155:0
  %/quantizer/Constant_2_output_0 : Float(32, strides=[1], requires_grad=0, device=cpu) = onnx::Constant[value=<Tensor>, onnx_name="/quantizer/Constant_2"](), scope: gear_sonic.utils.inference_helpers.export_universal_token_module_as_onnx.<locals>.UniversalTokenWrapper::/vector_quantize_pytorch.finite_scalar_quantization.FSQ::quantizer # /srv/sonic/env_isaaclab/lib/python3.11/site-packages/vector_quantize_pytorch/finite_scalar_quantization.py:155:0
  %/quantizer/Mul_output_0 : Float(1, 2, 1, 32, strides=[64, 32, 32, 1], requires_grad=0, device=cpu) = onnx::Mul[onnx_name="/quantizer/Mul"](%/quantizer/Tanh_output_0, %/quantizer/Constant_2_output_0), scope: gear_sonic.utils.inference_helpers.export_universal_token_module_as_onnx.<locals>.UniversalTokenWrapper::/vector_quantize_pytorch.finite_scalar_quantization.FSQ::quantizer # /srv/sonic/env_isaaclab/lib/python3.11/site-packages/vector_quantize_pytorch/finite_scalar_quantization.py:155:0
  %/quantizer/Constant_3_output_0 : Float(32, strides=[1], requires_grad=0, device=cpu) = onnx::Constant[value=<Tensor>, onnx_name="/quantizer/Constant_3"](), scope: gear_sonic.utils.inference_helpers.export_universal_token_module_as_onnx.<locals>.UniversalTokenWrapper::/vector_quantize_pytorch.finite_scalar_quantization.FSQ::quantizer # /srv/sonic/env_isaaclab/lib/python3.11/site-packages/vector_quantize_pytorch/finite_scalar_quantization.py:155:0
  %/quantizer/Sub_output_0 : Float(1, 2, 1, 32, strides=[64, 32, 32, 1], requires_grad=0, device=cpu) = onnx::Sub[onnx_name="/quantizer/Sub"](%/quantizer/Mul_output_0, %/quantizer/Constant_3_output_0), scope: gear_sonic.utils.inference_helpers.export_universal_token_module_as_onnx.<locals>.UniversalTokenWrapper::/vector_quantize_pytorch.finite_scalar_quantization.FSQ::quantizer # /srv/sonic/env_isaaclab/lib/python3.11/site-packages/vector_quantize_pytorch/finite_scalar_quantization.py:155:0
  %/quantizer/Round_output_0 : Float(1, 2, 1, 32, strides=[64, 32, 32, 1], requires_grad=0, device=cpu) = onnx::Round[onnx_name="/quantizer/Round"](%/quantizer/Sub_output_0), scope: gear_sonic.utils.inference_helpers.export_universal_token_module_as_onnx.<locals>.UniversalTokenWrapper::/vector_quantize_pytorch.finite_scalar_quantization.FSQ::quantizer # /srv/sonic/env_isaaclab/lib/python3.11/site-packages/vector_quantize_pytorch/finite_scalar_quantization.py:54:0
  %/quantizer/Sub_1_output_0 : Float(1, 2, 1, 32, strides=[64, 32, 32, 1], requires_grad=0, device=cpu) = onnx::Sub[onnx_name="/quantizer/Sub_1"](%/quantizer/Round_output_0, %/quantizer/Sub_output_0), scope: gear_sonic.utils.inference_helpers.export_universal_token_module_as_onnx.<locals>.UniversalTokenWrapper::/vector_quantize_pytorch.finite_scalar_quantization.FSQ::quantizer # /srv/sonic/env_isaaclab/lib/python3.11/site-packages/vector_quantize_pytorch/finite_scalar_quantization.py:55:0
  %/quantizer/Add_1_output_0 : Float(1, 2, 1, 32, strides=[64, 32, 32, 1], requires_grad=0, device=cpu) = onnx::Add[onnx_name="/quantizer/Add_1"](%/quantizer/Sub_output_0, %/quantizer/Sub_1_output_0), scope: gear_sonic.utils.inference_helpers.export_universal_token_module_as_onnx.<locals>.UniversalTokenWrapper::/vector_quantize_pytorch.finite_scalar_quantization.FSQ::quantizer # /srv/sonic/env_isaaclab/lib/python3.11/site-packages/vector_quantize_pytorch/finite_scalar_quantization.py:55:0
  %/quantizer/Constant_4_output_0 : Float(32, strides=[1], requires_grad=0, device=cpu) = onnx::Constant[value=<Tensor>, onnx_name="/quantizer/Constant_4"](), scope: gear_sonic.utils.inference_helpers.export_universal_token_module_as_onnx.<locals>.UniversalTokenWrapper::/vector_quantize_pytorch.finite_scalar_quantization.FSQ::quantizer # /srv/sonic/env_isaaclab/lib/python3.11/site-packages/vector_quantize_pytorch/finite_scalar_quantization.py:157:0
  %/quantizer/Div_output_0 : Float(1, 2, 1, 32, strides=[64, 32, 32, 1], requires_grad=0, device=cpu) = onnx::Div[onnx_name="/quantizer/Div"](%/quantizer/Add_1_output_0, %/quantizer/Constant_4_output_0), scope: gear_sonic.utils.inference_helpers.export_universal_token_module_as_onnx.<locals>.UniversalTokenWrapper::/vector_quantize_pytorch.finite_scalar_quantization.FSQ::quantizer # /srv/sonic/env_isaaclab/lib/python3.11/site-packages/vector_quantize_pytorch/finite_scalar_quantization.py:157:0
  %/quantizer/Constant_5_output_0 : Long(3, strides=[1], requires_grad=0, device=cpu) = onnx::Constant[value=  1   2  32 [ CPULongType{3} ], onnx_name="/quantizer/Constant_5"](), scope: gear_sonic.utils.inference_helpers.export_universal_token_module_as_onnx.<locals>.UniversalTokenWrapper::/vector_quantize_pytorch.finite_scalar_quantization.FSQ::quantizer # /srv/sonic/env_isaaclab/lib/python3.11/site-packages/einops/_backends.py:96:0
  %/quantizer/Reshape_1_output_0 : Float(1, 2, 32, strides=[64, 32, 1], requires_grad=0, device=cpu) = onnx::Reshape[onnx_name="/quantizer/Reshape_1"](%/quantizer/Div_output_0, %/quantizer/Constant_5_output_0), scope: gear_sonic.utils.inference_helpers.export_universal_token_module_as_onnx.<locals>.UniversalTokenWrapper::/vector_quantize_pytorch.finite_scalar_quantization.FSQ::quantizer # /srv/sonic/env_isaaclab/lib/python3.11/site-packages/einops/_backends.py:96:0
  %/quantizer/Cast_output_0 : Float(1, 2, 32, strides=[64, 32, 1], requires_grad=0, device=cpu) = onnx::Cast[to=1, onnx_name="/quantizer/Cast"](%/quantizer/Reshape_1_output_0), scope: gear_sonic.utils.inference_helpers.export_universal_token_module_as_onnx.<locals>.UniversalTokenWrapper::/vector_quantize_pytorch.finite_scalar_quantization.FSQ::quantizer # /srv/sonic/env_isaaclab/lib/python3.11/site-packages/vector_quantize_pytorch/finite_scalar_quantization.py:301:0
  %/Constant_25_output_0 : Long(1, strides=[1], device=cpu) = onnx::Constant[value={1}, onnx_name="/Constant_25"](), scope: gear_sonic.utils.inference_helpers.export_universal_token_module_as_onnx.<locals>.UniversalTokenWrapper:: # /srv/sonic/GR00T-WholeBodyControl/gear_sonic/utils/inference_helpers.py:156:0
  %/Unsqueeze_1_output_0 : Float(1, 1, 2, 32, strides=[64, 64, 32, 1], requires_grad=0, device=cpu) = onnx::Unsqueeze[onnx_name="/Unsqueeze_1"](%/quantizer/Cast_output_0, %/Constant_25_output_0), scope: gear_sonic.utils.inference_helpers.export_universal_token_module_as_onnx.<locals>.UniversalTokenWrapper:: # /srv/sonic/GR00T-WholeBodyControl/gear_sonic/utils/inference_helpers.py:156:0
  %/Shape_output_0 : Long(4, strides=[1], device=cpu) = onnx::Shape[onnx_name="/Shape"](%/Unsqueeze_1_output_0), scope: gear_sonic.utils.inference_helpers.export_universal_token_module_as_onnx.<locals>.UniversalTokenWrapper:: # /srv/sonic/GR00T-WholeBodyControl/gear_sonic/utils/inference_helpers.py:161:0
  %/Constant_26_output_0 : Long(1, strides=[1], device=cpu) = onnx::Constant[value={0}, onnx_name="/Constant_26"](), scope: gear_sonic.utils.inference_helpers.export_universal_token_module_as_onnx.<locals>.UniversalTokenWrapper:: # /srv/sonic/GR00T-WholeBodyControl/gear_sonic/utils/inference_helpers.py:161:0
  %/Constant_27_output_0 : Long(1, strides=[1], device=cpu) = onnx::Constant[value={0}, onnx_name="/Constant_27"](), scope: gear_sonic.utils.inference_helpers.export_universal_token_module_as_onnx.<locals>.UniversalTokenWrapper:: # /srv/sonic/GR00T-WholeBodyControl/gear_sonic/utils/inference_helpers.py:161:0
  %/Constant_28_output_0 : Long(1, strides=[1], device=cpu) = onnx::Constant[value={-2}, onnx_name="/Constant_28"](), scope: gear_sonic.utils.inference_helpers.export_universal_token_module_as_onnx.<locals>.UniversalTokenWrapper:: # /srv/sonic/GR00T-WholeBodyControl/gear_sonic/utils/inference_helpers.py:161:0
  %/Slice_5_output_0 : Long(2, strides=[1], device=cpu) = onnx::Slice[onnx_name="/Slice_5"](%/Shape_output_0, %/Constant_27_output_0, %/Constant_28_output_0, %/Constant_26_output_0), scope: gear_sonic.utils.inference_helpers.export_universal_token_module_as_onnx.<locals>.UniversalTokenWrapper:: # /srv/sonic/GR00T-WholeBodyControl/gear_sonic/utils/inference_helpers.py:161:0
  %/Constant_29_output_0 : Long(1, strides=[1], requires_grad=0, device=cpu) = onnx::Constant[value={-1}, onnx_name="/Constant_29"](), scope: gear_sonic.utils.inference_helpers.export_universal_token_module_as_onnx.<locals>.UniversalTokenWrapper:: # /srv/sonic/GR00T-WholeBodyControl/gear_sonic/utils/inference_helpers.py:161:0
  %/Concat_1_output_0 : Long(3, strides=[1], device=cpu) = onnx::Concat[axis=0, onnx_name="/Concat_1"](%/Slice_5_output_0, %/Constant_29_output_0), scope: gear_sonic.utils.inference_helpers.export_universal_token_module_as_onnx.<locals>.UniversalTokenWrapper:: # /srv/sonic/GR00T-WholeBodyControl/gear_sonic/utils/inference_helpers.py:161:0
  %/Reshape_4_output_0 : Float(1, 1, 64, strides=[64, 64, 1], requires_grad=0, device=cpu) = onnx::Reshape[onnx_name="/Reshape_4"](%/Unsqueeze_1_output_0, %/Concat_1_output_0), scope: gear_sonic.utils.inference_helpers.export_universal_token_module_as_onnx.<locals>.UniversalTokenWrapper:: # /srv/sonic/GR00T-WholeBodyControl/gear_sonic/utils/inference_helpers.py:161:0
  %/Concat_2_output_0 : Float(1, 1, 994, strides=[994, 994, 1], requires_grad=0, device=cpu) = onnx::Concat[axis=-1, onnx_name="/Concat_2"](%/Reshape_4_output_0, %/Slice_1_output_0), scope: gear_sonic.utils.inference_helpers.export_universal_token_module_as_onnx.<locals>.UniversalTokenWrapper:: # /srv/sonic/GR00T-WholeBodyControl/gear_sonic/trl/modules/universal_token_modules.py:729:0
  %/g1_dyn/module/module.0/MatMul_output_0 : Float(1, 1, 2048, strides=[2048, 2048, 1], device=cpu) = onnx::MatMul[onnx_name="/g1_dyn/module/module.0/MatMul"](%/Concat_2_output_0, %onnx::MatMul_338), scope: gear_sonic.utils.inference_helpers.export_universal_token_module_as_onnx.<locals>.UniversalTokenWrapper::/gear_sonic.trl.modules.base_module.BaseModule::g1_dyn/torch.nn.modules.container.Sequential::module/torch.nn.modules.linear.Linear::module.0 # /srv/sonic/env_isaaclab/lib/python3.11/site-packages/torch/nn/modules/linear.py:125:0
  %/g1_dyn/module/module.0/Add_output_0 : Float(1, 1, 2048, strides=[2048, 2048, 1], requires_grad=0, device=cpu) = onnx::Add[onnx_name="/g1_dyn/module/module.0/Add"](%module.decoders.g1_dyn.module.0.bias, %/g1_dyn/module/module.0/MatMul_output_0), scope: gear_sonic.utils.inference_helpers.export_universal_token_module_as_onnx.<locals>.UniversalTokenWrapper::/gear_sonic.trl.modules.base_module.BaseModule::g1_dyn/torch.nn.modules.container.Sequential::module/torch.nn.modules.linear.Linear::module.0 # /srv/sonic/env_isaaclab/lib/python3.11/site-packages/torch/nn/modules/linear.py:125:0
  %/g1_dyn/module/module.1/Sigmoid_output_0 : Float(1, 1, 2048, strides=[2048, 2048, 1], device=cpu) = onnx::Sigmoid[onnx_name="/g1_dyn/module/module.1/Sigmoid"](%/g1_dyn/module/module.0/Add_output_0), scope: gear_sonic.utils.inference_helpers.export_universal_token_module_as_onnx.<locals>.UniversalTokenWrapper::/gear_sonic.trl.modules.base_module.BaseModule::g1_dyn/torch.nn.modules.container.Sequential::module/torch.nn.modules.activation.SiLU::module.1 # /srv/sonic/env_isaaclab/lib/python3.11/site-packages/torch/nn/functional.py:2380:0
  %/g1_dyn/module/module.1/Mul_output_0 : Float(1, 1, 2048, strides=[2048, 2048, 1], requires_grad=0, device=cpu) = onnx::Mul[onnx_name="/g1_dyn/module/module.1/Mul"](%/g1_dyn/module/module.0/Add_output_0, %/g1_dyn/module/module.1/Sigmoid_output_0), scope: gear_sonic.utils.inference_helpers.export_universal_token_module_as_onnx.<locals>.UniversalTokenWrapper::/gear_sonic.trl.modules.base_module.BaseModule::g1_dyn/torch.nn.modules.container.Sequential::module/torch.nn.modules.activation.SiLU::module.1 # /srv/sonic/env_isaaclab/lib/python3.11/site-packages/torch/nn/functional.py:2380:0
  %/g1_dyn/module/module.2/MatMul_output_0 : Float(1, 1, 2048, strides=[2048, 2048, 1], device=cpu) = onnx::MatMul[onnx_name="/g1_dyn/module/module.2/MatMul"](%/g1_dyn/module/module.1/Mul_output_0, %onnx::MatMul_339), scope: gear_sonic.utils.inference_helpers.export_universal_token_module_as_onnx.<locals>.UniversalTokenWrapper::/gear_sonic.trl.modules.base_module.BaseModule::g1_dyn/torch.nn.modules.container.Sequential::module/torch.nn.modules.linear.Linear::module.2 # /srv/sonic/env_isaaclab/lib/python3.11/site-packages/torch/nn/modules/linear.py:125:0
  %/g1_dyn/module/module.2/Add_output_0 : Float(1, 1, 2048, strides=[2048, 2048, 1], requires_grad=0, device=cpu) = onnx::Add[onnx_name="/g1_dyn/module/module.2/Add"](%module.decoders.g1_dyn.module.2.bias, %/g1_dyn/module/module.2/MatMul_output_0), scope: gear_sonic.utils.inference_helpers.export_universal_token_module_as_onnx.<locals>.UniversalTokenWrapper::/gear_sonic.trl.modules.base_module.BaseModule::g1_dyn/torch.nn.modules.container.Sequential::module/torch.nn.modules.linear.Linear::module.2 # /srv/sonic/env_isaaclab/lib/python3.11/site-packages/torch/nn/modules/linear.py:125:0
  %/g1_dyn/module/module.1_1/Sigmoid_output_0 : Float(1, 1, 2048, strides=[2048, 2048, 1], device=cpu) = onnx::Sigmoid[onnx_name="/g1_dyn/module/module.1_1/Sigmoid"](%/g1_dyn/module/module.2/Add_output_0), scope: gear_sonic.utils.inference_helpers.export_universal_token_module_as_onnx.<locals>.UniversalTokenWrapper::/gear_sonic.trl.modules.base_module.BaseModule::g1_dyn/torch.nn.modules.container.Sequential::module/torch.nn.modules.activation.SiLU::module.1 # /srv/sonic/env_isaaclab/lib/python3.11/site-packages/torch/nn/functional.py:2380:0
  %/g1_dyn/module/module.1_1/Mul_output_0 : Float(1, 1, 2048, strides=[2048, 2048, 1], requires_grad=0, device=cpu) = onnx::Mul[onnx_name="/g1_dyn/module/module.1_1/Mul"](%/g1_dyn/module/module.2/Add_output_0, %/g1_dyn/module/module.1_1/Sigmoid_output_0), scope: gear_sonic.utils.inference_helpers.export_universal_token_module_as_onnx.<locals>.UniversalTokenWrapper::/gear_sonic.trl.modules.base_module.BaseModule::g1_dyn/torch.nn.modules.container.Sequential::module/torch.nn.modules.activation.SiLU::module.1 # /srv/sonic/env_isaaclab/lib/python3.11/site-packages/torch/nn/functional.py:2380:0
  %/g1_dyn/module/module.4/MatMul_output_0 : Float(1, 1, 1024, strides=[1024, 1024, 1], device=cpu) = onnx::MatMul[onnx_name="/g1_dyn/module/module.4/MatMul"](%/g1_dyn/module/module.1_1/Mul_output_0, %onnx::MatMul_340), scope: gear_sonic.utils.inference_helpers.export_universal_token_module_as_onnx.<locals>.UniversalTokenWrapper::/gear_sonic.trl.modules.base_module.BaseModule::g1_dyn/torch.nn.modules.container.Sequential::module/torch.nn.modules.linear.Linear::module.4 # /srv/sonic/env_isaaclab/lib/python3.11/site-packages/torch/nn/modules/linear.py:125:0
  %/g1_dyn/module/module.4/Add_output_0 : Float(1, 1, 1024, strides=[1024, 1024, 1], requires_grad=0, device=cpu) = onnx::Add[onnx_name="/g1_dyn/module/module.4/Add"](%module.decoders.g1_dyn.module.4.bias, %/g1_dyn/module/module.4/MatMul_output_0), scope: gear_sonic.utils.inference_helpers.export_universal_token_module_as_onnx.<locals>.UniversalTokenWrapper::/gear_sonic.trl.modules.base_module.BaseModule::g1_dyn/torch.nn.modules.container.Sequential::module/torch.nn.modules.linear.Linear::module.4 # /srv/sonic/env_isaaclab/lib/python3.11/site-packages/torch/nn/modules/linear.py:125:0
  %/g1_dyn/module/module.1_2/Sigmoid_output_0 : Float(1, 1, 1024, strides=[1024, 1024, 1], device=cpu) = onnx::Sigmoid[onnx_name="/g1_dyn/module/module.1_2/Sigmoid"](%/g1_dyn/module/module.4/Add_output_0), scope: gear_sonic.utils.inference_helpers.export_universal_token_module_as_onnx.<locals>.UniversalTokenWrapper::/gear_sonic.trl.modules.base_module.BaseModule::g1_dyn/torch.nn.modules.container.Sequential::module/torch.nn.modules.activation.SiLU::module.1 # /srv/sonic/env_isaaclab/lib/python3.11/site-packages/torch/nn/functional.py:2380:0
  %/g1_dyn/module/module.1_2/Mul_output_0 : Float(1, 1, 1024, strides=[1024, 1024, 1], requires_grad=0, device=cpu) = onnx::Mul[onnx_name="/g1_dyn/module/module.1_2/Mul"](%/g1_dyn/module/module.4/Add_output_0, %/g1_dyn/module/module.1_2/Sigmoid_output_0), scope: gear_sonic.utils.inference_helpers.export_universal_token_module_as_onnx.<locals>.UniversalTokenWrapper::/gear_sonic.trl.modules.base_module.BaseModule::g1_dyn/torch.nn.modules.container.Sequential::module/torch.nn.modules.activation.SiLU::module.1 # /srv/sonic/env_isaaclab/lib/python3.11/site-packages/torch/nn/functional.py:2380:0
  %/g1_dyn/module/module.6/MatMul_output_0 : Float(1, 1, 1024, strides=[1024, 1024, 1], device=cpu) = onnx::MatMul[onnx_name="/g1_dyn/module/module.6/MatMul"](%/g1_dyn/module/module.1_2/Mul_output_0, %onnx::MatMul_341), scope: gear_sonic.utils.inference_helpers.export_universal_token_module_as_onnx.<locals>.UniversalTokenWrapper::/gear_sonic.trl.modules.base_module.BaseModule::g1_dyn/torch.nn.modules.container.Sequential::module/torch.nn.modules.linear.Linear::module.6 # /srv/sonic/env_isaaclab/lib/python3.11/site-packages/torch/nn/modules/linear.py:125:0
  %/g1_dyn/module/module.6/Add_output_0 : Float(1, 1, 1024, strides=[1024, 1024, 1], requires_grad=0, device=cpu) = onnx::Add[onnx_name="/g1_dyn/module/module.6/Add"](%module.decoders.g1_dyn.module.6.bias, %/g1_dyn/module/module.6/MatMul_output_0), scope: gear_sonic.utils.inference_helpers.export_universal_token_module_as_onnx.<locals>.UniversalTokenWrapper::/gear_sonic.trl.modules.base_module.BaseModule::g1_dyn/torch.nn.modules.container.Sequential::module/torch.nn.modules.linear.Linear::module.6 # /srv/sonic/env_isaaclab/lib/python3.11/site-packages/torch/nn/modules/linear.py:125:0
  %/g1_dyn/module/module.1_3/Sigmoid_output_0 : Float(1, 1, 1024, strides=[1024, 1024, 1], device=cpu) = onnx::Sigmoid[onnx_name="/g1_dyn/module/module.1_3/Sigmoid"](%/g1_dyn/module/module.6/Add_output_0), scope: gear_sonic.utils.inference_helpers.export_universal_token_module_as_onnx.<locals>.UniversalTokenWrapper::/gear_sonic.trl.modules.base_module.BaseModule::g1_dyn/torch.nn.modules.container.Sequential::module/torch.nn.modules.activation.SiLU::module.1 # /srv/sonic/env_isaaclab/lib/python3.11/site-packages/torch/nn/functional.py:2380:0
  %/g1_dyn/module/module.1_3/Mul_output_0 : Float(1, 1, 1024, strides=[1024, 1024, 1], requires_grad=0, device=cpu) = onnx::Mul[onnx_name="/g1_dyn/module/module.1_3/Mul"](%/g1_dyn/module/module.6/Add_output_0, %/g1_dyn/module/module.1_3/Sigmoid_output_0), scope: gear_sonic.utils.inference_helpers.export_universal_token_module_as_onnx.<locals>.UniversalTokenWrapper::/gear_sonic.trl.modules.base_module.BaseModule::g1_dyn/torch.nn.modules.container.Sequential::module/torch.nn.modules.activation.SiLU::module.1 # /srv/sonic/env_isaaclab/lib/python3.11/site-packages/torch/nn/functional.py:2380:0
  %/g1_dyn/module/module.8/MatMul_output_0 : Float(1, 1, 512, strides=[512, 512, 1], device=cpu) = onnx::MatMul[onnx_name="/g1_dyn/module/module.8/MatMul"](%/g1_dyn/module/module.1_3/Mul_output_0, %onnx::MatMul_342), scope: gear_sonic.utils.inference_helpers.export_universal_token_module_as_onnx.<locals>.UniversalTokenWrapper::/gear_sonic.trl.modules.base_module.BaseModule::g1_dyn/torch.nn.modules.container.Sequential::module/torch.nn.modules.linear.Linear::module.8 # /srv/sonic/env_isaaclab/lib/python3.11/site-packages/torch/nn/modules/linear.py:125:0
  %/g1_dyn/module/module.8/Add_output_0 : Float(1, 1, 512, strides=[512, 512, 1], requires_grad=0, device=cpu) = onnx::Add[onnx_name="/g1_dyn/module/module.8/Add"](%module.decoders.g1_dyn.module.8.bias, %/g1_dyn/module/module.8/MatMul_output_0), scope: gear_sonic.utils.inference_helpers.export_universal_token_module_as_onnx.<locals>.UniversalTokenWrapper::/gear_sonic.trl.modules.base_module.BaseModule::g1_dyn/torch.nn.modules.container.Sequential::module/torch.nn.modules.linear.Linear::module.8 # /srv/sonic/env_isaaclab/lib/python3.11/site-packages/torch/nn/modules/linear.py:125:0
  %/g1_dyn/module/module.1_4/Sigmoid_output_0 : Float(1, 1, 512, strides=[512, 512, 1], device=cpu) = onnx::Sigmoid[onnx_name="/g1_dyn/module/module.1_4/Sigmoid"](%/g1_dyn/module/module.8/Add_output_0), scope: gear_sonic.utils.inference_helpers.export_universal_token_module_as_onnx.<locals>.UniversalTokenWrapper::/gear_sonic.trl.modules.base_module.BaseModule::g1_dyn/torch.nn.modules.container.Sequential::module/torch.nn.modules.activation.SiLU::module.1 # /srv/sonic/env_isaaclab/lib/python3.11/site-packages/torch/nn/functional.py:2380:0
  %/g1_dyn/module/module.1_4/Mul_output_0 : Float(1, 1, 512, strides=[512, 512, 1], requires_grad=0, device=cpu) = onnx::Mul[onnx_name="/g1_dyn/module/module.1_4/Mul"](%/g1_dyn/module/module.8/Add_output_0, %/g1_dyn/module/module.1_4/Sigmoid_output_0), scope: gear_sonic.utils.inference_helpers.export_universal_token_module_as_onnx.<locals>.UniversalTokenWrapper::/gear_sonic.trl.modules.base_module.BaseModule::g1_dyn/torch.nn.modules.container.Sequential::module/torch.nn.modules.activation.SiLU::module.1 # /srv/sonic/env_isaaclab/lib/python3.11/site-packages/torch/nn/functional.py:2380:0
  %/g1_dyn/module/module.10/MatMul_output_0 : Float(1, 1, 512, strides=[512, 512, 1], device=cpu) = onnx::MatMul[onnx_name="/g1_dyn/module/module.10/MatMul"](%/g1_dyn/module/module.1_4/Mul_output_0, %onnx::MatMul_343), scope: gear_sonic.utils.inference_helpers.export_universal_token_module_as_onnx.<locals>.UniversalTokenWrapper::/gear_sonic.trl.modules.base_module.BaseModule::g1_dyn/torch.nn.modules.container.Sequential::module/torch.nn.modules.linear.Linear::module.10 # /srv/sonic/env_isaaclab/lib/python3.11/site-packages/torch/nn/modules/linear.py:125:0
  %/g1_dyn/module/module.10/Add_output_0 : Float(1, 1, 512, strides=[512, 512, 1], requires_grad=0, device=cpu) = onnx::Add[onnx_name="/g1_dyn/module/module.10/Add"](%module.decoders.g1_dyn.module.10.bias, %/g1_dyn/module/module.10/MatMul_output_0), scope: gear_sonic.utils.inference_helpers.export_universal_token_module_as_onnx.<locals>.UniversalTokenWrapper::/gear_sonic.trl.modules.base_module.BaseModule::g1_dyn/torch.nn.modules.container.Sequential::module/torch.nn.modules.linear.Linear::module.10 # /srv/sonic/env_isaaclab/lib/python3.11/site-packages/torch/nn/modules/linear.py:125:0
  %/g1_dyn/module/module.1_5/Sigmoid_output_0 : Float(1, 1, 512, strides=[512, 512, 1], device=cpu) = onnx::Sigmoid[onnx_name="/g1_dyn/module/module.1_5/Sigmoid"](%/g1_dyn/module/module.10/Add_output_0), scope: gear_sonic.utils.inference_helpers.export_universal_token_module_as_onnx.<locals>.UniversalTokenWrapper::/gear_sonic.trl.modules.base_module.BaseModule::g1_dyn/torch.nn.modules.container.Sequential::module/torch.nn.modules.activation.SiLU::module.1 # /srv/sonic/env_isaaclab/lib/python3.11/site-packages/torch/nn/functional.py:2380:0
  %/g1_dyn/module/module.1_5/Mul_output_0 : Float(1, 1, 512, strides=[512, 512, 1], requires_grad=0, device=cpu) = onnx::Mul[onnx_name="/g1_dyn/module/module.1_5/Mul"](%/g1_dyn/module/module.10/Add_output_0, %/g1_dyn/module/module.1_5/Sigmoid_output_0), scope: gear_sonic.utils.inference_helpers.export_universal_token_module_as_onnx.<locals>.UniversalTokenWrapper::/gear_sonic.trl.modules.base_module.BaseModule::g1_dyn/torch.nn.modules.container.Sequential::module/torch.nn.modules.activation.SiLU::module.1 # /srv/sonic/env_isaaclab/lib/python3.11/site-packages/torch/nn/functional.py:2380:0
  %/g1_dyn/module/module.12/MatMul_output_0 : Float(1, 1, 29, strides=[29, 29, 1], device=cpu) = onnx::MatMul[onnx_name="/g1_dyn/module/module.12/MatMul"](%/g1_dyn/module/module.1_5/Mul_output_0, %onnx::MatMul_344), scope: gear_sonic.utils.inference_helpers.export_universal_token_module_as_onnx.<locals>.UniversalTokenWrapper::/gear_sonic.trl.modules.base_module.BaseModule::g1_dyn/torch.nn.modules.container.Sequential::module/torch.nn.modules.linear.Linear::module.12 # /srv/sonic/env_isaaclab/lib/python3.11/site-packages/torch/nn/modules/linear.py:125:0
  %/g1_dyn/module/module.12/Add_output_0 : Float(1, 1, 29, strides=[29, 29, 1], requires_grad=0, device=cpu) = onnx::Add[onnx_name="/g1_dyn/module/module.12/Add"](%module.decoders.g1_dyn.module.12.bias, %/g1_dyn/module/module.12/MatMul_output_0), scope: gear_sonic.utils.inference_helpers.export_universal_token_module_as_onnx.<locals>.UniversalTokenWrapper::/gear_sonic.trl.modules.base_module.BaseModule::g1_dyn/torch.nn.modules.container.Sequential::module/torch.nn.modules.linear.Linear::module.12 # /srv/sonic/env_isaaclab/lib/python3.11/site-packages/torch/nn/modules/linear.py:125:0
  %/Constant_30_output_0 : Long(1, strides=[1], requires_grad=0, device=cpu) = onnx::Constant[value={2}, onnx_name="/Constant_30"](), scope: gear_sonic.utils.inference_helpers.export_universal_token_module_as_onnx.<locals>.UniversalTokenWrapper:: # /srv/sonic/GR00T-WholeBodyControl/gear_sonic/trl/modules/universal_token_modules.py:745:0
  %/Constant_31_output_0 : Long(1, strides=[1], requires_grad=0, device=cpu) = onnx::Constant[value={0}, onnx_name="/Constant_31"](), scope: gear_sonic.utils.inference_helpers.export_universal_token_module_as_onnx.<locals>.UniversalTokenWrapper:: # /srv/sonic/GR00T-WholeBodyControl/gear_sonic/trl/modules/universal_token_modules.py:745:0
  %/Constant_32_output_0 : Long(1, strides=[1], requires_grad=0, device=cpu) = onnx::Constant[value={29}, onnx_name="/Constant_32"](), scope: gear_sonic.utils.inference_helpers.export_universal_token_module_as_onnx.<locals>.UniversalTokenWrapper:: # /srv/sonic/GR00T-WholeBodyControl/gear_sonic/trl/modules/universal_token_modules.py:745:0
  %/Constant_33_output_0 : Long(1, strides=[1], requires_grad=0, device=cpu) = onnx::Constant[value={1}, onnx_name="/Constant_33"](), scope: gear_sonic.utils.inference_helpers.export_universal_token_module_as_onnx.<locals>.UniversalTokenWrapper:: # /srv/sonic/GR00T-WholeBodyControl/gear_sonic/trl/modules/universal_token_modules.py:745:0
  %/Slice_6_output_0 : Float(1, 1, 29, strides=[29, 29, 1], requires_grad=0, device=cpu) = onnx::Slice[onnx_name="/Slice_6"](%/g1_dyn/module/module.12/Add_output_0, %/Constant_31_output_0, %/Constant_32_output_0, %/Constant_30_output_0, %/Constant_33_output_0), scope: gear_sonic.utils.inference_helpers.export_universal_token_module_as_onnx.<locals>.UniversalTokenWrapper:: # /srv/sonic/GR00T-WholeBodyControl/gear_sonic/trl/modules/universal_token_modules.py:745:0
  %/Constant_34_output_0 : Long(1, strides=[1], device=cpu) = onnx::Constant[value={1}, onnx_name="/Constant_34"](), scope: gear_sonic.utils.inference_helpers.export_universal_token_module_as_onnx.<locals>.UniversalTokenWrapper:: # /srv/sonic/GR00T-WholeBodyControl/gear_sonic/utils/inference_helpers.py:170:0
  %action : Float(1, 29, strides=[29, 1], requires_grad=0, device=cpu) = onnx::Squeeze[onnx_name="/Squeeze"](%/Slice_6_output_0, %/Constant_34_output_0), scope: gear_sonic.utils.inference_helpers.export_universal_token_module_as_onnx.<locals>.UniversalTokenWrapper:: # /srv/sonic/GR00T-WholeBodyControl/gear_sonic/utils/inference_helpers.py:170:0
  return (%action)

Exported graph: graph(%obs_dict : Float(1, 1570, strides=[1570, 1], requires_grad=0, device=cpu),
      %module.encoders.g1.module.0.weight : Float(2048, 640, strides=[640, 1], requires_grad=1, device=cpu),
      %module.encoders.g1.module.0.bias : Float(2048, strides=[1], requires_grad=1, device=cpu),
      %module.encoders.g1.module.2.weight : Float(1024, 2048, strides=[2048, 1], requires_grad=1, device=cpu),
      %module.encoders.g1.module.2.bias : Float(1024, strides=[1], requires_grad=1, device=cpu),
      %module.encoders.g1.module.4.weight : Float(512, 1024, strides=[1024, 1], requires_grad=1, device=cpu),
      %module.encoders.g1.module.4.bias : Float(512, strides=[1], requires_grad=1, device=cpu),
      %module.encoders.g1.module.6.weight : Float(512, 512, strides=[512, 1], requires_grad=1, device=cpu),
      %module.encoders.g1.module.6.bias : Float(512, strides=[1], requires_grad=1, device=cpu),
      %module.encoders.g1.module.8.weight : Float(64, 512, strides=[512, 1], requires_grad=1, device=cpu),
      %module.encoders.g1.module.8.bias : Float(64, strides=[1], requires_grad=1, device=cpu),
      %module.decoders.g1_dyn.module.0.bias : Float(2048, strides=[1], requires_grad=1, device=cpu),
      %module.decoders.g1_dyn.module.2.bias : Float(2048, strides=[1], requires_grad=1, device=cpu),
      %module.decoders.g1_dyn.module.4.bias : Float(1024, strides=[1], requires_grad=1, device=cpu),
      %module.decoders.g1_dyn.module.6.bias : Float(1024, strides=[1], requires_grad=1, device=cpu),
      %module.decoders.g1_dyn.module.8.bias : Float(512, strides=[1], requires_grad=1, device=cpu),
      %module.decoders.g1_dyn.module.10.bias : Float(512, strides=[1], requires_grad=1, device=cpu),
      %module.decoders.g1_dyn.module.12.bias : Float(29, strides=[1], requires_grad=1, device=cpu),
      %onnx::MatMul_307 : Float(994, 2048, strides=[1, 994], requires_grad=0, device=cpu),
      %onnx::MatMul_308 : Float(2048, 2048, strides=[1, 2048], requires_grad=0, device=cpu),
      %onnx::MatMul_309 : Float(2048, 1024, strides=[1, 2048], requires_grad=0, device=cpu),
      %onnx::MatMul_310 : Float(1024, 1024, strides=[1, 1024], requires_grad=0, device=cpu),
      %onnx::MatMul_311 : Float(1024, 512, strides=[1, 1024], requires_grad=0, device=cpu),
      %onnx::MatMul_312 : Float(512, 512, strides=[1, 512], requires_grad=0, device=cpu),
      %onnx::MatMul_313 : Float(512, 29, strides=[1, 512], requires_grad=0, device=cpu)):
  %/Constant_output_0 : Long(1, strides=[1], device=cpu) = onnx::Constant[value={1}, onnx_name="/Constant"](), scope: gear_sonic.utils.inference_helpers.export_universal_token_module_as_onnx.<locals>.UniversalTokenWrapper:: # /srv/sonic/GR00T-WholeBodyControl/gear_sonic/utils/inference_helpers.py:126:0
  %/Unsqueeze_output_0 : Float(1, 1, 1570, strides=[1570, 1570, 1], requires_grad=0, device=cpu) = onnx::Unsqueeze[onnx_name="/Unsqueeze"](%obs_dict, %/Constant_output_0), scope: gear_sonic.utils.inference_helpers.export_universal_token_module_as_onnx.<locals>.UniversalTokenWrapper:: # /srv/sonic/GR00T-WholeBodyControl/gear_sonic/utils/inference_helpers.py:126:0
  %/Constant_1_output_0 : Long(1, strides=[1], requires_grad=0, device=cpu) = onnx::Constant[value={2}, onnx_name="/Constant_1"](), scope: gear_sonic.utils.inference_helpers.export_universal_token_module_as_onnx.<locals>.UniversalTokenWrapper:: # /srv/sonic/GR00T-WholeBodyControl/gear_sonic/utils/inference_helpers.py:133:0
  %/Constant_2_output_0 : Long(1, strides=[1], requires_grad=0, device=cpu) = onnx::Constant[value={0}, onnx_name="/Constant_2"](), scope: gear_sonic.utils.inference_helpers.export_universal_token_module_as_onnx.<locals>.UniversalTokenWrapper:: # /srv/sonic/GR00T-WholeBodyControl/gear_sonic/utils/inference_helpers.py:133:0
  %/Constant_3_output_0 : Long(1, strides=[1], requires_grad=0, device=cpu) = onnx::Constant[value={640}, onnx_name="/Constant_3"](), scope: gear_sonic.utils.inference_helpers.export_universal_token_module_as_onnx.<locals>.UniversalTokenWrapper:: # /srv/sonic/GR00T-WholeBodyControl/gear_sonic/utils/inference_helpers.py:133:0
  %/Constant_4_output_0 : Long(1, strides=[1], requires_grad=0, device=cpu) = onnx::Constant[value={1}, onnx_name="/Constant_4"](), scope: gear_sonic.utils.inference_helpers.export_universal_token_module_as_onnx.<locals>.UniversalTokenWrapper:: # /srv/sonic/GR00T-WholeBodyControl/gear_sonic/utils/inference_helpers.py:133:0
  %/Slice_output_0 : Float(1, 1, 640, strides=[1570, 1570, 1], requires_grad=0, device=cpu) = onnx::Slice[onnx_name="/Slice"](%/Unsqueeze_output_0, %/Constant_2_output_0, %/Constant_3_output_0, %/Constant_1_output_0, %/Constant_4_output_0), scope: gear_sonic.utils.inference_helpers.export_universal_token_module_as_onnx.<locals>.UniversalTokenWrapper:: # /srv/sonic/GR00T-WholeBodyControl/gear_sonic/utils/inference_helpers.py:133:0
  %/Constant_5_output_0 : Long(1, strides=[1], requires_grad=0, device=cpu) = onnx::Constant[value={2}, onnx_name="/Constant_5"](), scope: gear_sonic.utils.inference_helpers.export_universal_token_module_as_onnx.<locals>.UniversalTokenWrapper:: # /srv/sonic/GR00T-WholeBodyControl/gear_sonic/utils/inference_helpers.py:134:0
  %/Constant_6_output_0 : Long(1, strides=[1], requires_grad=0, device=cpu) = onnx::Constant[value={640}, onnx_name="/Constant_6"](), scope: gear_sonic.utils.inference_helpers.export_universal_token_module_as_onnx.<locals>.UniversalTokenWrapper:: # /srv/sonic/GR00T-WholeBodyControl/gear_sonic/utils/inference_helpers.py:134:0
  %/Constant_7_output_0 : Long(1, strides=[1], requires_grad=0, device=cpu) = onnx::Constant[value={9223372036854775807}, onnx_name="/Constant_7"](), scope: gear_sonic.utils.inference_helpers.export_universal_token_module_as_onnx.<locals>.UniversalTokenWrapper:: # /srv/sonic/GR00T-WholeBodyControl/gear_sonic/utils/inference_helpers.py:134:0
  %/Constant_8_output_0 : Long(1, strides=[1], requires_grad=0, device=cpu) = onnx::Constant[value={1}, onnx_name="/Constant_8"](), scope: gear_sonic.utils.inference_helpers.export_universal_token_module_as_onnx.<locals>.UniversalTokenWrapper:: # /srv/sonic/GR00T-WholeBodyControl/gear_sonic/utils/inference_helpers.py:134:0
  %/Slice_1_output_0 : Float(1, 1, 930, strides=[1570, 1570, 1], requires_grad=0, device=cpu) = onnx::Slice[onnx_name="/Slice_1"](%/Unsqueeze_output_0, %/Constant_6_output_0, %/Constant_7_output_0, %/Constant_5_output_0, %/Constant_8_output_0), scope: gear_sonic.utils.inference_helpers.export_universal_token_module_as_onnx.<locals>.UniversalTokenWrapper:: # /srv/sonic/GR00T-WholeBodyControl/gear_sonic/utils/inference_helpers.py:134:0
  %/Constant_9_output_0 : Long(1, strides=[1], requires_grad=0, device=cpu) = onnx::Constant[value={2}, onnx_name="/Constant_9"](), scope: gear_sonic.utils.inference_helpers.export_universal_token_module_as_onnx.<locals>.UniversalTokenWrapper:: # /srv/sonic/GR00T-WholeBodyControl/gear_sonic/utils/inference_helpers.py:142:0
  %/Constant_10_output_0 : Long(1, strides=[1], requires_grad=0, device=cpu) = onnx::Constant[value={0}, onnx_name="/Constant_10"](), scope: gear_sonic.utils.inference_helpers.export_universal_token_module_as_onnx.<locals>.UniversalTokenWrapper:: # /srv/sonic/GR00T-WholeBodyControl/gear_sonic/utils/inference_helpers.py:142:0
  %/Constant_11_output_0 : Long(1, strides=[1], requires_grad=0, device=cpu) = onnx::Constant[value={580}, onnx_name="/Constant_11"](), scope: gear_sonic.utils.inference_helpers.export_universal_token_module_as_onnx.<locals>.UniversalTokenWrapper:: # /srv/sonic/GR00T-WholeBodyControl/gear_sonic/utils/inference_helpers.py:142:0
  %/Constant_12_output_0 : Long(1, strides=[1], requires_grad=0, device=cpu) = onnx::Constant[value={1}, onnx_name="/Constant_12"](), scope: gear_sonic.utils.inference_helpers.export_universal_token_module_as_onnx.<locals>.UniversalTokenWrapper:: # /srv/sonic/GR00T-WholeBodyControl/gear_sonic/utils/inference_helpers.py:142:0
  %/Slice_2_output_0 : Float(1, 1, 580, strides=[1570, 1570, 1], requires_grad=0, device=cpu) = onnx::Slice[onnx_name="/Slice_2"](%/Slice_output_0, %/Constant_10_output_0, %/Constant_11_output_0, %/Constant_9_output_0, %/Constant_12_output_0), scope: gear_sonic.utils.inference_helpers.export_universal_token_module_as_onnx.<locals>.UniversalTokenWrapper:: # /srv/sonic/GR00T-WholeBodyControl/gear_sonic/utils/inference_helpers.py:142:0
  %/Constant_13_output_0 : Long(4, strides=[1], requires_grad=0, device=cpu) = onnx::Constant[value=  1   1  10  58 [ CPULongType{4} ], onnx_name="/Constant_13"](), scope: gear_sonic.utils.inference_helpers.export_universal_token_module_as_onnx.<locals>.UniversalTokenWrapper:: # /srv/sonic/GR00T-WholeBodyControl/gear_sonic/utils/inference_helpers.py:143:0
  %/Reshape_output_0 : Float(1, 1, 10, 58, strides=[580, 580, 58, 1], requires_grad=0, device=cpu) = onnx::Reshape[onnx_name="/Reshape"](%/Slice_2_output_0, %/Constant_13_output_0), scope: gear_sonic.utils.inference_helpers.export_universal_token_module_as_onnx.<locals>.UniversalTokenWrapper:: # /srv/sonic/GR00T-WholeBodyControl/gear_sonic/utils/inference_helpers.py:143:0
  %/Constant_14_output_0 : Long(1, strides=[1], requires_grad=0, device=cpu) = onnx::Constant[value={2}, onnx_name="/Constant_14"](), scope: gear_sonic.utils.inference_helpers.export_universal_token_module_as_onnx.<locals>.UniversalTokenWrapper:: # /srv/sonic/GR00T-WholeBodyControl/gear_sonic/utils/inference_helpers.py:142:0
  %/Constant_15_output_0 : Long(1, strides=[1], requires_grad=0, device=cpu) = onnx::Constant[value={580}, onnx_name="/Constant_15"](), scope: gear_sonic.utils.inference_helpers.export_universal_token_module_as_onnx.<locals>.UniversalTokenWrapper:: # /srv/sonic/GR00T-WholeBodyControl/gear_sonic/utils/inference_helpers.py:142:0
  %/Constant_16_output_0 : Long(1, strides=[1], requires_grad=0, device=cpu) = onnx::Constant[value={640}, onnx_name="/Constant_16"](), scope: gear_sonic.utils.inference_helpers.export_universal_token_module_as_onnx.<locals>.UniversalTokenWrapper:: # /srv/sonic/GR00T-WholeBodyControl/gear_sonic/utils/inference_helpers.py:142:0
  %/Constant_17_output_0 : Long(1, strides=[1], requires_grad=0, device=cpu) = onnx::Constant[value={1}, onnx_name="/Constant_17"](), scope: gear_sonic.utils.inference_helpers.export_universal_token_module_as_onnx.<locals>.UniversalTokenWrapper:: # /srv/sonic/GR00T-WholeBodyControl/gear_sonic/utils/inference_helpers.py:142:0
  %/Slice_3_output_0 : Float(1, 1, 60, strides=[1570, 1570, 1], requires_grad=0, device=cpu) = onnx::Slice[onnx_name="/Slice_3"](%/Slice_output_0, %/Constant_15_output_0, %/Constant_16_output_0, %/Constant_14_output_0, %/Constant_17_output_0), scope: gear_sonic.utils.inference_helpers.export_universal_token_module_as_onnx.<locals>.UniversalTokenWrapper:: # /srv/sonic/GR00T-WholeBodyControl/gear_sonic/utils/inference_helpers.py:142:0
  %/Constant_18_output_0 : Long(4, strides=[1], requires_grad=0, device=cpu) = onnx::Constant[value=  1   1  10   6 [ CPULongType{4} ], onnx_name="/Constant_18"](), scope: gear_sonic.utils.inference_helpers.export_universal_token_module_as_onnx.<locals>.UniversalTokenWrapper:: # /srv/sonic/GR00T-WholeBodyControl/gear_sonic/utils/inference_helpers.py:143:0
  %/Reshape_1_output_0 : Float(1, 1, 10, 6, strides=[60, 60, 6, 1], requires_grad=0, device=cpu) = onnx::Reshape[onnx_name="/Reshape_1"](%/Slice_3_output_0, %/Constant_18_output_0), scope: gear_sonic.utils.inference_helpers.export_universal_token_module_as_onnx.<locals>.UniversalTokenWrapper:: # /srv/sonic/GR00T-WholeBodyControl/gear_sonic/utils/inference_helpers.py:143:0
  %/Concat_output_0 : Float(1, 1, 10, 64, strides=[640, 640, 64, 1], requires_grad=0, device=cpu) = onnx::Concat[axis=-1, onnx_name="/Concat"](%/Reshape_output_0, %/Reshape_1_output_0), scope: gear_sonic.utils.inference_helpers.export_universal_token_module_as_onnx.<locals>.UniversalTokenWrapper:: # /srv/sonic/GR00T-WholeBodyControl/gear_sonic/trl/modules/universal_token_modules.py:637:0
  %/Constant_19_output_0 : Long(3, strides=[1], requires_grad=0, device=cpu) = onnx::Constant[value= -1  10  64 [ CPULongType{3} ], onnx_name="/Constant_19"](), scope: gear_sonic.utils.inference_helpers.export_universal_token_module_as_onnx.<locals>.UniversalTokenWrapper:: # /srv/sonic/GR00T-WholeBodyControl/gear_sonic/trl/modules/universal_token_modules.py:638:0
  %/Reshape_2_output_0 : Float(1, 10, 64, strides=[640, 64, 1], requires_grad=0, device=cpu) = onnx::Reshape[onnx_name="/Reshape_2"](%/Concat_output_0, %/Constant_19_output_0), scope: gear_sonic.utils.inference_helpers.export_universal_token_module_as_onnx.<locals>.UniversalTokenWrapper:: # /srv/sonic/GR00T-WholeBodyControl/gear_sonic/trl/modules/universal_token_modules.py:638:0
  %/g1/Constant_output_0 : Long(2, strides=[1], requires_grad=0, device=cpu) = onnx::Constant[value=   1  640 [ CPULongType{2} ], onnx_name="/g1/Constant"](), scope: gear_sonic.utils.inference_helpers.export_universal_token_module_as_onnx.<locals>.UniversalTokenWrapper::/gear_sonic.trl.modules.base_module.BaseModule::g1 # /srv/sonic/GR00T-WholeBodyControl/gear_sonic/trl/modules/base_module.py:554:0
  %/g1/Reshape_output_0 : Float(1, 640, strides=[640, 1], requires_grad=0, device=cpu) = onnx::Reshape[onnx_name="/g1/Reshape"](%/Reshape_2_output_0, %/g1/Constant_output_0), scope: gear_sonic.utils.inference_helpers.export_universal_token_module_as_onnx.<locals>.UniversalTokenWrapper::/gear_sonic.trl.modules.base_module.BaseModule::g1 # /srv/sonic/GR00T-WholeBodyControl/gear_sonic/trl/modules/base_module.py:554:0
  %/g1/module/module.0/Gemm_output_0 : Float(1, 2048, strides=[2048, 1], requires_grad=0, device=cpu) = onnx::Gemm[alpha=1., beta=1., transB=1, onnx_name="/g1/module/module.0/Gemm"](%/g1/Reshape_output_0, %module.encoders.g1.module.0.weight, %module.encoders.g1.module.0.bias), scope: gear_sonic.utils.inference_helpers.export_universal_token_module_as_onnx.<locals>.UniversalTokenWrapper::/gear_sonic.trl.modules.base_module.BaseModule::g1/torch.nn.modules.container.Sequential::module/torch.nn.modules.linear.Linear::module.0 # /srv/sonic/env_isaaclab/lib/python3.11/site-packages/torch/nn/modules/linear.py:125:0
  %/g1/module/module.1/Sigmoid_output_0 : Float(1, 2048, strides=[2048, 1], device=cpu) = onnx::Sigmoid[onnx_name="/g1/module/module.1/Sigmoid"](%/g1/module/module.0/Gemm_output_0), scope: gear_sonic.utils.inference_helpers.export_universal_token_module_as_onnx.<locals>.UniversalTokenWrapper::/gear_sonic.trl.modules.base_module.BaseModule::g1/torch.nn.modules.container.Sequential::module/torch.nn.modules.activation.SiLU::module.1 # /srv/sonic/env_isaaclab/lib/python3.11/site-packages/torch/nn/functional.py:2380:0
  %/g1/module/module.1/Mul_output_0 : Float(1, 2048, strides=[2048, 1], requires_grad=0, device=cpu) = onnx::Mul[onnx_name="/g1/module/module.1/Mul"](%/g1/module/module.0/Gemm_output_0, %/g1/module/module.1/Sigmoid_output_0), scope: gear_sonic.utils.inference_helpers.export_universal_token_module_as_onnx.<locals>.UniversalTokenWrapper::/gear_sonic.trl.modules.base_module.BaseModule::g1/torch.nn.modules.container.Sequential::module/torch.nn.modules.activation.SiLU::module.1 # /srv/sonic/env_isaaclab/lib/python3.11/site-packages/torch/nn/functional.py:2380:0
  %/g1/module/module.2/Gemm_output_0 : Float(1, 1024, strides=[1024, 1], requires_grad=0, device=cpu) = onnx::Gemm[alpha=1., beta=1., transB=1, onnx_name="/g1/module/module.2/Gemm"](%/g1/module/module.1/Mul_output_0, %module.encoders.g1.module.2.weight, %module.encoders.g1.module.2.bias), scope: gear_sonic.utils.inference_helpers.export_universal_token_module_as_onnx.<locals>.UniversalTokenWrapper::/gear_sonic.trl.modules.base_module.BaseModule::g1/torch.nn.modules.container.Sequential::module/torch.nn.modules.linear.Linear::module.2 # /srv/sonic/env_isaaclab/lib/python3.11/site-packages/torch/nn/modules/linear.py:125:0
  %/g1/module/module.1_1/Sigmoid_output_0 : Float(1, 1024, strides=[1024, 1], device=cpu) = onnx::Sigmoid[onnx_name="/g1/module/module.1_1/Sigmoid"](%/g1/module/module.2/Gemm_output_0), scope: gear_sonic.utils.inference_helpers.export_universal_token_module_as_onnx.<locals>.UniversalTokenWrapper::/gear_sonic.trl.modules.base_module.BaseModule::g1/torch.nn.modules.container.Sequential::module/torch.nn.modules.activation.SiLU::module.1 # /srv/sonic/env_isaaclab/lib/python3.11/site-packages/torch/nn/functional.py:2380:0
  %/g1/module/module.1_1/Mul_output_0 : Float(1, 1024, strides=[1024, 1], requires_grad=0, device=cpu) = onnx::Mul[onnx_name="/g1/module/module.1_1/Mul"](%/g1/module/module.2/Gemm_output_0, %/g1/module/module.1_1/Sigmoid_output_0), scope: gear_sonic.utils.inference_helpers.export_universal_token_module_as_onnx.<locals>.UniversalTokenWrapper::/gear_sonic.trl.modules.base_module.BaseModule::g1/torch.nn.modules.container.Sequential::module/torch.nn.modules.activation.SiLU::module.1 # /srv/sonic/env_isaaclab/lib/python3.11/site-packages/torch/nn/functional.py:2380:0
  %/g1/module/module.4/Gemm_output_0 : Float(1, 512, strides=[512, 1], requires_grad=0, device=cpu) = onnx::Gemm[alpha=1., beta=1., transB=1, onnx_name="/g1/module/module.4/Gemm"](%/g1/module/module.1_1/Mul_output_0, %module.encoders.g1.module.4.weight, %module.encoders.g1.module.4.bias), scope: gear_sonic.utils.inference_helpers.export_universal_token_module_as_onnx.<locals>.UniversalTokenWrapper::/gear_sonic.trl.modules.base_module.BaseModule::g1/torch.nn.modules.container.Sequential::module/torch.nn.modules.linear.Linear::module.4 # /srv/sonic/env_isaaclab/lib/python3.11/site-packages/torch/nn/modules/linear.py:125:0
  %/g1/module/module.1_2/Sigmoid_output_0 : Float(1, 512, strides=[512, 1], device=cpu) = onnx::Sigmoid[onnx_name="/g1/module/module.1_2/Sigmoid"](%/g1/module/module.4/Gemm_output_0), scope: gear_sonic.utils.inference_helpers.export_universal_token_module_as_onnx.<locals>.UniversalTokenWrapper::/gear_sonic.trl.modules.base_module.BaseModule::g1/torch.nn.modules.container.Sequential::module/torch.nn.modules.activation.SiLU::module.1 # /srv/sonic/env_isaaclab/lib/python3.11/site-packages/torch/nn/functional.py:2380:0
  %/g1/module/module.1_2/Mul_output_0 : Float(1, 512, strides=[512, 1], requires_grad=0, device=cpu) = onnx::Mul[onnx_name="/g1/module/module.1_2/Mul"](%/g1/module/module.4/Gemm_output_0, %/g1/module/module.1_2/Sigmoid_output_0), scope: gear_sonic.utils.inference_helpers.export_universal_token_module_as_onnx.<locals>.UniversalTokenWrapper::/gear_sonic.trl.modules.base_module.BaseModule::g1/torch.nn.modules.container.Sequential::module/torch.nn.modules.activation.SiLU::module.1 # /srv/sonic/env_isaaclab/lib/python3.11/site-packages/torch/nn/functional.py:2380:0
  %/g1/module/module.6/Gemm_output_0 : Float(1, 512, strides=[512, 1], requires_grad=0, device=cpu) = onnx::Gemm[alpha=1., beta=1., transB=1, onnx_name="/g1/module/module.6/Gemm"](%/g1/module/module.1_2/Mul_output_0, %module.encoders.g1.module.6.weight, %module.encoders.g1.module.6.bias), scope: gear_sonic.utils.inference_helpers.export_universal_token_module_as_onnx.<locals>.UniversalTokenWrapper::/gear_sonic.trl.modules.base_module.BaseModule::g1/torch.nn.modules.container.Sequential::module/torch.nn.modules.linear.Linear::module.6 # /srv/sonic/env_isaaclab/lib/python3.11/site-packages/torch/nn/modules/linear.py:125:0
  %/g1/module/module.1_3/Sigmoid_output_0 : Float(1, 512, strides=[512, 1], device=cpu) = onnx::Sigmoid[onnx_name="/g1/module/module.1_3/Sigmoid"](%/g1/module/module.6/Gemm_output_0), scope: gear_sonic.utils.inference_helpers.export_universal_token_module_as_onnx.<locals>.UniversalTokenWrapper::/gear_sonic.trl.modules.base_module.BaseModule::g1/torch.nn.modules.container.Sequential::module/torch.nn.modules.activation.SiLU::module.1 # /srv/sonic/env_isaaclab/lib/python3.11/site-packages/torch/nn/functional.py:2380:0
  %/g1/module/module.1_3/Mul_output_0 : Float(1, 512, strides=[512, 1], requires_grad=0, device=cpu) = onnx::Mul[onnx_name="/g1/module/module.1_3/Mul"](%/g1/module/module.6/Gemm_output_0, %/g1/module/module.1_3/Sigmoid_output_0), scope: gear_sonic.utils.inference_helpers.export_universal_token_module_as_onnx.<locals>.UniversalTokenWrapper::/gear_sonic.trl.modules.base_module.BaseModule::g1/torch.nn.modules.container.Sequential::module/torch.nn.modules.activation.SiLU::module.1 # /srv/sonic/env_isaaclab/lib/python3.11/site-packages/torch/nn/functional.py:2380:0
  %/g1/module/module.8/Gemm_output_0 : Float(1, 64, strides=[64, 1], requires_grad=0, device=cpu) = onnx::Gemm[alpha=1., beta=1., transB=1, onnx_name="/g1/module/module.8/Gemm"](%/g1/module/module.1_3/Mul_output_0, %module.encoders.g1.module.8.weight, %module.encoders.g1.module.8.bias), scope: gear_sonic.utils.inference_helpers.export_universal_token_module_as_onnx.<locals>.UniversalTokenWrapper::/gear_sonic.trl.modules.base_module.BaseModule::g1/torch.nn.modules.container.Sequential::module/torch.nn.modules.linear.Linear::module.8 # /srv/sonic/env_isaaclab/lib/python3.11/site-packages/torch/nn/modules/linear.py:125:0
  %/g1/Constant_1_output_0 : Long(3, strides=[1], requires_grad=0, device=cpu) = onnx::Constant[value=  1   2  32 [ CPULongType{3} ], onnx_name="/g1/Constant_1"](), scope: gear_sonic.utils.inference_helpers.export_universal_token_module_as_onnx.<locals>.UniversalTokenWrapper::/gear_sonic.trl.modules.base_module.BaseModule::g1 # /srv/sonic/GR00T-WholeBodyControl/gear_sonic/trl/modules/base_module.py:557:0
  %/g1/Reshape_1_output_0 : Float(1, 2, 32, strides=[64, 32, 1], requires_grad=0, device=cpu) = onnx::Reshape[onnx_name="/g1/Reshape_1"](%/g1/module/module.8/Gemm_output_0, %/g1/Constant_1_output_0), scope: gear_sonic.utils.inference_helpers.export_universal_token_module_as_onnx.<locals>.UniversalTokenWrapper::/gear_sonic.trl.modules.base_module.BaseModule::g1 # /srv/sonic/GR00T-WholeBodyControl/gear_sonic/trl/modules/base_module.py:557:0
  %/quantizer/Constant_output_0 : Long(4, strides=[1], requires_grad=0, device=cpu) = onnx::Constant[value=  1   2   1  32 [ CPULongType{4} ], onnx_name="/quantizer/Constant"](), scope: gear_sonic.utils.inference_helpers.export_universal_token_module_as_onnx.<locals>.UniversalTokenWrapper::/vector_quantize_pytorch.finite_scalar_quantization.FSQ::quantizer # /srv/sonic/env_isaaclab/lib/python3.11/site-packages/einops/_backends.py:96:0
  %/quantizer/Reshape_output_0 : Float(1, 2, 1, 32, strides=[64, 32, 32, 1], requires_grad=0, device=cpu) = onnx::Reshape[onnx_name="/quantizer/Reshape"](%/g1/Reshape_1_output_0, %/quantizer/Constant_output_0), scope: gear_sonic.utils.inference_helpers.export_universal_token_module_as_onnx.<locals>.UniversalTokenWrapper::/vector_quantize_pytorch.finite_scalar_quantization.FSQ::quantizer # /srv/sonic/env_isaaclab/lib/python3.11/site-packages/einops/_backends.py:96:0
  %/quantizer/Constant_1_output_0 : Float(32, strides=[1], requires_grad=0, device=cpu) = onnx::Constant[value=<Tensor>, onnx_name="/quantizer/Constant_1"](), scope: gear_sonic.utils.inference_helpers.export_universal_token_module_as_onnx.<locals>.UniversalTokenWrapper::/vector_quantize_pytorch.finite_scalar_quantization.FSQ::quantizer # /srv/sonic/env_isaaclab/lib/python3.11/site-packages/vector_quantize_pytorch/finite_scalar_quantization.py:155:0
  %/quantizer/Add_output_0 : Float(1, 2, 1, 32, strides=[64, 32, 32, 1], requires_grad=0, device=cpu) = onnx::Add[onnx_name="/quantizer/Add"](%/quantizer/Reshape_output_0, %/quantizer/Constant_1_output_0), scope: gear_sonic.utils.inference_helpers.export_universal_token_module_as_onnx.<locals>.UniversalTokenWrapper::/vector_quantize_pytorch.finite_scalar_quantization.FSQ::quantizer # /srv/sonic/env_isaaclab/lib/python3.11/site-packages/vector_quantize_pytorch/finite_scalar_quantization.py:155:0
  %/quantizer/Tanh_output_0 : Float(1, 2, 1, 32, strides=[64, 32, 32, 1], requires_grad=0, device=cpu) = onnx::Tanh[onnx_name="/quantizer/Tanh"](%/quantizer/Add_output_0), scope: gear_sonic.utils.inference_helpers.export_universal_token_module_as_onnx.<locals>.UniversalTokenWrapper::/vector_quantize_pytorch.finite_scalar_quantization.FSQ::quantizer # /srv/sonic/env_isaaclab/lib/python3.11/site-packages/vector_quantize_pytorch/finite_scalar_quantization.py:155:0
  %/quantizer/Constant_2_output_0 : Float(32, strides=[1], requires_grad=0, device=cpu) = onnx::Constant[value=<Tensor>, onnx_name="/quantizer/Constant_2"](), scope: gear_sonic.utils.inference_helpers.export_universal_token_module_as_onnx.<locals>.UniversalTokenWrapper::/vector_quantize_pytorch.finite_scalar_quantization.FSQ::quantizer # /srv/sonic/env_isaaclab/lib/python3.11/site-packages/vector_quantize_pytorch/finite_scalar_quantization.py:155:0
  %/quantizer/Mul_output_0 : Float(1, 2, 1, 32, strides=[64, 32, 32, 1], requires_grad=0, device=cpu) = onnx::Mul[onnx_name="/quantizer/Mul"](%/quantizer/Tanh_output_0, %/quantizer/Constant_2_output_0), scope: gear_sonic.utils.inference_helpers.export_universal_token_module_as_onnx.<locals>.UniversalTokenWrapper::/vector_quantize_pytorch.finite_scalar_quantization.FSQ::quantizer # /srv/sonic/env_isaaclab/lib/python3.11/site-packages/vector_quantize_pytorch/finite_scalar_quantization.py:155:0
  %/quantizer/Constant_3_output_0 : Float(32, strides=[1], requires_grad=0, device=cpu) = onnx::Constant[value=<Tensor>, onnx_name="/quantizer/Constant_3"](), scope: gear_sonic.utils.inference_helpers.export_universal_token_module_as_onnx.<locals>.UniversalTokenWrapper::/vector_quantize_pytorch.finite_scalar_quantization.FSQ::quantizer # /srv/sonic/env_isaaclab/lib/python3.11/site-packages/vector_quantize_pytorch/finite_scalar_quantization.py:155:0
  %/quantizer/Sub_output_0 : Float(1, 2, 1, 32, strides=[64, 32, 32, 1], requires_grad=0, device=cpu) = onnx::Sub[onnx_name="/quantizer/Sub"](%/quantizer/Mul_output_0, %/quantizer/Constant_3_output_0), scope: gear_sonic.utils.inference_helpers.export_universal_token_module_as_onnx.<locals>.UniversalTokenWrapper::/vector_quantize_pytorch.finite_scalar_quantization.FSQ::quantizer # /srv/sonic/env_isaaclab/lib/python3.11/site-packages/vector_quantize_pytorch/finite_scalar_quantization.py:155:0
  %/quantizer/Round_output_0 : Float(1, 2, 1, 32, strides=[64, 32, 32, 1], requires_grad=0, device=cpu) = onnx::Round[onnx_name="/quantizer/Round"](%/quantizer/Sub_output_0), scope: gear_sonic.utils.inference_helpers.export_universal_token_module_as_onnx.<locals>.UniversalTokenWrapper::/vector_quantize_pytorch.finite_scalar_quantization.FSQ::quantizer # /srv/sonic/env_isaaclab/lib/python3.11/site-packages/vector_quantize_pytorch/finite_scalar_quantization.py:54:0
  %/quantizer/Sub_1_output_0 : Float(1, 2, 1, 32, strides=[64, 32, 32, 1], requires_grad=0, device=cpu) = onnx::Sub[onnx_name="/quantizer/Sub_1"](%/quantizer/Round_output_0, %/quantizer/Sub_output_0), scope: gear_sonic.utils.inference_helpers.export_universal_token_module_as_onnx.<locals>.UniversalTokenWrapper::/vector_quantize_pytorch.finite_scalar_quantization.FSQ::quantizer # /srv/sonic/env_isaaclab/lib/python3.11/site-packages/vector_quantize_pytorch/finite_scalar_quantization.py:55:0
  %/quantizer/Add_1_output_0 : Float(1, 2, 1, 32, strides=[64, 32, 32, 1], requires_grad=0, device=cpu) = onnx::Add[onnx_name="/quantizer/Add_1"](%/quantizer/Sub_output_0, %/quantizer/Sub_1_output_0), scope: gear_sonic.utils.inference_helpers.export_universal_token_module_as_onnx.<locals>.UniversalTokenWrapper::/vector_quantize_pytorch.finite_scalar_quantization.FSQ::quantizer # /srv/sonic/env_isaaclab/lib/python3.11/site-packages/vector_quantize_pytorch/finite_scalar_quantization.py:55:0
  %/quantizer/Constant_4_output_0 : Float(32, strides=[1], requires_grad=0, device=cpu) = onnx::Constant[value=<Tensor>, onnx_name="/quantizer/Constant_4"](), scope: gear_sonic.utils.inference_helpers.export_universal_token_module_as_onnx.<locals>.UniversalTokenWrapper::/vector_quantize_pytorch.finite_scalar_quantization.FSQ::quantizer # /srv/sonic/env_isaaclab/lib/python3.11/site-packages/vector_quantize_pytorch/finite_scalar_quantization.py:157:0
  %/quantizer/Div_output_0 : Float(1, 2, 1, 32, strides=[64, 32, 32, 1], requires_grad=0, device=cpu) = onnx::Div[onnx_name="/quantizer/Div"](%/quantizer/Add_1_output_0, %/quantizer/Constant_4_output_0), scope: gear_sonic.utils.inference_helpers.export_universal_token_module_as_onnx.<locals>.UniversalTokenWrapper::/vector_quantize_pytorch.finite_scalar_quantization.FSQ::quantizer # /srv/sonic/env_isaaclab/lib/python3.11/site-packages/vector_quantize_pytorch/finite_scalar_quantization.py:157:0
  %/quantizer/Constant_5_output_0 : Long(3, strides=[1], requires_grad=0, device=cpu) = onnx::Constant[value=  1   2  32 [ CPULongType{3} ], onnx_name="/quantizer/Constant_5"](), scope: gear_sonic.utils.inference_helpers.export_universal_token_module_as_onnx.<locals>.UniversalTokenWrapper::/vector_quantize_pytorch.finite_scalar_quantization.FSQ::quantizer # /srv/sonic/env_isaaclab/lib/python3.11/site-packages/einops/_backends.py:96:0
  %/quantizer/Reshape_1_output_0 : Float(1, 2, 32, strides=[64, 32, 1], requires_grad=0, device=cpu) = onnx::Reshape[onnx_name="/quantizer/Reshape_1"](%/quantizer/Div_output_0, %/quantizer/Constant_5_output_0), scope: gear_sonic.utils.inference_helpers.export_universal_token_module_as_onnx.<locals>.UniversalTokenWrapper::/vector_quantize_pytorch.finite_scalar_quantization.FSQ::quantizer # /srv/sonic/env_isaaclab/lib/python3.11/site-packages/einops/_backends.py:96:0
  %/quantizer/Cast_output_0 : Float(1, 2, 32, strides=[64, 32, 1], requires_grad=0, device=cpu) = onnx::Cast[to=1, onnx_name="/quantizer/Cast"](%/quantizer/Reshape_1_output_0), scope: gear_sonic.utils.inference_helpers.export_universal_token_module_as_onnx.<locals>.UniversalTokenWrapper::/vector_quantize_pytorch.finite_scalar_quantization.FSQ::quantizer # /srv/sonic/env_isaaclab/lib/python3.11/site-packages/vector_quantize_pytorch/finite_scalar_quantization.py:301:0
  %/Constant_20_output_0 : Long(1, strides=[1], device=cpu) = onnx::Constant[value={1}, onnx_name="/Constant_20"](), scope: gear_sonic.utils.inference_helpers.export_universal_token_module_as_onnx.<locals>.UniversalTokenWrapper:: # /srv/sonic/GR00T-WholeBodyControl/gear_sonic/utils/inference_helpers.py:156:0
  %/Unsqueeze_1_output_0 : Float(1, 1, 2, 32, strides=[64, 64, 32, 1], requires_grad=0, device=cpu) = onnx::Unsqueeze[onnx_name="/Unsqueeze_1"](%/quantizer/Cast_output_0, %/Constant_20_output_0), scope: gear_sonic.utils.inference_helpers.export_universal_token_module_as_onnx.<locals>.UniversalTokenWrapper:: # /srv/sonic/GR00T-WholeBodyControl/gear_sonic/utils/inference_helpers.py:156:0
  %/Shape_output_0 : Long(4, strides=[1], device=cpu) = onnx::Shape[onnx_name="/Shape"](%/Unsqueeze_1_output_0), scope: gear_sonic.utils.inference_helpers.export_universal_token_module_as_onnx.<locals>.UniversalTokenWrapper:: # /srv/sonic/GR00T-WholeBodyControl/gear_sonic/utils/inference_helpers.py:161:0
  %/Constant_21_output_0 : Long(1, strides=[1], device=cpu) = onnx::Constant[value={0}, onnx_name="/Constant_21"](), scope: gear_sonic.utils.inference_helpers.export_universal_token_module_as_onnx.<locals>.UniversalTokenWrapper:: # /srv/sonic/GR00T-WholeBodyControl/gear_sonic/utils/inference_helpers.py:161:0
  %/Constant_22_output_0 : Long(1, strides=[1], device=cpu) = onnx::Constant[value={0}, onnx_name="/Constant_22"](), scope: gear_sonic.utils.inference_helpers.export_universal_token_module_as_onnx.<locals>.UniversalTokenWrapper:: # /srv/sonic/GR00T-WholeBodyControl/gear_sonic/utils/inference_helpers.py:161:0
  %/Constant_23_output_0 : Long(1, strides=[1], device=cpu) = onnx::Constant[value={-2}, onnx_name="/Constant_23"](), scope: gear_sonic.utils.inference_helpers.export_universal_token_module_as_onnx.<locals>.UniversalTokenWrapper:: # /srv/sonic/GR00T-WholeBodyControl/gear_sonic/utils/inference_helpers.py:161:0
  %/Slice_4_output_0 : Long(2, strides=[1], device=cpu) = onnx::Slice[onnx_name="/Slice_4"](%/Shape_output_0, %/Constant_22_output_0, %/Constant_23_output_0, %/Constant_21_output_0), scope: gear_sonic.utils.inference_helpers.export_universal_token_module_as_onnx.<locals>.UniversalTokenWrapper:: # /srv/sonic/GR00T-WholeBodyControl/gear_sonic/utils/inference_helpers.py:161:0
  %/Constant_24_output_0 : Long(1, strides=[1], requires_grad=0, device=cpu) = onnx::Constant[value={-1}, onnx_name="/Constant_24"](), scope: gear_sonic.utils.inference_helpers.export_universal_token_module_as_onnx.<locals>.UniversalTokenWrapper:: # /srv/sonic/GR00T-WholeBodyControl/gear_sonic/utils/inference_helpers.py:161:0
  %/Concat_1_output_0 : Long(3, strides=[1], device=cpu) = onnx::Concat[axis=0, onnx_name="/Concat_1"](%/Slice_4_output_0, %/Constant_24_output_0), scope: gear_sonic.utils.inference_helpers.export_universal_token_module_as_onnx.<locals>.UniversalTokenWrapper:: # /srv/sonic/GR00T-WholeBodyControl/gear_sonic/utils/inference_helpers.py:161:0
  %/Reshape_3_output_0 : Float(1, 1, 64, strides=[64, 64, 1], requires_grad=0, device=cpu) = onnx::Reshape[onnx_name="/Reshape_3"](%/Unsqueeze_1_output_0, %/Concat_1_output_0), scope: gear_sonic.utils.inference_helpers.export_universal_token_module_as_onnx.<locals>.UniversalTokenWrapper:: # /srv/sonic/GR00T-WholeBodyControl/gear_sonic/utils/inference_helpers.py:161:0
  %/Concat_2_output_0 : Float(1, 1, 994, strides=[994, 994, 1], requires_grad=0, device=cpu) = onnx::Concat[axis=-1, onnx_name="/Concat_2"](%/Reshape_3_output_0, %/Slice_1_output_0), scope: gear_sonic.utils.inference_helpers.export_universal_token_module_as_onnx.<locals>.UniversalTokenWrapper:: # /srv/sonic/GR00T-WholeBodyControl/gear_sonic/trl/modules/universal_token_modules.py:729:0
  %/g1_dyn/module/module.0/MatMul_output_0 : Float(1, 1, 2048, strides=[2048, 2048, 1], device=cpu) = onnx::MatMul[onnx_name="/g1_dyn/module/module.0/MatMul"](%/Concat_2_output_0, %onnx::MatMul_307), scope: gear_sonic.utils.inference_helpers.export_universal_token_module_as_onnx.<locals>.UniversalTokenWrapper::/gear_sonic.trl.modules.base_module.BaseModule::g1_dyn/torch.nn.modules.container.Sequential::module/torch.nn.modules.linear.Linear::module.0 # /srv/sonic/env_isaaclab/lib/python3.11/site-packages/torch/nn/modules/linear.py:125:0
  %/g1_dyn/module/module.0/Add_output_0 : Float(1, 1, 2048, strides=[2048, 2048, 1], requires_grad=0, device=cpu) = onnx::Add[onnx_name="/g1_dyn/module/module.0/Add"](%module.decoders.g1_dyn.module.0.bias, %/g1_dyn/module/module.0/MatMul_output_0), scope: gear_sonic.utils.inference_helpers.export_universal_token_module_as_onnx.<locals>.UniversalTokenWrapper::/gear_sonic.trl.modules.base_module.BaseModule::g1_dyn/torch.nn.modules.container.Sequential::module/torch.nn.modules.linear.Linear::module.0 # /srv/sonic/env_isaaclab/lib/python3.11/site-packages/torch/nn/modules/linear.py:125:0
  %/g1_dyn/module/module.1/Sigmoid_output_0 : Float(1, 1, 2048, strides=[2048, 2048, 1], device=cpu) = onnx::Sigmoid[onnx_name="/g1_dyn/module/module.1/Sigmoid"](%/g1_dyn/module/module.0/Add_output_0), scope: gear_sonic.utils.inference_helpers.export_universal_token_module_as_onnx.<locals>.UniversalTokenWrapper::/gear_sonic.trl.modules.base_module.BaseModule::g1_dyn/torch.nn.modules.container.Sequential::module/torch.nn.modules.activation.SiLU::module.1 # /srv/sonic/env_isaaclab/lib/python3.11/site-packages/torch/nn/functional.py:2380:0
  %/g1_dyn/module/module.1/Mul_output_0 : Float(1, 1, 2048, strides=[2048, 2048, 1], requires_grad=0, device=cpu) = onnx::Mul[onnx_name="/g1_dyn/module/module.1/Mul"](%/g1_dyn/module/module.0/Add_output_0, %/g1_dyn/module/module.1/Sigmoid_output_0), scope: gear_sonic.utils.inference_helpers.export_universal_token_module_as_onnx.<locals>.UniversalTokenWrapper::/gear_sonic.trl.modules.base_module.BaseModule::g1_dyn/torch.nn.modules.container.Sequential::module/torch.nn.modules.activation.SiLU::module.1 # /srv/sonic/env_isaaclab/lib/python3.11/site-packages/torch/nn/functional.py:2380:0
  %/g1_dyn/module/module.2/MatMul_output_0 : Float(1, 1, 2048, strides=[2048, 2048, 1], device=cpu) = onnx::MatMul[onnx_name="/g1_dyn/module/module.2/MatMul"](%/g1_dyn/module/module.1/Mul_output_0, %onnx::MatMul_308), scope: gear_sonic.utils.inference_helpers.export_universal_token_module_as_onnx.<locals>.UniversalTokenWrapper::/gear_sonic.trl.modules.base_module.BaseModule::g1_dyn/torch.nn.modules.container.Sequential::module/torch.nn.modules.linear.Linear::module.2 # /srv/sonic/env_isaaclab/lib/python3.11/site-packages/torch/nn/modules/linear.py:125:0
  %/g1_dyn/module/module.2/Add_output_0 : Float(1, 1, 2048, strides=[2048, 2048, 1], requires_grad=0, device=cpu) = onnx::Add[onnx_name="/g1_dyn/module/module.2/Add"](%module.decoders.g1_dyn.module.2.bias, %/g1_dyn/module/module.2/MatMul_output_0), scope: gear_sonic.utils.inference_helpers.export_universal_token_module_as_onnx.<locals>.UniversalTokenWrapper::/gear_sonic.trl.modules.base_module.BaseModule::g1_dyn/torch.nn.modules.container.Sequential::module/torch.nn.modules.linear.Linear::module.2 # /srv/sonic/env_isaaclab/lib/python3.11/site-packages/torch/nn/modules/linear.py:125:0
  %/g1_dyn/module/module.1_1/Sigmoid_output_0 : Float(1, 1, 2048, strides=[2048, 2048, 1], device=cpu) = onnx::Sigmoid[onnx_name="/g1_dyn/module/module.1_1/Sigmoid"](%/g1_dyn/module/module.2/Add_output_0), scope: gear_sonic.utils.inference_helpers.export_universal_token_module_as_onnx.<locals>.UniversalTokenWrapper::/gear_sonic.trl.modules.base_module.BaseModule::g1_dyn/torch.nn.modules.container.Sequential::module/torch.nn.modules.activation.SiLU::module.1 # /srv/sonic/env_isaaclab/lib/python3.11/site-packages/torch/nn/functional.py:2380:0
  %/g1_dyn/module/module.1_1/Mul_output_0 : Float(1, 1, 2048, strides=[2048, 2048, 1], requires_grad=0, device=cpu) = onnx::Mul[onnx_name="/g1_dyn/module/module.1_1/Mul"](%/g1_dyn/module/module.2/Add_output_0, %/g1_dyn/module/module.1_1/Sigmoid_output_0), scope: gear_sonic.utils.inference_helpers.export_universal_token_module_as_onnx.<locals>.UniversalTokenWrapper::/gear_sonic.trl.modules.base_module.BaseModule::g1_dyn/torch.nn.modules.container.Sequential::module/torch.nn.modules.activation.SiLU::module.1 # /srv/sonic/env_isaaclab/lib/python3.11/site-packages/torch/nn/functional.py:2380:0
  %/g1_dyn/module/module.4/MatMul_output_0 : Float(1, 1, 1024, strides=[1024, 1024, 1], device=cpu) = onnx::MatMul[onnx_name="/g1_dyn/module/module.4/MatMul"](%/g1_dyn/module/module.1_1/Mul_output_0, %onnx::MatMul_309), scope: gear_sonic.utils.inference_helpers.export_universal_token_module_as_onnx.<locals>.UniversalTokenWrapper::/gear_sonic.trl.modules.base_module.BaseModule::g1_dyn/torch.nn.modules.container.Sequential::module/torch.nn.modules.linear.Linear::module.4 # /srv/sonic/env_isaaclab/lib/python3.11/site-packages/torch/nn/modules/linear.py:125:0
  %/g1_dyn/module/module.4/Add_output_0 : Float(1, 1, 1024, strides=[1024, 1024, 1], requires_grad=0, device=cpu) = onnx::Add[onnx_name="/g1_dyn/module/module.4/Add"](%module.decoders.g1_dyn.module.4.bias, %/g1_dyn/module/module.4/MatMul_output_0), scope: gear_sonic.utils.inference_helpers.export_universal_token_module_as_onnx.<locals>.UniversalTokenWrapper::/gear_sonic.trl.modules.base_module.BaseModule::g1_dyn/torch.nn.modules.container.Sequential::module/torch.nn.modules.linear.Linear::module.4 # /srv/sonic/env_isaaclab/lib/python3.11/site-packages/torch/nn/modules/linear.py:125:0
  %/g1_dyn/module/module.1_2/Sigmoid_output_0 : Float(1, 1, 1024, strides=[1024, 1024, 1], device=cpu) = onnx::Sigmoid[onnx_name="/g1_dyn/module/module.1_2/Sigmoid"](%/g1_dyn/module/module.4/Add_output_0), scope: gear_sonic.utils.inference_helpers.export_universal_token_module_as_onnx.<locals>.UniversalTokenWrapper::/gear_sonic.trl.modules.base_module.BaseModule::g1_dyn/torch.nn.modules.container.Sequential::module/torch.nn.modules.activation.SiLU::module.1 # /srv/sonic/env_isaaclab/lib/python3.11/site-packages/torch/nn/functional.py:2380:0
  %/g1_dyn/module/module.1_2/Mul_output_0 : Float(1, 1, 1024, strides=[1024, 1024, 1], requires_grad=0, device=cpu) = onnx::Mul[onnx_name="/g1_dyn/module/module.1_2/Mul"](%/g1_dyn/module/module.4/Add_output_0, %/g1_dyn/module/module.1_2/Sigmoid_output_0), scope: gear_sonic.utils.inference_helpers.export_universal_token_module_as_onnx.<locals>.UniversalTokenWrapper::/gear_sonic.trl.modules.base_module.BaseModule::g1_dyn/torch.nn.modules.container.Sequential::module/torch.nn.modules.activation.SiLU::module.1 # /srv/sonic/env_isaaclab/lib/python3.11/site-packages/torch/nn/functional.py:2380:0
  %/g1_dyn/module/module.6/MatMul_output_0 : Float(1, 1, 1024, strides=[1024, 1024, 1], device=cpu) = onnx::MatMul[onnx_name="/g1_dyn/module/module.6/MatMul"](%/g1_dyn/module/module.1_2/Mul_output_0, %onnx::MatMul_310), scope: gear_sonic.utils.inference_helpers.export_universal_token_module_as_onnx.<locals>.UniversalTokenWrapper::/gear_sonic.trl.modules.base_module.BaseModule::g1_dyn/torch.nn.modules.container.Sequential::module/torch.nn.modules.linear.Linear::module.6 # /srv/sonic/env_isaaclab/lib/python3.11/site-packages/torch/nn/modules/linear.py:125:0
  %/g1_dyn/module/module.6/Add_output_0 : Float(1, 1, 1024, strides=[1024, 1024, 1], requires_grad=0, device=cpu) = onnx::Add[onnx_name="/g1_dyn/module/module.6/Add"](%module.decoders.g1_dyn.module.6.bias, %/g1_dyn/module/module.6/MatMul_output_0), scope: gear_sonic.utils.inference_helpers.export_universal_token_module_as_onnx.<locals>.UniversalTokenWrapper::/gear_sonic.trl.modules.base_module.BaseModule::g1_dyn/torch.nn.modules.container.Sequential::module/torch.nn.modules.linear.Linear::module.6 # /srv/sonic/env_isaaclab/lib/python3.11/site-packages/torch/nn/modules/linear.py:125:0
  %/g1_dyn/module/module.1_3/Sigmoid_output_0 : Float(1, 1, 1024, strides=[1024, 1024, 1], device=cpu) = onnx::Sigmoid[onnx_name="/g1_dyn/module/module.1_3/Sigmoid"](%/g1_dyn/module/module.6/Add_output_0), scope: gear_sonic.utils.inference_helpers.export_universal_token_module_as_onnx.<locals>.UniversalTokenWrapper::/gear_sonic.trl.modules.base_module.BaseModule::g1_dyn/torch.nn.modules.container.Sequential::module/torch.nn.modules.activation.SiLU::module.1 # /srv/sonic/env_isaaclab/lib/python3.11/site-packages/torch/nn/functional.py:2380:0
  %/g1_dyn/module/module.1_3/Mul_output_0 : Float(1, 1, 1024, strides=[1024, 1024, 1], requires_grad=0, device=cpu) = onnx::Mul[onnx_name="/g1_dyn/module/module.1_3/Mul"](%/g1_dyn/module/module.6/Add_output_0, %/g1_dyn/module/module.1_3/Sigmoid_output_0), scope: gear_sonic.utils.inference_helpers.export_universal_token_module_as_onnx.<locals>.UniversalTokenWrapper::/gear_sonic.trl.modules.base_module.BaseModule::g1_dyn/torch.nn.modules.container.Sequential::module/torch.nn.modules.activation.SiLU::module.1 # /srv/sonic/env_isaaclab/lib/python3.11/site-packages/torch/nn/functional.py:2380:0
  %/g1_dyn/module/module.8/MatMul_output_0 : Float(1, 1, 512, strides=[512, 512, 1], device=cpu) = onnx::MatMul[onnx_name="/g1_dyn/module/module.8/MatMul"](%/g1_dyn/module/module.1_3/Mul_output_0, %onnx::MatMul_311), scope: gear_sonic.utils.inference_helpers.export_universal_token_module_as_onnx.<locals>.UniversalTokenWrapper::/gear_sonic.trl.modules.base_module.BaseModule::g1_dyn/torch.nn.modules.container.Sequential::module/torch.nn.modules.linear.Linear::module.8 # /srv/sonic/env_isaaclab/lib/python3.11/site-packages/torch/nn/modules/linear.py:125:0
  %/g1_dyn/module/module.8/Add_output_0 : Float(1, 1, 512, strides=[512, 512, 1], requires_grad=0, device=cpu) = onnx::Add[onnx_name="/g1_dyn/module/module.8/Add"](%module.decoders.g1_dyn.module.8.bias, %/g1_dyn/module/module.8/MatMul_output_0), scope: gear_sonic.utils.inference_helpers.export_universal_token_module_as_onnx.<locals>.UniversalTokenWrapper::/gear_sonic.trl.modules.base_module.BaseModule::g1_dyn/torch.nn.modules.container.Sequential::module/torch.nn.modules.linear.Linear::module.8 # /srv/sonic/env_isaaclab/lib/python3.11/site-packages/torch/nn/modules/linear.py:125:0
  %/g1_dyn/module/module.1_4/Sigmoid_output_0 : Float(1, 1, 512, strides=[512, 512, 1], device=cpu) = onnx::Sigmoid[onnx_name="/g1_dyn/module/module.1_4/Sigmoid"](%/g1_dyn/module/module.8/Add_output_0), scope: gear_sonic.utils.inference_helpers.export_universal_token_module_as_onnx.<locals>.UniversalTokenWrapper::/gear_sonic.trl.modules.base_module.BaseModule::g1_dyn/torch.nn.modules.container.Sequential::module/torch.nn.modules.activation.SiLU::module.1 # /srv/sonic/env_isaaclab/lib/python3.11/site-packages/torch/nn/functional.py:2380:0
  %/g1_dyn/module/module.1_4/Mul_output_0 : Float(1, 1, 512, strides=[512, 512, 1], requires_grad=0, device=cpu) = onnx::Mul[onnx_name="/g1_dyn/module/module.1_4/Mul"](%/g1_dyn/module/module.8/Add_output_0, %/g1_dyn/module/module.1_4/Sigmoid_output_0), scope: gear_sonic.utils.inference_helpers.export_universal_token_module_as_onnx.<locals>.UniversalTokenWrapper::/gear_sonic.trl.modules.base_module.BaseModule::g1_dyn/torch.nn.modules.container.Sequential::module/torch.nn.modules.activation.SiLU::module.1 # /srv/sonic/env_isaaclab/lib/python3.11/site-packages/torch/nn/functional.py:2380:0
  %/g1_dyn/module/module.10/MatMul_output_0 : Float(1, 1, 512, strides=[512, 512, 1], device=cpu) = onnx::MatMul[onnx_name="/g1_dyn/module/module.10/MatMul"](%/g1_dyn/module/module.1_4/Mul_output_0, %onnx::MatMul_312), scope: gear_sonic.utils.inference_helpers.export_universal_token_module_as_onnx.<locals>.UniversalTokenWrapper::/gear_sonic.trl.modules.base_module.BaseModule::g1_dyn/torch.nn.modules.container.Sequential::module/torch.nn.modules.linear.Linear::module.10 # /srv/sonic/env_isaaclab/lib/python3.11/site-packages/torch/nn/modules/linear.py:125:0
  %/g1_dyn/module/module.10/Add_output_0 : Float(1, 1, 512, strides=[512, 512, 1], requires_grad=0, device=cpu) = onnx::Add[onnx_name="/g1_dyn/module/module.10/Add"](%module.decoders.g1_dyn.module.10.bias, %/g1_dyn/module/module.10/MatMul_output_0), scope: gear_sonic.utils.inference_helpers.export_universal_token_module_as_onnx.<locals>.UniversalTokenWrapper::/gear_sonic.trl.modules.base_module.BaseModule::g1_dyn/torch.nn.modules.container.Sequential::module/torch.nn.modules.linear.Linear::module.10 # /srv/sonic/env_isaaclab/lib/python3.11/site-packages/torch/nn/modules/linear.py:125:0
  %/g1_dyn/module/module.1_5/Sigmoid_output_0 : Float(1, 1, 512, strides=[512, 512, 1], device=cpu) = onnx::Sigmoid[onnx_name="/g1_dyn/module/module.1_5/Sigmoid"](%/g1_dyn/module/module.10/Add_output_0), scope: gear_sonic.utils.inference_helpers.export_universal_token_module_as_onnx.<locals>.UniversalTokenWrapper::/gear_sonic.trl.modules.base_module.BaseModule::g1_dyn/torch.nn.modules.container.Sequential::module/torch.nn.modules.activation.SiLU::module.1 # /srv/sonic/env_isaaclab/lib/python3.11/site-packages/torch/nn/functional.py:2380:0
  %/g1_dyn/module/module.1_5/Mul_output_0 : Float(1, 1, 512, strides=[512, 512, 1], requires_grad=0, device=cpu) = onnx::Mul[onnx_name="/g1_dyn/module/module.1_5/Mul"](%/g1_dyn/module/module.10/Add_output_0, %/g1_dyn/module/module.1_5/Sigmoid_output_0), scope: gear_sonic.utils.inference_helpers.export_universal_token_module_as_onnx.<locals>.UniversalTokenWrapper::/gear_sonic.trl.modules.base_module.BaseModule::g1_dyn/torch.nn.modules.container.Sequential::module/torch.nn.modules.activation.SiLU::module.1 # /srv/sonic/env_isaaclab/lib/python3.11/site-packages/torch/nn/functional.py:2380:0
  %/g1_dyn/module/module.12/MatMul_output_0 : Float(1, 1, 29, strides=[29, 29, 1], device=cpu) = onnx::MatMul[onnx_name="/g1_dyn/module/module.12/MatMul"](%/g1_dyn/module/module.1_5/Mul_output_0, %onnx::MatMul_313), scope: gear_sonic.utils.inference_helpers.export_universal_token_module_as_onnx.<locals>.UniversalTokenWrapper::/gear_sonic.trl.modules.base_module.BaseModule::g1_dyn/torch.nn.modules.container.Sequential::module/torch.nn.modules.linear.Linear::module.12 # /srv/sonic/env_isaaclab/lib/python3.11/site-packages/torch/nn/modules/linear.py:125:0
  %/g1_dyn/module/module.12/Add_output_0 : Float(1, 1, 29, strides=[29, 29, 1], requires_grad=0, device=cpu) = onnx::Add[onnx_name="/g1_dyn/module/module.12/Add"](%module.decoders.g1_dyn.module.12.bias, %/g1_dyn/module/module.12/MatMul_output_0), scope: gear_sonic.utils.inference_helpers.export_universal_token_module_as_onnx.<locals>.UniversalTokenWrapper::/gear_sonic.trl.modules.base_module.BaseModule::g1_dyn/torch.nn.modules.container.Sequential::module/torch.nn.modules.linear.Linear::module.12 # /srv/sonic/env_isaaclab/lib/python3.11/site-packages/torch/nn/modules/linear.py:125:0
  %/Constant_25_output_0 : Long(1, strides=[1], requires_grad=0, device=cpu) = onnx::Constant[value={2}, onnx_name="/Constant_25"](), scope: gear_sonic.utils.inference_helpers.export_universal_token_module_as_onnx.<locals>.UniversalTokenWrapper:: # /srv/sonic/GR00T-WholeBodyControl/gear_sonic/trl/modules/universal_token_modules.py:745:0
  %/Constant_26_output_0 : Long(1, strides=[1], requires_grad=0, device=cpu) = onnx::Constant[value={0}, onnx_name="/Constant_26"](), scope: gear_sonic.utils.inference_helpers.export_universal_token_module_as_onnx.<locals>.UniversalTokenWrapper:: # /srv/sonic/GR00T-WholeBodyControl/gear_sonic/trl/modules/universal_token_modules.py:745:0
  %/Constant_27_output_0 : Long(1, strides=[1], requires_grad=0, device=cpu) = onnx::Constant[value={29}, onnx_name="/Constant_27"](), scope: gear_sonic.utils.inference_helpers.export_universal_token_module_as_onnx.<locals>.UniversalTokenWrapper:: # /srv/sonic/GR00T-WholeBodyControl/gear_sonic/trl/modules/universal_token_modules.py:745:0
  %/Constant_28_output_0 : Long(1, strides=[1], requires_grad=0, device=cpu) = onnx::Constant[value={1}, onnx_name="/Constant_28"](), scope: gear_sonic.utils.inference_helpers.export_universal_token_module_as_onnx.<locals>.UniversalTokenWrapper:: # /srv/sonic/GR00T-WholeBodyControl/gear_sonic/trl/modules/universal_token_modules.py:745:0
  %/Slice_5_output_0 : Float(1, 1, 29, strides=[29, 29, 1], requires_grad=0, device=cpu) = onnx::Slice[onnx_name="/Slice_5"](%/g1_dyn/module/module.12/Add_output_0, %/Constant_26_output_0, %/Constant_27_output_0, %/Constant_25_output_0, %/Constant_28_output_0), scope: gear_sonic.utils.inference_helpers.export_universal_token_module_as_onnx.<locals>.UniversalTokenWrapper:: # /srv/sonic/GR00T-WholeBodyControl/gear_sonic/trl/modules/universal_token_modules.py:745:0
  %/Constant_29_output_0 : Long(1, strides=[1], device=cpu) = onnx::Constant[value={1}, onnx_name="/Constant_29"](), scope: gear_sonic.utils.inference_helpers.export_universal_token_module_as_onnx.<locals>.UniversalTokenWrapper:: # /srv/sonic/GR00T-WholeBodyControl/gear_sonic/utils/inference_helpers.py:170:0
  %action : Float(1, 29, strides=[29, 1], requires_grad=0, device=cpu) = onnx::Squeeze[onnx_name="/Squeeze"](%/Slice_5_output_0, %/Constant_29_output_0), scope: gear_sonic.utils.inference_helpers.export_universal_token_module_as_onnx.<locals>.UniversalTokenWrapper:: # /srv/sonic/GR00T-WholeBodyControl/gear_sonic/utils/inference_helpers.py:170:0
  return (%action)

Exported graph: graph(%obs_dict : Float(1, 1197, strides=[1197, 1], requires_grad=0, device=cpu),
      %module.encoders.teleop.module.0.weight : Float(2048, 267, strides=[267, 1], requires_grad=1, device=cpu),
      %module.encoders.teleop.module.0.bias : Float(2048, strides=[1], requires_grad=1, device=cpu),
      %module.encoders.teleop.module.2.weight : Float(1024, 2048, strides=[2048, 1], requires_grad=1, device=cpu),
      %module.encoders.teleop.module.2.bias : Float(1024, strides=[1], requires_grad=1, device=cpu),
      %module.encoders.teleop.module.4.weight : Float(512, 1024, strides=[1024, 1], requires_grad=1, device=cpu),
      %module.encoders.teleop.module.4.bias : Float(512, strides=[1], requires_grad=1, device=cpu),
      %module.encoders.teleop.module.6.weight : Float(512, 512, strides=[512, 1], requires_grad=1, device=cpu),
      %module.encoders.teleop.module.6.bias : Float(512, strides=[1], requires_grad=1, device=cpu),
      %module.encoders.teleop.module.8.weight : Float(64, 512, strides=[512, 1], requires_grad=1, device=cpu),
      %module.encoders.teleop.module.8.bias : Float(64, strides=[1], requires_grad=1, device=cpu),
      %module.decoders.g1_dyn.module.0.bias : Float(2048, strides=[1], requires_grad=1, device=cpu),
      %module.decoders.g1_dyn.module.2.bias : Float(2048, strides=[1], requires_grad=1, device=cpu),
      %module.decoders.g1_dyn.module.4.bias : Float(1024, strides=[1], requires_grad=1, device=cpu),
      %module.decoders.g1_dyn.module.6.bias : Float(1024, strides=[1], requires_grad=1, device=cpu),
      %module.decoders.g1_dyn.module.8.bias : Float(512, strides=[1], requires_grad=1, device=cpu),
      %module.decoders.g1_dyn.module.10.bias : Float(512, strides=[1], requires_grad=1, device=cpu),
      %module.decoders.g1_dyn.module.12.bias : Float(29, strides=[1], requires_grad=1, device=cpu),
      %onnx::MatMul_343 : Float(994, 2048, strides=[1, 994], requires_grad=0, device=cpu),
      %onnx::MatMul_344 : Float(2048, 2048, strides=[1, 2048], requires_grad=0, device=cpu),
      %onnx::MatMul_345 : Float(2048, 1024, strides=[1, 2048], requires_grad=0, device=cpu),
      %onnx::MatMul_346 : Float(1024, 1024, strides=[1, 1024], requires_grad=0, device=cpu),
      %onnx::MatMul_347 : Float(1024, 512, strides=[1, 1024], requires_grad=0, device=cpu),
      %onnx::MatMul_348 : Float(512, 512, strides=[1, 512], requires_grad=0, device=cpu),
      %onnx::MatMul_349 : Float(512, 29, strides=[1, 512], requires_grad=0, device=cpu)):
  %/Constant_output_0 : Long(1, strides=[1], device=cpu) = onnx::Constant[value={1}, onnx_name="/Constant"](), scope: gear_sonic.utils.inference_helpers.export_universal_token_module_as_onnx.<locals>.UniversalTokenWrapper:: # /srv/sonic/GR00T-WholeBodyControl/gear_sonic/utils/inference_helpers.py:126:0
  %/Unsqueeze_output_0 : Float(1, 1, 1197, strides=[1197, 1197, 1], requires_grad=0, device=cpu) = onnx::Unsqueeze[onnx_name="/Unsqueeze"](%obs_dict, %/Constant_output_0), scope: gear_sonic.utils.inference_helpers.export_universal_token_module_as_onnx.<locals>.UniversalTokenWrapper:: # /srv/sonic/GR00T-WholeBodyControl/gear_sonic/utils/inference_helpers.py:126:0
  %/Constant_1_output_0 : Long(1, strides=[1], requires_grad=0, device=cpu) = onnx::Constant[value={2}, onnx_name="/Constant_1"](), scope: gear_sonic.utils.inference_helpers.export_universal_token_module_as_onnx.<locals>.UniversalTokenWrapper:: # /srv/sonic/GR00T-WholeBodyControl/gear_sonic/utils/inference_helpers.py:133:0
  %/Constant_2_output_0 : Long(1, strides=[1], requires_grad=0, device=cpu) = onnx::Constant[value={0}, onnx_name="/Constant_2"](), scope: gear_sonic.utils.inference_helpers.export_universal_token_module_as_onnx.<locals>.UniversalTokenWrapper:: # /srv/sonic/GR00T-WholeBodyControl/gear_sonic/utils/inference_helpers.py:133:0
  %/Constant_3_output_0 : Long(1, strides=[1], requires_grad=0, device=cpu) = onnx::Constant[value={267}, onnx_name="/Constant_3"](), scope: gear_sonic.utils.inference_helpers.export_universal_token_module_as_onnx.<locals>.UniversalTokenWrapper:: # /srv/sonic/GR00T-WholeBodyControl/gear_sonic/utils/inference_helpers.py:133:0
  %/Constant_4_output_0 : Long(1, strides=[1], requires_grad=0, device=cpu) = onnx::Constant[value={1}, onnx_name="/Constant_4"](), scope: gear_sonic.utils.inference_helpers.export_universal_token_module_as_onnx.<locals>.UniversalTokenWrapper:: # /srv/sonic/GR00T-WholeBodyControl/gear_sonic/utils/inference_helpers.py:133:0
  %/Slice_output_0 : Float(1, 1, 267, strides=[1197, 1197, 1], requires_grad=0, device=cpu) = onnx::Slice[onnx_name="/Slice"](%/Unsqueeze_output_0, %/Constant_2_output_0, %/Constant_3_output_0, %/Constant_1_output_0, %/Constant_4_output_0), scope: gear_sonic.utils.inference_helpers.export_universal_token_module_as_onnx.<locals>.UniversalTokenWrapper:: # /srv/sonic/GR00T-WholeBodyControl/gear_sonic/utils/inference_helpers.py:133:0
  %/Constant_5_output_0 : Long(1, strides=[1], requires_grad=0, device=cpu) = onnx::Constant[value={2}, onnx_name="/Constant_5"](), scope: gear_sonic.utils.inference_helpers.export_universal_token_module_as_onnx.<locals>.UniversalTokenWrapper:: # /srv/sonic/GR00T-WholeBodyControl/gear_sonic/utils/inference_helpers.py:134:0
  %/Constant_6_output_0 : Long(1, strides=[1], requires_grad=0, device=cpu) = onnx::Constant[value={267}, onnx_name="/Constant_6"](), scope: gear_sonic.utils.inference_helpers.export_universal_token_module_as_onnx.<locals>.UniversalTokenWrapper:: # /srv/sonic/GR00T-WholeBodyControl/gear_sonic/utils/inference_helpers.py:134:0
  %/Constant_7_output_0 : Long(1, strides=[1], requires_grad=0, device=cpu) = onnx::Constant[value={9223372036854775807}, onnx_name="/Constant_7"](), scope: gear_sonic.utils.inference_helpers.export_universal_token_module_as_onnx.<locals>.UniversalTokenWrapper:: # /srv/sonic/GR00T-WholeBodyControl/gear_sonic/utils/inference_helpers.py:134:0
  %/Constant_8_output_0 : Long(1, strides=[1], requires_grad=0, device=cpu) = onnx::Constant[value={1}, onnx_name="/Constant_8"](), scope: gear_sonic.utils.inference_helpers.export_universal_token_module_as_onnx.<locals>.UniversalTokenWrapper:: # /srv/sonic/GR00T-WholeBodyControl/gear_sonic/utils/inference_helpers.py:134:0
  %/Slice_1_output_0 : Float(1, 1, 930, strides=[1197, 1197, 1], requires_grad=0, device=cpu) = onnx::Slice[onnx_name="/Slice_1"](%/Unsqueeze_output_0, %/Constant_6_output_0, %/Constant_7_output_0, %/Constant_5_output_0, %/Constant_8_output_0), scope: gear_sonic.utils.inference_helpers.export_universal_token_module_as_onnx.<locals>.UniversalTokenWrapper:: # /srv/sonic/GR00T-WholeBodyControl/gear_sonic/utils/inference_helpers.py:134:0
  %/Constant_9_output_0 : Long(1, strides=[1], requires_grad=0, device=cpu) = onnx::Constant[value={2}, onnx_name="/Constant_9"](), scope: gear_sonic.utils.inference_helpers.export_universal_token_module_as_onnx.<locals>.UniversalTokenWrapper:: # /srv/sonic/GR00T-WholeBodyControl/gear_sonic/utils/inference_helpers.py:142:0
  %/Constant_10_output_0 : Long(1, strides=[1], requires_grad=0, device=cpu) = onnx::Constant[value={0}, onnx_name="/Constant_10"](), scope: gear_sonic.utils.inference_helpers.export_universal_token_module_as_onnx.<locals>.UniversalTokenWrapper:: # /srv/sonic/GR00T-WholeBodyControl/gear_sonic/utils/inference_helpers.py:142:0
  %/Constant_11_output_0 : Long(1, strides=[1], requires_grad=0, device=cpu) = onnx::Constant[value={6}, onnx_name="/Constant_11"](), scope: gear_sonic.utils.inference_helpers.export_universal_token_module_as_onnx.<locals>.UniversalTokenWrapper:: # /srv/sonic/GR00T-WholeBodyControl/gear_sonic/utils/inference_helpers.py:142:0
  %/Constant_12_output_0 : Long(1, strides=[1], requires_grad=0, device=cpu) = onnx::Constant[value={1}, onnx_name="/Constant_12"](), scope: gear_sonic.utils.inference_helpers.export_universal_token_module_as_onnx.<locals>.UniversalTokenWrapper:: # /srv/sonic/GR00T-WholeBodyControl/gear_sonic/utils/inference_helpers.py:142:0
  %/Slice_2_output_0 : Float(1, 1, 6, strides=[1197, 1197, 1], requires_grad=0, device=cpu) = onnx::Slice[onnx_name="/Slice_2"](%/Slice_output_0, %/Constant_10_output_0, %/Constant_11_output_0, %/Constant_9_output_0, %/Constant_12_output_0), scope: gear_sonic.utils.inference_helpers.export_universal_token_module_as_onnx.<locals>.UniversalTokenWrapper:: # /srv/sonic/GR00T-WholeBodyControl/gear_sonic/utils/inference_helpers.py:142:0
  %/Constant_13_output_0 : Long(3, strides=[1], requires_grad=0, device=cpu) = onnx::Constant[value= 1  1  6 [ CPULongType{3} ], onnx_name="/Constant_13"](), scope: gear_sonic.utils.inference_helpers.export_universal_token_module_as_onnx.<locals>.UniversalTokenWrapper:: # /srv/sonic/GR00T-WholeBodyControl/gear_sonic/utils/inference_helpers.py:143:0
  %/Reshape_output_0 : Float(1, 1, 6, strides=[6, 6, 1], requires_grad=0, device=cpu) = onnx::Reshape[onnx_name="/Reshape"](%/Slice_2_output_0, %/Constant_13_output_0), scope: gear_sonic.utils.inference_helpers.export_universal_token_module_as_onnx.<locals>.UniversalTokenWrapper:: # /srv/sonic/GR00T-WholeBodyControl/gear_sonic/utils/inference_helpers.py:143:0
  %/Constant_14_output_0 : Long(1, strides=[1], requires_grad=0, device=cpu) = onnx::Constant[value={2}, onnx_name="/Constant_14"](), scope: gear_sonic.utils.inference_helpers.export_universal_token_module_as_onnx.<locals>.UniversalTokenWrapper:: # /srv/sonic/GR00T-WholeBodyControl/gear_sonic/utils/inference_helpers.py:142:0
  %/Constant_15_output_0 : Long(1, strides=[1], requires_grad=0, device=cpu) = onnx::Constant[value={6}, onnx_name="/Constant_15"](), scope: gear_sonic.utils.inference_helpers.export_universal_token_module_as_onnx.<locals>.UniversalTokenWrapper:: # /srv/sonic/GR00T-WholeBodyControl/gear_sonic/utils/inference_helpers.py:142:0
  %/Constant_16_output_0 : Long(1, strides=[1], requires_grad=0, device=cpu) = onnx::Constant[value={246}, onnx_name="/Constant_16"](), scope: gear_sonic.utils.inference_helpers.export_universal_token_module_as_onnx.<locals>.UniversalTokenWrapper:: # /srv/sonic/GR00T-WholeBodyControl/gear_sonic/utils/inference_helpers.py:142:0
  %/Constant_17_output_0 : Long(1, strides=[1], requires_grad=0, device=cpu) = onnx::Constant[value={1}, onnx_name="/Constant_17"](), scope: gear_sonic.utils.inference_helpers.export_universal_token_module_as_onnx.<locals>.UniversalTokenWrapper:: # /srv/sonic/GR00T-WholeBodyControl/gear_sonic/utils/inference_helpers.py:142:0
  %/Slice_3_output_0 : Float(1, 1, 240, strides=[1197, 1197, 1], requires_grad=0, device=cpu) = onnx::Slice[onnx_name="/Slice_3"](%/Slice_output_0, %/Constant_15_output_0, %/Constant_16_output_0, %/Constant_14_output_0, %/Constant_17_output_0), scope: gear_sonic.utils.inference_helpers.export_universal_token_module_as_onnx.<locals>.UniversalTokenWrapper:: # /srv/sonic/GR00T-WholeBodyControl/gear_sonic/utils/inference_helpers.py:142:0
  %/Constant_18_output_0 : Long(3, strides=[1], requires_grad=0, device=cpu) = onnx::Constant[value=   1    1  240 [ CPULongType{3} ], onnx_name="/Constant_18"](), scope: gear_sonic.utils.inference_helpers.export_universal_token_module_as_onnx.<locals>.UniversalTokenWrapper:: # /srv/sonic/GR00T-WholeBodyControl/gear_sonic/utils/inference_helpers.py:143:0
  %/Reshape_1_output_0 : Float(1, 1, 240, strides=[240, 240, 1], requires_grad=0, device=cpu) = onnx::Reshape[onnx_name="/Reshape_1"](%/Slice_3_output_0, %/Constant_18_output_0), scope: gear_sonic.utils.inference_helpers.export_universal_token_module_as_onnx.<locals>.UniversalTokenWrapper:: # /srv/sonic/GR00T-WholeBodyControl/gear_sonic/utils/inference_helpers.py:143:0
  %/Constant_19_output_0 : Long(1, strides=[1], requires_grad=0, device=cpu) = onnx::Constant[value={2}, onnx_name="/Constant_19"](), scope: gear_sonic.utils.inference_helpers.export_universal_token_module_as_onnx.<locals>.UniversalTokenWrapper:: # /srv/sonic/GR00T-WholeBodyControl/gear_sonic/utils/inference_helpers.py:142:0
  %/Constant_20_output_0 : Long(1, strides=[1], requires_grad=0, device=cpu) = onnx::Constant[value={246}, onnx_name="/Constant_20"](), scope: gear_sonic.utils.inference_helpers.export_universal_token_module_as_onnx.<locals>.UniversalTokenWrapper:: # /srv/sonic/GR00T-WholeBodyControl/gear_sonic/utils/inference_helpers.py:142:0
  %/Constant_21_output_0 : Long(1, strides=[1], requires_grad=0, device=cpu) = onnx::Constant[value={255}, onnx_name="/Constant_21"](), scope: gear_sonic.utils.inference_helpers.export_universal_token_module_as_onnx.<locals>.UniversalTokenWrapper:: # /srv/sonic/GR00T-WholeBodyControl/gear_sonic/utils/inference_helpers.py:142:0
  %/Constant_22_output_0 : Long(1, strides=[1], requires_grad=0, device=cpu) = onnx::Constant[value={1}, onnx_name="/Constant_22"](), scope: gear_sonic.utils.inference_helpers.export_universal_token_module_as_onnx.<locals>.UniversalTokenWrapper:: # /srv/sonic/GR00T-WholeBodyControl/gear_sonic/utils/inference_helpers.py:142:0
  %/Slice_4_output_0 : Float(1, 1, 9, strides=[1197, 1197, 1], requires_grad=0, device=cpu) = onnx::Slice[onnx_name="/Slice_4"](%/Slice_output_0, %/Constant_20_output_0, %/Constant_21_output_0, %/Constant_19_output_0, %/Constant_22_output_0), scope: gear_sonic.utils.inference_helpers.export_universal_token_module_as_onnx.<locals>.UniversalTokenWrapper:: # /srv/sonic/GR00T-WholeBodyControl/gear_sonic/utils/inference_helpers.py:142:0
  %/Constant_23_output_0 : Long(3, strides=[1], requires_grad=0, device=cpu) = onnx::Constant[value= 1  1  9 [ CPULongType{3} ], onnx_name="/Constant_23"](), scope: gear_sonic.utils.inference_helpers.export_universal_token_module_as_onnx.<locals>.UniversalTokenWrapper:: # /srv/sonic/GR00T-WholeBodyControl/gear_sonic/utils/inference_helpers.py:143:0
  %/Reshape_2_output_0 : Float(1, 1, 9, strides=[9, 9, 1], requires_grad=0, device=cpu) = onnx::Reshape[onnx_name="/Reshape_2"](%/Slice_4_output_0, %/Constant_23_output_0), scope: gear_sonic.utils.inference_helpers.export_universal_token_module_as_onnx.<locals>.UniversalTokenWrapper:: # /srv/sonic/GR00T-WholeBodyControl/gear_sonic/utils/inference_helpers.py:143:0
  %/Constant_24_output_0 : Long(1, strides=[1], requires_grad=0, device=cpu) = onnx::Constant[value={2}, onnx_name="/Constant_24"](), scope: gear_sonic.utils.inference_helpers.export_universal_token_module_as_onnx.<locals>.UniversalTokenWrapper:: # /srv/sonic/GR00T-WholeBodyControl/gear_sonic/utils/inference_helpers.py:142:0
  %/Constant_25_output_0 : Long(1, strides=[1], requires_grad=0, device=cpu) = onnx::Constant[value={255}, onnx_name="/Constant_25"](), scope: gear_sonic.utils.inference_helpers.export_universal_token_module_as_onnx.<locals>.UniversalTokenWrapper:: # /srv/sonic/GR00T-WholeBodyControl/gear_sonic/utils/inference_helpers.py:142:0
  %/Constant_26_output_0 : Long(1, strides=[1], requires_grad=0, device=cpu) = onnx::Constant[value={267}, onnx_name="/Constant_26"](), scope: gear_sonic.utils.inference_helpers.export_universal_token_module_as_onnx.<locals>.UniversalTokenWrapper:: # /srv/sonic/GR00T-WholeBodyControl/gear_sonic/utils/inference_helpers.py:142:0
  %/Constant_27_output_0 : Long(1, strides=[1], requires_grad=0, device=cpu) = onnx::Constant[value={1}, onnx_name="/Constant_27"](), scope: gear_sonic.utils.inference_helpers.export_universal_token_module_as_onnx.<locals>.UniversalTokenWrapper:: # /srv/sonic/GR00T-WholeBodyControl/gear_sonic/utils/inference_helpers.py:142:0
  %/Slice_5_output_0 : Float(1, 1, 12, strides=[1197, 1197, 1], requires_grad=0, device=cpu) = onnx::Slice[onnx_name="/Slice_5"](%/Slice_output_0, %/Constant_25_output_0, %/Constant_26_output_0, %/Constant_24_output_0, %/Constant_27_output_0), scope: gear_sonic.utils.inference_helpers.export_universal_token_module_as_onnx.<locals>.UniversalTokenWrapper:: # /srv/sonic/GR00T-WholeBodyControl/gear_sonic/utils/inference_helpers.py:142:0
  %/Constant_28_output_0 : Long(3, strides=[1], requires_grad=0, device=cpu) = onnx::Constant[value=  1   1  12 [ CPULongType{3} ], onnx_name="/Constant_28"](), scope: gear_sonic.utils.inference_helpers.export_universal_token_module_as_onnx.<locals>.UniversalTokenWrapper:: # /srv/sonic/GR00T-WholeBodyControl/gear_sonic/utils/inference_helpers.py:143:0
  %/Reshape_3_output_0 : Float(1, 1, 12, strides=[12, 12, 1], requires_grad=0, device=cpu) = onnx::Reshape[onnx_name="/Reshape_3"](%/Slice_5_output_0, %/Constant_28_output_0), scope: gear_sonic.utils.inference_helpers.export_universal_token_module_as_onnx.<locals>.UniversalTokenWrapper:: # /srv/sonic/GR00T-WholeBodyControl/gear_sonic/utils/inference_helpers.py:143:0
  %/Concat_output_0 : Float(1, 1, 267, strides=[267, 267, 1], requires_grad=0, device=cpu) = onnx::Concat[axis=-1, onnx_name="/Concat"](%/Reshape_1_output_0, %/Reshape_2_output_0, %/Reshape_3_output_0, %/Reshape_output_0), scope: gear_sonic.utils.inference_helpers.export_universal_token_module_as_onnx.<locals>.UniversalTokenWrapper:: # /srv/sonic/GR00T-WholeBodyControl/gear_sonic/trl/modules/universal_token_modules.py:637:0
  %/Constant_29_output_0 : Long(2, strides=[1], requires_grad=0, device=cpu) = onnx::Constant[value=  -1  267 [ CPULongType{2} ], onnx_name="/Constant_29"](), scope: gear_sonic.utils.inference_helpers.export_universal_token_module_as_onnx.<locals>.UniversalTokenWrapper:: # /srv/sonic/GR00T-WholeBodyControl/gear_sonic/trl/modules/universal_token_modules.py:638:0
  %/Reshape_4_output_0 : Float(1, 267, strides=[267, 1], requires_grad=0, device=cpu) = onnx::Reshape[onnx_name="/Reshape_4"](%/Concat_output_0, %/Constant_29_output_0), scope: gear_sonic.utils.inference_helpers.export_universal_token_module_as_onnx.<locals>.UniversalTokenWrapper:: # /srv/sonic/GR00T-WholeBodyControl/gear_sonic/trl/modules/universal_token_modules.py:638:0
  %/teleop/module/module.0/Gemm_output_0 : Float(1, 2048, strides=[2048, 1], requires_grad=0, device=cpu) = onnx::Gemm[alpha=1., beta=1., transB=1, onnx_name="/teleop/module/module.0/Gemm"](%/Reshape_4_output_0, %module.encoders.teleop.module.0.weight, %module.encoders.teleop.module.0.bias), scope: gear_sonic.utils.inference_helpers.export_universal_token_module_as_onnx.<locals>.UniversalTokenWrapper::/gear_sonic.trl.modules.base_module.BaseModule::teleop/torch.nn.modules.container.Sequential::module/torch.nn.modules.linear.Linear::module.0 # /srv/sonic/env_isaaclab/lib/python3.11/site-packages/torch/nn/modules/linear.py:125:0
  %/teleop/module/module.1/Sigmoid_output_0 : Float(1, 2048, strides=[2048, 1], device=cpu) = onnx::Sigmoid[onnx_name="/teleop/module/module.1/Sigmoid"](%/teleop/module/module.0/Gemm_output_0), scope: gear_sonic.utils.inference_helpers.export_universal_token_module_as_onnx.<locals>.UniversalTokenWrapper::/gear_sonic.trl.modules.base_module.BaseModule::teleop/torch.nn.modules.container.Sequential::module/torch.nn.modules.activation.SiLU::module.1 # /srv/sonic/env_isaaclab/lib/python3.11/site-packages/torch/nn/functional.py:2380:0
  %/teleop/module/module.1/Mul_output_0 : Float(1, 2048, strides=[2048, 1], requires_grad=0, device=cpu) = onnx::Mul[onnx_name="/teleop/module/module.1/Mul"](%/teleop/module/module.0/Gemm_output_0, %/teleop/module/module.1/Sigmoid_output_0), scope: gear_sonic.utils.inference_helpers.export_universal_token_module_as_onnx.<locals>.UniversalTokenWrapper::/gear_sonic.trl.modules.base_module.BaseModule::teleop/torch.nn.modules.container.Sequential::module/torch.nn.modules.activation.SiLU::module.1 # /srv/sonic/env_isaaclab/lib/python3.11/site-packages/torch/nn/functional.py:2380:0
  %/teleop/module/module.2/Gemm_output_0 : Float(1, 1024, strides=[1024, 1], requires_grad=0, device=cpu) = onnx::Gemm[alpha=1., beta=1., transB=1, onnx_name="/teleop/module/module.2/Gemm"](%/teleop/module/module.1/Mul_output_0, %module.encoders.teleop.module.2.weight, %module.encoders.teleop.module.2.bias), scope: gear_sonic.utils.inference_helpers.export_universal_token_module_as_onnx.<locals>.UniversalTokenWrapper::/gear_sonic.trl.modules.base_module.BaseModule::teleop/torch.nn.modules.container.Sequential::module/torch.nn.modules.linear.Linear::module.2 # /srv/sonic/env_isaaclab/lib/python3.11/site-packages/torch/nn/modules/linear.py:125:0
  %/teleop/module/module.1_1/Sigmoid_output_0 : Float(1, 1024, strides=[1024, 1], device=cpu) = onnx::Sigmoid[onnx_name="/teleop/module/module.1_1/Sigmoid"](%/teleop/module/module.2/Gemm_output_0), scope: gear_sonic.utils.inference_helpers.export_universal_token_module_as_onnx.<locals>.UniversalTokenWrapper::/gear_sonic.trl.modules.base_module.BaseModule::teleop/torch.nn.modules.container.Sequential::module/torch.nn.modules.activation.SiLU::module.1 # /srv/sonic/env_isaaclab/lib/python3.11/site-packages/torch/nn/functional.py:2380:0
  %/teleop/module/module.1_1/Mul_output_0 : Float(1, 1024, strides=[1024, 1], requires_grad=0, device=cpu) = onnx::Mul[onnx_name="/teleop/module/module.1_1/Mul"](%/teleop/module/module.2/Gemm_output_0, %/teleop/module/module.1_1/Sigmoid_output_0), scope: gear_sonic.utils.inference_helpers.export_universal_token_module_as_onnx.<locals>.UniversalTokenWrapper::/gear_sonic.trl.modules.base_module.BaseModule::teleop/torch.nn.modules.container.Sequential::module/torch.nn.modules.activation.SiLU::module.1 # /srv/sonic/env_isaaclab/lib/python3.11/site-packages/torch/nn/functional.py:2380:0
  %/teleop/module/module.4/Gemm_output_0 : Float(1, 512, strides=[512, 1], requires_grad=0, device=cpu) = onnx::Gemm[alpha=1., beta=1., transB=1, onnx_name="/teleop/module/module.4/Gemm"](%/teleop/module/module.1_1/Mul_output_0, %module.encoders.teleop.module.4.weight, %module.encoders.teleop.module.4.bias), scope: gear_sonic.utils.inference_helpers.export_universal_token_module_as_onnx.<locals>.UniversalTokenWrapper::/gear_sonic.trl.modules.base_module.BaseModule::teleop/torch.nn.modules.container.Sequential::module/torch.nn.modules.linear.Linear::module.4 # /srv/sonic/env_isaaclab/lib/python3.11/site-packages/torch/nn/modules/linear.py:125:0
  %/teleop/module/module.1_2/Sigmoid_output_0 : Float(1, 512, strides=[512, 1], device=cpu) = onnx::Sigmoid[onnx_name="/teleop/module/module.1_2/Sigmoid"](%/teleop/module/module.4/Gemm_output_0), scope: gear_sonic.utils.inference_helpers.export_universal_token_module_as_onnx.<locals>.UniversalTokenWrapper::/gear_sonic.trl.modules.base_module.BaseModule::teleop/torch.nn.modules.container.Sequential::module/torch.nn.modules.activation.SiLU::module.1 # /srv/sonic/env_isaaclab/lib/python3.11/site-packages/torch/nn/functional.py:2380:0
  %/teleop/module/module.1_2/Mul_output_0 : Float(1, 512, strides=[512, 1], requires_grad=0, device=cpu) = onnx::Mul[onnx_name="/teleop/module/module.1_2/Mul"](%/teleop/module/module.4/Gemm_output_0, %/teleop/module/module.1_2/Sigmoid_output_0), scope: gear_sonic.utils.inference_helpers.export_universal_token_module_as_onnx.<locals>.UniversalTokenWrapper::/gear_sonic.trl.modules.base_module.BaseModule::teleop/torch.nn.modules.container.Sequential::module/torch.nn.modules.activation.SiLU::module.1 # /srv/sonic/env_isaaclab/lib/python3.11/site-packages/torch/nn/functional.py:2380:0
  %/teleop/module/module.6/Gemm_output_0 : Float(1, 512, strides=[512, 1], requires_grad=0, device=cpu) = onnx::Gemm[alpha=1., beta=1., transB=1, onnx_name="/teleop/module/module.6/Gemm"](%/teleop/module/module.1_2/Mul_output_0, %module.encoders.teleop.module.6.weight, %module.encoders.teleop.module.6.bias), scope: gear_sonic.utils.inference_helpers.export_universal_token_module_as_onnx.<locals>.UniversalTokenWrapper::/gear_sonic.trl.modules.base_module.BaseModule::teleop/torch.nn.modules.container.Sequential::module/torch.nn.modules.linear.Linear::module.6 # /srv/sonic/env_isaaclab/lib/python3.11/site-packages/torch/nn/modules/linear.py:125:0
  %/teleop/module/module.1_3/Sigmoid_output_0 : Float(1, 512, strides=[512, 1], device=cpu) = onnx::Sigmoid[onnx_name="/teleop/module/module.1_3/Sigmoid"](%/teleop/module/module.6/Gemm_output_0), scope: gear_sonic.utils.inference_helpers.export_universal_token_module_as_onnx.<locals>.UniversalTokenWrapper::/gear_sonic.trl.modules.base_module.BaseModule::teleop/torch.nn.modules.container.Sequential::module/torch.nn.modules.activation.SiLU::module.1 # /srv/sonic/env_isaaclab/lib/python3.11/site-packages/torch/nn/functional.py:2380:0
  %/teleop/module/module.1_3/Mul_output_0 : Float(1, 512, strides=[512, 1], requires_grad=0, device=cpu) = onnx::Mul[onnx_name="/teleop/module/module.1_3/Mul"](%/teleop/module/module.6/Gemm_output_0, %/teleop/module/module.1_3/Sigmoid_output_0), scope: gear_sonic.utils.inference_helpers.export_universal_token_module_as_onnx.<locals>.UniversalTokenWrapper::/gear_sonic.trl.modules.base_module.BaseModule::teleop/torch.nn.modules.container.Sequential::module/torch.nn.modules.activation.SiLU::module.1 # /srv/sonic/env_isaaclab/lib/python3.11/site-packages/torch/nn/functional.py:2380:0
  %/teleop/module/module.8/Gemm_output_0 : Float(1, 64, strides=[64, 1], requires_grad=0, device=cpu) = onnx::Gemm[alpha=1., beta=1., transB=1, onnx_name="/teleop/module/module.8/Gemm"](%/teleop/module/module.1_3/Mul_output_0, %module.encoders.teleop.module.8.weight, %module.encoders.teleop.module.8.bias), scope: gear_sonic.utils.inference_helpers.export_universal_token_module_as_onnx.<locals>.UniversalTokenWrapper::/gear_sonic.trl.modules.base_module.BaseModule::teleop/torch.nn.modules.container.Sequential::module/torch.nn.modules.linear.Linear::module.8 # /srv/sonic/env_isaaclab/lib/python3.11/site-packages/torch/nn/modules/linear.py:125:0
  %/teleop/Constant_output_0 : Long(3, strides=[1], requires_grad=0, device=cpu) = onnx::Constant[value=  1   2  32 [ CPULongType{3} ], onnx_name="/teleop/Constant"](), scope: gear_sonic.utils.inference_helpers.export_universal_token_module_as_onnx.<locals>.UniversalTokenWrapper::/gear_sonic.trl.modules.base_module.BaseModule::teleop # /srv/sonic/GR00T-WholeBodyControl/gear_sonic/trl/modules/base_module.py:557:0
  %/teleop/Reshape_output_0 : Float(1, 2, 32, strides=[64, 32, 1], requires_grad=0, device=cpu) = onnx::Reshape[onnx_name="/teleop/Reshape"](%/teleop/module/module.8/Gemm_output_0, %/teleop/Constant_output_0), scope: gear_sonic.utils.inference_helpers.export_universal_token_module_as_onnx.<locals>.UniversalTokenWrapper::/gear_sonic.trl.modules.base_module.BaseModule::teleop # /srv/sonic/GR00T-WholeBodyControl/gear_sonic/trl/modules/base_module.py:557:0
  %/quantizer/Constant_output_0 : Long(4, strides=[1], requires_grad=0, device=cpu) = onnx::Constant[value=  1   2   1  32 [ CPULongType{4} ], onnx_name="/quantizer/Constant"](), scope: gear_sonic.utils.inference_helpers.export_universal_token_module_as_onnx.<locals>.UniversalTokenWrapper::/vector_quantize_pytorch.finite_scalar_quantization.FSQ::quantizer # /srv/sonic/env_isaaclab/lib/python3.11/site-packages/einops/_backends.py:96:0
  %/quantizer/Reshape_output_0 : Float(1, 2, 1, 32, strides=[64, 32, 32, 1], requires_grad=0, device=cpu) = onnx::Reshape[onnx_name="/quantizer/Reshape"](%/teleop/Reshape_output_0, %/quantizer/Constant_output_0), scope: gear_sonic.utils.inference_helpers.export_universal_token_module_as_onnx.<locals>.UniversalTokenWrapper::/vector_quantize_pytorch.finite_scalar_quantization.FSQ::quantizer # /srv/sonic/env_isaaclab/lib/python3.11/site-packages/einops/_backends.py:96:0
  %/quantizer/Constant_1_output_0 : Float(32, strides=[1], requires_grad=0, device=cpu) = onnx::Constant[value=<Tensor>, onnx_name="/quantizer/Constant_1"](), scope: gear_sonic.utils.inference_helpers.export_universal_token_module_as_onnx.<locals>.UniversalTokenWrapper::/vector_quantize_pytorch.finite_scalar_quantization.FSQ::quantizer # /srv/sonic/env_isaaclab/lib/python3.11/site-packages/vector_quantize_pytorch/finite_scalar_quantization.py:155:0
  %/quantizer/Add_output_0 : Float(1, 2, 1, 32, strides=[64, 32, 32, 1], requires_grad=0, device=cpu) = onnx::Add[onnx_name="/quantizer/Add"](%/quantizer/Reshape_output_0, %/quantizer/Constant_1_output_0), scope: gear_sonic.utils.inference_helpers.export_universal_token_module_as_onnx.<locals>.UniversalTokenWrapper::/vector_quantize_pytorch.finite_scalar_quantization.FSQ::quantizer # /srv/sonic/env_isaaclab/lib/python3.11/site-packages/vector_quantize_pytorch/finite_scalar_quantization.py:155:0
  %/quantizer/Tanh_output_0 : Float(1, 2, 1, 32, strides=[64, 32, 32, 1], requires_grad=0, device=cpu) = onnx::Tanh[onnx_name="/quantizer/Tanh"](%/quantizer/Add_output_0), scope: gear_sonic.utils.inference_helpers.export_universal_token_module_as_onnx.<locals>.UniversalTokenWrapper::/vector_quantize_pytorch.finite_scalar_quantization.FSQ::quantizer # /srv/sonic/env_isaaclab/lib/python3.11/site-packages/vector_quantize_pytorch/finite_scalar_quantization.py:155:0
  %/quantizer/Constant_2_output_0 : Float(32, strides=[1], requires_grad=0, device=cpu) = onnx::Constant[value=<Tensor>, onnx_name="/quantizer/Constant_2"](), scope: gear_sonic.utils.inference_helpers.export_universal_token_module_as_onnx.<locals>.UniversalTokenWrapper::/vector_quantize_pytorch.finite_scalar_quantization.FSQ::quantizer # /srv/sonic/env_isaaclab/lib/python3.11/site-packages/vector_quantize_pytorch/finite_scalar_quantization.py:155:0
  %/quantizer/Mul_output_0 : Float(1, 2, 1, 32, strides=[64, 32, 32, 1], requires_grad=0, device=cpu) = onnx::Mul[onnx_name="/quantizer/Mul"](%/quantizer/Tanh_output_0, %/quantizer/Constant_2_output_0), scope: gear_sonic.utils.inference_helpers.export_universal_token_module_as_onnx.<locals>.UniversalTokenWrapper::/vector_quantize_pytorch.finite_scalar_quantization.FSQ::quantizer # /srv/sonic/env_isaaclab/lib/python3.11/site-packages/vector_quantize_pytorch/finite_scalar_quantization.py:155:0
  %/quantizer/Constant_3_output_0 : Float(32, strides=[1], requires_grad=0, device=cpu) = onnx::Constant[value=<Tensor>, onnx_name="/quantizer/Constant_3"](), scope: gear_sonic.utils.inference_helpers.export_universal_token_module_as_onnx.<locals>.UniversalTokenWrapper::/vector_quantize_pytorch.finite_scalar_quantization.FSQ::quantizer # /srv/sonic/env_isaaclab/lib/python3.11/site-packages/vector_quantize_pytorch/finite_scalar_quantization.py:155:0
  %/quantizer/Sub_output_0 : Float(1, 2, 1, 32, strides=[64, 32, 32, 1], requires_grad=0, device=cpu) = onnx::Sub[onnx_name="/quantizer/Sub"](%/quantizer/Mul_output_0, %/quantizer/Constant_3_output_0), scope: gear_sonic.utils.inference_helpers.export_universal_token_module_as_onnx.<locals>.UniversalTokenWrapper::/vector_quantize_pytorch.finite_scalar_quantization.FSQ::quantizer # /srv/sonic/env_isaaclab/lib/python3.11/site-packages/vector_quantize_pytorch/finite_scalar_quantization.py:155:0
  %/quantizer/Round_output_0 : Float(1, 2, 1, 32, strides=[64, 32, 32, 1], requires_grad=0, device=cpu) = onnx::Round[onnx_name="/quantizer/Round"](%/quantizer/Sub_output_0), scope: gear_sonic.utils.inference_helpers.export_universal_token_module_as_onnx.<locals>.UniversalTokenWrapper::/vector_quantize_pytorch.finite_scalar_quantization.FSQ::quantizer # /srv/sonic/env_isaaclab/lib/python3.11/site-packages/vector_quantize_pytorch/finite_scalar_quantization.py:54:0
  %/quantizer/Sub_1_output_0 : Float(1, 2, 1, 32, strides=[64, 32, 32, 1], requires_grad=0, device=cpu) = onnx::Sub[onnx_name="/quantizer/Sub_1"](%/quantizer/Round_output_0, %/quantizer/Sub_output_0), scope: gear_sonic.utils.inference_helpers.export_universal_token_module_as_onnx.<locals>.UniversalTokenWrapper::/vector_quantize_pytorch.finite_scalar_quantization.FSQ::quantizer # /srv/sonic/env_isaaclab/lib/python3.11/site-packages/vector_quantize_pytorch/finite_scalar_quantization.py:55:0
  %/quantizer/Add_1_output_0 : Float(1, 2, 1, 32, strides=[64, 32, 32, 1], requires_grad=0, device=cpu) = onnx::Add[onnx_name="/quantizer/Add_1"](%/quantizer/Sub_output_0, %/quantizer/Sub_1_output_0), scope: gear_sonic.utils.inference_helpers.export_universal_token_module_as_onnx.<locals>.UniversalTokenWrapper::/vector_quantize_pytorch.finite_scalar_quantization.FSQ::quantizer # /srv/sonic/env_isaaclab/lib/python3.11/site-packages/vector_quantize_pytorch/finite_scalar_quantization.py:55:0
  %/quantizer/Constant_4_output_0 : Float(32, strides=[1], requires_grad=0, device=cpu) = onnx::Constant[value=<Tensor>, onnx_name="/quantizer/Constant_4"](), scope: gear_sonic.utils.inference_helpers.export_universal_token_module_as_onnx.<locals>.UniversalTokenWrapper::/vector_quantize_pytorch.finite_scalar_quantization.FSQ::quantizer # /srv/sonic/env_isaaclab/lib/python3.11/site-packages/vector_quantize_pytorch/finite_scalar_quantization.py:157:0
  %/quantizer/Div_output_0 : Float(1, 2, 1, 32, strides=[64, 32, 32, 1], requires_grad=0, device=cpu) = onnx::Div[onnx_name="/quantizer/Div"](%/quantizer/Add_1_output_0, %/quantizer/Constant_4_output_0), scope: gear_sonic.utils.inference_helpers.export_universal_token_module_as_onnx.<locals>.UniversalTokenWrapper::/vector_quantize_pytorch.finite_scalar_quantization.FSQ::quantizer # /srv/sonic/env_isaaclab/lib/python3.11/site-packages/vector_quantize_pytorch/finite_scalar_quantization.py:157:0
  %/quantizer/Constant_5_output_0 : Long(3, strides=[1], requires_grad=0, device=cpu) = onnx::Constant[value=  1   2  32 [ CPULongType{3} ], onnx_name="/quantizer/Constant_5"](), scope: gear_sonic.utils.inference_helpers.export_universal_token_module_as_onnx.<locals>.UniversalTokenWrapper::/vector_quantize_pytorch.finite_scalar_quantization.FSQ::quantizer # /srv/sonic/env_isaaclab/lib/python3.11/site-packages/einops/_backends.py:96:0
  %/quantizer/Reshape_1_output_0 : Float(1, 2, 32, strides=[64, 32, 1], requires_grad=0, device=cpu) = onnx::Reshape[onnx_name="/quantizer/Reshape_1"](%/quantizer/Div_output_0, %/quantizer/Constant_5_output_0), scope: gear_sonic.utils.inference_helpers.export_universal_token_module_as_onnx.<locals>.UniversalTokenWrapper::/vector_quantize_pytorch.finite_scalar_quantization.FSQ::quantizer # /srv/sonic/env_isaaclab/lib/python3.11/site-packages/einops/_backends.py:96:0
  %/quantizer/Cast_output_0 : Float(1, 2, 32, strides=[64, 32, 1], requires_grad=0, device=cpu) = onnx::Cast[to=1, onnx_name="/quantizer/Cast"](%/quantizer/Reshape_1_output_0), scope: gear_sonic.utils.inference_helpers.export_universal_token_module_as_onnx.<locals>.UniversalTokenWrapper::/vector_quantize_pytorch.finite_scalar_quantization.FSQ::quantizer # /srv/sonic/env_isaaclab/lib/python3.11/site-packages/vector_quantize_pytorch/finite_scalar_quantization.py:301:0
  %/Constant_30_output_0 : Long(1, strides=[1], device=cpu) = onnx::Constant[value={1}, onnx_name="/Constant_30"](), scope: gear_sonic.utils.inference_helpers.export_universal_token_module_as_onnx.<locals>.UniversalTokenWrapper:: # /srv/sonic/GR00T-WholeBodyControl/gear_sonic/utils/inference_helpers.py:156:0
  %/Unsqueeze_1_output_0 : Float(1, 1, 2, 32, strides=[64, 64, 32, 1], requires_grad=0, device=cpu) = onnx::Unsqueeze[onnx_name="/Unsqueeze_1"](%/quantizer/Cast_output_0, %/Constant_30_output_0), scope: gear_sonic.utils.inference_helpers.export_universal_token_module_as_onnx.<locals>.UniversalTokenWrapper:: # /srv/sonic/GR00T-WholeBodyControl/gear_sonic/utils/inference_helpers.py:156:0
  %/Shape_output_0 : Long(4, strides=[1], device=cpu) = onnx::Shape[onnx_name="/Shape"](%/Unsqueeze_1_output_0), scope: gear_sonic.utils.inference_helpers.export_universal_token_module_as_onnx.<locals>.UniversalTokenWrapper:: # /srv/sonic/GR00T-WholeBodyControl/gear_sonic/utils/inference_helpers.py:161:0
  %/Constant_31_output_0 : Long(1, strides=[1], device=cpu) = onnx::Constant[value={0}, onnx_name="/Constant_31"](), scope: gear_sonic.utils.inference_helpers.export_universal_token_module_as_onnx.<locals>.UniversalTokenWrapper:: # /srv/sonic/GR00T-WholeBodyControl/gear_sonic/utils/inference_helpers.py:161:0
  %/Constant_32_output_0 : Long(1, strides=[1], device=cpu) = onnx::Constant[value={0}, onnx_name="/Constant_32"](), scope: gear_sonic.utils.inference_helpers.export_universal_token_module_as_onnx.<locals>.UniversalTokenWrapper:: # /srv/sonic/GR00T-WholeBodyControl/gear_sonic/utils/inference_helpers.py:161:0
  %/Constant_33_output_0 : Long(1, strides=[1], device=cpu) = onnx::Constant[value={-2}, onnx_name="/Constant_33"](), scope: gear_sonic.utils.inference_helpers.export_universal_token_module_as_onnx.<locals>.UniversalTokenWrapper:: # /srv/sonic/GR00T-WholeBodyControl/gear_sonic/utils/inference_helpers.py:161:0
  %/Slice_6_output_0 : Long(2, strides=[1], device=cpu) = onnx::Slice[onnx_name="/Slice_6"](%/Shape_output_0, %/Constant_32_output_0, %/Constant_33_output_0, %/Constant_31_output_0), scope: gear_sonic.utils.inference_helpers.export_universal_token_module_as_onnx.<locals>.UniversalTokenWrapper:: # /srv/sonic/GR00T-WholeBodyControl/gear_sonic/utils/inference_helpers.py:161:0
  %/Constant_34_output_0 : Long(1, strides=[1], requires_grad=0, device=cpu) = onnx::Constant[value={-1}, onnx_name="/Constant_34"](), scope: gear_sonic.utils.inference_helpers.export_universal_token_module_as_onnx.<locals>.UniversalTokenWrapper:: # /srv/sonic/GR00T-WholeBodyControl/gear_sonic/utils/inference_helpers.py:161:0
  %/Concat_1_output_0 : Long(3, strides=[1], device=cpu) = onnx::Concat[axis=0, onnx_name="/Concat_1"](%/Slice_6_output_0, %/Constant_34_output_0), scope: gear_sonic.utils.inference_helpers.export_universal_token_module_as_onnx.<locals>.UniversalTokenWrapper:: # /srv/sonic/GR00T-WholeBodyControl/gear_sonic/utils/inference_helpers.py:161:0
  %/Reshape_5_output_0 : Float(1, 1, 64, strides=[64, 64, 1], requires_grad=0, device=cpu) = onnx::Reshape[onnx_name="/Reshape_5"](%/Unsqueeze_1_output_0, %/Concat_1_output_0), scope: gear_sonic.utils.inference_helpers.export_universal_token_module_as_onnx.<locals>.UniversalTokenWrapper:: # /srv/sonic/GR00T-WholeBodyControl/gear_sonic/utils/inference_helpers.py:161:0
  %/Concat_2_output_0 : Float(1, 1, 994, strides=[994, 994, 1], requires_grad=0, device=cpu) = onnx::Concat[axis=-1, onnx_name="/Concat_2"](%/Reshape_5_output_0, %/Slice_1_output_0), scope: gear_sonic.utils.inference_helpers.export_universal_token_module_as_onnx.<locals>.UniversalTokenWrapper:: # /srv/sonic/GR00T-WholeBodyControl/gear_sonic/trl/modules/universal_token_modules.py:729:0
  %/g1_dyn/module/module.0/MatMul_output_0 : Float(1, 1, 2048, strides=[2048, 2048, 1], device=cpu) = onnx::MatMul[onnx_name="/g1_dyn/module/module.0/MatMul"](%/Concat_2_output_0, %onnx::MatMul_343), scope: gear_sonic.utils.inference_helpers.export_universal_token_module_as_onnx.<locals>.UniversalTokenWrapper::/gear_sonic.trl.modules.base_module.BaseModule::g1_dyn/torch.nn.modules.container.Sequential::module/torch.nn.modules.linear.Linear::module.0 # /srv/sonic/env_isaaclab/lib/python3.11/site-packages/torch/nn/modules/linear.py:125:0
  %/g1_dyn/module/module.0/Add_output_0 : Float(1, 1, 2048, strides=[2048, 2048, 1], requires_grad=0, device=cpu) = onnx::Add[onnx_name="/g1_dyn/module/module.0/Add"](%module.decoders.g1_dyn.module.0.bias, %/g1_dyn/module/module.0/MatMul_output_0), scope: gear_sonic.utils.inference_helpers.export_universal_token_module_as_onnx.<locals>.UniversalTokenWrapper::/gear_sonic.trl.modules.base_module.BaseModule::g1_dyn/torch.nn.modules.container.Sequential::module/torch.nn.modules.linear.Linear::module.0 # /srv/sonic/env_isaaclab/lib/python3.11/site-packages/torch/nn/modules/linear.py:125:0
  %/g1_dyn/module/module.1/Sigmoid_output_0 : Float(1, 1, 2048, strides=[2048, 2048, 1], device=cpu) = onnx::Sigmoid[onnx_name="/g1_dyn/module/module.1/Sigmoid"](%/g1_dyn/module/module.0/Add_output_0), scope: gear_sonic.utils.inference_helpers.export_universal_token_module_as_onnx.<locals>.UniversalTokenWrapper::/gear_sonic.trl.modules.base_module.BaseModule::g1_dyn/torch.nn.modules.container.Sequential::module/torch.nn.modules.activation.SiLU::module.1 # /srv/sonic/env_isaaclab/lib/python3.11/site-packages/torch/nn/functional.py:2380:0
  %/g1_dyn/module/module.1/Mul_output_0 : Float(1, 1, 2048, strides=[2048, 2048, 1], requires_grad=0, device=cpu) = onnx::Mul[onnx_name="/g1_dyn/module/module.1/Mul"](%/g1_dyn/module/module.0/Add_output_0, %/g1_dyn/module/module.1/Sigmoid_output_0), scope: gear_sonic.utils.inference_helpers.export_universal_token_module_as_onnx.<locals>.UniversalTokenWrapper::/gear_sonic.trl.modules.base_module.BaseModule::g1_dyn/torch.nn.modules.container.Sequential::module/torch.nn.modules.activation.SiLU::module.1 # /srv/sonic/env_isaaclab/lib/python3.11/site-packages/torch/nn/functional.py:2380:0
  %/g1_dyn/module/module.2/MatMul_output_0 : Float(1, 1, 2048, strides=[2048, 2048, 1], device=cpu) = onnx::MatMul[onnx_name="/g1_dyn/module/module.2/MatMul"](%/g1_dyn/module/module.1/Mul_output_0, %onnx::MatMul_344), scope: gear_sonic.utils.inference_helpers.export_universal_token_module_as_onnx.<locals>.UniversalTokenWrapper::/gear_sonic.trl.modules.base_module.BaseModule::g1_dyn/torch.nn.modules.container.Sequential::module/torch.nn.modules.linear.Linear::module.2 # /srv/sonic/env_isaaclab/lib/python3.11/site-packages/torch/nn/modules/linear.py:125:0
  %/g1_dyn/module/module.2/Add_output_0 : Float(1, 1, 2048, strides=[2048, 2048, 1], requires_grad=0, device=cpu) = onnx::Add[onnx_name="/g1_dyn/module/module.2/Add"](%module.decoders.g1_dyn.module.2.bias, %/g1_dyn/module/module.2/MatMul_output_0), scope: gear_sonic.utils.inference_helpers.export_universal_token_module_as_onnx.<locals>.UniversalTokenWrapper::/gear_sonic.trl.modules.base_module.BaseModule::g1_dyn/torch.nn.modules.container.Sequential::module/torch.nn.modules.linear.Linear::module.2 # /srv/sonic/env_isaaclab/lib/python3.11/site-packages/torch/nn/modules/linear.py:125:0
  %/g1_dyn/module/module.1_1/Sigmoid_output_0 : Float(1, 1, 2048, strides=[2048, 2048, 1], device=cpu) = onnx::Sigmoid[onnx_name="/g1_dyn/module/module.1_1/Sigmoid"](%/g1_dyn/module/module.2/Add_output_0), scope: gear_sonic.utils.inference_helpers.export_universal_token_module_as_onnx.<locals>.UniversalTokenWrapper::/gear_sonic.trl.modules.base_module.BaseModule::g1_dyn/torch.nn.modules.container.Sequential::module/torch.nn.modules.activation.SiLU::module.1 # /srv/sonic/env_isaaclab/lib/python3.11/site-packages/torch/nn/functional.py:2380:0
  %/g1_dyn/module/module.1_1/Mul_output_0 : Float(1, 1, 2048, strides=[2048, 2048, 1], requires_grad=0, device=cpu) = onnx::Mul[onnx_name="/g1_dyn/module/module.1_1/Mul"](%/g1_dyn/module/module.2/Add_output_0, %/g1_dyn/module/module.1_1/Sigmoid_output_0), scope: gear_sonic.utils.inference_helpers.export_universal_token_module_as_onnx.<locals>.UniversalTokenWrapper::/gear_sonic.trl.modules.base_module.BaseModule::g1_dyn/torch.nn.modules.container.Sequential::module/torch.nn.modules.activation.SiLU::module.1 # /srv/sonic/env_isaaclab/lib/python3.11/site-packages/torch/nn/functional.py:2380:0
  %/g1_dyn/module/module.4/MatMul_output_0 : Float(1, 1, 1024, strides=[1024, 1024, 1], device=cpu) = onnx::MatMul[onnx_name="/g1_dyn/module/module.4/MatMul"](%/g1_dyn/module/module.1_1/Mul_output_0, %onnx::MatMul_345), scope: gear_sonic.utils.inference_helpers.export_universal_token_module_as_onnx.<locals>.UniversalTokenWrapper::/gear_sonic.trl.modules.base_module.BaseModule::g1_dyn/torch.nn.modules.container.Sequential::module/torch.nn.modules.linear.Linear::module.4 # /srv/sonic/env_isaaclab/lib/python3.11/site-packages/torch/nn/modules/linear.py:125:0
  %/g1_dyn/module/module.4/Add_output_0 : Float(1, 1, 1024, strides=[1024, 1024, 1], requires_grad=0, device=cpu) = onnx::Add[onnx_name="/g1_dyn/module/module.4/Add"](%module.decoders.g1_dyn.module.4.bias, %/g1_dyn/module/module.4/MatMul_output_0), scope: gear_sonic.utils.inference_helpers.export_universal_token_module_as_onnx.<locals>.UniversalTokenWrapper::/gear_sonic.trl.modules.base_module.BaseModule::g1_dyn/torch.nn.modules.container.Sequential::module/torch.nn.modules.linear.Linear::module.4 # /srv/sonic/env_isaaclab/lib/python3.11/site-packages/torch/nn/modules/linear.py:125:0
  %/g1_dyn/module/module.1_2/Sigmoid_output_0 : Float(1, 1, 1024, strides=[1024, 1024, 1], device=cpu) = onnx::Sigmoid[onnx_name="/g1_dyn/module/module.1_2/Sigmoid"](%/g1_dyn/module/module.4/Add_output_0), scope: gear_sonic.utils.inference_helpers.export_universal_token_module_as_onnx.<locals>.UniversalTokenWrapper::/gear_sonic.trl.modules.base_module.BaseModule::g1_dyn/torch.nn.modules.container.Sequential::module/torch.nn.modules.activation.SiLU::module.1 # /srv/sonic/env_isaaclab/lib/python3.11/site-packages/torch/nn/functional.py:2380:0
  %/g1_dyn/module/module.1_2/Mul_output_0 : Float(1, 1, 1024, strides=[1024, 1024, 1], requires_grad=0, device=cpu) = onnx::Mul[onnx_name="/g1_dyn/module/module.1_2/Mul"](%/g1_dyn/module/module.4/Add_output_0, %/g1_dyn/module/module.1_2/Sigmoid_output_0), scope: gear_sonic.utils.inference_helpers.export_universal_token_module_as_onnx.<locals>.UniversalTokenWrapper::/gear_sonic.trl.modules.base_module.BaseModule::g1_dyn/torch.nn.modules.container.Sequential::module/torch.nn.modules.activation.SiLU::module.1 # /srv/sonic/env_isaaclab/lib/python3.11/site-packages/torch/nn/functional.py:2380:0
  %/g1_dyn/module/module.6/MatMul_output_0 : Float(1, 1, 1024, strides=[1024, 1024, 1], device=cpu) = onnx::MatMul[onnx_name="/g1_dyn/module/module.6/MatMul"](%/g1_dyn/module/module.1_2/Mul_output_0, %onnx::MatMul_346), scope: gear_sonic.utils.inference_helpers.export_universal_token_module_as_onnx.<locals>.UniversalTokenWrapper::/gear_sonic.trl.modules.base_module.BaseModule::g1_dyn/torch.nn.modules.container.Sequential::module/torch.nn.modules.linear.Linear::module.6 # /srv/sonic/env_isaaclab/lib/python3.11/site-packages/torch/nn/modules/linear.py:125:0
  %/g1_dyn/module/module.6/Add_output_0 : Float(1, 1, 1024, strides=[1024, 1024, 1], requires_grad=0, device=cpu) = onnx::Add[onnx_name="/g1_dyn/module/module.6/Add"](%module.decoders.g1_dyn.module.6.bias, %/g1_dyn/module/module.6/MatMul_output_0), scope: gear_sonic.utils.inference_helpers.export_universal_token_module_as_onnx.<locals>.UniversalTokenWrapper::/gear_sonic.trl.modules.base_module.BaseModule::g1_dyn/torch.nn.modules.container.Sequential::module/torch.nn.modules.linear.Linear::module.6 # /srv/sonic/env_isaaclab/lib/python3.11/site-packages/torch/nn/modules/linear.py:125:0
  %/g1_dyn/module/module.1_3/Sigmoid_output_0 : Float(1, 1, 1024, strides=[1024, 1024, 1], device=cpu) = onnx::Sigmoid[onnx_name="/g1_dyn/module/module.1_3/Sigmoid"](%/g1_dyn/module/module.6/Add_output_0), scope: gear_sonic.utils.inference_helpers.export_universal_token_module_as_onnx.<locals>.UniversalTokenWrapper::/gear_sonic.trl.modules.base_module.BaseModule::g1_dyn/torch.nn.modules.container.Sequential::module/torch.nn.modules.activation.SiLU::module.1 # /srv/sonic/env_isaaclab/lib/python3.11/site-packages/torch/nn/functional.py:2380:0
  %/g1_dyn/module/module.1_3/Mul_output_0 : Float(1, 1, 1024, strides=[1024, 1024, 1], requires_grad=0, device=cpu) = onnx::Mul[onnx_name="/g1_dyn/module/module.1_3/Mul"](%/g1_dyn/module/module.6/Add_output_0, %/g1_dyn/module/module.1_3/Sigmoid_output_0), scope: gear_sonic.utils.inference_helpers.export_universal_token_module_as_onnx.<locals>.UniversalTokenWrapper::/gear_sonic.trl.modules.base_module.BaseModule::g1_dyn/torch.nn.modules.container.Sequential::module/torch.nn.modules.activation.SiLU::module.1 # /srv/sonic/env_isaaclab/lib/python3.11/site-packages/torch/nn/functional.py:2380:0
  %/g1_dyn/module/module.8/MatMul_output_0 : Float(1, 1, 512, strides=[512, 512, 1], device=cpu) = onnx::MatMul[onnx_name="/g1_dyn/module/module.8/MatMul"](%/g1_dyn/module/module.1_3/Mul_output_0, %onnx::MatMul_347), scope: gear_sonic.utils.inference_helpers.export_universal_token_module_as_onnx.<locals>.UniversalTokenWrapper::/gear_sonic.trl.modules.base_module.BaseModule::g1_dyn/torch.nn.modules.container.Sequential::module/torch.nn.modules.linear.Linear::module.8 # /srv/sonic/env_isaaclab/lib/python3.11/site-packages/torch/nn/modules/linear.py:125:0
  %/g1_dyn/module/module.8/Add_output_0 : Float(1, 1, 512, strides=[512, 512, 1], requires_grad=0, device=cpu) = onnx::Add[onnx_name="/g1_dyn/module/module.8/Add"](%module.decoders.g1_dyn.module.8.bias, %/g1_dyn/module/module.8/MatMul_output_0), scope: gear_sonic.utils.inference_helpers.export_universal_token_module_as_onnx.<locals>.UniversalTokenWrapper::/gear_sonic.trl.modules.base_module.BaseModule::g1_dyn/torch.nn.modules.container.Sequential::module/torch.nn.modules.linear.Linear::module.8 # /srv/sonic/env_isaaclab/lib/python3.11/site-packages/torch/nn/modules/linear.py:125:0
  %/g1_dyn/module/module.1_4/Sigmoid_output_0 : Float(1, 1, 512, strides=[512, 512, 1], device=cpu) = onnx::Sigmoid[onnx_name="/g1_dyn/module/module.1_4/Sigmoid"](%/g1_dyn/module/module.8/Add_output_0), scope: gear_sonic.utils.inference_helpers.export_universal_token_module_as_onnx.<locals>.UniversalTokenWrapper::/gear_sonic.trl.modules.base_module.BaseModule::g1_dyn/torch.nn.modules.container.Sequential::module/torch.nn.modules.activation.SiLU::module.1 # /srv/sonic/env_isaaclab/lib/python3.11/site-packages/torch/nn/functional.py:2380:0
  %/g1_dyn/module/module.1_4/Mul_output_0 : Float(1, 1, 512, strides=[512, 512, 1], requires_grad=0, device=cpu) = onnx::Mul[onnx_name="/g1_dyn/module/module.1_4/Mul"](%/g1_dyn/module/module.8/Add_output_0, %/g1_dyn/module/module.1_4/Sigmoid_output_0), scope: gear_sonic.utils.inference_helpers.export_universal_token_module_as_onnx.<locals>.UniversalTokenWrapper::/gear_sonic.trl.modules.base_module.BaseModule::g1_dyn/torch.nn.modules.container.Sequential::module/torch.nn.modules.activation.SiLU::module.1 # /srv/sonic/env_isaaclab/lib/python3.11/site-packages/torch/nn/functional.py:2380:0
  %/g1_dyn/module/module.10/MatMul_output_0 : Float(1, 1, 512, strides=[512, 512, 1], device=cpu) = onnx::MatMul[onnx_name="/g1_dyn/module/module.10/MatMul"](%/g1_dyn/module/module.1_4/Mul_output_0, %onnx::MatMul_348), scope: gear_sonic.utils.inference_helpers.export_universal_token_module_as_onnx.<locals>.UniversalTokenWrapper::/gear_sonic.trl.modules.base_module.BaseModule::g1_dyn/torch.nn.modules.container.Sequential::module/torch.nn.modules.linear.Linear::module.10 # /srv/sonic/env_isaaclab/lib/python3.11/site-packages/torch/nn/modules/linear.py:125:0
  %/g1_dyn/module/module.10/Add_output_0 : Float(1, 1, 512, strides=[512, 512, 1], requires_grad=0, device=cpu) = onnx::Add[onnx_name="/g1_dyn/module/module.10/Add"](%module.decoders.g1_dyn.module.10.bias, %/g1_dyn/module/module.10/MatMul_output_0), scope: gear_sonic.utils.inference_helpers.export_universal_token_module_as_onnx.<locals>.UniversalTokenWrapper::/gear_sonic.trl.modules.base_module.BaseModule::g1_dyn/torch.nn.modules.container.Sequential::module/torch.nn.modules.linear.Linear::module.10 # /srv/sonic/env_isaaclab/lib/python3.11/site-packages/torch/nn/modules/linear.py:125:0
  %/g1_dyn/module/module.1_5/Sigmoid_output_0 : Float(1, 1, 512, strides=[512, 512, 1], device=cpu) = onnx::Sigmoid[onnx_name="/g1_dyn/module/module.1_5/Sigmoid"](%/g1_dyn/module/module.10/Add_output_0), scope: gear_sonic.utils.inference_helpers.export_universal_token_module_as_onnx.<locals>.UniversalTokenWrapper::/gear_sonic.trl.modules.base_module.BaseModule::g1_dyn/torch.nn.modules.container.Sequential::module/torch.nn.modules.activation.SiLU::module.1 # /srv/sonic/env_isaaclab/lib/python3.11/site-packages/torch/nn/functional.py:2380:0
  %/g1_dyn/module/module.1_5/Mul_output_0 : Float(1, 1, 512, strides=[512, 512, 1], requires_grad=0, device=cpu) = onnx::Mul[onnx_name="/g1_dyn/module/module.1_5/Mul"](%/g1_dyn/module/module.10/Add_output_0, %/g1_dyn/module/module.1_5/Sigmoid_output_0), scope: gear_sonic.utils.inference_helpers.export_universal_token_module_as_onnx.<locals>.UniversalTokenWrapper::/gear_sonic.trl.modules.base_module.BaseModule::g1_dyn/torch.nn.modules.container.Sequential::module/torch.nn.modules.activation.SiLU::module.1 # /srv/sonic/env_isaaclab/lib/python3.11/site-packages/torch/nn/functional.py:2380:0
  %/g1_dyn/module/module.12/MatMul_output_0 : Float(1, 1, 29, strides=[29, 29, 1], device=cpu) = onnx::MatMul[onnx_name="/g1_dyn/module/module.12//srv/sonic/GR00T-WholeBodyControl/gear_sonic/utils/inference_helpers.py:280: TracerWarning: torch.tensor results are registered as constants in the trace. You can safely ignore this warning if you use this function to create tensors out of constant variables that would be the same every time you call this function. In any other case, this might cause the trace to be incorrect.
  feature_size = torch.prod(torch.tensor(feature_dims)).item()
/srv/sonic/GR00T-WholeBodyControl/gear_sonic/utils/inference_helpers.py:280: TracerWarning: Converting a tensor to a Python number might cause the trace to be incorrect. We can't record the data flow of Python values, so this value will be treated as a constant in the future. This means that the trace might not generalize to other inputs!
  feature_size = torch.prod(torch.tensor(feature_dims)).item()
MatMul"](%/g1_dyn/module/module.1_5/Mul_output_0, %onnx::MatMul_349), scope: gear_sonic.utils.inference_helpers.export_universal_token_module_as_onnx.<locals>.UniversalTokenWrapper::/gear_sonic.trl.modules.base_module.BaseModule::g1_dyn/torch.nn.modules.container.Sequential::module/torch.nn.modules.linear.Linear::module.12 # /srv/sonic/env_isaaclab/lib/python3.11/site-packages/torch/nn/modules/linear.py:125:0
  %/g1_dyn/module/module.12/Add_output_0 : Float(1, 1, 29, strides=[29, 29, 1], requires_grad=0, device=cpu) = onnx::Add[onnx_name="/g1_dyn/module/module.12/Add"](%module.decoders.g1_dyn.module.12.bias, %/g1_dyn/module/module.12/MatMul_output_0), scope: gear_sonic.utils.inference_helpers.export_universal_token_module_as_onnx.<locals>.UniversalTokenWrapper::/gear_sonic.trl.modules.base_module.BaseModule::g1_dyn/torch.nn.modules.container.Sequential::module/torch.nn.modules.linear.Linear::module.12 # /srv/sonic/env_isaaclab/lib/python3.11/site-packages/torch/nn/modules/linear.py:125:0
  %/Constant_35_output_0 : Long(1, strides=[1], requires_grad=0, device=cpu) = onnx::Constant[value={2}, onnx_name="/Constant_35"](), scope: gear_sonic.utils.inference_helpers.export_universal_token_module_as_onnx.<locals>.UniversalTokenWrapper:: # /srv/sonic/GR00T-WholeBodyControl/gear_sonic/trl/modules/universal_token_modules.py:745:0
  %/Constant_36_output_0 : Long(1, strides=[1], requires_grad=0, device=cpu) = onnx::Constant[value={0}, onnx_name="/Constant_36"](), scope: gear_sonic.utils.inference_helpers.export_universal_token_module_as_onnx.<locals>.UniversalTokenWrapper:: # /srv/sonic/GR00T-WholeBodyControl/gear_sonic/trl/modules/universal_token_modules.py:745:0
  %/Constant_37_output_0 : Long(1, strides=[1], requires_grad=0, device=cpu) = onnx::Constant[value={29}, onnx_name="/Constant_37"](), scope: gear_sonic.utils.inference_helpers.export_universal_token_module_as_onnx.<locals>.UniversalTokenWrapper:: # /srv/sonic/GR00T-WholeBodyControl/gear_sonic/trl/modules/universal_token_modules.py:745:0
  %/Constant_38_output_0 : Long(1, strides=[1], requires_grad=0, device=cpu) = onnx::Constant[value={1}, onnx_name="/Constant_38"](), scope: gear_sonic.utils.inference_helpers.export_universal_token_module_as_onnx.<locals>.UniversalTokenWrapper:: # /srv/sonic/GR00T-WholeBodyControl/gear_sonic/trl/modules/universal_token_modules.py:745:0
  %/Slice_7_output_0 : Float(1, 1, 29, strides=[29, 29, 1], requires_grad=0, device=cpu) = onnx::Slice[onnx_name="/Slice_7"](%/g1_dyn/module/module.12/Add_output_0, %/Constant_36_output_0, %/Constant_37_output_0, %/Constant_35_output_0, %/Constant_38_output_0), scope: gear_sonic.utils.inference_helpers.export_universal_token_module_as_onnx.<locals>.UniversalTokenWrapper:: # /srv/sonic/GR00T-WholeBodyControl/gear_sonic/trl/modules/universal_token_modules.py:745:0
  %/Constant_39_output_0 : Long(1, strides=[1], device=cpu) = onnx::Constant[value={1}, onnx_name="/Constant_39"](), scope: gear_sonic.utils.inference_helpers.export_universal_token_module_as_onnx.<locals>.UniversalTokenWrapper:: # /srv/sonic/GR00T-WholeBodyControl/gear_sonic/utils/inference_helpers.py:170:0
  %action : Float(1, 29, strides=[29, 1], requires_grad=0, device=cpu) = onnx::Squeeze[onnx_name="/Squeeze"](%/Slice_7_output_0, %/Constant_39_output_0), scope: gear_sonic.utils.inference_helpers.export_universal_token_module_as_onnx.<locals>.UniversalTokenWrapper:: # /srv/sonic/GR00T-WholeBodyControl/gear_sonic/utils/inference_helpers.py:170:0
  return (%action)

Exported graph: graph(%obs_dict : Float(1, 1751, strides=[1751, 1], requires_grad=0, device=cpu),
      %module.encoders.g1.module.0.weight : Float(2048, 640, strides=[640, 1], requires_grad=1, device=cpu),
      %module.encoders.g1.module.0.bias : Float(2048, strides=[1], requires_grad=1, device=cpu),
      %module.encoders.g1.module.2.weight : Float(1024, 2048, strides=[2048, 1], requires_grad=1, device=cpu),
      %module.encoders.g1.module.2.bias : Float(1024, strides=[1], requires_grad=1, device=cpu),
      %module.encoders.g1.module.4.weight : Float(512, 1024, strides=[1024, 1], requires_grad=1, device=cpu),
      %module.encoders.g1.module.4.bias : Float(512, strides=[1], requires_grad=1, device=cpu),
      %module.encoders.g1.module.6.weight : Float(512, 512, strides=[512, 1], requires_grad=1, device=cpu),
      %module.encoders.g1.module.6.bias : Float(512, strides=[1], requires_grad=1, device=cpu),
      %module.encoders.g1.module.8.weight : Float(64, 512, strides=[512, 1], requires_grad=1, device=cpu),
      %module.encoders.g1.module.8.bias : Float(64, strides=[1], requires_grad=1, device=cpu),
      %module.encoders.teleop.module.0.weight : Float(2048, 267, strides=[267, 1], requires_grad=1, device=cpu),
      %module.encoders.teleop.module.0.bias : Float(2048, strides=[1], requires_grad=1, device=cpu),
      %module.encoders.teleop.module.2.weight : Float(1024, 2048, strides=[2048, 1], requires_grad=1, device=cpu),
      %module.encoders.teleop.module.2.bias : Float(1024, strides=[1], requires_grad=1, device=cpu),
      %module.encoders.teleop.module.4.weight : Float(512, 1024, strides=[1024, 1], requires_grad=1, device=cpu),
      %module.encoders.teleop.module.4.bias : Float(512, strides=[1], requires_grad=1, device=cpu),
      %module.encoders.teleop.module.6.weight : Float(512, 512, strides=[512, 1], requires_grad=1, device=cpu),
      %module.encoders.teleop.module.6.bias : Float(512, strides=[1], requires_grad=1, device=cpu),
      %module.encoders.teleop.module.8.weight : Float(64, 512, strides=[512, 1], requires_grad=1, device=cpu),
      %module.encoders.teleop.module.8.bias : Float(64, strides=[1], requires_grad=1, device=cpu),
      %module.encoders.smpl.module.0.weight : Float(2048, 840, strides=[840, 1], requires_grad=1, device=cpu),
      %module.encoders.smpl.module.0.bias : Float(2048, strides=[1], requires_grad=1, device=cpu),
      %module.encoders.smpl.module.2.weight : Float(1024, 2048, strides=[2048, 1], requires_grad=1, device=cpu),
      %module.encoders.smpl.module.2.bias : Float(1024, strides=[1], requires_grad=1, device=cpu),
      %module.encoders.smpl.module.4.weight : Float(512, 1024, strides=[1024, 1], requires_grad=1, device=cpu),
      %module.encoders.smpl.module.4.bias : Float(512, strides=[1], requires_grad=1, device=cpu),
      %module.encoders.smpl.module.6.weight : Float(512, 512, strides=[512, 1], requires_grad=1, device=cpu),
      %module.encoders.smpl.module.6.bias : Float(512, strides=[1], requires_grad=1, device=cpu),
      %module.encoders.smpl.module.8.weight : Float(64, 512, strides=[512, 1], requires_grad=1, device=cpu),
      %module.encoders.smpl.module.8.bias : Float(64, strides=[1], requires_grad=1, device=cpu)):
  %/Constant_output_0 : Long(device=cpu) = onnx::Constant[value={0}, onnx_name="/Constant"](), scope: gear_sonic.utils.inference_helpers.export_universal_token_encoders_as_onnx.<locals>.EncodersOnlyWrapper::
  %/Gather_output_0 : Float(1, strides=[1751], requires_grad=0, device=cpu) = onnx::Gather[axis=1, onnx_name="/Gather"](%obs_dict, %/Constant_output_0), scope: gear_sonic.utils.inference_helpers.export_universal_token_encoders_as_onnx.<locals>.EncodersOnlyWrapper:: # /srv/sonic/GR00T-WholeBodyControl/gear_sonic/utils/inference_helpers.py:266:0
  %/Cast_output_0 : Long(1, strides=[1751], requires_grad=0, device=cpu) = onnx::Cast[to=7, onnx_name="/Cast"](%/Gather_output_0), scope: gear_sonic.utils.inference_helpers.export_universal_token_encoders_as_onnx.<locals>.EncodersOnlyWrapper:: # /srv/sonic/GR00T-WholeBodyControl/gear_sonic/utils/inference_helpers.py:266:0
  %/Constant_1_output_0 : Long(1, strides=[1], requires_grad=0, device=cpu) = onnx::Constant[value={0}, onnx_name="/Constant_1"](), scope: gear_sonic.utils.inference_helpers.export_universal_token_encoders_as_onnx.<locals>.EncodersOnlyWrapper:: # /srv/sonic/GR00T-WholeBodyControl/gear_sonic/utils/inference_helpers.py:270:0
  %/Constant_2_output_0 : Float(requires_grad=0, device=cpu) = onnx::Constant[value={1}, onnx_name="/Constant_2"](), scope: gear_sonic.utils.inference_helpers.export_universal_token_encoders_as_onnx.<locals>.EncodersOnlyWrapper:: # /srv/sonic/GR00T-WholeBodyControl/gear_sonic/utils/inference_helpers.py:270:0
  %/Constant_3_output_0 : Float(1, 3, strides=[3, 1], requires_grad=0, device=cpu) = onnx::Constant[value= 0  0  0 [ CPUFloatType{1,3} ], onnx_name="/Constant_3"](), scope: gear_sonic.utils.inference_helpers.export_universal_token_encoders_as_onnx.<locals>.EncodersOnlyWrapper:: # /srv/sonic/GR00T-WholeBodyControl/gear_sonic/utils/inference_helpers.py:267:0
  %/Constant_4_output_0 : Long(1, strides=[1], requires_grad=0, device=cpu) = onnx::Constant[value={0}, onnx_name="/Constant_4"](), scope: gear_sonic.utils.inference_helpers.export_universal_token_encoders_as_onnx.<locals>.EncodersOnlyWrapper:: # /srv/sonic/GR00T-WholeBodyControl/gear_sonic/utils/inference_helpers.py:270:0
  %/Add_output_0 : Long(1, strides=[1], device=cpu) = onnx::Add[onnx_name="/Add"](%/Constant_4_output_0, %/Cast_output_0), scope: gear_sonic.utils.inference_helpers.export_universal_token_encoders_as_onnx.<locals>.EncodersOnlyWrapper:: # /srv/sonic/GR00T-WholeBodyControl/gear_sonic/utils/inference_helpers.py:270:0
  %/Shape_output_0 : Long(1, strides=[1], device=cpu) = onnx::Shape[onnx_name="/Shape"](%/Add_output_0), scope: gear_sonic.utils.inference_helpers.export_universal_token_encoders_as_onnx.<locals>.EncodersOnlyWrapper:: # /srv/sonic/GR00T-WholeBodyControl/gear_sonic/utils/inference_helpers.py:270:0
  %/Shape_1_output_0 : Long(1, strides=[1], device=cpu) = onnx::Shape[onnx_name="/Shape_1"](%/Shape_output_0), scope: gear_sonic.utils.inference_helpers.export_universal_token_encoders_as_onnx.<locals>.EncodersOnlyWrapper:: # /srv/sonic/GR00T-WholeBodyControl/gear_sonic/utils/inference_helpers.py:270:0
  %/ConstantOfShape_output_0 : Long(1, strides=[1], device=cpu) = onnx::ConstantOfShape[value={1}, onnx_name="/ConstantOfShape"](%/Shape_1_output_0), scope: gear_sonic.utils.inference_helpers.export_universal_token_encoders_as_onnx.<locals>.EncodersOnlyWrapper:: # /srv/sonic/GR00T-WholeBodyControl/gear_sonic/utils/inference_helpers.py:270:0
  %/Constant_5_output_0 : Long(requires_grad=0, device=cpu) = onnx::Constant[value={-1}, onnx_name="/Constant_5"](), scope: gear_sonic.utils.inference_helpers.export_universal_token_encoders_as_onnx.<locals>.EncodersOnlyWrapper:: # /srv/sonic/GR00T-WholeBodyControl/gear_sonic/utils/inference_helpers.py:270:0
  %/Mul_output_0 : Long(1, strides=[1], device=cpu) = onnx::Mul[onnx_name="/Mul"](%/ConstantOfShape_output_0, %/Constant_5_output_0), scope: gear_sonic.utils.inference_helpers.export_universal_token_encoders_as_onnx.<locals>.EncodersOnlyWrapper:: # /srv/sonic/GR00T-WholeBodyControl/gear_sonic/utils/inference_helpers.py:270:0
  %/Equal_output_0 : Bool(1, strides=[1], device=cpu) = onnx::Equal[onnx_name="/Equal"](%/Shape_output_0, %/Mul_output_0), scope: gear_sonic.utils.inference_helpers.export_universal_token_encoders_as_onnx.<locals>.EncodersOnlyWrapper:: # /srv/sonic/GR00T-WholeBodyControl/gear_sonic/utils/inference_helpers.py:270:0
  %/Where_output_0 : Long(1, strides=[1], device=cpu) = onnx::Where[onnx_name="/Where"](%/Equal_output_0, %/ConstantOfShape_output_0, %/Shape_output_0), scope: gear_sonic.utils.inference_helpers.export_universal_token_encoders_as_onnx.<locals>.EncodersOnlyWrapper:: # /srv/sonic/GR00T-WholeBodyControl/gear_sonic/utils/inference_helpers.py:270:0
  %/Expand_output_0 : Long(1, strides=[1], device=cpu) = onnx::Expand[onnx_name="/Expand"](%/Constant_1_output_0, %/Where_output_0), scope: gear_sonic.utils.inference_helpers.export_universal_token_encoders_as_onnx.<locals>.EncodersOnlyWrapper:: # /srv/sonic/GR00T-WholeBodyControl/gear_sonic/utils/inference_helpers.py:270:0
  %/Constant_6_output_0 : Long(1, strides=[1], device=cpu) = onnx::Constant[value={-1}, onnx_name="/Constant_6"](), scope: gear_sonic.utils.inference_helpers.export_universal_token_encoders_as_onnx.<locals>.EncodersOnlyWrapper:: # /srv/sonic/GR00T-WholeBodyControl/gear_sonic/utils/inference_helpers.py:270:0
  %/Unsqueeze_output_0 : Long(1, 1, strides=[1, 1], device=cpu) = onnx::Unsqueeze[onnx_name="/Unsqueeze"](%/Expand_output_0, %/Constant_6_output_0), scope: gear_sonic.utils.inference_helpers.export_universal_token_encoders_as_onnx.<locals>.EncodersOnlyWrapper:: # /srv/sonic/GR00T-WholeBodyControl/gear_sonic/utils/inference_helpers.py:270:0
  %/Shape_2_output_0 : Long(1, strides=[1], device=cpu) = onnx::Shape[onnx_name="/Shape_2"](%/Shape_output_0), scope: gear_sonic.utils.inference_helpers.export_universal_token_encoders_as_onnx.<locals>.EncodersOnlyWrapper:: # /srv/sonic/GR00T-WholeBodyControl/gear_sonic/utils/inference_helpers.py:270:0
  %/ConstantOfShape_1_output_0 : Long(1, strides=[1], device=cpu) = onnx::ConstantOfShape[value={1}, onnx_name="/ConstantOfShape_1"](%/Shape_2_output_0), scope: gear_sonic.utils.inference_helpers.export_universal_token_encoders_as_onnx.<locals>.EncodersOnlyWrapper:: # /srv/sonic/GR00T-WholeBodyControl/gear_sonic/utils/inference_helpers.py:270:0
  %/Constant_7_output_0 : Long(requires_grad=0, device=cpu) = onnx::Constant[value={-1}, onnx_name="/Constant_7"](), scope: gear_sonic.utils.inference_helpers.export_universal_token_encoders_as_onnx.<locals>.EncodersOnlyWrapper:: # /srv/sonic/GR00T-WholeBodyControl/gear_sonic/utils/inference_helpers.py:270:0
  %/Mul_1_output_0 : Long(1, strides=[1], device=cpu) = onnx::Mul[onnx_name="/Mul_1"](%/ConstantOfShape_1_output_0, %/Constant_7_output_0), scope: gear_sonic.utils.inference_helpers.export_universal_token_encoders_as_onnx.<locals>.EncodersOnlyWrapper:: # /srv/sonic/GR00T-WholeBodyControl/gear_sonic/utils/inference_helpers.py:270:0
  %/Equal_1_output_0 : Bool(1, strides=[1], device=cpu) = onnx::Equal[onnx_name="/Equal_1"](%/Shape_output_0, %/Mul_1_output_0), scope: gear_sonic.utils.inference_helpers.export_universal_token_encoders_as_onnx.<locals>.EncodersOnlyWrapper:: # /srv/sonic/GR00T-WholeBodyControl/gear_sonic/utils/inference_helpers.py:270:0
  %/Where_1_output_0 : Long(1, strides=[1], device=cpu) = onnx::Where[onnx_name="/Where_1"](%/Equal_1_output_0, %/ConstantOfShape_1_output_0, %/Shape_output_0), scope: gear_sonic.utils.inference_helpers.export_universal_token_encoders_as_onnx.<locals>.EncodersOnlyWrapper:: # /srv/sonic/GR00T-WholeBodyControl/gear_sonic/utils/inference_helpers.py:270:0
  %/Expand_1_output_0 : Long(1, strides=[1], device=cpu) = onnx::Expand[onnx_name="/Expand_1"](%/Cast_output_0, %/Where_1_output_0), scope: gear_sonic.utils.inference_helpers.export_universal_token_encoders_as_onnx.<locals>.EncodersOnlyWrapper:: # /srv/sonic/GR00T-WholeBodyControl/gear_sonic/utils/inference_helpers.py:270:0
  %/Constant_8_output_0 : Long(1, strides=[1], device=cpu) = onnx::Constant[value={-1}, onnx_name="/Constant_8"](), scope: gear_sonic.utils.inference_helpers.export_universal_token_encoders_as_onnx.<locals>.EncodersOnlyWrapper:: # /srv/sonic/GR00T-WholeBodyControl/gear_sonic/utils/inference_helpers.py:270:0
  %/Unsqueeze_1_output_0 : Long(1, 1, strides=[1, 1], device=cpu) = onnx::Unsqueeze[onnx_name="/Unsqueeze_1"](%/Expand_1_output_0, %/Constant_8_output_0), scope: gear_sonic.utils.inference_helpers.export_universal_token_encoders_as_onnx.<locals>.EncodersOnlyWrapper:: # /srv/sonic/GR00T-WholeBodyControl/gear_sonic/utils/inference_helpers.py:270:0
  %/Concat_output_0 : Long(1, 2, strides=[2, 1], device=cpu) = onnx::Concat[axis=-1, onnx_name="/Concat"](%/Unsqueeze_output_0, %/Unsqueeze_1_output_0), scope: gear_sonic.utils.inference_helpers.export_universal_token_encoders_as_onnx.<locals>.EncodersOnlyWrapper:: # /srv/sonic/GR00T-WholeBodyControl/gear_sonic/utils/inference_helpers.py:270:0
  %/Constant_9_output_0 : Long(0, strides=[1], requires_grad=0, device=cpu) = onnx::Constant[value=[ CPULongType{0} ], onnx_name="/Constant_9"](), scope: gear_sonic.utils.inference_helpers.export_universal_token_encoders_as_onnx.<locals>.EncodersOnlyWrapper:: # /srv/sonic/GR00T-WholeBodyControl/gear_sonic/utils/inference_helpers.py:270:0
  %/Concat_1_output_0 : Long(1, strides=[1], device=cpu) = onnx::Concat[axis=0, onnx_name="/Concat_1"](%/Shape_output_0, %/Constant_9_output_0), scope: gear_sonic.utils.inference_helpers.export_universal_token_encoders_as_onnx.<locals>.EncodersOnlyWrapper:: # /srv/sonic/GR00T-WholeBodyControl/gear_sonic/utils/inference_helpers.py:270:0
  %/Shape_3_output_0 : Long(1, strides=[1], device=cpu) = onnx::Shape[onnx_name="/Shape_3"](%/Concat_1_output_0), scope: gear_sonic.utils.inference_helpers.export_universal_token_encoders_as_onnx.<locals>.EncodersOnlyWrapper:: # /srv/sonic/GR00T-WholeBodyControl/gear_sonic/utils/inference_helpers.py:270:0
  %/ConstantOfShape_2_output_0 : Long(1, strides=[1], device=cpu) = onnx::ConstantOfShape[value={1}, onnx_name="/ConstantOfShape_2"](%/Shape_3_output_0), scope: gear_sonic.utils.inference_helpers.export_universal_token_encoders_as_onnx.<locals>.EncodersOnlyWrapper:: # /srv/sonic/GR00T-WholeBodyControl/gear_sonic/utils/inference_helpers.py:270:0
  %/Constant_10_output_0 : Long(requires_grad=0, device=cpu) = onnx::Constant[value={-1}, onnx_name="/Constant_10"](), scope: gear_sonic.utils.inference_helpers.export_universal_token_encoders_as_onnx.<locals>.EncodersOnlyWrapper:: # /srv/sonic/GR00T-WholeBodyControl/gear_sonic/utils/inference_helpers.py:270:0
  %/Mul_2_output_0 : Long(1, strides=[1], device=cpu) = onnx::Mul[onnx_name="/Mul_2"](%/ConstantOfShape_2_output_0, %/Constant_10_output_0), scope: gear_sonic.utils.inference_helpers.export_universal_token_encoders_as_onnx.<locals>.EncodersOnlyWrapper:: # /srv/sonic/GR00T-WholeBodyControl/gear_sonic/utils/inference_helpers.py:270:0
  %/Equal_2_output_0 : Bool(1, strides=[1], device=cpu) = onnx::Equal[onnx_name="/Equal_2"](%/Concat_1_output_0, %/Mul_2_output_0), scope: gear_sonic.utils.inference_helpers.export_universal_token_encoders_as_onnx.<locals>.EncodersOnlyWrapper:: # /srv/sonic/GR00T-WholeBodyControl/gear_sonic/utils/inference_helpers.py:270:0
  %/Where_2_output_0 : Long(1, strides=[1], device=cpu) = onnx::Where[onnx_name="/Where_2"](%/Equal_2_output_0, %/ConstantOfShape_2_output_0, %/Concat_1_output_0), scope: gear_sonic.utils.inference_helpers.export_universal_token_encoders_as_onnx.<locals>.EncodersOnlyWrapper:: # /srv/sonic/GR00T-WholeBodyControl/gear_sonic/utils/inference_helpers.py:270:0
  %/Expand_2_output_0 : Float(1, strides=[1], device=cpu) = onnx::Expand[onnx_name="/Expand_2"](%/Constant_2_output_0, %/Where_2_output_0), scope: gear_sonic.utils.inference_helpers.export_universal_token_encoders_as_onnx.<locals>.EncodersOnlyWrapper:: # /srv/sonic/GR00T-WholeBodyControl/gear_sonic/utils/inference_helpers.py:270:0
  %/Reshape_output_0 : Float(1, strides=[1], device=cpu) = onnx::Reshape[onnx_name="/Reshape"](%/Expand_2_output_0, %/Concat_1_output_0), scope: gear_sonic.utils.inference_helpers.export_universal_token_encoders_as_onnx.<locals>.EncodersOnlyWrapper:: # /srv/sonic/GR00T-WholeBodyControl/gear_sonic/utils/inference_helpers.py:270:0
  %/ScatterND_output_0 : Float(1, 3, strides=[3, 1], requires_grad=0, device=cpu) = onnx::ScatterND[onnx_name="/ScatterND"](%/Constant_3_output_0, %/Concat_output_0, %/Reshape_output_0), scope: gear_sonic.utils.inference_helpers.export_universal_token_encoders_as_onnx.<locals>.EncodersOnlyWrapper:: # /srv/sonic/GR00T-WholeBodyControl/gear_sonic/utils/inference_helpers.py:270:0
  %/Constant_11_output_0 : Long(1, strides=[1], requires_grad=0, device=cpu) = onnx::Constant[value={1}, onnx_name="/Constant_11"](), scope: gear_sonic.utils.inference_helpers.export_universal_token_encoders_as_onnx.<locals>.EncodersOnlyWrapper:: # /srv/sonic/GR00T-WholeBodyControl/gear_sonic/utils/inference_helpers.py:271:0
  %/Constant_12_output_0 : Long(1, strides=[1], requires_grad=0, device=cpu) = onnx::Constant[value={1}, onnx_name="/Constant_12"](), scope: gear_sonic.utils.inference_helpers.export_universal_token_encoders_as_onnx.<locals>.EncodersOnlyWrapper:: # /srv/sonic/GR00T-WholeBodyControl/gear_sonic/utils/inference_helpers.py:271:0
  %/Constant_13_output_0 : Long(1, strides=[1], requires_grad=0, device=cpu) = onnx::Constant[value={9223372036854775807}, onnx_name="/Constant_13"](), scope: gear_sonic.utils.inference_helpers.export_universal_token_encoders_as_onnx.<locals>.EncodersOnlyWrapper:: # /srv/sonic/GR00T-WholeBodyControl/gear_sonic/utils/inference_helpers.py:271:0
  %/Constant_14_output_0 : Long(1, strides=[1], requires_grad=0, device=cpu) = onnx::Constant[value={1}, onnx_name="/Constant_14"](), scope: gear_sonic.utils.inference_helpers.export_universal_token_encoders_as_onnx.<locals>.EncodersOnlyWrapper:: # /srv/sonic/GR00T-WholeBodyControl/gear_sonic/utils/inference_helpers.py:271:0
  %/Slice_output_0 : Float(1, 1750, strides=[1751, 1], requires_grad=0, device=cpu) = onnx::Slice[onnx_name="/Slice"](%obs_dict, %/Constant_12_output_0, %/Constant_13_output_0, %/Constant_11_output_0, %/Constant_14_output_0), scope: gear_sonic.utils.inference_helpers.export_universal_token_encoders_as_onnx.<locals>.EncodersOnlyWrapper:: # /srv/sonic/GR00T-WholeBodyControl/gear_sonic/utils/inference_helpers.py:271:0
  %/Constant_15_output_0 : Long(1, strides=[1], device=cpu) = onnx::Constant[value={1}, onnx_name="/Constant_15"](), scope: gear_sonic.utils.inference_helpers.export_universal_token_encoders_as_onnx.<locals>.EncodersOnlyWrapper:: # /srv/sonic/GR00T-WholeBodyControl/gear_sonic/utils/inference_helpers.py:273:0
  %/Unsqueeze_2_output_0 : Float(1, 1, 1750, strides=[1751, 1750, 1], requires_grad=0, device=cpu) = onnx::Unsqueeze[onnx_name="/Unsqueeze_2"](%/Slice_output_0, %/Constant_15_output_0), scope: gear_sonic.utils.inference_helpers.export_universal_token_encoders_as_onnx.<locals>.EncodersOnlyWrapper:: # /srv/sonic/GR00T-WholeBodyControl/gear_sonic/utils/inference_helpers.py:273:0
  %/Constant_16_output_0 : Long(1, strides=[1], requires_grad=0, device=cpu) = onnx::Constant[value={2}, onnx_name="/Constant_16"](), scope: gear_sonic.utils.inference_helpers.export_universal_token_encoders_as_onnx.<locals>.EncodersOnlyWrapper:: # /srv/sonic/GR00T-WholeBodyControl/gear_sonic/utils/inference_helpers.py:281:0
  %/Constant_17_output_0 : Long(1, strides=[1], requires_grad=0, device=cpu) = onnx::Constant[value={3}, onnx_name="/Constant_17"](), scope: gear_sonic.utils.inference_helpers.export_universal_token_encoders_as_onnx.<locals>.EncodersOnlyWrapper:: # /srv/sonic/GR00T-WholeBodyControl/gear_sonic/utils/inference_helpers.py:281:0
  %/Constant_18_output_0 : Long(1, strides=[1], requires_grad=0, device=cpu) = onnx::Constant[value={583}, onnx_name="/Constant_18"](), scope: gear_sonic.utils.inference_helpers.export_universal_token_encoders_as_onnx.<locals>.EncodersOnlyWrapper:: # /srv/sonic/GR00T-WholeBodyControl/gear_sonic/utils/inference_helpers.py:281:0
  %/Constant_19_output_0 : Long(1, strides=[1], requires_grad=0, device=cpu) = onnx::Constant[value={1}, onnx_name="/Constant_19"](), scope: gear_sonic.utils.inference_helpers.export_universal_token_encoders_as_onnx.<locals>.EncodersOnlyWrapper:: # /srv/sonic/GR00T-WholeBodyControl/gear_sonic/utils/inference_helpers.py:281:0
  %/Slice_1_output_0 : Float(1, 1, 580, strides=[1751, 1750, 1], requires_grad=0, device=cpu) = onnx::Slice[onnx_name="/Slice_1"](%/Unsqueeze_2_output_0, %/Constant_17_output_0, %/Constant_18_output_0, %/Constant_16_output_0, %/Constant_19_output_0), scope: gear_sonic.utils.inference_helpers.export_universal_token_encoders_as_onnx.<locals>.EncodersOnlyWrapper:: # /srv/sonic/GR00T-WholeBodyControl/gear_sonic/utils/inference_helpers.py:281:0
  %/Constant_20_output_0 : Long(4, strides=[1], requires_grad=0, device=cpu) = onnx::Constant[value=  1   1  10  58 [ CPULongType{4} ], onnx_name="/Constant_20"](), scope: gear_sonic.utils.inference_helpers.export_universal_token_encoders_as_onnx.<locals>.EncodersOnlyWrapper:: # /srv/sonic/GR00T-WholeBodyControl/gear_sonic/utils/inference_helpers.py:282:0
  %/Reshape_1_output_0 : Float(1, 1, 10, 58, strides=[580, 580, 58, 1], requires_grad=0, device=cpu) = onnx::Reshape[onnx_name="/Reshape_1"](%/Slice_1_output_0, %/Constant_20_output_0), scope: gear_sonic.utils.inference_helpers.export_universal_token_encoders_as_onnx.<locals>.EncodersOnlyWrapper:: # /srv/sonic/GR00T-WholeBodyControl/gear_sonic/utils/inference_helpers.py:282:0
  %/Constant_21_output_0 : Long(1, strides=[1], requires_grad=0, device=cpu) = onnx::Constant[value={2}, onnx_name="/Constant_21"](), scope: gear_sonic.utils.inference_helpers.export_universal_token_encoders_as_onnx.<locals>.EncodersOnlyWrapper:: # /srv/sonic/GR00T-WholeBodyControl/gear_sonic/utils/inference_helpers.py:281:0
  %/Constant_22_output_0 : Long(1, strides=[1], requires_grad=0, device=cpu) = onnx::Constant[value={583}, onnx_name="/Constant_22"](), scope: gear_sonic.utils.inference_helpers.export_universal_token_encoders_as_onnx.<locals>.EncodersOnlyWrapper:: # /srv/sonic/GR00T-WholeBodyControl/gear_sonic/utils/inference_helpers.py:281:0
  %/Constant_23_output_0 : Long(1, strides=[1], requires_grad=0, device=cpu) = onnx::Constant[value={589}, onnx_name="/Constant_23"](), scope: gear_sonic.utils.inference_helpers.export_universal_token_encoders_as_onnx.<locals>.EncodersOnlyWrapper:: # /srv/sonic/GR00T-WholeBodyControl/gear_sonic/utils/inference_helpers.py:281:0
  %/Constant_24_output_0 : Long(1, strides=[1], requires_grad=0, device=cpu) = onnx::Constant[value={1}, onnx_name="/Constant_24"](), scope: gear_sonic.utils.inference_helpers.export_universal_token_encoders_as_onnx.<locals>.EncodersOnlyWrapper:: # /srv/sonic/GR00T-WholeBodyControl/gear_sonic/utils/inference_helpers.py:281:0
  %/Slice_2_output_0 : Float(1, 1, 6, strides=[1751, 1750, 1], requires_grad=0, device=cpu) = onnx::Slice[onnx_name="/Slice_2"](%/Unsqueeze_2_output_0, %/Constant_22_output_0, %/Constant_23_output_0, %/Constant_21_output_0, %/Constant_24_output_0), scope: gear_sonic.utils.inference_helpers.export_universal_token_encoders_as_onnx.<locals>.EncodersOnlyWrapper:: # /srv/sonic/GR00T-WholeBodyControl/gear_sonic/utils/inference_helpers.py:281:0
  %/Constant_25_output_0 : Long(3, strides=[1], requires_grad=0, device=cpu) = onnx::Constant[value= 1  1  6 [ CPULongType{3} ], onnx_name="/Constant_25"](), scope: gear_sonic.utils.inference_helpers.export_universal_token_encoders_as_onnx.<locals>.EncodersOnlyWrapper:: # /srv/sonic/GR00T-WholeBodyControl/gear_sonic/utils/inference_helpers.py:282:0
  %/Reshape_2_output_0 : Float(1, 1, 6, strides=[6, 6, 1], requires_grad=0, device=cpu) = onnx::Reshape[onnx_name="/Reshape_2"](%/Slice_2_output_0, %/Constant_25_output_0), scope: gear_sonic.utils.inference_helpers.export_universal_token_encoders_as_onnx.<locals>.EncodersOnlyWrapper:: # /srv/sonic/GR00T-WholeBodyControl/gear_sonic/utils/inference_helpers.py:282:0
  %/Constant_26_output_0 : Long(1, strides=[1], requires_grad=0, device=cpu) = onnx::Constant[value={2}, onnx_name="/Constant_26"](), scope: gear_sonic.utils.inference_helpers.export_universal_token_encoders_as_onnx.<locals>.EncodersOnlyWrapper:: # /srv/sonic/GR00T-WholeBodyControl/gear_sonic/utils/inference_helpers.py:281:0
  %/Constant_27_output_0 : Long(1, strides=[1], requires_grad=0, device=cpu) = onnx::Constant[value={589}, onnx_name="/Constant_27"](), scope: gear_sonic.utils.inference_helpers.export_universal_token_encoders_as_onnx.<locals>.EncodersOnlyWrapper:: # /srv/sonic/GR00T-WholeBodyControl/gear_sonic/utils/inference_helpers.py:281:0
  %/Constant_28_output_0 : Long(1, strides=[1], requires_grad=0, device=cpu) = onnx::Constant[value={649}, onnx_name="/Constant_28"](), scope: gear_sonic.utils.inference_helpers.export_universal_token_encoders_as_onnx.<locals>.EncodersOnlyWrapper:: # /srv/sonic/GR00T-WholeBodyControl/gear_sonic/utils/inference_helpers.py:281:0
  %/Constant_29_output_0 : Long(1, strides=[1], requires_grad=0, device=cpu) = onnx::Constant[value={1}, onnx_name="/Constant_29"](), scope: gear_sonic.utils.inference_helpers.export_universal_token_encoders_as_onnx.<locals>.EncodersOnlyWrapper:: # /srv/sonic/GR00T-WholeBodyControl/gear_sonic/utils/inference_helpers.py:281:0
  %/Slice_3_output_0 : Float(1, 1, 60, strides=[1751, 1750, 1], requires_grad=0, device=cpu) = onnx::Slice[onnx_name="/Slice_3"](%/Unsqueeze_2_output_0, %/Constant_27_output_0, %/Constant_28_output_0, %/Constant_26_output_0, %/Constant_29_output_0), scope: gear_sonic.utils.inference_helpers.export_universal_token_encoders_as_onnx.<locals>.EncodersOnlyWrapper:: # /srv/sonic/GR00T-WholeBodyControl/gear_sonic/utils/inference_helpers.py:281:0
  %/Constant_30_output_0 : Long(4, strides=[1], requires_grad=0, device=cpu) = onnx::Constant[value=  1   1  10   6 [ CPULongType{4} ], onnx_name="/Constant_30"](), scope: gear_sonic.utils.inference_helpers.export_universal_token_encoders_as_onnx.<locals>.EncodersOnlyWrapper:: # /srv/sonic/GR00T-WholeBodyControl/gear_sonic/utils/inference_helpers.py:282:0
  %/Reshape_3_output_0 : Float(1, 1, 10, 6, strides=[60, 60, 6, 1], requires_grad=0, device=cpu) = onnx::Reshape[onnx_name="/Reshape_3"](%/Slice_3_output_0, %/Constant_30_output_0), scope: gear_sonic.utils.inference_helpers.export_universal_token_encoders_as_onnx.<locals>.EncodersOnlyWrapper:: # /srv/sonic/GR00T-WholeBodyControl/gear_sonic/utils/inference_helpers.py:282:0
  %/Constant_31_output_0 : Long(1, strides=[1], requires_grad=0, device=cpu) = onnx::Constant[value={2}, onnx_name="/Constant_31"](), scope: gear_sonic.utils.inference_helpers.export_universal_token_encoders_as_onnx.<locals>.EncodersOnlyWrapper:: # /srv/sonic/GR00T-WholeBodyControl/gear_sonic/utils/inference_helpers.py:281:0
  %/Constant_32_output_0 : Long(1, strides=[1], requires_grad=0, device=cpu) = onnx::Constant[value={649}, onnx_name="/Constant_32"](), scope: gear_sonic.utils.inference_helpers.export_universal_token_encoders_as_onnx.<locals>.EncodersOnlyWrapper:: # /srv/sonic/GR00T-WholeBodyControl/gear_sonic/utils/inference_helpers.py:281:0
  %/Constant_33_output_0 : Long(1, strides=[1], requires_grad=0, device=cpu) = onnx::Constant[value={889}, onnx_name="/Constant_33"](), scope: gear_sonic.utils.inference_helpers.export_universal_token_encoders_as_onnx.<locals>.EncodersOnlyWrapper:: # /srv/sonic/GR00T-WholeBodyControl/gear_sonic/utils/inference_helpers.py:281:0
  %/Constant_34_output_0 : Long(1, strides=[1], requires_grad=0, device=cpu) = onnx::Constant[value={1}, onnx_name="/Constant_34"](), scope: gear_sonic.utils.inference_helpers.export_universal_token_encoders_as_onnx.<locals>.EncodersOnlyWrapper:: # /srv/sonic/GR00T-WholeBodyControl/gear_sonic/utils/inference_helpers.py:281:0
  %/Slice_4_output_0 : Float(1, 1, 240, strides=[1751, 1750, 1], requires_grad=0, device=cpu) = onnx::Slice[onnx_name="/Slice_4"](%/Unsqueeze_2_output_0, %/Constant_32_output_0, %/Constant_33_output_0, %/Constant_31_output_0, %/Constant_34_output_0), scope: gear_sonic.utils.inference_helpers.export_universal_token_encoders_as_onnx.<locals>.EncodersOnlyWrapper:: # /srv/sonic/GR00T-WholeBodyControl/gear_sonic/utils/inference_helpers.py:281:0
  %/Constant_35_output_0 : Long(3, strides=[1], requires_grad=0, device=cpu) = onnx::Constant[value=   1    1  240 [ CPULongType{3} ], onnx_name="/Constant_35"](), scope: gear_sonic.utils.inference_helpers.export_universal_token_encoders_as_onnx.<locals>.EncodersOnlyWrapper:: # /srv/sonic/GR00T-WholeBodyControl/gear_sonic/utils/inference_helpers.py:282:0
  %/Reshape_4_output_0 : Float(1, 1, 240, strides=[240, 240, 1], requires_grad=0, device=cpu) = onnx::Reshape[onnx_name="/Reshape_4"](%/Slice_4_output_0, %/Constant_35_output_0), scope: gear_sonic.utils.inference_helpers.export_universal_token_encoders_as_onnx.<locals>.EncodersOnlyWrapper:: # /srv/sonic/GR00T-WholeBodyControl/gear_sonic/utils/inference_helpers.py:282:0
  %/Constant_36_output_0 : Long(1, strides=[1], requires_grad=0, device=cpu) = onnx::Constant[value={2}, onnx_name="/Constant_36"](), scope: gear_sonic.utils.inference_helpers.export_universal_token_encoders_as_onnx.<locals>.EncodersOnlyWrapper:: # /srv/sonic/GR00T-WholeBodyControl/gear_sonic/utils/inference_helpers.py:281:0
  %/Constant_37_output_0 : Long(1, strides=[1], requires_grad=0, device=cpu) = onnx::Constant[value={889}, onnx_name="/Constant_37"](), scope: gear_sonic.utils.inference_helpers.export_universal_token_encoders_as_onnx.<locals>.EncodersOnlyWrapper:: # /srv/sonic/GR00T-WholeBodyControl/gear_sonic/utils/inference_helpers.py:281:0
  %/Constant_38_output_0 : Long(1, strides=[1], requires_grad=0, device=cpu) = onnx::Constant[value={898}, onnx_name="/Constant_38"](), scope: gear_sonic.utils.inference_helpers.export_universal_token_encoders_as_onnx.<locals>.EncodersOnlyWrapper:: # /srv/sonic/GR00T-WholeBodyControl/gear_sonic/utils/inference_helpers.py:281:0
  %/Constant_39_output_0 : Long(1, strides=[1], requires_grad=0, device=cpu) = onnx::Constant[value={1}, onnx_name="/Constant_39"](), scope: gear_sonic.utils.inference_helpers.export_universal_token_encoders_as_onnx.<locals>.EncodersOnlyWrapper:: # /srv/sonic/GR00T-WholeBodyControl/gear_sonic/utils/inference_helpers.py:281:0
  %/Slice_5_output_0 : Float(1, 1, 9, strides=[1751, 1750, 1], requires_grad=0, device=cpu) = onnx::Slice[onnx_name="/Slice_5"](%/Unsqueeze_2_output_0, %/Constant_37_output_0, %/Constant_38_output_0, %/Constant_36_output_0, %/Constant_39_output_0), scope: gear_sonic.utils.inference_helpers.export_universal_token_encoders_as_onnx.<locals>.EncodersOnlyWrapper:: # /srv/sonic/GR00T-WholeBodyControl/gear_sonic/utils/inference_helpers.py:281:0
  %/Constant_40_output_0 : Long(3, strides=[1], requires_grad=0, device=cpu) = onnx::Constant[value= 1  1  9 [ CPULongType{3} ], onnx_name="/Constant_40"](), scope: gear_sonic.utils.inference_helpers.export_universal_token_encoders_as_onnx.<locals>.EncodersOnlyWrapper:: # /srv/sonic/GR00T-WholeBodyControl/gear_sonic/utils/inference_helpers.py:282:0
  %/Reshape_5_output_0 : Float(1, 1, 9, strides=[9, 9, 1], requires_grad=0, device=cpu) = onnx::Reshape[onnx_name="/Reshape_5"](%/Slice_5_output_0, %/Constant_40_output_0), scope: gear_sonic.utils.inference_helpers.export_universal_token_encoders_as_onnx.<locals>.EncodersOnlyWrapper:: # /srv/sonic/GR00T-WholeBodyControl/gear_sonic/utils/inference_helpers.py:282:0
  %/Constant_41_output_0 : Long(1, strides=[1], requires_grad=0, device=cpu) = onnx::Constant[value={2}, onnx_name="/Constant_41"](), scope: gear_sonic.utils.inference_helpers.export_universal_token_encoders_as_onnx.<locals>.EncodersOnlyWrapper:: # /srv/sonic/GR00T-WholeBodyControl/gear_sonic/utils/inference_helpers.py:281:0
  %/Constant_42_output_0 : Long(1, strides=[1], requires_grad=0, device=cpu) = onnx::Constant[value={898}, onnx_name="/Constant_42"](), scope: gear_sonic.utils.inference_helpers.export_universal_token_encoders_as_onnx.<locals>.EncodersOnlyWrapper:: # /srv/sonic/GR00T-WholeBodyControl/gear_sonic/utils/inference_helpers.py:281:0
  %/Constant_43_output_0 : Long(1, strides=[1], requires_grad=0, device=cpu) = onnx::Constant[value={910}, onnx_name="/Constant_43"](), scope: gear_sonic.utils.inference_helpers.export_universal_token_encoders_as_onnx.<locals>.EncodersOnlyWrapper:: # /srv/sonic/GR00T-WholeBodyControl/gear_sonic/utils/inference_helpers.py:281:0
  %/Constant_44_output_0 : Long(1, strides=[1], requires_grad=0, device=cpu) = onnx::Constant[value={1}, onnx_name="/Constant_44"](), scope: gear_sonic.utils.inference_helpers.export_universal_token_encoders_as_onnx.<locals>.EncodersOnlyWrapper:: # /srv/sonic/GR00T-WholeBodyControl/gear_sonic/utils/inference_helpers.py:281:0
  %/Slice_6_output_0 : Float(1, 1, 12, strides=[1751, 1750, 1], requires_grad=0, device=cpu) = onnx::Slice[onnx_name="/Slice_6"](%/Unsqueeze_2_output_0, %/Constant_42_output_0, %/Constant_43_output_0, %/Constant_41_output_0, %/Constant_44_output_0), scope: gear_sonic.utils.inference_helpers.export_universal_token_encoders_as_onnx.<locals>.EncodersOnlyWrapper:: # /srv/sonic/GR00T-WholeBodyControl/gear_sonic/utils/inference_helpers.py:281:0
  %/Constant_45_output_0 : Long(3, strides=[1], requires_grad=0, device=cpu) = onnx::Constant[value=  1   1  12 [ CPULongType{3} ], onnx_name="/Constant_45"](), scope: gear_sonic.utils.inference_helpers.export_universal_token_encoders_as_onnx.<locals>.EncodersOnlyWrapper:: # /srv/sonic/GR00T-WholeBodyControl/gear_sonic/utils/inference_helpers.py:282:0
  %/Reshape_6_output_0 : Float(1, 1, 12, strides=[12, 12, 1], requires_grad=0, device=cpu) = onnx::Reshape[onnx_name="/Reshape_6"](%/Slice_6_output_0, %/Constant_45_output_0), scope: gear_sonic.utils.inference_helpers.export_universal_token_encoders_as_onnx.<locals>.EncodersOnlyWrapper:: # /srv/sonic/GR00T-WholeBodyControl/gear_sonic/utils/inference_helpers.py:282:0
  %/Constant_46_output_0 : Long(1, strides=[1], requires_grad=0, device=cpu) = onnx::Constant[value={2}, onnx_name="/Constant_46"](), scope: gear_sonic.utils.inference_helpers.export_universal_token_encoders_as_onnx.<locals>.EncodersOnlyWrapper:: # /srv/sonic/GR00T-WholeBodyControl/gear_sonic/utils/inference_helpers.py:281:0
  %/Constant_47_output_0 : Long(1, strides=[1], requires_grad=0, device=cpu) = onnx::Constant[value={910}, onnx_name="/Constant_47"](), scope: gear_sonic.utils.inference_helpers.export_universal_token_encoders_as_onnx.<locals>.EncodersOnlyWrapper:: # /srv/sonic/GR00T-WholeBodyControl/gear_sonic/utils/inference_helpers.py:281:0
  %/Constant_48_output_0 : Long(1, strides=[1], requires_grad=0, device=cpu) = onnx::Constant[value={1630}, onnx_name="/Constant_48"](), scope: gear_sonic.utils.inference_helpers.export_universal_token_encoders_as_onnx.<locals>.EncodersOnlyWrapper:: # /srv/sonic/GR00T-WholeBodyControl/gear_sonic/utils/inference_helpers.py:281:0
  %/Constant_49_output_0 : Long(1, strides=[1], requires_grad=0, device=cpu) = onnx::Constant[value={1}, onnx_name="/Constant_49"](), scope: gear_sonic.utils.inference_helpers.export_universal_token_encoders_as_onnx.<locals>.EncodersOnlyWrapper:: # /srv/sonic/GR00T-WholeBodyControl/gear_sonic/utils/inference_helpers.py:281:0
  %/Slice_7_output_0 : Float(1, 1, 720, strides=[1751, 1750, 1], requires_grad=0, device=cpu) = onnx::Slice[onnx_name="/Slice_7"](%/Unsqueeze_2_output_0, %/Constant_47_output_0, %/Constant_48_output_0, %/Constant_46_output_0, %/Constant_49_output_0), scope: gear_sonic.utils.inference_helpers.export_universal_token_encoders_as_onnx.<locals>.EncodersOnlyWrapper:: # /srv/sonic/GR00T-WholeBodyControl/gear_sonic/utils/inference_helpers.py:281:0
  %/Constant_50_output_0 : Long(4, strides=[1], requires_grad=0, device=cpu) = onnx::Constant[value=  1   1  10  72 [ CPULongType{4} ], onnx_name="/Constant_50"](), scope: gear_sonic.utils.inference_helpers.export_universal_token_encoders_as_onnx.<locals>.EncodersOnlyWrapper:: # /srv/sonic/GR00T-WholeBodyControl/gear_sonic/utils/inference_helpers.py:282:0
  %/Reshape_7_output_0 : Float(1, 1, 10, 72, strides=[720, 720, 72, 1], requires_grad=0, device=cpu) = onnx::Reshape[onnx_name="/Reshape_7"](%/Slice_7_output_0, %/Constant_50_output_0), scope: gear_sonic.utils.inference_helpers.export_universal_token_encoders_as_onnx.<locals>.EncodersOnlyWrapper:: # /srv/sonic/GR00T-WholeBodyControl/gear_sonic/utils/inference_helpers.py:282:0
  %/Constant_51_output_0 : Long(1, strides=[1], requires_grad=0, device=cpu) = onnx::Constant[value={2}, onnx_name="/Constant_51"](), scope: gear_sonic.utils.inference_helpers.export_universal_token_encoders_as_onnx.<locals>.EncodersOnlyWrapper:: # /srv/sonic/GR00T-WholeBodyControl/gear_sonic/utils/inference_helpers.py:281:0
  %/Constant_52_output_0 : Long(1, strides=[1], requires_grad=0, device=cpu) = onnx::Constant[value={1630}, onnx_name="/Constant_52"](), scope: gear_sonic.utils.inference_helpers.export_universal_token_encoders_as_onnx.<locals>.EncodersOnlyWrapper:: # /srv/sonic/GR00T-WholeBodyControl/gear_sonic/utils/inference_helpers.py:281:0
  %/Constant_53_output_0 : Long(1, strides=[1], requires_grad=0, device=cpu) = onnx::Constant[value={1690}, onnx_name="/Constant_53"](), scope: gear_sonic.utils.inference_helpers.export_universal_token_encoders_as_onnx.<locals>.EncodersOnlyWrapper:: # /srv/sonic/GR00T-WholeBodyControl/gear_sonic/utils/inference_helpers.py:281:0
  %/Constant_54_output_0 : Long(1, strides=[1], requires_grad=0, device=cpu) = onnx::Constant[value={1}, onnx_name="/Constant_54"](), scope: gear_sonic.utils.inference_helpers.export_universal_token_encoders_as_onnx.<locals>.EncodersOnlyWrapper:: # /srv/sonic/GR00T-WholeBodyControl/gear_sonic/utils/inference_helpers.py:281:0
  %/Slice_8_output_0 : Float(1, 1, 60, strides=[1751, 1750, 1], requires_grad=0, device=cpu) = onnx::Slice[onnx_name="/Slice_8"](%/Unsqueeze_2_output_0, %/Constant_52_output_0, %/Constant_53_output_0, %/Constant_51_output_0, %/Constant_54_output_0), scope: gear_sonic.utils.inference_helpers.export_universal_token_encoders_as_onnx.<locals>.EncodersOnlyWrapper:: # /srv/sonic/GR00T-WholeBodyControl/gear_sonic/utils/inference_helpers.py:281:0
  %/Constant_55_output_0 : Long(4, strides=[1], requires_grad=0, device=cpu) = onnx::Constant[value=  1   1  10   6 [ CPULongType{4} ], onnx_name="/Constant_55"](), scope: gear_sonic.utils.inference_helpers.export_universal_token_encoders_as_onnx.<locals>.EncodersOnlyWrapper:: # /srv/sonic/GR00T-WholeBodyControl/gear_sonic/utils/inference_helpers.py:282:0
  %/Reshape_8_output_0 : Float(1, 1, 10, 6, strides=[60, 60, 6, 1], requires_grad=0, device=cpu) = onnx::Reshape[onnx_name="/Reshape_8"](%/Slice_8_output_0, %/Constant_55_output_0), scope: gear_sonic.utils.inference_helpers.export_universal_token_encoders_as_onnx.<locals>.EncodersOnlyWrapper:: # /srv/sonic/GR00T-WholeBodyControl/gear_sonic/utils/inference_helpers.py:282:0
  %/Constant_56_output_0 : Long(1, strides=[1], requires_grad=0, device=cpu) = onnx::Constant[value={2}, onnx_name="/Constant_56"](), scope: gear_sonic.utils.inference_helpers.export_universal_token_encoders_as_onnx.<locals>.EncodersOnlyWrapper:: # /srv/sonic/GR00T-WholeBodyControl/gear_sonic/utils/inference_helpers.py:281:0
  %/Constant_57_output_0 : Long(1, strides=[1], requires_grad=0, device=cpu) = onnx::Constant[value={1690}, onnx_name="/Constant_57"](), scope: gear_sonic.utils.inference_helpers.export_universal_token_encoders_as_onnx.<locals>.EncodersOnlyWrapper:: # /srv/sonic/GR00T-WholeBodyControl/gear_sonic/utils/inference_helpers.py:281:0
  %/Constant_58_output_0 : Long(1, strides=[1], requires_grad=0, device=cpu) = onnx::Constant[value={1750}, onnx_name="/Constant_58"](), scope: gear_sonic.utils.inference_helpers.export_universal_token_encoders_as_onnx.<locals>.EncodersOnlyWrapper:: # /srv/sonic/GR00T-WholeBodyControl/gear_sonic/utils/inference_helpers.py:281:0
  %/Constant_59_output_0 : Long(1, strides=[1], requires_grad=0, device=cpu) = onnx::Constant[value={1}, onnx_name="/Constant_59"](), scope: gear_sonic.utils.inference_helpers.export_universal_token_encoders_as_onnx.<locals>.EncodersOnlyWrapper:: # /srv/sonic/GR00T-WholeBodyControl/gear_sonic/utils/inference_helpers.py:281:0
  %/Slice_9_output_0 : Float(1, 1, 60, strides=[1751, 1750, 1], requires_grad=0, device=cpu) = onnx::Slice[onnx_name="/Slice_9"](%/Unsqueeze_2_output_0, %/Constant_57_output_0, %/Constant_58_output_0, %/Constant_56_output_0, %/Constant_59_output_0), scope: gear_sonic.utils.inference_helpers.export_universal_token_encoders_as_onnx.<locals>.EncodersOnlyWrapper:: # /srv/sonic/GR00T-WholeBodyControl/gear_sonic/utils/inference_helpers.py:281:0
  %/Constant_60_output_0 : Long(4, strides=[1], requires_grad=0, device=cpu) = onnx::Constant[value=  1   1  10   6 [ CPULongType{4} ], onnx_name="/Constant_60"](), scope: gear_sonic.utils.inference_helpers.export_universal_token_encoders_as_onnx.<locals>.EncodersOnlyWrapper:: # /srv/sonic/GR00T-WholeBodyControl/gear_sonic/utils/inference_helpers.py:282:0
  %/Reshape_9_output_0 : Float(1, 1, 10, 6, strides=[60, 60, 6, 1], requires_grad=0, device=cpu) = onnx::Reshape[onnx_name="/Reshape_9"](%/Slice_9_output_0, %/Constant_60_output_0), scope: gear_sonic.utils.inference_helpers.export_universal_token_encoders_as_onnx.<locals>.EncodersOnlyWrapper:: # /srv/sonic/GR00T-WholeBodyControl/gear_sonic/utils/inference_helpers.py:282:0
  %/Concat_2_output_0 : Float(1, 1, 10, 64, strides=[640, 640, 64, 1], requires_grad=0, device=cpu) = onnx::Concat[axis=-1, onnx_name="/Concat_2"](%/Reshape_1_output_0, %/Reshape_3_output_0), scope: gear_sonic.utils.inference_helpers.export_universal_token_encoders_as_onnx.<locals>.EncodersOnlyWrapper:: # /srv/sonic/GR00T-WholeBodyControl/gear_sonic/trl/modules/universal_token_modules.py:637:0
  %/Constant_61_output_0 : Long(3, strides=[1], requires_grad=0, device=cpu) = onnx::Constant[value= -1  10  64 [ CPULongType{3} ], onnx_name="/Constant_61"](), scope: gear_sonic.utils.inference_helpers.export_universal_token_encoders_as_onnx.<locals>.EncodersOnlyWrapper:: # /srv/sonic/GR00T-WholeBodyControl/gear_sonic/trl/modules/universal_token_modules.py:638:0
  %/Reshape_10_output_0 : Float(1, 10, 64, strides=[640, 64, 1], requires_grad=0, device=cpu) = onnx::Reshape[onnx_name="/Reshape_10"](%/Concat_2_output_0, %/Constant_61_output_0), scope: gear_sonic.utils.inference_helpers.export_universal_token_encoders_as_onnx.<locals>.EncodersOnlyWrapper:: # /srv/sonic/GR00T-WholeBodyControl/gear_sonic/trl/modules/universal_token_modules.py:638:0
  %/g1/Constant_output_0 : Long(2, strides=[1], requires_grad=0, device=cpu) = onnx::Constant[value=   1  640 [ CPULongType{2} ], onnx_name="/g1/Constant"](), scope: gear_sonic.utils.inference_helpers.export_universal_token_encoders_as_onnx.<locals>.EncodersOnlyWrapper::/gear_sonic.trl.modules.base_module.BaseModule::g1 # /srv/sonic/GR00T-WholeBodyControl/gear_sonic/trl/modules/base_module.py:554:0
  %/g1/Reshape_output_0 : Float(1, 640, strides=[640, 1], requires_grad=0, device=cpu) = onnx::Reshape[onnx_name="/g1/Reshape"](%/Reshape_10_output_0, %/g1/Constant_output_0), scope: gear_sonic.utils.inference_helpers.export_universal_token_encoders_as_onnx.<locals>.EncodersOnlyWrapper::/gear_sonic.trl.modules.base_module.BaseModule::g1 # /srv/sonic/GR00T-WholeBodyControl/gear_sonic/trl/modules/base_module.py:554:0
  %/g1/module/module.0/Gemm_output_0 : Float(1, 2048, strides=[2048, 1], requires_grad=0, device=cpu) = onnx::Gemm[alpha=1., beta=1., transB=1, onnx_name="/g1/module/module.0/Gemm"](%/g1/Reshape_output_0, %module.encoders.g1.module.0.weight, %module.encoders.g1.module.0.bias), scope: gear_sonic.utils.inference_helpers.export_universal_token_encoders_as_onnx.<locals>.EncodersOnlyWrapper::/gear_sonic.trl.modules.base_module.BaseModule::g1/torch.nn.modules.container.Sequential::module/torch.nn.modules.linear.Linear::module.0 # /srv/sonic/env_isaaclab/lib/python3.11/site-packages/torch/nn/modules/linear.py:125:0
  %/g1/module/module.1/Sigmoid_output_0 : Float(1, 2048, strides=[2048, 1], device=cpu) = onnx::Sigmoid[onnx_name="/g1/module/module.1/Sigmoid"](%/g1/module/module.0/Gemm_output_0), scope: gear_sonic.utils.inference_helpers.export_universal_token_encoders_as_onnx.<locals>.EncodersOnlyWrapper::/gear_sonic.trl.modules.base_module.BaseModule::g1/torch.nn.modules.container.Sequential::module/torch.nn.modules.activation.SiLU::module.1 # /srv/sonic/env_isaaclab/lib/python3.11/site-packages/torch/nn/functional.py:2380:0
  %/g1/module/module.1/Mul_output_0 : Float(1, 2048, strides=[2048, 1], requires_grad=0, device=cpu) = onnx::Mul[onnx_name="/g1/module/module.1/Mul"](%/g1/module/module.0/Gemm_output_0, %/g1/module/module.1/Sigmoid_output_0), scope: gear_sonic.utils.inference_helpers.export_universal_token_encoders_as_onnx.<locals>.EncodersOnlyWrapper::/gear_sonic.trl.modules.base_module.BaseModule::g1/torch.nn.modules.container.Sequential::module/torch.nn.modules.activation.SiLU::module.1 # /srv/sonic/env_isaaclab/lib/python3.11/site-packages/torch/nn/functional.py:2380:0
  %/g1/module/module.2/Gemm_output_0 : Float(1, 1024, strides=[1024, 1], requires_grad=0, device=cpu) = onnx::Gemm[alpha=1., beta=1., transB=1, onnx_name="/g1/module/module.2/Gemm"](%/g1/module/module.1/Mul_output_0, %module.encoders.g1.module.2.weight, %module.encoders.g1.module.2.bias), scope: gear_sonic.utils.inference_helpers.export_universal_token_encoders_as_onnx.<locals>.EncodersOnlyWrapper::/gear_sonic.trl.modules.base_module.BaseModule::g1/torch.nn.modules.container.Sequential::module/torch.nn.modules.linear.Linear::module.2 # /srv/sonic/env_isaaclab/lib/python3.11/site-packages/torch/nn/modules/linear.py:125:0
  %/g1/module/module.1_1/Sigmoid_output_0 : Float(1, 1024, strides=[1024, 1], device=cpu) = onnx::Sigmoid[onnx_name="/g1/module/module.1_1/Sigmoid"](%/g1/module/module.2/Gemm_output_0), scope: gear_sonic.utils.inference_helpers.export_universal_token_encoders_as_onnx.<locals>.EncodersOnlyWrapper::/gear_sonic.trl.modules.base_module.BaseModule::g1/torch.nn.modules.container.Sequential::module/torch.nn.modules.activation.SiLU::module.1 # /srv/sonic/env_isaaclab/lib/python3.11/site-packages/torch/nn/functional.py:2380:0
  %/g1/module/module.1_1/Mul_output_0 : Float(1, 1024, strides=[1024, 1], requires_grad=0, device=cpu) = onnx::Mul[onnx_name="/g1/module/module.1_1/Mul"](%/g1/module/module.2/Gemm_output_0, %/g1/module/module.1_1/Sigmoid_output_0), scope: gear_sonic.utils.inference_helpers.export_universal_token_encoders_as_onnx.<locals>.EncodersOnlyWrapper::/gear_sonic.trl.modules.base_module.BaseModule::g1/torch.nn.modules.container.Sequential::module/torch.nn.modules.activation.SiLU::module.1 # /srv/sonic/env_isaaclab/lib/python3.11/site-packages/torch/nn/functional.py:2380:0
  %/g1/module/module.4/Gemm_output_0 : Float(1, 512, strides=[512, 1], requires_grad=0, device=cpu) = onnx::Gemm[alpha=1., beta=1., transB=1, onnx_name="/g1/module/module.4/Gemm"](%/g1/module/module.1_1/Mul_output_0, %module.encoders.g1.module.4.weight, %module.encoders.g1.module.4.bias), scope: gear_sonic.utils.inference_helpers.export_universal_token_encoders_as_onnx.<locals>.EncodersOnlyWrapper::/gear_sonic.trl.modules.base_module.BaseModule::g1/torch.nn.modules.container.Sequential::module/torch.nn.modules.linear.Linear::module.4 # /srv/sonic/env_isaaclab/lib/python3.11/site-packages/torch/nn/modules/linear.py:125:0
  %/g1/module/module.1_2/Sigmoid_output_0 : Float(1, 512, strides=[512, 1], device=cpu) = onnx::Sigmoid[onnx_name="/g1/module/module.1_2/Sigmoid"](%/g1/module/module.4/Gemm_output_0), scope: gear_sonic.utils.inference_helpers.export_universal_token_encoders_as_onnx.<locals>.EncodersOnlyWrapper::/gear_sonic.trl.modules.base_module.BaseModule::g1/torch.nn.modules.container.Sequential::module/torch.nn.modules.activation.SiLU::module.1 # /srv/sonic/env_isaaclab/lib/python3.11/site-packages/torch/nn/functional.py:2380:0
  %/g1/module/module.1_2/Mul_output_0 : Float(1, 512, strides=[512, 1], requires_grad=0, device=cpu) = onnx::Mul[onnx_name="/g1/module/module.1_2/Mul"](%/g1/module/module.4/Gemm_output_0, %/g1/module/module.1_2/Sigmoid_output_0), scope: gear_sonic.utils.inference_helpers.export_universal_token_encoders_as_onnx.<locals>.EncodersOnlyWrapper::/gear_sonic.trl.modules.base_module.BaseModule::g1/torch.nn.modules.container.Sequential::module/torch.nn.modules.activation.SiLU::module.1 # /srv/sonic/env_isaaclab/lib/python3.11/site-packages/torch/nn/functional.py:2380:0
  %/g1/module/module.6/Gemm_output_0 : Float(1, 512, strides=[512, 1], requires_grad=0, device=cpu) = onnx::Gemm[alpha=1., beta=1., transB=1, onnx_name="/g1/module/module.6/Gemm"](%/g1/module/module.1_2/Mul_output_0, %module.encoders.g1.module.6.weight, %module.encoders.g1.module.6.bias), scope: gear_sonic.utils.inference_helpers.export_universal_token_encoders_as_onnx.<locals>.EncodersOnlyWrapper::/gear_sonic.trl.modules.base_module.BaseModule::g1/torch.nn.modules.container.Sequential::module/torch.nn.modules.linear.Linear::module.6 # /srv/sonic/env_isaaclab/lib/python3.11/site-packages/torch/nn/modules/linear.py:125:0
  %/g1/module/module.1_3/Sigmoid_output_0 : Float(1, 512, strides=[512, 1], device=cpu) = onnx::Sigmoid[onnx_name="/g1/module/module.1_3/Sigmoid"](%/g1/module/module.6/Gemm_output_0), scope: gear_sonic.utils.inference_helpers.export_universal_token_encoders_as_onnx.<locals>.EncodersOnlyWrapper::/gear_sonic.trl.modules.base_module.BaseModule::g1/torch.nn.modules.container.Sequential::module/torch.nn.modules.activation.SiLU::module.1 # /srv/sonic/env_isaaclab/lib/python3.11/site-packages/torch/nn/functional.py:2380:0
  %/g1/module/module.1_3/Mul_output_0 : Float(1, 512, strides=[512, 1], requires_grad=0, device=cpu) = onnx::Mul[onnx_name="/g1/module/module.1_3/Mul"](%/g1/module/module.6/Gemm_output_0, %/g1/module/module.1_3/Sigmoid_output_0), scope: gear_sonic.utils.inference_helpers.export_universal_token_encoders_as_onnx.<locals>.EncodersOnlyWrapper::/gear_sonic.trl.modules.base_module.BaseModule::g1/torch.nn.modules.container.Sequential::module/torch.nn.modules.activation.SiLU::module.1 # /srv/sonic/env_isaaclab/lib/python3.11/site-packages/torch/nn/functional.py:2380:0
  %/g1/module/module.8/Gemm_output_0 : Float(1, 64, strides=[64, 1], requires_grad=0, device=cpu) = onnx::Gemm[alpha=1., beta=1., transB=1, onnx_name="/g1/module/module.8/Gemm"](%/g1/module/module.1_3/Mul_output_0, %module.encoders.g1.module.8.weight, %module.encoders.g1.module.8.bias), scope: gear_sonic.utils.inference_helpers.export_universal_token_encoders_as_onnx.<locals>.EncodersOnlyWrapper::/gear_sonic.trl.modules.base_module.BaseModule::g1/torch.nn.modules.container.Sequential::module/torch.nn.modules.linear.Linear::module.8 # /srv/sonic/env_isaaclab/lib/python3.11/site-packages/torch/nn/modules/linear.py:125:0
  %/g1/Constant_1_output_0 : Long(3, strides=[1], requires_grad=0, device=cpu) = onnx::Constant[value=  1   2  32 [ CPULongType{3} ], onnx_name="/g1/Constant_1"](), scope: gear_sonic.utils.inference_helpers.export_universal_token_encoders_as_onnx.<locals>.EncodersOnlyWrapper::/gear_sonic.trl.modules.base_module.BaseModule::g1 # /srv/sonic/GR00T-WholeBodyControl/gear_sonic/trl/modules/base_module.py:557:0
  %/g1/Reshape_1_output_0 : Float(1, 2, 32, strides=[64, 32, 1], requires_grad=0, device=cpu) = onnx::Reshape[onnx_name="/g1/Reshape_1"](%/g1/module/module.8/Gemm_output_0, %/g1/Constant_1_output_0), scope: gear_sonic.utils.inference_helpers.export_universal_token_encoders_as_onnx.<locals>.EncodersOnlyWrapper::/gear_sonic.trl.modules.base_module.BaseModule::g1 # /srv/sonic/GR00T-WholeBodyControl/gear_sonic/trl/modules/base_module.py:557:0
  %/quantizer/Constant_output_0 : Long(4, strides=[1], requires_grad=0, device=cpu) = onnx::Constant[value=  1   2   1  32 [ CPULongType{4} ], onnx_name="/quantizer/Constant"](), scope: gear_sonic.utils.inference_helpers.export_universal_token_encoders_as_onnx.<locals>.EncodersOnlyWrapper::/vector_quantize_pytorch.finite_scalar_quantization.FSQ::quantizer # /srv/sonic/env_isaaclab/lib/python3.11/site-packages/einops/_backends.py:96:0
  %/quantizer/Reshape_output_0 : Float(1, 2, 1, 32, strides=[64, 32, 32, 1], requires_grad=0, device=cpu) = onnx::Reshape[onnx_name="/quantizer/Reshape"](%/g1/Reshape_1_output_0, %/quantizer/Constant_output_0), scope: gear_sonic.utils.inference_helpers.export_universal_token_encoders_as_onnx.<locals>.EncodersOnlyWrapper::/vector_quantize_pytorch.finite_scalar_quantization.FSQ::quantizer # /srv/sonic/env_isaaclab/lib/python3.11/site-packages/einops/_backends.py:96:0
  %/quantizer/Constant_1_output_0 : Float(32, strides=[1], requires_grad=0, device=cpu) = onnx::Constant[value=<Tensor>, onnx_name="/quantizer/Constant_1"](), scope: gear_sonic.utils.inference_helpers.export_universal_token_encoders_as_onnx.<locals>.EncodersOnlyWrapper::/vector_quantize_pytorch.finite_scalar_quantization.FSQ::quantizer # /srv/sonic/env_isaaclab/lib/python3.11/site-packages/vector_quantize_pytorch/finite_scalar_quantization.py:155:0
  %/quantizer/Add_output_0 : Float(1, 2, 1, 32, strides=[64, 32, 32, 1], requires_grad=0, device=cpu) = onnx::Add[onnx_name="/quantizer/Add"](%/quantizer/Reshape_output_0, %/quantizer/Constant_1_output_0), scope: gear_sonic.utils.inference_helpers.export_universal_token_encoders_as_onnx.<locals>.EncodersOnlyWrapper::/vector_quantize_pytorch.finite_scalar_quantization.FSQ::quantizer # /srv/sonic/env_isaaclab/lib/python3.11/site-packages/vector_quantize_pytorch/finite_scalar_quantization.py:155:0
  %/quantizer/Tanh_output_0 : Float(1, 2, 1, 32, strides=[64, 32, 32, 1], requires_grad=0, device=cpu) = onnx::Tanh[onnx_name="/quantizer/Tanh"](%/quantizer/Add_output_0), scope: gear_sonic.utils.inference_helpers.export_universal_token_encoders_as_onnx.<locals>.EncodersOnlyWrapper::/vector_quantize_pytorch.finite_scalar_quantization.FSQ::quantizer # /srv/sonic/env_isaaclab/lib/python3.11/site-packages/vector_quantize_pytorch/finite_scalar_quantization.py:155:0
  %/quantizer/Constant_2_output_0 : Float(32, strides=[1], requires_grad=0, device=cpu) = onnx::Constant[value=<Tensor>, onnx_name="/quantizer/Constant_2"](), scope: gear_sonic.utils.inference_helpers.export_universal_token_encoders_as_onnx.<locals>.EncodersOnlyWrapper::/vector_quantize_pytorch.finite_scalar_quantization.FSQ::quantizer # /srv/sonic/env_isaaclab/lib/python3.11/site-packages/vector_quantize_pytorch/finite_scalar_quantization.py:155:0
  %/quantizer/Mul_output_0 : Float(1, 2, 1, 32, strides=[64, 32, 32, 1], requires_grad=0, device=cpu) = onnx::Mul[onnx_name="/quantizer/Mul"](%/quantizer/Tanh_output_0, %/quantizer/Constant_2_output_0), scope: gear_sonic.utils.inference_helpers.export_universal_token_encoders_as_onnx.<locals>.EncodersOnlyWrapper::/vector_quantize_pytorch.finite_scalar_quantization.FSQ::quantizer # /srv/sonic/env_isaaclab/lib/python3.11/site-packages/vector_quantize_pytorch/finite_scalar_quantization.py:155:0
  %/quantizer/Constant_3_output_0 : Float(32, strides=[1], requires_grad=0, device=cpu) = onnx::Constant[value=<Tensor>, onnx_name="/quantizer/Constant_3"](), scope: gear_sonic.utils.inference_helpers.export_universal_token_encoders_as_onnx.<locals>.EncodersOnlyWrapper::/vector_quantize_pytorch.finite_scalar_quantization.FSQ::quantizer # /srv/sonic/env_isaaclab/lib/python3.11/site-packages/vector_quantize_pytorch/finite_scalar_quantization.py:155:0
  %/quantizer/Sub_output_0 : Float(1, 2, 1, 32, strides=[64, 32, 32, 1], requires_grad=0, device=cpu) = onnx::Sub[onnx_name="/quantizer/Sub"](%/quantizer/Mul_output_0, %/quantizer/Constant_3_output_0), scope: gear_sonic.utils.inference_helpers.export_universal_token_encoders_as_onnx.<locals>.EncodersOnlyWrapper::/vector_quantize_pytorch.finite_scalar_quantization.FSQ::quantizer # /srv/sonic/env_isaaclab/lib/python3.11/site-packages/vector_quantize_pytorch/finite_scalar_quantization.py:155:0
  %/quantizer/Round_output_0 : Float(1, 2, 1, 32, strides=[64, 32, 32, 1], requires_grad=0, device=cpu) = onnx::Round[onnx_name="/quantizer/Round"](%/quantizer/Sub_output_0), scope: gear_sonic.utils.inference_helpers.export_universal_token_encoders_as_onnx.<locals>.EncodersOnlyWrapper::/vector_quantize_pytorch.finite_scalar_quantization.FSQ::quantizer # /srv/sonic/env_isaaclab/lib/python3.11/site-packages/vector_quantize_pytorch/finite_scalar_quantization.py:54:0
  %/quantizer/Sub_1_output_0 : Float(1, 2, 1, 32, strides=[64, 32, 32, 1], requires_grad=0, device=cpu) = onnx::Sub[onnx_name="/quantizer/Sub_1"](%/quantizer/Round_output_0, %/quantizer/Sub_output_0), scope: gear_sonic.utils.inference_helpers.export_universal_token_encoders_as_onnx.<locals>.EncodersOnlyWrapper::/vector_quantize_pytorch.finite_scalar_quantization.FSQ::quantizer # /srv/sonic/env_isaaclab/lib/python3.11/site-packages/vector_quantize_pytorch/finite_scalar_quantization.py:55:0
  %/quantizer/Add_1_output_0 : Float(1, 2, 1, 32, strides=[64, 32, 32, 1], requires_grad=0, device=cpu) = onnx::Add[onnx_name="/quantizer/Add_1"](%/quantizer/Sub_output_0, %/quantizer/Sub_1_output_0), scope: gear_sonic.utils.inference_helpers.export_universal_token_encoders_as_onnx.<locals>.EncodersOnlyWrapper::/vector_quantize_pytorch.finite_scalar_quantization.FSQ::quantizer # /srv/sonic/env_isaaclab/lib/python3.11/site-packages/vector_quantize_pytorch/finite_scalar_quantization.py:55:0
  %/quantizer/Constant_4_output_0 : Float(32, strides=[1], requires_grad=0, device=cpu) = onnx::Constant[value=<Tensor>, onnx_name="/quantizer/Constant_4"](), scope: gear_sonic.utils.inference_helpers.export_universal_token_encoders_as_onnx.<locals>.EncodersOnlyWrapper::/vector_quantize_pytorch.finite_scalar_quantization.FSQ::quantizer # /srv/sonic/env_isaaclab/lib/python3.11/site-packages/vector_quantize_pytorch/finite_scalar_quantization.py:157:0
  %/quantizer/Div_output_0 : Float(1, 2, 1, 32, strides=[64, 32, 32, 1], requires_grad=0, device=cpu) = onnx::Div[onnx_name="/quantizer/Div"](%/quantizer/Add_1_output_0, %/quantizer/Constant_4_output_0), scope: gear_sonic.utils.inference_helpers.export_universal_token_encoders_as_onnx.<locals>.EncodersOnlyWrapper::/vector_quantize_pytorch.finite_scalar_quantization.FSQ::quantizer # /srv/sonic/env_isaaclab/lib/python3.11/site-packages/vector_quantize_pytorch/finite_scalar_quantization.py:157:0
  %/quantizer/Constant_5_output_0 : Long(3, strides=[1], requires_grad=0, device=cpu) = onnx::Constant[value=  1   2  32 [ CPULongType{3} ], onnx_name="/quantizer/Constant_5"](), scope: gear_sonic.utils.inference_helpers.export_universal_token_encoders_as_onnx.<locals>.EncodersOnlyWrapper::/vector_quantize_pytorch.finite_scalar_quantization.FSQ::quantizer # /srv/sonic/env_isaaclab/lib/python3.11/site-packages/einops/_backends.py:96:0
  %/quantizer/Reshape_1_output_0 : Float(1, 2, 32, strides=[64, 32, 1], requires_grad=0, device=cpu) = onnx::Reshape[onnx_name="/quantizer/Reshape_1"](%/quantizer/Div_output_0, %/quantizer/Constant_5_output_0), scope: gear_sonic.utils.inference_helpers.export_universal_token_encoders_as_onnx.<locals>.EncodersOnlyWrapper::/vector_quantize_pytorch.finite_scalar_quantization.FSQ::quantizer # /srv/sonic/env_isaaclab/lib/python3.11/site-packages/einops/_backends.py:96:0
  %/quantizer/Cast_output_0 : Float(1, 2, 32, strides=[64, 32, 1], requires_grad=0, device=cpu) = onnx::Cast[to=1, onnx_name="/quantizer/Cast"](%/quantizer/Reshape_1_output_0), scope: gear_sonic.utils.inference_helpers.export_universal_token_encoders_as_onnx.<locals>.EncodersOnlyWrapper::/vector_quantize_pytorch.finite_scalar_quantization.FSQ::quantizer # /srv/sonic/env_isaaclab/lib/python3.11/site-packages/vector_quantize_pytorch/finite_scalar_quantization.py:301:0
  %/Concat_3_output_0 : Float(1, 1, 267, strides=[267, 267, 1], requires_grad=0, device=cpu) = onnx::Concat[axis=-1, onnx_name="/Concat_3"](%/Reshape_4_output_0, %/Reshape_5_output_0, %/Reshape_6_output_0, %/Reshape_2_output_0), scope: gear_sonic.utils.inference_helpers.export_universal_token_encoders_as_onnx.<locals>.EncodersOnlyWrapper:: # /srv/sonic/GR00T-WholeBodyControl/gear_sonic/trl/modules/universal_token_modules.py:637:0
  %/Constant_62_output_0 : Long(2, strides=[1], requires_grad=0, device=cpu) = onnx::Constant[value=  -1  267 [ CPULongType{2} ], onnx_name="/Constant_62"](), scope: gear_sonic.utils.inference_helpers.export_universal_token_encoders_as_onnx.<locals>.EncodersOnlyWrapper:: # /srv/sonic/GR00T-WholeBodyControl/gear_sonic/trl/modules/universal_token_modules.py:638:0
  %/Reshape_11_output_0 : Float(1, 267, strides=[267, 1], requires_grad=0, device=cpu) = onnx::Reshape[onnx_name="/Reshape_11"](%/Concat_3_output_0, %/Constant_62_output_0), scope: gear_sonic.utils.inference_helpers.export_universal_token_encoders_as_onnx.<locals>.EncodersOnlyWrapper:: # /srv/sonic/GR00T-WholeBodyControl/gear_sonic/trl/modules/universal_token_modules.py:638:0
  %/teleop/module/module.0/Gemm_output_0 : Float(1, 2048, strides=[2048, 1], requires_grad=0, device=cpu) = onnx::Gemm[alpha=1., beta=1., transB=1, onnx_name="/teleop/module/module.0/Gemm"](%/Reshape_11_output_0, %module.encoders.teleop.module.0.weight, %module.encoders.teleop.module.0.bias), scope: gear_sonic.utils.inference_helpers.export_universal_token_encoders_as_onnx.<locals>.EncodersOnlyWrapper::/gear_sonic.trl.modules.base_module.BaseModule::teleop/torch.nn.modules.container.Sequential::module/torch.nn.modules.linear.Linear::module.0 # /srv/sonic/env_isaaclab/lib/python3.11/site-packages/torch/nn/modules/linear.py:125:0
  %/teleop/module/module.1/Sigmoid_output_0 : Float(1, 2048, strides=[2048, 1], device=cpu) = onnx::Sigmoid[onnx_name="/teleop/module/module.1/Sigmoid"](%/teleop/module/module.0/Gemm_output_0), scope: gear_sonic.utils.inference_helpers.export_universal_token_encoders_as_onnx.<locals>.EncodersOnlyWrapper::/gear_sonic.trl.modules.base_module.BaseModule::teleop/torch.nn.modules.container.Sequential::module/torch.nn.modules.activation.SiLU::module.1 # /srv/sonic/env_isaaclab/lib/python3.11/site-packages/torch/nn/functional.py:2380:0
  %/teleop/module/module.1/Mul_output_0 : Float(1, 2048, strides=[2048, 1], requires_grad=0, device=cpu) = onnx::Mul[onnx_name="/teleop/module/module.1/Mul"](%/teleop/module/module.0/Gemm_output_0, %/teleop/module/module.1/Sigmoid_output_0), scope: gear_sonic.utils.inference_helpers.export_universal_token_encoders_as_onnx.<locals>.EncodersOnlyWrapper::/gear_sonic.trl.modules.base_module.BaseModule::teleop/torch.nn.modules.container.Sequential::module/torch.nn.modules.activation.SiLU::module.1 # /srv/sonic/env_isaaclab/lib/python3.11/site-packages/torch/nn/functional.py:2380:0
  %/teleop/module/module.2/Gemm_output_0 : Float(1, 1024, strides=[1024, 1], requires_grad=0, device=cpu) = onnx::Gemm[alpha=1., beta=1., transB=1, onnx_name="/teleop/module/module.2/Gemm"](%/teleop/module/module.1/Mul_output_0, %module.encoders.teleop.module.2.weight, %module.encoders.teleop.module.2.bias), scope: gear_sonic.utils.inference_helpers.export_universal_token_encoders_as_onnx.<locals>.EncodersOnlyWrapper::/gear_sonic.trl.modules.base_module.BaseModule::teleop/torch.nn.modules.container.Sequential::module/torch.nn.modules.linear.Linear::module.2 # /srv/sonic/env_isaaclab/lib/python3.11/site-packages/torch/nn/modules/linear.py:125:0
  %/teleop/module/module.1_1/Sigmoid_output_0 : Float(1, 1024, strides=[1024, 1], device=cpu) = onnx::Sigmoid[onnx_name="/teleop/module/module.1_1/Sigmoid"](%/teleop/module/module.2/Gemm_output_0), scope: gear_sonic.utils.inference_helpers.export_universal_token_encoders_as_onnx.<locals>.EncodersOnlyWrapper::/gear_sonic.trl.modules.base_module.BaseModule::teleop/torch.nn.modules.container.Sequential::module/torch.nn.modules.activation.SiLU::module.1 # /srv/sonic/env_isaaclab/lib/python3.11/site-packages/torch/nn/functional.py:2380:0
  %/teleop/module/module.1_1/Mul_output_0 : Float(1, 1024, strides=[1024, 1], requires_grad=0, device=cpu) = onnx::Mul[onnx_name="/teleop/module/module.1_1/Mul"](%/teleop/module/module.2/Gemm_output_0, %/teleop/module/module.1_1/Sigmoid_output_0), scope: gear_sonic.utils.inference_helpers.export_universal_token_encoders_as_onnx.<locals>.EncodersOnlyWrapper::/gear_sonic.trl.modules.base_module.BaseModule::teleop/torch.nn.modules.container.Sequential::module/torch.nn.modules.activation.SiLU::module.1 # /srv/sonic/env_isaaclab/lib/python3.11/site-packages/torch/nn/functional.py:2380:0
  %/teleop/module/module.4/Gemm_output_0 : Float(1, 512, strides=[512, 1], requires_grad=0, device=cpu) = onnx::Gemm[alpha=1., beta=1., transB=1, onnx_name="/teleop/module/module.4/Gemm"](%/teleop/module/module.1_1/Mul_output_0, %module.encoders.teleop.module.4.weight, %module.encoders.teleop.module.4.bias), scope: gear_sonic.utils.inference_helpers.export_universal_token_encoders_as_onnx.<locals>.EncodersOnlyWrapper::/gear_sonic.trl.modules.base_module.BaseModule::teleop/torch.nn.modules.container.Sequential::module/torch.nn.modules.linear.Linear::module.4 # /srv/sonic/env_isaaclab/lib/python3.11/site-packages/torch/nn/modules/linear.py:125:0
  %/teleop/module/module.1_2/Sigmoid_output_0 : Float(1, 512, strides=[512, 1], device=cpu) = onnx::Sigmoid[onnx_name="/teleop/module/module.1_2/Sigmoid"](%/teleop/module/module.4/Gemm_output_0), scope: gear_sonic.utils.inference_helpers.export_universal_token_encoders_as_onnx.<locals>.EncodersOnlyWrapper::/gear_sonic.trl.modules.base_module.BaseModule::teleop/torch.nn.modules.container.Sequential::module/torch.nn.modules.activation.SiLU::module.1 # /srv/sonic/env_isaaclab/lib/python3.11/site-packages/torch/nn/functional.py:2380:0
  %/teleop/module/module.1_2/Mul_output_0 : Float(1, 512, strides=[512, 1], requires_grad=0, device=cpu) = onnx::Mul[onnx_name="/teleop/module/module.1_2/Mul"](%/teleop/module/module.4/Gemm_output_0, %/teleop/module/module.1_2/Sigmoid_output_0), scope: gear_sonic.utils.inference_helpers.export_universal_token_encoders_as_onnx.<locals>.EncodersOnlyWrapper::/gear_sonic.trl.modules.base_module.BaseModule::teleop/torch.nn.modules.container.Sequential::module/torch.nn.modules.activation.SiLU::module.1 # /srv/sonic/env_isaaclab/lib/python3.11/site-packages/torch/nn/functional.py:2380:0
  %/teleop/module/module.6/Gemm_output_0 : Float(1, 512, strides=[512, 1], requires_grad=0, device=cpu) = onnx::Gemm[alpha=1., beta=1., transB=1, onnx_name="/teleop/module/module.6/Gemm"](%/teleop/module/module.1_2/Mul_output_0, %module.encoders.teleop.module.6.weight, %module.encoders.teleop.module.6.bias), scope: gear_sonic.utils.inference_helpers.export_universal_token_encoders_as_onnx.<locals>.EncodersOnlyWrapper::/gear_sonic.trl.modules.base_module.BaseModule::teleop/torch.nn.modules.container.Sequential::module/torch.nn.modules.linear.Linear::module.6 # /srv/sonic/env_isaaclab/lib/python3.11/site-packages/torch/nn/modules/linear.py:125:0
  %/teleop/module/module.1_3/Sigmoid_output_0 : Float(1, 512, strides=[512, 1], device=cpu) = onnx::Sigmoid[onnx_name="/teleop/module/module.1_3/Sigmoid"](%/teleop/module/module.6/Gemm_output_0), scope: gear_sonic.utils.inference_helpers.export_universal_token_encoders_as_onnx.<locals>.EncodersOnlyWrapper::/gear_sonic.trl.modules.base_module.BaseModule::teleop/torch.nn.modules.container.Sequential::module/torch.nn.modules.activation.SiLU::module.1 # /srv/sonic/env_isaaclab/lib/python3.11/site-packages/torch/nn/functional.py:2380:0
  %/teleop/module/module.1_3/Mul_output_0 : Float(1, 512, strides=[512, 1], requires_grad=0, device=cpu) = onnx::Mul[onnx_name="/teleop/module/module.1_3/Mul"](%/teleop/module/module.6/Gemm_output_0, %/teleop/module/module.1_3/Sigmoid_output_0), scope: gear_sonic.utils.inference_helpers.export_universal_token_encoders_as_onnx.<locals>.EncodersOnlyWrapper::/gear_sonic.trl.modules.base_module.BaseModule::teleop/torch.nn.modules.container.Sequential::module/torch.nn.modules.activation.SiLU::module.1 # /srv/sonic/env_isaaclab/lib/python3.11/site-packages/torch/nn/functional.py:2380:0
  %/teleop/module/module.8/Gemm_output_0 : Float(1, 64, strides=[64, 1], requires_grad=0, device=cpu) = onnx::Gemm[alpha=1., beta=1., transB=1, onnx_name="/teleop/module/module.8/Gemm"](%/teleop/module/module.1_3/Mul_output_0, %module.encoders.teleop.module.8.weight, %module.encoders.teleop.module.8.bias), scope: gear_sonic.utils.inference_helpers.export_universal_token_encoders_as_onnx.<locals>.EncodersOnlyWrapper::/gear_sonic.trl.modules.base_module.BaseModule::teleop/torch.nn.modules.container.Sequential::module/torch.nn.modules.linear.Linear::module.8 # /srv/sonic/env_isaaclab/lib/python3.11/site-packages/torch/nn/modules/linear.py:125:0
  %/teleop/Constant_output_0 : Long(3, strides=[1], requires_grad=0, device=cpu) = onnx::Constant[value=  1   2  32 [ CPULongType{3} ], onnx_name="/teleop/Constant"](), scope: gear_sonic.utils.inference_helpers.export_universal_token_encoders_as_onnx.<locals>.EncodersOnlyWrapper::/gear_sonic.trl.modules.base_module.BaseModule::teleop # /srv/sonic/GR00T-WholeBodyControl/gear_sonic/trl/modules/base_module.py:557:0
  %/teleop/Reshape_output_0 : Float(1, 2, 32, strides=[64, 32, 1], requires_grad=0, device=cpu) = onnx::Reshape[onnx_name="/teleop/Reshape"](%/teleop/module/module.8/Gemm_output_0, %/teleop/Constant_output_0), scope: gear_sonic.utils.inference_helpers.export_universal_token_encoders_as_onnx.<locals>.EncodersOnlyWrapper::/gear_sonic.trl.modules.base_module.BaseModule::teleop # /srv/sonic/GR00T-WholeBodyControl/gear_sonic/trl/modules/base_module.py:557:0
  %/quantizer_1/Constant_output_0 : Long(4, strides=[1], requires_grad=0, device=cpu) = onnx::Constant[value=  1   2   1  32 [ CPULongType{4} ], onnx_name="/quantizer_1/Constant"](), scope: gear_sonic.utils.inference_helpers.export_universal_token_encoders_as_onnx.<locals>.EncodersOnlyWrapper::/vector_quantize_pytorch.finite_scalar_quantization.FSQ::quantizer # /srv/sonic/env_isaaclab/lib/python3.11/site-packages/einops/_backends.py:96:0
  %/quantizer_1/Reshape_output_0 : Float(1, 2, 1, 32, strides=[64, 32, 32, 1], requires_grad=0, device=cpu) = onnx::Reshape[onnx_name="/quantizer_1/Reshape"](%/teleop/Reshape_output_0, %/quantizer_1/Constant_output_0), scope: gear_sonic.utils.inference_helpers.export_universal_token_encoders_as_onnx.<locals>.EncodersOnlyWrapper::/vector_quantize_pytorch.finite_scalar_quantization.FSQ::quantizer # /srv/sonic/env_isaaclab/lib/python3.11/site-packages/einops/_backends.py:96:0
  %/quantizer_1/Constant_1_output_0 : Float(32, strides=[1], requires_grad=0, device=cpu) = onnx::Constant[value=<Tensor>, onnx_name="/quantizer_1/Constant_1"](), scope: gear_sonic.utils.inference_helpers.export_universal_token_encoders_as_onnx.<locals>.EncodersOnlyWrapper::/vector_quantize_pytorch.finite_scalar_quantization.FSQ::quantizer # /srv/sonic/env_isaaclab/lib/python3.11/site-packages/vector_quantize_pytorch/finite_scalar_quantization.py:155:0
  %/quantizer_1/Add_output_0 : Float(1, 2, 1, 32, strides=[64, 32, 32, 1], requires_grad=0, device=cpu) = onnx::Add[onnx_name="/quantizer_1/Add"](%/quantizer_1/Reshape_output_0, %/quantizer_1/Constant_1_output_0), scope: gear_sonic.utils.inference_helpers.export_universal_token_encoders_as_onnx.<locals>.EncodersOnlyWrapper::/vector_quantize_pytorch.finite_scalar_quantization.FSQ::quantizer # /srv/sonic/env_isaaclab/lib/python3.11/site-packages/vector_quantize_pytorch/finite_scalar_quantization.py:155:0
  %/quantizer_1/Tanh_output_0 : Float(1, 2, 1, 32, strides=[64, 32, 32, 1], requires_grad=0, device=cpu) = onnx::Tanh[onnx_name="/quantizer_1/Tanh"](%/quantizer_1/Add_output_0), scope: gear_sonic.utils.inference_helpers.export_universal_token_encoders_as_onnx.<locals>.EncodersOnlyWrapper::/vector_quantize_pytorch.finite_scalar_quantization.FSQ::quantizer # /srv/sonic/env_isaaclab/lib/python3.11/site-packages/vector_quantize_pytorch/finite_scalar_quantization.py:155:0
  %/quantizer_1/Constant_2_output_0 : Float(32, strides=[1], requires_grad=0, device=cpu) = onnx::Constant[value=<Tensor>, onnx_name="/quantizer_1/Constant_2"](), scope: gear_sonic.utils.inference_helpers.export_universal_token_encoders_as_onnx.<locals>.EncodersOnlyWrapper::/vector_quantize_pytorch.finite_scalar_quantization.FSQ::quantizer # /srv/sonic/env_isaaclab/lib/python3.11/site-packages/vector_quantize_pytorch/finite_scalar_quantization.py:155:0
  %/quantizer_1/Mul_output_0 : Float(1, 2, 1, 32, strides=[64, 32, 32, 1], requires_grad=0, device=cpu) = onnx::Mul[onnx_name="/quantizer_1/Mul"](%/quantizer_1/Tanh_output_0, %/quantizer_1/Constant_2_output_0), scope: gear_sonic.utils.inference_helpers.export_universal_token_encoders_as_onnx.<locals>.EncodersOnlyWrapper::/vector_quantize_pytorch.finite_scalar_quantization.FSQ::quantizer # /srv/sonic/env_isaaclab/lib/python3.11/site-packages/vector_quantize_pytorch/finite_scalar_quantization.py:155:0
  %/quantizer_1/Constant_3_output_0 : Float(32, strides=[1], requires_grad=0, device=cpu) = onnx::Constant[value=<Tensor>, onnx_name="/quantizer_1/Constant_3"](), scope: gear_sonic.utils.inference_helpers.export_universal_token_encoders_as_onnx.<locals>.EncodersOnlyWrapper::/vector_quantize_pytorch.finite_scalar_quantization.FSQ::quantizer # /srv/sonic/env_isaaclab/lib/python3.11/site-packages/vector_quantize_pytorch/finite_scalar_quantization.py:155:0
  %/quantizer_1/Sub_output_0 : Float(1, 2, 1, 32, strides=[64, 32, 32, 1], requires_grad=0, device=cpu) = onnx::Sub[onnx_name="/quantizer_1/Sub"](%/quantizer_1/Mul_output_0, %/quantizer_1/Constant_3_output_0), scope: gear_sonic.utils.inference_helpers.export_universal_token_encoders_as_onnx.<locals>.EncodersOnlyWrapper::/vector_quantize_pytorch.finite_scalar_quantization.FSQ::quantizer # /srv/sonic/env_isaaclab/lib/python3.11/site-packages/vector_quantize_pytorch/finite_scalar_quantization.py:155:0
  %/quantizer_1/Round_output_0 : Float(1, 2, 1, 32, strides=[64, 32, 32, 1], requires_grad=0, device=cpu) = onnx::Round[onnx_name="/quantizer_1/Round"](%/quantizer_1/Sub_output_0), scope: gear_sonic.utils.inference_helpers.export_universal_token_encoders_as_onnx.<locals>.EncodersOnlyWrapper::/vector_quantize_pytorch.finite_scalar_quantization.FSQ::quantizer # /srv/sonic/env_isaaclab/lib/python3.11/site-packages/vector_quantize_pytorch/finite_scalar_quantization.py:54:0
  %/quantizer_1/Sub_1_output_0 : Float(1, 2, 1, 32, strides=[64, 32, 32, 1], requires_grad=0, device=cpu) = onnx::Sub[onnx_name="/quantizer_1/Sub_1"](%/quantizer_1/Round_output_0, %/quantizer_1/Sub_output_0), scope: gear_sonic.utils.inference_helpers.export_universal_token_encoders_as_onnx.<locals>.EncodersOnlyWrapper::/vector_quantize_pytorch.finite_scalar_quantization.FSQ::quantizer # /srv/sonic/env_isaaclab/lib/python3.11/site-packages/vector_quantize_pytorch/finite_scalar_quantization.py:55:0
  %/quantizer_1/Add_1_output_0 : Float(1, 2, 1, 32, strides=[64, 32, 32, 1], requires_grad=0, device=cpu) = onnx::Add[onnx_name="/quantizer_1/Add_1"](%/quantizer_1/Sub_output_0, %/quantizer_1/Sub_1_output_0), scope: gear_sonic.utils.inference_helpers.export_universal_token_encoders_as_onnx.<locals>.EncodersOnlyWrapper::/vector_quantize_pytorch.finite_scalar_quantization.FSQ::quantizer # /srv/sonic/env_isaaclab/lib/python3.11/site-packages/vector_quantize_pytorch/finite_scalar_quantization.py:55:0
  %/quantizer_1/Constant_4_output_0 : Float(32, strides=[1], requires_grad=0, device=cpu) = onnx::Constant[value=<Tensor>, onnx_name="/quantizer_1/Constant_4"](), scope: gear_sonic.utils.inference_helpers.export_universal_token_encoders_as_onnx.<locals>.EncodersOnlyWrapper::/vector_quantize_pytorch.finite_scalar_quantization.FSQ::quantizer # /srv/sonic/env_isaaclab/lib/python3.11/site-packages/vector_quantize_pytorch/finite_scalar_quantization.py:157:0
  %/quantizer_1/Div_output_0 : Float(1, 2, 1, 32, strides=[64, 32, 32, 1], requires_grad=0, device=cpu) = onnx::Div[onnx_name="/quantizer_1/Div"](%/quantizer_1/Add_1_output_0, %/quantizer_1/Constant_4_output_0), scope: gear_sonic.utils.inference_helpers.export_universal_token_encoders_as_onnx.<locals>.EncodersOnlyWrapper::/vector_quantize_pytorch.finite_scalar_quantization.FSQ::quantizer # /srv/sonic/env_isaaclab/lib/python3.11/site-packages/vector_quantize_pytorch/finite_scalar_quantization.py:157:0
  %/quantizer_1/Constant_5_output_0 : Long(3, strides=[1], requires_grad=0, device=cpu) = onnx::Constant[value=  1   2  32 [ CPULongType{3} ], onnx_name="/quantizer_1/Constant_5"](), scope: gear_sonic.utils.inference_helpers.export_universal_token_encoders_as_onnx.<locals>.EncodersOnlyWrapper::/vector_quantize_pytorch.finite_scalar_quantization.FSQ::quantizer # /srv/sonic/env_isaaclab/lib/python3.11/site-packages/einops/_backends.py:96:0
  %/quantizer_1/Reshape_1_output_0 : Float(1, 2, 32, strides=[64, 32, 1], requires_grad=0, device=cpu) = onnx::Reshape[onnx_name="/quantizer_1/Reshape_1"](%/quantizer_1/Div_output_0, %/quantizer_1/Constant_5_output_0), scope: gear_sonic.utils.inference_helpers.export_universal_token_encoders_as_onnx.<locals>.EncodersOnlyWrapper::/vector_quantize_pytorch.finite_scalar_quantization.FSQ::quantizer # /srv/sonic/env_isaaclab/lib/python3.11/site-packages/einops/_backends.py:96:0
  %/quantizer_1/Cast_output_0 : Float(1, 2, 32, strides=[64, 32, 1], requires_grad=0, device=cpu) = onnx::Cast[to=1, onnx_name="/quantizer_1/Cast"](%/quantizer_1/Reshape_1_output_0), scope: gear_sonic.utils.inference_helpers.export_universal_token_encoders_as_onnx.<locals>.EncodersOnlyWrapper::/vector_quantize_pytorch.finite_scalar_quantization.FSQ::quantizer # /srv/sonic/env_isaaclab/lib/python3.11/site-packages/vector_quantize_pytorch/finite_scalar_quantization.py:301:0
  %/Concat_4_output_0 : Float(1, 1, 10, 84, strides=[840, 840, 84, 1], requires_grad=0, device=cpu) = onnx::Concat[axis=-1, onnx_name="/Concat_4"](%/Reshape_7_output_0, %/Reshape_8_output_0, %/Reshape_9_output_0), scope: gear_sonic.utils.inference_helpers.export_universal_token_encoders_as_onnx.<locals>.EncodersOnlyWrapper:: # /srv/sonic/GR00T-WholeBodyControl/gear_sonic/trl/modules/universal_token_modules.py:635:0
  %/Constant_63_output_0 : Long(3, strides=[1], requires_grad=0, device=cpu) = onnx::Constant[value= -1  10  84 [ CPULongType{3} ], onnx_name="/Constant_63"](), scope: gear_sonic.utils.inference_helpers.export_universal_token_encoders_as_onnx.<locals>.EncodersOnlyWrapper:: # /srv/sonic/GR00T-WholeBodyControl/gear_sonic/trl/modules/universal_token_modules.py:638:0
  %/Reshape_12_output_0 : Float(1, 10, 84, strides=[840, 84, 1], requires_grad=0, device=cpu) = onnx::Reshape[onnx_name="/Reshape_12"](%/Concat_4_output_0, %/Constant_63_output_0), scope: gear_sonic.utils.inference_helpers.export_universal_token_encoders_as_onnx.<locals>.EncodersOnlyWrapper:: # /srv/sonic/GR00T-WholeBodyControl/gear_sonic/trl/modules/universal_token_modules.py:638:0
  %/smpl/Constant_output_0 : Long(2, strides=[1], requires_grad=0, device=cpu) = onnx::Constant[value=   1  840 [ CPULongType{2} ], onnx_name="/smpl/Constant"](), scope: gear_sonic.utils.inference_helpers.export_universal_token_encoders_as_onnx.<locals>.EncodersOnlyWrapper::/gear_sonic.trl.modules.base_module.BaseModule::smpl # /srv/sonic/GR00T-WholeBodyControl/gear_sonic/trl/modules/base_module.py:554:0
  %/smpl/Reshape_output_0 : Float(1, 840, strides=[840, 1], requires_grad=0, device=cpu) = onnx::Reshape[onnx_name="/smpl/Reshape"](%/Reshape_12_output_0, %/smpl/Constant_output_0), scope: gear_sonic.utils.inference_helpers.export_universal_token_encoders_as_onnx.<locals>.EncodersOnlyWrapper::/gear_sonic.trl.modules.base_module.BaseModule::smpl # /srv/sonic/GR00T-WholeBodyControl/gear_sonic/trl/modules/base_module.py:554:0
  %/smpl/module/module.0/Gemm_output_0 : Float(1, 2048, strides=[2048, 1], requires_grad=0, device=cpu) = onnx::Gemm[alpha=1., beta=1., transB=1, onnx_name="/smpl/module/module.0/Gemm"](%/smpl/Reshape_output_0, %module.encoders.smpl.module.0.weight, %module.encoders.smpl.module.0.bias), scope: gear_sonic.utils.inference_helpers.export_universal_token_encoders_as_onnx.<locals>.EncodersOnlyWrapper::/gear_sonic.trl.modules.base_module.BaseModule::smpl/torch.nn.modules.container.Sequential::module/torch.nn.modules.linear.Linear::module.0 # /srv/sonic/env_isaaclab/lib/python3.11/site-packages/torch/nn/modules/linear.py:125:0
  %/smpl/module/module.1/Sigmoid_output_0 : Float(1, 2048, strides=[2048, 1], device=cpu) = onnx::Sigmoid[onnx_name="/smpl/module/module.1/Sigmoid"](%/smpl/module/module.0/Gemm_output_0), scope: gear_sonic.utils.inference_helpers.export_universal_token_encoders_as_onnx.<locals>.EncodersOnlyWrapper::/gear_sonic.trl.modules.base_module.BaseModule::smpl/torch.nn.modules.container.Sequential::module/torch.nn.modules.activation.SiLU::module.1 # /srv/sonic/env_isaaclab/lib/python3.11/site-packages/torch/nn/functional.py:2380:0
  %/smpl/module/module.1/Mul_output_0 : Float(1, 2048, strides=[2048, 1], requires_grad=0, device=cpu) = onnx::Mul[onnx_name="/smpl/module/module.1/Mul"](%/smpl/module/module.0/Gemm_output_0, %/smpl/module/module.1/Sigmoid_output_0), scope: gear_sonic.utils.inference_helpers.export_universal_token_encoders_as_onnx.<locals>.EncodersOnlyWrapper::/gear_sonic.trl.modules.base_module.BaseModule::smpl/torch.nn.modules.container.Sequential::module/torch.nn.modules.activation.SiLU::module.1 # /srv/sonic/env_isaaclab/lib/python3.11/site-packages/torch/nn/functional.py:2380:0
  %/smpl/module/module.2/Gemm_output_0 : Float(1, 1024, strides=[1024, 1], requires_grad=0, device=cpu) = onnx::Gemm[alpha=1., beta=1., transB=1, onnx_name="/smpl/module/module.2/Gemm"](%/smpl/module/module.1/Mul_output_0, %module.encoders.smpl.module.2.weight, %module.encoders.smpl.module.2.bias), scope: gear_sonic.utils.inference_helpers.export_universal_token_encoders_as_onnx.<locals>.EncodersOnlyWrapper::/gear_sonic.trl.modules.base_module.BaseModule::smpl/torch.nn.modules.container.Sequential::module/torch.nn.modules.linear.Linear::module.2 # /srv/sonic/env_isaaclab/lib/python3.11/site-packages/torch/nn/modules/linear.py:125:0
  %/smpl/module/module.1_1/Sigmoid_output_0 : Float(1, 1024, strides=[1024, 1], device=cpu) = onnx::Sigmoid[onnx_name="/smpl/module/module.1_1/Sigmoid"](%/smpl/module/module.2/Gemm_output_0), scope: gear_sonic.utils.inference_helpers.export_universal_token_encoders_as_onnx.<locals>.EncodersOnlyWrapper::/gear_sonic.trl.modules.base_module.BaseModule::smpl/torch.nn.modules.container.Sequential::module/torch.nn.modules.activation.SiLU::module.1 # /srv/sonic/env_isaaclab/lib/python3.11/site-packages/torch/nn/functional.py:2380:0
  %/smpl/module/module.1_1/Mul_output_0 : Float(1, 1024, strides=[1024, 1], requires_grad=0, device=cpu) = onnx::Mul[onnx_name="/smpl/module/module.1_1/Mul"](%/smpl/module/module.2/Gemm_output_0, %/smpl/module/module.1_1/Sigmoid_output_0), scope: gear_sonic.utils.inference_helpers.export_universal_token_encoders_as_onnx.<locals>.EncodersOnlyWrapper::/gear_sonic.trl.modules.base_module.BaseModule::smpl/torch.nn.modules.container.Sequential::module/torch.nn.modules.activation.SiLU::module.1 # /srv/sonic/env_isaaclab/lib/python3.11/site-packages/torch/nn/functional.py:2380:0
  %/smpl/module/module.4/Gemm_output_0 : Float(1, 512, strides=[512, 1], requires_grad=0, device=cpu) = onnx::Gemm[alpha=1., beta=1., transB=1, onnx_name="/smpl/module/module.4/Gemm"](%/smpl/module/module.1_1/Mul_output_0, %module.encoders.smpl.module.4.weight, %module.encoders.smpl.module.4.bias), scope: gear_sonic.utils.inference_helpers.export_universal_token_encoders_as_onnx.<locals>.EncodersOnlyWrapper::/gear_sonic.trl.modules.base_module.BaseModule::smpl/torch.nn.modules.container.Sequential::module/torch.nn.modules.linear.Linear::module.4 # /srv/sonic/env_isaaclab/lib/python3.11/site-packages/torch/nn/modules/linear.py:125:0
  %/smpl/module/module.1_2/Sigmoid_output_0 : Float(1, 512, strides=[512, 1], device=cpu) = onnx::Sigmoid[onnx_name="/smpl/module/module.1_2/Sigmoid"](%/smpl/module/module.4/Gemm_output_0), scope: gear_sonic.utils.inference_helpers.export_universal_token_encoders_as_onnx.<locals>.EncodersOnlyWrapper::/gear_sonic.trl.modules.base_module.BaseModule::smpl/torch.nn.modules.container.Sequential::module/torch.nn.modules.activation.SiLU::module.1 # /srv/sonic/env_isaaclab/lib/python3.11/site-packages/torch/nn/functional.py:2380:0
  %/smpl/module/module.1_2/Mul_output_0 : Float(1, 512, strides=[512, 1], requires_grad=0, device=cpu) = onnx::Mul[onnx_name="/smpl/module/module.1_2/Mul"](%/smpl/module/module.4/Gemm_output_0, %/smpl/module/module.1_2/Sigmoid_output_0), scope: gear_sonic.utils.inference_helpers.export_universal_token_encoders_as_onnx.<locals>.EncodersOnlyWrapper::/gear_sonic.trl.modules.base_module.BaseModule::smpl/torch.nn.modules.container.Sequential::module/torch.nn.modules.activation.SiLU::module.1 # /srv/sonic/env_isaaclab/lib/python3.11/site-packages/torch/nn/functional.py:2380:0
  %/smpl/module/module.6/Gemm_output_0 : Float(1, 512, strides=[512, 1], requires_grad=0, device=cpu) = onnx::Gemm[alpha=1., beta=1., transB=1, onnx_name="/smpl/module/module.6/Gemm"](%/smpl/module/module.1_2/Mul_output_0, %module.encoders.smpl.module.6.weight, %module.encoders.smpl.module.6.bias), scope: gear_sonic.utils.inference_helpers.export_universal_token_encoders_as_onnx.<locals>.EncodersOnlyWrapper::/gear_sonic.trl.modules.base_module.BaseModule::smpl/torch.nn.modules.container.Sequential::module/torch.nn.modules.linear.Linear::module.6 # /srv/sonic/env_isaaclab/lib/python3.11/site-packages/torch/nn/modules/linear.py:125:0
  %/smpl/module/module.1_3/Sigmoid_output_0 : Float(1, 512, strides=[512, 1], device=cpu) = onnx::Sigmoid[onnx_name="/smpl/module/module.1_3/Sigmoid"](%/smpl/module/module.6/Gemm_output_0), scope: gear_sonic.utils.inference_helpers.export_universal_token_encoders_as_onnx.<locals>.EncodersOnlyWrapper::/gear_sonic.trl.modules.base_module.BaseModule::smpl/torch.nn.modules.container.Sequential::module/torch.nn.modules.activation.SiLU::module.1 # /srv/sonic/env_isaaclab/lib/python3.11/site-packages/torch/nn/functional.py:2380:0
  %/smpl/module/module.1_3/Mul_output_0 : Float(1, 512, strides=[512, 1], requires_grad=0, device=cpu) = onnx::Mul[onnx_name="/smpl/module/module.1_3/Mul"](%/smpl/module/module.6/Gemm_output_0, %/smpl/module/module.1_3/Sigmoid_output_0), scope: gear_sonic.utils.inference_helpers.export_universal_token_encoders_as_onnx.<locals>.EncodersOnlyWrapper::/gear_sonic.trl.modules.base_module.BaseModule::smpl/torch.nn.modules.container.Sequential::module/torch.nn.modules.activation.SiLU::module.1 # /srv/sonic/env_isaaclab/lib/python3.11/site-packages/torch/nn/functional.py:2380:0
  %/smpl/module/module.8/Gemm_output_0 : Float(1, 64, strides=[64, 1], requires_grad=0, device=cpu) = onnx::Gemm[alpha=1., beta=1., transB=1, onnx_name="/smpl/module/module.8/Gemm"](%/smpl/module/module.1_3/Mul_output_0, %module.encoders.smpl.module.8.weight, %module.encoders.smpl.module.8.bias), scope: gear_sonic.utils.inference_helpers.export_universal_token_encoders_as_onnx.<locals>.EncodersOnlyWrapper::/gear_sonic.trl.modules.base_module.BaseModule::smpl/torch.nn.modules.container.Sequential::module/torch.nn.modules.linear.Linear::module.8 # /srv/sonic/env_isaaclab/lib/python3.11/site-packages/torch/nn/modules/linear.py:125:0
  %/smpl/Constant_1_output_0 : Long(3, strides=[1], requires_grad=0, device=cpu) = onnx::Constant[value=  1   2  32 [ CPULongType{3} ], onnx_name="/smpl/Constant_1"](), scope: gear_sonic.utils.inference_helpers.export_universal_token_encoders_as_onnx.<locals>.EncodersOnlyWrapper::/gear_sonic.trl.modules.base_module.BaseModule::smpl # /srv/sonic/GR00T-WholeBodyControl/gear_sonic/trl/modules/base_module.py:557:0
  %/smpl/Reshape_1_output_0 : Float(1, 2, 32, strides=[64, 32, 1], requires_grad=0, device=cpu) = onnx::Reshape[onnx_name="/smpl/Reshape_1"](%/smpl/module/module.8/Gemm_output_0, %/smpl/Constant_1_output_0), scope: gear_sonic.utils.inference_helpers.export_universal_token_encoders_as_onnx.<locals>.EncodersOnlyWrapper::/gear_sonic.trl.modules.base_module.BaseModule::smpl # /srv/sonic/GR00T-WholeBodyControl/gear_sonic/trl/modules/base_module.py:557:0
  %/quantizer_2/Constant_output_0 : Long(4, strides=[1], requires_grad=0, device=cpu) = onnx::Constant[value=  1   2   1  32 [ CPULongType{4} ], onnx_name="/quantizer_2/Constant"](), scope: gear_sonic.utils.inference_helpers.export_universal_token_encoders_as_onnx.<locals>.EncodersOnlyWrapper::/vector_quantize_pytorch.finite_scalar_quantization.FSQ::quantizer # /srv/sonic/env_isaaclab/lib/python3.11/site-packages/einops/_backends.py:96:0
  %/quantizer_2/Reshape_output_0 : Float(1, 2, 1, 32, strides=[64, 32, 32, 1], requires_grad=0, device=cpu) = onnx::Reshape[onnx_name="/quantizer_2/Reshape"](%/smpl/Reshape_1_output_0, %/quantizer_2/Constant_output_0), scope: gear_sonic.utils.inference_helpers.export_universal_token_encoders_as_onnx.<locals>.EncodersOnlyWrapper::/vector_quantize_pytorch.finite_scalar_quantization.FSQ::quantizer # /srv/sonic/env_isaaclab/lib/python3.11/site-packages/einops/_backends.py:96:0
  %/quantizer_2/Constant_1_output_0 : Float(32, strides=[1], requires_grad=0, device=cpu) = onnx::Constant[value=<Tensor>, onnx_name="/quantizer_2/Constant_1"](), scope: gear_sonic.utils.inference_helpers.export_universal_token_encoders_as_onnx.<locals>.EncodersOnlyWrapper::/vector_quantize_pytorch.finite_scalar_quantization.FSQ::quantizer # /srv/sonic/env_isaaclab/lib/python3.11/site-packages/vector_quantize_pytorch/finite_scalar_quantization.py:155:0
  %/quantizer_2/Add_output_0 : Float(1, 2, 1, 32, strides=[64, 32, 32, 1], requires_grad=0, device=cpu) = onnx::Add[onnx_name="/quantizer_2/Add"](%/quantizer_2/Reshape_output_0, %/quantizer_2/Constant_1_output_0), scope: gear_sonic.utils.inference_helpers.export_universal_token_encoders_as_onnx.<locals>.EncodersOnlyWrapper::/vector_quantize_pytorch.finite_scalar_quantization.FSQ::quantizer # /srv/sonic/env_isaaclab/lib/python3.11/site-packages/vector_quantize_pytorch/finite_scalar_quantization.py:155:0
  %/quantizer_2/Tanh_output_0 : Float(1, 2, 1, 32, strides=[64, 32, 32, 1], requires_grad=0, device=cpu) = onnx::Tanh[onnx_name="/quantizer_2/Tanh"](%/quantizer_2/Add_output_0), scope: gear_sonic.utils.inference_helpers.export_universal_token_encoders_as_onnx.<locals>.EncodersOnlyWrapper::/vector_quantize_pytorch.finite_scalar_quantization.FSQ::quantizer # /srv/sonic/env_isaaclab/lib/python3.11/site-packages/vector_quantize_pytorch/finite_scalar_quantization.py:155:0
  %/quantizer_2/Constant_2_output_0 : Float(32, strides=[1], requires_grad=0, device=cpu) = onnx::Constant[value=<Tensor>, onnx_name="/quantizer_2/Constant_2"](), scope: gear_sonic.utils.inference_helpers.export_universal_token_encoders_as_onnx.<locals>.EncodersOnlyWrapper::/vector_quantize_pytorch.finite_scalar_quantization.FSQ::quantizer # /srv/sonic/env_isaaclab/lib/python3.11/site-packages/vector_quantize_pytorch/finite_scalar_quantization.py:155:0
  %/quantizer_2/Mul_output_0 : Float(1, 2, 1, 32, strides=[64, 32, 32, 1], requires_grad=0, device=cpu) = onnx::Mul[onnx_name="/quantizer_2/Mul"](%/quantizer_2/Tanh_output_0, %/quantizer_2/Constant_2_output_0), scope: gear_sonic.utils.inference_helpers.export_universal_token_encoders_as_onnx.<locals>.EncodersOnlyWrapper::/vector_quantize_pytorch.finite_scalar_quantization.FSQ::quantizer # /srv/sonic/env_isaaclab/lib/python3.11/site-packages/vector_quantize_pytorch/finite_scalar_quantization.py:155:0
  %/quantizer_2/Constant_3_output_0 : Float(32, strides=[1], requires_grad=0, device=cpu) = onnx::Constant[value=<Tensor>, onnx_name="/quantizer_2/Constant_3"](), scope: gear_sonic.utils.inference_helpers.export_universal_token_encoders_as_onnx.<locals>.EncodersOnlyWrapper::/vector_quantize_pytorch.finite_scalar_quantization.FSQ::quantizer # /srv/sonic/env_isaaclab/lib/python3.11/site-packages/vector_quantize_pytorch/finite_scalar_quantization.py:155:0
  %/quantizer_2/Sub_output_0 : Float(1, 2, 1, 32, strides=[64, 32, 32, 1], requires_grad=0, device=cpu) = onnx::Sub[onnx_name="/quantizer_2/Sub"](%/quantizer_2/Mul_output_0, %/quantizer_2/Constant_3_output_0), scope: gear_sonic.utils.inference_helpers.export_universal_token_encoders_as_onnx.<locals>.EncodersOnlyWrapper::/vector_quantize_pytorch.finite_scalar_quantization.FSQ::quantizer # /srv/sonic/env_isaaclab/lib/python3.11/site-packages/vector_quantize_pytorch/finite_scalar_quantization.py:155:0
  %/quantizer_2/Round_output_0 : Float(1, 2, 1, 32, strides=[64, 32, 32, 1], requires_grad=0, device=cpu) = onnx::Round[onnx_name="/quantizer_2/Round"](%/quantizer_2/Sub_output_0), scope: gear_sonic.utils.inference_helpers.export_universal_token_encoders_as_onnx.<locals>.EncodersOnlyWrapper::/vector_quantize_pytorch.finite_scalar_quantization.FSQ::quantizer # /srv/sonic/env_isaaclab/lib/python3.11/site-packages/vector_quantize_pytorch/finite_scalar_quantization.py:54:0
  %/quantizer_2/Sub_1_output_0 : Float(1, 2, 1, 32, strides=[64, 32, 32, 1], requires_grad=0, device=cpu) = onnx::Sub[onnx_name="/quantizer_2/Sub_1"](%/quantizer_2/Round_output_0, %/quantizer_2/Sub_output_0), scope: gear_sonic.utils.inference_helpers.export_universal_token_encoders_as_onnx.<locals>.EncodersOnlyWrapper::/vector_quantize_pytorch.finite_scalar_quantization.FSQ::quantizer # /srv/sonic/env_isaaclab/lib/python3.11/site-packages/vector_quantize_pytorch/finite_scalar_quantization.py:55:0
  %/quantizer_2/Add_1_output_0 : Float(1, 2, 1, 32, strides=[64, 32, 32, 1], requires_grad=0, device=cpu) = onnx::Add[onnx_name="/quantizer_2/Add_1"](%/quantizer_2/Sub_output_0, %/quantizer_2/Sub_1_output_0), scope: gear_sonic.utils.inference_helpers.export_universal_token_encoders_as_onnx.<locals>.EncodersOnlyWrapper::/vector_quantize_pytorch.finite_scalar_quantization.FSQ::quantizer # /srv/sonic/env_isaaclab/lib/python3.11/site-packages/vector_quantize_pytorch/finite_scalar_quantization.py:55:0
  %/quantizer_2/Constant_4_output_0 : Float(32, strides=[1], requires_grad=0, device=cpu) = onnx::Constant[value=<Tensor>, onnx_name="/quantizer_2/Constant_4"](), scope: gear_sonic.utils.inference_helpers.export_universal_token_encoders_as_onnx.<locals>.EncodersOnlyWrapper::/vector_quantize_pytorch.finite_scalar_quantization.FSQ::quantizer # /srv/sonic/env_isaaclab/lib/python3.11/site-packages/vector_quantize_pytorch/finite_scalar_quantization.py:157:0
  %/quantizer_2/Div_output_0 : Float(1, 2, 1, 32, strides=[64, 32, 32, 1], requires_grad=0, device=cpu) = onnx::Div[onnx_name="/quantizer_2/Div"](%/quantizer_2/Add_1_output_0, %/quantizer_2/Constant_4_output_0), scope: gear_sonic.utils.inference_helpers.export_universal_token_encoders_as_onnx.<locals>.EncodersOnlyWrapper::/vector_quantize_pytorch.finite_scalar_quantization.FSQ::quantizer # /srv/sonic/env_isaaclab/lib/python3.11/site-packages/vector_quantize_pytorch/finite_scalar_quantization.py:157:0
  %/quantizer_2/Constant_5_output_0 : Long(3, strides=[1], requires_grad=0, device=cpu) = onnx::Constant[value=  1   2  32 [ CPULongType{3} ], onnx_name="/quantizer_2/Constant_5"](), scope: gear_sonic.utils.inference_helpers.export_universal_token_encoders_as_onnx.<locals>.EncodersOnlyWrapper::/vector_quantize_pytorch.finite_scalar_quantization.FSQ::quantizer # /srv/sonic/env_isaaclab/lib/python3.11/site-packages/einops/_backends.py:96:0
  %/quantizer_2/Reshape_1_output_0 : Float(1, 2, 32, strides=[64, 32, 1], requires_grad=0, device=cpu) = onnx::Reshape[onnx_name="/quantizer_2/Reshape_1"](%/quantizer_2/Div_output_0, %/quantizer_2/Constant_5_output_0), scope: gear_sonic.utils.inference_helpers.export_universal_token_encoders_as_onnx.<locals>.EncodersOnlyWrapper::/vector_quantize_pytorch.finite_scalar_quantization.FSQ::quantizer # /srv/sonic/env_isaaclab/lib/python3.11/site-packages/einops/_backends.py:96:0
  %/quantizer_2/Cast_output_0 : Float(1, 2, 32, strides=[64, 32, 1], requires_grad=0, device=cpu) = onnx::Cast[to=1, onnx_name="/quantizer_2/Cast"](%/quantizer_2/Reshape_1_output_0), scope: gear_sonic.utils.inference_helpers.export_universal_token_encoders_as_onnx.<locals>.EncodersOnlyWrapper::/vector_quantize_pytorch.finite_scalar_quantization.FSQ::quantizer # /srv/sonic/env_isaaclab/lib/python3.11/site-packages/vector_quantize_pytorch/finite_scalar_quantization.py:301:0
  %/Constant_64_output_0 : Long(1, strides=[1], device=cpu) = onnx::Constant[value={0}, onnx_name="/Constant_64"](), scope: gear_sonic.utils.inference_helpers.export_universal_token_encoders_as_onnx.<locals>.EncodersOnlyWrapper:: # /srv/sonic/GR00T-WholeBodyControl/gear_sonic/utils/inference_helpers.py:297:0
  %/Unsqueeze_3_output_0 : Float(1, 1, 2, 32, strides=[64, 64, 32, 1], device=cpu) = onnx::Unsqueeze[onnx_name="/Unsqueeze_3"](%/quantizer/Cast_output_0, %/Constant_64_output_0), scope: gear_sonic.utils.inference_helpers.export_universal_token_encoders_as_onnx.<locals>.EncodersOnlyWrapper:: # /srv/sonic/GR00T-WholeBodyControl/gear_sonic/utils/inference_helpers.py:297:0
  %/Constant_65_output_0 : Long(1, strides=[1], device=cpu) = onnx::Constant[value={0}, onnx_name="/Constant_65"](), scope: gear_sonic.utils.inference_helpers.export_universal_token_encoders_as_onnx.<locals>.EncodersOnlyWrapper:: # /srv/sonic/GR00T-WholeBodyControl/gear_sonic/utils/inference_helpers.py:297:0
  %/Unsqueeze_4_output_0 : Float(1, 1, 2, 32, strides=[64, 64, 32, 1], device=cpu) = onnx::Unsqueeze[onnx_name="/Unsqueeze_4"](%/quantizer_1/Cast_output_0, %/Constant_65_output_0), scope: gear_sonic.utils.inference_helpers.export_universal_token_encoders_as_onnx.<locals>.EncodersOnlyWrapper:: # /srv/sonic/GR00T-WholeBodyControl/gear_sonic/utils/inference_helpers.py:297:0
  %/Constant_66_output_0 : Long(1, strides=[1], device=cpu) = onnx::Constant[value={0}, onnx_name="/Constant_66"](), scope: gear_sonic.utils.inference_helpers.export_universal_token_encoders_as_onnx.<locals>.EncodersOnlyWrapper:: # /srv/sonic/GR00T-WholeBodyControl/gear_sonic/utils/inference_helpers.py:297:0
  %/Unsqueeze_5_output_0 : Float(1, 1, 2, 32, strides=[64, 64, 32, 1], device=cpu) = onnx::Unsqueeze[onnx_name="/Unsqueeze_5"](%/quantizer_2/Cast_output_0, %/Constant_66_output_0), scope: gear_sonic.utils.inference_helpers.export_universal_token_encoders_as_onnx.<locals>.EncodersOnlyWrapper:: # /srv/sonic/GR00T-WholeBodyControl/gear_sonic/utils/inference_helpers.py:297:0
  %/Concat_5_output_0 : Float(3, 1, 2, 32, strides=[64, 64, 32, 1], requires_grad=0, device=cpu) = onnx::Concat[axis=0, onnx_name="/Concat_5"](%/Unsqueeze_3_output_0, %/Unsqueeze_4_output_0, %/Unsqueeze_5_output_0), scope: gear_sonic.utils.inference_helpers.export_universal_token_encoders_as_onnx.<locals>.EncodersOnlyWrapper:: # /srv/sonic/GR00T-WholeBodyControl/gear_sonic/utils/inference_helpers.py:297:0
  %/Transpose_output_0 : Float(3, 1, strides=[1, 3], requires_grad=0, device=cpu) = onnx::Transpose[perm=[1, 0], onnx_name="/Transpose"](%/ScatterND_output_0), scope: gear_sonic.utils.inference_helpers.export_universal_token_encoders_as_onnx.<locals>.EncodersOnlyWrapper:: # /srv/sonic/GR00T-WholeBodyControl/gear_sonic/utils/inference_helpers.py:300:0
  %/Constant_67_output_0 : Long(1, strides=[1], device=cpu) = onnx::Constant[value={-1}, onnx_name="/Constant_67"](), scope: gear_sonic.utils.inference_helpers.export_universal_token_encoders_as_onnx.<locals>.EncodersOnlyWrapper:: # /srv/sonic/GR00T-WholeBodyControl/gear_sonic/utils/inference_helpers.py:302:0
  %/Unsqueeze_6_output_0 : Float(3, 1, 1, strides=[1, 3, 1], requires_grad=0, device=cpu) = onnx::Unsqueeze[onnx_name="/Unsqueeze_6"](%/Transpose_output_0, %/Constant_67_output_0), scope: gear_sonic.utils.inference_helpers.export_universal_token_encoders_as_onnx.<locals>.EncodersOnlyWrapper:: # /srv/sonic/GR00T-WholeBodyControl/gear_sonic/utils/inference_helpers.py:302:0
  %/Constant_68_output_0 : Long(1, strides=[1], device=cpu) = onnx::Constant[value={-1}, onnx_name="/Constant_68"](), scope: gear_sonic.utils.inference_helpers.export_universal_token_encoders_as_onnx.<locals>.EncodersOnlyWrapper:: # /srv/sonic/GR00T-WholeBodyControl/gear_sonic/utils/inference_helpers.py:302:0
  %/Unsqueeze_7_output_0 : Float(3, 1, 1, 1, strides=[1, 3, 1, 1], requires_grad=0, device=cpu) = onnx::Unsqueeze[onnx_name="/Unsqueeze_7"](%/Unsqueeze_6_output_0, %/Constant_68_output_0), scope: gear_sonic.utils.inference_helpers.export_universal_token_encoders_as_onnx.<locals>.EncodersOnlyWrapper:: # /srv/sonic/GR00T-WholeBodyControl/gear_sonic/utils/inference_helpers.py:302:0
  %/Mul_3_output_0 : Float(3, 1, 2, 32, strides=[64, 192, 32, 1], requires_grad=0, device=cpu) = onnx::Mul[onnx_name="/Mul_3"](%/Concat_5_output_0, %/Unsqueeze_7_output_0), scope: gear_sonic.utils.inference_helpers.export_universal_token_encoders_as_onnx.<locals>.EncodersOnlyWrapper:: # /srv/sonic/GR00T-WholeBodyControl/gear_sonic/utils/inference_helpers.py:304:0
  %onnx::ReduceSum_548 : Long(1, strides=[1], device=cpu) = onnx::Constant[value={0}]()
  %/ReduceSum_output_0 : Float(1, 2, 32, strides=[64, 32, 1], requires_grad=0, device=cpu) = onnx::ReduceSum[keepdims=0, onnx_name="/ReduceSum"](%/Mul_3_output_0, %onnx::ReduceSum_548), scope: gear_sonic.utils.inference_helpers.export_universal_token_encoders_as_onnx.<locals>.EncodersOnlyWrapper:: # /srv/sonic/GR00T-WholeBodyControl/gear_sonic/utils/inference_helpers.py:305:0
  %/Shape_4_output_0 : Long(3, strides=[1], device=cpu) = onnx::Shape[onnx_name="/Shape_4"](%/ReduceSum_output_0), scope: gear_sonic.utils.inference_helpers.export_universal_token_encoders_as_onnx.<locals>.EncodersOnlyWrapper:: # /srv/sonic/GR00T-WholeBodyControl/gear_sonic/utils/inference_helpers.py:306:0
  %/Constant_69_output_0 : Long(1, strides=[1], device=cpu) = onnx::Constant[value={0}, onnx_name="/Constant_69"](), scope: gear_sonic.utils.inference_helpers.export_universal_token_encoders_as_onnx.<locals>.EncodersOnlyWrapper:: # /srv/sonic/GR00T-WholeBodyControl/gear_sonic/utils/inference_helpers.py:306:0
  %/Constant_70_output_0 : Long(1, strides=[1], device=cpu) = onnx::Constant[value={0}, onnx_name="/Constant_70"](), scope: gear_sonic.utils.inference_helpers.export_universal_token_encoders_as_onnx.<locals>.EncodersOnlyWrapper:: # /srv/sonic/GR00T-WholeBodyControl/gear_sonic/utils/inference_helpers.py:306:0
  %/Constant_71_output_0 : Long(1, strides=[1], device=cpu) = onnx::Constant[value={-2}, onnx_name="/Constant_71"](), scope: gear_sonic.utils.inference_helpers.export_universal_token_encoders_as_onnx.<locals>.EncodersOnlyWrapper:: # /srv/sonic/GR00T-WholeBodyControl/gear_sonic/utils/inference_helpers.py:306:0
  %/Slice_10_output_0 : Long(1, strides=[1], device=cpu) = onnx::Slice[onnx_name="/Slice_10"](%/Shape_4_output_0, %/Constant_70_output_0, %/Constant_71_output_0, %/Constant_69_output_0), scope: gear_sonic.utils.inference_helpers.export_universal_token_encoders_as_onnx.<locals>.EncodersOnlyWrapper:: # /srv/sonic/GR00T-WholeBodyControl/gear_sonic/utils/inference_helpers.py:306:0
  %/Constant_72_output_0 : Long(1, strides=[1], requires_grad=0, device=cpu) = onnx::Constant[value={-1}, onnx_name="/Constant_72"](), scope: gear_sonic.utils.inference_helpers.export_universal_token_encoders_as_onnx.<locals>.EncodersOnlyWrapper:: # /srv/sonic/GR00T-WholeBodyControl/gear_sonic/utils/inference_helpers.py:306:0
  %/Concat_6_output_0 : Long(2, strides=[1], device=cpu) = onnx::Concat[axis=0, onnx_name="/Concat_6"](%/Slice_10_output_0, %/Constant_72_output_0), scope: gear_sonic.utils.inference_helpers.export_universal_token_encoders_as_onnx.<locals>.EncodersOnlyWrapper:: # /srv/sonic/GR00T-WholeBodyControl/gear_sonic/utils/inference_helpers.py:306:0
  %encoded_tokens : Float(1, 64, strides=[64, 1], requires_grad=0, device=cpu) = onnx::Reshape[onnx_name="/Reshape_13"](%/ReduceSum_output_0, %/Concat_6_output_0), scope: gear_sonic.utils.inference_helpers.export_universal_token_encoders_as_onnx.<locals>.EncodersOnlyWrapper:: # /srv/sonic/GR00T-WholeBodyControl/gear_sonic/utils/inference_helpers.py:306:0
  return (%encoded_tokens)

Exported graph: graph(%obs_dict : Float(1, 994, strides=[994, 1], requires_grad=0, device=cpu),
      %module.decoders.g1_dyn.module.0.bias : Float(2048, strides=[1], requires_grad=1, device=cpu),
      %module.decoders.g1_dyn.module.2.bias : Float(2048, strides=[1], requires_grad=1, device=cpu),
      %module.decoders.g1_dyn.module.4.bias : Float(1024, strides=[1], requires_grad=1, device=cpu),
      %module.decoders.g1_dyn.module.6.bias : Float(1024, strides=[1], requires_grad=1, device=cpu),
      %module.decoders.g1_dyn.module.8.bias : Float(512, strides=[1], requires_grad=1, device=cpu),
      %module.decoders.g1_dyn.module.10.bias : Float(512, strides=[1], requires_grad=1, device=cpu),
      %module.decoders.g1_dyn.module.12.bias : Float(29, strides=[1], requires_grad=1, device=cpu),
      %onnx::MatMul_137 : Float(994, 2048, strides=[1, 994], requires_grad=0, device=cpu),
      %onnx::MatMul_138 : Float(2048, 2048, strides=[1, 2048], requires_grad=0, device=cpu),
      %onnx::MatMul_139 : Float(2048, 1024, strides=[1, 2048], requires_grad=0, device=cpu),
      %onnx::MatMul_140 : Float(1024, 1024, strides=[1, 1024], requires_grad=0, device=cpu),
      %onnx::MatMul_141 : Float(1024, 512, strides=[1, 1024], requires_grad=0, device=cpu),
      %onnx::MatMul_142 : Float(512, 512, strides=[1, 512], requires_grad=0, device=cpu),
      %onnx::MatMul_143 : Float(512, 29, strides=[1, 512], requires_grad=0, device=cpu)):
  %/Constant_output_0 : Long(1, strides=[1], requires_grad=0, device=cpu) = onnx::Constant[value={1}, onnx_name="/Constant"](), scope: gear_sonic.utils.inference_helpers.export_universal_token_decoder_as_onnx.<locals>.DecoderOnlyWrapper:: # /srv/sonic/GR00T-WholeBodyControl/gear_sonic/utils/inference_helpers.py:404:0
  %/Constant_1_output_0 : Long(1, strides=[1], requires_grad=0, device=cpu) = onnx::Constant[value={0}, onnx_name="/Constant_1"](), scope: gear_sonic.utils.inference_helpers.export_universal_token_decoder_as_onnx.<locals>.DecoderOnlyWrapper:: # /srv/sonic/GR00T-WholeBodyControl/gear_sonic/utils/inference_helpers.py:404:0
  %/Constant_2_output_0 : Long(1, strides=[1], requires_grad=0, device=cpu) = onnx::Constant[value={64}, onnx_name="/Constant_2"](), scope: gear_sonic.utils.inference_helpers.export_universal_token_decoder_as_onnx.<locals>.DecoderOnlyWrapper:: # /srv/sonic/GR00T-WholeBodyControl/gear_sonic/utils/inference_helpers.py:404:0
  %/Constant_3_output_0 : Long(1, strides=[1], requires_grad=0, device=cpu) = onnx::Constant[value={1}, onnx_name="/Constant_3"](), scope: gear_sonic.utils.inference_helpers.export_universal_token_decoder_as_onnx.<locals>.DecoderOnlyWrapper:: # /srv/sonic/GR00T-WholeBodyControl/gear_sonic/utils/inference_helpers.py:404:0
  %/Slice_output_0 : Float(1, 64, strides=[994, 1], requires_grad=0, device=cpu) = onnx::Slice[onnx_name="/Slice"](%obs_dict, %/Constant_1_output_0, %/Constant_2_output_0, %/Constant_output_0, %/Constant_3_output_0), scope: gear_sonic.utils.inference_helpers.export_universal_token_decoder_as_onnx.<locals>.DecoderOnlyWrapper:: # /srv/sonic/GR00T-WholeBodyControl/gear_sonic/utils/inference_helpers.py:404:0
  %/Constant_4_output_0 : Long(1, strides=[1], requires_grad=0, device=cpu) = onnx::Constant[value={1}, onnx_name="/Constant_4"](), scope: gear_sonic.utils.inference_helpers.export_universal_token_decoder_as_onnx.<locals>.DecoderOnlyWrapper:: # /srv/sonic/GR00T-WholeBodyControl/gear_sonic/utils/inference_helpers.py:406:0
  %/Constant_5_output_0 : Long(1, strides=[1], requires_grad=0, device=cpu) = onnx::Constant[value={-930}, onnx_name="/Constant_5"](), scope: gear_sonic.utils.inference_helpers.export_universal_token_decoder_as_onnx.<locals>.DecoderOnlyWrapper:: # /srv/sonic/GR00T-WholeBodyControl/gear_sonic/utils/inference_helpers.py:406:0
  %/Constant_6_output_0 : Long(1, strides=[1], requires_grad=0, device=cpu) = onnx::Constant[value={9223372036854775807}, onnx_name="/Constant_6"](), scope: gear_sonic.utils.inference_helpers.export_universal_token_decoder_as_onnx.<locals>.DecoderOnlyWrapper:: # /srv/sonic/GR00T-WholeBodyControl/gear_sonic/utils/inference_helpers.py:406:0
  %/Constant_7_output_0 : Long(1, strides=[1], requires_grad=0, device=cpu) = onnx::Constant[value={1}, onnx_name="/Constant_7"](), scope: gear_sonic.utils.inference_helpers.export_universal_token_decoder_as_onnx.<locals>.DecoderOnlyWrapper:: # /srv/sonic/GR00T-WholeBodyControl/gear_sonic/utils/inference_helpers.py:406:0
  %/Slice_1_output_0 : Float(1, 930, strides=[994, 1], requires_grad=0, device=cpu) = onnx::Slice[onnx_name="/Slice_1"](%obs_dict, %/Constant_5_output_0, %/Constant_6_output_0, %/Constant_4_output_0, %/Constant_7_output_0), scope: gear_sonic.utils.inference_helpers.export_universal_token_decoder_as_onnx.<locals>.DecoderOnlyWrapper:: # /srv/sonic/GR00T-WholeBodyControl/gear_sonic/utils/inference_helpers.py:406:0
  %/Constant_8_output_0 : Long(1, strides=[1], device=cpu) = onnx::Constant[value={1}, onnx_name="/Constant_8"](), scope: gear_sonic.utils.inference_helpers.export_universal_token_decoder_as_onnx.<locals>.DecoderOnlyWrapper:: # /srv/sonic/GR00T-WholeBodyControl/gear_sonic/utils/inference_helpers.py:409:0
  %/Unsqueeze_output_0 : Float(1, 1, 64, strides=[994, 64, 1], requires_grad=0, device=cpu) = onnx::Unsqueeze[onnx_name="/Unsqueeze"](%/Slice_output_0, %/Constant_8_output_0), scope: gear_sonic.utils.inference_helpers.export_universal_token_decoder_as_onnx.<locals>.DecoderOnlyWrapper:: # /srv/sonic/GR00T-WholeBodyControl/gear_sonic/utils/inference_helpers.py:409:0
  %/Constant_9_output_0 : Long(1, strides=[1], device=cpu) = onnx::Constant[value={1}, onnx_name="/Constant_9"](), scope: gear_sonic.utils.inference_helpers.export_universal_token_decoder_as_onnx.<locals>.DecoderOnlyWrapper:: # /srv/sonic/GR00T-WholeBodyControl/gear_sonic/utils/inference_helpers.py:411:0
  %/Unsqueeze_1_output_0 : Float(1, 1, 930, strides=[994, 930, 1], requires_grad=0, device=cpu) = onnx::Unsqueeze[onnx_name="/Unsqueeze_1"](%/Slice_1_output_0, %/Constant_9_output_0), scope: gear_sonic.utils.inference_helpers.export_universal_token_decoder_as_onnx.<locals>.DecoderOnlyWrapper:: # /srv/sonic/GR00T-WholeBodyControl/gear_sonic/utils/inference_helpers.py:411:0
  %/Concat_output_0 : Float(1, 1, 994, strides=[994, 994, 1], requires_grad=0, device=cpu) = onnx::Concat[axis=-1, onnx_name="/Concat"](%/Unsqueeze_output_0, %/Unsqueeze_1_output_0), scope: gear_sonic.utils.inference_helpers.export_universal_token_decoder_as_onnx.<locals>.DecoderOnlyWrapper:: # /srv/sonic/GR00T-WholeBodyControl/gear_sonic/trl/modules/universal_token_modules.py:729:0
  %/g1_dyn/module/module.0/MatMul_output_0 : Float(1, 1, 2048, strides=[2048, 2048, 1], device=cpu) = onnx::MatMul[onnx_name="/g1_dyn/module/module.0/MatMul"](%/Concat_output_0, %onnx::MatMul_137), scope: gear_sonic.utils.inference_helpers.export_universal_token_decoder_as_onnx.<locals>.DecoderOnlyWrapper::/gear_sonic.trl.modules.base_module.BaseModule::g1_dyn/torch.nn.modules.container.Sequential::module/torch.nn.modules.linear.Linear::module.0 # /srv/sonic/env_isaaclab/lib/python3.11/site-packages/torch/nn/modules/linear.py:125:0
  %/g1_dyn/module/module.0/Add_output_0 : Float(1, 1, 2048, strides=[2048, 2048, 1], requires_grad=0, device=cpu) = onnx::Add[onnx_name="/g1_dyn/module/module.0/Add"](%module.decoders.g1_dyn.module.0.bias, %/g1_dyn/module/module.0/MatMul_output_0), scope: gear_sonic.utils.inference_helpers.export_universal_token_decoder_as_onnx.<locals>.DecoderOnlyWrapper::/gear_sonic.trl.modules.base_module.BaseModule::g1_dyn/torch.nn.modules.container.Sequential::module/torch.nn.modules.linear.Linear::module.0 # /srv/sonic/env_isaaclab/lib/python3.11/site-packages/torch/nn/modules/linear.py:125:0
  %/g1_dyn/module/module.1/Sigmoid_output_0 : Float(1, 1, 2048, strides=[2048, 2048, 1], device=cpu) = onnx::Sigmoid[onnx_name="/g1_dyn/module/module.1/Sigmoid"](%/g1_dyn/module/module.0/Add_output_0), scope: gear_sonic.utils.inference_helpers.export_universal_token_decoder_as_onnx.<locals>.DecoderOnlyWrapper::/gear_sonic.trl.modules.base_module.BaseModule::g1_dyn/torch.nn.modules.container.Sequential::module/torch.nn.modules.activation.SiLU::module.1 # /srv/sonic/env_isaaclab/lib/python3.11/site-packages/torch/nn/functional.py:2380:0
  %/g1_dyn/module/module.1/Mul_output_0 : Float(1, 1, 2048, strides=[2048, 2048, 1], requires_grad=0, device=cpu) = onnx::Mul[onnx_name="/g1_dyn/module/module.1/Mul"](%/g1_dyn/module/module.0/Add_output_0, %/g1_dyn/module/module.1/Sigmoid_output_0), scope: gear_sonic.utils.inference_helpers.export_universal_token_decoder_as_onnx.<locals>.DecoderOnlyWrapper::/gear_sonic.trl.modules.base_module.BaseModule::g1_dyn/torch.nn.modules.container.Sequential::module/torch.nn.modules.activation.SiLU::module.1 # /srv/sonic/env_isaaclab/lib/python3.11/site-packages/torch/nn/functional.py:2380:0
  %/g1_dyn/module/module.2/MatMul_output_0 : Float(1, 1, 2048, strides=[2048, 2048, 1], device=cpu) = onnx::MatMul[onnx_name="/g1_dyn/module/module.2/MatMul"](%/g1_dyn/module/module.1/Mul_output_0, %onnx::MatMul_138), scope: gear_sonic.utils.inference_helpers.export_universal_token_decoder_as_onnx.<locals>.DecoderOnlyWrapper::/gear_sonic.trl.modules.base_module.BaseModule::g1_dyn/torch.nn.modules.container.Sequential::module/torch.nn.modules.linear.Linear::module.2 # /srv/sonic/env_isaaclab/lib/python3.11/site-packages/torch/nn/modules/linear.py:125:0
  %/g1_dyn/module/module.2/Add_output_0 : Float(1, 1, 2048, strides=[2048, 2048, 1], requires_grad=0, device=cpu) = onnx::Add[onnx_name="/g1_dyn/module/module.2/Add"](%module.decoders.g1_dyn.module.2.bias, %/g1_dyn/module/module.2/MatMul_output_0), scope: gear_sonic.utils.inference_helpers.export_universal_token_decoder_as_onnx.<locals>.DecoderOnlyWrapper::/gear_sonic.trl.modules.base_module.BaseModule::g1_dyn/torch.nn.modules.container.Sequential::module/torch.nn.modules.linear.Linear::module.2 # /srv/sonic/env_isaaclab/lib/python3.11/site-packages/torch/nn/modules/linear.py:125:0
  %/g1_dyn/module/module.1_1/Sigmoid_output_0 : Float(1, 1, 2048, strides=[2048, 2048, 1], device=cpu) = onnx::Sigmoid[onnx_name="/g1_dyn/module/module.1_1/Sigmoid"](%/g1_dyn/module/module.2/Add_output_0), scope: gear_sonic.utils.inference_helpers.export_universal_token_decoder_as_onnx.<locals>.DecoderOnlyWrapper::/gear_sonic.trl.modules.base_module.BaseModule::g1_dyn/torch.nn.modules.container.Sequential::module/torch.nn.modules.activation.SiLU::module.1 # /srv/sonic/env_isaaclab/lib/python3.11/site-packages/torch/nn/functional.py:2380:0
  %/g1_dyn/module/module.1_1/Mul_output_0 : Float(1, 1, 2048, strides=[2048, 2048, 1], requires_grad=0, device=cpu) = onnx::Mul[onnx_name="/g1_dyn/module/module.1_1/Mul"](%/g1_dyn/module/module.2/Add_output_0, %/g1_dyn/module/module.1_1/Sigmoid_output_0), scope: gear_sonic.utils.inference_helpers.export_universal_token_decoder_as_onnx.<locals>.DecoderOnlyWrapper::/gear_sonic.trl.modules.base_module.BaseModule::g1_dyn/torch.nn.modules.container.Sequential::module/torch.nn.modules.activation.SiLU::module.1 # /srv/sonic/env_isaaclab/lib/python3.11/site-packages/torch/nn/functional.py:2380:0
  %/g1_dyn/module/module.4/MatMul_output_0 : Float(1, 1, 1024, strides=[1024, 1024, 1], device=cpu) = onnx::MatMul[onnx_name="/g1_dyn/module/module.4/MatMul"](%/g1_dyn/module/module.1_1/Mul_output_0, %onnx::MatMul_139), scope: gear_sonic.utils.inference_helpers.export_universal_token_decoder_as_onnx.<locals>.DecoderOnlyWrapper::/gear_sonic.trl.modules.base_module.BaseModule::g1_dyn/torch.nn.modules.container.Sequential::module/torch.nn.modules.linear.Linear::module.4 # /srv/sonic/env_isaaclab/lib/python3.11/site-packages/torch/nn/modules/linear.py:125:0
  %/g1_dyn/module/module.4/Add_output_0 : Float(1, 1, 1024, strides=[1024, 1024, 1], requires_grad=0, device=cpu) = onnx::Add[onnx_name="/g1_dyn/module/module.4/Add"](%module.decoders.g1_dyn.module.4.bias, %/g1_dyn/module/module.4/MatMul_output_0), scope: gear_sonic.utils.inference_helpers.export_universal_token_decoder_as_onnx.<locals>.DecoderOnlyWrapper::/gear_sonic.trl.modules.base_module.BaseModule::g1_dyn/torch.nn.modules.container.Sequential::module/torch.nn.modules.linear.Linear::module.4 # /srv/sonic/env_isaaclab/lib/python3.11/site-packages/torch/nn/modules/linear.py:125:0
  %/g1_dyn/module/module.1_2/Sigmoid_output_0 : Float(1, 1, 1024, strides=[1024, 1024, 1], device=cpu) = onnx::Sigmoid[onnx_name="/g1_dyn/module/module.1_2/Sigmoid"](%/g1_dyn/module/module.4/Add_output_0), scope: gear_sonic.utils.inference_helpers.export_universal_token_decoder_as_onnx.<locals>.DecoderOnlyWrapper::/gear_sonic.trl.modules.base_module.BaseModule::g1_dyn/torch.nn.modules.container.Sequential::module/torch.nn.modules.activation.SiLU::module.1 # /srv/sonic/env_isaaclab/lib/python3.11/site-packages/torch/nn/functional.py:2380:0
  %/g1_dyn/module/module.1_2/Mul_output_0 : Float(1, 1, 1024, strides=[1024, 1024, 1], requires_grad=0, device=cpu) = onnx::Mul[onnx_name="/g1_dyn/module/module.1_2/Mul"](%/g1_dyn/module/module.4/Add_output_0, %/g1_dyn/module/module.1_2/Sigmoid_output_0), scope: gear_sonic.utils.inference_helpers.export_universal_token_decoder_as_onnx.<locals>.DecoderOnlyWrapper::/gear_sonic.trl.modules.base_module.BaseModule::g1_dyn/torch.nn.modules.container.Sequential::module/torch.nn.modules.activation.SiLU::module.1 # /srv/sonic/env_isaaclab/lib/python3.11/site-packages/torch/nn/functional.py:2380:0
  %/g1_dyn/module/module.6/MatMul_output_0 : Float(1, 1, 1024, strides=[1024, 1024, 1], device=cpu) = onnx::MatMul[onnx_name="/g1_dyn/module/module.6/MatMul"](%/g1_dyn/module/module.1_2/Mul_output_0, %onnx::MatMul_140), scope: gear_sonic.utils.inference_helpers.export_universal_token_decoder_as_onnx.<locals>.DecoderOnlyWrapper::/gear_sonic.trl.modules.base_module.BaseModule::g1_dyn/torch.nn.modules.container.Sequential::module/torch.nn.modules.linear.Linear::module.6 # /srv/sonic/env_isaaclab/lib/python3.11/site-packages/torch/nn/modules/linear.py:125:0
  %/g1_dyn/module/module.6/Add_output_0 : Float(1, 1, 1024, strides=[1024, 1024, 1], requires_grad=0, device=cpu) = onnx::Add[onnx_name="/g1_dyn/module/module.6/Add"](%module.decoders.g1_dyn.module.6.bias, %/g1_dyn/module/module.6/MatMul_output_0), scope: gear_sonic.utils.inference_helpers.export_universal_token_decoder_as_onnx.<locals>.DecoderOnlyWrapper::/gear_sonic.trl.modules.base_module.BaseModule::g1_dyn/torch.nn.modules.container.Sequential::module/torch.nn.modules.linear.Linear::module.6 # /srv/sonic/env_isaaclab/lib/python3.11/site-packages/torch/nn/modules/linear.py:125:0
  %/g1_dyn/module/module.1_3/Sigmoid_output_0 : Float(1, 1, 1024, strides=[1024, 1024, 1], device=cpu) = onnx::Sigmoid[onnx_name="/g1_dyn/module/module.1_3/Sigmoid"](%/g1_dyn/module/module.6/Add_output_0), scope: gear_sonic.utils.inference_helpers.export_universal_token_decoder_as_onnx.<locals>.DecoderOnlyWrapper::/gear_sonic.trl.modules.base_module.BaseModule::g1_dyn/torch.nn.modules.container.Sequential::module/torch.nn.modules.activation.SiLU::module.1 # /srv/sonic/env_isaaclab/lib/python3.11/site-packages/torch/nn/functional.py:2380:0
  %/g1_dyn/module/module.1_3/Mul_output_0 : Float(1, 1, 1024, strides=[1024, 1024, 1], requires_grad=0, device=cpu) = onnx::Mul[onnx_name="/g1_dyn/module/module.1_3/Mul"](%/g1_dyn/module/module.6/Add_output_0, %/g1_dyn/module/module.1_3/Sigmoid_output_0), scope: gear_sonic.utils.inference_helpers.export_universal_token_decoder_as_onnx.<locals>.DecoderOnlyWrapper::/gear_sonic.trl.modules.base_module.BaseModule::g1_dyn/torch.nn.modules.container.Sequential::module/torch.nn.modules.activation.SiLU::module.1 # /srv/sonic/env_isaaclab/lib/python3.11/site-packages/torch/nn/functional.py:2380:0
  %/g1_dyn/module/module.8/MatMul_output_0 : Float(1, 1, 512, strides=[512, 512, 1], device=cpu) = onnx::MatMul[onnx_name="/g1_dyn/module/module.8/MatMul"](%/g1_dyn/module/module.1_3/Mul_output_0, %onnx::MatMul_141), scope: gear_sonic.utils.inference_helpers.export_universal_token_decoder_as_onnx.<locals>.DecoderOnlyWrapper::/gear_sonic.trl.modules.base_module.BaseModule::g1_dyn/torch.nn.modules.container.Sequential::module/torch.nn.modules.linear.Linear::module.8 # /srv/sonic/env_isaaclab/lib/python3.11/site-packages/torch/nn/modules/linear.py:125:0
  %/g1_dyn/module/module.8/Add_output_0 : Float(1, 1, 512, strides=[512, 512, 1], requires_grad=0, device=cpu) = onnx::Add[onnx_name="/g1_dyn/module/module.8/Add"](%module.decoders.g1_dyn.module.8.bias, %/g1_dyn/module/module.8/MatMul_output_0), scope: gear_sonic.utils.inference_helpers.export_universal_token_decoder_as_onnx.<locals>.DecoderOnlyWrapper::/gear_sonic.trl.modules.base_module.BaseModule::g1_dyn/torch.nn.modules.container.Sequential::module/torch.nn.modules.linear.Linear::module.8 # /srv/sonic/env_isaaclab/lib/python3.11/site-packages/torch/nn/modules/linear.py:125:0
  %/g1_dyn/module/module.1_4/Sigmoid_output_0 : Float(1, 1, 512, strides=[512, 512, 1], device=cpu) = onnx::Sigmoid[onnx_name="/g1_dyn/module/module.1_4/Sigmoid"](%/g1_dyn/module/module.8/Add_output_0), scope: gear_sonic.utils.inference_helpers.export_universal_token_decoder_as_onnx.<locals>.DecoderOnlyWrapper::/gear_sonic.trl.modules.base_module.BaseModule::g1_dyn/torch.nn.modules.container.Sequential::module/torch.nn.modules.activation.SiLU::module.1 # /srv/sonic/env_isaaclab/lib/python3.11/site-packages/torch/nn/functional.py:2380:0
  %/g1_dyn/module/module.1_4/Mul_output_0 : Float(1, 1, 512, strides=[512, 512, 1], requires_grad=0, device=cpu) = onnx::Mul[onnx_name="/g1_dyn/module/module.1_4/Mul"](%/g1_dyn/module/module.8/Add_output_0, %/g1_dyn/module/module.1_4/Sigmoid_output_0), scope: gear_sonic.utils.inference_helpers.export_universal_token_decoder_as_onnx.<locals>.DecoderOnlyWrapper::/gear_sonic.trl.modules.base_module.BaseModule::g1_dyn/torch.nn.modules.container.Sequential::module/torch.nn.modules.activation.SiLU::module.1 # /srv/sonic/env_isaaclab/lib/python3.11/site-packages/torch/nn/functional.py:2380:0
  %/g1_dyn/module/module.10/MatMul_output_0 : Float(1, 1, 512, strides=[512, 512, 1], device=cpu) = onnx::MatMul[onnx_name="/g1_dyn/module/module.10/MatMul"](%/g1_dyn/module/module.1_4/Mul_output_0, %onnx::MatMul_142), scope: gear_sonic.utils.inference_helpers.export_universal_token_decoder_as_onnx.<locals>.DecoderOnlyWrapper::/gear_sonic.trl.modules.base_module.BaseModule::g1_dyn/torch.nn.modules.container.Sequential::module/torch.nn.modules.linear.Linear::module.10 # /srv/sonic/env_isaaclab/lib/python3.11/site-packages/torch/nn/modules/linear.py:125:0
  %/g1_dyn/module/module.10/Add_output_0 : Float(1, 1, 512, strides=[512, 512, 1], requires_grad=0, device=cpu) = onnx::Add[onnx_name="/g1_dyn/module/module.10/Add"](%module.decoders.g1_dyn.module.10.bias, %/g1_dyn/module/module.10/MatMul_output_0), scope: gear_sonic.utils.inference_helpers.export_universal_token_decoder_as_onnx.<locals>.DecoderOnlyWrapper::/gear_sonic.trl.modules.base_module.BaseModule::g1_dyn/torch.nn.modules.container.Sequential::module/torch.nn.modules.linear.Linear::module.10 # /srv/sonic/env_isaaclab/lib/python3.11/site-packages/torch/nn/modules/linear.py:125:0
  %/g1_dyn/module/module.1_5/Sigmoid_output_0 : Float(1, 1, 512, strides=[512, 512, 1], device=cpu) = onnx::Sigmoid[onnx_name="/g1_dyn/module/module.1_5/Sigmoid"](%/g1_dyn/module/module.10/Add_output_0), scope: gear_sonic.utils.inference_helpers.export_universal_token_decoder_as_onnx.<locals>.DecoderOnlyWrapper::/gear_sonic.trl.modules.base_module.BaseModule::g1_dyn/torch.nn.modules.container.Sequential::module/torch.nn.modules.activation.SiLU::module.1 # /srv/sonic/env_isaaclab/lib/python3.11/site-packages/torch/nn/functional.py:2380:0
  %/g1_dyn/module/module.1_5/Mul_output_0 : Float(1, 1, 512, strides=[512, 512, 1], requires_grad=0, device=cpu) = onnx::Mul[onnx_name="/g1_dyn/module/module.1_5/Mul"](%/g1_dyn/module/module.10/Add_output_0, %/g1_dyn/module/module.1_5/Sigmoid_output_0), scope: gear_sonic.utils.inference_helpers.export_universal_token_decoder_as_onnx.<locals>.DecoderOnlyWrapper::/gear_sonic.trl.modules.base_module.BaseModule::g1_dyn/torch.nn.modules.container.Sequential::module/torch.nn.modules.activation.SiL
Exported ONNX model: smpl encoder -> g1_dyn decoder
Saved to: /srv/sonic/ultimate-bots-G1/exports/v3/robust/evaluations/realready_final_step_000100/contexts/hardware_nominal/exported/model_step_000100_smpl.onnx
Required tokenizer observations: ['smpl_joints_multi_future_local_nonflat', 'smpl_root_ori_b_multi_future', 'joint_pos_multi_future_wrist_for_smpl']
Input shape: torch.Size([1, 1770]) (tokenizer: 840, proprioception: 930)

Exported ONNX model: g1 encoder -> g1_dyn decoder
Saved to: /srv/sonic/ultimate-bots-G1/exports/v3/robust/evaluations/realready_final_step_000100/contexts/hardware_nominal/exported/model_step_000100_g1.onnx
Required tokenizer observations: ['command_multi_future_nonflat', 'motion_anchor_ori_b_mf_nonflat']
Input shape: torch.Size([1, 1570]) (tokenizer: 640, proprioception: 930)

Exported ONNX model: teleop encoder -> g1_dyn decoder
Saved to: /srv/sonic/ultimate-bots-G1/exports/v3/robust/evaluations/realready_final_step_000100/contexts/hardware_nominal/exported/model_step_000100_teleop.onnx
Required tokenizer observations: ['motion_anchor_ori_b', 'command_multi_future_lower_body', 'vr_3point_local_target', 'vr_3point_local_orn_target']
Input shape: torch.Size([1, 1197]) (tokenizer: 267, proprioception: 930)

Exported ENCODERS ONLY ONNX model with 3 encoders: ['g1', 'teleop', 'smpl']
Saved to: /srv/sonic/ultimate-bots-G1/exports/v3/robust/evaluations/realready_final_step_000100/contexts/hardware_nominal/exported/model_step_000100_encoder.onnx
Required tokenizer observations: ['encoder_index', 'command_multi_future_nonflat', 'motion_anchor_ori_b', 'motion_anchor_ori_b_mf_nonflat', 'command_multi_future_lower_body', 'vr_3point_local_target', 'vr_3point_local_orn_target', 'smpl_joints_multi_future_local_nonflat', 'smpl_root_ori_b_multi_future', 'joint_pos_multi_future_wrist_for_smpl']
Input shapes: tokenizer_obs=torch.Size([1, 1750]), encoder_index=torch.Size([1, 1])

Exported DECODER ONLY ONNX model with decoder: g1_dyn
Saved to: /srv/sonic/ultimate-bots-G1/exports/v3/robust/evaluations/realready_final_step_000100/contexts/hardware_nominal/exported/model_step_000100_decoder.onnx
Required tokenizer observations: []
Input shapes: encoded_tokens=torch.Size([1, 64]), tokenizer=torch.Size([1, 0]), proprioception=torch.Size([1, 930])
Exported encoders ONNX to /srv/sonic/ultimate-bots-G1/exports/v3/robust/evaluations/realready_final_step_000100/contexts/hardware_nominal/exported/model_step_000100_encoder.onnx
Exported decoder ONNX to /srv/sonic/ultimate-bots-G1/exports/v3/robust/evaluations/realready_final_step_000100/contexts/hardware_nominal/exported/model_step_000100_decoder.onnx
[32m2026-08-14 22:53:50.885[0m | [1mINFO    [0m | [36m__main__[0m:[36mmain[0m:[36m552[0m - [1mExported policy as onnx to: /srv/sonic/ultimate-bots-G1/exports/v3/robust/evaluations/realready_final_step_000100/contexts/hardware_nominal/exported[0m
[32m2026-08-14 22:53:50.908[0m | [1mINFO    [0m | [36m__main__[0m:[36mmain[0m:[36m562[0m - [1mExported config to: /srv/sonic/ultimate-bots-G1/exports/v3/robust/evaluations/realready_final_step_000100/contexts/hardware_nominal/model_config.yaml[0m
U::module.1 # /srv/sonic/env_isaaclab/lib/python3.11/site-packages/torch/nn/functional.py:2380:0
  %/g1_dyn/module/module.12/MatMul_output_0 : Float(1, 1, 29, strides=[29, 29, 1], device=cpu) = onnx::MatMul[onnx_name="/g1_dyn/module/module.12/MatMul"](%/g1_dyn/module/module.1_5/Mul_output_0, %onnx::MatMul_143), scope: gear_sonic.utils.inference_helpers.export_universal_token_decoder_as_onnx.<locals>.DecoderOnlyWrapper::/gear_sonic.trl.modules.base_module.BaseModule::g1_dyn/torch.nn.modules.container.Sequential::module/torch.nn.modules.linear.Linear::module.12 # /srv/sonic/env_isaaclab/lib/python3.11/site-packages/torch/nn/modules/linear.py:125:0
  %/g1_dyn/module/module.12/Add_output_0 : Float(1, 1, 29, strides=[29, 29, 1], requires_grad=0, device=cpu) = onnx::Add[onnx_name="/g1_dyn/module/module.12/Add"](%module.decoders.g1_dyn.module.12.bias, %/g1_dyn/module/module.12/MatMul_output_0), scope: gear_sonic.utils.inference_helpers.export_universal_token_decoder_as_onnx.<locals>.DecoderOnlyWrapper::/gear_sonic.trl.modules.base_module.BaseModule::g1_dyn/torch.nn.modules.container.Sequential::module/torch.nn.modules.linear.Linear::module.12 # /srv/sonic/env_isaaclab/lib/python3.11/site-packages/torch/nn/modules/linear.py:125:0
  %/Constant_10_output_0 : Long(1, strides=[1], requires_grad=0, device=cpu) = onnx::Constant[value={2}, onnx_name="/Constant_10"](), scope: gear_sonic.utils.inference_helpers.export_universal_token_decoder_as_onnx.<locals>.DecoderOnlyWrapper:: # /srv/sonic/GR00T-WholeBodyControl/gear_sonic/trl/modules/universal_token_modules.py:745:0
  %/Constant_11_output_0 : Long(1, strides=[1], requires_grad=0, device=cpu) = onnx::Constant[value={0}, onnx_name="/Constant_11"](), scope: gear_sonic.utils.inference_helpers.export_universal_token_decoder_as_onnx.<locals>.DecoderOnlyWrapper:: # /srv/sonic/GR00T-WholeBodyControl/gear_sonic/trl/modules/universal_token_modules.py:745:0
  %/Constant_12_output_0 : Long(1, strides=[1], requires_grad=0, device=cpu) = onnx::Constant[value={29}, onnx_name="/Constant_12"](), scope: gear_sonic.utils.inference_helpers.export_universal_token_decoder_as_onnx.<locals>.DecoderOnlyWrapper:: # /srv/sonic/GR00T-WholeBodyControl/gear_sonic/trl/modules/universal_token_modules.py:745:0
  %/Constant_13_output_0 : Long(1, strides=[1], requires_grad=0, device=cpu) = onnx::Constant[value={1}, onnx_name="/Constant_13"](), scope: gear_sonic.utils.inference_helpers.export_universal_token_decoder_as_onnx.<locals>.DecoderOnlyWrapper:: # /srv/sonic/GR00T-WholeBodyControl/gear_sonic/trl/modules/universal_token_modules.py:745:0
  %/Slice_2_output_0 : Float(1, 1, 29, strides=[29, 29, 1], requires_grad=0, device=cpu) = onnx::Slice[onnx_name="/Slice_2"](%/g1_dyn/module/module.12/Add_output_0, %/Constant_11_output_0, %/Constant_12_output_0, %/Constant_10_output_0, %/Constant_13_output_0), scope: gear_sonic.utils.inference_helpers.export_universal_token_decoder_as_onnx.<locals>.DecoderOnlyWrapper:: # /srv/sonic/GR00T-WholeBodyControl/gear_sonic/trl/modules/universal_token_modules.py:745:0
  %/Constant_14_output_0 : Long(1, strides=[1], device=cpu) = onnx::Constant[value={1}, onnx_name="/Constant_14"](), scope: gear_sonic.utils.inference_helpers.export_universal_token_decoder_as_onnx.<locals>.DecoderOnlyWrapper:: # /srv/sonic/GR00T-WholeBodyControl/gear_sonic/utils/inference_helpers.py:436:0
  %action : Float(1, 29, strides=[29, 1], requires_grad=0, device=cpu) = onnx::Squeeze[onnx_name="/Squeeze"](%/Slice_2_output_0, %/Constant_14_output_0), scope: gear_sonic.utils.inference_helpers.export_universal_token_decoder_as_onnx.<locals>.DecoderOnlyWrapper:: # /srv/sonic/GR00T-WholeBodyControl/gear_sonic/utils/inference_helpers.py:436:0
  return (%action)

