index,time_ms,time_realtime_ms,time_monotonic_ms,ros_timestamp,torso_wx,torso_wy,torso_wz
0,0.000,1786751905516.031,28863438.431,0.000000000,-0.001988474,0.203567222,-0.000279830
1,19.990,1786751905536.020,28863458.420,0.000000000,0.075819239,-0.659376919,-0.304706931
2,39.988,1786751905556.018,28863478.418,0.000000000,-0.069616653,1.015210629,-1.111354709
3,59.990,1786751905576.020,28863498.420,0.000000000,-0.168042973,1.709176540,-1.527559280
4,79.988,1786751905596.018,28863518.419,0.000000000,-0.071538679,1.497130275,-1.347215772
5,99.986,1786751905616.017,28863538.417,0.000000000,0.071742535,0.970087051,-0.012896083
6,119.985,1786751905636.016,28863558.416,0.000000000,0.019918185,0.528773963,1.539088368
7,139.988,1786751905656.018,28863578.418,0.000000000,0.735119164,0.678412557,2.844141722
8,159.988,1786751905676.019,28863598.419,0.000000000,0.753635585,0.063548632,3.147473097
9,179.985,1786751905696.016,28863618.416,0.000000000,0.230420798,-0.620012105,2.350469589
10,199.987,1786751905716.018,28863638.418,0.000000000,-0.789170325,-0.772513449,1.379615545
11,219.989,1786751905736.020,28863658.420,0.000000000,-1.485710502,-0.221562147,1.155778527
12,239.987,1786751905756.018,28863678.418,0.000000000,-1.441740990,0.457068563,1.022734165
13,259.988,1786751905776.018,28863698.418,0.000000000,-0.991203904,0.033383485,0.318652064
14,279.986,1786751905796.017,28863718.417,0.000000000,0.011341646,-0.258093059,-0.560570478
15,299.989,1786751905816.019,28863738.420,0.000000000,0.898873210,-0.351282597,-1.273077488
16,319.988,1786751905836.019,28863758.419,0.000000000,1.324330211,-0.118008249,-2.339020252
17,339.985,1786751905856.016,28863778.416,0.000000000,1.471013427,-0.304790258,-2.428912878
18,359.985,1786751905876.015,28863798.415,0.000000000,0.925310731,-0.673622966,-0.843230665
19,379.989,1786751905896.019,28863818.419,0.000000000,0.798861623,-0.959115446,0.737414122
20,399.987,1786751905916.018,28863838.418,0.000000000,0.526611686,-0.741983116,1.076876879
21,419.990,1786751905936.021,28863858.421,0.000000000,0.067080289,-0.542520881,0.940246403
22,439.987,1786751905956.018,28863878.418,0.000000000,-0.347629398,-0.268810987,0.795775115
23,459.988,1786751905976.019,28863898.419,0.000000000,-1.636989474,-0.133119002,0.475059450
24,479.986,1786751905996.017,28863918.417,0.000000000,-2.639366865,0.878304899,-0.081538551
25,499.986,1786751906016.017,28863938.417,0.000000000,-2.655200481,1.435981035,-0.486407071
26,519.985,1786751906036.016,28863958.416,0.000000000,-2.201843023,0.862243772,-0.242955133
27,539.985,1786751906056.016,28863978.416,0.000000000,-1.476146102,-0.244786665,0.103061296
28,559.984,1786751906076.015,28863998.415,0.000000000,-0.963133991,-1.083554983,-0.095334962
29,579.985,1786751906096.016,28864018.416,0.000000000,-1.648824930,-0.167862013,-0.624494135
30,599.986,1786751906116.016,28864038.416,0.000000000,-1.906923056,0.293885708,-0.943346620
31,619.986,1786751906136.016,28864058.416,0.000000000,-1.555683494,0.610762119,-0.824251056
32,639.984,1786751906156.015,28864078.415,0.000000000,-0.906499088,0.771762133,-0.283910513
33,659.985,1786751906176.016,28864098.416,0.000000000,-0.275336891,0.477771729,0.202586293
34,679.986,1786751906196.017,28864118.417,0.000000000,0.811932206,-0.631715536,-0.058732245
35,699.984,1786751906216.015,28864138.415,0.000000000,0.716471553,-1.905325413,-0.721619606
36,719.986,1786751906236.016,28864158.416,0.000000000,-0.255570173,-2.137279034,-1.333726406
37,739.985,1786751906256.016,28864178.416,0.000000000,-0.547772944,-2.357977390,-1.372350931
38,759.985,1786751906276.016,28864198.416,0.000000000,-0.299257964,-2.712888718,-0.801517069
39,779.985,1786751906296.016,28864218.416,0.000000000,-0.826777220,-2.559790850,-0.077185228
40,799.985,1786751906316.016,28864238.416,0.000000000,-1.938771248,-1.897022367,0.925503671
41,819.985,1786751906336.016,28864258.416,0.000000000,-2.432566404,-1.591715693,1.701820970
42,839.985,1786751906356.015,28864278.415,0.000000000,-1.684770823,-1.532452822,1.758406639
43,859.987,1786751906376.017,28864298.417,0.000000000,-1.165560365,-0.295531362,1.289139628
44,879.984,1786751906396.015,28864318.415,0.000000000,-1.206079602,0.128345996,0.289554656
45,899.985,1786751906416.016,28864338.416,0.000000000,-1.343203068,-0.143298700,-0.573231041
46,919.988,1786751906436.019,28864358.419,0.000000000,-1.387191534,0.700080276,-0.809909880
47,939.985,1786751906456.016,28864378.416,0.000000000,-1.856495738,0.685185313,-0.286693156
48,959.985,1786751906476.016,28864398.416,0.000000000,-2.217188358,-0.268336654,0.638484001
49,979.984,1786751906496.015,28864418.415,0.000000000,-1.542111039,-1.458910704,0.703039229
50,999.984,1786751906516.015,28864438.415,0.000000000,0.018683739,-1.659931779,0.004209053
51,1019.985,1786751906536.015,28864458.415,0.000000000,-0.020277379,-2.286421537,-0.371493876
52,1039.984,1786751906556.014,28864478.415,0.000000000,-0.719319582,-1.923384070,-0.342355609
53,1059.983,1786751906576.014,28864498.414,0.000000000,-1.274932861,-1.376274347,-0.606610417
54,1079.992,1786751906596.022,28864518.422,0.000000000,-2.221498728,-1.050290346,-0.809326470
55,1099.986,1786751906616.017,28864538.417,0.000000000,-3.301749945,-1.038569450,-0.110250816
56,1119.986,1786751906636.017,28864558.417,0.000000000,-4.191529751,-1.421751738,0.840029538
57,1139.986,1786751906656.017,28864578.417,0.000000000,-4.094377995,-1.821858287,1.081878185
58,1159.985,1786751906676.016,28864598.416,0.000000000,-2.599015474,-1.826941013,0.523909926
59,1179.985,1786751906696.016,28864618.416,0.000000000,-0.630722761,-1.080547690,-0.568543196
60,1199.984,1786751906716.014,28864638.415,0.000000000,-0.156438217,-0.917547345,-0.833700061
61,1219.986,1786751906736.017,28864658.417,0.000000000,-1.036809802,-0.790929914,-0.385167718
62,1239.986,1786751906756.017,28864678.417,0.000000000,-2.066069365,-0.954827130,-0.108964682
63,1259.986,1786751906776.016,28864698.416,0.000000000,-2.769340038,-1.878192067,0.549793124
64,1279.986,1786751906796.017,28864718.417,0.000000000,-3.196882963,-2.401248455,0.580068827
65,1299.986,1786751906816.016,28864738.416,0.000000000,-3.533733845,-2.390585184,-0.043232121
66,1319.986,1786751906836.016,28864758.416,0.000000000,0.327489108,-2.106239319,-2.280170202
67,1339.985,1786751906856.015,28864778.415,0.000000000,0.000000000,0.000000000,0.000000000
68,1359.985,1786751906876.016,28864798.416,0.000000000,-0.498514116,2.944426060,2.628517628
69,1379.986,1786751906896.017,28864818.417,0.000000000,-1.002298117,1.486067414,3.055545807
70,1399.985,1786751906916.016,28864838.416,0.000000000,-2.421942472,1.176330447,2.835388184
71,1419.984,1786751906936.014,28864858.414,0.000000000,-2.893581390,1.444841266,0.547570407
72,1439.985,1786751906956.016,28864878.416,0.000000000,-2.083358288,0.451731324,-1.315264821
73,1459.986,1786751906976.016,28864898.416,0.000000000,-0.389832765,0.341994792,-1.158316612
74,1479.985,1786751906996.015,28864918.415,0.000000000,0.883307755,-0.717972636,-0.364143491
75,1499.984,1786751907016.015,28864938.415,0.000000000,2.015115023,-1.235093117,-0.753861904
76,1519.985,1786751907036.016,28864958.416,0.000000000,2.208595753,-1.433505177,-1.369994164
77,1539.989,1786751907056.020,28864978.420,0.000000000,2.092669010,-1.016539931,-1.930544734
78,1559.996,1786751907076.027,28864998.427,0.000000000,1.801893830,-1.040956616,-2.096002579
79,1579.988,1786751907096.019,28865018.419,0.000000000,1.428925276,-0.374486536,-1.785921335
80,1599.988,1786751907116.019,28865038.419,0.000000000,0.910467744,0.231962398,-0.697449386
81,1619.987,1786751907136.018,28865058.418,0.000000000,0.235844463,0.257881582,0.399437785
82,1639.987,1786751907156.017,28865078.417,0.000000000,-0.270667523,-0.050845865,0.807797849
83,1659.989,1786751907176.019,28865098.419,0.000000000,-0.444746107,-0.768493056,0.810704112
84,1679.984,1786751907196.015,28865118.415,0.000000000,-0.839976370,-0.931343794,0.486821294
85,1699.985,1786751907216.015,28865138.415,0.000000000,-1.037434936,-0.881206155,0.058203362
86,1719.984,1786751907236.015,28865158.415,0.000000000,-1.480646133,0.457420081,-0.361373812
87,1739.984,1786751907256.015,28865178.415,0.000000000,-1.662035108,0.901987374,-0.446822345
88,1759.984,1786751907276.015,28865198.415,0.000000000,-1.829044819,0.870945871,-0.263390124
89,1779.985,1786751907296.015,28865218.415,0.000000000,-1.826678395,0.568506300,-0.157202795
90,1799.984,1786751907316.014,28865238.415,0.000000000,-1.592094421,0.088279165,-0.239455506
91,1819.985,1786751907336.015,28865258.415,0.000000000,-1.101603389,-0.309679091,-0.455922365
92,1839.987,1786751907356.018,28865278.418,0.000000000,-0.658303797,-0.574404061,-0.719802201
93,1859.987,1786751907376.018,28865298.418,0.000000000,-0.607456267,-0.995825469,-1.119822860
94,1879.987,1786751907396.018,28865318.418,0.000000000,-0.631753802,-1.232107997,-1.616498351
95,1899.987,1786751907416.017,28865338.418,0.000000000,-0.831127226,-1.144240260,-1.713961959
96,1919.991,1786751907436.021,28865358.422,0.000000000,-1.425014019,-0.467831463,-1.055014968
97,1939.989,1786751907456.020,28865378.420,0.000000000,-2.473818302,-0.589700043,0.426686794
98,1959.988,1786751907476.019,28865398.419,0.000000000,-2.860704184,-0.273920178,1.500957370
99,1979.986,1786751907496.016,28865418.417,0.000000000,-2.466476440,0.222083271,1.755306363
100,1999.986,1786751907516.017,28865438.417,0.000000000,-1.355003238,0.631702602,1.516360998
101,2019.986,1786751907536.016,28865458.416,0.000000000,-0.166448548,0.031069897,0.502387285
102,2039.983,1786751907556.013,28865478.414,0.000000000,0.045950074,-0.930682063,-0.440247446
103,2059.984,1786751907576.015,28865498.415,0.000000000,-0.278975308,-1.686471343,-1.031544924
104,2079.990,1786751907596.021,28865518.421,0.000000000,-0.522627175,-1.817690492,-1.213600159
105,2099.990,1786751907616.020,28865538.420,0.000000000,-0.495438933,-0.831457138,-1.080255389
106,2119.988,1786751907636.019,28865558.419,0.000000000,-0.985888839,-1.166372299,-0.371786654
107,2139.992,1786751907656.023,28865578.423,0.000000000,-1.291130185,-1.312909603,1.101467609
108,2159.992,1786751907676.022,28865598.422,0.000000000,-1.125275254,-1.092541099,1.798570037
109,2179.990,1786751907696.021,28865618.421,0.000000000,-0.791344285,-0.968334973,1.732009053
110,2199.990,1786751907716.020,28865638.420,0.000000000,-0.002925812,-1.152908325,1.360897422
111,2219.989,1786751907736.019,28865658.419,0.000000000,0.706071258,-1.580862641,0.824084163
112,2239.989,1786751907756.020,28865678.420,0.000000000,0.470930487,-1.570664048,0.466705769
113,2259.989,1786751907776.020,28865698.420,0.000000000,-0.306137979,-1.320285916,-0.187436819
114,2279.989,1786751907796.020,28865718.420,0.000000000,-1.073014736,-0.923949242,-0.797234476
115,2299.989,1786751907816.020,28865738.420,0.000000000,-1.946603656,-0.541249335,-0.791923642
116,2319.990,1786751907836.020,28865758.420,0.000000000,-3.201753616,-0.782677352,0.327400267
117,2339.987,1786751907856.018,28865778.418,0.000000000,-4.090292931,-0.930895865,1.608892441
118,2359.990,1786751907876.021,28865798.421,0.000000000,-3.303760290,-1.288755894,1.404697299
119,2379.990,1786751907896.021,28865818.421,0.000000000,-1.306164503,-1.009972095,0.095168479
120,2399.991,1786751907916.022,28865838.422,0.000000000,0.390564263,-0.641608417,-1.112284184
121,2419.989,1786751907936.019,28865858.419,0.000000000,0.546077192,-0.883715451,-1.249832511
122,2439.992,1786751907956.022,28865878.423,0.000000000,-0.560478330,-1.487814307,-0.573209465
123,2459.990,1786751907976.021,28865898.420,0.000000000,-1.986832738,-1.527135611,-0.282330990
124,2479.989,1786751907996.020,28865918.420,0.000000000,-2.929484606,-1.780178905,-0.422124416
125,2499.989,1786751908016.020,28865938.420,0.000000000,-3.661785603,-2.330272675,-0.211271405
126,2519.988,1786751908036.019,28865958.419,0.000000000,-3.496674538,-2.604338646,0.524125159
127,2539.988,1786751908056.018,28865978.418,0.000000000,-3.132249832,-2.632169485,0.338050008
128,2559.989,1786751908076.019,28865998.420,0.000000000,-2.709773064,-2.097617149,-0.849416614
129,2579.990,1786751908096.020,28866018.420,0.000000000,1.047928691,-1.510752201,-2.643573523
130,2599.989,1786751908116.020,28866038.420,0.000000000,0.000000000,0.000000000,0.000000000
131,2619.989,1786751908136.019,28866058.419,0.000000000,-1.400485516,2.766002417,3.863142729
132,2639.989,1786751908156.020,28866078.420,0.000000000,-2.006499290,2.836361885,3.015759468
133,2659.990,1786751908176.021,28866098.420,0.000000000,-2.341807127,3.004155874,0.814558506
134,2679.989,1786751908196.020,28866118.420,0.000000000,-2.232501507,1.384465218,-1.049199820
135,2699.989,1786751908216.019,28866138.419,0.000000000,-1.627946138,-0.288693130,-1.254208803
136,2719.990,1786751908236.020,28866158.420,0.000000000,-0.214039445,-0.950834632,-0.713916063
137,2739.989,1786751908256.019,28866178.420,0.000000000,1.314977288,-1.164804220,-0.978728712
138,2759.987,1786751908276.018,28866198.418,0.000000000,2.728401184,-1.037149191,-1.438791394
139,2779.987,1786751908296.018,28866218.418,0.000000000,2.996913433,-1.043338060,-1.377259731
140,2799.988,1786751908316.019,28866238.419,0.000000000,2.494544744,-0.720479131,-1.445744753
141,2819.989,1786751908336.020,28866258.420,0.000000000,1.652917266,-0.235596895,-1.183226585
142,2839.990,1786751908356.020,28866278.420,0.000000000,1.055183887,-0.170357078,-0.220213950
143,2859.989,1786751908376.019,28866298.419,0.000000000,0.675053000,-0.437368006,0.652667880
144,2879.990,1786751908396.021,28866318.421,0.000000000,0.227621242,-0.682907999,1.487967610
145,2899.989,1786751908416.019,28866338.419,0.000000000,-0.257750779,-0.858901322,1.662556410
146,2919.989,1786751908436.020,28866358.420,0.000000000,-0.456024706,-0.555295229,1.363766313
147,2939.990,1786751908456.021,28866378.421,0.000000000,-0.678321540,-0.662506044,0.703311205
148,2959.988,1786751908476.019,28866398.419,0.000000000,-0.969389498,-0.752076089,0.089490652
149,2979.988,1786751908496.019,28866418.419,0.000000000,-1.269135356,-0.375505626,-0.375414729
150,2999.988,1786751908516.019,28866438.419,0.000000000,-1.817993045,0.110674180,-0.652072608
151,3019.988,1786751908536.019,28866458.419,0.000000000,-2.401251793,0.701099396,-0.586093545
152,3039.990,1786751908556.021,28866478.421,0.000000000,-2.975888968,0.852676034,-0.293263525
153,3059.988,1786751908576.019,28866498.419,0.000000000,-3.360189915,0.525647402,0.016613398
154,3079.992,1786751908596.022,28866518.423,0.000000000,-3.209978819,0.081796274,0.272237271
155,3099.990,1786751908616.021,28866538.421,0.000000000,-2.688539982,-0.324106276,0.372099519
156,3119.990,1786751908636.021,28866558.421,0.000000000,-1.562716842,-0.700801313,0.162761509
157,3139.990,1786751908656.021,28866578.421,0.000000000,-1.075414181,-1.009895563,-0.365527928
158,3159.994,1786751908676.024,28866598.424,0.000000000,-1.083573580,-1.250593543,-1.066272020
159,3179.994,1786751908696.025,28866618.425,0.000000000,-1.122889876,-1.285266519,-1.603341103
160,3199.994,1786751908716.024,28866638.425,0.000000000,-0.980298281,-0.574792325,-1.531891346
161,3219.994,1786751908736.025,28866658.425,0.000000000,-1.347769022,0.185837463,-0.539456725
162,3239.993,1786751908756.024,28866678.424,0.000000000,-1.899427056,0.075254582,0.581072092
163,3259.993,1786751908776.024,28866698.424,0.000000000,-1.723105431,0.152745560,0.962779105
164,3279.993,1786751908796.024,28866718.424,0.000000000,-0.697694123,0.750814557,0.688900292
165,3299.992,1786751908816.023,28866738.423,0.000000000,0.734119236,0.204793364,0.230204120
166,3319.994,1786751908836.025,28866758.425,0.000000000,0.951661706,-0.542361498,-0.094249055
167,3339.995,1786751908856.025,28866778.425,0.000000000,0.561308026,-1.293342113,-0.366311044
168,3360.001,1786751908876.031,28866798.431,0.000000000,0.101670012,-1.468286991,-0.696544290
169,3379.994,1786751908896.024,28866818.425,0.000000000,-0.467919797,-0.648579895,-0.974191904
170,3399.994,1786751908916.024,28866838.425,0.000000000,-1.067452312,-0.885183096,-0.135329977
171,3419.995,1786751908936.025,28866858.425,0.000000000,-1.210574985,-1.063874364,0.916515708
172,3439.996,1786751908956.027,28866878.427,0.000000000,-1.048792839,-0.673399031,1.411074758
173,3459.994,1786751908976.025,28866898.425,0.000000000,-0.976074696,-0.576110184,1.548219323
174,3479.994,1786751908996.024,28866918.424,0.000000000,0.204468206,-0.496092409,0.483104438
175,3499.995,1786751909016.026,28866938.426,0.000000000,1.026978016,-0.590646446,-0.522996545
176,3519.994,1786751909036.025,28866958.425,0.000000000,0.719014883,-0.721851230,-0.813651025
177,3539.995,1786751909056.026,28866978.426,0.000000000,0.205402523,-0.597463310,-0.924801290
178,3559.992,1786751909076.022,28866998.423,0.000000000,-0.534047484,-1.219338417,-1.046735644
179,3579.993,1786751909096.024,28867018.424,0.000000000,-1.478246689,-1.196194649,-1.128436208
180,3599.993,1786751909116.023,28867038.424,0.000000000,-2.307604313,-1.296821475,-1.028666258
181,3619.993,1786751909136.024,28867058.424,0.000000000,-3.403110743,-1.631408572,-0.136847645
182,3639.994,1786751909156.024,28867078.424,0.000000000,-4.319086552,-1.505549788,0.691117525
183,3659.993,1786751909176.024,28867098.424,0.000000000,-3.881227493,-1.312809587,0.575797439
184,3679.993,1786751909196.023,28867118.423,0.000000000,-1.583891392,-0.773604393,-0.440056592
185,3699.993,1786751909216.023,28867138.423,0.000000000,0.227156296,-0.429352224,-1.476889014
186,3719.991,1786751909236.022,28867158.422,0.000000000,-0.281408072,-1.250455856,-1.233098745
187,3739.993,1786751909256.024,28867178.424,0.000000000,-1.415828824,-1.775249720,-0.738727987
188,3760.005,1786751909276.036,28867198.436,0.000000000,-2.473730803,-2.721304417,-0.377051950
189,3780.002,1786751909296.032,28867218.432,0.000000000,-3.181193352,-3.206258774,-0.128560096
190,3799.998,1786751909316.028,28867238.428,0.000000000,-3.025995731,-3.226488352,0.252155721
191,3819.995,1786751909336.026,28867258.426,0.000000000,-2.835283041,-2.851292372,-0.134271175
192,3839.994,1786751909356.024,28867278.424,0.000000000,0.862472594,-2.727940559,-2.729939461
193,3859.996,1786751909376.026,28867298.426,0.000000000,-0.166537851,-0.835347831,2.468081713
194,3879.994,1786751909396.025,28867318.425,0.000000000,-1.485866785,1.981264591,5.792676926
195,3899.993,1786751909416.024,28867338.424,0.000000000,-2.651263237,2.400778532,3.828751564
196,3919.993,1786751909436.024,28867358.424,0.000000000,-2.063530445,2.445205688,0.136428118
197,3939.994,1786751909456.024,28867378.425,0.000000000,-1.380761504,0.466760039,-1.854461789
198,3959.993,1786751909476.024,28867398.424,0.000000000,-0.148298755,-0.261857718,-2.590796947
199,3979.993,1786751909496.023,28867418.423,0.000000000,1.357514024,-0.036190148,-3.429475784
200,3999.993,1786751909516.023,28867438.424,0.000000000,2.655561686,-0.651301861,-3.131567955
201,4019.993,1786751909536.023,28867458.423,0.000000000,3.151002884,-0.279349208,-2.503090620
202,4039.993,1786751909556.024,28867478.424,0.000000000,2.730572224,-0.227299020,-1.633185863
203,4059.994,1786751909576.024,28867498.424,0.000000000,1.778387904,-0.327004582,-0.775379241
204,4079.992,1786751909596.022,28867518.422,0.000000000,0.936317563,-0.644669831,0.015210367
205,4099.994,1786751909616.024,28867538.424,0.000000000,0.698915124,-0.911404014,0.966856062
206,4119.994,1786751909636.024,28867558.425,0.000000000,0.400867999,-1.076885819,1.597747803
207,4139.992,1786751909656.022,28867578.423,0.000000000,-0.044865690,-1.200385094,1.716383457
208,4159.991,1786751909676.022,28867598.422,0.000000000,-0.340940326,-1.017024636,1.443114161
209,4179.992,1786751909696.022,28867618.422,0.000000000,-0.611088753,-0.977680445,0.758294702
210,4199.994,1786751909716.024,28867638.424,0.000000000,-0.981880009,-0.953436255,0.144104257
211,4219.991,1786751909736.021,28867658.422,0.000000000,-1.283734679,-0.338399321,-0.247635052
212,4239.992,1786751909756.023,28867678.423,0.000000000,-1.782003760,0.333489478,-0.454988182
213,4259.991,1786751909776.021,28867698.422,0.000000000,-2.260219097,0.478561461,-0.383402020
214,4279.991,1786751909796.022,28867718.422,0.000000000,-3.188255787,0.606666863,-0.071317099
215,4299.992,1786751909816.022,28867738.422,0.000000000,-3.468343019,0.583427787,0.222725421
216,4319.992,1786751909836.022,28867758.423,0.000000000,-3.208665133,0.410767585,0.480444402
217,4339.990,1786751909856.021,28867778.421,0.000000000,-2.603047371,0.208424702,0.345683485
218,4359.994,1786751909876.024,28867798.424,0.000000000,-1.633677840,-0.453719586,0.099692516
219,4379.994,1786751909896.024,28867818.425,0.000000000,-1.025896192,-0.918486416,-0.334381998
220,4399.992,1786751909916.023,28867838.423,0.000000000,-0.931648791,-1.500478387,-1.015633225
221,4419.994,1786751909936.024,28867858.425,0.000000000,-0.883069277,-1.414059758,-1.509413004
222,4439.993,1786751909956.024,28867878.424,0.000000000,-0.625081003,-0.980758250,-1.484666467
223,4459.994,1786751909976.024,28867898.425,0.000000000,-0.854561985,-0.114401422,-0.530657530
224,4479.993,1786751909996.024,28867918.424,0.000000000,-1.420882702,0.063291520,0.351757109
225,4499.993,1786751910016.023,28867938.424,0.000000000,-1.972909451,0.094586954,1.240476251
226,4519.993,1786751910036.023,28867958.423,0.000000000,-1.746492624,0.238215670,1.352347970
227,4539.994,1786751910056.025,28867978.425,0.000000000,-0.390895665,0.617991567,0.723695576
228,4559.993,1786751910076.023,28867998.424,0.000000000,0.977153480,0.242043272,0.016730716
229,4579.993,1786751910096.024,28868018.424,0.000000000,1.027845144,-0.820963562,-0.214734107
230,4599.990,1786751910116.021,28868038.421,0.000000000,0.479812115,-1.423801661,-0.420441598
231,4619.994,1786751910136.024,28868058.425,0.000000000,-0.270945668,-1.633125782,-0.776968062
232,4639.991,1786751910156.022,28868078.422,0.000000000,-1.056935787,-1.154041886,-0.703087747
233,4659.992,1786751910176.023,28868098.423,0.000000000,-1.658839345,-0.719114900,0.248283118
234,4679.993,1786751910196.023,28868118.424,0.000000000,-1.846243501,-0.678887427,1.230919003
235,4699.992,1786751910216.023,28868138.423,0.000000000,-1.768209338,-0.438748837,1.561825037
236,4719.990,1786751910236.021,28868158.421,0.000000000,-1.513870955,-0.443093091,1.345290065
237,4739.991,1786751910256.022,28868178.422,0.000000000,-0.061493419,-0.277784318,0.399102002
238,4759.988,1786751910276.019,28868198.419,0.000000000,0.764092147,-0.974139929,-0.518232226
239,4779.991,1786751910296.022,28868218.422,0.000000000,0.315688699,-1.252123833,-0.770048857
240,4799.990,1786751910316.021,28868238.421,0.000000000,-0.352570832,-1.130646467,-0.847302020
241,4819.990,1786751910336.021,28868258.420,0.000000000,-1.324790239,-0.778239012,-1.131745219
242,4839.989,1786751910356.019,28868278.419,0.000000000,-2.204394579,-1.180181026,-0.647112310
243,4859.993,1786751910376.024,28868298.424,0.000000000,-3.411134958,-1.524866223,0.475766480
244,4879.993,1786751910396.023,28868318.423,0.000000000,-3.740784407,-1.721432328,0.790730536
245,4899.993,1786751910416.024,28868338.424,0.000000000,-2.449512720,-1.648474693,0.030301241
246,4919.993,1786751910436.023,28868358.423,0.000000000,-1.013903379,-1.070962906,-1.013148904
247,4939.993,1786751910456.023,28868378.423,0.000000000,-0.425544709,-0.728851974,-1.468933702
248,4959.993,1786751910476.023,28868398.424,0.000000000,-0.717512906,-1.046555638,-1.349865675
249,4979.994,1786751910496.024,28868418.424,0.000000000,-1.637476325,-1.429065824,-0.904721200
250,4999.995,1786751910516.026,28868438.426,0.000000000,-2.596792221,-2.229381561,-0.533013642
251,5019.994,1786751910536.025,28868458.425,0.000000000,-3.104849100,-3.176114559,0.216549397
252,5039.993,1786751910556.024,28868478.424,0.000000000,-3.381228924,-3.385986805,0.232897550
253,5059.989,1786751910576.019,28868498.420,0.000000000,0.103706196,-2.988166571,-2.004372120
254,5079.992,1786751910596.022,28868518.423,0.000000000,0.000000000,0.000000000,0.000000000
255,5099.992,1786751910616.023,28868538.423,0.000000000,-1.289903879,2.826889038,3.764400721
256,5119.993,1786751910636.023,28868558.424,0.000000000,-2.161168337,2.946688414,2.814323425
257,5139.989,1786751910656.020,28868578.420,0.000000000,-2.268967867,2.489433527,0.765114486
258,5161.000,1786751910677.030,28868599.430,0.000000000,-2.065688372,0.715138614,-0.788874149
259,5179.997,1786751910696.028,28868618.428,0.000000000,-1.687822342,-0.211458132,-0.946061850
260,5199.992,1786751910716.022,28868638.422,0.000000000,-0.267838120,-0.669184446,-0.953010023
261,5219.991,1786751910736.022,28868658.422,0.000000000,1.210363269,-1.049759626,-1.386759043
262,5239.991,1786751910756.022,28868678.422,0.000000000,2.633039951,-0.997568905,-1.577650070
263,5259.987,1786751910776.018,28868698.418,0.000000000,2.839942932,-1.253114581,-1.206096292
264,5279.990,1786751910796.021,28868718.421,0.000000000,2.386342287,-1.174453497,-0.983034611
265,5299.988,1786751910816.019,28868738.419,0.000000000,1.643839836,-0.796554089,-0.734116733
266,5319.994,1786751910836.024,28868758.424,0.000000000,0.999103844,-0.495017529,0.203190908
267,5339.993,1786751910856.024,28868778.424,0.000000000,0.467879236,-0.370995998,1.042403460
268,5359.991,1786751910876.021,28868798.421,0.000000000,-0.084693797,-0.418412030,1.468557239
269,5379.993,1786751910896.024,28868818.424,0.000000000,-0.645301282,-0.446514577,1.268086076
270,5399.992,1786751910916.023,28868838.423,0.000000000,-0.936305225,-0.291173398,0.861669719
271,5419.991,1786751910936.022,28868858.422,0.000000000,-1.103172183,-0.126785979,0.213410914
272,5439.991,1786751910956.022,28868878.422,0.000000000,-1.094327927,-0.125169486,-0.180480123
273,5459.992,1786751910976.022,28868898.422,0.000000000,-1.233259201,-0.144103408,-0.377112985
274,5479.991,1786751910996.022,28868918.422,0.000000000,-1.852392435,0.123137072,-0.499671549
275,5499.993,1786751911016.024,28868938.424,0.000000000,-2.560796738,0.226279885,-0.533401072
276,5519.993,1786751911036.024,28868958.424,0.000000000,-3.122502565,0.337303430,-0.335777730
277,5539.988,1786751911056.019,28868978.419,0.000000000,-3.078204393,0.191800416,-0.176590100
278,5559.989,1786751911076.020,28868998.420,0.000000000,-2.597734451,-0.480453312,0.120423280
279,5579.991,1786751911096.021,28869018.421,0.000000000,-1.467941284,-0.957937837,-0.024635890
280,5599.989,1786751911116.020,28869038.420,0.000000000,-0.880341411,-1.173152924,-0.530724406
281,5619.995,1786751911136.025,28869058.425,0.000000000,-0.688871861,-1.030664206,-1.117665172
282,5639.993,1786751911156.024,28869078.424,0.000000000,-0.622608244,-1.135040402,-1.647107720
283,5659.993,1786751911176.023,28869098.424,0.000000000,-0.737697005,-0.611963391,-1.452627063
284,5679.994,1786751911196.024,28869118.425,0.000000000,-1.533136487,-0.152135789,-0.372625917
285,5699.995,1786751911216.026,28869138.426,0.000000000,-2.184671879,-0.378421992,0.853485167
286,5719.994,1786751911236.025,28869158.425,0.000000000,-2.009856462,-0.197411686,1.296617627
287,5739.993,1786751911256.023,28869178.423,0.000000000,-1.150853515,0.260535091,1.055238724
288,5759.995,1786751911276.026,28869198.426,0.000000000,0.481057018,0.556858897,0.256340176
289,5779.994,1786751911296.024,28869218.425,0.000000000,0.839402795,-0.583985746,-0.357718617
290,5799.992,1786751911316.023,28869238.423,0.000000000,0.470982045,-1.113225698,-0.714641392
291,5819.992,1786751911336.023,28869258.423,0.000000000,0.229388088,-0.849912524,-0.892316639
292,5839.994,1786751911356.024,28869278.424,0.000000000,-0.434128404,-0.783665657,-0.658628643
293,5859.992,1786751911376.023,28869298.423,0.000000000,-1.103252292,-1.113358140,0.352016807
294,5879.991,1786751911396.022,28869318.422,0.000000000,-1.272977114,-1.238978505,1.303879380
295,5899.991,1786751911416.022,28869338.422,0.000000000,-1.308554888,-0.973764420,1.825722694
296,5919.991,1786751911436.021,28869358.421,0.000000000,-0.929836094,-1.082673311,1.711819291
297,5939.990,1786751911456.021,28869378.421,0.000000000,0.623149157,-0.433407396,0.399007112
298,5959.989,1786751911476.020,28869398.420,0.000000000,1.227496028,-0.666846395,-0.746749520
299,5979.989,1786751911496.020,28869418.420,0.000000000,0.702386320,-0.751235485,-0.940573037
300,5999.988,1786751911516.019,28869438.419,0.000000000,-0.089891598,-0.399970025,-0.732340217
301,6019.991,1786751911536.021,28869458.421,0.000000000,-1.027839065,-0.543648541,-0.717331231
302,6039.994,1786751911556.024,28869478.425,0.000000000,-1.577850342,-0.637627244,-0.819525182
303,6059.994,1786751911576.024,28869498.424,0.000000000,-2.442779779,-0.875070274,-0.355557680
304,6079.993,1786751911596.024,28869518.424,0.000000000,-3.191603661,-1.249905467,0.336730182
305,6099.993,1786751911616.024,28869538.424,0.000000000,-3.925804615,-1.336105943,0.799731910
306,6119.991,1786751911636.022,28869558.422,0.000000000,-3.327862263,-1.473195553,0.395123601
307,6139.990,1786751911656.021,28869578.421,0.000000000,-1.185765743,-0.956576943,-0.697313428
308,6159.988,1786751911676.018,28869598.418,0.000000000,0.124203160,-0.933200181,-1.344946742
309,6179.993,1786751911696.023,28869618.423,0.000000000,-0.242724925,-1.469760776,-0.984494686
310,6199.992,1786751911716.022,28869638.423,0.000000000,-1.551017761,-1.921912789,-0.402388304
311,6219.993,1786751911736.024,28869658.424,0.000000000,-2.624298811,-2.453419685,-0.397192657
312,6239.990,1786751911756.021,28869678.420,0.000000000,-3.392897606,-3.060153723,-0.287095100
313,6259.987,1786751911776.017,28869698.418,0.000000000,-3.158794880,-2.996827841,0.204481527
314,6279.985,1786751911796.016,28869718.416,0.000000000,-2.979572535,-2.935957432,0.038778014
315,6299.990,1786751911816.021,28869738.421,0.000000000,-0.616724193,-3.138400555,-1.416941762
316,6319.991,1786751911836.022,28869758.422,0.000000000,0.000000000,0.000000000,0.000000000
317,6339.990,1786751911856.021,28869778.421,0.000000000,-0.825688064,2.501911402,4.143486977
318,6359.990,1786751911876.021,28869798.421,0.000000000,-1.222184539,1.127665877,3.836181879
319,6379.990,1786751911896.021,28869818.421,0.000000000,-2.479255438,0.914742947,2.843425989
320,6399.989,1786751911916.019,28869838.419,0.000000000,-2.824493408,1.500098825,0.385332912
321,6419.990,1786751911936.021,28869858.420,0.000000000,-2.124239683,0.733856857,-1.662227035
322,6439.994,1786751911956.025,28869878.425,0.000000000,-0.598370016,0.686677873,-2.012387276
323,6459.993,1786751911976.024,28869898.424,0.000000000,0.892418265,-0.261463463,-1.004446268
324,6479.995,1786751911996.025,28869918.425,0.000000000,2.092267036,-0.835488975,-0.927480340
325,6499.992,1786751912016.023,28869938.423,0.000000000,2.401776075,-1.116347671,-1.695444226
326,6519.993,1786751912036.023,28869958.423,0.000000000,2.286737442,-0.973956466,-2.110324621
327,6539.991,1786751912056.021,28869978.421,0.000000000,2.059947968,-0.805949509,-2.228989363
328,6559.993,1786751912076.024,28869998.424,0.000000000,1.649208903,-0.433702260,-1.886164427
329,6579.992,1786751912096.023,28870018.423,0.000000000,1.138703942,0.081813738,-0.674114823
330,6599.991,1786751912116.021,28870038.422,0.000000000,0.459683269,0.123120509,0.488712758
331,6619.992,1786751912136.022,28870058.423,0.000000000,-0.204048365,-0.140177622,1.081233621
332,6639.991,1786751912156.022,28870078.422,0.000000000,-0.704077601,-0.364775002,1.069604874
333,6659.990,1786751912176.021,28870098.421,0.000000000,-1.063123345,-0.641710639,0.774710655
334,6679.990,1786751912196.021,28870118.421,0.000000000,-1.145415187,-1.146588802,0.499846071
335,6699.989,1786751912216.020,28870138.420,0.000000000,-1.576238871,-0.664602995,0.027426755
336,6719.990,1786751912236.021,28870158.421,0.000000000,-1.956724048,0.053522915,-0.362234145
337,6739.990,1786751912256.020,28870178.420,0.000000000,-2.139004707,0.518919230,-0.410962671
338,6759.988,1786751912276.019,28870198.419,0.000000000,-2.068336964,0.530134678,-0.384170085
339,6779.989,1786751912296.020,28870218.420,0.000000000,-1.599211216,0.666200936,-0.445755810
340,6799.989,1786751912316.020,28870238.420,0.000000000,-1.459971309,0.295006663,-0.319881618
341,6819.994,1786751912336.024,28870258.424,0.000000000,-1.036090732,-0.292717010,-0.278701365
342,6839.993,1786751912356.023,28870278.424,0.000000000,-0.497429878,-0.796535790,-0.457202107
343,6859.992,1786751912376.023,28870298.423,0.000000000,-0.367893815,-1.050855637,-0.931477487
344,6879.994,1786751912396.024,28870318.424,0.000000000,-0.518058181,-1.329602361,-1.595464468
345,6899.993,1786751912416.024,28870338.424,0.000000000,-0.736775696,-1.101612449,-1.896001220
346,6919.992,1786751912436.023,28870358.423,0.000000000,-1.649214149,-0.395803601,-0.672785044
347,6939.994,1786751912456.024,28870378.425,0.000000000,-2.498815536,-0.528163254,0.890798211
348,6959.994,1786751912476.025,28870398.425,0.000000000,-2.422400236,-0.146377325,1.684707284
349,6979.994,1786751912496.024,28870418.424,0.000000000,-1.623478532,0.569970727,1.534084678
350,6999.995,1786751912516.026,28870438.426,0.000000000,-0.476896375,0.852470517,1.058913827
351,7019.995,1786751912536.025,28870458.425,0.000000000,0.305893421,0.067444831,0.237926200
352,7039.993,1786751912556.024,28870478.424,0.000000000,0.120217562,-0.799944460,-0.266183496
353,7059.994,1786751912576.024,28870498.425,0.000000000,-0.290809661,-1.192167401,-0.622344971
354,7079.994,1786751912596.024,28870518.424,0.000000000,-0.511619806,-0.819565296,-0.939075649
355,7099.993,1786751912616.024,28870538.424,0.000000000,-0.922326863,-0.998346686,-0.723333478
356,7119.995,1786751912636.025,28870558.425,0.000000000,-1.478797436,-1.154681325,0.352417171
357,7139.993,1786751912656.023,28870578.424,0.000000000,-1.385070920,-0.825403988,1.412048817
358,7159.994,1786751912676.024,28870598.424,0.000000000,-1.344318628,-0.851805151,2.120561123
359,7179.992,1786751912696.022,28870618.422,0.000000000,-0.306299955,-0.903345466,1.380321622
360,7199.993,1786751912716.024,28870638.424,0.000000000,1.020063400,-0.463475823,-0.228093415
361,7219.992,1786751912736.022,28870658.423,0.000000000,1.276720285,-0.538480461,-0.871555686
362,7239.993,1786751912756.023,28870678.424,0.000000000,1.025995970,-0.580333292,-0.846507192
363,7259.994,1786751912776.025,28870698.425,0.000000000,0.069589637,-0.941462517,-0.701484203
364,7279.992,1786751912796.022,28870718.423,0.000000000,-0.890628815,-1.502617002,-0.753618658
365,7299.992,1786751912816.022,28870738.422,0.000000000,-1.632513285,-1.246265769,-1.103178144
366,7319.991,1786751912836.021,28870758.421,0.000000000,-2.293881893,-1.117732286,-1.322884560
367,7339.991,1786751912856.021,28870778.421,0.000000000,-3.052115440,-1.626578212,-0.206298575
368,7359.989,1786751912876.020,28870798.420,0.000000000,-3.621978521,-1.551742077,0.976029932
369,7379.991,1786751912896.021,28870818.421,0.000000000,-3.002125502,-1.367106080,0.694762826
370,7399.989,1786751912916.020,28870838.420,0.000000000,-0.959075570,-0.726978660,-0.444942027
371,7419.990,1786751912936.021,28870858.421,0.000000000,-0.008315814,-0.970674455,-0.976666391
372,7439.989,1786751912956.020,28870878.420,0.000000000,-0.391354710,-1.414674401,-0.831793368
373,7459.994,1786751912976.024,28870898.425,0.000000000,-1.563858986,-1.955956578,-0.445762336
374,7479.995,1786751912996.026,28870918.426,0.000000000,-2.618458509,-2.557460070,-0.311839849
375,7499.994,1786751913016.024,28870938.424,0.000000000,-3.313821793,-3.155716181,-0.223729074
376,7519.993,1786751913036.024,28870958.424,0.000000000,-3.310039043,-3.098473549,0.072189048
377,7539.994,1786751913056.025,28870978.425,0.000000000,-2.951685905,-3.119700670,0.275108904
378,7559.993,1786751913076.023,28870998.424,0.000000000,-0.503669679,-3.174450159,-1.527678728
379,7579.993,1786751913096.024,28871018.424,0.000000000,0.000000000,0.000000000,0.000000000
380,7599.993,1786751913116.023,28871038.423,0.000000000,-1.302221298,2.682161093,4.011208534
381,7619.994,1786751913136.025,28871058.425,0.000000000,-2.114465237,3.215610504,2.634224415
382,7639.993,1786751913156.023,28871078.424,0.000000000,-2.286319256,2.100171089,0.589276671
383,7659.993,1786751913176.024,28871098.424,0.000000000,-1.939010739,0.547302306,-0.887952745
384,7679.993,1786751913196.023,28871118.423,0.000000000,-1.202936292,-0.039125491,-1.447569966
385,7699.993,1786751913216.023,28871138.424,0.000000000,0.127336562,-0.528549910,-2.080090523
386,7719.993,1786751913236.024,28871158.424,0.000000000,2.216753960,-0.585631669,-2.587677240
387,7739.993,1786751913256.024,28871178.424,0.000000000,3.284846783,-0.355511934,-2.030192614
388,7759.992,1786751913276.023,28871198.423,0.000000000,2.996411562,-0.032179940,-1.496637344
389,7779.994,1786751913296.025,28871218.425,0.000000000,2.166270256,0.038964648,-1.127098203
390,7799.993,1786751913316.023,28871238.424,0.000000000,1.361189485,-0.288776606,-0.444821805
391,7819.993,1786751913336.023,28871258.424,0.000000000,0.831996620,-0.552872360,0.837512732
392,7839.993,1786751913356.024,28871278.424,0.000000000,0.338052571,-0.913185775,1.738749743
393,7859.994,1786751913376.025,28871298.425,0.000000000,-0.262613654,-1.245584607,1.999341846
394,7879.993,1786751913396.023,28871318.424,0.000000000,-0.842978120,-1.114935875,1.642332196
395,7899.992,1786751913416.023,28871338.423,0.000000000,-0.933729649,-0.647304177,1.147477388
396,7919.992,1786751913436.023,28871358.423,0.000000000,-1.127289414,-0.570293188,0.528047204
397,7939.992,1786751913456.023,28871378.423,0.000000000,-1.204266787,-0.523489177,0.166149557
398,7959.993,1786751913476.023,28871398.424,0.000000000,-1.410910606,-0.058963504,-0.121146910
399,7979.992,1786751913496.023,28871418.423,0.000000000,-2.064249039,0.379958689,-0.344517708
400,7999.992,1786751913516.023,28871438.423,0.000000000,-2.808585167,0.312218189,-0.389225274
401,8019.992,1786751913536.023,28871458.423,0.000000000,-3.137060165,0.313103497,-0.364686906
402,8039.992,1786751913556.022,28871478.422,0.000000000,-2.869505644,0.158949584,-0.252906471
403,8059.991,1786751913576.021,28871498.421,0.000000000,-2.553277731,-0.394129157,0.147256210
404,8079.992,1786751913596.023,28871518.423,0.000000000,-1.499111652,-0.838991463,0.055506580
405,8099.990,1786751913616.021,28871538.421,0.000000000,-0.805372596,-1.255231380,-0.223617092
406,8119.991,1786751913636.022,28871558.422,0.000000000,-0.632161140,-1.326433778,-0.540840387
407,8139.989,1786751913656.020,28871578.420,0.000000000,-0.575959384,-1.473652363,-1.046228290
408,8159.989,1786751913676.019,28871598.420,0.000000000,-0.482499599,-1.122100949,-1.341782928
409,8179.990,1786751913696.021,28871618.421,0.000000000,-0.895944297,-0.222859725,-0.812834203
410,8199.993,1786751913716.024,28871638.424,0.000000000,-1.920326114,0.478565335,0.363342047
411,8219.992,1786751913736.023,28871658.423,0.000000000,-2.305917025,0.177522063,1.107149005
412,8239.995,1786751913756.026,28871678.426,0.000000000,-1.786118984,0.194387019,1.160777330
413,8259.993,1786751913776.023,28871698.424,0.000000000,-0.179385826,0.612529814,0.311183035
414,8279.993,1786751913796.023,28871718.424,0.000000000,0.924118996,0.061792698,-0.332771063
415,8299.992,1786751913816.022,28871738.423,0.000000000,0.811972737,-0.905980468,-0.518715203
416,8319.992,1786751913836.022,28871758.423,0.000000000,0.385990798,-1.125647426,-0.633165181
417,8339.992,1786751913856.023,28871778.423,0.000000000,-0.051047042,-1.337442756,-0.741007924
418,8359.993,1786751913876.023,28871798.423,0.000000000,-0.631974399,-1.410668015,-0.626524627
419,8379.992,1786751913896.023,28871818.423,0.000000000,-1.349942565,-1.417356133,0.072388366
420,8399.994,1786751913916.024,28871838.424,0.000000000,-1.806741714,-1.175604343,1.085969806
421,8419.992,1786751913936.023,28871858.423,0.000000000,-1.898815632,-1.016785145,1.562875390
422,8439.992,1786751913956.023,28871878.423,0.000000000,-1.864246964,-0.915739298,1.410827160
423,8459.992,1786751913976.023,28871898.423,0.000000000,-0.726730049,-0.605258167,0.691432536
424,8479.993,1786751913996.024,28871918.424,0.000000000,0.255927294,-1.181115746,-0.069633156
425,8499.993,1786751914016.024,28871938.424,0.000000000,-0.003021799,-1.142178655,-0.433745533
426,8519.993,1786751914036.024,28871958.424,0.000000000,-0.298698068,-0.764990628,-0.616417229
427,8539.993,1786751914056.024,28871978.424,0.000000000,-0.479212582,-0.137572289,-0.988365233
428,8559.994,1786751914076.024,28871998.425,0.000000000,-1.235610127,-0.769825637,-0.705262840
429,8579.991,1786751914096.022,28872018.422,0.000000000,-2.453949451,-1.494442821,0.371308863
430,8599.993,1786751914116.023,28872038.423,0.000000000,-3.322022200,-1.787160277,1.154489994
431,8619.995,1786751914136.026,28872058.426,0.000000000,-2.983875275,-1.931321263,0.979980171
432,8639.992,1786751914156.022,28872078.423,0.000000000,-1.084249258,-1.418228745,-0.053508621
433,8659.994,1786751914176.024,28872098.424,0.000000000,0.633125901,-0.661995590,-1.116289616
434,8679.989,1786751914196.020,28872118.420,0.000000000,0.774733543,-0.806634784,-1.056752086
435,8699.991,1786751914216.022,28872138.422,0.000000000,-0.935605347,-1.358874679,0.055040885
436,8719.993,1786751914236.023,28872158.423,0.000000000,-2.372339487,-1.268245459,0.164082766
437,8739.989,1786751914256.020,28872178.420,0.000000000,-3.231974840,-1.736378670,-0.007055044
438,8759.993,1786751914276.023,28872198.424,0.000000000,-3.678753853,-2.181553364,0.093090676
439,8779.993,1786751914296.023,28872218.424,0.000000000,-3.401811123,-2.307497978,0.517580271
440,8799.993,1786751914316.024,28872238.424,0.000000000,-3.138522387,-2.498421669,0.249865353
441,8819.992,1786751914336.022,28872258.423,0.000000000,-2.836836576,-1.931163311,-0.767708182
442,8839.994,1786751914356.024,28872278.425,0.000000000,1.026403427,-1.883288622,-2.264679670
443,8859.992,1786751914376.022,28872298.422,0.000000000,-0.536238253,1.477408886,4.169874668
444,8879.990,1786751914396.021,28872318.421,0.000000000,-1.636170864,1.500287414,6.265743256
445,8899.990,1786751914416.021,28872338.421,0.000000000,-2.660910368,1.452494264,3.427004099
446,8919.989,1786751914436.019,28872358.419,0.000000000,-1.436449885,2.341622114,-0.997575104
447,8939.988,1786751914456.019,28872378.419,0.000000000,-1.009085536,0.462879986,-2.997648478
448,8959.987,1786751914476.017,28872398.417,0.000000000,-0.036662798,-0.752424121,-2.726639986
449,8979.987,1786751914496.018,28872418.418,0.000000000,1.408070922,-0.795261502,-2.822024107
450,8999.986,1786751914516.017,28872438.417,0.000000000,2.651542664,-1.019904613,-3.033198595
451,9019.987,1786751914536.018,28872458.418,0.000000000,3.608644009,-0.444359213,-2.686827421
452,9039.991,1786751914556.021,28872478.422,0.000000000,3.041238308,-0.234476373,-1.896415114
453,9059.991,1786751914576.022,28872498.422,0.000000000,1.914080381,-0.440317482,-0.887424350
454,9079.992,1786751914596.022,28872518.422,0.000000000,1.013904452,-0.899946868,-0.002506824
455,9099.988,1786751914616.019,28872538.419,0.000000000,0.280499250,-0.838068306,1.191850066
456,9119.995,1786751914636.025,28872558.425,0.000000000,-0.404422969,-1.222968102,1.898033738
457,9139.992,1786751914656.023,28872578.423,0.000000000,-0.977565408,-1.228520989,1.847180128
458,9159.992,1786751914676.023,28872598.423,0.000000000,-1.308748364,-0.801830590,1.166789651
459,9179.991,1786751914696.022,28872618.422,0.000000000,-1.528779268,-0.312298357,0.309675515
460,9199.990,1786751914716.021,28872638.421,0.000000000,-1.563797355,0.369885862,-0.166377634
461,9219.991,1786751914736.022,28872658.422,0.000000000,-1.583868384,0.672157049,-0.317934752
462,9239.988,1786751914756.019,28872678.419,0.000000000,-1.820373416,0.696849525,-0.353582650
463,9259.988,1786751914776.019,28872698.419,0.000000000,-2.553992987,0.855434537,-0.436998099
464,9279.987,1786751914796.017,28872718.417,0.000000000,-2.825957537,0.706459582,-0.394163638
465,9299.990,1786751914816.021,28872738.420,0.000000000,-3.034951448,0.194153056,0.031535171
466,9319.992,1786751914836.022,28872758.422,0.000000000,-2.518625736,-0.102067493,0.311539173
467,9339.991,1786751914856.021,28872778.421,0.000000000,-1.451543212,-0.435579896,0.098926149
468,9359.991,1786751914876.022,28872798.422,0.000000000,-0.998494267,-0.964697957,-0.417202771
469,9379.990,1786751914896.021,28872818.421,0.000000000,-0.866353571,-1.303225160,-1.043620944
470,9399.991,1786751914916.021,28872838.422,0.000000000,-0.733062208,-1.228443742,-1.408188224
471,9419.993,1786751914936.023,28872858.424,0.000000000,-0.632323205,-0.425549239,-1.155721545
472,9439.988,1786751914956.019,28872878.419,0.000000000,-1.153480291,-0.054666016,-0.582268536
473,9459.990,1786751914976.021,28872898.421,0.000000000,-1.833466649,-0.005550693,0.460581392
474,9479.993,1786751914996.023,28872918.423,0.000000000,-1.932647824,0.013457356,1.079440236
475,9499.990,1786751915016.021,28872938.421,0.000000000,-1.429018378,0.222314745,1.179331422
476,9519.990,1786751915036.020,28872958.420,0.000000000,0.102124713,0.802490711,0.490547210
477,9539.989,1786751915056.020,28872978.420,0.000000000,1.238943219,0.175046504,-0.474928528
478,9559.989,1786751915076.020,28872998.420,0.000000000,1.163426280,-0.776215553,-0.728931665
479,9579.991,1786751915096.022,28873018.422,0.000000000,0.709282100,-1.187901497,-0.654008448
480,9599.991,1786751915116.021,28873038.421,0.000000000,-0.099804118,-1.155226707,-0.618995428
481,9619.991,1786751915136.022,28873058.422,0.000000000,-0.969439030,-1.405716300,-0.312524825
482,9639.988,1786751915156.019,28873078.419,0.000000000,-1.661381841,-0.988376021,0.514618754
483,9659.992,1786751915176.022,28873098.422,0.000000000,-1.989776611,-0.849771619,1.297788382
484,9679.989,1786751915196.020,28873118.420,0.000000000,-2.090012312,-0.824434221,1.863322616
485,9699.991,1786751915216.021,28873138.422,0.000000000,-1.905672073,-0.904028893,1.635817170
486,9719.986,1786751915236.017,28873158.417,0.000000000,-0.378868550,-0.629897177,0.545721352
487,9739.987,1786751915256.017,28873178.417,0.000000000,0.644489408,-0.913186193,-0.524682701
488,9759.989,1786751915276.020,28873198.420,0.000000000,0.432225734,-1.103980184,-0.898176491
489,9779.988,1786751915296.019,28873218.419,0.000000000,-0.251445025,-0.934860170,-0.923321486
490,9799.987,1786751915316.018,28873238.418,0.000000000,-0.701999128,-0.389943898,-1.176872373
491,9819.988,1786751915336.018,28873258.418,0.000000000,-1.202415109,-0.111340076,-0.880606651
492,9839.986,1786751915356.017,28873278.417,0.000000000,-2.444234848,-0.610523582,0.510848224
493,9859.983,1786751915376.014,28873298.414,0.000000000,-3.274238825,-1.067953110,1.564325571
494,9879.984,1786751915396.015,28873318.415,0.000000000,-2.823118210,-1.597163796,1.378971934
495,9899.986,1786751915416.016,28873338.417,0.000000000,-1.456932664,-1.712675452,0.560082674
496,9919.987,1786751915436.018,28873358.418,0.000000000,0.370569557,-1.102618575,-0.936886013
497,9939.984,1786751915456.014,28873378.414,0.000000000,1.021247149,-0.973805368,-1.605144143
498,9959.983,1786751915476.014,28873398.414,0.000000000,0.122510277,-1.241483450,-1.003842592
499,9979.984,1786751915496.015,28873418.415,0.000000000,-1.694179893,-1.541252375,-0.401924759
500,9999.984,1786751915516.015,28873438.415,0.000000000,-2.743437767,-1.494938374,-0.470416069
501,10019.985,1786751915536.016,28873458.416,0.000000000,-3.284602880,-2.329437256,-0.554596603
502,10039.985,1786751915556.015,28873478.415,0.000000000,-3.691682577,-2.873193741,-0.049940974
503,10059.984,1786751915576.014,28873498.414,0.000000000,-3.294553280,-3.069771051,0.569016874
504,10079.987,1786751915596.018,28873518.418,0.000000000,-3.007476091,-2.910656691,0.041969869
505,10099.989,1786751915616.019,28873538.419,0.000000000,0.603003442,-2.398561478,-2.106848478
506,10119.984,1786751915636.015,28873558.415,0.000000000,0.000000000,0.000000000,0.000000000
507,10139.988,1786751915656.019,28873578.419,0.000000000,-0.732616246,2.473815680,4.050213814
508,10159.987,1786751915676.018,28873598.418,0.000000000,-1.175863266,1.023298264,3.683864117
509,10179.987,1786751915696.018,28873618.418,0.000000000,-2.404620409,0.823855042,2.542532206
510,10199.992,1786751915716.023,28873638.423,0.000000000,-2.860839605,1.103507042,0.384819090
511,10219.989,1786751915736.020,28873658.420,0.000000000,-2.222401381,1.040598631,-1.588484049
512,10239.990,1786751915756.020,28873678.420,0.000000000,-0.564653397,0.790227532,-2.018996477
513,10259.986,1786751915776.017,28873698.417,0.000000000,1.157515287,-0.107116774,-1.116998315
514,10279.987,1786751915796.017,28873718.418,0.000000000,2.445667744,-0.592606664,-1.164914489
515,10299.986,1786751915816.017,28873738.417,0.000000000,2.667208195,-0.938698471,-1.931452155
516,10319.985,1786751915836.015,28873758.415,0.000000000,2.526127338,-0.857998669,-2.221519470
517,10339.985,1786751915856.016,28873778.416,0.000000000,2.117534637,-0.772481143,-2.037041903
518,10359.988,1786751915876.019,28873798.419,0.000000000,1.474210858,-0.567709148,-1.287165403
519,10379.988,1786751915896.019,28873818.419,0.000000000,0.902633965,-0.303463191,-0.191354170
520,10399.987,1786751915916.018,28873838.418,0.000000000,0.269007117,-0.255474657,0.739640117
521,10419.986,1786751915936.017,28873858.417,0.000000000,-0.326804101,-0.296641707,1.134115458
522,10439.990,1786751915956.021,28873878.421,0.000000000,-0.820282400,-0.285928696,0.980880201
523,10459.990,1786751915976.021,28873898.421,0.000000000,-1.239787936,-0.209633410,0.613894701
524,10479.990,1786751915996.020,28873918.420,0.000000000,-1.324969411,-0.043544505,0.157357931
525,10499.990,1786751916016.021,28873938.420,0.000000000,-1.349563122,0.124669284,-0.056053322
526,10519.990,1786751916036.021,28873958.421,0.000000000,-1.731002688,0.360249937,-0.123423479
527,10539.990,1786751916056.020,28873978.420,0.000000000,-2.110166311,0.350078374,-0.131835237
528,10559.989,1786751916076.020,28873998.420,0.000000000,-2.336626768,0.265600592,-0.194960877
529,10579.988,1786751916096.018,28874018.418,0.000000000,-2.437750578,0.095408507,-0.188038424
530,10599.991,1786751916116.022,28874038.422,0.000000000,-2.169805765,-0.185813710,-0.021080922
531,10619.989,1786751916136.019,28874058.419,0.000000000,-1.438825369,-0.597558379,0.191718251
532,10639.990,1786751916156.021,28874078.421,0.000000000,-0.727714419,-0.727118850,-0.091950208
533,10659.990,1786751916176.021,28874098.420,0.000000000,-0.490421861,-1.025125384,-0.749190569
534,10679.989,1786751916196.019,28874118.420,0.000000000,-0.375841439,-1.060192823,-1.384994149
535,10699.988,1786751916216.018,28874138.418,0.000000000,-0.484904110,-0.855273485,-1.624341369
536,10719.987,1786751916236.018,28874158.418,0.000000000,-0.791286290,-0.012774147,-1.090813994
537,10739.987,1786751916256.018,28874178.418,0.000000000,-1.916759849,-0.070744529,0.214852035
538,10759.987,1786751916276.017,28874198.417,0.000000000,-2.420480251,-0.136371806,1.318512321
539,10779.988,1786751916296.018,28874218.419,0.000000000,-2.213565111,-0.083301619,1.585531354
540,10799.988,1786751916316.019,28874238.419,0.000000000,-1.027984500,0.438593030,1.106453419
541,10819.988,1786751916336.019,28874258.419,0.000000000,0.388580173,0.145169526,0.148725614
542,10839.988,1786751916356.019,28874278.419,0.000000000,0.572914124,-0.776047528,-0.463476986
543,10859.986,1786751916376.017,28874298.417,0.000000000,0.049617402,-1.308030248,-0.685239255
544,10879.987,1786751916396.017,28874318.417,0.000000000,-0.367644489,-1.145846486,-0.845689595
545,10899.986,1786751916416.017,28874338.417,0.000000000,-1.127889276,-0.928725660,-0.776969194
546,10919.985,1786751916436.016,28874358.416,0.000000000,-1.566465139,-0.887493312,0.381303459
547,10939.985,1786751916456.015,28874378.416,0.000000000,-1.463274121,-0.903468907,1.385400414
548,10959.985,1786751916476.016,28874398.416,0.000000000,-1.330475569,-0.671114862,1.886584044
549,10979.989,1786751916496.020,28874418.420,0.000000000,-0.631699324,-0.820388019,1.444443941
550,10999.986,1786751916516.016,28874438.416,0.000000000,0.560774505,-0.666865826,0.386261761
551,11019.985,1786751916536.015,28874458.415,0.000000000,1.252647519,-0.687620521,-0.822537005
552,11039.985,1786751916556.016,28874478.416,0.000000000,0.733690977,-0.876475096,-1.023437858
553,11059.985,1786751916576.015,28874498.415,0.000000000,-0.030149903,-0.807060897,-0.828727186
554,11079.989,1786751916596.019,28874518.419,0.000000000,-1.137479663,-0.896311700,-0.872190654
555,11099.987,1786751916616.017,28874538.417,0.000000000,-1.721627474,-0.703118980,-0.904583752
556,11119.985,1786751916636.015,28874558.415,0.000000000,-2.572893620,-0.930368662,-0.255248189
557,11139.984,1786751916656.015,28874578.415,0.000000000,-3.750567913,-1.235403538,0.922271073
558,11159.984,1786751916676.015,28874598.415,0.000000000,-3.997746706,-1.514887452,1.106831551
559,11179.988,1786751916696.018,28874618.418,0.000000000,-2.300092220,-1.468645930,0.151097894
560,11199.989,1786751916716.020,28874638.420,0.000000000,-0.600930214,-0.959299326,-1.091923356
561,11219.990,1786751916736.021,28874658.421,0.000000000,0.089846283,-0.778158128,-1.645302296
562,11239.988,1786751916756.018,28874678.418,0.000000000,-0.335412621,-1.332567096,-1.389811993
563,11259.988,1786751916776.018,28874698.418,0.000000000,-1.604883671,-1.776991963,-0.792998493
564,11279.985,1786751916796.016,28874718.416,0.000000000,-2.569420338,-2.174973965,-0.650194108
565,11299.985,1786751916816.016,28874738.416,0.000000000,-3.215982914,-2.795591593,-0.512680411
566,11319.985,1786751916836.016,28874758.416,0.000000000,-3.282063246,-3.080321312,-0.048014171
567,11339.985,1786751916856.015,28874778.415,0.000000000,-2.935356140,-3.126057386,-0.001581836
568,11359.984,1786751916876.015,28874798.415,0.000000000,-2.703349113,-2.526641369,-0.763422966
569,11379.988,1786751916896.019,28874818.419,0.000000000,0.956044376,-1.969211698,-2.423063755
570,11399.986,1786751916916.016,28874838.416,0.000000000,-0.630186617,1.380791306,4.708758354
571,11419.985,1786751916936.016,28874858.416,0.000000000,-1.728318453,0.823839784,5.739290237
572,11439.985,1786751916956.016,28874878.416,0.000000000,-2.178461552,1.787900567,3.552628994
573,11459.984,1786751916976.015,28874898.415,0.000000000,-1.390930891,2.628087044,-0.434176862
574,11479.985,1786751916996.016,28874918.416,0.000000000,-1.110435843,0.831573904,-2.533086538
575,11499.984,1786751917016.015,28874938.415,0.000000000,-0.135302097,-0.273153365,-3.108814001
576,11519.984,1786751917036.015,28874958.415,0.000000000,0.988956869,-0.590248525,-3.391428471
577,11539.984,1786751917056.015,28874978.415,0.000000000,2.755228996,-0.068523601,-3.592785358
578,11559.989,1786751917076.019,28874998.419,0.000000000,3.440943956,0.479404300,-2.926180840
579,11579.988,1786751917096.019,28875018.419,0.000000000,2.798497677,0.606899858,-1.921766877
580,11599.987,1786751917116.018,28875038.418,0.000000000,1.325420499,0.207904845,-0.850370109
581,11619.986,1786751917136.017,28875058.417,0.000000000,0.606980562,-0.417568237,0.533918679
582,11639.989,1786751917156.020,28875078.420,0.000000000,0.231988475,-0.943223417,1.689970374
583,11659.986,1786751917176.016,28875098.417,0.000000000,-0.053294621,-1.309872150,2.130285501
584,11679.984,1786751917196.015,28875118.415,0.000000000,-0.618414223,-1.579553008,2.125694752
585,11699.986,1786751917216.016,28875138.416,0.000000000,-1.175373554,-1.302649856,1.618418097
586,11719.985,1786751917236.016,28875158.416,0.000000000,-1.407030106,-0.734349430,0.882818520
587,11739.985,1786751917256.015,28875178.415,0.000000000,-1.327546358,-0.488891393,0.431815326
588,11759.985,1786751917276.016,28875198.416,0.000000000,-1.214268684,-0.446557313,0.247524425
589,11779.984,1786751917296.014,28875218.414,0.000000000,-1.783624291,-0.169798031,-0.018139431
590,11799.985,1786751917316.016,28875238.416,0.000000000,-2.486685991,0.057538763,-0.371217906
591,11819.984,1786751917336.015,28875258.415,0.000000000,-2.454466581,0.105802096,-0.299713790
592,11839.985,1786751917356.015,28875278.415,0.000000000,-2.303472281,0.086984701,-0.111589842
593,11859.983,1786751917376.014,28875298.414,0.000000000,-1.876985312,-0.040491857,-0.045827635
594,11879.985,1786751917396.015,28875318.415,0.000000000,-1.049478173,-0.362885684,-0.262407631
595,11899.984,1786751917416.015,28875338.415,0.000000000,-0.416678846,-0.360427231,-0.641365051
596,11919.988,1786751917436.019,28875358.419,0.000000000,-0.061852317,-0.597958624,-1.148787618
597,11939.988,1786751917456.019,28875378.419,0.000000000,-0.045998476,-0.644832790,-1.499919415
598,11959.985,1786751917476.016,28875398.416,0.000000000,-0.269162804,-0.530048430,-1.578760028
599,11979.993,1786751917496.023,28875418.424,0.000000000,-0.883067012,-0.122209489,-1.052392006
600,11999.989,1786751917516.020,28875438.420,0.000000000,-1.944084167,0.667939961,-0.250959724
601,12019.986,1786751917536.017,28875458.417,0.000000000,-2.269933224,0.588860869,0.029400025
602,12039.988,1786751917556.018,28875478.418,0.000000000,-1.878998399,0.837010741,0.212287501
603,12059.987,1786751917576.018,28875498.418,0.000000000,-1.211366177,0.352130383,0.405903012
604,12079.992,1786751917596.022,28875518.423,0.000000000,-1.207604408,-0.940566361,0.080179468
605,12099.984,1786751917616.014,28875538.415,0.000000000,-1.708257556,-1.853426099,-0.373648942
606,12119.984,1786751917636.014,28875558.415,0.000000000,-2.028236151,-1.744961500,-0.691384017
607,12139.983,1786751917656.014,28875578.414,0.000000000,-2.150406837,-1.147084594,-1.106532454
608,12159.983,1786751917676.014,28875598.414,0.000000000,-1.945553184,-0.586347282,-1.325880051
609,12179.984,1786751917696.015,28875618.415,0.000000000,-1.623670101,-0.196036667,-1.301949859
610,12199.999,1786751917716.029,28875638.429,0.000000000,-1.554038405,-0.085266635,-1.318579555
611,12219.989,1786751917736.020,28875658.420,0.000000000,-1.347570419,-0.244353563,-1.691982508
612,12239.986,1786751917756.016,28875678.417,0.000000000,-0.890602827,-0.950607479,-2.106525660
613,12259.986,1786751917776.016,28875698.416,0.000000000,-0.143620536,-1.949189425,-2.153016567
614,12279.987,1786751917796.018,28875718.418,0.000000000,-0.029631706,-3.409558296,-1.682081342
615,12299.986,1786751917816.017,28875738.417,0.000000000,-0.390009135,-4.560651779,-1.228922129
616,12319.991,1786751917836.022,28875758.422,0.000000000,-0.790841639,-5.040085793,-0.936503708
617,12339.985,1786751917856.015,28875778.416,0.000000000,-1.051599741,-5.024464607,-0.765892088
618,12359.986,1786751917876.016,28875798.416,0.000000000,-0.299591959,-4.774479389,-0.168785766
619,12379.991,1786751917896.022,28875818.422,0.000000000,0.537060022,-4.123024940,-0.116262674
620,12399.992,1786751917916.023,28875838.423,0.000000000,0.594910026,-3.427058697,-0.030497681
621,12419.990,1786751917936.021,28875858.421,0.000000000,0.357488394,-3.042264462,0.136191055
622,12439.993,1786751917956.023,28875878.424,0.000000000,-0.121336587,-3.099464417,0.368969709
623,12459.996,1786751917976.026,28875898.426,0.000000000,0.320651591,-1.350666404,2.602616787
624,12479.992,1786751917996.022,28875918.422,0.000000000,0.356367439,1.556921005,6.484180927
625,12499.993,1786751918016.023,28875938.423,0.000000000,0.948997140,2.081042290,2.427214622
626,12519.990,1786751918036.021,28875958.421,0.000000000,1.424707532,2.633907080,-1.424386024
627,12539.991,1786751918056.022,28875978.422,0.000000000,1.619894743,3.641036510,-4.271936417
628,12559.991,1786751918076.021,28875998.421,0.000000000,1.145170927,0.976689160,-5.424920082
629,12579.988,1786751918096.019,28876018.419,0.000000000,0.909949183,-0.390911400,-5.302171707
630,12599.989,1786751918116.020,28876038.420,0.000000000,0.695589125,-1.217678308,-4.818409920
631,12619.989,1786751918136.020,28876058.420,0.000000000,0.269041687,-1.673480511,-3.893657923
632,12639.991,1786751918156.022,28876078.422,0.000000000,-0.640123963,-2.250013590,-2.455422640
633,12659.990,1786751918176.021,28876098.421,0.000000000,-1.348140001,-3.095536470,-1.564882278
634,12679.991,1786751918196.022,28876118.422,0.000000000,-1.503906012,-3.427796841,-1.220893979
635,12699.993,1786751918216.024,28876138.424,0.000000000,-0.852283061,-3.037973166,-0.386449248
636,12719.992,1786751918236.022,28876158.423,0.000000000,-0.214055553,-1.525946379,2.026606321
637,12739.992,1786751918256.023,28876178.423,0.000000000,-0.738650858,0.217809901,3.828203201
638,12759.991,1786751918276.022,28876198.422,0.000000000,-2.195867777,0.841978133,4.578356266
639,12779.990,1786751918296.021,28876218.421,0.000000000,-3.432713509,0.437512547,4.219913960
640,12799.990,1786751918316.020,28876238.420,0.000000000,-4.202064037,-0.435696751,3.608930349
641,12819.989,1786751918336.020,28876258.420,0.000000000,-4.831384659,-0.873733282,3.108942747
642,12839.989,1786751918356.019,28876278.420,0.000000000,-4.990783691,0.021496378,2.783807993
643,12859.989,1786751918376.019,28876298.420,0.000000000,-4.531273365,1.079517007,2.377750874
644,12879.995,1786751918396.026,28876318.426,0.000000000,-3.780915499,1.481865287,1.699531436
645,12899.993,1786751918416.023,28876338.423,0.000000000,-3.512697220,1.488298655,0.375741601
646,12919.994,1786751918436.024,28876358.425,0.000000000,-3.278354645,1.007057428,-0.711705923
647,12939.993,1786751918456.024,28876378.424,0.000000000,-2.990026712,0.335345864,-0.360819101
648,12959.991,1786751918476.022,28876398.422,0.000000000,-2.399183035,0.452813327,0.679841638
649,12979.994,1786751918496.024,28876418.425,0.000000000,-2.364483595,-0.108630866,0.047129523
650,12999.990,1786751918516.021,28876438.421,0.000000000,-1.917485714,-0.727203667,-2.277490377
651,13019.994,1786751918536.025,28876458.425,0.000000000,-0.996636212,-1.019186020,-4.194605827
652,13039.990,1786751918556.021,28876478.421,0.000000000,-0.215437934,-0.940558851,-4.616963863
653,13059.988,1786751918576.019,28876498.419,0.000000000,0.061615925,-0.706873178,-4.035126686
654,13079.994,1786751918596.024,28876518.425,0.000000000,-0.094634652,-1.302810431,-3.678097248
655,13099.989,1786751918616.020,28876538.420,0.000000000,-0.089994565,-2.931818008,-3.382525682
656,13119.991,1786751918636.022,28876558.422,0.000000000,-0.173818469,-4.469654560,-2.983613491
657,13139.992,1786751918656.023,28876578.423,0.000000000,-0.377864271,-5.428184509,-3.028128862
658,13159.991,1786751918676.021,28876598.422,0.000000000,-2.544187069,-7.008764267,-3.483056307
659,13179.995,1786751918696.026,28876618.426,0.000000000,-3.233443260,-6.916953087,-4.524285316
660,13199.991,1786751918716.022,28876638.422,0.000000000,-3.632833242,-7.063287735,-4.906201363
661,13219.994,1786751918736.024,28876658.425,0.000000000,-0.115453430,-3.031536341,-8.629127502
662,13239.991,1786751918756.021,28876678.421,0.000000000,0.880707502,-1.967565894,-5.774310589
663,13259.987,1786751918776.018,28876698.418,0.000000000,1.179145575,-1.692510247,-4.139314175
664,13279.990,1786751918796.021,28876718.421,0.000000000,1.602048993,-1.441617250,-2.569734335
665,13299.993,1786751918816.024,28876738.424,0.000000000,1.581175923,-1.497815609,-0.459234446
666,13319.992,1786751918836.022,28876758.423,0.000000000,0.564602375,-1.116600513,-0.208300635
667,13339.990,1786751918856.021,28876778.420,0.000000000,0.397950828,-0.823587596,-0.491406173
668,13359.985,1786751918876.016,28876798.416,0.000000000,0.450475931,-1.066951156,-1.558694363
669,13379.990,1786751918896.020,28876818.420,0.000000000,-0.131857887,-2.721259832,-1.089668632
670,13399.989,1786751918916.019,28876838.419,0.000000000,0.022094620,0.452716053,0.609712243
671,13419.989,1786751918936.020,28876858.420,0.000000000,-0.060610361,0.264923275,7.897420883
672,13439.993,1786751918956.024,28876878.424,0.000000000,-0.620498121,0.313873887,8.289572716
673,13459.993,1786751918976.024,28876898.424,0.000000000,-0.717550933,2.149432659,6.249006748
674,13479.992,1786751918996.023,28876918.423,0.000000000,0.006587991,3.117071152,4.558575153
675,13499.992,1786751919016.023,28876938.423,0.000000000,0.589165866,3.471653938,2.459660053
676,13519.994,1786751919036.025,28876958.425,0.000000000,1.772083879,3.296240807,-1.982333422
677,13539.991,1786751919056.021,28876978.421,0.000000000,3.784412622,3.315459490,-5.431389332
678,13559.992,1786751919076.022,28876998.423,0.000000000,2.953581095,2.946650743,-5.336225510
679,13579.990,1786751919096.021,28877018.421,0.000000000,0.821256518,1.313521743,-2.516208172
680,13599.989,1786751919116.020,28877038.420,0.000000000,-0.305298358,0.843038619,0.464814663
681,13619.990,1786751919136.021,28877058.420,0.000000000,-0.838434041,-0.017578060,1.612123251
682,13639.989,1786751919156.020,28877078.420,0.000000000,-0.862119198,-0.532196999,3.270148277
683,13659.989,1786751919176.020,28877098.420,0.000000000,-1.235282063,-1.288070917,3.976977348
684,13679.991,1786751919196.022,28877118.422,0.000000000,-1.561958432,-2.249160051,2.480534077
685,13699.992,1786751919216.023,28877138.423,0.000000000,-1.644345284,-2.496756077,-1.695996761
686,13719.991,1786751919236.022,28877158.422,0.000000000,-1.229472399,-2.080087185,-5.423160553
687,13739.991,1786751919256.022,28877178.422,0.000000000,-0.122845531,-0.928596258,-9.791137695
688,13759.992,1786751919276.022,28877198.422,0.000000000,0.602226973,0.690135837,-11.369276047
689,13779.992,1786751919296.023,28877218.423,0.000000000,0.033315197,-0.244507298,-9.996644974
690,13799.988,1786751919316.019,28877238.419,0.000000000,-1.278880358,-2.181438446,-7.708584785
691,13819.991,1786751919336.021,28877258.421,0.000000000,-1.642849207,-2.438103199,-6.323884964
692,13839.990,1786751919356.021,28877278.421,0.000000000,-0.883838356,-1.391125083,-6.191965580
693,13859.989,1786751919376.020,28877298.420,0.000000000,-0.258762121,0.021900024,-5.159221172
694,13879.991,1786751919396.021,28877318.422,0.000000000,-1.077628136,0.621359885,-3.762534618
695,13899.989,1786751919416.020,28877338.420,0.000000000,-1.579117775,0.641733110,-3.579943419
696,13919.994,1786751919436.025,28877358.425,0.000000000,-1.741385221,0.196893528,-3.370716095
697,13939.988,1786751919456.019,28877378.419,0.000000000,-0.969471514,0.083638996,-3.424582958
698,13959.992,1786751919476.022,28877398.423,0.000000000,0.427544832,-0.249188140,-3.721648693
699,13979.990,1786751919496.021,28877418.421,0.000000000,0.498380810,-0.364752680,-3.789420843
700,13999.990,1786751919516.021,28877438.421,0.000000000,-0.283744633,0.053627610,-4.316310883
701,14019.991,1786751919536.022,28877458.422,0.000000000,-0.171470642,0.512388825,-4.670993328
702,14039.995,1786751919556.025,28877478.425,0.000000000,0.806534410,1.258258581,-3.937141418
703,14059.995,1786751919576.026,28877498.426,0.000000000,1.258049607,0.080033846,-1.608690500
704,14079.994,1786751919596.024,28877518.425,0.000000000,-0.057810966,-2.167908669,0.355477899
705,14099.994,1786751919616.024,28877538.424,0.000000000,-1.410138965,-2.830125570,0.013846754
706,14119.992,1786751919636.023,28877558.423,0.000000000,-1.336318612,-1.898595333,-0.962340236
707,14139.994,1786751919656.025,28877578.425,0.000000000,-0.501823068,-0.408925235,-1.225219965
708,14159.992,1786751919676.022,28877598.422,0.000000000,-0.024534700,0.153995559,-0.381333679
709,14179.993,1786751919696.023,28877618.423,0.000000000,-0.392002493,-0.487763047,0.036299422
710,14199.993,1786751919716.024,28877638.424,0.000000000,-1.344049573,-0.837280631,0.000389821
711,14219.994,1786751919736.024,28877658.424,0.000000000,-2.031726837,-0.559254527,-0.748100817
712,14239.993,1786751919756.024,28877678.424,0.000000000,-2.045292139,0.307123542,-1.573146224
713,14259.988,1786751919776.019,28877698.419,0.000000000,-1.784981728,1.163795352,-1.618371606
714,14279.986,1786751919796.017,28877718.417,0.000000000,-2.279494762,0.822852254,-0.201657638
715,14299.986,1786751919816.017,28877738.417,0.000000000,-2.901173592,-0.636247098,1.414336085
716,14319.990,1786751919836.021,28877758.421,0.000000000,-2.288696527,-1.283704996,1.679287553
717,14339.993,1786751919856.024,28877778.424,0.000000000,-1.504505157,-0.774578989,0.812153757
718,14359.989,1786751919876.020,28877798.420,0.000000000,-1.295035243,-0.569480002,0.515706778
719,14379.990,1786751919896.021,28877818.420,0.000000000,-2.142951727,-1.212438822,1.269446850
720,14399.989,1786751919916.020,28877838.420,0.000000000,-2.817086697,-1.292952538,1.706683278
721,14419.990,1786751919936.020,28877858.420,0.000000000,-3.648363590,-1.479385734,1.326910257
722,14439.993,1786751919956.024,28877878.424,0.000000000,-3.550822020,-1.062132359,0.108459160
723,14459.993,1786751919976.023,28877898.423,0.000000000,-3.242483616,-0.547881484,-0.781509459
724,14479.994,1786751919996.025,28877918.425,0.000000000,-3.327804804,-1.055013418,-0.332062155
725,14499.992,1786751920016.023,28877938.423,0.000000000,-4.114756107,-1.656470060,0.425964296
726,14519.993,1786751920036.024,28877958.424,0.000000000,-3.758943558,-2.395997286,1.484678268
727,14539.990,1786751920056.021,28877978.421,0.000000000,-3.127198458,-2.863110065,0.990455210
728,14559.990,1786751920076.021,28877998.421,0.000000000,-2.711961746,-2.428285360,-0.185927734
729,14579.989,1786751920096.020,28878018.420,0.000000000,1.771302462,-1.598812580,-2.065968752
730,14599.990,1786751920116.021,28878038.420,0.000000000,-0.228814259,-1.549264789,-0.495689332
731,14619.991,1786751920136.021,28878058.422,0.000000000,0.000000000,0.000000000,0.000000000
732,14639.990,1786751920156.021,28878078.420,0.000000000,-2.253460407,3.246067047,7.656499863
733,14659.989,1786751920176.020,28878098.420,0.000000000,-3.641622305,2.409003496,8.449576378
734,14679.990,1786751920196.021,28878118.421,0.000000000,-2.643849134,3.784296989,3.900652170
735,14699.989,1786751920216.020,28878138.420,0.000000000,-1.101581573,2.094377995,0.019614372
736,14719.994,1786751920236.024,28878158.424,0.000000000,-1.848623514,0.325401694,1.472381473
737,14739.995,1786751920256.026,28878178.426,0.000000000,-2.549804449,-0.695283711,3.021344900
738,14759.994,1786751920276.025,28878198.425,0.000000000,-1.856530786,-1.584915042,1.908029675
739,14779.993,1786751920296.024,28878218.424,0.000000000,-0.314921409,-1.893996596,-2.169234991
740,14799.992,1786751920316.023,28878238.423,0.000000000,0.238020658,-0.201579005,-5.455942631
741,14819.992,1786751920336.023,28878258.423,0.000000000,1.046199203,1.530075550,-7.053098202
742,14839.991,1786751920356.022,28878278.422,0.000000000,2.192571402,2.357842207,-8.131753922
743,14859.993,1786751920376.024,28878298.424,0.000000000,3.744093180,3.831264973,-8.926499367
744,14879.992,1786751920396.022,28878318.422,0.000000000,2.783759356,3.667436361,-8.159685135
745,14899.990,1786751920416.021,28878338.421,0.000000000,1.465814948,1.530809522,-6.799534798
746,14919.991,1786751920436.021,28878358.422,0.000000000,0.700071037,0.231975168,-5.476498127
747,14939.990,1786751920456.021,28878378.420,0.000000000,0.461790949,-0.472742468,-4.317925930
748,14959.990,1786751920476.021,28878398.421,0.000000000,-0.232538238,-0.832922399,-2.941078424
749,14979.993,1786751920496.024,28878418.424,0.000000000,-1.045608640,-1.319594622,-1.625217795
750,14999.993,1786751920516.023,28878438.424,0.000000000,-1.692036986,-1.345964909,-1.565819144
751,15019.993,1786751920536.023,28878458.424,0.000000000,-2.004034996,-0.003604920,-3.332109928
752,15039.991,1786751920556.022,28878478.422,0.000000000,-1.868684053,0.639714003,-5.212732315
753,15059.991,1786751920576.021,28878498.421,0.000000000,-1.027086258,0.098044418,-6.051326752
754,15079.991,1786751920596.021,28878518.422,0.000000000,0.105969645,-0.496987879,-5.843514442
755,15099.990,1786751920616.021,28878538.421,0.000000000,-0.031131374,-1.072651863,-4.918761730
756,15119.993,1786751920636.023,28878558.423,0.000000000,-0.043625388,-1.123937249,-4.446537495
757,15139.989,1786751920656.020,28878578.420,0.000000000,0.240245894,-0.767878711,-4.410488129
758,15159.991,1786751920676.022,28878598.422,0.000000000,0.892669857,0.721587956,-4.644834042
759,15179.994,1786751920696.024,28878618.424,0.000000000,1.248767972,0.747381330,-3.049499750
760,15199.995,1786751920716.026,28878638.426,0.000000000,-0.630741358,-1.003442168,-0.832974792
761,15219.993,1786751920736.023,28878658.423,0.000000000,-1.584431052,-2.112512589,-0.252329350
762,15239.993,1786751920756.024,28878678.424,0.000000000,-1.214063168,-1.784366012,-0.832044780
763,15259.992,1786751920776.023,28878698.423,0.000000000,-0.644275665,-0.879523754,-1.929160237
764,15279.993,1786751920796.023,28878718.424,0.000000000,-0.122637272,0.144346401,-2.460927486
765,15299.992,1786751920816.022,28878738.423,0.000000000,-0.197634280,0.024212047,-1.642001987
766,15319.991,1786751920836.022,28878758.422,0.000000000,-0.797901034,-0.745501816,-0.438420475
767,15339.990,1786751920856.021,28878778.421,0.000000000,-1.487819672,-0.896660507,-0.002856327
768,15359.989,1786751920876.020,28878798.420,0.000000000,-2.029718399,-1.096458554,-0.278588533
769,15379.991,1786751920896.022,28878818.422,0.000000000,-2.206274748,-0.664923728,-1.153642058
770,15399.989,1786751920916.020,28878838.420,0.000000000,-2.159622908,0.207967594,-1.452742100
771,15419.989,1786751920936.020,28878858.420,0.000000000,-2.862438202,0.190025270,0.252760530
772,15439.990,1786751920956.021,28878878.421,0.000000000,-3.090259314,-0.968973041,1.681793928
773,15459.995,1786751920976.026,28878898.426,0.000000000,-2.555491924,-1.646083951,1.552047968
774,15479.992,1786751920996.022,28878918.423,0.000000000,-1.787621021,-1.749261618,0.868698359
775,15499.993,1786751921016.023,28878938.423,0.000000000,-1.741073251,-1.978724122,0.701250255
776,15519.992,1786751921036.022,28878958.423,0.000000000,-2.502903938,-2.789211035,1.097454071
777,15539.992,1786751921056.023,28878978.423,0.000000000,-3.629580021,-3.538674116,1.617664099
778,15559.993,1786751921076.024,28878998.424,0.000000000,-4.333826542,-3.719286203,1.892483234
779,15579.993,1786751921096.024,28879018.424,0.000000000,-3.519711018,-3.323632240,2.287631750
780,15599.991,1786751921116.022,28879038.422,0.000000000,-3.724870443,-2.789709091,1.813900948
781,15619.990,1786751921136.021,28879058.421,0.000000000,2.298943043,-1.632653713,-2.556647062
782,15639.991,1786751921156.021,28879078.422,0.000000000,0.000000000,0.000000000,0.000000000
783,15659.991,1786751921176.021,28879098.421,0.000000000,-2.122532368,2.259711504,6.669925690
784,15679.993,1786751921196.024,28879118.424,0.000000000,-3.531966925,3.495236397,7.461751938
785,15699.992,1786751921216.022,28879138.423,0.000000000,-2.791562557,3.140898228,4.072023392
786,15719.990,1786751921236.021,28879158.421,0.000000000,-2.519890785,1.612473249,2.329430580
787,15739.988,1786751921256.019,28879178.419,0.000000000,-2.500012159,0.224108681,1.964773774
788,15759.988,1786751921276.018,28879198.418,0.000000000,-1.988250852,-0.193159729,1.800396085
789,15779.987,1786751921296.018,28879218.418,0.000000000,-0.890436709,-1.477437496,0.879222393
790,15799.989,1786751921316.019,28879238.419,0.000000000,-0.122475229,-2.228247643,-1.567885995
791,15819.988,1786751921336.019,28879258.419,0.000000000,0.596818149,-0.951891243,-4.519910336
792,15839.987,1786751921356.018,28879278.418,0.000000000,2.184997797,0.207923621,-6.685474396
793,15859.989,1786751921376.020,28879298.420,0.000000000,3.100582838,1.029222250,-7.553880215
794,15879.988,1786751921396.018,28879318.418,0.000000000,2.620545387,1.571669221,-6.293651104
795,15899.987,1786751921416.018,28879338.418,0.000000000,1.720220685,1.218472123,-4.409055233
796,15919.987,1786751921436.018,28879358.418,0.000000000,1.333440185,0.919470966,-3.464594126
797,15939.986,1786751921456.017,28879378.417,0.000000000,1.052356243,0.578537047,-3.180114746
798,15959.988,1786751921476.019,28879398.419,0.000000000,0.674914300,0.499263078,-2.877524853
799,15979.990,1786751921496.021,28879418.421,0.000000000,0.320762873,0.438580424,-2.831762075
800,15999.988,1786751921516.018,28879438.418,0.000000000,0.164412215,0.458663195,-3.028320789
801,16019.990,1786751921536.021,28879458.421,0.000000000,-0.007684968,0.484232575,-3.189041138
802,16039.986,1786751921556.017,28879478.417,0.000000000,-0.144977257,0.649298191,-3.315774679
803,16059.988,1786751921576.019,28879498.419,0.000000000,-0.352614015,0.268274516,-3.045110226
804,16079.989,1786751921596.019,28879518.419,0.000000000,-0.621417463,-0.334586293,-2.385917187
805,16099.987,1786751921616.017,28879538.417,0.000000000,-0.903739929,-0.846424282,-1.818495393
806,16119.988,1786751921636.018,28879558.418,0.000000000,-0.731301844,-0.570384145,-1.946065784
807,16139.988,1786751921656.018,28879578.418,0.000000000,-0.166193321,0.290933579,-2.225762606
808,16159.985,1786751921676.016,28879598.416,0.000000000,-0.670431554,0.677867949,-2.118494987
809,16179.987,1786751921696.018,28879618.418,0.000000000,-1.110829711,0.646912217,-1.972364783
810,16199.987,1786751921716.017,28879638.418,0.000000000,-1.470580578,0.450704396,-1.769811749
811,16219.987,1786751921736.017,28879658.418,0.000000000,-1.591975451,0.200539306,-1.298282623
812,16239.986,1786751921756.017,28879678.417,0.000000000,-1.497994900,-0.438819200,-0.594847918
813,16259.987,1786751921776.018,28879698.418,0.000000000,-0.729280412,-1.453768134,-0.456947625
814,16279.987,1786751921796.018,28879718.418,0.000000000,-0.660975456,-1.896068454,-1.236995220
815,16299.986,1786751921816.017,28879738.417,0.000000000,-1.206511736,-1.478127837,-2.429168940
816,16319.984,1786751921836.015,28879758.415,0.000000000,-0.997222126,-1.051043272,-2.715523720
817,16339.983,1786751921856.013,28879778.414,0.000000000,-0.126175076,-1.096642017,-0.762388647
818,16359.985,1786751921876.015,28879798.415,0.000000000,-1.295501709,-1.735223889,1.162801385
819,16379.984,1786751921896.014,28879818.414,0.000000000,-2.089888573,-2.368005276,1.577496409
820,16399.984,1786751921916.014,28879838.414,0.000000000,-2.123426676,-2.607276201,1.204195261
821,16419.984,1786751921936.014,28879858.414,0.000000000,-0.809454918,-1.634607553,0.132270470
822,16439.983,1786751921956.014,28879878.414,0.000000000,0.429189473,-1.084680200,-0.754429579
823,16459.984,1786751921976.015,28879898.415,0.000000000,0.095547996,-1.175959826,-0.544703305
824,16479.983,1786751921996.014,28879918.414,0.000000000,-0.796594203,-1.060789943,-0.365715235
825,16499.983,1786751922016.014,28879938.414,0.000000000,-1.474528551,-0.110092543,-0.517015398
826,16519.983,1786751922036.014,28879958.414,0.000000000,-1.418168306,1.438439846,-0.904255450
827,16539.984,1786751922056.014,28879978.414,0.000000000,-2.317130327,0.603909075,-0.028478034
828,16559.984,1786751922076.015,28879998.415,0.000000000,-3.083541870,-1.139406562,0.613930047
829,16579.992,1786751922096.023,28880018.423,0.000000000,-2.604982853,-2.270547390,0.261860013
830,16599.985,1786751922116.016,28880038.416,0.000000000,-0.810160995,-2.109377623,-0.616970360
831,16619.984,1786751922136.015,28880058.415,0.000000000,-0.181095421,-2.330877304,-0.834935904
832,16639.984,1786751922156.014,28880078.414,0.000000000,-0.617430687,-2.375860691,-0.095067345
833,16659.984,1786751922176.014,28880098.414,0.000000000,-1.877712369,-2.531002045,0.690971136
834,16679.985,1786751922196.016,28880118.416,0.000000000,-3.019807816,-2.849970341,0.933832347
835,16699.983,1786751922216.014,28880138.414,0.000000000,-3.754342318,-3.150532961,0.955789089
836,16719.985,1786751922236.016,28880158.416,0.000000000,-3.723536253,-2.611416101,1.385035872
837,16739.986,1786751922256.017,28880178.417,0.000000000,-3.699542522,-2.700824022,1.940494061
838,16759.986,1786751922276.016,28880198.417,0.000000000,0.824456573,-3.050981998,0.135183036
839,16779.987,1786751922296.017,28880218.417,0.000000000,0.000000000,0.000000000,0.000000000
840,16799.986,1786751922316.017,28880238.417,0.000000000,-2.179058790,2.184577227,8.909975052
841,16819.986,1786751922336.016,28880258.416,0.000000000,-3.336637735,3.313729048,8.693460464
842,16839.987,1786751922356.017,28880278.417,0.000000000,-2.992866755,3.513602495,6.026421547
843,16860.004,1786751922376.034,28880298.434,0.000000000,-2.045459986,2.714793682,2.360167503
844,16879.990,1786751922396.021,28880318.421,0.000000000,-1.362327456,0.558819175,1.273760915
845,16899.990,1786751922416.021,28880338.421,0.000000000,-1.540302992,-0.993174911,1.008279324
846,16919.988,1786751922436.018,28880358.419,0.000000000,-1.132121921,-1.035519004,-0.272927940
847,16939.989,1786751922456.020,28880378.420,0.000000000,-1.032180905,-0.703356922,-1.614171028
848,16959.988,1786751922476.018,28880398.418,0.000000000,-0.951892316,0.493604720,-2.258640766
849,16979.986,1786751922496.017,28880418.417,0.000000000,-0.334266037,1.497547030,-2.595910549
850,16999.985,1786751922516.016,28880438.416,0.000000000,1.225914240,2.167554855,-2.884135246
851,17019.986,1786751922536.017,28880458.417,0.000000000,1.980044842,1.798636556,-0.992229164
852,17039.985,1786751922556.016,28880478.416,0.000000000,1.398875952,0.422908813,0.121208027
853,17059.985,1786751922576.016,28880498.416,0.000000000,0.501629233,-0.318619668,-0.363802999
854,17079.990,1786751922596.021,28880518.421,0.000000000,-0.587843597,-0.272921294,-2.382399321
855,17099.989,1786751922616.020,28880538.420,0.000000000,-0.651703954,0.412058294,-5.137458801
856,17119.991,1786751922636.022,28880558.422,0.000000000,-0.082094625,0.188434005,-7.241493225
857,17139.997,1786751922656.027,28880578.427,0.000000000,0.224695727,-0.653622806,-6.801342964
858,17159.992,1786751922676.022,28880598.423,0.000000000,-0.666750848,0.289326549,-4.098900318
859,17179.995,1786751922696.026,28880618.426,0.000000000,-1.597742558,-0.865358114,-1.980575800
860,17199.991,1786751922716.022,28880638.422,0.000000000,-2.027429819,-3.122595310,-1.617524385
861,17219.995,1786751922736.025,28880658.425,0.000000000,-1.938787222,-2.787482500,-3.831460476
862,17239.993,1786751922756.024,28880678.424,0.000000000,-0.140435979,0.743539393,-7.018349648
863,17259.993,1786751922776.024,28880698.424,0.000000000,0.172867119,2.119232655,-6.040657043
864,17279.992,1786751922796.022,28880718.422,0.000000000,-1.116072178,1.533246756,-4.289748669
865,17299.991,1786751922816.021,28880738.422,0.000000000,-2.540127277,-0.041640401,-1.552390218
866,17319.989,1786751922836.020,28880758.420,0.000000000,-2.535064459,-2.174301386,0.218728498
867,17339.990,1786751922856.021,28880778.421,0.000000000,-1.366784096,-3.292006254,-0.203828320
868,17359.990,1786751922876.020,28880798.420,0.000000000,-0.797847450,-3.021131277,-2.083812714
869,17379.990,1786751922896.021,28880818.420,0.000000000,-1.132291317,-1.874228835,-3.249257565
870,17399.988,1786751922916.019,28880838.419,0.000000000,-0.975538909,-0.298055917,-3.868887901
871,17419.994,1786751922936.025,28880858.425,0.000000000,0.157909602,1.776352882,-3.272976398
872,17439.994,1786751922956.024,28880878.425,0.000000000,-0.430453748,1.593137980,-1.562143087
873,17459.992,1786751922976.023,28880898.423,0.000000000,-1.913052797,0.138114080,-0.438737512
874,17479.994,1786751922996.024,28880918.424,0.000000000,-2.655163050,-1.061982036,-0.471479923
875,17499.994,1786751923016.024,28880938.425,0.000000000,-2.361475706,-1.467807889,-0.973585427
876,17519.993,1786751923036.023,28880958.424,0.000000000,-1.333154440,-1.136241317,-1.634891748
877,17539.994,1786751923056.024,28880978.425,0.000000000,-1.040433526,-1.372750878,-1.495561361
878,17559.993,1786751923076.023,28880998.423,0.000000000,-1.804016352,-2.053513050,-0.534432530
879,17579.991,1786751923096.022,28881018.422,0.000000000,-2.708559752,-2.253852606,0.346281379
880,17599.990,1786751923116.021,28881038.421,0.000000000,-3.391829491,-2.528882027,0.775201201
881,17619.991,1786751923136.022,28881058.422,0.000000000,-3.797470093,-2.985555887,0.965044498
882,17639.989,1786751923156.020,28881078.420,0.000000000,-3.921930552,-3.273244381,1.633772016
883,17659.990,1786751923176.021,28881098.420,0.000000000,-1.077398539,-3.223201752,0.831764221
884,17679.991,1786751923196.021,28881118.421,0.000000000,-0.644588709,1.104101419,5.923436642
885,17699.989,1786751923216.020,28881138.420,0.000000000,-2.274063110,0.761367440,10.839069366
886,17719.989,1786751923236.019,28881158.420,0.000000000,-3.247022390,1.445047021,10.972888947
887,17739.994,1786751923256.024,28881178.425,0.000000000,-2.042010307,2.364853621,7.686431408
888,17759.994,1786751923276.024,28881198.424,0.000000000,-0.706452668,1.217589855,4.139101028
889,17779.993,1786751923296.024,28881218.424,0.000000000,-0.477291673,0.174712181,3.701310635
890,17799.994,1786751923316.024,28881238.425,0.000000000,-1.798085332,-1.432934523,3.978201628
891,17819.994,1786751923336.024,28881258.425,0.000000000,-2.809833765,-2.149705887,1.817514539
892,17839.993,1786751923356.024,28881278.424,0.000000000,-2.250784159,-1.381297469,-2.251942396
893,17859.993,1786751923376.023,28881298.423,0.000000000,-1.088184476,0.709508896,-5.242204189
894,17879.994,1786751923396.024,28881318.424,0.000000000,0.497761905,1.102541208,-7.200488567
895,17899.993,1786751923416.024,28881338.424,0.000000000,1.646682143,1.604867339,-7.776854038
896,17919.996,1786751923436.026,28881358.427,0.000000000,1.906409502,2.515837193,-6.755524635
897,17939.993,1786751923456.024,28881378.424,0.000000000,1.840606809,3.502432108,-5.436553478
898,17959.994,1786751923476.024,28881398.425,0.000000000,1.251274943,2.867170572,-3.303623915
899,17979.993,1786751923496.024,28881418.424,0.000000000,0.314473748,0.755932987,-1.082259059
900,17999.993,1786751923516.024,28881438.424,0.000000000,-0.772135675,-0.888379931,0.101841293
901,18019.994,1786751923536.025,28881458.425,0.000000000,-1.372470140,-0.606193304,-0.733968139
902,18039.993,1786751923556.024,28881478.424,0.000000000,-1.166701436,0.125162214,-3.336133003
903,18059.993,1786751923576.024,28881498.424,0.000000000,-0.142299607,1.463513136,-5.792206287
904,18079.993,1786751923596.024,28881518.424,0.000000000,1.348805785,1.557706237,-6.875197887
905,18099.994,1786751923616.025,28881538.425,0.000000000,1.235224605,-0.152542502,-6.169631958
906,18119.993,1786751923636.023,28881558.423,0.000000000,0.794759810,-1.536453843,-5.386466503
907,18139.993,1786751923656.023,28881578.424,0.000000000,0.645263612,-1.269658208,-5.420666218
908,18159.992,1786751923676.022,28881598.422,0.000000000,-0.023134673,-0.537483752,-6.165807247
909,18179.994,1786751923696.024,28881618.425,0.000000000,0.061705112,0.031716757,-5.511838436
910,18199.991,1786751923716.021,28881638.422,0.000000000,-0.192870766,-0.104114920,-3.474794865
911,18219.988,1786751923736.019,28881658.419,0.000000000,-0.942100286,0.126960024,-2.156897545
912,18239.989,1786751923756.019,28881678.419,0.000000000,-1.639242768,0.134915948,-1.279447079
913,18259.988,1786751923776.019,28881698.419,0.000000000,-1.627955556,0.229668811,-0.513122618
914,18279.990,1786751923796.021,28881718.421,0.000000000,-0.729589462,1.132725477,-0.562165380
915,18299.986,1786751923816.017,28881738.417,0.000000000,0.504016280,1.133106112,-2.332556009
916,18319.988,1786751923836.019,28881758.419,0.000000000,1.176811576,0.762159586,-3.544628620
917,18339.987,1786751923856.018,28881778.418,0.000000000,0.803281724,-0.326535553,-3.503678083
918,18359.989,1786751923876.019,28881798.419,0.000000000,0.468260646,-0.833445370,-3.255561829
919,18379.988,1786751923896.018,28881818.419,0.000000000,0.166800067,-0.857967913,-2.687971830
920,18399.987,1786751923916.018,28881838.418,0.000000000,-0.399696499,-0.156523272,-1.788062215
921,18419.989,1786751923936.020,28881858.420,0.000000000,-1.674057126,-0.053286154,-0.148986280
922,18439.990,1786751923956.021,28881878.421,0.000000000,-2.765678406,-1.147888064,1.472709179
923,18459.986,1786751923976.016,28881898.417,0.000000000,-2.743178606,-1.579258680,1.964138389
924,18479.987,1786751923996.017,28881918.417,0.000000000,-1.739985824,-1.225556970,1.679377556
925,18499.988,1786751924016.019,28881938.419,0.000000000,0.123832189,-0.141505525,0.387259394
926,18519.988,1786751924036.019,28881958.419,0.000000000,0.655193388,-0.827697873,0.088308729
927,18539.987,1786751924056.018,28881978.418,0.000000000,-0.271141231,-1.176986814,0.513643742
928,18559.987,1786751924076.018,28881998.418,0.000000000,-1.403864622,-1.142127872,0.465220034
929,18579.986,1786751924096.017,28882018.417,0.000000000,-1.757332563,-0.644982398,0.176925823
930,18599.986,1786751924116.016,28882038.416,0.000000000,-1.849335194,0.005362641,-0.583974540
931,18619.985,1786751924136.016,28882058.416,0.000000000,-1.810217619,-0.157792434,-0.972512007
932,18640.001,1786751924156.032,28882078.432,0.000000000,-2.205801487,-1.111151099,-0.128718898
933,18659.989,1786751924176.020,28882098.420,0.000000000,-3.076117992,-2.142886877,0.911572099
934,18679.986,1786751924196.016,28882118.416,0.000000000,-3.438961029,-2.738530636,0.890445590
935,18699.987,1786751924216.018,28882138.418,0.000000000,-2.923764467,-2.702043533,0.140508637
936,18719.986,1786751924236.016,28882158.416,0.000000000,-1.852416635,-1.952314258,-0.439653784
937,18739.985,1786751924256.015,28882178.415,0.000000000,-1.252909780,-1.407764912,-0.574849427
938,18759.984,1786751924276.015,28882198.415,0.000000000,-1.901820660,-1.657081246,-0.061784830
939,18779.985,1786751924296.016,28882218.416,0.000000000,-3.025506496,-2.541195631,0.607043207
940,18799.985,1786751924316.015,28882238.415,0.000000000,-3.073893785,-3.234018803,1.543837547
941,18819.984,1786751924336.015,28882258.415,0.000000000,-3.438740492,-3.575255394,1.680595756
942,18839.984,1786751924356.015,28882278.415,0.000000000,-3.556253672,-2.725640297,0.679214835
943,18859.985,1786751924376.016,28882298.416,0.000000000,1.730087996,-1.954660654,-2.133488178
944,18879.983,1786751924396.014,28882318.414,0.000000000,-0.325354129,-0.821106791,2.887163639
945,18899.983,1786751924416.014,28882338.414,0.000000000,-2.698652506,2.361599207,8.029481888
946,18919.984,1786751924436.014,28882358.415,0.000000000,-4.675113678,1.692069292,9.756849289
947,18939.987,1786751924456.017,28882378.418,0.000000000,-2.712015390,2.837164164,5.239632130
948,18959.987,1786751924476.018,28882398.418,0.000000000,-0.190481395,2.891349316,2.396515369
949,18979.989,1786751924496.019,28882418.419,0.000000000,-0.339519024,0.660654247,3.503270626
950,18999.985,1786751924516.015,28882438.415,0.000000000,-1.279117823,-1.804474711,4.477873325
951,19020.000,1786751924536.030,28882458.430,0.000000000,-1.516736507,-2.906073809,3.517883062
952,19039.988,1786751924556.019,28882478.419,0.000000000,-0.909415901,-2.878743649,-0.373583704
953,19059.985,1786751924576.016,28882498.416,0.000000000,-0.303168565,-2.065893412,-4.830756187
954,19079.985,1786751924596.015,28882518.415,0.000000000,1.097871423,-0.324809998,-8.404690742
955,19099.987,1786751924616.017,28882538.418,0.000000000,3.207963943,1.061768413,-10.333896637
956,19119.983,1786751924636.013,28882558.414,0.000000000,3.147229195,3.508367062,-8.743888855
957,19139.986,1786751924656.017,28882578.417,0.000000000,1.884526849,3.729922295,-5.927035809
958,19159.991,1786751924676.022,28882598.422,0.000000000,0.574666858,2.197793245,-3.918551683
959,19179.986,1786751924696.017,28882618.417,0.000000000,-0.087543882,0.819400072,-3.431277990
960,19199.983,1786751924716.013,28882638.414,0.000000000,-0.689262569,-0.093043305,-3.561773539
961,19219.985,1786751924736.016,28882658.416,0.000000000,-0.962379634,-0.655935109,-3.171984196
962,19239.985,1786751924756.016,28882678.416,0.000000000,-1.180055737,-1.287762046,-2.330676556
963,19259.985,1786751924776.016,28882698.416,0.000000000,-1.172109962,-1.647525430,-2.032109022
964,19279.985,1786751924796.016,28882718.416,0.000000000,-1.115383029,-1.381561637,-2.548766851
965,19299.986,1786751924816.016,28882738.416,0.000000000,-0.517324507,-0.214667648,-3.824709177
966,19319.986,1786751924836.017,28882758.417,0.000000000,0.286361575,0.467724264,-4.678368092
967,19339.984,1786751924856.015,28882778.415,0.000000000,-0.182068735,-0.032045662,-4.558990479
968,19359.985,1786751924876.016,28882798.416,0.000000000,-0.610477984,-0.202818811,-4.318455696
969,19379.983,1786751924896.014,28882818.414,0.000000000,-0.485218912,0.035648316,-4.368088722
970,19399.988,1786751924916.019,28882838.419,0.000000000,-0.490599364,0.622684360,-4.422686577
971,19419.988,1786751924936.018,28882858.418,0.000000000,-0.390105963,1.185550332,-2.906282902
972,19439.986,1786751924956.017,28882878.417,0.000000000,-1.113865376,0.741768897,-1.415903449
973,19459.985,1786751924976.015,28882898.415,0.000000000,-1.050796986,0.178931266,-0.419389069
974,19479.986,1786751924996.017,28882918.417,0.000000000,-0.807923198,-0.041001219,-0.263831705
975,19499.987,1786751925016.018,28882938.418,0.000000000,-0.519192755,-0.280511141,-0.478765488
976,19519.985,1786751925036.015,28882958.415,0.000000000,0.271409214,-0.182788104,-1.008230567
977,19539.985,1786751925056.016,28882978.416,0.000000000,1.521586657,0.723296762,-2.325884581
978,19559.986,1786751925076.017,28882998.417,0.000000000,1.130867600,-0.427802145,-2.993188858
979,19579.986,1786751925096.017,28883018.417,0.000000000,0.216499329,-0.987490118,-2.868862152
980,19599.986,1786751925116.016,28883038.416,0.000000000,-0.513601482,-1.124955893,-2.224252701
981,19619.985,1786751925136.016,28883058.416,0.000000000,-1.158526421,-0.684670687,-1.118379116
982,19639.985,1786751925156.016,28883078.416,0.000000000,-1.955874562,-1.189051509,0.490563720
983,19659.987,1786751925176.018,28883098.418,0.000000000,-2.421899080,-1.831898332,1.515798688
984,19679.987,1786751925196.017,28883118.417,0.000000000,-2.145501852,-1.813660741,1.966578364
985,19699.982,1786751925216.013,28883138.413,0.000000000,-1.012974620,-1.393414617,1.507769346
986,19719.984,1786751925236.015,28883158.415,0.000000000,0.365695596,-0.585850179,0.565737844
987,19739.985,1786751925256.016,28883178.416,0.000000000,1.193476319,-0.694962084,-0.032880988
988,19759.985,1786751925276.015,28883198.415,0.000000000,0.303907126,-1.143457651,0.512903690
989,19779.985,1786751925296.016,28883218.416,0.000000000,-1.042144418,-1.067132354,0.776867628
990,19799.983,1786751925316.013,28883238.413,0.000000000,-2.343198776,-0.814643264,0.535616577
991,19819.983,1786751925336.014,28883258.414,0.000000000,-2.868494272,-0.366805166,-0.028839754
992,19839.984,1786751925356.015,28883278.415,0.000000000,-3.189689398,-0.883306980,-0.197950646
993,19859.983,1786751925376.014,28883298.414,0.000000000,-3.391954422,-1.596061230,0.582564831
994,19879.983,1786751925396.013,28883318.414,0.000000000,-3.532544136,-2.083309650,0.778742611
995,19899.983,1786751925416.013,28883338.413,0.000000000,-3.074903727,-2.098376036,0.162484452
996,19919.985,1786751925436.016,28883358.416,0.000000000,-2.624191999,-1.814983010,-0.473754257
997,19939.983,1786751925456.013,28883378.414,0.000000000,-2.367215872,-1.546172619,-0.727994323
998,19959.983,1786751925476.014,28883398.414,0.000000000,-1.736999750,-1.481485128,-0.552575588
999,19979.984,1786751925496.015,28883418.415,0.000000000,-1.170341849,-2.160810709,-0.168799624
1000,19999.984,1786751925516.014,28883438.414,0.000000000,-1.893448830,-3.005802631,-0.334262103
1001,20019.986,1786751925536.016,28883458.416,0.000000000,-2.929160833,-3.461276293,-0.159468755
1002,20039.983,1786751925556.014,28883478.414,0.000000000,0.872086644,-2.956717968,-2.576929569
1003,20059.983,1786751925576.013,28883498.414,0.000000000,-0.284028858,-0.666754603,2.616106272
1004,20079.988,1786751925596.019,28883518.419,0.000000000,-2.472800016,2.320224524,7.656712532
1005,20099.984,1786751925616.015,28883538.415,0.000000000,-4.462744713,1.212447047,10.515048027
1006,20119.983,1786751925636.014,28883558.414,0.000000000,-1.878766060,3.904097319,3.869693518
1007,20139.984,1786751925656.015,28883578.415,0.000000000,0.154061869,3.093843222,1.626445770
1008,20160.680,1786751925676.711,28883599.111,0.000000000,-0.396332622,0.644371152,3.214128733
1009,20179.990,1786751925696.021,28883618.421,0.000000000,-0.989621818,-1.420613885,3.629177570
1010,20199.990,1786751925716.021,28883638.421,0.000000000,-1.149974108,-2.621246815,2.103323936
1011,20219.987,1786751925736.017,28883658.417,0.000000000,-0.762365043,-2.641312838,-1.858491659
1012,20239.986,1786751925756.016,28883678.416,0.000000000,0.617414117,-1.352646708,-6.130103111
1013,20259.985,1786751925776.016,28883698.416,0.000000000,1.527872205,0.534007847,-8.218050003
1014,20279.983,1786751925796.013,28883718.414,0.000000000,2.103526354,2.741098404,-8.333676338
1015,20299.985,1786751925816.015,28883738.415,0.000000000,1.802375555,3.335770130,-7.169150829
1016,20319.984,1786751925836.014,28883758.415,0.000000000,0.815130532,2.381954670,-5.185912132
1017,20339.984,1786751925856.015,28883778.415,0.000000000,0.282075703,1.258778214,-4.077979088
1018,20359.988,1786751925876.019,28883798.419,0.000000000,-0.046339422,0.474740773,-3.529977798
1019,20379.987,1786751925896.018,28883818.418,0.000000000,-0.168511286,-0.595600188,-2.853366137
1020,20399.985,1786751925916.015,28883838.415,0.000000000,-0.299587756,-1.256996036,-2.380790710
1021,20419.985,1786751925936.015,28883858.415,0.000000000,-0.441544712,-1.793112278,-2.579333782
1022,20439.984,1786751925956.015,28883878.415,0.000000000,-0.226800606,-1.276823521,-3.811892986
1023,20459.987,1786751925976.018,28883898.418,0.000000000,0.560259998,-0.137751594,-4.812245846
1024,20479.988,1786751925996.019,28883918.419,0.000000000,0.880835414,0.520069003,-4.684232235
1025,20499.988,1786751926016.019,28883938.419,0.000000000,0.679356277,0.378984749,-3.924458742
1026,20519.984,1786751926036.015,28883958.415,0.000000000,0.135995612,-0.052180722,-3.308802128
1027,20539.984,1786751926056.015,28883978.415,0.000000000,-0.047231559,-0.187291116,-3.212311506
1028,20559.984,1786751926076.015,28883998.415,0.000000000,-0.059778742,0.032968864,-3.397544622
1029,20579.986,1786751926096.016,28884018.416,0.000000000,-0.176649392,0.643179834,-3.321815014
1030,20599.986,1786751926116.016,28884038.417,0.000000000,-0.490865886,0.738043666,-2.193981647
1031,20619.984,1786751926136.015,28884058.415,0.000000000,-0.883074880,0.693671048,-1.282711983
1032,20639.987,1786751926156.017,28884078.417,0.000000000,-1.014842510,0.571324885,-0.726020336
1033,20659.986,1786751926176.017,28884098.417,0.000000000,-0.864789248,0.300799400,-0.627039850
1034,20679.988,1786751926196.019,28884118.419,0.000000000,-0.457016885,0.013144531,-0.720371306
1035,20699.984,1786751926216.015,28884138.415,0.000000000,0.768333316,0.000381676,-0.851448298
1036,20719.985,1786751926236.016,28884158.416,0.000000000,0.469011813,-0.884044945,-1.466914296
1037,20739.989,1786751926256.020,28884178.420,0.000000000,-0.767364085,-1.543689251,-2.174371958
1038,20759.985,1786751926276.016,28884198.416,0.000000000,-1.276956439,-1.437214851,-2.116974115
1039,20779.988,1786751926296.018,28884218.419,0.000000000,-1.324070096,-1.109922171,-0.897387087
1040,20799.987,1786751926316.018,28884238.418,0.000000000,-1.663510799,-1.350257993,0.340334296
1041,20819.986,1786751926336.017,28884258.417,0.000000000,-1.619699955,-1.816832304,1.121642113
1042,20839.985,1786751926356.016,28884278.416,0.000000000,-1.523911357,-1.735339046,1.483181000
1043,20859.986,1786751926376.016,28884298.416,0.000000000,-0.999421418,-1.581474900,1.378140211
1044,20879.986,1786751926396.017,28884318.417,0.000000000,0.621828556,-0.606087267,0.550940454
1045,20899.986,1786751926416.016,28884338.416,0.000000000,1.267297387,-0.897891998,0.041976612
1046,20919.986,1786751926436.017,28884358.417,0.000000000,0.591317296,-1.232763767,0.163854584
1047,20939.987,1786751926456.017,28884378.418,0.000000000,-0.547185838,-0.930413187,0.132940739
1048,20959.985,1786751926476.016,28884398.416,0.000000000,-1.727204561,-0.588203013,-0.114607036
1049,20979.986,1786751926496.017,28884418.417,0.000000000,-2.345411539,0.246114165,-0.435100228
1050,20999.988,1786751926516.019,28884438.419,0.000000000,-3.127017975,0.010352183,0.448104471
1051,21019.984,1786751926536.014,28884458.414,0.000000000,-3.850317001,-0.960550427,1.550083637
1052,21039.985,1786751926556.015,28884478.415,0.000000000,-3.775173426,-1.392670870,1.545222640
1053,21059.984,1786751926576.015,28884498.415,0.000000000,-3.072851896,-1.678820372,1.005213857
1054,21079.986,1786751926596.017,28884518.417,0.000000000,-1.616923213,-1.557066560,-0.028595369
1055,21099.986,1786751926616.016,28884538.416,0.000000000,-0.577818751,-1.169470429,-0.908409834
1056,21119.986,1786751926636.017,28884558.417,0.000000000,-0.412882596,-0.966854274,-1.367522359
1057,21139.983,1786751926656.014,28884578.414,0.000000000,-0.685718179,-0.766882062,-1.196581721
1058,21159.985,1786751926676.016,28884598.416,0.000000000,-1.820073605,-1.533988237,-0.824774861
1059,21179.985,1786751926696.016,28884618.416,0.000000000,-2.994849920,-2.666490793,-0.255553812
1060,21199.986,1786751926716.017,28884638.417,0.000000000,-3.489477634,-3.708077669,0.907592773
1061,21219.986,1786751926736.017,28884658.417,0.000000000,-3.597365379,-4.046836376,1.114281178
1062,21239.987,1786751926756.018,28884678.418,0.000000000,-3.648193598,-3.498455524,0.571586788
1063,21259.987,1786751926776.018,28884698.418,0.000000000,1.165167570,-2.914914608,-1.435348392
1064,21279.985,1786751926796.016,28884718.416,0.000000000,-0.232480019,-0.710628688,3.267301798
1065,21299.985,1786751926816.016,28884738.416,0.000000000,-2.504648685,2.504985332,8.762462616
1066,21319.985,1786751926836.015,28884758.415,0.000000000,-4.407636166,1.330745101,9.996834755
1067,21339.985,1786751926856.015,28884778.415,0.000000000,-2.680327177,4.013621330,5.622571945
1068,21359.985,1786751926876.016,28884798.416,0.000000000,0.612211943,3.276037693,-0.021650778
1069,21379.985,1786751926896.016,28884818.416,0.000000000,0.638553262,1.242555737,0.810449183
1070,21399.985,1786751926916.016,28884838.416,0.000000000,-1.174155831,-1.366475105,3.822058201
1071,21419.985,1786751926936.016,28884858.416,0.000000000,-1.597874045,-2.622493029,3.403038740
1072,21439.985,1786751926956.015,28884878.415,0.000000000,-0.345871240,-2.486236334,-3.093624592
1073,21459.984,1786751926976.015,28884898.415,0.000000000,0.838860571,-0.401908249,-7.685857773
1074,21479.984,1786751926996.014,28884918.415,0.000000000,2.296700716,0.908064842,-8.938603401
1075,21499.984,1786751927016.015,28884938.415,0.000000000,2.894002438,2.995950937,-8.224223137
1076,21519.986,1786751927036.017,28884958.417,0.000000000,2.311914921,3.346166611,-7.106354713
1077,21539.985,1786751927056.016,28884978.416,0.000000000,1.281546354,2.412448168,-5.518772125
1078,21559.982,1786751927076.013,28884998.413,0.000000000,0.481284976,1.010442019,-4.524713516
1079,21579.985,1786751927096.016,28885018.416,0.000000000,-0.166382611,0.278469563,-4.076719284
1080,21599.984,1786751927116.015,28885038.415,0.000000000,-0.437666625,-0.472564459,-3.527366638
1081,21619.996,1786751927136.027,28885058.427,0.000000000,-0.684226692,-1.528763056,-2.816685677
1082,21639.984,1786751927156.015,28885078.415,0.000000000,-0.635547280,-2.228373289,-2.687154531
1083,21659.983,1786751927176.014,28885098.414,0.000000000,-0.186141402,-1.448309064,-3.446513176
1084,21679.984,1786751927196.014,28885118.415,0.000000000,0.603608012,-0.367073804,-4.185630798
1085,21699.984,1786751927216.015,28885138.415,0.000000000,0.449319303,0.298097968,-3.987714529
1086,21719.984,1786751927236.015,28885158.415,0.000000000,0.159496680,0.037711475,-3.499705791
1087,21739.983,1786751927256.014,28885178.414,0.000000000,0.005580050,-0.100361682,-3.290887833
1088,21759.984,1786751927276.015,28885198.415,0.000000000,-0.159650192,-0.040342759,-3.389853477
1089,21779.986,1786751927296.017,28885218.417,0.000000000,-0.071966775,0.307681799,-3.506906748
1090,21799.984,1786751927316.014,28885238.415,0.000000000,-0.109291777,0.900903761,-3.264767170
1091,21819.983,1786751927336.014,28885258.414,0.000000000,-0.246555254,0.819570601,-2.271382332
1092,21839.984,1786751927356.015,28885278.415,0.000000000,-0.774423003,0.463471681,-1.154076695
1093,21859.984,1786751927376.014,28885298.415,0.000000000,-1.035565734,0.264043897,-0.445284814
1094,21879.984,1786751927396.015,28885318.415,0.000000000,-0.768628240,0.093410291,-0.190447688
1095,21899.984,1786751927416.014,28885338.414,0.000000000,-0.494193286,-0.069720209,-0.277418852
1096,21919.984,1786751927436.015,28885358.415,0.000000000,0.904937625,0.304347545,-1.055188775
1097,21939.983,1786751927456.013,28885378.413,0.000000000,0.882592380,-0.679614604,-1.855960250
1098,21959.984,1786751927476.015,28885398.415,0.000000000,0.319970697,-0.933890522,-2.173325062
1099,21979.986,1786751927496.016,28885418.416,0.000000000,-0.438428283,-1.316522002,-2.325819016
1100,21999.988,1786751927516.018,28885438.419,0.000000000,-0.784146667,-1.129759431,-1.802309155
1101,22019.984,1786751927536.014,28885458.415,0.000000000,-1.429195046,-0.491256893,-0.413086772
1102,22039.983,1786751927556.014,28885478.414,0.000000000,-2.005131006,-1.053289890,0.949845731
1103,22059.983,1786751927576.014,28885498.414,0.000000000,-2.051589966,-1.063722849,1.558885336
1104,22079.986,1786751927596.017,28885518.417,0.000000000,-1.874565125,-0.992248833,1.799391627
1105,22099.984,1786751927616.014,28885538.414,0.000000000,-0.651115477,-0.708966672,1.297130108
1106,22119.985,1786751927636.015,28885558.415,0.000000000,0.893010676,-0.724387944,0.397727013
1107,22139.985,1786751927656.016,28885578.416,0.000000000,0.677531600,-1.104514956,0.070919476
1108,22159.984,1786751927676.015,28885598.415,0.000000000,-0.162910163,-1.029779315,-0.093032382
1109,22179.983,1786751927696.014,28885618.414,0.000000000,-0.703814924,-0.447737575,-0.275410116
1110,22199.983,1786751927716.014,28885638.414,0.000000000,-0.981569171,-0.093774371,-0.485368997
1111,22219.983,1786751927736.013,28885658.414,0.000000000,-1.240129709,-0.171441168,-0.609142900
1112,22239.982,1786751927756.013,28885678.413,0.000000000,-2.060721397,-0.965966344,0.251764476
1113,22259.983,1786751927776.014,28885698.414,0.000000000,-3.279366732,-1.761904716,1.551648736
1114,22279.983,1786751927796.014,28885718.414,0.000000000,-3.903017521,-2.080642223,1.838561535
1115,22299.983,1786751927816.013,28885738.414,0.000000000,-3.130733252,-2.126213789,1.333930373
1116,22319.984,1786751927836.014,28885758.415,0.000000000,-0.879628837,-1.594506145,0.294104397
1117,22339.984,1786751927856.015,28885778.415,0.000000000,0.418514103,-1.023425817,-0.683778405
1118,22359.983,1786751927876.013,28885798.414,0.000000000,0.279588640,-0.720887959,-0.714449525
1119,22379.985,1786751927896.016,28885818.416,0.000000000,-0.803650737,-0.585362911,0.145699397
1120,22399.984,1786751927916.015,28885838.415,0.000000000,-2.326978922,-0.758676171,0.437886238
1121,22419.984,1786751927936.014,28885858.414,0.000000000,-3.018235683,-0.802899420,0.181552172
1122,22439.984,1786751927956.014,28885878.414,0.000000000,-3.306038380,-1.332166195,-0.349555731
1123,22459.984,1786751927976.014,28885898.414,0.000000000,-3.803918839,-2.513011694,-0.213993490
1124,22479.986,1786751927996.016,28885918.416,0.000000000,-3.611447096,-3.117657185,0.867238343
1125,22499.984,1786751928016.015,28885938.415,0.000000000,-3.493250370,-3.333823681,0.962220728
1126,22519.984,1786751928036.014,28885958.414,0.000000000,-3.414379120,-2.641286612,-0.234659821
1127,22539.983,1786751928056.013,28885978.413,0.000000000,0.070012555,-1.622968197,-1.823230624
1128,22559.984,1786751928076.014,28885998.415,0.000000000,-0.118042186,-0.583569109,-1.748631835
1129,22579.982,1786751928096.013,28886018.413,0.000000000,-0.792682946,1.385844231,5.407714844
1130,22599.982,1786751928116.013,28886038.413,0.000000000,-2.745321989,0.593689978,9.182005882
1131,22619.983,1786751928136.014,28886058.414,0.000000000,-3.444921732,2.352240562,8.784009933
1132,22639.983,1786751928156.014,28886078.414,0.000000000,-1.972972870,1.657157302,4.555706978
1133,22659.984,1786751928176.014,28886098.414,0.000000000,-1.043208480,1.349136472,2.881985188
1134,22679.984,1786751928196.014,28886118.414,0.000000000,-0.759047449,0.000804697,3.726142406
1135,22699.984,1786751928216.014,28886138.415,0.000000000,-1.680182576,-2.307721376,5.273182392
1136,22719.984,1786751928236.014,28886158.415,0.000000000,-2.756814241,-3.177094936,4.581691742
1137,22739.984,1786751928256.015,28886178.415,0.000000000,-2.905376911,-2.186716557,0.531100214
1138,22759.986,1786751928276.016,28886198.416,0.000000000,-0.826646924,-0.246729627,-4.722827911
1139,22779.986,1786751928296.017,28886218.417,0.000000000,1.287128568,0.453679085,-8.336277008
1140,22799.983,1786751928316.014,28886238.414,0.000000000,2.483289242,1.442111015,-9.364442825
1141,22819.983,1786751928336.014,28886258.414,0.000000000,2.299719810,2.891475439,-7.392924786
1142,22839.983,1786751928356.013,28886278.414,0.000000000,1.813059092,4.324069500,-3.933740377
1143,22859.983,1786751928376.013,28886298.413,0.000000000,1.145230055,2.956170082,-2.468486547
1144,22879.984,1786751928396.014,28886318.415,0.000000000,0.341887116,1.068396807,-2.973819494
1145,22899.986,1786751928416.017,28886338.417,0.000000000,-0.360875785,0.302592278,-3.717480421
1146,22919.985,1786751928436.016,28886358.416,0.000000000,-0.505437315,-0.080679573,-3.487800121
1147,22939.985,1786751928456.015,28886378.415,0.000000000,-0.967618823,-0.733138084,-2.236990929
1148,22959.984,1786751928476.014,28886398.415,0.000000000,-1.517233491,-1.372680664,-1.522186160
1149,22979.986,1786751928496.017,28886418.417,0.000000000,-1.704282403,-0.692692220,-2.224284410
1150,22999.984,1786751928516.014,28886438.415,0.000000000,-1.137650132,0.470701307,-3.973576546
1151,23019.984,1786751928536.015,28886458.415,0.000000000,0.120286934,1.278079748,-5.655620575
1152,23039.983,1786751928556.014,28886478.414,0.000000000,0.037714139,0.375114650,-5.167240620
1153,23059.985,1786751928576.016,28886498.416,0.000000000,-0.403377980,-0.259634763,-4.602168083
1154,23079.990,1786751928596.021,28886518.421,0.000000000,-0.452291191,-0.109003015,-4.771977901
1155,23099.994,1786751928616.024,28886538.425,0.000000000,-0.330383062,0.404769510,-5.127650738
1156,23119.990,1786751928636.021,28886558.421,0.000000000,-0.460812360,0.861760378,-4.680001736
1157,23139.985,1786751928656.016,28886578.416,0.000000000,-0.605060339,0.759096742,-2.866039515
1158,23159.986,1786751928676.016,28886598.416,0.000000000,-1.176916718,0.286297083,-1.846653819
1159,23179.994,1786751928696.025,28886618.425,0.000000000,-1.450244665,0.029266359,-1.571365952
1160,23199.985,1786751928716.016,28886638.416,0.000000000,-1.550862193,-0.109843522,-1.602371693
1161,23219.985,1786751928736.015,28886658.415,0.000000000,-0.879182041,0.304031789,-1.676103473
1162,23239.992,1786751928756.022,28886678.422,0.000000000,0.919732034,1.117577553,-2.674571037
1163,23259.987,1786751928776.017,28886698.418,0.000000000,1.334558845,0.175257757,-3.507537603
1164,23279.990,1786751928796.021,28886718.421,0.000000000,0.513035893,-0.849935770,-3.213844776
1165,23299.989,1786751928816.019,28886738.419,0.000000000,-0.416302085,-1.230387926,-2.770468473
1166,23319.989,1786751928836.019,28886758.419,0.000000000,-0.741507888,-0.511164665,-2.188050747
1167,23339.987,1786751928856.017,28886778.418,0.000000000,-1.682666421,-1.193228841,-0.822525620
1168,23359.986,1786751928876.017,28886798.417,0.000000000,-2.616695166,-2.024248600,1.006745934
1169,23379.984,1786751928896.015,28886818.415,0.000000000,-2.678535700,-2.069263935,1.747384191
1170,23399.985,1786751928916.016,28886838.416,0.000000000,-2.034632683,-1.661350846,1.922115445
1171,23419.985,1786751928936.016,28886858.416,0.000000000,-0.341499865,-0.967831254,1.169476509
1172,23439.985,1786751928956.016,28886878.416,0.000000000,1.141724706,0.067675695,-0.121813037
1173,23459.984,1786751928976.014,28886898.415,0.000000000,1.046283841,-0.382987201,-0.226242319
1174,23479.986,1786751928996.016,28886918.417,0.000000000,-0.432529539,-1.183422804,0.413725823
1175,23499.985,1786751929016.015,28886938.416,0.000000000,-2.119923830,-1.235745311,0.677244127
1176,23519.985,1786751929036.016,28886958.416,0.000000000,-2.469100952,0.167056784,0.023153320
1177,23539.985,1786751929056.015,28886978.415,0.000000000,-3.057388306,-1.100297689,0.345509827
1178,23559.986,1786751929076.017,28886998.417,0.000000000,-3.389961481,-2.520317554,1.194490433
1179,23579.985,1786751929096.015,28887018.415,0.000000000,-3.339540958,-2.784239531,1.447521567
1180,23599.984,1786751929116.015,28887038.415,0.000000000,-3.170732498,-2.800992489,1.206026435
1181,23619.986,1786751929136.017,28887058.417,0.000000000,-2.963173389,-2.572643995,0.630015254
1182,23639.985,1786751929156.015,28887078.416,0.000000000,-2.081910610,-2.464785337,0.399475783
1183,23659.985,1786751929176.015,28887098.415,0.000000000,-1.730908036,-1.962393880,-0.459265530
1184,23679.988,1786751929196.019,28887118.419,0.000000000,-2.201433659,-2.206403255,-0.708254695
1185,23699.983,1786751929216.014,28887138.414,0.000000000,-0.456568480,-2.795115948,-1.174433589
1186,23719.984,1786751929236.015,28887158.415,0.000000000,-0.255677938,-0.916076779,3.214371443
1187,23739.984,1786751929256.015,28887178.415,0.000000000,-2.773770571,1.294997573,8.915846825
1188,23759.985,1786751929276.016,28887198.416,0.000000000,-4.026341915,2.300746202,9.354402542
1189,23779.990,1786751929296.021,28887218.420,0.000000000,-2.578654766,3.289458752,4.734413147
1190,23799.989,1786751929316.020,28887238.420,0.000000000,-0.715835929,3.860547543,1.848174810
1191,23819.987,1786751929336.018,28887258.418,0.000000000,0.670214295,1.934852719,1.375499129
1192,23839.988,1786751929356.018,28887278.418,0.000000000,-0.503211498,-0.873897135,3.417103767
1193,23859.987,1786751929376.017,28887298.417,0.000000000,-1.240432978,-2.346688271,3.672019720
1194,23879.984,1786751929396.015,28887318.415,0.000000000,-0.781179607,-2.345614433,-0.396716326
1195,23899.987,1786751929416.018,28887338.418,0.000000000,0.087929800,-1.201404333,-6.034646511
1196,23919.985,1786751929436.016,28887358.416,0.000000000,1.674516559,0.219820276,-9.286993980
1197,23939.987,1786751929456.017,28887378.417,0.000000000,3.420815229,2.261154175,-9.652517319
1198,23959.985,1786751929476.016,28887398.416,0.000000000,2.799073696,3.625843287,-7.403921127
1199,23979.987,1786751929496.017,28887418.417,0.000000000,1.743326664,2.713610411,-5.644109726
1200,23999.985,1786751929516.016,28887438.416,0.000000000,0.848165452,1.264187574,-4.579698086
1201,24019.986,1786751929536.016,28887458.416,0.000000000,0.295423985,0.486159891,-4.285145760
1202,24039.985,1786751929556.015,28887478.415,0.000000000,0.039706003,-0.166410461,-3.978995800
1203,24059.987,1786751929576.018,28887498.418,0.000000000,-0.432616234,-1.289747119,-2.906054735
1204,24079.988,1786751929596.019,28887518.419,0.000000000,-0.588253081,-2.146633148,-2.244288921
1205,24099.989,1786751929616.020,28887538.420,0.000000000,-0.472682923,-1.928459883,-2.794528246
1206,24119.992,1786751929636.022,28887558.422,0.000000000,0.108425073,-0.966371715,-3.763199091
1207,24139.991,1786751929656.022,28887578.422,0.000000000,0.688986540,0.091842279,-4.129768848
1208,24159.991,1786751929676.022,28887598.422,0.000000000,0.476635933,0.233911395,-3.784632683
1209,24179.990,1786751929696.021,28887618.421,0.000000000,0.030416083,-0.265727252,-3.174461126
1210,24199.991,1786751929716.022,28887638.422,0.000000000,-0.062092401,-0.250806093,-3.275992870
1211,24219.990,1786751929736.021,28887658.421,0.000000000,-0.058262266,0.149379745,-3.693243980
1212,24239.990,1786751929756.021,28887678.421,0.000000000,-0.021277661,0.906767726,-3.582715750
1213,24259.989,1786751929776.020,28887698.420,0.000000000,-0.388716251,0.644574165,-2.813207626
1214,24279.987,1786751929796.017,28887718.417,0.000000000,-0.820722640,0.736284852,-1.519860864
1215,24299.988,1786751929816.018,28887738.419,0.000000000,-1.156408668,0.752977550,-0.690713763
1216,24319.988,1786751929836.019,28887758.419,0.000000000,-0.872474134,0.670043051,-0.229795933
1217,24339.988,1786751929856.019,28887778.419,0.000000000,-0.444297105,0.460740298,-0.060484566
1218,24359.995,1786751929876.026,28887798.426,0.000000000,0.834803522,0.862099290,-0.459202290
1219,24379.987,1786751929896.018,28887818.418,0.000000000,1.067994952,-0.289712697,-1.452415586
1220,24399.989,1786751929916.020,28887838.420,0.000000000,0.102414928,-1.277473927,-2.157358646
1221,24419.991,1786751929936.021,28887858.421,0.000000000,-0.735341609,-1.401186585,-2.473334551
1222,24439.991,1786751929956.021,28887878.422,0.000000000,-0.691955268,-1.133320451,-1.600621343
1223,24459.992,1786751929976.023,28887898.423,0.000000000,-1.422185659,-0.989368975,0.129200846
1224,24479.990,1786751929996.021,28887918.421,0.000000000,-1.933687210,-1.498921871,1.212816954
1225,24499.990,1786751930016.021,28887938.421,0.000000000,-2.115765572,-1.528283477,1.517923951
1226,24519.989,1786751930036.019,28887958.419,0.000000000,-1.882511854,-1.357142091,1.402366400
1227,24539.990,1786751930056.021,28887978.420,0.000000000,-0.456176668,-0.596430302,0.715665162
1228,24559.990,1786751930076.021,28887998.421,0.000000000,0.683543146,-1.095045924,0.081735566
1229,24579.988,1786751930096.019,28888018.419,0.000000000,0.413087547,-1.446046114,0.211338624
1230,24599.988,1786751930116.019,28888038.419,0.000000000,-0.426166266,-1.399539351,0.121844254
1231,24619.988,1786751930136.019,28888058.419,0.000000000,-1.176383972,-0.931727469,-0.086610176
1232,24639.992,1786751930156.023,28888078.423,0.000000000,-1.227229118,0.712337792,-0.628321111
1233,24659.988,1786751930176.018,28888098.418,0.000000000,-1.997828841,0.434401989,0.183264419
1234,24679.988,1786751930196.019,28888118.419,0.000000000,-3.022401094,-0.706952393,1.564700603
1235,24699.985,1786751930216.016,28888138.416,0.000000000,-3.083252907,-1.123816252,2.199215412
1236,24719.984,1786751930236.014,28888158.415,0.000000000,-2.303873777,-1.469593287,1.986791849
1237,24739.985,1786751930256.016,28888178.416,0.000000000,-0.546822846,-1.809452891,0.784676373
1238,24759.987,1786751930276.017,28888198.417,0.000000000,0.863110840,-1.154347897,-0.673307955
1239,24779.987,1786751930296.018,28888218.418,0.000000000,0.876163304,-1.173168063,-1.106674910
1240,24799.987,1786751930316.018,28888238.418,0.000000000,-0.588225305,-1.320008516,-0.199565619
1241,24819.985,1786751930336.016,28888258.416,0.000000000,-2.101528645,-0.956690311,0.431668103
1242,24839.986,1786751930356.017,28888278.417,0.000000000,-3.449912786,-1.141151547,0.178718060
1243,24859.986,1786751930376.017,28888298.417,0.000000000,-3.891793251,-0.920664132,-0.306502074
1244,24879.986,1786751930396.016,28888318.416,0.000000000,-3.771412849,-1.324336410,-0.458087057
1245,24899.985,1786751930416.016,28888338.416,0.000000000,-4.005590916,-2.119306564,-0.112634152
1246,24919.994,1786751930436.024,28888358.425,0.000000000,-2.986574888,-2.762154579,0.829301894
1247,24939.985,1786751930456.016,28888378.416,0.000000000,-2.598252296,-2.816262484,0.099334531
1248,24959.986,1786751930476.016,28888398.416,0.000000000,-2.387148380,-2.388607025,-0.763639808
1249,24979.986,1786751930496.017,28888418.417,0.000000000,-2.845125198,-2.064172506,-1.166841030
1250,24999.986,1786751930516.017,28888438.417,0.000000000,0.466275126,-2.346780777,-1.360022187
1251,25019.987,1786751930536.018,28888458.418,0.000000000,-0.257140189,-0.620261371,3.068098068
1252,25039.985,1786751930556.016,28888478.416,0.000000000,-2.465142250,2.506739855,7.957263470
1253,25059.988,1786751930576.019,28888498.419,0.000000000,-4.135800362,1.607867122,8.743380547
1254,25079.986,1786751930596.017,28888518.417,0.000000000,-2.558542013,4.068137646,4.867908001
1255,25099.985,1786751930616.015,28888538.415,0.000000000,0.149873927,3.202408791,0.245957837
1256,25119.986,1786751930636.017,28888558.417,0.000000000,-0.466630518,1.212774634,2.026934862
1257,25139.985,1786751930656.016,28888578.416,0.000000000,-1.182354569,-1.279087305,3.307419300
1258,25159.986,1786751930676.017,28888598.417,0.000000000,-0.649243772,-2.593221903,0.917031646
1259,25179.986,1786751930696.016,28888618.416,0.000000000,-0.046071071,-2.769839764,-2.518358707
1260,25200.001,1786751930716.032,28888638.432,0.000000000,1.036228538,-1.065068364,-6.576592922
1261,25219.986,1786751930736.017,28888658.417,0.000000000,2.002350330,1.162598610,-7.729313374
1262,25239.986,1786751930756.017,28888678.417,0.000000000,2.951641560,3.222258329,-7.063560009
1263,25259.989,1786751930776.020,28888698.420,0.000000000,2.422411442,3.050705671,-6.018894196
1264,25279.985,1786751930796.015,28888718.415,0.000000000,1.394988656,1.565914989,-5.227899551
1265,25299.986,1786751930816.017,28888738.417,0.000000000,0.366541117,0.786387920,-4.741139412
1266,25319.985,1786751930836.015,28888758.415,0.000000000,-0.272004843,0.212265819,-4.165216446
1267,25339.984,1786751930856.015,28888778.415,0.000000000,-0.523023844,-0.311125994,-2.918847322
1268,25359.988,1786751930876.018,28888798.419,0.000000000,-0.751658559,-1.731629372,-2.213015795
1269,25379.988,1786751930896.019,28888818.419,0.000000000,-0.735210299,-2.468023539,-2.625112295
1270,25399.990,1786751930916.020,28888838.420,0.000000000,-0.216672987,-1.584935904,-3.844950438
1271,25419.986,1786751930936.017,28888858.417,0.000000000,0.467768729,-0.571494341,-4.404303551
1272,25439.986,1786751930956.017,28888878.417,0.000000000,0.562460065,-0.071341023,-4.324841499
1273,25459.986,1786751930976.016,28888898.416,0.000000000,0.424463212,0.029574262,-3.791288376
1274,25479.990,1786751930996.021,28888918.421,0.000000000,0.029996043,-0.328885883,-3.418706417
1275,25499.988,1786751931016.019,28888938.419,0.000000000,-0.120382570,-0.299725264,-3.357828856
1276,25519.989,1786751931036.019,28888958.419,0.000000000,0.008900884,0.009140773,-3.390488386
1277,25539.983,1786751931056.014,28888978.414,0.000000000,0.160160452,0.366383851,-3.185213327
1278,25559.984,1786751931076.015,28888998.415,0.000000000,-0.292862028,0.657986581,-2.163629293
1279,25579.987,1786751931096.018,28889018.418,0.000000000,-1.107359171,0.569280744,-0.978912115
1280,25599.989,1786751931116.020,28889038.420,0.000000000,-1.292256594,0.322908819,-0.139544517
1281,25619.987,1786751931136.018,28889058.418,0.000000000,-0.885901392,-0.010790829,0.352496773
1282,25639.984,1786751931156.015,28889078.415,0.000000000,-0.007363027,-0.133221686,0.091772102
1283,25659.984,1786751931176.014,28889098.415,0.000000000,1.034704566,0.052139062,-0.869536757
1284,25679.985,1786751931196.015,28889118.415,0.000000000,0.587131143,-1.052817822,-1.527970552
1285,25699.986,1786751931216.017,28889138.417,0.000000000,-0.339061737,-1.429002047,-1.819590211
1286,25719.984,1786751931236.015,28889158.415,0.000000000,-0.946586728,-1.257996321,-1.876429081
1287,25739.985,1786751931256.016,28889178.416,0.000000000,-1.230727673,-0.269421488,-1.240062714
1288,25759.996,1786751931276.027,28889198.427,0.000000000,-2.002305984,-0.070950575,-0.160430789
1289,25779.988,1786751931296.018,28889218.418,0.000000000,-2.624814987,-0.832083821,1.061657906
1290,25799.988,1786751931316.019,28889238.419,0.000000000,-2.353101492,-1.012818456,1.558505416
1291,25819.988,1786751931336.019,28889258.419,0.000000000,-1.375067472,-0.835649490,1.448737144
1292,25839.986,1786751931356.017,28889278.417,0.000000000,0.403029174,-0.317347825,0.519099414
1293,25859.987,1786751931376.018,28889298.418,0.000000000,0.965974927,-1.586295843,0.238347754
1294,25879.988,1786751931396.019,28889318.419,0.000000000,0.423546970,-1.725472093,0.395481020
1295,25899.985,1786751931416.015,28889338.415,0.000000000,-0.790513337,-1.767218351,0.455982625
1296,25919.988,1786751931436.019,28889358.419,0.000000000,-1.597967982,-1.115294456,0.191859469
1297,25939.984,1786751931456.014,28889378.414,0.000000000,-2.104962111,-0.393607229,-0.471363872
1298,25959.984,1786751931476.015,28889398.415,0.000000000,-2.284597635,-0.129288703,-0.508500755
1299,25979.986,1786751931496.016,28889418.416,0.000000000,-2.817572117,-0.738144815,0.486333817
1300,25999.984,1786751931516.015,28889438.415,0.000000000,-3.539704561,-1.469229937,1.347452402
1301,26019.986,1786751931536.017,28889458.417,0.000000000,-3.729848146,-1.945173502,1.134306431
1302,26039.983,1786751931556.014,28889478.414,0.000000000,-2.204450607,-1.959699869,0.097408332
1303,26059.987,1786751931576.018,28889498.418,0.000000000,-1.021054387,-1.365507603,-0.804487407
1304,26079.988,1786751931596.019,28889518.419,0.000000000,-0.730901420,-1.088974714,-1.043442369
1305,26099.988,1786751931616.019,28889538.419,0.000000000,-1.654994845,-1.457996726,-0.442474902
1306,26119.986,1786751931636.016,28889558.416,0.000000000,-2.642156601,-2.184523821,0.052566849
1307,26139.985,1786751931656.016,28889578.416,0.000000000,-3.425414324,-3.086261988,0.788114786
1308,26159.984,1786751931676.015,28889598.415,0.000000000,-3.454540491,-3.374541998,1.131320715
1309,26179.986,1786751931696.017,28889618.417,0.000000000,-3.312622309,-2.707231998,0.241485044
1310,26199.984,1786751931716.015,28889638.415,0.000000000,0.930720925,-2.243484020,-1.995436668
1311,26219.984,1786751931736.015,28889658.415,0.000000000,0.706721902,-1.741266966,-1.247246861
1312,26239.986,1786751931756.017,28889678.417,0.000000000,-0.898664892,1.389160872,5.226979256
1313,26259.989,1786751931776.019,28889698.419,0.000000000,-2.850218534,2.098118782,8.747972488
1314,26279.986,1786751931796.017,28889718.417,0.000000000,-4.531895638,1.088528633,9.445372581
1315,26299.989,1786751931816.019,28889738.420,0.000000000,-1.539853454,3.088284969,3.400236130
1316,26319.989,1786751931836.019,28889758.419,0.000000000,0.071527243,2.199486732,2.470218420
1317,26339.986,1786751931856.017,28889778.417,0.000000000,-0.526652753,0.332394809,4.238876343
1318,26359.986,1786751931876.017,28889798.417,0.000000000,-2.071946859,-2.434567690,5.983659267
1319,26379.985,1786751931896.016,28889818.416,0.000000000,-2.832565069,-3.303473473,4.835577965
1320,26399.984,1786751931916.015,28889838.415,0.000000000,-2.831271648,-2.734977245,0.232289746
1321,26419.985,1786751931936.016,28889858.416,0.000000000,-1.045903206,-0.829064369,-5.114647865
1322,26439.986,1786751931956.016,28889878.416,0.000000000,1.284130335,-0.234115005,-8.560626984
1323,26459.986,1786751931976.016,28889898.416,0.000000000,2.499469042,0.861561537,-9.794835091
1324,26479.986,1786751931996.017,28889918.417,0.000000000,2.819604158,3.943170547,-7.776444912
1325,26499.985,1786751932016.016,28889938.416,0.000000000,1.774184465,4.439781189,-3.901482344
1326,26519.986,1786751932036.017,28889958.417,0.000000000,0.815306365,2.602839947,-2.288155794
1327,26539.985,1786751932056.016,28889978.416,0.000000000,0.056341592,1.276062131,-2.415405989
1328,26559.984,1786751932076.015,28889998.415,0.000000000,-0.523419261,0.431219429,-3.042498350
1329,26579.984,1786751932096.015,28890018.415,0.000000000,-0.742404342,-0.327615976,-2.851568460
1330,26599.988,1786751932116.018,28890038.419,0.000000000,-1.184105754,-1.125190735,-1.906895399
1331,26619.988,1786751932136.018,28890058.419,0.000000000,-1.573176742,-0.836874187,-1.318191528
1332,26639.990,1786751932156.021,28890078.420,0.000000000,-1.144896984,0.340977550,-2.651167631
1333,26659.990,1786751932176.021,28890098.421,0.000000000,-0.308028191,0.820378602,-5.219104767
1334,26679.991,1786751932196.022,28890118.422,0.000000000,1.104990244,1.287184119,-6.874730110
1335,26699.991,1786751932216.022,28890138.422,0.000000000,1.101452470,0.450194061,-6.488422871
1336,26719.989,1786751932236.020,28890158.420,0.000000000,0.300376177,-0.681271076,-5.218491554
1337,26739.987,1786751932256.018,28890178.418,0.000000000,-0.192124262,-0.501788199,-5.201678753
1338,26759.988,1786751932276.018,28890198.418,0.000000000,-0.504693866,0.332563549,-4.908913136
1339,26779.986,1786751932296.017,28890218.417,0.000000000,-1.154487491,0.290421277,-2.949604750
1340,26799.986,1786751932316.016,28890238.416,0.000000000,-1.645450950,0.198571667,-1.986657739
1341,26819.986,1786751932336.017,28890258.417,0.000000000,-1.894157648,-0.133202121,-1.637822747
1342,26839.987,1786751932356.017,28890278.417,0.000000000,-1.690533161,-0.214618340,-1.638578892
1343,26859.986,1786751932376.017,28890298.417,0.000000000,-1.309802055,-0.066205747,-1.464607835
1344,26879.989,1786751932396.020,28890318.420,0.000000000,-0.095637105,0.438073397,-1.558205485
1345,26900.003,1786751932416.034,28890338.434,0.000000000,1.484792709,1.056199431,-2.974018097
1346,26919.987,1786751932436.018,28890358.418,0.000000000,2.126764536,0.939539433,-4.125400066
1347,26939.986,1786751932456.016,28890378.417,0.000000000,1.397311926,-0.034545265,-3.769713402
1348,26959.985,1786751932476.016,28890398.416,0.000000000,0.323575318,-0.891298831,-3.089525938
1349,26979.984,1786751932496.015,28890418.415,0.000000000,-0.282875687,-0.889613152,-2.640463352
1350,26999.984,1786751932516.015,28890438.415,0.000000000,-1.058429241,-0.977447450,-0.518376350
1351,27019.986,1786751932536.017,28890458.417,0.000000000,-2.048688650,-1.701328635,1.245951653
1352,27039.984,1786751932556.014,28890478.415,0.000000000,-2.326290607,-1.902607203,1.716702223
1353,27059.985,1786751932576.015,28890498.415,0.000000000,-1.774256706,-1.616193652,1.463099480
1354,27080.003,1786751932596.034,28890518.434,0.000000000,-0.447210759,-0.702541649,0.294835627
1355,27099.984,1786751932616.015,28890538.415,0.000000000,0.747797966,-0.045863975,-0.641798139
1356,27119.988,1786751932636.019,28890558.419,0.000000000,0.147490561,-0.950396836,-0.018940264
1357,27139.987,1786751932656.018,28890578.418,0.000000000,-1.250552893,-1.668267012,0.589867115
1358,27159.985,1786751932676.016,28890598.416,0.000000000,-2.595114708,-1.638327599,0.654702961
1359,27179.988,1786751932696.019,28890618.419,0.000000000,-3.098604441,-0.938117921,0.164055318
1360,27199.992,1786751932716.023,28890638.423,0.000000000,-2.687569380,0.207828254,-0.706144392
1361,27219.989,1786751932736.019,28890658.419,0.000000000,-2.624252558,-0.725189984,-0.114881240
1362,27239.989,1786751932756.020,28890678.420,0.000000000,-2.800975800,-2.155129910,0.883866549
1363,27259.988,1786751932776.019,28890698.419,0.000000000,-2.512428284,-2.722176075,0.990486324
1364,27279.989,1786751932796.019,28890718.419,0.000000000,-2.099671125,-2.758058071,0.663854480
1365,27299.987,1786751932816.017,28890738.417,0.000000000,-1.669906139,-2.617608309,0.206259817
1366,27319.991,1786751932836.022,28890758.422,0.000000000,-1.425601006,-2.327004910,0.099980228
1367,27339.990,1786751932856.020,28890778.420,0.000000000,-1.283287168,-2.568641424,0.460768789
1368,27359.989,1786751932876.019,28890798.419,0.000000000,-2.064530134,-3.181543589,0.450667888
1369,27379.989,1786751932896.019,28890818.419,0.000000000,-3.073651314,-3.544179440,0.470416516
1370,27399.988,1786751932916.019,28890838.419,0.000000000,0.467058539,-2.689845324,-2.368201733
1371,27419.989,1786751932936.020,28890858.420,0.000000000,-0.298386395,-0.716472268,2.630212069
1372,27439.988,1786751932956.018,28890878.418,0.000000000,-2.583703279,1.461813450,8.888600349
1373,27459.986,1786751932976.017,28890898.417,0.000000000,-3.883999586,2.291762114,9.833266258
1374,27479.991,1786751932996.021,28890918.421,0.000000000,-2.473329067,3.332125902,4.761535645
1375,27499.991,1786751933016.022,28890938.422,0.000000000,0.296563745,3.962974548,0.854084671
1376,27519.990,1786751933036.021,28890958.421,0.000000000,0.551450491,2.130079269,1.079228401
1377,27539.991,1786751933056.022,28890978.422,0.000000000,-0.431127638,-0.539498985,2.848602533
1378,27559.990,1786751933076.021,28890998.421,0.000000000,-0.821615398,-2.095574856,2.558069468
1379,27579.991,1786751933096.022,28891018.422,0.000000000,0.031728424,-2.398932695,-1.328110576
1380,27599.991,1786751933116.021,28891038.421,0.000000000,0.628394485,-2.089197159,-6.356005192
1381,27619.991,1786751933136.021,28891058.422,0.000000000,1.461553931,-0.611084819,-9.622555733
1382,27639.991,1786751933156.022,28891078.422,0.000000000,2.778461695,1.640292168,-9.806918144
1383,27659.992,1786751933176.022,28891098.423,0.000000000,2.422710180,3.572429180,-7.598453045
1384,27679.991,1786751933196.021,28891118.422,0.000000000,1.330385447,2.496847153,-5.311764717
1385,27699.991,1786751933216.022,28891138.422,0.000000000,0.488378555,0.949984193,-3.327147484
1386,27719.994,1786751933236.024,28891158.425,0.000000000,-0.331358075,-0.073218100,-3.088210344
1387,27739.990,1786751933256.021,28891178.421,0.000000000,-0.648174942,-0.424090683,-3.185656309
1388,27759.990,1786751933276.021,28891198.421,0.000000000,-0.835005760,-0.763564348,-2.786410332
1389,27779.991,1786751933296.021,28891218.422,0.000000000,-0.834800184,-1.783193588,-2.154642820
1390,27799.991,1786751933316.021,28891238.422,0.000000000,-0.755130768,-2.675200701,-2.137449265
1391,27819.990,1786751933336.021,28891258.421,0.000000000,-0.533509135,-2.088746786,-2.831140518
1392,27839.991,1786751933356.021,28891278.421,0.000000000,0.072675273,-0.629426122,-3.546432495
1393,27859.991,1786751933376.021,28891298.421,0.000000000,-0.247003481,0.283488005,-3.725639105
1394,27879.990,1786751933396.021,28891318.421,0.000000000,-0.704534352,0.350338906,-3.248159885
1395,27899.990,1786751933416.021,28891338.420,0.000000000,-0.885230780,0.399034709,-3.241156816
1396,27919.990,1786751933436.021,28891358.421,0.000000000,-0.368163973,0.530167580,-3.579608679
1397,27939.990,1786751933456.021,28891378.421,0.000000000,0.109565876,1.017921686,-3.410793781
1398,27959.988,1786751933476.019,28891398.419,0.000000000,0.123621352,0.733759046,-2.553642988
1399,27979.992,1786751933496.023,28891418.423,0.000000000,-0.490211964,0.504012346,-1.785393834
1400,27999.990,1786751933516.021,28891438.421,0.000000000,-0.719857931,0.462235868,-1.233754635
1401,28019.992,1786751933536.022,28891458.422,0.000000000,-0.757020056,0.513337135,-0.505719841
1402,28039.991,1786751933556.022,28891478.422,0.000000000,-0.306274742,0.341039687,-0.199957401
1403,28059.990,1786751933576.021,28891498.420,0.000000000,0.948487520,0.688506305,-0.529575586
1404,28079.991,1786751933596.021,28891518.421,0.000000000,1.166337490,-0.356179029,-1.359842300
1405,28099.991,1786751933616.021,28891538.421,0.000000000,0.182970464,-1.367662668,-1.754364729
1406,28119.990,1786751933636.021,28891558.421,0.000000000,-0.875185609,-1.590268373,-2.038919449
1407,28139.990,1786751933656.021,28891578.421,0.000000000,-1.350952983,-1.346163154,-1.715470195
1408,28159.992,1786751933676.022,28891598.423,0.000000000,-1.683436036,-0.211277515,-0.388879985
1409,28179.992,1786751933696.023,28891618.423,0.000000000,-1.975391746,-0.757595837,0.721235752
1410,28199.990,1786751933716.021,28891638.421,0.000000000,-1.951206207,-0.718173563,1.496555567
1411,28219.991,1786751933736.022,28891658.422,0.000000000,-1.567900419,-0.509724021,1.749066591
1412,28239.991,1786751933756.022,28891678.422,0.000000000,-0.120034248,-0.050764978,1.263776183
1413,28259.991,1786751933776.021,28891698.422,0.000000000,0.932868958,-1.117988706,0.532556295
1414,28279.991,1786751933796.021,28891718.422,0.000000000,0.323892742,-1.535790563,0.418834209
1415,28299.991,1786751933816.021,28891738.421,0.000000000,-0.979723394,-1.492030859,0.205519602
1416,28319.991,1786751933836.021,28891758.421,0.000000000,-2.149431467,-1.031371593,-0.080197982
1417,28339.990,1786751933856.021,28891778.421,0.000000000,-1.949692130,0.675237715,-0.568187118
1418,28359.991,1786751933876.021,28891798.422,0.000000000,-2.401711702,0.071348615,-0.068498798
1419,28379.991,1786751933896.021,28891818.421,0.000000000,-3.357057810,-1.071285129,1.570172787
1420,28399.991,1786751933916.021,28891838.421,0.000000000,-3.377249002,-1.801658034,2.110843182
1421,28419.989,1786751933936.020,28891858.420,0.000000000,-2.285879374,-2.424886703,1.495336056
1422,28439.989,1786751933956.019,28891878.419,0.000000000,-0.733993590,-2.347131014,0.281959355
1423,28459.988,1786751933976.018,28891898.418,0.000000000,-0.022761794,-1.710457683,-0.562525749
1424,28479.987,1786751933996.018,28891918.418,0.000000000,0.169358328,-0.843750238,-0.862356961
1425,28499.987,1786751934016.018,28891938.418,0.000000000,-0.787855983,-0.720808566,-0.204701334
1426,28519.986,1786751934036.017,28891958.417,0.000000000,-2.394376278,-1.047670245,0.411024541
1427,28539.986,1786751934056.016,28891978.416,0.000000000,-3.476861000,-1.438470125,0.476598740
1428,28559.986,1786751934076.016,28891998.417,0.000000000,-4.161633015,-2.187164068,0.515499234
1429,28579.988,1786751934096.019,28892018.419,0.000000000,-3.819561481,-2.898283005,1.361870408
1430,28599.985,1786751934116.016,28892038.416,0.000000000,-3.821727276,-3.034171343,0.961590767
1431,28619.985,1786751934136.015,28892058.415,0.000000000,-3.486405134,-2.136959076,-0.375430524
1432,28639.984,1786751934156.015,28892078.415,0.000000000,1.108493686,-1.680882096,-1.666796446
1433,28659.984,1786751934176.015,28892098.415,0.000000000,0.000000000,0.000000000,0.000000000
1434,28679.986,1786751934196.017,28892118.417,0.000000000,-0.763426840,2.206270933,5.709353924
1435,28699.987,1786751934216.018,28892138.418,0.000000000,-2.836091757,2.533155918,11.641728401
1436,28719.990,1786751934236.021,28892158.421,0.000000000,-4.699536324,1.083355308,8.593108177
1437,28739.991,1786751934256.021,28892178.421,0.000000000,-2.904758692,2.617492199,3.807456255
1438,28759.990,1786751934276.021,28892198.421,0.000000000,0.173830315,1.400612354,0.543044448
1439,28779.990,1786751934296.021,28892218.421,0.000000000,-0.052411608,-0.962552071,2.268847942
1440,28799.990,1786751934316.021,28892238.420,0.000000000,-1.450680614,-3.201613188,4.015013218
1441,28819.989,1786751934336.020,28892258.420,0.000000000,-2.535311937,-3.421884060,3.004961252
1442,28839.989,1786751934356.020,28892278.420,0.000000000,-2.363788843,-1.566999197,-0.318476021
1443,28859.989,1786751934376.019,28892298.419,0.000000000,-0.410721630,-0.197446719,-3.439921141
1444,28879.987,1786751934396.018,28892318.418,0.000000000,0.529014766,0.817204416,-4.452826500
1445,28899.988,1786751934416.019,28892338.419,0.000000000,1.093277693,1.676380754,-3.960768938
1446,28919.995,1786751934436.026,28892358.426,0.000000000,1.344958067,2.417810678,-3.199679136
1447,28939.991,1786751934456.021,28892378.422,0.000000000,1.230912328,2.850482941,-2.418171406
1448,28959.989,1786751934476.019,28892398.419,0.000000000,1.014927864,2.584167480,-2.405514956
1449,28979.992,1786751934496.022,28892418.423,0.000000000,0.792005002,1.721959710,-2.724057198
1450,28999.991,1786751934516.022,28892438.422,0.000000000,0.571648180,0.785094678,-1.912836671
1451,29019.990,1786751934536.021,28892458.421,0.000000000,-0.285706937,-0.477062196,0.395766467
1452,29039.991,1786751934556.022,28892478.422,0.000000000,-1.746615052,-1.239300370,1.347885966
1453,29059.991,1786751934576.022,28892498.422,0.000000000,-2.232856035,-0.409742028,-0.796976686
1454,29079.989,1786751934596.020,28892518.420,0.000000000,-1.227525473,1.122866750,-4.866432667
1455,29099.991,1786751934616.021,28892538.422,0.000000000,0.118234262,1.901925802,-5.943361759
1456,29119.987,1786751934636.017,28892558.417,0.000000000,0.827015162,1.610860109,-5.282325745
1457,29139.987,1786751934656.018,28892578.418,0.000000000,0.910126269,1.454620361,-4.731892109
1458,29159.988,1786751934676.018,28892598.418,0.000000000,0.260888934,1.554664016,-3.905507565
1459,29179.991,1786751934696.022,28892618.422,0.000000000,-0.443628818,2.066373348,-3.210667610
1460,29199.990,1786751934716.020,28892638.420,0.000000000,-0.571154237,1.584439278,-2.542238951
1461,29219.990,1786751934736.021,28892658.421,0.000000000,-0.987100363,1.207445145,-1.936985016
1462,29239.991,1786751934756.021,28892678.422,0.000000000,-1.729052067,0.878453135,-2.028071165
1463,29259.988,1786751934776.018,28892698.418,0.000000000,-2.409605742,-0.172266677,-2.465825558
1464,29279.989,1786751934796.019,28892718.419,0.000000000,-1.179817677,-0.742642939,-3.400957584
1465,29299.988,1786751934816.019,28892738.419,0.000000000,1.174051285,-1.524918556,-4.874126434
1466,29319.989,1786751934836.019,28892758.420,0.000000000,1.595836878,-0.789887011,-5.378815651
1467,29339.989,1786751934856.020,28892778.420,0.000000000,0.858660340,-0.590935171,-5.416982651
1468,29359.985,1786751934876.016,28892798.416,0.000000000,0.885282338,-0.021719027,-4.270081997
1469,29379.987,1786751934896.018,28892818.418,0.000000000,0.512660801,-1.178144097,-2.336988211
1470,29399.987,1786751934916.018,28892838.418,0.000000000,-0.321177930,-2.574951649,0.174772039
1471,29419.999,1786751934936.029,28892858.429,0.000000000,-1.767316818,-3.080242157,0.957232952
1472,29439.991,1786751934956.022,28892878.422,0.000000000,-3.183403492,-2.847159863,0.242200315
1473,29459.990,1786751934976.021,28892898.421,0.000000000,-3.470971823,-2.221666098,-0.808616102
1474,29479.988,1786751934996.019,28892918.419,0.000000000,-1.955435038,-0.913742602,-1.052067161
1475,29499.991,1786751935016.021,28892938.422,0.000000000,-0.607033789,-0.205571383,-0.298480570
1476,29519.991,1786751935036.022,28892958.422,0.000000000,-1.236877084,-0.932935238,0.895942152
1477,29539.989,1786751935056.020,28892978.420,0.000000000,-2.553239107,-0.798337042,0.693048000
1478,29559.990,1786751935076.020,28892998.420,0.000000000,-2.630214453,0.849452615,-0.694016695
1479,29579.991,1786751935096.021,28893018.421,0.000000000,-2.920424700,0.176298514,-0.684628844
1480,29599.989,1786751935116.019,28893038.420,0.000000000,-3.302174091,-1.305793643,0.013748681
1481,29619.986,1786751935136.017,28893058.417,0.000000000,-3.578364611,-2.550855160,0.857760906
1482,29639.988,1786751935156.018,28893078.418,0.000000000,-3.647310734,-2.316033840,1.091463566
1483,29659.990,1786751935176.021,28893098.421,0.000000000,-3.697625637,-1.824472070,0.493680537
1484,29679.992,1786751935196.022,28893118.422,0.000000000,-3.271934748,-1.135936141,-0.055168521
1485,29699.990,1786751935216.021,28893138.421,0.000000000,-3.002053261,-1.036864877,-0.386164099
1486,29719.990,1786751935236.021,28893158.421,0.000000000,1.650062799,-1.868835568,-1.906965137
1487,29739.991,1786751935256.021,28893178.422,0.000000000,-0.305124611,-1.075395823,3.301650763
1488,29759.991,1786751935276.022,28893198.422,0.000000000,-2.703133106,1.232973456,9.203187943
1489,29779.990,1786751935296.021,28893218.421,0.000000000,-3.778945446,2.493850231,9.852596283
1490,29799.990,1786751935316.021,28893238.421,0.000000000,-2.734463930,2.699480772,5.960282803
1491,29819.990,1786751935336.021,28893258.421,0.000000000,-0.097378440,3.314376116,1.927621603
1492,29839.990,1786751935356.021,28893278.421,0.000000000,0.280007064,1.579914570,1.749045253
1493,29859.990,1786751935376.021,28893298.421,0.000000000,-0.643241227,-0.833348393,3.086688280
1494,29879.989,1786751935396.020,28893318.420,0.000000000,-1.278873324,-2.217619419,2.697686672
1495,29899.990,1786751935416.021,28893338.420,0.000000000,-0.781135917,-1.980683565,-1.134730220
1496,29919.989,1786751935436.019,28893358.420,0.000000000,0.521434486,-0.860255659,-6.504428864
1497,29939.989,1786751935456.019,28893378.419,0.000000000,2.409879923,0.168984950,-10.013427734
1498,29959.988,1786751935476.019,28893398.419,0.000000000,3.484695196,2.336815834,-10.364088058
1499,29979.989,1786751935496.020,28893418.420,0.000000000,2.889927626,4.298374653,-7.958489895
1500,29999.988,1786751935516.018,28893438.418,0.000000000,1.559408784,3.127880573,-5.510114670
1501,30019.986,1786751935536.017,28893458.417,0.000000000,0.638758242,1.785583138,-3.875759125
1502,30039.990,1786751935556.021,28893478.421,0.000000000,-0.089510739,0.848748446,-2.985481977
1503,30059.991,1786751935576.022,28893498.422,0.000000000,-0.491599977,-0.500464082,-2.176131248
1504,30079.990,1786751935596.021,28893518.420,0.000000000,-0.749388933,-1.254889607,-1.561064243
1505,30099.989,1786751935616.020,28893538.420,0.000000000,-0.870553911,-1.695439935,-1.582404494
1506,30119.985,1786751935636.016,28893558.416,0.000000000,-0.596431971,-1.224611998,-2.762589931
1507,30139.985,1786751935656.016,28893578.416,0.000000000,0.410510182,-0.222302556,-4.109206676
1508,30159.986,1786751935676.017,28893598.417,0.000000000,1.053661585,0.245247707,-4.323663235
1509,30179.992,1786751935696.023,28893618.423,0.000000000,0.864135206,0.003962693,-3.850551844
1510,30199.987,1786751935716.018,28893638.418,0.000000000,0.447229266,-0.332784623,-3.360725403
1511,30219.989,1786751935736.020,28893658.420,0.000000000,0.161957860,-0.292538583,-3.299358845
1512,30239.989,1786751935756.019,28893678.419,0.000000000,-0.001392478,0.066789530,-3.581491470
1513,30259.988,1786751935776.019,28893698.419,0.000000000,-0.110104136,0.806087017,-3.275553703
1514,30279.990,1786751935796.021,28893718.421,0.000000000,-0.548075020,0.629110157,-2.072625399
1515,30299.986,1786751935816.017,28893738.417,0.000000000,-0.874997139,0.435409635,-1.325821757
1516,30319.986,1786751935836.016,28893758.417,0.000000000,-0.986333191,0.371391118,-0.763288558
1517,30339.988,1786751935856.019,28893778.419,0.000000000,-0.760397971,0.256289542,-0.600889802
1518,30359.984,1786751935876.015,28893798.415,0.000000000,-0.508066058,0.044770110,-0.569538057
1519,30379.986,1786751935896.017,28893818.417,0.000000000,0.604366004,-0.144955546,-1.102346420
1520,30399.987,1786751935916.017,28893838.418,0.000000000,1.252948046,-0.338319987,-2.138737440
1521,30419.985,1786751935936.016,28893858.416,0.000000000,0.565651238,-1.180556297,-2.727891207
1522,30439.986,1786751935956.017,28893878.417,0.000000000,-0.124203078,-1.463736773,-2.880312443
1523,30459.985,1786751935976.016,28893898.416,0.000000000,-0.272357672,-0.882230818,-1.903172255
1524,30479.989,1786751935996.020,28893918.420,0.000000000,-0.996744573,-1.045403004,0.269819826
1525,30499.991,1786751936016.022,28893938.422,0.000000000,-1.911844492,-1.517605305,1.457953811
1526,30519.991,1786751936036.021,28893958.422,0.000000000,-2.233224630,-1.685594797,1.438292503
1527,30539.988,1786751936056.018,28893978.418,0.000000000,-1.901509523,-1.550992489,0.973514378
1528,30559.986,1786751936076.017,28893998.417,0.000000000,-0.359974414,-0.682505667,0.198594198
1529,30579.986,1786751936096.017,28894018.417,0.000000000,0.244134948,-1.165424109,-0.212518126
1530,30599.989,1786751936116.020,28894038.420,0.000000000,-0.318806082,-1.678464532,0.112713359
1531,30619.987,1786751936136.017,28894058.417,0.000000000,-1.294848919,-1.643712997,0.098464847
1532,30639.987,1786751936156.018,28894078.418,0.000000000,-1.950439811,-0.894106686,-0.358571172
1533,30659.986,1786751936176.017,28894098.417,0.000000000,-2.025304317,0.405614227,-0.963009417
1534,30679.989,1786751936196.020,28894118.420,0.000000000,-2.665200949,0.200336397,0.219644323
1535,30699.988,1786751936216.019,28894138.419,0.000000000,-3.350443840,-0.906418681,1.453362465
1536,30719.988,1786751936236.019,28894158.419,0.000000000,-2.815491199,-1.674677253,1.533027053
1537,30739.992,1786751936256.022,28894178.422,0.000000000,-1.329535961,-1.874131203,0.571255386
1538,30759.988,1786751936276.019,28894198.419,0.000000000,-0.153958216,-1.374929428,-0.322752297
1539,30779.987,1786751936296.018,28894218.418,0.000000000,0.324240595,-1.225674510,-0.738612294
1540,30799.988,1786751936316.019,28894238.419,0.000000000,-0.562012732,-1.395004749,-0.206007689
1541,30819.986,1786751936336.017,28894258.417,0.000000000,-2.052156687,-1.603263021,0.113072664
1542,30839.988,1786751936356.018,28894278.418,0.000000000,-3.316491842,-2.573764801,0.170069173
1543,30859.987,1786751936376.018,28894298.418,0.000000000,-4.143228054,-3.348727703,0.315076888
1544,30879.985,1786751936396.016,28894318.416,0.000000000,-4.328124523,-3.115272999,0.403175056
1545,30899.986,1786751936416.017,28894338.417,0.000000000,-3.321439505,-2.970420122,0.906381369
1546,30919.986,1786751936436.017,28894358.417,0.000000000,-3.426566124,-3.057083845,0.633280039
1547,30939.986,1786751936456.017,28894378.417,0.000000000,1.306926489,-3.232158184,-0.869034171
1548,30959.986,1786751936476.017,28894398.417,0.000000000,0.000000000,0.000000000,0.000000000
1549,30979.986,1786751936496.016,28894418.417,0.000000000,-2.019928694,2.289227962,8.558782578
1550,30999.988,1786751936516.018,28894438.419,0.000000000,-2.990732670,3.186914921,8.821808815
1551,31019.987,1786751936536.017,28894458.417,0.000000000,-3.053101540,3.706613064,5.685842991
1552,31039.986,1786751936556.017,28894478.417,0.000000000,-2.188574314,2.607455730,2.000967264
1553,31059.990,1786751936576.021,28894498.421,0.000000000,-1.632065654,0.869798779,1.228414059
1554,31079.989,1786751936596.020,28894518.420,0.000000000,-1.284250617,-0.752901971,1.044777155
1555,31099.990,1786751936616.021,28894538.421,0.000000000,-0.383680761,-2.152156353,-0.932215571
1556,31119.990,1786751936636.020,28894558.420,0.000000000,1.225904465,-1.518587708,-4.138423920
1557,31139.989,1786751936656.019,28894578.419,0.000000000,1.278829098,-0.507317364,-5.363058090
1558,31159.989,1786751936676.020,28894598.420,0.000000000,1.149584174,0.705453932,-5.144071579
1559,31179.987,1786751936696.017,28894618.417,0.000000000,1.318673968,1.562545896,-4.188699722
1560,31199.988,1786751936716.018,28894638.419,0.000000000,1.002820969,1.864203930,-2.871584654
1561,31219.986,1786751936736.017,28894658.417,0.000000000,0.991897404,1.651852250,-2.245279789
1562,31239.991,1786751936756.022,28894678.422,0.000000000,1.004180551,1.001023889,-2.333358526
1563,31259.991,1786751936776.021,28894698.421,0.000000000,1.352617025,0.156386167,-2.679090738
1564,31279.989,1786751936796.020,28894718.420,0.000000000,1.184020758,-0.557683349,-2.853260517
1565,31299.989,1786751936816.020,28894738.420,0.000000000,0.702986896,-0.818139017,-3.563293695
1566,31319.989,1786751936836.020,28894758.420,0.000000000,0.526969373,-0.639356732,-4.576952934
1567,31339.990,1786751936856.021,28894778.421,0.000000000,1.007303238,-0.091642901,-5.362249851
1568,31359.989,1786751936876.020,28894798.420,0.000000000,0.814402699,-0.067822739,-4.838285446
1569,31379.989,1786751936896.020,28894818.420,0.000000000,0.317740500,-0.022146096,-3.467824697
1570,31399.990,1786751936916.021,28894838.420,0.000000000,-0.232920572,0.015808033,-2.553099632
1571,31419.989,1786751936936.019,28894858.420,0.000000000,-0.721642971,0.317909062,-2.315754175
1572,31439.990,1786751936956.021,28894878.421,0.000000000,-1.179635167,0.921463490,-2.099075317
1573,31459.989,1786751936976.020,28894898.420,0.000000000,-1.344479561,1.072387218,-2.009674549
1574,31479.987,1786751936996.018,28894918.418,0.000000000,-1.232646346,0.530906975,-1.715843439
1575,31499.990,1786751937016.021,28894938.421,0.000000000,-1.085674286,0.230292827,-1.525030375
1576,31519.987,1786751937036.018,28894958.418,0.000000000,-1.084647298,0.021556839,-1.731656432
1577,31539.987,1786751937056.017,28894978.417,0.000000000,-0.489624083,-0.315289557,-1.900721669
1578,31559.987,1786751937076.018,28894998.418,0.000000000,0.200996205,-0.186706305,-1.662827730
1579,31579.986,1786751937096.016,28895018.416,0.000000000,0.829021811,-1.315355778,-1.346423745
1580,31599.989,1786751937116.020,28895038.420,0.000000000,0.543775976,-1.759048462,-1.646230102
1581,31619.989,1786751937136.020,28895058.420,0.000000000,-0.584672391,-1.198490739,-2.837369919
1582,31639.989,1786751937156.020,28895078.420,0.000000000,-0.829882801,-1.431796312,-2.177751303
1583,31659.988,1786751937176.019,28895098.419,0.000000000,-0.483464777,-2.252723217,-0.515162826
1584,31679.990,1786751937196.021,28895118.421,0.000000000,-1.256335616,-2.534526825,1.133611083
1585,31699.988,1786751937216.018,28895138.418,0.000000000,-1.870172024,-2.695038080,1.775106788
1586,31719.988,1786751937236.019,28895158.419,0.000000000,-2.071718693,-2.684664488,1.673692465
1587,31739.984,1786751937256.015,28895178.415,0.000000000,-0.930241108,-2.108347893,1.067974448
1588,31759.987,1786751937276.017,28895198.418,0.000000000,-0.776021600,-1.242476583,0.660675049
1589,31779.991,1786751937296.022,28895218.422,0.000000000,-1.640601158,-1.123219609,0.401129484
1590,31799.986,1786751937316.017,28895238.417,0.000000000,-2.810955048,-1.019957781,-0.027785063
1591,31819.986,1786751937336.017,28895258.417,0.000000000,-3.151725292,0.448101491,-0.582891941
1592,31839.991,1786751937356.022,28895278.422,0.000000000,-2.990404367,2.077176571,-0.856068194
1593,31859.991,1786751937376.021,28895298.422,0.000000000,-3.536704302,0.900432289,-0.152121574
1594,31879.991,1786751937396.022,28895318.422,0.000000000,-3.457795858,-0.675045013,-0.073991254
1595,31899.990,1786751937416.021,28895338.421,0.000000000,-2.423383474,-2.092252731,-0.812853754
1596,31919.990,1786751937436.020,28895358.420,0.000000000,-1.228878736,-2.281576633,-1.421601057
1597,31939.988,1786751937456.019,28895378.419,0.000000000,-0.036168650,-1.891044855,-1.685945630
1598,31959.988,1786751937476.019,28895398.419,0.000000000,-0.479153395,-2.198785305,-0.921439588
1599,31979.988,1786751937496.019,28895418.419,0.000000000,-1.897028685,-2.938989162,0.242111623
