index,time_ms,time_realtime_ms,time_monotonic_ms,ros_timestamp,tau_0,tau_1,tau_2,tau_3,tau_4,tau_5,tau_6,tau_7,tau_8,tau_9,tau_10,tau_11,tau_12,tau_13,tau_14,tau_15,tau_16,tau_17,tau_18,tau_19,tau_20,tau_21,tau_22,tau_23,tau_24,tau_25,tau_26,tau_27,tau_28
0,0.000,1786880160656.616,14948474.551,0.000000000,6.137615681,-0.792306364,0.087320708,-1.752861500,-0.064893194,-0.000780430,5.984083652,-0.797436118,0.028598582,-1.202009201,-0.131508633,-0.000759229,1.067245483,5.721771717,-10.253521919,2.123364210,-0.111575052,-0.336002886,-0.589922488,0.163888201,-0.174377173,-0.196314871,1.453032374,-2.046392202,-0.766236603,-0.652552068,-0.054064918,-0.268963099,-0.203332633
1,19.998,1786880160676.614,14948494.549,0.000000000,-12.472211838,30.468872070,-19.116193771,-7.610182762,1.355139375,0.296591938,42.478160858,-8.526105881,0.435017198,22.914659500,3.398710728,0.238568962,15.487568855,-1.364935875,-12.060438156,4.026808262,-0.036372628,-0.646754384,-1.095521092,1.598809719,-0.092558771,-0.016649589,-7.761398315,0.206476703,0.616393507,-3.367458105,-0.661181927,-0.522305191,-0.357908517
2,40.022,1786880160696.638,14948514.573,0.000000000,-25.913280487,21.744447708,-12.452964783,-4.321134567,-1.580438852,0.178448185,42.160835266,-26.429979324,15.959668159,8.282430649,0.149821296,-0.658562481,19.189559937,-4.302889347,-17.387477875,4.946063042,0.094297990,-0.786693692,-1.299015522,0.184058696,-0.345488757,0.077584259,-12.987350464,0.342575580,-0.280433238,-7.600270748,-0.464851677,-2.075900555,-0.047747739
3,59.999,1786880160716.615,14948534.550,0.000000000,-31.464195251,6.234148979,-1.687160254,-9.738016129,-1.013704538,-0.128571033,45.322315216,-21.208858490,15.291500092,8.200584412,0.238066643,-0.450152814,13.671369553,2.849565506,-18.636945724,4.836058617,-1.321855545,-0.663580656,-0.778957427,0.106805742,-0.367276371,-0.148313567,-17.251750946,-1.983886361,-1.708839536,-11.845359802,-0.225076362,-4.351067066,-0.249809355
4,80.023,1786880160736.639,14948554.574,0.000000000,2.128950834,-14.723055840,10.921942711,-3.264571190,-0.043369390,-0.164934263,12.153642654,6.581134319,-6.449626446,5.996260643,-0.068786800,0.412807256,2.861662388,12.479374886,-16.653579712,2.239367723,-1.623862505,-0.592074454,-0.766964495,-0.417683661,-0.202517539,-0.157714590,-18.544740677,-3.244513273,-2.908769608,-14.274210930,-0.332488239,-5.000000000,-0.764117301
5,99.997,1786880160756.613,14948574.548,0.000000000,29.923406601,-16.283327103,6.538556576,7.057859898,0.546084642,0.017706692,-25.257373810,11.376604080,-8.546097755,-7.047574043,-0.906892538,0.284773588,-1.155786157,12.481906891,-9.682993889,-2.334343672,-1.705166101,-1.069391012,-1.688933492,-0.620361328,-0.524830818,-0.349149227,-14.794953346,-1.633284211,-1.087988019,-10.539787292,0.044563126,-5.000000000,-0.644639134
6,119.989,1786880160776.604,14948594.540,0.000000000,25.030475616,-8.737907410,4.379457951,9.076830864,0.569051802,0.044565927,-35.246700287,8.227926254,-6.741652489,-11.864148140,-0.829132438,0.241129026,-8.743742943,2.178657532,4.138450146,-6.949228287,-0.915403962,-1.013206720,-2.117407560,-0.279527068,-0.812018514,-0.436574608,-4.196339607,1.385869145,2.690975428,-3.692624092,0.308942884,-4.019089699,0.148270518
7,139.988,1786880160796.604,14948614.539,0.000000000,8.109962463,-2.486057281,2.594354153,5.232636452,0.584337711,-0.268960893,-26.548112869,7.163977623,-3.832706690,-10.071732521,-0.489207894,0.164430514,-10.146882057,-10.055886269,13.478862762,-9.087508202,0.058231615,-0.556467533,-1.878446221,0.097348250,-0.825206220,-0.208399549,7.450516701,3.054400444,4.863734245,2.740186691,0.174855232,0.229898840,1.161125541
8,159.987,1786880160816.603,14948634.537,0.000000000,6.697195530,11.557917595,-5.024818420,6.983699799,4.170290470,0.165621668,-27.259004593,0.447307438,-1.311634898,-10.534438133,-0.441515565,0.167829514,-10.699764252,-15.419165611,14.407513618,-8.795592308,0.841618121,-0.087977007,-1.469727039,0.441061556,-0.827806711,0.110538639,14.745456696,3.216495991,4.833758831,7.914724827,-0.305459350,2.119711637,1.452822447
9,179.986,1786880160836.602,14948654.537,0.000000000,15.227350235,17.220232010,-9.307638168,8.489702225,3.189728737,0.107050441,-29.797935486,-2.741293192,0.044791706,-12.511454582,-2.217498541,0.117764905,-12.473165512,-13.625912666,14.329207420,-7.399504185,2.008955240,1.123939514,-0.089668468,0.693408012,-0.501735568,0.488460749,17.200729370,2.073423386,1.901090622,9.024892807,-0.659986973,3.332941771,0.952602923
10,199.985,1786880160856.601,14948674.536,0.000000000,46.719921112,36.574485779,-18.509931564,-20.967306137,50.000000000,8.689338684,-37.406375885,14.487699509,-5.464848995,-6.757778168,-1.745701909,-0.216630831,-13.893462181,0.259020895,6.614967346,-2.452834845,-0.984009206,-0.017832158,-0.938539922,1.254063249,-0.356963277,0.347667694,17.804359436,-1.661900640,1.264668107,6.523125172,-0.025949631,3.540653229,0.755130947
11,219.985,1786880160876.601,14948694.536,0.000000000,63.023437500,32.761619568,-29.129808426,-47.374195099,50.000000000,3.572225809,-33.823986053,19.956573486,-20.071468353,-32.295581818,22.997987747,-3.137797594,-5.851631165,22.573326111,-19.969459534,2.285325766,-2.151431084,-0.846554101,-6.324734688,0.345743090,-1.239159822,0.116028115,11.773268700,-5.184282780,-0.603534877,0.507302940,-0.576016009,1.812350392,0.554949582
12,239.986,1786880160896.602,14948714.537,0.000000000,71.303802490,-1.475386977,-13.576419830,-49.134811401,50.000000000,-4.423979759,-28.483469009,14.037848473,-12.101084709,-24.527795792,38.368442535,-8.041852951,2.467311621,34.584033966,-35.665214539,6.106370926,-1.376103044,-0.700643539,-10.956958771,0.721803784,-3.170870781,0.551356196,2.897789001,-6.258028984,-3.275732994,-5.727566719,-0.728443205,-0.385174751,0.194803923
13,259.988,1786880160916.604,14948734.539,0.000000000,67.248802185,-26.606279373,7.924967766,-29.812671661,50.000000000,-4.839807987,-15.032194138,15.244361877,-6.664980412,-9.107588768,41.609806061,-9.509321213,-1.655188084,40.134120941,-39.817924500,4.742329597,-0.008314357,0.433514595,-10.577335358,0.096486948,-3.968579531,0.886100173,-3.381390095,-6.929392815,-4.963913918,-8.124397278,-0.256522715,-1.895577788,-0.611441255
14,279.989,1786880160936.604,14948754.539,0.000000000,59.649333954,-35.664943695,30.270969391,-15.467332840,50.000000000,-0.422080815,-14.433217049,12.695674896,-6.844050884,-20.743185043,40.052104950,-9.111485481,-4.886251450,36.577033997,-39.064559937,2.838809013,0.824859202,0.929893613,-8.370223999,-0.307901978,-3.399726152,0.916769505,-6.273958206,-5.400300980,-5.912137985,-8.463878632,0.466594696,-2.316988468,-1.436281204
15,299.989,1786880160956.604,14948774.540,0.000000000,61.216449738,-33.793064117,40.190048218,-4.480631351,49.207271576,2.584329605,-23.063982010,9.711513519,-5.525070667,-31.796916962,38.733695984,-9.312420845,-7.296018124,26.030443192,-34.828941345,1.015861750,1.047869205,0.554143071,-6.149837017,-0.275458872,-2.710211754,0.802026629,-7.689670563,-3.058650732,-6.019382000,-8.850727081,0.636583388,-2.379506826,-1.914055347
16,319.987,1786880160976.603,14948794.538,0.000000000,61.719074249,-22.809230804,34.058052063,-2.810681105,44.763690948,4.048343182,-31.701570511,12.628707886,-9.309510231,-36.421428680,35.431606293,-8.989769936,-9.641026497,14.971446037,-29.572355270,-0.571447492,0.385411799,-0.758106411,-4.260399818,0.046402898,-1.776623130,0.176704645,-7.615412712,-1.919257879,-5.173799038,-8.198757172,0.688693941,-2.145083904,-2.174271822
17,339.987,1786880160996.603,14948814.537,0.000000000,54.870121002,-11.001792908,23.989967346,-5.162698746,36.549350739,6.354563236,-32.885715485,15.002854347,-12.111664772,-37.038524628,31.954803467,-6.625368118,-9.616185188,3.385785341,-24.158983231,-0.832254410,0.020051101,-1.570510268,-2.101750374,0.056727376,-0.952696502,-0.370076776,-6.425239563,-1.548137188,-4.269284725,-6.990313530,0.555480123,-1.757017970,-2.048198462
18,359.987,1786880161016.603,14948834.538,0.000000000,23.321544647,-7.127170086,15.179910660,8.384165764,19.681543350,4.014500618,-9.436251640,5.608302116,-5.424572945,-29.583433151,36.065662384,-5.974037647,0.635858834,-13.388235092,-14.585032463,-0.155169442,0.857776701,-1.029239893,0.219273761,-0.242920756,-0.230948359,-0.432824820,-6.967491627,-0.871366858,-2.507594347,-5.936986446,0.511462748,-1.575405002,-1.629314542
19,379.989,1786880161036.604,14948854.540,0.000000000,-20.366157532,-11.616177559,7.416799068,-19.149234772,-2.569125414,-0.251790613,17.612688065,8.365927696,-4.132565975,-11.313456535,38.905944824,-5.217354774,8.904106140,-17.000900269,-3.628094435,0.416382164,1.097728372,0.006752995,1.572457433,-0.450087279,0.554536998,-0.049861010,-7.642787933,-0.812873125,-0.884297431,-4.664305210,0.468919128,-1.357459664,-1.103761911
20,399.987,1786880161056.603,14948874.538,0.000000000,-24.801504135,-7.437499046,1.793384790,-14.299246788,-1.885524631,-0.245357439,23.010223389,5.421579838,-2.109053612,-1.661706567,34.097602844,-4.127786636,12.516002655,-15.575939178,-0.259205133,2.335825443,0.836112380,-0.090427779,1.762475014,-0.719974875,0.694337130,0.188853651,-7.113056660,0.458907306,0.687393904,-3.397209406,0.232872516,-1.241230011,-0.862395108
21,419.986,1786880161076.602,14948894.537,0.000000000,-16.287149429,-5.335363388,-0.026460547,-5.625389099,-1.316516042,-0.102712803,20.238882065,4.633121014,-4.645261288,3.003939390,29.515779495,-2.733438969,12.093352318,-13.799624443,-0.911611915,3.198210716,0.657080829,0.021055000,0.897304058,-0.232267767,0.369271219,0.350933492,-5.588815212,2.233622789,1.211521268,-3.025595427,0.453864187,-1.256781220,-0.458672941
22,439.989,1786880161096.605,14948914.540,0.000000000,3.508876085,1.695197105,-5.182899475,-2.202874899,0.778427899,0.177732021,4.762123585,3.947107077,-6.169003487,-0.264885902,17.659877777,-1.576913118,3.225532293,-7.523234844,-5.310168743,1.973391414,0.460714787,-0.676192462,-0.876334012,0.228867531,-0.254597843,0.320924670,-3.094414473,2.799119234,1.370810270,-3.174914837,0.541426480,-1.459343553,-0.259726435
23,459.990,1786880161116.606,14948934.541,0.000000000,19.562250137,14.483312607,-12.200929642,10.669689178,1.887431026,0.457714051,-15.587150574,-13.322808266,4.720909595,-17.741573334,-8.265545845,-0.544308603,-7.893559933,3.681276321,-5.343201637,-0.790058196,-0.192421868,-1.151370525,-2.076866150,0.030182824,-0.918147922,0.213028133,-0.659770310,1.957349777,1.226932645,-2.991856813,0.167611495,-1.648074508,-0.377710998
24,479.989,1786880161136.605,14948954.540,0.000000000,25.285854340,24.714153290,-11.304436684,0.659791112,3.991475582,1.260811687,-11.811858177,-20.253473282,7.367213726,-10.923417091,-0.774243236,-0.193459496,-10.417246819,8.288784027,-13.385050774,-1.925307035,0.779293001,-0.260515571,-3.199240923,0.025308600,-1.140282869,0.010395432,2.465958357,0.484690815,0.735023797,-1.961811423,-0.062440094,-1.291359425,-0.421233505
25,499.988,1786880161156.604,14948974.539,0.000000000,28.341497421,19.316995621,-11.367433548,-36.110633850,28.661630630,7.263401508,-11.875249863,-5.049849033,5.070003033,-8.940814972,0.394118577,-0.193725571,-12.150632858,12.389627457,-15.535480499,-2.591548204,0.192947239,0.444642514,-2.944962263,0.341795176,-1.172702193,0.018785868,4.304960728,-0.745295465,0.131168798,-0.708889604,-0.111604251,-0.704296649,-0.278786123
26,519.987,1786880161176.603,14948994.538,0.000000000,26.727182388,16.977293015,-14.623844147,-30.459712982,31.571521759,7.890217781,-4.765122414,-0.047980879,1.264884472,3.469302177,0.052700683,-0.075682074,-6.585138798,15.873612404,-16.162277222,-1.440872788,-0.542062283,0.302646786,-3.788240194,0.453781903,-1.261898637,0.175162062,3.752806902,-1.607925892,-0.016865296,-0.471329927,-0.387847334,-0.429342896,-0.122392863
27,540.133,1786880161196.749,14949014.684,0.000000000,29.634517670,13.234962463,-11.984100342,-14.403351784,31.424121857,7.216068268,-5.957180977,-0.768479705,-0.095137253,2.416022301,-0.086150080,0.108747274,-0.697305024,14.773014069,-15.649920464,-0.027067944,-0.263103098,0.524254024,-3.831692457,0.085936703,-1.520886540,0.594270110,1.740400791,-2.007871151,-0.345853627,-0.949120581,-0.302996039,-0.383046508,-0.027132593
28,559.989,1786880161216.605,14949034.540,0.000000000,27.826622009,3.260427475,-2.681857109,-3.647188902,26.170629501,6.002250195,-6.000839710,2.858795166,-3.960832596,-15.732184410,8.384963989,-2.349592447,2.480520248,11.461030006,-15.207752228,1.003832221,0.403571784,0.735744715,-3.145213842,0.132091418,-1.478692293,0.752174079,-0.187420502,-2.055207253,-0.606103957,-1.245777488,-0.123394340,-0.392432630,-0.145773962
29,579.988,1786880161236.604,14949054.539,0.000000000,23.527791977,-10.064574242,7.750508308,3.636361837,18.058792114,4.087161541,-6.600825787,-3.837085247,-2.056753159,-35.143226624,27.977590561,-9.513059616,6.261872292,5.065370083,-16.143819809,1.205959320,1.134104609,1.135669470,-3.383653879,0.007712402,-1.550604820,0.823296726,-2.130790949,-1.991078377,-0.666086137,-1.831672668,0.019340346,-0.492132246,-0.297143906
30,599.987,1786880161256.603,14949074.538,0.000000000,17.678390503,-15.647921562,12.281614304,1.495258689,13.820236206,2.855025053,-3.608312130,-3.169106960,-0.334281683,-42.515430450,42.063949585,-9.459252357,5.717139721,0.517757475,-15.298110962,1.119727015,1.989226699,1.110827804,-3.393680334,0.107294098,-1.579868317,0.694972217,-2.915073156,-0.774308980,-0.813976645,-2.925395012,0.137801006,-0.593287885,-0.489858449
31,619.987,1786880161276.603,14949094.538,0.000000000,15.150478363,-17.695209503,14.926490784,-2.246420860,14.558376312,2.925372362,-1.109279990,2.219763517,-2.425632954,-42.797649384,46.209514618,-6.154871464,3.178425074,-3.060009241,-16.040855408,0.398750991,2.316275597,0.880129874,-3.724917889,0.104461797,-1.619591594,0.550288498,-3.101591587,-0.037586909,-0.849556684,-4.463303089,0.277739078,-0.875122249,-0.583370805
32,639.986,1786880161296.602,14949114.536,0.000000000,11.534486771,-17.326776505,14.734752655,-3.932477713,12.253681183,2.626832008,1.089274287,5.276440620,-2.823174715,-38.554866791,42.519973755,-5.117823124,3.472743750,-5.528451920,-15.048173904,0.266265452,2.216193676,0.570359409,-3.130340576,-0.300209284,-1.639061570,0.463547677,-3.422518492,0.586871922,-0.508134782,-5.095279217,0.301759541,-1.127888799,-0.574716330
33,659.987,1786880161316.603,14949134.538,0.000000000,8.588695526,-16.677169800,14.548601151,-4.703792572,9.729156494,1.948178530,0.782010972,7.188372612,-4.207550049,-36.640083313,35.094245911,-4.468126297,3.157761812,-6.625612736,-13.045667648,0.337517172,2.227738380,0.488990903,-2.240603924,-0.327869236,-1.368974686,0.371981651,-3.219876528,0.747780740,-0.536968768,-5.021126270,0.098961584,-1.382063985,-0.587937117
34,679.986,1786880161336.602,14949154.537,0.000000000,8.316272736,-15.737005234,13.861562729,-3.790777683,8.222330093,1.462829947,-1.176668286,8.455046654,-5.129327774,-31.409236908,27.385585785,-4.307593822,2.059000492,-5.902245998,-10.661683083,0.164859235,2.048139572,0.446142316,-1.546379447,-0.149447128,-1.073429227,0.320312589,-3.056621313,0.570058346,-0.355972558,-4.526291370,0.103849918,-1.432872415,-0.574640512
35,699.985,1786880161356.601,14949174.536,0.000000000,9.802430153,-14.469160080,12.921692848,-1.467868686,8.755714417,1.337062836,-2.836813688,8.312107086,-6.339670658,-25.888576508,22.265144348,-4.244188309,1.227044582,-3.434431791,-9.192678452,-0.203318909,1.746903419,0.162312940,-1.463832736,-0.126633093,-0.810917377,0.244444400,-2.648081541,0.338218659,-0.247376725,-3.811783314,0.067884445,-1.198477387,-0.490777433
36,719.985,1786880161376.601,14949194.536,0.000000000,14.407749176,-14.425636292,11.949983597,1.404232144,10.822330475,1.690113544,-5.524977684,9.115293503,-7.053909779,-22.078262329,19.451927185,-4.251531124,0.126157835,-0.399240315,-9.243627548,-0.434444368,1.145068288,-0.001217520,-1.796271563,-0.025290575,-0.797004998,0.165409893,-2.136585712,0.298622549,-0.241268381,-3.165012836,0.069196723,-0.944691658,-0.313476235
37,739.989,1786880161396.605,14949214.540,0.000000000,18.630641937,-15.084012032,11.290642738,3.718787193,12.245302200,1.948130012,-8.735957146,9.210234642,-7.897153378,-19.804233551,16.421245575,-4.094484806,0.241386160,2.004541159,-9.250845909,-0.231212407,0.535669565,-0.079626523,-1.966715455,0.128259614,-0.814350009,0.157562464,-1.642895460,0.491970479,-0.168788314,-2.577879190,-0.028155692,-0.765319049,-0.227453440
38,759.988,1786880161416.604,14949234.539,0.000000000,25.565229416,-13.121050835,8.926849365,6.665307522,14.677902222,2.635770559,-14.092797279,9.315475464,-9.155763626,-17.693567276,11.656927109,-3.169066906,-1.226147532,4.033332825,-9.792472839,-0.198807672,0.426842809,-0.117192894,-2.222268105,0.368581623,-0.808066845,0.206957296,-1.478397250,0.360234380,-0.304332137,-2.428810835,0.022616033,-0.790304959,-0.261979014
39,779.987,1786880161436.603,14949254.538,0.000000000,36.375415802,-6.819153309,4.142173767,8.802469254,17.735347748,3.857606649,-28.149074554,7.572622299,-10.486379623,-20.455160141,-1.725472808,-0.501411617,-5.493772984,7.540988922,-8.245871544,-0.583671212,-0.074758127,-0.233652174,-2.233047009,0.381680220,-0.812387764,0.178638965,-0.423659503,0.148758516,-0.426617354,-2.191915751,0.123297580,-0.851472080,-0.378068149
40,799.987,1786880161456.603,14949274.538,0.000000000,41.198333740,-2.615118027,1.673906326,13.935727119,19.145252228,4.299476624,-33.507797241,1.022714138,-5.736632347,-17.203454971,-1.593232870,0.088561080,-8.448626518,9.695027351,-6.488159657,-1.279542089,0.083223514,-0.084889226,-2.459065914,0.322957307,-0.820165515,0.120325565,0.840289235,-0.335749626,-0.501560867,-1.809585929,-0.008414058,-0.622200787,-0.415917844
41,819.987,1786880161476.603,14949294.538,0.000000000,25.695226669,-4.617370605,4.322628975,7.879460812,15.553200722,3.386021852,-14.141709328,2.909539938,-4.038068295,-19.791986465,5.476138115,-1.728950977,-6.289889812,8.487553596,-8.241944313,-1.151780128,0.281892300,0.390990257,-1.857323408,0.238879099,-0.707216203,0.061550416,1.482478619,-0.700051129,-0.061090533,-1.209732413,-0.127124920,-0.469818503,-0.348260194
42,839.986,1786880161496.602,14949314.537,0.000000000,14.641100883,-14.779044151,10.328584671,0.193032786,12.919140816,2.862826586,0.308619738,8.216659546,-6.075681210,-17.992446899,24.061115265,-5.211389542,1.000647664,2.148087740,-12.568019867,-0.332681596,0.666342139,0.854437053,-2.076882839,0.010285313,-0.781992316,0.346511483,0.433391958,-0.553081334,0.323551655,-1.453222990,-0.101304069,-0.452131897,-0.210999951
43,859.987,1786880161516.603,14949334.538,0.000000000,9.021054268,-19.339342117,13.169646263,-0.708019078,10.984061241,2.183562040,9.595244408,8.496849060,-4.516263485,-20.687053680,33.720401764,-7.936529636,5.187879086,-2.202867746,-15.976591110,0.148636118,1.017312765,1.100227356,-2.544927120,-0.007827786,-1.100718498,0.599986553,-0.791893363,-0.665742755,0.286317766,-2.237048388,-0.040086538,-0.618371785,-0.217901528
44,879.986,1786880161536.602,14949354.537,0.000000000,7.364190578,-20.375434875,14.206748962,-1.685569167,11.006383896,2.111863136,12.056122780,8.039441109,-2.891918659,-26.391681671,38.033187866,-4.479022980,5.415174007,-4.273329258,-18.108663559,0.465303957,1.363318205,1.185741305,-2.626342535,0.037450384,-1.275531769,0.678448260,-1.589119673,-0.732786655,-0.045245275,-2.996634722,0.070834816,-0.718442798,-0.377866834
45,899.986,1786880161556.602,14949374.537,0.000000000,7.706026554,-20.128377914,14.561352730,-2.428889990,10.443444252,1.895644069,10.680342674,7.629530430,-2.247243643,-30.859649658,37.881996155,-3.660846233,4.742965698,-4.781183720,-18.660974503,0.512165844,1.651544213,1.102583885,-2.681259155,0.080015093,-1.367119670,0.684056818,-1.856012344,-0.487659425,-0.146131426,-3.581007719,0.145669416,-0.845997274,-0.522461772
46,919.986,1786880161576.602,14949394.537,0.000000000,8.643105507,-19.543416977,14.130190849,-1.308244944,10.455883980,1.801213861,8.472286224,7.669213295,-2.050040245,-31.595710754,36.515689850,-3.681813002,3.547557831,-4.292216778,-17.691669464,0.426127791,1.773123860,0.909417689,-2.612541199,-0.041568242,-1.409859776,0.554250479,-1.990490556,-0.111811422,-0.200920761,-3.981366634,0.132480502,-1.021906137,-0.559428632
47,939.985,1786880161596.601,14949414.536,0.000000000,11.204061508,-19.129409790,13.674013138,-0.174564540,11.566937447,1.816232562,5.214477062,7.820440292,-2.851767302,-33.039653778,34.784389496,-3.575057268,2.964521885,-3.764677763,-16.891111374,0.424054652,1.824545383,0.552194595,-2.577081680,-0.056862596,-1.383457661,0.425740033,-2.198911428,0.147557244,-0.334814519,-4.152445316,0.113685720,-1.093524814,-0.500529528
48,959.987,1786880161616.603,14949434.538,0.000000000,14.738089561,-18.999118805,13.259728432,1.349304318,13.324436188,2.090555906,1.576136231,8.140757561,-3.269616127,-33.766284943,32.061580658,-3.601411581,2.373293638,-2.629578114,-16.759136200,0.491003007,1.742479563,0.344707698,-2.582448006,0.048243620,-1.326696992,0.379693389,-2.336868048,0.404853314,-0.421141475,-4.417384148,0.111955673,-1.073651791,-0.393068403
49,979.985,1786880161636.601,14949454.536,0.000000000,18.427606583,-18.787824631,13.294655800,2.124350309,14.520113945,2.412671089,-1.810005665,8.795606613,-4.818780422,-33.950115204,28.674324036,-3.554024696,1.425547838,-0.653712869,-16.537231445,0.414961904,1.540569901,0.148674488,-2.816715717,0.148536086,-1.300375223,0.363646477,-2.152475595,0.345065534,-0.603198588,-4.424445629,-0.079281725,-1.018147707,-0.408652693
50,999.985,1786880161656.601,14949474.536,0.000000000,20.225168228,-18.551296234,13.563705444,4.349523067,14.592036247,2.375487804,-3.952581882,8.506149292,-5.332315445,-31.721269608,25.757255554,-3.391912222,0.266429931,1.063361287,-15.703680992,0.210535884,1.303157210,0.007212429,-2.803061485,0.296802342,-1.228962898,0.299633831,-1.949729085,0.220385581,-0.821368158,-4.032122135,0.010869314,-0.988351405,-0.466348410
51,1019.985,1786880161676.601,14949494.536,0.000000000,21.505367279,-17.905488968,13.813978195,5.416457653,14.100916862,2.219947100,-5.826426506,7.919429302,-6.124027729,-29.588571548,22.766452789,-3.193236589,-0.677132070,2.246412039,-15.015173912,0.042984746,1.052092910,0.044916023,-2.704199791,0.380732834,-1.162342072,0.257464588,-1.588550568,0.082780458,-0.915634096,-3.526476622,0.051193658,-0.866610289,-0.474623948
52,1039.989,1786880161696.604,14949514.539,0.000000000,23.573657990,-17.499151230,13.757478714,7.953357697,12.464221001,1.940077066,-9.465062141,6.891725063,-6.247392654,-30.530941010,20.098024368,-3.160449743,-1.678136349,2.564225197,-13.728710175,0.085678935,0.918875515,-0.039959144,-2.705133200,0.232967734,-1.121888757,0.250745922,-1.113323808,-0.124363326,-0.991824687,-3.153046608,0.039092723,-0.774385750,-0.480605930
53,1059.988,1786880161716.604,14949534.539,0.000000000,23.817438126,-16.991098404,12.534164429,8.306711197,12.392447472,2.038582802,-10.531839371,6.570010662,-6.704016209,-29.746879578,19.476593018,-2.983437300,-1.301659703,2.596239567,-12.732695580,0.102405988,0.857524097,0.079144150,-2.448005676,0.256236762,-1.003469467,0.207123622,-0.950228572,-0.114710569,-0.904025614,-2.750370741,0.155318990,-0.749679923,-0.445329666
54,1079.987,1786880161736.603,14949554.538,0.000000000,22.094638824,-16.596687317,11.815553665,7.815896034,12.382562637,2.167462587,-9.465336800,6.301893234,-6.313163280,-28.819810867,19.308483124,-2.861030102,-0.644924998,2.204260588,-12.045883179,0.122972846,0.860456169,0.253964216,-2.168499470,0.223582223,-0.938247502,0.236996010,-0.896970749,-0.202064842,-0.729004443,-2.551990986,0.066309802,-0.740190923,-0.405176103
55,1099.986,1786880161756.602,14949574.537,0.000000000,20.150367737,-15.973159790,11.306982040,6.736953259,12.380655289,2.349800110,-8.236118317,5.837756157,-6.005909920,-28.667566299,19.314195633,-2.687490463,-0.184425861,1.801678538,-11.556551933,0.100238971,0.919870079,0.324189693,-2.021583319,0.199103445,-0.930208504,0.210929215,-0.918970704,-0.191570491,-0.590990245,-2.417084932,0.069810852,-0.778828979,-0.484619468
56,1119.988,1786880161776.604,14949594.539,0.000000000,19.393707275,-14.946511269,10.413563728,5.677918911,12.845927238,2.622240782,-7.429047585,5.390645504,-5.927635193,-28.558481216,19.223833084,-2.397788525,0.580404341,1.382642269,-11.595220566,0.100110844,0.929599106,0.380587876,-1.972913742,0.166716546,-0.929897904,0.137827367,-0.954746485,-0.155547112,-0.410678595,-2.286892414,0.207477495,-0.803946733,-0.487257808
57,1139.986,1786880161796.602,14949614.537,0.000000000,19.243368149,-13.469150543,9.484173775,4.661111832,13.612135887,2.987058401,-7.351547241,4.814912796,-5.743309498,-28.289091110,18.357801437,-2.061567307,0.491571397,1.317880154,-11.811657906,0.122313879,0.831123769,0.304100364,-2.034401655,0.180758789,-0.910407782,0.097171962,-0.946356595,-0.082373820,-0.292614818,-2.263956070,0.350558400,-0.797604799,-0.478136837
58,1159.986,1786880161816.602,14949634.537,0.000000000,20.782394409,-10.722407341,7.630506516,2.858266115,15.184047699,3.466729403,-8.664271355,4.499899864,-6.036071777,-24.936733246,16.178785324,-1.533959746,-0.633332789,2.187366962,-12.000118256,0.075834498,0.698812604,0.260467142,-2.041668415,0.258258224,-0.833531201,0.013279841,-0.807142079,-0.179111525,-0.331318915,-2.359520435,0.460900784,-0.825239241,-0.545491815
59,1179.986,1786880161836.602,14949654.537,0.000000000,27.297922134,-4.096112251,2.911046982,-0.348030895,18.137619019,4.652244091,-16.123250961,4.204617977,-7.472381592,-18.874454498,6.481660366,-0.524861991,-4.438525677,5.210165024,-11.103542328,-0.251772881,0.257901073,0.096796848,-2.077750921,0.329253405,-0.770806670,-0.080733605,-0.240592614,-0.580752969,-0.564623833,-2.387351513,0.523598731,-0.841631711,-0.617430270
60,1199.985,1786880161856.601,14949674.536,0.000000000,41.016242981,7.438220978,-5.325842857,-0.898633957,22.010541916,6.657257557,-39.654273987,-1.852303743,-6.755492210,-33.245880127,-7.336427212,0.348668039,-12.307412148,11.399404526,-5.412866116,-1.407178283,-0.320673198,-0.091114230,-2.072439432,0.292039961,-0.773428440,-0.199139953,0.940137148,-1.471912146,-1.202998400,-2.315369844,0.596211851,-0.750496566,-0.733603537
61,1219.986,1786880161876.602,14949694.537,0.000000000,26.400430679,-1.397928834,2.283249617,4.085541248,18.099491119,4.665313244,-21.387666702,-7.374756336,2.186935425,-19.444316864,0.739478827,-0.372017115,-8.291081429,11.689485550,-7.161168098,-1.098076940,0.442270905,1.018674731,-2.218843460,0.295450062,-0.809588432,-0.250072747,1.112489223,-1.731389761,-0.961948216,-1.901705027,0.122188374,-0.394238293,-0.730724990
62,1239.985,1786880161896.601,14949714.536,0.000000000,8.432175636,-5.448621750,6.387502670,1.499035001,12.904971123,3.569123268,5.444447041,1.864348769,0.151017606,-14.389549255,10.103805542,-3.313630104,-3.700845003,8.609410286,-9.331068993,-0.854240119,0.336461276,0.883910656,-1.864822507,0.122585118,-0.886719644,-0.021680424,0.481642753,-1.231909275,-0.326271385,-0.973273218,-0.090978071,-0.219263718,-0.502560258
63,1259.986,1786880161916.602,14949734.536,0.000000000,-1.655366659,-16.566867828,11.446370125,-2.924969673,9.784154892,2.438655376,21.846433640,3.015816927,1.540601730,-12.976390839,35.515583038,-4.103176594,7.304049492,0.447660089,-15.263048172,0.607091904,0.601796269,1.395869493,-2.252036333,-0.013307142,-1.043054700,0.397803366,-1.000718713,-0.765531480,0.217331246,-1.453150272,0.088599898,-0.211725742,-0.204476178
64,1279.985,1786880161936.601,14949754.536,0.000000000,-9.278919220,-19.003915787,13.749980927,-1.022405028,5.568420410,0.707364738,34.929603577,-0.784156144,7.179510117,-18.407802582,48.368831635,-4.641566277,11.641214371,-5.910727024,-20.577976227,1.585871935,1.414659262,1.823456883,-2.502377033,-0.123540066,-1.074175835,0.694471002,-2.498870850,-0.546467721,0.154299185,-2.653029442,0.365071476,-0.353722960,-0.157814637
65,1299.985,1786880161956.601,14949774.536,0.000000000,-24.405618668,-18.751403809,14.214545250,-13.662896156,-2.075396061,0.053246945,44.525138855,-3.402382135,12.941493034,-24.363182068,50.000000000,-5.363121033,12.225841522,-9.445007324,-21.031957626,2.056183815,2.108168364,2.067435980,-1.946948171,-0.134362325,-0.963051379,0.729212880,-3.772641659,-0.206162006,0.073544085,-3.472119570,0.501156032,-0.699952126,-0.365488201
66,1319.985,1786880161976.601,14949794.536,0.000000000,-25.201719284,-13.852549553,10.296019554,-6.837231636,-0.812971950,-0.122092895,44.505065918,-6.442959785,15.974257469,-24.756813049,50.000000000,-5.248650551,11.760099411,-10.771720886,-19.585590363,2.196055412,2.429666042,1.809027910,-1.631648183,-0.445707470,-0.813436687,0.572417915,-4.158082962,0.624164701,0.378332078,-3.964557886,0.389494598,-1.117400527,-0.441836566
67,1339.988,1786880161996.604,14949814.539,0.000000000,-16.352756500,-10.274691582,6.391682148,-0.491369694,-0.291614950,0.012996850,34.015068054,-8.258402824,14.140140533,-28.034746170,47.621536255,-4.717711926,9.888538361,-11.271741867,-17.450063705,2.220476627,2.432374001,1.164742708,-1.415183306,-0.423061192,-0.783898532,0.435496718,-3.802991867,1.627536058,0.486964762,-4.429842472,0.413059175,-1.289567232,-0.491001338
68,1359.988,1786880162016.604,14949834.539,0.000000000,-9.058181763,-7.102204323,4.054455280,2.599859953,0.106055066,0.085367739,23.819604874,-9.943832397,12.738116264,-32.649288177,41.947471619,-4.126568794,6.930353642,-10.684232712,-15.774548531,1.534077048,2.374657393,0.735923052,-1.828058720,-0.159977749,-0.911512911,0.383801192,-3.436542034,1.787624598,0.206770778,-4.748708248,0.379423350,-1.360790014,-0.449838430
69,1379.988,1786880162036.604,14949854.539,0.000000000,5.187993050,-4.184817314,3.064369440,-3.053276539,10.930215836,1.398218989,9.014738083,-11.622769356,10.474588394,-35.764701843,33.123291016,-3.673999548,1.570714831,-7.231677532,-14.876321793,0.483309865,1.867090344,-0.015606480,-2.219687223,-0.169357881,-1.007501960,0.297451466,-2.475168228,1.714580059,0.010661056,-4.913621426,0.112626247,-1.369480610,-0.524230361
70,1399.987,1786880162056.603,14949874.538,0.000000000,20.778272629,-0.030959729,4.612046242,-11.454957962,17.726448059,4.086120129,-4.186572075,-6.130391598,1.803611398,-35.958312988,25.428768158,-2.271520138,-5.093915462,-0.226013899,-18.080169678,-0.568169057,0.858369231,-0.579837680,-3.078912020,0.071237579,-1.270514965,0.117287487,-0.480062336,0.616296649,-0.373142332,-4.787072182,0.018815748,-1.358374715,-0.578565896
71,1419.986,1786880162076.602,14949894.537,0.000000000,32.899566650,-1.694044590,4.280012608,-2.841319323,23.796613693,3.681901217,-11.987689972,-1.495339632,-1.116228580,-32.913616180,21.008100510,-2.735201359,-6.552303791,6.196244240,-19.193922043,-1.110747814,0.048732955,-0.951047301,-4.312922001,0.585906446,-1.483057141,0.116630293,0.594692528,-0.262131691,-0.754836857,-3.864440680,-0.139619723,-1.094365954,-0.495128304
72,1439.989,1786880162096.605,14949914.540,0.000000000,46.167095184,0.648185432,0.821268737,4.441933632,29.102500916,3.164583445,-21.122152328,-1.068644166,-2.201425076,-22.440519333,12.038577080,-2.620048523,-8.276883125,12.272878647,-19.573181152,-0.884974837,-0.301916897,-1.135918379,-4.611385345,0.649704754,-1.640708685,0.018330896,0.960556388,-1.176374197,-1.187746167,-3.174296618,-0.079938442,-0.899822533,-0.469496071
73,1459.987,1786880162116.603,14949934.538,0.000000000,60.533382416,9.773637772,-7.310816288,7.287866592,31.500814438,3.958439589,-41.244525909,-6.246706963,-0.993886769,-25.386461258,-4.050492764,-0.993855953,-12.724854469,18.061574936,-15.866563797,-0.797626078,-0.828229904,-1.188176632,-4.119209290,0.531947851,-1.546977639,-0.092518598,1.796882272,-2.048584938,-1.678946853,-2.208225489,0.178173944,-0.866341889,-0.593986392
74,1479.986,1786880162136.602,14949954.537,0.000000000,48.814811707,6.137537956,-3.457339287,14.773042679,26.799531937,3.332632065,-27.442291260,-12.347628593,4.789233208,-13.913151741,-0.059789617,-0.204734027,-10.588890076,17.355607986,-15.452233315,-0.193266407,-0.051595114,-0.104983985,-2.927937031,0.531026244,-1.288808584,-0.108126760,2.394147158,-2.214629889,-1.334040403,-1.122088194,-0.003358488,-0.454997838,-0.537093341
75,1499.986,1786880162156.602,14949974.537,0.000000000,32.250072479,3.485895634,-0.686226428,5.046643257,19.407440186,2.979246378,-12.467522621,-5.558459759,1.479850769,-20.313423157,6.841295719,-2.497983932,-7.328842640,13.050418854,-14.781766891,0.081482448,0.093210228,0.247104824,-1.697420716,0.158171862,-0.939588785,-0.042077605,2.396445513,-1.733506680,-0.641309142,-0.277304590,0.027757581,-0.126862973,-0.352145940
76,1519.985,1786880162176.601,14949994.536,0.000000000,20.532268524,-6.606978416,5.659579754,-7.070376873,14.130286217,3.123334646,-6.438915730,0.220827982,-3.542584419,-26.422845840,16.612373352,-4.978511333,-0.223030150,5.583639145,-14.942240715,0.447641373,-0.128986746,0.414722294,-1.981867313,0.044596210,-0.873923302,0.153445244,1.649917006,-1.177270532,-0.008819933,-0.614824653,0.005636646,-0.086625867,-0.217456177
77,1539.986,1786880162196.602,14950014.536,0.000000000,14.395764351,-15.499935150,10.723324776,-8.314071655,13.414969444,2.531500816,1.844004154,6.148508072,-3.758559465,-22.508848190,26.438266754,-6.030228138,3.859979153,1.341557384,-16.048400879,0.727081060,0.321632653,0.555734396,-3.117113113,-0.061939929,-1.204920411,0.429423124,-0.347526938,-1.019647241,-0.280135393,-2.275738955,-0.231183067,-0.440605462,-0.243103385
78,1559.986,1786880162216.602,14950034.537,0.000000000,9.312617302,-18.495037079,12.828201294,-6.190565109,15.163254738,2.259199619,9.196934700,9.115052223,-4.316280365,-18.546073914,30.860591888,-6.758910179,5.357787132,-0.248572335,-16.053621292,0.945281625,0.817940354,0.651015103,-3.063335657,0.177285880,-1.299159527,0.387001336,-1.945485115,-0.766362250,-0.462625921,-3.206620216,0.050091498,-0.623319447,-0.437266648
79,1579.986,1786880162236.602,14950054.536,0.000000000,6.851094723,-18.992946625,13.844551086,-7.178195000,14.568785667,2.322820425,9.741146088,10.250255585,-4.674356461,-19.160057068,28.759771347,-4.270411491,4.534419537,-1.267338037,-15.163589478,1.007912040,0.975155532,0.592179537,-2.570883274,0.162538022,-1.243611574,0.273962498,-2.343055487,-0.569098353,-0.503981709,-3.614240646,0.153447568,-0.835031688,-0.558979332
80,1599.987,1786880162256.603,14950074.538,0.000000000,7.339327335,-18.000711441,13.444032669,-5.854918003,13.701304436,2.120462179,7.519735336,10.613955498,-4.885159492,-19.001430511,26.144041061,-3.379781246,3.771383762,-1.761161208,-13.977522850,0.994576037,1.145726323,0.386963785,-2.095948696,-0.019333849,-1.075582504,0.163847491,-2.323685884,-0.224945679,-0.390259951,-3.781752110,0.345917255,-0.856314421,-0.570303559
81,1619.985,1786880162276.601,14950094.536,0.000000000,11.205284119,-16.090713501,11.513858795,-3.931186199,15.163042068,2.078467131,4.709626675,10.842640877,-4.817232609,-17.813068390,25.299064636,-3.236983061,2.036099911,-1.165606737,-13.898585320,0.933911979,1.074468732,0.201539442,-1.995330930,0.024712989,-0.949430346,0.052988593,-2.022907257,-0.040956602,-0.580013096,-3.772389174,0.495808572,-0.805094361,-0.471986085
82,1639.985,1786880162296.601,14950114.536,0.000000000,14.363519669,-15.277055740,10.632909775,-3.604158878,16.621536255,2.060688972,2.117717505,10.713162422,-5.546635628,-18.280725479,23.849899292,-3.379053831,1.602454066,0.047954395,-14.296761513,1.065852284,0.826823413,-0.035488427,-2.174519300,0.063977838,-0.958094299,0.032298487,-1.804278612,0.206459731,-0.405716479,-3.737765551,0.502753794,-0.819269896,-0.429996818
83,1659.985,1786880162316.601,14950134.536,0.000000000,18.399393082,-15.152728081,10.807000160,-3.202444792,18.702737808,2.154823065,-1.130569220,11.550933838,-6.919496059,-19.016847610,22.802555084,-3.491293669,0.898815155,1.381765962,-15.049769402,0.967384100,0.727953911,-0.202493578,-2.545458317,0.282905072,-1.086777091,0.085149899,-1.403750420,0.204308361,-0.359837145,-3.667095661,0.377959639,-0.860046744,-0.412952185
84,1679.986,1786880162336.602,14950154.537,0.000000000,21.514541626,-15.435572624,11.323049545,-2.212532997,19.572343826,2.099992037,-3.255351782,11.972601891,-7.786992073,-18.847080231,21.558128357,-3.608108044,-0.110343449,2.331762552,-15.547005653,0.873737693,0.666189194,-0.369782031,-2.668986559,0.412916005,-1.163432360,0.116463751,-0.959653318,0.001997470,-0.373012483,-3.322349072,0.253148139,-0.823783100,-0.355472714
85,1699.985,1786880162356.601,14950174.536,0.000000000,23.028846741,-15.557262421,11.999902725,-0.427779287,19.284732819,1.939259529,-4.493707657,11.947958946,-8.367093086,-18.938499451,20.201280594,-3.639986277,-0.837861955,2.748785496,-15.829360008,0.731719375,0.502982676,-0.402458906,-2.569164753,0.375622153,-1.139515162,0.183310941,-0.628021359,-0.235250294,-0.408389747,-2.936685801,0.186493874,-0.731863976,-0.308773160
86,1719.989,1786880162376.605,14950194.540,0.000000000,23.814912796,-15.865131378,12.368961334,0.745635688,18.821784973,1.954286218,-5.791180134,12.017879486,-8.453306198,-19.009494781,19.177511215,-3.653361797,-1.308923125,3.153191805,-15.642076492,0.664035201,0.603030026,-0.306456536,-2.411880732,0.271865129,-1.078587651,0.242761567,-0.422451854,-0.517549455,-0.549012244,-2.753085613,0.180692211,-0.692565262,-0.338942140
87,1739.989,1786880162396.604,14950214.539,0.000000000,25.460811615,-15.548431396,12.932242393,2.608048201,18.058549881,1.928826690,-7.807092190,11.566785812,-7.948191643,-20.405618668,19.210826874,-3.722071409,-1.913508415,3.570193052,-15.316773415,0.565448284,0.600176930,-0.314305335,-2.467755556,0.229110971,-1.045172811,0.251826346,-0.080768742,-0.746465921,-0.772004902,-2.665724516,0.156064734,-0.681511760,-0.350679904
88,1759.988,1786880162416.604,14950234.539,0.000000000,25.384958267,-16.382457733,13.375637054,2.912121534,16.853834152,1.922474265,-9.165805817,11.141049385,-7.908937454,-21.824493408,19.275758743,-3.884343624,-1.833624482,3.481357336,-14.782097816,0.471753299,0.784761667,-0.117094070,-2.548246384,0.151395604,-1.050550461,0.251288414,-0.016215347,-0.737053752,-0.791943491,-2.769996405,0.083376117,-0.656852305,-0.354877025
89,1779.988,1786880162436.604,14950254.538,0.000000000,24.768516541,-17.033731461,13.569016457,2.710436583,16.546876907,1.995117426,-9.219712257,11.371085167,-8.060604095,-21.925270081,19.850215912,-4.054414749,-1.262685537,3.522745848,-14.240918159,0.351110369,0.866363525,0.114852190,-2.628140926,0.107221246,-1.067332268,0.277633250,-0.089731760,-0.699077129,-0.775860846,-2.770615101,0.076792702,-0.652063131,-0.344070882
90,1799.987,1786880162456.603,14950274.538,0.000000000,24.186660767,-17.654617310,13.824271202,2.616315126,16.565353394,2.128972530,-9.056214333,11.596556664,-8.072140694,-21.929365158,20.479719162,-4.271974564,-0.820085526,3.591156483,-13.850108147,0.263255388,0.959063172,0.303488284,-2.691816568,0.051944215,-1.082853675,0.321513981,-0.167378962,-0.693766177,-0.710458755,-2.757952690,0.078453586,-0.643230379,-0.331471771
91,1819.987,1786880162476.602,14950294.537,0.000000000,23.747953415,-18.170703888,14.046681404,2.411678076,16.769626617,2.261160612,-8.889049530,11.572927475,-8.109996796,-21.674238205,21.386016846,-4.863606930,-0.545129716,3.711323023,-13.749831200,0.230417892,1.053154826,0.412611246,-2.715212107,0.011978175,-1.087471485,0.353015631,-0.253856331,-0.712504208,-0.637283802,-2.764005661,0.066730455,-0.640525222,-0.319699615
92,1839.986,1786880162496.602,14950314.537,0.000000000,23.833555222,-18.517293930,14.143574715,1.961324692,17.179161072,2.412992716,-8.462655067,11.637727737,-8.147714615,-20.946695328,23.019680023,-5.105463982,-0.354946554,3.783869743,-13.953294754,0.229562387,1.109602571,0.461161911,-2.709332466,-0.001283609,-1.093767047,0.363389403,-0.299334258,-0.731175959,-0.600359023,-2.793785095,0.042008109,-0.644693553,-0.314494252
93,1859.985,1786880162516.601,14950334.536,0.000000000,23.501245499,-18.595533371,13.995605469,1.197753668,18.215959549,2.673036098,-5.556851864,12.135251045,-7.927233219,-22.999742508,24.270086288,-6.083351612,-0.028563527,3.613059998,-14.881980896,0.333829373,1.031553626,0.454828471,-2.705961704,0.051796116,-1.071056485,0.364070743,-0.319472909,-0.753199697,-0.606613457,-2.821501017,0.046462394,-0.642361820,-0.309072614
94,1879.986,1786880162536.602,14950354.537,0.000000000,22.952610016,-18.598739624,13.865782738,-0.517779171,19.048006058,2.753374338,-4.849554539,12.143426895,-7.115176201,-23.036344528,25.178054810,-5.383935452,0.358619213,3.289811850,-16.216077805,0.342743933,0.951875746,0.453313291,-2.836081266,0.176795870,-1.067279339,0.382042885,-0.359106719,-0.669862568,-0.548878789,-2.985436440,0.086152934,-0.669379234,-0.312860668
95,1899.985,1786880162556.601,14950374.536,0.000000000,22.855995178,-17.984207153,13.671605110,-0.632872343,19.015897751,2.745427608,-4.658315659,11.981575012,-6.935785294,-21.839204788,25.687631607,-4.813290119,0.343340218,2.867067814,-16.881595612,0.399068207,0.837772429,0.399748862,-3.008150339,0.201372802,-1.082726240,0.362502307,-0.534627616,-0.625910223,-0.546305537,-3.183559418,0.096594848,-0.727584541,-0.361693025
96,1919.985,1786880162576.601,14950394.536,0.000000000,23.141639709,-17.336530685,13.226848602,-0.702330470,18.754295349,2.697875500,-4.466909409,11.788114548,-7.221180916,-20.055208206,25.868015289,-4.327714920,0.113823138,2.586555719,-17.169513702,0.237057596,0.753435075,0.335269421,-3.099040031,0.224326476,-1.107468605,0.320620984,-0.682292938,-0.535836160,-0.605645835,-3.235973835,0.186453581,-0.740081370,-0.393533498
97,1939.985,1786880162596.601,14950414.536,0.000000000,22.322132111,-17.052824020,12.970410347,-1.135967970,18.274053574,2.637089252,-3.695753098,11.783941269,-7.406614780,-19.069492340,25.586532593,-3.914844036,0.331070483,2.360435009,-17.092870712,0.361263722,0.714887857,0.318645865,-3.040918827,0.176776230,-1.135968208,0.283180326,-0.857386470,-0.506561399,-0.623796225,-3.272510767,0.174708009,-0.729243457,-0.410329342
98,1959.989,1786880162616.605,14950434.540,0.000000000,21.935714722,-16.928983688,12.933855057,-0.742073596,17.578430176,2.569470882,-3.151112795,11.852983475,-7.320997715,-18.241546631,24.877338409,-3.642969370,0.278969675,2.214363337,-16.782819748,0.416654736,0.697308183,0.297833860,-2.947715521,0.143429905,-1.172909856,0.267524153,-0.920982301,-0.464504480,-0.656374931,-3.262477636,0.195784226,-0.719308913,-0.428317845
99,1979.987,1786880162636.603,14950454.538,0.000000000,21.639724731,-16.785432816,12.931439400,-0.292195559,16.999727249,2.538765669,-2.975193977,11.804625511,-7.229131222,-17.637517929,23.964536667,-3.429859400,0.146934807,2.182800055,-16.267728806,0.444189548,0.666473031,0.254563421,-2.853832960,0.154286653,-1.203884721,0.237358779,-0.919230044,-0.446876973,-0.686269879,-3.203070879,0.221709654,-0.698235393,-0.427836895
100,1999.987,1786880162656.603,14950474.538,0.000000000,21.254253387,-16.662357330,12.873467445,0.129646838,16.603910446,2.529261827,-3.150795460,11.624663353,-7.144535542,-17.176219940,23.073207855,-3.319508791,-0.038918350,2.313073635,-15.714725494,0.433611691,0.633741915,0.222904935,-2.767880678,0.174573764,-1.195476413,0.195960820,-0.849414885,-0.432900667,-0.686186492,-3.095806360,0.243098959,-0.676639140,-0.416397542
101,2019.987,1786880162676.603,14950494.538,0.000000000,21.765413284,-16.499700546,12.941889763,1.284154654,15.967078209,2.478323698,-4.129262447,11.298941612,-6.585559845,-17.385353088,22.076002121,-3.356763124,-0.480712801,2.633980751,-14.952700615,0.513413668,0.610184968,0.140357152,-2.668994188,0.194372550,-1.163735509,0.182245031,-0.569804847,-0.462761760,-0.711739361,-2.979076862,0.202985987,-0.674084425,-0.414460748
102,2039.987,1786880162696.603,14950514.538,0.000000000,21.737794876,-16.450122833,12.697449684,1.349118233,15.813095093,2.488072872,-5.123422623,11.087481499,-6.498034000,-17.378999710,21.605398178,-3.399894238,-0.642290533,2.739122868,-14.316656113,0.453236401,0.569857240,0.113283046,-2.620125294,0.227793068,-1.106591463,0.152773321,-0.431397945,-0.469110668,-0.684852839,-2.838607788,0.226710960,-0.671334624,-0.404682934
103,2059.986,1786880162716.602,14950534.537,0.000000000,21.463584900,-16.572896957,12.659026146,1.479825139,15.371370316,2.508767843,-5.930419922,10.841398239,-6.655230522,-18.215658188,21.227735519,-3.494258165,-0.577848732,2.418981314,-13.760097504,0.445469767,0.540683389,0.120104305,-2.616606951,0.161761135,-1.074461937,0.141544759,-0.448918641,-0.486857951,-0.638356864,-2.797549486,0.188552693,-0.661008120,-0.413062394
104,2079.986,1786880162736.602,14950554.537,0.000000000,21.472436905,-17.187295914,12.702544212,1.603596330,15.083000183,2.484849930,-6.900672436,10.947810173,-6.766693592,-19.097085953,21.070539474,-3.609290123,-0.577077150,2.289664268,-13.230569839,0.308225542,0.642815471,0.145981252,-2.606519222,0.127688229,-1.064169407,0.117786020,-0.368930042,-0.461365849,-0.584695339,-2.806996107,0.152817592,-0.664636135,-0.439499110
105,2099.986,1786880162756.602,14950574.537,0.000000000,21.652904510,-17.437500000,12.620140076,1.780842185,15.550735474,2.546607256,-7.294388294,11.230754852,-6.887816906,-18.920701981,21.549570084,-3.735700846,-0.495534718,2.286671638,-12.851475716,0.219481528,0.661589026,0.192126498,-2.615343809,0.116221264,-1.052222967,0.092327990,-0.346464336,-0.473741978,-0.547000051,-2.763245821,0.149763584,-0.663847148,-0.463460565
106,2119.986,1786880162776.602,14950594.537,0.000000000,21.917064667,-17.532072067,12.568246841,1.781012893,16.233821869,2.638185740,-7.326730728,11.457118034,-7.010722160,-18.912370682,22.437202454,-3.849747658,-0.455645740,2.321060181,-12.886124611,0.211916700,0.674555659,0.239017010,-2.647793770,0.123044573,-1.060781837,0.073407531,-0.328128159,-0.496349037,-0.526742458,-2.750063419,0.149124444,-0.661486149,-0.484076858
107,2139.991,1786880162796.607,14950614.542,0.000000000,22.393491745,-17.528633118,12.530449867,1.460266590,16.916828156,2.721952915,-6.864485741,11.734177589,-6.985496998,-19.091920853,23.555892944,-3.947638035,-0.388740480,2.329949617,-13.240944862,0.235207826,0.687538266,0.286914855,-2.712897062,0.144271597,-1.087051630,0.074446984,-0.329819560,-0.520394027,-0.526651323,-2.803194284,0.148699865,-0.663596869,-0.494739443
108,2159.988,1786880162816.604,14950634.539,0.000000000,22.614021301,-17.519840240,12.424207687,1.106235743,17.606792450,2.790940285,-6.300608635,11.838827133,-6.936260223,-19.198410034,24.772521973,-3.967582464,-0.349968255,2.326537848,-13.899538994,0.246237829,0.695152104,0.333233237,-2.781795025,0.166189387,-1.115544915,0.071708225,-0.343255430,-0.547554195,-0.552786827,-2.906814098,0.151255235,-0.671217263,-0.507468045
109,2179.988,1786880162836.604,14950654.539,0.000000000,22.655488968,-17.500650406,12.334148407,0.648335099,18.046175003,2.821855068,-5.647303581,11.843652725,-6.906177998,-19.516916275,25.744516373,-3.873276711,-0.250732780,2.282277822,-14.706538200,0.262865365,0.708862841,0.378827363,-2.864320755,0.180822998,-1.131632209,0.077949204,-0.382868528,-0.570605636,-0.582376778,-3.032342434,0.155007273,-0.682669640,-0.531281292
110,2199.987,1786880162856.603,14950674.538,0.000000000,22.497058868,-17.424215317,12.224569321,0.305803508,18.258934021,2.816148520,-5.252120972,11.865551949,-6.828448296,-19.496570587,26.415079117,-3.673697233,-0.170470610,2.235912323,-15.423839569,0.281431854,0.719574451,0.411479801,-2.950624943,0.187269196,-1.153638124,0.094774432,-0.436295152,-0.574693024,-0.597700596,-3.139396667,0.164050832,-0.694379091,-0.542757690
111,2219.987,1786880162876.603,14950694.538,0.000000000,22.427167892,-16.826316833,11.936249733,-0.066580556,18.812562943,2.856076002,-4.373713493,11.722837448,-6.761509895,-18.518608093,26.959321976,-3.426887035,0.020572709,2.211386442,-15.910978317,0.350023806,0.625482857,0.432042241,-2.996934891,0.210478857,-1.166877270,0.115064494,-0.562829852,-0.602703393,-0.620631933,-3.149550676,0.214015305,-0.690070391,-0.539386094
112,2239.987,1786880162896.603,14950714.538,0.000000000,22.365259171,-16.385923386,11.801509857,-0.417065620,18.816938400,2.893789291,-3.979818583,11.459985733,-6.595133781,-18.381519318,26.774045944,-3.216212988,-0.009112692,2.217605352,-16.263298035,0.390795797,0.611052513,0.424133569,-3.018921137,0.217270374,-1.188644767,0.115839414,-0.620613277,-0.588578939,-0.630124390,-3.185868263,0.235705823,-0.684812307,-0.535824060
113,2259.989,1786880162916.604,14950734.540,0.000000000,22.556026459,-15.828654289,11.351437569,-1.160511017,19.176952362,2.960922956,-3.624419928,11.248113632,-6.470493317,-17.567594528,26.200092316,-3.031432629,-0.217234597,2.619322777,-16.393428802,0.352559835,0.590175033,0.402794302,-2.992154360,0.279998094,-1.208142519,0.089130394,-0.572905302,-0.549813867,-0.626873851,-3.139088154,0.294147223,-0.686791420,-0.547242761
114,2279.988,1786880162936.604,14950754.539,0.000000000,22.732967377,-15.084830284,11.012168884,-1.566275835,19.155857086,3.042331219,-3.794100285,10.734306335,-6.408837795,-17.311573029,24.939184189,-2.911061525,-0.408240020,2.823322535,-16.279668808,0.384182841,0.541578770,0.370901942,-2.946310282,0.257776737,-1.226351857,0.071281530,-0.568534493,-0.529053509,-0.636347592,-3.089954138,0.305609077,-0.683656871,-0.560443282
115,2299.989,1786880162956.604,14950774.540,0.000000000,22.646167755,-14.307410240,10.831692696,-1.440351129,18.449876785,3.099217892,-4.575489044,9.997585297,-6.579936028,-17.727390289,23.279933929,-2.848263264,-0.505974054,2.693607092,-15.848340034,0.474728376,0.484655350,0.331162453,-2.884191036,0.186476097,-1.230816126,0.080716565,-0.668298483,-0.522068977,-0.658955157,-3.056380272,0.263080925,-0.667933524,-0.563481748
116,2319.988,1786880162976.604,14950794.539,0.000000000,22.925052643,-13.502003670,10.309060097,-1.327395201,18.363981247,3.199699640,-5.680957317,9.574368477,-6.670056820,-17.999889374,22.039442062,-2.805106640,-0.669303000,2.663004160,-15.195526123,0.508360028,0.462898821,0.291175067,-2.722886801,0.202105701,-1.189177871,0.038598511,-0.609367311,-0.493939370,-0.704453409,-2.901647091,0.295120806,-0.630432904,-0.542280197
117,2339.987,1786880162996.603,14950814.538,0.000000000,23.661933899,-12.545076370,9.498744965,-1.029075623,19.141578674,3.317828178,-6.335912228,8.612977028,-7.026704311,-18.349815369,21.692739487,-2.756854057,-0.796497405,2.867054224,-14.981189728,0.330935955,0.516913593,0.291692942,-2.727377892,0.112929165,-1.159279227,0.027036553,-0.647746325,-0.411763161,-0.772451818,-2.762976408,0.254342377,-0.579729319,-0.503002882
118,2359.987,1786880163016.603,14950834.538,0.000000000,23.837329865,-11.855454445,9.304912567,-1.276952982,19.430028915,3.416590214,-7.559305191,7.525218010,-6.742091179,-19.366336823,20.662296295,-2.795652866,-0.902054608,3.112141371,-14.488518715,0.232656837,0.404869288,0.327199787,-2.682271957,0.164250851,-1.158233881,0.004675395,-0.539709270,-0.285777509,-0.804688036,-2.744652271,0.282658279,-0.565555453,-0.485321045
119,2379.987,1786880163036.603,14950854.538,0.000000000,23.895610809,-11.017223358,8.871721268,-0.752422154,19.560747147,3.530434608,-8.233812332,6.729692936,-6.321958542,-19.883594513,20.250772476,-2.795298576,-0.814381659,3.136887074,-13.973852158,0.249811620,0.272282541,0.286877483,-2.662161350,0.131757230,-1.155647874,0.028380077,-0.533971012,-0.242230594,-0.707005262,-2.589304209,0.306170881,-0.575743675,-0.506708443
120,2399.986,1786880163056.602,14950874.537,0.000000000,23.612205505,-9.956380844,8.207390785,-0.681907892,20.040317535,3.699961185,-7.912570477,5.803550720,-5.782104015,-19.303804398,20.254861832,-2.769052982,-1.025345683,3.190803766,-13.698308945,0.338992178,0.321376115,0.334811032,-2.464344978,0.075012468,-1.129324794,0.037502877,-0.412464559,-0.392559171,-0.735760331,-2.422215700,0.336906791,-0.546287477,-0.545080006
121,2419.986,1786880163076.602,14950894.537,0.000000000,22.767959595,-8.933073997,7.767975330,-0.477538675,19.994949341,3.844540119,-6.906023026,4.274801731,-4.780226231,-19.560085297,20.945775986,-2.743362665,-0.791962028,2.794993162,-13.686702728,0.435190618,0.427239776,0.417500645,-2.306235075,0.056185082,-1.087016344,0.053925205,-0.429077834,-0.512063980,-0.774403214,-2.395810604,0.367240906,-0.532872975,-0.558775365
122,2439.986,1786880163096.602,14950914.537,0.000000000,21.012563705,-8.270356178,7.256347656,0.584977865,19.451272964,4.063621044,-4.809074879,2.259424448,-2.945801020,-20.072542191,22.473480225,-2.713607788,-0.148048744,2.050995827,-13.955533028,0.648008227,0.578326344,0.452822804,-2.174735546,-0.042040020,-1.034721494,0.066553324,-0.556541145,-0.590233028,-0.819988430,-2.430122375,0.426590651,-0.522477388,-0.566802084
123,2459.987,1786880163116.603,14950934.538,0.000000000,16.555778503,-8.617286682,7.413337231,7.402821064,18.830373764,4.485939980,0.947821438,-1.782096386,0.644467413,-21.498979568,26.084938049,-2.804586411,2.074574232,-0.371438116,-13.935423851,1.164958835,0.907414556,0.689826667,-1.888469815,-0.129569113,-0.931440890,0.075559564,-0.911535859,-0.455140561,-0.768355548,-2.467258930,0.482979685,-0.462960392,-0.623433352
124,2479.987,1786880163136.603,14950954.538,0.000000000,8.179483414,-10.555903435,7.532768726,13.885629654,12.682430267,2.739627123,9.127847672,-7.348708630,6.532114029,-23.766281128,31.655170441,-3.274259329,5.201338768,-3.779363632,-13.339048386,1.582139850,1.316988230,1.150460839,-1.244552374,-0.316622972,-0.765874565,0.177822873,-1.498637915,-0.134691685,-0.634378254,-2.481554508,0.491465241,-0.469014972,-0.581677616
125,2499.986,1786880163156.602,14950974.537,0.000000000,-24.413791656,-14.416705132,10.742095947,-22.902141571,-5.021184921,0.317942500,26.244211197,-6.412346840,8.401322365,-16.426710129,35.463546753,-3.627080679,8.889573097,-2.485458136,-8.597611427,1.810977101,1.704950929,1.970788598,-0.593664825,-0.712726951,-0.488969892,0.418118179,-3.199625731,-0.365951687,-0.286219180,-2.325270176,0.831973791,-0.540938616,-0.485712528
126,2519.990,1786880163176.606,14950994.541,0.000000000,-23.793825150,-8.654576302,7.722235680,-12.841778755,-1.197212338,-0.154085383,28.777576447,-6.423442364,8.727857590,-9.378875732,34.779342651,-3.166801214,8.903538704,-0.761992872,-7.677489281,2.244354963,1.914915323,1.543099284,-0.347026765,-0.765349925,-0.219410390,0.485467404,-3.885527372,0.047939483,0.054261032,-2.137174129,0.407464355,-0.636350453,-0.437882602
127,2539.989,1786880163196.605,14951014.540,0.000000000,-14.384723663,-6.088883400,4.726048470,-5.153010845,-0.054700546,-0.050301488,19.704650879,-9.658156395,7.866911888,-11.383011818,30.835912704,-2.801785469,7.749832630,-0.872464895,-6.889743328,1.816537142,1.685931921,0.885722518,-1.011269331,-0.411331743,-0.339737982,0.354940325,-3.740740776,0.946946204,0.144762322,-2.254184008,0.393185973,-0.729897261,-0.322556257
128,2559.988,1786880163216.604,14951034.539,0.000000000,1.600494385,-0.209120572,-1.632298231,-2.106774330,0.791769981,0.187675476,5.827798843,-8.168186188,4.368474960,-8.902120590,21.979082108,-1.393294930,1.486638308,1.039005518,-8.021606445,0.250622123,0.806958437,0.115927137,-1.914864421,-0.043072294,-0.702061474,0.230151534,-2.677489281,1.340753436,0.045630414,-2.819339037,0.499586016,-0.945076823,-0.320208222
129,2579.987,1786880163236.603,14951054.538,0.000000000,20.055866241,7.684926033,-8.066534996,9.224510193,1.196010113,0.432452947,-9.035145760,-10.958239555,4.676352024,-8.082942963,6.270659924,-0.440458745,-7.383729935,2.661002636,-9.486978531,-2.119641781,-0.307234615,-0.707774341,-2.731111526,0.174632505,-1.063948989,0.055923618,-0.691918910,1.150338650,-0.188013539,-2.952116489,0.494268954,-1.153203607,-0.433640093
130,2599.987,1786880163256.603,14951074.538,0.000000000,34.593437195,32.414981842,-16.458496094,-1.018161416,2.012163877,1.344972134,-22.688926697,-24.181653976,8.575531006,-24.324615479,-6.185937881,-0.775341809,-14.746423721,5.677765369,-14.196653366,-3.569090605,-0.654818773,-1.097321033,-3.729072094,0.167506918,-1.083199620,-0.090698659,2.144145727,0.108857714,-0.452312678,-2.661676884,0.464268714,-1.112109542,-0.484727502
131,2619.987,1786880163276.603,14951094.537,0.000000000,44.247154236,29.532585144,-21.168680191,-37.995391846,32.611373901,2.343298912,-18.534875870,-8.755614281,6.651696682,-8.389634132,-0.302130967,-0.334476233,-15.333344460,11.926518440,-20.556011200,-3.088608503,-1.018139243,0.128369600,-4.673074722,0.575120389,-1.077686310,-0.159314975,4.436614037,-1.670613527,-0.541497827,-2.301373243,0.450597435,-0.898795426,-0.435040802
132,2639.987,1786880163296.603,14951114.538,0.000000000,48.805484772,30.212562561,-25.529880524,-37.195758820,37.450119019,2.431031227,-12.912969589,-3.435787916,3.351885796,1.699453115,-0.146598130,-0.181641325,-12.451724052,16.961404800,-25.587959290,-1.786473989,-1.298676014,-0.336102307,-5.086797237,0.497043371,-1.569230318,-0.176104560,4.888976097,-2.326093912,-0.676317573,-2.085145950,-0.111798383,-0.821969151,-0.250222147
133,2659.987,1786880163316.603,14951134.538,0.000000000,58.949920654,26.162467957,-25.082948685,-25.136976242,40.206844330,2.671159029,-21.404205322,-5.892386913,0.213501811,-16.943250656,2.563678503,-1.655915260,-7.066915989,16.907014847,-27.452159882,-0.132410213,-0.910205305,-0.147818536,-5.093838215,0.484096527,-1.917403340,-0.000637976,4.086783886,-2.428661823,-0.853245080,-2.457086563,-0.154995337,-0.833992183,-0.152731746
134,2679.986,1786880163336.602,14951154.537,0.000000000,59.144969940,17.350902557,-18.245878220,-8.911314011,38.398590088,1.908963561,-22.279069901,-4.849743843,-1.110216737,-22.212636948,5.525725842,-2.651829481,-4.461568356,13.418764114,-27.463262558,0.635990441,-0.422066748,0.236722574,-4.555864811,0.367383122,-1.968551636,0.224587947,2.545008421,-2.349444866,-0.973812819,-2.778627634,-0.009974866,-0.871805012,-0.224537551
135,2699.986,1786880163356.602,14951174.537,0.000000000,50.292198181,2.489861250,-5.433492661,1.634821892,33.228351593,1.177860737,-16.821380615,-6.683389664,-0.528808117,-36.192276001,20.983827591,-7.940109253,0.842377007,6.616808891,-28.092834473,1.277329087,-0.025741111,0.611616850,-4.410499096,0.179729998,-1.922984362,0.414636999,0.405718714,-2.321369410,-1.026986599,-3.215950489,0.018645450,-0.869746506,-0.271067590
136,2719.987,1786880163376.603,14951194.538,0.000000000,38.782489777,-8.097199440,2.977480650,3.865415812,25.893779755,1.130941033,-7.755265713,-3.579837561,0.175822705,-38.567390442,37.255115509,-10.106380463,2.958667517,0.935183942,-27.188936234,1.356858134,0.446971476,0.488852888,-4.418180466,0.152844563,-1.872460127,0.393175900,-0.954954505,-1.568566799,-1.073773265,-3.557795286,0.192367017,-0.833673120,-0.371811658
137,2739.991,1786880163396.606,14951214.541,0.000000000,28.161991119,-12.518906593,8.256397247,-1.687720299,20.098993301,1.243900299,-0.931814134,1.745078683,-2.137981653,-34.554489136,42.594009399,-7.027976036,1.870071530,-2.388470411,-24.829692841,0.678896189,0.561927795,0.100266598,-4.070729733,0.216930449,-1.880390525,0.377426416,-1.333584070,-0.797931194,-1.113654733,-4.280687332,0.507814288,-0.736161470,-0.504186809
138,2759.990,1786880163416.606,14951234.541,0.000000000,19.542417526,-13.290596008,10.457805634,-1.422388434,15.836841583,1.394956350,3.556022882,3.741549969,-2.721303463,-28.870330811,39.010585785,-4.720493793,2.055423737,-5.146504402,-21.932638168,0.618298292,0.999037266,0.012165735,-3.328314781,0.087814197,-1.834359884,0.254784554,-1.840859890,-0.583101213,-0.965116143,-4.331806660,0.366471887,-0.925284684,-0.670622051
139,2779.988,1786880163436.603,14951254.538,0.000000000,11.005192757,-12.359926224,10.486021996,-2.666210651,11.105529785,1.466291308,5.460235119,5.237187862,-3.590864420,-23.236694336,30.425851822,-3.845082521,3.600640774,-6.453470230,-16.854457855,1.364012241,1.206759095,-0.065148212,-1.656250000,-0.317390949,-1.425676346,0.153764963,-2.081521749,-0.208515599,-0.741591394,-4.080349445,0.353741109,-0.962064147,-0.711900592
140,2799.988,1786880163456.604,14951274.539,0.000000000,3.822468281,-10.495051384,9.686244011,-6.743722439,7.360621929,1.662271023,4.653923988,7.375321865,-4.737516403,-16.321315765,21.744838715,-3.265478373,3.505867720,-5.298461437,-10.346918106,1.634717226,1.220280170,-0.221911639,-0.523769140,-0.340163141,-0.934303820,0.081664830,-2.286649466,-0.103866808,-0.319687158,-3.371329784,0.517459095,-0.934831500,-0.760020077
141,2819.988,1786880163476.604,14951294.538,0.000000000,2.178827524,-7.958132744,7.983844757,-7.055374622,6.530483246,1.328117251,2.088460684,5.687784672,-5.220201969,-11.106778145,15.973139763,-3.014718533,2.474030256,-2.181613445,-5.908956528,1.455763817,1.010576606,-0.645935178,-0.255037129,-0.110070817,-0.480903447,-0.067593224,-2.069470882,-0.138493732,-0.037163720,-2.401415110,0.585477948,-0.812548220,-0.736573994
142,2839.987,1786880163496.603,14951314.538,0.000000000,9.676290512,-3.042308331,2.647766829,-7.542311668,12.254865646,3.074545383,-2.742992640,4.784825802,-4.907897949,-4.258389473,11.951276779,-2.302359104,0.098299906,2.069422960,-5.359333515,1.110408306,0.567344964,-0.704339027,-0.458213419,0.035888292,-0.308471084,-0.244268879,-1.408528566,0.064084098,0.036046047,-1.720257282,0.594922006,-0.782472312,-0.580325842
143,2859.988,1786880163516.604,14951334.539,0.000000000,23.952857971,7.591716290,-7.180146217,-9.822342873,20.553956985,3.630789518,-16.334508896,2.064878464,-4.023611069,-2.753675699,0.150877640,-0.315781742,-4.954407215,8.088409424,-4.917827606,0.473680794,-0.461351037,-1.117469072,-0.983675838,0.199296370,-0.381481171,-0.366721511,-0.043449998,-0.036065791,0.116480909,-1.226444006,0.528760791,-0.722903371,-0.516275406
144,2879.987,1786880163536.603,14951354.537,0.000000000,31.917737961,18.826707840,-14.781949043,-6.197618484,26.570613861,4.316484928,-27.637094498,-14.711081505,5.819559574,-20.852020264,-4.580689907,-0.638760448,-8.828903198,13.687319756,-4.253493786,-0.181146070,-0.691043735,-1.047418118,-1.782204747,0.456432015,-0.590929866,-0.342128992,1.326769471,-0.366567254,0.096617810,-0.885978639,0.378665328,-0.648404598,-0.496113867
145,2899.986,1786880163556.602,14951374.536,0.000000000,27.511445999,13.629209518,-10.613979340,1.515265107,25.299985886,3.311466694,-17.986017227,-17.153022766,8.619040489,-11.125911713,-0.175832957,-0.221017718,-5.502471447,13.095447540,-6.459541321,0.180960074,-0.023635959,0.136248469,-2.135435581,0.204673216,-0.675823867,-0.251466781,1.715664864,-0.700642467,0.338630170,-0.521449208,0.094535328,-0.511077821,-0.387594104
146,2919.986,1786880163576.602,14951394.537,0.000000000,21.392616272,8.684757233,-6.418430805,2.953332424,20.477979660,2.911117792,-7.954667568,-10.580874443,6.979760170,-3.350775957,-0.209875420,-0.231031090,-2.913785458,10.134872437,-8.296157837,0.239854127,0.677149713,0.766236424,-1.798685312,-0.176682159,-0.729444981,0.061330985,1.481583357,-0.614391983,0.558565497,-0.070938878,0.147786170,-0.330620021,-0.098079853
147,2939.986,1786880163596.602,14951414.537,0.000000000,11.105130196,1.159771204,0.269143641,-1.411349058,15.172533989,3.044010639,2.734957695,-6.757296085,1.479280829,-21.264472961,13.635119438,-5.911242008,1.534477592,3.714519501,-11.376076698,0.261767775,0.563522458,1.205443263,-1.493898392,-0.446181774,-0.655070901,0.282015920,1.027482748,-0.806481481,0.473827213,-0.012376624,0.286128908,-0.212423727,0.017714875
148,2959.985,1786880163616.601,14951434.536,0.000000000,2.999492884,-8.332294464,5.957109451,-3.929535151,14.740653992,3.050875664,18.934991837,-3.834128141,4.297358513,-15.527103424,34.244709015,-9.211414337,6.472697258,-3.194158316,-17.541965485,0.749327481,1.090571642,1.594865799,-1.964625597,-0.495390266,-0.729682922,0.587121189,-0.433475137,-1.408022285,0.053837027,-1.460594535,0.317952037,-0.358843535,-0.056129083
149,2979.986,1786880163636.602,14951454.537,0.000000000,-12.169423103,-11.450780869,8.313899040,-5.454913139,4.019133568,0.845383346,33.847202301,-9.161382675,9.854225159,-18.958068848,46.357406616,-12.602977753,8.910580635,-8.358373642,-19.723625183,1.185116649,2.085246801,2.252347469,-2.036753416,-0.324584186,-0.824130177,0.730195880,-1.816353083,-1.206008434,-0.377814531,-2.955753803,0.475702763,-0.550922692,-0.338585585
150,2999.986,1786880163656.602,14951474.537,0.000000000,-33.953296661,-10.927414894,8.473503113,-27.672298431,-3.420395613,0.686978877,46.594161987,-9.209164619,15.004034996,-16.654748917,50.000000000,-8.741662025,10.382676125,-8.612719536,-16.885915756,1.606944561,2.614070415,2.794211864,-1.331402421,-0.468835890,-0.605568230,0.756489277,-3.449520111,-0.717659175,-0.247591108,-3.608272791,0.747711778,-0.761817276,-0.501185596
151,3019.986,1786880163676.602,14951494.537,0.000000000,-29.759490967,-9.989297867,8.049905777,-10.566187859,-0.845750272,-0.100262344,45.206111908,-10.183726311,16.280347824,-14.992068291,49.062583923,-7.371433735,10.647606850,-9.030035019,-15.282593727,1.860894561,2.873302698,2.053995609,-1.289638758,-0.653712213,-0.598768950,0.647984743,-3.839997768,0.299129605,0.111184411,-3.838004112,0.487486511,-1.021753550,-0.508890510
152,3039.985,1786880163696.601,14951514.536,0.000000000,-19.516855240,-8.746370316,6.354844570,-1.590580106,0.558732867,-0.026078954,31.852949142,-13.161851883,14.725219727,-22.952562332,44.592811584,-6.818530560,10.176119804,-9.288661957,-13.659181595,1.577012777,2.819082499,1.225816131,-1.845182419,-0.518422127,-0.817444205,0.615041077,-3.966653109,1.105392694,0.167831182,-3.989544630,0.393774986,-1.122122288,-0.371991664
153,3059.985,1786880163716.601,14951534.536,0.000000000,-3.661350489,-2.740505695,0.689793050,2.091030836,1.099511266,0.152555943,15.092453003,-13.663893700,10.638795853,-26.324871063,34.560340881,-5.916883469,5.465822220,-6.799452305,-13.761324883,0.850025058,2.217236519,0.357372403,-2.321862459,-0.306524456,-1.084648967,0.555133224,-3.480757952,1.584164143,0.121490926,-4.390445232,0.278857887,-1.233906627,-0.283291608
154,3079.989,1786880163736.605,14951554.540,0.000000000,12.298737526,2.975373745,-2.834372520,7.413361549,1.473411918,0.206993878,1.955472231,-13.204665184,6.675576210,-22.218219757,22.975782394,-4.538351536,-1.665632725,-2.737267971,-14.836512566,-0.853059292,1.536424756,-0.324898928,-2.717564106,-0.000306253,-1.164671898,0.339152545,-2.282789230,1.662777185,-0.322056532,-4.577840805,0.282529444,-1.324355006,-0.356437117
155,3099.987,1786880163756.603,14951574.538,0.000000000,35.348766327,16.506013870,-7.274931431,-20.225049973,21.922023773,-0.857770979,-12.596986771,-9.477484703,2.186650276,-15.268836975,10.043776512,-3.031936884,-11.208718300,3.830674887,-18.614862442,-2.320675135,0.183641851,-1.021518707,-2.986413956,0.181229770,-1.040561914,-0.051219441,0.360246956,0.492477208,-0.959707916,-3.863379717,0.054355748,-1.230435729,-0.490701020
156,3119.986,1786880163776.602,14951594.537,0.000000000,48.777343750,23.924493790,-13.865689278,-21.757204056,35.018508911,0.786323309,-26.227577209,-8.765502930,3.124490499,-24.217226028,-3.169055939,-1.163946390,-15.051636696,15.138687134,-19.769819260,-2.824398518,-1.328733802,-1.459956765,-4.698761940,0.767452061,-1.202436566,-0.205019936,2.682432175,-1.216945887,-1.146982789,-2.798580647,-0.079933614,-1.069883466,-0.602050662
157,3139.989,1786880163796.604,14951614.539,0.000000000,57.163414001,23.828006744,-16.917177200,-10.659743309,39.537132263,0.505431175,-25.906036377,-8.576172829,3.374596596,-5.469464302,-1.578754425,-0.035900623,-14.012297630,21.602025986,-21.311870575,-2.056656361,-1.417679667,-1.255002856,-5.473742008,0.778204799,-1.663130403,-0.263857275,3.839175463,-2.329761267,-1.051935673,-1.734753132,-0.125987604,-0.855178177,-0.394676387
158,3159.986,1786880163816.602,14951634.537,0.000000000,56.094154358,21.481199265,-16.604990005,-8.897974014,38.403900146,0.569337606,-21.626073837,-6.224900723,2.403745413,-1.328179836,-0.286128193,-0.080930896,-11.282246590,21.118301392,-21.761119843,-0.882339597,-0.546519160,-0.779350638,-4.529263973,0.530591547,-1.744875312,-0.065723747,4.652761459,-3.172138453,-0.890065312,-0.239196718,-0.021859474,-0.447648317,-0.156789824
159,3179.986,1786880163836.602,14951654.537,0.000000000,48.318813324,16.391559601,-13.139936447,-8.778458595,34.452068329,0.142712772,-13.910347939,-4.639594555,2.654073238,-0.296144634,-0.197378084,-0.168646559,-8.374907494,17.934257507,-22.253961563,-0.181627423,-0.265297323,-0.148642570,-3.646212101,0.409725070,-1.482690573,0.221252456,4.647355080,-3.028591633,-0.572062671,0.137303174,-0.156456038,-0.210238293,0.012780667
160,3199.988,1786880163856.604,14951674.539,0.000000000,37.195281982,10.061903954,-6.928687572,-10.558531761,29.402009964,-0.467858285,-8.915848732,-2.349242926,0.585473716,-7.342472553,1.642562389,-0.420982182,-3.968146324,12.393491745,-21.631923676,0.096257865,-0.121031173,0.233042017,-3.140828609,0.129323661,-1.229796171,0.448624045,3.541727066,-2.661661863,-0.394121289,-0.173922062,-0.167447656,-0.253378868,0.012089240
161,3219.988,1786880163876.604,14951694.539,0.000000000,32.573909760,-1.396410346,2.461194515,-5.106971741,26.107734680,-1.263303280,-5.711789608,1.327559710,-3.465441942,-22.703741074,11.625057220,-4.905113697,0.760315955,5.318587303,-21.631107330,-0.430107266,0.174253255,0.498311579,-3.830370188,-0.006055990,-1.383039713,0.596577764,2.002305269,-2.283624411,-0.389043957,-0.835743487,-0.107277550,-0.394562393,-0.045452189
162,3239.987,1786880163896.603,14951714.538,0.000000000,27.631031036,-9.040885925,7.571527481,-2.419755459,21.543769836,-1.692677259,-4.161924362,2.978726149,-4.235501289,-28.437414169,27.588853836,-7.192456722,1.426010609,1.342494130,-20.178871155,-0.451601893,1.052465320,0.375387222,-3.472823620,-0.069987878,-1.429015994,0.477030396,0.890688002,-2.247313738,-0.604794681,-1.301196575,-0.078196257,-0.484414458,-0.188492686
163,3259.985,1786880163916.602,14951734.536,0.000000000,24.646959305,-14.095086098,11.338943481,-2.679032803,17.761602402,-1.865675807,-2.650405169,8.192390442,-5.658295631,-26.726491928,31.908765793,-7.862572670,-0.636498690,-1.089898467,-19.011615753,-0.964319885,1.133190751,0.258352369,-3.263871908,0.184178591,-1.363170147,0.238691032,0.701968670,-1.741352797,-1.213020563,-2.429279566,0.100467034,-0.470454305,-0.264000624
164,3279.989,1786880163936.604,14951754.540,0.000000000,20.221439362,-14.888613701,13.922367096,0.129615262,14.137429237,-1.983007550,-0.669093370,10.882039070,-6.700596333,-23.601533890,29.850658417,-7.074976444,-1.600835443,-3.630698681,-17.599662781,-2.039328337,1.410714269,0.458466977,-3.002762794,0.332403630,-1.351421952,0.147392541,0.356690645,-1.462278008,-1.217828155,-2.639573097,0.614219189,-0.584057212,-0.357269466
165,3299.988,1786880163956.604,14951774.539,0.000000000,15.413828850,-16.093053818,14.867739677,-0.366783470,10.178602219,-2.187633753,0.313385665,11.619232178,-7.698426247,-20.921491623,25.604970932,-6.030019283,-2.030923367,-4.617084503,-15.215428352,-1.994236469,1.727398157,0.445553184,-1.976671576,-0.001965462,-1.197171926,0.042386122,0.689694583,-1.970102310,-0.812170088,-2.190006256,0.657974303,-0.593541503,-0.319815040
166,3319.987,1786880163976.603,14951794.538,0.000000000,12.697167397,-15.305167198,15.737043381,0.093561009,8.411608696,-2.602254868,0.374312639,11.279076576,-7.737818241,-19.217853546,22.662851334,-5.277667046,0.129279390,-3.994878769,-12.176351547,-1.816697359,1.988175154,0.881619513,-1.632148862,-0.243339092,-0.911183715,0.052402284,0.353973806,-1.895605803,-0.844044626,-1.751743555,0.462466657,-0.556450546,-0.387535453
167,3339.986,1786880163996.602,14951814.537,0.000000000,13.831089973,-14.436090469,15.514687538,-2.883675814,5.090446472,-2.716536283,-1.322280288,12.204112053,-9.199729919,-17.198808670,20.892192841,-4.818752766,-1.272461414,-2.339535236,-11.526983261,-1.710666656,1.655945301,0.813100815,-1.613688707,-0.000820879,-0.753451288,0.062139317,0.961113572,-2.016649246,-0.771025121,-0.903939843,0.449653953,-0.380343854,-0.335396886
168,3359.987,1786880164016.603,14951834.538,0.000000000,13.936139107,-14.974046707,16.043657303,-6.311866760,1.389447093,-2.826727867,-3.004326105,13.830554008,-11.158455849,-17.429271698,19.144069672,-4.458959579,-1.850794077,-0.132653967,-11.452858925,-2.683743477,1.618786931,0.932385981,-2.519240618,0.319160849,-0.828191638,0.082758121,1.153990626,-1.875278592,-0.862777412,-0.875585973,0.574631572,-0.231602460,-0.384372115
169,3379.985,1786880164036.601,14951854.536,0.000000000,16.227664948,-14.132286072,16.889406204,-13.990757942,-2.950306892,-2.999000311,-5.893690109,15.286184311,-12.645637512,-15.815832138,16.774511337,-3.873076677,-4.084344864,2.248627901,-10.636019707,-2.356813431,0.920891464,0.563784063,-1.970034957,0.042913798,-0.869257748,0.076075487,1.888027906,-1.964923143,-0.920348525,-0.795003474,0.526762247,-0.221161708,-0.381785512
170,3399.988,1786880164056.604,14951874.539,0.000000000,17.079393387,-15.670724869,16.959453583,-19.618738174,-4.703117371,-3.103184223,-8.834705353,16.939876556,-13.592904091,-16.450494766,15.382502556,-3.382408142,-4.278401852,3.908622265,-10.248215675,-3.123023510,1.020045161,0.643885791,-2.693480730,0.263308764,-0.827204108,0.035052698,1.925555706,-2.411948919,-1.158575654,-0.771002710,0.332124650,-0.199891731,-0.387966901
171,3419.988,1786880164076.604,14951894.539,0.000000000,17.269828796,-13.958568573,17.177461624,-20.642621994,-6.288453579,-2.840542555,-8.981956482,17.280778885,-13.599976540,-16.720901489,14.678770065,-3.142309189,-4.101004601,4.272159576,-10.189242363,-2.863764763,1.528669238,1.001247287,-2.690817833,0.146450207,-0.880304158,0.194451332,2.228935957,-2.904282331,-1.218090892,-0.533351243,0.344014227,-0.166320547,-0.348322362
172,3439.988,1786880164096.604,14951914.539,0.000000000,17.049430847,-13.878282547,15.493079185,-24.278831482,-5.589903831,-2.868935347,-6.651391983,17.405452728,-13.913564682,-14.046394348,15.582393646,-2.985584259,-3.026443958,4.330126762,-11.016587257,-2.866428137,2.651232004,1.891846180,-2.031814337,0.022712946,-0.757497549,0.364085704,1.901838064,-3.203371048,-1.439995289,-0.299974591,0.319686532,-0.112161614,-0.348951012
173,3459.988,1786880164116.604,14951934.539,0.000000000,17.257049561,-12.651843071,12.348999977,-25.388036728,-5.051288605,-2.489629507,-2.814534903,16.632890701,-14.148083687,-11.774542809,15.655920982,-2.661005020,-4.626048565,4.408593655,-11.483013153,-3.493591070,2.361926317,1.948733687,-2.143632412,-0.063882537,-0.639832258,0.410288513,2.396762848,-3.986536980,-1.177511930,0.965707004,-0.789411604,0.524477720,-0.247103721
174,3479.987,1786880164136.603,14951954.538,0.000000000,13.297399521,-12.244259834,12.164413452,-27.001991272,-4.561898232,-2.248652935,0.710932374,16.592491150,-11.786904335,-8.592947960,17.365011215,-3.322269917,-3.922255754,3.222299099,-13.127397537,-4.070190907,2.340897083,2.246932745,-1.947486997,-0.100141659,-0.573505163,0.415421307,3.730322361,-5.161962986,-1.314740658,2.299535513,-0.324262887,0.870008051,-0.012475937
175,3499.988,1786880164156.604,14951974.539,0.000000000,14.430393219,-9.046883583,9.101129532,-32.165538788,-5.766689777,-1.943973064,-0.315140277,13.058937073,-10.647020340,-7.115550041,15.308943748,-2.951993227,-4.344264030,3.069004297,-12.952464104,-3.680407524,2.347388268,2.152913570,-1.920352459,0.024023747,-0.427434206,0.406378806,4.377949238,-4.950331688,-1.339290380,2.362229824,0.276412040,0.662568152,-0.131945580
176,3519.986,1786880164176.602,14951994.536,0.000000000,24.476852417,-2.578333616,-2.712184906,-39.301349640,-5.141959190,-1.225629807,-13.034029007,10.207557678,-9.844576836,-7.415801048,5.166593075,-1.145364881,-6.429034710,6.492569923,-11.100916862,-3.580905914,1.649403811,1.797539234,-2.112436056,-0.009688512,-0.451359630,0.344507724,4.088677406,-4.068785667,-0.969692588,1.727286696,0.258094937,0.386528820,-0.167355895
177,3539.989,1786880164196.604,14952014.540,0.000000000,35.260314941,7.060148716,-13.763639450,-46.134685516,-3.717330217,-0.892082810,-30.332069397,-0.304158390,-7.646578312,-21.887359619,-5.126955986,0.099782214,-7.671757221,11.280993462,-9.031270027,-4.085572243,1.522976041,1.629484892,-2.800715208,-0.098585203,-0.609201670,0.313034892,3.461068392,-2.934252739,-0.342020720,0.416128188,0.219063535,-0.036020909,-0.101903073
178,3559.988,1786880164216.604,14952034.539,0.000000000,35.466907501,9.163423538,-19.139066696,-47.565090179,-1.334880829,-1.591398954,-23.508419037,-4.082358837,-3.024940014,-5.501567364,-1.137933493,-0.052218236,-6.904174805,12.951807022,-11.799528122,-4.146161556,1.691046238,2.068106890,-3.178498030,-0.323848039,-0.746983469,0.306865752,2.422685623,-1.535602331,0.140196964,-1.076703787,0.070458651,-0.514619768,-0.036961854
179,3579.986,1786880164236.602,14952054.537,0.000000000,29.901468277,10.634755135,-22.836648941,-50.960807800,2.303521156,-2.046517134,-16.946956635,-3.626447916,0.368942916,-1.790926695,0.137594759,-0.191995248,-7.687801361,12.139171600,-13.637188911,-4.422556400,1.011041999,1.655586720,-3.212683201,-0.098083384,-0.875062287,0.265396148,1.773596048,-1.089820147,0.291642576,-1.048602700,-0.164284080,-0.756597400,0.011583108
180,3599.986,1786880164256.602,14952074.537,0.000000000,24.126192093,12.723500252,-24.413225174,-52.917793274,6.347081184,-2.276530981,-11.874276161,-3.697992325,1.583310127,0.012771538,0.108874068,-0.184000999,-5.901643753,10.363762856,-13.887743950,-4.127236366,-0.287156314,1.154132605,-3.294896841,-0.017631907,-1.006218314,0.270455986,0.767969668,-0.695782602,0.303675622,-1.439944744,-0.124735922,-0.835573077,0.014506855
181,3619.985,1786880164276.601,14952094.536,0.000000000,20.099817276,14.965222359,-25.922477722,-52.261798859,11.094322205,-2.452113390,-9.543422699,-4.928222656,2.222688913,0.393976361,0.363092482,-0.182876468,-1.941672087,7.439885139,-12.950499535,-3.438840866,-0.580568016,1.147179127,-3.203087091,-0.075644322,-1.038205266,0.394846529,-0.743974090,-0.771680117,0.001505506,-1.972246885,-0.293035358,-0.910104692,-0.025188973
182,3639.990,1786880164296.606,14952114.541,0.000000000,15.759888649,16.451774597,-26.084547043,-47.409339905,16.037963867,-2.666525602,-6.668541431,-4.962275505,2.677353382,2.399768353,0.473056138,-0.161910996,-0.179679781,4.696341991,-11.690935135,-3.537951946,-1.112577915,1.223262548,-2.934387922,-0.173495889,-0.949643672,0.441876322,-2.163056850,-1.301806569,-0.601346016,-2.202158928,-0.392950863,-0.927111626,-0.113201626
183,3659.988,1786880164316.604,14952134.539,0.000000000,9.724786758,15.910334587,-21.582469940,-38.268531799,21.144721985,-2.845114231,-1.559396625,-4.095088482,2.384124517,3.080257893,-0.062519833,-0.220851779,2.756658316,2.086261034,-10.842421532,-2.524121284,-0.157052875,1.052500844,-2.289682388,-0.259189904,-0.774736464,0.394046485,-3.343031168,-2.115299940,-1.297165513,-2.568166256,-0.160581321,-0.996174514,-0.222063184
184,3679.987,1786880164336.603,14952154.538,0.000000000,0.945176661,14.034158707,-10.868247032,-28.265108109,25.124843597,-2.980891228,3.992408037,-7.018276691,0.697896957,-10.451899529,-2.155981779,-0.262193382,9.593381882,-3.672355652,-11.576226234,-1.072880030,1.411902308,1.209624052,-1.509683132,-0.455790967,-0.543986797,0.320910096,-3.594778299,-3.290767193,-1.870725632,-2.700894594,-0.033393517,-0.978393197,-0.403751969
185,3699.986,1786880164356.602,14952174.537,0.000000000,-1.587170482,11.670356750,-7.678483486,-23.392381668,25.266170502,-3.256428480,12.910818100,-6.154666901,0.759802938,-21.654172897,8.865779877,-5.408695221,10.972344398,-6.748330116,-13.706393242,-0.071554050,2.388561964,1.396077156,-0.805507600,-0.362478763,-0.305343300,0.306888431,-3.240207672,-4.458970547,-2.439492226,-2.316670418,0.121406227,-0.804948866,-0.584528029
186,3719.987,1786880164376.603,14952194.538,0.000000000,-3.830956459,6.850775242,-6.178353310,-24.532096863,20.444782257,-3.186856031,18.310945511,-4.875476837,0.929593682,-21.240129471,14.980244637,-6.704772949,9.763305664,-8.740062714,-16.759937286,-0.189446777,3.009661674,1.523247719,-0.785132706,-0.260224909,-0.263957739,0.265210479,-2.179508924,-4.929181576,-2.512616396,-1.872549653,0.217488632,-0.625229776,-0.674952626
187,3739.987,1786880164396.603,14952214.538,0.000000000,-5.979068756,5.394172668,-4.292349815,-26.307067871,17.407875061,-3.213317633,21.564594269,-3.851270914,0.447524518,-18.712347031,16.132616043,-6.321406841,8.030951500,-9.753751755,-18.912883759,-0.842267811,3.402979374,1.716171980,-1.208920956,-0.290689945,-0.416570485,0.343692362,-0.771179855,-5.018663406,-2.291333675,-1.394832611,0.227623418,-0.518151999,-0.647082329
188,3759.984,1786880164416.600,14952234.535,0.000000000,-5.189604759,4.373595715,-2.304069281,-26.160194397,15.655405045,-3.194930553,22.069383621,-3.042036772,-0.806963325,-17.443969727,15.409306526,-5.624023914,5.795028687,-10.288947105,-20.418195724,-2.057898283,3.607023239,1.768060446,-1.933910489,-0.278584778,-0.561093688,0.455210090,0.800024688,-4.662138462,-1.771390200,-0.653962076,0.511235893,-0.378132045,-0.538714468
189,3779.989,1786880164436.605,14952254.540,0.000000000,-1.972566605,3.516650200,-1.070954323,-23.569417953,14.983151436,-3.102499962,19.231111526,-0.807402968,-2.428000927,-17.875410080,13.472105026,-4.958020210,3.516682863,-10.338127136,-19.943649292,-3.117086172,3.394371748,2.021098137,-2.138119936,-0.405871391,-0.700486183,0.563687861,2.039414167,-4.297824860,-1.444550514,0.119811088,0.515668035,-0.149784192,-0.414778978
190,3799.987,1786880164456.603,14952274.538,0.000000000,1.072935343,3.351879358,-0.724149287,-21.775217056,15.880717278,-3.059801817,14.396941185,2.093313456,-4.204366207,-18.360727310,10.643304825,-4.450091362,1.149270058,-9.437193871,-18.594171524,-3.400312662,2.869474411,2.132641077,-1.668689609,-0.569267750,-0.579847991,0.577556193,2.665547848,-4.064884663,-1.146605968,0.411116570,0.301022828,0.052933253,-0.300682932
191,3819.987,1786880164476.603,14952294.538,0.000000000,5.427363396,1.777049422,-0.329867005,-20.047927856,17.456928253,-3.027052641,9.417635918,3.210582256,-4.941708565,-16.658800125,8.511919022,-3.955246687,-0.482855201,-8.621726036,-17.100460052,-3.787620068,2.653724432,2.323672056,-1.843842983,-0.660971105,-0.448283225,0.597638845,2.959116697,-3.911860228,-1.011993289,0.890256464,0.417088956,0.183199868,-0.230282202
192,3839.987,1786880164496.603,14952314.538,0.000000000,8.134840012,2.234489679,-0.212533489,-17.834894180,18.226730347,-2.961302519,5.360883236,5.436262131,-6.041758060,-17.470958710,7.283513069,-3.518632174,-1.185300708,-7.901689053,-15.658694267,-3.755030155,2.382542133,2.332001686,-1.434115648,-0.637946725,-0.313203096,0.639030099,2.976643085,-3.975376606,-0.998557687,0.872220159,0.301485479,0.261733264,-0.211853653
193,3859.987,1786880164516.603,14952334.538,0.000000000,10.210185051,1.406867266,-1.021560788,-17.285259247,19.044635773,-2.973370552,1.808415413,6.164550781,-6.407207012,-19.228979111,7.151865005,-3.378031015,-2.374804735,-7.020503044,-14.375061035,-3.767569065,2.450004816,2.227744579,-0.927114427,-0.495145470,-0.129191846,0.602492034,3.295230150,-3.985382795,-0.954477072,1.103211284,0.212211236,0.326749295,-0.150124088
194,3879.986,1786880164536.602,14952354.537,0.000000000,9.805132866,2.216883898,-0.654055953,-16.873300552,18.553180695,-2.898581266,-0.301094741,5.131227016,-6.794772148,-21.294952393,6.796971798,-2.978175402,-1.375544429,-7.146502972,-13.052308083,-3.370965481,2.683131695,2.302390337,-0.800207198,-0.426418722,-0.020875668,0.603047132,3.157352686,-3.834290266,-0.820954502,0.690192640,0.182011113,0.253693998,-0.156711817
195,3899.988,1786880164556.604,14952374.539,0.000000000,9.189569473,1.661185622,-0.733085155,-14.052753448,17.102640152,-2.726667881,0.989013374,4.380875587,-6.046503544,-23.057296753,6.403405190,-2.740612507,-0.556303799,-7.314262390,-13.341516495,-3.440960884,3.139017344,2.877241135,-0.895388484,-0.542185426,-0.023336729,0.682521999,3.146318674,-3.696229219,-0.892474294,0.574177206,0.057211038,0.113892138,-0.113839373
196,3919.987,1786880164576.603,14952394.538,0.000000000,8.084058762,0.899575949,0.149150059,-14.340061188,16.653270721,-2.679653168,3.757801533,2.305250645,-4.914639473,-25.337787628,6.430820942,-2.748251915,0.569979429,-6.986313820,-15.047225952,-3.988939047,3.745874405,2.943983316,-1.521067023,-0.561046243,-0.266755641,0.792143106,3.040064096,-3.550180197,-0.823012531,0.585501671,0.192792356,0.040210690,-0.112173274
197,3939.986,1786880164596.602,14952414.537,0.000000000,7.633872986,0.528355658,0.368604481,-14.152976990,16.697629929,-2.611520767,4.952945709,1.332764387,-3.580509186,-26.628997803,6.850953102,-2.945824862,0.561549723,-5.470648766,-15.876129150,-3.593982458,3.856125116,2.797358274,-1.588408470,-0.515547276,-0.412370861,0.767402470,2.728606701,-3.606207609,-0.970687568,0.549852431,0.104442023,0.058218561,-0.101423845
198,3959.989,1786880164616.605,14952434.540,0.000000000,7.514409065,0.759182215,0.492473066,-13.324495316,16.012506485,-2.502615213,5.145357132,0.179077432,-3.463806152,-28.695619583,7.419565678,-2.962911367,0.709835351,-5.646070004,-15.772975922,-2.722894192,4.227939129,3.121348143,-0.575351119,-0.515381575,-0.135873765,0.762055397,3.148651361,-3.795209408,-1.105760932,0.561767101,-0.064085208,0.116736099,-0.123585179
199,3979.988,1786880164636.604,14952454.539,0.000000000,7.569224834,0.500203371,0.425472796,-13.666734695,15.614514351,-2.319539309,4.537475586,-0.497220993,-2.801740408,-29.918313980,6.661251545,-3.057385683,0.981596768,-5.204798698,-15.312389374,-2.295001745,4.237208843,2.770418882,-0.396735638,-0.583265007,0.046261031,0.675073862,3.067734957,-3.894600153,-0.986783862,0.646983564,-0.054228701,0.056070108,-0.096176200
200,3999.986,1786880164656.602,14952474.537,0.000000000,7.583080769,-0.241185099,0.672032714,-12.308711052,16.030820847,-2.219336510,5.069836140,-0.672305167,-2.185423851,-29.804590225,6.056907654,-3.217113256,1.887249708,-4.642830372,-15.975627899,-2.422538042,4.393571854,2.841407537,-1.034743309,-0.633638799,-0.053733848,0.661117554,2.430501461,-3.689596653,-1.136577606,0.195891067,-0.100885548,-0.077336848,-0.092320822
201,4019.986,1786880164676.602,14952494.537,0.000000000,8.073490143,0.638511539,0.480576277,-12.811226845,17.132108688,-1.948943734,5.578847408,-0.854308009,-2.084758282,-28.295162201,5.347829819,-3.231071711,1.878533125,-3.788342237,-15.868020058,-1.430178165,4.319076061,2.281508207,-0.527200222,-0.556140721,-0.136859730,0.618215919,2.283359528,-3.838149071,-1.185023069,-0.039808281,0.036201954,-0.186445549,-0.168156341
202,4039.991,1786880164696.607,14952514.542,0.000000000,8.420886040,0.693996429,-0.462992460,-11.687147141,18.579757690,-1.578698039,6.266546726,-1.362542510,-0.964433134,-24.741510391,5.853791714,-3.346641302,3.208528280,-3.926491737,-15.629385948,-0.413565814,4.217329502,2.208626270,-0.223362401,-0.445485443,-0.070344970,0.561504185,1.354469538,-3.934838057,-1.353425503,-0.254740745,0.009767185,-0.273732990,-0.191669926
203,4059.987,1786880164716.603,14952534.538,0.000000000,8.621816635,0.558149040,-1.228333712,-10.022401810,19.772203445,-1.129729986,6.879240036,-2.106720448,-0.339345813,-23.831270218,7.553189754,-3.746580124,3.809600115,-3.472082853,-15.305606842,-0.429687321,4.303340912,2.134695530,-0.270040482,-0.380740970,-0.045383185,0.455171049,0.673301637,-3.848549604,-1.487622142,-0.585403264,-0.180943087,-0.366427600,-0.244351849
204,4079.991,1786880164736.607,14952554.542,0.000000000,8.263435364,0.609042227,-1.643396974,-12.203685760,18.857282639,-0.488191187,6.026741982,-2.643938065,0.590619802,-25.537788391,7.753835201,-3.776340008,3.913534403,-2.941809416,-15.490990639,-0.714665890,4.241771698,2.068340778,-0.462772816,-0.342993408,-0.041492566,0.505880773,0.370605946,-3.802185059,-1.477773070,-0.664331198,-0.015016337,-0.399837047,-0.291259646
205,4099.990,1786880164756.606,14952574.541,0.000000000,8.648332596,1.283387303,-2.602830172,-9.232233047,20.933229446,-0.027414771,6.270183563,-2.280302286,3.215248346,-29.046609879,6.698320389,-3.923222303,4.320835114,-4.030899525,-15.418657303,-0.368774772,4.182656288,1.761199594,-0.142275795,-0.514457703,-0.006207115,0.522355199,-0.232987478,-4.104836464,-1.456789613,-0.927892148,-0.202214122,-0.461489171,-0.301090956
206,4119.987,1786880164776.603,14952594.538,0.000000000,7.459144115,1.447754383,-4.886319160,-6.738953590,20.227672577,0.923071265,8.148437500,-3.283340216,6.966801643,-33.745674133,7.394661903,-4.285752773,5.864001274,-4.732547760,-15.805474281,0.209338665,3.952958345,1.545173168,0.419381261,-0.498548210,0.160636038,0.447471887,-0.876625419,-4.580330372,-1.769021392,-1.146824479,-0.005962055,-0.490345597,-0.398987144
207,4139.993,1786880164796.609,14952614.544,0.000000000,-1.749125004,0.460777760,-7.411563396,-9.057390213,7.836654186,2.989746094,14.119059563,-4.314690590,13.403207779,-38.466026306,5.272745132,-5.107824326,8.044239998,-5.980476856,-14.909198761,0.976644754,3.926963329,1.489076614,0.990258157,-0.455934852,0.383384347,0.435854852,-1.642599106,-4.201615810,-1.621091843,-1.554206848,0.023649018,-0.589726686,-0.569830775
208,4159.986,1786880164816.602,14952634.537,0.000000000,-29.261268616,-1.435125113,-2.448290110,-22.284225464,-3.974240541,0.198474497,32.673385620,3.314993382,19.704572678,-42.604022980,-2.153242111,-5.500751019,13.546991348,-9.345345497,-11.420338631,1.924116850,4.409584522,1.525118709,1.747370005,-0.555418372,0.661307871,0.418305635,-3.228477716,-3.953544140,-1.210554123,-2.553580284,0.063255504,-0.951587558,-0.623198450
209,4179.986,1786880164836.602,14952654.537,0.000000000,-24.971361160,-6.640163422,4.580861092,-11.314461708,-1.519784927,-0.033920340,27.633228302,5.956137180,16.670305252,-57.641296387,-10.225621223,-4.213327885,13.642923355,-7.551905155,-11.140629768,2.104967833,4.412607193,1.241461754,1.464622021,-0.399350792,0.632671773,0.335483998,-4.283529282,-4.076926231,-1.177007318,-2.961929560,-0.019764243,-1.144297838,-0.718162954
210,4199.987,1786880164856.603,14952674.537,0.000000000,-18.665569305,-9.399958611,8.310871124,2.581654787,-0.249757722,-0.133045375,17.723381042,3.028535604,15.344786644,-70.811325073,-16.809194565,-2.996904612,13.458466530,-9.474743843,-8.697769165,2.026721001,4.133605957,1.302205920,1.189378738,-0.435502619,0.439831436,0.367603332,-4.536907673,-3.889633417,-1.425624967,-3.455092192,0.071626119,-1.339287758,-0.785242260
211,4219.986,1786880164876.602,14952694.537,0.000000000,-14.557523727,-7.927785397,7.976160526,4.796320915,0.003270242,-0.117306672,10.043789864,-0.277947992,12.427831650,-76.165634155,-18.318943024,-2.338808775,13.571126938,-8.958195686,-6.598907471,2.028311253,3.977277994,0.860766470,1.292660713,-0.474873006,0.350725919,0.369881064,-5.745161057,-3.679067612,-1.542613745,-3.739573240,0.117336869,-1.423291326,-0.893752396
212,4239.989,1786880164896.605,14952714.540,0.000000000,-12.506118774,-8.355269432,7.291387558,4.617161751,-0.340985060,-0.035425074,4.413031578,-1.563462973,10.884969711,-75.449645996,-17.248691559,-1.883464217,13.793908119,-7.841917992,-4.459788799,1.314676166,3.666215897,0.821627319,1.137061357,-0.366683781,0.208617523,0.317048997,-7.131188393,-3.482464790,-1.908625245,-3.855785370,0.211687863,-1.421020508,-0.942375541
213,4259.989,1786880164916.605,14952734.540,0.000000000,-10.831665993,-5.631898403,5.923663616,1.266889811,-0.648214638,-0.001082530,-0.235796109,-6.416435242,6.466486931,-66.424255371,-15.104198456,-0.504370570,15.201732635,-5.480848312,-1.861464262,1.315761089,3.112271070,0.366669536,0.902378738,-0.305223823,0.053944826,0.399554849,-8.564382553,-3.137205601,-1.691784143,-3.573157549,0.151695162,-1.312550187,-0.884451032
214,4279.987,1786880164936.603,14952754.538,0.000000000,-2.718155146,-2.066494703,5.505202770,1.351900816,-0.478319615,0.000451726,-8.374197960,-14.621246338,-3.053076506,-45.011131287,-9.877923965,0.892913520,16.434946060,-1.053371310,0.188532844,1.266702890,2.091060400,0.034518987,0.279132336,-0.437787831,-0.129711062,0.489019722,-9.680788040,-2.428542852,-1.645846605,-4.135770798,0.540345013,-1.348803878,-0.825271964
215,4299.986,1786880164956.602,14952774.537,0.000000000,-2.831831455,-0.930955470,3.913243532,-0.710910439,-0.669882357,-0.167180911,-8.269541740,-17.999797821,-8.594388962,-13.063688278,-3.419178009,1.694290161,17.432712555,2.440218449,4.426035881,1.937325954,0.655471087,-0.746168733,0.526541829,-0.392938673,-0.327271253,0.467683077,-10.282648087,-0.557464182,-0.916274011,-4.069562912,0.855484188,-1.428414941,-0.778084695
216,4319.990,1786880164976.606,14952794.541,0.000000000,-11.327718735,-2.434803963,6.098385811,0.359335393,-0.221479818,-0.397529989,4.969253063,-9.374268532,-3.186152697,7.148734570,0.054861706,0.627628744,12.493555069,3.639956474,3.333394289,2.246224403,-1.069677472,-0.843294501,0.305102140,-0.392357111,-0.419489771,0.335310608,-8.585341454,0.666966259,-0.563047528,-3.603178263,0.681819856,-1.439151287,-0.752002776
217,4339.989,1786880164996.605,14952814.540,0.000000000,-26.557102203,-7.538214207,4.181881428,-4.792525768,-0.243238345,-0.304724216,20.496961594,5.858666420,14.524455070,7.473293781,0.236555040,-0.736309171,4.548090935,3.730110884,2.841447115,1.662816167,-1.831809640,-0.793673277,0.244527057,-0.338724405,-0.438424170,0.210851118,-6.284303188,1.866358757,-0.365232825,-3.371500969,0.457584292,-1.408478498,-0.720338762
218,4359.988,1786880165016.604,14952834.539,0.000000000,-22.417087555,-7.526568413,5.559282780,-3.929055929,-0.450655431,-0.310966134,19.674255371,9.436524391,7.264770985,-2.496618509,-0.712637126,-0.316453278,1.058170795,-1.993741035,-0.879874349,-0.331786871,-1.088389397,-0.527061284,-0.500876725,-0.573384166,-0.522047341,0.182100028,-3.277838469,1.592964530,0.056959353,-2.991417170,0.454116344,-1.424199343,-0.646636069
219,4379.987,1786880165036.603,14952854.538,0.000000000,-6.516128063,-7.038804531,7.552911282,3.855572462,-0.700978637,-0.287666976,13.527476311,13.043477058,-11.047481537,-25.130170822,-6.032927513,1.557521701,3.091212749,-11.938688278,-6.113004684,-2.738053083,-1.316407561,-0.137069806,-1.828910470,-0.088288262,-0.766518772,0.067109331,-0.712436676,0.378372818,0.325542539,-2.290510654,0.089195982,-1.257668257,-0.236535624
220,4399.986,1786880165056.602,14952874.537,0.000000000,-0.762504160,-11.040621758,7.092051029,7.653765202,-0.292140216,-0.158618867,6.638199806,14.941505432,-0.531680465,-103.538848877,-21.428045273,1.693499565,6.692247868,-25.339710236,-11.992702484,-1.510072947,-2.897264481,-0.344444215,-1.129376411,-0.068264909,-0.535691440,-0.003045312,-1.599576473,-0.982845783,-0.105298571,-3.142617464,-0.183513403,-1.382115483,-0.142584890
221,4419.986,1786880165076.602,14952894.537,0.000000000,2.399537325,-3.223833084,1.479038954,10.627904892,0.280649126,0.145131037,5.138375759,6.771364212,11.425046921,-131.504501343,-26.952556610,0.642901897,7.427303791,-31.677919388,-14.600352287,-0.639813721,-3.789301872,-0.606933594,-0.877753019,0.220443770,-0.168544322,-0.274259984,-4.941727161,-3.633490086,-1.400179625,-3.878731489,0.114410572,-1.487675428,-0.364217937
222,4439.989,1786880165096.604,14952914.540,0.000000000,-1.184715629,4.811584949,-2.020985365,7.856103897,0.443275958,0.171658620,7.716511250,-0.441019267,18.192258835,-136.803039551,-28.545473099,-0.779660642,9.148736954,-30.256978989,-15.484969139,-0.509286165,-3.244920731,-0.556448519,-0.866523981,0.252579272,-0.096684098,-0.365580827,-9.163945198,-5.931004524,-3.588908195,-3.625144243,0.391155928,-1.291269302,-0.870987892
223,4459.988,1786880165116.604,14952934.538,0.000000000,-7.359939575,12.320548058,-4.707274914,6.728610039,0.640844822,0.262602657,13.086645126,-4.232254505,20.012191772,-131.952804565,-27.628904343,-2.353575468,11.747303009,-27.840293884,-14.438346863,-1.201662421,-1.500066519,-0.077283628,-0.936797023,0.406088352,0.092244200,-0.222767547,-12.898324013,-7.432631016,-6.068187237,-3.726223946,0.566609561,-1.147892952,-1.300427318
224,4479.986,1786880165136.602,14952954.537,0.000000000,-14.909192085,17.274156570,-6.859512329,2.284666300,0.472353876,0.278868556,18.685865402,-5.821526051,20.445287704,-120.882347107,-25.742374420,-3.517527342,13.724050522,-28.450057983,-13.333444595,-2.057922602,1.254698992,0.303956538,-1.358946800,0.577239871,-0.191367239,-0.078393072,-15.771013260,-7.974125385,-7.582709789,-3.561734438,0.445554227,-1.013609171,-1.640359759
225,4499.998,1786880165156.614,14952974.549,0.000000000,-20.630683899,20.546319962,-8.838054657,-1.237321258,0.182780594,0.308372527,25.492813110,-2.741453409,15.306311607,-107.893478394,-23.134082794,-3.724255323,14.244215965,-32.841773987,-12.476491928,-4.320827007,2.920313597,0.875175774,-2.650859356,1.017663956,-0.584133029,-0.088679403,-18.163198471,-8.917535782,-8.448597908,-3.727334261,0.417296767,-0.911111712,-1.921952605
226,4519.997,1786880165176.613,14952994.548,0.000000000,-23.482486725,19.367128372,-8.379701614,-4.094730377,-0.671791315,0.291895658,35.227893829,-1.403158784,9.234008789,-87.722618103,-19.920028687,-3.072528124,27.319753647,-42.003517151,-8.261392593,-6.226531506,9.907230377,1.360132217,-9.604136467,0.973326802,5.000000000,-5.000000000,-14.504165649,-12.045809746,-10.186230659,-1.346556902,1.274359941,-0.837559223,-3.091534853
227,4539.997,1786880165196.613,14953014.548,0.000000000,-29.468481064,13.767837524,-8.693048477,-8.212592125,-1.492909312,0.320701689,37.272251129,1.143900156,-0.298771024,-74.758895874,-14.480519295,-1.522572160,22.625181198,-43.650856018,-4.015618324,-5.162697315,10.003144264,0.575505495,-8.054880142,0.318535268,5.000000000,-5.000000000,-14.691826820,-13.581417084,-7.310421944,1.867339492,0.138276055,0.431568056,-1.786622524
228,4559.996,1786880165216.612,14953034.547,0.000000000,-34.270820618,10.917624474,-2.581926107,-8.546785355,-1.298626781,-0.153716162,35.434188843,13.094377518,0.074777633,-66.562492371,-14.252813339,-0.576481819,15.724836349,-38.857868195,0.891482890,-4.312598228,6.049417973,0.677526414,-6.868852139,2.062609673,5.000000000,-5.000000000,-12.182391167,-12.953515053,-6.455691814,2.666327953,0.549049854,0.959319949,-1.237463355
229,4579.997,1786880165236.613,14953054.548,0.000000000,-35.413387299,7.195697308,1.301089883,-6.785725594,-0.734135389,-0.244136631,33.050636292,20.156257629,10.559053421,-77.789482117,-17.753402710,-1.178728938,16.599891663,-33.094039917,4.016170025,0.228748217,-0.587634087,-1.708024859,-7.431641102,3.722742558,5.000000000,-5.000000000,-8.595886230,-11.385921478,-6.021180153,2.498355150,1.289424181,1.172885537,-1.116516113
230,4599.997,1786880165256.613,14953074.548,0.000000000,-28.752296448,5.300753593,2.049422741,-8.072967529,-0.430252850,-0.226093441,23.281389236,19.958383560,10.541436195,-88.053565979,-18.290601730,-1.166756988,14.209259987,-29.954511642,3.777190447,0.374040395,-3.096863270,-0.920664608,-3.397768497,2.861538172,5.000000000,-5.000000000,-7.420578957,-8.781864166,-4.866288662,1.714999676,1.277824521,0.976754129,-0.732373834
231,4619.995,1786880165276.611,14953094.545,0.000000000,-13.665001869,2.794363737,0.143288657,-5.982018471,-0.216339365,-0.163843885,5.658784866,11.261409760,15.580359459,-115.858795166,-23.666284561,-1.227788687,13.933110237,-29.143995285,3.184076786,-0.362292260,-5.733019352,-0.730359793,-1.365921259,2.316397905,5.000000000,-5.000000000,-6.548683167,-5.624760151,-3.520571709,0.997329473,0.593217015,0.762371182,-0.239471436
232,4639.995,1786880165296.611,14953114.546,0.000000000,-5.264210224,-0.831285834,-1.186018229,-2.739873648,0.217578620,-0.157796487,-6.070960522,6.620079517,21.123197556,-135.165252686,-27.538459778,-1.463172913,16.627683640,-28.948280334,5.258689880,-1.053440690,-6.865286827,0.200146437,-1.333939791,1.637518048,5.000000000,-5.000000000,-6.600980282,-3.860577345,-2.317619324,0.197040126,0.496019006,0.453643113,0.190007851
233,4659.996,1786880165316.612,14953134.546,0.000000000,-3.262328386,-6.749420643,2.224032164,3.114873171,0.296340317,-0.199756786,-9.635211945,-2.832834244,26.856382370,-134.987884521,-26.647769928,-1.863324881,18.131439209,-23.293180466,4.351895809,-0.514800429,-8.555966377,-0.820698857,-1.370252132,2.600227356,5.000000000,-5.000000000,-6.430537224,-1.844819307,-1.305869579,-0.516806602,0.115519315,0.299831718,0.392782032
234,4679.996,1786880165336.612,14953154.547,0.000000000,-3.910352707,-13.564085960,8.552949905,7.998441219,0.579036236,-0.335804522,-7.977962494,-5.634432316,29.363876343,-126.156295776,-23.892509460,-3.466443539,22.477142334,-14.699468613,2.840037107,2.169511318,-10.317058563,-1.862680793,-0.386856228,3.617488384,5.000000000,-3.468122244,-5.447094917,0.598101258,-0.363026977,-1.051044941,-0.378446579,0.370158315,0.590467393
235,4699.989,1786880165356.605,14953174.540,0.000000000,-12.428112984,-16.999782562,15.494028091,8.118383408,-0.585822701,-0.562630713,0.409577042,-6.898909569,26.601991653,-110.216377258,-19.333822250,-5.364132404,26.860553741,-9.209589958,2.673467636,5.718636513,-11.452857018,-1.851498246,2.137196064,3.844719648,5.000000000,-2.509663582,-5.700215340,1.858581185,0.171715185,-1.668094397,-0.069410153,0.094888091,0.560574770
236,4719.989,1786880165376.605,14953194.540,0.000000000,-18.382427216,-19.990684509,17.090141296,0.621427953,-1.268957734,-0.546847582,10.481693268,-1.934084177,23.063066483,-90.268951416,-16.037115097,-6.355247498,30.504322052,-4.831133366,0.791908026,8.048070908,-11.929801941,-1.283478379,4.849443913,3.183745384,5.000000000,-1.478114724,-4.240957260,3.216837645,0.319051713,-2.742155313,0.191327676,-0.205658570,0.173546016
237,4739.993,1786880165396.609,14953214.544,0.000000000,-16.936498642,-20.068716049,14.497002602,-3.786061525,-0.933816552,-0.399519503,19.513790131,2.533213139,19.535980225,-71.937446594,-12.448946953,-6.455992699,26.447444916,-4.523815632,-4.516967297,8.946681976,-12.025654793,-0.054209460,7.517428398,2.123904943,5.000000000,-1.549411178,-0.386023998,4.573801041,1.131482124,-2.456730366,0.251207441,-0.690333486,-0.066307165
238,4759.991,1786880165416.607,14953234.542,0.000000000,-17.107370377,-19.477455139,14.857445717,-4.439738274,-0.645754516,-0.321273923,24.483865738,4.675995350,18.937105179,-59.083446503,-10.541724205,-5.409845352,18.477613449,-3.510666370,-7.834119797,9.150319099,-12.154882431,0.850813091,10.616622925,1.884210944,5.000000000,-1.998887539,3.745182514,3.624069929,2.639346838,-1.408725381,-0.214793995,-1.026218772,-0.185985982
239,4780.020,1786880165436.636,14953254.571,0.000000000,-16.903245926,-23.881753922,25.542707443,17.398548126,-0.398490757,-0.119486116,28.034025192,3.421494961,19.380373001,-48.474525452,-7.002765179,-2.953986406,10.905147552,-4.228166580,-11.160546303,8.015907288,-11.931657791,1.346647739,11.693028450,1.312930822,5.000000000,-1.676165462,4.327867031,0.927209616,3.328618288,-0.475041330,-0.751871884,-0.820484757,0.300982088
240,4800.020,1786880165456.636,14953274.571,0.000000000,-24.202373505,-25.116479874,33.176483154,16.159088135,-0.251807302,0.044537496,39.859767914,2.378369570,17.699621201,-31.965299606,-2.270491600,0.387178093,7.621152878,-4.233964443,-17.773946762,4.931270123,-11.827468872,2.220524311,11.072224617,1.318928242,5.000000000,-1.610136986,2.930470228,-2.305891991,2.206872940,1.409366131,-0.577791393,-0.024555735,0.568034232
241,4819.991,1786880165476.607,14953294.542,0.000000000,-30.925882339,-23.869781494,29.167501450,8.779301643,0.152865827,-0.319645226,45.468650818,9.402037621,19.490999222,9.373600006,3.122433901,0.127164558,8.766374588,-0.632074356,-19.010221481,1.703050137,-10.655014992,2.722353458,8.568752289,2.091352224,5.000000000,-1.449508786,1.279618859,-4.224432468,0.402382225,3.862708092,0.194478914,0.847586632,0.228160620
242,4840.020,1786880165496.635,14953314.571,0.000000000,-37.605564117,-12.191962242,12.115460396,-6.565653801,-0.995252430,-0.073567249,56.459125519,38.966259003,21.954395294,46.949771881,3.728588104,-0.424892962,-5.393661499,10.707939148,-12.068141937,-0.265231192,-7.871857166,1.494922280,5.350160599,2.599788189,5.000000000,-2.139752388,2.789672613,-5.294449806,-0.676354527,6.827634335,1.279332161,1.222305179,-0.901770413
243,4860.025,1786880165516.641,14953334.576,0.000000000,-31.034681320,15.208884239,-8.813196182,-12.166275024,-1.252567053,0.297355801,33.681995392,18.014638901,25.879293442,33.729537964,0.770690739,1.619300604,-28.112094879,17.934587479,6.959487438,-2.061350346,-1.215296388,-0.889336646,1.835482240,3.751354933,5.000000000,-3.316617250,6.002519608,-6.726361275,0.743645847,11.002235413,1.255127192,1.810103297,-1.060329080
244,4880.023,1786880165536.639,14953354.574,0.000000000,-8.854836464,27.489288330,-21.935394287,-4.124659538,-0.622441888,0.536703110,-4.039755344,-17.768432617,18.850419998,9.713340759,-1.160025597,3.225843906,-34.791114807,17.542417526,18.949697495,-3.199980736,5.708529949,-3.024763107,-2.406164885,5.091887951,5.000000000,-4.840975285,8.293140411,-5.283752441,3.029001713,12.095825195,0.018148495,2.750591755,-0.243172988
245,4900.024,1786880165556.640,14953374.575,0.000000000,3.136617661,27.967082977,-23.262733459,3.111791611,0.083327003,0.586991251,-22.117971420,-36.471664429,10.164319038,2.321516037,-1.841388226,3.565820694,-31.162385941,23.443662643,22.381254196,-1.595603466,9.181198120,-3.667540789,-4.712151051,5.508271694,5.000000000,-5.000000000,8.851268768,-1.618078589,4.481188774,10.554000854,-0.767830431,2.742693186,0.394858748
246,4919.992,1786880165576.608,14953394.543,0.000000000,12.287734985,23.532619476,-18.735433578,8.647183418,0.343499154,0.139195919,-34.984951019,-44.901138306,0.024494637,-6.367485523,-2.603020906,2.188494444,-20.171598434,22.456462860,21.665203094,-0.600969255,9.507368088,-3.178756237,-3.811995983,4.222890854,5.000000000,-5.000000000,6.539923191,3.379264832,4.120459557,6.101898193,-1.596156836,1.720781803,0.743820548
247,4939.990,1786880165596.606,14953414.541,0.000000000,12.150734901,18.855535507,-14.359978676,10.432287216,0.398316294,-0.040567279,-33.459922791,-39.387462616,-1.349108696,-2.585453510,-2.202286243,1.160931826,-17.540779114,20.814174652,20.317428589,-1.733676910,8.219197273,-1.144332170,-1.422476411,2.693491220,5.000000000,-5.000000000,4.712981224,6.616404533,3.241632938,2.831942320,-1.863517761,0.543840468,0.534419298
248,4959.987,1786880165616.603,14953434.538,0.000000000,13.217955589,12.045757294,-7.182843685,13.062640190,0.263364077,-0.024026271,-31.185878754,-20.271682739,-4.645833492,4.060158730,-1.227893710,0.934716821,-18.057241440,15.469376564,17.247314453,-2.944115162,5.578238964,0.237024665,0.868700683,0.379246652,5.000000000,-2.650506735,3.543727636,6.835035324,2.332591772,-0.084021538,-1.856141448,-0.347019494,0.403387696
249,4979.986,1786880165636.602,14953454.537,0.000000000,13.839229584,2.238523245,1.432189822,16.346405029,0.626123607,-0.133968532,-27.719245911,-3.476477623,-5.397413731,11.057585716,-0.496520549,0.977338672,-17.129833221,10.329916954,14.068840027,-3.762443304,2.796735287,1.545363903,2.299708366,-1.509311914,5.000000000,-0.839778304,3.447508097,5.438780785,1.660578847,-1.305523992,-1.785624504,-0.931390047,0.267484218
250,4999.987,1786880165656.603,14953474.537,0.000000000,12.460224152,-5.001310349,5.522863865,17.762067795,1.071130991,0.065490492,-25.035943985,6.730324745,-2.270305634,10.954202652,-0.472110033,1.112492323,-16.775768280,6.011749744,11.465125084,-4.253655434,2.085085869,2.307201624,2.121294737,-2.868745089,5.000000000,0.274743259,3.587557793,4.952749729,0.910318732,-1.808866382,-1.526520967,-1.004534364,0.198620424
251,5019.987,1786880165676.603,14953494.537,0.000000000,14.735423088,-4.776041985,3.981178761,14.345378876,0.265517116,0.244611382,-27.755746841,10.426975250,-6.854959965,6.412534237,-0.996662736,1.287228703,-9.965792656,-4.729155540,5.491762161,-5.158276558,5.171813011,2.894307613,2.653206348,-3.572956085,5.000000000,0.483618826,2.368324041,4.548620701,0.755378723,-2.464345694,-1.570417285,-0.784466505,0.432780206
252,5039.986,1786880165696.602,14953514.537,0.000000000,15.367440224,-4.680079460,-13.597424507,11.064960480,-1.248922825,9.180233002,-28.271635056,18.727991104,-9.887198448,1.332948446,-1.316008091,1.179664254,-5.861814976,-16.205869675,-0.274877101,-5.119550228,9.100999832,4.074309349,3.389648676,-4.601421833,5.000000000,1.245486617,1.758590817,4.655086994,0.815900207,-3.449953794,-1.263299108,-0.816944540,0.375253588
253,5059.986,1786880165716.602,14953534.537,0.000000000,12.718115807,1.942620158,-37.198150635,2.951649189,-1.538409710,4.902337074,-22.441562653,12.862314224,-12.159701347,-1.363980651,-1.176328540,1.254131913,-7.382107258,-30.824991226,-10.294899940,-5.853135586,13.528965950,5.798287392,5.158767223,-5.867151260,5.000000000,1.232440233,1.383866668,4.891920090,1.067722917,-3.887558222,-0.772106946,-0.875033438,0.241008207
254,5079.986,1786880165736.602,14953554.537,0.000000000,-2.266839504,6.900212288,-28.505992889,0.634889662,-0.276903123,0.873104870,-12.862783432,14.968867302,-12.378872871,0.299886048,-0.560673535,1.715552688,-15.993388176,-39.229373932,-20.111038208,-8.539389610,18.211380005,7.525351524,6.958355904,-6.333659649,5.000000000,2.326996565,1.363984704,1.598495603,0.768691361,-2.491317987,-0.552943170,-1.613183260,-0.222143933
255,5099.986,1786880165756.602,14953574.537,0.000000000,-14.459978104,4.790542126,-36.299396515,-4.676944733,-4.863479137,6.398373604,-9.375903130,19.657814026,-15.049509048,-4.398360729,-0.952239871,1.616382718,-21.002712250,-49.197364807,-20.679794312,-9.650671005,22.506378174,10.764546394,8.000618935,-6.998283386,5.000000000,3.693618536,2.577370405,-1.019335032,0.178096458,-0.736368656,-0.208813280,-1.863018394,-1.297914624
256,5119.986,1786880165776.602,14953594.537,0.000000000,-18.514375687,3.244980335,-38.124298096,-3.505878925,-6.060965061,6.421976566,-4.661794186,19.936914444,-13.599217415,-6.735976696,-0.830177605,1.274979949,-17.892742157,-50.000000000,-20.042726517,-10.339114189,25.000000000,13.080852509,7.392156124,-4.310544968,5.000000000,3.711380482,3.689672947,-5.638249874,-0.663161755,1.268812180,0.497684985,-0.838028491,-1.639112711
257,5139.996,1786880165796.612,14953614.547,0.000000000,-22.880979538,0.754532456,-34.950775146,-6.739423752,-6.633614063,6.790360928,-4.846287251,21.892606735,-15.004262924,-9.078685760,-0.914870977,0.841684461,-12.866647720,-50.000000000,-22.257678986,-7.562792778,25.000000000,11.767815590,2.380216837,-4.114484310,5.000000000,1.471467018,2.649060488,-8.668805122,-1.325708389,3.159114838,0.260997415,-0.189232498,-1.537767291
258,5159.988,1786880165816.604,14953634.539,0.000000000,-30.274457932,-3.967545748,-31.008060455,-14.792892456,-3.404481649,1.598605156,-8.930191040,17.078802109,-15.249268532,-10.549119949,-1.668794394,0.171532914,-8.542155266,-46.162425995,-20.991958618,-4.480204582,25.000000000,11.244722366,-1.177734137,-3.268224955,5.000000000,1.590481639,0.960357904,-10.212887764,-2.742237568,2.954152346,0.151970029,0.056444418,-1.876818538
259,5179.988,1786880165836.604,14953654.538,0.000000000,-33.168376923,-7.618054390,-26.103685379,-20.356594086,-9.227344513,4.993646145,-7.416819096,7.747364998,-6.082116127,-7.879267693,-1.604406953,-0.046060227,-4.929368019,-37.216323853,-18.014955521,-3.300561190,25.000000000,10.761063576,-1.337007403,-1.826175809,5.000000000,1.913076758,-1.113626361,-11.258160591,-3.506118774,3.062125444,0.884022832,0.479361862,-2.041351318
260,5199.986,1786880165856.602,14953674.537,0.000000000,-38.391063690,-21.597446442,-20.608293533,-20.924104691,-10.043510437,3.437361240,-6.799758911,4.876975536,-0.754489720,-0.967264175,-1.049941301,-0.134321466,-14.127999306,-27.297847748,-15.340931892,-3.988657475,25.000000000,10.934377670,-0.191595167,-1.359003186,5.000000000,1.803020835,-2.973576069,-11.514053345,-3.534342527,2.646041632,1.270387292,0.938515723,-2.060800791
261,5219.992,1786880165876.608,14953694.543,0.000000000,-31.878993988,-25.397716522,-13.675725937,-7.816274643,-7.693894386,2.554909706,-8.773901939,5.400172710,2.933387995,5.841618538,-0.398748845,-0.242517948,-22.555974960,-16.498189926,-10.105663300,-4.717408180,25.000000000,11.929567337,0.836104095,-1.773826718,5.000000000,1.919454336,-3.914521933,-10.400627136,-3.999573231,2.805439711,1.789410233,1.474177122,-1.954555511
262,5239.989,1786880165896.605,14953714.540,0.000000000,-27.620374680,-20.051977158,-16.371946335,-2.202155113,-3.492130280,2.786036253,-1.926734209,-0.957289696,6.502557755,9.649521828,-0.470097959,-0.198135197,-11.276050568,-10.016772270,-5.233489513,-5.238867760,25.000000000,11.997827530,1.751416683,-1.425549746,5.000000000,2.131588936,-6.350099087,-7.182235241,-4.655941486,2.605889559,1.752044201,2.029756784,-1.195213795
263,5259.986,1786880165916.602,14953734.537,0.000000000,-37.174129486,-11.874045372,-19.988662720,-16.654779434,-4.743058681,2.851213217,3.780565977,-6.611768246,3.365324736,10.153592110,-0.736193895,0.207082957,11.282394409,-11.501191139,-2.384558201,-3.890118122,25.000000000,12.070738792,3.642182112,-1.554245353,5.000000000,2.493429661,-8.629994392,-2.140100479,0.903643429,0.456811428,-1.655639887,-0.963633776,1.596033216
264,5279.989,1786880165936.605,14953754.540,0.000000000,-50.826580048,-5.235453606,-18.240097046,-33.673072815,-3.380555630,0.238071069,10.633866310,-6.902077198,-1.201446295,15.762848854,-0.605187654,0.411947548,34.290897369,-18.810737610,-4.039886475,-2.935088396,25.000000000,11.064975739,7.336202621,-1.325542688,5.000000000,2.637945652,-8.531608582,2.763966322,2.498693705,-0.367885232,-1.168976068,-0.126039669,1.814137101
265,5299.988,1786880165956.604,14953774.539,0.000000000,-49.749622345,-5.731074810,-14.854511261,-62.842281342,-8.096443176,0.066141881,17.045839310,-7.412685394,2.423545361,16.415264130,-0.331493199,0.261572868,42.543300629,-18.946100235,-8.194853783,-1.675486207,24.526882172,10.762600899,10.497820854,-0.681932628,5.000000000,2.418379784,-9.795520782,2.998478651,2.694229126,-2.220955849,-1.286478043,-0.991757154,1.275404096
266,5319.987,1786880165976.603,14953794.537,0.000000000,-46.564277649,-3.205814600,-17.243930817,-78.767814636,-10.465764999,0.360525906,21.384710312,-11.009429932,5.555673599,16.123514175,-0.175687954,-0.048566554,46.523300171,-19.448173523,-6.174994946,-0.013307249,15.560543060,10.788657188,14.334825516,-0.293190598,5.000000000,2.147501707,-13.607015610,1.138135195,1.122214437,-4.807822227,-1.225192189,-2.059754133,-0.329325676
267,5339.990,1786880165996.605,14953814.540,0.000000000,-40.667663574,-0.721436203,-18.175899506,-88.942993164,-12.381302834,1.189504981,21.385606766,-14.432529449,9.711530685,13.723147392,-0.229104713,-0.279732317,46.247791290,-18.804151535,-3.127992630,3.077895641,4.337276459,9.610511780,16.513429642,-0.920602798,5.000000000,2.480507612,-17.584194183,-3.155413628,-1.437931180,-6.154458046,-0.476599723,-2.007510662,-2.636035442
268,5359.989,1786880166016.604,14953834.539,0.000000000,-34.627670288,-1.916359067,-18.136844635,-89.394332886,-13.938846588,1.512852788,16.724569321,-17.952484131,13.898209572,11.591292381,-0.230947688,-0.347041816,46.540920258,-14.840119362,1.780373573,7.051010609,-5.420954227,7.616367817,16.253776550,-1.352750421,5.000000000,2.618288994,-22.505792618,-7.637834549,-3.962073326,-6.302918911,0.348252892,-1.024371028,-4.167189598
269,5379.988,1786880166036.603,14953854.538,0.000000000,-23.544160843,-3.666263580,-17.120700836,-80.988098145,-14.682133675,2.000645399,10.630067825,-20.001352310,15.950578690,9.969012260,-0.223440036,-0.385812283,49.558940887,-9.001649857,3.488272667,9.909682274,-11.663236618,4.717717171,15.500035286,-1.139159203,5.000000000,2.427719116,-25.000000000,-11.159298897,-5.247243881,-5.446647644,1.008435249,0.241411150,-4.476690292
270,5399.987,1786880166056.603,14953874.538,0.000000000,-19.895154953,30.782617569,-13.230152130,-68.881996155,-12.961102486,1.395456553,18.273561478,-23.426963806,13.149669647,11.183477402,-0.340978503,-0.297373921,50.163223267,-4.672270775,0.112295471,9.584153175,-15.020977974,0.887104690,13.635460854,0.077690959,3.888634443,1.691913486,-25.000000000,-11.484717369,-6.006815434,-6.023386955,1.122364640,0.649280369,-3.608867168
271,5419.996,1786880166076.612,14953894.547,0.000000000,-15.982482910,32.415081024,-13.097257614,-56.328147888,-15.272234917,1.993875861,27.237806320,-23.032297134,10.418442726,17.388551712,0.867730439,-0.170474589,43.691867828,3.899481773,-5.976438046,8.330594063,-16.862442017,-2.551577330,11.751095772,0.440520108,0.977880418,-0.176888660,-25.000000000,-8.572158813,-5.638946533,-6.290687561,1.113622427,0.747796655,-2.945224047
272,5439.993,1786880166096.609,14953914.544,0.000000000,-14.112555504,22.529010773,-12.515308380,-43.665870667,-16.008012772,2.561325073,35.829978943,-16.681533813,8.647817612,17.336690903,1.523249865,0.129680261,32.916831970,17.404409409,-16.348329544,7.332160473,-16.045289993,-4.745230675,7.359666824,1.172854066,-1.020763278,-1.013151407,-25.000000000,-3.351110220,-4.628289223,-5.407952309,0.825574279,0.507253289,-2.343973637
273,5459.998,1786880166116.614,14953934.549,0.000000000,-12.277580261,5.048314571,-12.059727669,-25.901786804,-11.604961395,2.644263268,43.393383026,-16.715473175,8.620361328,17.589769363,1.735233068,0.090484872,25.548095703,28.843210220,-25.388731003,5.940533638,-12.475242615,-4.189319134,2.539578438,1.425027847,-4.404360294,-1.517664790,-20.342384338,0.794990242,-3.152941465,-6.928386211,-0.030365551,-0.453311950,-1.562167764
274,5479.994,1786880166136.609,14953954.545,0.000000000,-1.289887667,-2.160052538,-8.374969482,-10.877737045,-7.032773972,2.061275959,54.846614838,-15.043467522,12.396930695,18.959201813,1.646439672,-0.046939157,24.160556793,27.408691406,-30.488088608,5.387644768,-3.307365656,-2.113971949,-1.828495264,1.033886909,-4.343941689,-1.688106298,-13.912835121,5.965126038,-0.472972751,-7.808817863,-0.895182252,-1.966811180,-1.060649157
275,5499.989,1786880166156.605,14953974.540,0.000000000,-12.239662170,-3.315330982,-8.400320053,-0.883472562,-2.575078964,1.511793971,51.535976410,-14.586712837,10.801924706,16.490957260,0.970747352,0.052055739,27.180110931,21.292585373,-31.550247192,3.293774843,3.844670057,-0.619152963,-5.060000420,1.095859528,-3.496502161,-0.551693916,-7.946659088,9.204671860,1.632689238,-6.855161190,-0.912017524,-2.608829260,-0.786714435
276,5519.987,1786880166176.603,14953994.538,0.000000000,-17.889371872,-2.524099112,-5.960373878,3.467090845,0.674343765,0.070958503,34.602863312,-11.010841370,7.060777664,14.494550705,0.394156158,0.100628190,29.292308807,15.884197235,-25.221065521,4.920172691,9.218294144,2.648522377,-7.146813869,0.684101284,-2.762130976,0.518908978,-2.276489258,10.124260902,2.716354370,-5.180721760,-0.684000134,-2.439791441,-0.408792585
277,5539.987,1786880166196.603,14954014.538,0.000000000,-23.855829239,-5.082829952,-4.597127914,-0.761476636,-2.057484388,1.309615850,22.632900238,-9.660758972,4.121500015,11.024938583,0.075569771,0.213424489,27.326393127,9.959824562,-16.085634232,6.367924690,12.779406548,3.480954409,-7.736239910,0.903689146,-2.416858196,1.360174775,2.182094574,9.241937637,3.538480043,-3.748609066,-0.538706541,-2.018931866,-0.309655309
278,5559.986,1786880166216.602,14954034.537,0.000000000,-25.351741791,-6.768441677,-4.254195690,-6.851136208,-3.772993803,2.046413422,16.709564209,-2.754479170,1.473640919,11.153503418,0.282924652,0.128164142,27.116552353,5.118183136,-10.454401970,8.149466515,13.722135544,3.866815567,-6.458355904,0.624489248,-2.044848204,1.397278547,5.098594189,6.942346096,3.420071840,-1.855139852,-0.316102624,-1.561104655,-0.193641186
279,5579.985,1786880166236.601,14954054.536,0.000000000,-24.275468826,-9.596014977,-1.753421068,-8.601679802,-1.110396981,-0.026003813,16.138322830,1.509574413,-1.495211363,11.334676743,0.228247628,0.206730634,26.571701050,2.392696381,-8.363873482,8.377210617,12.949729919,4.400788784,-4.003228188,0.610317767,-1.443439841,1.146194220,7.184164524,3.970284462,2.872781038,-0.120734170,-0.086473800,-0.814219773,-0.003401574
280,5599.988,1786880166256.604,14954074.539,0.000000000,-26.041322708,-13.518140793,-5.725547314,-24.786670685,-7.136063099,2.702220917,24.223419189,9.639154434,-9.598398209,2.680877447,-0.729881823,0.365925819,21.999460220,8.513405800,-27.501323700,6.017072201,5.820016861,0.902861416,-1.668351173,0.783058465,-0.812848568,-0.134564966,4.506975174,1.328606129,3.719214678,8.408453941,0.298992425,1.366149068,2.370420694
281,5619.987,1786880166276.603,14954094.538,0.000000000,24.157737732,1.490076900,3.590909719,-11.810191154,9.100639343,-1.037547231,35.662815094,7.311377525,-3.297903061,9.683503151,7.862894535,0.859176755,-28.864477158,3.915142298,-2.541950464,5.175890923,19.353052139,13.496491432,1.072943926,4.189062595,-1.352440596,5.000000000,8.885328293,-2.266245842,7.863075733,4.983700275,-4.793501377,0.247659802,-3.501799583
282,5639.986,1786880166296.602,14954114.537,0.000000000,31.011138916,-20.163524628,6.953213692,39.507816315,3.736273050,-0.224148095,-15.858760834,14.741663933,-9.757279396,-1.014312863,4.182253361,-1.075656891,61.573757172,6.589135170,-0.880061865,2.436527491,7.917014122,11.276197433,11.770386696,0.099762879,3.295667648,1.962120771,2.620052099,-11.712618828,-6.323590755,12.648545265,0.282001287,2.165480614,1.420867801
283,5659.986,1786880166316.602,14954134.537,0.000000000,-3.475627661,-20.504007339,0.322520524,5.069497108,6.519672871,-1.102112412,-7.944889545,0.370910704,-9.451959610,-19.288051605,20.702400208,-0.060556881,37.028926849,-11.461208344,10.831683159,11.600510597,3.109410048,8.812559128,7.854964733,-0.815739393,4.278634548,1.872728586,-1.706899166,-5.948452473,-6.302285194,8.771506310,0.060010422,4.503841400,1.006695151
284,5679.986,1786880166336.602,14954154.537,0.000000000,-24.558034897,-12.973800659,3.765956163,-16.782461166,-2.789558172,0.011389091,9.337203979,-0.626854718,-8.055542946,-29.048839569,20.988880157,-0.701832891,-2.013991117,-23.744861603,18.909229279,13.273597717,1.136554241,6.511436462,0.942272067,-0.460581511,2.580105305,0.955674648,-1.519683957,0.090921745,-4.653425694,3.715243340,0.616319656,3.217736959,0.363946021
285,5699.988,1786880166356.603,14954174.538,0.000000000,-14.553768158,12.193578720,-10.069262505,-13.129356384,-0.657467544,-0.048539169,5.504088879,-0.238452822,-4.002826214,-20.358148575,7.495929718,0.559719145,2.022775650,-20.202350616,21.812191010,10.137312889,-1.648161054,1.140096784,-3.080403090,-0.012825004,0.244290203,0.546071231,-3.218611479,1.147146583,-3.933677673,-1.243006229,0.074431181,0.980350077,-1.062483072
286,5719.986,1786880166376.602,14954194.537,0.000000000,-11.848495483,35.258632660,-17.877922058,-20.122686386,-0.569064617,0.053793218,5.214264393,-13.290028572,-4.214232922,4.542305470,-0.530171216,0.386532933,5.613710403,-4.218712330,9.687647820,7.879443645,-4.122335911,-2.186066628,-4.703956604,0.494889200,-1.406069994,-0.620520294,-6.954202175,1.080842018,-1.684071898,-5.076083660,0.962157488,-0.856386662,-1.341488361
287,5739.987,1786880166396.603,14954214.538,0.000000000,-14.540348053,18.898668289,-5.076875210,-57.272216797,11.977549553,-0.994815409,0.528591871,-12.309803009,6.222733021,-4.444304466,-2.185401201,-0.253738880,-3.217794180,10.757296562,-9.693494797,2.880191803,-6.121980190,-4.444869995,-5.999995232,-0.082559958,-2.618027925,-1.162287116,-7.155484676,3.824176311,1.915302277,-7.009119511,1.140019774,-2.668149948,-0.857750893
288,5759.986,1786880166416.602,14954234.537,0.000000000,-0.182477444,0.743539572,5.019880295,-32.901664734,32.896392822,-5.894763470,-15.162097931,-17.128015518,14.056292534,-10.986374855,0.113883369,-0.361369163,-14.794822693,23.928358078,-31.902490616,-5.556543827,-8.017080307,-10.404352188,-11.024074554,0.202565581,-3.956287146,-1.397389531,-4.886168480,3.625395298,3.126721859,-8.015400887,1.996987224,-4.127648354,-0.603314698
289,5779.987,1786880166436.603,14954254.538,0.000000000,39.838886261,-47.079719543,2.873913765,22.706453323,50.000000000,-9.049028397,-52.337898254,-2.035221577,29.329982758,-37.473674774,1.096433163,-1.083483458,-22.812347412,23.973934174,-26.716224670,-17.456937790,-6.437040329,-13.665848732,-12.078287125,0.398818165,-5.000000000,-1.392499804,-1.090182066,2.602922678,0.378276795,-3.851618767,0.296767592,-3.741399050,-0.127888054
290,5799.986,1786880166456.602,14954274.537,0.000000000,43.337985992,-73.174110413,3.155885696,12.484337807,48.335075378,-13.122455597,-32.439773560,18.855487823,19.768806458,-109.912796021,29.703874588,0.319469124,-32.992576599,13.575139999,-28.854354858,-19.852575302,-3.654904127,-11.768651962,-11.090878487,-0.118741728,-5.000000000,-1.192627192,4.637841702,1.780044198,0.570565045,-1.691854596,-0.660159647,-2.109720469,0.449726254
291,5819.986,1786880166476.602,14954294.537,0.000000000,48.363166809,-61.602214813,17.712892532,23.988162994,38.356994629,-8.991475105,-34.115051270,1.988777876,22.406652451,-91.286239624,22.996091843,1.205280542,-37.984378815,-1.971582532,-34.112983704,-22.163497925,2.240816593,-9.869223595,-10.385449409,-1.026100397,-5.000000000,-0.992701173,6.065414906,-3.052716970,-0.722819865,-0.613305926,-0.642520845,-1.202543616,-0.003644470
292,5839.987,1786880166496.603,14954314.538,0.000000000,40.364036560,-52.758117676,23.599763870,10.864902496,28.832323074,-7.612821579,-17.392513275,0.960674524,20.039495468,-64.242103577,12.233740807,1.535099864,-39.960792542,-14.928898811,-38.895847321,-23.295421600,4.960330486,-7.747785568,-10.532408714,-0.865444362,-5.000000000,-0.737284660,5.862705708,-7.473619938,-2.295544147,-0.940128028,-0.156723902,-0.703841865,-0.905821264
293,5859.986,1786880166516.602,14954334.537,0.000000000,20.772809982,-41.198181152,26.971490860,-4.432759285,18.689855576,-6.703830719,-1.551808715,-7.892950535,19.413894653,-34.491172791,0.342997193,3.236711740,-37.498989105,-10.590266228,-44.773555756,-19.834276199,1.864691734,-6.281501770,-11.095824242,-0.097882576,-5.000000000,-0.360800445,4.649254322,-10.523805618,-2.589053869,-1.969811797,0.728597462,-0.445027411,-1.684953928
294,5879.985,1786880166536.601,14954354.536,0.000000000,-14.933953285,6.820550919,10.340773582,-26.437660217,2.723376274,-3.023822308,35.412696838,-31.424701691,-3.767268896,40.969181061,-1.645758271,1.675307989,-12.927884102,6.402929306,-45.497196198,-12.529788017,-2.158785105,-7.743575573,-8.577443123,-0.768414736,-5.000000000,-1.030540228,1.795955420,-11.552229881,-1.846231937,-4.026006222,0.821893513,-0.076945253,-2.119211674
295,5899.985,1786880166556.601,14954374.536,0.000000000,-26.636972427,19.008121490,-0.387325794,-39.402339935,-5.838523388,-0.434003353,37.713146210,-38.913665771,1.500891209,24.197597504,1.313834906,0.412438512,3.189333200,7.642325401,-35.182144165,-7.091012955,-5.772552490,-8.219420433,-8.044093132,-1.007358909,-5.000000000,-1.177932501,-2.451548338,-9.079116821,-1.301466227,-4.443720341,1.513183475,0.397489071,-2.140101194
296,5919.985,1786880166576.601,14954394.536,0.000000000,-30.112195969,4.059926033,-1.934674025,-38.548313141,-2.410049915,-0.879663587,28.661626816,-26.464057922,8.918775558,6.252166748,-0.144624487,-0.039309669,5.298532963,3.647393942,-22.541469574,-3.419551373,-7.280406952,-7.691681385,-7.595628738,-0.321059138,-5.000000000,-1.231863737,-5.317492962,-5.473220348,-1.283373356,-2.853879690,1.223894477,0.384005070,-1.621687174
297,5939.987,1786880166596.603,14954414.538,0.000000000,0.749458611,-9.640466690,4.263692856,-18.901037216,8.686380386,-3.598117113,-11.186776161,-6.440187931,2.312399387,-14.861000061,-0.951126039,0.418532878,4.386524677,0.624220848,-8.607493401,-3.137238026,-8.009593964,-6.834360600,-7.572549343,-0.600085139,-4.820420265,-1.215876937,-6.243575573,-1.740877151,-1.085516572,-2.031263113,1.330256224,0.144053400,-1.044126868
298,5959.989,1786880166616.605,14954434.540,0.000000000,40.696952820,-14.821317673,4.460876465,19.763093948,26.172302246,-5.160326004,-49.784893036,15.580925941,-5.248076916,-23.390150070,-2.263699532,0.278910965,-8.317860603,6.479617119,4.361200809,-6.064747810,-6.349126339,-5.016599655,-6.056420803,-0.602197111,-1.688667536,-1.183406234,-4.049083233,1.028822899,-0.833406329,-1.640846610,0.796930850,-0.411258847,-0.503776550
299,5979.988,1786880166636.604,14954454.539,0.000000000,60.373134613,-0.806494653,-1.867618084,27.647329330,29.656095505,-4.319828033,-67.011886597,27.890426636,-9.157041550,-15.933597565,-2.381132364,0.136459604,-26.694894791,7.606904030,10.801480293,-8.270268440,-4.097742081,-3.443004370,-0.922253728,-0.613575518,-0.251155853,-1.183095455,3.141958714,3.105504036,-0.820999205,-0.471689224,-0.238884956,-0.727969885,-0.262678385
300,5999.986,1786880166656.602,14954474.536,0.000000000,56.509067535,22.893341064,-8.410862923,19.038543701,31.594409943,-4.077861786,-52.642719269,22.380235672,-11.468370438,-3.809156418,1.775922418,-0.103943311,-33.064632416,-2.639538050,8.285712242,-7.131724834,0.669359982,-2.556405067,4.820220947,-0.909175217,0.854886413,-0.998412251,11.325908661,0.905135870,0.447507679,1.064700246,-0.927007616,-0.610886455,0.074291483
301,6019.988,1786880166676.604,14954494.539,0.000000000,30.373918533,25.487407684,-9.689363480,-8.519061089,34.675662994,-5.255794525,-18.906526566,4.555168629,-6.164907932,-20.664062500,-0.863173962,-2.175592184,-16.523950577,-19.179586411,-3.474305153,-1.318312526,0.844192922,-1.557317853,7.296626568,-0.293778062,2.156501293,-1.016835809,15.130745888,-1.661460996,0.872466862,3.551689863,-0.902320981,0.219302237,0.441495270
302,6039.987,1786880166696.603,14954514.537,0.000000000,13.497623444,22.686286926,-9.604550362,-11.591675758,32.950393677,-5.836451054,17.779439926,-24.916696548,6.861011028,-19.596008301,25.325523376,-11.554676056,6.358912468,-29.108055115,-12.894212723,5.775200844,-2.715034962,0.176628783,4.227527142,0.189711124,2.935332775,0.034750953,9.877947807,-0.950397909,0.961974919,3.821713924,-0.726705551,0.979659438,0.865759254
303,6059.989,1786880166716.604,14954534.539,0.000000000,1.566718340,28.666482925,-14.894742012,-1.407263160,22.009830475,-2.477970362,32.951572418,-33.466480255,23.191804886,-25.283946991,34.496162415,-14.554433823,16.861732483,-32.725536346,-10.608748436,9.411380768,-3.868332863,1.589004993,1.067322016,0.432126373,2.269332409,0.917489529,3.008916616,1.528532147,1.332226157,1.615677357,-0.695011377,0.684786022,0.861020148
304,6079.987,1786880166736.603,14954554.538,0.000000000,-12.260503769,40.486343384,-29.945587158,-0.292181194,-0.575630128,0.783866346,37.383514404,-42.831203461,31.790508270,-23.494142532,36.763793945,-13.829203606,24.106782913,-36.122070312,-3.431481123,9.505705833,-2.877800941,2.508780718,-0.450841784,0.272571087,1.218973041,1.339384794,-3.456779957,4.247316360,2.189800501,-2.367499590,-0.426281929,-0.609557033,0.586321115
305,6099.987,1786880166756.603,14954574.538,0.000000000,-25.027685165,35.036304474,-24.809345245,-7.308027267,-0.824786842,0.502604365,41.124645233,-33.405029297,23.101881027,-11.872998238,32.582782745,-12.337409973,22.004850388,-34.421096802,0.840660810,7.067221165,-1.097755432,1.941377521,-0.935745358,-0.285853088,0.418365002,1.206604600,-6.428733349,5.581564903,3.086971045,-5.391861439,-0.476323932,-2.225755453,0.487807244
306,6119.986,1786880166776.602,14954594.537,0.000000000,-29.238136292,24.326517105,-12.854342461,-17.111591339,-0.395886838,0.187324092,42.214427948,-11.200982094,4.538776875,7.575980663,27.179479599,-7.589605331,17.946313858,-28.232276917,-1.471969843,3.165459394,-0.028050886,1.277175426,-2.268597126,-0.501696408,-0.224479273,1.070374966,-6.914884567,5.543302536,3.272179127,-6.450158119,0.128675804,-2.827929020,0.192045391
307,6139.987,1786880166796.603,14954614.538,0.000000000,-22.577079773,0.432196140,-0.131505147,-7.682990074,0.889512658,0.033011649,45.227088928,7.413372517,-7.377544403,18.278491974,23.815227509,-4.189729214,18.750205994,-23.209171295,-7.829155445,-0.312843025,1.256715417,1.206292152,-4.293380260,-0.850474596,-1.029210329,0.852694750,-8.275132179,4.918712139,3.025532722,-8.416542053,0.828585267,-3.331944466,-0.116893731
308,6159.989,1786880166816.604,14954634.539,0.000000000,-16.539613724,-5.837019920,7.625905037,-41.885681152,37.386241913,15.798857689,39.140041351,21.887470245,-14.376851082,10.148905754,19.312772751,-2.863359451,19.123048782,-15.085538864,-15.897480965,-1.726121187,2.773574591,0.504009366,-4.441770554,-0.599095285,-1.495237947,0.704830706,-9.206762314,3.979006767,2.983572006,-9.377465248,0.351602644,-3.763906956,-0.376363456
309,6179.986,1786880166836.602,14954654.537,0.000000000,-18.723188400,-6.745328426,1.266527414,-49.869400024,32.339668274,4.962530613,34.117542267,17.610569000,-13.442702293,-1.241640568,13.541830063,-0.109572105,21.293209076,-10.437541008,-16.861112595,-2.711565018,4.530642986,1.833249211,-4.153930664,0.024171447,-1.443026304,0.616441309,-11.185421944,2.018113375,1.640584826,-9.444518089,-0.036870178,-3.753798008,-0.591980577
310,6199.986,1786880166856.602,14954674.537,0.000000000,-22.585243225,-0.323744059,-3.115259171,-51.169471741,37.682281494,3.969698668,32.936019897,11.093843460,-8.974396706,10.859991074,16.919776917,0.677190125,18.616987228,-3.928294182,-12.270514488,-1.632518649,4.995021820,2.622545004,-1.815609813,-0.009954845,-0.904245079,0.786356390,-10.733313560,-0.206093639,0.560171485,-7.064406395,0.090412065,-3.069102049,-0.661164343
311,6219.985,1786880166876.601,14954694.536,0.000000000,-22.770521164,0.384177506,-1.249430418,-46.420776367,33.491378784,4.029038906,31.162374496,8.393477440,-6.302279472,15.625846863,17.620862961,0.583198369,16.131879807,2.253372669,-10.624468803,-1.992112160,5.547051430,2.819841385,-1.494354129,-0.127957642,-0.382564396,0.893191576,-8.993509293,-2.094325304,-0.311341137,-4.839362621,-0.286942065,-2.129434824,-0.658714890
312,6239.986,1786880166896.602,14954714.536,0.000000000,-21.426885605,-2.130782127,3.385129213,-43.270221710,25.392457962,4.912910938,26.892389297,5.333018780,-4.713734150,10.252796173,15.802856445,0.686351299,13.441037178,7.319182396,-11.013542175,-3.700128317,5.964743137,3.144693375,-2.457788706,0.117378838,-0.442194492,1.011120439,-7.982873440,-3.047507048,-1.230370402,-3.679046154,-0.338242948,-1.379362702,-0.693470418
313,6259.986,1786880166916.602,14954734.537,0.000000000,-17.982158661,-9.489929199,8.985820770,-35.240699768,16.114738464,5.183686733,24.517242432,5.370226860,-4.675211430,4.106730461,14.926177025,0.881694078,11.524312973,9.579924583,-13.711024284,-6.672174931,6.153636456,3.809124470,-4.085338116,0.074211881,-0.810797095,1.211495638,-8.322967529,-3.468289137,-1.837882042,-3.724816561,-0.103983067,-0.901233077,-0.704119623
314,6279.985,1786880166936.601,14954754.536,0.000000000,-16.554479599,-15.379831314,14.105997086,-26.944765091,9.650979996,3.349791527,27.876094818,6.406888962,-3.584882498,1.041685462,17.108968735,0.627232194,9.956101418,7.731735229,-17.855827332,-8.844558716,6.050970078,4.664890766,-5.157420158,-0.040325083,-1.246269822,1.457393646,-8.944497108,-3.249236345,-2.215026617,-4.752400875,-0.048057888,-0.975843430,-0.792128980
315,6299.986,1786880166956.602,14954774.537,0.000000000,-18.093515396,-18.219562531,17.099802017,-20.333042145,5.556869030,1.255042076,32.965023041,5.762097836,-0.845970333,-1.907540083,21.037424088,-0.035709381,9.092607498,5.090356827,-20.017984390,-9.960117340,5.880185604,5.136716843,-4.920174122,-0.228963554,-1.293831468,1.519889235,-7.928730488,-2.791513681,-1.892867327,-4.274044037,-0.092363082,-1.069345474,-0.700884581
316,6319.986,1786880166976.602,14954794.537,0.000000000,-17.586215973,-18.841270447,18.201055527,-14.299526215,2.676969051,-0.036342576,35.874771118,4.097834110,2.420497894,-7.013680935,25.043285370,-0.337121457,7.664707661,1.795697451,-21.781581879,-9.464762688,5.238371849,5.113814831,-3.832386255,-0.337296098,-0.975750625,1.406898618,-5.910060883,-1.415436506,-1.027657866,-3.087562799,-0.105972007,-0.857585907,-0.449426174
317,6339.989,1786880166996.605,14954814.540,0.000000000,-18.335391998,-18.897525787,18.705558777,-13.545329094,3.155123711,-0.145191178,38.348217010,5.745428085,4.263497829,-6.476857662,29.521640778,-1.121026635,4.768902779,-1.177894473,-21.717439651,-7.657346725,4.217393398,4.537671089,-2.071572542,-0.456665486,-0.313756138,1.139762998,-4.123639584,-1.352150917,-0.900249660,-2.218166590,-0.160903245,-0.647366583,-0.286357790
318,6359.985,1786880167016.601,14954834.536,0.000000000,-21.016729355,-20.369350433,19.414993286,-16.493925095,5.258414745,0.415155381,43.285881042,9.348428726,4.135622025,-8.652993202,33.820556641,-1.983495474,4.705790997,-3.910135031,-22.274755478,-5.781511784,4.172102928,4.051477432,-1.247118235,-0.241797403,0.114975795,0.915911436,-2.480959415,-1.215270996,-0.541439652,-1.663516402,-0.247952804,-0.402063876,-0.178341150
319,6379.988,1786880167036.604,14954854.539,0.000000000,-20.966081619,-22.299942017,21.367132187,-19.714939117,7.308358192,0.476414591,41.445690155,12.191352844,1.753662825,-11.075353622,33.989143372,-2.042730331,4.211774349,-7.064822197,-21.985502243,-4.496309280,4.375745296,3.706300974,-0.421626627,-0.295625418,0.309730411,0.800450146,-1.919724703,-1.864094734,-0.682727396,-1.929738402,-0.281248540,-0.294291914,-0.129004776
320,6399.987,1786880167056.603,14954874.537,0.000000000,-16.912391663,-22.285068512,20.880245209,-18.871261597,9.205440521,0.977721214,35.961658478,15.466197014,-3.068362951,-11.911016464,32.597698212,-1.479936481,3.491380692,-8.421217918,-20.604553223,-3.884218216,4.379682541,3.281765461,-0.013463967,-0.361315101,0.340534657,0.676856875,-1.481147051,-2.389110804,-0.733935535,-1.784613252,-0.208415329,-0.281034857,-0.232977882
321,6419.997,1786880167076.613,14954894.548,0.000000000,-10.724439621,-22.697263718,19.769756317,-16.511405945,10.672359467,1.432724476,29.321933746,19.141067505,-8.081479073,-11.788520813,30.587860107,-0.750710726,2.525453329,-9.499584198,-20.199918747,-3.826446533,4.199982643,3.089028120,-0.220744759,-0.278334379,0.275114208,0.612568855,-2.066886902,-3.030391455,-1.254237294,-2.367419720,-0.124829620,-0.360577106,-0.260664642
322,6439.994,1786880167096.610,14954914.545,0.000000000,-5.971175194,-23.539716721,19.570652008,-13.962978363,11.469356537,1.633170843,24.361625671,22.373353958,-12.857503891,-12.070568085,28.555126190,-0.134892225,1.973360658,-10.366333008,-20.193939209,-4.212773800,3.943315268,2.952993393,-0.640988708,-0.171881407,0.104921974,0.578794956,-2.652757406,-3.409598827,-1.678134918,-2.718007088,-0.121186852,-0.476893902,-0.307843179
323,6459.990,1786880167116.606,14954934.541,0.000000000,-1.650982141,-24.826156616,19.832025528,-10.098668098,12.152874947,1.681618810,20.945882797,25.192283630,-16.839094162,-12.889124870,27.148935318,0.304090530,2.723034620,-11.920629501,-20.630241394,-4.472794533,3.915480375,3.191322803,-0.986695766,-0.165846035,0.044794273,0.632228494,-3.230967045,-3.683779955,-1.986877322,-2.965153217,-0.042486075,-0.562934995,-0.434104472
324,6479.987,1786880167136.603,14954954.538,0.000000000,0.918305337,-25.956579208,20.362573624,-7.324849606,12.449107170,1.596695900,20.406024933,26.534139633,-19.077749252,-11.900409698,26.372791290,0.554352164,1.986689091,-13.630469322,-21.672393799,-4.758370399,3.639708757,3.011024714,-1.413042188,-0.140932381,-0.071053147,0.702660561,-3.699408054,-4.222513199,-2.428630590,-3.119268656,0.064144351,-0.601482332,-0.563246965
325,6499.986,1786880167156.602,14954974.537,0.000000000,0.947752833,-26.125026703,21.431585312,-7.016181946,12.061868668,1.635023713,21.840799332,26.874689102,-19.986782074,-11.419530869,26.140245438,0.618679047,1.537863255,-15.102100372,-22.909063339,-4.806651592,3.398920774,2.955317736,-1.458164334,-0.192615330,-0.152113214,0.717628956,-4.296460629,-5.001277924,-2.883037329,-3.477189541,-0.038360171,-0.627715588,-0.664674282
326,6519.986,1786880167176.602,14954994.537,0.000000000,0.950670123,-27.513311386,22.459213257,-6.984169006,10.981433868,1.448805690,22.754205704,27.278083801,-20.336811066,-13.479040146,25.702508926,0.753640473,1.668676972,-15.305521011,-24.928060532,-5.938787460,3.708205223,3.151882410,-2.333622456,-0.034848265,-0.205919564,0.726756632,-5.017655849,-5.237784386,-3.484714031,-4.076976299,0.201969430,-0.730238616,-0.828887939
327,6539.986,1786880167196.602,14955014.537,0.000000000,0.860284209,-27.689237595,22.077301025,-7.120990753,11.153918266,1.448341250,23.050027847,26.456773758,-20.115348816,-11.947287560,24.693363190,0.878285587,1.497004747,-14.759440422,-24.536138535,-5.452705860,3.802222729,3.175235510,-2.039879322,-0.094409727,-0.221729413,0.796807110,-4.775444508,-5.037195683,-3.609677792,-2.978957891,0.075147122,-0.670975387,-0.854972541
328,6559.986,1786880167216.602,14955034.537,0.000000000,1.305541873,-26.981405258,21.694719315,-7.267624855,11.153283119,1.400641799,21.846813202,25.317142487,-19.143524170,-12.123080254,24.248359680,0.959209442,0.830246389,-12.105609894,-23.410135269,-4.652517319,3.511326551,2.651095152,-1.534706950,-0.096693069,-0.135709673,0.730030835,-3.706784964,-4.550566196,-3.219134331,-1.687025070,-0.036802150,-0.369827569,-0.756811023
329,6579.991,1786880167236.606,14955054.541,0.000000000,2.065255880,-26.927272797,22.114084244,-7.382731438,11.335570335,1.324178457,19.958105087,23.703477859,-17.528774261,-11.942072868,23.768320084,0.893616438,0.442499161,-8.700764656,-22.223995209,-4.345575333,3.579849720,2.435426950,-1.518174291,-0.131776392,-0.097633891,0.567680538,-2.682261944,-4.119014263,-2.768868923,-1.007757187,-0.052527610,-0.007247515,-0.555887222
330,6599.987,1786880167256.603,14955074.538,0.000000000,3.096959591,-26.663944244,22.130163193,-7.614739895,11.748216629,1.240454316,16.915496826,22.514118195,-16.340400696,-13.480444908,23.175745010,0.859586358,-0.152283877,-6.201565266,-20.722560883,-3.915014744,3.549859524,2.239683390,-1.174616456,-0.173891917,0.005352313,0.510058284,-1.960687399,-3.716566801,-2.383563519,-0.523869932,0.059847862,0.038542856,-0.403750211
331,6619.987,1786880167276.603,14955094.538,0.000000000,4.463392735,-26.333507538,22.267408371,-8.431301117,13.207477570,1.632031441,15.438365936,22.342103958,-16.587289810,-12.945960999,23.681520462,0.759315193,-0.451556474,-4.963702679,-21.053621292,-4.727678299,3.856863022,2.398428202,-1.555451870,-0.282464921,0.009211022,0.523803353,-2.172401428,-3.926000118,-2.491894722,-1.207880378,0.105221495,-0.144251347,-0.416402161
332,6639.986,1786880167296.602,14955114.537,0.000000000,6.887954235,-26.623546600,22.163240433,-7.289357662,14.400974274,1.928292513,15.286267281,22.671730042,-16.446834564,-13.397488594,24.610519409,0.796863675,-0.050222378,-4.537851810,-22.876607895,-5.664364338,4.390089989,3.048281431,-2.199713945,-0.327594072,-0.149344683,0.633145332,-3.071396112,-4.036515236,-2.783839703,-2.331994057,0.313409418,-0.374456763,-0.558878660
333,6659.986,1786880167316.602,14955134.537,0.000000000,6.703174114,-26.806325912,22.536382675,-7.561126709,13.845088959,1.888982534,15.835758209,22.826124191,-16.527259827,-14.687849998,25.626573563,0.928974152,0.341376781,-4.738216400,-24.086866379,-6.174272537,4.425887585,3.459631205,-2.443332672,-0.406868160,-0.195823818,0.714762151,-3.392759800,-4.007989883,-2.841759205,-2.685081244,0.306623161,-0.484282970,-0.591176689
334,6679.993,1786880167336.609,14955154.544,0.000000000,6.097734928,-27.299377441,23.033290863,-7.736362457,12.592153549,1.767617822,16.982736588,22.403762817,-15.841794968,-15.236213684,26.334844589,1.014836788,0.484745830,-4.828990459,-24.699346542,-6.147434235,4.097767353,3.415884018,-2.193526745,-0.442634523,-0.195888251,0.757344902,-3.587970257,-3.926200390,-2.689376831,-2.646488905,0.226673290,-0.554645419,-0.577950776
335,6699.993,1786880167356.608,14955174.543,0.000000000,4.157143593,-28.080142975,24.090066910,-8.144590378,11.309422493,1.494429231,19.089139938,22.356288910,-13.901536942,-19.550148010,24.857149124,1.055946350,0.687996745,-5.216548443,-25.322534561,-5.926589966,3.953920364,3.233279228,-1.872701287,-0.384142488,-0.121681832,0.710205197,-3.805408716,-3.940174818,-2.614833355,-2.688707352,0.113753513,-0.601790845,-0.538907290
336,6719.989,1786880167376.604,14955194.539,0.000000000,3.068363667,-28.113880157,24.891761780,-8.163605690,10.731828690,1.250620246,19.812820435,21.843336105,-12.123201370,-22.045099258,22.889226913,1.006728172,1.340349436,-5.727290154,-25.702390671,-5.581957340,3.726328611,3.071183681,-1.663311601,-0.395998031,-0.067581654,0.651078284,-4.486643314,-4.126533985,-2.708550215,-3.269774914,0.013770391,-0.688604951,-0.538242280
337,6739.987,1786880167396.603,14955214.538,0.000000000,2.776416063,-28.051179886,25.363306046,-7.497515678,10.727583885,1.144532919,20.588584900,21.180532455,-10.896264076,-23.443843842,20.783271790,0.858963251,1.561630607,-7.245971680,-26.448326111,-5.515733242,3.605106592,3.211165667,-1.716468692,-0.380235821,-0.039690878,0.635579944,-5.652885437,-4.700084686,-3.261905670,-4.446566582,-0.075922437,-0.844045520,-0.667173803
338,6759.986,1786880167416.602,14955234.537,0.000000000,1.689033985,-28.287069321,24.786455154,-6.459314346,9.737978935,0.873444676,21.664039612,21.392797470,-10.176877022,-26.240772247,19.714099884,0.843755841,2.807635069,-7.810417175,-26.653285980,-6.094104767,4.001573086,3.417063475,-2.187272549,-0.225370541,-0.144632921,0.633227408,-6.260867119,-4.976364613,-3.597541571,-4.173879623,-0.126318768,-0.844871283,-0.828387141
339,6779.986,1786880167436.602,14955254.537,0.000000000,0.610025704,-27.946020126,24.257041931,-5.470936775,8.969606400,0.608527303,22.034353256,20.541540146,-9.515192032,-28.111824036,17.831155777,0.881232202,3.596730232,-7.568004608,-26.048465729,-6.212289810,4.233408451,3.416218519,-2.343142033,-0.358312219,-0.253364384,0.714057028,-6.193917274,-4.981098652,-3.554075003,-3.532591820,-0.062461339,-0.770333529,-0.842694938
340,6799.985,1786880167456.601,14955274.536,0.000000000,-0.054590147,-28.213605881,23.804704666,-4.894009113,8.336163521,0.375096202,21.628267288,19.753639221,-8.310163498,-29.780403137,15.749953270,0.941871941,3.615265369,-6.462097645,-24.752872467,-6.174491405,4.251220226,3.294191837,-2.316396475,-0.386891097,-0.307692140,0.747280598,-5.533175468,-4.652042866,-3.163980484,-2.550856113,-0.088969022,-0.568897665,-0.721434534
341,6819.987,1786880167476.603,14955294.538,0.000000000,-0.418556839,-28.122438431,24.031429291,-5.036766052,8.485451698,0.343746424,21.781751633,18.807359695,-7.006071568,-30.966594696,14.316279411,0.802697480,3.373759270,-6.105261803,-24.677431107,-6.679603577,4.494451523,3.482867718,-2.754821539,-0.399120003,-0.372047424,0.753192484,-5.360179424,-4.747651577,-3.090701342,-2.516206264,0.011147363,-0.417374849,-0.595755339
342,6839.985,1786880167496.601,14955314.536,0.000000000,-0.181557789,-27.496362686,23.592578888,-4.614261150,8.319768906,0.348184228,20.135753632,19.173681259,-5.899013519,-32.245746613,12.359832764,0.867363334,2.903264999,-5.454319000,-23.628309250,-6.270819664,4.350707531,3.460619211,-2.443243742,-0.334525496,-0.356889457,0.783995628,-4.807279587,-4.295153141,-2.832350492,-2.252606630,-0.025445115,-0.371312410,-0.537950158
343,6859.985,1786880167516.601,14955334.536,0.000000000,0.062056612,-27.239828110,22.878114700,-3.628905535,8.161225319,0.318711311,18.962316513,19.411739349,-4.496328354,-32.863677979,10.787168503,0.864010632,2.809425592,-4.775369644,-22.465065002,-5.909046650,4.167060852,3.356284142,-2.049634695,-0.359693557,-0.293622643,0.741631866,-4.601431370,-3.795840979,-2.506168127,-2.198797941,-0.000482008,-0.487993419,-0.560332358
344,6879.986,1786880167536.602,14955354.536,0.000000000,-0.448070914,-27.061185837,22.590023041,-3.676957846,7.726402283,0.230914906,17.983770370,18.807575226,-3.627323151,-35.486656189,9.034141541,0.924910843,2.789592505,-4.364157200,-21.778776169,-5.916168213,4.298854828,3.352138996,-1.967322588,-0.336559922,-0.273957640,0.694643795,-4.281932354,-3.654055595,-2.298210859,-2.165043116,-0.070998080,-0.539452612,-0.592894971
345,6899.988,1786880167556.604,14955374.539,0.000000000,-1.119246244,-26.446332932,21.911029816,-3.480979204,6.992722511,0.088343814,17.483530045,17.836301804,-2.262158155,-37.536075592,7.037576675,1.000850797,2.939219952,-4.179384232,-20.986309052,-5.734769344,4.322464943,3.279747009,-1.876587629,-0.365007371,-0.266130239,0.692344606,-3.974373102,-3.607394695,-2.080586433,-1.884948373,-0.094606154,-0.490085691,-0.597103000
346,6919.986,1786880167576.602,14955394.536,0.000000000,-1.183547497,-25.362195969,20.932018280,-3.775607109,7.105705261,0.191587672,15.946516991,17.126745224,-1.638665557,-38.247005463,5.360408306,0.935559332,2.785513639,-3.930330276,-19.521997452,-5.385677814,4.129623413,3.162125349,-1.681645751,-0.371311605,-0.250006914,0.666209579,-3.772398949,-3.418731928,-1.855137467,-1.611724019,-0.078247041,-0.389971584,-0.576736927
347,6939.987,1786880167596.603,14955414.538,0.000000000,-0.771734655,-25.024852753,20.506782532,-3.388900518,7.228423119,0.212583542,14.892293930,16.705728531,-1.281852126,-38.362377167,4.072081089,0.881020427,1.968734860,-3.678055286,-18.898843765,-5.551422596,4.024704933,3.098206758,-1.819023371,-0.357934922,-0.230313957,0.676613510,-3.685213566,-3.478606939,-1.878419757,-1.577008486,-0.090312600,-0.359486133,-0.581848383
348,6959.986,1786880167616.602,14955434.536,0.000000000,0.041477151,-24.586889267,20.283412933,-2.891058445,7.465012550,0.269006431,13.508152008,16.648603439,-1.145226598,-38.886707306,3.127297878,0.846459031,1.629354477,-3.517803907,-18.561510086,-5.607419014,3.935491085,3.044642925,-1.829953074,-0.343674988,-0.210613310,0.641255796,-3.690709114,-3.543289423,-1.946701884,-1.682002664,-0.065660074,-0.366386175,-0.571718931
349,6979.994,1786880167636.610,14955454.545,0.000000000,1.249865651,-24.345600128,19.888587952,-2.475945234,7.964136600,0.338354021,12.187532425,16.828496933,-1.443253517,-38.090747833,2.552873611,0.788415194,1.229808450,-3.376781464,-18.283082962,-5.612330437,3.733185291,2.897660971,-1.843618274,-0.321397662,-0.197411925,0.595183372,-3.675891638,-3.565910816,-1.963919163,-1.619049311,-0.048986498,-0.369596064,-0.561179340
350,6999.988,1786880167656.604,14955474.538,0.000000000,2.693645954,-24.337486267,19.844173431,-2.397938251,8.460871696,0.372690678,11.091095924,17.220407486,-2.118050814,-38.738315582,1.975786448,0.822981536,1.042799711,-3.382345915,-18.930147171,-6.028711796,3.759496450,3.007280111,-2.100931883,-0.283468008,-0.200377658,0.564378023,-4.092107773,-3.739060402,-2.198108435,-2.051538706,-0.027009754,-0.419006854,-0.583774447
351,7019.986,1786880167676.602,14955494.537,0.000000000,3.910246849,-24.015750885,19.827564240,-2.091188431,8.894655228,0.448148131,10.113651276,17.292047501,-2.833444357,-39.163009644,1.540462017,0.842590153,0.815323234,-3.584303617,-19.101814270,-6.023414135,3.599049807,2.952804089,-1.784994125,-0.259511799,-0.152974635,0.568314016,-4.377663612,-3.791862965,-2.340463161,-2.248646021,-0.024202533,-0.486266553,-0.618100822
352,7039.992,1786880167696.608,14955514.543,0.000000000,5.794382572,-24.358865738,19.527980804,-1.326582789,9.294766426,0.464872569,8.902305603,18.118631363,-2.984600067,-38.500045776,1.461948395,0.784716547,0.446128607,-3.696660042,-19.218154907,-5.765623569,3.557086706,2.900158882,-1.503332376,-0.316010147,-0.102598414,0.550306201,-4.325714111,-3.931206226,-2.405827761,-2.232568264,0.007855231,-0.486558646,-0.574468672
353,7059.986,1786880167716.602,14955534.537,0.000000000,6.765223980,-24.133825302,19.266473770,-1.374275684,9.745099068,0.510569155,7.995157242,18.202259064,-3.715270519,-38.300685883,1.403498054,0.818010390,0.292895705,-3.742758989,-19.201745987,-5.533075333,3.400331497,2.742619991,-1.383044124,-0.326613247,-0.065956183,0.517392099,-4.327500343,-4.024735451,-2.452488184,-2.184788465,0.002433313,-0.404934645,-0.533294857
354,7079.989,1786880167736.605,14955554.540,0.000000000,8.028395653,-24.160629272,19.480649948,-0.938967824,10.164171219,0.596796632,6.630280495,18.522106171,-4.442701340,-38.779148102,1.226950765,0.782472253,-0.357410699,-3.789264202,-19.052276611,-5.590489864,3.161166906,2.645328760,-1.390772581,-0.263716936,-0.073196679,0.471705526,-4.247207165,-4.119534016,-2.631493807,-2.012161732,0.007065233,-0.333804369,-0.494412959
355,7099.986,1786880167756.602,14955574.537,0.000000000,8.942641258,-22.536205292,18.449565887,-0.934498250,9.847266197,0.776272893,4.552195549,17.931293488,-4.362206459,-41.743518829,-1.020688653,0.895090103,-0.421205729,-3.997708559,-18.439859390,-5.051256657,2.935358763,2.473096132,-1.224696875,-0.298964739,-0.099839367,0.458220512,-4.542945862,-4.255886555,-2.816771269,-1.909959555,0.024377959,-0.281279027,-0.542254746
356,7119.986,1786880167776.602,14955594.537,0.000000000,10.389800072,-21.484960556,18.620935440,0.070343710,9.816493988,1.180004001,3.110695362,17.707464218,-5.084317684,-44.128726959,0.198426247,0.955266297,0.187426224,-4.555866241,-18.715101242,-5.236354351,2.991865635,2.567852736,-1.475427508,-0.123150177,-0.086260319,0.429309517,-4.721455097,-4.216377258,-2.958935499,-2.063354015,0.091071256,-0.304438889,-0.557932377
357,7139.986,1786880167796.602,14955614.537,0.000000000,11.121509552,-20.013729095,18.913141251,0.144103870,10.534774780,1.154500484,3.602928400,16.649238586,-6.111759186,-44.128829956,-0.661381900,0.875684917,-0.375975907,-4.749546528,-20.132707596,-5.797967434,3.419986725,2.799044132,-1.730290771,-0.087004080,-0.104478933,0.466025740,-4.924236774,-4.452610970,-3.221994638,-2.394301653,0.131513059,-0.313642561,-0.609239876
358,7159.989,1786880167816.605,14955634.540,0.000000000,11.073069572,-21.539054871,18.719583511,-0.175657064,10.208050728,1.004261136,3.165166855,16.755161285,-6.177647114,-45.238079071,0.151961178,0.960109293,-0.323942333,-4.711227417,-20.660026550,-6.176441669,3.809611082,2.904031277,-1.854399562,-0.082423352,-0.138582021,0.484319359,-4.936967850,-4.488520622,-3.287229538,-2.580280066,0.092959225,-0.345800906,-0.662019849
359,7179.989,1786880167836.605,14955654.540,0.000000000,11.421446800,-21.869991302,19.054727554,0.165730551,10.214103699,1.131957769,3.546562433,17.118648529,-6.007589817,-44.630424500,-0.287775725,0.870361209,0.096057713,-4.944907665,-20.442354202,-6.048502445,3.880324125,2.928548813,-1.755590081,-0.204378754,-0.136175498,0.500073910,-5.070092201,-4.536819935,-3.223133564,-2.579383612,0.049698491,-0.372297287,-0.648283541
360,7199.986,1786880167856.602,14955674.537,0.000000000,10.969995499,-21.790208817,19.110115051,0.120254584,10.008658409,1.042466402,3.805767298,16.204647064,-6.263969898,-43.720222473,-0.372606754,0.856882811,0.146307454,-4.509170532,-20.493457794,-5.825766087,3.746864557,2.831297398,-1.668419600,-0.228598103,-0.148603156,0.513330936,-4.969302177,-4.545481205,-3.217350483,-2.344695091,0.053782672,-0.320344448,-0.628600299
361,7219.986,1786880167876.602,14955694.537,0.000000000,10.089022636,-21.849803925,18.887844086,-0.064390294,9.659192085,1.042214870,4.497600079,15.087877274,-5.655486584,-43.748546600,-1.195836782,0.886950433,0.302496612,-4.080973148,-20.231224060,-5.430573940,3.578665257,2.750233889,-1.480991721,-0.273416162,-0.172946438,0.533191264,-4.930186272,-4.471861839,-3.104264259,-2.171237707,0.063324399,-0.289744586,-0.598838389
362,7239.989,1786880167896.605,14955714.540,0.000000000,9.471034050,-20.900064468,19.045667648,-0.896019399,8.980083466,1.128284454,4.540778637,14.855004311,-5.722807884,-43.642925262,-1.784987092,0.963665962,0.657493711,-3.439368010,-19.579406738,-5.268429756,3.554285288,2.665471077,-1.401629567,-0.301367104,-0.162254408,0.509586751,-4.781982422,-4.242918968,-2.884578943,-1.998222709,0.059806868,-0.289046973,-0.575629294
363,7259.990,1786880167916.606,14955734.541,0.000000000,9.001197815,-20.098339081,18.904819489,-0.618659258,8.663474083,1.163904428,4.124315262,13.938920021,-5.323262691,-44.586410522,-2.219876766,0.891011238,0.972500682,-3.817868471,-19.183763504,-5.169048309,3.660986423,2.722867489,-1.316620111,-0.310480863,-0.133593529,0.503309071,-4.879594326,-4.302539825,-2.888944387,-2.034359217,0.009745401,-0.329903901,-0.564847112
364,7279.995,1786880167936.611,14955754.545,0.000000000,7.809843063,-19.083225250,18.315622330,-1.549413800,7.960936546,1.240854383,3.912231207,13.166478157,-4.875873089,-44.774478912,-2.839879990,0.843967259,1.126628637,-3.782462358,-18.140335083,-4.966380596,3.532338619,2.599320889,-1.053633809,-0.376070350,-0.070018686,0.482639253,-5.015635014,-4.236359119,-2.756986380,-2.049414396,0.037726268,-0.341904610,-0.562099695
365,7299.988,1786880167956.604,14955774.539,0.000000000,7.502135277,-18.406198502,17.872793198,-1.501247644,7.518768311,1.307244897,3.884406567,12.409188271,-4.406291485,-45.520519257,-3.247832060,0.759964645,2.043211937,-3.864667177,-17.897996902,-5.209571362,3.748308420,2.737070084,-1.215930581,-0.327297479,-0.067135565,0.474602848,-5.038835526,-4.223717690,-2.671030045,-2.183331966,0.136165380,-0.348687708,-0.566880286
366,7319.995,1786880167976.611,14955794.546,0.000000000,7.172304153,-18.149389267,17.654037476,-1.992086768,7.152552605,1.307362676,3.959580421,11.675131798,-4.242207050,-46.285575867,-3.645803452,0.692012250,1.990809202,-3.658394814,-17.841386795,-5.422984600,3.821764946,2.830036163,-1.325720668,-0.279380828,-0.085460760,0.511353850,-5.037973404,-4.202226162,-2.676437855,-2.192661285,0.158873215,-0.348063558,-0.556016445
367,7339.995,1786880167996.612,14955814.546,0.000000000,7.026876926,-18.011348724,17.638088226,-2.228582382,6.809936523,1.312776327,3.821183681,10.331210136,-4.026458263,-44.097824097,-7.704656124,0.647339642,1.733596444,-3.373989582,-17.600399017,-5.205585480,3.738964558,2.806495190,-1.254706621,-0.280086875,-0.087369658,0.526907027,-5.037035942,-4.260998726,-2.725317717,-2.213635921,0.109778762,-0.338488221,-0.565713406
368,7359.990,1786880168016.606,14955834.541,0.000000000,6.796380520,-17.097591400,17.200269699,-3.031946421,6.466417789,1.410717964,3.218849421,11.546926498,-3.535983086,-46.967350006,-4.372256279,0.627150178,1.267079711,-2.863065004,-17.128986359,-5.067531109,3.592501640,2.648312330,-1.121751428,-0.258281112,-0.080442421,0.475867420,-5.109370708,-4.315598011,-2.737952232,-2.216061831,0.101187952,-0.325791359,-0.557572484
369,7379.993,1786880168036.609,14955854.544,0.000000000,7.185089111,-17.374891281,17.315343857,-3.587731361,6.297173500,1.459719896,2.814331770,11.396304131,-3.697408915,-47.278152466,-4.353307247,0.584649742,1.188077927,-2.809867144,-17.231649399,-5.381901741,3.608210325,2.682790279,-1.279115915,-0.239272907,-0.102130257,0.455273539,-5.036636829,-4.323269844,-2.745130062,-2.200564861,0.119484358,-0.324178606,-0.536147058
370,7399.991,1786880168056.607,14955874.542,0.000000000,7.527431011,-17.606010437,17.566499710,-3.895796776,6.276443958,1.491361856,2.839128494,11.412530899,-4.082875729,-46.986625671,-4.549149036,0.506932616,1.140843153,-2.744058847,-17.675952911,-5.713907719,3.766516209,2.811002970,-1.505137444,-0.247084826,-0.141602695,0.470722497,-5.058623314,-4.364768028,-2.779796839,-2.204015732,0.122240439,-0.326017499,-0.521491349
371,7419.997,1786880168076.613,14955894.548,0.000000000,8.385088921,-17.273759842,17.727781296,-4.405738354,6.214715481,1.537927866,2.112420797,11.641673088,-4.697239399,-47.024639130,-4.740118980,0.527151346,0.874683321,-2.885968924,-17.825899124,-5.669114113,3.764949083,2.861406565,-1.441680908,-0.243804529,-0.159673169,0.488530278,-4.969978333,-4.358382702,-2.797574282,-2.244230509,0.149610281,-0.311598927,-0.484772205
372,7439.994,1786880168096.610,14955914.545,0.000000000,9.165755272,-17.145984650,17.862337112,-4.548225403,6.090210438,1.594433427,1.764702082,11.389345169,-5.490945816,-46.645698547,-5.141023636,0.344302058,0.860314667,-2.869003773,-18.059158325,-5.770974159,3.847907305,2.937443256,-1.495865464,-0.251367778,-0.169613734,0.496207982,-5.014753342,-4.402560234,-2.845549345,-2.324116945,0.154706597,-0.312871069,-0.489869148
373,7459.997,1786880168116.613,14955934.548,0.000000000,9.825102806,-16.998529434,17.897861481,-4.529757977,5.907865524,1.598722100,1.246502519,11.493517876,-6.082059383,-46.468772888,-5.113347054,0.482212365,0.853017628,-2.581938744,-18.399721146,-5.923898697,3.956249237,3.018263340,-1.624959588,-0.246768206,-0.187378004,0.499006242,-5.104314804,-4.425030231,-2.894669533,-2.355907679,0.160679415,-0.307216167,-0.509198964
374,7479.997,1786880168136.613,14955954.548,0.000000000,10.359980583,-16.927042007,18.040794373,-4.635127544,5.641320229,1.622613430,1.030858040,11.293558121,-6.374952793,-46.410617828,-5.430315971,0.485908270,0.856148362,-2.380480528,-18.692449570,-6.017496586,4.020134449,3.075935602,-1.699668169,-0.250298381,-0.206872791,0.506637812,-5.221768379,-4.446938515,-2.929172516,-2.413074255,0.174251750,-0.306100279,-0.527795255
375,7499.989,1786880168156.604,14955974.540,0.000000000,10.036865234,-16.297109604,17.946413040,-5.271700859,4.926219940,1.737648487,1.111741066,11.012134552,-6.234359264,-46.906932831,-6.334058762,0.633500636,0.836947858,-2.066877604,-18.558397293,-5.889798164,4.024582863,3.034273386,-1.619359612,-0.284126133,-0.217968374,0.512264431,-5.333860397,-4.430232048,-2.935148716,-2.418735027,0.167036369,-0.289193720,-0.541398227
376,7519.991,1786880168176.607,14955994.542,0.000000000,10.716213226,-16.393032074,18.176136017,-4.822630882,4.340162277,1.651088595,0.077995792,11.098987579,-5.765028477,-48.648681641,-6.055454254,0.552054465,0.613432229,-1.900161982,-18.648630142,-6.059103489,3.928562880,2.985988379,-1.660206318,-0.245095834,-0.194354028,0.519580007,-5.412014961,-4.596067905,-3.032902956,-2.488161564,0.191561162,-0.287226051,-0.544314504
377,7539.990,1786880168196.606,14956014.541,0.000000000,10.688191414,-16.144405365,18.239950180,-5.379581928,3.939274073,1.642218351,0.231691942,10.149617195,-5.837237835,-48.007240295,-7.478631496,0.401516765,0.583591700,-1.781252265,-18.741605759,-6.155675411,3.939869642,2.960193634,-1.665591598,-0.254467249,-0.218875110,0.519321859,-5.425575256,-4.639523983,-3.053937674,-2.417828560,0.175297365,-0.265145212,-0.558513463
378,7559.989,1786880168216.605,14956034.540,0.000000000,10.603060722,-16.012510300,18.189954758,-6.220092773,3.487816572,1.672281504,0.057012841,10.431122780,-6.024907112,-48.522636414,-6.317759991,0.372220069,0.573806465,-1.759477377,-18.751277924,-6.146585464,3.950916052,2.926694155,-1.618243337,-0.228327289,-0.234289572,0.525720537,-5.365669250,-4.630069256,-3.053501606,-2.397322416,0.179564551,-0.247520000,-0.582825065
379,7579.988,1786880168236.604,14956054.539,0.000000000,10.777463913,-15.931223869,18.217065811,-6.923495770,3.069750309,1.746673703,-0.002782603,10.270292282,-6.645266056,-47.758766174,-6.744949818,0.260929585,0.513831973,-2.011576414,-18.583110809,-6.075628757,3.941179752,2.906735897,-1.518078566,-0.249394670,-0.224213943,0.537399709,-5.295594215,-4.636172295,-3.029340744,-2.342065811,0.155790254,-0.243518978,-0.573748767
380,7599.987,1786880168256.603,14956074.538,0.000000000,10.728046417,-15.417333603,17.961992264,-7.287060738,2.393320084,1.740372062,0.099911749,9.924231529,-7.114558220,-46.722736359,-7.692307949,0.342060387,0.880896688,-2.143816948,-18.594572067,-5.968797684,3.988499641,2.850594997,-1.455123067,-0.257020116,-0.200486109,0.577327609,-5.280066967,-4.735554218,-3.025954723,-2.228136063,0.123521633,-0.206802458,-0.557917416
381,7619.987,1786880168276.603,14956094.538,0.000000000,10.545263290,-15.245532036,17.714370728,-7.839681149,1.831964016,1.785157681,-0.143339142,10.231388092,-7.094902039,-47.238086700,-6.866342545,0.357540190,0.842330158,-2.180052996,-18.257446289,-5.774717808,3.908645391,2.771138668,-1.309766531,-0.259021878,-0.157885760,0.556955934,-5.229276657,-4.641447544,-2.985819578,-2.146300554,0.131436750,-0.192404762,-0.559429109
382,7639.986,1786880168296.602,14956114.537,0.000000000,10.610751152,-15.188711166,17.680192947,-9.236651421,1.275076866,1.994446158,-0.480301768,10.217240334,-7.572059631,-46.683147430,-7.126164436,0.286890328,0.636533499,-2.119989872,-17.782915115,-5.798976898,3.756304502,2.648847818,-1.334379077,-0.234183088,-0.159360364,0.519490182,-5.117681026,-4.442389488,-2.856052399,-2.056368589,0.103938170,-0.175749004,-0.540345013
383,7659.987,1786880168316.603,14956134.538,0.000000000,10.888747215,-14.671851158,17.534755707,-9.651119232,0.964495838,2.080883265,-0.879967332,9.928894997,-8.200419426,-45.434307098,-7.832351208,0.312112838,0.614397764,-2.027339697,-17.554340363,-5.815985680,3.748743773,2.608077526,-1.379358530,-0.219080538,-0.179426700,0.514367640,-5.085217476,-4.454971790,-2.846280098,-1.995746851,0.080930918,-0.168914929,-0.511391878
384,7679.986,1786880168336.602,14956154.537,0.000000000,10.890734673,-14.504280090,17.316957474,-10.304783821,0.391503930,2.185130358,-1.304991722,10.350779533,-8.716659546,-45.055667877,-6.967821598,0.382271945,0.578432560,-1.877037168,-17.254240036,-5.732007980,3.658021927,2.538997412,-1.304566503,-0.243232280,-0.178192645,0.498165548,-5.101751328,-4.399137020,-2.808855295,-1.957372904,0.087639660,-0.157915026,-0.504381061
385,7699.988,1786880168356.604,14956174.539,0.000000000,11.704538345,-14.179133415,17.160415649,-10.548257828,0.280795038,2.325232029,-1.859638691,10.653263092,-9.442653656,-43.568397522,-6.959057808,0.255676508,0.370798320,-1.903413892,-17.182689667,-5.752369881,3.698141813,2.505956650,-1.283995271,-0.267253041,-0.173876226,0.486673146,-5.197795868,-4.561573029,-2.884683371,-2.146978617,0.102357417,-0.171355247,-0.536405623
386,7719.987,1786880168376.603,14956194.538,0.000000000,11.658466339,-13.774067879,16.991029739,-11.209582329,-0.148181409,2.439096212,-2.017743587,10.393757820,-9.793632507,-42.799278259,-7.100683212,0.362104416,0.171128184,-1.728978634,-17.126302719,-5.667701721,3.640258312,2.434586048,-1.290528178,-0.255437136,-0.175522268,0.480387300,-5.274115086,-4.607789993,-2.953221798,-2.184067726,0.120355852,-0.178625211,-0.547303975
387,7740.021,1786880168396.637,14956214.572,0.000000000,12.263907433,-13.999266624,17.077528000,-11.561397552,-0.499191493,2.486467123,-2.639634371,10.367679596,-10.513531685,-42.297672272,-6.998669147,0.299012035,0.221260771,-1.584875822,-17.212276459,-5.801299572,3.606304646,2.438085318,-1.438263416,-0.209335998,-0.192198619,0.479288936,-5.251834393,-4.593362808,-2.994004011,-2.216931343,0.152444616,-0.197330922,-0.542813241
388,7760.022,1786880168416.638,14956234.573,0.000000000,12.676929474,-13.657810211,17.149988174,-11.912133217,-0.761324227,2.577880859,-2.928125143,10.574742317,-10.927406311,-42.149444580,-7.263823509,0.362927139,-0.006239018,-1.307638645,-17.318773270,-5.910418510,3.559505939,2.328580379,-1.441102743,-0.276231319,-0.228985190,0.499340683,-5.344941139,-4.599241734,-2.994139433,-2.280862808,0.239183798,-0.214886948,-0.551270545
389,7780.006,1786880168436.622,14956254.557,0.000000000,13.074314117,-13.630273819,17.229833603,-12.445492744,-1.173800349,2.678419828,-3.599543095,10.435992241,-11.276296616,-42.208648682,-7.039751530,0.336276710,0.046019219,-1.156926394,-17.604337692,-6.049615860,3.591584682,2.287210464,-1.587311745,-0.150342017,-0.247447625,0.483777761,-5.289929390,-4.501782417,-2.923434019,-2.401057959,0.282135129,-0.220069602,-0.542214930
390,7800.025,1786880168456.641,14956274.576,0.000000000,14.366117477,-13.717321396,17.398019791,-12.791897774,-1.740733981,2.823923349,-4.267297268,9.921414375,-11.446860313,-40.988208771,-8.800547600,0.238142803,-0.387048215,-0.889320016,-17.582818985,-6.203423977,3.604845047,2.270479918,-1.640878797,-0.180826977,-0.297858864,0.498269588,-5.100649357,-4.417090416,-2.872274399,-2.235157013,0.281364352,-0.228924200,-0.517717898
391,7820.011,1786880168476.627,14956294.562,0.000000000,14.562120438,-13.173882484,17.177856445,-13.693943024,-2.263425827,2.957399607,-5.201649666,10.334478378,-11.766957283,-41.528625488,-7.256805897,0.227400199,-0.491149485,-0.812269568,-17.333026886,-6.110357285,3.506020308,2.244554758,-1.567451835,-0.187542528,-0.288458079,0.476312727,-5.054428101,-4.475358486,-2.853440523,-2.095082283,0.164807037,-0.205569565,-0.529522002
392,7840.022,1786880168496.637,14956314.572,0.000000000,14.761717796,-13.259401321,16.972343445,-14.403508186,-2.743728876,3.085506916,-5.969542980,10.066628456,-12.130793571,-41.175350189,-7.550873756,0.120596573,-0.789553583,-0.846169829,-16.907026291,-5.731336117,3.292722702,2.191257715,-1.294899702,-0.243052974,-0.216810286,0.460718751,-4.756012440,-4.653620243,-2.864717007,-2.017440557,0.079963781,-0.182965994,-0.528088152
393,7860.022,1786880168516.638,14956334.573,0.000000000,14.976801872,-12.935819626,17.016237259,-15.126741409,-3.295241833,3.174284458,-6.431007862,10.119681358,-12.634099960,-40.793930054,-7.924926281,0.189462557,-0.776330769,-0.590592265,-16.772005081,-5.767207623,3.283487082,2.218145132,-1.339015484,-0.219609618,-0.187593982,0.447073787,-4.649501801,-4.647681713,-2.905440331,-1.956948876,0.055871069,-0.151858509,-0.529510438
394,7879.995,1786880168536.611,14956354.546,0.000000000,15.336805344,-12.849267006,17.061243057,-15.564472198,-3.681633234,3.258666277,-6.716603756,10.150999069,-13.141039848,-40.746368408,-7.838281155,0.129631564,-0.751540542,-0.585674465,-16.933021545,-5.931912899,3.369169950,2.320225716,-1.466861486,-0.198609218,-0.219060123,0.460690439,-4.648611069,-4.656242847,-2.989598274,-1.991095424,0.044163462,-0.139531732,-0.528176069
395,7899.991,1786880168556.607,14956374.542,0.000000000,15.702139854,-12.532709122,17.040859222,-16.424211502,-3.969749451,3.107836246,-7.007673264,10.054902077,-13.358957291,-39.192878723,-8.717556000,0.124237791,-0.764409244,-0.854213476,-16.943536758,-5.783468246,3.259891272,2.290902615,-1.362082720,-0.231508404,-0.212444708,0.480703413,-4.901016712,-4.709013462,-3.098143101,-2.159895658,0.107128173,-0.142598525,-0.535900593
396,7919.989,1786880168576.605,14956394.540,0.000000000,16.461627960,-11.773017883,16.729433060,-17.219425201,-4.295925140,2.979217052,-7.926811695,10.535305977,-13.416462898,-39.591560364,-7.743571281,0.005881427,-1.416539311,-1.557580471,-16.741720200,-5.242853642,3.001340866,2.152681828,-1.080073595,-0.177130461,-0.160218388,0.454844385,-4.896879196,-4.689063072,-3.215849400,-2.270066261,0.136798263,-0.134438768,-0.552990079
397,7939.991,1786880168596.607,14956414.542,0.000000000,16.493331909,-11.431438446,16.427186966,-17.454551697,-4.745769978,2.851462841,-7.860676289,10.000947952,-14.067526817,-39.712638855,-7.992708206,0.022068867,-1.530961633,-1.318943024,-16.866922379,-5.264268875,2.744681597,2.013433695,-1.160111904,-0.162194237,-0.121310413,0.417660862,-4.912477970,-4.674338818,-3.225981236,-2.155406713,0.037994374,-0.119731925,-0.567527592
398,7959.989,1786880168616.605,14956434.540,0.000000000,17.112745285,-11.115271568,16.280071259,-18.581331253,-4.998665333,2.828262568,-8.479520798,9.507841110,-14.206544876,-37.970298767,-8.430335999,-0.024831291,-2.019948483,-0.861145079,-16.465208054,-4.893030643,2.604249954,1.765905857,-0.988462389,-0.110570140,-0.126316607,0.381733239,-4.605088234,-4.458900452,-3.046858549,-1.777690053,0.027961535,-0.101355799,-0.536244273
399,7979.990,1786880168636.606,14956454.541,0.000000000,16.958900452,-10.706561089,15.856872559,-18.314413071,-5.410511494,2.700464010,-8.319638252,9.525998116,-14.315270424,-37.470085144,-7.384287357,-0.075769544,-1.958618045,-0.080602244,-16.643894196,-5.048584461,2.627979040,1.747397661,-1.427049756,-0.041980002,-0.196395785,0.357906282,-4.576186180,-4.358103275,-3.004659414,-1.697027445,0.081770316,-0.074569352,-0.521974266
400,7999.988,1786880168656.604,14956474.539,0.000000000,17.646276474,-10.802577019,15.959158897,-19.298974991,-5.692854404,2.653565168,-8.596241951,9.335032463,-14.473588943,-36.227909088,-7.248574734,-0.138886601,-1.613694310,0.472658128,-17.151220322,-5.555840492,2.902277708,1.943779349,-1.859930158,-0.020068085,-0.341158956,0.388006538,-4.686513901,-4.236873627,-2.986513853,-1.842634320,0.127275825,-0.096078977,-0.523468852
401,8019.988,1786880168676.604,14956494.539,0.000000000,17.457818985,-11.046966553,15.660980225,-19.458518982,-6.099475384,2.528276920,-8.322587967,9.642397881,-14.626429558,-35.336753845,-7.201190472,-0.146087289,-1.857007384,1.436413884,-16.987947464,-5.492142677,2.804916382,1.983793497,-1.920277834,-0.055548012,-0.447911531,0.447464913,-4.506196022,-3.780504227,-2.817156553,-1.742914438,0.178204492,-0.120745242,-0.505946636
402,8039.989,1786880168696.604,14956514.539,0.000000000,17.809938431,-11.105630875,15.999747276,-20.489395142,-6.473370552,2.434479237,-8.773267746,9.175165176,-14.839826584,-35.010688782,-7.149277687,-0.165673628,-1.441985846,1.893577814,-16.934310913,-5.471056461,2.914682627,1.985180378,-1.875337124,-0.062267553,-0.450210124,0.446690142,-4.402092457,-3.735053539,-2.697372437,-1.705422640,0.206252828,-0.163834527,-0.491597027
403,8059.991,1786880168716.607,14956534.542,0.000000000,17.722112656,-10.785791397,16.344593048,-20.664863586,-6.789581299,2.291180134,-8.430301666,8.856667519,-14.939599037,-34.694503784,-7.347098351,-0.202052385,-1.668588877,1.864733219,-17.377586365,-5.769227982,3.128965616,2.075465441,-1.982523203,-0.085285842,-0.454418540,0.406912684,-4.390832901,-3.946312904,-2.901141644,-1.774164915,0.200485349,-0.185610935,-0.522541165
404,8079.990,1786880168736.606,14956554.541,0.000000000,18.026979446,-10.505172729,16.429006577,-20.845895767,-7.121047020,2.083590746,-8.561042786,8.755002975,-14.512677193,-35.263023376,-7.712440491,-0.284181178,-2.148892879,2.222621441,-17.534343719,-5.966385841,2.802582502,2.127957582,-2.103885412,-0.070637874,-0.487250924,0.365137309,-4.688952446,-3.998025417,-3.107016802,-1.812806726,0.031440668,-0.172115222,-0.565740585
405,8099.988,1786880168756.604,14956574.539,0.000000000,16.947227478,-9.810078621,16.485433578,-22.374885559,-7.589715958,1.914418459,-8.473301888,7.829282284,-13.545177460,-35.983257294,-8.236227036,-0.347810209,-2.075835228,2.185731173,-16.992921829,-5.964219570,2.641851664,1.913639665,-2.048265934,0.075473689,-0.492787600,0.327922046,-4.481048584,-3.885803223,-2.859857798,-1.811957717,0.031609759,-0.186888888,-0.532930970
406,8119.987,1786880168776.603,14956594.538,0.000000000,16.441873550,-8.960975647,16.373867035,-23.785560608,-8.393438339,1.760321856,-8.535527229,7.688970566,-12.990726471,-36.674118042,-8.648742676,-0.448809564,-2.414997578,2.303164959,-17.077028275,-6.157619953,2.745179176,1.915273190,-2.088293791,0.150475100,-0.478056937,0.307047457,-4.647466183,-4.081410408,-2.971344233,-1.937831402,-0.029443201,-0.199359939,-0.501008511
407,8139.985,1786880168796.601,14956614.536,0.000000000,15.953362465,-8.420093536,16.068233490,-25.266872406,-9.014186859,1.622484684,-8.436471939,6.914422035,-12.472546577,-36.811130524,-9.105595589,-0.567354023,-2.739507437,2.501906633,-16.803092957,-5.720502377,2.926119328,1.889931202,-1.926218629,0.117386989,-0.467520207,0.301733971,-4.332933426,-4.250976086,-3.003413439,-1.835444212,0.005796278,-0.187881783,-0.504919231
408,8159.993,1786880168816.609,14956634.544,0.000000000,16.096666336,-7.414423466,15.760573387,-26.548862457,-9.587097168,1.444063902,-8.834486961,6.452400208,-12.470833778,-37.236965179,-9.246377945,-0.630617440,-3.074138641,2.340184927,-16.674058914,-5.712252617,2.795590401,1.904379368,-1.731736660,0.107538134,-0.400054514,0.259324610,-4.311900139,-4.315756321,-3.106787205,-1.824985027,-0.022009706,-0.118144505,-0.484116405
409,8179.992,1786880168836.608,14956654.543,0.000000000,16.180126190,-7.100963116,15.381121635,-27.054021835,-9.769935608,1.238533378,-8.475116730,6.581271172,-12.843912125,-37.306076050,-9.367866516,-0.689396024,-3.020108700,2.553605080,-17.221166611,-6.387448311,3.184022903,2.132328510,-2.091081381,0.078465834,-0.415878624,0.236862496,-4.548296928,-4.466946125,-3.266075850,-1.926015854,-0.011730201,-0.100187086,-0.520504296
410,8199.992,1786880168856.608,14956674.543,0.000000000,16.332521439,-6.966451168,15.299157143,-28.061563492,-9.949956894,1.029908538,-7.936519146,6.413489342,-13.263315201,-36.690822601,-9.311414719,-0.745006502,-3.171611547,2.305251360,-17.975584030,-6.520160675,3.297709942,2.259943247,-2.210521936,-0.094596483,-0.486595839,0.290622652,-5.022099495,-4.736969471,-3.476058960,-2.261583090,0.068939343,-0.128764719,-0.577895522
411,8219.987,1786880168876.603,14956694.538,0.000000000,17.042776108,-6.288855076,14.663396835,-27.657943726,-9.824883461,0.774929106,-7.863290310,6.560652733,-13.255682945,-34.618381500,-8.737963676,-0.835404158,-3.158127785,1.989702463,-17.822628021,-5.787409782,3.194348097,1.992691278,-1.804679990,-0.074356541,-0.478044420,0.295788348,-4.468577385,-4.594461441,-3.192609549,-1.768230796,0.086921394,-0.109934606,-0.596944809
412,8240.022,1786880168896.638,14956714.573,0.000000000,17.761362076,-6.110002995,14.644429207,-28.400028229,-10.010439873,0.418523908,-7.956370831,6.524235249,-13.719269753,-33.529384613,-8.448342323,-0.846334815,-3.377059937,2.358536720,-18.246488571,-5.504915714,2.907093763,1.828354120,-2.021905899,-0.052305225,-0.446314961,0.267468303,-4.311722279,-4.495532990,-3.099551678,-1.937460303,0.045986995,-0.072656497,-0.547632992
413,8260.020,1786880168916.635,14956734.571,0.000000000,18.874528885,-6.178272247,15.090361595,-28.972602844,-10.120087624,0.077994198,-8.029489517,6.422868729,-14.099798203,-31.810863495,-8.040813446,-0.936756909,-3.877564192,2.844885826,-19.136873245,-5.905515194,2.972208977,1.894997239,-2.352032423,-0.044638712,-0.516252100,0.250922084,-4.411938190,-4.569128990,-3.220659494,-2.070055246,0.072483346,-0.109391950,-0.550300241
414,8280.023,1786880168936.639,14956754.574,0.000000000,19.735307693,-6.216389656,15.335507393,-30.012290955,-10.366357803,-0.399088442,-8.216297150,6.877006531,-14.475740433,-30.587945938,-7.746637344,-0.973167360,-4.443120956,2.998518467,-19.674314499,-5.966233730,2.898268223,1.965650558,-2.386959076,0.031924009,-0.592316270,0.306824714,-4.435734749,-4.673923969,-3.419203281,-2.156944275,0.083959684,-0.126070976,-0.621346414
415,8300.012,1786880168956.628,14956774.563,0.000000000,19.411783218,-5.592844009,14.987034798,-30.199396133,-10.226329803,-0.843840718,-6.834807873,7.357247829,-13.842541695,-28.372903824,-7.363040924,-0.953696489,-5.027318954,3.519998550,-19.760251999,-5.555736065,2.118897200,1.588424206,-2.230210304,-0.101859629,-0.583983123,0.267157704,-4.698128700,-4.515712261,-3.375316143,-2.377789736,0.059182364,-0.130017817,-0.663407087
416,8319.991,1786880168976.607,14956794.542,0.000000000,18.324853897,-5.869652748,14.975685120,-31.298503876,-10.296039581,-1.280867696,-6.811687946,7.182390690,-13.085053444,-26.657888412,-6.878252506,-1.030889869,-4.863399506,4.647118568,-18.775793076,-4.877506733,1.808828950,1.319710493,-2.133663654,-0.109376110,-0.564201474,0.209797338,-4.408525467,-4.264645576,-3.090746641,-2.099116564,0.098715775,-0.150329590,-0.637587726
417,8340.039,1786880168996.655,14956814.590,0.000000000,17.751241684,-5.512123108,14.879014969,-33.095733643,-10.622390747,-1.702153802,-6.905337811,6.753537178,-13.217766762,-26.215686798,-6.698801517,-1.033214331,-5.113647938,4.783771515,-18.251890182,-5.062376022,1.706920028,1.283569217,-2.319036245,-0.045736108,-0.608459353,0.151517168,-4.097406387,-4.122432232,-2.889833450,-1.887149096,0.046293989,-0.116939813,-0.561942756
418,8360.131,1786880169016.748,14956834.682,0.000000000,17.666530609,-5.383930206,14.862750053,-33.976642609,-10.618619919,-2.017089367,-7.157091141,6.681214333,-14.028413773,-26.917926788,-6.889654636,-0.977783203,-4.727265835,5.391065121,-18.461879730,-6.187127113,2.144018173,1.392173886,-3.221766233,0.054299757,-0.869142056,0.215126097,-4.017208099,-4.016248703,-2.787340164,-1.753274560,0.054698467,-0.075827807,-0.511448622
419,8380.044,1786880169036.660,14956854.595,0.000000000,17.449913025,-5.590235710,14.894194603,-32.708854675,-10.225279808,-2.243313551,-6.920521259,5.947656155,-13.858196259,-25.110450745,-6.547024727,-1.000765681,-4.324872971,5.637782574,-18.060451508,-6.265240669,2.567668915,1.496061683,-3.066515207,0.082183197,-0.942707956,0.231305912,-4.115936279,-3.866719484,-2.815229893,-1.833498597,0.065104850,-0.106916919,-0.501798570
420,8399.988,1786880169056.604,14956874.539,0.000000000,16.489929199,-4.970147133,15.012647629,-32.994331360,-9.983682632,-2.430264950,-6.365718365,6.026852131,-13.892666817,-24.285301208,-6.239638805,-0.975984454,-4.322785854,5.815890312,-17.624391556,-5.449814796,2.599389076,1.592576623,-2.484623432,0.033805501,-0.848562539,0.279554605,-3.581649065,-3.739250422,-2.663915634,-1.768135190,0.190981060,-0.151806042,-0.495966941
421,8419.987,1786880169076.603,14956894.537,0.000000000,15.762701988,-4.960217476,15.736472130,-33.825145721,-9.756683350,-2.617933035,-5.393154621,6.612731934,-13.765172958,-23.807849884,-6.323095322,-0.900208890,-4.146654129,5.893454075,-17.877988815,-5.472744942,2.614019632,1.801070809,-2.303470612,0.037685271,-0.742582738,0.294165790,-3.859068155,-3.871689320,-2.777697563,-1.935204148,0.053583689,-0.177872464,-0.478961229
422,8439.991,1786880169096.607,14956914.542,0.000000000,14.738034248,-5.102687359,16.452568054,-35.509223938,-9.613905907,-2.925680161,-4.275037766,7.255963326,-14.304304123,-23.437456131,-6.242625237,-0.774419129,-3.575160742,5.128681183,-17.934839249,-5.322602272,2.622770071,2.075059414,-2.295169592,0.092969142,-0.696589291,0.361269325,-4.307465553,-4.073193550,-3.015149832,-2.171966553,-0.070724152,-0.206305131,-0.498202175
423,8459.988,1786880169116.604,14956934.539,0.000000000,14.776060104,-5.682364464,16.947784424,-34.984111786,-9.320159912,-3.185830116,-3.859488964,8.325457573,-15.056232452,-23.716791153,-6.292432308,-0.724183440,-3.674371958,5.324548721,-18.094633102,-5.077107906,2.680422783,1.761219501,-2.589905500,-0.068123646,-0.678302705,0.368558049,-4.324404716,-4.230392933,-3.022304058,-2.350115538,0.070507929,-0.233967930,-0.557088375
424,8479.987,1786880169136.603,14956954.538,0.000000000,15.428265572,-5.619523048,17.683019638,-35.818138123,-9.367411613,-3.562265635,-2.399700403,10.171810150,-15.549942970,-22.621397018,-6.222212791,-0.533146739,-4.174258232,5.584236622,-19.461708069,-5.026090145,2.354416609,1.658583403,-2.615387440,-0.135388643,-0.685541153,0.321229309,-4.355659962,-4.145278454,-3.113685131,-2.528469324,0.160979599,-0.261832982,-0.553088486
425,8499.986,1786880169156.602,14956974.537,0.000000000,13.672761917,-6.110698223,18.309608459,-35.462493896,-9.123141289,-3.896841049,0.489760637,10.749423027,-15.511610031,-20.407981873,-5.821173668,-0.263768196,-3.833984137,6.030241489,-20.070640564,-4.801578522,2.386511087,1.499640822,-2.751292944,0.011899697,-0.771119297,0.294642031,-4.022549629,-3.973333597,-2.858040810,-2.277301311,-0.006950771,-0.269365102,-0.550417006
426,8519.990,1786880169176.606,14956994.541,0.000000000,12.882279396,-6.469585896,19.512960434,-35.597969055,-8.971524239,-4.148620605,2.408345938,11.110117912,-16.073692322,-16.600048065,-4.911664486,0.010669735,-3.796766996,6.370960712,-20.762037277,-5.108819485,2.565042019,1.670228958,-2.865174055,0.020348025,-0.806032836,0.305691868,-4.113186359,-3.960328102,-2.938966751,-2.258195877,0.065619975,-0.239991173,-0.522932529
427,8539.990,1786880169196.605,14957014.540,0.000000000,11.615291595,-5.658077240,19.977481842,-38.606544495,-9.510906219,-4.387975216,4.990781784,12.387221336,-17.433288574,-8.537153244,-3.018801451,0.389779359,-3.545356989,6.494083405,-21.024707794,-4.925844193,2.180778027,1.649370193,-2.783474207,0.147223040,-0.816393316,0.389593601,-4.031297207,-3.609997272,-2.826816797,-2.217784166,0.082094945,-0.219553098,-0.573804975
428,8559.986,1786880169216.602,14957034.537,0.000000000,8.675990105,-3.669456959,18.979494095,-43.150627136,-10.100371361,-4.648775101,10.362170219,13.463792801,-18.035442352,4.083239555,-0.389405161,0.882902801,-3.527900219,8.111617088,-20.717275620,-4.221878052,1.166316032,1.211675644,-2.483612061,-0.087161303,-0.790207982,0.336935520,-3.570462465,-3.155956507,-2.352194786,-1.837625861,0.098886654,-0.236795843,-0.543996692
429,8579.988,1786880169236.604,14957054.538,0.000000000,-0.716535151,-0.925437510,14.190602303,-50.956573486,-11.459742546,-4.799087524,20.581636429,14.650641441,-10.519386292,17.967266083,1.528855920,0.659977734,-4.726056576,12.540224075,-20.432363510,-2.517735243,0.319939822,0.569548309,-1.885652184,-0.109090924,-0.785451531,0.225265250,-3.184425354,-3.388729334,-2.213917971,-1.723771334,0.232388541,-0.302745104,-0.609404683
430,8599.986,1786880169256.602,14957074.537,0.000000000,-3.892992973,-1.356423378,8.046201706,-48.210178375,-11.105168343,-6.449385643,16.956903458,5.270479202,1.338588476,7.544149876,0.438108444,-0.205248147,-3.856925964,13.516879082,-17.695070267,-1.887591958,0.496831268,0.508596718,-1.569085121,-0.126547113,-0.685099542,0.182635650,-3.204083681,-3.690251350,-2.267745495,-1.825867295,0.242132396,-0.220812023,-0.604434311
431,8619.986,1786880169276.602,14957094.537,0.000000000,2.974464417,-2.612990379,2.023796320,-26.994621277,-7.276440620,-4.554757595,-0.098054290,-6.846721172,10.873050690,-18.909654617,-1.904612541,-0.481709898,-2.950172901,10.310907364,-12.107726097,-1.518793821,1.872687101,0.623506367,-1.168650389,-0.114902370,-0.711031437,0.245101482,-2.823939085,-3.653037071,-1.999743342,-1.746535659,0.123445719,-0.134481013,-0.716522038
432,8639.990,1786880169296.606,14957114.541,0.000000000,16.179256439,-4.589385986,-1.120286226,-3.024266720,-2.379342794,-1.824094296,-25.675224304,-12.771852493,11.359185219,-46.020572662,-4.916368961,-0.406568587,-3.385709047,4.191865444,-3.853749514,-4.247459888,4.030971527,1.568520069,-1.900101662,-0.145445734,-0.775675297,0.418245316,-3.409637451,-4.000692844,-2.319348335,-1.381770611,0.428154111,0.039511256,-0.739759207
433,8659.987,1786880169316.603,14957134.538,0.000000000,26.732690811,3.455810308,-8.514146805,5.390268326,-1.052229166,-0.987987518,-23.743591309,-7.227178097,3.408691406,-77.091163635,-16.745464325,-0.642059267,-4.798800468,3.648700476,-0.759828210,-5.335406780,4.223503590,2.097595215,-1.243626833,-0.422486573,-0.671375215,0.628433347,-2.823790789,-4.144903183,-2.410414934,-0.981471419,0.666668713,0.068591692,-0.644149780
434,8679.988,1786880169336.603,14957154.538,0.000000000,23.319211960,-2.030687094,-9.745413780,4.670208454,-0.460710764,0.242277876,-29.044502258,-7.727259159,13.186804771,-114.675209045,-22.612955093,0.388404608,-0.187202498,-5.872817993,-8.155311584,-5.758832932,6.020879269,3.294728756,-2.223071575,0.028109653,-0.576524258,0.682643652,-2.557188034,-2.756813288,-1.686166525,-1.283729672,0.329354346,0.107312843,-0.475289553
435,8699.987,1786880169356.603,14957174.538,0.000000000,32.697673798,-3.068230867,-8.771226883,23.421682358,1.651216626,-0.010106811,-33.976505280,-18.806089401,20.413198471,-134.514343262,-26.273853302,0.225090727,5.207816124,-20.583372116,-13.374287605,-7.263210297,6.416577339,4.461506367,-2.975229502,-0.544742644,-0.721347868,0.999666929,-3.971491814,-2.318290710,-1.068464398,-3.487301111,0.034081601,-0.227427229,-0.225018010
436,8719.987,1786880169376.603,14957194.538,0.000000000,33.129638672,1.704081893,-6.513273716,20.404905319,1.187609434,0.442956001,-31.798654556,-19.375474930,17.245082855,-134.571380615,-25.858732224,-0.113054194,1.069289327,-23.628824234,-17.355337143,-8.492507935,5.134925842,4.183568478,-3.294238806,-0.481755197,-0.776492536,0.984840691,-6.408740520,-2.828561306,-1.836886764,-5.059243679,0.133163899,-0.608724594,-0.257655203
437,8739.986,1786880169396.602,14957214.536,0.000000000,16.895849228,4.959541321,-1.673997045,-4.115501404,-0.658408880,0.301915169,-17.610956192,-12.718428612,8.419102669,-104.594017029,-20.132532120,0.741558194,-3.741354227,-12.932023048,-16.551630020,-9.497985840,3.743670940,3.232367516,-4.111245155,0.164762631,-0.942485273,0.804307163,-8.513173103,-4.390472412,-3.511955023,-5.256398201,0.057090133,-0.804036558,-0.638597846
438,8759.987,1786880169416.603,14957234.538,0.000000000,-10.400727272,0.974954844,11.572875023,-14.148268700,-1.986388206,-0.230273798,12.280208588,-4.986087322,4.560155869,-47.225391388,-10.896834373,1.978175163,-0.915704131,-3.187537670,-13.624455452,-8.623394012,2.360738516,1.997476935,-5.441137791,0.387711048,-1.475300431,0.699895263,-9.674438477,-5.209875107,-4.093679905,-4.735036373,0.169250414,-0.650396943,-0.945222139
439,8779.986,1786880169436.602,14957254.537,0.000000000,-23.268087387,8.950603485,15.030102730,-53.521629333,-13.000770569,3.443715572,40.648719788,0.686233759,-0.510424376,23.878957748,2.140225649,1.317803502,1.516481400,8.977924347,-15.916994095,-5.011191845,-1.167537332,0.293169975,-4.887603283,0.155705631,-1.797514439,0.325583667,-9.512739182,-3.693432570,-3.292440414,-3.792698383,0.497890770,-0.446379870,-1.149721861
440,8799.988,1786880169456.604,14957274.539,0.000000000,-30.338705063,7.488186836,7.896400928,-98.204360962,-20.844886780,1.568280816,37.471179962,2.626270533,-3.947337866,13.765666008,0.546629667,0.083001576,2.400719643,15.140510559,-17.997499466,-0.777914643,-2.654227734,-0.831971824,-1.967176795,-0.020197842,-1.126998901,-0.180009589,-8.103986740,-3.489175320,-2.659950018,-3.529574156,0.705132186,-0.312029421,-1.110826731
441,8819.986,1786880169476.602,14957294.537,0.000000000,-14.894556046,0.950348616,5.955074787,-94.403144836,-21.152936935,1.450219631,13.626940727,3.137505293,-0.843784571,-2.300311565,-0.276353151,0.216914207,-2.406311989,20.592529297,-13.869673729,0.078822330,-1.471746802,-1.174365878,-1.728764892,0.053050321,-0.791938663,-0.383427948,-5.402140617,-2.774324894,-2.279038429,-2.771169186,0.553358138,-0.103732340,-1.129671931
442,8839.985,1786880169496.601,14957314.536,0.000000000,6.264312267,-1.272911668,4.100184917,-72.087547302,-17.905281067,0.138814360,-6.906168461,1.918347359,1.502704382,-7.286571026,-0.612717390,0.094150558,-8.490110397,22.425788879,-12.375465393,-2.277010202,1.073940039,-0.773920178,-3.520513773,0.248015791,-1.282624245,-0.183065891,-3.188934803,-2.967639446,-2.379765272,-1.646003604,0.500538826,0.095700845,-0.892484486
443,8859.985,1786880169516.601,14957334.536,0.000000000,24.361860275,-0.756020010,-0.429282039,-37.298309326,-10.819432259,-1.716192007,-19.725252151,0.239284188,-0.720173776,-5.702363968,-0.604941130,0.165082276,-10.629858971,19.464847565,-11.923305511,-5.025977135,2.603806734,0.461330414,-5.014531136,0.388490438,-1.871526361,0.144775867,-1.707371116,-3.217648268,-2.657332420,-0.656213820,0.406304240,0.314676851,-0.612176478
444,8879.987,1786880169536.602,14957354.537,0.000000000,29.392807007,-0.522946060,-2.520418644,-7.032082558,-3.142108440,-2.336112738,-22.073959351,0.546355367,-2.267196417,-2.568689108,-1.017736554,0.259589940,-10.603281021,12.076016426,-9.534947395,-6.078415871,2.953362942,1.261905193,-4.257413387,0.086486273,-2.040453196,0.296160102,-1.290561557,-3.159030437,-2.620001316,0.039516311,0.414159924,0.337797523,-0.565029502
445,8899.985,1786880169556.601,14957374.536,0.000000000,27.211027145,-1.426094651,0.535687387,1.528113842,-0.492515147,-1.797708750,-30.656568527,-6.274866104,1.931006670,-40.640239716,-3.508589029,-0.072608009,-5.983158588,3.528990507,-5.909013271,-5.418272018,3.940139294,1.713177681,-3.032281160,-0.162678748,-1.580199838,0.505032420,-0.877031982,-2.923341274,-2.059156895,0.359537393,0.378763288,0.390461922,-0.493097723
446,8919.986,1786880169576.602,14957394.536,0.000000000,13.619807243,3.979388952,-1.127075315,-2.898596287,-1.424402475,-0.825199246,-9.643214226,-4.721401215,4.167198658,-87.616165161,-15.351942062,0.665563047,-4.791724682,-0.924337506,-9.471325874,-2.575465679,4.164192200,1.934685707,-1.005818248,-0.348810911,-0.785755038,0.659413576,0.049061630,-2.568438768,-1.185010910,0.106593125,-0.236900538,0.155793741,-0.267837226
447,8939.986,1786880169596.602,14957414.537,0.000000000,10.481976509,-2.603751659,-2.371006727,-2.720834017,-2.516140461,0.036785990,-10.965510368,-8.786171913,17.430288315,-105.540954590,-19.306585312,1.567822576,3.857718468,-9.587553024,-13.195407867,-3.130721092,5.473212242,3.469516516,-1.442761898,-0.098811820,-0.493241072,0.877329171,-2.008175373,-1.231091261,-0.257564068,-1.886243582,-0.177956864,-0.366502851,-0.106154375
448,8959.986,1786880169616.602,14957434.537,0.000000000,12.594906807,-2.007603407,-3.473914385,11.303288460,-0.071880214,0.912578642,-10.607281685,-14.862543106,21.927661896,-115.758499146,-21.911071777,2.071231365,6.667058468,-15.863481522,-15.209386826,-4.195183754,5.383191586,3.885524511,-2.258106232,-0.405959338,-0.632708251,1.110316992,-4.930117607,-1.312117696,-0.761017084,-4.144569874,-0.145897359,-0.886579871,-0.140147880
449,8979.986,1786880169636.602,14957454.537,0.000000000,12.245445251,0.915286720,-4.130606174,12.829353333,1.222127557,0.122831784,-10.289944649,-15.417910576,20.130187988,-110.218605042,-20.177310944,1.416095018,4.759091377,-14.326495171,-14.712385178,-4.937289238,4.621545792,3.167319775,-2.384126902,-0.310519874,-0.886821449,1.007242680,-7.632354259,-1.642104626,-1.832571983,-5.203806877,0.097743481,-1.077705026,-0.374394208
450,8999.987,1786880169656.603,14957474.538,0.000000000,10.860625267,0.813618839,-0.071210377,7.827790260,0.627095044,0.021909406,-9.402458191,-12.924390793,14.115239143,-98.591293335,-18.791246414,1.495666265,1.574376822,-10.845775604,-15.385725021,-5.853057384,3.793570518,2.577384710,-3.260747433,0.022829778,-1.126874208,0.718003809,-8.685688019,-1.955930233,-2.775842190,-5.566699028,0.215819389,-1.193583131,-0.786107123
451,9019.986,1786880169676.602,14957494.537,0.000000000,12.061770439,-2.018733263,5.763594627,8.670758247,-0.029378876,1.012976527,-6.567467690,-7.377327442,9.294514656,-79.172470093,-15.777338982,2.245012760,1.053428411,-6.357899666,-14.914315224,-6.381613731,3.060096741,2.109433413,-4.504542828,0.141310513,-1.391192436,0.547097802,-8.839610100,-2.061892509,-3.349137306,-5.328487396,0.300183594,-1.024884105,-0.984394670
452,9039.988,1786880169696.604,14957514.539,0.000000000,3.579036236,-1.820846319,12.404838562,-13.816820145,-4.377869129,1.782312870,7.731935501,2.638020754,-0.103524812,-30.308664322,-6.745388508,4.289454937,0.816957295,1.372846007,-16.687271118,-4.753142834,0.793364763,0.929421186,-4.384753704,0.192146152,-1.432656646,0.318074197,-8.601146698,-2.103322029,-3.212846756,-4.944002628,0.479982287,-0.795735240,-1.173820138
453,9059.986,1786880169716.602,14957534.536,0.000000000,-31.571716309,6.816370964,11.983226776,-69.808334351,-17.102888107,-1.214402556,50.966285706,10.952239037,2.279372454,35.646190643,2.339116573,0.093923785,3.083757401,13.455134392,-19.021923065,-0.417752117,-2.524731159,-0.800943851,-1.787792563,-0.179480821,-0.873138130,-0.026668733,-7.676158905,-2.504032850,-2.957152128,-4.044972420,0.734835386,-0.787850022,-1.134236217
454,9079.986,1786880169736.602,14957554.537,0.000000000,-23.945093155,-1.775329232,12.366113663,-68.520423889,-17.877145767,-7.385499001,26.542926788,0.054484177,2.130300760,-2.665310860,-0.440197259,0.160462454,6.526938438,13.444863319,-13.921969414,2.595145464,-1.883700013,-0.756174326,-0.105929591,-0.203472972,-0.380482763,-0.064287417,-6.173753738,-2.526642323,-2.033170462,-3.217232227,0.468925297,-0.576975942,-0.997994602
455,9099.986,1786880169756.602,14957574.537,0.000000000,1.332764149,-7.318519592,10.814501762,-50.600868225,-16.646163940,-8.429624557,-2.008031130,3.844148159,-2.182491064,-12.643993378,-0.754016161,-0.175306901,1.559510946,12.854665756,-9.270296097,1.948250175,-0.876785338,-0.879983902,-1.231425047,-0.181190088,-0.539045155,-0.038541779,-5.154953003,-2.169835091,-1.997487307,-2.800260544,0.682103753,-0.453671038,-0.886174202
456,9119.987,1786880169776.603,14957594.537,0.000000000,21.289499283,-4.921220779,1.833172202,-13.990360260,-7.973454952,-4.808389187,-20.946891785,3.165207148,-5.854647636,-8.186652184,-0.593023181,-0.033407550,-3.019109249,9.783380508,-4.477808475,-0.365249574,0.583564460,-0.468019158,-1.576287270,0.033653043,-0.711712062,-0.026358003,-4.057363510,-2.165497065,-2.255629539,-1.626104355,0.643133819,-0.099205121,-0.769722044
457,9139.989,1786880169796.604,14957614.540,0.000000000,25.377363205,1.106425524,-8.225133896,9.468586922,-0.891561568,-1.037007213,-24.490098953,-2.238735199,-1.279600501,-4.978585720,-0.329118043,-0.133899748,-8.057629585,5.612401009,-0.182449996,-1.633591056,1.690269351,0.071228802,-0.868850470,0.051776066,-0.777928531,-0.063225910,-2.095109701,-1.538546801,-1.901680470,-0.410282075,0.645127058,0.132787839,-0.661654949
458,9159.991,1786880169816.607,14957634.542,0.000000000,24.590595245,4.211520195,-10.650328636,12.424582481,1.444306850,0.689769506,-32.934394836,-7.220713139,4.043176174,-26.873542786,-3.781116009,0.140349865,-9.882080078,1.975424290,4.096138000,-3.481806278,2.740305662,0.522774518,-1.549262524,0.073021814,-0.780490935,-0.037838422,-0.350819856,-1.534048557,-1.635480285,-0.112126715,0.477872282,0.291990459,-0.529782176
459,9179.986,1786880169836.602,14957654.537,0.000000000,15.013376236,8.378532410,-8.967526436,6.658430576,1.089677095,0.631900728,-17.322284698,-7.382451057,6.697681904,-88.680175781,-18.913734436,0.096989378,-6.596212387,-0.601320684,-1.120059729,-3.356573343,2.994633198,1.317648411,-1.566159368,-0.256183267,-0.648833334,0.328597665,1.109840631,-1.753414869,-1.277828097,-0.120602682,-0.008960423,0.265989989,-0.323998868
460,9199.985,1786880169856.601,14957674.536,0.000000000,17.715377808,-2.077102423,-7.689651489,10.361260414,0.424317032,0.659779608,-19.926362991,-8.850103378,20.728721619,-124.032196045,-22.783515930,2.209372044,3.138904572,-10.149070740,-9.450599670,-3.027650595,4.708714962,3.394734383,-1.844218969,-0.116161250,-0.861394048,0.827229977,0.288854688,-1.229047537,-0.353317678,-0.991943181,-0.148800001,-0.106113642,-0.006124346
461,9219.988,1786880169876.604,14957694.539,0.000000000,21.368129730,-2.542903423,-7.731251717,24.221145630,2.506609201,0.569072604,-19.970739365,-15.245244980,32.504146576,-136.216476440,-25.544281006,1.594248295,6.561190128,-18.543373108,-11.750316620,-3.421131849,5.754996777,3.924307108,-1.546388865,-0.000677713,-0.363577098,1.267916203,-2.951073408,-1.403791308,-0.289186805,-3.054924488,-0.293552607,-0.736824155,0.007014550
462,9239.986,1786880169896.602,14957714.537,0.000000000,16.217205048,2.349580288,-6.983250141,15.421084404,0.904953361,0.370281845,-17.775451660,-19.646736145,32.649623871,-132.987869263,-24.038032532,1.025354266,1.812237501,-20.315702438,-12.254774094,-3.110529661,5.081626892,2.787961483,0.548962176,-0.174910411,0.300940961,0.944536507,-5.493785858,-2.260128736,-1.487381697,-4.310904980,-0.022284372,-1.054386735,-0.150325343
463,9259.985,1786880169916.601,14957734.536,0.000000000,18.041091919,3.217625618,-4.789873123,19.559082031,1.527669072,0.288089901,-18.900918961,-19.157583237,25.019880295,-117.036529541,-20.532096863,0.170362577,-3.774903297,-12.480068207,-10.850190163,-2.743993759,4.608528614,2.131324291,0.227005288,-0.209413037,0.047201097,0.638905644,-6.311335564,-2.739373446,-3.427943230,-4.904578686,0.013849186,-1.083833337,-0.561696947
464,9279.986,1786880169936.602,14957754.537,0.000000000,19.715368271,3.733242273,-1.361397386,10.898294449,0.694305718,-0.124204762,-23.984771729,-17.964723587,18.605949402,-98.802429199,-18.822597504,0.915571988,-3.510883570,-5.722541332,-8.535576820,-2.812520504,3.993524790,1.907099009,-1.149362206,-0.246531561,-0.232528001,0.404209495,-6.247451782,-3.046119213,-4.433167458,-4.433228493,0.481231451,-0.683092833,-1.171521664
465,9299.989,1786880169956.605,14957774.540,0.000000000,12.868383408,5.223970413,-2.865156889,-2.209755421,-0.247457072,-0.111753598,-16.130363464,-10.248404503,6.317493439,-47.555725098,-9.843291283,3.570630550,-1.027968764,4.506548405,-6.163353443,-2.081435919,2.451264381,1.265757322,-2.184595346,-0.015833044,-0.698040187,0.258257419,-6.433571815,-3.264579296,-4.054889679,-3.166903973,0.691886246,-0.354587555,-1.183758378
466,9319.986,1786880169976.602,14957794.537,0.000000000,-12.125618935,6.578655720,0.798343241,-21.434228897,-5.845768452,-1.268180728,31.577053070,5.440180779,2.717549324,39.778964996,2.002943039,0.079657845,5.996082306,15.325780869,-11.731920242,0.404283166,-0.490064323,-0.124176979,-1.832013488,-0.001348935,-0.719103456,-0.132300988,-6.198478222,-2.756598234,-2.727518559,-1.720512748,0.910404205,-0.207598567,-0.919579685
467,9339.986,1786880169996.602,14957814.537,0.000000000,-31.303602219,1.583403349,26.162294388,-114.582839966,-28.084556580,-4.624851704,34.813533783,4.338973999,-9.809127808,-6.723719597,-0.738040328,0.149158537,10.191030502,16.865358353,-16.028482437,2.809879541,-3.191456079,-1.136444449,-2.123539686,-0.099556692,-1.029189825,-0.024634559,-5.434745312,-0.770126104,-1.138454080,-3.872839451,0.848167300,-0.388142347,-1.029984713
468,9359.986,1786880170016.602,14957834.537,0.000000000,-23.212339401,-11.547677994,28.599872589,-108.149551392,-28.293201447,-12.880276680,19.593200684,13.605022430,-7.697703362,-10.355352402,-0.271559328,0.013251816,-1.600115180,18.803508759,-13.885501862,1.990443349,-3.610818386,-1.568207383,-2.441211939,0.273708135,-1.120688200,-0.212166622,-5.027046680,-0.778311789,-1.476452708,-4.918975830,0.665235996,-0.841801584,-1.045268774
469,9379.989,1786880170036.604,14957854.539,0.000000000,3.863812447,-16.484453201,23.428577423,-66.311775208,-19.439241409,-12.000703812,-5.992743492,17.268550873,-10.365462303,-7.231739521,-0.493195325,-0.013567791,-6.538934708,21.890962601,-11.561584473,-0.130814940,-2.588212252,-1.658399582,-2.845340967,0.034110997,-1.239845514,-0.269483119,-5.550309658,-2.168110132,-2.775564909,-3.989799023,0.729950011,-0.814193606,-1.201849222
470,9399.989,1786880170056.605,14957874.540,0.000000000,18.881912231,-9.547424316,8.810552597,-5.735181332,-4.654390335,-4.503787041,-21.015098572,1.280131459,0.569629490,-11.313785553,-0.885236621,-0.281594723,-6.228227139,18.162492752,-5.716761589,-1.352039933,-0.395293295,-0.933202267,-1.958896995,0.226999700,-1.258933306,-0.142085761,-5.803969860,-2.757497787,-3.566390514,-2.168311119,0.840675950,-0.461126328,-1.087615490
471,9419.987,1786880170076.603,14957894.538,0.000000000,34.861198425,-0.047925361,-9.980657578,19.535085678,1.612661362,0.565424085,-39.210887909,-8.581839561,5.983786106,-16.811391830,-5.332612514,-0.333807796,-12.140609741,14.212514877,0.409499705,-3.881348610,1.972003698,0.002675340,-2.575968504,0.340018213,-1.282654166,-0.067770138,-4.152762413,-2.651419163,-3.821923256,-0.750556231,0.932117403,0.179002538,-0.768756926
472,9439.986,1786880170096.602,14957914.537,0.000000000,29.050064087,8.305208206,-16.210151672,17.335147858,2.185401201,1.158564091,-37.296798706,-22.662235260,16.648450851,-32.648960114,-18.935922623,-0.422689766,-12.287184715,9.120128632,1.886743784,-5.173541546,3.706272364,1.267727256,-2.886909485,-0.128173083,-1.195963979,0.156200439,-0.980638206,-1.953688264,-2.661651850,0.858969867,0.501765072,0.628076136,-0.545771062
473,9459.986,1786880170116.602,14957934.537,0.000000000,15.966444016,9.343542099,-14.281316757,7.212386131,1.913975716,1.374988556,-15.749713898,-14.140586853,24.353986740,-109.008155823,-19.107158661,-0.152257413,-5.063421726,0.699111223,-7.147506714,-2.121733189,4.446115494,2.571526289,-0.589099586,-0.257981479,-0.875500381,0.559322953,2.379805326,-1.402377367,-0.886251569,1.396692634,-0.438850492,0.441662818,-0.087170228
474,9479.989,1786880170136.605,14957954.540,0.000000000,16.829473495,2.406579494,-11.725929260,13.057273865,1.837032437,0.667569101,-10.398019791,-19.264844894,40.291736603,-139.000000000,-26.027389526,1.344883561,8.195664406,-21.844909668,-17.665641785,-1.641496301,5.617938519,3.930613756,-1.006350160,-0.772780240,-0.707323611,1.017805576,1.691712618,-1.103102565,0.121241458,-0.494138747,-0.345827997,0.076742038,0.241352811
475,9499.985,1786880170156.601,14957974.536,0.000000000,10.090043068,1.981597781,-12.496617317,24.869821548,3.470008135,1.430393338,3.348102331,-15.519331932,41.519878387,-139.000000000,-26.822490692,1.703888535,7.238156796,-32.194660187,-19.176174164,-1.728913307,5.298750877,3.514588833,0.046420161,-0.590724647,-0.583419800,1.018581867,-2.623343945,-2.786459446,-0.290819883,-3.459005833,-0.212668970,-0.659488499,0.347874075
476,9519.986,1786880170176.602,14957994.537,0.000000000,7.023635864,5.043794632,-6.963976383,10.181477547,0.083084367,0.272948951,-1.714507699,-14.692733765,32.399135590,-139.000000000,-23.112533569,0.709895968,0.441088527,-25.677331924,-15.929537773,-3.716970444,4.627616882,2.272615194,-1.020970106,-0.160974413,-0.412544817,0.902858734,-6.626776218,-4.243151665,-2.660352230,-5.363422871,0.143582791,-1.135900617,-0.060094878
477,9539.986,1786880170196.602,14958014.537,0.000000000,17.266870499,5.409589767,-6.282218933,15.642437935,1.408415794,0.290529698,-20.838428497,-13.644007683,20.018268585,-102.146102905,-18.954128265,1.577261209,-3.001888275,-12.784493446,-8.459354401,-5.209012985,2.900714397,1.218318582,-2.967978954,0.232612506,-0.853615284,0.308929384,-8.658492088,-4.377407074,-4.756106853,-5.534355164,0.624028563,-1.144978642,-1.042742372
478,9559.985,1786880170216.601,14958034.536,0.000000000,10.316316605,5.934949875,-5.102967739,-1.672974944,-0.106442809,0.000804502,-13.820950508,-4.559083939,2.930947781,-12.048655510,-3.437999964,0.948909700,-0.816381335,3.581029654,-4.017734051,-5.054716587,-1.345280409,-0.205715388,-4.119806767,0.235039845,-1.132885933,-0.220246553,-9.832118988,-4.199341297,-5.294220448,-4.424408913,1.308604121,-0.910259128,-1.477483988
479,9579.988,1786880170236.604,14958054.539,0.000000000,-23.045822144,6.875531673,11.594157219,-32.765163422,-6.560749054,-4.014384270,47.709152222,13.187284470,-8.126235008,53.109981537,2.910353661,0.599054098,11.548733711,13.647562981,-19.540296555,-0.363378763,-6.065557957,-2.388346910,-2.556512117,0.157454655,-0.837757170,-0.729896128,-9.071615219,-3.416072130,-4.760543346,-3.427361012,1.174371243,-0.472809911,-1.625392437
480,9599.986,1786880170256.602,14958074.537,0.000000000,-34.223739624,-9.080707550,35.056781769,-117.788101196,-30.686290741,-15.024833679,39.215175629,10.441238403,-12.897956848,-13.045184135,-1.285683870,0.265888661,11.349370956,14.729425430,-20.742235184,4.645100594,-8.070453644,-3.298003197,-0.425277263,-0.169372648,-0.268836439,-0.777253807,-7.535362244,-0.949500024,-2.193620920,-4.433954716,1.046783328,-0.380769819,-1.562417626
481,9619.989,1786880170276.605,14958094.540,0.000000000,-16.304132462,-25.529066086,35.347297668,-69.240577698,-21.959009171,-14.841710091,17.683517456,15.425210953,-6.219196320,-26.759914398,-1.445800781,0.010733356,6.234077930,13.793142319,-15.340459824,4.971531868,-7.263770580,-3.405738115,-1.164535999,-0.037243765,-0.306414574,-0.893958628,-5.661399364,-0.721665978,-1.814256072,-4.652161598,0.664131880,-0.775119781,-1.793915272
482,9639.987,1786880170296.603,14958114.538,0.000000000,3.802430153,-30.964385986,19.336793900,18.773328781,2.560561895,0.184676379,-11.552064896,5.026756763,2.065388918,-24.850250244,-1.641860723,-0.401590317,4.496987343,9.771181107,-3.552839994,2.702977180,-3.583952904,-2.888420105,-0.636620462,-0.288691193,-0.161455050,-0.377066433,-7.064667702,-1.918807626,-2.925928354,-3.135812521,0.786664367,-0.863743067,-1.217123985
483,9659.986,1786880170316.602,14958134.537,0.000000000,17.521831512,5.978610039,-24.455434799,31.477483749,5.735233307,1.901797533,-28.961881638,-17.109804153,11.781138420,-7.327757835,0.298099279,-0.259625822,3.655040026,-0.263196409,16.439123154,0.289344221,1.315879941,-0.516271770,2.414140940,-0.994092941,0.565339029,-0.050497942,-8.058279037,-2.238135338,-3.338388681,-0.256569356,0.787645757,-0.190994531,-0.492668629
484,9679.987,1786880170336.603,14958154.537,0.000000000,14.722631454,24.129535675,-19.134786606,11.236134529,-1.619229913,0.673512042,-41.263454437,-20.448242188,-2.340300560,-16.163030624,-3.419352770,0.334293008,-19.490070343,1.708813548,24.232028961,-4.153921604,5.773521900,1.180209756,2.748972654,0.074849583,0.877634764,0.362991005,-4.987823963,-2.144286156,-3.259758472,0.555581212,1.092460752,0.239079222,-0.576722205
485,9699.990,1786880170356.606,14958174.541,0.000000000,5.281327724,13.896591187,-4.136336803,-2.200726032,-1.926759958,0.130170003,-42.102752686,-12.364776611,5.506855011,-58.111385345,10.406919479,0.239597276,-28.648342133,11.919039726,20.508789062,-6.685947418,7.191724300,2.715846539,1.147068620,0.111070156,0.547097206,0.714512944,0.970930934,-3.464058399,-3.210217714,1.976858139,0.387201071,0.531708300,-0.868887186
486,9719.988,1786880170376.603,14958194.538,0.000000000,-1.199551344,4.361433506,4.081749439,1.696443796,0.636452973,0.024608692,-30.721990585,-7.249958038,40.283859253,-138.757354736,-16.699495316,-2.224409342,-10.997158051,12.356794357,10.231567383,-6.691663742,9.230725288,3.717524290,-2.373170376,0.189841121,-0.702731550,1.223711371,3.077974319,-3.910353184,-1.414096236,1.189983845,0.093243688,0.513003767,-0.474734992
487,9739.986,1786880170396.602,14958214.537,0.000000000,-5.330418587,-9.240537643,0.538028002,20.441679001,5.085431576,2.305485725,-4.394411087,-9.886282921,61.043830872,-139.000000000,-26.333814621,-2.747877121,9.116062164,-2.535428762,-4.590731621,-4.296228886,8.125017166,3.960110664,-5.248475552,-0.322074860,-2.062530279,1.294651508,1.956822634,-2.970524311,0.641399622,0.504621983,-0.179844901,0.083466306,0.428927958
488,9759.994,1786880170416.610,14958234.545,0.000000000,-3.733109951,-4.467450142,-10.030359268,26.016893387,5.549696922,1.994112015,16.780950546,-13.095837593,67.081474304,-139.000000000,-25.343599319,-4.890542507,19.671377182,-20.128963470,-16.089042664,-3.585483551,5.663086414,3.286117315,-3.955877781,-0.147296339,-2.440668106,1.144767284,-3.911571264,-2.911664248,0.444055468,-1.558482170,-0.147609651,-0.249009192,0.699693739
489,9779.996,1786880170436.612,14958254.546,0.000000000,-3.186937332,4.773404121,-12.667926788,-0.479556769,0.256714523,0.357784867,16.348773956,-11.597069740,50.458293915,-138.207992554,-24.946994781,-7.674331188,11.063694954,-26.802898407,-18.435007095,-4.835381508,1.678498626,1.948793769,-1.075748324,-0.086313672,-1.116150856,0.810590208,-7.393893242,-4.216887474,-1.966169596,-3.450938225,0.113806471,-0.479124039,0.149752766
490,9799.995,1786880170456.611,14958274.545,0.000000000,-2.847853661,6.165261745,-5.925025940,-3.530786753,-0.697026730,0.269933730,3.085688114,-10.243729591,30.124021530,-114.820419312,-23.122093201,-7.128014565,1.107461572,-18.461017609,-8.856424332,-2.448977232,-2.823006392,0.074031428,0.799446344,-0.305962116,0.155040741,0.333082229,-8.260086060,-8.280052185,-5.483429432,-3.595183611,0.463740796,-0.689577639,-0.653232753
491,9819.987,1786880170476.603,14958294.538,0.000000000,-4.402218342,1.247145534,-2.912620306,-1.413484454,-0.511286795,-0.109117277,-8.497129440,-11.359775543,8.865689278,-73.693748474,-15.681181908,-6.807466507,12.266589165,-11.293536186,5.952709675,3.711796045,-6.527072430,-1.982983351,0.782859921,-0.473617166,0.952953219,-0.311967075,-9.569584846,-11.082032204,-7.464421272,-1.809199333,0.852234244,-0.184060171,-0.970672429
492,9839.997,1786880170496.613,14958314.548,0.000000000,1.446166635,-0.960199952,-7.517744064,9.077544212,0.772192001,1.058066249,-6.420836449,-3.255883217,-16.662424088,1.053952336,-2.786522865,-0.225852475,18.346120834,-10.200083733,5.916984558,9.451902390,-7.388341904,-3.268791676,5.096056461,1.339514256,2.659577131,0.119604908,-10.661697388,-10.709119797,-7.923205853,0.135317892,1.061113000,0.838537216,-1.308176041
493,9859.997,1786880170516.613,14958334.548,0.000000000,10.191235542,4.587613106,-2.159245968,-1.050554752,0.345888376,-0.311792493,14.546488762,36.436660767,-35.546550751,83.970619202,5.051930904,1.041293859,13.258909225,-22.149520874,-7.057460785,9.654412270,-3.031108618,-0.737665594,16.946565628,-0.032290820,5.000000000,-3.449916840,-9.509250641,-7.151624680,-7.507534981,1.114023685,1.168761015,1.435083985,-2.043741226
494,9879.999,1786880170536.615,14958354.550,0.000000000,11.362923622,-4.786984444,15.822011948,-9.607520103,-3.172679424,-2.055470467,13.516731262,28.764316559,-22.426761627,10.788965225,0.365094125,1.061284661,-6.800886631,-29.426414490,-5.236571789,7.485968113,2.191903114,2.413300037,21.979814529,-2.436601162,5.000000000,-1.741861343,-6.385645866,-3.285749197,-6.079834461,-1.265101314,1.307719827,0.853435993,-2.720971346
495,9899.998,1786880170556.614,14958374.549,0.000000000,-0.289925247,-8.418223381,12.761802673,4.116465092,-2.672773838,-1.121537209,8.495007515,2.214516163,18.999307632,-44.662601471,-3.391093016,-0.346776903,-19.470428467,-22.335332870,5.979086876,4.234911442,5.559040070,4.565864563,21.559919357,-3.424768925,5.000000000,0.684881985,-1.973809600,-4.265401363,-5.265084743,-2.472542763,1.253338456,-0.618538678,-2.616320848
496,9919.991,1786880170576.607,14958394.542,0.000000000,-24.470403671,5.892663002,-6.847015381,0.363669187,-0.539980471,0.141445816,5.923640251,-20.491039276,43.083206177,-53.876167297,-4.042437077,-1.386532545,-20.289655685,3.538171768,14.144503593,3.943340540,6.348324776,4.184936047,18.457469940,-3.089894056,5.000000000,3.096100330,0.766507745,-7.099454403,-4.851143837,-1.343104720,1.104417324,-1.182021260,-1.916145205
497,9939.993,1786880170596.609,14958414.544,0.000000000,-23.137424469,20.916360855,-17.261440277,-0.820511222,-0.415330976,0.059900850,-5.015873909,-37.158428192,22.145521164,-21.003725052,-2.217240095,-0.794607341,-5.622437954,16.571380615,15.300076485,5.459470272,8.473830223,5.129738331,14.466637611,-3.770852804,5.000000000,4.971335888,1.702988029,-5.980014801,-3.655836105,0.393683165,0.808624446,-0.957327843,-1.079344153
498,9959.988,1786880170616.604,14958434.539,0.000000000,-21.325010300,13.900124550,-16.096223831,-2.063047886,-0.264936626,0.517025471,-10.032484055,-36.480213165,28.037910461,-92.536941528,18.989368439,-3.123144388,11.397086143,15.577857971,11.708486557,7.136616230,11.083103180,5.563164234,15.062908173,-2.984122038,5.000000000,2.906774521,-0.022456240,-2.136433601,-1.249181747,0.838820457,0.620733321,-0.511068881,-0.222991645
499,9979.987,1786880170636.603,14958454.538,0.000000000,-22.646774292,-5.394594669,-10.782383919,-2.235472202,-0.247569963,0.597850323,0.171382427,-30.598413467,39.102523804,-92.537071228,9.313427925,-4.657040119,17.507442474,12.974925041,9.326024055,10.937669754,18.524507523,5.265290260,16.247224808,-2.082567930,5.000000000,0.823049545,-3.147469521,-0.182558239,0.965962589,-0.529820979,0.033872694,-0.694501102,0.207451537
500,9999.986,1786880170656.602,14958474.537,0.000000000,-14.497904778,-10.855503082,-7.611487389,0.778727710,0.480093539,0.507396698,6.814458847,-20.027311325,28.404899597,-52.081096649,6.280177116,-3.520400524,23.942043304,9.486515045,2.351609945,14.246698380,23.650470734,4.991746902,13.401752472,-1.630582571,5.000000000,1.287788391,-3.566478491,-0.067389123,1.069248080,-2.604622364,0.000742326,-1.162982106,0.221947744
501,10019.986,1786880170676.602,14958494.536,0.000000000,-2.669666052,-13.654071808,0.634021461,-2.854521036,0.650732160,-0.013739857,13.496744156,14.361836433,-1.677789092,35.396259308,2.467287302,0.198994935,25.026451111,3.812730074,-9.410733223,14.547144890,24.458005905,6.279468060,12.617547035,-2.226891994,5.000000000,2.719232798,-2.161330700,0.255965173,-0.420503259,-3.050956488,0.353444487,-1.531389952,-0.611806750
502,10039.986,1786880170696.602,14958514.536,0.000000000,5.320253849,-23.256797791,17.554025650,-2.816016674,0.065656409,-0.449240953,7.818340778,30.044090271,-15.504744530,24.429855347,2.302039385,0.499744356,22.640594482,3.559468985,-12.624755859,14.584135056,25.000000000,1.262425184,9.506711006,-0.174209177,5.000000000,-0.153454557,-0.086338349,-0.086441644,-0.359411210,-2.054351568,0.430940986,-1.493694901,-0.799939334
503,10059.990,1786880170716.606,14958534.540,0.000000000,9.420254707,-24.479412079,17.179553986,7.654492378,0.483629376,-0.304681033,7.138164997,16.061454773,-8.545684814,-10.380936623,-0.196296096,0.366234750,24.994850159,17.775365829,-6.985972881,17.650653839,25.000000000,-6.615812302,0.894437611,1.978025436,5.000000000,-3.092482567,-0.336080700,-0.627232909,0.026692560,-1.236940622,0.517478943,-0.577101767,-0.475320131
504,10079.988,1786880170736.604,14958554.539,0.000000000,-8.060509682,-35.158054352,12.655695915,0.609080613,0.468607485,-0.233407095,-37.611026764,5.343885422,-0.353530765,-0.048489030,2.568343163,0.326674432,16.145183563,49.743137360,-21.276613235,20.511798859,19.836061478,-2.923521996,3.237921238,2.388943434,1.348376870,-2.051452637,0.483100057,2.913373709,-0.169413939,0.942587972,0.466550469,1.353888869,-0.197916329
505,10099.996,1786880170756.612,14958574.547,0.000000000,9.357574463,-38.060829163,26.008243561,-11.175388336,-0.054509230,-0.755124927,-52.959934235,-46.308681488,7.534489155,-38.971767426,2.060059071,-1.443900466,42.723018646,44.793304443,-17.759765625,18.735191345,13.082438469,-0.213316739,4.894916058,-0.554618597,-0.022544719,-0.126019508,3.574644566,7.462170124,0.950229347,1.301183343,1.162410021,-0.122712836,-0.362595081
506,10119.992,1786880170776.608,14958594.543,0.000000000,-7.587470531,-47.766853333,23.133268356,-5.569868565,-0.246243551,-0.455217183,-48.838939667,-40.464977264,8.362665176,-42.143367767,-5.719749928,-0.582552731,55.122612000,43.494689941,-3.324220896,19.975700378,6.010095119,2.172836065,8.368886948,-0.648843586,0.431489348,2.004513025,5.277157307,10.457406044,3.402707338,1.764060020,0.429414392,-0.464363754,0.248089164
507,10140.000,1786880170796.615,14958614.551,0.000000000,-11.017486572,-37.102535248,18.787179947,-20.719980240,-1.816620588,-0.358856827,-19.148996353,-4.635019779,-12.407261848,0.110768005,-0.486994952,0.322593808,53.109657288,28.170106888,5.435721874,24.264942169,4.418156624,2.344470739,9.074214935,-0.204075709,1.631757498,2.016556978,0.819546163,15.216690063,5.092150688,0.120427318,-0.575529993,-0.391282052,1.186800241
508,10159.999,1786880170816.615,14958634.549,0.000000000,-21.765522003,-21.962247849,3.948093653,-29.588680267,-2.603782654,-0.269921869,25.667837143,43.543754578,-26.287191391,62.312976837,5.243840218,1.073150873,45.959629059,6.172582150,8.330921173,25.000000000,3.231777430,0.780373812,10.198698044,0.073532827,2.893962622,0.537924409,-2.701092958,16.234834671,4.836439133,-3.638945818,-1.821714520,-1.009548426,1.327399731
509,10179.989,1786880170836.605,14958654.540,0.000000000,-20.060585022,-15.960381508,9.058979988,-12.764486313,-0.909371912,-0.441531628,32.743000031,42.287097931,-17.375047684,45.943008423,3.466851473,0.602056980,27.403486252,-3.417405367,19.107208252,23.877506256,0.198787943,4.000220776,10.968912125,-3.318035603,4.174763680,4.244672775,-0.937638402,13.551782608,4.328927040,-4.574536800,-2.036513805,-1.910737753,1.096019864
510,10199.985,1786880170856.601,14958674.536,0.000000000,-14.235610962,-10.026597023,12.980715752,3.658942699,-0.512583554,-0.328585923,14.876747131,9.054952621,8.177502632,-12.317420006,-1.101908445,-0.073914297,4.106226921,0.144636929,13.141423225,14.112271309,-5.840748787,5.132852077,12.594026566,-4.356183052,5.000000000,3.767823219,7.880569935,12.986977577,3.754163265,3.028855801,-1.951448441,-0.182646602,1.045319676
511,10219.986,1786880170876.602,14958694.537,0.000000000,-4.544053078,5.580209255,9.035153389,9.406452179,0.663775265,-0.287805706,6.026359558,-12.197072983,18.752456665,-31.879301071,-3.471369743,-0.156544134,-23.431865692,12.137544632,5.329858303,6.578783035,-8.586762428,0.990084708,8.386007309,-1.130316019,5.000000000,0.352820009,15.381381035,9.579956055,2.732704401,8.943368912,-1.484500289,1.574127793,0.524386883
512,10239.997,1786880170896.613,14958714.547,0.000000000,-1.020006537,19.591579437,-5.142728329,6.101455212,0.662727475,-0.191319436,-18.040376663,-26.084461212,17.829690933,-14.630088806,-1.570637226,-0.417220205,-34.013687134,15.102826118,-2.746146202,1.436178088,-9.118469238,-1.591493726,1.880612731,-0.304284871,3.307615519,-0.726190984,17.203870773,3.084661961,2.094069958,11.608796120,-0.997318387,2.541894674,0.238799244
513,10259.998,1786880170916.614,14958734.549,0.000000000,4.043698311,28.327020645,-16.090019226,0.975235939,0.029932411,0.445237100,-8.266637802,-27.111469269,8.264690399,-4.986546040,0.167593777,-0.053849626,-28.932611465,9.099009514,2.012640715,-4.399894714,-8.216952324,-1.907503843,-1.469191551,-0.511579394,0.313270986,-0.663334489,14.929352760,-3.612447262,-0.219998658,13.076384544,0.256209880,3.336123705,-0.312878668
514,10279.992,1786880170936.608,14958754.543,0.000000000,2.483767986,21.139139175,-14.989576340,0.032503720,-0.068801612,0.405203551,-2.041165590,-12.940344810,4.659392834,-1.245308638,0.195126891,0.064977601,-15.914294243,1.307521582,4.070518970,-5.555248737,-6.454434395,-0.183901161,-3.211923122,-0.006732130,-0.847130537,-0.609919190,10.895073891,-9.212337494,-3.315541506,12.537752151,1.652456284,4.023024082,-1.202740312
515,10299.994,1786880170956.610,14958774.545,0.000000000,9.534745216,10.883213997,-8.229404449,1.974066854,-0.043599959,0.195208594,-2.163640499,0.453704208,-0.964820683,2.973054647,0.355741858,0.184022188,-11.708233833,-6.791881084,5.149227619,-6.134065151,-5.179214954,0.385925829,-4.320290089,-0.098368309,-1.475683451,-0.981266260,7.519785404,-10.681451797,-4.211939812,10.636529922,2.270976543,4.177093983,-1.580427408
516,10319.993,1786880170976.609,14958794.544,0.000000000,16.873516083,1.707790375,-2.253056526,6.521570683,0.154959962,0.191566005,-4.685670376,9.581183434,-6.558712006,4.072912693,0.491610318,-0.040299963,-9.682320595,-13.236320496,7.359609127,-7.594095707,-4.502125740,1.238903165,-4.233831882,-0.330740660,-1.814437389,-1.454002142,5.511963367,-10.708695412,-3.981154203,8.405292511,2.236466408,4.000759602,-1.680520654
517,10339.994,1786880170996.610,14958814.545,0.000000000,24.592119217,-3.128943205,1.226482868,7.785239697,0.479812980,0.050940283,-5.162519932,13.555790901,-7.374999046,-0.863643110,0.464474350,-0.194527447,-5.893706799,-15.826531410,6.989557266,-9.589016914,-7.427533627,1.023258090,-4.628260612,-0.951091886,-2.094893694,-1.649824262,3.007514000,-8.310062408,-3.538576841,5.178311348,1.962406516,2.841420412,-1.419769526
518,10359.997,1786880171016.613,14958834.548,0.000000000,28.494350433,-6.359209538,5.066031456,8.192310333,0.652824283,-0.071277939,-5.846383572,14.189583778,-7.839892864,-5.729012012,-0.088743635,-0.227649435,-2.175752163,-14.640919685,3.957106113,-11.314358711,-10.962763786,0.705120087,-3.537704945,-1.372436285,-2.061374903,-1.884738088,1.115516067,-5.060533047,-2.653537989,2.106097460,1.283192992,1.382535934,-1.149976254
519,10379.992,1786880171036.608,14958854.543,0.000000000,31.058309555,-7.501580238,6.655448437,8.122570038,0.996370673,-0.087660141,-10.288746834,11.238944054,-11.029096603,-2.079259157,-0.008130870,-0.062767804,1.021882892,-14.408837318,2.180896044,-14.185790062,-12.253800392,0.898020029,-3.138147116,-1.975349784,-1.437989831,-2.086859703,0.115941197,-3.384914875,-1.492974401,-0.805337131,0.243814424,-0.123943605,-0.765489936
520,10399.991,1786880171056.607,14958874.542,0.000000000,0.000000000,0.000000000,0.000000000,0.000000000,0.000000000,0.000000000,0.000000000,0.000000000,0.000000000,0.000000000,0.000000000,0.000000000,0.000000000,0.000000000,0.000000000,0.000000000,0.000000000,0.000000000,0.000000000,0.000000000,0.000000000,0.000000000,0.000000000,0.000000000,0.000000000,0.000000000,0.000000000,0.000000000,0.000000000
521,10419.992,1786880171076.608,14958894.543,0.000000000,-72.040992737,43.278530121,-12.828582764,-4.098036766,12.020112038,1.050515175,61.067295074,-8.488724709,-6.015845776,43.703353882,33.958595276,2.292519808,70.885131836,-18.428724289,28.948259354,25.000000000,3.886591911,10.552070618,19.756675720,-1.240644455,5.000000000,3.323001623,-18.550559998,-13.404782295,-0.256473660,11.405725479,0.064842895,3.365196466,-1.945518494
522,10439.992,1786880171096.608,14958914.543,0.000000000,-86.808074951,27.722999573,-9.638883591,-37.351356506,-1.376667380,0.369103968,73.289505005,-25.946010590,37.646980286,-24.039949417,11.621655464,3.976921320,-4.509800911,-26.106189728,19.634840012,22.122018814,13.889513969,9.548153877,10.169199944,2.840773344,5.000000000,1.509930015,-11.560396194,-3.834258318,-1.756952643,2.840988874,0.167548344,2.903149128,1.867749095
523,10459.995,1786880171116.611,14958934.545,0.000000000,-56.967247009,-3.932258606,-1.248481870,-21.070020676,-3.986346960,-0.006306051,52.120239258,-20.983844757,19.288011551,-3.215086937,22.970596313,-0.618166506,9.934405327,-20.386301041,6.784343243,17.622596741,11.663932800,7.348015785,7.169899940,0.242517963,5.000000000,2.379071236,-7.280596733,6.579505920,-2.479485035,-6.333218098,0.784140170,-0.426398307,-0.245937049
524,10479.998,1786880171136.614,14958954.549,0.000000000,-8.656323433,-5.368164539,-2.446727991,0.438711435,0.019485736,0.171209767,25.954851151,-0.774241388,-8.754606247,18.667663574,21.504844666,-1.788559318,23.162462234,-4.701237202,-4.182475090,18.246219635,7.598354816,6.457067490,5.087582588,0.345059574,2.307051182,2.020576239,-6.548385620,10.355033875,-0.137051255,-8.906864166,1.292434812,-2.567811251,-1.212761760
525,10499.997,1786880171156.613,14958974.548,0.000000000,2.149722576,-24.677209854,9.466235161,-1.597086668,0.274262428,-0.114103131,32.376270294,-5.606933117,-17.904399872,31.613498688,22.460802078,0.677083254,9.253515244,3.352656364,-28.983661652,14.882281303,1.636261463,1.633873224,1.536252975,0.675483704,0.671069503,0.406276584,-2.686959267,8.009069443,-0.016797762,-8.778347969,0.154981300,-3.829793930,-1.525874138
526,10519.996,1786880171176.612,14958994.546,0.000000000,14.059056282,-38.824043274,27.952022552,5.102030277,0.317965567,-0.828625023,24.356943130,-17.666944504,-11.356144905,13.189249992,12.955033302,2.657372952,2.825261831,-3.169956207,-44.247642517,6.651683807,-4.846140385,-2.903003931,-5.291891098,0.016419919,-1.946885467,-1.124670386,-0.235259458,1.612221360,-0.779080689,-6.544537067,-0.103497937,-3.427705050,-1.329793215
527,10539.989,1786880171196.604,14959014.540,0.000000000,41.031414032,-43.075542450,33.112907410,10.035617828,0.652055502,-0.690008163,2.780897617,-12.731549263,3.751085520,-10.388464928,13.627989769,-0.614449978,-5.708042145,-10.278368950,-42.373855591,-5.842363834,-7.249945164,-4.688836098,-12.548871994,-0.795613527,-4.938162804,-1.661142230,-0.878507674,-3.379906416,-1.454051971,-4.681496143,-0.436477572,-2.782215834,-0.708558857
528,10559.995,1786880171216.611,14959034.546,0.000000000,36.571453094,-42.276271820,30.035293579,10.774024010,0.540895104,-0.460587919,-39.302425385,-13.369953156,24.425296783,-86.920097351,24.535203934,0.093249142,-17.765825272,-3.501775265,-29.089231491,-15.479004860,-9.491449356,-7.440698624,-16.093772888,-1.277257442,-5.000000000,-2.303536892,-1.961880088,-4.916238308,-1.126411319,-2.732772827,-0.276299685,-1.666579962,-0.039739355
529,10579.996,1786880171236.612,14959054.546,0.000000000,26.130167007,-30.194976807,17.843345642,-0.249295816,-0.419196844,-0.142718613,-53.737480164,-15.564093590,49.867691040,-109.081916809,25.151935577,-3.168139219,-24.728754044,3.768009186,-19.705831528,-19.490530014,-9.578707695,-8.481735229,-16.381330490,-2.293920517,-5.000000000,-2.311409950,-2.830787182,-3.998456240,-0.824444115,-1.022235870,-1.126576066,-0.983179867,0.878348529
530,10599.995,1786880171256.611,14959074.546,0.000000000,24.465007782,-10.245736122,3.415155172,7.138363838,0.407035530,-0.359958619,-54.916248322,-26.892833710,64.606086731,-97.011932373,18.742261887,-6.536934853,-27.175743103,5.347256184,-10.738790512,-21.246322632,-8.954545021,-9.111268997,-16.627416611,-1.476037383,-5.000000000,-2.189728260,-2.748381853,0.620198309,-0.487372994,-1.749013424,-1.153367162,-0.301127791,1.265374184
531,10619.995,1786880171276.611,14959094.546,0.000000000,8.102632523,11.601317406,-6.212225914,10.215537071,1.039985538,-0.328002900,-38.072402954,-44.784641266,65.714691162,-61.694728851,12.129096985,-7.585020065,-35.200527191,13.221294403,-10.853575706,-21.409675598,-6.471096992,-6.340399265,-11.639703751,-1.336674809,-5.000000000,-2.063485146,-3.755246401,-0.512441695,-1.116403461,-2.626018286,-0.683094978,-0.681916475,0.407246083
532,10639.991,1786880171296.607,14959114.542,0.000000000,-7.407181740,28.294788361,-12.242680550,3.896164179,-0.627426207,0.175243199,-20.043306351,-60.254013062,60.358886719,-22.408916473,1.891702294,-10.538915634,-44.781345367,19.665912628,-10.371960640,-20.703899384,-3.295135260,-4.892263412,-9.754261017,-1.244763613,-5.000000000,-1.600015998,-1.358857274,-4.579946995,-1.495720387,-3.357243776,-0.261685461,-1.517608285,-0.448047310
533,10659.995,1786880171316.611,14959134.546,0.000000000,-19.201122284,46.152832031,-17.668504715,3.089081764,-1.353142262,0.147718266,30.350826263,-72.396354675,27.832216263,47.854534149,6.725833893,-6.214303970,-31.783348083,12.137926102,-18.987409592,-17.264869690,1.645668030,-2.202977419,-7.915481091,-0.404743165,-5.000000000,-1.066508055,1.081846356,-7.462379456,-2.990948915,-2.826889992,0.276386350,-1.528096437,-1.460649014
534,10679.994,1786880171336.609,14959154.545,0.000000000,-6.728477001,45.338108063,-8.865934372,1.490730882,-1.402413130,0.349393278,42.211681366,-48.659843445,-5.301449299,25.640228271,0.714503348,1.387097239,-8.290914536,-12.068370819,-20.955375671,-16.120128632,6.343556404,1.846654654,-4.666306973,0.902601242,-5.000000000,-0.396896571,0.716631234,-7.315965176,-3.304177284,-1.692234993,0.548215210,-0.655211568,-1.859133005
535,10699.992,1786880171356.608,14959174.543,0.000000000,26.071588516,15.346071243,-0.517535090,2.617515802,-2.205717325,-0.022376837,7.419226170,-2.032368422,-8.065546036,1.064578056,0.111229591,0.638586402,3.685994387,-27.043876648,-19.689294815,-13.418983459,6.885750294,3.715895653,-4.567212105,0.764064848,-3.197751284,0.071101822,-0.567739546,-3.962538719,-1.961624265,-0.175164342,1.462649822,0.033173919,-1.109633923
536,10719.999,1786880171376.615,14959194.550,0.000000000,64.402488708,7.702761650,15.665616989,-12.406986237,-19.281572342,-1.080976248,-34.048759460,26.631654739,-21.973079681,-22.837743759,-0.556570351,0.668201566,4.673967838,-30.320577621,-17.764902115,-8.615934372,4.333309174,3.971295595,-5.128149033,-2.421809196,-3.825113058,0.991093874,-2.977935076,-2.115888596,-1.043112040,0.019032283,1.355468869,0.342301965,-0.404354930
537,10739.993,1786880171396.609,14959214.544,0.000000000,50.733772278,-14.837578773,36.471332550,-55.375457764,-33.599216461,-3.488789320,-29.036560059,55.399036407,-35.439666748,-9.623677254,-1.499541640,0.799088418,-40.439327240,-15.285413742,-28.367216110,-9.565867424,-0.461705148,2.679466009,-7.001183033,-3.055780888,-4.133801460,1.834277272,4.769800186,-4.951348782,-2.260701180,-2.523667574,0.551025093,-0.678698838,-0.572072864
538,10759.995,1786880171416.611,14959234.546,0.000000000,29.887474060,-32.463989258,43.784206390,-50.295936584,-25.402194977,-3.418490887,-25.169521332,47.230457306,-22.747289658,-2.291030169,-0.849817157,0.361779392,-44.222751617,2.803526163,-35.124202728,-10.895398140,-4.431032181,1.616048932,-9.718332291,-2.010620356,-4.005947113,1.134137511,10.755939484,-10.444646835,-4.911598206,-2.418056965,-0.194976524,-1.475040555,-1.046790600
539,10779.993,1786880171436.609,14959254.544,0.000000000,24.831895828,-31.371511459,32.558677673,-30.649177551,-15.639827728,-3.230505228,-19.867536545,20.598747253,-6.919604778,-3.475903988,-0.661131203,0.091201246,-24.075580597,14.985516548,-41.306930542,-7.573217869,-8.787111282,1.496065140,-8.762277603,-1.392833352,-4.109302044,1.558605075,8.118386269,-11.397272110,-5.876446247,-0.452505976,0.389422953,-0.680151224,-1.192674637
540,10799.993,1786880171456.609,14959274.544,0.000000000,24.751455307,-20.491586685,19.605518341,-15.343690872,-10.108366013,-6.830381393,-12.514342308,-1.211202621,4.502562046,-5.228131294,-0.580965698,-0.368684798,-15.001540184,17.005596161,-41.712131500,-4.226278782,-8.703173637,0.224889725,-7.279786110,-0.015533006,-3.237253189,0.915051818,4.117865562,-9.046868324,-6.027134895,0.653272450,0.736415625,0.521163821,-1.039667606
541,10819.996,1786880171476.612,14959294.547,0.000000000,19.455425262,-7.509674549,10.069870949,2.698573351,-1.980326533,-3.393881083,-5.880117416,-20.687652588,15.020806313,-10.383327484,-0.921109140,-0.433386207,-11.481045723,12.577315331,-34.824611664,-3.312978029,-8.611564636,-0.680128038,-4.426215649,-2.337661743,-2.714498758,1.831427097,0.673836768,-5.734097004,-4.920330048,-0.501157522,0.661637068,0.557084024,-0.998554468
542,10839.996,1786880171496.612,14959314.547,0.000000000,20.753442764,4.442431927,-3.512295723,13.126608849,1.361619592,-0.692621052,-12.096168518,-31.633377075,27.390092850,-25.569387436,-2.937459707,-0.759516895,-11.093350410,9.112644196,-13.432929993,-5.640689373,-5.174934387,-0.597196221,-2.029528856,-0.637698054,-1.913366199,0.973112047,-1.340752482,-1.668511152,-2.539253473,-1.785293579,0.709705949,0.004312996,-0.831875145
543,10859.997,1786880171516.613,14959334.548,0.000000000,18.812833786,5.829874516,-10.557137489,-0.583015978,-0.436382502,0.887431979,-32.987937927,-20.218994141,21.624723434,-51.200729370,8.390688896,3.061570406,-15.322880745,8.904476166,-1.549338818,-7.631939888,-3.740491390,0.719763339,-1.473761916,-0.748193681,-1.197180510,1.459731340,-1.373559833,0.996487141,-0.445372790,-3.030696630,0.944476545,-1.095935941,-0.623242974
544,10879.992,1786880171536.608,14959354.543,0.000000000,15.020880699,0.773028195,1.456631184,-1.396608710,-0.647893429,0.384084165,-35.875350952,-13.368014336,5.488092899,-114.484428406,-28.895912170,3.199124575,-10.549355507,5.261173248,6.919419289,-6.214354992,-0.377481401,1.817645788,-2.469844341,-0.135789037,-0.897331536,1.021242261,-1.655270100,3.187153101,1.688466907,-4.334669590,0.859335184,-2.136772394,-0.425777048
545,10899.987,1786880171556.602,14959374.537,0.000000000,31.922288895,-9.279344559,0.278917402,1.607264996,-5.255973339,5.493756771,-62.862758636,-5.996524334,9.279197693,-139.000000000,-31.292577744,6.246184826,5.886255741,-8.739333153,21.479253769,-4.193322182,1.244839072,2.787161827,-4.478280544,-0.477719635,-1.466265678,2.676071882,-1.152833700,6.881217003,4.903779030,-4.205340862,0.255104214,-2.464746714,-0.171458259
546,10919.986,1786880171576.602,14959394.537,0.000000000,23.539613724,-1.095341921,-3.000525236,12.434000969,-3.480818987,1.645213366,-54.499534607,-28.697134018,14.903518677,-139.000000000,-30.366861343,2.083659649,19.066097260,-21.358842850,21.701473236,-3.198265553,1.129422188,3.297939062,-5.305852890,-0.378626049,-1.818427563,1.339244008,-3.396263838,7.409822464,7.136060715,-4.763777733,0.134857997,-2.457778692,0.695603728
547,10939.987,1786880171596.603,14959414.538,0.000000000,16.895486832,12.516867638,-16.163141251,9.086217880,1.333342552,2.226580143,-26.443223953,-23.364490509,8.014176369,-78.990562439,-20.594942093,4.501339436,16.617046356,-15.243586540,6.722171783,-3.051388264,-1.085413098,0.669098675,-4.942262173,-0.214672655,-1.860740304,0.362604231,-5.792671204,5.794626236,6.643444538,-4.389837265,-0.299975663,-2.367707729,1.060107470
548,10959.985,1786880171616.601,14959434.536,0.000000000,-36.688907623,12.720112801,-2.164079666,-25.421125412,-2.691427946,-1.061535358,69.266456604,-4.939090729,-5.281718731,54.804546356,5.377642155,1.323229909,18.522439957,-1.197665334,-19.528234482,-0.528306365,-5.587286949,-2.954264641,-4.148823261,-0.208683133,-1.899020076,-0.619527578,-7.938055038,4.395777225,4.575450420,-6.224782944,-0.017581837,-2.132099390,0.490191460
549,10979.985,1786880171636.601,14959454.536,0.000000000,-52.080223083,2.347601414,10.992502213,-49.252063751,-11.945520401,4.885456562,67.839897156,-12.066842079,1.685135484,4.129423618,-1.364000320,-0.053656291,20.522468567,2.245429754,-21.314918518,1.656437516,-6.500744820,-2.956907034,-3.320913553,-0.095598184,-1.905006528,-0.845558167,-9.383552551,3.472565889,3.296372414,-7.189934254,-0.448041320,-1.770426750,-0.114987709
550,10999.985,1786880171656.601,14959474.536,0.000000000,-27.888900757,-13.215245247,17.639568329,-39.602436066,-12.463805199,-1.110785604,34.235404968,3.405238390,3.370992899,-4.493368626,0.024863616,0.106258929,14.883392334,2.804990768,-13.138231277,2.018127918,-7.080816269,-3.316489458,-3.033571482,-0.243858278,-1.316637993,-0.796695948,-11.248585701,1.539132237,1.057546973,-6.497806549,0.039723456,-1.617159009,-0.410569102
551,11019.985,1786880171676.601,14959494.536,0.000000000,2.057255745,-23.171636581,19.046543121,-18.044437408,-7.289467812,-5.315926552,-2.491094589,16.291814804,-8.219944954,-6.974670887,-0.292946279,-0.099680521,7.547189713,9.148022652,-7.561900139,2.029224396,-6.690372944,-4.001012325,-2.428999901,-0.073750407,-0.773407221,-1.094767690,-10.516631126,-0.085407667,-1.215254068,-4.501053810,0.285458356,-1.035622239,-0.762348771
552,11039.987,1786880171696.603,14959514.538,0.000000000,19.779973984,-20.175275803,16.811674118,2.499210358,-2.095137835,-3.755225658,-23.912662506,16.574108124,-14.070236206,-8.792898178,-0.560882449,0.091584004,3.136843681,12.443758965,-1.610321045,2.268908501,-5.319730282,-3.906093359,-1.314187884,-0.036834110,-0.306683570,-0.990500689,-7.835246563,-1.001367211,-2.260860682,-2.164460421,0.466300607,-0.218079597,-0.936766088
553,11059.986,1786880171716.602,14959534.537,0.000000000,24.115333557,-12.361360550,9.695749283,14.670305252,1.114153147,-1.781134486,-30.979740143,8.304249763,-6.193118572,-11.260605812,-0.772670090,-0.109853581,-5.049751759,11.995590210,3.446882010,1.150469899,-2.659769773,-2.924488068,-0.521317482,0.321115345,0.063959815,-0.803424656,-4.692973614,-0.933069229,-2.632148504,-0.734038830,0.518711746,0.277339339,-0.872552514
554,11079.986,1786880171736.602,14959554.537,0.000000000,23.555999756,-7.668766022,3.059280634,13.645442009,1.964931369,-0.634353042,-25.492050171,6.370924950,-6.607508659,-2.355854273,8.119351387,1.426174521,-9.120478630,8.975288391,5.543259621,0.364665300,-1.308771014,-1.748582363,-0.033700686,0.080162078,-0.014789419,-0.217206955,-2.228607893,-1.016418457,-2.207751751,0.021085486,0.462499291,0.602696419,-0.746654987
555,11099.985,1786880171756.601,14959574.536,0.000000000,4.669297695,-4.965188980,7.704419613,-1.728181481,-0.047043357,-0.854137838,-19.195415497,-12.545296669,2.507607460,-130.630767822,-11.175675392,-0.995931864,9.270772934,-4.222754002,-0.267057598,1.283976197,2.403323650,0.833178818,0.240354195,0.092263408,-0.132231846,0.659822226,-2.431368828,-1.326675177,-1.340096235,-0.395000279,0.017827701,0.563765228,-0.496544331
556,11119.985,1786880171776.601,14959594.536,0.000000000,2.063917637,-2.299030066,5.081530571,6.503106594,-0.475204527,-0.432778627,-10.561606407,-20.922544479,18.589662552,-139.000000000,-20.994453430,-0.492583513,15.987002373,-18.478034973,-6.254259109,0.501605153,4.376638412,3.345107794,-1.215922594,-1.040641308,-0.818875909,1.960464120,-5.518227577,-1.064475894,-0.339271635,-2.531616688,-0.277697116,-0.096391164,-0.206506282
557,11139.989,1786880171796.604,14959614.539,0.000000000,-0.986283183,-0.241036996,3.026925564,12.322855949,1.381891966,0.153722078,-3.373551369,-16.885437012,25.626579285,-139.000000000,-24.915788651,-1.608595252,13.371110916,-21.241027832,-7.960617065,-1.292028427,5.457827091,3.642656565,-2.097212315,-0.445223093,-0.982365012,1.734156132,-8.379990578,-1.461976647,-1.020243049,-5.015978813,-0.037873518,-0.945996404,-0.231732309
558,11159.986,1786880171816.602,14959634.537,0.000000000,3.118453979,-2.465012312,1.767882824,7.610978127,0.864177763,0.081715569,-8.931975365,-8.041809082,24.989398956,-133.651885986,-23.672428131,-2.465028763,5.203498363,-16.857133865,-8.494962692,-3.032212019,4.195992947,2.317434072,-2.385077000,-0.331636131,-1.059165716,0.954786897,-9.688525200,-1.854228497,-2.595044851,-5.789806366,0.143083557,-1.202980280,-0.492489278
559,11179.987,1786880171836.603,14959654.538,0.000000000,8.711912155,-3.423334599,2.305257559,12.826091766,1.379511595,0.172338963,-15.038898468,-7.779128075,23.580141068,-116.629425049,-21.624019623,-3.175762892,-0.387705326,-12.266486168,-6.926874161,-4.076530933,2.548116684,1.061631441,-2.484741449,-0.094157904,-0.906338871,0.328216255,-9.796201706,-2.173178911,-4.069202423,-6.098810196,0.401889324,-1.165590167,-0.833292067
560,11199.988,1786880171856.603,14959674.538,0.000000000,14.319414139,-2.240123272,2.595432281,22.308080673,2.213781357,0.083228290,-22.894832611,-9.346740723,22.102745056,-115.613265991,-21.411781311,-2.886387825,-1.521283269,-8.747681618,-4.325624943,-3.854741573,0.989212036,0.351427972,-2.565535545,-0.094561189,-0.676569879,0.019717965,-9.290150642,-2.417302370,-4.850952148,-5.661115646,0.601365089,-0.996405244,-1.241386533
561,11219.986,1786880171876.602,14959694.537,0.000000000,21.418020248,-0.509834945,1.658748031,19.072254181,1.281743288,-0.187459454,-31.117324829,-14.388152122,18.611072540,-115.280036926,-21.454526901,-3.282846212,-2.429296017,-4.625379086,-3.943264723,-4.077506542,0.636215746,-0.139641270,-3.755095005,0.238465905,-0.809720576,-0.192008495,-8.161106110,-2.285899878,-4.942277431,-4.969254971,0.898154140,-0.548089921,-1.324109077
562,11239.986,1786880171896.602,14959714.536,0.000000000,28.109195709,5.619319439,-0.156327233,20.804790497,2.528433084,-0.216305703,-36.913909912,-19.753311157,15.393451691,-111.745353699,-21.490398407,-3.350440264,-3.175740480,-1.764100313,-3.230139256,-3.099779844,1.992151737,0.183300689,-3.227386713,0.243689850,-1.146430016,-0.171965793,-6.141184807,-1.981589675,-4.209158897,-3.546059608,0.732528508,-0.263231844,-1.146547318
563,11259.986,1786880171916.602,14959734.536,0.000000000,28.030885696,7.536355495,-2.397240400,9.732617378,0.777763605,-0.082860015,-38.397716522,-21.365924835,8.468189240,-103.503684998,-20.355916977,-3.356101274,-2.483913422,0.042450540,-4.438130379,-2.185279846,2.732929707,0.683649182,-3.024120092,0.047253039,-1.113742471,0.105913170,-4.304578304,-1.875388741,-3.179437637,-2.758941174,0.575988412,-0.232193783,-0.846694231
564,11279.985,1786880171936.601,14959754.536,0.000000000,28.718864441,6.790851116,-4.227223396,17.898748398,1.193448424,3.746530771,-31.693088531,-14.087991714,2.632363081,-70.937530518,-14.907266617,-3.328074217,-0.737770379,2.162997961,-2.255736828,-1.589362741,3.439670086,1.213227630,-2.777014732,0.478521794,-1.138489485,0.282463402,-3.956124544,-1.491321564,-2.080410719,-2.389112711,0.686053753,-0.426455677,-0.604097247
565,11299.986,1786880171956.602,14959774.537,0.000000000,18.175827026,-1.749280810,10.009337425,-2.394182682,-1.775179386,-0.594224155,1.347022057,10.795533180,-13.695474625,14.017079353,0.107652277,0.138363257,3.207571507,7.346436977,-12.823828697,0.200467244,0.011538170,0.012142377,-1.740664601,0.010914644,-0.801882803,0.119836830,-3.413568497,-1.718708396,-1.178147435,-2.617085695,0.823539972,-0.872740090,-0.543371260
566,11319.988,1786880171976.604,14959794.539,0.000000000,-30.704044342,-8.840768814,35.728473663,-107.506980896,-27.371179581,-5.573306084,46.926044464,24.542772293,-12.317252159,28.851131439,2.183549881,0.204412207,5.683513641,18.771480560,-20.654634476,3.287918091,-4.256467819,-1.716836214,-0.420729041,-0.090099558,-0.341703624,-0.053497434,-3.173987150,-1.902902365,-1.043210983,-3.564457178,0.612473428,-0.940039635,-0.738937676
567,11339.986,1786880171996.602,14959814.536,0.000000000,-37.535846710,-19.518154144,43.975063324,-101.626808167,-25.467742920,-7.215643406,35.675975800,18.664693832,-3.686897278,-13.670554161,-1.708138466,0.011431283,0.465733230,21.646343231,-17.412662506,3.771458626,-3.407476664,-1.384586811,0.766796172,-0.006866801,-0.191109404,-0.396993071,-3.509867668,-2.484998226,-1.664676070,-3.329387426,0.323619694,-0.584251106,-0.995558202
568,11359.987,1786880172016.603,14959834.538,0.000000000,-22.100923538,-28.104511261,35.068618774,-34.102970123,-6.279356480,-2.389824629,12.284514427,15.833685875,0.747046351,-10.621350288,-0.787730277,-0.275726646,-1.113481760,22.494180679,-11.434929848,3.159874678,-2.012351513,-1.455797553,-0.529039383,-0.290401936,-0.176689193,-0.217739940,-4.791407108,-3.812364340,-3.075724602,-2.417999029,0.541936457,-0.378897101,-0.902589977
569,11379.986,1786880172036.602,14959854.537,0.000000000,17.770893097,-16.765926361,17.122779846,-1.290999532,-3.199607372,-4.664617062,-24.948297501,1.184343457,-1.471610188,-25.669630051,-0.871048152,-0.318092763,3.892340183,16.776308060,-4.757262230,2.213429213,0.854413569,-0.713584900,-0.798641503,-0.440842330,-0.365967691,-0.050233260,-6.052951813,-3.608372211,-4.074321747,-0.613520563,0.888737321,0.190220922,-0.742963970
570,11399.985,1786880172056.601,14959874.536,0.000000000,36.331127167,4.745928288,-13.922016144,37.713493347,5.634292126,1.307919979,-37.691051483,-12.553781509,-1.751136780,-6.831297874,-2.242173195,0.012613144,-6.384444237,10.203275681,3.581611872,-1.487130761,3.930556297,0.655826688,-0.494462788,0.064445779,-0.438555390,0.194576889,-4.949867725,-2.198458672,-4.049369335,0.120893724,0.996665418,0.711555898,-0.606987119
571,11419.989,1786880172076.604,14959894.539,0.000000000,28.783660889,16.096221924,-24.743246078,24.447664261,3.445255041,2.649252653,-39.695838928,-16.624843597,4.043482304,-12.840188026,-7.577054977,-0.039857332,-18.552894592,8.688039780,10.483435631,-4.501445770,5.614290714,2.177525282,-0.029563352,0.104069926,-0.417342782,0.376587123,-0.478554130,-0.842860818,-2.803537846,0.802840173,0.878732085,0.715121448,-0.595366299
572,11439.985,1786880172096.601,14959914.536,0.000000000,11.642210007,17.051033020,-13.691135406,5.211524487,1.347429395,0.523492217,-28.078222275,-21.305692673,26.426530838,-119.291641235,-19.773462296,-2.613122225,-9.293320656,-1.909263015,5.150848389,-4.423254013,6.837828159,3.248960972,0.146269187,-0.457455933,-0.470612675,0.842589557,2.262568235,-1.083575845,-1.197648764,0.400121331,0.202742860,0.404288083,-0.429966420
573,11459.988,1786880172116.604,14959934.539,0.000000000,6.892657280,3.904161930,-11.715766907,17.702167511,3.525408983,1.683535695,-8.137051582,-19.192131042,39.702445984,-139.000000000,-25.012702942,-1.484021068,5.968869686,-19.610582352,-7.168642044,-2.032737970,6.990458012,4.465094566,0.339098364,-0.752574861,-0.515282512,1.138443589,0.966619551,-2.500884533,-0.151579127,-0.900022328,-0.285286397,-0.086670600,-0.089544736
574,11479.990,1786880172136.606,14959954.540,0.000000000,1.076334238,2.349757671,-4.742961407,8.737816811,0.559592068,0.263228923,4.513760567,-17.083833694,40.385589600,-139.000000000,-26.848764420,-2.012087345,10.406651497,-26.044225693,-14.136507988,-1.522149086,6.772266865,3.897535324,-1.276134968,-0.596036732,-0.721914113,1.150481820,-2.953680038,-3.749279737,-0.188550681,-3.347685337,-0.141753733,-0.673847854,0.069142438
575,11499.992,1786880172156.608,14959974.543,0.000000000,5.477434158,-0.312965095,-3.449275017,11.016054153,1.620651245,0.368985057,-3.765980482,-10.036127090,34.997612000,-132.974182129,-24.735624313,-3.197506189,5.554420471,-16.822662354,-13.191748619,-2.858263254,5.355725288,2.557970762,-2.273632526,0.038444109,-1.166447043,0.916941643,-7.188810349,-4.808328629,-2.770966053,-4.508848667,0.182474971,-1.012751460,-0.351543695
576,11519.986,1786880172176.602,14959994.537,0.000000000,5.737936497,2.481916666,-2.780968904,7.925721645,0.555048823,0.225651488,-13.193610191,-15.867844582,34.686897278,-124.871208191,-23.380117416,-5.070518494,0.634353459,-10.421083450,-9.055074692,-5.627664089,2.380542517,1.503773093,-3.485540390,0.024922660,-1.221793890,0.511705816,-9.522543907,-5.120491505,-5.151711941,-4.601539612,0.651795745,-0.708704770,-0.957450628
577,11539.985,1786880172196.601,14960014.536,0.000000000,12.424227715,3.919824123,-5.656071186,20.512037277,2.449281454,0.468632847,-24.151210785,-20.964042664,31.369527817,-113.784477234,-21.950345993,-4.952492714,-1.666050315,-5.781675339,-3.514335155,-5.964656353,0.055949315,0.585403383,-3.847758293,0.210506529,-1.186455369,0.103081413,-9.537922859,-4.972619057,-6.090159416,-3.279676437,1.009634018,-0.344047815,-1.214779615
578,11559.986,1786880172216.602,14960034.537,0.000000000,11.192811012,9.887278557,-11.395855904,6.759116650,0.526885867,0.514556170,-21.459915161,-22.335910797,19.629318237,-76.453765869,-15.140423775,-5.022323132,0.994847536,-4.139033794,-1.653802276,-4.730546951,-1.809926987,-0.464936703,-3.941255808,0.248733431,-1.049151182,-0.317915708,-8.668609619,-5.131914139,-5.999232769,-1.622972250,1.143486977,0.139049262,-1.123553038
579,11579.986,1786880172236.602,14960054.537,0.000000000,12.366142273,10.564020157,-12.247668266,-19.192874908,-1.408556581,0.031860411,-6.828432083,3.562680721,-9.744478226,14.305395126,-1.223731756,-0.807551384,4.582048893,5.420937538,-7.438626289,-1.987687588,-3.552336216,-2.154767513,-4.538791180,0.598511636,-0.728254735,-0.756222486,-7.235575676,-5.236575127,-4.499051571,-0.783155620,1.443423152,0.052354630,-0.950834513
580,11599.985,1786880172256.601,14960074.536,0.000000000,9.056097031,7.274979591,21.308395386,-35.362850189,-8.304044724,-5.375612736,29.115413666,40.182064056,-26.033128738,94.190490723,6.205579758,0.426167101,8.161835670,12.682055473,-22.062694550,1.507910132,-6.970242977,-3.751224756,-2.441826344,0.471368819,-0.408928454,-1.180399895,-5.333251953,-3.389346123,-3.615217924,-2.495342016,0.717043221,-0.055450842,-1.348394871
581,11619.985,1786880172276.601,14960094.536,0.000000000,-9.475522041,-3.167116642,65.289764404,-139.000000000,-36.842174530,-13.457978249,24.552953720,21.707305908,-9.564546585,-35.750289917,-3.789748669,-0.081144102,-4.707252026,13.488641739,-28.543273926,3.749105692,-10.051338196,-4.068847656,0.340250969,0.015133420,0.220039204,-1.543450117,-1.611801624,0.683827281,-1.828747988,-5.073235512,1.052879930,-0.475173622,-1.975369811
582,11639.988,1786880172296.604,14960114.539,0.000000000,-22.554124832,-23.058660507,58.700275421,-113.140029907,-30.612533569,-19.543010712,24.114616394,17.771202087,8.681128502,-36.765571594,-2.493196964,-0.417388767,-14.590374947,17.287912369,-27.977119446,3.116044998,-10.627076149,-4.093950748,-1.082066894,-0.095003299,0.441288233,-1.229618788,0.449133486,-1.432164073,-1.887718797,-5.112962723,0.360989809,-1.892564893,-1.920855761
583,11659.986,1786880172316.602,14960134.537,0.000000000,-3.001574039,-18.132968903,6.416108131,34.187297821,8.194746017,1.139373899,4.740941048,-18.227018356,41.607448578,-29.486440659,0.080343500,-1.575235963,-3.608358860,13.103699684,-15.260920525,4.113429546,-5.517331123,-3.593299627,0.017367288,-0.634778023,0.198912069,-0.655002117,-0.173112124,-4.979949474,-3.837153912,-0.095052429,-0.096406505,-0.648202956,-1.189550757
584,11679.985,1786880172336.601,14960154.536,0.000000000,11.441616058,25.073028564,-42.668598175,24.412498474,2.842080116,1.873340487,-20.152193069,-33.726867676,1.707499385,8.425413132,-0.417876422,0.789879084,9.312991142,-3.235228300,13.082945824,1.273705840,1.223712206,-1.371734262,3.135290623,-1.528485537,0.691997588,0.085884906,-5.820845127,-5.431920528,-4.647261620,2.036211967,0.865808189,0.453418642,-0.384574831
585,11699.988,1786880172356.604,14960174.539,0.000000000,8.768777847,33.174816132,-32.077602386,14.207572937,-1.787788630,1.065329552,-40.361339569,-35.822425842,-15.489887238,-23.172983170,-2.153112173,0.551338911,-12.622168541,-4.403171539,30.397783279,-4.461464405,8.100602150,2.237950325,3.389132977,-0.149012968,0.854318202,0.631315649,-6.933982849,-5.832682133,-4.297593117,3.661551476,1.417238235,1.286639571,-0.196165651
586,11719.987,1786880172376.603,14960194.537,0.000000000,3.431999207,15.830615997,-5.675853252,-1.047013044,-2.364920855,-0.150137916,-50.224166870,-11.643554688,-3.227705717,-73.507995605,17.646432877,-4.581497192,-30.779462814,12.508255005,31.261634827,-6.704550743,10.541153908,3.851152420,1.797722101,0.798279583,0.495445728,1.115478635,-2.388877153,-6.322524548,-3.669606686,2.552445173,0.650029063,1.317310452,-0.748346090
587,11739.986,1786880172396.602,14960214.536,0.000000000,2.436294794,3.802980423,6.269258022,3.051320791,-0.508694768,0.049542286,-35.571582794,-7.320989132,14.449010849,-98.642524719,8.184886932,-11.724204063,-16.797176361,21.115343094,16.970752716,-6.639027596,13.035366058,4.247015953,-1.464854836,0.432129145,-0.703464270,1.113390088,0.684394658,-4.902865410,-2.550309896,0.944895029,0.574921250,0.748200417,-0.820425272
588,11759.986,1786880172416.602,14960234.537,0.000000000,-0.813358903,-6.906652451,4.153133869,15.899035454,3.625481606,1.549404979,-5.516089916,-7.479270935,32.803634644,-108.171958923,-14.855237007,-10.379899025,9.230061531,3.872527361,-5.729235649,-3.778518915,13.787591934,6.978212357,10.205125809,-0.395762354,1.665833354,-0.189018339,-0.155844823,-1.406891346,-0.424405605,0.131143540,0.316969991,0.220088124,-0.038374126
589,11779.985,1786880172436.601,14960254.536,0.000000000,2.847960472,-10.276363373,-11.256996155,20.368495941,4.868600845,2.149210691,18.713182449,-4.998753548,37.305404663,-95.941741943,-20.182952881,-7.968553066,31.904136658,-26.218101501,-11.942830086,3.089151382,10.599432945,7.207367420,15.286847115,-1.744704247,4.030883312,2.510884762,-4.042525291,-0.396416485,0.684688509,-2.767210484,-0.210276917,-0.461224645,0.485379606
590,11799.985,1786880172456.601,14960274.536,0.000000000,-1.113723755,-6.915937901,-7.809333801,0.401581764,0.075567596,0.378962874,25.093103409,-1.595890760,10.430847168,-67.584877014,-16.804069519,-8.909246445,27.003341675,-34.473937988,-7.668184757,7.838862419,10.689456940,6.031720638,16.683124542,-1.643504262,5.000000000,4.162158966,-5.761804104,-2.984108925,-0.971217215,-4.446831703,-0.126164392,-1.370656490,0.135969624
591,11819.986,1786880172476.602,14960294.537,0.000000000,3.245282173,-7.584177017,-11.562910080,1.437462449,1.875078797,2.502545595,24.694969177,22.689302444,-19.392658234,42.166671753,2.166691303,0.092072308,16.943613052,-25.412195206,-6.398118973,9.647994995,12.489208221,5.339805126,16.020000458,-0.573530018,5.000000000,4.407509804,-5.839382648,-6.678784370,-4.745359898,-3.144116640,0.212443486,-1.278394938,-0.973601639
592,11839.985,1786880172496.601,14960314.536,0.000000000,-0.435645312,-7.251710415,6.257336617,-8.376995087,-0.259933740,-0.222142488,26.937782288,27.633234024,-11.139083862,42.447929382,3.785480738,0.358061522,8.935669899,-19.523937225,-9.824370384,9.670246124,15.092679977,5.409453869,16.407682419,-0.690240920,5.000000000,4.147830009,-2.725970268,-8.482994080,-6.355554581,-0.791420341,0.075775132,-0.707228899,-1.845286131
593,11859.986,1786880172516.602,14960334.537,0.000000000,-4.744583607,-14.234877586,10.833025932,3.939554453,0.107694350,0.164731964,11.518714905,7.066102505,9.451660156,-14.489581108,-0.797710419,-0.334646791,4.212001324,-10.327223778,-1.901966929,9.850832939,15.532739639,5.536159992,15.241636276,-1.082744479,5.000000000,5.000000000,-0.820548534,-10.067075729,-6.448362827,-0.109265395,0.848305523,0.118749417,-1.996114969
594,11879.985,1786880172536.601,14960354.536,0.000000000,-13.507767677,-5.318603992,5.088012218,7.498479843,0.282483429,0.296636105,-10.838470459,-20.134471893,22.647882462,-59.496902466,-4.200813770,-1.007689238,0.088907227,6.629028797,15.720062256,13.963919640,24.409698486,3.620979071,7.525879383,0.036456399,5.000000000,0.639961660,-2.720280647,-10.715423584,-5.715580463,0.672014534,1.578379154,0.774090886,-1.539957166
595,11899.989,1786880172556.604,14960374.540,0.000000000,-22.244071960,2.493961096,-5.230000019,1.293906331,-0.052767988,0.284617931,-12.573248863,-23.938644409,10.304878235,-69.114395142,18.213684082,-5.548452377,7.160859108,27.044738770,19.367197037,14.739136696,25.000000000,-1.283628583,4.021614552,0.682563961,2.145531893,-1.100414753,-3.714415550,-8.768920898,-4.025587082,0.000373267,1.056108713,0.413679153,-1.385421395
596,11919.987,1786880172576.603,14960394.537,0.000000000,-21.767704010,-3.816226721,-7.340910912,-1.030223608,0.214406356,0.343275428,-10.580517769,-24.861761093,13.242408752,-61.473770142,9.856159210,-6.050782204,21.165645599,33.996280670,12.188074112,15.480186462,25.000000000,-2.041111231,2.927366972,0.486332208,0.776174664,-1.664998055,-5.566948891,-5.452449799,-2.097957373,-0.903049886,1.012965560,-0.260402769,-0.898023546
597,11939.985,1786880172596.601,14960414.536,0.000000000,-25.037891388,-30.014474869,-10.042640686,-2.884689331,0.102723591,0.152559519,-15.361850739,-21.246166229,12.509483337,-4.062548637,3.313889742,-2.170543671,41.836669922,27.036127090,-9.232263565,20.087566376,25.000000000,-4.405192852,0.273114324,0.942076504,1.007475019,-2.866350174,-6.649271011,3.458909035,-0.304531008,3.934616089,0.576107442,2.379323244,0.113142394
598,11959.986,1786880172616.602,14960434.537,0.000000000,21.852500916,-34.296638489,12.146096230,-6.451156616,0.058266286,0.054391738,-12.402649879,-28.232276917,3.413070679,11.013723373,0.766015112,0.146822155,64.760635376,25.258159637,-22.378854752,17.339206696,25.000000000,1.773300648,6.982601643,-0.097901605,1.032205820,1.045729876,-4.623517513,11.479219437,1.203444242,-0.012641340,1.333824992,0.646637201,-0.447775602
599,11979.986,1786880172636.602,14960454.537,0.000000000,22.997814178,-46.465103149,30.620843887,3.693316221,0.325881392,-0.510378182,-22.946121216,-0.390884429,-8.383625984,0.995352149,-0.892597675,0.721786082,60.593704224,25.440429688,-18.974554062,15.330911636,20.855482101,4.976018906,10.118257523,-0.272852272,2.067029238,2.788441420,2.112519503,14.640766144,2.815309525,-0.971382797,0.774856865,-1.281876445,-1.257240653
600,11999.986,1786880172656.602,14960474.536,0.000000000,10.376211166,-42.202396393,38.824409485,0.029092642,0.178642347,-0.713513732,-28.947814941,22.881076813,-21.071733475,-6.248497486,-1.330229044,0.433556497,43.849266052,23.423183441,-12.136835098,15.191507339,13.182174683,4.109272003,9.069725990,-0.021741018,2.738862276,2.969632387,4.474805832,16.813507080,5.739479542,-0.982126355,-0.707516313,-1.566073775,0.896261334
601,12019.987,1786880172676.603,14960494.538,0.000000000,-2.521019459,-34.143543243,28.449924469,-8.351758957,-0.573044181,-0.633488417,-16.896493912,14.962067604,-19.655584335,-5.000135899,-1.156828523,0.255410999,41.495410919,16.651571274,-2.015268326,18.372224808,4.786589622,1.042763472,6.329186440,0.005755465,2.278377533,1.442780495,1.446210861,15.442211151,6.204209328,-2.909048319,-1.663047314,-1.808701754,2.104479790
602,12039.986,1786880172696.602,14960514.537,0.000000000,-9.649487495,-36.150806427,15.790128708,-9.120910645,-1.258206725,-0.331739873,11.529089928,4.207857609,-5.152964592,2.778566837,0.555465698,-0.019968541,48.388687134,7.019362450,4.952877998,16.259695053,-2.683561802,6.043181419,11.625620842,-5.139698029,4.980345249,5.000000000,5.683965206,14.353328705,3.253593445,-0.952758849,-1.194015861,-1.289945960,1.047254562
603,12059.987,1786880172716.603,14960534.538,0.000000000,-21.015380859,-13.867420197,9.114282608,-7.265149593,-0.929459631,-0.312043339,21.261114120,5.847820282,8.761537552,8.331181526,0.289109856,0.000411541,22.322319031,3.484985590,2.919365406,11.467602730,-4.006702423,2.333814859,11.104111671,-1.374657989,5.000000000,5.000000000,6.950944901,13.721858025,4.427313328,2.778573990,-2.125308990,0.394563198,1.895888209
604,12079.986,1786880172736.602,14960554.537,0.000000000,-16.317632675,-0.545513272,4.542790413,-3.570537567,-0.568116367,-0.338528782,17.032117844,3.041557789,11.090024948,11.384107590,1.042912126,-0.086142302,1.465485811,0.963208437,5.414725304,8.840261459,-2.922510862,-0.673187733,6.308040619,0.031917438,3.841085196,0.552555263,7.275575161,9.905582428,4.023408413,3.416965961,-1.132397175,0.950695813,1.609051943
605,12099.989,1786880172756.605,14960574.540,0.000000000,-9.553793907,10.158498764,-5.791366577,9.712684631,0.882481277,0.528175056,20.694887161,-9.016365051,15.647390366,-11.766028404,-0.314835370,-0.084786668,-12.094889641,0.573565543,7.473300934,5.063146114,-1.362010717,-0.326069325,5.411906242,-0.084498562,2.843636513,-0.298365802,11.838060379,3.847101450,0.993509412,6.157420635,-0.575984418,1.681501985,0.454787582
606,12119.986,1786880172776.602,14960594.537,0.000000000,-1.028942108,20.659561157,-8.067749977,6.698566437,1.136321783,0.220786139,-0.718057632,-17.705799103,16.181901932,-9.764444351,-1.449536443,-0.150568455,-23.248382568,3.913317680,5.303225517,2.088880062,-0.226863503,2.012611866,1.999377370,-0.704598427,2.154596806,1.245142221,12.063977242,1.260221839,0.760473371,8.571927071,-0.282677174,2.491493225,0.312157929
607,12139.985,1786880172796.601,14960614.536,0.000000000,3.324339628,20.273508072,-10.887646675,3.935091496,0.472504824,0.439977646,-2.884698391,-16.612924576,7.777725220,-8.249892235,-0.860137761,0.025274850,-19.683509827,3.884998322,5.329822540,-0.823240697,-0.432006329,1.055229425,-0.228433743,0.321821988,0.481403023,0.296647012,12.680605888,-0.001324768,-0.485863626,10.510439873,0.114368372,2.863708496,-0.544798136
608,12159.987,1786880172816.603,14960634.538,0.000000000,6.024967670,14.578234673,-9.044338226,4.677863598,0.757500529,0.470628113,-3.591084719,-7.550449371,3.787811995,-3.397620678,-0.377515435,0.090722911,-15.364055634,3.024874210,5.191059589,0.014386586,-1.668598533,0.906611562,-1.366540670,0.572048783,-0.266550034,-0.369856328,9.613425255,-1.815247416,-1.242644906,9.495020866,0.909629107,3.371272564,-0.823467672
609,12179.986,1786880172836.602,14960654.537,0.000000000,12.892332077,8.257089615,-4.404475689,5.145226479,0.351150274,0.300205380,-10.274353981,3.365498304,-4.336203575,5.130116940,0.268526673,0.233365148,-17.413965225,-1.017673731,2.593738794,-2.075068951,-3.640117645,0.914259315,-1.047500134,-0.012430531,-0.482508034,-0.649258494,8.751032829,-3.365728617,-0.924612284,8.622093201,0.829540491,3.338860273,-0.881122291
610,12199.989,1786880172856.604,14960674.539,0.000000000,19.269168854,2.265521049,-0.857266128,6.936976433,0.525293410,0.202900380,-13.286420822,8.243242264,-8.818079948,2.620716810,0.244121701,0.258871078,-15.460547447,-5.601485252,3.156109333,-4.857974529,-4.324113369,0.630849481,-2.342082262,-0.395624399,-0.789823472,-1.072508812,7.135138988,-4.424956322,-0.975942850,7.369463921,0.555981636,2.818026781,-0.735169351
611,12219.986,1786880172876.602,14960694.536,0.000000000,22.209472656,-4.431867599,2.336669922,8.267673492,0.745103717,0.125426650,-10.618148804,7.490311146,-6.148647785,-3.731075287,-0.380802393,-0.283965528,-8.582001686,-5.841190815,1.415337920,-6.875720024,-8.264616966,0.326231122,-3.577078104,-0.732791603,-1.269100785,-1.388922334,5.551492691,-3.439110518,-1.504057527,5.469449043,0.675540984,2.189245701,-0.602482796
612,12239.987,1786880172896.603,14960714.538,0.000000000,18.354312897,-4.514621735,3.556239367,5.593865871,0.409348786,0.046387937,-9.011066437,10.873619080,-9.172626495,-2.268882036,-0.099054754,0.043992180,1.139214754,-5.285132885,0.967235386,-6.080510139,-6.644804478,9.283623695,-5.199866772,-2.583193302,-1.474382877,-3.770688534,3.559397697,-2.197574854,-1.236125231,3.647927999,0.383125097,1.172431946,-0.298362821
613,12259.988,1786880172916.604,14960734.539,0.000000000,13.320415497,-7.035228252,4.820864201,3.580276012,0.217762589,0.027038669,-8.919448853,12.109666824,-9.695051193,-2.110747099,-0.329125166,0.075823478,1.142755151,-4.028279305,0.773218751,-8.723402023,-6.457656384,2.362679005,-4.619278908,-1.923599243,-1.813015819,-2.219246864,1.502816796,-0.315161496,-0.527065992,1.256375790,0.044248838,0.415318817,-0.103321828
614,12279.985,1786880172936.601,14960754.536,0.000000000,6.053370953,-4.649572372,5.583755016,1.679794073,0.182223171,-0.001843401,0.882666051,23.636436462,-6.759429455,-20.443540573,-4.894032001,15.276517868,4.123618126,-3.156302214,-0.180586487,-8.877583504,-4.710527420,3.760182381,-5.304308414,-1.692271233,-2.013463020,-2.263660669,0.931472003,1.414114594,0.245005921,-0.115092278,-0.250900835,-0.130506918,0.083455190
615,12299.986,1786880172956.602,14960774.537,0.000000000,0.000000000,0.000000000,0.000000000,0.000000000,0.000000000,0.000000000,0.000000000,0.000000000,0.000000000,0.000000000,0.000000000,0.000000000,0.000000000,0.000000000,0.000000000,0.000000000,0.000000000,0.000000000,0.000000000,0.000000000,0.000000000,0.000000000,0.000000000,0.000000000,0.000000000,0.000000000,0.000000000,0.000000000,0.000000000
616,12319.986,1786880172976.602,14960794.537,0.000000000,-67.776054382,35.288982391,-11.452073097,-8.880724907,11.995812416,2.003019333,46.539916992,-19.862751007,-9.958672523,21.599115372,30.684331894,-0.165511742,68.376991272,-21.363584518,36.007347107,25.000000000,7.189443111,9.070993423,17.264009476,-0.689632952,5.000000000,2.362774372,-17.704158783,-9.284261703,2.230270147,11.012286186,0.062094934,3.563632488,-0.391517609
617,12340.001,1786880172996.617,14960814.552,0.000000000,-67.530784607,21.142795563,-4.787704468,-31.010772705,-2.053595781,0.287578255,47.475299835,-32.795536041,23.501605988,5.139691353,21.487888336,2.035651445,-1.482037187,-25.778511047,25.937051773,22.023044586,15.520195007,7.086080551,10.414013863,1.628480673,5.000000000,2.010076523,-9.857128143,-2.969981909,-0.290537268,2.947377920,-0.576134562,3.129349470,1.788914084
618,12359.992,1786880173016.608,14960834.543,0.000000000,-39.473072052,4.874656677,-5.091591835,-15.251017570,-1.047073960,-0.000162974,46.383300781,-3.787209034,-3.333039045,28.931449890,21.701503754,-6.421055794,11.694421768,-20.541568756,8.571283340,19.259590149,14.017608643,7.909274101,8.365082741,0.108231433,5.000000000,2.146036863,-7.577178478,6.743243217,-0.076711588,-4.458409309,-0.012436025,0.244514301,0.607058823
619,12379.989,1786880173036.605,14960854.540,0.000000000,-11.256564140,-11.226494789,-6.101677418,-3.013750553,-0.109324902,0.133977056,66.890785217,19.326663971,-21.208002090,59.444454193,24.103450775,-5.648000717,24.899112701,-9.857105255,-12.969235420,19.700780869,7.959408283,6.551234722,5.592499733,0.682242811,3.613889933,1.830564499,-4.679320812,9.213807106,-0.260765642,-8.084551811,1.422397494,-2.198260069,-0.711415589
620,12399.988,1786880173056.604,14960874.539,0.000000000,-22.017282486,-10.164292336,7.565827847,-6.996058941,-0.399843127,-0.252610058,71.629646301,-18.818214417,-8.137763977,40.382431030,11.163718224,3.159209967,13.616002083,-3.204506636,-37.323429108,17.147813797,-0.388717443,0.911242962,0.092182003,1.158839345,0.280953467,0.776946902,-1.700463533,4.545876503,-1.710460901,-7.318052292,0.425199419,-3.359191656,-1.497850657
621,12419.988,1786880173076.604,14960894.539,0.000000000,-9.336637497,-38.697185516,31.179101944,1.881498933,-1.931682229,-0.303455025,32.029315948,-39.396240234,24.653959274,-4.126716614,-1.443000555,-0.747181237,-6.478190422,-2.728347301,-50.000000000,5.029234886,-4.107103348,-3.074318886,-8.594383240,-0.018534951,-2.518684387,-0.627291203,-0.017169304,-2.310014725,-2.555083752,-6.687952042,0.701000333,-3.209071159,-1.403291464
622,12439.987,1786880173096.603,14960914.538,0.000000000,35.835281372,-57.148036957,37.434673309,8.138442039,0.791232765,-0.265240192,-16.132638931,-26.544488907,22.872711182,-32.854362488,40.930274963,0.479116857,-16.460367203,6.997570992,-38.045505524,-5.468464851,-5.437027931,-4.097619057,-15.106747627,-0.585534751,-4.830319881,-1.064279437,-1.184049606,-6.879820347,-2.292347431,-5.801930904,-0.062553287,-2.835156202,-0.899375319
623,12459.987,1786880173116.603,14960934.538,0.000000000,26.810293198,-39.623554230,31.458225250,4.711959362,1.120648146,-0.503662169,-38.203521729,-19.264337540,30.564590454,-63.725574493,46.628669739,-1.450693607,-24.632637024,14.156890869,-29.974647522,-13.876080513,-6.763401985,-7.430161476,-17.468154907,-1.380158305,-5.000000000,-1.959661484,-1.683282733,-6.967850685,-1.634654760,-3.559935331,-0.511329472,-2.130960464,-0.526112258
624,12479.987,1786880173136.603,14960954.538,0.000000000,28.757146835,-17.279319763,15.018647194,3.965955019,0.076560289,-0.191305459,-57.752700806,-43.077144623,54.385108948,-89.092536926,39.928817749,-2.451998472,-20.094526291,9.346224785,-18.558984756,-18.969701767,-7.912273407,-8.512464523,-16.838249207,-1.658598661,-5.000000000,-1.639454365,-2.804156542,-4.436897755,-2.076722622,-0.101967730,-1.384149313,-0.823896706,0.568794429
625,12499.987,1786880173156.603,14960974.538,0.000000000,24.112653732,3.605187178,-3.181071043,11.178064346,-0.242947996,-0.057952601,-57.178073883,-44.118297577,60.694778442,-86.456451416,30.693164825,-5.175337315,-31.375015259,6.413412094,-6.144162655,-22.032911301,-9.336004257,-8.777706146,-15.535820961,-1.121787071,-5.000000000,-1.954611778,-2.529038668,-0.469726741,-0.639376104,-1.196688056,-0.531981826,-0.113891646,0.552558720
626,12519.986,1786880173176.602,14960994.537,0.000000000,15.553211212,19.831628799,-7.687039375,10.257761955,-0.024358068,0.029881194,-46.356426239,-47.024509430,59.718048096,-56.410739899,20.945381165,-5.447976589,-47.401409149,11.988174438,-4.890108109,-24.699375153,-5.319595337,-6.213642597,-11.682313919,-1.475667000,-5.000000000,-1.860284925,-1.239158392,-2.250082254,-1.083108425,-2.274732113,-0.285884291,-0.812077224,-0.326610625
627,12539.987,1786880173196.603,14961014.537,0.000000000,16.221998215,22.664793015,-5.306863785,14.552884102,0.459434420,-0.056779161,-45.360141754,-55.205215454,60.743659973,-42.735969543,10.463804245,-9.557113647,-44.296569824,15.645353317,-4.226633549,-23.490856171,-2.474190474,-5.085292816,-10.241280556,-1.198629737,-5.000000000,-1.523308635,0.698927581,-4.505049229,-1.834948778,-2.177038431,0.451530248,-1.112991095,-0.822216332
628,12559.987,1786880173216.603,14961034.538,0.000000000,17.731256485,27.306585312,-4.019825935,15.337440491,0.742773950,-0.146972537,-35.458194733,-69.055282593,57.754165649,-28.073270798,4.685980320,-12.480650902,-41.658412933,12.272061348,-10.396336555,-20.027399063,1.941486716,-2.455188036,-7.848805904,-0.640476882,-5.000000000,-1.086566091,3.137273073,-6.707777023,-2.676650047,-1.209444404,0.739952147,-0.927324474,-1.195582151
629,12579.990,1786880173236.606,14961054.541,0.000000000,17.502342224,41.292163849,-11.559307098,10.995247841,-0.375779897,0.412673652,-9.057693481,-65.027015686,34.897388458,10.954299927,3.773861885,-7.614406586,-39.438747406,5.260397911,-19.046339035,-16.850809097,5.238728523,-0.264013588,-5.659152031,0.380553693,-5.000000000,-0.703256190,5.868542194,-7.103109360,-3.034596682,-0.970446050,0.534531713,-0.525414288,-1.353600502
630,12599.990,1786880173256.606,14961074.541,0.000000000,22.134399414,39.105449677,-6.306314945,4.019149303,-1.689080596,0.294821709,17.314861298,-34.705780029,0.493210018,25.950433731,5.527174473,-0.138878137,-21.826154709,-7.740118980,-27.644016266,-13.354863167,7.773353100,3.738136768,-4.823193073,1.421165943,-4.985036850,0.306680799,6.153431416,-6.943866253,-3.507251740,-0.989732385,0.928747952,-0.140639767,-1.481682658
631,12619.989,1786880173276.605,14961094.540,0.000000000,22.307353973,22.807586670,12.633728027,-21.165782928,-21.197370529,1.612832189,28.187778473,16.353002548,-21.474121094,15.541642189,0.882679462,1.094346642,-3.923866749,-16.706501007,-30.603780746,-9.754203796,4.029915333,4.001708031,-4.892133236,-3.656283379,-5.000000000,1.168873787,4.870115757,-5.271457195,-2.521767139,-0.622456372,1.168775558,0.365207791,-1.221875191
632,12639.987,1786880173296.603,14961114.538,0.000000000,22.096050262,14.114809036,22.197338104,-66.755462646,-24.763290405,-0.434524685,9.982515335,32.789062500,-24.901613235,-10.213257790,-0.737368822,0.854820669,-8.764217377,-13.051248550,-37.786895752,-5.293429375,-3.297450781,3.191464186,-8.843160629,-2.084185600,-4.510060310,0.875905573,4.787185669,-3.329144716,-1.163555503,-1.058837056,0.670191646,0.638022244,-0.385957241
633,12659.987,1786880173316.603,14961134.538,0.000000000,7.254650116,-14.469990730,18.929380417,-62.540081024,-28.700340271,0.907579362,14.615470886,28.424535751,-17.868066788,-1.852108836,-0.863759100,0.601675332,-21.730400085,-2.526622534,-36.929283142,-7.435709476,-8.196019173,-0.939936876,-12.881007195,-1.137596130,-4.354074955,0.250768274,4.247472763,-4.190261841,-1.650765538,-2.326928854,-0.068768531,0.119140781,-0.217979908
634,12679.989,1786880173336.604,14961154.540,0.000000000,5.146271706,-19.388916016,15.740770340,-38.378234863,-20.082624435,0.903172195,2.266991377,15.514406204,-3.245994091,-4.399721146,-0.913178265,0.196053743,-16.118408203,10.811293602,-28.913406372,-9.128672600,-11.246472359,-2.288748980,-12.937433243,-3.454263449,-5.000000000,0.204862848,0.543049574,-4.760722160,-2.963692665,-2.841574907,-0.487311363,-0.522647858,-0.373409837
635,12699.986,1786880173356.602,14961174.537,0.000000000,6.088165760,-9.334809303,6.044868946,-15.629865646,-8.589537621,-3.653689623,-5.137687206,-3.539856434,8.133424759,-5.138337135,-1.279106975,-0.519957423,-5.125677109,21.524055481,-21.829814911,-8.659736633,-11.879979134,-0.287247539,-11.101305962,-2.990256548,-5.000000000,0.488475412,-2.730667353,-2.299778461,-3.096016645,-2.619564533,0.172692358,-0.720024943,-0.718435764
636,12719.986,1786880173376.602,14961194.537,0.000000000,6.744469166,2.093580723,-3.259735346,-5.931629658,-3.937947989,-1.561239123,-4.630838394,-14.197367668,10.853250504,-1.149272561,-0.889585674,-0.476286530,2.166201115,23.278148651,-13.862166405,-7.735700607,-8.747655869,2.600004673,-7.961230278,-2.414579153,-5.000000000,0.781702995,-5.512302399,1.731526494,-1.256802201,-2.996072054,0.467140079,-0.916049659,-0.864777803
637,12739.988,1786880173396.604,14961214.539,0.000000000,4.964640141,8.718197823,-8.780092239,-3.910572529,-2.847358942,-1.492961168,-7.049490929,-18.475044250,9.044095993,-4.427922726,-0.953160703,0.090978265,4.162159920,18.106271744,-5.359745026,-7.585660458,-3.873256445,4.212042809,-6.531625748,-1.590869427,-5.000000000,1.244860888,-5.453610897,5.766544819,2.234555960,-3.040262938,0.340399444,-1.474706411,-0.600240827
638,12759.987,1786880173416.603,14961234.538,0.000000000,-0.261026055,8.940394402,-11.669545174,-7.010779381,-2.374474287,-0.406801194,-6.944324017,-15.339019775,10.387639999,-4.401575089,-0.115565851,-0.105204478,0.440892637,10.341341972,1.252813220,-8.758630753,0.305782109,5.079967976,-6.188854694,-0.717357516,-3.942634821,1.693786502,-3.138979197,7.383121490,5.019978523,-3.097520351,-0.358024508,-1.978817344,0.187502906
639,12779.985,1786880173436.601,14961254.536,0.000000000,-2.119100332,5.351747036,-8.402837753,-4.011895180,-0.803814292,0.396636397,-13.020113945,-6.069535732,1.609606266,-9.841676712,-0.228119195,-0.006169931,4.334086895,0.912765145,8.941521645,-8.633422852,1.800744414,5.199841022,-5.040133953,-0.846380174,-2.332088470,1.994450331,-2.526069880,5.898523331,5.753496647,-2.058522701,-0.546371996,-1.974959016,0.747026503
640,12799.986,1786880173456.602,14961274.536,0.000000000,-3.452354908,-6.081214905,1.518843889,-6.152701378,-2.051224947,2.465924978,-5.078307152,-9.389605522,-11.066556931,-98.304359436,-14.573583603,3.147289276,13.325222969,-8.633303642,4.264008045,-6.972787380,2.170734882,4.696459293,-5.534796238,-0.966391027,-2.084836483,2.251863956,-1.766017199,4.391610146,5.652684212,-1.358420014,-0.831219554,-1.455067396,1.185884476
641,12819.986,1786880173476.602,14961294.537,0.000000000,-2.234373808,-9.162394524,5.421008110,-9.565062523,-4.709639549,3.051178217,-13.050350189,-7.139176846,-0.725041747,-120.845787048,-22.862861633,3.111375093,20.064674377,-19.112575531,0.079523697,-6.454018593,2.432841063,5.394268990,-7.182752609,-0.680942953,-2.635475874,2.642026901,-4.091034889,4.300492287,6.292828560,-1.870410562,-0.529858887,-1.087875962,1.547664046
642,12839.986,1786880173496.602,14961314.537,0.000000000,-5.057357311,-8.894754410,9.810317993,-9.725431442,-4.615384579,2.128134251,-6.009143353,-6.089689732,7.175043106,-122.622871399,-23.728038788,3.147402048,15.029767990,-20.869546890,-4.770658016,-6.681830406,1.280172348,3.489754677,-6.919516563,0.281942487,-2.546588182,1.451813459,-6.959531307,3.475152493,5.002121449,-4.106770039,-0.297406942,-1.360129237,1.108084917
643,12859.987,1786880173516.603,14961334.538,0.000000000,-5.922078133,-10.104667664,12.641174316,-6.852416992,-3.018030882,1.138309836,-1.586188555,-3.336522579,12.227380753,-108.177871704,-20.234542847,2.713287592,6.668978214,-13.938847542,-8.596644402,-7.056817532,-0.838134348,1.718375325,-6.852943420,-0.474961728,-2.872435570,1.449738622,-8.935863495,1.845243454,2.352520227,-6.028816223,0.088374987,-1.623326302,0.502922356
644,12879.989,1786880173536.604,14961354.539,0.000000000,-4.035303593,-10.763164520,15.190793991,-3.453343868,-2.162226677,0.468108952,1.611508965,-3.506541729,15.619666100,-88.528892517,-15.292384148,1.674832702,2.560442686,-6.079926491,-11.193442345,-5.851369858,-2.196376324,-0.351291746,-6.525540352,0.022067111,-2.472687244,0.456969023,-10.136675835,0.209458470,-0.507115602,-7.350784779,-0.082264788,-1.956189036,-0.161963925
645,12899.987,1786880173556.603,14961374.538,0.000000000,-3.053993702,-11.239706993,16.402912140,-0.347590417,-1.582415462,-0.072636016,4.026491642,-3.890795231,16.630661011,-69.292060852,-12.074630737,0.534870207,0.934284091,-0.394433886,-11.461503029,-3.081668615,-3.058407784,-2.183750629,-5.375165939,-0.319106102,-2.243738174,-0.090942748,-10.412624359,-1.130247712,-2.438860655,-7.653191566,0.008101240,-2.010861158,-0.727515578
646,12919.987,1786880173576.603,14961394.538,0.000000000,-0.346349150,-10.635055542,16.029418945,1.755389214,-1.202676654,-0.172720104,3.760567904,-3.292762041,14.128765106,-56.703323364,-10.273221970,0.391080827,1.481495976,2.464237690,-11.015296936,0.047210131,-3.326936960,-3.279471397,-3.866190434,-0.153665885,-1.805403352,-0.470253378,-10.014083862,-1.898025990,-3.638538122,-7.164081573,0.425444305,-1.722273707,-1.182749987
647,12939.995,1786880173596.611,14961414.546,0.000000000,2.304527998,-10.762629509,15.769358635,1.549686790,-1.144778013,-0.330390662,2.371947765,-2.785426140,9.950689316,-48.907817841,-8.880966187,0.499663055,2.771763563,3.944314241,-10.513335228,2.569858074,-2.744251251,-3.371848583,-2.314868927,-0.120434657,-1.214747667,-0.549220502,-8.911331177,-1.532350063,-3.963305712,-6.227752209,0.726532996,-1.242576480,-1.375491500
648,12959.991,1786880173616.607,14961434.542,0.000000000,4.832562923,-10.784789085,14.399878502,3.163661957,-0.566575110,-0.196990952,-1.438411236,-3.450924397,7.047954559,-49.586791992,-9.148008347,-0.085516952,4.239613056,4.039163113,-8.878130913,4.086132526,-1.214491129,-2.408291578,-0.656727135,-0.224803150,-0.671456635,-0.303804547,-7.597419739,-0.979955554,-3.503663778,-5.129535198,0.815205038,-0.831449509,-1.422895432
649,12979.987,1786880173636.603,14961454.538,0.000000000,5.004038334,-10.414134979,12.075901985,4.026372910,-0.604229808,0.085040949,-3.618613958,-3.785230398,7.368101597,-54.743015289,-10.526285172,-0.723289132,4.612133980,2.164673090,-6.750751495,4.154745579,0.468177617,-1.003656626,0.078067109,-0.090292007,-0.198820755,-0.001713862,-6.372964382,-0.450864345,-2.697240829,-3.756503582,0.809558272,-0.486394376,-1.216879845
650,12999.988,1786880173656.604,14961474.539,0.000000000,4.109026909,-10.359981537,10.752898216,3.821161270,-0.662260473,0.201383904,-4.283753395,-4.123910904,6.399940968,-64.846824646,-12.504679680,-0.759247780,5.981829643,-1.006055951,-5.752373695,3.944405556,2.242992878,0.460844070,0.277372867,-0.112883225,0.063296266,0.273042530,-5.043025494,-0.133223474,-1.776314974,-3.065873384,0.420926481,-0.369768322,-0.795016766
651,13019.988,1786880173676.603,14961494.538,0.000000000,4.035494328,-10.092604637,9.672981262,5.512928009,-0.513549685,0.214733198,-5.736393452,-4.081182957,6.011289120,-71.957618713,-13.930813789,-0.560117424,6.694258213,-4.394679070,-4.782454014,3.413809061,3.587660789,1.553381681,0.522856951,-0.303454310,0.025577256,0.537942886,-4.001110077,-0.214202538,-1.232522726,-2.545168638,0.282185525,-0.330739588,-0.474915028
652,13039.986,1786880173696.602,14961514.537,0.000000000,4.764292717,-10.049717903,9.055294037,7.089087963,-0.295857817,0.063388400,-7.222651482,-3.590854406,5.648450851,-74.418067932,-14.215977669,-0.703751624,6.328516483,-6.241900921,-3.960759878,2.613234997,4.263524532,2.140125751,0.436839402,-0.425796211,-0.059710443,0.690999627,-3.649048567,-0.296171069,-1.005408168,-2.611187458,0.204035118,-0.301395625,-0.334714800
653,13059.986,1786880173716.602,14961534.537,0.000000000,6.324683666,-10.503141403,9.590697289,7.990768909,-0.076732114,-0.040496998,-9.466582298,-2.550394773,4.699790001,-73.737663269,-14.072042465,-0.797134578,4.931800365,-6.062010765,-3.691677570,1.866791964,4.284466267,2.228858471,0.164979696,-0.430171043,-0.165955454,0.708851695,-3.616627216,-0.480284929,-1.126186848,-2.799487352,0.119895019,-0.407564819,-0.367780060
654,13079.988,1786880173736.604,14961554.539,0.000000000,8.462980270,-11.257694244,10.789521217,8.468943596,-0.058363318,-0.064761899,-11.416982651,-1.257835746,2.912525177,-71.464805603,-13.649160385,-0.725655615,3.816421986,-4.717131138,-3.890455246,1.263054490,3.853232145,2.032207012,-0.118835330,-0.425812781,-0.275074989,0.661779284,-3.655040503,-0.629963398,-1.299257755,-2.942601442,0.124036126,-0.474548638,-0.425416261
655,13099.989,1786880173756.604,14961574.540,0.000000000,10.754805565,-12.398136139,12.396890640,8.611503601,-0.255985022,-0.058979277,-13.248004913,0.367799342,0.473124772,-68.036453247,-13.026366234,-0.527812719,3.087719202,-2.910284042,-4.680757046,0.896467149,3.277870655,1.671850920,-0.531152546,-0.358986735,-0.350030452,0.633997381,-3.684582233,-0.571459591,-1.390192509,-3.065438271,0.089767672,-0.483328104,-0.388940185
656,13119.987,1786880173776.603,14961594.538,0.000000000,13.579500198,-12.947911263,14.433564186,8.409140587,-0.576298177,-1.183985829,-14.065488815,2.091488600,-2.706608534,-63.862472534,-12.407836914,-0.297507793,2.589264870,-1.073829412,-5.872245789,0.651736677,2.654368877,1.305075169,-0.987203836,-0.271897048,-0.435421884,0.549330950,-3.604725838,-0.464450032,-1.366495848,-3.162252188,0.105035730,-0.520380080,-0.376214415
657,13139.986,1786880173796.602,14961614.537,0.000000000,16.436925888,-13.679959297,16.478796005,7.495527744,-1.037694097,-1.761560798,-14.144638062,4.378398895,-6.543180466,-58.356338501,-11.523936272,-0.036122069,1.978700995,0.676559269,-7.644067764,0.375940949,2.190730095,0.944916308,-1.457660437,-0.095347390,-0.530389488,0.462433517,-3.344243526,-0.410736173,-1.393172979,-3.186348200,0.118373834,-0.630720794,-0.344256312
658,13159.990,1786880173816.606,14961634.541,0.000000000,18.809274673,-14.048835754,18.562093735,5.822702408,-1.771058440,-2.466287613,-13.011101723,6.830737591,-10.553132057,-50.177673340,-10.074382782,0.248625085,1.901715875,2.509550571,-9.627065659,0.197725847,1.697467327,0.682218850,-1.758914828,-0.039571591,-0.684588194,0.382016301,-3.091111183,-0.201034874,-1.320645690,-3.192759275,0.193717375,-0.757780910,-0.358419210
659,13179.987,1786880173836.603,14961654.538,0.000000000,19.544101715,-13.515275955,20.436082840,1.826731682,-2.971853495,-3.206930399,-9.376974106,9.905838013,-14.803336143,-36.178070068,-7.772717953,0.587862551,2.016970158,4.577838898,-11.825021744,0.231382519,1.114105940,0.427104652,-1.819471955,-0.041960545,-0.763937593,0.304862231,-2.884653807,-0.092590876,-1.205409288,-3.191092491,0.282811105,-0.866753519,-0.377189249
660,13199.987,1786880173856.603,14961674.538,0.000000000,16.095785141,-11.089920044,20.884885788,-6.430473328,-5.087380409,-3.948520422,0.234835804,13.384251595,-18.354291916,-6.693820953,-2.443259001,0.745350957,1.890688300,7.775060654,-14.188862801,0.553026915,0.231505066,0.072976165,-1.489377499,-0.047529079,-0.685044825,0.182895496,-2.807543516,-0.224429935,-1.182257891,-3.141447544,0.417324394,-0.901671290,-0.402595520
661,13219.986,1786880173876.602,14961694.537,0.000000000,7.186482906,-3.434230089,16.205326080,-19.153532028,-7.845514297,-7.006809711,21.951421738,15.263601303,-14.358094215,31.032287598,2.244383097,-0.192022234,2.160049438,12.863583565,-17.677165985,1.373988390,-1.364123940,-0.931365609,0.032649420,0.175844565,0.240123183,-0.572628319,-2.720786572,-0.591510773,-1.565538049,-2.849277258,0.705114722,-0.846388161,-0.497843325
662,13239.990,1786880173896.606,14961714.541,0.000000000,6.771198273,-3.962754726,8.098834038,-31.126071930,-10.325535774,-7.345995903,12.327924728,6.494177341,-2.794918060,-0.802833378,-0.568015695,-0.236390337,4.584352016,12.531428337,-18.460895538,3.066010475,-1.672709703,-1.256306648,1.314718008,-0.040797412,0.399926037,-0.577225029,-2.844775677,-1.132571340,-1.678256154,-2.670615196,0.762408018,-0.707822502,-0.579221666
663,13259.989,1786880173916.604,14961734.540,0.000000000,14.794543266,-4.664696217,3.056264162,-18.484094620,-9.083753586,-5.592467308,-3.931197643,0.113933697,3.255640268,-14.178175926,-0.809301317,-0.188816875,1.095098734,7.349750042,-12.748467445,3.036009789,-0.553253412,-0.936404467,1.255239010,-0.002887931,0.700620830,-0.158012792,-3.113090277,-1.314215660,-1.767899156,-2.817835093,0.652411044,-0.593322575,-0.552578390
664,13279.988,1786880173936.604,14961754.539,0.000000000,28.471525192,-1.149705887,-6.298735142,11.255122185,-1.071941972,-0.977237165,-32.464210510,-9.026079178,7.448026180,-27.097940445,-1.475843787,-0.223546699,-8.467064857,2.699561357,1.308097839,-0.103341222,1.648150325,-0.669127584,0.934711814,-0.007574242,0.718399048,-0.244689494,-2.288519859,-1.743796825,-2.339211941,-2.130352974,0.672340393,-0.417863280,-0.593254685
665,13299.987,1786880173956.603,14961774.538,0.000000000,24.624452591,4.298545837,-9.799919128,14.803547859,1.407967329,0.103827834,-36.414798737,-8.264250755,14.761078835,-109.698364258,-23.701543808,-2.540638924,-9.554348946,-0.000232865,6.422222614,-1.471983552,3.615422010,0.122563407,1.983810425,0.071946822,1.503494740,-0.177196309,-0.366472274,-2.027489424,-2.255388260,-1.182339549,0.502639651,-0.073572643,-0.434781700
666,13319.987,1786880173976.603,14961794.538,0.000000000,20.809179306,1.834167957,-12.201545715,7.307837009,0.410552561,0.603485405,-40.353786469,-8.418094635,26.084478378,-131.326507568,-25.382623672,-3.012248755,-5.166523933,-9.735291481,6.242346287,-0.887111962,5.916363239,2.160276413,2.753489494,0.006572749,1.901411414,0.364608735,-0.044223111,-1.903791189,-1.637025714,-1.532013655,0.369484365,-0.139069825,-0.248810008
667,13339.987,1786880173996.603,14961814.538,0.000000000,20.448102951,2.238643646,-12.629797935,17.335680008,1.580627561,0.831676543,-37.905845642,-17.341184616,31.612369537,-139.000000000,-26.567285538,-3.827592611,-1.007391214,-16.113887787,4.530711651,-0.583469033,6.023384571,3.114948511,1.898813963,-0.370742887,1.111703396,0.747418940,-0.967311561,-1.916403174,-1.383138299,-3.108006477,0.165824994,-0.542670965,-0.356225044
668,13359.987,1786880174016.603,14961834.537,0.000000000,22.543848038,4.238714218,-13.360055923,22.778575897,2.358301163,0.681619048,-37.293254852,-22.344589233,33.039001465,-139.000000000,-26.005218506,-4.777143002,1.102889538,-16.784568787,2.136573553,-0.554095149,5.605652809,2.922879696,2.908673048,-0.246174619,2.327276230,0.981125593,-3.061565876,-1.599592566,-1.686386585,-4.025056362,0.140641585,-0.683299303,-0.396054029
669,13379.990,1786880174036.606,14961854.541,0.000000000,20.745637894,7.896929264,-10.354136467,14.274401665,0.763740778,0.468182713,-37.279323578,-26.333784103,28.981941223,-134.435806274,-25.269205093,-5.525916576,-0.445790738,-13.656214714,0.486821771,-0.227279082,5.117142677,2.462737560,1.995392919,-0.781716466,1.139768124,0.819326699,-4.102745056,-1.537997484,-2.322579384,-4.558577061,0.329101294,-0.795561552,-0.619288027
670,13399.989,1786880174056.604,14961874.540,0.000000000,15.588372231,2.408862829,-3.867974997,5.936333179,-0.130818278,0.148333102,-32.146858215,-18.442687988,20.512010574,-116.506042480,-23.092931747,-5.615727425,-1.971655488,-5.172661304,0.837469041,-0.829095602,4.531454563,2.103710890,0.339662135,1.014488816,1.743816257,1.100115538,-4.871287346,-1.775878906,-2.912856817,-4.436991215,0.452736259,-0.776709855,-0.837606370
671,13419.988,1786880174076.604,14961894.539,0.000000000,6.606186867,0.470598400,1.897423387,-4.423616886,-1.203755617,-0.289775282,-22.610395432,-11.429454803,10.823093414,-72.153190613,-15.310090065,-3.483599186,0.690388143,3.635452509,2.334124327,-0.245114177,3.260432243,1.340265393,-0.552911103,0.354492456,0.340814024,0.399292976,-6.238965034,-1.948736191,-2.754844904,-3.594155788,0.520825982,-0.664239883,-0.875350952
672,13439.988,1786880174096.604,14961914.539,0.000000000,2.642380476,3.398107767,10.372566223,-19.831012726,-8.257819176,1.035687685,10.673551559,-0.586143494,-5.643328190,30.121288300,0.891177475,-0.017434983,9.047257423,13.636303902,-7.251367092,1.898642659,-0.853223801,-0.647526145,-1.443969727,-0.141666278,-0.353675216,-0.095591716,-6.258297920,-1.622050762,-1.702493787,-3.217046499,1.158351779,-0.625127971,-0.866064608
673,13459.989,1786880174116.605,14961934.540,0.000000000,-28.052316666,3.224077940,25.543325424,-97.863739014,-21.492277145,-2.629875898,39.709754944,5.211675644,-11.853310585,17.088691711,0.557053387,0.098356858,10.756295204,21.460681915,-17.777030945,4.650663376,-3.839262962,-1.609137297,-0.747451901,-0.176797807,-0.703187287,-0.323135138,-4.371984959,-0.614335418,-0.550699711,-3.816392422,1.132092118,-0.602707624,-1.172773242
674,13479.987,1786880174136.603,14961954.538,0.000000000,-29.262378693,-7.441930771,27.270845413,-103.538902283,-25.874080658,-3.273228645,33.355449677,10.509387970,-4.329368591,-1.711352825,-0.985802650,-0.052720044,1.918483734,23.891038895,-17.204076767,4.729718685,-3.587698936,-1.508150697,-0.995796084,0.129747286,-0.878988564,-0.405345649,-4.177112103,0.156268701,-0.434388191,-4.258404732,0.612281382,-0.783483624,-1.106377125
675,13499.987,1786880174156.603,14961974.538,0.000000000,-10.099296570,-15.295575142,24.002807617,-78.934570312,-22.257982254,-9.160321236,6.966879368,12.161426544,1.328102350,-14.031729698,-1.028052807,-0.329739332,-5.066638947,25.447849274,-12.442426682,2.297008991,-1.724615216,-1.280376554,-2.406256914,0.193369925,-1.080270529,-0.303598374,-4.110382557,-0.996295571,-1.488680601,-3.728985310,0.526676476,-0.761641681,-1.021420956
676,13519.985,1786880174176.601,14961994.536,0.000000000,16.458246231,-9.876376152,14.538132668,-39.943229675,-13.793016434,-7.236386299,-19.355506897,7.014426708,-0.952105343,-10.926866531,-0.617296159,-0.260981858,-8.091470718,24.641496658,-7.540828705,-0.327966511,0.327068448,-0.619609654,-3.354377985,0.289489388,-1.442769647,-0.114245757,-3.552854776,-2.173924685,-2.472190619,-2.305068016,0.704065204,-0.348853052,-0.847835660
677,13539.989,1786880174196.605,14962014.540,0.000000000,31.433801651,-2.503146648,3.540337801,-14.988875389,-7.639406681,-4.978088379,-28.000160217,4.133362293,-5.628821373,-0.556815386,-0.434810281,-0.103062361,-9.681253433,21.941917419,-6.208238125,-2.123983383,1.472038746,0.108182937,-3.192624331,0.182775468,-1.560023189,0.002209486,-2.069934368,-2.276202202,-2.433331966,-0.937241554,0.645595551,-0.050186060,-0.644507587
678,13559.989,1786880174216.605,14962034.540,0.000000000,33.095382690,-0.987194598,0.876556218,0.857569873,-2.857968569,-2.873429060,-26.798299789,-8.075938225,1.242417932,-40.583545685,-14.383653641,10.963704109,-8.912761688,14.214226723,-4.276093483,-3.095959425,2.726436853,0.576461434,-3.246959209,0.484281689,-1.356929064,-0.077450082,-0.606915534,-1.950093985,-1.807530999,0.066020057,0.453271955,0.308081955,-0.406499237
679,13579.989,1786880174236.604,14962054.539,0.000000000,15.624819756,5.601310730,-4.090287209,-0.198280588,-1.478248835,-1.242550850,-14.655706406,-10.001412392,21.639677048,-108.827644348,-20.887058258,0.154941261,-2.735561132,1.663102627,-10.452728271,-2.074611902,3.394006729,1.188591003,-2.582176685,0.262131840,-1.393271923,0.074042931,-0.179586470,-1.592958689,-0.974803805,-0.359257966,0.003065557,0.184094369,-0.175954610
680,13599.988,1786880174256.604,14962074.539,0.000000000,11.666691780,2.980180979,-8.696579933,6.167053223,-0.136805281,-0.089927308,-7.726315498,-13.605450630,38.966709137,-127.695526123,-24.426919937,-0.003521737,0.185837433,-12.774098396,-15.652339935,-2.565193176,3.578317404,2.318982124,-1.740355611,0.081567816,-1.204206705,0.423364788,-1.604219317,-1.356747270,-1.037615895,-2.168171406,-0.115301333,-0.064653672,-0.071328886
681,13619.989,1786880174276.605,14962094.540,0.000000000,8.382760048,5.063689232,-9.908201218,14.391592979,1.369147420,0.608280659,-2.100773811,-18.056720734,43.526397705,-135.076065063,-25.552240372,-0.010989382,1.791548371,-20.503543854,-17.351055145,-3.387514591,3.403478861,2.397105932,-2.087579012,-0.144237146,-1.045172215,0.486425489,-3.879685402,-1.420715332,-1.511277318,-4.292238235,-0.022067109,-0.608038425,-0.183554709
682,13639.988,1786880174296.604,14962114.539,0.000000000,5.039863110,7.016641140,-7.784903049,9.493254662,0.784533858,0.383663177,-4.964769840,-19.686594009,37.407070160,-127.138237000,-22.632698059,-0.743105173,-0.973597229,-20.200069427,-13.692778587,-4.551862717,3.024524450,1.775311351,-2.266636372,-0.100725040,-1.075424194,0.522451878,-6.449730396,-2.079607487,-2.885201693,-5.727730274,0.256499827,-1.045447469,-0.428694814
683,13659.987,1786880174316.603,14962134.538,0.000000000,7.910331249,3.657908440,-4.665785313,13.984531403,0.527779579,-0.084093235,-15.281748772,-17.705598831,26.136568069,-111.966842651,-19.566413879,-0.610996306,-3.602577686,-14.659398079,-6.828909874,-5.575707912,2.411158085,1.217982054,-3.117216110,0.133411154,-1.085705638,0.387251109,-7.409734726,-2.566319227,-3.794843912,-5.432254314,0.346386343,-1.000595927,-0.742990792
684,13679.990,1786880174336.606,14962154.541,0.000000000,14.379456520,2.543812275,-2.659311295,20.348667145,1.169825912,-0.180035949,-25.347681046,-14.913951874,16.121515274,-87.765472412,-16.734359741,-0.222696796,-3.046463728,-7.530925274,-1.219261289,-6.542021751,1.585750461,0.948635638,-4.442939758,0.542909026,-1.198184848,0.181784689,-7.473951340,-2.376322031,-3.906903744,-4.457795143,0.584360003,-0.617359698,-0.964069843
685,13699.989,1786880174356.605,14962174.540,0.000000000,11.374122620,4.765454292,-3.197227001,-1.685756087,-0.645509720,-0.166514486,-20.010560989,-4.630345345,1.346389532,-27.106609344,-6.936016560,2.279655933,-0.769383192,3.622088432,-0.248017207,-5.498882771,-0.279124767,0.256634921,-4.016822815,0.641978502,-1.059509158,-0.147797421,-6.987737179,-2.204298258,-3.134130716,-3.226936817,1.107286572,-0.517496765,-1.045902848
686,13719.989,1786880174376.605,14962194.540,0.000000000,-15.147424698,9.133039474,11.899536133,-20.760721207,-4.928513050,-1.042456508,38.624240875,12.079277039,-4.548667908,66.647926331,4.753464222,0.349608809,7.422233105,16.423919678,-9.608842850,-1.979752898,-2.940436363,-1.285471797,-2.812736988,0.498635858,-0.731158793,-0.588926256,-4.941425800,-1.971358895,-1.884082079,-2.378804684,1.176159620,-0.409522891,-1.097440124
687,13739.987,1786880174396.603,14962214.538,0.000000000,-36.888511658,3.088935375,34.005485535,-108.027442932,-24.018255234,-5.575190067,36.339023590,6.653751373,-10.836824417,-13.013268471,-2.681370497,-0.089659721,11.619345665,17.291690826,-12.581986427,2.627226353,-5.307764053,-1.998438358,-0.552001595,0.025194151,-0.563801289,-0.460037172,-3.968027353,0.009505489,-0.157603592,-3.034938335,0.869890213,-0.368306786,-1.239089131
688,13759.987,1786880174416.603,14962234.538,0.000000000,-23.453950882,-16.775846481,32.625228882,-109.271751404,-29.832563400,-15.701516151,22.296545029,17.315525055,-10.020877838,-10.983654976,-0.361414045,0.084927447,2.490787506,15.899240494,-14.555854797,3.267497301,-5.391195297,-2.441222191,-1.355040908,-0.021350244,-0.492896140,-0.286494046,-4.415633202,0.043499678,-0.269720703,-4.673054218,0.616898060,-1.044602513,-0.835697234
689,13779.986,1786880174436.602,14962254.537,0.000000000,-0.443371892,-19.960968018,21.821680069,-59.271099091,-17.770343781,-10.024601936,-2.985698223,17.925100327,-6.538430691,-7.823164463,-0.324717551,-0.063357361,-0.487959713,19.441146851,-9.536422729,2.661094904,-3.737717390,-2.477375984,-1.544161558,0.139362350,-0.592966676,-0.350418061,-5.302343845,-1.790848374,-1.859628201,-3.581517696,0.580367744,-0.915219903,-0.785660625
690,13799.986,1786880174456.602,14962274.537,0.000000000,13.116152763,-8.530871391,4.680801868,2.751538515,-0.869445145,-0.196099222,-20.409101486,-1.955930829,3.982855320,-10.412430763,-0.818133593,-0.176794976,-2.572496891,16.749649048,-1.931955338,1.703901291,-0.389454693,-1.481577754,-0.373181790,0.080695070,-0.456061304,-0.252474457,-4.673207760,-1.794578433,-2.733138084,-1.420717955,0.621362090,-0.310032755,-0.637827575
691,13819.986,1786880174476.602,14962294.537,0.000000000,33.390090942,6.125773907,-15.847044945,26.439666748,3.486551523,1.401925087,-35.777217865,-14.785745621,4.486527920,-5.226000309,-0.953735530,-0.131206065,-8.633839607,9.461146355,4.006884575,-1.226650238,3.147474289,0.399317592,-0.139548630,-0.194306150,-0.311956942,-0.055936594,-2.565901756,-0.949105680,-2.987942934,-0.074511595,0.570556879,0.271123976,-0.523013592
692,13839.989,1786880174496.605,14962314.540,0.000000000,20.753536224,15.196934700,-16.621715546,6.533621788,0.245312646,0.621865332,-33.395744324,-19.195110321,10.837594986,-14.718339920,-12.239405632,-0.324092090,-14.947820663,6.885754585,8.829141617,-3.438658714,5.628168583,2.154402733,0.597536564,-0.341200799,-0.050754912,0.360181570,0.482106566,-1.610686183,-2.599157333,0.905376852,0.445867270,0.598244667,-0.538343370
693,13859.988,1786880174516.604,14962334.539,0.000000000,16.269191742,13.497558594,-18.652879715,13.445078850,2.994048595,1.903079391,-16.107519150,-12.033632278,24.256031036,-106.963890076,-21.951875687,0.339880317,-8.633515358,2.535644770,-1.077881694,-1.367934823,5.939689636,2.919957161,1.715233445,-0.752192199,0.145777389,0.676797688,3.800138235,-2.086830854,-1.054625750,2.243489742,-0.267437816,0.505043209,-0.134115174
694,13879.988,1786880174536.604,14962354.539,0.000000000,14.919145584,3.758718729,-8.511238098,3.868543863,0.708690345,0.471518844,-16.797988892,-15.764235497,34.490341187,-139.000000000,-25.123857498,2.405001402,5.980010986,-14.538535118,-10.193715096,0.335260421,6.513082981,3.730840206,-0.037354685,-0.597552299,-0.095364593,1.165165544,3.570825338,-2.671787500,0.329203844,0.806285560,-0.192817479,0.301901728,0.271738619
695,13899.987,1786880174556.603,14962374.538,0.000000000,11.667558670,-3.322458744,-9.878236771,23.617925644,3.052650213,1.512222171,-9.174316406,-13.419438362,41.216228485,-139.000000000,-26.621057510,1.196557164,9.240752220,-24.243936539,-10.060242653,-0.878815889,5.987842560,3.676966667,-1.055863023,-0.277713507,-0.582536578,1.257746935,-1.812566638,-3.580283642,-0.238020673,-1.905905962,-0.215803906,-0.386867821,0.427973211
696,13919.987,1786880174576.603,14962394.538,0.000000000,5.722695351,5.215838432,-9.708255768,14.415135384,0.791160166,0.420571685,-7.769701481,-20.423814774,42.018344879,-139.000000000,-24.503820419,-1.861426234,7.111083984,-24.700719833,-9.220189095,-3.575310230,5.330268860,2.616366148,-2.135571480,-0.254110187,-0.769268990,1.037248731,-7.256916046,-4.100328445,-2.481408358,-4.222167969,0.197565764,-0.885959685,0.017107336
697,13939.987,1786880174596.603,14962414.538,0.000000000,5.776919842,3.665978193,-8.582386971,7.703373909,0.337472796,0.293002635,-17.284425735,-21.845499039,29.905561447,-132.191772461,-23.782131195,-1.575843334,-1.145075917,-15.504132271,-6.112518787,-4.688842773,3.334484577,1.596568704,-2.218596697,-0.042378593,-0.771028817,0.683414996,-9.579757690,-4.319970608,-4.908818722,-5.017625809,0.483840823,-1.176282525,-0.534172118
698,13959.987,1786880174616.603,14962434.537,0.000000000,15.935252190,7.650893688,-10.274992943,17.360996246,1.022498846,0.022512613,-25.808511734,-22.536703110,19.411874771,-78.578681946,-15.077494621,-1.956675529,-1.313861251,-5.483946800,-2.288619041,-5.147819996,0.746306300,0.502960265,-3.713377476,-0.017054733,-0.693952680,0.195642158,-10.323996544,-4.562416077,-6.378761292,-4.288373470,1.203223109,-0.996254683,-1.056702375
699,13979.991,1786880174636.606,14962454.541,0.000000000,3.738273382,9.497550011,-6.288674355,-24.445165634,-1.864981413,-0.286432117,5.926003456,13.551724434,-9.677589417,47.920230865,2.358458757,-0.172341898,5.984250546,15.782823563,-8.535271645,-2.230681181,-3.518435478,-1.952537417,-4.039592266,0.315363884,-0.574984968,-0.801469564,-10.198987007,-6.053573608,-5.766021729,-2.578974485,1.945775151,-0.507265627,-1.513082266
700,13999.990,1786880174656.606,14962474.541,0.000000000,-9.048482895,0.402748108,36.048610687,-66.227340698,-16.995431900,-4.440178394,31.242057800,17.327722549,-18.550739288,26.415809631,1.433674097,0.391997576,8.830911636,22.939926147,-24.763095856,2.437657118,-7.650364399,-3.570709467,-3.388551712,0.288095385,-1.036172986,-0.990120947,-7.538756371,-3.122961044,-4.635941029,-3.710696220,0.955534756,-0.233634666,-1.682612419
701,14019.990,1786880174676.606,14962494.541,0.000000000,-12.146158218,-21.526655197,52.650959015,-119.363601685,-33.920513153,-16.841686249,24.220344543,21.059873581,-12.124226570,-14.330907822,-1.145856023,0.225387499,-3.202599049,24.240299225,-31.150875092,3.330505610,-9.747798920,-4.317110538,-2.758673429,0.206626013,-0.781541705,-1.192677498,-4.108322144,-1.397662878,-3.139013529,-4.966971397,1.155617952,-0.685671687,-1.792165995
702,14039.988,1786880174696.604,14962514.539,0.000000000,-14.614045143,-30.610925674,42.425048828,-54.117465973,-9.253594398,-2.565770388,10.000187874,20.276262283,-1.110966563,-14.577128410,-0.766514003,-0.177053556,-6.947470188,28.152122498,-25.248609543,2.150667906,-10.254850388,-4.298715115,-3.260381699,-0.029239543,-0.626599133,-0.951358497,-3.062475681,-2.629445076,-3.248947859,-4.585607052,0.876934767,-1.186232567,-1.532680631
703,14059.987,1786880174716.603,14962534.538,0.000000000,2.902361631,-17.944089890,17.907123566,7.647327423,0.192955419,-0.345188320,-4.529550552,-4.294589043,11.583605766,-12.874827385,-0.473538846,-0.390415549,3.722286463,17.194461823,-13.698429108,3.046757221,-5.216337681,-2.655688286,-0.222218752,-0.474281549,-0.039766274,-0.343162894,-4.694198608,-3.534857512,-3.869278908,-1.412634373,0.762247503,-0.340328902,-0.938173652
704,14079.987,1786880174736.603,14962554.538,0.000000000,8.887328148,14.331155777,-22.763162613,13.494802475,1.231847286,0.964062393,-17.815057755,-19.988807678,8.723855972,-3.915791988,-0.634253263,-0.232144699,4.111886024,-0.975369871,9.158689499,1.020536304,1.987438798,-0.163529783,2.205695629,-0.519016147,0.595945537,0.138152838,-7.094310760,-3.399011612,-3.921766758,0.606767952,0.616409898,0.410243988,-0.410034359
705,14099.988,1786880174756.604,14962574.539,0.000000000,6.985022545,25.118129730,-22.189455032,7.838726997,-2.244729042,0.827575266,-34.364494324,-24.687715530,-0.615459979,-22.583833694,-3.053401232,0.535528779,-16.952127457,-1.196688771,24.433132172,-4.641137123,8.330597878,2.435704947,3.135081530,0.137152687,0.771355152,0.689341009,-5.409049511,-4.498638153,-4.051655293,2.259459257,1.072704911,0.709316015,-0.399447769
706,14119.987,1786880174776.602,14962594.537,0.000000000,3.548111439,16.597190857,-9.365259171,1.813536167,-1.467354178,0.339350820,-36.143230438,-11.810438156,8.896297455,-40.143360138,7.682228088,-1.505904078,-30.223466873,10.783557892,22.063817978,-7.939025879,10.815224648,4.293529034,1.983355761,0.307873309,0.500037491,1.051937222,0.171205863,-4.861425400,-3.834854364,2.889549017,0.473709553,0.977812231,-0.874686241
707,14139.990,1786880174796.606,14962614.540,0.000000000,7.040558815,8.135701180,-0.390431076,4.825145245,0.171172738,0.107665293,-35.962959290,-3.665348530,27.607795715,-97.453399658,2.493010283,-7.912235260,-23.218702316,21.542284012,15.393431664,-9.391929626,11.371826172,4.785827637,-1.134195924,0.630707026,-0.619862735,1.401665449,3.615097046,-3.663692474,-1.744986653,0.985061884,0.446468621,0.538540065,-0.807918549
708,14159.989,1786880174816.604,14962634.539,0.000000000,1.856956959,-8.091956139,0.046717279,18.730234146,4.969885826,2.285037756,-15.362842560,-1.981037855,50.200210571,-134.619079590,-22.292100906,-6.715205669,1.519877315,10.819550514,-4.376636028,-6.640606880,10.309094429,4.615327835,-4.782835484,0.214107543,-2.016108513,1.366757989,3.362992764,-1.299315929,0.496888846,0.465019494,0.151581973,-0.093892731,-0.067844346
709,14179.988,1786880174836.604,14962654.539,0.000000000,3.074263334,-3.746253967,-10.092629433,29.879102707,6.162938595,1.738127708,18.528537750,-15.764510155,63.791057587,-139.000000000,-27.361103058,-8.062120438,34.853946686,-27.116798401,-18.015207291,-3.007922888,5.235836506,3.783449411,-3.558037996,-0.743391991,-2.332048655,1.255804896,-1.593412995,-0.450529397,1.943259835,-1.370050430,-0.323001027,-0.093504608,0.987453043
710,14199.990,1786880174856.606,14962674.541,0.000000000,-7.069969654,-0.210733920,-14.179824829,-4.125618935,1.031387687,0.283337116,31.042797089,-11.563217163,45.185894012,-134.524673462,-26.357303619,-10.823627472,29.508028030,-41.546108246,-18.018974304,0.102595158,-0.788827240,1.411461473,0.989438117,-0.361812234,-1.136360526,0.905447125,-7.127687454,-2.178632736,0.844755769,-3.552659273,-0.483438283,-0.488184422,1.287731886
711,14219.987,1786880174876.603,14962694.538,0.000000000,-11.660060883,-3.086395264,-6.524066448,-11.698994637,-0.741323888,-0.134940878,20.180467606,-9.117221832,17.322252274,-105.705368042,-22.434186935,-10.366440773,14.203429222,-28.307203293,-7.646225452,3.529706955,-5.622907162,-1.532233834,2.718165398,-0.640345931,0.680355310,0.275282204,-8.944849014,-7.786896229,-3.911391973,-4.281229973,-0.091494679,-1.185335159,0.444202065
712,14239.987,1786880174896.603,14962714.538,0.000000000,-3.076120853,-4.540589809,-4.888242245,1.636615872,-0.958575308,1.362333655,0.437746972,0.735441029,-10.508090019,-35.579658508,-10.433629036,-4.776057243,12.210757256,-21.053535461,8.347474098,6.202503204,-2.259680748,0.545892656,15.134018898,0.329429328,4.072872162,-0.299475640,-10.655681610,-11.732349396,-7.432161331,-2.268335819,0.430342048,-0.598091900,-1.031252027
713,14259.987,1786880174916.603,14962734.538,0.000000000,1.367783666,0.110216133,-9.440558434,-1.417724848,0.362690330,0.315076619,12.660908699,29.134904861,-35.033409119,54.353816986,3.093073368,0.638309777,14.826220512,-26.077955246,4.530877113,10.150671005,2.505605221,1.959087372,17.357528687,-0.883646727,5.000000000,1.342652321,-10.110915184,-11.725308418,-9.261530876,0.139054075,0.964962363,0.870464385,-2.043440104
714,14279.986,1786880174936.602,14962754.537,0.000000000,-0.194220170,-12.716227531,9.555765152,-3.634389162,-1.239222765,0.159062788,19.669862747,30.855510712,-21.332315445,22.441001892,1.734626889,0.528272569,0.887070060,-27.180515289,0.082514346,10.277287483,6.274146080,3.526141167,19.551914215,-1.489572167,5.000000000,3.068468571,-6.628523827,-10.630886078,-9.072404861,-0.488708019,1.430310965,1.080736518,-2.822136402
715,14299.986,1786880174956.602,14962774.537,0.000000000,-6.516991138,-8.972145081,9.260201454,6.551557064,0.261273831,-0.287364095,8.926853180,3.953883886,13.022002220,-24.950626373,-2.309265614,-0.589099586,-6.013868332,-15.066735268,7.329934597,10.114473343,8.018910408,4.261170387,19.336559296,-2.553532600,5.000000000,4.700564861,-2.243678570,-9.814431190,-7.448474884,-1.346317887,1.635478139,0.420960456,-2.674170732
716,14319.985,1786880174976.601,14962794.536,0.000000000,-18.827732086,2.769953489,-3.504564047,2.587337971,-0.116096504,0.374000460,-3.805495262,-25.541669846,31.816490173,-62.833251953,-4.358090401,-1.308906913,-9.880209923,7.191778660,16.676877975,9.728820801,9.705497742,3.880626440,18.252731323,-2.339648962,5.000000000,4.916759014,-0.649352491,-9.063059807,-6.322988510,-0.918700337,1.868109107,-0.076127023,-2.101900339
717,14339.996,1786880174996.612,14962814.547,0.000000000,-27.127109528,12.726995468,-15.834736824,-3.939718962,-0.441170305,0.022624405,-5.956446648,-37.338745117,28.548852921,-37.640853882,-4.137627125,-0.963976026,2.147215605,21.168584824,16.097076416,11.052801132,10.678399086,5.192605495,14.805679321,-3.545307398,5.000000000,5.000000000,-0.873306394,-6.188780785,-4.130531311,-0.310599834,1.201236367,-0.609384120,-1.458173633
718,14359.988,1786880175016.604,14962834.539,0.000000000,-14.392618179,9.403871536,-16.366754532,-2.615607738,-0.056840137,0.022545049,-0.276643872,-18.902572632,9.030184746,-31.907674789,17.339553833,-2.918484211,19.384447098,13.740625381,4.121189117,14.531804085,15.249194145,5.068969250,18.330926895,-2.389836311,5.000000000,0.765499115,-3.267998219,-0.433760524,-1.624837399,-0.314195901,0.599699974,-0.858730555,-0.832160890
